dataset,model,layer,residualization_variant,formula,direction,splits,test_speakers_N,chance_R1,R1_mean,R1_std,R1_CI_low,R1_CI_high,R5_mean,MRR_mean,delta_R1_vs_raw_mean,delta_R1_vs_raw_CI_low,delta_R1_vs_raw_CI_high,mode_AUC_mean,notes
JVS_JVSMuSiC,acoustic,frame25ms_hop20ms,raw,raw,S->G,20,20,0.05,0.12250000000000001,0.0558457697592217,0.05,0.2,0.42750000000000005,0.2851816169404211,0.0,0.0,0.0,0.9832562499999999,expanded_jvs_audit
JVS_JVSMuSiC,acoustic,frame25ms_hop20ms,raw,raw,G->S,20,20,0.05,0.195,0.04716990566028302,0.12375,0.27624999999999994,0.575,0.3632947859781258,0.0,0.0,0.0,0.9832562499999999,expanded_jvs_audit
JVS_JVSMuSiC,acoustic,frame25ms_hop20ms,center_only_classic,classic,S->G,20,20,0.05,0.14750000000000002,0.07327175444876423,0.05,0.27624999999999994,0.52,0.3330028818683036,0.024999999999999994,-0.1,0.17624999999999993,0.9832562499999999,expanded_jvs_audit
JVS_JVSMuSiC,acoustic,frame25ms_hop20ms,center_only_classic,classic,G->S,20,20,0.05,0.1325,0.05760859310901456,0.05,0.25,0.36250000000000004,0.2724594058869407,-0.06250000000000001,-0.2,0.026249999999999923,0.9832562499999999,expanded_jvs_audit
JVS_JVSMuSiC,acoustic,frame25ms_hop20ms,mode_dummy_only,mean_preserving,S->G,20,20,0.05,0.255,0.09473647660748208,0.05,0.40249999999999986,0.605,0.4184458037877155,0.1325,-0.05,0.3,0.4623875,expanded_jvs_audit
JVS_JVSMuSiC,acoustic,frame25ms_hop20ms,mode_dummy_only,mean_preserving,G->S,20,20,0.05,0.26499999999999996,0.07762087348130012,0.12375,0.4,0.655,0.4460795392687807,0.07,-0.05000000000000002,0.22624999999999992,0.4623875,expanded_jvs_audit
JVS_JVSMuSiC,acoustic,frame25ms_hop20ms,mode_dummy_only,classic,S->G,20,20,0.05,0.205,0.06689544080129826,0.07375000000000001,0.32624999999999993,0.5675000000000001,0.37761016581672535,0.08249999999999999,-0.05000000000000001,0.25,0.4623875,expanded_jvs_audit
JVS_JVSMuSiC,acoustic,frame25ms_hop20ms,mode_dummy_only,classic,G->S,20,20,0.05,0.225,0.06224949798994366,0.15,0.35,0.595,0.3982400642121036,0.029999999999999992,-0.09999999999999999,0.19999999999999998,0.4623875,expanded_jvs_audit
JVS_JVSMuSiC,acoustic,frame25ms_hop20ms,acoustic_full_no_mode,mean_preserving,S->G,20,20,0.05,0.15250000000000002,0.06609652033201142,0.05,0.27624999999999994,0.4450000000000001,0.310340989001109,0.03,-0.1,0.20249999999999987,0.6144124999999999,expanded_jvs_audit
JVS_JVSMuSiC,acoustic,frame25ms_hop20ms,acoustic_full_no_mode,mean_preserving,G->S,20,20,0.05,0.175,0.05590169943749474,0.07375000000000001,0.27624999999999994,0.53,0.34765291891201333,-0.02,-0.1,0.12624999999999992,0.6144124999999999,expanded_jvs_audit
JVS_JVSMuSiC,acoustic,frame25ms_hop20ms,acoustic_full_no_mode,classic,S->G,20,20,0.05,0.17500000000000002,0.06224949798994366,0.07375000000000001,0.27624999999999994,0.45500000000000007,0.3246828721029572,0.05249999999999999,-0.12625,0.15000000000000002,0.6144124999999999,expanded_jvs_audit
JVS_JVSMuSiC,acoustic,frame25ms_hop20ms,acoustic_full_no_mode,classic,G->S,20,20,0.05,0.155,0.0687386354243376,0.05,0.25,0.45999999999999996,0.31688500896463356,-0.039999999999999994,-0.17625,0.05,0.6144124999999999,expanded_jvs_audit
JVS_JVSMuSiC,acoustic,frame25ms_hop20ms,acoustic_full_plus_mode,mean_preserving,S->G,20,20,0.05,0.1575,0.08699856320652659,0.023750000000000004,0.3,0.42000000000000004,0.29649587026105995,0.034999999999999996,-0.1,0.22624999999999992,0.48873749999999994,expanded_jvs_audit
JVS_JVSMuSiC,acoustic,frame25ms_hop20ms,acoustic_full_plus_mode,mean_preserving,G->S,20,20,0.05,0.17500000000000002,0.07984359711335656,0.023750000000000004,0.27624999999999994,0.47750000000000015,0.3347142554942478,-0.02,-0.17625000000000002,0.12624999999999992,0.48873749999999994,expanded_jvs_audit
JVS_JVSMuSiC,acoustic,frame25ms_hop20ms,acoustic_full_plus_mode,classic,S->G,20,20,0.05,0.1575,0.06571719714047458,0.05,0.25,0.4425,0.3095460493990873,0.03499999999999999,-0.15000000000000002,0.17624999999999993,0.48873749999999994,expanded_jvs_audit
JVS_JVSMuSiC,acoustic,frame25ms_hop20ms,acoustic_full_plus_mode,classic,G->S,20,20,0.05,0.17000000000000004,0.06403124237432849,0.05,0.25,0.4725,0.3275757468902786,-0.025,-0.12625,0.05000000000000002,0.48873749999999994,expanded_jvs_audit
JVS_JVSMuSiC,acoustic,frame25ms_hop20ms,single_group_f0,mean_preserving,S->G,20,20,0.05,0.10250000000000001,0.07154544010627092,0.0,0.2,0.38249999999999995,0.2606821770850408,-0.019999999999999997,-0.15000000000000002,0.07624999999999993,0.9844375000000001,expanded_jvs_audit
JVS_JVSMuSiC,acoustic,frame25ms_hop20ms,single_group_f0,mean_preserving,G->S,20,20,0.05,0.14250000000000002,0.0694172168845741,0.05,0.3,0.49499999999999983,0.3166674903184191,-0.052500000000000005,-0.2025,0.07624999999999992,0.9844375000000001,expanded_jvs_audit
JVS_JVSMuSiC,acoustic,frame25ms_hop20ms,single_group_energy,mean_preserving,S->G,20,20,0.05,0.2,0.0670820393249937,0.07375000000000001,0.3,0.48999999999999994,0.34759770833097076,0.0775,-0.05000000000000002,0.2,0.8191374999999999,expanded_jvs_audit
JVS_JVSMuSiC,acoustic,frame25ms_hop20ms,single_group_energy,mean_preserving,G->S,20,20,0.05,0.1975,0.05584576975922169,0.07375000000000001,0.27624999999999994,0.5774999999999999,0.3753487116169005,0.0024999999999999996,-0.15000000000000002,0.1,0.8191374999999999,expanded_jvs_audit
JVS_JVSMuSiC,acoustic,frame25ms_hop20ms,single_group_duration,mean_preserving,S->G,20,20,0.05,0.23000000000000004,0.07483314773547882,0.07375000000000001,0.32624999999999993,0.575,0.3979490625795773,0.1075,-0.02625,0.25,0.6212875,expanded_jvs_audit
JVS_JVSMuSiC,acoustic,frame25ms_hop20ms,single_group_duration,mean_preserving,G->S,20,20,0.05,0.2625,0.08347903928532,0.15,0.42624999999999996,0.6549999999999999,0.4385104847100784,0.0675,-0.05000000000000002,0.25,0.6212875,expanded_jvs_audit
JVS_JVSMuSiC,acoustic,frame25ms_hop20ms,single_group_voicing,mean_preserving,S->G,20,20,0.05,0.12250000000000001,0.0558457697592217,0.05,0.2,0.42750000000000005,0.2851816169404211,0.0,0.0,0.0,0.9832562499999999,expanded_jvs_audit
JVS_JVSMuSiC,acoustic,frame25ms_hop20ms,single_group_voicing,mean_preserving,G->S,20,20,0.05,0.195,0.04716990566028302,0.12375,0.27624999999999994,0.575,0.3632947859781258,0.0,0.0,0.0,0.9832562499999999,expanded_jvs_audit
JVS_JVSMuSiC,acoustic,frame25ms_hop20ms,full_minus_f0,mean_preserving,S->G,20,20,0.05,0.17750000000000002,0.08287792227125387,0.04750000000000001,0.32624999999999993,0.5475000000000001,0.3517883244099381,0.05499999999999999,-0.1,0.25249999999999984,0.6244687499999999,expanded_jvs_audit
JVS_JVSMuSiC,acoustic,frame25ms_hop20ms,full_minus_f0,mean_preserving,G->S,20,20,0.05,0.24250000000000002,0.08982622111610843,0.12375,0.42624999999999996,0.5900000000000001,0.4086673479491784,0.047499999999999994,-0.07625000000000001,0.25,0.6244687499999999,expanded_jvs_audit
JVS_JVSMuSiC,acoustic,frame25ms_hop20ms,full_minus_energy,mean_preserving,S->G,20,20,0.05,0.1975,0.06609652033201142,0.1,0.3,0.5225,0.35747025926215165,0.07500000000000001,-0.05000000000000002,0.19999999999999998,0.6297624999999999,expanded_jvs_audit
JVS_JVSMuSiC,acoustic,frame25ms_hop20ms,full_minus_energy,mean_preserving,G->S,20,20,0.05,0.2225,0.06417748826496718,0.15,0.32624999999999993,0.6050000000000001,0.39627635250671245,0.027500000000000004,-0.05000000000000002,0.12624999999999992,0.6297624999999999,expanded_jvs_audit
JVS_JVSMuSiC,acoustic,frame25ms_hop20ms,full_minus_duration,mean_preserving,S->G,20,20,0.05,0.11500000000000002,0.052678268764263694,0.05,0.2,0.365,0.2637998856900753,-0.007500000000000007,-0.15000000000000002,0.1,0.8305875,expanded_jvs_audit
JVS_JVSMuSiC,acoustic,frame25ms_hop20ms,full_minus_duration,mean_preserving,G->S,20,20,0.05,0.11499999999999999,0.05722761571129798,0.023750000000000004,0.2,0.4200000000000001,0.27058950804742216,-0.08,-0.2,0.05000000000000002,0.8305875,expanded_jvs_audit
JVS_JVSMuSiC,acoustic,frame25ms_hop20ms,full_minus_voicing,mean_preserving,S->G,20,20,0.05,0.15250000000000002,0.06609652033201142,0.05,0.27624999999999994,0.4450000000000001,0.310340989001109,0.03,-0.1,0.20249999999999987,0.6144124999999999,expanded_jvs_audit
JVS_JVSMuSiC,acoustic,frame25ms_hop20ms,full_minus_voicing,mean_preserving,G->S,20,20,0.05,0.175,0.05590169943749474,0.07375000000000001,0.27624999999999994,0.53,0.34765291891201333,-0.02,-0.1,0.12624999999999992,0.6144124999999999,expanded_jvs_audit
JVS_JVSMuSiC,acoustic,frame25ms_hop20ms,row_shuffled_nuisance,mean_preserving,S->G,20,20,0.05,0.12999999999999998,0.057879184513951125,0.05,0.22624999999999992,0.44000000000000006,0.28413568268676626,0.007499999999999995,-0.05000000000000002,0.04999999999999999,0.98370625,expanded_jvs_audit
JVS_JVSMuSiC,acoustic,frame25ms_hop20ms,row_shuffled_nuisance,mean_preserving,G->S,20,20,0.05,0.17500000000000002,0.05123475382979799,0.1,0.25,0.5850000000000001,0.3494472821317829,-0.020000000000000004,-0.12625,0.04999999999999999,0.98370625,expanded_jvs_audit
JVS_JVSMuSiC,acoustic,frame25ms_hop20ms,random_gaussian_nuisance,mean_preserving,S->G,20,20,0.05,0.12999999999999998,0.062048368229954284,0.05,0.22624999999999992,0.425,0.28640903713804255,0.007499999999999995,-0.05000000000000002,0.1,0.9831999999999999,expanded_jvs_audit
JVS_JVSMuSiC,acoustic,frame25ms_hop20ms,random_gaussian_nuisance,mean_preserving,G->S,20,20,0.05,0.165,0.04769696007084729,0.1,0.25,0.5549999999999999,0.34407700376034356,-0.030000000000000006,-0.12874999999999998,0.0,0.9831999999999999,expanded_jvs_audit
JVS_JVSMuSiC,acoustic,frame25ms_hop20ms,random_low_rank_projection,mean_preserving,S->G,20,20,0.05,0.07750000000000001,0.0402336923485777,0.0,0.15,0.32,0.2216563080237616,-0.045,-0.15000000000000002,0.05,0.9476312500000003,expanded_jvs_audit
JVS_JVSMuSiC,acoustic,frame25ms_hop20ms,random_low_rank_projection,mean_preserving,G->S,20,20,0.05,0.14500000000000002,0.06689544080129826,0.05,0.25,0.40499999999999997,0.2884379411223451,-0.05,-0.12625,0.07624999999999994,0.9476312500000003,expanded_jvs_audit
JVS_JVSMuSiC,ecapa,embedding,raw,raw,S->G,20,20,0.05,0.9875,0.021650635094610984,0.95,1.0,1.0,0.9929166666666667,0.0,0.0,0.0,0.9938625000000002,expanded_jvs_audit
JVS_JVSMuSiC,ecapa,embedding,raw,raw,G->S,20,20,0.05,0.9949999999999999,0.015000000000000015,0.95,1.0,1.0,0.9975000000000002,0.0,0.0,0.0,0.9938625000000002,expanded_jvs_audit
JVS_JVSMuSiC,ecapa,embedding,center_only_classic,classic,S->G,20,20,0.05,0.9925,0.01785357107135714,0.95,1.0,1.0,0.9958333333333332,0.0050000000000000044,0.0,0.050000000000000044,0.9938625000000002,expanded_jvs_audit
JVS_JVSMuSiC,ecapa,embedding,center_only_classic,classic,G->S,20,20,0.05,0.9949999999999999,0.015000000000000015,0.95,1.0,1.0,0.9975000000000002,0.0,0.0,0.0,0.9938625000000002,expanded_jvs_audit
JVS_JVSMuSiC,ecapa,embedding,mode_dummy_only,mean_preserving,S->G,20,20,0.05,0.9925,0.01785357107135714,0.95,1.0,1.0,0.9954166666666666,0.0050000000000000044,0.0,0.050000000000000044,0.4017875,expanded_jvs_audit
JVS_JVSMuSiC,ecapa,embedding,mode_dummy_only,mean_preserving,G->S,20,20,0.05,0.9949999999999999,0.015000000000000015,0.95,1.0,1.0,0.9975000000000002,0.0,0.0,0.0,0.4017875,expanded_jvs_audit
JVS_JVSMuSiC,ecapa,embedding,mode_dummy_only,classic,S->G,20,20,0.05,0.9925,0.01785357107135714,0.95,1.0,1.0,0.9958333333333332,0.0050000000000000044,0.0,0.050000000000000044,0.4017875,expanded_jvs_audit
JVS_JVSMuSiC,ecapa,embedding,mode_dummy_only,classic,G->S,20,20,0.05,0.9949999999999999,0.015000000000000015,0.95,1.0,1.0,0.9975000000000002,0.0,0.0,0.0,0.4017875,expanded_jvs_audit
JVS_JVSMuSiC,ecapa,embedding,acoustic_full_no_mode,mean_preserving,S->G,20,20,0.05,0.9925,0.01785357107135714,0.95,1.0,1.0,0.9958333333333332,0.0050000000000000044,-0.026250000000000023,0.050000000000000044,0.70938125,expanded_jvs_audit
JVS_JVSMuSiC,ecapa,embedding,acoustic_full_no_mode,mean_preserving,G->S,20,20,0.05,0.9924999999999999,0.01785357107135714,0.95,1.0,1.0,0.9962500000000001,-0.0025000000000000022,-0.026250000000000023,0.0,0.70938125,expanded_jvs_audit
JVS_JVSMuSiC,ecapa,embedding,acoustic_full_no_mode,classic,S->G,20,20,0.05,0.9925,0.01785357107135714,0.95,1.0,1.0,0.9962500000000001,0.0050000000000000044,-0.026250000000000023,0.050000000000000044,0.70938125,expanded_jvs_audit
JVS_JVSMuSiC,ecapa,embedding,acoustic_full_no_mode,classic,G->S,20,20,0.05,0.99,0.020000000000000018,0.95,1.0,1.0,0.9945833333333333,-0.0050000000000000044,-0.050000000000000044,0.0,0.70938125,expanded_jvs_audit
JVS_JVSMuSiC,ecapa,embedding,acoustic_full_plus_mode,mean_preserving,S->G,20,20,0.05,0.9925,0.01785357107135714,0.95,1.0,1.0,0.9958333333333332,0.0050000000000000044,-0.026250000000000023,0.050000000000000044,0.46330625000000014,expanded_jvs_audit
JVS_JVSMuSiC,ecapa,embedding,acoustic_full_plus_mode,mean_preserving,G->S,20,20,0.05,0.9924999999999999,0.01785357107135714,0.95,1.0,1.0,0.9962500000000001,-0.0025000000000000022,-0.026250000000000023,0.0,0.46330625000000014,expanded_jvs_audit
JVS_JVSMuSiC,ecapa,embedding,acoustic_full_plus_mode,classic,S->G,20,20,0.05,0.9925,0.01785357107135714,0.95,1.0,1.0,0.9962500000000001,0.0050000000000000044,-0.026250000000000023,0.050000000000000044,0.46330625000000014,expanded_jvs_audit
JVS_JVSMuSiC,ecapa,embedding,acoustic_full_plus_mode,classic,G->S,20,20,0.05,0.9924999999999999,0.01785357107135714,0.95,1.0,1.0,0.9962500000000001,-0.0025000000000000022,-0.026250000000000023,0.0,0.46330625000000014,expanded_jvs_audit
JVS_JVSMuSiC,ecapa,embedding,single_group_f0,mean_preserving,S->G,20,20,0.05,0.9925,0.023848480035423638,0.92375,1.0,1.0,0.9958333333333333,0.00500000000000001,-0.026249999999999964,0.050000000000000044,0.99181875,expanded_jvs_audit
JVS_JVSMuSiC,ecapa,embedding,single_group_f0,mean_preserving,G->S,20,20,0.05,0.9949999999999999,0.015000000000000015,0.95,1.0,1.0,0.9975000000000002,0.0,0.0,0.0,0.99181875,expanded_jvs_audit
JVS_JVSMuSiC,ecapa,embedding,single_group_energy,mean_preserving,S->G,20,20,0.05,0.9800000000000001,0.0244948974278318,0.95,1.0,1.0,0.9875,-0.007500000000000007,-0.050000000000000044,0.026249999999999954,0.8853062500000002,expanded_jvs_audit
JVS_JVSMuSiC,ecapa,embedding,single_group_energy,mean_preserving,G->S,20,20,0.05,0.9924999999999999,0.01785357107135714,0.95,1.0,1.0,0.9962500000000001,-0.0025000000000000022,-0.026250000000000023,0.0,0.8853062500000002,expanded_jvs_audit
JVS_JVSMuSiC,ecapa,embedding,single_group_duration,mean_preserving,S->G,20,20,0.05,0.99,0.020000000000000018,0.95,1.0,1.0,0.9941666666666666,0.0025000000000000022,0.0,0.026249999999999954,0.6778249999999999,expanded_jvs_audit
JVS_JVSMuSiC,ecapa,embedding,single_group_duration,mean_preserving,G->S,20,20,0.05,0.9949999999999999,0.015000000000000015,0.95,1.0,1.0,0.9975000000000002,0.0,0.0,0.0,0.6778249999999999,expanded_jvs_audit
JVS_JVSMuSiC,ecapa,embedding,single_group_voicing,mean_preserving,S->G,20,20,0.05,0.9875,0.021650635094610984,0.95,1.0,1.0,0.9929166666666667,0.0,0.0,0.0,0.9938625000000002,expanded_jvs_audit
JVS_JVSMuSiC,ecapa,embedding,single_group_voicing,mean_preserving,G->S,20,20,0.05,0.9949999999999999,0.015000000000000015,0.95,1.0,1.0,0.9975000000000002,0.0,0.0,0.0,0.9938625000000002,expanded_jvs_audit
JVS_JVSMuSiC,ecapa,embedding,full_minus_f0,mean_preserving,S->G,20,20,0.05,0.985,0.022912878474779224,0.95,1.0,1.0,0.9900833333333333,-0.0025000000000000022,-0.050000000000000044,0.050000000000000044,0.6408750000000001,expanded_jvs_audit
JVS_JVSMuSiC,ecapa,embedding,full_minus_f0,mean_preserving,G->S,20,20,0.05,0.985,0.02291287847477922,0.95,1.0,1.0,0.9925,-0.010000000000000009,-0.050000000000000044,0.0,0.6408750000000001,expanded_jvs_audit
JVS_JVSMuSiC,ecapa,embedding,full_minus_energy,mean_preserving,S->G,20,20,0.05,0.9949999999999999,0.015000000000000017,0.95,1.0,1.0,0.9970833333333333,0.007500000000000007,0.0,0.050000000000000044,0.7518875,expanded_jvs_audit
JVS_JVSMuSiC,ecapa,embedding,full_minus_energy,mean_preserving,G->S,20,20,0.05,0.9949999999999999,0.015000000000000015,0.95,1.0,1.0,0.9975000000000002,0.0,0.0,0.0,0.7518875,expanded_jvs_audit
JVS_JVSMuSiC,ecapa,embedding,full_minus_duration,mean_preserving,S->G,20,20,0.05,0.9925,0.01785357107135714,0.95,1.0,1.0,0.9958333333333332,0.0050000000000000044,-0.026250000000000023,0.050000000000000044,0.9367750000000001,expanded_jvs_audit
JVS_JVSMuSiC,ecapa,embedding,full_minus_duration,mean_preserving,G->S,20,20,0.05,0.9924999999999999,0.01785357107135714,0.95,1.0,1.0,0.9962500000000001,-0.0025000000000000022,-0.026250000000000023,0.0,0.9367750000000001,expanded_jvs_audit
JVS_JVSMuSiC,ecapa,embedding,full_minus_voicing,mean_preserving,S->G,20,20,0.05,0.9925,0.01785357107135714,0.95,1.0,1.0,0.9958333333333332,0.0050000000000000044,-0.026250000000000023,0.050000000000000044,0.70938125,expanded_jvs_audit
JVS_JVSMuSiC,ecapa,embedding,full_minus_voicing,mean_preserving,G->S,20,20,0.05,0.9924999999999999,0.01785357107135714,0.95,1.0,1.0,0.9962500000000001,-0.0025000000000000022,-0.026250000000000023,0.0,0.70938125,expanded_jvs_audit
JVS_JVSMuSiC,ecapa,embedding,row_shuffled_nuisance,mean_preserving,S->G,20,20,0.05,0.9824999999999999,0.023848480035423662,0.95,1.0,1.0,0.9899999999999999,-0.0050000000000000044,-0.050000000000000044,0.0,0.99378125,expanded_jvs_audit
JVS_JVSMuSiC,ecapa,embedding,row_shuffled_nuisance,mean_preserving,G->S,20,20,0.05,0.9949999999999999,0.015000000000000015,0.95,1.0,1.0,0.9975000000000002,0.0,0.0,0.0,0.99378125,expanded_jvs_audit
JVS_JVSMuSiC,ecapa,embedding,random_gaussian_nuisance,mean_preserving,S->G,20,20,0.05,0.9925,0.01785357107135714,0.95,1.0,1.0,0.9954166666666666,0.0050000000000000044,0.0,0.050000000000000044,0.9934875,expanded_jvs_audit
JVS_JVSMuSiC,ecapa,embedding,random_gaussian_nuisance,mean_preserving,G->S,20,20,0.05,0.9949999999999999,0.015000000000000015,0.95,1.0,1.0,0.9975000000000002,0.0,0.0,0.0,0.9934875,expanded_jvs_audit
JVS_JVSMuSiC,ecapa,embedding,random_low_rank_projection,mean_preserving,S->G,20,20,0.05,0.9875,0.021650635094610984,0.95,1.0,1.0,0.9929166666666667,0.0,-0.026250000000000023,0.026249999999999954,0.9261062499999999,expanded_jvs_audit
JVS_JVSMuSiC,ecapa,embedding,random_low_rank_projection,mean_preserving,G->S,20,20,0.05,0.9949999999999999,0.015000000000000015,0.95,1.0,1.0,0.9975000000000002,0.0,0.0,0.0,0.9261062499999999,expanded_jvs_audit
JVS_JVSMuSiC,hubert_l6,6,raw,raw,S->G,20,20,0.05,0.195,0.05678908345800273,0.12375,0.3024999999999998,0.51,0.35650110912049765,0.0,0.0,0.0,1.0,expanded_jvs_audit
JVS_JVSMuSiC,hubert_l6,6,raw,raw,G->S,20,20,0.05,0.2925,0.06378675411086537,0.2,0.4,0.6725,0.4604260390774516,0.0,0.0,0.0,1.0,expanded_jvs_audit
JVS_JVSMuSiC,hubert_l6,6,center_only_classic,classic,S->G,20,20,0.05,0.7325,0.10280442597476044,0.6,0.9024999999999999,0.9774999999999998,0.8366022727272728,0.5375,0.39999999999999997,0.7762499999999999,1.0,expanded_jvs_audit
JVS_JVSMuSiC,hubert_l6,6,center_only_classic,classic,G->S,20,20,0.05,0.2725,0.05356071321407137,0.2,0.35,0.6700000000000002,0.4478178029078764,-0.020000000000000004,-0.12625,0.04999999999999999,1.0,expanded_jvs_audit
JVS_JVSMuSiC,hubert_l6,6,mode_dummy_only,mean_preserving,S->G,20,20,0.05,0.6049999999999999,0.08499999999999998,0.45,0.7,0.8825,0.7192147637793923,0.41000000000000003,0.25,0.5762499999999999,0.46153750000000004,expanded_jvs_audit
JVS_JVSMuSiC,hubert_l6,6,mode_dummy_only,mean_preserving,G->S,20,20,0.05,0.7575000000000001,0.09522998477370456,0.62375,0.9,0.945,0.8364393393521684,0.46499999999999997,0.29999999999999993,0.7,0.46153750000000004,expanded_jvs_audit
JVS_JVSMuSiC,hubert_l6,6,mode_dummy_only,classic,S->G,20,20,0.05,0.82,0.09273618495495704,0.62375,0.9262499999999999,0.9875,0.8875328282828283,0.625,0.47374999999999995,0.75,0.46153750000000004,expanded_jvs_audit
JVS_JVSMuSiC,hubert_l6,6,mode_dummy_only,classic,G->S,20,20,0.05,0.7575000000000001,0.08842369591913699,0.57375,0.87625,0.945,0.8420396825396825,0.465,0.29750000000000004,0.6000000000000001,0.46153750000000004,expanded_jvs_audit
JVS_JVSMuSiC,hubert_l6,6,acoustic_full_no_mode,mean_preserving,S->G,20,20,0.05,0.395,0.10476163419878483,0.2,0.52625,0.6575,0.5195038091853107,0.2,-0.0024999999999999953,0.4,0.8891625,expanded_jvs_audit
JVS_JVSMuSiC,hubert_l6,6,acoustic_full_no_mode,mean_preserving,G->S,20,20,0.05,0.6250000000000001,0.11565033506220378,0.3975,0.8262499999999999,0.8575000000000002,0.7280093981203695,0.3325,0.0975,0.52625,0.8891625,expanded_jvs_audit
JVS_JVSMuSiC,hubert_l6,6,acoustic_full_no_mode,classic,S->G,20,20,0.05,0.6575,0.11098986440211557,0.445,0.8524999999999999,0.875,0.7569242371190901,0.4624999999999999,0.2,0.6787499999999999,0.8891625,expanded_jvs_audit
JVS_JVSMuSiC,hubert_l6,6,acoustic_full_no_mode,classic,G->S,20,20,0.05,0.6249999999999999,0.12298373876248843,0.3975,0.8262499999999999,0.8724999999999999,0.7321255455071245,0.33249999999999996,0.0975,0.5025,0.8891625,expanded_jvs_audit
JVS_JVSMuSiC,hubert_l6,6,acoustic_full_plus_mode,mean_preserving,S->G,20,20,0.05,0.40750000000000003,0.06179603547154139,0.32375,0.52625,0.6599999999999999,0.5339266941563768,0.21250000000000005,0.07375000000000001,0.3762499999999999,0.48142500000000005,expanded_jvs_audit
JVS_JVSMuSiC,hubert_l6,6,acoustic_full_plus_mode,mean_preserving,G->S,20,20,0.05,0.615,0.09886859966642594,0.45,0.77625,0.8525,0.7246107229651153,0.32250000000000006,0.15000000000000002,0.47624999999999995,0.48142500000000005,expanded_jvs_audit
JVS_JVSMuSiC,hubert_l6,6,acoustic_full_plus_mode,classic,S->G,20,20,0.05,0.6849999999999999,0.12658988901172163,0.42125,0.9024999999999999,0.8700000000000001,0.7702324208621615,0.48999999999999994,0.22375,0.7287499999999998,0.48142500000000005,expanded_jvs_audit
JVS_JVSMuSiC,hubert_l6,6,acoustic_full_plus_mode,classic,G->S,20,20,0.05,0.6425,0.10638961415476607,0.45,0.8524999999999999,0.8550000000000001,0.7460207971100967,0.3500000000000001,0.15000000000000002,0.5287499999999998,0.48142500000000005,expanded_jvs_audit
JVS_JVSMuSiC,hubert_l6,6,single_group_f0,mean_preserving,S->G,20,20,0.05,0.16999999999999998,0.07483314773547883,0.05,0.3024999999999998,0.425,0.31393862287738067,-0.024999999999999998,-0.12625,0.026249999999999923,1.0,expanded_jvs_audit
JVS_JVSMuSiC,hubert_l6,6,single_group_f0,mean_preserving,G->S,20,20,0.05,0.28500000000000003,0.10136567466356647,0.0975,0.45,0.575,0.4343802398474418,-0.007500000000000002,-0.2025,0.15000000000000002,1.0,expanded_jvs_audit
JVS_JVSMuSiC,hubert_l6,6,single_group_energy,mean_preserving,S->G,20,20,0.05,0.19,0.08306623862918074,0.07375000000000001,0.35,0.5924999999999999,0.37256885409052587,-0.005000000000000002,-0.20249999999999999,0.1762499999999999,0.9896687500000001,expanded_jvs_audit
JVS_JVSMuSiC,hubert_l6,6,single_group_energy,mean_preserving,G->S,20,20,0.05,0.30749999999999994,0.08554969316134337,0.17375000000000002,0.45249999999999985,0.7175,0.5008403620480826,0.014999999999999996,-0.2,0.17624999999999993,0.9896687500000001,expanded_jvs_audit
JVS_JVSMuSiC,hubert_l6,6,single_group_duration,mean_preserving,S->G,20,20,0.05,0.515,0.10259142264341595,0.2975,0.6762499999999999,0.835,0.6506980813733909,0.32,0.12125,0.5,0.9386812500000001,expanded_jvs_audit
JVS_JVSMuSiC,hubert_l6,6,single_group_duration,mean_preserving,G->S,20,20,0.05,0.6375000000000001,0.12636751956100112,0.35,0.8,0.8925000000000001,0.7459965492453883,0.34500000000000003,0.04999999999999999,0.5,0.9386812500000001,expanded_jvs_audit
JVS_JVSMuSiC,hubert_l6,6,single_group_voicing,mean_preserving,S->G,20,20,0.05,0.195,0.05678908345800273,0.12375,0.3024999999999998,0.51,0.35650110912049765,0.0,0.0,0.0,1.0,expanded_jvs_audit
JVS_JVSMuSiC,hubert_l6,6,single_group_voicing,mean_preserving,G->S,20,20,0.05,0.2925,0.06378675411086537,0.2,0.4,0.6725,0.4604260390774516,0.0,0.0,0.0,1.0,expanded_jvs_audit
JVS_JVSMuSiC,hubert_l6,6,full_minus_f0,mean_preserving,S->G,20,20,0.05,0.425,0.09552486587271401,0.27375,0.5762499999999999,0.7499999999999999,0.5685262745188248,0.22999999999999998,0.04999999999999999,0.45249999999999985,0.892,expanded_jvs_audit
JVS_JVSMuSiC,hubert_l6,6,full_minus_f0,mean_preserving,G->S,20,20,0.05,0.6825,0.08982622111610843,0.55,0.8262499999999999,0.8925000000000001,0.7753654972908068,0.39,0.22375,0.55,0.892,expanded_jvs_audit
JVS_JVSMuSiC,hubert_l6,6,full_minus_energy,mean_preserving,S->G,20,20,0.05,0.4425,0.11098986440211558,0.22375,0.6,0.75,0.5793915173234059,0.2475,0.05,0.4262499999999999,0.9382375000000002,expanded_jvs_audit
JVS_JVSMuSiC,hubert_l6,6,full_minus_energy,mean_preserving,G->S,20,20,0.05,0.5950000000000001,0.1368393218340401,0.32375,0.8,0.8125,0.6942711412791714,0.30250000000000005,0.023749999999999997,0.5,0.9382375000000002,expanded_jvs_audit
JVS_JVSMuSiC,hubert_l6,6,full_minus_duration,mean_preserving,S->G,20,20,0.05,0.1375,0.07048936089935842,0.05,0.25,0.47750000000000004,0.30579154998553215,-0.05750000000000001,-0.2525,0.1,0.9887312500000001,expanded_jvs_audit
JVS_JVSMuSiC,hubert_l6,6,full_minus_duration,mean_preserving,G->S,20,20,0.05,0.23249999999999998,0.09256754290786809,0.07375000000000001,0.40249999999999986,0.6075,0.4130839629604141,-0.06,-0.27625,0.12624999999999992,0.9887312500000001,expanded_jvs_audit
JVS_JVSMuSiC,hubert_l6,6,full_minus_voicing,mean_preserving,S->G,20,20,0.05,0.395,0.10476163419878483,0.2,0.52625,0.6575,0.5195038091853107,0.2,-0.0024999999999999953,0.4,0.8891625,expanded_jvs_audit
JVS_JVSMuSiC,hubert_l6,6,full_minus_voicing,mean_preserving,G->S,20,20,0.05,0.6250000000000001,0.11565033506220378,0.3975,0.8262499999999999,0.8575000000000002,0.7280093981203695,0.3325,0.0975,0.52625,0.8891625,expanded_jvs_audit
JVS_JVSMuSiC,hubert_l6,6,row_shuffled_nuisance,mean_preserving,S->G,20,20,0.05,0.1825,0.05760859310901456,0.1,0.27624999999999994,0.5025,0.349032164354823,-0.012499999999999999,-0.05000000000000002,0.07624999999999994,1.0,expanded_jvs_audit
JVS_JVSMuSiC,hubert_l6,6,row_shuffled_nuisance,mean_preserving,G->S,20,20,0.05,0.29000000000000004,0.06244997998398398,0.2,0.42624999999999996,0.6675000000000001,0.45518655342765235,-0.0025000000000000022,-0.07625000000000001,0.05000000000000002,1.0,expanded_jvs_audit
JVS_JVSMuSiC,hubert_l6,6,random_gaussian_nuisance,mean_preserving,S->G,20,20,0.05,0.18250000000000002,0.0597390157267426,0.07375000000000001,0.25,0.5,0.34623540004886755,-0.012499999999999995,-0.12624999999999997,0.05000000000000002,1.0,expanded_jvs_audit
JVS_JVSMuSiC,hubert_l6,6,random_gaussian_nuisance,mean_preserving,G->S,20,20,0.05,0.3175,0.06759252917297888,0.2,0.4,0.68,0.4741939060144362,0.025,-0.05000000000000002,0.10000000000000003,1.0,expanded_jvs_audit
JVS_JVSMuSiC,hubert_l6,6,random_low_rank_projection,mean_preserving,S->G,20,20,0.05,0.195,0.05678908345800273,0.12375,0.3024999999999998,0.51,0.3566605063001155,0.0,0.0,0.0,1.0,expanded_jvs_audit
JVS_JVSMuSiC,hubert_l6,6,random_low_rank_projection,mean_preserving,G->S,20,20,0.05,0.2925,0.061796035471541375,0.2,0.4,0.6699999999999999,0.4597138568560781,0.0,-0.026249999999999992,0.026249999999999923,1.0,expanded_jvs_audit
JVS_JVSMuSiC,hubert_l9,9,raw,raw,S->G,20,20,0.05,0.155,0.06103277807866851,0.07375000000000001,0.25,0.475,0.3153531581614979,0.0,0.0,0.0,1.0,expanded_jvs_audit
JVS_JVSMuSiC,hubert_l9,9,raw,raw,G->S,20,20,0.05,0.2325,0.05068283733178323,0.15,0.32624999999999993,0.6125,0.40321539136602985,0.0,0.0,0.0,1.0,expanded_jvs_audit
JVS_JVSMuSiC,hubert_l9,9,center_only_classic,classic,S->G,20,20,0.05,0.55,0.08803408430829505,0.4,0.6762499999999999,0.9400000000000001,0.7099761904761904,0.395,0.22375,0.55,1.0,expanded_jvs_audit
JVS_JVSMuSiC,hubert_l9,9,center_only_classic,classic,G->S,20,20,0.05,0.2425,0.06378675411086535,0.12375,0.35,0.5800000000000001,0.39974473325092524,0.009999999999999998,-0.05,0.09999999999999999,1.0,expanded_jvs_audit
JVS_JVSMuSiC,hubert_l9,9,mode_dummy_only,mean_preserving,S->G,20,20,0.05,0.5050000000000001,0.07889866919029749,0.4,0.62625,0.8400000000000001,0.6404049575725272,0.35,0.17375000000000002,0.5,0.46194999999999997,expanded_jvs_audit
JVS_JVSMuSiC,hubert_l9,9,mode_dummy_only,mean_preserving,G->S,20,20,0.05,0.6875,0.07562241731127087,0.52125,0.8,0.9274999999999999,0.7944014202172097,0.45499999999999996,0.27125000000000005,0.6000000000000001,0.46194999999999997,expanded_jvs_audit
JVS_JVSMuSiC,hubert_l9,9,mode_dummy_only,classic,S->G,20,20,0.05,0.685,0.08958236433584459,0.52375,0.8262499999999999,0.9574999999999999,0.7987787698412697,0.53,0.32125,0.6762499999999999,0.46194999999999997,expanded_jvs_audit
JVS_JVSMuSiC,hubert_l9,9,mode_dummy_only,classic,G->S,20,20,0.05,0.7000000000000001,0.0670820393249937,0.6,0.8262499999999999,0.9324999999999999,0.7969216269841269,0.46749999999999997,0.35,0.6000000000000001,0.46194999999999997,expanded_jvs_audit
JVS_JVSMuSiC,hubert_l9,9,acoustic_full_no_mode,mean_preserving,S->G,20,20,0.05,0.31249999999999994,0.0960143218483576,0.12125000000000002,0.42624999999999996,0.6250000000000001,0.4587153389159,0.15750000000000003,-0.049999999999999996,0.32625,0.8949624999999999,expanded_jvs_audit
JVS_JVSMuSiC,hubert_l9,9,acoustic_full_no_mode,mean_preserving,G->S,20,20,0.05,0.5175,0.11431863365173675,0.27375,0.6762499999999999,0.7925,0.6435075310611301,0.285,0.0,0.5024999999999998,0.8949624999999999,expanded_jvs_audit
JVS_JVSMuSiC,hubert_l9,9,acoustic_full_no_mode,classic,S->G,20,20,0.05,0.5599999999999999,0.10559356040971436,0.42375,0.7524999999999998,0.8474999999999999,0.6884467691214016,0.40499999999999997,0.2,0.65,0.8949624999999999,expanded_jvs_audit
JVS_JVSMuSiC,hubert_l9,9,acoustic_full_no_mode,classic,G->S,20,20,0.05,0.525,0.12298373876248841,0.25,0.7,0.8399999999999999,0.6548864241301355,0.29250000000000004,-0.026249999999999992,0.4762499999999999,0.8949624999999999,expanded_jvs_audit
JVS_JVSMuSiC,hubert_l9,9,acoustic_full_plus_mode,mean_preserving,S->G,20,20,0.05,0.28500000000000003,0.07262919523166975,0.15,0.4,0.5925,0.4310092064475771,0.12999999999999998,-0.0525,0.3024999999999999,0.47378124999999993,expanded_jvs_audit
JVS_JVSMuSiC,hubert_l9,9,acoustic_full_plus_mode,mean_preserving,G->S,20,20,0.05,0.5550000000000002,0.09987492177719089,0.37375,0.7,0.8049999999999999,0.6664204338295863,0.32249999999999995,0.0975,0.5,0.47378124999999993,expanded_jvs_audit
JVS_JVSMuSiC,hubert_l9,9,acoustic_full_plus_mode,classic,S->G,20,20,0.05,0.5700000000000001,0.08999999999999998,0.4,0.7,0.8225,0.6886034526081933,0.41500000000000004,0.25,0.6262499999999999,0.47378124999999993,expanded_jvs_audit
JVS_JVSMuSiC,hubert_l9,9,acoustic_full_plus_mode,classic,G->S,20,20,0.05,0.56,0.1079351657246145,0.34750000000000003,0.72625,0.8400000000000001,0.6831695878618286,0.3275,0.07125000000000002,0.52625,0.47378124999999993,expanded_jvs_audit
JVS_JVSMuSiC,hubert_l9,9,single_group_f0,mean_preserving,S->G,20,20,0.05,0.125,0.06020797289396148,0.05,0.25,0.3775,0.2650546783367991,-0.030000000000000006,-0.1,0.0,1.0,expanded_jvs_audit
JVS_JVSMuSiC,hubert_l9,9,single_group_f0,mean_preserving,G->S,20,20,0.05,0.18750000000000003,0.06299801584177075,0.07375000000000001,0.3,0.4800000000000001,0.33515910809177063,-0.04499999999999999,-0.22624999999999998,0.05,1.0,expanded_jvs_audit
JVS_JVSMuSiC,hubert_l9,9,single_group_energy,mean_preserving,S->G,20,20,0.05,0.1275,0.06015604707757983,0.05,0.22624999999999992,0.5225,0.30496642075889363,-0.027500000000000004,-0.17625000000000002,0.1,0.98608125,expanded_jvs_audit
JVS_JVSMuSiC,hubert_l9,9,single_group_energy,mean_preserving,G->S,20,20,0.05,0.225,0.08874119674649424,0.1,0.4,0.6475,0.4152277614134232,-0.0075,-0.17625,0.25,0.98608125,expanded_jvs_audit
JVS_JVSMuSiC,hubert_l9,9,single_group_duration,mean_preserving,S->G,20,20,0.05,0.44000000000000006,0.099498743710662,0.25,0.6024999999999999,0.7750000000000001,0.5838658463569456,0.28500000000000003,0.12374999999999999,0.45249999999999985,0.9416874999999999,expanded_jvs_audit
JVS_JVSMuSiC,hubert_l9,9,single_group_duration,mean_preserving,G->S,20,20,0.05,0.59,0.1007472083980494,0.42375,0.77625,0.8724999999999999,0.7130813848067137,0.3575,0.17375000000000002,0.5787499999999998,0.9416874999999999,expanded_jvs_audit
JVS_JVSMuSiC,hubert_l9,9,single_group_voicing,mean_preserving,S->G,20,20,0.05,0.155,0.06103277807866851,0.07375000000000001,0.25,0.475,0.3153531581614979,0.0,0.0,0.0,1.0,expanded_jvs_audit
JVS_JVSMuSiC,hubert_l9,9,single_group_voicing,mean_preserving,G->S,20,20,0.05,0.2325,0.05068283733178323,0.15,0.32624999999999993,0.6125,0.40321539136602985,0.0,0.0,0.0,1.0,expanded_jvs_audit
JVS_JVSMuSiC,hubert_l9,9,full_minus_f0,mean_preserving,S->G,20,20,0.05,0.36250000000000004,0.10473180032826707,0.2,0.52625,0.7225,0.5309881522631136,0.20750000000000002,0.023749999999999997,0.3762499999999999,0.90115625,expanded_jvs_audit
JVS_JVSMuSiC,hubert_l9,9,full_minus_f0,mean_preserving,G->S,20,20,0.05,0.6000000000000001,0.10954451150103323,0.34750000000000003,0.75,0.8850000000000001,0.724614964896215,0.3675,0.07125000000000002,0.5,0.90115625,expanded_jvs_audit
JVS_JVSMuSiC,hubert_l9,9,full_minus_energy,mean_preserving,S->G,20,20,0.05,0.39,0.11022703842524302,0.1975,0.5762499999999999,0.6275000000000001,0.5169159111657176,0.23500000000000004,0.07375,0.4,0.9395374999999999,expanded_jvs_audit
JVS_JVSMuSiC,hubert_l9,9,full_minus_energy,mean_preserving,G->S,20,20,0.05,0.545,0.07889866919029749,0.3975,0.6762499999999999,0.78,0.6529153175685682,0.31249999999999994,0.12375,0.44999999999999996,0.9395374999999999,expanded_jvs_audit
JVS_JVSMuSiC,hubert_l9,9,full_minus_duration,mean_preserving,S->G,20,20,0.05,0.0925,0.04815340071064556,0.05,0.20249999999999985,0.39,0.24880350422281533,-0.06250000000000001,-0.2,0.049999999999999996,0.9873062499999999,expanded_jvs_audit
JVS_JVSMuSiC,hubert_l9,9,full_minus_duration,mean_preserving,G->S,20,20,0.05,0.1675,0.07119515432949071,0.07375000000000001,0.3,0.5075000000000001,0.33600618421825856,-0.06499999999999999,-0.2,0.09999999999999999,0.9873062499999999,expanded_jvs_audit
JVS_JVSMuSiC,hubert_l9,9,full_minus_voicing,mean_preserving,S->G,20,20,0.05,0.31249999999999994,0.0960143218483576,0.12125000000000002,0.42624999999999996,0.6250000000000001,0.4587153389159,0.15750000000000003,-0.049999999999999996,0.32625,0.8949624999999999,expanded_jvs_audit
JVS_JVSMuSiC,hubert_l9,9,full_minus_voicing,mean_preserving,G->S,20,20,0.05,0.5175,0.11431863365173675,0.27375,0.6762499999999999,0.7925,0.6435075310611301,0.285,0.0,0.5024999999999998,0.8949624999999999,expanded_jvs_audit
JVS_JVSMuSiC,hubert_l9,9,row_shuffled_nuisance,mean_preserving,S->G,20,20,0.05,0.15,0.047434164902525694,0.1,0.25,0.45,0.31023990126660406,-0.005000000000000002,-0.10250000000000001,0.07624999999999993,1.0,expanded_jvs_audit
JVS_JVSMuSiC,hubert_l9,9,row_shuffled_nuisance,mean_preserving,G->S,20,20,0.05,0.24250000000000002,0.05760859310901456,0.15,0.3762499999999999,0.6075,0.4044291583029972,0.010000000000000002,-0.04999999999999999,0.09999999999999999,1.0,expanded_jvs_audit
JVS_JVSMuSiC,hubert_l9,9,random_gaussian_nuisance,mean_preserving,S->G,20,20,0.05,0.16,0.07176350047203663,0.05,0.32624999999999993,0.45500000000000007,0.31742781343613385,0.004999999999999995,-0.1,0.15249999999999983,1.0,expanded_jvs_audit
JVS_JVSMuSiC,hubert_l9,9,random_gaussian_nuisance,mean_preserving,G->S,20,20,0.05,0.225,0.05809475019311125,0.12375,0.32624999999999993,0.6325,0.3966246278124181,-0.0075,-0.05,0.04999999999999999,1.0,expanded_jvs_audit
JVS_JVSMuSiC,hubert_l9,9,random_low_rank_projection,mean_preserving,S->G,20,20,0.05,0.1575,0.059739015726742596,0.07375000000000001,0.25,0.47000000000000003,0.31645881292340267,0.0024999999999999996,0.0,0.026249999999999923,1.0,expanded_jvs_audit
JVS_JVSMuSiC,hubert_l9,9,random_low_rank_projection,mean_preserving,G->S,20,20,0.05,0.23249999999999998,0.05539629951540084,0.15,0.32624999999999993,0.6249999999999999,0.4048528326141523,-1.3877787807814458e-18,-0.026250000000000006,0.026249999999999923,1.0,expanded_jvs_audit
JVS_JVSMuSiC,hubert_l12,12,raw,raw,S->G,20,20,0.05,0.17750000000000005,0.05117372372614681,0.1,0.25,0.5375,0.3431233898218225,0.0,0.0,0.0,1.0,expanded_jvs_audit
JVS_JVSMuSiC,hubert_l12,12,raw,raw,G->S,20,20,0.05,0.2325,0.05539629951540084,0.15,0.32624999999999993,0.5525,0.3893810337302017,0.0,0.0,0.0,1.0,expanded_jvs_audit
JVS_JVSMuSiC,hubert_l12,12,center_only_classic,classic,S->G,20,20,0.05,0.5299999999999999,0.09797958971132711,0.37375,0.7,0.9275,0.6876388888888889,0.3525,0.17375,0.5524999999999999,1.0,expanded_jvs_audit
JVS_JVSMuSiC,hubert_l12,12,center_only_classic,classic,G->S,20,20,0.05,0.25,0.06708203932499368,0.15,0.35,0.5349999999999999,0.3988935259894044,0.017499999999999995,-0.07625,0.07624999999999993,1.0,expanded_jvs_audit
JVS_JVSMuSiC,hubert_l12,12,mode_dummy_only,mean_preserving,S->G,20,20,0.05,0.49000000000000005,0.10198039027185568,0.32375,0.6524999999999999,0.8225,0.6359781661299657,0.31249999999999994,0.17375,0.5262499999999999,0.47541875000000006,expanded_jvs_audit
JVS_JVSMuSiC,hubert_l12,12,mode_dummy_only,mean_preserving,G->S,20,20,0.05,0.6024999999999999,0.11008519428151999,0.45,0.8,0.9125000000000002,0.7314952588690978,0.36999999999999994,0.22375,0.5762499999999999,0.47541875000000006,expanded_jvs_audit
JVS_JVSMuSiC,hubert_l12,12,mode_dummy_only,classic,S->G,20,20,0.05,0.6775000000000001,0.09934158243152764,0.55,0.8262499999999999,0.9549999999999998,0.7875248917748917,0.4999999999999999,0.35,0.7000000000000001,0.47541875000000006,expanded_jvs_audit
JVS_JVSMuSiC,hubert_l12,12,mode_dummy_only,classic,G->S,20,20,0.05,0.6375,0.0906573218223437,0.5,0.8024999999999999,0.9075000000000001,0.7563273185148185,0.40499999999999997,0.22375,0.5499999999999999,0.47541875000000006,expanded_jvs_audit
JVS_JVSMuSiC,hubert_l12,12,acoustic_full_no_mode,mean_preserving,S->G,20,20,0.05,0.255,0.08351646544245032,0.12375,0.4,0.5925,0.4063795887312721,0.0775,-0.07625000000000001,0.27624999999999994,0.89214375,expanded_jvs_audit
JVS_JVSMuSiC,hubert_l12,12,acoustic_full_no_mode,mean_preserving,G->S,20,20,0.05,0.4375,0.07725768570181221,0.2475,0.52625,0.7450000000000001,0.5711030258333858,0.205,0.047499999999999994,0.32624999999999993,0.89214375,expanded_jvs_audit
JVS_JVSMuSiC,hubert_l12,12,acoustic_full_no_mode,classic,S->G,20,20,0.05,0.47750000000000004,0.08584142356694699,0.32375,0.5762499999999999,0.7949999999999999,0.6148299398614802,0.3,0.12374999999999997,0.45000000000000007,0.89214375,expanded_jvs_audit
JVS_JVSMuSiC,hubert_l12,12,acoustic_full_no_mode,classic,G->S,20,20,0.05,0.4375,0.1202861172371941,0.17375000000000002,0.5762499999999999,0.7700000000000001,0.5814387940920449,0.20500000000000002,-0.05,0.3762499999999999,0.89214375,expanded_jvs_audit
JVS_JVSMuSiC,hubert_l12,12,acoustic_full_plus_mode,mean_preserving,S->G,20,20,0.05,0.2825000000000001,0.07462405778299651,0.15,0.4,0.5549999999999999,0.4243820031769916,0.10500000000000001,-0.07625000000000001,0.27624999999999994,0.49459375000000005,expanded_jvs_audit
JVS_JVSMuSiC,hubert_l12,12,acoustic_full_plus_mode,mean_preserving,G->S,20,20,0.05,0.49000000000000005,0.10319883720275144,0.2975,0.6762499999999999,0.765,0.6134909785669269,0.2575,0.09749999999999998,0.4262499999999999,0.49459375000000005,expanded_jvs_audit
JVS_JVSMuSiC,hubert_l12,12,acoustic_full_plus_mode,classic,S->G,20,20,0.05,0.48999999999999994,0.10074720839804942,0.32375,0.6762499999999999,0.805,0.6278425772928482,0.3125,0.14999999999999997,0.5524999999999999,0.49459375000000005,expanded_jvs_audit
JVS_JVSMuSiC,hubert_l12,12,acoustic_full_plus_mode,classic,G->S,20,20,0.05,0.4950000000000001,0.11715374513859982,0.3,0.6762499999999999,0.8125,0.6316010114756244,0.2625,0.07374999999999998,0.4262499999999999,0.49459375000000005,expanded_jvs_audit
JVS_JVSMuSiC,hubert_l12,12,single_group_f0,mean_preserving,S->G,20,20,0.05,0.12000000000000002,0.055677643628300216,0.05,0.22624999999999992,0.3975,0.26988162911005403,-0.05750000000000001,-0.12625,0.0,1.0,expanded_jvs_audit
JVS_JVSMuSiC,hubert_l12,12,single_group_f0,mean_preserving,G->S,20,20,0.05,0.17250000000000001,0.05584576975922169,0.1,0.27624999999999994,0.4175000000000001,0.3133868549106552,-0.06000000000000001,-0.17625,0.026249999999999937,1.0,expanded_jvs_audit
JVS_JVSMuSiC,hubert_l12,12,single_group_energy,mean_preserving,S->G,20,20,0.05,0.12250000000000001,0.0558457697592217,0.05,0.2,0.4974999999999999,0.3085100906360581,-0.05500000000000001,-0.17625000000000002,0.05,0.9922187499999999,expanded_jvs_audit
JVS_JVSMuSiC,hubert_l12,12,single_group_energy,mean_preserving,G->S,20,20,0.05,0.18,0.0659545297913646,0.07375000000000001,0.3,0.6074999999999999,0.38066434540476723,-0.052500000000000005,-0.2,0.12624999999999992,0.9922187499999999,expanded_jvs_audit
JVS_JVSMuSiC,hubert_l12,12,single_group_duration,mean_preserving,S->G,20,20,0.05,0.4125,0.10473180032826705,0.1975,0.52625,0.7849999999999999,0.5732805720573715,0.23500000000000001,0.023749999999999997,0.37625,0.9355687499999998,expanded_jvs_audit
JVS_JVSMuSiC,hubert_l12,12,single_group_duration,mean_preserving,G->S,20,20,0.05,0.515,0.09233092656309694,0.37375,0.6762499999999999,0.8100000000000002,0.6481843222566905,0.28250000000000003,0.1,0.5,0.9355687499999998,expanded_jvs_audit
JVS_JVSMuSiC,hubert_l12,12,single_group_voicing,mean_preserving,S->G,20,20,0.05,0.17750000000000005,0.05117372372614681,0.1,0.25,0.5375,0.3431233898218225,0.0,0.0,0.0,1.0,expanded_jvs_audit
JVS_JVSMuSiC,hubert_l12,12,single_group_voicing,mean_preserving,G->S,20,20,0.05,0.2325,0.05539629951540084,0.15,0.32624999999999993,0.5525,0.3893810337302017,0.0,0.0,0.0,1.0,expanded_jvs_audit
JVS_JVSMuSiC,hubert_l12,12,full_minus_f0,mean_preserving,S->G,20,20,0.05,0.33999999999999997,0.10793516572461452,0.17375000000000002,0.52625,0.6849999999999999,0.49978495242717375,0.1625,-0.026249999999999992,0.42624999999999996,0.89863125,expanded_jvs_audit
JVS_JVSMuSiC,hubert_l12,12,full_minus_f0,mean_preserving,G->S,20,20,0.05,0.4999999999999999,0.10246950765959599,0.2975,0.65,0.8324999999999999,0.6406548089316084,0.26749999999999996,0.07125000000000002,0.45249999999999985,0.89863125,expanded_jvs_audit
JVS_JVSMuSiC,hubert_l12,12,full_minus_energy,mean_preserving,S->G,20,20,0.05,0.3125,0.07562241731127087,0.17125,0.42624999999999996,0.6499999999999999,0.4694064898379914,0.13499999999999995,-0.026249999999999992,0.30000000000000004,0.9314812499999998,expanded_jvs_audit
JVS_JVSMuSiC,hubert_l12,12,full_minus_energy,mean_preserving,G->S,20,20,0.05,0.44000000000000006,0.10198039027185571,0.3,0.65,0.72,0.5660007987583452,0.20750000000000002,0.04999999999999999,0.5,0.9314812499999998,expanded_jvs_audit
JVS_JVSMuSiC,hubert_l12,12,full_minus_duration,mean_preserving,S->G,20,20,0.05,0.0975,0.043229041164476456,0.05,0.17624999999999993,0.41000000000000003,0.2535326182567862,-0.08,-0.2,0.026249999999999923,0.9921125000000004,expanded_jvs_audit
JVS_JVSMuSiC,hubert_l12,12,full_minus_duration,mean_preserving,G->S,20,20,0.05,0.1275,0.0580409338312195,0.05,0.22624999999999992,0.4875,0.2993106310936226,-0.10500000000000001,-0.22625,0.05,0.9921125000000004,expanded_jvs_audit
JVS_JVSMuSiC,hubert_l12,12,full_minus_voicing,mean_preserving,S->G,20,20,0.05,0.255,0.08351646544245032,0.12375,0.4,0.5925,0.4063795887312721,0.0775,-0.07625000000000001,0.27624999999999994,0.89214375,expanded_jvs_audit
JVS_JVSMuSiC,hubert_l12,12,full_minus_voicing,mean_preserving,G->S,20,20,0.05,0.4375,0.07725768570181221,0.2475,0.52625,0.7450000000000001,0.5711030258333858,0.205,0.047499999999999994,0.32624999999999993,0.89214375,expanded_jvs_audit
JVS_JVSMuSiC,hubert_l12,12,row_shuffled_nuisance,mean_preserving,S->G,20,20,0.05,0.1725,0.048669805834829466,0.1,0.27624999999999994,0.5175,0.33984766840271874,-0.005000000000000002,-0.1,0.10249999999999987,1.0,expanded_jvs_audit
JVS_JVSMuSiC,hubert_l12,12,row_shuffled_nuisance,mean_preserving,G->S,20,20,0.05,0.23249999999999998,0.04815340071064555,0.15,0.3,0.5549999999999999,0.38494926768707727,1.3877787807814458e-18,-0.07624999999999998,0.05,1.0,expanded_jvs_audit
JVS_JVSMuSiC,hubert_l12,12,random_gaussian_nuisance,mean_preserving,S->G,20,20,0.05,0.16999999999999998,0.06403124237432849,0.05,0.3,0.5049999999999999,0.3380328951986266,-0.0075000000000000015,-0.10250000000000001,0.09999999999999999,1.0,expanded_jvs_audit
JVS_JVSMuSiC,hubert_l12,12,random_gaussian_nuisance,mean_preserving,G->S,20,20,0.05,0.23249999999999998,0.05539629951540084,0.15,0.32624999999999993,0.5625,0.38902156808619653,0.0,-0.04999999999999999,0.04999999999999999,1.0,expanded_jvs_audit
JVS_JVSMuSiC,hubert_l12,12,random_low_rank_projection,mean_preserving,S->G,20,20,0.05,0.17500000000000004,0.05361902647381804,0.1,0.27624999999999994,0.5375,0.34139696591892793,-0.002500000000000001,-0.05,0.026249999999999923,1.0,expanded_jvs_audit
JVS_JVSMuSiC,hubert_l12,12,random_low_rank_projection,mean_preserving,G->S,20,20,0.05,0.2325,0.05309190145398825,0.15,0.32624999999999993,0.5525,0.3888678212482392,1.3877787807814458e-18,-0.026249999999999992,0.026249999999999937,1.0,expanded_jvs_audit
JVS_JVSMuSiC,mert_l3,3,raw,raw,S->G,20,20,0.05,0.36499999999999994,0.09367496997597598,0.22375,0.52625,0.7225,0.5234094045144742,0.0,0.0,0.0,0.99999375,expanded_jvs_audit
JVS_JVSMuSiC,mert_l3,3,raw,raw,G->S,20,20,0.05,0.36,0.1079351657246145,0.17125,0.5524999999999999,0.7525000000000002,0.5310393932048344,0.0,0.0,0.0,0.99999375,expanded_jvs_audit
JVS_JVSMuSiC,mert_l3,3,center_only_classic,classic,S->G,20,20,0.05,0.7024999999999999,0.11669940016983806,0.49750000000000005,0.9262499999999999,0.9625,0.8141865079365079,0.33749999999999997,0.15000000000000002,0.6024999999999999,0.99999375,expanded_jvs_audit
JVS_JVSMuSiC,mert_l3,3,center_only_classic,classic,G->S,20,20,0.05,0.345,0.10943034314119644,0.17125,0.5524999999999999,0.76,0.5261283855033856,-0.015,-0.10250000000000004,0.026249999999999954,0.99999375,expanded_jvs_audit
JVS_JVSMuSiC,mert_l3,3,mode_dummy_only,mean_preserving,S->G,20,20,0.05,0.6675,0.08699856320652659,0.49750000000000005,0.8,0.9274999999999999,0.7743993333055833,0.30250000000000005,0.14999999999999997,0.44999999999999996,0.49691875,expanded_jvs_audit
JVS_JVSMuSiC,mert_l3,3,mode_dummy_only,mean_preserving,G->S,20,20,0.05,0.78,0.09137833441248533,0.5975,0.9,0.9649999999999999,0.8540190826330532,0.42000000000000004,0.25,0.6787499999999999,0.49691875,expanded_jvs_audit
JVS_JVSMuSiC,mert_l3,3,mode_dummy_only,classic,S->G,20,20,0.05,0.78,0.10653637876331257,0.57375,0.95,0.9774999999999998,0.8598134920634919,0.41500000000000004,0.22374999999999995,0.62625,0.49691875,expanded_jvs_audit
JVS_JVSMuSiC,mert_l3,3,mode_dummy_only,classic,G->S,20,20,0.05,0.7575,0.08407585860400119,0.57125,0.85,0.9824999999999999,0.8460753968253968,0.3975000000000001,0.20000000000000004,0.6287499999999998,0.49691875,expanded_jvs_audit
JVS_JVSMuSiC,mert_l3,3,acoustic_full_no_mode,mean_preserving,S->G,20,20,0.05,0.49250000000000005,0.09908960591303208,0.35,0.6762499999999999,0.77,0.6192116430288837,0.1275,-0.1,0.35249999999999987,0.82269375,expanded_jvs_audit
JVS_JVSMuSiC,mert_l3,3,acoustic_full_no_mode,mean_preserving,G->S,20,20,0.05,0.7050000000000001,0.09604686356149274,0.52375,0.85,0.89,0.7862428255868658,0.345,0.10000000000000003,0.6024999999999999,0.82269375,expanded_jvs_audit
JVS_JVSMuSiC,mert_l3,3,acoustic_full_no_mode,classic,S->G,20,20,0.05,0.6824999999999999,0.10280442597476043,0.47375,0.85,0.9099999999999999,0.7773688531111131,0.3175,0.1,0.5524999999999999,0.82269375,expanded_jvs_audit
JVS_JVSMuSiC,mert_l3,3,acoustic_full_no_mode,classic,G->S,20,20,0.05,0.6675000000000001,0.08257572282456872,0.52375,0.8,0.9075000000000001,0.7733774454711954,0.3075,0.10000000000000003,0.55,0.82269375,expanded_jvs_audit
JVS_JVSMuSiC,mert_l3,3,acoustic_full_plus_mode,mean_preserving,S->G,20,20,0.05,0.51,0.10319883720275146,0.37375,0.7024999999999999,0.7749999999999999,0.6326323958871364,0.14500000000000002,-0.052499999999999984,0.35249999999999987,0.49297499999999994,expanded_jvs_audit
JVS_JVSMuSiC,mert_l3,3,acoustic_full_plus_mode,mean_preserving,G->S,20,20,0.05,0.7025,0.09417404100918682,0.52375,0.8262499999999999,0.89,0.7851193151104142,0.34249999999999997,0.12375,0.6287499999999998,0.49297499999999994,expanded_jvs_audit
JVS_JVSMuSiC,mert_l3,3,acoustic_full_plus_mode,classic,S->G,20,20,0.05,0.7024999999999999,0.10425329730996523,0.47375,0.85,0.8949999999999999,0.7882420288045288,0.3375,0.12375,0.6000000000000001,0.49297499999999994,expanded_jvs_audit
JVS_JVSMuSiC,mert_l3,3,acoustic_full_plus_mode,classic,G->S,20,20,0.05,0.7050000000000001,0.08351646544245032,0.5475,0.85,0.9099999999999999,0.7938494397759104,0.34500000000000003,0.17374999999999996,0.62625,0.49297499999999994,expanded_jvs_audit
JVS_JVSMuSiC,mert_l3,3,single_group_f0,mean_preserving,S->G,20,20,0.05,0.25250000000000006,0.08870597499605087,0.12375,0.4,0.5225,0.3977163950600483,-0.1125,-0.22624999999999998,0.0,0.99999375,expanded_jvs_audit
JVS_JVSMuSiC,mert_l3,3,single_group_f0,mean_preserving,G->S,20,20,0.05,0.2975,0.08870597499605086,0.12375,0.42624999999999996,0.6775,0.47174835360932493,-0.0625,-0.17625000000000002,0.12624999999999992,0.99999375,expanded_jvs_audit
JVS_JVSMuSiC,mert_l3,3,single_group_energy,mean_preserving,S->G,20,20,0.05,0.49000000000000005,0.09027735042633894,0.3,0.6,0.7849999999999999,0.626278237693679,0.125,-0.05000000000000002,0.27624999999999994,0.9769750000000001,expanded_jvs_audit
JVS_JVSMuSiC,mert_l3,3,single_group_energy,mean_preserving,G->S,20,20,0.05,0.71,0.099498743710662,0.55,0.87625,0.9075,0.8045256410256411,0.35000000000000003,0.17374999999999996,0.5787499999999998,0.9769750000000001,expanded_jvs_audit
JVS_JVSMuSiC,mert_l3,3,single_group_duration,mean_preserving,S->G,20,20,0.05,0.6224999999999999,0.10182705927208151,0.42125,0.77625,0.915,0.7434106795981796,0.2575,0.07374999999999998,0.45249999999999985,0.8496625,expanded_jvs_audit
JVS_JVSMuSiC,mert_l3,3,single_group_duration,mean_preserving,G->S,20,20,0.05,0.7375,0.09337424698491548,0.55,0.85,0.9524999999999999,0.8244586845902635,0.3775,0.22374999999999995,0.5787499999999998,0.8496625,expanded_jvs_audit
JVS_JVSMuSiC,mert_l3,3,single_group_voicing,mean_preserving,S->G,20,20,0.05,0.36499999999999994,0.09367496997597598,0.22375,0.52625,0.7225,0.5234094045144742,0.0,0.0,0.0,0.99999375,expanded_jvs_audit
JVS_JVSMuSiC,mert_l3,3,single_group_voicing,mean_preserving,G->S,20,20,0.05,0.36,0.1079351657246145,0.17125,0.5524999999999999,0.7525000000000002,0.5310393932048344,0.0,0.0,0.0,0.99999375,expanded_jvs_audit
JVS_JVSMuSiC,mert_l3,3,full_minus_f0,mean_preserving,S->G,20,20,0.05,0.5825,0.10280442597476044,0.3975,0.72625,0.8400000000000001,0.6975539766498551,0.21749999999999997,0.023749999999999997,0.37625,0.80208125,expanded_jvs_audit
JVS_JVSMuSiC,mert_l3,3,full_minus_f0,mean_preserving,G->S,20,20,0.05,0.7350000000000001,0.10851267207105351,0.55,0.9024999999999999,0.9299999999999999,0.8212578740703741,0.37499999999999994,0.14750000000000002,0.65,0.80208125,expanded_jvs_audit
JVS_JVSMuSiC,mert_l3,3,full_minus_energy,mean_preserving,S->G,20,20,0.05,0.5199999999999999,0.12589678312014171,0.29500000000000004,0.75,0.7949999999999999,0.6461476050931353,0.15499999999999997,-0.09999999999999998,0.4049999999999997,0.84326875,expanded_jvs_audit
JVS_JVSMuSiC,mert_l3,3,full_minus_energy,mean_preserving,G->S,20,20,0.05,0.71,0.07842193570679061,0.57375,0.85,0.8700000000000001,0.7798518101050995,0.35,0.14750000000000002,0.5787499999999998,0.84326875,expanded_jvs_audit
JVS_JVSMuSiC,mert_l3,3,full_minus_duration,mean_preserving,S->G,20,20,0.05,0.4225,0.1239707626821744,0.25,0.62625,0.7174999999999999,0.560490834114286,0.057500000000000016,-0.22875,0.32625,0.9754875000000001,expanded_jvs_audit
JVS_JVSMuSiC,mert_l3,3,full_minus_duration,mean_preserving,G->S,20,20,0.05,0.6025,0.11776565713313879,0.42375,0.8524999999999999,0.865,0.71690966876261,0.24250000000000002,-0.026249999999999964,0.5549999999999997,0.9754875000000001,expanded_jvs_audit
JVS_JVSMuSiC,mert_l3,3,full_minus_voicing,mean_preserving,S->G,20,20,0.05,0.49250000000000005,0.09908960591303208,0.35,0.6762499999999999,0.77,0.6192116430288837,0.1275,-0.1,0.35249999999999987,0.82269375,expanded_jvs_audit
JVS_JVSMuSiC,mert_l3,3,full_minus_voicing,mean_preserving,G->S,20,20,0.05,0.7050000000000001,0.09604686356149274,0.52375,0.85,0.89,0.7862428255868658,0.345,0.10000000000000003,0.6024999999999999,0.82269375,expanded_jvs_audit
JVS_JVSMuSiC,mert_l3,3,row_shuffled_nuisance,mean_preserving,S->G,20,20,0.05,0.36,0.09027735042633894,0.22375,0.5,0.7275,0.5213923149863553,-0.004999999999999999,-0.07625000000000004,0.1,1.0,expanded_jvs_audit
JVS_JVSMuSiC,mert_l3,3,row_shuffled_nuisance,mean_preserving,G->S,20,20,0.05,0.3625,0.10825317547305484,0.17125,0.52625,0.7325,0.5282110511500023,0.002500000000000005,-0.12875000000000003,0.07624999999999997,1.0,expanded_jvs_audit
JVS_JVSMuSiC,mert_l3,3,random_gaussian_nuisance,mean_preserving,S->G,20,20,0.05,0.37499999999999994,0.11236102527122116,0.2,0.6024999999999999,0.7250000000000001,0.5299240845368941,0.01,-0.07625000000000001,0.1,0.99999375,expanded_jvs_audit
JVS_JVSMuSiC,mert_l3,3,random_gaussian_nuisance,mean_preserving,G->S,20,20,0.05,0.35750000000000004,0.09653367288153913,0.1975,0.5524999999999999,0.7449999999999999,0.5284399256788963,-0.0024999999999999966,-0.1,0.050000000000000044,0.99999375,expanded_jvs_audit
JVS_JVSMuSiC,mert_l3,3,random_low_rank_projection,mean_preserving,S->G,20,20,0.05,0.36499999999999994,0.09367496997597598,0.22375,0.52625,0.7250000000000001,0.5244465167078365,0.0,0.0,0.0,1.0,expanded_jvs_audit
JVS_JVSMuSiC,mert_l3,3,random_low_rank_projection,mean_preserving,G->S,20,20,0.05,0.36,0.1067707825203131,0.17125,0.5524999999999999,0.7500000000000001,0.5316418993588111,2.7755575615628915e-18,-0.026249999999999992,0.026249999999999954,1.0,expanded_jvs_audit
JVS_JVSMuSiC,mert_l6,6,raw,raw,S->G,20,20,0.05,0.2925,0.08842369591913699,0.15,0.4787499999999998,0.635,0.44555586079512166,0.0,0.0,0.0,1.0,expanded_jvs_audit
JVS_JVSMuSiC,mert_l6,6,raw,raw,G->S,20,20,0.05,0.2875,0.10108783309577865,0.12375,0.45249999999999985,0.7,0.4736709374646681,0.0,0.0,0.0,1.0,expanded_jvs_audit
JVS_JVSMuSiC,mert_l6,6,center_only_classic,classic,S->G,20,20,0.05,0.67,0.09669539802906858,0.5,0.85,0.9574999999999999,0.787234126984127,0.3775,0.22374999999999998,0.55,1.0,expanded_jvs_audit
JVS_JVSMuSiC,mert_l6,6,center_only_classic,classic,G->S,20,20,0.05,0.2899999999999999,0.08888194417315588,0.12375,0.42624999999999996,0.7475,0.4811431495383701,0.0025000000000000022,-0.15250000000000002,0.10000000000000003,1.0,expanded_jvs_audit
JVS_JVSMuSiC,mert_l6,6,mode_dummy_only,mean_preserving,S->G,20,20,0.05,0.615,0.09096702699330124,0.4475,0.75,0.915,0.7415618315508021,0.3225,0.14999999999999997,0.5024999999999998,0.49216874999999993,expanded_jvs_audit
JVS_JVSMuSiC,mert_l6,6,mode_dummy_only,mean_preserving,G->S,20,20,0.05,0.7325,0.0869985632065266,0.57125,0.87625,0.9474999999999998,0.8233294133841733,0.44499999999999995,0.2475,0.72625,0.49216874999999993,expanded_jvs_audit
JVS_JVSMuSiC,mert_l6,6,mode_dummy_only,classic,S->G,20,20,0.05,0.7650000000000001,0.09886859966642596,0.6,0.9262499999999999,0.9674999999999999,0.8446280663780662,0.4725,0.2975,0.65,0.49216874999999993,expanded_jvs_audit
JVS_JVSMuSiC,mert_l6,6,mode_dummy_only,classic,G->S,20,20,0.05,0.735,0.08077747210701755,0.57375,0.85,0.9824999999999999,0.8346031746031745,0.44749999999999995,0.27375,0.6762499999999999,0.49216874999999993,expanded_jvs_audit
JVS_JVSMuSiC,mert_l6,6,acoustic_full_no_mode,mean_preserving,S->G,20,20,0.05,0.425,0.095524865872714,0.3,0.6,0.7075,0.5457997202316088,0.1325,-0.026250000000000023,0.35249999999999987,0.8478062499999999,expanded_jvs_audit
JVS_JVSMuSiC,mert_l6,6,acoustic_full_no_mode,mean_preserving,G->S,20,20,0.05,0.6575,0.08842369591913699,0.47375,0.8,0.8425,0.7460736226063238,0.37,0.12375,0.6024999999999998,0.8478062499999999,expanded_jvs_audit
JVS_JVSMuSiC,mert_l6,6,acoustic_full_no_mode,classic,S->G,20,20,0.05,0.6599999999999999,0.12409673645990854,0.45,0.85,0.8775000000000001,0.7550252417109035,0.36750000000000005,0.14999999999999997,0.6287499999999998,0.8478062499999999,expanded_jvs_audit
JVS_JVSMuSiC,mert_l6,6,acoustic_full_no_mode,classic,G->S,20,20,0.05,0.6375000000000001,0.08642193008721802,0.5,0.75,0.8725000000000002,0.7438557910635116,0.35,0.15000000000000002,0.6024999999999998,0.8478062499999999,expanded_jvs_audit
JVS_JVSMuSiC,mert_l6,6,acoustic_full_plus_mode,mean_preserving,S->G,20,20,0.05,0.4175000000000001,0.11098986440211558,0.25,0.6024999999999999,0.705,0.5530462045479461,0.125,-0.05000000000000002,0.38124999999999964,0.47860625,expanded_jvs_audit
JVS_JVSMuSiC,mert_l6,6,acoustic_full_plus_mode,mean_preserving,G->S,20,20,0.05,0.6775,0.08287792227125387,0.5475,0.8262499999999999,0.8325000000000001,0.7538571447901943,0.39,0.1975,0.62625,0.47860625,expanded_jvs_audit
JVS_JVSMuSiC,mert_l6,6,acoustic_full_plus_mode,classic,S->G,20,20,0.05,0.6674999999999999,0.12173228823939851,0.45,0.85,0.8624999999999998,0.7613340962013562,0.3750000000000001,0.17375,0.6024999999999999,0.47860625,expanded_jvs_audit
JVS_JVSMuSiC,mert_l6,6,acoustic_full_plus_mode,classic,G->S,20,20,0.05,0.6649999999999999,0.08674675786448736,0.52375,0.8,0.8675,0.7562183729260936,0.37750000000000006,0.1975,0.6287499999999998,0.47860625,expanded_jvs_audit
JVS_JVSMuSiC,mert_l6,6,single_group_f0,mean_preserving,S->G,20,20,0.05,0.17500000000000002,0.075,0.05,0.32624999999999993,0.49499999999999994,0.32671550894925505,-0.11750000000000001,-0.20000000000000004,-0.04999999999999999,1.0,expanded_jvs_audit
JVS_JVSMuSiC,mert_l6,6,single_group_f0,mean_preserving,G->S,20,20,0.05,0.2325,0.08104782538723664,0.1,0.35,0.6150000000000001,0.4130809853308886,-0.05499999999999999,-0.20249999999999999,0.0,1.0,expanded_jvs_audit
JVS_JVSMuSiC,mert_l6,6,single_group_energy,mean_preserving,S->G,20,20,0.05,0.345,0.08789197915623473,0.2,0.5,0.72,0.5109728830680843,0.052500000000000005,-0.18125000000000002,0.27624999999999994,0.98378125,expanded_jvs_audit
JVS_JVSMuSiC,mert_l6,6,single_group_energy,mean_preserving,G->S,20,20,0.05,0.5374999999999999,0.1023169096484056,0.32375,0.7,0.9,0.6943137532402237,0.24999999999999994,0.05000000000000002,0.44999999999999996,0.98378125,expanded_jvs_audit
JVS_JVSMuSiC,mert_l6,6,single_group_duration,mean_preserving,S->G,20,20,0.05,0.5524999999999999,0.11669940016983807,0.32375,0.72625,0.8949999999999999,0.6924393315018315,0.26000000000000006,0.07374999999999998,0.4262499999999999,0.8801437499999999,expanded_jvs_audit
JVS_JVSMuSiC,mert_l6,6,single_group_duration,mean_preserving,G->S,20,20,0.05,0.6975,0.09148087231765993,0.55,0.8524999999999999,0.9249999999999998,0.7929359898142794,0.41000000000000003,0.09750000000000003,0.72625,0.8801437499999999,expanded_jvs_audit
JVS_JVSMuSiC,mert_l6,6,single_group_voicing,mean_preserving,S->G,20,20,0.05,0.2925,0.08842369591913699,0.15,0.4787499999999998,0.635,0.44555586079512166,0.0,0.0,0.0,1.0,expanded_jvs_audit
JVS_JVSMuSiC,mert_l6,6,single_group_voicing,mean_preserving,G->S,20,20,0.05,0.2875,0.10108783309577865,0.12375,0.45249999999999985,0.7,0.4736709374646681,0.0,0.0,0.0,1.0,expanded_jvs_audit
JVS_JVSMuSiC,mert_l6,6,full_minus_f0,mean_preserving,S->G,20,20,0.05,0.48500000000000004,0.11736694594305502,0.3,0.6787499999999997,0.7949999999999999,0.6180061551365732,0.19249999999999998,0.023749999999999997,0.4,0.84635625,expanded_jvs_audit
JVS_JVSMuSiC,mert_l6,6,full_minus_f0,mean_preserving,G->S,20,20,0.05,0.7025,0.08437268515343103,0.57375,0.8262499999999999,0.9049999999999999,0.7929743242868244,0.41500000000000004,0.1975,0.65,0.84635625,expanded_jvs_audit
JVS_JVSMuSiC,mert_l6,6,full_minus_energy,mean_preserving,S->G,20,20,0.05,0.44749999999999995,0.12090802289343747,0.2475,0.6787499999999997,0.7525000000000002,0.580740209384269,0.15500000000000005,-0.026249999999999992,0.4024999999999998,0.87823125,expanded_jvs_audit
JVS_JVSMuSiC,mert_l6,6,full_minus_energy,mean_preserving,G->S,20,20,0.05,0.6775,0.08135570047636488,0.55,0.8,0.8099999999999999,0.7518093605203705,0.39,0.12125000000000001,0.62625,0.87823125,expanded_jvs_audit
JVS_JVSMuSiC,mert_l6,6,full_minus_duration,mean_preserving,S->G,20,20,0.05,0.28500000000000003,0.1184271928232701,0.1,0.45,0.6175,0.44561828708142565,-0.007499999999999997,-0.3075,0.22874999999999981,0.9831812500000001,expanded_jvs_audit
JVS_JVSMuSiC,mert_l6,6,full_minus_duration,mean_preserving,G->S,20,20,0.05,0.425,0.12893796958227627,0.14500000000000002,0.5762499999999999,0.8100000000000002,0.5898869520464916,0.13749999999999998,-0.17625000000000002,0.35,0.9831812500000001,expanded_jvs_audit
JVS_JVSMuSiC,mert_l6,6,full_minus_voicing,mean_preserving,S->G,20,20,0.05,0.425,0.095524865872714,0.3,0.6,0.7075,0.5457997202316088,0.1325,-0.026250000000000023,0.35249999999999987,0.8478062499999999,expanded_jvs_audit
JVS_JVSMuSiC,mert_l6,6,full_minus_voicing,mean_preserving,G->S,20,20,0.05,0.6575,0.08842369591913699,0.47375,0.8,0.8425,0.7460736226063238,0.37,0.12375,0.6024999999999998,0.8478062499999999,expanded_jvs_audit
JVS_JVSMuSiC,mert_l6,6,row_shuffled_nuisance,mean_preserving,S->G,20,20,0.05,0.3,0.08660254037844388,0.17375000000000002,0.4787499999999998,0.6375,0.4511051270281145,0.007500000000000007,-0.07624999999999998,0.10000000000000002,1.0,expanded_jvs_audit
JVS_JVSMuSiC,mert_l6,6,row_shuffled_nuisance,mean_preserving,G->S,20,20,0.05,0.2975,0.08870597499605085,0.15,0.4,0.7024999999999999,0.47775684292702475,0.01,-0.10250000000000004,0.10000000000000003,1.0,expanded_jvs_audit
JVS_JVSMuSiC,mert_l6,6,random_gaussian_nuisance,mean_preserving,S->G,20,20,0.05,0.28500000000000003,0.08381527307120105,0.15,0.45,0.6300000000000001,0.44548798177871324,-0.007499999999999997,-0.10000000000000002,0.12624999999999995,1.0,expanded_jvs_audit
JVS_JVSMuSiC,mert_l6,6,random_gaussian_nuisance,mean_preserving,G->S,20,20,0.05,0.2825,0.09390819985496475,0.12375,0.42624999999999996,0.6975,0.4716491553252388,-0.005,-0.12625000000000003,0.05000000000000003,1.0,expanded_jvs_audit
JVS_JVSMuSiC,mert_l6,6,random_low_rank_projection,mean_preserving,S->G,20,20,0.05,0.2925,0.08699856320652659,0.15,0.45499999999999974,0.635,0.44547615001097973,-2.7755575615628915e-18,-0.026250000000000023,0.026249999999999923,1.0,expanded_jvs_audit
JVS_JVSMuSiC,mert_l6,6,random_low_rank_projection,mean_preserving,G->S,20,20,0.05,0.2924999999999999,0.10158124826955023,0.12375,0.45249999999999985,0.7000000000000001,0.4769037671349977,0.004999999999999999,0.0,0.04999999999999999,1.0,expanded_jvs_audit
JVS_JVSMuSiC,mert_l9,9,raw,raw,S->G,20,20,0.05,0.20750000000000002,0.07949056547792323,0.1,0.3787499999999998,0.5725,0.38823457470032546,0.0,0.0,0.0,1.0,expanded_jvs_audit
JVS_JVSMuSiC,mert_l9,9,raw,raw,G->S,20,20,0.05,0.25,0.07745966692414834,0.12375,0.3762499999999999,0.6475,0.43232685022236106,0.0,0.0,0.0,1.0,expanded_jvs_audit
JVS_JVSMuSiC,mert_l9,9,center_only_classic,classic,S->G,20,20,0.05,0.6100000000000001,0.10319883720275147,0.47375,0.77625,0.9499999999999998,0.7507074314574314,0.4025,0.22375,0.67625,1.0,expanded_jvs_audit
JVS_JVSMuSiC,mert_l9,9,center_only_classic,classic,G->S,20,20,0.05,0.255,0.07566372975210778,0.12375,0.35,0.6625000000000001,0.4342868659118658,0.004999999999999996,-0.05000000000000002,0.10249999999999984,1.0,expanded_jvs_audit
JVS_JVSMuSiC,mert_l9,9,mode_dummy_only,mean_preserving,S->G,20,20,0.05,0.6100000000000001,0.09949874371066199,0.42125,0.72625,0.9199999999999999,0.7374431075460486,0.40249999999999997,0.19749999999999995,0.5762499999999999,0.48816874999999993,expanded_jvs_audit
JVS_JVSMuSiC,mert_l9,9,mode_dummy_only,mean_preserving,G->S,20,20,0.05,0.67,0.09273618495495704,0.52375,0.8262499999999999,0.9349999999999998,0.7858676900584796,0.4200000000000001,0.19999999999999998,0.6,0.48816874999999993,expanded_jvs_audit
JVS_JVSMuSiC,mert_l9,9,mode_dummy_only,classic,S->G,20,20,0.05,0.755,0.09340770846134702,0.6,0.87625,0.9724999999999999,0.8431587301587301,0.5475000000000001,0.39999999999999997,0.72625,0.48816874999999993,expanded_jvs_audit
JVS_JVSMuSiC,mert_l9,9,mode_dummy_only,classic,G->S,20,20,0.05,0.7075,0.09120718173477352,0.57375,0.9,0.9724999999999999,0.8189117063492064,0.4575,0.22125000000000006,0.65,0.48816874999999993,expanded_jvs_audit
JVS_JVSMuSiC,mert_l9,9,acoustic_full_no_mode,mean_preserving,S->G,20,20,0.05,0.38499999999999995,0.09759610647971569,0.17375000000000002,0.52625,0.645,0.5127033118884898,0.17750000000000005,0.0,0.32624999999999993,0.8498187500000001,expanded_jvs_audit
JVS_JVSMuSiC,mert_l9,9,acoustic_full_no_mode,mean_preserving,G->S,20,20,0.05,0.625,0.10062305898749054,0.47375,0.8024999999999999,0.8125,0.720811126115886,0.3749999999999999,0.12375000000000003,0.52625,0.8498187500000001,expanded_jvs_audit
JVS_JVSMuSiC,mert_l9,9,acoustic_full_no_mode,classic,S->G,20,20,0.05,0.64,0.12206555615733702,0.42375,0.8524999999999999,0.8775000000000001,0.7472427290846408,0.43249999999999994,0.22374999999999998,0.7049999999999997,0.8498187500000001,expanded_jvs_audit
JVS_JVSMuSiC,mert_l9,9,acoustic_full_no_mode,classic,G->S,20,20,0.05,0.6024999999999999,0.10059199769365354,0.45,0.77625,0.8475000000000001,0.711386989794691,0.3525,0.10000000000000003,0.52625,0.8498187500000001,expanded_jvs_audit
JVS_JVSMuSiC,mert_l9,9,acoustic_full_plus_mode,mean_preserving,S->G,20,20,0.05,0.38,0.08276472678623424,0.22375,0.5,0.6749999999999999,0.5142867296961724,0.17250000000000001,-0.026249999999999992,0.35,0.46669375,expanded_jvs_audit
JVS_JVSMuSiC,mert_l9,9,acoustic_full_plus_mode,mean_preserving,G->S,20,20,0.05,0.65,0.08514693182963201,0.5,0.77625,0.8049999999999999,0.7318896658896659,0.4000000000000001,0.22375,0.5762499999999999,0.46669375,expanded_jvs_audit
JVS_JVSMuSiC,mert_l9,9,acoustic_full_plus_mode,classic,S->G,20,20,0.05,0.6325000000000001,0.12676257334087218,0.3975,0.8262499999999999,0.8675,0.7401600523659347,0.42499999999999993,0.19999999999999998,0.6549999999999997,0.46669375,expanded_jvs_audit
JVS_JVSMuSiC,mert_l9,9,acoustic_full_plus_mode,classic,G->S,20,20,0.05,0.6475,0.0928372231381357,0.49750000000000005,0.8262499999999999,0.8474999999999998,0.7380126695200223,0.3975,0.20000000000000007,0.6024999999999998,0.46669375,expanded_jvs_audit
JVS_JVSMuSiC,mert_l9,9,single_group_f0,mean_preserving,S->G,20,20,0.05,0.1425,0.07119515432949071,0.05,0.25,0.4175,0.2931790389155907,-0.065,-0.2,0.04999999999999999,1.0,expanded_jvs_audit
JVS_JVSMuSiC,mert_l9,9,single_group_f0,mean_preserving,G->S,20,20,0.05,0.1925,0.048153400710645555,0.1,0.27624999999999994,0.5449999999999998,0.363496243318515,-0.057499999999999996,-0.12625,0.05000000000000002,1.0,expanded_jvs_audit
JVS_JVSMuSiC,mert_l9,9,single_group_energy,mean_preserving,S->G,20,20,0.05,0.28500000000000003,0.09500000000000001,0.15,0.47624999999999995,0.725,0.4757746967514769,0.07749999999999999,-0.155,0.30000000000000004,0.9892499999999999,expanded_jvs_audit
JVS_JVSMuSiC,mert_l9,9,single_group_energy,mean_preserving,G->S,20,20,0.05,0.4425,0.10280442597476043,0.27375,0.6,0.8524999999999998,0.615815634475174,0.19249999999999995,0.023749999999999997,0.3762499999999999,0.9892499999999999,expanded_jvs_audit
JVS_JVSMuSiC,mert_l9,9,single_group_duration,mean_preserving,S->G,20,20,0.05,0.5325000000000001,0.10158124826955021,0.34750000000000003,0.7,0.8774999999999998,0.674730692918193,0.325,0.12375,0.47624999999999995,0.8845187500000001,expanded_jvs_audit
JVS_JVSMuSiC,mert_l9,9,single_group_duration,mean_preserving,G->S,20,20,0.05,0.6474999999999999,0.0901041064547005,0.47375,0.8,0.89,0.7566449314574315,0.3975000000000001,0.19999999999999998,0.5762499999999999,0.8845187500000001,expanded_jvs_audit
JVS_JVSMuSiC,mert_l9,9,single_group_voicing,mean_preserving,S->G,20,20,0.05,0.20750000000000002,0.07949056547792323,0.1,0.3787499999999998,0.5725,0.38823457470032546,0.0,0.0,0.0,1.0,expanded_jvs_audit
JVS_JVSMuSiC,mert_l9,9,single_group_voicing,mean_preserving,G->S,20,20,0.05,0.25,0.07745966692414834,0.12375,0.3762499999999999,0.6475,0.43232685022236106,0.0,0.0,0.0,1.0,expanded_jvs_audit
JVS_JVSMuSiC,mert_l9,9,full_minus_f0,mean_preserving,S->G,20,20,0.05,0.4725,0.10182705927208151,0.32375,0.65,0.76,0.6040987202082404,0.26499999999999996,0.07374999999999998,0.45249999999999985,0.8400062500000001,expanded_jvs_audit
JVS_JVSMuSiC,mert_l9,9,full_minus_f0,mean_preserving,G->S,20,20,0.05,0.6449999999999999,0.0739932429347437,0.55,0.8,0.885,0.7533480569138464,0.39499999999999996,0.25,0.52625,0.8400062500000001,expanded_jvs_audit
JVS_JVSMuSiC,mert_l9,9,full_minus_energy,mean_preserving,S->G,20,20,0.05,0.42000000000000004,0.08276472678623426,0.2475,0.5524999999999999,0.6825,0.5475083171902058,0.21250000000000005,0.04750000000000002,0.3762499999999999,0.8863687500000001,expanded_jvs_audit
JVS_JVSMuSiC,mert_l9,9,full_minus_energy,mean_preserving,G->S,20,20,0.05,0.585,0.08077747210701755,0.47375,0.72625,0.8025,0.6921852717823114,0.33499999999999996,0.17375000000000002,0.5,0.8863687500000001,expanded_jvs_audit
JVS_JVSMuSiC,mert_l9,9,full_minus_duration,mean_preserving,S->G,20,20,0.05,0.195,0.10111874208078342,0.05,0.3762499999999999,0.5875000000000001,0.370867995448394,-0.012500000000000006,-0.28125,0.27624999999999994,0.9877499999999999,expanded_jvs_audit
JVS_JVSMuSiC,mert_l9,9,full_minus_duration,mean_preserving,G->S,20,20,0.05,0.33999999999999997,0.10908712114635714,0.12375,0.52625,0.7024999999999999,0.506570472720434,0.09,-0.15,0.35499999999999976,0.9877499999999999,expanded_jvs_audit
JVS_JVSMuSiC,mert_l9,9,full_minus_voicing,mean_preserving,S->G,20,20,0.05,0.38499999999999995,0.09759610647971569,0.17375000000000002,0.52625,0.645,0.5127033118884898,0.17750000000000005,0.0,0.32624999999999993,0.8498187500000001,expanded_jvs_audit
JVS_JVSMuSiC,mert_l9,9,full_minus_voicing,mean_preserving,G->S,20,20,0.05,0.625,0.10062305898749054,0.47375,0.8024999999999999,0.8125,0.720811126115886,0.3749999999999999,0.12375000000000003,0.52625,0.8498187500000001,expanded_jvs_audit
JVS_JVSMuSiC,mert_l9,9,row_shuffled_nuisance,mean_preserving,S->G,20,20,0.05,0.20749999999999996,0.0597390157267426,0.1,0.3024999999999998,0.595,0.3864993815309218,0.0,-0.07625000000000003,0.1,1.0,expanded_jvs_audit
JVS_JVSMuSiC,mert_l9,9,row_shuffled_nuisance,mean_preserving,G->S,20,20,0.05,0.2625,0.08785641695402789,0.15,0.42624999999999996,0.645,0.43159132252766164,0.012500000000000006,-0.09999999999999999,0.1,1.0,expanded_jvs_audit
JVS_JVSMuSiC,mert_l9,9,random_gaussian_nuisance,mean_preserving,S->G,20,20,0.05,0.20250000000000004,0.07980444849756184,0.1,0.3762499999999999,0.6100000000000001,0.3884084112804121,-0.004999999999999999,-0.09999999999999999,0.10249999999999987,1.0,expanded_jvs_audit
JVS_JVSMuSiC,mert_l9,9,random_gaussian_nuisance,mean_preserving,G->S,20,20,0.05,0.2525,0.08437268515343103,0.15,0.4,0.6425000000000001,0.43518858249808323,0.0025000000000000035,-0.07625,0.07624999999999997,1.0,expanded_jvs_audit
JVS_JVSMuSiC,mert_l9,9,random_low_rank_projection,mean_preserving,S->G,20,20,0.05,0.205,0.07729812416870153,0.1,0.3787499999999998,0.5775000000000001,0.3875006995068915,-0.0024999999999999996,-0.026249999999999992,0.0,1.0,expanded_jvs_audit
JVS_JVSMuSiC,mert_l9,9,random_low_rank_projection,mean_preserving,G->S,20,20,0.05,0.25,0.07745966692414834,0.12375,0.3762499999999999,0.6424999999999998,0.43150105693884716,0.0,0.0,0.0,1.0,expanded_jvs_audit
JVS_JVSMuSiC,mert_l12,12,raw,raw,S->G,20,20,0.05,0.2125,0.06299801584177077,0.12375,0.35249999999999987,0.6100000000000001,0.3987170184584078,0.0,0.0,0.0,1.0,expanded_jvs_audit
JVS_JVSMuSiC,mert_l12,12,raw,raw,G->S,20,20,0.05,0.1925,0.0779021822544144,0.1,0.35249999999999987,0.5475000000000001,0.36305635110288753,0.0,0.0,0.0,1.0,expanded_jvs_audit
JVS_JVSMuSiC,mert_l12,12,center_only_classic,classic,S->G,20,20,0.05,0.51,0.10677078252031312,0.2975,0.65,0.9225000000000001,0.6771956168831169,0.2975,0.07125,0.4262499999999999,1.0,expanded_jvs_audit
JVS_JVSMuSiC,mert_l12,12,center_only_classic,classic,G->S,20,20,0.05,0.1975,0.08287792227125387,0.1,0.35249999999999987,0.6225,0.3768546504987101,0.005,-0.05,0.07624999999999994,1.0,expanded_jvs_audit
JVS_JVSMuSiC,mert_l12,12,mode_dummy_only,mean_preserving,S->G,20,20,0.05,0.535,0.09096702699330125,0.4,0.7024999999999999,0.86,0.6766715735245146,0.32249999999999995,0.14750000000000002,0.47624999999999995,0.48661875,expanded_jvs_audit
JVS_JVSMuSiC,mert_l12,12,mode_dummy_only,mean_preserving,G->S,20,20,0.05,0.6,0.11180339887498948,0.37125,0.77625,0.8625000000000002,0.7144926538352429,0.4075000000000001,0.17125,0.62625,0.48661875,expanded_jvs_audit
JVS_JVSMuSiC,mert_l12,12,mode_dummy_only,classic,S->G,20,20,0.05,0.6475,0.1066243405606806,0.45,0.8,0.9349999999999999,0.7628888264513264,0.43500000000000005,0.22375,0.6,0.48661875,expanded_jvs_audit
JVS_JVSMuSiC,mert_l12,12,mode_dummy_only,classic,G->S,20,20,0.05,0.5725,0.10304731922762474,0.35,0.72625,0.8949999999999999,0.7102400793650794,0.38,0.09749999999999998,0.5762499999999999,0.48661875,expanded_jvs_audit
JVS_JVSMuSiC,mert_l12,12,acoustic_full_no_mode,mean_preserving,S->G,20,20,0.05,0.34249999999999997,0.07119515432949071,0.22375,0.5,0.5974999999999999,0.47220778357349563,0.12999999999999998,-0.07625000000000001,0.25,0.8330625000000002,expanded_jvs_audit
JVS_JVSMuSiC,mert_l12,12,acoustic_full_no_mode,mean_preserving,G->S,20,20,0.05,0.49749999999999994,0.0766077672302228,0.37375,0.6,0.7675,0.6165315075898474,0.305,0.15000000000000002,0.4762499999999999,0.8330625000000002,expanded_jvs_audit
JVS_JVSMuSiC,mert_l12,12,acoustic_full_no_mode,classic,S->G,20,20,0.05,0.5399999999999999,0.12,0.32375,0.72625,0.7775000000000001,0.6511265709372326,0.3275,0.07374999999999998,0.5762499999999999,0.8330625000000002,expanded_jvs_audit
JVS_JVSMuSiC,mert_l12,12,acoustic_full_no_mode,classic,G->S,20,20,0.05,0.44749999999999995,0.08584142356694698,0.3,0.6,0.7775,0.5870316777735509,0.255,0.04999999999999999,0.4,0.8330625000000002,expanded_jvs_audit
JVS_JVSMuSiC,mert_l12,12,acoustic_full_plus_mode,mean_preserving,S->G,20,20,0.05,0.31999999999999995,0.06782329983125268,0.17375000000000002,0.4,0.62,0.46211974007030127,0.1075,-0.07625000000000003,0.2,0.4583875,expanded_jvs_audit
JVS_JVSMuSiC,mert_l12,12,acoustic_full_plus_mode,mean_preserving,G->S,20,20,0.05,0.5149999999999999,0.09886859966642594,0.32375,0.65,0.7675000000000001,0.6298006302155876,0.32250000000000006,0.07374999999999998,0.4762499999999999,0.4583875,expanded_jvs_audit
JVS_JVSMuSiC,mert_l12,12,acoustic_full_plus_mode,classic,S->G,20,20,0.05,0.5424999999999999,0.11321991874224252,0.35,0.72625,0.7775000000000001,0.6499102005021122,0.32999999999999996,0.09999999999999998,0.5762499999999999,0.4583875,expanded_jvs_audit
JVS_JVSMuSiC,mert_l12,12,acoustic_full_plus_mode,classic,G->S,20,20,0.05,0.5075000000000001,0.10985786271359915,0.3,0.6762499999999999,0.7675,0.6242162505537119,0.315,0.04999999999999999,0.44999999999999996,0.4583875,expanded_jvs_audit
JVS_JVSMuSiC,mert_l12,12,single_group_f0,mean_preserving,S->G,20,20,0.05,0.13999999999999996,0.07176350047203663,0.05,0.27624999999999994,0.45499999999999996,0.30014767459707475,-0.07250000000000001,-0.15000000000000002,0.026249999999999937,1.0,expanded_jvs_audit
JVS_JVSMuSiC,mert_l12,12,single_group_f0,mean_preserving,G->S,20,20,0.05,0.175,0.06422616289332565,0.07375000000000001,0.3,0.53,0.336212379929582,-0.017499999999999998,-0.12625,0.05000000000000002,1.0,expanded_jvs_audit
JVS_JVSMuSiC,mert_l12,12,single_group_energy,mean_preserving,S->G,20,20,0.05,0.2975,0.08728545125048047,0.12375,0.42624999999999996,0.7224999999999999,0.47670642730162854,0.08499999999999999,-0.15000000000000002,0.22624999999999992,0.97575,expanded_jvs_audit
JVS_JVSMuSiC,mert_l12,12,single_group_energy,mean_preserving,G->S,20,20,0.05,0.3675,0.11211043662389332,0.17375000000000002,0.5524999999999999,0.7675,0.5465708235800147,0.175,0.023749999999999997,0.35,0.97575,expanded_jvs_audit
JVS_JVSMuSiC,mert_l12,12,single_group_duration,mean_preserving,S->G,20,20,0.05,0.46749999999999997,0.10158124826955024,0.27375,0.65,0.8299999999999998,0.6157364332970949,0.255,0.047499999999999994,0.4,0.881725,expanded_jvs_audit
JVS_JVSMuSiC,mert_l12,12,single_group_duration,mean_preserving,G->S,20,20,0.05,0.53,0.0940744386111339,0.35,0.6762499999999999,0.8300000000000001,0.6596410702193403,0.3375,0.17375,0.5262499999999999,0.881725,expanded_jvs_audit
JVS_JVSMuSiC,mert_l12,12,single_group_voicing,mean_preserving,S->G,20,20,0.05,0.2125,0.06299801584177077,0.12375,0.35249999999999987,0.6100000000000001,0.3987170184584078,0.0,0.0,0.0,1.0,expanded_jvs_audit
JVS_JVSMuSiC,mert_l12,12,single_group_voicing,mean_preserving,G->S,20,20,0.05,0.1925,0.0779021822544144,0.1,0.35249999999999987,0.5475000000000001,0.36305635110288753,0.0,0.0,0.0,1.0,expanded_jvs_audit
JVS_JVSMuSiC,mert_l12,12,full_minus_f0,mean_preserving,S->G,20,20,0.05,0.425,0.0873212459828649,0.2475,0.5762499999999999,0.7274999999999998,0.5582497037276449,0.2125,0.021250000000000005,0.35,0.8061312500000002,expanded_jvs_audit
JVS_JVSMuSiC,mert_l12,12,full_minus_f0,mean_preserving,G->S,20,20,0.05,0.5275000000000001,0.07327175444876423,0.3975,0.65,0.8225,0.6665911838849146,0.335,0.17374999999999996,0.5,0.8061312500000002,expanded_jvs_audit
JVS_JVSMuSiC,mert_l12,12,full_minus_energy,mean_preserving,S->G,20,20,0.05,0.3549999999999999,0.08930285549745877,0.2,0.52625,0.635,0.4896577563410961,0.14250000000000002,-0.05000000000000002,0.3762499999999999,0.8813374999999999,expanded_jvs_audit
JVS_JVSMuSiC,mert_l12,12,full_minus_energy,mean_preserving,G->S,20,20,0.05,0.45500000000000007,0.09473647660748209,0.3,0.6,0.75,0.5963736737548657,0.26250000000000007,0.12374999999999999,0.45,0.8813374999999999,expanded_jvs_audit
JVS_JVSMuSiC,mert_l12,12,full_minus_duration,mean_preserving,S->G,20,20,0.05,0.20750000000000002,0.08554969316134337,0.05,0.32624999999999993,0.5825,0.38337161122116614,-0.005000000000000006,-0.22875,0.20249999999999985,0.9720375000000001,expanded_jvs_audit
JVS_JVSMuSiC,mert_l12,12,full_minus_duration,mean_preserving,G->S,20,20,0.05,0.3,0.09874208829065749,0.17375000000000002,0.5024999999999998,0.6175,0.44777608874183955,0.1075,-0.026250000000000023,0.25000000000000006,0.9720375000000001,expanded_jvs_audit
JVS_JVSMuSiC,mert_l12,12,full_minus_voicing,mean_preserving,S->G,20,20,0.05,0.34249999999999997,0.07119515432949071,0.22375,0.5,0.5974999999999999,0.47220778357349563,0.12999999999999998,-0.07625000000000001,0.25,0.8330625000000002,expanded_jvs_audit
JVS_JVSMuSiC,mert_l12,12,full_minus_voicing,mean_preserving,G->S,20,20,0.05,0.49749999999999994,0.0766077672302228,0.37375,0.6,0.7675,0.6165315075898474,0.305,0.15000000000000002,0.4762499999999999,0.8330625000000002,expanded_jvs_audit
JVS_JVSMuSiC,mert_l12,12,row_shuffled_nuisance,mean_preserving,S->G,20,20,0.05,0.21749999999999997,0.07790218225441442,0.12375,0.3787499999999998,0.6049999999999999,0.4001529369645662,0.004999999999999996,-0.05000000000000002,0.12624999999999992,1.0,expanded_jvs_audit
JVS_JVSMuSiC,mert_l12,12,row_shuffled_nuisance,mean_preserving,G->S,20,20,0.05,0.1975,0.08437268515343102,0.1,0.3762499999999999,0.545,0.362324515901625,0.005000000000000002,-0.04999999999999999,0.05000000000000002,1.0,expanded_jvs_audit
JVS_JVSMuSiC,mert_l12,12,random_gaussian_nuisance,mean_preserving,S->G,20,20,0.05,0.21500000000000002,0.05722761571129799,0.12375,0.32624999999999993,0.6199999999999999,0.3993651405139408,0.002499999999999998,-0.07625000000000001,0.1,1.0,expanded_jvs_audit
JVS_JVSMuSiC,mert_l12,12,random_gaussian_nuisance,mean_preserving,G->S,20,20,0.05,0.195,0.085,0.07375000000000001,0.3762499999999999,0.55,0.3660731221178203,0.0025,-0.05249999999999999,0.05,1.0,expanded_jvs_audit
JVS_JVSMuSiC,mert_l12,12,random_low_rank_projection,mean_preserving,S->G,20,20,0.05,0.21500000000000002,0.07262919523166975,0.12375,0.3787499999999998,0.6075,0.4002044164770558,0.002499999999999998,-0.026250000000000006,0.04999999999999999,1.0,expanded_jvs_audit
JVS_JVSMuSiC,mert_l12,12,random_low_rank_projection,mean_preserving,G->S,20,20,0.05,0.1925,0.0779021822544144,0.1,0.35249999999999987,0.5475000000000001,0.36327553469707113,0.0,0.0,0.0,1.0,expanded_jvs_audit
JVS_JVSMuSiC,wavlm_l6,6,raw,raw,S->G,20,20,0.05,0.09000000000000001,0.03741657386773941,0.05,0.15,0.41000000000000003,0.2513872909963274,0.0,0.0,0.0,1.0,expanded_jvs_audit
JVS_JVSMuSiC,wavlm_l6,6,raw,raw,G->S,20,20,0.05,0.20750000000000002,0.045483513496650634,0.15,0.3,0.4875,0.34932384520793963,0.0,0.0,0.0,1.0,expanded_jvs_audit
JVS_JVSMuSiC,wavlm_l6,6,center_only_classic,classic,S->G,20,20,0.05,0.5975,0.12295832627357939,0.4,0.8524999999999999,0.9324999999999999,0.7474919108669107,0.5075000000000001,0.32375000000000004,0.75,1.0,expanded_jvs_audit
JVS_JVSMuSiC,wavlm_l6,6,center_only_classic,classic,G->S,20,20,0.05,0.20500000000000002,0.04153311931459037,0.15,0.27624999999999994,0.53,0.35414521511125613,-0.0024999999999999996,-0.09999999999999999,0.07624999999999994,1.0,expanded_jvs_audit
JVS_JVSMuSiC,wavlm_l6,6,mode_dummy_only,mean_preserving,S->G,20,20,0.05,0.4125,0.08642193008721803,0.27375,0.5762499999999999,0.76,0.5586500890857509,0.3225,0.17375,0.4762499999999999,0.4753750000000001,expanded_jvs_audit
JVS_JVSMuSiC,wavlm_l6,6,mode_dummy_only,mean_preserving,G->S,20,20,0.05,0.6624999999999999,0.10709224995301947,0.47375,0.8262499999999999,0.9274999999999999,0.7716549605365395,0.45499999999999996,0.22375,0.65,0.4753750000000001,expanded_jvs_audit
JVS_JVSMuSiC,wavlm_l6,6,mode_dummy_only,classic,S->G,20,20,0.05,0.7375,0.09065732182234372,0.55,0.85,0.9599999999999997,0.8313263888888889,0.6475000000000001,0.47375000000000006,0.75,0.4753750000000001,expanded_jvs_audit
JVS_JVSMuSiC,wavlm_l6,6,mode_dummy_only,classic,G->S,20,20,0.05,0.72,0.09137833441248533,0.5475,0.87625,0.9649999999999999,0.8177600108225107,0.5125,0.3,0.7,0.4753750000000001,expanded_jvs_audit
JVS_JVSMuSiC,wavlm_l6,6,acoustic_full_no_mode,mean_preserving,S->G,20,20,0.05,0.2425,0.10638961415476605,0.1,0.47624999999999995,0.5599999999999998,0.39824236424265447,0.15250000000000002,0.0,0.35249999999999987,0.85956875,expanded_jvs_audit
JVS_JVSMuSiC,wavlm_l6,6,acoustic_full_no_mode,mean_preserving,G->S,20,20,0.05,0.58,0.10535653752852737,0.4,0.75,0.8025000000000002,0.6845819342873329,0.3725,0.17375000000000002,0.55,0.85956875,expanded_jvs_audit
JVS_JVSMuSiC,wavlm_l6,6,acoustic_full_no_mode,classic,S->G,20,20,0.05,0.5325000000000001,0.11211043662389332,0.37375,0.77625,0.8375,0.6653447945995354,0.4425,0.27375,0.72625,0.85956875,expanded_jvs_audit
JVS_JVSMuSiC,wavlm_l6,6,acoustic_full_no_mode,classic,G->S,20,20,0.05,0.5825,0.1121104366238933,0.42375,0.8024999999999999,0.8100000000000002,0.6941619226791441,0.375,0.2,0.5762499999999999,0.85956875,expanded_jvs_audit
JVS_JVSMuSiC,wavlm_l6,6,acoustic_full_plus_mode,mean_preserving,S->G,20,20,0.05,0.29,0.10908712114635714,0.12375,0.47624999999999995,0.5874999999999999,0.43021935828834046,0.2,-0.0024999999999999953,0.42624999999999996,0.4782375,expanded_jvs_audit
JVS_JVSMuSiC,wavlm_l6,6,acoustic_full_plus_mode,mean_preserving,G->S,20,20,0.05,0.6125,0.09984362773857927,0.42375,0.75,0.7875,0.6979708090434678,0.40499999999999997,0.2,0.55,0.4782375,expanded_jvs_audit
JVS_JVSMuSiC,wavlm_l6,6,acoustic_full_plus_mode,classic,S->G,20,20,0.05,0.57,0.11224972160321824,0.37375,0.77625,0.805,0.6787337992352505,0.48,0.3,0.72625,0.4782375,expanded_jvs_audit
JVS_JVSMuSiC,wavlm_l6,6,acoustic_full_plus_mode,classic,G->S,20,20,0.05,0.625,0.11456439237389598,0.4475,0.87625,0.8049999999999999,0.7163095534926031,0.4175,0.22375,0.65,0.4782375,expanded_jvs_audit
JVS_JVSMuSiC,wavlm_l6,6,single_group_f0,mean_preserving,S->G,20,20,0.05,0.0875,0.04437059837324712,0.023750000000000004,0.15,0.3725,0.23372177130574961,-0.002500000000000001,-0.05,0.07624999999999992,1.0,expanded_jvs_audit
JVS_JVSMuSiC,wavlm_l6,6,single_group_f0,mean_preserving,G->S,20,20,0.05,0.18000000000000002,0.0659545297913646,0.1,0.3,0.4600000000000001,0.3243968395081011,-0.027500000000000004,-0.17625,0.07624999999999993,1.0,expanded_jvs_audit
JVS_JVSMuSiC,wavlm_l6,6,single_group_energy,mean_preserving,S->G,20,20,0.05,0.10000000000000002,0.04743416490252569,0.05,0.20249999999999985,0.4125000000000001,0.26480215754103137,0.01,-0.05,0.12624999999999992,0.990375,expanded_jvs_audit
JVS_JVSMuSiC,wavlm_l6,6,single_group_energy,mean_preserving,G->S,20,20,0.05,0.215,0.08817596044274198,0.05,0.32624999999999993,0.6125,0.39422358028753146,0.007499999999999991,-0.15000000000000002,0.15,0.990375,expanded_jvs_audit
JVS_JVSMuSiC,wavlm_l6,6,single_group_duration,mean_preserving,S->G,20,20,0.05,0.37,0.09273618495495704,0.1975,0.5,0.7274999999999998,0.5326288390294776,0.2799999999999999,0.09999999999999999,0.4,0.9057624999999998,expanded_jvs_audit
JVS_JVSMuSiC,wavlm_l6,6,single_group_duration,mean_preserving,G->S,20,20,0.05,0.6075,0.09522998477370455,0.5,0.75,0.8574999999999999,0.7177999806458593,0.39999999999999997,0.22375,0.5762499999999999,0.9057624999999998,expanded_jvs_audit
JVS_JVSMuSiC,wavlm_l6,6,single_group_voicing,mean_preserving,S->G,20,20,0.05,0.09000000000000001,0.03741657386773941,0.05,0.15,0.41000000000000003,0.2513872909963274,0.0,0.0,0.0,1.0,expanded_jvs_audit
JVS_JVSMuSiC,wavlm_l6,6,single_group_voicing,mean_preserving,G->S,20,20,0.05,0.20750000000000002,0.045483513496650634,0.15,0.3,0.4875,0.34932384520793963,0.0,0.0,0.0,1.0,expanded_jvs_audit
JVS_JVSMuSiC,wavlm_l6,6,full_minus_f0,mean_preserving,S->G,20,20,0.05,0.30250000000000005,0.10894379284750463,0.12375,0.5024999999999998,0.63,0.45201956748531824,0.2125,0.023750000000000004,0.37625,0.85993125,expanded_jvs_audit
JVS_JVSMuSiC,wavlm_l6,6,full_minus_f0,mean_preserving,G->S,20,20,0.05,0.6125,0.0973075022801428,0.42375,0.7787499999999997,0.8475000000000001,0.718151677560056,0.40499999999999997,0.22375,0.6024999999999998,0.85993125,expanded_jvs_audit
JVS_JVSMuSiC,wavlm_l6,6,full_minus_energy,mean_preserving,S->G,20,20,0.05,0.29,0.08602325267042626,0.12375,0.4,0.6775,0.4542648218224844,0.20000000000000004,0.049999999999999996,0.35000000000000003,0.90605625,expanded_jvs_audit
JVS_JVSMuSiC,wavlm_l6,6,full_minus_energy,mean_preserving,G->S,20,20,0.05,0.545,0.10356157588603987,0.4,0.72625,0.78,0.6551271435715129,0.3374999999999999,0.12375000000000003,0.5,0.90605625,expanded_jvs_audit
JVS_JVSMuSiC,wavlm_l6,6,full_minus_duration,mean_preserving,S->G,20,20,0.05,0.1,0.05244044240850758,0.05,0.22624999999999992,0.355,0.2498878934855134,0.01,-0.05,0.15249999999999986,0.99059375,expanded_jvs_audit
JVS_JVSMuSiC,wavlm_l6,6,full_minus_duration,mean_preserving,G->S,20,20,0.05,0.17,0.062048368229954284,0.05,0.27624999999999994,0.5025,0.3348544058495684,-0.0375,-0.15000000000000002,0.07624999999999994,0.99059375,expanded_jvs_audit
JVS_JVSMuSiC,wavlm_l6,6,full_minus_voicing,mean_preserving,S->G,20,20,0.05,0.2425,0.10638961415476605,0.1,0.47624999999999995,0.5599999999999998,0.39824236424265447,0.15250000000000002,0.0,0.35249999999999987,0.85956875,expanded_jvs_audit
JVS_JVSMuSiC,wavlm_l6,6,full_minus_voicing,mean_preserving,G->S,20,20,0.05,0.58,0.10535653752852737,0.4,0.75,0.8025000000000002,0.6845819342873329,0.3725,0.17375000000000002,0.55,0.85956875,expanded_jvs_audit
JVS_JVSMuSiC,wavlm_l6,6,row_shuffled_nuisance,mean_preserving,S->G,20,20,0.05,0.095,0.049749371855330994,0.05,0.20249999999999985,0.42000000000000004,0.2553912917470386,0.005,-0.05,0.07624999999999993,1.0,expanded_jvs_audit
JVS_JVSMuSiC,wavlm_l6,6,row_shuffled_nuisance,mean_preserving,G->S,20,20,0.05,0.20750000000000007,0.05068283733178323,0.15,0.3,0.4625,0.34779191650282987,-1.3877787807814458e-18,-0.05000000000000002,0.05000000000000002,1.0,expanded_jvs_audit
JVS_JVSMuSiC,wavlm_l6,6,random_gaussian_nuisance,mean_preserving,S->G,20,20,0.05,0.0925,0.03631459761583487,0.05,0.15,0.41500000000000004,0.25584132261357495,0.0025,-0.05,0.05,1.0,expanded_jvs_audit
JVS_JVSMuSiC,wavlm_l6,6,random_gaussian_nuisance,mean_preserving,G->S,20,20,0.05,0.22000000000000006,0.05099019513592785,0.15,0.32624999999999993,0.48249999999999993,0.35740383186000446,0.0125,-0.05,0.09999999999999999,1.0,expanded_jvs_audit
JVS_JVSMuSiC,wavlm_l6,6,random_low_rank_projection,mean_preserving,S->G,20,20,0.05,0.09000000000000001,0.03741657386773941,0.05,0.15,0.41000000000000003,0.2524711228099386,0.0,0.0,0.0,1.0,expanded_jvs_audit
JVS_JVSMuSiC,wavlm_l6,6,random_low_rank_projection,mean_preserving,G->S,20,20,0.05,0.21000000000000002,0.048989794855663564,0.15,0.3,0.4899999999999999,0.35041028756460263,0.0024999999999999996,-0.026250000000000006,0.05,1.0,expanded_jvs_audit
JVS_JVSMuSiC,wavlm_l9,9,raw,raw,S->G,20,20,0.05,0.10500000000000001,0.05454356057317857,0.05,0.2,0.3575,0.24523693331307497,0.0,0.0,0.0,1.0,expanded_jvs_audit
JVS_JVSMuSiC,wavlm_l9,9,raw,raw,G->S,20,20,0.05,0.17250000000000001,0.03344772040064914,0.12375,0.22624999999999992,0.3925,0.3044179282082726,0.0,0.0,0.0,1.0,expanded_jvs_audit
JVS_JVSMuSiC,wavlm_l9,9,center_only_classic,classic,S->G,20,20,0.05,0.41,0.09165151389911681,0.27375,0.5762499999999999,0.9049999999999999,0.6228343531468531,0.30500000000000005,0.07374999999999998,0.4787499999999998,1.0,expanded_jvs_audit
JVS_JVSMuSiC,wavlm_l9,9,center_only_classic,classic,G->S,20,20,0.05,0.16499999999999998,0.05024937810560445,0.07375000000000001,0.25,0.44750000000000006,0.3101194402218009,-0.007499999999999998,-0.07625,0.05000000000000002,1.0,expanded_jvs_audit
JVS_JVSMuSiC,wavlm_l9,9,mode_dummy_only,mean_preserving,S->G,20,20,0.05,0.25,0.04183300132670377,0.2,0.3,0.6600000000000001,0.4346281831773318,0.145,0.0,0.25,0.49793750000000003,expanded_jvs_audit
JVS_JVSMuSiC,wavlm_l9,9,mode_dummy_only,mean_preserving,G->S,20,20,0.05,0.5225,0.10544548354481571,0.37375,0.7,0.8525,0.6677681777931392,0.35,0.19999999999999998,0.5,0.49793750000000003,expanded_jvs_audit
JVS_JVSMuSiC,wavlm_l9,9,mode_dummy_only,classic,S->G,20,20,0.05,0.53,0.10535653752852739,0.37375,0.72625,0.9099999999999999,0.686825108918859,0.42499999999999993,0.22375,0.6762499999999999,0.49793750000000003,expanded_jvs_audit
JVS_JVSMuSiC,wavlm_l9,9,mode_dummy_only,classic,G->S,20,20,0.05,0.5575,0.13626720074911644,0.32375,0.8262499999999999,0.9049999999999999,0.7022038770053476,0.3849999999999999,0.14999999999999997,0.6524999999999999,0.49793750000000003,expanded_jvs_audit
JVS_JVSMuSiC,wavlm_l9,9,acoustic_full_no_mode,mean_preserving,S->G,20,20,0.05,0.16000000000000003,0.05612486080160912,0.07375000000000001,0.25,0.5025000000000001,0.326611429237687,0.05500000000000001,-0.0525,0.17624999999999993,0.86186875,expanded_jvs_audit
JVS_JVSMuSiC,wavlm_l9,9,acoustic_full_no_mode,mean_preserving,G->S,20,20,0.05,0.34500000000000003,0.0804673846971554,0.17375000000000002,0.47624999999999995,0.6900000000000001,0.504102483139925,0.17250000000000001,0.023749999999999997,0.32624999999999993,0.86186875,expanded_jvs_audit
JVS_JVSMuSiC,wavlm_l9,9,acoustic_full_no_mode,classic,S->G,20,20,0.05,0.37249999999999994,0.09934158243152763,0.2,0.5524999999999999,0.7375,0.5384803601648609,0.26749999999999996,0.09999999999999999,0.5024999999999998,0.86186875,expanded_jvs_audit
JVS_JVSMuSiC,wavlm_l9,9,acoustic_full_no_mode,classic,G->S,20,20,0.05,0.38,0.07314369419163896,0.25,0.5287499999999998,0.7224999999999999,0.5362047452461539,0.20750000000000002,0.09999999999999999,0.3787499999999998,0.86186875,expanded_jvs_audit
JVS_JVSMuSiC,wavlm_l9,9,acoustic_full_plus_mode,mean_preserving,S->G,20,20,0.05,0.18,0.0696419413859206,0.05,0.27624999999999994,0.4374999999999999,0.3237150727347128,0.075,-0.05000000000000001,0.17624999999999993,0.4870000000000001,expanded_jvs_audit
JVS_JVSMuSiC,wavlm_l9,9,acoustic_full_plus_mode,mean_preserving,G->S,20,20,0.05,0.38499999999999995,0.10012492197250393,0.2475,0.62625,0.6825,0.522136328465566,0.2125,0.07375,0.45249999999999985,0.4870000000000001,expanded_jvs_audit
JVS_JVSMuSiC,wavlm_l9,9,acoustic_full_plus_mode,classic,S->G,20,20,0.05,0.4,0.09617692030835673,0.22375,0.5524999999999999,0.7175,0.5493315968517207,0.295,0.07375,0.5024999999999998,0.4870000000000001,expanded_jvs_audit
JVS_JVSMuSiC,wavlm_l9,9,acoustic_full_plus_mode,classic,G->S,20,20,0.05,0.39999999999999997,0.10954451150103323,0.22125,0.5787499999999998,0.7350000000000001,0.5540470861697642,0.22750000000000004,0.047499999999999994,0.45249999999999985,0.4870000000000001,expanded_jvs_audit
JVS_JVSMuSiC,wavlm_l9,9,single_group_f0,mean_preserving,S->G,20,20,0.05,0.0975,0.046029881598804924,0.05,0.17624999999999993,0.305,0.23011922245281383,-0.0075000000000000015,-0.05000000000000002,0.05,1.0,expanded_jvs_audit
JVS_JVSMuSiC,wavlm_l9,9,single_group_f0,mean_preserving,G->S,20,20,0.05,0.13000000000000003,0.05567764362830022,0.05,0.22624999999999992,0.39499999999999996,0.2754927751771792,-0.042499999999999996,-0.1525,0.05,1.0,expanded_jvs_audit
JVS_JVSMuSiC,wavlm_l9,9,single_group_energy,mean_preserving,S->G,20,20,0.05,0.0825,0.05309190145398825,0.05,0.22624999999999992,0.33499999999999996,0.23159130684846635,-0.0225,-0.15000000000000002,0.1287499999999998,0.9863687499999999,expanded_jvs_audit
JVS_JVSMuSiC,wavlm_l9,9,single_group_energy,mean_preserving,G->S,20,20,0.05,0.14,0.058309518948453,0.05,0.25,0.4325,0.2937443565314114,-0.0325,-0.15000000000000002,0.1,0.9863687499999999,expanded_jvs_audit
JVS_JVSMuSiC,wavlm_l9,9,single_group_duration,mean_preserving,S->G,20,20,0.05,0.22999999999999998,0.05999999999999999,0.12375,0.32624999999999993,0.59,0.4075881673366194,0.125,0.0,0.27624999999999994,0.9039625000000001,expanded_jvs_audit
JVS_JVSMuSiC,wavlm_l9,9,single_group_duration,mean_preserving,G->S,20,20,0.05,0.45,0.07905694150420949,0.27375,0.5762499999999999,0.7699999999999999,0.5907654185984293,0.27749999999999997,0.09999999999999999,0.4,0.9039625000000001,expanded_jvs_audit
JVS_JVSMuSiC,wavlm_l9,9,single_group_voicing,mean_preserving,S->G,20,20,0.05,0.10500000000000001,0.05454356057317857,0.05,0.2,0.3575,0.24523693331307497,0.0,0.0,0.0,1.0,expanded_jvs_audit
JVS_JVSMuSiC,wavlm_l9,9,single_group_voicing,mean_preserving,G->S,20,20,0.05,0.17250000000000001,0.03344772040064914,0.12375,0.22624999999999992,0.3925,0.3044179282082726,0.0,0.0,0.0,1.0,expanded_jvs_audit
JVS_JVSMuSiC,wavlm_l9,9,full_minus_f0,mean_preserving,S->G,20,20,0.05,0.21000000000000005,0.07,0.1,0.35249999999999987,0.57,0.3809083217479115,0.10500000000000001,-0.026249999999999992,0.27874999999999983,0.865325,expanded_jvs_audit
JVS_JVSMuSiC,wavlm_l9,9,full_minus_f0,mean_preserving,G->S,20,20,0.05,0.4025,0.09807522622966516,0.25,0.5762499999999999,0.74,0.5596426399215679,0.23000000000000004,0.04999999999999999,0.4,0.865325,expanded_jvs_audit
JVS_JVSMuSiC,wavlm_l9,9,full_minus_energy,mean_preserving,S->G,20,20,0.05,0.1825,0.06378675411086536,0.1,0.3,0.5050000000000001,0.349085539439061,0.07749999999999999,-0.07625000000000001,0.25,0.9026875000000001,expanded_jvs_audit
JVS_JVSMuSiC,wavlm_l9,9,full_minus_energy,mean_preserving,G->S,20,20,0.05,0.37499999999999994,0.09682458365518543,0.22375,0.5762499999999999,0.695,0.5182631175369177,0.20250000000000004,0.047499999999999994,0.4024999999999998,0.9026875000000001,expanded_jvs_audit
JVS_JVSMuSiC,wavlm_l9,9,full_minus_duration,mean_preserving,S->G,20,20,0.05,0.07750000000000003,0.02947456530637899,0.05,0.12624999999999992,0.32999999999999996,0.22224206774477678,-0.027500000000000004,-0.15000000000000002,0.07624999999999993,0.9874375000000001,expanded_jvs_audit
JVS_JVSMuSiC,wavlm_l9,9,full_minus_duration,mean_preserving,G->S,20,20,0.05,0.12,0.04301162633521314,0.05,0.2,0.3975,0.2697702872355542,-0.052500000000000005,-0.15000000000000002,0.05000000000000002,0.9874375000000001,expanded_jvs_audit
JVS_JVSMuSiC,wavlm_l9,9,full_minus_voicing,mean_preserving,S->G,20,20,0.05,0.16000000000000003,0.05612486080160912,0.07375000000000001,0.25,0.5025000000000001,0.326611429237687,0.05500000000000001,-0.0525,0.17624999999999993,0.86186875,expanded_jvs_audit
JVS_JVSMuSiC,wavlm_l9,9,full_minus_voicing,mean_preserving,G->S,20,20,0.05,0.34500000000000003,0.0804673846971554,0.17375000000000002,0.47624999999999995,0.6900000000000001,0.504102483139925,0.17250000000000001,0.023749999999999997,0.32624999999999993,0.86186875,expanded_jvs_audit
JVS_JVSMuSiC,wavlm_l9,9,row_shuffled_nuisance,mean_preserving,S->G,20,20,0.05,0.1025,0.0402336923485777,0.05,0.17624999999999993,0.3524999999999999,0.24614590869012307,-0.0025,-0.07625000000000001,0.05,1.0,expanded_jvs_audit
JVS_JVSMuSiC,wavlm_l9,9,row_shuffled_nuisance,mean_preserving,G->S,20,20,0.05,0.15500000000000003,0.065,0.05,0.27624999999999994,0.3875,0.29296478198229353,-0.017499999999999995,-0.1,0.10249999999999987,1.0,expanded_jvs_audit
JVS_JVSMuSiC,wavlm_l9,9,random_gaussian_nuisance,mean_preserving,S->G,20,20,0.05,0.1,0.041833001326703784,0.05,0.17624999999999993,0.33749999999999997,0.24098097231930438,-0.005,-0.1,0.05,1.0,expanded_jvs_audit
JVS_JVSMuSiC,wavlm_l9,9,random_gaussian_nuisance,mean_preserving,G->S,20,20,0.05,0.15250000000000002,0.03699662146737186,0.1,0.2,0.3925,0.2937553454779654,-0.019999999999999997,-0.07625000000000001,0.026249999999999937,1.0,expanded_jvs_audit
JVS_JVSMuSiC,wavlm_l9,9,random_low_rank_projection,mean_preserving,S->G,20,20,0.05,0.10500000000000001,0.05454356057317857,0.05,0.2,0.3575,0.24627027741994847,0.0,0.0,0.0,1.0,expanded_jvs_audit
JVS_JVSMuSiC,wavlm_l9,9,random_low_rank_projection,mean_preserving,G->S,20,20,0.05,0.16749999999999998,0.03631459761583488,0.1,0.22624999999999992,0.39249999999999996,0.3022705443421388,-0.005,-0.05,0.0,1.0,expanded_jvs_audit
JVS_JVSMuSiC,wavlm_l12,12,raw,raw,S->G,20,20,0.05,0.13500000000000004,0.05722761571129799,0.07375000000000001,0.27624999999999994,0.4025,0.2757876437610377,0.0,0.0,0.0,1.0,expanded_jvs_audit
JVS_JVSMuSiC,wavlm_l12,12,raw,raw,G->S,20,20,0.05,0.195,0.07399324293474371,0.07375000000000001,0.32624999999999993,0.5350000000000001,0.3585480065063075,0.0,0.0,0.0,1.0,expanded_jvs_audit
JVS_JVSMuSiC,wavlm_l12,12,center_only_classic,classic,S->G,20,20,0.05,0.5374999999999999,0.08642193008721802,0.37375,0.65,0.9024999999999999,0.7015691391941392,0.4025,0.25,0.5524999999999999,1.0,expanded_jvs_audit
JVS_JVSMuSiC,wavlm_l12,12,center_only_classic,classic,G->S,20,20,0.05,0.1675,0.07628073151196178,0.05,0.32624999999999993,0.5725,0.35794388616844114,-0.027500000000000004,-0.15000000000000002,0.05000000000000001,1.0,expanded_jvs_audit
JVS_JVSMuSiC,wavlm_l12,12,mode_dummy_only,mean_preserving,S->G,20,20,0.05,0.3675,0.06179603547154139,0.27375,0.45,0.7575,0.5425144680096305,0.2325,0.15,0.35000000000000003,0.4805125,expanded_jvs_audit
JVS_JVSMuSiC,wavlm_l12,12,mode_dummy_only,mean_preserving,G->S,20,20,0.05,0.5925,0.11098986440211557,0.45,0.8,0.8699999999999999,0.7070661497837388,0.3975,0.25,0.65,0.4805125,expanded_jvs_audit
JVS_JVSMuSiC,wavlm_l12,12,mode_dummy_only,classic,S->G,20,20,0.05,0.6199999999999999,0.10770329614269009,0.45,0.8,0.8949999999999999,0.7396110764235765,0.485,0.32375000000000004,0.6787499999999997,0.4805125,expanded_jvs_audit
JVS_JVSMuSiC,wavlm_l12,12,mode_dummy_only,classic,G->S,20,20,0.05,0.6025000000000001,0.10544548354481571,0.42375,0.8262499999999999,0.8874999999999998,0.7299620240870242,0.40750000000000003,0.2,0.6287499999999998,0.4805125,expanded_jvs_audit
JVS_JVSMuSiC,wavlm_l12,12,acoustic_full_no_mode,mean_preserving,S->G,20,20,0.05,0.225,0.06800735254367722,0.15,0.35,0.5549999999999999,0.39105171302510694,0.09,-0.05,0.2762499999999999,0.8912812499999999,expanded_jvs_audit
JVS_JVSMuSiC,wavlm_l12,12,acoustic_full_no_mode,mean_preserving,G->S,20,20,0.05,0.4575,0.10520812706250408,0.27375,0.62625,0.7375,0.5842641467364764,0.2625,-0.028749999999999984,0.45,0.8912812499999999,expanded_jvs_audit
JVS_JVSMuSiC,wavlm_l12,12,acoustic_full_no_mode,classic,S->G,20,20,0.05,0.4900000000000001,0.10559356040971438,0.35,0.7024999999999999,0.8025,0.6291921140972031,0.355,0.17125,0.5787499999999998,0.8912812499999999,expanded_jvs_audit
JVS_JVSMuSiC,wavlm_l12,12,acoustic_full_no_mode,classic,G->S,20,20,0.05,0.46499999999999997,0.0895823643358446,0.32375,0.62625,0.785,0.6063831830364337,0.26999999999999996,0.0975,0.5024999999999998,0.8912812499999999,expanded_jvs_audit
JVS_JVSMuSiC,wavlm_l12,12,acoustic_full_plus_mode,mean_preserving,S->G,20,20,0.05,0.23500000000000004,0.0653834841531101,0.15,0.3762499999999999,0.5725000000000001,0.39477962200553146,0.1,-0.07625,0.22624999999999992,0.4983375,expanded_jvs_audit
JVS_JVSMuSiC,wavlm_l12,12,acoustic_full_plus_mode,mean_preserving,G->S,20,20,0.05,0.46749999999999997,0.09781998773256927,0.3,0.6524999999999999,0.7499999999999999,0.6010256140273555,0.2725,0.023749999999999997,0.4,0.4983375,expanded_jvs_audit
JVS_JVSMuSiC,wavlm_l12,12,acoustic_full_plus_mode,classic,S->G,20,20,0.05,0.5125000000000001,0.08496322733983212,0.4,0.6762499999999999,0.8,0.6416268236837122,0.37749999999999995,0.22375,0.5762499999999999,0.4983375,expanded_jvs_audit
JVS_JVSMuSiC,wavlm_l12,12,acoustic_full_plus_mode,classic,G->S,20,20,0.05,0.47750000000000004,0.09010410645470049,0.35,0.62625,0.8074999999999999,0.6263090723560925,0.28250000000000003,0.0975,0.4787499999999998,0.4983375,expanded_jvs_audit
JVS_JVSMuSiC,wavlm_l12,12,single_group_f0,mean_preserving,S->G,20,20,0.05,0.1075,0.03269174207655505,0.05,0.15,0.36,0.24422038242974775,-0.027500000000000004,-0.15,0.0,1.0,expanded_jvs_audit
JVS_JVSMuSiC,wavlm_l12,12,single_group_f0,mean_preserving,G->S,20,20,0.05,0.1325,0.08554969316134338,0.05,0.32624999999999993,0.47750000000000004,0.304681444694796,-0.0625,-0.17625,0.0,1.0,expanded_jvs_audit
JVS_JVSMuSiC,wavlm_l12,12,single_group_energy,mean_preserving,S->G,20,20,0.05,0.14500000000000002,0.05454356057317857,0.07375000000000001,0.25,0.4624999999999999,0.3084522729377605,0.010000000000000002,-0.1525,0.12624999999999992,0.9944000000000001,expanded_jvs_audit
JVS_JVSMuSiC,wavlm_l12,12,single_group_energy,mean_preserving,G->S,20,20,0.05,0.21999999999999997,0.07648529270389177,0.07375000000000001,0.3762499999999999,0.6075,0.3959721195771892,0.025000000000000005,-0.1525,0.2287499999999998,0.9944000000000001,expanded_jvs_audit
JVS_JVSMuSiC,wavlm_l12,12,single_group_duration,mean_preserving,S->G,20,20,0.05,0.34,0.10559356040971438,0.12375,0.47624999999999995,0.7625,0.5219414605432408,0.205,0.023749999999999997,0.3762499999999999,0.9269562500000001,expanded_jvs_audit
JVS_JVSMuSiC,wavlm_l12,12,single_group_duration,mean_preserving,G->S,20,20,0.05,0.48500000000000004,0.07433034373659253,0.37375,0.62625,0.79,0.6217716335844238,0.29000000000000004,0.15,0.47624999999999995,0.9269562500000001,expanded_jvs_audit
JVS_JVSMuSiC,wavlm_l12,12,single_group_voicing,mean_preserving,S->G,20,20,0.05,0.13500000000000004,0.05722761571129799,0.07375000000000001,0.27624999999999994,0.4025,0.2757876437610377,0.0,0.0,0.0,1.0,expanded_jvs_audit
JVS_JVSMuSiC,wavlm_l12,12,single_group_voicing,mean_preserving,G->S,20,20,0.05,0.195,0.07399324293474371,0.07375000000000001,0.32624999999999993,0.5350000000000001,0.3585480065063075,0.0,0.0,0.0,1.0,expanded_jvs_audit
JVS_JVSMuSiC,wavlm_l12,12,full_minus_f0,mean_preserving,S->G,20,20,0.05,0.29250000000000004,0.06378675411086536,0.17375000000000002,0.40249999999999986,0.6475000000000001,0.45952149238575324,0.1575,-0.002500000000000009,0.27624999999999994,0.8931812499999999,expanded_jvs_audit
JVS_JVSMuSiC,wavlm_l12,12,full_minus_f0,mean_preserving,G->S,20,20,0.05,0.48249999999999993,0.10280442597476043,0.32375,0.6762499999999999,0.785,0.6245317091856373,0.28750000000000003,0.07375000000000001,0.5024999999999998,0.8931812499999999,expanded_jvs_audit
JVS_JVSMuSiC,wavlm_l12,12,full_minus_energy,mean_preserving,S->G,20,20,0.05,0.2625,0.0878564169540279,0.0975,0.42624999999999996,0.6449999999999999,0.4371101245460767,0.1275,-0.049999999999999996,0.30000000000000004,0.92475625,expanded_jvs_audit
JVS_JVSMuSiC,wavlm_l12,12,full_minus_energy,mean_preserving,G->S,20,20,0.05,0.42250000000000004,0.09417404100918682,0.3,0.6024999999999999,0.71,0.5543602067759382,0.22750000000000004,-0.0024999999999999953,0.47624999999999995,0.92475625,expanded_jvs_audit
JVS_JVSMuSiC,wavlm_l12,12,full_minus_duration,mean_preserving,S->G,20,20,0.05,0.10500000000000001,0.05678908345800274,0.023750000000000004,0.22624999999999992,0.40750000000000003,0.26896496622357685,-0.03,-0.17875,0.1,0.99390625,expanded_jvs_audit
JVS_JVSMuSiC,wavlm_l12,12,full_minus_duration,mean_preserving,G->S,20,20,0.05,0.18749999999999997,0.07562241731127087,0.05,0.32624999999999993,0.5549999999999999,0.3539296205707777,-0.007499999999999997,-0.2,0.20249999999999985,0.99390625,expanded_jvs_audit
JVS_JVSMuSiC,wavlm_l12,12,full_minus_voicing,mean_preserving,S->G,20,20,0.05,0.225,0.06800735254367722,0.15,0.35,0.5549999999999999,0.39105171302510694,0.09,-0.05,0.2762499999999999,0.8912812499999999,expanded_jvs_audit
JVS_JVSMuSiC,wavlm_l12,12,full_minus_voicing,mean_preserving,G->S,20,20,0.05,0.4575,0.10520812706250408,0.27375,0.62625,0.7375,0.5842641467364764,0.2625,-0.028749999999999984,0.45,0.8912812499999999,expanded_jvs_audit
JVS_JVSMuSiC,wavlm_l12,12,row_shuffled_nuisance,mean_preserving,S->G,20,20,0.05,0.1325,0.045483513496650634,0.07375000000000001,0.22624999999999992,0.385,0.27381288868295445,-0.0024999999999999996,-0.07625,0.05,1.0,expanded_jvs_audit
JVS_JVSMuSiC,wavlm_l12,12,row_shuffled_nuisance,mean_preserving,G->S,20,20,0.05,0.16999999999999998,0.08717797887081345,0.05,0.35,0.53,0.34303759794771793,-0.025,-0.1525,0.07624999999999992,1.0,expanded_jvs_audit
JVS_JVSMuSiC,wavlm_l12,12,random_gaussian_nuisance,mean_preserving,S->G,20,20,0.05,0.12,0.050990195135927854,0.05,0.2,0.3975,0.2655073596961174,-0.014999999999999996,-0.07624999999999998,0.026249999999999937,1.0,expanded_jvs_audit
JVS_JVSMuSiC,wavlm_l12,12,random_gaussian_nuisance,mean_preserving,G->S,20,20,0.05,0.17750000000000002,0.05804093383121949,0.1,0.27624999999999994,0.5250000000000001,0.35022249878819145,-0.017499999999999995,-0.12624999999999997,0.07624999999999993,1.0,expanded_jvs_audit
JVS_JVSMuSiC,wavlm_l12,12,random_low_rank_projection,mean_preserving,S->G,20,20,0.05,0.13,0.053385391260156546,0.07375000000000001,0.25249999999999984,0.40750000000000003,0.27323927546266946,-0.004999999999999999,-0.04999999999999999,0.0,1.0,expanded_jvs_audit
JVS_JVSMuSiC,wavlm_l12,12,random_low_rank_projection,mean_preserving,G->S,20,20,0.05,0.19249999999999998,0.0729297607290741,0.07375000000000001,0.32624999999999993,0.5350000000000001,0.3574020007555224,-0.0024999999999999996,-0.026249999999999992,0.0,1.0,expanded_jvs_audit
