dataset,model,layer,split_seed,reference_budget,reference_draw,effective_reference_min,effective_reference_max,variant,test_speakers,gallery,R1,R5,mean_rank,MRR,EER_test_descriptive,genuine_score_mean,impostor_score_mean,genuine_minus_impostor,test_genuine_trials,test_impostor_trials,train_genuine_trials,train_impostor_trials,TMR_at_FMR_1pct,TMR_at_FMR_1pct_status,TMR_at_FMR_1pct_train_threshold,TMR_at_FMR_1pct_train_FMR,TMR_at_FMR_0_1pct,TMR_at_FMR_0_1pct_status
GTSinger_same_text_control,wavlm_l12,12,13,1,0,1,1,raw,EN-Alto-1;FR-Soprano-1;FR-Tenor-1;IT-Bass-1;IT-Soprano-1;JA-Soprano-1;KO-Soprano-1;KO-Tenor-1;ZH-Alto-1;ZH-Tenor-1,full_test_singing_centroid_per_speaker,0.2,0.7,3.7,0.465952380952381,0.4,0.954234492093591,0.9471030493254567,0.007131442768134266,10,90,10,90,0.0,train_calibrated,0.9823249593677938,0.0,nan,insufficient_train_impostor_trials_lt_1000
GTSinger_same_text_control,wavlm_l12,12,13,1,0,1,1,correct_sign_global,EN-Alto-1;FR-Soprano-1;FR-Tenor-1;IT-Bass-1;IT-Soprano-1;JA-Soprano-1;KO-Soprano-1;KO-Tenor-1;ZH-Alto-1;ZH-Tenor-1,full_test_singing_centroid_per_speaker,0.9,1.0,1.4,0.9199999999999999,0.3,0.9808031523769747,0.9737452833845623,0.007057868992412342,10,90,10,90,0.0,train_calibrated,0.9953196508461083,0.0,nan,insufficient_train_impostor_trials_lt_1000
GTSinger_same_text_control,wavlm_l12,12,13,2,0,2,2,raw,EN-Alto-1;FR-Soprano-1;FR-Tenor-1;IT-Bass-1;IT-Soprano-1;JA-Soprano-1;KO-Soprano-1;KO-Tenor-1;ZH-Alto-1;ZH-Tenor-1,full_test_singing_centroid_per_speaker,0.1,0.6,4.3,0.3861904761904762,0.37777777777777777,0.9628460406136743,0.9565661071560413,0.006279933457633002,10,90,10,90,0.0,train_calibrated,0.9823249593677938,0.0,nan,insufficient_train_impostor_trials_lt_1000
GTSinger_same_text_control,wavlm_l12,12,13,2,0,2,2,correct_sign_global,EN-Alto-1;FR-Soprano-1;FR-Tenor-1;IT-Bass-1;IT-Soprano-1;JA-Soprano-1;KO-Soprano-1;KO-Tenor-1;ZH-Alto-1;ZH-Tenor-1,full_test_singing_centroid_per_speaker,0.7,0.9,2.1,0.7842857142857144,0.2,0.9874796496749647,0.9813472681312112,0.006132381543753507,10,90,10,90,0.0,train_calibrated,0.9953196508461083,0.0,nan,insufficient_train_impostor_trials_lt_1000
GTSinger_same_text_control,wavlm_l12,12,13,5,0,5,5,raw,EN-Alto-1;FR-Soprano-1;FR-Tenor-1;IT-Bass-1;IT-Soprano-1;JA-Soprano-1;KO-Soprano-1;KO-Tenor-1;ZH-Alto-1;ZH-Tenor-1,full_test_singing_centroid_per_speaker,0.1,0.8,3.6,0.4276190476190477,0.3111111111111111,0.9668462550969661,0.9602121024286171,0.0066341526683489915,10,90,10,90,0.0,train_calibrated,0.9823249593677938,0.0,nan,insufficient_train_impostor_trials_lt_1000
GTSinger_same_text_control,wavlm_l12,12,13,5,0,5,5,correct_sign_global,EN-Alto-1;FR-Soprano-1;FR-Tenor-1;IT-Bass-1;IT-Soprano-1;JA-Soprano-1;KO-Soprano-1;KO-Tenor-1;ZH-Alto-1;ZH-Tenor-1,full_test_singing_centroid_per_speaker,0.7,0.9,2.0,0.7866666666666667,0.2,0.990836709036793,0.9843293600404625,0.006507348996330542,10,90,10,90,0.0,train_calibrated,0.9953196508461083,0.0,nan,insufficient_train_impostor_trials_lt_1000
GTSinger_same_text_control,wavlm_l12,12,13,10,0,10,10,raw,EN-Alto-1;FR-Soprano-1;FR-Tenor-1;IT-Bass-1;IT-Soprano-1;JA-Soprano-1;KO-Soprano-1;KO-Tenor-1;ZH-Alto-1;ZH-Tenor-1,full_test_singing_centroid_per_speaker,0.1,0.7,3.9,0.4109523809523809,0.3,0.9698125136573076,0.962865097462512,0.006947416194795553,10,90,10,90,0.0,train_calibrated,0.9823249593677938,0.0,nan,insufficient_train_impostor_trials_lt_1000
GTSinger_same_text_control,wavlm_l12,12,13,10,0,10,10,correct_sign_global,EN-Alto-1;FR-Soprano-1;FR-Tenor-1;IT-Bass-1;IT-Soprano-1;JA-Soprano-1;KO-Soprano-1;KO-Tenor-1;ZH-Alto-1;ZH-Tenor-1,full_test_singing_centroid_per_speaker,0.7,1.0,1.4,0.8333333333333333,0.2,0.9931201617527154,0.9862940636772548,0.00682609807546064,10,90,10,90,0.3,train_calibrated,0.9953196508461083,0.0,nan,insufficient_train_impostor_trials_lt_1000
GTSinger_same_text_control,wavlm_l12,12,13,full,0,81,106,raw,EN-Alto-1;FR-Soprano-1;FR-Tenor-1;IT-Bass-1;IT-Soprano-1;JA-Soprano-1;KO-Soprano-1;KO-Tenor-1;ZH-Alto-1;ZH-Tenor-1,full_test_singing_centroid_per_speaker,0.1,0.8,3.6,0.4216666666666667,0.3,0.9703649913130018,0.9635606001996575,0.006804391113344299,10,90,10,90,0.1,train_calibrated,0.9823249593677938,0.0,nan,insufficient_train_impostor_trials_lt_1000
GTSinger_same_text_control,wavlm_l12,12,13,full,0,81,106,correct_sign_global,EN-Alto-1;FR-Soprano-1;FR-Tenor-1;IT-Bass-1;IT-Soprano-1;JA-Soprano-1;KO-Soprano-1;KO-Tenor-1;ZH-Alto-1;ZH-Tenor-1,full_test_singing_centroid_per_speaker,0.7,1.0,1.7,0.8,0.2,0.9935494572857525,0.9868885020715003,0.006660955214252251,10,90,10,90,0.3,train_calibrated,0.9953196508461083,0.0,nan,insufficient_train_impostor_trials_lt_1000
GTSinger_same_text_control,wavlm_l12,12,17,1,0,1,1,raw,DE-Soprano-1;DE-Tenor-1;EN-Alto-1;FR-Soprano-1;IT-Bass-2;IT-Soprano-1;JA-Tenor-1;KO-Soprano-2;ZH-Alto-1;ZH-Tenor-1,full_test_singing_centroid_per_speaker,0.3,0.7,4.6,0.4337301587301588,0.4,0.9553140089414633,0.9496841562349789,0.005629852706484417,10,90,10,90,0.0,train_calibrated,0.9923185442948536,0.0,nan,insufficient_train_impostor_trials_lt_1000
GTSinger_same_text_control,wavlm_l12,12,17,1,0,1,1,correct_sign_global,DE-Soprano-1;DE-Tenor-1;EN-Alto-1;FR-Soprano-1;IT-Bass-2;IT-Soprano-1;JA-Tenor-1;KO-Soprano-2;ZH-Alto-1;ZH-Tenor-1,full_test_singing_centroid_per_speaker,0.7,0.8,2.7,0.7516666666666667,0.3,0.983402448752367,0.9779057686283272,0.00549668012403981,10,90,10,90,0.0,train_calibrated,0.9954854796405609,0.0,nan,insufficient_train_impostor_trials_lt_1000
GTSinger_same_text_control,wavlm_l12,12,17,2,0,2,2,raw,DE-Soprano-1;DE-Tenor-1;EN-Alto-1;FR-Soprano-1;IT-Bass-2;IT-Soprano-1;JA-Tenor-1;KO-Soprano-2;ZH-Alto-1;ZH-Tenor-1,full_test_singing_centroid_per_speaker,0.2,0.6,4.9,0.37206349206349204,0.4,0.9601300079995646,0.9546264139725988,0.0055035940269657635,10,90,10,90,0.0,train_calibrated,0.9923185442948536,0.0,nan,insufficient_train_impostor_trials_lt_1000
GTSinger_same_text_control,wavlm_l12,12,17,2,0,2,2,correct_sign_global,DE-Soprano-1;DE-Tenor-1;EN-Alto-1;FR-Soprano-1;IT-Bass-2;IT-Soprano-1;JA-Tenor-1;KO-Soprano-2;ZH-Alto-1;ZH-Tenor-1,full_test_singing_centroid_per_speaker,0.7,0.9,2.1,0.7944444444444445,0.2222222222222222,0.987357666829876,0.9819337838230618,0.0054238830068141786,10,90,10,90,0.1,train_calibrated,0.9954854796405609,0.0,nan,insufficient_train_impostor_trials_lt_1000
GTSinger_same_text_control,wavlm_l12,12,17,5,0,5,5,raw,DE-Soprano-1;DE-Tenor-1;EN-Alto-1;FR-Soprano-1;IT-Bass-2;IT-Soprano-1;JA-Tenor-1;KO-Soprano-2;ZH-Alto-1;ZH-Tenor-1,full_test_singing_centroid_per_speaker,0.3,0.7,4.6,0.4303968253968254,0.3944444444444445,0.9652643764853283,0.9586207865987991,0.006643589886529133,10,90,10,90,0.0,train_calibrated,0.9923185442948536,0.0,nan,insufficient_train_impostor_trials_lt_1000
GTSinger_same_text_control,wavlm_l12,12,17,5,0,5,5,correct_sign_global,DE-Soprano-1;DE-Tenor-1;EN-Alto-1;FR-Soprano-1;IT-Bass-2;IT-Soprano-1;JA-Tenor-1;KO-Soprano-2;ZH-Alto-1;ZH-Tenor-1,full_test_singing_centroid_per_speaker,0.8,1.0,1.5,0.8583333333333332,0.20555555555555555,0.9906934731240533,0.9841492702045612,0.0065442029194920925,10,90,10,90,0.2,train_calibrated,0.9954854796405609,0.0,nan,insufficient_train_impostor_trials_lt_1000
GTSinger_same_text_control,wavlm_l12,12,17,10,0,10,10,raw,DE-Soprano-1;DE-Tenor-1;EN-Alto-1;FR-Soprano-1;IT-Bass-2;IT-Soprano-1;JA-Tenor-1;KO-Soprano-2;ZH-Alto-1;ZH-Tenor-1,full_test_singing_centroid_per_speaker,0.3,0.7,4.5,0.4327777777777778,0.31666666666666665,0.9663259849142521,0.9599581741844097,0.0063678107298424935,10,90,10,90,0.0,train_calibrated,0.9923185442948536,0.0,nan,insufficient_train_impostor_trials_lt_1000
GTSinger_same_text_control,wavlm_l12,12,17,10,0,10,10,correct_sign_global,DE-Soprano-1;DE-Tenor-1;EN-Alto-1;FR-Soprano-1;IT-Bass-2;IT-Soprano-1;JA-Tenor-1;KO-Soprano-2;ZH-Alto-1;ZH-Tenor-1,full_test_singing_centroid_per_speaker,0.8,0.9,2.1,0.836111111111111,0.2,0.9918814191135386,0.9856350051103152,0.006246414003223344,10,90,10,90,0.3,train_calibrated,0.9954854796405609,0.0,nan,insufficient_train_impostor_trials_lt_1000
GTSinger_same_text_control,wavlm_l12,12,17,full,0,81,106,raw,DE-Soprano-1;DE-Tenor-1;EN-Alto-1;FR-Soprano-1;IT-Bass-2;IT-Soprano-1;JA-Tenor-1;KO-Soprano-2;ZH-Alto-1;ZH-Tenor-1,full_test_singing_centroid_per_speaker,0.2,0.7,4.6,0.3827777777777778,0.3,0.9664900444767941,0.9601166209023493,0.006373423574444814,10,90,10,90,0.0,train_calibrated,0.9923185442948536,0.0,nan,insufficient_train_impostor_trials_lt_1000
GTSinger_same_text_control,wavlm_l12,12,17,full,0,81,106,correct_sign_global,DE-Soprano-1;DE-Tenor-1;EN-Alto-1;FR-Soprano-1;IT-Bass-2;IT-Soprano-1;JA-Tenor-1;KO-Soprano-2;ZH-Alto-1;ZH-Tenor-1,full_test_singing_centroid_per_speaker,0.8,0.9,2.1,0.836111111111111,0.2,0.9928566646545148,0.9865976664219722,0.006258998232542612,10,90,10,90,0.4,train_calibrated,0.9954854796405609,0.0,nan,insufficient_train_impostor_trials_lt_1000
GTSinger_same_text_control,wavlm_l12,12,19,1,0,1,1,raw,DE-Soprano-1;EN-Alto-2;ES-Soprano-1;FR-Soprano-1;IT-Bass-2;IT-Soprano-1;JA-Tenor-1;KO-Soprano-2;RU-Alto-1;ZH-Tenor-1,full_test_singing_centroid_per_speaker,0.2,0.6,4.7,0.39706349206349206,0.3833333333333333,0.9598621444817672,0.9532823680231729,0.006579776458594311,10,90,10,90,0.0,train_calibrated,0.9923185442948536,0.0,nan,insufficient_train_impostor_trials_lt_1000
GTSinger_same_text_control,wavlm_l12,12,19,1,0,1,1,correct_sign_global,DE-Soprano-1;EN-Alto-2;ES-Soprano-1;FR-Soprano-1;IT-Bass-2;IT-Soprano-1;JA-Tenor-1;KO-Soprano-2;RU-Alto-1;ZH-Tenor-1,full_test_singing_centroid_per_speaker,0.7,0.9,1.9,0.7976190476190477,0.3,0.9830855479859009,0.976574145622307,0.006511402363593821,10,90,10,90,0.0,train_calibrated,0.9945749186343834,0.0,nan,insufficient_train_impostor_trials_lt_1000
GTSinger_same_text_control,wavlm_l12,12,19,2,0,2,2,raw,DE-Soprano-1;EN-Alto-2;ES-Soprano-1;FR-Soprano-1;IT-Bass-2;IT-Soprano-1;JA-Tenor-1;KO-Soprano-2;RU-Alto-1;ZH-Tenor-1,full_test_singing_centroid_per_speaker,0.2,0.6,4.7,0.3827777777777778,0.4111111111111111,0.9607293588926276,0.955184291142394,0.005545067750233557,10,90,10,90,0.0,train_calibrated,0.9923185442948536,0.0,nan,insufficient_train_impostor_trials_lt_1000
GTSinger_same_text_control,wavlm_l12,12,19,2,0,2,2,correct_sign_global,DE-Soprano-1;EN-Alto-2;ES-Soprano-1;FR-Soprano-1;IT-Bass-2;IT-Soprano-1;JA-Tenor-1;KO-Soprano-2;RU-Alto-1;ZH-Tenor-1,full_test_singing_centroid_per_speaker,0.6,0.9,2.3,0.7277777777777777,0.28888888888888886,0.987126200432197,0.9816654182474522,0.005460782184744772,10,90,10,90,0.1,train_calibrated,0.9945749186343834,0.0,nan,insufficient_train_impostor_trials_lt_1000
GTSinger_same_text_control,wavlm_l12,12,19,5,0,5,5,raw,DE-Soprano-1;EN-Alto-2;ES-Soprano-1;FR-Soprano-1;IT-Bass-2;IT-Soprano-1;JA-Tenor-1;KO-Soprano-2;RU-Alto-1;ZH-Tenor-1,full_test_singing_centroid_per_speaker,0.2,0.5,4.5,0.4211111111111111,0.4,0.9650421776855469,0.9583900799025682,0.006652097782978705,10,90,10,90,0.0,train_calibrated,0.9923185442948536,0.0,nan,insufficient_train_impostor_trials_lt_1000
GTSinger_same_text_control,wavlm_l12,12,19,5,0,5,5,correct_sign_global,DE-Soprano-1;EN-Alto-2;ES-Soprano-1;FR-Soprano-1;IT-Bass-2;IT-Soprano-1;JA-Tenor-1;KO-Soprano-2;RU-Alto-1;ZH-Tenor-1,full_test_singing_centroid_per_speaker,0.8,0.9,1.9,0.861111111111111,0.3111111111111111,0.9904098696420656,0.983807474396236,0.0066023952458296176,10,90,10,90,0.4,train_calibrated,0.9945749186343834,0.0,nan,insufficient_train_impostor_trials_lt_1000
GTSinger_same_text_control,wavlm_l12,12,19,10,0,10,10,raw,DE-Soprano-1;EN-Alto-2;ES-Soprano-1;FR-Soprano-1;IT-Bass-2;IT-Soprano-1;JA-Tenor-1;KO-Soprano-2;RU-Alto-1;ZH-Tenor-1,full_test_singing_centroid_per_speaker,0.2,0.5,4.5,0.4211111111111111,0.3888888888888889,0.9685372562800065,0.962407089946856,0.006130166333150555,10,90,10,90,0.0,train_calibrated,0.9923185442948536,0.0,nan,insufficient_train_impostor_trials_lt_1000
GTSinger_same_text_control,wavlm_l12,12,19,10,0,10,10,correct_sign_global,DE-Soprano-1;EN-Alto-2;ES-Soprano-1;FR-Soprano-1;IT-Bass-2;IT-Soprano-1;JA-Tenor-1;KO-Soprano-2;RU-Alto-1;ZH-Tenor-1,full_test_singing_centroid_per_speaker,0.9,0.9,1.7,0.9125,0.2,0.9923202737499512,0.9861829941337891,0.006137279616162172,10,90,10,90,0.5,train_calibrated,0.9945749186343834,0.0,nan,insufficient_train_impostor_trials_lt_1000
GTSinger_same_text_control,wavlm_l12,12,19,full,0,81,106,raw,DE-Soprano-1;EN-Alto-2;ES-Soprano-1;FR-Soprano-1;IT-Bass-2;IT-Soprano-1;JA-Tenor-1;KO-Soprano-2;RU-Alto-1;ZH-Tenor-1,full_test_singing_centroid_per_speaker,0.2,0.5,4.5,0.4211111111111111,0.3944444444444445,0.9688587899584181,0.9624858574064632,0.006372932551954924,10,90,10,90,0.0,train_calibrated,0.9923185442948536,0.0,nan,insufficient_train_impostor_trials_lt_1000
GTSinger_same_text_control,wavlm_l12,12,19,full,0,81,106,correct_sign_global,DE-Soprano-1;EN-Alto-2;ES-Soprano-1;FR-Soprano-1;IT-Bass-2;IT-Soprano-1;JA-Tenor-1;KO-Soprano-2;RU-Alto-1;ZH-Tenor-1,full_test_singing_centroid_per_speaker,0.8,0.9,1.8,0.8625,0.2,0.9934793523264259,0.9871548083437724,0.006324543982653474,10,90,10,90,0.6,train_calibrated,0.9945749186343834,0.0,nan,insufficient_train_impostor_trials_lt_1000
GTSinger_same_text_control,wavlm_l12,12,23,1,0,1,1,raw,DE-Soprano-1;EN-Alto-1;EN-Tenor-1;ES-Soprano-1;FR-Tenor-1;IT-Bass-1;IT-Bass-2;KO-Soprano-2;KO-Tenor-1;RU-Alto-1,full_test_singing_centroid_per_speaker,0.2,0.6,4.5,0.40166666666666656,0.5,0.9633013644385839,0.95616971196029,0.007131652478293948,10,90,10,90,0.0,train_calibrated,0.9845956535131999,0.0,nan,insufficient_train_impostor_trials_lt_1000
GTSinger_same_text_control,wavlm_l12,12,23,1,0,1,1,correct_sign_global,DE-Soprano-1;EN-Alto-1;EN-Tenor-1;ES-Soprano-1;FR-Tenor-1;IT-Bass-1;IT-Bass-2;KO-Soprano-2;KO-Tenor-1;RU-Alto-1,full_test_singing_centroid_per_speaker,0.5,1.0,1.8,0.7,0.3,0.9851257864388648,0.9782280926744323,0.0068976937644325,10,90,10,90,0.0,train_calibrated,0.9946642430894538,0.0,nan,insufficient_train_impostor_trials_lt_1000
GTSinger_same_text_control,wavlm_l12,12,23,2,0,2,2,raw,DE-Soprano-1;EN-Alto-1;EN-Tenor-1;ES-Soprano-1;FR-Tenor-1;IT-Bass-1;IT-Bass-2;KO-Soprano-2;KO-Tenor-1;RU-Alto-1,full_test_singing_centroid_per_speaker,0.3,0.5,4.4,0.45583333333333337,0.4,0.9657084035316694,0.9591875403572023,0.006520863174467095,10,90,10,90,0.0,train_calibrated,0.9845956535131999,0.0,nan,insufficient_train_impostor_trials_lt_1000
GTSinger_same_text_control,wavlm_l12,12,23,2,0,2,2,correct_sign_global,DE-Soprano-1;EN-Alto-1;EN-Tenor-1;ES-Soprano-1;FR-Tenor-1;IT-Bass-1;IT-Bass-2;KO-Soprano-2;KO-Tenor-1;RU-Alto-1,full_test_singing_centroid_per_speaker,0.7,0.8,2.3,0.7791666666666667,0.2833333333333333,0.988295318275403,0.9817645992139477,0.0065307190614553035,10,90,10,90,0.0,train_calibrated,0.9946642430894538,0.0,nan,insufficient_train_impostor_trials_lt_1000
GTSinger_same_text_control,wavlm_l12,12,23,5,0,5,5,raw,DE-Soprano-1;EN-Alto-1;EN-Tenor-1;ES-Soprano-1;FR-Tenor-1;IT-Bass-1;IT-Bass-2;KO-Soprano-2;KO-Tenor-1;RU-Alto-1,full_test_singing_centroid_per_speaker,0.2,0.5,4.7,0.38678571428571423,0.4222222222222222,0.9688257527641945,0.9628823322237259,0.005943420540468591,10,90,10,90,0.1,train_calibrated,0.9845956535131999,0.0,nan,insufficient_train_impostor_trials_lt_1000
GTSinger_same_text_control,wavlm_l12,12,23,5,0,5,5,correct_sign_global,DE-Soprano-1;EN-Alto-1;EN-Tenor-1;ES-Soprano-1;FR-Tenor-1;IT-Bass-1;IT-Bass-2;KO-Soprano-2;KO-Tenor-1;RU-Alto-1,full_test_singing_centroid_per_speaker,0.6,1.0,1.9,0.745,0.2222222222222222,0.9911754866779514,0.9852589752318477,0.005916511446103723,10,90,10,90,0.3,train_calibrated,0.9946642430894538,0.0,nan,insufficient_train_impostor_trials_lt_1000
GTSinger_same_text_control,wavlm_l12,12,23,10,0,10,10,raw,DE-Soprano-1;EN-Alto-1;EN-Tenor-1;ES-Soprano-1;FR-Tenor-1;IT-Bass-1;IT-Bass-2;KO-Soprano-2;KO-Tenor-1;RU-Alto-1,full_test_singing_centroid_per_speaker,0.2,0.5,4.4,0.4225,0.4,0.9705992195121504,0.9637572872860588,0.00684193222609164,10,90,10,90,0.1,train_calibrated,0.9845956535131999,0.0,nan,insufficient_train_impostor_trials_lt_1000
GTSinger_same_text_control,wavlm_l12,12,23,10,0,10,10,correct_sign_global,DE-Soprano-1;EN-Alto-1;EN-Tenor-1;ES-Soprano-1;FR-Tenor-1;IT-Bass-1;IT-Bass-2;KO-Soprano-2;KO-Tenor-1;RU-Alto-1,full_test_singing_centroid_per_speaker,0.7,1.0,1.5,0.8166666666666667,0.2944444444444444,0.9926583715473836,0.9859004008944858,0.006757970652897738,10,90,10,90,0.4,train_calibrated,0.9946642430894538,0.0,nan,insufficient_train_impostor_trials_lt_1000
GTSinger_same_text_control,wavlm_l12,12,23,full,0,94,102,raw,DE-Soprano-1;EN-Alto-1;EN-Tenor-1;ES-Soprano-1;FR-Tenor-1;IT-Bass-1;IT-Bass-2;KO-Soprano-2;KO-Tenor-1;RU-Alto-1,full_test_singing_centroid_per_speaker,0.2,0.5,4.6,0.403452380952381,0.4,0.971611376586166,0.9650465790478062,0.006564797538359812,10,90,10,90,0.1,train_calibrated,0.9845956535131999,0.0,nan,insufficient_train_impostor_trials_lt_1000
GTSinger_same_text_control,wavlm_l12,12,23,full,0,94,102,correct_sign_global,DE-Soprano-1;EN-Alto-1;EN-Tenor-1;ES-Soprano-1;FR-Tenor-1;IT-Bass-1;IT-Bass-2;KO-Soprano-2;KO-Tenor-1;RU-Alto-1,full_test_singing_centroid_per_speaker,0.7,1.0,1.7,0.8,0.2,0.9933561246552243,0.9868620512513634,0.006494073403860878,10,90,10,90,0.4,train_calibrated,0.9946642430894538,0.0,nan,insufficient_train_impostor_trials_lt_1000
GTSinger_same_text_control,wavlm_l12,12,29,1,0,1,1,raw,EN-Alto-1;ES-Soprano-1;IT-Bass-1;IT-Bass-2;JA-Soprano-1;JA-Tenor-1;KO-Soprano-2;RU-Alto-1;ZH-Alto-1;ZH-Tenor-1,full_test_singing_centroid_per_speaker,0.2,0.6,4.9,0.3896825396825397,0.5,0.9576404940619495,0.9507232646528713,0.0069172294090782405,10,90,10,90,0.0,train_calibrated,0.9895896660160322,0.0,nan,insufficient_train_impostor_trials_lt_1000
GTSinger_same_text_control,wavlm_l12,12,29,1,0,1,1,correct_sign_global,EN-Alto-1;ES-Soprano-1;IT-Bass-1;IT-Bass-2;JA-Soprano-1;JA-Tenor-1;KO-Soprano-2;RU-Alto-1;ZH-Alto-1;ZH-Tenor-1,full_test_singing_centroid_per_speaker,0.8,0.9,1.7,0.85,0.3055555555555556,0.9817986945967603,0.9750635737907614,0.006735120805998918,10,90,10,90,0.0,train_calibrated,0.9949082526920671,0.0,nan,insufficient_train_impostor_trials_lt_1000
GTSinger_same_text_control,wavlm_l12,12,29,2,0,2,2,raw,EN-Alto-1;ES-Soprano-1;IT-Bass-1;IT-Bass-2;JA-Soprano-1;JA-Tenor-1;KO-Soprano-2;RU-Alto-1;ZH-Alto-1;ZH-Tenor-1,full_test_singing_centroid_per_speaker,0.3,0.6,4.8,0.43968253968253973,0.5,0.9626342399377847,0.9569316118233041,0.0057026281144806346,10,90,10,90,0.0,train_calibrated,0.9895896660160322,0.0,nan,insufficient_train_impostor_trials_lt_1000
GTSinger_same_text_control,wavlm_l12,12,29,2,0,2,2,correct_sign_global,EN-Alto-1;ES-Soprano-1;IT-Bass-1;IT-Bass-2;JA-Soprano-1;JA-Tenor-1;KO-Soprano-2;RU-Alto-1;ZH-Alto-1;ZH-Tenor-1,full_test_singing_centroid_per_speaker,0.6,1.0,2.1,0.7233333333333334,0.31666666666666665,0.9857996603524295,0.9802425301037766,0.005557130248652897,10,90,10,90,0.0,train_calibrated,0.9949082526920671,0.0,nan,insufficient_train_impostor_trials_lt_1000
GTSinger_same_text_control,wavlm_l12,12,29,5,0,5,5,raw,EN-Alto-1;ES-Soprano-1;IT-Bass-1;IT-Bass-2;JA-Soprano-1;JA-Tenor-1;KO-Soprano-2;RU-Alto-1;ZH-Alto-1;ZH-Tenor-1,full_test_singing_centroid_per_speaker,0.2,0.6,5.1,0.36468253968253966,0.4,0.962762533960972,0.956589330204217,0.006173203756755008,10,90,10,90,0.0,train_calibrated,0.9895896660160322,0.0,nan,insufficient_train_impostor_trials_lt_1000
GTSinger_same_text_control,wavlm_l12,12,29,5,0,5,5,correct_sign_global,EN-Alto-1;ES-Soprano-1;IT-Bass-1;IT-Bass-2;JA-Soprano-1;JA-Tenor-1;KO-Soprano-2;RU-Alto-1;ZH-Alto-1;ZH-Tenor-1,full_test_singing_centroid_per_speaker,0.8,0.8,2.3,0.8267857142857142,0.3,0.9880199510089369,0.9819477774573299,0.006072173551607052,10,90,10,90,0.1,train_calibrated,0.9949082526920671,0.0,nan,insufficient_train_impostor_trials_lt_1000
GTSinger_same_text_control,wavlm_l12,12,29,10,0,10,10,raw,EN-Alto-1;ES-Soprano-1;IT-Bass-1;IT-Bass-2;JA-Soprano-1;JA-Tenor-1;KO-Soprano-2;RU-Alto-1;ZH-Alto-1;ZH-Tenor-1,full_test_singing_centroid_per_speaker,0.2,0.6,4.8,0.39206349206349206,0.3944444444444445,0.9659955107509273,0.95997372678048,0.006021783970447281,10,90,10,90,0.0,train_calibrated,0.9895896660160322,0.0,nan,insufficient_train_impostor_trials_lt_1000
GTSinger_same_text_control,wavlm_l12,12,29,10,0,10,10,correct_sign_global,EN-Alto-1;ES-Soprano-1;IT-Bass-1;IT-Bass-2;JA-Soprano-1;JA-Tenor-1;KO-Soprano-2;RU-Alto-1;ZH-Alto-1;ZH-Tenor-1,full_test_singing_centroid_per_speaker,0.8,0.9,2.0,0.8444444444444444,0.3,0.990536971612142,0.9846313847302912,0.005905586881850833,10,90,10,90,0.2,train_calibrated,0.9949082526920671,0.0,nan,insufficient_train_impostor_trials_lt_1000
GTSinger_same_text_control,wavlm_l12,12,29,full,0,94,104,raw,EN-Alto-1;ES-Soprano-1;IT-Bass-1;IT-Bass-2;JA-Soprano-1;JA-Tenor-1;KO-Soprano-2;RU-Alto-1;ZH-Alto-1;ZH-Tenor-1,full_test_singing_centroid_per_speaker,0.2,0.6,4.9,0.3896825396825397,0.3888888888888889,0.9676245609838642,0.9614153943372571,0.006209166646607089,10,90,10,90,0.0,train_calibrated,0.9895896660160322,0.0,nan,insufficient_train_impostor_trials_lt_1000
GTSinger_same_text_control,wavlm_l12,12,29,full,0,94,104,correct_sign_global,EN-Alto-1;ES-Soprano-1;IT-Bass-1;IT-Bass-2;JA-Soprano-1;JA-Tenor-1;KO-Soprano-2;RU-Alto-1;ZH-Alto-1;ZH-Tenor-1,full_test_singing_centroid_per_speaker,0.8,0.9,1.9,0.8458333333333332,0.3,0.9915540237690823,0.9854524216594827,0.0061016021095996464,10,90,10,90,0.2,train_calibrated,0.9949082526920671,0.0,nan,insufficient_train_impostor_trials_lt_1000
GTSinger_same_text_control,wavlm_l12,12,31,1,0,1,1,raw,DE-Tenor-1;EN-Alto-2;ES-Bass-1;FR-Tenor-1;IT-Bass-1;IT-Bass-2;JA-Soprano-1;JA-Tenor-1;KO-Soprano-1;ZH-Alto-1,full_test_singing_centroid_per_speaker,0.2,0.7,4.7,0.3786111111111111,0.48888888888888893,0.9465213839666837,0.9389737582413676,0.007547625725316087,10,90,10,90,0.0,train_calibrated,0.9867373424356833,0.0,nan,insufficient_train_impostor_trials_lt_1000
GTSinger_same_text_control,wavlm_l12,12,31,1,0,1,1,correct_sign_global,DE-Tenor-1;EN-Alto-2;ES-Bass-1;FR-Tenor-1;IT-Bass-1;IT-Bass-2;JA-Soprano-1;JA-Tenor-1;KO-Soprano-1;ZH-Alto-1,full_test_singing_centroid_per_speaker,0.5,0.7,3.4,0.6365079365079366,0.40555555555555556,0.9758874455330526,0.9684605628923617,0.007426882640690913,10,90,10,90,0.0,train_calibrated,0.9959924525600042,0.0,nan,insufficient_train_impostor_trials_lt_1000
GTSinger_same_text_control,wavlm_l12,12,31,2,0,2,2,raw,DE-Tenor-1;EN-Alto-2;ES-Bass-1;FR-Tenor-1;IT-Bass-1;IT-Bass-2;JA-Soprano-1;JA-Tenor-1;KO-Soprano-1;ZH-Alto-1,full_test_singing_centroid_per_speaker,0.1,0.7,4.9,0.3170634920634921,0.47777777777777775,0.9523328321875735,0.9445380107936919,0.007794821393881546,10,90,10,90,0.0,train_calibrated,0.9867373424356833,0.0,nan,insufficient_train_impostor_trials_lt_1000
GTSinger_same_text_control,wavlm_l12,12,31,2,0,2,2,correct_sign_global,DE-Tenor-1;EN-Alto-2;ES-Bass-1;FR-Tenor-1;IT-Bass-1;IT-Bass-2;JA-Soprano-1;JA-Tenor-1;KO-Soprano-1;ZH-Alto-1,full_test_singing_centroid_per_speaker,0.4,0.8,2.9,0.5991666666666667,0.4,0.9822658891888818,0.9745957177219883,0.007670171466893527,10,90,10,90,0.0,train_calibrated,0.9959924525600042,0.0,nan,insufficient_train_impostor_trials_lt_1000
GTSinger_same_text_control,wavlm_l12,12,31,5,0,5,5,raw,DE-Tenor-1;EN-Alto-2;ES-Bass-1;FR-Tenor-1;IT-Bass-1;IT-Bass-2;JA-Soprano-1;JA-Tenor-1;KO-Soprano-1;ZH-Alto-1,full_test_singing_centroid_per_speaker,0.1,0.6,5.2,0.30694444444444446,0.4111111111111111,0.9580618910997657,0.9503988824264497,0.007663008673316041,10,90,10,90,0.0,train_calibrated,0.9867373424356833,0.0,nan,insufficient_train_impostor_trials_lt_1000
GTSinger_same_text_control,wavlm_l12,12,31,5,0,5,5,correct_sign_global,DE-Tenor-1;EN-Alto-2;ES-Bass-1;FR-Tenor-1;IT-Bass-1;IT-Bass-2;JA-Soprano-1;JA-Tenor-1;KO-Soprano-1;ZH-Alto-1,full_test_singing_centroid_per_speaker,0.6,0.8,2.8,0.6851190476190476,0.3,0.9865878321464063,0.9790058801545438,0.007581951991862512,10,90,10,90,0.0,train_calibrated,0.9959924525600042,0.0,nan,insufficient_train_impostor_trials_lt_1000
GTSinger_same_text_control,wavlm_l12,12,31,10,0,10,10,raw,DE-Tenor-1;EN-Alto-2;ES-Bass-1;FR-Tenor-1;IT-Bass-1;IT-Bass-2;JA-Soprano-1;JA-Tenor-1;KO-Soprano-1;ZH-Alto-1,full_test_singing_centroid_per_speaker,0.1,0.7,5.0,0.3152777777777778,0.48333333333333334,0.9602726539293167,0.9529742160515983,0.007298437877718444,10,90,10,90,0.0,train_calibrated,0.9867373424356833,0.0,nan,insufficient_train_impostor_trials_lt_1000
GTSinger_same_text_control,wavlm_l12,12,31,10,0,10,10,correct_sign_global,DE-Tenor-1;EN-Alto-2;ES-Bass-1;FR-Tenor-1;IT-Bass-1;IT-Bass-2;JA-Soprano-1;JA-Tenor-1;KO-Soprano-1;ZH-Alto-1,full_test_singing_centroid_per_speaker,0.5,0.7,3.0,0.643452380952381,0.3,0.9888451175172639,0.9816498496196333,0.007195267897630586,10,90,10,90,0.0,train_calibrated,0.9959924525600042,0.0,nan,insufficient_train_impostor_trials_lt_1000
GTSinger_same_text_control,wavlm_l12,12,31,full,0,93,104,raw,DE-Tenor-1;EN-Alto-2;ES-Bass-1;FR-Tenor-1;IT-Bass-1;IT-Bass-2;JA-Soprano-1;JA-Tenor-1;KO-Soprano-1;ZH-Alto-1,full_test_singing_centroid_per_speaker,0.1,0.7,5.0,0.3152777777777778,0.49444444444444446,0.9614376201006559,0.953891986386808,0.007545633713847866,10,90,10,90,0.0,train_calibrated,0.9867373424356833,0.0,nan,insufficient_train_impostor_trials_lt_1000
GTSinger_same_text_control,wavlm_l12,12,31,full,0,93,104,correct_sign_global,DE-Tenor-1;EN-Alto-2;ES-Bass-1;FR-Tenor-1;IT-Bass-1;IT-Bass-2;JA-Soprano-1;JA-Tenor-1;KO-Soprano-1;ZH-Alto-1,full_test_singing_centroid_per_speaker,0.6,0.8,2.8,0.6967857142857143,0.3,0.98969609090106,0.9822807847525244,0.007415306148535583,10,90,10,90,0.0,train_calibrated,0.9959924525600042,0.0,nan,insufficient_train_impostor_trials_lt_1000
GTSinger_same_text_control,wavlm_l12,12,37,1,0,1,1,raw,EN-Alto-1;EN-Tenor-1;ES-Bass-1;ES-Soprano-1;IT-Bass-1;IT-Soprano-1;JA-Soprano-1;JA-Tenor-1;KO-Soprano-2;ZH-Tenor-1,full_test_singing_centroid_per_speaker,0.3,0.8,3.9,0.48277777777777775,0.4,0.9594706410481194,0.9512121039506024,0.008258537097517005,10,90,10,90,0.0,train_calibrated,0.9867373424356833,0.0,nan,insufficient_train_impostor_trials_lt_1000
GTSinger_same_text_control,wavlm_l12,12,37,1,0,1,1,correct_sign_global,EN-Alto-1;EN-Tenor-1;ES-Bass-1;ES-Soprano-1;IT-Bass-1;IT-Soprano-1;JA-Soprano-1;JA-Tenor-1;KO-Soprano-2;ZH-Tenor-1,full_test_singing_centroid_per_speaker,0.8,1.0,1.6,0.8533333333333333,0.3055555555555556,0.9830878299255715,0.9748884886530539,0.008199341272517646,10,90,10,90,0.0,train_calibrated,0.9939627199780904,0.0,nan,insufficient_train_impostor_trials_lt_1000
GTSinger_same_text_control,wavlm_l12,12,37,2,0,2,2,raw,EN-Alto-1;EN-Tenor-1;ES-Bass-1;ES-Soprano-1;IT-Bass-1;IT-Soprano-1;JA-Soprano-1;JA-Tenor-1;KO-Soprano-2;ZH-Tenor-1,full_test_singing_centroid_per_speaker,0.3,0.7,4.3,0.4567857142857143,0.4,0.9657170690924424,0.958602285720274,0.007114783372168421,10,90,10,90,0.0,train_calibrated,0.9867373424356833,0.0,nan,insufficient_train_impostor_trials_lt_1000
GTSinger_same_text_control,wavlm_l12,12,37,2,0,2,2,correct_sign_global,EN-Alto-1;EN-Tenor-1;ES-Bass-1;ES-Soprano-1;IT-Bass-1;IT-Soprano-1;JA-Soprano-1;JA-Tenor-1;KO-Soprano-2;ZH-Tenor-1,full_test_singing_centroid_per_speaker,0.8,1.0,1.4,0.875,0.2,0.9900012781955659,0.9829589657681912,0.007042312427374742,10,90,10,90,0.1,train_calibrated,0.9939627199780904,0.0,nan,insufficient_train_impostor_trials_lt_1000
GTSinger_same_text_control,wavlm_l12,12,37,5,0,5,5,raw,EN-Alto-1;EN-Tenor-1;ES-Bass-1;ES-Soprano-1;IT-Bass-1;IT-Soprano-1;JA-Soprano-1;JA-Tenor-1;KO-Soprano-2;ZH-Tenor-1,full_test_singing_centroid_per_speaker,0.2,0.7,4.8,0.37833333333333335,0.31666666666666665,0.9657277652499076,0.9592340975427677,0.006493667707139883,10,90,10,90,0.0,train_calibrated,0.9867373424356833,0.0,nan,insufficient_train_impostor_trials_lt_1000
GTSinger_same_text_control,wavlm_l12,12,37,5,0,5,5,correct_sign_global,EN-Alto-1;EN-Tenor-1;ES-Bass-1;ES-Soprano-1;IT-Bass-1;IT-Soprano-1;JA-Soprano-1;JA-Tenor-1;KO-Soprano-2;ZH-Tenor-1,full_test_singing_centroid_per_speaker,0.8,0.9,1.7,0.8642857142857142,0.2,0.9908472402149263,0.984405326836039,0.006441913378887332,10,90,10,90,0.4,train_calibrated,0.9939627199780904,0.0,nan,insufficient_train_impostor_trials_lt_1000
GTSinger_same_text_control,wavlm_l12,12,37,10,0,10,10,raw,EN-Alto-1;EN-Tenor-1;ES-Bass-1;ES-Soprano-1;IT-Bass-1;IT-Soprano-1;JA-Soprano-1;JA-Tenor-1;KO-Soprano-2;ZH-Tenor-1,full_test_singing_centroid_per_speaker,0.2,0.7,4.6,0.3967857142857143,0.3111111111111111,0.9670436188618539,0.9610821723649472,0.005961446496906664,10,90,10,90,0.0,train_calibrated,0.9867373424356833,0.0,nan,insufficient_train_impostor_trials_lt_1000
GTSinger_same_text_control,wavlm_l12,12,37,10,0,10,10,correct_sign_global,EN-Alto-1;EN-Tenor-1;ES-Bass-1;ES-Soprano-1;IT-Bass-1;IT-Soprano-1;JA-Soprano-1;JA-Tenor-1;KO-Soprano-2;ZH-Tenor-1,full_test_singing_centroid_per_speaker,0.9,0.9,1.9,0.9099999999999999,0.2,0.9919239044070942,0.9860391156349844,0.00588478877210985,10,90,10,90,0.3,train_calibrated,0.9939627199780904,0.0,nan,insufficient_train_impostor_trials_lt_1000
GTSinger_same_text_control,wavlm_l12,12,37,full,0,81,104,raw,EN-Alto-1;EN-Tenor-1;ES-Bass-1;ES-Soprano-1;IT-Bass-1;IT-Soprano-1;JA-Soprano-1;JA-Tenor-1;KO-Soprano-2;ZH-Tenor-1,full_test_singing_centroid_per_speaker,0.2,0.7,4.7,0.395,0.3222222222222222,0.9677900929422737,0.9616740854403555,0.006116007501918208,10,90,10,90,0.0,train_calibrated,0.9867373424356833,0.0,nan,insufficient_train_impostor_trials_lt_1000
GTSinger_same_text_control,wavlm_l12,12,37,full,0,81,104,correct_sign_global,EN-Alto-1;EN-Tenor-1;ES-Bass-1;ES-Soprano-1;IT-Bass-1;IT-Soprano-1;JA-Soprano-1;JA-Tenor-1;KO-Soprano-2;ZH-Tenor-1,full_test_singing_centroid_per_speaker,0.9,0.9,1.9,0.9099999999999999,0.2,0.9930202691270471,0.9869473201789235,0.006072948948123602,10,90,10,90,0.7,train_calibrated,0.9939627199780904,0.0,nan,insufficient_train_impostor_trials_lt_1000
GTSinger_same_text_control,wavlm_l12,12,41,1,0,1,1,raw,EN-Alto-2;EN-Tenor-1;ES-Soprano-1;FR-Soprano-1;IT-Bass-2;JA-Tenor-1;KO-Soprano-1;KO-Tenor-1;RU-Alto-1;ZH-Alto-1,full_test_singing_centroid_per_speaker,0.2,0.6,4.9,0.3637301587301587,0.47777777777777775,0.9591043591462155,0.9528691592972753,0.006235199848940165,10,90,10,90,0.0,train_calibrated,0.9923185442948536,0.0,nan,insufficient_train_impostor_trials_lt_1000
GTSinger_same_text_control,wavlm_l12,12,41,1,0,1,1,correct_sign_global,EN-Alto-2;EN-Tenor-1;ES-Soprano-1;FR-Soprano-1;IT-Bass-2;JA-Tenor-1;KO-Soprano-1;KO-Tenor-1;RU-Alto-1;ZH-Alto-1,full_test_singing_centroid_per_speaker,0.6,0.9,2.3,0.7325,0.20555555555555555,0.9838159716760966,0.9777638975812524,0.0060520740948442064,10,90,10,90,0.0,train_calibrated,0.9955257481290326,0.0,nan,insufficient_train_impostor_trials_lt_1000
GTSinger_same_text_control,wavlm_l12,12,41,2,0,2,2,raw,EN-Alto-2;EN-Tenor-1;ES-Soprano-1;FR-Soprano-1;IT-Bass-2;JA-Tenor-1;KO-Soprano-1;KO-Tenor-1;RU-Alto-1;ZH-Alto-1,full_test_singing_centroid_per_speaker,0.2,0.7,5.0,0.35333333333333333,0.4,0.9589144680332587,0.9526989495540956,0.006215518479163129,10,90,10,90,0.0,train_calibrated,0.9923185442948536,0.0,nan,insufficient_train_impostor_trials_lt_1000
GTSinger_same_text_control,wavlm_l12,12,41,2,0,2,2,correct_sign_global,EN-Alto-2;EN-Tenor-1;ES-Soprano-1;FR-Soprano-1;IT-Bass-2;JA-Tenor-1;KO-Soprano-1;KO-Tenor-1;RU-Alto-1;ZH-Alto-1,full_test_singing_centroid_per_speaker,0.7,0.9,2.2,0.7933333333333333,0.3,0.9866371057924948,0.9805769116423311,0.006060194150163678,10,90,10,90,0.0,train_calibrated,0.9955257481290326,0.0,nan,insufficient_train_impostor_trials_lt_1000
GTSinger_same_text_control,wavlm_l12,12,41,5,0,5,5,raw,EN-Alto-2;EN-Tenor-1;ES-Soprano-1;FR-Soprano-1;IT-Bass-2;JA-Tenor-1;KO-Soprano-1;KO-Tenor-1;RU-Alto-1;ZH-Alto-1,full_test_singing_centroid_per_speaker,0.2,0.7,4.8,0.375,0.3,0.9638270150862361,0.9573046225626134,0.006522392523622744,10,90,10,90,0.0,train_calibrated,0.9923185442948536,0.0,nan,insufficient_train_impostor_trials_lt_1000
GTSinger_same_text_control,wavlm_l12,12,41,5,0,5,5,correct_sign_global,EN-Alto-2;EN-Tenor-1;ES-Soprano-1;FR-Soprano-1;IT-Bass-2;JA-Tenor-1;KO-Soprano-1;KO-Tenor-1;RU-Alto-1;ZH-Alto-1,full_test_singing_centroid_per_speaker,0.9,0.9,1.8,0.9111111111111111,0.2,0.9904347736293795,0.9840157896734394,0.006418983955940094,10,90,10,90,0.0,train_calibrated,0.9955257481290326,0.0,nan,insufficient_train_impostor_trials_lt_1000
GTSinger_same_text_control,wavlm_l12,12,41,10,0,10,10,raw,EN-Alto-2;EN-Tenor-1;ES-Soprano-1;FR-Soprano-1;IT-Bass-2;JA-Tenor-1;KO-Soprano-1;KO-Tenor-1;RU-Alto-1;ZH-Alto-1,full_test_singing_centroid_per_speaker,0.2,0.7,4.8,0.375,0.3,0.9642704798009266,0.9578430240931324,0.0064274557077942385,10,90,10,90,0.0,train_calibrated,0.9923185442948536,0.0,nan,insufficient_train_impostor_trials_lt_1000
GTSinger_same_text_control,wavlm_l12,12,41,10,0,10,10,correct_sign_global,EN-Alto-2;EN-Tenor-1;ES-Soprano-1;FR-Soprano-1;IT-Bass-2;JA-Tenor-1;KO-Soprano-1;KO-Tenor-1;RU-Alto-1;ZH-Alto-1,full_test_singing_centroid_per_speaker,0.7,0.9,2.0,0.8111111111111111,0.2,0.9913817665026003,0.9850612572735882,0.006320509229012172,10,90,10,90,0.3,train_calibrated,0.9955257481290326,0.0,nan,insufficient_train_impostor_trials_lt_1000
GTSinger_same_text_control,wavlm_l12,12,41,full,0,93,106,raw,EN-Alto-2;EN-Tenor-1;ES-Soprano-1;FR-Soprano-1;IT-Bass-2;JA-Tenor-1;KO-Soprano-1;KO-Tenor-1;RU-Alto-1;ZH-Alto-1,full_test_singing_centroid_per_speaker,0.2,0.7,4.7,0.38,0.3,0.9661910817254171,0.959694020526006,0.006497061199411069,10,90,10,90,0.0,train_calibrated,0.9923185442948536,0.0,nan,insufficient_train_impostor_trials_lt_1000
GTSinger_same_text_control,wavlm_l12,12,41,full,0,93,106,correct_sign_global,EN-Alto-2;EN-Tenor-1;ES-Soprano-1;FR-Soprano-1;IT-Bass-2;JA-Tenor-1;KO-Soprano-1;KO-Tenor-1;RU-Alto-1;ZH-Alto-1,full_test_singing_centroid_per_speaker,0.7,0.9,2.1,0.7944444444444445,0.2,0.9926257774710896,0.9862428730652031,0.006382904405886514,10,90,10,90,0.3,train_calibrated,0.9955257481290326,0.0,nan,insufficient_train_impostor_trials_lt_1000
GTSinger_same_text_control,wavlm_l12,12,43,1,0,1,1,raw,DE-Soprano-1;DE-Tenor-1;EN-Alto-2;EN-Tenor-1;ES-Bass-1;IT-Bass-1;IT-Soprano-1;KO-Soprano-1;KO-Soprano-2;KO-Tenor-1,full_test_singing_centroid_per_speaker,0.2,0.6,4.7,0.3953968253968254,0.4111111111111111,0.9572588283990037,0.9507628771046296,0.0064959512943740805,10,90,10,90,0.0,train_calibrated,0.9849742187636114,0.0,nan,insufficient_train_impostor_trials_lt_1000
GTSinger_same_text_control,wavlm_l12,12,43,1,0,1,1,correct_sign_global,DE-Soprano-1;DE-Tenor-1;EN-Alto-2;EN-Tenor-1;ES-Bass-1;IT-Bass-1;IT-Soprano-1;KO-Soprano-1;KO-Soprano-2;KO-Tenor-1,full_test_singing_centroid_per_speaker,0.4,0.9,2.1,0.65,0.4,0.980982001269185,0.974561784668755,0.006420216600430018,10,90,10,90,0.0,train_calibrated,0.9956971145450779,0.0,nan,insufficient_train_impostor_trials_lt_1000
GTSinger_same_text_control,wavlm_l12,12,43,2,0,2,2,raw,DE-Soprano-1;DE-Tenor-1;EN-Alto-2;EN-Tenor-1;ES-Bass-1;IT-Bass-1;IT-Soprano-1;KO-Soprano-1;KO-Soprano-2;KO-Tenor-1,full_test_singing_centroid_per_speaker,0.2,0.6,4.2,0.4025,0.3,0.9662623899220772,0.9593434091639801,0.00691898075809716,10,90,10,90,0.0,train_calibrated,0.9849742187636114,0.0,nan,insufficient_train_impostor_trials_lt_1000
GTSinger_same_text_control,wavlm_l12,12,43,2,0,2,2,correct_sign_global,DE-Soprano-1;DE-Tenor-1;EN-Alto-2;EN-Tenor-1;ES-Bass-1;IT-Bass-1;IT-Soprano-1;KO-Soprano-1;KO-Soprano-2;KO-Tenor-1,full_test_singing_centroid_per_speaker,0.9,1.0,1.3,0.925,0.2,0.9895070752925659,0.9827284237324205,0.006778651560145343,10,90,10,90,0.0,train_calibrated,0.9956971145450779,0.0,nan,insufficient_train_impostor_trials_lt_1000
GTSinger_same_text_control,wavlm_l12,12,43,5,0,5,5,raw,DE-Soprano-1;DE-Tenor-1;EN-Alto-2;EN-Tenor-1;ES-Bass-1;IT-Bass-1;IT-Soprano-1;KO-Soprano-1;KO-Soprano-2;KO-Tenor-1,full_test_singing_centroid_per_speaker,0.1,0.6,4.6,0.34634920634920635,0.3222222222222222,0.9692628439185439,0.962752088398716,0.006510755519827938,10,90,10,90,0.0,train_calibrated,0.9849742187636114,0.0,nan,insufficient_train_impostor_trials_lt_1000
GTSinger_same_text_control,wavlm_l12,12,43,5,0,5,5,correct_sign_global,DE-Soprano-1;DE-Tenor-1;EN-Alto-2;EN-Tenor-1;ES-Bass-1;IT-Bass-1;IT-Soprano-1;KO-Soprano-1;KO-Soprano-2;KO-Tenor-1,full_test_singing_centroid_per_speaker,1.0,1.0,1.0,1.0,0.1,0.9926423901984851,0.9861910721348148,0.006451318063670275,10,90,10,90,0.0,train_calibrated,0.9956971145450779,0.0,nan,insufficient_train_impostor_trials_lt_1000
GTSinger_same_text_control,wavlm_l12,12,43,10,0,10,10,raw,DE-Soprano-1;DE-Tenor-1;EN-Alto-2;EN-Tenor-1;ES-Bass-1;IT-Bass-1;IT-Soprano-1;KO-Soprano-1;KO-Soprano-2;KO-Tenor-1,full_test_singing_centroid_per_speaker,0.1,0.6,4.5,0.3483333333333333,0.37777777777777777,0.971510568023197,0.9651889694510961,0.006321598572100906,10,90,10,90,0.0,train_calibrated,0.9849742187636114,0.0,nan,insufficient_train_impostor_trials_lt_1000
GTSinger_same_text_control,wavlm_l12,12,43,10,0,10,10,correct_sign_global,DE-Soprano-1;DE-Tenor-1;EN-Alto-2;EN-Tenor-1;ES-Bass-1;IT-Bass-1;IT-Soprano-1;KO-Soprano-1;KO-Soprano-2;KO-Tenor-1,full_test_singing_centroid_per_speaker,0.8,1.0,1.4,0.8666666666666666,0.11666666666666667,0.9938419503153018,0.9876208649825524,0.006221085332749343,10,90,10,90,0.2,train_calibrated,0.9956971145450779,0.0,nan,insufficient_train_impostor_trials_lt_1000
GTSinger_same_text_control,wavlm_l12,12,43,full,0,81,102,raw,DE-Soprano-1;DE-Tenor-1;EN-Alto-2;EN-Tenor-1;ES-Bass-1;IT-Bass-1;IT-Soprano-1;KO-Soprano-1;KO-Soprano-2;KO-Tenor-1,full_test_singing_centroid_per_speaker,0.1,0.6,4.6,0.3463492063492063,0.3222222222222222,0.9714845956580451,0.9648476304816447,0.0066369651764004445,10,90,10,90,0.0,train_calibrated,0.9849742187636114,0.0,nan,insufficient_train_impostor_trials_lt_1000
GTSinger_same_text_control,wavlm_l12,12,43,full,0,81,102,correct_sign_global,DE-Soprano-1;DE-Tenor-1;EN-Alto-2;EN-Tenor-1;ES-Bass-1;IT-Bass-1;IT-Soprano-1;KO-Soprano-1;KO-Soprano-2;KO-Tenor-1,full_test_singing_centroid_per_speaker,0.9,1.0,1.1,0.95,0.022222222222222223,0.9948056357496322,0.988251986161073,0.006553649588559196,10,90,10,90,0.4,train_calibrated,0.9956971145450779,0.0,nan,insufficient_train_impostor_trials_lt_1000
GTSinger_same_text_control,wavlm_l12,12,47,1,0,1,1,raw,DE-Tenor-1;EN-Tenor-1;FR-Soprano-1;IT-Bass-1;IT-Bass-2;IT-Soprano-1;JA-Tenor-1;KO-Soprano-1;KO-Soprano-2;KO-Tenor-1,full_test_singing_centroid_per_speaker,0.3,0.6,4.5,0.44845238095238094,0.4,0.9534893060170697,0.9476786126377001,0.005810693379369569,10,90,10,90,0.0,train_calibrated,0.9895896660160322,0.0,nan,insufficient_train_impostor_trials_lt_1000
GTSinger_same_text_control,wavlm_l12,12,47,1,0,1,1,correct_sign_global,DE-Tenor-1;EN-Tenor-1;FR-Soprano-1;IT-Bass-1;IT-Bass-2;IT-Soprano-1;JA-Tenor-1;KO-Soprano-1;KO-Soprano-2;KO-Tenor-1,full_test_singing_centroid_per_speaker,0.4,0.8,3.1,0.5753968253968254,0.5,0.9799157160806768,0.9741590588662337,0.005756657214443184,10,90,10,90,0.0,train_calibrated,0.9956690262439577,0.0,nan,insufficient_train_impostor_trials_lt_1000
GTSinger_same_text_control,wavlm_l12,12,47,2,0,2,2,raw,DE-Tenor-1;EN-Tenor-1;FR-Soprano-1;IT-Bass-1;IT-Bass-2;IT-Soprano-1;JA-Tenor-1;KO-Soprano-1;KO-Soprano-2;KO-Tenor-1,full_test_singing_centroid_per_speaker,0.1,0.7,4.5,0.3637301587301588,0.4,0.9593315536521665,0.9545915141015954,0.004740039550571118,10,90,10,90,0.0,train_calibrated,0.9895896660160322,0.0,nan,insufficient_train_impostor_trials_lt_1000
GTSinger_same_text_control,wavlm_l12,12,47,2,0,2,2,correct_sign_global,DE-Tenor-1;EN-Tenor-1;FR-Soprano-1;IT-Bass-1;IT-Bass-2;IT-Soprano-1;JA-Tenor-1;KO-Soprano-1;KO-Soprano-2;KO-Tenor-1,full_test_singing_centroid_per_speaker,0.5,0.8,3.2,0.6305555555555555,0.3,0.9868787771023724,0.9822161450666643,0.0046626320357080475,10,90,10,90,0.0,train_calibrated,0.9956690262439577,0.0,nan,insufficient_train_impostor_trials_lt_1000
GTSinger_same_text_control,wavlm_l12,12,47,5,0,5,5,raw,DE-Tenor-1;EN-Tenor-1;FR-Soprano-1;IT-Bass-1;IT-Bass-2;IT-Soprano-1;JA-Tenor-1;KO-Soprano-1;KO-Soprano-2;KO-Tenor-1,full_test_singing_centroid_per_speaker,0.1,0.6,4.5,0.3591666666666667,0.4,0.9615845953769014,0.9562711000932964,0.00531349528360503,10,90,10,90,0.0,train_calibrated,0.9895896660160322,0.0,nan,insufficient_train_impostor_trials_lt_1000
GTSinger_same_text_control,wavlm_l12,12,47,5,0,5,5,correct_sign_global,DE-Tenor-1;EN-Tenor-1;FR-Soprano-1;IT-Bass-1;IT-Bass-2;IT-Soprano-1;JA-Tenor-1;KO-Soprano-1;KO-Soprano-2;KO-Tenor-1,full_test_singing_centroid_per_speaker,0.6,0.8,2.7,0.71,0.2,0.9897130676001014,0.9844572627670053,0.005255804833096067,10,90,10,90,0.1,train_calibrated,0.9956690262439577,0.0,nan,insufficient_train_impostor_trials_lt_1000
GTSinger_same_text_control,wavlm_l12,12,47,10,0,10,10,raw,DE-Tenor-1;EN-Tenor-1;FR-Soprano-1;IT-Bass-1;IT-Bass-2;IT-Soprano-1;JA-Tenor-1;KO-Soprano-1;KO-Soprano-2;KO-Tenor-1,full_test_singing_centroid_per_speaker,0.1,0.8,4.1,0.37583333333333335,0.4,0.9637447598425698,0.9578560086460317,0.005888751196538089,10,90,10,90,0.0,train_calibrated,0.9895896660160322,0.0,nan,insufficient_train_impostor_trials_lt_1000
GTSinger_same_text_control,wavlm_l12,12,47,10,0,10,10,correct_sign_global,DE-Tenor-1;EN-Tenor-1;FR-Soprano-1;IT-Bass-1;IT-Bass-2;IT-Soprano-1;JA-Tenor-1;KO-Soprano-1;KO-Soprano-2;KO-Tenor-1,full_test_singing_centroid_per_speaker,0.6,0.8,2.6,0.7266666666666667,0.2,0.9912739189730276,0.9854295442611758,0.005844374711851841,10,90,10,90,0.2,train_calibrated,0.9956690262439577,0.0,nan,insufficient_train_impostor_trials_lt_1000
GTSinger_same_text_control,wavlm_l12,12,47,full,0,81,106,raw,DE-Tenor-1;EN-Tenor-1;FR-Soprano-1;IT-Bass-1;IT-Bass-2;IT-Soprano-1;JA-Tenor-1;KO-Soprano-1;KO-Soprano-2;KO-Tenor-1,full_test_singing_centroid_per_speaker,0.1,0.7,4.5,0.3567857142857143,0.4,0.9638212481337263,0.9581847495776435,0.005636498556082725,10,90,10,90,0.0,train_calibrated,0.9895896660160322,0.0,nan,insufficient_train_impostor_trials_lt_1000
GTSinger_same_text_control,wavlm_l12,12,47,full,0,81,106,correct_sign_global,DE-Tenor-1;EN-Tenor-1;FR-Soprano-1;IT-Bass-1;IT-Bass-2;IT-Soprano-1;JA-Tenor-1;KO-Soprano-1;KO-Soprano-2;KO-Tenor-1,full_test_singing_centroid_per_speaker,0.6,0.8,2.7,0.6944444444444444,0.2,0.9917755954290447,0.9861986853513669,0.005576910077677799,10,90,10,90,0.4,train_calibrated,0.9956690262439577,0.0,nan,insufficient_train_impostor_trials_lt_1000
GTSinger_same_text_control,wavlm_l12,12,53,1,0,1,1,raw,DE-Tenor-1;EN-Alto-1;ES-Bass-1;ES-Soprano-1;FR-Tenor-1;IT-Soprano-1;JA-Tenor-1;KO-Soprano-1;RU-Alto-1;ZH-Alto-1,full_test_singing_centroid_per_speaker,0.3,0.7,4.3,0.4753968253968254,0.4,0.9603187070043937,0.9541401812987093,0.006178525705684446,10,90,10,90,0.1,train_calibrated,0.9837037266664127,0.0,nan,insufficient_train_impostor_trials_lt_1000
GTSinger_same_text_control,wavlm_l12,12,53,1,0,1,1,correct_sign_global,DE-Tenor-1;EN-Alto-1;ES-Bass-1;ES-Soprano-1;FR-Tenor-1;IT-Soprano-1;JA-Tenor-1;KO-Soprano-1;RU-Alto-1;ZH-Alto-1,full_test_singing_centroid_per_speaker,0.6,0.9,2.5,0.7144444444444444,0.2777777777777778,0.9826305725463287,0.9765793633043338,0.00605120924199487,10,90,10,90,0.0,train_calibrated,0.9959521578607646,0.0,nan,insufficient_train_impostor_trials_lt_1000
GTSinger_same_text_control,wavlm_l12,12,53,2,0,2,2,raw,DE-Tenor-1;EN-Alto-1;ES-Bass-1;ES-Soprano-1;FR-Tenor-1;IT-Soprano-1;JA-Tenor-1;KO-Soprano-1;RU-Alto-1;ZH-Alto-1,full_test_singing_centroid_per_speaker,0.3,0.7,4.7,0.42873015873015874,0.3888888888888889,0.9636644820463063,0.957758608556149,0.005905873490157254,10,90,10,90,0.0,train_calibrated,0.9837037266664127,0.0,nan,insufficient_train_impostor_trials_lt_1000
GTSinger_same_text_control,wavlm_l12,12,53,2,0,2,2,correct_sign_global,DE-Tenor-1;EN-Alto-1;ES-Bass-1;ES-Soprano-1;FR-Tenor-1;IT-Soprano-1;JA-Tenor-1;KO-Soprano-1;RU-Alto-1;ZH-Alto-1,full_test_singing_centroid_per_speaker,0.7,0.8,2.4,0.7777777777777778,0.3,0.9870841413181285,0.9813335007128141,0.005750640605314383,10,90,10,90,0.0,train_calibrated,0.9959521578607646,0.0,nan,insufficient_train_impostor_trials_lt_1000
GTSinger_same_text_control,wavlm_l12,12,53,5,0,5,5,raw,DE-Tenor-1;EN-Alto-1;ES-Bass-1;ES-Soprano-1;FR-Tenor-1;IT-Soprano-1;JA-Tenor-1;KO-Soprano-1;RU-Alto-1;ZH-Alto-1,full_test_singing_centroid_per_speaker,0.3,0.6,4.8,0.41944444444444456,0.4111111111111111,0.9651293604682177,0.9590950596656875,0.006034300802530201,10,90,10,90,0.1,train_calibrated,0.9837037266664127,0.0,nan,insufficient_train_impostor_trials_lt_1000
GTSinger_same_text_control,wavlm_l12,12,53,5,0,5,5,correct_sign_global,DE-Tenor-1;EN-Alto-1;ES-Bass-1;ES-Soprano-1;FR-Tenor-1;IT-Soprano-1;JA-Tenor-1;KO-Soprano-1;RU-Alto-1;ZH-Alto-1,full_test_singing_centroid_per_speaker,0.7,0.9,2.0,0.7892857142857143,0.3,0.9898257043633792,0.9839232554126288,0.005902448950750427,10,90,10,90,0.0,train_calibrated,0.9959521578607646,0.0,nan,insufficient_train_impostor_trials_lt_1000
GTSinger_same_text_control,wavlm_l12,12,53,10,0,10,10,raw,DE-Tenor-1;EN-Alto-1;ES-Bass-1;ES-Soprano-1;FR-Tenor-1;IT-Soprano-1;JA-Tenor-1;KO-Soprano-1;RU-Alto-1;ZH-Alto-1,full_test_singing_centroid_per_speaker,0.3,0.6,5.0,0.4146825396825397,0.4,0.9668616056189576,0.9607584841919122,0.006103121427045388,10,90,10,90,0.1,train_calibrated,0.9837037266664127,0.0,nan,insufficient_train_impostor_trials_lt_1000
GTSinger_same_text_control,wavlm_l12,12,53,10,0,10,10,correct_sign_global,DE-Tenor-1;EN-Alto-1;ES-Bass-1;ES-Soprano-1;FR-Tenor-1;IT-Soprano-1;JA-Tenor-1;KO-Soprano-1;RU-Alto-1;ZH-Alto-1,full_test_singing_centroid_per_speaker,0.8,0.9,2.1,0.836111111111111,0.2,0.9919217956205019,0.9859593310894441,0.005962464531057754,10,90,10,90,0.1,train_calibrated,0.9959521578607646,0.0,nan,insufficient_train_impostor_trials_lt_1000
GTSinger_same_text_control,wavlm_l12,12,53,full,0,81,104,raw,DE-Tenor-1;EN-Alto-1;ES-Bass-1;ES-Soprano-1;FR-Tenor-1;IT-Soprano-1;JA-Tenor-1;KO-Soprano-1;RU-Alto-1;ZH-Alto-1,full_test_singing_centroid_per_speaker,0.3,0.7,4.7,0.42873015873015874,0.3944444444444445,0.9688221511586343,0.9623937405762757,0.006428410582358657,10,90,10,90,0.2,train_calibrated,0.9837037266664127,0.0,nan,insufficient_train_impostor_trials_lt_1000
GTSinger_same_text_control,wavlm_l12,12,53,full,0,81,104,correct_sign_global,DE-Tenor-1;EN-Alto-1;ES-Bass-1;ES-Soprano-1;FR-Tenor-1;IT-Soprano-1;JA-Tenor-1;KO-Soprano-1;RU-Alto-1;ZH-Alto-1,full_test_singing_centroid_per_speaker,0.8,0.9,2.1,0.836111111111111,0.2,0.9929760591797162,0.9866794065962962,0.006296652583420048,10,90,10,90,0.2,train_calibrated,0.9959521578607646,0.0,nan,insufficient_train_impostor_trials_lt_1000
GTSinger_same_text_control,wavlm_l12,12,59,1,0,1,1,raw,DE-Soprano-1;DE-Tenor-1;EN-Alto-2;FR-Soprano-1;FR-Tenor-1;JA-Tenor-1;KO-Soprano-1;KO-Soprano-2;RU-Alto-1;ZH-Alto-1,full_test_singing_centroid_per_speaker,0.2,0.5,4.7,0.40206349206349207,0.4111111111111111,0.9512634448401398,0.9438373722656954,0.007426072574444387,10,90,10,90,0.0,train_calibrated,0.9923185442948536,0.0,nan,insufficient_train_impostor_trials_lt_1000
GTSinger_same_text_control,wavlm_l12,12,59,1,0,1,1,correct_sign_global,DE-Soprano-1;DE-Tenor-1;EN-Alto-2;FR-Soprano-1;FR-Tenor-1;JA-Tenor-1;KO-Soprano-1;KO-Soprano-2;RU-Alto-1;ZH-Alto-1,full_test_singing_centroid_per_speaker,0.6,0.9,2.4,0.7158333333333333,0.3,0.9795449421913455,0.9722928323761102,0.007252109815235275,10,90,10,90,0.0,train_calibrated,0.9956135172091447,0.0,nan,insufficient_train_impostor_trials_lt_1000
GTSinger_same_text_control,wavlm_l12,12,59,2,0,2,2,raw,DE-Soprano-1;DE-Tenor-1;EN-Alto-2;FR-Soprano-1;FR-Tenor-1;JA-Tenor-1;KO-Soprano-1;KO-Soprano-2;RU-Alto-1;ZH-Alto-1,full_test_singing_centroid_per_speaker,0.2,0.8,4.5,0.4011111111111111,0.3833333333333333,0.9649944168778761,0.957528991065359,0.007465425812517079,10,90,10,90,0.0,train_calibrated,0.9923185442948536,0.0,nan,insufficient_train_impostor_trials_lt_1000
GTSinger_same_text_control,wavlm_l12,12,59,2,0,2,2,correct_sign_global,DE-Soprano-1;DE-Tenor-1;EN-Alto-2;FR-Soprano-1;FR-Tenor-1;JA-Tenor-1;KO-Soprano-1;KO-Soprano-2;RU-Alto-1;ZH-Alto-1,full_test_singing_centroid_per_speaker,0.7,0.9,2.0,0.775,0.2,0.9892155598027129,0.9818190421829526,0.0073965176197603455,10,90,10,90,0.0,train_calibrated,0.9956135172091447,0.0,nan,insufficient_train_impostor_trials_lt_1000
GTSinger_same_text_control,wavlm_l12,12,59,5,0,5,5,raw,DE-Soprano-1;DE-Tenor-1;EN-Alto-2;FR-Soprano-1;FR-Tenor-1;JA-Tenor-1;KO-Soprano-1;KO-Soprano-2;RU-Alto-1;ZH-Alto-1,full_test_singing_centroid_per_speaker,0.2,0.7,4.6,0.3977777777777778,0.37777777777777777,0.9654875097352639,0.95823407270685,0.007253437028413856,10,90,10,90,0.0,train_calibrated,0.9923185442948536,0.0,nan,insufficient_train_impostor_trials_lt_1000
GTSinger_same_text_control,wavlm_l12,12,59,5,0,5,5,correct_sign_global,DE-Soprano-1;DE-Tenor-1;EN-Alto-2;FR-Soprano-1;FR-Tenor-1;JA-Tenor-1;KO-Soprano-1;KO-Soprano-2;RU-Alto-1;ZH-Alto-1,full_test_singing_centroid_per_speaker,0.7,1.0,1.9,0.79,0.20555555555555555,0.9912641355396927,0.984153514369687,0.007110621170005715,10,90,10,90,0.2,train_calibrated,0.9956135172091447,0.0,nan,insufficient_train_impostor_trials_lt_1000
GTSinger_same_text_control,wavlm_l12,12,59,10,0,10,10,raw,DE-Soprano-1;DE-Tenor-1;EN-Alto-2;FR-Soprano-1;FR-Tenor-1;JA-Tenor-1;KO-Soprano-1;KO-Soprano-2;RU-Alto-1;ZH-Alto-1,full_test_singing_centroid_per_speaker,0.2,0.6,4.8,0.39206349206349206,0.3888888888888889,0.9642137100550713,0.9576097629553905,0.006603947099680818,10,90,10,90,0.0,train_calibrated,0.9923185442948536,0.0,nan,insufficient_train_impostor_trials_lt_1000
GTSinger_same_text_control,wavlm_l12,12,59,10,0,10,10,correct_sign_global,DE-Soprano-1;DE-Tenor-1;EN-Alto-2;FR-Soprano-1;FR-Tenor-1;JA-Tenor-1;KO-Soprano-1;KO-Soprano-2;RU-Alto-1;ZH-Alto-1,full_test_singing_centroid_per_speaker,0.7,0.9,2.2,0.7861111111111111,0.20555555555555555,0.9915084937926885,0.9850129888002416,0.006495504992446888,10,90,10,90,0.2,train_calibrated,0.9956135172091447,0.0,nan,insufficient_train_impostor_trials_lt_1000
GTSinger_same_text_control,wavlm_l12,12,59,full,0,93,106,raw,DE-Soprano-1;DE-Tenor-1;EN-Alto-2;FR-Soprano-1;FR-Tenor-1;JA-Tenor-1;KO-Soprano-1;KO-Soprano-2;RU-Alto-1;ZH-Alto-1,full_test_singing_centroid_per_speaker,0.2,0.7,4.6,0.3977777777777778,0.37777777777777777,0.9672583736441933,0.9603594767314704,0.0068988969127229405,10,90,10,90,0.0,train_calibrated,0.9923185442948536,0.0,nan,insufficient_train_impostor_trials_lt_1000
GTSinger_same_text_control,wavlm_l12,12,59,full,0,93,106,correct_sign_global,DE-Soprano-1;DE-Tenor-1;EN-Alto-2;FR-Soprano-1;FR-Tenor-1;JA-Tenor-1;KO-Soprano-1;KO-Soprano-2;RU-Alto-1;ZH-Alto-1,full_test_singing_centroid_per_speaker,0.7,0.9,2.2,0.7777777777777778,0.2,0.9932264487004906,0.9864343098985627,0.006792138801927861,10,90,10,90,0.4,train_calibrated,0.9956135172091447,0.0,nan,insufficient_train_impostor_trials_lt_1000
GTSinger_same_text_control,wavlm_l12,12,61,1,0,1,1,raw,DE-Soprano-1;DE-Tenor-1;EN-Tenor-1;ES-Bass-1;ES-Soprano-1;FR-Tenor-1;JA-Tenor-1;KO-Soprano-1;KO-Soprano-2;KO-Tenor-1,full_test_singing_centroid_per_speaker,0.1,0.6,5.0,0.32539682539682546,0.4,0.9546522217985878,0.9488049370264067,0.005847284772181105,10,90,10,90,0.0,train_calibrated,0.9892896386292315,0.0,nan,insufficient_train_impostor_trials_lt_1000
GTSinger_same_text_control,wavlm_l12,12,61,1,0,1,1,correct_sign_global,DE-Soprano-1;DE-Tenor-1;EN-Tenor-1;ES-Bass-1;ES-Soprano-1;FR-Tenor-1;JA-Tenor-1;KO-Soprano-1;KO-Soprano-2;KO-Tenor-1,full_test_singing_centroid_per_speaker,0.5,0.8,2.9,0.642063492063492,0.3111111111111111,0.9832112379648634,0.9773170989305713,0.005894139034292145,10,90,10,90,0.0,train_calibrated,0.9943022002515814,0.0,nan,insufficient_train_impostor_trials_lt_1000
GTSinger_same_text_control,wavlm_l12,12,61,2,0,2,2,raw,DE-Soprano-1;DE-Tenor-1;EN-Tenor-1;ES-Bass-1;ES-Soprano-1;FR-Tenor-1;JA-Tenor-1;KO-Soprano-1;KO-Soprano-2;KO-Tenor-1,full_test_singing_centroid_per_speaker,0.1,0.5,5.0,0.3387301587301587,0.4,0.9607295169026816,0.9548449076913385,0.00588460921134315,10,90,10,90,0.0,train_calibrated,0.9892896386292315,0.0,nan,insufficient_train_impostor_trials_lt_1000
GTSinger_same_text_control,wavlm_l12,12,61,2,0,2,2,correct_sign_global,DE-Soprano-1;DE-Tenor-1;EN-Tenor-1;ES-Bass-1;ES-Soprano-1;FR-Tenor-1;JA-Tenor-1;KO-Soprano-1;KO-Soprano-2;KO-Tenor-1,full_test_singing_centroid_per_speaker,0.7,0.9,2.4,0.7611111111111111,0.3,0.9869575559028008,0.9810939304915798,0.005863625411220985,10,90,10,90,0.0,train_calibrated,0.9943022002515814,0.0,nan,insufficient_train_impostor_trials_lt_1000
GTSinger_same_text_control,wavlm_l12,12,61,5,0,5,5,raw,DE-Soprano-1;DE-Tenor-1;EN-Tenor-1;ES-Bass-1;ES-Soprano-1;FR-Tenor-1;JA-Tenor-1;KO-Soprano-1;KO-Soprano-2;KO-Tenor-1,full_test_singing_centroid_per_speaker,0.1,0.6,5.0,0.32539682539682546,0.4,0.9632079815263437,0.9569231382269291,0.006284843299414589,10,90,10,90,0.0,train_calibrated,0.9892896386292315,0.0,nan,insufficient_train_impostor_trials_lt_1000
GTSinger_same_text_control,wavlm_l12,12,61,5,0,5,5,correct_sign_global,DE-Soprano-1;DE-Tenor-1;EN-Tenor-1;ES-Bass-1;ES-Soprano-1;FR-Tenor-1;JA-Tenor-1;KO-Soprano-1;KO-Soprano-2;KO-Tenor-1,full_test_singing_centroid_per_speaker,0.6,0.9,2.4,0.7194444444444444,0.3,0.9905020708918955,0.9842982951514045,0.006203775740490913,10,90,10,90,0.4,train_calibrated,0.9943022002515814,0.0,nan,insufficient_train_impostor_trials_lt_1000
GTSinger_same_text_control,wavlm_l12,12,61,10,0,10,10,raw,DE-Soprano-1;DE-Tenor-1;EN-Tenor-1;ES-Bass-1;ES-Soprano-1;FR-Tenor-1;JA-Tenor-1;KO-Soprano-1;KO-Soprano-2;KO-Tenor-1,full_test_singing_centroid_per_speaker,0.1,0.6,4.9,0.34206349206349207,0.4,0.9657086191772656,0.959404339595712,0.006304279581553551,10,90,10,90,0.0,train_calibrated,0.9892896386292315,0.0,nan,insufficient_train_impostor_trials_lt_1000
GTSinger_same_text_control,wavlm_l12,12,61,10,0,10,10,correct_sign_global,DE-Soprano-1;DE-Tenor-1;EN-Tenor-1;ES-Bass-1;ES-Soprano-1;FR-Tenor-1;JA-Tenor-1;KO-Soprano-1;KO-Soprano-2;KO-Tenor-1,full_test_singing_centroid_per_speaker,0.7,0.9,2.2,0.7777777777777778,0.2,0.9921263107951344,0.9858480260837494,0.006278284711384918,10,90,10,90,0.4,train_calibrated,0.9943022002515814,0.0,nan,insufficient_train_impostor_trials_lt_1000
GTSinger_same_text_control,wavlm_l12,12,61,full,0,93,104,raw,DE-Soprano-1;DE-Tenor-1;EN-Tenor-1;ES-Bass-1;ES-Soprano-1;FR-Tenor-1;JA-Tenor-1;KO-Soprano-1;KO-Soprano-2;KO-Tenor-1,full_test_singing_centroid_per_speaker,0.1,0.6,5.0,0.3402777777777778,0.4,0.9657212610019853,0.959582188495191,0.006139072506794352,10,90,10,90,0.0,train_calibrated,0.9892896386292315,0.0,nan,insufficient_train_impostor_trials_lt_1000
GTSinger_same_text_control,wavlm_l12,12,61,full,0,93,104,correct_sign_global,DE-Soprano-1;DE-Tenor-1;EN-Tenor-1;ES-Bass-1;ES-Soprano-1;FR-Tenor-1;JA-Tenor-1;KO-Soprano-1;KO-Soprano-2;KO-Tenor-1,full_test_singing_centroid_per_speaker,0.7,0.9,2.3,0.7694444444444445,0.2,0.992946756422777,0.9868372195325968,0.006109536890180123,10,90,10,90,0.5,train_calibrated,0.9943022002515814,0.0,nan,insufficient_train_impostor_trials_lt_1000
GTSinger_same_text_control,wavlm_l12,12,67,1,0,1,1,raw,DE-Soprano-1;DE-Tenor-1;EN-Tenor-1;FR-Tenor-1;IT-Bass-1;IT-Soprano-1;KO-Soprano-1;KO-Soprano-2;KO-Tenor-1;RU-Alto-1,full_test_singing_centroid_per_speaker,0.1,0.7,4.3,0.3466666666666667,0.4,0.9566670339497595,0.9500977737273615,0.00656926022239801,10,90,10,90,0.0,train_calibrated,0.9834745880434813,0.0,nan,insufficient_train_impostor_trials_lt_1000
GTSinger_same_text_control,wavlm_l12,12,67,1,0,1,1,correct_sign_global,DE-Soprano-1;DE-Tenor-1;EN-Tenor-1;FR-Tenor-1;IT-Bass-1;IT-Soprano-1;KO-Soprano-1;KO-Soprano-2;KO-Tenor-1;RU-Alto-1,full_test_singing_centroid_per_speaker,0.7,0.9,2.2,0.7777777777777778,0.3222222222222222,0.9814582874628807,0.974963078421587,0.006495209041293637,10,90,10,90,0.0,train_calibrated,0.9957160802282548,0.0,nan,insufficient_train_impostor_trials_lt_1000
GTSinger_same_text_control,wavlm_l12,12,67,2,0,2,2,raw,DE-Soprano-1;DE-Tenor-1;EN-Tenor-1;FR-Tenor-1;IT-Bass-1;IT-Soprano-1;KO-Soprano-1;KO-Soprano-2;KO-Tenor-1;RU-Alto-1,full_test_singing_centroid_per_speaker,0.1,0.7,4.5,0.3392857142857143,0.48333333333333334,0.9637484621354439,0.957218805776357,0.006529656359086866,10,90,10,90,0.0,train_calibrated,0.9834745880434813,0.0,nan,insufficient_train_impostor_trials_lt_1000
GTSinger_same_text_control,wavlm_l12,12,67,2,0,2,2,correct_sign_global,DE-Soprano-1;DE-Tenor-1;EN-Tenor-1;FR-Tenor-1;IT-Bass-1;IT-Soprano-1;KO-Soprano-1;KO-Soprano-2;KO-Tenor-1;RU-Alto-1,full_test_singing_centroid_per_speaker,0.7,1.0,1.7,0.8,0.2,0.9880948179340884,0.9816540715081031,0.006440746425985244,10,90,10,90,0.0,train_calibrated,0.9957160802282548,0.0,nan,insufficient_train_impostor_trials_lt_1000
GTSinger_same_text_control,wavlm_l12,12,67,5,0,5,5,raw,DE-Soprano-1;DE-Tenor-1;EN-Tenor-1;FR-Tenor-1;IT-Bass-1;IT-Soprano-1;KO-Soprano-1;KO-Soprano-2;KO-Tenor-1;RU-Alto-1,full_test_singing_centroid_per_speaker,0.1,0.8,4.5,0.3375,0.3833333333333333,0.969291999312949,0.9632051657215235,0.006086833591425478,10,90,10,90,0.1,train_calibrated,0.9834745880434813,0.0,nan,insufficient_train_impostor_trials_lt_1000
GTSinger_same_text_control,wavlm_l12,12,67,5,0,5,5,correct_sign_global,DE-Soprano-1;DE-Tenor-1;EN-Tenor-1;FR-Tenor-1;IT-Bass-1;IT-Soprano-1;KO-Soprano-1;KO-Soprano-2;KO-Tenor-1;RU-Alto-1,full_test_singing_centroid_per_speaker,0.8,0.9,1.9,0.8366666666666667,0.2777777777777778,0.9911252837196225,0.9850609485364078,0.0060643351832146974,10,90,10,90,0.1,train_calibrated,0.9957160802282548,0.0,nan,insufficient_train_impostor_trials_lt_1000
GTSinger_same_text_control,wavlm_l12,12,67,10,0,10,10,raw,DE-Soprano-1;DE-Tenor-1;EN-Tenor-1;FR-Tenor-1;IT-Bass-1;IT-Soprano-1;KO-Soprano-1;KO-Soprano-2;KO-Tenor-1;RU-Alto-1,full_test_singing_centroid_per_speaker,0.1,0.6,4.7,0.3276190476190476,0.3222222222222222,0.9699163545926688,0.9639178698192582,0.005998484773410584,10,90,10,90,0.1,train_calibrated,0.9834745880434813,0.0,nan,insufficient_train_impostor_trials_lt_1000
GTSinger_same_text_control,wavlm_l12,12,67,10,0,10,10,correct_sign_global,DE-Soprano-1;DE-Tenor-1;EN-Tenor-1;FR-Tenor-1;IT-Bass-1;IT-Soprano-1;KO-Soprano-1;KO-Soprano-2;KO-Tenor-1;RU-Alto-1,full_test_singing_centroid_per_speaker,0.8,0.9,1.7,0.85,0.1,0.9924799270982531,0.9865303495175686,0.005949577580684484,10,90,10,90,0.3,train_calibrated,0.9957160802282548,0.0,nan,insufficient_train_impostor_trials_lt_1000
GTSinger_same_text_control,wavlm_l12,12,67,full,0,81,102,raw,DE-Soprano-1;DE-Tenor-1;EN-Tenor-1;FR-Tenor-1;IT-Bass-1;IT-Soprano-1;KO-Soprano-1;KO-Soprano-2;KO-Tenor-1;RU-Alto-1,full_test_singing_centroid_per_speaker,0.1,0.6,4.8,0.3258333333333333,0.31666666666666665,0.9706219671669076,0.9645131401537939,0.006108827013113771,10,90,10,90,0.1,train_calibrated,0.9834745880434813,0.0,nan,insufficient_train_impostor_trials_lt_1000
GTSinger_same_text_control,wavlm_l12,12,67,full,0,81,102,correct_sign_global,DE-Soprano-1;DE-Tenor-1;EN-Tenor-1;FR-Tenor-1;IT-Bass-1;IT-Soprano-1;KO-Soprano-1;KO-Soprano-2;KO-Tenor-1;RU-Alto-1,full_test_singing_centroid_per_speaker,0.7,0.9,1.8,0.8,0.1111111111111111,0.993780251977196,0.9877073775991317,0.0060728743780642525,10,90,10,90,0.3,train_calibrated,0.9957160802282548,0.0,nan,insufficient_train_impostor_trials_lt_1000
GTSinger_same_text_control,wavlm_l12,12,71,1,0,1,1,raw,DE-Soprano-1;EN-Alto-2;EN-Tenor-1;ES-Soprano-1;IT-Soprano-1;JA-Tenor-1;KO-Soprano-1;KO-Tenor-1;RU-Alto-1;ZH-Alto-1,full_test_singing_centroid_per_speaker,0.2,0.5,4.9,0.373452380952381,0.4222222222222222,0.9494525199740149,0.9424043676713804,0.007048152302634558,10,90,10,90,0.0,train_calibrated,0.9923185442948536,0.0,nan,insufficient_train_impostor_trials_lt_1000
GTSinger_same_text_control,wavlm_l12,12,71,1,0,1,1,correct_sign_global,DE-Soprano-1;EN-Alto-2;EN-Tenor-1;ES-Soprano-1;IT-Soprano-1;JA-Tenor-1;KO-Soprano-1;KO-Tenor-1;RU-Alto-1;ZH-Alto-1,full_test_singing_centroid_per_speaker,0.6,0.9,2.5,0.73,0.4,0.9762674893650469,0.9693096513522069,0.006957838012840001,10,90,10,90,0.0,train_calibrated,0.9956018915463928,0.0,nan,insufficient_train_impostor_trials_lt_1000
GTSinger_same_text_control,wavlm_l12,12,71,2,0,2,2,raw,DE-Soprano-1;EN-Alto-2;EN-Tenor-1;ES-Soprano-1;IT-Soprano-1;JA-Tenor-1;KO-Soprano-1;KO-Tenor-1;RU-Alto-1;ZH-Alto-1,full_test_singing_centroid_per_speaker,0.2,0.5,4.6,0.3975,0.31666666666666665,0.9622686211617564,0.956011022613279,0.0062575985484774055,10,90,10,90,0.0,train_calibrated,0.9923185442948536,0.0,nan,insufficient_train_impostor_trials_lt_1000
GTSinger_same_text_control,wavlm_l12,12,71,2,0,2,2,correct_sign_global,DE-Soprano-1;EN-Alto-2;EN-Tenor-1;ES-Soprano-1;IT-Soprano-1;JA-Tenor-1;KO-Soprano-1;KO-Tenor-1;RU-Alto-1;ZH-Alto-1,full_test_singing_centroid_per_speaker,0.7,0.8,2.9,0.7544444444444445,0.3,0.988355650964212,0.9821770423598288,0.006178608604383129,10,90,10,90,0.0,train_calibrated,0.9956018915463928,0.0,nan,insufficient_train_impostor_trials_lt_1000
GTSinger_same_text_control,wavlm_l12,12,71,5,0,5,5,raw,DE-Soprano-1;EN-Alto-2;EN-Tenor-1;ES-Soprano-1;IT-Soprano-1;JA-Tenor-1;KO-Soprano-1;KO-Tenor-1;RU-Alto-1;ZH-Alto-1,full_test_singing_centroid_per_speaker,0.2,0.7,4.8,0.37873015873015875,0.3111111111111111,0.9653564430874289,0.959526597288795,0.005829845798633881,10,90,10,90,0.0,train_calibrated,0.9923185442948536,0.0,nan,insufficient_train_impostor_trials_lt_1000
GTSinger_same_text_control,wavlm_l12,12,71,5,0,5,5,correct_sign_global,DE-Soprano-1;EN-Alto-2;EN-Tenor-1;ES-Soprano-1;IT-Soprano-1;JA-Tenor-1;KO-Soprano-1;KO-Tenor-1;RU-Alto-1;ZH-Alto-1,full_test_singing_centroid_per_speaker,0.8,0.9,2.0,0.86,0.3,0.9906544728142489,0.9849249198714404,0.0057295529428085246,10,90,10,90,0.1,train_calibrated,0.9956018915463928,0.0,nan,insufficient_train_impostor_trials_lt_1000
GTSinger_same_text_control,wavlm_l12,12,71,10,0,10,10,raw,DE-Soprano-1;EN-Alto-2;EN-Tenor-1;ES-Soprano-1;IT-Soprano-1;JA-Tenor-1;KO-Soprano-1;KO-Tenor-1;RU-Alto-1;ZH-Alto-1,full_test_singing_centroid_per_speaker,0.2,0.7,4.7,0.3811111111111111,0.37777777777777777,0.9669721249244624,0.9607962442755692,0.006175880648893184,10,90,10,90,0.0,train_calibrated,0.9923185442948536,0.0,nan,insufficient_train_impostor_trials_lt_1000
GTSinger_same_text_control,wavlm_l12,12,71,10,0,10,10,correct_sign_global,DE-Soprano-1;EN-Alto-2;EN-Tenor-1;ES-Soprano-1;IT-Soprano-1;JA-Tenor-1;KO-Soprano-1;KO-Tenor-1;RU-Alto-1;ZH-Alto-1,full_test_singing_centroid_per_speaker,0.7,0.9,2.1,0.8099999999999999,0.2,0.9926586139372239,0.9865914861208994,0.006067127816324458,10,90,10,90,0.2,train_calibrated,0.9956018915463928,0.0,nan,insufficient_train_impostor_trials_lt_1000
GTSinger_same_text_control,wavlm_l12,12,71,full,0,81,104,raw,DE-Soprano-1;EN-Alto-2;EN-Tenor-1;ES-Soprano-1;IT-Soprano-1;JA-Tenor-1;KO-Soprano-1;KO-Tenor-1;RU-Alto-1;ZH-Alto-1,full_test_singing_centroid_per_speaker,0.2,0.7,4.6,0.3977777777777778,0.3833333333333333,0.9686769301802475,0.9626702502405833,0.0060066799396641946,10,90,10,90,0.0,train_calibrated,0.9923185442948536,0.0,nan,insufficient_train_impostor_trials_lt_1000
GTSinger_same_text_control,wavlm_l12,12,71,full,0,81,104,correct_sign_global,DE-Soprano-1;EN-Alto-2;EN-Tenor-1;ES-Soprano-1;IT-Soprano-1;JA-Tenor-1;KO-Soprano-1;KO-Tenor-1;RU-Alto-1;ZH-Alto-1,full_test_singing_centroid_per_speaker,0.8,0.9,2.0,0.86,0.1,0.9937761918024786,0.9878529262532786,0.005923265549199974,10,90,10,90,0.4,train_calibrated,0.9956018915463928,0.0,nan,insufficient_train_impostor_trials_lt_1000
GTSinger_same_text_control,wavlm_l12,12,73,1,0,1,1,raw,DE-Tenor-1;EN-Alto-2;ES-Soprano-1;FR-Tenor-1;IT-Bass-1;IT-Bass-2;IT-Soprano-1;JA-Soprano-1;JA-Tenor-1;ZH-Tenor-1,full_test_singing_centroid_per_speaker,0.3,0.6,4.6,0.4536111111111111,0.5777777777777777,0.9538417952651883,0.9461219845238978,0.007719810741290467,10,90,10,90,0.0,train_calibrated,0.9893871945915839,0.0,nan,insufficient_train_impostor_trials_lt_1000
GTSinger_same_text_control,wavlm_l12,12,73,1,0,1,1,correct_sign_global,DE-Tenor-1;EN-Alto-2;ES-Soprano-1;FR-Tenor-1;IT-Bass-1;IT-Bass-2;IT-Soprano-1;JA-Soprano-1;JA-Tenor-1;ZH-Tenor-1,full_test_singing_centroid_per_speaker,0.4,0.8,3.1,0.5652380952380953,0.3,0.9813924159858403,0.973781824969626,0.0076105910162143076,10,90,10,90,0.0,train_calibrated,0.9954218011832526,0.0,nan,insufficient_train_impostor_trials_lt_1000
GTSinger_same_text_control,wavlm_l12,12,73,2,0,2,2,raw,DE-Tenor-1;EN-Alto-2;ES-Soprano-1;FR-Tenor-1;IT-Bass-1;IT-Bass-2;IT-Soprano-1;JA-Soprano-1;JA-Tenor-1;ZH-Tenor-1,full_test_singing_centroid_per_speaker,0.2,0.5,5.1,0.36456349206349203,0.48888888888888893,0.9605808262399813,0.9537691023181009,0.006811723921880453,10,90,10,90,0.0,train_calibrated,0.9893871945915839,0.0,nan,insufficient_train_impostor_trials_lt_1000
GTSinger_same_text_control,wavlm_l12,12,73,2,0,2,2,correct_sign_global,DE-Tenor-1;EN-Alto-2;ES-Soprano-1;FR-Tenor-1;IT-Bass-1;IT-Bass-2;IT-Soprano-1;JA-Soprano-1;JA-Tenor-1;ZH-Tenor-1,full_test_singing_centroid_per_speaker,0.6,0.8,2.9,0.6801190476190476,0.3,0.9868195272705078,0.9800859840163944,0.006733543254113461,10,90,10,90,0.0,train_calibrated,0.9954218011832526,0.0,nan,insufficient_train_impostor_trials_lt_1000
GTSinger_same_text_control,wavlm_l12,12,73,5,0,5,5,raw,DE-Tenor-1;EN-Alto-2;ES-Soprano-1;FR-Tenor-1;IT-Bass-1;IT-Bass-2;IT-Soprano-1;JA-Soprano-1;JA-Tenor-1;ZH-Tenor-1,full_test_singing_centroid_per_speaker,0.2,0.6,4.9,0.3702777777777778,0.5,0.9598640289861115,0.952900511852106,0.006963517134005448,10,90,10,90,0.0,train_calibrated,0.9893871945915839,0.0,nan,insufficient_train_impostor_trials_lt_1000
GTSinger_same_text_control,wavlm_l12,12,73,5,0,5,5,correct_sign_global,DE-Tenor-1;EN-Alto-2;ES-Soprano-1;FR-Tenor-1;IT-Bass-1;IT-Bass-2;IT-Soprano-1;JA-Soprano-1;JA-Tenor-1;ZH-Tenor-1,full_test_singing_centroid_per_speaker,0.7,0.8,2.7,0.7467857142857144,0.3222222222222222,0.9884310810753092,0.9815376036498658,0.0068934774254434394,10,90,10,90,0.1,train_calibrated,0.9954218011832526,0.0,nan,insufficient_train_impostor_trials_lt_1000
GTSinger_same_text_control,wavlm_l12,12,73,10,0,10,10,raw,DE-Tenor-1;EN-Alto-2;ES-Soprano-1;FR-Tenor-1;IT-Bass-1;IT-Bass-2;IT-Soprano-1;JA-Soprano-1;JA-Tenor-1;ZH-Tenor-1,full_test_singing_centroid_per_speaker,0.2,0.5,5.1,0.36456349206349203,0.5,0.9594673264419848,0.9525305507470124,0.006936775694972419,10,90,10,90,0.0,train_calibrated,0.9893871945915839,0.0,nan,insufficient_train_impostor_trials_lt_1000
GTSinger_same_text_control,wavlm_l12,12,73,10,0,10,10,correct_sign_global,DE-Tenor-1;EN-Alto-2;ES-Soprano-1;FR-Tenor-1;IT-Bass-1;IT-Bass-2;IT-Soprano-1;JA-Soprano-1;JA-Tenor-1;ZH-Tenor-1,full_test_singing_centroid_per_speaker,0.6,0.7,3.1,0.674404761904762,0.3944444444444445,0.9883977578500215,0.9815298250418067,0.006867932808214738,10,90,10,90,0.2,train_calibrated,0.9954218011832526,0.0,nan,insufficient_train_impostor_trials_lt_1000
GTSinger_same_text_control,wavlm_l12,12,73,full,0,81,104,raw,DE-Tenor-1;EN-Alto-2;ES-Soprano-1;FR-Tenor-1;IT-Bass-1;IT-Bass-2;IT-Soprano-1;JA-Soprano-1;JA-Tenor-1;ZH-Tenor-1,full_test_singing_centroid_per_speaker,0.2,0.5,5.1,0.36456349206349203,0.5,0.961329978774452,0.9540318589833229,0.007298119791129154,10,90,10,90,0.0,train_calibrated,0.9893871945915839,0.0,nan,insufficient_train_impostor_trials_lt_1000
GTSinger_same_text_control,wavlm_l12,12,73,full,0,81,104,correct_sign_global,DE-Tenor-1;EN-Alto-2;ES-Soprano-1;FR-Tenor-1;IT-Bass-1;IT-Bass-2;IT-Soprano-1;JA-Soprano-1;JA-Tenor-1;ZH-Tenor-1,full_test_singing_centroid_per_speaker,0.6,0.8,2.8,0.6967857142857143,0.3,0.9898655175640936,0.9826414820438845,0.0072240355202091155,10,90,10,90,0.2,train_calibrated,0.9954218011832526,0.0,nan,insufficient_train_impostor_trials_lt_1000
GTSinger_same_text_control,wavlm_l12,12,79,1,0,1,1,raw,EN-Alto-1;EN-Alto-2;ES-Bass-1;ES-Soprano-1;IT-Bass-1;IT-Bass-2;JA-Soprano-1;KO-Tenor-1;RU-Alto-1;ZH-Alto-1,full_test_singing_centroid_per_speaker,0.4,0.5,4.6,0.4927380952380953,0.47777777777777775,0.9609001950762058,0.9539028028025268,0.006997392273679015,10,90,10,90,0.0,train_calibrated,0.9810823562445224,0.0,nan,insufficient_train_impostor_trials_lt_1000
GTSinger_same_text_control,wavlm_l12,12,79,1,0,1,1,correct_sign_global,EN-Alto-1;EN-Alto-2;ES-Bass-1;ES-Soprano-1;IT-Bass-1;IT-Bass-2;JA-Soprano-1;KO-Tenor-1;RU-Alto-1;ZH-Alto-1,full_test_singing_centroid_per_speaker,0.6,0.8,3.0,0.6787301587301587,0.4,0.9793171643829469,0.9726295055073425,0.0066876588756044075,10,90,10,90,0.0,train_calibrated,0.9947150230130613,0.0,nan,insufficient_train_impostor_trials_lt_1000
GTSinger_same_text_control,wavlm_l12,12,79,2,0,2,2,raw,EN-Alto-1;EN-Alto-2;ES-Bass-1;ES-Soprano-1;IT-Bass-1;IT-Bass-2;JA-Soprano-1;KO-Tenor-1;RU-Alto-1;ZH-Alto-1,full_test_singing_centroid_per_speaker,0.4,0.5,4.4,0.49428571428571433,0.3944444444444445,0.9675398077858913,0.9601116513081094,0.007428156477781944,10,90,10,90,0.1,train_calibrated,0.9810823562445224,0.0,nan,insufficient_train_impostor_trials_lt_1000
GTSinger_same_text_control,wavlm_l12,12,79,2,0,2,2,correct_sign_global,EN-Alto-1;EN-Alto-2;ES-Bass-1;ES-Soprano-1;IT-Bass-1;IT-Bass-2;JA-Soprano-1;KO-Tenor-1;RU-Alto-1;ZH-Alto-1,full_test_singing_centroid_per_speaker,0.5,0.9,2.4,0.6533333333333332,0.21666666666666667,0.9847291100683387,0.9775572579062992,0.007171852162039527,10,90,10,90,0.0,train_calibrated,0.9947150230130613,0.0,nan,insufficient_train_impostor_trials_lt_1000
GTSinger_same_text_control,wavlm_l12,12,79,5,0,5,5,raw,EN-Alto-1;EN-Alto-2;ES-Bass-1;ES-Soprano-1;IT-Bass-1;IT-Bass-2;JA-Soprano-1;KO-Tenor-1;RU-Alto-1;ZH-Alto-1,full_test_singing_centroid_per_speaker,0.3,0.6,4.4,0.45619047619047626,0.4,0.9690235079665774,0.9617613354517821,0.007262172514795329,10,90,10,90,0.2,train_calibrated,0.9810823562445224,0.0,nan,insufficient_train_impostor_trials_lt_1000
GTSinger_same_text_control,wavlm_l12,12,79,5,0,5,5,correct_sign_global,EN-Alto-1;EN-Alto-2;ES-Bass-1;ES-Soprano-1;IT-Bass-1;IT-Bass-2;JA-Soprano-1;KO-Tenor-1;RU-Alto-1;ZH-Alto-1,full_test_singing_centroid_per_speaker,0.8,1.0,1.5,0.8699999999999999,0.2,0.9891712768408295,0.9820510176655582,0.00712025917527126,10,90,10,90,0.2,train_calibrated,0.9947150230130613,0.0,nan,insufficient_train_impostor_trials_lt_1000
GTSinger_same_text_control,wavlm_l12,12,79,10,0,10,10,raw,EN-Alto-1;EN-Alto-2;ES-Bass-1;ES-Soprano-1;IT-Bass-1;IT-Bass-2;JA-Soprano-1;KO-Tenor-1;RU-Alto-1;ZH-Alto-1,full_test_singing_centroid_per_speaker,0.3,0.5,4.6,0.4510714285714285,0.4,0.9692739157080454,0.96196822611229,0.0073056895957553936,10,90,10,90,0.2,train_calibrated,0.9810823562445224,0.0,nan,insufficient_train_impostor_trials_lt_1000
GTSinger_same_text_control,wavlm_l12,12,79,10,0,10,10,correct_sign_global,EN-Alto-1;EN-Alto-2;ES-Bass-1;ES-Soprano-1;IT-Bass-1;IT-Bass-2;JA-Soprano-1;KO-Tenor-1;RU-Alto-1;ZH-Alto-1,full_test_singing_centroid_per_speaker,0.6,1.0,1.6,0.7666666666666666,0.2,0.9897425172298906,0.9826171158260552,0.007125401403835441,10,90,10,90,0.2,train_calibrated,0.9947150230130613,0.0,nan,insufficient_train_impostor_trials_lt_1000
GTSinger_same_text_control,wavlm_l12,12,79,full,0,95,103,raw,EN-Alto-1;EN-Alto-2;ES-Bass-1;ES-Soprano-1;IT-Bass-1;IT-Bass-2;JA-Soprano-1;KO-Tenor-1;RU-Alto-1;ZH-Alto-1,full_test_singing_centroid_per_speaker,0.3,0.5,4.5,0.45285714285714285,0.4,0.9722480601436413,0.9650648923160196,0.007183167827621739,10,90,10,90,0.2,train_calibrated,0.9810823562445224,0.0,nan,insufficient_train_impostor_trials_lt_1000
GTSinger_same_text_control,wavlm_l12,12,79,full,0,95,103,correct_sign_global,EN-Alto-1;EN-Alto-2;ES-Bass-1;ES-Soprano-1;IT-Bass-1;IT-Bass-2;JA-Soprano-1;KO-Tenor-1;RU-Alto-1;ZH-Alto-1,full_test_singing_centroid_per_speaker,0.6,1.0,1.6,0.7666666666666666,0.2,0.9917285027783616,0.9847150421083013,0.007013460670060256,10,90,10,90,0.3,train_calibrated,0.9947150230130613,0.0,nan,insufficient_train_impostor_trials_lt_1000
GTSinger_same_text_control,wavlm_l12,12,83,1,0,1,1,raw,DE-Soprano-1;EN-Alto-2;ES-Bass-1;IT-Soprano-1;JA-Soprano-1;KO-Soprano-2;KO-Tenor-1;RU-Alto-1;ZH-Alto-1;ZH-Tenor-1,full_test_singing_centroid_per_speaker,0.3,0.7,3.9,0.47000000000000003,0.4,0.9668887468175266,0.9610651052873744,0.005823641530152135,10,90,10,90,0.0,train_calibrated,0.9842778304458347,0.0,nan,insufficient_train_impostor_trials_lt_1000
GTSinger_same_text_control,wavlm_l12,12,83,1,0,1,1,correct_sign_global,DE-Soprano-1;EN-Alto-2;ES-Bass-1;IT-Soprano-1;JA-Soprano-1;KO-Soprano-2;KO-Tenor-1;RU-Alto-1;ZH-Alto-1;ZH-Tenor-1,full_test_singing_centroid_per_speaker,0.7,0.8,2.4,0.7625,0.2111111111111111,0.9845706166856996,0.9788576832791962,0.005712933406503362,10,90,10,90,0.0,train_calibrated,0.9950363827160412,0.0,nan,insufficient_train_impostor_trials_lt_1000
GTSinger_same_text_control,wavlm_l12,12,83,2,0,2,2,raw,DE-Soprano-1;EN-Alto-2;ES-Bass-1;IT-Soprano-1;JA-Soprano-1;KO-Soprano-2;KO-Tenor-1;RU-Alto-1;ZH-Alto-1;ZH-Tenor-1,full_test_singing_centroid_per_speaker,0.4,0.6,3.9,0.513452380952381,0.3222222222222222,0.9686736453968108,0.9615998081895977,0.007073837207213107,10,90,10,90,0.0,train_calibrated,0.9842778304458347,0.0,nan,insufficient_train_impostor_trials_lt_1000
GTSinger_same_text_control,wavlm_l12,12,83,2,0,2,2,correct_sign_global,DE-Soprano-1;EN-Alto-2;ES-Bass-1;IT-Soprano-1;JA-Soprano-1;KO-Soprano-2;KO-Tenor-1;RU-Alto-1;ZH-Alto-1;ZH-Tenor-1,full_test_singing_centroid_per_speaker,0.9,1.0,1.4,0.9199999999999999,0.3,0.9887590595088944,0.9818243483245165,0.00693471118437794,10,90,10,90,0.0,train_calibrated,0.9950363827160412,0.0,nan,insufficient_train_impostor_trials_lt_1000
GTSinger_same_text_control,wavlm_l12,12,83,5,0,5,5,raw,DE-Soprano-1;EN-Alto-2;ES-Bass-1;IT-Soprano-1;JA-Soprano-1;KO-Soprano-2;KO-Tenor-1;RU-Alto-1;ZH-Alto-1;ZH-Tenor-1,full_test_singing_centroid_per_speaker,0.2,0.5,4.4,0.40694444444444444,0.4,0.9707056926406687,0.9643354652783468,0.006370227362321956,10,90,10,90,0.0,train_calibrated,0.9842778304458347,0.0,nan,insufficient_train_impostor_trials_lt_1000
GTSinger_same_text_control,wavlm_l12,12,83,5,0,5,5,correct_sign_global,DE-Soprano-1;EN-Alto-2;ES-Bass-1;IT-Soprano-1;JA-Soprano-1;KO-Soprano-2;KO-Tenor-1;RU-Alto-1;ZH-Alto-1;ZH-Tenor-1,full_test_singing_centroid_per_speaker,0.9,1.0,1.2,0.9333333333333332,0.2,0.9911842479484407,0.9849442339037785,0.006240014044662234,10,90,10,90,0.3,train_calibrated,0.9950363827160412,0.0,nan,insufficient_train_impostor_trials_lt_1000
GTSinger_same_text_control,wavlm_l12,12,83,10,0,10,10,raw,DE-Soprano-1;EN-Alto-2;ES-Bass-1;IT-Soprano-1;JA-Soprano-1;KO-Soprano-2;KO-Tenor-1;RU-Alto-1;ZH-Alto-1;ZH-Tenor-1,full_test_singing_centroid_per_speaker,0.2,0.5,4.4,0.39206349206349206,0.4,0.9728547243267671,0.9665394954982169,0.006315228828550179,10,90,10,90,0.1,train_calibrated,0.9842778304458347,0.0,nan,insufficient_train_impostor_trials_lt_1000
GTSinger_same_text_control,wavlm_l12,12,83,10,0,10,10,correct_sign_global,DE-Soprano-1;EN-Alto-2;ES-Bass-1;IT-Soprano-1;JA-Soprano-1;KO-Soprano-2;KO-Tenor-1;RU-Alto-1;ZH-Alto-1;ZH-Tenor-1,full_test_singing_centroid_per_speaker,0.8,1.0,1.3,0.8833333333333332,0.2,0.992669892837424,0.9864557542449794,0.0062141385924445736,10,90,10,90,0.4,train_calibrated,0.9950363827160412,0.0,nan,insufficient_train_impostor_trials_lt_1000
GTSinger_same_text_control,wavlm_l12,12,83,full,0,81,103,raw,DE-Soprano-1;EN-Alto-2;ES-Bass-1;IT-Soprano-1;JA-Soprano-1;KO-Soprano-2;KO-Tenor-1;RU-Alto-1;ZH-Alto-1;ZH-Tenor-1,full_test_singing_centroid_per_speaker,0.2,0.5,4.4,0.39166666666666666,0.3944444444444445,0.9733856178503281,0.9670934517588181,0.006292166091509954,10,90,10,90,0.1,train_calibrated,0.9842778304458347,0.0,nan,insufficient_train_impostor_trials_lt_1000
GTSinger_same_text_control,wavlm_l12,12,83,full,0,81,103,correct_sign_global,DE-Soprano-1;EN-Alto-2;ES-Bass-1;IT-Soprano-1;JA-Soprano-1;KO-Soprano-2;KO-Tenor-1;RU-Alto-1;ZH-Alto-1;ZH-Tenor-1,full_test_singing_centroid_per_speaker,0.8,1.0,1.4,0.8666666666666666,0.11666666666666667,0.9935446180007709,0.9873487660918137,0.006195851908957217,10,90,10,90,0.4,train_calibrated,0.9950363827160412,0.0,nan,insufficient_train_impostor_trials_lt_1000
GTSinger_same_text_control,wavlm_l12,12,89,1,0,1,1,raw,DE-Soprano-1;DE-Tenor-1;EN-Alto-1;ES-Bass-1;ES-Soprano-1;FR-Tenor-1;IT-Bass-2;IT-Soprano-1;KO-Soprano-2;RU-Alto-1,full_test_singing_centroid_per_speaker,0.4,0.6,4.2,0.5260714285714286,0.4,0.9624268018346429,0.9539414259818345,0.008485375852808397,10,90,10,90,0.0,train_calibrated,0.9837037266664127,0.0,nan,insufficient_train_impostor_trials_lt_1000
GTSinger_same_text_control,wavlm_l12,12,89,1,0,1,1,correct_sign_global,DE-Soprano-1;DE-Tenor-1;EN-Alto-1;ES-Bass-1;ES-Soprano-1;FR-Tenor-1;IT-Bass-2;IT-Soprano-1;KO-Soprano-2;RU-Alto-1,full_test_singing_centroid_per_speaker,0.7,1.0,1.6,0.8083333333333333,0.4,0.9802790087156428,0.9719265751975816,0.008352433518061142,10,90,10,90,0.0,train_calibrated,0.9945090637536776,0.0,nan,insufficient_train_impostor_trials_lt_1000
GTSinger_same_text_control,wavlm_l12,12,89,2,0,2,2,raw,DE-Soprano-1;DE-Tenor-1;EN-Alto-1;ES-Bass-1;ES-Soprano-1;FR-Tenor-1;IT-Bass-2;IT-Soprano-1;KO-Soprano-2;RU-Alto-1,full_test_singing_centroid_per_speaker,0.3,0.6,4.5,0.4496825396825397,0.4,0.9565202738958363,0.9507135782106433,0.005806695685192986,10,90,10,90,0.0,train_calibrated,0.9837037266664127,0.0,nan,insufficient_train_impostor_trials_lt_1000
GTSinger_same_text_control,wavlm_l12,12,89,2,0,2,2,correct_sign_global,DE-Soprano-1;DE-Tenor-1;EN-Alto-1;ES-Bass-1;ES-Soprano-1;FR-Tenor-1;IT-Bass-2;IT-Soprano-1;KO-Soprano-2;RU-Alto-1,full_test_singing_centroid_per_speaker,0.4,1.0,2.0,0.6416666666666666,0.4,0.9774439932578918,0.9716169596105895,0.005827033647302304,10,90,10,90,0.2,train_calibrated,0.9945090637536776,0.0,nan,insufficient_train_impostor_trials_lt_1000
GTSinger_same_text_control,wavlm_l12,12,89,5,0,5,5,raw,DE-Soprano-1;DE-Tenor-1;EN-Alto-1;ES-Bass-1;ES-Soprano-1;FR-Tenor-1;IT-Bass-2;IT-Soprano-1;KO-Soprano-2;RU-Alto-1,full_test_singing_centroid_per_speaker,0.3,0.6,4.7,0.43956349206349205,0.4,0.9702736394273679,0.9642850715688199,0.005988567858547955,10,90,10,90,0.1,train_calibrated,0.9837037266664127,0.0,nan,insufficient_train_impostor_trials_lt_1000
GTSinger_same_text_control,wavlm_l12,12,89,5,0,5,5,correct_sign_global,DE-Soprano-1;DE-Tenor-1;EN-Alto-1;ES-Bass-1;ES-Soprano-1;FR-Tenor-1;IT-Bass-2;IT-Soprano-1;KO-Soprano-2;RU-Alto-1,full_test_singing_centroid_per_speaker,0.7,0.8,2.3,0.7642857142857143,0.3,0.9910991528593927,0.985182296215859,0.005916856643533697,10,90,10,90,0.4,train_calibrated,0.9945090637536776,0.0,nan,insufficient_train_impostor_trials_lt_1000
GTSinger_same_text_control,wavlm_l12,12,89,10,0,10,10,raw,DE-Soprano-1;DE-Tenor-1;EN-Alto-1;ES-Bass-1;ES-Soprano-1;FR-Tenor-1;IT-Bass-2;IT-Soprano-1;KO-Soprano-2;RU-Alto-1,full_test_singing_centroid_per_speaker,0.3,0.6,4.6,0.44789682539682546,0.4,0.9705966274435693,0.9645600045729741,0.006036622870595254,10,90,10,90,0.1,train_calibrated,0.9837037266664127,0.0,nan,insufficient_train_impostor_trials_lt_1000
GTSinger_same_text_control,wavlm_l12,12,89,10,0,10,10,correct_sign_global,DE-Soprano-1;DE-Tenor-1;EN-Alto-1;ES-Bass-1;ES-Soprano-1;FR-Tenor-1;IT-Bass-2;IT-Soprano-1;KO-Soprano-2;RU-Alto-1,full_test_singing_centroid_per_speaker,0.8,0.9,1.7,0.8642857142857142,0.2,0.9916806604191948,0.9856682250655154,0.006012435353679346,10,90,10,90,0.3,train_calibrated,0.9945090637536776,0.0,nan,insufficient_train_impostor_trials_lt_1000
GTSinger_same_text_control,wavlm_l12,12,89,full,0,81,102,raw,DE-Soprano-1;DE-Tenor-1;EN-Alto-1;ES-Bass-1;ES-Soprano-1;FR-Tenor-1;IT-Bass-2;IT-Soprano-1;KO-Soprano-2;RU-Alto-1,full_test_singing_centroid_per_speaker,0.3,0.6,4.7,0.43956349206349205,0.4,0.9722157099194273,0.9659366593038976,0.006279050615529691,10,90,10,90,0.2,train_calibrated,0.9837037266664127,0.0,nan,insufficient_train_impostor_trials_lt_1000
GTSinger_same_text_control,wavlm_l12,12,89,full,0,81,102,correct_sign_global,DE-Soprano-1;DE-Tenor-1;EN-Alto-1;ES-Bass-1;ES-Soprano-1;FR-Tenor-1;IT-Bass-2;IT-Soprano-1;KO-Soprano-2;RU-Alto-1,full_test_singing_centroid_per_speaker,0.8,1.0,1.5,0.8583333333333332,0.2,0.9930568834330116,0.9868326749950267,0.0062242084379848794,10,90,10,90,0.4,train_calibrated,0.9945090637536776,0.0,nan,insufficient_train_impostor_trials_lt_1000
GTSinger_same_text_control,wavlm_l12,12,97,1,0,1,1,raw,DE-Soprano-1;DE-Tenor-1;EN-Tenor-1;ES-Soprano-1;FR-Tenor-1;IT-Bass-1;JA-Tenor-1;RU-Alto-1;ZH-Alto-1;ZH-Tenor-1,full_test_singing_centroid_per_speaker,0.1,0.7,4.6,0.34706349206349213,0.47777777777777775,0.9542229764823164,0.9472884944359057,0.006934482046410673,10,90,10,90,0.0,train_calibrated,0.9893871945915839,0.0,nan,insufficient_train_impostor_trials_lt_1000
GTSinger_same_text_control,wavlm_l12,12,97,1,0,1,1,correct_sign_global,DE-Soprano-1;DE-Tenor-1;EN-Tenor-1;ES-Soprano-1;FR-Tenor-1;IT-Bass-1;JA-Tenor-1;RU-Alto-1;ZH-Alto-1;ZH-Tenor-1,full_test_singing_centroid_per_speaker,0.6,0.8,2.8,0.7222222222222222,0.3,0.9796081107701579,0.9727528523793887,0.00685525839076917,10,90,10,90,0.0,train_calibrated,0.9957758951758597,0.0,nan,insufficient_train_impostor_trials_lt_1000
GTSinger_same_text_control,wavlm_l12,12,97,2,0,2,2,raw,DE-Soprano-1;DE-Tenor-1;EN-Tenor-1;ES-Soprano-1;FR-Tenor-1;IT-Bass-1;JA-Tenor-1;RU-Alto-1;ZH-Alto-1;ZH-Tenor-1,full_test_singing_centroid_per_speaker,0.1,0.7,4.9,0.32873015873015876,0.4111111111111111,0.9616265993918895,0.9547659488596654,0.006860650532224177,10,90,10,90,0.0,train_calibrated,0.9893871945915839,0.0,nan,insufficient_train_impostor_trials_lt_1000
GTSinger_same_text_control,wavlm_l12,12,97,2,0,2,2,correct_sign_global,DE-Soprano-1;DE-Tenor-1;EN-Tenor-1;ES-Soprano-1;FR-Tenor-1;IT-Bass-1;JA-Tenor-1;RU-Alto-1;ZH-Alto-1;ZH-Tenor-1,full_test_singing_centroid_per_speaker,0.8,0.9,2.0,0.8444444444444444,0.2833333333333333,0.9885236960755416,0.9817620559886312,0.006761640086910381,10,90,10,90,0.0,train_calibrated,0.9957758951758597,0.0,nan,insufficient_train_impostor_trials_lt_1000
GTSinger_same_text_control,wavlm_l12,12,97,5,0,5,5,raw,DE-Soprano-1;DE-Tenor-1;EN-Tenor-1;ES-Soprano-1;FR-Tenor-1;IT-Bass-1;JA-Tenor-1;RU-Alto-1;ZH-Alto-1;ZH-Tenor-1,full_test_singing_centroid_per_speaker,0.1,0.7,4.9,0.32873015873015876,0.4,0.9642840362510832,0.9575747521259621,0.006709284125121062,10,90,10,90,0.0,train_calibrated,0.9893871945915839,0.0,nan,insufficient_train_impostor_trials_lt_1000
GTSinger_same_text_control,wavlm_l12,12,97,5,0,5,5,correct_sign_global,DE-Soprano-1;DE-Tenor-1;EN-Tenor-1;ES-Soprano-1;FR-Tenor-1;IT-Bass-1;JA-Tenor-1;RU-Alto-1;ZH-Alto-1;ZH-Tenor-1,full_test_singing_centroid_per_speaker,0.8,0.8,2.3,0.8277777777777778,0.2,0.9904876647640777,0.9838338669374088,0.006653797826668861,10,90,10,90,0.1,train_calibrated,0.9957758951758597,0.0,nan,insufficient_train_impostor_trials_lt_1000
GTSinger_same_text_control,wavlm_l12,12,97,10,0,10,10,raw,DE-Soprano-1;DE-Tenor-1;EN-Tenor-1;ES-Soprano-1;FR-Tenor-1;IT-Bass-1;JA-Tenor-1;RU-Alto-1;ZH-Alto-1;ZH-Tenor-1,full_test_singing_centroid_per_speaker,0.1,0.7,5.0,0.3203968253968254,0.4,0.9650948930208404,0.9591892688735311,0.00590562414730933,10,90,10,90,0.0,train_calibrated,0.9893871945915839,0.0,nan,insufficient_train_impostor_trials_lt_1000
GTSinger_same_text_control,wavlm_l12,12,97,10,0,10,10,correct_sign_global,DE-Soprano-1;DE-Tenor-1;EN-Tenor-1;ES-Soprano-1;FR-Tenor-1;IT-Bass-1;JA-Tenor-1;RU-Alto-1;ZH-Alto-1;ZH-Tenor-1,full_test_singing_centroid_per_speaker,0.8,0.8,2.4,0.8253968253968254,0.2,0.9914723219468602,0.9856321302413804,0.00584019170547978,10,90,10,90,0.2,train_calibrated,0.9957758951758597,0.0,nan,insufficient_train_impostor_trials_lt_1000
GTSinger_same_text_control,wavlm_l12,12,97,full,0,94,104,raw,DE-Soprano-1;DE-Tenor-1;EN-Tenor-1;ES-Soprano-1;FR-Tenor-1;IT-Bass-1;JA-Tenor-1;RU-Alto-1;ZH-Alto-1;ZH-Tenor-1,full_test_singing_centroid_per_speaker,0.1,0.6,5.1,0.3170634920634921,0.4,0.9658821255625807,0.959739898434505,0.006142227128075661,10,90,10,90,0.0,train_calibrated,0.9893871945915839,0.0,nan,insufficient_train_impostor_trials_lt_1000
GTSinger_same_text_control,wavlm_l12,12,97,full,0,94,104,correct_sign_global,DE-Soprano-1;DE-Tenor-1;EN-Tenor-1;ES-Soprano-1;FR-Tenor-1;IT-Bass-1;JA-Tenor-1;RU-Alto-1;ZH-Alto-1;ZH-Tenor-1,full_test_singing_centroid_per_speaker,0.8,0.9,2.2,0.831111111111111,0.2,0.9924511734258651,0.9863609929373675,0.006090180488497632,10,90,10,90,0.2,train_calibrated,0.9957758951758597,0.0,nan,insufficient_train_impostor_trials_lt_1000
GTSinger_same_text_control,wavlm_l12,12,101,1,0,1,1,raw,EN-Tenor-1;ES-Bass-1;ES-Soprano-1;FR-Tenor-1;IT-Bass-2;KO-Soprano-1;KO-Soprano-2;KO-Tenor-1;ZH-Alto-1;ZH-Tenor-1,full_test_singing_centroid_per_speaker,0.1,0.6,4.7,0.3516666666666667,0.4,0.9578156603304382,0.9506059266075053,0.007209733722932876,10,90,10,90,0.0,train_calibrated,0.9892896386292315,0.0,nan,insufficient_train_impostor_trials_lt_1000
GTSinger_same_text_control,wavlm_l12,12,101,1,0,1,1,correct_sign_global,EN-Tenor-1;ES-Bass-1;ES-Soprano-1;FR-Tenor-1;IT-Bass-2;KO-Soprano-1;KO-Soprano-2;KO-Tenor-1;ZH-Alto-1;ZH-Tenor-1,full_test_singing_centroid_per_speaker,0.8,1.0,1.2,0.9,0.3,0.9847127158146997,0.9776143398033185,0.007098376011381191,10,90,10,90,0.0,train_calibrated,0.9948274703505594,0.0,nan,insufficient_train_impostor_trials_lt_1000
GTSinger_same_text_control,wavlm_l12,12,101,2,0,2,2,raw,EN-Tenor-1;ES-Bass-1;ES-Soprano-1;FR-Tenor-1;IT-Bass-2;KO-Soprano-1;KO-Soprano-2;KO-Tenor-1;ZH-Alto-1;ZH-Tenor-1,full_test_singing_centroid_per_speaker,0.1,0.6,5.2,0.30361111111111116,0.3,0.9610343782836859,0.9554779621637423,0.005556416119943619,10,90,10,90,0.0,train_calibrated,0.9892896386292315,0.0,nan,insufficient_train_impostor_trials_lt_1000
GTSinger_same_text_control,wavlm_l12,12,101,2,0,2,2,correct_sign_global,EN-Tenor-1;ES-Bass-1;ES-Soprano-1;FR-Tenor-1;IT-Bass-2;KO-Soprano-1;KO-Soprano-2;KO-Tenor-1;ZH-Alto-1;ZH-Tenor-1,full_test_singing_centroid_per_speaker,0.7,0.9,2.1,0.7726190476190476,0.2,0.9874417012944777,0.9818931451457926,0.005548556148685102,10,90,10,90,0.0,train_calibrated,0.9948274703505594,0.0,nan,insufficient_train_impostor_trials_lt_1000
GTSinger_same_text_control,wavlm_l12,12,101,5,0,5,5,raw,EN-Tenor-1;ES-Bass-1;ES-Soprano-1;FR-Tenor-1;IT-Bass-2;KO-Soprano-1;KO-Soprano-2;KO-Tenor-1;ZH-Alto-1;ZH-Tenor-1,full_test_singing_centroid_per_speaker,0.1,0.6,5.1,0.305,0.3888888888888889,0.9674199231711678,0.9607255603484534,0.006694362822714406,10,90,10,90,0.0,train_calibrated,0.9892896386292315,0.0,nan,insufficient_train_impostor_trials_lt_1000
GTSinger_same_text_control,wavlm_l12,12,101,5,0,5,5,correct_sign_global,EN-Tenor-1;ES-Bass-1;ES-Soprano-1;FR-Tenor-1;IT-Bass-2;KO-Soprano-1;KO-Soprano-2;KO-Tenor-1;ZH-Alto-1;ZH-Tenor-1,full_test_singing_centroid_per_speaker,0.9,1.0,1.2,0.9333333333333332,0.18888888888888888,0.9913102790861394,0.984672296738736,0.006637982347403426,10,90,10,90,0.2,train_calibrated,0.9948274703505594,0.0,nan,insufficient_train_impostor_trials_lt_1000
GTSinger_same_text_control,wavlm_l12,12,101,10,0,10,10,raw,EN-Tenor-1;ES-Bass-1;ES-Soprano-1;FR-Tenor-1;IT-Bass-2;KO-Soprano-1;KO-Soprano-2;KO-Tenor-1;ZH-Alto-1;ZH-Tenor-1,full_test_singing_centroid_per_speaker,0.1,0.7,4.8,0.33,0.31666666666666665,0.967837059761921,0.9615868850611685,0.006250174700752509,10,90,10,90,0.0,train_calibrated,0.9892896386292315,0.0,nan,insufficient_train_impostor_trials_lt_1000
GTSinger_same_text_control,wavlm_l12,12,101,10,0,10,10,correct_sign_global,EN-Tenor-1;ES-Bass-1;ES-Soprano-1;FR-Tenor-1;IT-Bass-2;KO-Soprano-1;KO-Soprano-2;KO-Tenor-1;ZH-Alto-1;ZH-Tenor-1,full_test_singing_centroid_per_speaker,0.7,0.9,1.9,0.7916666666666667,0.2,0.9917980899866251,0.9856035050799596,0.006194584906665468,10,90,10,90,0.3,train_calibrated,0.9948274703505594,0.0,nan,insufficient_train_impostor_trials_lt_1000
GTSinger_same_text_control,wavlm_l12,12,101,full,0,93,102,raw,EN-Tenor-1;ES-Bass-1;ES-Soprano-1;FR-Tenor-1;IT-Bass-2;KO-Soprano-1;KO-Soprano-2;KO-Tenor-1;ZH-Alto-1;ZH-Tenor-1,full_test_singing_centroid_per_speaker,0.1,0.7,4.8,0.33,0.3,0.9689907412749147,0.9624221405016198,0.006568600773294908,10,90,10,90,0.0,train_calibrated,0.9892896386292315,0.0,nan,insufficient_train_impostor_trials_lt_1000
GTSinger_same_text_control,wavlm_l12,12,101,full,0,93,102,correct_sign_global,EN-Tenor-1;ES-Bass-1;ES-Soprano-1;FR-Tenor-1;IT-Bass-2;KO-Soprano-1;KO-Soprano-2;KO-Tenor-1;ZH-Alto-1;ZH-Tenor-1,full_test_singing_centroid_per_speaker,0.7,1.0,1.5,0.825,0.2,0.9933167465211235,0.9868019142158889,0.00651483230523453,10,90,10,90,0.3,train_calibrated,0.9948274703505594,0.0,nan,insufficient_train_impostor_trials_lt_1000
GTSinger_same_text_control,wavlm_l12,12,103,1,0,1,1,raw,DE-Tenor-1;EN-Alto-1;ES-Bass-1;ES-Soprano-1;FR-Soprano-1;IT-Soprano-1;KO-Soprano-1;KO-Soprano-2;KO-Tenor-1;RU-Alto-1,full_test_singing_centroid_per_speaker,0.3,0.6,4.4,0.43206349206349215,0.4,0.966323073640998,0.9615578227994569,0.004765250841541113,10,90,10,90,0.0,train_calibrated,0.9837037266664127,0.0,nan,insufficient_train_impostor_trials_lt_1000
GTSinger_same_text_control,wavlm_l12,12,103,1,0,1,1,correct_sign_global,DE-Tenor-1;EN-Alto-1;ES-Bass-1;ES-Soprano-1;FR-Soprano-1;IT-Soprano-1;KO-Soprano-1;KO-Soprano-2;KO-Tenor-1;RU-Alto-1,full_test_singing_centroid_per_speaker,0.6,1.0,2.0,0.72,0.20555555555555555,0.9851240327530221,0.9804995416716488,0.004624491081373305,10,90,10,90,0.0,train_calibrated,0.9939590909951131,0.0,nan,insufficient_train_impostor_trials_lt_1000
GTSinger_same_text_control,wavlm_l12,12,103,2,0,2,2,raw,DE-Tenor-1;EN-Alto-1;ES-Bass-1;ES-Soprano-1;FR-Soprano-1;IT-Soprano-1;KO-Soprano-1;KO-Soprano-2;KO-Tenor-1;RU-Alto-1,full_test_singing_centroid_per_speaker,0.3,0.5,4.3,0.4420634920634921,0.40555555555555556,0.9710134727740934,0.9656694236718879,0.005344049102205539,10,90,10,90,0.0,train_calibrated,0.9837037266664127,0.0,nan,insufficient_train_impostor_trials_lt_1000
GTSinger_same_text_control,wavlm_l12,12,103,2,0,2,2,correct_sign_global,DE-Tenor-1;EN-Alto-1;ES-Bass-1;ES-Soprano-1;FR-Soprano-1;IT-Soprano-1;KO-Soprano-1;KO-Soprano-2;KO-Tenor-1;RU-Alto-1,full_test_singing_centroid_per_speaker,0.8,1.0,1.6,0.8533333333333333,0.28888888888888886,0.9901682877598317,0.98490580302482,0.005262484735011674,10,90,10,90,0.1,train_calibrated,0.9939590909951131,0.0,nan,insufficient_train_impostor_trials_lt_1000
GTSinger_same_text_control,wavlm_l12,12,103,5,0,5,5,raw,DE-Tenor-1;EN-Alto-1;ES-Bass-1;ES-Soprano-1;FR-Soprano-1;IT-Soprano-1;KO-Soprano-1;KO-Soprano-2;KO-Tenor-1;RU-Alto-1,full_test_singing_centroid_per_speaker,0.3,0.5,4.4,0.4333333333333333,0.3944444444444445,0.9734815985737704,0.9682261569315777,0.005255441642192715,10,90,10,90,0.1,train_calibrated,0.9837037266664127,0.0,nan,insufficient_train_impostor_trials_lt_1000
GTSinger_same_text_control,wavlm_l12,12,103,5,0,5,5,correct_sign_global,DE-Tenor-1;EN-Alto-1;ES-Bass-1;ES-Soprano-1;FR-Soprano-1;IT-Soprano-1;KO-Soprano-1;KO-Soprano-2;KO-Tenor-1;RU-Alto-1,full_test_singing_centroid_per_speaker,0.7,1.0,1.5,0.825,0.2,0.9913106397789951,0.9861686938738939,0.005141945905101197,10,90,10,90,0.3,train_calibrated,0.9939590909951131,0.0,nan,insufficient_train_impostor_trials_lt_1000
GTSinger_same_text_control,wavlm_l12,12,103,10,0,10,10,raw,DE-Tenor-1;EN-Alto-1;ES-Bass-1;ES-Soprano-1;FR-Soprano-1;IT-Soprano-1;KO-Soprano-1;KO-Soprano-2;KO-Tenor-1;RU-Alto-1,full_test_singing_centroid_per_speaker,0.3,0.5,4.5,0.43194444444444446,0.4,0.9746034750839838,0.9695521866002584,0.00505128848372538,10,90,10,90,0.1,train_calibrated,0.9837037266664127,0.0,nan,insufficient_train_impostor_trials_lt_1000
GTSinger_same_text_control,wavlm_l12,12,103,10,0,10,10,correct_sign_global,DE-Tenor-1;EN-Alto-1;ES-Bass-1;ES-Soprano-1;FR-Soprano-1;IT-Soprano-1;KO-Soprano-1;KO-Soprano-2;KO-Tenor-1;RU-Alto-1,full_test_singing_centroid_per_speaker,0.6,1.0,1.5,0.7833333333333333,0.12222222222222222,0.99342376789374,0.9884783103241773,0.004945457569562661,10,90,10,90,0.5,train_calibrated,0.9939590909951131,0.0,nan,insufficient_train_impostor_trials_lt_1000
GTSinger_same_text_control,wavlm_l12,12,103,full,0,81,106,raw,DE-Tenor-1;EN-Alto-1;ES-Bass-1;ES-Soprano-1;FR-Soprano-1;IT-Soprano-1;KO-Soprano-1;KO-Soprano-2;KO-Tenor-1;RU-Alto-1,full_test_singing_centroid_per_speaker,0.3,0.5,4.3,0.4416666666666666,0.4166666666666667,0.9758525774279632,0.9705308032643765,0.005321774163586701,10,90,10,90,0.2,train_calibrated,0.9837037266664127,0.0,nan,insufficient_train_impostor_trials_lt_1000
GTSinger_same_text_control,wavlm_l12,12,103,full,0,81,106,correct_sign_global,DE-Tenor-1;EN-Alto-1;ES-Bass-1;ES-Soprano-1;FR-Soprano-1;IT-Soprano-1;KO-Soprano-1;KO-Soprano-2;KO-Tenor-1;RU-Alto-1,full_test_singing_centroid_per_speaker,0.7,1.0,1.4,0.8333333333333333,0.12222222222222222,0.9940843001672504,0.9888712400925825,0.005213060074667819,10,90,10,90,0.6,train_calibrated,0.9939590909951131,0.0,nan,insufficient_train_impostor_trials_lt_1000
GTSinger_same_text_control,wavlm_l12,12,107,1,0,1,1,raw,DE-Soprano-1;DE-Tenor-1;EN-Alto-2;ES-Bass-1;FR-Tenor-1;JA-Soprano-1;JA-Tenor-1;KO-Soprano-1;KO-Tenor-1;ZH-Alto-1,full_test_singing_centroid_per_speaker,0.1,0.7,5.0,0.3061111111111111,0.4222222222222222,0.9510267206285153,0.9449456733239292,0.00608104730458614,10,90,10,90,0.0,train_calibrated,0.9892896386292315,0.0,nan,insufficient_train_impostor_trials_lt_1000
GTSinger_same_text_control,wavlm_l12,12,107,1,0,1,1,correct_sign_global,DE-Soprano-1;DE-Tenor-1;EN-Alto-2;ES-Bass-1;FR-Tenor-1;JA-Soprano-1;JA-Tenor-1;KO-Soprano-1;KO-Tenor-1;ZH-Alto-1,full_test_singing_centroid_per_speaker,0.7,0.8,2.6,0.773611111111111,0.3055555555555556,0.9824097778404258,0.9763909341683228,0.006018843672103036,10,90,10,90,0.0,train_calibrated,0.9956201195875821,0.0,nan,insufficient_train_impostor_trials_lt_1000
GTSinger_same_text_control,wavlm_l12,12,107,2,0,2,2,raw,DE-Soprano-1;DE-Tenor-1;EN-Alto-2;ES-Bass-1;FR-Tenor-1;JA-Soprano-1;JA-Tenor-1;KO-Soprano-1;KO-Tenor-1;ZH-Alto-1,full_test_singing_centroid_per_speaker,0.1,0.7,4.8,0.3161111111111111,0.4,0.9615240802542324,0.9539002307528737,0.007623849501358748,10,90,10,90,0.0,train_calibrated,0.9892896386292315,0.0,nan,insufficient_train_impostor_trials_lt_1000
GTSinger_same_text_control,wavlm_l12,12,107,2,0,2,2,correct_sign_global,DE-Soprano-1;DE-Tenor-1;EN-Alto-2;ES-Bass-1;FR-Tenor-1;JA-Soprano-1;JA-Tenor-1;KO-Soprano-1;KO-Tenor-1;ZH-Alto-1,full_test_singing_centroid_per_speaker,0.7,0.9,1.9,0.7976190476190477,0.2,0.987855030903459,0.980295831079159,0.007559199824300089,10,90,10,90,0.0,train_calibrated,0.9956201195875821,0.0,nan,insufficient_train_impostor_trials_lt_1000
GTSinger_same_text_control,wavlm_l12,12,107,5,0,5,5,raw,DE-Soprano-1;DE-Tenor-1;EN-Alto-2;ES-Bass-1;FR-Tenor-1;JA-Soprano-1;JA-Tenor-1;KO-Soprano-1;KO-Tenor-1;ZH-Alto-1,full_test_singing_centroid_per_speaker,0.2,0.5,4.9,0.37111111111111106,0.4,0.9606739807376578,0.9533775845038264,0.0072963962338313815,10,90,10,90,0.0,train_calibrated,0.9892896386292315,0.0,nan,insufficient_train_impostor_trials_lt_1000
GTSinger_same_text_control,wavlm_l12,12,107,5,0,5,5,correct_sign_global,DE-Soprano-1;DE-Tenor-1;EN-Alto-2;ES-Bass-1;FR-Tenor-1;JA-Soprano-1;JA-Tenor-1;KO-Soprano-1;KO-Tenor-1;ZH-Alto-1,full_test_singing_centroid_per_speaker,0.7,0.8,2.5,0.7753968253968254,0.3,0.9895235724799802,0.9823300722212385,0.00719350025874177,10,90,10,90,0.1,train_calibrated,0.9956201195875821,0.0,nan,insufficient_train_impostor_trials_lt_1000
GTSinger_same_text_control,wavlm_l12,12,107,10,0,10,10,raw,DE-Soprano-1;DE-Tenor-1;EN-Alto-2;ES-Bass-1;FR-Tenor-1;JA-Soprano-1;JA-Tenor-1;KO-Soprano-1;KO-Tenor-1;ZH-Alto-1,full_test_singing_centroid_per_speaker,0.1,0.7,4.9,0.3227777777777778,0.4,0.9637225200243069,0.9567987732791171,0.006923746745189807,10,90,10,90,0.0,train_calibrated,0.9892896386292315,0.0,nan,insufficient_train_impostor_trials_lt_1000
GTSinger_same_text_control,wavlm_l12,12,107,10,0,10,10,correct_sign_global,DE-Soprano-1;DE-Tenor-1;EN-Alto-2;ES-Bass-1;FR-Tenor-1;JA-Soprano-1;JA-Tenor-1;KO-Soprano-1;KO-Tenor-1;ZH-Alto-1,full_test_singing_centroid_per_speaker,0.6,0.9,2.2,0.7444444444444445,0.2,0.991121465411118,0.9843341515363206,0.006787313874797363,10,90,10,90,0.1,train_calibrated,0.9956201195875821,0.0,nan,insufficient_train_impostor_trials_lt_1000
GTSinger_same_text_control,wavlm_l12,12,107,full,0,93,104,raw,DE-Soprano-1;DE-Tenor-1;EN-Alto-2;ES-Bass-1;FR-Tenor-1;JA-Soprano-1;JA-Tenor-1;KO-Soprano-1;KO-Tenor-1;ZH-Alto-1,full_test_singing_centroid_per_speaker,0.1,0.7,4.8,0.3277777777777778,0.4,0.9637438923273886,0.9565829826729005,0.007160909654488012,10,90,10,90,0.0,train_calibrated,0.9892896386292315,0.0,nan,insufficient_train_impostor_trials_lt_1000
GTSinger_same_text_control,wavlm_l12,12,107,full,0,93,104,correct_sign_global,DE-Soprano-1;DE-Tenor-1;EN-Alto-2;ES-Bass-1;FR-Tenor-1;JA-Soprano-1;JA-Tenor-1;KO-Soprano-1;KO-Tenor-1;ZH-Alto-1,full_test_singing_centroid_per_speaker,0.7,0.9,2.2,0.7861111111111111,0.21666666666666667,0.9919556048104097,0.9849128493351855,0.0070427554752241495,10,90,10,90,0.2,train_calibrated,0.9956201195875821,0.0,nan,insufficient_train_impostor_trials_lt_1000
GTSinger_same_text_control,wavlm_l12,12,109,1,0,1,1,raw,EN-Alto-1;ES-Bass-1;ES-Soprano-1;FR-Soprano-1;FR-Tenor-1;JA-Tenor-1;KO-Soprano-2;KO-Tenor-1;RU-Alto-1;ZH-Alto-1,full_test_singing_centroid_per_speaker,0.3,0.5,5.0,0.4196825396825397,0.4,0.9601190932572135,0.9533041968915442,0.006814896365669232,10,90,10,90,0.0,train_calibrated,0.9837037266664127,0.0,nan,insufficient_train_impostor_trials_lt_1000
GTSinger_same_text_control,wavlm_l12,12,109,1,0,1,1,correct_sign_global,EN-Alto-1;ES-Bass-1;ES-Soprano-1;FR-Soprano-1;FR-Tenor-1;JA-Tenor-1;KO-Soprano-2;KO-Tenor-1;RU-Alto-1;ZH-Alto-1,full_test_singing_centroid_per_speaker,0.8,0.9,1.8,0.8476190476190476,0.3,0.9819151676780349,0.9752783702068435,0.006636797471191391,10,90,10,90,0.0,train_calibrated,0.9941819734090568,0.0,nan,insufficient_train_impostor_trials_lt_1000
GTSinger_same_text_control,wavlm_l12,12,109,2,0,2,2,raw,EN-Alto-1;ES-Bass-1;ES-Soprano-1;FR-Soprano-1;FR-Tenor-1;JA-Tenor-1;KO-Soprano-2;KO-Tenor-1;RU-Alto-1;ZH-Alto-1,full_test_singing_centroid_per_speaker,0.3,0.5,4.7,0.43539682539682545,0.5,0.963501906862662,0.957994918662226,0.005506988200436047,10,90,10,90,0.0,train_calibrated,0.9837037266664127,0.0,nan,insufficient_train_impostor_trials_lt_1000
GTSinger_same_text_control,wavlm_l12,12,109,2,0,2,2,correct_sign_global,EN-Alto-1;ES-Bass-1;ES-Soprano-1;FR-Soprano-1;FR-Tenor-1;JA-Tenor-1;KO-Soprano-2;KO-Tenor-1;RU-Alto-1;ZH-Alto-1,full_test_singing_centroid_per_speaker,0.6,0.9,2.4,0.7194444444444443,0.3,0.9868331577479241,0.9814838856696525,0.005349272078271627,10,90,10,90,0.1,train_calibrated,0.9941819734090568,0.0,nan,insufficient_train_impostor_trials_lt_1000
GTSinger_same_text_control,wavlm_l12,12,109,5,0,5,5,raw,EN-Alto-1;ES-Bass-1;ES-Soprano-1;FR-Soprano-1;FR-Tenor-1;JA-Tenor-1;KO-Soprano-2;KO-Tenor-1;RU-Alto-1;ZH-Alto-1,full_test_singing_centroid_per_speaker,0.3,0.5,4.8,0.42706349206349214,0.4166666666666667,0.9685699139924713,0.9617915575596667,0.006778356432804555,10,90,10,90,0.1,train_calibrated,0.9837037266664127,0.0,nan,insufficient_train_impostor_trials_lt_1000
GTSinger_same_text_control,wavlm_l12,12,109,5,0,5,5,correct_sign_global,EN-Alto-1;ES-Bass-1;ES-Soprano-1;FR-Soprano-1;FR-Tenor-1;JA-Tenor-1;KO-Soprano-2;KO-Tenor-1;RU-Alto-1;ZH-Alto-1,full_test_singing_centroid_per_speaker,0.8,0.9,1.7,0.8642857142857142,0.2,0.9911915307920278,0.9845593883784364,0.006632142413591446,10,90,10,90,0.2,train_calibrated,0.9941819734090568,0.0,nan,insufficient_train_impostor_trials_lt_1000
GTSinger_same_text_control,wavlm_l12,12,109,10,0,10,10,raw,EN-Alto-1;ES-Bass-1;ES-Soprano-1;FR-Soprano-1;FR-Tenor-1;JA-Tenor-1;KO-Soprano-2;KO-Tenor-1;RU-Alto-1;ZH-Alto-1,full_test_singing_centroid_per_speaker,0.3,0.5,4.7,0.43539682539682545,0.40555555555555556,0.9700484615953494,0.9634602596233252,0.006588201972024255,10,90,10,90,0.2,train_calibrated,0.9837037266664127,0.0,nan,insufficient_train_impostor_trials_lt_1000
GTSinger_same_text_control,wavlm_l12,12,109,10,0,10,10,correct_sign_global,EN-Alto-1;ES-Bass-1;ES-Soprano-1;FR-Soprano-1;FR-Tenor-1;JA-Tenor-1;KO-Soprano-2;KO-Tenor-1;RU-Alto-1;ZH-Alto-1,full_test_singing_centroid_per_speaker,0.7,0.9,1.8,0.8142857142857143,0.21666666666666667,0.9923054351752315,0.9858693851872791,0.006436049987952441,10,90,10,90,0.3,train_calibrated,0.9941819734090568,0.0,nan,insufficient_train_impostor_trials_lt_1000
GTSinger_same_text_control,wavlm_l12,12,109,full,0,95,106,raw,EN-Alto-1;ES-Bass-1;ES-Soprano-1;FR-Soprano-1;FR-Tenor-1;JA-Tenor-1;KO-Soprano-2;KO-Tenor-1;RU-Alto-1;ZH-Alto-1,full_test_singing_centroid_per_speaker,0.3,0.5,4.7,0.43539682539682545,0.4166666666666667,0.970986280737625,0.9646084325006058,0.006377848237019257,10,90,10,90,0.2,train_calibrated,0.9837037266664127,0.0,nan,insufficient_train_impostor_trials_lt_1000
GTSinger_same_text_control,wavlm_l12,12,109,full,0,95,106,correct_sign_global,EN-Alto-1;ES-Bass-1;ES-Soprano-1;FR-Soprano-1;FR-Tenor-1;JA-Tenor-1;KO-Soprano-2;KO-Tenor-1;RU-Alto-1;ZH-Alto-1,full_test_singing_centroid_per_speaker,0.7,0.9,2.0,0.8111111111111111,0.2,0.993383223617049,0.9871544097705565,0.0062288138464925424,10,90,10,90,0.4,train_calibrated,0.9941819734090568,0.0,nan,insufficient_train_impostor_trials_lt_1000
GTSinger_same_text_control,wavlm_l12,12,113,1,0,1,1,raw,EN-Alto-1;EN-Tenor-1;ES-Bass-1;FR-Tenor-1;IT-Bass-1;IT-Soprano-1;JA-Tenor-1;KO-Soprano-1;KO-Tenor-1;ZH-Alto-1,full_test_singing_centroid_per_speaker,0.3,0.6,4.5,0.4377777777777778,0.4,0.9547400451525327,0.9490655692406924,0.005674475911840338,10,90,10,90,0.0,train_calibrated,0.9816807483319872,0.0,nan,insufficient_train_impostor_trials_lt_1000
GTSinger_same_text_control,wavlm_l12,12,113,1,0,1,1,correct_sign_global,EN-Alto-1;EN-Tenor-1;ES-Bass-1;FR-Tenor-1;IT-Bass-1;IT-Soprano-1;JA-Tenor-1;KO-Soprano-1;KO-Tenor-1;ZH-Alto-1,full_test_singing_centroid_per_speaker,0.6,0.8,3.1,0.6961111111111111,0.31666666666666665,0.9799482302437175,0.9744514577982827,0.005496772445434783,10,90,10,90,0.0,train_calibrated,0.9957667557171052,0.0,nan,insufficient_train_impostor_trials_lt_1000
GTSinger_same_text_control,wavlm_l12,12,113,2,0,2,2,raw,EN-Alto-1;EN-Tenor-1;ES-Bass-1;FR-Tenor-1;IT-Bass-1;IT-Soprano-1;JA-Tenor-1;KO-Soprano-1;KO-Tenor-1;ZH-Alto-1,full_test_singing_centroid_per_speaker,0.2,0.7,4.5,0.3794444444444444,0.37777777777777777,0.9605816715899268,0.953089482468074,0.007492189121852788,10,90,10,90,0.0,train_calibrated,0.9816807483319872,0.0,nan,insufficient_train_impostor_trials_lt_1000
GTSinger_same_text_control,wavlm_l12,12,113,2,0,2,2,correct_sign_global,EN-Alto-1;EN-Tenor-1;ES-Bass-1;FR-Tenor-1;IT-Bass-1;IT-Soprano-1;JA-Tenor-1;KO-Soprano-1;KO-Tenor-1;ZH-Alto-1,full_test_singing_centroid_per_speaker,0.6,0.8,2.5,0.7277777777777777,0.2,0.9855216133724516,0.9781908644447466,0.007330748927705022,10,90,10,90,0.0,train_calibrated,0.9957667557171052,0.0,nan,insufficient_train_impostor_trials_lt_1000
GTSinger_same_text_control,wavlm_l12,12,113,5,0,5,5,raw,EN-Alto-1;EN-Tenor-1;ES-Bass-1;FR-Tenor-1;IT-Bass-1;IT-Soprano-1;JA-Tenor-1;KO-Soprano-1;KO-Tenor-1;ZH-Alto-1,full_test_singing_centroid_per_speaker,0.2,0.7,4.6,0.37444444444444447,0.3111111111111111,0.9636540148969075,0.9568049622147181,0.006849052682189383,10,90,10,90,0.0,train_calibrated,0.9816807483319872,0.0,nan,insufficient_train_impostor_trials_lt_1000
GTSinger_same_text_control,wavlm_l12,12,113,5,0,5,5,correct_sign_global,EN-Alto-1;EN-Tenor-1;ES-Bass-1;FR-Tenor-1;IT-Bass-1;IT-Soprano-1;JA-Tenor-1;KO-Soprano-1;KO-Tenor-1;ZH-Alto-1,full_test_singing_centroid_per_speaker,0.6,0.9,2.4,0.7311111111111112,0.2,0.9897358152255755,0.9830666981742754,0.006669117051300133,10,90,10,90,0.0,train_calibrated,0.9957667557171052,0.0,nan,insufficient_train_impostor_trials_lt_1000
GTSinger_same_text_control,wavlm_l12,12,113,10,0,10,10,raw,EN-Alto-1;EN-Tenor-1;ES-Bass-1;FR-Tenor-1;IT-Bass-1;IT-Soprano-1;JA-Tenor-1;KO-Soprano-1;KO-Tenor-1;ZH-Alto-1,full_test_singing_centroid_per_speaker,0.2,0.7,4.5,0.3827777777777778,0.3,0.96491291494015,0.9587927148125701,0.006120200127579856,10,90,10,90,0.1,train_calibrated,0.9816807483319872,0.0,nan,insufficient_train_impostor_trials_lt_1000
GTSinger_same_text_control,wavlm_l12,12,113,10,0,10,10,correct_sign_global,EN-Alto-1;EN-Tenor-1;ES-Bass-1;FR-Tenor-1;IT-Bass-1;IT-Soprano-1;JA-Tenor-1;KO-Soprano-1;KO-Tenor-1;ZH-Alto-1,full_test_singing_centroid_per_speaker,0.6,0.8,2.5,0.7277777777777779,0.2111111111111111,0.9905830260162688,0.9846506400371935,0.005932385979075305,10,90,10,90,0.1,train_calibrated,0.9957667557171052,0.0,nan,insufficient_train_impostor_trials_lt_1000
GTSinger_same_text_control,wavlm_l12,12,113,full,0,81,104,raw,EN-Alto-1;EN-Tenor-1;ES-Bass-1;FR-Tenor-1;IT-Bass-1;IT-Soprano-1;JA-Tenor-1;KO-Soprano-1;KO-Tenor-1;ZH-Alto-1,full_test_singing_centroid_per_speaker,0.2,0.7,4.5,0.3853968253968254,0.3,0.967005831098507,0.9602799333323406,0.006725897766166389,10,90,10,90,0.1,train_calibrated,0.9816807483319872,0.0,nan,insufficient_train_impostor_trials_lt_1000
GTSinger_same_text_control,wavlm_l12,12,113,full,0,81,104,correct_sign_global,EN-Alto-1;EN-Tenor-1;ES-Bass-1;FR-Tenor-1;IT-Bass-1;IT-Soprano-1;JA-Tenor-1;KO-Soprano-1;KO-Tenor-1;ZH-Alto-1,full_test_singing_centroid_per_speaker,0.6,0.8,2.5,0.7277777777777779,0.2,0.9923160465711602,0.9857574555936627,0.006558590977497558,10,90,10,90,0.1,train_calibrated,0.9957667557171052,0.0,nan,insufficient_train_impostor_trials_lt_1000
GTSinger_same_text_control,wavlm_l12,12,127,1,0,1,1,raw,DE-Soprano-1;EN-Alto-1;IT-Bass-1;IT-Bass-2;IT-Soprano-1;JA-Soprano-1;JA-Tenor-1;KO-Soprano-1;KO-Tenor-1;RU-Alto-1,full_test_singing_centroid_per_speaker,0.2,0.6,4.9,0.37206349206349204,0.4,0.9569642407269416,0.9516429028547614,0.005321337872180254,10,90,10,90,0.0,train_calibrated,0.9895896660160322,0.0,nan,insufficient_train_impostor_trials_lt_1000
GTSinger_same_text_control,wavlm_l12,12,127,1,0,1,1,correct_sign_global,DE-Soprano-1;EN-Alto-1;IT-Bass-1;IT-Bass-2;IT-Soprano-1;JA-Soprano-1;JA-Tenor-1;KO-Soprano-1;KO-Tenor-1;RU-Alto-1,full_test_singing_centroid_per_speaker,0.7,0.8,2.7,0.7503968253968254,0.3,0.982848535009244,0.977554126862598,0.005294408146645946,10,90,10,90,0.0,train_calibrated,0.9957866691656742,0.0,nan,insufficient_train_impostor_trials_lt_1000
GTSinger_same_text_control,wavlm_l12,12,127,2,0,2,2,raw,DE-Soprano-1;EN-Alto-1;IT-Bass-1;IT-Bass-2;IT-Soprano-1;JA-Soprano-1;JA-Tenor-1;KO-Soprano-1;KO-Tenor-1;RU-Alto-1,full_test_singing_centroid_per_speaker,0.2,0.6,4.8,0.37706349206349205,0.4,0.9621176601454604,0.9552826816946015,0.006834978450858897,10,90,10,90,0.0,train_calibrated,0.9895896660160322,0.0,nan,insufficient_train_impostor_trials_lt_1000
GTSinger_same_text_control,wavlm_l12,12,127,2,0,2,2,correct_sign_global,DE-Soprano-1;EN-Alto-1;IT-Bass-1;IT-Bass-2;IT-Soprano-1;JA-Soprano-1;JA-Tenor-1;KO-Soprano-1;KO-Tenor-1;RU-Alto-1,full_test_singing_centroid_per_speaker,0.8,0.9,1.8,0.8416666666666668,0.3,0.9870834727289635,0.9803364271565584,0.006747045572405019,10,90,10,90,0.0,train_calibrated,0.9957866691656742,0.0,nan,insufficient_train_impostor_trials_lt_1000
GTSinger_same_text_control,wavlm_l12,12,127,5,0,5,5,raw,DE-Soprano-1;EN-Alto-1;IT-Bass-1;IT-Bass-2;IT-Soprano-1;JA-Soprano-1;JA-Tenor-1;KO-Soprano-1;KO-Tenor-1;RU-Alto-1,full_test_singing_centroid_per_speaker,0.2,0.6,4.8,0.36277777777777775,0.4,0.9649580406712126,0.9584272243317474,0.006530816339465173,10,90,10,90,0.0,train_calibrated,0.9895896660160322,0.0,nan,insufficient_train_impostor_trials_lt_1000
GTSinger_same_text_control,wavlm_l12,12,127,5,0,5,5,correct_sign_global,DE-Soprano-1;EN-Alto-1;IT-Bass-1;IT-Bass-2;IT-Soprano-1;JA-Soprano-1;JA-Tenor-1;KO-Soprano-1;KO-Tenor-1;RU-Alto-1,full_test_singing_centroid_per_speaker,0.7,0.9,2.3,0.7658333333333334,0.3,0.9890579147100368,0.9826575454679958,0.006400369242041015,10,90,10,90,0.0,train_calibrated,0.9957866691656742,0.0,nan,insufficient_train_impostor_trials_lt_1000
GTSinger_same_text_control,wavlm_l12,12,127,10,0,10,10,raw,DE-Soprano-1;EN-Alto-1;IT-Bass-1;IT-Bass-2;IT-Soprano-1;JA-Soprano-1;JA-Tenor-1;KO-Soprano-1;KO-Tenor-1;RU-Alto-1,full_test_singing_centroid_per_speaker,0.2,0.6,4.9,0.3577777777777778,0.3,0.9664291519665497,0.9601125686311822,0.006316583335367443,10,90,10,90,0.0,train_calibrated,0.9895896660160322,0.0,nan,insufficient_train_impostor_trials_lt_1000
GTSinger_same_text_control,wavlm_l12,12,127,10,0,10,10,correct_sign_global,DE-Soprano-1;EN-Alto-1;IT-Bass-1;IT-Bass-2;IT-Soprano-1;JA-Soprano-1;JA-Tenor-1;KO-Soprano-1;KO-Tenor-1;RU-Alto-1,full_test_singing_centroid_per_speaker,0.7,0.9,2.3,0.7694444444444445,0.3,0.9909271028983536,0.9847570250540453,0.0061700778443083415,10,90,10,90,0.2,train_calibrated,0.9957866691656742,0.0,nan,insufficient_train_impostor_trials_lt_1000
GTSinger_same_text_control,wavlm_l12,12,127,full,0,81,104,raw,DE-Soprano-1;EN-Alto-1;IT-Bass-1;IT-Bass-2;IT-Soprano-1;JA-Soprano-1;JA-Tenor-1;KO-Soprano-1;KO-Tenor-1;RU-Alto-1,full_test_singing_centroid_per_speaker,0.2,0.6,4.8,0.36277777777777775,0.3,0.9670556717430095,0.9609057767759837,0.006149894967025893,10,90,10,90,0.0,train_calibrated,0.9895896660160322,0.0,nan,insufficient_train_impostor_trials_lt_1000
GTSinger_same_text_control,wavlm_l12,12,127,full,0,81,104,correct_sign_global,DE-Soprano-1;EN-Alto-1;IT-Bass-1;IT-Bass-2;IT-Soprano-1;JA-Soprano-1;JA-Tenor-1;KO-Soprano-1;KO-Tenor-1;RU-Alto-1,full_test_singing_centroid_per_speaker,0.6,0.9,2.3,0.7325,0.3,0.9918864713328611,0.9858411358923388,0.006045335440522326,10,90,10,90,0.3,train_calibrated,0.9957866691656742,0.0,nan,insufficient_train_impostor_trials_lt_1000
GTSinger_same_text_control,wavlm_l12,12,131,1,0,1,1,raw,DE-Tenor-1;ES-Bass-1;ES-Soprano-1;FR-Tenor-1;IT-Bass-2;JA-Soprano-1;JA-Tenor-1;KO-Soprano-1;KO-Tenor-1;ZH-Alto-1,full_test_singing_centroid_per_speaker,0.2,0.7,4.9,0.3652777777777778,0.4,0.9560442357409386,0.950061032402946,0.005983203337992515,10,90,10,90,0.0,train_calibrated,0.9892896386292315,0.0,nan,insufficient_train_impostor_trials_lt_1000
GTSinger_same_text_control,wavlm_l12,12,131,1,0,1,1,correct_sign_global,DE-Tenor-1;ES-Bass-1;ES-Soprano-1;FR-Tenor-1;IT-Bass-2;JA-Soprano-1;JA-Tenor-1;KO-Soprano-1;KO-Tenor-1;ZH-Alto-1,full_test_singing_centroid_per_speaker,0.5,0.7,3.2,0.6152380952380951,0.3944444444444445,0.9809232634091639,0.9749806428129337,0.005942620596230186,10,90,10,90,0.0,train_calibrated,0.9954293088241849,0.0,nan,insufficient_train_impostor_trials_lt_1000
GTSinger_same_text_control,wavlm_l12,12,131,2,0,2,2,raw,DE-Tenor-1;ES-Bass-1;ES-Soprano-1;FR-Tenor-1;IT-Bass-2;JA-Soprano-1;JA-Tenor-1;KO-Soprano-1;KO-Tenor-1;ZH-Alto-1,full_test_singing_centroid_per_speaker,0.1,0.7,5.0,0.31527777777777777,0.5,0.9537782204314483,0.9480738883958375,0.005704332035610826,10,90,10,90,0.0,train_calibrated,0.9892896386292315,0.0,nan,insufficient_train_impostor_trials_lt_1000
GTSinger_same_text_control,wavlm_l12,12,131,2,0,2,2,correct_sign_global,DE-Tenor-1;ES-Bass-1;ES-Soprano-1;FR-Tenor-1;IT-Bass-2;JA-Soprano-1;JA-Tenor-1;KO-Soprano-1;KO-Tenor-1;ZH-Alto-1,full_test_singing_centroid_per_speaker,0.6,0.7,2.8,0.6958333333333334,0.4,0.9841126007179352,0.9784562251857328,0.005656375532202329,10,90,10,90,0.0,train_calibrated,0.9954293088241849,0.0,nan,insufficient_train_impostor_trials_lt_1000
GTSinger_same_text_control,wavlm_l12,12,131,5,0,5,5,raw,DE-Tenor-1;ES-Bass-1;ES-Soprano-1;FR-Tenor-1;IT-Bass-2;JA-Soprano-1;JA-Tenor-1;KO-Soprano-1;KO-Tenor-1;ZH-Alto-1,full_test_singing_centroid_per_speaker,0.1,0.7,5.0,0.31527777777777777,0.49444444444444446,0.9592140418555017,0.952990727651359,0.006223314204142794,10,90,10,90,0.0,train_calibrated,0.9892896386292315,0.0,nan,insufficient_train_impostor_trials_lt_1000
GTSinger_same_text_control,wavlm_l12,12,131,5,0,5,5,correct_sign_global,DE-Tenor-1;ES-Bass-1;ES-Soprano-1;FR-Tenor-1;IT-Bass-2;JA-Soprano-1;JA-Tenor-1;KO-Soprano-1;KO-Tenor-1;ZH-Alto-1,full_test_singing_centroid_per_speaker,0.6,0.7,3.1,0.6896825396825397,0.4,0.9884494319030737,0.9823048080551691,0.006144623847904596,10,90,10,90,0.1,train_calibrated,0.9954293088241849,0.0,nan,insufficient_train_impostor_trials_lt_1000
GTSinger_same_text_control,wavlm_l12,12,131,10,0,10,10,raw,DE-Tenor-1;ES-Bass-1;ES-Soprano-1;FR-Tenor-1;IT-Bass-2;JA-Soprano-1;JA-Tenor-1;KO-Soprano-1;KO-Tenor-1;ZH-Alto-1,full_test_singing_centroid_per_speaker,0.1,0.7,5.0,0.31194444444444447,0.5,0.9602711955516909,0.9541200239344974,0.006151171617193585,10,90,10,90,0.0,train_calibrated,0.9892896386292315,0.0,nan,insufficient_train_impostor_trials_lt_1000
GTSinger_same_text_control,wavlm_l12,12,131,10,0,10,10,correct_sign_global,DE-Tenor-1;ES-Bass-1;ES-Soprano-1;FR-Tenor-1;IT-Bass-2;JA-Soprano-1;JA-Tenor-1;KO-Soprano-1;KO-Tenor-1;ZH-Alto-1,full_test_singing_centroid_per_speaker,0.5,0.8,3.1,0.6217857142857143,0.3888888888888889,0.9891818592939678,0.9831069900148478,0.006074869279120043,10,90,10,90,0.1,train_calibrated,0.9954293088241849,0.0,nan,insufficient_train_impostor_trials_lt_1000
GTSinger_same_text_control,wavlm_l12,12,131,full,0,93,104,raw,DE-Tenor-1;ES-Bass-1;ES-Soprano-1;FR-Tenor-1;IT-Bass-2;JA-Soprano-1;JA-Tenor-1;KO-Soprano-1;KO-Tenor-1;ZH-Alto-1,full_test_singing_centroid_per_speaker,0.1,0.7,4.9,0.3202777777777778,0.5,0.9618485375345388,0.9554350481207097,0.006413489413829132,10,90,10,90,0.0,train_calibrated,0.9892896386292315,0.0,nan,insufficient_train_impostor_trials_lt_1000
GTSinger_same_text_control,wavlm_l12,12,131,full,0,93,104,correct_sign_global,DE-Tenor-1;ES-Bass-1;ES-Soprano-1;FR-Tenor-1;IT-Bass-2;JA-Soprano-1;JA-Tenor-1;KO-Soprano-1;KO-Tenor-1;ZH-Alto-1,full_test_singing_centroid_per_speaker,0.6,0.7,2.8,0.6958333333333334,0.3,0.9904119300370352,0.984071066406113,0.006340863630922233,10,90,10,90,0.3,train_calibrated,0.9954293088241849,0.0,nan,insufficient_train_impostor_trials_lt_1000
GTSinger_same_text_control,wavlm_l12,12,137,1,0,1,1,raw,DE-Soprano-1;EN-Alto-1;ES-Bass-1;ES-Soprano-1;FR-Tenor-1;IT-Soprano-1;JA-Tenor-1;KO-Soprano-1;KO-Tenor-1;ZH-Alto-1,full_test_singing_centroid_per_speaker,0.1,0.7,4.7,0.3477777777777778,0.4,0.9571832048613457,0.9523590300891142,0.004824174772231515,10,90,10,90,0.0,train_calibrated,0.9892896386292315,0.0,nan,insufficient_train_impostor_trials_lt_1000
GTSinger_same_text_control,wavlm_l12,12,137,1,0,1,1,correct_sign_global,DE-Soprano-1;EN-Alto-1;ES-Bass-1;ES-Soprano-1;FR-Tenor-1;IT-Soprano-1;JA-Tenor-1;KO-Soprano-1;KO-Tenor-1;ZH-Alto-1,full_test_singing_centroid_per_speaker,0.4,0.8,3.2,0.5683333333333334,0.3111111111111111,0.9803572948079513,0.9757180563740219,0.004639238433929438,10,90,10,90,0.0,train_calibrated,0.9959807467939862,0.0,nan,insufficient_train_impostor_trials_lt_1000
GTSinger_same_text_control,wavlm_l12,12,137,2,0,2,2,raw,DE-Soprano-1;EN-Alto-1;ES-Bass-1;ES-Soprano-1;FR-Tenor-1;IT-Soprano-1;JA-Tenor-1;KO-Soprano-1;KO-Tenor-1;ZH-Alto-1,full_test_singing_centroid_per_speaker,0.3,0.6,4.6,0.4444444444444445,0.37777777777777777,0.9640993237312218,0.9583300279826026,0.005769295748619174,10,90,10,90,0.0,train_calibrated,0.9892896386292315,0.0,nan,insufficient_train_impostor_trials_lt_1000
GTSinger_same_text_control,wavlm_l12,12,137,2,0,2,2,correct_sign_global,DE-Soprano-1;EN-Alto-1;ES-Bass-1;ES-Soprano-1;FR-Tenor-1;IT-Soprano-1;JA-Tenor-1;KO-Soprano-1;KO-Tenor-1;ZH-Alto-1,full_test_singing_centroid_per_speaker,0.6,0.8,3.0,0.6972222222222222,0.2944444444444444,0.9885221450354434,0.9829209630296062,0.0056011820058372574,10,90,10,90,0.0,train_calibrated,0.9959807467939862,0.0,nan,insufficient_train_impostor_trials_lt_1000
GTSinger_same_text_control,wavlm_l12,12,137,5,0,5,5,raw,DE-Soprano-1;EN-Alto-1;ES-Bass-1;ES-Soprano-1;FR-Tenor-1;IT-Soprano-1;JA-Tenor-1;KO-Soprano-1;KO-Tenor-1;ZH-Alto-1,full_test_singing_centroid_per_speaker,0.2,0.7,4.8,0.36444444444444446,0.3944444444444445,0.9677669198862994,0.961436470620326,0.00633044926597337,10,90,10,90,0.0,train_calibrated,0.9892896386292315,0.0,nan,insufficient_train_impostor_trials_lt_1000
GTSinger_same_text_control,wavlm_l12,12,137,5,0,5,5,correct_sign_global,DE-Soprano-1;EN-Alto-1;ES-Bass-1;ES-Soprano-1;FR-Tenor-1;IT-Soprano-1;JA-Tenor-1;KO-Soprano-1;KO-Tenor-1;ZH-Alto-1,full_test_singing_centroid_per_speaker,0.7,0.9,2.5,0.7561111111111111,0.28888888888888886,0.9914714277359493,0.9852597523657961,0.0062116753701532135,10,90,10,90,0.1,train_calibrated,0.9959807467939862,0.0,nan,insufficient_train_impostor_trials_lt_1000
GTSinger_same_text_control,wavlm_l12,12,137,10,0,10,10,raw,DE-Soprano-1;EN-Alto-1;ES-Bass-1;ES-Soprano-1;FR-Tenor-1;IT-Soprano-1;JA-Tenor-1;KO-Soprano-1;KO-Tenor-1;ZH-Alto-1,full_test_singing_centroid_per_speaker,0.2,0.6,4.7,0.39444444444444443,0.3888888888888889,0.9669261913958487,0.9607053005466127,0.006220890849235938,10,90,10,90,0.0,train_calibrated,0.9892896386292315,0.0,nan,insufficient_train_impostor_trials_lt_1000
GTSinger_same_text_control,wavlm_l12,12,137,10,0,10,10,correct_sign_global,DE-Soprano-1;EN-Alto-1;ES-Bass-1;ES-Soprano-1;FR-Tenor-1;IT-Soprano-1;JA-Tenor-1;KO-Soprano-1;KO-Tenor-1;ZH-Alto-1,full_test_singing_centroid_per_speaker,0.8,0.9,2.1,0.836111111111111,0.2,0.9926473322917138,0.9865113191428723,0.00613601314884149,10,90,10,90,0.3,train_calibrated,0.9959807467939862,0.0,nan,insufficient_train_impostor_trials_lt_1000
GTSinger_same_text_control,wavlm_l12,12,137,full,0,81,104,raw,DE-Soprano-1;EN-Alto-1;ES-Bass-1;ES-Soprano-1;FR-Tenor-1;IT-Soprano-1;JA-Tenor-1;KO-Soprano-1;KO-Tenor-1;ZH-Alto-1,full_test_singing_centroid_per_speaker,0.2,0.7,4.7,0.38111111111111107,0.3833333333333333,0.9692896526181152,0.9626693128088284,0.006620339809286779,10,90,10,90,0.0,train_calibrated,0.9892896386292315,0.0,nan,insufficient_train_impostor_trials_lt_1000
GTSinger_same_text_control,wavlm_l12,12,137,full,0,81,104,correct_sign_global,DE-Soprano-1;EN-Alto-1;ES-Bass-1;ES-Soprano-1;FR-Tenor-1;IT-Soprano-1;JA-Tenor-1;KO-Soprano-1;KO-Tenor-1;ZH-Alto-1,full_test_singing_centroid_per_speaker,0.7,0.9,2.2,0.7861111111111111,0.2,0.9936891235483534,0.9872072381545116,0.0064818853938417575,10,90,10,90,0.4,train_calibrated,0.9959807467939862,0.0,nan,insufficient_train_impostor_trials_lt_1000
GTSinger_same_text_control,wavlm_l12,12,139,1,0,1,1,raw,EN-Alto-1;EN-Tenor-1;ES-Soprano-1;FR-Soprano-1;IT-Bass-2;JA-Soprano-1;JA-Tenor-1;KO-Tenor-1;ZH-Alto-1;ZH-Tenor-1,full_test_singing_centroid_per_speaker,0.2,0.6,4.9,0.36333333333333334,0.4,0.9504056700088717,0.9441203154680341,0.006285354540837562,10,90,10,90,0.0,train_calibrated,0.9923185442948536,0.0,nan,insufficient_train_impostor_trials_lt_1000
GTSinger_same_text_control,wavlm_l12,12,139,1,0,1,1,correct_sign_global,EN-Alto-1;EN-Tenor-1;ES-Soprano-1;FR-Soprano-1;IT-Bass-2;JA-Soprano-1;JA-Tenor-1;KO-Tenor-1;ZH-Alto-1;ZH-Tenor-1,full_test_singing_centroid_per_speaker,0.7,0.9,2.1,0.7726190476190476,0.31666666666666665,0.9806293887535318,0.9744283731663311,0.006201015587200653,10,90,10,90,0.0,train_calibrated,0.9942721713757213,0.0,nan,insufficient_train_impostor_trials_lt_1000
GTSinger_same_text_control,wavlm_l12,12,139,2,0,2,2,raw,EN-Alto-1;EN-Tenor-1;ES-Soprano-1;FR-Soprano-1;IT-Bass-2;JA-Soprano-1;JA-Tenor-1;KO-Tenor-1;ZH-Alto-1;ZH-Tenor-1,full_test_singing_centroid_per_speaker,0.2,0.7,4.7,0.375,0.4,0.9557758725529816,0.9493998062329042,0.006376066320077367,10,90,10,90,0.0,train_calibrated,0.9923185442948536,0.0,nan,insufficient_train_impostor_trials_lt_1000
GTSinger_same_text_control,wavlm_l12,12,139,2,0,2,2,correct_sign_global,EN-Alto-1;EN-Tenor-1;ES-Soprano-1;FR-Soprano-1;IT-Bass-2;JA-Soprano-1;JA-Tenor-1;KO-Tenor-1;ZH-Alto-1;ZH-Tenor-1,full_test_singing_centroid_per_speaker,0.7,0.9,2.3,0.7811111111111111,0.3,0.9854897324512242,0.9792586012072609,0.006231131243963239,10,90,10,90,0.0,train_calibrated,0.9942721713757213,0.0,nan,insufficient_train_impostor_trials_lt_1000
GTSinger_same_text_control,wavlm_l12,12,139,5,0,5,5,raw,EN-Alto-1;EN-Tenor-1;ES-Soprano-1;FR-Soprano-1;IT-Bass-2;JA-Soprano-1;JA-Tenor-1;KO-Tenor-1;ZH-Alto-1;ZH-Tenor-1,full_test_singing_centroid_per_speaker,0.1,0.7,4.7,0.33,0.4,0.9625516394283732,0.956264353650511,0.006287285777862195,10,90,10,90,0.0,train_calibrated,0.9923185442948536,0.0,nan,insufficient_train_impostor_trials_lt_1000
GTSinger_same_text_control,wavlm_l12,12,139,5,0,5,5,correct_sign_global,EN-Alto-1;EN-Tenor-1;ES-Soprano-1;FR-Soprano-1;IT-Bass-2;JA-Soprano-1;JA-Tenor-1;KO-Tenor-1;ZH-Alto-1;ZH-Tenor-1,full_test_singing_centroid_per_speaker,0.7,0.9,2.1,0.7944444444444445,0.3,0.9896133002883742,0.9834564614612885,0.006156838827085731,10,90,10,90,0.3,train_calibrated,0.9942721713757213,0.0,nan,insufficient_train_impostor_trials_lt_1000
GTSinger_same_text_control,wavlm_l12,12,139,10,0,10,10,raw,EN-Alto-1;EN-Tenor-1;ES-Soprano-1;FR-Soprano-1;IT-Bass-2;JA-Soprano-1;JA-Tenor-1;KO-Tenor-1;ZH-Alto-1;ZH-Tenor-1,full_test_singing_centroid_per_speaker,0.1,0.6,4.8,0.32345238095238094,0.4,0.9623758653559118,0.9561892482843329,0.006186617071578859,10,90,10,90,0.0,train_calibrated,0.9923185442948536,0.0,nan,insufficient_train_impostor_trials_lt_1000
GTSinger_same_text_control,wavlm_l12,12,139,10,0,10,10,correct_sign_global,EN-Alto-1;EN-Tenor-1;ES-Soprano-1;FR-Soprano-1;IT-Bass-2;JA-Soprano-1;JA-Tenor-1;KO-Tenor-1;ZH-Alto-1;ZH-Tenor-1,full_test_singing_centroid_per_speaker,0.8,0.9,2.0,0.8444444444444444,0.3,0.9906709583737079,0.9845806066849947,0.0060903516887131914,10,90,10,90,0.3,train_calibrated,0.9942721713757213,0.0,nan,insufficient_train_impostor_trials_lt_1000
GTSinger_same_text_control,wavlm_l12,12,139,full,0,94,106,raw,EN-Alto-1;EN-Tenor-1;ES-Soprano-1;FR-Soprano-1;IT-Bass-2;JA-Soprano-1;JA-Tenor-1;KO-Tenor-1;ZH-Alto-1;ZH-Tenor-1,full_test_singing_centroid_per_speaker,0.2,0.7,4.7,0.375,0.4,0.9638831060039749,0.9577186052835123,0.006164500720462596,10,90,10,90,0.0,train_calibrated,0.9923185442948536,0.0,nan,insufficient_train_impostor_trials_lt_1000
GTSinger_same_text_control,wavlm_l12,12,139,full,0,94,106,correct_sign_global,EN-Alto-1;EN-Tenor-1;ES-Soprano-1;FR-Soprano-1;IT-Bass-2;JA-Soprano-1;JA-Tenor-1;KO-Tenor-1;ZH-Alto-1;ZH-Tenor-1,full_test_singing_centroid_per_speaker,0.8,0.9,1.9,0.861111111111111,0.3,0.9915921154183707,0.9855262217901074,0.006065893628263264,10,90,10,90,0.4,train_calibrated,0.9942721713757213,0.0,nan,insufficient_train_impostor_trials_lt_1000
GTSinger_same_text_control,wavlm_l12,12,149,1,0,1,1,raw,EN-Alto-1;EN-Alto-2;ES-Soprano-1;FR-Tenor-1;IT-Bass-1;IT-Soprano-1;JA-Soprano-1;JA-Tenor-1;RU-Alto-1;ZH-Alto-1,full_test_singing_centroid_per_speaker,0.3,0.6,4.9,0.4170634920634921,0.4222222222222222,0.9545666244432376,0.9472829294101209,0.007283695033116655,10,90,10,90,0.0,train_calibrated,0.9893871945915839,0.0,nan,insufficient_train_impostor_trials_lt_1000
GTSinger_same_text_control,wavlm_l12,12,149,1,0,1,1,correct_sign_global,EN-Alto-1;EN-Alto-2;ES-Soprano-1;FR-Tenor-1;IT-Bass-1;IT-Soprano-1;JA-Soprano-1;JA-Tenor-1;RU-Alto-1;ZH-Alto-1,full_test_singing_centroid_per_speaker,0.7,0.8,2.6,0.7527777777777778,0.3833333333333333,0.9799418822130013,0.9728123697395843,0.007129512473416977,10,90,10,90,0.0,train_calibrated,0.994372641115259,0.0,nan,insufficient_train_impostor_trials_lt_1000
GTSinger_same_text_control,wavlm_l12,12,149,2,0,2,2,raw,EN-Alto-1;EN-Alto-2;ES-Soprano-1;FR-Tenor-1;IT-Bass-1;IT-Soprano-1;JA-Soprano-1;JA-Tenor-1;RU-Alto-1;ZH-Alto-1,full_test_singing_centroid_per_speaker,0.2,0.7,4.7,0.3953968253968254,0.4,0.9594045391160699,0.9518634333342801,0.007541105781789792,10,90,10,90,0.0,train_calibrated,0.9893871945915839,0.0,nan,insufficient_train_impostor_trials_lt_1000
GTSinger_same_text_control,wavlm_l12,12,149,2,0,2,2,correct_sign_global,EN-Alto-1;EN-Alto-2;ES-Soprano-1;FR-Tenor-1;IT-Bass-1;IT-Soprano-1;JA-Soprano-1;JA-Tenor-1;RU-Alto-1;ZH-Alto-1,full_test_singing_centroid_per_speaker,0.5,0.9,2.3,0.6944444444444444,0.4,0.9844171558644584,0.9770939598790155,0.007323195985442954,10,90,10,90,0.0,train_calibrated,0.994372641115259,0.0,nan,insufficient_train_impostor_trials_lt_1000
GTSinger_same_text_control,wavlm_l12,12,149,5,0,5,5,raw,EN-Alto-1;EN-Alto-2;ES-Soprano-1;FR-Tenor-1;IT-Bass-1;IT-Soprano-1;JA-Soprano-1;JA-Tenor-1;RU-Alto-1;ZH-Alto-1,full_test_singing_centroid_per_speaker,0.3,0.6,4.9,0.4170634920634921,0.4111111111111111,0.9662780909948057,0.9593400655480906,0.006938025446715068,10,90,10,90,0.0,train_calibrated,0.9893871945915839,0.0,nan,insufficient_train_impostor_trials_lt_1000
GTSinger_same_text_control,wavlm_l12,12,149,5,0,5,5,correct_sign_global,EN-Alto-1;EN-Alto-2;ES-Soprano-1;FR-Tenor-1;IT-Bass-1;IT-Soprano-1;JA-Soprano-1;JA-Tenor-1;RU-Alto-1;ZH-Alto-1,full_test_singing_centroid_per_speaker,0.7,1.0,1.9,0.79,0.2,0.9910829893585487,0.9842213258124274,0.006861663546121277,10,90,10,90,0.2,train_calibrated,0.994372641115259,0.0,nan,insufficient_train_impostor_trials_lt_1000
GTSinger_same_text_control,wavlm_l12,12,149,10,0,10,10,raw,EN-Alto-1;EN-Alto-2;ES-Soprano-1;FR-Tenor-1;IT-Bass-1;IT-Soprano-1;JA-Soprano-1;JA-Tenor-1;RU-Alto-1;ZH-Alto-1,full_test_singing_centroid_per_speaker,0.3,0.7,4.8,0.42039682539682544,0.3833333333333333,0.9659845502965212,0.9587029852993096,0.007281564997211554,10,90,10,90,0.0,train_calibrated,0.9893871945915839,0.0,nan,insufficient_train_impostor_trials_lt_1000
GTSinger_same_text_control,wavlm_l12,12,149,10,0,10,10,correct_sign_global,EN-Alto-1;EN-Alto-2;ES-Soprano-1;FR-Tenor-1;IT-Bass-1;IT-Soprano-1;JA-Soprano-1;JA-Tenor-1;RU-Alto-1;ZH-Alto-1,full_test_singing_centroid_per_speaker,0.8,0.9,2.0,0.8444444444444444,0.3,0.9912699559613009,0.9841578020401073,0.007112153921193576,10,90,10,90,0.3,train_calibrated,0.994372641115259,0.0,nan,insufficient_train_impostor_trials_lt_1000
GTSinger_same_text_control,wavlm_l12,12,149,full,0,81,104,raw,EN-Alto-1;EN-Alto-2;ES-Soprano-1;FR-Tenor-1;IT-Bass-1;IT-Soprano-1;JA-Soprano-1;JA-Tenor-1;RU-Alto-1;ZH-Alto-1,full_test_singing_centroid_per_speaker,0.3,0.6,4.7,0.4420634920634921,0.3888888888888889,0.9675561007060323,0.9602738038137754,0.007282296892256901,10,90,10,90,0.0,train_calibrated,0.9893871945915839,0.0,nan,insufficient_train_impostor_trials_lt_1000
GTSinger_same_text_control,wavlm_l12,12,149,full,0,81,104,correct_sign_global,EN-Alto-1;EN-Alto-2;ES-Soprano-1;FR-Tenor-1;IT-Bass-1;IT-Soprano-1;JA-Soprano-1;JA-Tenor-1;RU-Alto-1;ZH-Alto-1,full_test_singing_centroid_per_speaker,0.8,0.9,2.0,0.8444444444444444,0.2777777777777778,0.9925462515236891,0.9854094160388454,0.007136835484843784,10,90,10,90,0.5,train_calibrated,0.994372641115259,0.0,nan,insufficient_train_impostor_trials_lt_1000
GTSinger_same_text_control,wavlm_l12,12,151,1,0,1,1,raw,DE-Soprano-1;EN-Tenor-1;ES-Bass-1;FR-Soprano-1;IT-Bass-1;IT-Bass-2;JA-Soprano-1;JA-Tenor-1;KO-Soprano-2;ZH-Tenor-1,full_test_singing_centroid_per_speaker,0.3,0.6,4.5,0.4367857142857143,0.4,0.9555715326737243,0.9477391296698665,0.00783240300385779,10,90,10,90,0.0,train_calibrated,0.9867373424356833,0.0,nan,insufficient_train_impostor_trials_lt_1000
GTSinger_same_text_control,wavlm_l12,12,151,1,0,1,1,correct_sign_global,DE-Soprano-1;EN-Tenor-1;ES-Bass-1;FR-Soprano-1;IT-Bass-1;IT-Bass-2;JA-Soprano-1;JA-Tenor-1;KO-Soprano-2;ZH-Tenor-1,full_test_singing_centroid_per_speaker,0.6,0.9,2.4,0.6950000000000001,0.3,0.9824444049688965,0.9746190572401515,0.007825347728744991,10,90,10,90,0.0,train_calibrated,0.9948779077317381,0.0,nan,insufficient_train_impostor_trials_lt_1000
GTSinger_same_text_control,wavlm_l12,12,151,2,0,2,2,raw,DE-Soprano-1;EN-Tenor-1;ES-Bass-1;FR-Soprano-1;IT-Bass-1;IT-Bass-2;JA-Soprano-1;JA-Tenor-1;KO-Soprano-2;ZH-Tenor-1,full_test_singing_centroid_per_speaker,0.1,0.6,4.6,0.3594047619047619,0.4,0.9580753007668369,0.9513558552532035,0.006719445513633349,10,90,10,90,0.0,train_calibrated,0.9867373424356833,0.0,nan,insufficient_train_impostor_trials_lt_1000
GTSinger_same_text_control,wavlm_l12,12,151,2,0,2,2,correct_sign_global,DE-Soprano-1;EN-Tenor-1;ES-Bass-1;FR-Soprano-1;IT-Bass-1;IT-Bass-2;JA-Soprano-1;JA-Tenor-1;KO-Soprano-2;ZH-Tenor-1,full_test_singing_centroid_per_speaker,0.7,0.9,2.2,0.7825,0.3111111111111111,0.9855311444546251,0.9787999876702365,0.0067311567843886255,10,90,10,90,0.1,train_calibrated,0.9948779077317381,0.0,nan,insufficient_train_impostor_trials_lt_1000
GTSinger_same_text_control,wavlm_l12,12,151,5,0,5,5,raw,DE-Soprano-1;EN-Tenor-1;ES-Bass-1;FR-Soprano-1;IT-Bass-1;IT-Bass-2;JA-Soprano-1;JA-Tenor-1;KO-Soprano-2;ZH-Tenor-1,full_test_singing_centroid_per_speaker,0.1,0.7,4.7,0.3317857142857143,0.4,0.9617106577965389,0.9551054948341025,0.006605162962436406,10,90,10,90,0.0,train_calibrated,0.9867373424356833,0.0,nan,insufficient_train_impostor_trials_lt_1000
GTSinger_same_text_control,wavlm_l12,12,151,5,0,5,5,correct_sign_global,DE-Soprano-1;EN-Tenor-1;ES-Bass-1;FR-Soprano-1;IT-Bass-1;IT-Bass-2;JA-Soprano-1;JA-Tenor-1;KO-Soprano-2;ZH-Tenor-1,full_test_singing_centroid_per_speaker,0.8,0.8,2.3,0.8267857142857142,0.3,0.989629916280566,0.9830351723878924,0.00659474389267356,10,90,10,90,0.3,train_calibrated,0.9948779077317381,0.0,nan,insufficient_train_impostor_trials_lt_1000
GTSinger_same_text_control,wavlm_l12,12,151,10,0,10,10,raw,DE-Soprano-1;EN-Tenor-1;ES-Bass-1;FR-Soprano-1;IT-Bass-1;IT-Bass-2;JA-Soprano-1;JA-Tenor-1;KO-Soprano-2;ZH-Tenor-1,full_test_singing_centroid_per_speaker,0.1,0.6,4.9,0.32607142857142857,0.4,0.9630473626802951,0.9564579228157981,0.006589439864497004,10,90,10,90,0.0,train_calibrated,0.9867373424356833,0.0,nan,insufficient_train_impostor_trials_lt_1000
GTSinger_same_text_control,wavlm_l12,12,151,10,0,10,10,correct_sign_global,DE-Soprano-1;EN-Tenor-1;ES-Bass-1;FR-Soprano-1;IT-Bass-1;IT-Bass-2;JA-Soprano-1;JA-Tenor-1;KO-Soprano-2;ZH-Tenor-1,full_test_singing_centroid_per_speaker,0.8,0.8,2.4,0.8253968253968254,0.3,0.9900961491476284,0.9835354997492276,0.006560649398400842,10,90,10,90,0.3,train_calibrated,0.9948779077317381,0.0,nan,insufficient_train_impostor_trials_lt_1000
GTSinger_same_text_control,wavlm_l12,12,151,full,0,94,106,raw,DE-Soprano-1;EN-Tenor-1;ES-Bass-1;FR-Soprano-1;IT-Bass-1;IT-Bass-2;JA-Soprano-1;JA-Tenor-1;KO-Soprano-2;ZH-Tenor-1,full_test_singing_centroid_per_speaker,0.1,0.6,4.9,0.32607142857142857,0.4,0.9643383675237519,0.9577353366325494,0.00660303089120251,10,90,10,90,0.0,train_calibrated,0.9867373424356833,0.0,nan,insufficient_train_impostor_trials_lt_1000
GTSinger_same_text_control,wavlm_l12,12,151,full,0,94,106,correct_sign_global,DE-Soprano-1;EN-Tenor-1;ES-Bass-1;FR-Soprano-1;IT-Bass-1;IT-Bass-2;JA-Soprano-1;JA-Tenor-1;KO-Soprano-2;ZH-Tenor-1,full_test_singing_centroid_per_speaker,0.8,0.8,2.3,0.8277777777777778,0.3,0.9915871873021811,0.984993881338461,0.0065933059637200975,10,90,10,90,0.3,train_calibrated,0.9948779077317381,0.0,nan,insufficient_train_impostor_trials_lt_1000
GTSinger_same_text_control,wavlm_l12,12,157,1,0,1,1,raw,ES-Soprano-1;FR-Soprano-1;FR-Tenor-1;IT-Bass-1;IT-Bass-2;IT-Soprano-1;JA-Tenor-1;KO-Soprano-1;KO-Soprano-2;RU-Alto-1,full_test_singing_centroid_per_speaker,0.1,0.6,4.9,0.33361111111111114,0.4,0.9573219149477532,0.9529531220996603,0.004368792848092884,10,90,10,90,0.0,train_calibrated,0.9893871945915839,0.0,nan,insufficient_train_impostor_trials_lt_1000
GTSinger_same_text_control,wavlm_l12,12,157,1,0,1,1,correct_sign_global,ES-Soprano-1;FR-Soprano-1;FR-Tenor-1;IT-Bass-1;IT-Bass-2;IT-Soprano-1;JA-Tenor-1;KO-Soprano-1;KO-Soprano-2;RU-Alto-1,full_test_singing_centroid_per_speaker,0.4,0.7,3.3,0.5892857142857142,0.31666666666666665,0.9823053353942882,0.9780596976576165,0.004245637736671748,10,90,10,90,0.0,train_calibrated,0.9956879527818929,0.0,nan,insufficient_train_impostor_trials_lt_1000
GTSinger_same_text_control,wavlm_l12,12,157,2,0,2,2,raw,ES-Soprano-1;FR-Soprano-1;FR-Tenor-1;IT-Bass-1;IT-Bass-2;IT-Soprano-1;JA-Tenor-1;KO-Soprano-1;KO-Soprano-2;RU-Alto-1,full_test_singing_centroid_per_speaker,0.2,0.6,5.0,0.3645634920634921,0.4,0.9628322245800385,0.9563997948151507,0.0064324297648877815,10,90,10,90,0.0,train_calibrated,0.9893871945915839,0.0,nan,insufficient_train_impostor_trials_lt_1000
GTSinger_same_text_control,wavlm_l12,12,157,2,0,2,2,correct_sign_global,ES-Soprano-1;FR-Soprano-1;FR-Tenor-1;IT-Bass-1;IT-Bass-2;IT-Soprano-1;JA-Tenor-1;KO-Soprano-1;KO-Soprano-2;RU-Alto-1,full_test_singing_centroid_per_speaker,0.6,0.9,2.3,0.7059523809523809,0.3111111111111111,0.9865529809995826,0.9801568042655392,0.006396176734043357,10,90,10,90,0.0,train_calibrated,0.9956879527818929,0.0,nan,insufficient_train_impostor_trials_lt_1000
GTSinger_same_text_control,wavlm_l12,12,157,5,0,5,5,raw,ES-Soprano-1;FR-Soprano-1;FR-Tenor-1;IT-Bass-1;IT-Bass-2;IT-Soprano-1;JA-Tenor-1;KO-Soprano-1;KO-Soprano-2;RU-Alto-1,full_test_singing_centroid_per_speaker,0.1,0.6,5.1,0.3086111111111111,0.3833333333333333,0.967533563328996,0.9606645436855192,0.006869019643476748,10,90,10,90,0.0,train_calibrated,0.9893871945915839,0.0,nan,insufficient_train_impostor_trials_lt_1000
GTSinger_same_text_control,wavlm_l12,12,157,5,0,5,5,correct_sign_global,ES-Soprano-1;FR-Soprano-1;FR-Tenor-1;IT-Bass-1;IT-Bass-2;IT-Soprano-1;JA-Tenor-1;KO-Soprano-1;KO-Soprano-2;RU-Alto-1,full_test_singing_centroid_per_speaker,0.6,0.9,2.1,0.7458333333333333,0.3,0.9898526822487478,0.9830297976112227,0.006822884637525117,10,90,10,90,0.2,train_calibrated,0.9956879527818929,0.0,nan,insufficient_train_impostor_trials_lt_1000
GTSinger_same_text_control,wavlm_l12,12,157,10,0,10,10,raw,ES-Soprano-1;FR-Soprano-1;FR-Tenor-1;IT-Bass-1;IT-Bass-2;IT-Soprano-1;JA-Tenor-1;KO-Soprano-1;KO-Soprano-2;RU-Alto-1,full_test_singing_centroid_per_speaker,0.1,0.6,5.0,0.3252777777777778,0.37777777777777777,0.9672664097594641,0.9611831508482286,0.006083258911235512,10,90,10,90,0.0,train_calibrated,0.9893871945915839,0.0,nan,insufficient_train_impostor_trials_lt_1000
GTSinger_same_text_control,wavlm_l12,12,157,10,0,10,10,correct_sign_global,ES-Soprano-1;FR-Soprano-1;FR-Tenor-1;IT-Bass-1;IT-Bass-2;IT-Soprano-1;JA-Tenor-1;KO-Soprano-1;KO-Soprano-2;RU-Alto-1,full_test_singing_centroid_per_speaker,0.6,0.8,2.6,0.7041666666666667,0.3,0.9907372195603873,0.9847316963061065,0.006005523254280831,10,90,10,90,0.3,train_calibrated,0.9956879527818929,0.0,nan,insufficient_train_impostor_trials_lt_1000
GTSinger_same_text_control,wavlm_l12,12,157,full,0,81,106,raw,ES-Soprano-1;FR-Soprano-1;FR-Tenor-1;IT-Bass-1;IT-Bass-2;IT-Soprano-1;JA-Tenor-1;KO-Soprano-1;KO-Soprano-2;RU-Alto-1,full_test_singing_centroid_per_speaker,0.1,0.6,5.0,0.3252777777777778,0.3055555555555556,0.9673288268678775,0.9614188732440445,0.005909953623832953,10,90,10,90,0.0,train_calibrated,0.9893871945915839,0.0,nan,insufficient_train_impostor_trials_lt_1000
GTSinger_same_text_control,wavlm_l12,12,157,full,0,81,106,correct_sign_global,ES-Soprano-1;FR-Soprano-1;FR-Tenor-1;IT-Bass-1;IT-Bass-2;IT-Soprano-1;JA-Tenor-1;KO-Soprano-1;KO-Soprano-2;RU-Alto-1,full_test_singing_centroid_per_speaker,0.6,0.9,2.5,0.6926190476190477,0.3,0.9913924952605541,0.9855327301449457,0.005859765115608373,10,90,10,90,0.2,train_calibrated,0.9956879527818929,0.0,nan,insufficient_train_impostor_trials_lt_1000
GTSinger_same_text_control,wavlm_l12,12,163,1,0,1,1,raw,DE-Soprano-1;DE-Tenor-1;EN-Alto-2;EN-Tenor-1;FR-Soprano-1;IT-Soprano-1;KO-Soprano-2;KO-Tenor-1;RU-Alto-1;ZH-Tenor-1,full_test_singing_centroid_per_speaker,0.2,0.7,4.7,0.38011904761904763,0.4166666666666667,0.9606341747654424,0.955071604589653,0.0055625701757894275,10,90,10,90,0.0,train_calibrated,0.9923185442948536,0.0,nan,insufficient_train_impostor_trials_lt_1000
GTSinger_same_text_control,wavlm_l12,12,163,1,0,1,1,correct_sign_global,DE-Soprano-1;DE-Tenor-1;EN-Alto-2;EN-Tenor-1;FR-Soprano-1;IT-Soprano-1;KO-Soprano-2;KO-Tenor-1;RU-Alto-1;ZH-Tenor-1,full_test_singing_centroid_per_speaker,0.6,1.0,1.4,0.8,0.3055555555555556,0.9836741702794317,0.9781957985225168,0.0054783717569149015,10,90,10,90,0.0,train_calibrated,0.995546209079647,0.0,nan,insufficient_train_impostor_trials_lt_1000
GTSinger_same_text_control,wavlm_l12,12,163,2,0,2,2,raw,DE-Soprano-1;DE-Tenor-1;EN-Alto-2;EN-Tenor-1;FR-Soprano-1;IT-Soprano-1;KO-Soprano-2;KO-Tenor-1;RU-Alto-1;ZH-Tenor-1,full_test_singing_centroid_per_speaker,0.2,0.7,4.6,0.3844444444444444,0.47777777777777775,0.9655783084429883,0.9593351880212535,0.006243120421734805,10,90,10,90,0.0,train_calibrated,0.9923185442948536,0.0,nan,insufficient_train_impostor_trials_lt_1000
GTSinger_same_text_control,wavlm_l12,12,163,2,0,2,2,correct_sign_global,DE-Soprano-1;DE-Tenor-1;EN-Alto-2;EN-Tenor-1;FR-Soprano-1;IT-Soprano-1;KO-Soprano-2;KO-Tenor-1;RU-Alto-1;ZH-Tenor-1,full_test_singing_centroid_per_speaker,0.8,1.0,1.2,0.9,0.2777777777777778,0.9889644292948485,0.9827858496103578,0.006178579684490759,10,90,10,90,0.0,train_calibrated,0.995546209079647,0.0,nan,insufficient_train_impostor_trials_lt_1000
GTSinger_same_text_control,wavlm_l12,12,163,5,0,5,5,raw,DE-Soprano-1;DE-Tenor-1;EN-Alto-2;EN-Tenor-1;FR-Soprano-1;IT-Soprano-1;KO-Soprano-2;KO-Tenor-1;RU-Alto-1;ZH-Tenor-1,full_test_singing_centroid_per_speaker,0.2,0.7,4.6,0.3967857142857143,0.3888888888888889,0.9695077830294142,0.9635301300194019,0.005977653010012296,10,90,10,90,0.0,train_calibrated,0.9923185442948536,0.0,nan,insufficient_train_impostor_trials_lt_1000
GTSinger_same_text_control,wavlm_l12,12,163,5,0,5,5,correct_sign_global,DE-Soprano-1;DE-Tenor-1;EN-Alto-2;EN-Tenor-1;FR-Soprano-1;IT-Soprano-1;KO-Soprano-2;KO-Tenor-1;RU-Alto-1;ZH-Tenor-1,full_test_singing_centroid_per_speaker,1.0,1.0,1.0,1.0,0.2,0.9914203242532096,0.9854584318046602,0.0059618924485493885,10,90,10,90,0.1,train_calibrated,0.995546209079647,0.0,nan,insufficient_train_impostor_trials_lt_1000
GTSinger_same_text_control,wavlm_l12,12,163,10,0,10,10,raw,DE-Soprano-1;DE-Tenor-1;EN-Alto-2;EN-Tenor-1;FR-Soprano-1;IT-Soprano-1;KO-Soprano-2;KO-Tenor-1;RU-Alto-1;ZH-Tenor-1,full_test_singing_centroid_per_speaker,0.2,0.7,4.4,0.40095238095238095,0.4,0.9710220188319948,0.9649557313515157,0.0060662874804791045,10,90,10,90,0.0,train_calibrated,0.9923185442948536,0.0,nan,insufficient_train_impostor_trials_lt_1000
GTSinger_same_text_control,wavlm_l12,12,163,10,0,10,10,correct_sign_global,DE-Soprano-1;DE-Tenor-1;EN-Alto-2;EN-Tenor-1;FR-Soprano-1;IT-Soprano-1;KO-Soprano-2;KO-Tenor-1;RU-Alto-1;ZH-Tenor-1,full_test_singing_centroid_per_speaker,1.0,1.0,1.0,1.0,0.1,0.9937627616824521,0.9877566024846777,0.006006159197774474,10,90,10,90,0.4,train_calibrated,0.995546209079647,0.0,nan,insufficient_train_impostor_trials_lt_1000
GTSinger_same_text_control,wavlm_l12,12,163,full,0,81,106,raw,DE-Soprano-1;DE-Tenor-1;EN-Alto-2;EN-Tenor-1;FR-Soprano-1;IT-Soprano-1;KO-Soprano-2;KO-Tenor-1;RU-Alto-1;ZH-Tenor-1,full_test_singing_centroid_per_speaker,0.2,0.7,4.5,0.3985714285714286,0.37777777777777777,0.9719121812639695,0.9658268780030402,0.0060853032609292645,10,90,10,90,0.0,train_calibrated,0.9923185442948536,0.0,nan,insufficient_train_impostor_trials_lt_1000
GTSinger_same_text_control,wavlm_l12,12,163,full,0,81,106,correct_sign_global,DE-Soprano-1;DE-Tenor-1;EN-Alto-2;EN-Tenor-1;FR-Soprano-1;IT-Soprano-1;KO-Soprano-2;KO-Tenor-1;RU-Alto-1;ZH-Tenor-1,full_test_singing_centroid_per_speaker,1.0,1.0,1.0,1.0,0.07777777777777778,0.9951073058016314,0.9890757344504173,0.006031571351214127,10,90,10,90,0.5,train_calibrated,0.995546209079647,0.0,nan,insufficient_train_impostor_trials_lt_1000
GTSinger_same_text_control,wavlm_l12,12,167,1,0,1,1,raw,DE-Soprano-1;EN-Alto-1;ES-Bass-1;FR-Soprano-1;FR-Tenor-1;IT-Bass-1;JA-Soprano-1;JA-Tenor-1;KO-Soprano-1;KO-Tenor-1,full_test_singing_centroid_per_speaker,0.2,0.7,4.4,0.3961111111111111,0.4,0.9598630814803638,0.9517351227270713,0.00812795875329253,10,90,10,90,0.0,train_calibrated,0.9833732471971258,0.0,nan,insufficient_train_impostor_trials_lt_1000
GTSinger_same_text_control,wavlm_l12,12,167,1,0,1,1,correct_sign_global,DE-Soprano-1;EN-Alto-1;ES-Bass-1;FR-Soprano-1;FR-Tenor-1;IT-Bass-1;JA-Soprano-1;JA-Tenor-1;KO-Soprano-1;KO-Tenor-1,full_test_singing_centroid_per_speaker,0.7,0.9,2.0,0.7892857142857143,0.3,0.9847666024968424,0.97682550808349,0.007941094413352445,10,90,10,90,0.0,train_calibrated,0.995587806108695,0.0,nan,insufficient_train_impostor_trials_lt_1000
GTSinger_same_text_control,wavlm_l12,12,167,2,0,2,2,raw,DE-Soprano-1;EN-Alto-1;ES-Bass-1;FR-Soprano-1;FR-Tenor-1;IT-Bass-1;JA-Soprano-1;JA-Tenor-1;KO-Soprano-1;KO-Tenor-1,full_test_singing_centroid_per_speaker,0.3,0.7,4.5,0.4327777777777778,0.3222222222222222,0.9631472630066098,0.9561181409505096,0.007029122056100179,10,90,10,90,0.0,train_calibrated,0.9833732471971258,0.0,nan,insufficient_train_impostor_trials_lt_1000
GTSinger_same_text_control,wavlm_l12,12,167,2,0,2,2,correct_sign_global,DE-Soprano-1;EN-Alto-1;ES-Bass-1;FR-Soprano-1;FR-Tenor-1;IT-Bass-1;JA-Soprano-1;JA-Tenor-1;KO-Soprano-1;KO-Tenor-1,full_test_singing_centroid_per_speaker,0.6,0.9,2.2,0.7291666666666666,0.2,0.98724211839405,0.9803388587573609,0.00690325963668903,10,90,10,90,0.0,train_calibrated,0.995587806108695,0.0,nan,insufficient_train_impostor_trials_lt_1000
GTSinger_same_text_control,wavlm_l12,12,167,5,0,5,5,raw,DE-Soprano-1;EN-Alto-1;ES-Bass-1;FR-Soprano-1;FR-Tenor-1;IT-Bass-1;JA-Soprano-1;JA-Tenor-1;KO-Soprano-1;KO-Tenor-1,full_test_singing_centroid_per_speaker,0.2,0.7,4.8,0.3637301587301587,0.3222222222222222,0.9647011053761145,0.9582237474256144,0.0064773579505000844,10,90,10,90,0.0,train_calibrated,0.9833732471971258,0.0,nan,insufficient_train_impostor_trials_lt_1000
GTSinger_same_text_control,wavlm_l12,12,167,5,0,5,5,correct_sign_global,DE-Soprano-1;EN-Alto-1;ES-Bass-1;FR-Soprano-1;FR-Tenor-1;IT-Bass-1;JA-Soprano-1;JA-Tenor-1;KO-Soprano-1;KO-Tenor-1,full_test_singing_centroid_per_speaker,0.7,0.9,2.4,0.7611111111111111,0.3,0.9899177413918945,0.9835414891407358,0.006376252251158676,10,90,10,90,0.1,train_calibrated,0.995587806108695,0.0,nan,insufficient_train_impostor_trials_lt_1000
GTSinger_same_text_control,wavlm_l12,12,167,10,0,10,10,raw,DE-Soprano-1;EN-Alto-1;ES-Bass-1;FR-Soprano-1;FR-Tenor-1;IT-Bass-1;JA-Soprano-1;JA-Tenor-1;KO-Soprano-1;KO-Tenor-1,full_test_singing_centroid_per_speaker,0.2,0.6,4.9,0.3603968253968254,0.37777777777777777,0.9652329098995664,0.9586896276246282,0.006543282274938278,10,90,10,90,0.0,train_calibrated,0.9833732471971258,0.0,nan,insufficient_train_impostor_trials_lt_1000
GTSinger_same_text_control,wavlm_l12,12,167,10,0,10,10,correct_sign_global,DE-Soprano-1;EN-Alto-1;ES-Bass-1;FR-Soprano-1;FR-Tenor-1;IT-Bass-1;JA-Soprano-1;JA-Tenor-1;KO-Soprano-1;KO-Tenor-1,full_test_singing_centroid_per_speaker,0.6,0.9,2.2,0.7444444444444445,0.3,0.991388436187796,0.9849594930834703,0.006428943104325735,10,90,10,90,0.2,train_calibrated,0.995587806108695,0.0,nan,insufficient_train_impostor_trials_lt_1000
GTSinger_same_text_control,wavlm_l12,12,167,full,0,93,106,raw,DE-Soprano-1;EN-Alto-1;ES-Bass-1;FR-Soprano-1;FR-Tenor-1;IT-Bass-1;JA-Soprano-1;JA-Tenor-1;KO-Soprano-1;KO-Tenor-1,full_test_singing_centroid_per_speaker,0.2,0.6,4.8,0.36277777777777775,0.3055555555555556,0.9671500189878651,0.9606495538471156,0.006500465140749534,10,90,10,90,0.1,train_calibrated,0.9833732471971258,0.0,nan,insufficient_train_impostor_trials_lt_1000
GTSinger_same_text_control,wavlm_l12,12,167,full,0,93,106,correct_sign_global,DE-Soprano-1;EN-Alto-1;ES-Bass-1;FR-Soprano-1;FR-Tenor-1;IT-Bass-1;JA-Soprano-1;JA-Tenor-1;KO-Soprano-1;KO-Tenor-1,full_test_singing_centroid_per_speaker,0.6,0.9,2.5,0.7144444444444444,0.3,0.9923919152125713,0.9860151910375875,0.0063767241749838055,10,90,10,90,0.3,train_calibrated,0.995587806108695,0.0,nan,insufficient_train_impostor_trials_lt_1000
GTSinger_same_text_control,wavlm_l12,12,173,1,0,1,1,raw,EN-Tenor-1;ES-Bass-1;IT-Soprano-1;JA-Soprano-1;KO-Soprano-1;KO-Soprano-2;KO-Tenor-1;RU-Alto-1;ZH-Alto-1;ZH-Tenor-1,full_test_singing_centroid_per_speaker,0.2,0.8,4.1,0.38833333333333336,0.4,0.963846210110081,0.9573837133139449,0.006462496796136086,10,90,10,90,0.0,train_calibrated,0.9842778304458347,0.0,nan,insufficient_train_impostor_trials_lt_1000
GTSinger_same_text_control,wavlm_l12,12,173,1,0,1,1,correct_sign_global,EN-Tenor-1;ES-Bass-1;IT-Soprano-1;JA-Soprano-1;KO-Soprano-1;KO-Soprano-2;KO-Tenor-1;RU-Alto-1;ZH-Alto-1;ZH-Tenor-1,full_test_singing_centroid_per_speaker,0.8,1.0,1.2,0.9,0.2,0.9842968508092959,0.9778980923870862,0.006398758422209605,10,90,10,90,0.0,train_calibrated,0.9946785491913721,0.0,nan,insufficient_train_impostor_trials_lt_1000
GTSinger_same_text_control,wavlm_l12,12,173,2,0,2,2,raw,EN-Tenor-1;ES-Bass-1;IT-Soprano-1;JA-Soprano-1;KO-Soprano-1;KO-Soprano-2;KO-Tenor-1;RU-Alto-1;ZH-Alto-1;ZH-Tenor-1,full_test_singing_centroid_per_speaker,0.2,0.7,4.2,0.37777777777777777,0.3944444444444445,0.9668478930762723,0.9618839757460471,0.004963917330225165,10,90,10,90,0.0,train_calibrated,0.9842778304458347,0.0,nan,insufficient_train_impostor_trials_lt_1000
GTSinger_same_text_control,wavlm_l12,12,173,2,0,2,2,correct_sign_global,EN-Tenor-1;ES-Bass-1;IT-Soprano-1;JA-Soprano-1;KO-Soprano-1;KO-Soprano-2;KO-Tenor-1;RU-Alto-1;ZH-Alto-1;ZH-Tenor-1,full_test_singing_centroid_per_speaker,0.7,1.0,1.5,0.825,0.2,0.9885379280397355,0.9836383156142974,0.004899612425438127,10,90,10,90,0.0,train_calibrated,0.9946785491913721,0.0,nan,insufficient_train_impostor_trials_lt_1000
GTSinger_same_text_control,wavlm_l12,12,173,5,0,5,5,raw,EN-Tenor-1;ES-Bass-1;IT-Soprano-1;JA-Soprano-1;KO-Soprano-1;KO-Soprano-2;KO-Tenor-1;RU-Alto-1;ZH-Alto-1;ZH-Tenor-1,full_test_singing_centroid_per_speaker,0.2,0.8,4.2,0.3787301587301587,0.3833333333333333,0.9689237701656056,0.9634794401954266,0.005444329970178963,10,90,10,90,0.0,train_calibrated,0.9842778304458347,0.0,nan,insufficient_train_impostor_trials_lt_1000
GTSinger_same_text_control,wavlm_l12,12,173,5,0,5,5,correct_sign_global,EN-Tenor-1;ES-Bass-1;IT-Soprano-1;JA-Soprano-1;KO-Soprano-1;KO-Soprano-2;KO-Tenor-1;RU-Alto-1;ZH-Alto-1;ZH-Tenor-1,full_test_singing_centroid_per_speaker,0.8,1.0,1.2,0.9,0.17777777777777778,0.9909222916632416,0.9855266674158482,0.005395624247393482,10,90,10,90,0.1,train_calibrated,0.9946785491913721,0.0,nan,insufficient_train_impostor_trials_lt_1000
GTSinger_same_text_control,wavlm_l12,12,173,10,0,10,10,raw,EN-Tenor-1;ES-Bass-1;IT-Soprano-1;JA-Soprano-1;KO-Soprano-1;KO-Soprano-2;KO-Tenor-1;RU-Alto-1;ZH-Alto-1;ZH-Tenor-1,full_test_singing_centroid_per_speaker,0.2,0.7,4.5,0.3725,0.3055555555555556,0.9706408720053086,0.9647376367560218,0.00590323524928682,10,90,10,90,0.1,train_calibrated,0.9842778304458347,0.0,nan,insufficient_train_impostor_trials_lt_1000
GTSinger_same_text_control,wavlm_l12,12,173,10,0,10,10,correct_sign_global,EN-Tenor-1;ES-Bass-1;IT-Soprano-1;JA-Soprano-1;KO-Soprano-1;KO-Soprano-2;KO-Tenor-1;RU-Alto-1;ZH-Alto-1;ZH-Tenor-1,full_test_singing_centroid_per_speaker,0.9,1.0,1.2,0.9333333333333332,0.12222222222222222,0.9924600930001851,0.9865916828124893,0.005868410187695794,10,90,10,90,0.3,train_calibrated,0.9946785491913721,0.0,nan,insufficient_train_impostor_trials_lt_1000
GTSinger_same_text_control,wavlm_l12,12,173,full,0,81,103,raw,EN-Tenor-1;ES-Bass-1;IT-Soprano-1;JA-Soprano-1;KO-Soprano-1;KO-Soprano-2;KO-Tenor-1;RU-Alto-1;ZH-Alto-1;ZH-Tenor-1,full_test_singing_centroid_per_speaker,0.2,0.7,4.3,0.37666666666666665,0.3,0.9715837587151235,0.9660340000874489,0.005549758627674595,10,90,10,90,0.1,train_calibrated,0.9842778304458347,0.0,nan,insufficient_train_impostor_trials_lt_1000
GTSinger_same_text_control,wavlm_l12,12,173,full,0,81,103,correct_sign_global,EN-Tenor-1;ES-Bass-1;IT-Soprano-1;JA-Soprano-1;KO-Soprano-1;KO-Soprano-2;KO-Tenor-1;RU-Alto-1;ZH-Alto-1;ZH-Tenor-1,full_test_singing_centroid_per_speaker,0.9,1.0,1.2,0.9333333333333332,0.1,0.993419657695277,0.9879027324924728,0.005516925202804113,10,90,10,90,0.3,train_calibrated,0.9946785491913721,0.0,nan,insufficient_train_impostor_trials_lt_1000
GTSinger_same_text_control,wavlm_l12,12,179,1,0,1,1,raw,DE-Tenor-1;ES-Bass-1;ES-Soprano-1;FR-Soprano-1;FR-Tenor-1;IT-Bass-2;IT-Soprano-1;KO-Soprano-2;RU-Alto-1;ZH-Alto-1,full_test_singing_centroid_per_speaker,0.2,0.8,4.5,0.3811111111111111,0.4,0.960013949326666,0.9543096737868666,0.005704275539799353,10,90,10,90,0.1,train_calibrated,0.9842778304458347,0.0,nan,insufficient_train_impostor_trials_lt_1000
GTSinger_same_text_control,wavlm_l12,12,179,1,0,1,1,correct_sign_global,DE-Tenor-1;ES-Bass-1;ES-Soprano-1;FR-Soprano-1;FR-Tenor-1;IT-Bass-2;IT-Soprano-1;KO-Soprano-2;RU-Alto-1;ZH-Alto-1,full_test_singing_centroid_per_speaker,0.5,0.9,2.8,0.6292857142857142,0.3888888888888889,0.9800164965140764,0.9744717028378536,0.005544793676222848,10,90,10,90,0.0,train_calibrated,0.9947905726118546,0.0,nan,insufficient_train_impostor_trials_lt_1000
GTSinger_same_text_control,wavlm_l12,12,179,2,0,2,2,raw,DE-Tenor-1;ES-Bass-1;ES-Soprano-1;FR-Soprano-1;FR-Tenor-1;IT-Bass-2;IT-Soprano-1;KO-Soprano-2;RU-Alto-1;ZH-Alto-1,full_test_singing_centroid_per_speaker,0.2,0.6,4.9,0.36111111111111116,0.4,0.966100135834241,0.9603383776183794,0.005761758215861668,10,90,10,90,0.0,train_calibrated,0.9842778304458347,0.0,nan,insufficient_train_impostor_trials_lt_1000
GTSinger_same_text_control,wavlm_l12,12,179,2,0,2,2,correct_sign_global,DE-Tenor-1;ES-Bass-1;ES-Soprano-1;FR-Soprano-1;FR-Tenor-1;IT-Bass-2;IT-Soprano-1;KO-Soprano-2;RU-Alto-1;ZH-Alto-1,full_test_singing_centroid_per_speaker,0.5,0.9,2.3,0.6726190476190477,0.3,0.9873142415101623,0.9816572344612452,0.00565700704891714,10,90,10,90,0.0,train_calibrated,0.9947905726118546,0.0,nan,insufficient_train_impostor_trials_lt_1000
GTSinger_same_text_control,wavlm_l12,12,179,5,0,5,5,raw,DE-Tenor-1;ES-Bass-1;ES-Soprano-1;FR-Soprano-1;FR-Tenor-1;IT-Bass-2;IT-Soprano-1;KO-Soprano-2;RU-Alto-1;ZH-Alto-1,full_test_singing_centroid_per_speaker,0.2,0.7,4.9,0.3620634920634921,0.3888888888888889,0.9687245654037218,0.9621913241946138,0.006533241209107921,10,90,10,90,0.1,train_calibrated,0.9842778304458347,0.0,nan,insufficient_train_impostor_trials_lt_1000
GTSinger_same_text_control,wavlm_l12,12,179,5,0,5,5,correct_sign_global,DE-Tenor-1;ES-Bass-1;ES-Soprano-1;FR-Soprano-1;FR-Tenor-1;IT-Bass-2;IT-Soprano-1;KO-Soprano-2;RU-Alto-1;ZH-Alto-1,full_test_singing_centroid_per_speaker,0.7,1.0,1.7,0.8033333333333333,0.2,0.9911653802287965,0.9846886864204365,0.006476693808360023,10,90,10,90,0.2,train_calibrated,0.9947905726118546,0.0,nan,insufficient_train_impostor_trials_lt_1000
GTSinger_same_text_control,wavlm_l12,12,179,10,0,10,10,raw,DE-Tenor-1;ES-Bass-1;ES-Soprano-1;FR-Soprano-1;FR-Tenor-1;IT-Bass-2;IT-Soprano-1;KO-Soprano-2;RU-Alto-1;ZH-Alto-1,full_test_singing_centroid_per_speaker,0.2,0.7,4.8,0.36444444444444446,0.37777777777777777,0.9689837716208665,0.9627216818890618,0.006262089731804643,10,90,10,90,0.0,train_calibrated,0.9842778304458347,0.0,nan,insufficient_train_impostor_trials_lt_1000
GTSinger_same_text_control,wavlm_l12,12,179,10,0,10,10,correct_sign_global,DE-Tenor-1;ES-Bass-1;ES-Soprano-1;FR-Soprano-1;FR-Tenor-1;IT-Bass-2;IT-Soprano-1;KO-Soprano-2;RU-Alto-1;ZH-Alto-1,full_test_singing_centroid_per_speaker,0.7,1.0,1.8,0.795,0.2,0.9919651878011845,0.9857503093007166,0.006214878500467869,10,90,10,90,0.3,train_calibrated,0.9947905726118546,0.0,nan,insufficient_train_impostor_trials_lt_1000
GTSinger_same_text_control,wavlm_l12,12,179,full,0,81,106,raw,DE-Tenor-1;ES-Bass-1;ES-Soprano-1;FR-Soprano-1;FR-Tenor-1;IT-Bass-2;IT-Soprano-1;KO-Soprano-2;RU-Alto-1;ZH-Alto-1,full_test_singing_centroid_per_speaker,0.2,0.7,4.8,0.36444444444444446,0.3888888888888889,0.9706705607096415,0.9643326725504148,0.006337888159226757,10,90,10,90,0.1,train_calibrated,0.9842778304458347,0.0,nan,insufficient_train_impostor_trials_lt_1000
GTSinger_same_text_control,wavlm_l12,12,179,full,0,81,106,correct_sign_global,DE-Tenor-1;ES-Bass-1;ES-Soprano-1;FR-Soprano-1;FR-Tenor-1;IT-Bass-2;IT-Soprano-1;KO-Soprano-2;RU-Alto-1;ZH-Alto-1,full_test_singing_centroid_per_speaker,0.7,1.0,1.7,0.8,0.2,0.9930925462096507,0.9868205273765758,0.006272018833074933,10,90,10,90,0.4,train_calibrated,0.9947905726118546,0.0,nan,insufficient_train_impostor_trials_lt_1000
GTSinger_same_text_control,wavlm_l12,12,181,1,0,1,1,raw,DE-Tenor-1;EN-Alto-2;EN-Tenor-1;ES-Soprano-1;FR-Tenor-1;IT-Bass-1;KO-Soprano-2;KO-Tenor-1;RU-Alto-1;ZH-Tenor-1,full_test_singing_centroid_per_speaker,0.2,0.5,4.6,0.38857142857142857,0.4,0.9597767051660234,0.953391198583534,0.006385506582489375,10,90,10,90,0.0,train_calibrated,0.9845956535131999,0.0,nan,insufficient_train_impostor_trials_lt_1000
GTSinger_same_text_control,wavlm_l12,12,181,1,0,1,1,correct_sign_global,DE-Tenor-1;EN-Alto-2;EN-Tenor-1;ES-Soprano-1;FR-Tenor-1;IT-Bass-1;KO-Soprano-2;KO-Tenor-1;RU-Alto-1;ZH-Tenor-1,full_test_singing_centroid_per_speaker,0.7,0.9,2.1,0.7944444444444444,0.3111111111111111,0.9840596689191068,0.9777728697397323,0.006286799179374469,10,90,10,90,0.0,train_calibrated,0.9947717930916168,0.0,nan,insufficient_train_impostor_trials_lt_1000
GTSinger_same_text_control,wavlm_l12,12,181,2,0,2,2,raw,DE-Tenor-1;EN-Alto-2;EN-Tenor-1;ES-Soprano-1;FR-Tenor-1;IT-Bass-1;KO-Soprano-2;KO-Tenor-1;RU-Alto-1;ZH-Tenor-1,full_test_singing_centroid_per_speaker,0.2,0.6,4.6,0.38357142857142856,0.4,0.9647511267245632,0.9567480418070498,0.008003084917513448,10,90,10,90,0.0,train_calibrated,0.9845956535131999,0.0,nan,insufficient_train_impostor_trials_lt_1000
GTSinger_same_text_control,wavlm_l12,12,181,2,0,2,2,correct_sign_global,DE-Tenor-1;EN-Alto-2;EN-Tenor-1;ES-Soprano-1;FR-Tenor-1;IT-Bass-1;KO-Soprano-2;KO-Tenor-1;RU-Alto-1;ZH-Tenor-1,full_test_singing_centroid_per_speaker,0.9,1.0,1.1,0.95,0.2111111111111111,0.9888117468900175,0.9809400428097773,0.007871704080240183,10,90,10,90,0.1,train_calibrated,0.9947717930916168,0.0,nan,insufficient_train_impostor_trials_lt_1000
GTSinger_same_text_control,wavlm_l12,12,181,5,0,5,5,raw,DE-Tenor-1;EN-Alto-2;EN-Tenor-1;ES-Soprano-1;FR-Tenor-1;IT-Bass-1;KO-Soprano-2;KO-Tenor-1;RU-Alto-1;ZH-Tenor-1,full_test_singing_centroid_per_speaker,0.2,0.6,4.6,0.38357142857142856,0.4,0.9702902664779826,0.9627221994641642,0.0075680670138184025,10,90,10,90,0.0,train_calibrated,0.9845956535131999,0.0,nan,insufficient_train_impostor_trials_lt_1000
GTSinger_same_text_control,wavlm_l12,12,181,5,0,5,5,correct_sign_global,DE-Tenor-1;EN-Alto-2;EN-Tenor-1;ES-Soprano-1;FR-Tenor-1;IT-Bass-1;KO-Soprano-2;KO-Tenor-1;RU-Alto-1;ZH-Tenor-1,full_test_singing_centroid_per_speaker,0.9,1.0,1.1,0.95,0.1111111111111111,0.9922030525005822,0.9847553272956397,0.0074477252049424125,10,90,10,90,0.1,train_calibrated,0.9947717930916168,0.0,nan,insufficient_train_impostor_trials_lt_1000
GTSinger_same_text_control,wavlm_l12,12,181,10,0,10,10,raw,DE-Tenor-1;EN-Alto-2;EN-Tenor-1;ES-Soprano-1;FR-Tenor-1;IT-Bass-1;KO-Soprano-2;KO-Tenor-1;RU-Alto-1;ZH-Tenor-1,full_test_singing_centroid_per_speaker,0.2,0.5,4.8,0.37583333333333335,0.40555555555555556,0.9698444847896106,0.9627494565399273,0.007095028249683333,10,90,10,90,0.1,train_calibrated,0.9845956535131999,0.0,nan,insufficient_train_impostor_trials_lt_1000
GTSinger_same_text_control,wavlm_l12,12,181,10,0,10,10,correct_sign_global,DE-Tenor-1;EN-Alto-2;EN-Tenor-1;ES-Soprano-1;FR-Tenor-1;IT-Bass-1;KO-Soprano-2;KO-Tenor-1;RU-Alto-1;ZH-Tenor-1,full_test_singing_centroid_per_speaker,0.8,1.0,1.4,0.875,0.2,0.9932923111416416,0.986314131844655,0.006978179296986631,10,90,10,90,0.4,train_calibrated,0.9947717930916168,0.0,nan,insufficient_train_impostor_trials_lt_1000
GTSinger_same_text_control,wavlm_l12,12,181,full,0,94,102,raw,DE-Tenor-1;EN-Alto-2;EN-Tenor-1;ES-Soprano-1;FR-Tenor-1;IT-Bass-1;KO-Soprano-2;KO-Tenor-1;RU-Alto-1;ZH-Tenor-1,full_test_singing_centroid_per_speaker,0.2,0.6,4.7,0.393452380952381,0.4,0.9705878647286038,0.9636196198921398,0.006968244836463966,10,90,10,90,0.1,train_calibrated,0.9845956535131999,0.0,nan,insufficient_train_impostor_trials_lt_1000
GTSinger_same_text_control,wavlm_l12,12,181,full,0,94,102,correct_sign_global,DE-Tenor-1;EN-Alto-2;EN-Tenor-1;ES-Soprano-1;FR-Tenor-1;IT-Bass-1;KO-Soprano-2;KO-Tenor-1;RU-Alto-1;ZH-Tenor-1,full_test_singing_centroid_per_speaker,0.8,1.0,1.5,0.8699999999999999,0.1,0.9943557842366861,0.9874756134884395,0.00688017074824665,10,90,10,90,0.4,train_calibrated,0.9947717930916168,0.0,nan,insufficient_train_impostor_trials_lt_1000
GTSinger_same_text_control,wavlm_l12,12,191,1,0,1,1,raw,DE-Soprano-1;EN-Alto-1;EN-Alto-2;IT-Bass-2;IT-Soprano-1;JA-Tenor-1;KO-Soprano-1;KO-Soprano-2;KO-Tenor-1;RU-Alto-1,full_test_singing_centroid_per_speaker,0.3,0.5,4.6,0.4663492063492063,0.3833333333333333,0.9598345276436389,0.9534325226466394,0.0064020049969995,10,90,10,90,0.0,train_calibrated,0.9923185442948536,0.0,nan,insufficient_train_impostor_trials_lt_1000
GTSinger_same_text_control,wavlm_l12,12,191,1,0,1,1,correct_sign_global,DE-Soprano-1;EN-Alto-1;EN-Alto-2;IT-Bass-2;IT-Soprano-1;JA-Tenor-1;KO-Soprano-1;KO-Soprano-2;KO-Tenor-1;RU-Alto-1,full_test_singing_centroid_per_speaker,0.7,0.9,2.5,0.7561111111111112,0.3,0.9840401195566713,0.9777381070813023,0.00630201247536899,10,90,10,90,0.0,train_calibrated,0.9957450678597347,0.0,nan,insufficient_train_impostor_trials_lt_1000
GTSinger_same_text_control,wavlm_l12,12,191,2,0,2,2,raw,DE-Soprano-1;EN-Alto-1;EN-Alto-2;IT-Bass-2;IT-Soprano-1;JA-Tenor-1;KO-Soprano-1;KO-Soprano-2;KO-Tenor-1;RU-Alto-1,full_test_singing_centroid_per_speaker,0.3,0.5,4.9,0.4220634920634921,0.3944444444444445,0.9653453346467797,0.9584648307879335,0.006880503858846199,10,90,10,90,0.0,train_calibrated,0.9923185442948536,0.0,nan,insufficient_train_impostor_trials_lt_1000
GTSinger_same_text_control,wavlm_l12,12,191,2,0,2,2,correct_sign_global,DE-Soprano-1;EN-Alto-1;EN-Alto-2;IT-Bass-2;IT-Soprano-1;JA-Tenor-1;KO-Soprano-1;KO-Soprano-2;KO-Tenor-1;RU-Alto-1,full_test_singing_centroid_per_speaker,0.8,1.0,1.5,0.8583333333333332,0.3,0.9889878706517136,0.9822252587030306,0.006762611948682995,10,90,10,90,0.0,train_calibrated,0.9957450678597347,0.0,nan,insufficient_train_impostor_trials_lt_1000
GTSinger_same_text_control,wavlm_l12,12,191,5,0,5,5,raw,DE-Soprano-1;EN-Alto-1;EN-Alto-2;IT-Bass-2;IT-Soprano-1;JA-Tenor-1;KO-Soprano-1;KO-Soprano-2;KO-Tenor-1;RU-Alto-1,full_test_singing_centroid_per_speaker,0.3,0.5,4.5,0.46873015873015866,0.3888888888888889,0.9690964465398426,0.9627871223738511,0.006309324165991503,10,90,10,90,0.0,train_calibrated,0.9923185442948536,0.0,nan,insufficient_train_impostor_trials_lt_1000
GTSinger_same_text_control,wavlm_l12,12,191,5,0,5,5,correct_sign_global,DE-Soprano-1;EN-Alto-1;EN-Alto-2;IT-Bass-2;IT-Soprano-1;JA-Tenor-1;KO-Soprano-1;KO-Soprano-2;KO-Tenor-1;RU-Alto-1,full_test_singing_centroid_per_speaker,0.7,0.9,1.9,0.7916666666666667,0.2,0.9915067689619859,0.9852989536167123,0.006207815345273593,10,90,10,90,0.2,train_calibrated,0.9957450678597347,0.0,nan,insufficient_train_impostor_trials_lt_1000
GTSinger_same_text_control,wavlm_l12,12,191,10,0,10,10,raw,DE-Soprano-1;EN-Alto-1;EN-Alto-2;IT-Bass-2;IT-Soprano-1;JA-Tenor-1;KO-Soprano-1;KO-Soprano-2;KO-Tenor-1;RU-Alto-1,full_test_singing_centroid_per_speaker,0.3,0.5,4.5,0.46873015873015866,0.3,0.9679803487655494,0.9616034881057132,0.006376860659836225,10,90,10,90,0.0,train_calibrated,0.9923185442948536,0.0,nan,insufficient_train_impostor_trials_lt_1000
GTSinger_same_text_control,wavlm_l12,12,191,10,0,10,10,correct_sign_global,DE-Soprano-1;EN-Alto-1;EN-Alto-2;IT-Bass-2;IT-Soprano-1;JA-Tenor-1;KO-Soprano-1;KO-Soprano-2;KO-Tenor-1;RU-Alto-1,full_test_singing_centroid_per_speaker,0.7,0.9,2.1,0.7944444444444445,0.2,0.9916349449914496,0.985306789492077,0.006328155499372601,10,90,10,90,0.3,train_calibrated,0.9957450678597347,0.0,nan,insufficient_train_impostor_trials_lt_1000
GTSinger_same_text_control,wavlm_l12,12,191,full,0,81,104,raw,DE-Soprano-1;EN-Alto-1;EN-Alto-2;IT-Bass-2;IT-Soprano-1;JA-Tenor-1;KO-Soprano-1;KO-Soprano-2;KO-Tenor-1;RU-Alto-1,full_test_singing_centroid_per_speaker,0.3,0.5,4.6,0.45206349206349206,0.3888888888888889,0.9693223161511104,0.9627670947256647,0.006555221425445734,10,90,10,90,0.0,train_calibrated,0.9923185442948536,0.0,nan,insufficient_train_impostor_trials_lt_1000
GTSinger_same_text_control,wavlm_l12,12,191,full,0,81,104,correct_sign_global,DE-Soprano-1;EN-Alto-1;EN-Alto-2;IT-Bass-2;IT-Soprano-1;JA-Tenor-1;KO-Soprano-1;KO-Soprano-2;KO-Tenor-1;RU-Alto-1,full_test_singing_centroid_per_speaker,0.7,0.9,2.0,0.8111111111111111,0.2,0.9932110806247492,0.986780961737147,0.006430118887602143,10,90,10,90,0.4,train_calibrated,0.9957450678597347,0.0,nan,insufficient_train_impostor_trials_lt_1000
GTSinger_same_text_control,wavlm_l12,12,193,1,0,1,1,raw,DE-Soprano-1;DE-Tenor-1;EN-Alto-2;FR-Tenor-1;IT-Bass-1;IT-Bass-2;JA-Soprano-1;KO-Soprano-1;KO-Tenor-1;ZH-Alto-1,full_test_singing_centroid_per_speaker,0.2,0.8,4.5,0.37444444444444447,0.5,0.9511862223736879,0.9447903217170557,0.006395900656632203,10,90,10,90,0.0,train_calibrated,0.9845956535131999,0.0,nan,insufficient_train_impostor_trials_lt_1000
GTSinger_same_text_control,wavlm_l12,12,193,1,0,1,1,correct_sign_global,DE-Soprano-1;DE-Tenor-1;EN-Alto-2;FR-Tenor-1;IT-Bass-1;IT-Bass-2;JA-Soprano-1;KO-Soprano-1;KO-Tenor-1;ZH-Alto-1,full_test_singing_centroid_per_speaker,0.6,0.8,2.9,0.6992857142857143,0.4,0.98102341172977,0.9747164116675371,0.006307000062232948,10,90,10,90,0.0,train_calibrated,0.9957758785064258,0.0,nan,insufficient_train_impostor_trials_lt_1000
GTSinger_same_text_control,wavlm_l12,12,193,2,0,2,2,raw,DE-Soprano-1;DE-Tenor-1;EN-Alto-2;FR-Tenor-1;IT-Bass-1;IT-Bass-2;JA-Soprano-1;KO-Soprano-1;KO-Tenor-1;ZH-Alto-1,full_test_singing_centroid_per_speaker,0.2,0.8,4.2,0.39611111111111114,0.4,0.961791498825183,0.95373238018773,0.008059118637453011,10,90,10,90,0.0,train_calibrated,0.9845956535131999,0.0,nan,insufficient_train_impostor_trials_lt_1000
GTSinger_same_text_control,wavlm_l12,12,193,2,0,2,2,correct_sign_global,DE-Soprano-1;DE-Tenor-1;EN-Alto-2;FR-Tenor-1;IT-Bass-1;IT-Bass-2;JA-Soprano-1;KO-Soprano-1;KO-Tenor-1;ZH-Alto-1,full_test_singing_centroid_per_speaker,0.6,0.9,2.4,0.7158333333333333,0.4,0.9879103971053504,0.9800091034102029,0.007901293695147582,10,90,10,90,0.0,train_calibrated,0.9957758785064258,0.0,nan,insufficient_train_impostor_trials_lt_1000
GTSinger_same_text_control,wavlm_l12,12,193,5,0,5,5,raw,DE-Soprano-1;DE-Tenor-1;EN-Alto-2;FR-Tenor-1;IT-Bass-1;IT-Bass-2;JA-Soprano-1;KO-Soprano-1;KO-Tenor-1;ZH-Alto-1,full_test_singing_centroid_per_speaker,0.2,0.8,4.5,0.37777777777777777,0.4,0.9636922425240122,0.9561821514091597,0.007510091114852457,10,90,10,90,0.0,train_calibrated,0.9845956535131999,0.0,nan,insufficient_train_impostor_trials_lt_1000
GTSinger_same_text_control,wavlm_l12,12,193,5,0,5,5,correct_sign_global,DE-Soprano-1;DE-Tenor-1;EN-Alto-2;FR-Tenor-1;IT-Bass-1;IT-Bass-2;JA-Soprano-1;KO-Soprano-1;KO-Tenor-1;ZH-Alto-1,full_test_singing_centroid_per_speaker,0.7,0.8,2.3,0.7785714285714286,0.3,0.9902806096197668,0.9829299665588522,0.007350643060914597,10,90,10,90,0.1,train_calibrated,0.9957758785064258,0.0,nan,insufficient_train_impostor_trials_lt_1000
GTSinger_same_text_control,wavlm_l12,12,193,10,0,10,10,raw,DE-Soprano-1;DE-Tenor-1;EN-Alto-2;FR-Tenor-1;IT-Bass-1;IT-Bass-2;JA-Soprano-1;KO-Soprano-1;KO-Tenor-1;ZH-Alto-1,full_test_singing_centroid_per_speaker,0.2,0.8,4.4,0.3827777777777778,0.4,0.9646657133900197,0.9571105143991697,0.007555198990849998,10,90,10,90,0.0,train_calibrated,0.9845956535131999,0.0,nan,insufficient_train_impostor_trials_lt_1000
GTSinger_same_text_control,wavlm_l12,12,193,10,0,10,10,correct_sign_global,DE-Soprano-1;DE-Tenor-1;EN-Alto-2;FR-Tenor-1;IT-Bass-1;IT-Bass-2;JA-Soprano-1;KO-Soprano-1;KO-Tenor-1;ZH-Alto-1,full_test_singing_centroid_per_speaker,0.6,0.8,2.3,0.730952380952381,0.3,0.9914570426679514,0.9840082744496752,0.007448768218276225,10,90,10,90,0.2,train_calibrated,0.9957758785064258,0.0,nan,insufficient_train_impostor_trials_lt_1000
GTSinger_same_text_control,wavlm_l12,12,193,full,0,93,103,raw,DE-Soprano-1;DE-Tenor-1;EN-Alto-2;FR-Tenor-1;IT-Bass-1;IT-Bass-2;JA-Soprano-1;KO-Soprano-1;KO-Tenor-1;ZH-Alto-1,full_test_singing_centroid_per_speaker,0.2,0.8,4.5,0.37777777777777777,0.4,0.9655729344219784,0.9581225419262426,0.007450392495735869,10,90,10,90,0.0,train_calibrated,0.9845956535131999,0.0,nan,insufficient_train_impostor_trials_lt_1000
GTSinger_same_text_control,wavlm_l12,12,193,full,0,93,103,correct_sign_global,DE-Soprano-1;DE-Tenor-1;EN-Alto-2;FR-Tenor-1;IT-Bass-1;IT-Bass-2;JA-Soprano-1;KO-Soprano-1;KO-Tenor-1;ZH-Alto-1,full_test_singing_centroid_per_speaker,0.6,0.8,2.4,0.7142857142857143,0.3,0.992023456761217,0.9846983706621092,0.007325086099107758,10,90,10,90,0.3,train_calibrated,0.9957758785064258,0.0,nan,insufficient_train_impostor_trials_lt_1000
GTSinger_same_text_control,wavlm_l12,12,197,1,0,1,1,raw,EN-Alto-2;EN-Tenor-1;FR-Tenor-1;IT-Bass-1;IT-Soprano-1;JA-Soprano-1;JA-Tenor-1;KO-Soprano-1;KO-Soprano-2;ZH-Alto-1,full_test_singing_centroid_per_speaker,0.1,0.7,4.5,0.35539682539682543,0.4166666666666667,0.9488481949987525,0.9415870009848236,0.007261194013928884,10,90,10,90,0.0,train_calibrated,0.9893871945915839,0.0,nan,insufficient_train_impostor_trials_lt_1000
GTSinger_same_text_control,wavlm_l12,12,197,1,0,1,1,correct_sign_global,EN-Alto-2;EN-Tenor-1;FR-Tenor-1;IT-Bass-1;IT-Soprano-1;JA-Soprano-1;JA-Tenor-1;KO-Soprano-1;KO-Soprano-2;ZH-Alto-1,full_test_singing_centroid_per_speaker,0.5,0.9,2.8,0.6277777777777778,0.3,0.979557460234853,0.9723821425994965,0.007175317635356504,10,90,10,90,0.0,train_calibrated,0.9957759798974729,0.0,nan,insufficient_train_impostor_trials_lt_1000
GTSinger_same_text_control,wavlm_l12,12,197,2,0,2,2,raw,EN-Alto-2;EN-Tenor-1;FR-Tenor-1;IT-Bass-1;IT-Soprano-1;JA-Soprano-1;JA-Tenor-1;KO-Soprano-1;KO-Soprano-2;ZH-Alto-1,full_test_singing_centroid_per_speaker,0.2,0.7,4.5,0.397063492063492,0.4,0.9537549251479487,0.9469398885534872,0.006815036594461477,10,90,10,90,0.0,train_calibrated,0.9893871945915839,0.0,nan,insufficient_train_impostor_trials_lt_1000
GTSinger_same_text_control,wavlm_l12,12,197,2,0,2,2,correct_sign_global,EN-Alto-2;EN-Tenor-1;FR-Tenor-1;IT-Bass-1;IT-Soprano-1;JA-Soprano-1;JA-Tenor-1;KO-Soprano-1;KO-Soprano-2;ZH-Alto-1,full_test_singing_centroid_per_speaker,0.6,0.7,3.1,0.6902777777777778,0.3222222222222222,0.9811782491283191,0.9744244272853875,0.006753821842931607,10,90,10,90,0.0,train_calibrated,0.9957759798974729,0.0,nan,insufficient_train_impostor_trials_lt_1000
GTSinger_same_text_control,wavlm_l12,12,197,5,0,5,5,raw,EN-Alto-2;EN-Tenor-1;FR-Tenor-1;IT-Bass-1;IT-Soprano-1;JA-Soprano-1;JA-Tenor-1;KO-Soprano-1;KO-Soprano-2;ZH-Alto-1,full_test_singing_centroid_per_speaker,0.2,0.7,4.6,0.3803968253968254,0.4,0.9608704232581836,0.9536860927488473,0.007184330509336312,10,90,10,90,0.0,train_calibrated,0.9893871945915839,0.0,nan,insufficient_train_impostor_trials_lt_1000
GTSinger_same_text_control,wavlm_l12,12,197,5,0,5,5,correct_sign_global,EN-Alto-2;EN-Tenor-1;FR-Tenor-1;IT-Bass-1;IT-Soprano-1;JA-Soprano-1;JA-Tenor-1;KO-Soprano-1;KO-Soprano-2;ZH-Alto-1,full_test_singing_centroid_per_speaker,0.7,0.8,2.6,0.7587301587301587,0.3,0.9899500909715668,0.9828419835101624,0.007108107461404445,10,90,10,90,0.1,train_calibrated,0.9957759798974729,0.0,nan,insufficient_train_impostor_trials_lt_1000
GTSinger_same_text_control,wavlm_l12,12,197,10,0,10,10,raw,EN-Alto-2;EN-Tenor-1;FR-Tenor-1;IT-Bass-1;IT-Soprano-1;JA-Soprano-1;JA-Tenor-1;KO-Soprano-1;KO-Soprano-2;ZH-Alto-1,full_test_singing_centroid_per_speaker,0.2,0.7,4.8,0.3670634920634921,0.4,0.9610242312657065,0.9539393760782635,0.007084855187442951,10,90,10,90,0.0,train_calibrated,0.9893871945915839,0.0,nan,insufficient_train_impostor_trials_lt_1000
GTSinger_same_text_control,wavlm_l12,12,197,10,0,10,10,correct_sign_global,EN-Alto-2;EN-Tenor-1;FR-Tenor-1;IT-Bass-1;IT-Soprano-1;JA-Soprano-1;JA-Tenor-1;KO-Soprano-1;KO-Soprano-2;ZH-Alto-1,full_test_singing_centroid_per_speaker,0.7,0.8,2.8,0.7466666666666667,0.3,0.9896053434711718,0.9825722217707967,0.007033121700375067,10,90,10,90,0.0,train_calibrated,0.9957759798974729,0.0,nan,insufficient_train_impostor_trials_lt_1000
GTSinger_same_text_control,wavlm_l12,12,197,full,0,81,104,raw,EN-Alto-2;EN-Tenor-1;FR-Tenor-1;IT-Bass-1;IT-Soprano-1;JA-Soprano-1;JA-Tenor-1;KO-Soprano-1;KO-Soprano-2;ZH-Alto-1,full_test_singing_centroid_per_speaker,0.2,0.7,4.6,0.3803968253968254,0.4,0.9634149220534176,0.956333776609599,0.007081145443818659,10,90,10,90,0.0,train_calibrated,0.9893871945915839,0.0,nan,insufficient_train_impostor_trials_lt_1000
GTSinger_same_text_control,wavlm_l12,12,197,full,0,81,104,correct_sign_global,EN-Alto-2;EN-Tenor-1;FR-Tenor-1;IT-Bass-1;IT-Soprano-1;JA-Soprano-1;JA-Tenor-1;KO-Soprano-1;KO-Soprano-2;ZH-Alto-1,full_test_singing_centroid_per_speaker,0.7,0.8,2.5,0.7611111111111112,0.3,0.9914848517631984,0.9844794245563452,0.007005427206853265,10,90,10,90,0.2,train_calibrated,0.9957759798974729,0.0,nan,insufficient_train_impostor_trials_lt_1000
GTSinger_same_text_control,wavlm_l12,12,199,1,0,1,1,raw,DE-Tenor-1;EN-Alto-1;FR-Soprano-1;IT-Bass-2;IT-Soprano-1;JA-Soprano-1;JA-Tenor-1;KO-Soprano-2;KO-Tenor-1;ZH-Alto-1,full_test_singing_centroid_per_speaker,0.2,0.7,4.4,0.3911111111111111,0.5,0.9438037564179537,0.9380161461870693,0.005787610230884366,10,90,10,90,0.0,train_calibrated,0.9923185442948536,0.0,nan,insufficient_train_impostor_trials_lt_1000
GTSinger_same_text_control,wavlm_l12,12,199,1,0,1,1,correct_sign_global,DE-Tenor-1;EN-Alto-1;FR-Soprano-1;IT-Bass-2;IT-Soprano-1;JA-Soprano-1;JA-Tenor-1;KO-Soprano-2;KO-Tenor-1;ZH-Alto-1,full_test_singing_centroid_per_speaker,0.7,0.8,2.9,0.7474999999999999,0.4,0.9733476289513245,0.967807904809394,0.005539724141930491,10,90,10,90,0.0,train_calibrated,0.9950636105238565,0.0,nan,insufficient_train_impostor_trials_lt_1000
GTSinger_same_text_control,wavlm_l12,12,199,2,0,2,2,raw,DE-Tenor-1;EN-Alto-1;FR-Soprano-1;IT-Bass-2;IT-Soprano-1;JA-Soprano-1;JA-Tenor-1;KO-Soprano-2;KO-Tenor-1;ZH-Alto-1,full_test_singing_centroid_per_speaker,0.2,0.7,4.3,0.3961111111111111,0.3,0.9622959808759646,0.9558561853943404,0.006439795481624211,10,90,10,90,0.0,train_calibrated,0.9923185442948536,0.0,nan,insufficient_train_impostor_trials_lt_1000
GTSinger_same_text_control,wavlm_l12,12,199,2,0,2,2,correct_sign_global,DE-Tenor-1;EN-Alto-1;FR-Soprano-1;IT-Bass-2;IT-Soprano-1;JA-Soprano-1;JA-Tenor-1;KO-Soprano-2;KO-Tenor-1;ZH-Alto-1,full_test_singing_centroid_per_speaker,0.8,0.9,2.2,0.8311111111111111,0.2944444444444444,0.9880127384420417,0.9816873306970653,0.0063254077449764745,10,90,10,90,0.0,train_calibrated,0.9950636105238565,0.0,nan,insufficient_train_impostor_trials_lt_1000
GTSinger_same_text_control,wavlm_l12,12,199,5,0,5,5,raw,DE-Tenor-1;EN-Alto-1;FR-Soprano-1;IT-Bass-2;IT-Soprano-1;JA-Soprano-1;JA-Tenor-1;KO-Soprano-2;KO-Tenor-1;ZH-Alto-1,full_test_singing_centroid_per_speaker,0.2,0.7,4.4,0.3911111111111111,0.4,0.9615280759056809,0.9557278909342009,0.005800184971480049,10,90,10,90,0.0,train_calibrated,0.9923185442948536,0.0,nan,insufficient_train_impostor_trials_lt_1000
GTSinger_same_text_control,wavlm_l12,12,199,5,0,5,5,correct_sign_global,DE-Tenor-1;EN-Alto-1;FR-Soprano-1;IT-Bass-2;IT-Soprano-1;JA-Soprano-1;JA-Tenor-1;KO-Soprano-2;KO-Tenor-1;ZH-Alto-1,full_test_singing_centroid_per_speaker,0.8,0.8,2.5,0.8236111111111111,0.3,0.9892885543237024,0.9835866769980869,0.005701877325615556,10,90,10,90,0.4,train_calibrated,0.9950636105238565,0.0,nan,insufficient_train_impostor_trials_lt_1000
GTSinger_same_text_control,wavlm_l12,12,199,10,0,10,10,raw,DE-Tenor-1;EN-Alto-1;FR-Soprano-1;IT-Bass-2;IT-Soprano-1;JA-Soprano-1;JA-Tenor-1;KO-Soprano-2;KO-Tenor-1;ZH-Alto-1,full_test_singing_centroid_per_speaker,0.2,0.7,4.5,0.3827777777777778,0.4,0.9634008110707086,0.9572424476450065,0.006158363425702085,10,90,10,90,0.0,train_calibrated,0.9923185442948536,0.0,nan,insufficient_train_impostor_trials_lt_1000
GTSinger_same_text_control,wavlm_l12,12,199,10,0,10,10,correct_sign_global,DE-Tenor-1;EN-Alto-1;FR-Soprano-1;IT-Bass-2;IT-Soprano-1;JA-Soprano-1;JA-Tenor-1;KO-Soprano-2;KO-Tenor-1;ZH-Alto-1,full_test_singing_centroid_per_speaker,0.8,0.8,2.3,0.8277777777777778,0.3,0.9908132605998532,0.9848292033569687,0.005984057242884533,10,90,10,90,0.3,train_calibrated,0.9950636105238565,0.0,nan,insufficient_train_impostor_trials_lt_1000
GTSinger_same_text_control,wavlm_l12,12,199,full,0,81,106,raw,DE-Tenor-1;EN-Alto-1;FR-Soprano-1;IT-Bass-2;IT-Soprano-1;JA-Soprano-1;JA-Tenor-1;KO-Soprano-2;KO-Tenor-1;ZH-Alto-1,full_test_singing_centroid_per_speaker,0.2,0.7,4.5,0.3827777777777778,0.4,0.9639851337011208,0.9578690225218016,0.006116111179319206,10,90,10,90,0.0,train_calibrated,0.9923185442948536,0.0,nan,insufficient_train_impostor_trials_lt_1000
GTSinger_same_text_control,wavlm_l12,12,199,full,0,81,106,correct_sign_global,DE-Tenor-1;EN-Alto-1;FR-Soprano-1;IT-Bass-2;IT-Soprano-1;JA-Soprano-1;JA-Tenor-1;KO-Soprano-2;KO-Tenor-1;ZH-Alto-1,full_test_singing_centroid_per_speaker,0.8,0.8,2.3,0.8277777777777778,0.3,0.991871608019955,0.9858733894302639,0.005998218589691073,10,90,10,90,0.6,train_calibrated,0.9950636105238565,0.0,nan,insufficient_train_impostor_trials_lt_1000
GTSinger_same_text_control,wavlm_l12,12,211,1,0,1,1,raw,DE-Tenor-1;EN-Tenor-1;ES-Soprano-1;FR-Tenor-1;IT-Bass-1;IT-Bass-2;IT-Soprano-1;JA-Soprano-1;KO-Soprano-1;ZH-Tenor-1,full_test_singing_centroid_per_speaker,0.2,0.7,4.0,0.4567857142857143,0.37777777777777777,0.950930685443039,0.9428648397344228,0.008065845708616237,10,90,10,90,0.0,train_calibrated,0.9893871945915839,0.0,nan,insufficient_train_impostor_trials_lt_1000
GTSinger_same_text_control,wavlm_l12,12,211,1,0,1,1,correct_sign_global,DE-Tenor-1;EN-Tenor-1;ES-Soprano-1;FR-Tenor-1;IT-Bass-1;IT-Bass-2;IT-Soprano-1;JA-Soprano-1;KO-Soprano-1;ZH-Tenor-1,full_test_singing_centroid_per_speaker,0.8,0.8,2.5,0.8242857142857144,0.4,0.9799167892768124,0.9718538450256832,0.00806294425112919,10,90,10,90,0.0,train_calibrated,0.9953164051800453,0.0,nan,insufficient_train_impostor_trials_lt_1000
GTSinger_same_text_control,wavlm_l12,12,211,2,0,2,2,raw,DE-Tenor-1;EN-Tenor-1;ES-Soprano-1;FR-Tenor-1;IT-Bass-1;IT-Bass-2;IT-Soprano-1;JA-Soprano-1;KO-Soprano-1;ZH-Tenor-1,full_test_singing_centroid_per_speaker,0.2,0.7,4.4,0.4253968253968254,0.5,0.9594095180433102,0.9529131405824152,0.006496377460895042,10,90,10,90,0.0,train_calibrated,0.9893871945915839,0.0,nan,insufficient_train_impostor_trials_lt_1000
GTSinger_same_text_control,wavlm_l12,12,211,2,0,2,2,correct_sign_global,DE-Tenor-1;EN-Tenor-1;ES-Soprano-1;FR-Tenor-1;IT-Bass-1;IT-Bass-2;IT-Soprano-1;JA-Soprano-1;KO-Soprano-1;ZH-Tenor-1,full_test_singing_centroid_per_speaker,0.6,0.8,2.4,0.7291666666666666,0.3,0.9870461061024518,0.9805405001888734,0.006505605913578405,10,90,10,90,0.0,train_calibrated,0.9953164051800453,0.0,nan,insufficient_train_impostor_trials_lt_1000
GTSinger_same_text_control,wavlm_l12,12,211,5,0,5,5,raw,DE-Tenor-1;EN-Tenor-1;ES-Soprano-1;FR-Tenor-1;IT-Bass-1;IT-Bass-2;IT-Soprano-1;JA-Soprano-1;KO-Soprano-1;ZH-Tenor-1,full_test_singing_centroid_per_speaker,0.1,0.7,4.3,0.3817857142857143,0.5,0.9625797082630646,0.9555384655688859,0.007041242694178718,10,90,10,90,0.0,train_calibrated,0.9893871945915839,0.0,nan,insufficient_train_impostor_trials_lt_1000
GTSinger_same_text_control,wavlm_l12,12,211,5,0,5,5,correct_sign_global,DE-Tenor-1;EN-Tenor-1;ES-Soprano-1;FR-Tenor-1;IT-Bass-1;IT-Bass-2;IT-Soprano-1;JA-Soprano-1;KO-Soprano-1;ZH-Tenor-1,full_test_singing_centroid_per_speaker,0.7,0.9,2.0,0.7892857142857143,0.3,0.9900738041060467,0.9830385332217798,0.00703527088426692,10,90,10,90,0.2,train_calibrated,0.9953164051800453,0.0,nan,insufficient_train_impostor_trials_lt_1000
GTSinger_same_text_control,wavlm_l12,12,211,10,0,10,10,raw,DE-Tenor-1;EN-Tenor-1;ES-Soprano-1;FR-Tenor-1;IT-Bass-1;IT-Bass-2;IT-Soprano-1;JA-Soprano-1;KO-Soprano-1;ZH-Tenor-1,full_test_singing_centroid_per_speaker,0.1,0.5,4.7,0.3677380952380952,0.5,0.962080035764734,0.9557725467411493,0.006307489023584689,10,90,10,90,0.0,train_calibrated,0.9893871945915839,0.0,nan,insufficient_train_impostor_trials_lt_1000
GTSinger_same_text_control,wavlm_l12,12,211,10,0,10,10,correct_sign_global,DE-Tenor-1;EN-Tenor-1;ES-Soprano-1;FR-Tenor-1;IT-Bass-1;IT-Bass-2;IT-Soprano-1;JA-Soprano-1;KO-Soprano-1;ZH-Tenor-1,full_test_singing_centroid_per_speaker,0.6,0.8,2.5,0.7125,0.3,0.9900149153818024,0.9836941674742693,0.00632074790753312,10,90,10,90,0.1,train_calibrated,0.9953164051800453,0.0,nan,insufficient_train_impostor_trials_lt_1000
GTSinger_same_text_control,wavlm_l12,12,211,full,0,81,103,raw,DE-Tenor-1;EN-Tenor-1;ES-Soprano-1;FR-Tenor-1;IT-Bass-1;IT-Bass-2;IT-Soprano-1;JA-Soprano-1;KO-Soprano-1;ZH-Tenor-1,full_test_singing_centroid_per_speaker,0.1,0.5,4.6,0.37011904761904757,0.5,0.9644742795708339,0.9578554998209599,0.006618779749874015,10,90,10,90,0.0,train_calibrated,0.9893871945915839,0.0,nan,insufficient_train_impostor_trials_lt_1000
GTSinger_same_text_control,wavlm_l12,12,211,full,0,81,103,correct_sign_global,DE-Tenor-1;EN-Tenor-1;ES-Soprano-1;FR-Tenor-1;IT-Bass-1;IT-Bass-2;IT-Soprano-1;JA-Soprano-1;KO-Soprano-1;ZH-Tenor-1,full_test_singing_centroid_per_speaker,0.6,0.8,2.3,0.7309523809523809,0.3,0.9917839020869893,0.9851639045423812,0.0066199975446080694,10,90,10,90,0.3,train_calibrated,0.9953164051800453,0.0,nan,insufficient_train_impostor_trials_lt_1000
GTSinger_same_text_control,wavlm_l12,12,223,1,0,1,1,raw,DE-Tenor-1;EN-Alto-1;ES-Bass-1;FR-Soprano-1;FR-Tenor-1;IT-Bass-1;JA-Soprano-1;KO-Soprano-1;RU-Alto-1;ZH-Tenor-1,full_test_singing_centroid_per_speaker,0.3,0.7,4.4,0.44111111111111106,0.40555555555555556,0.9587673091646624,0.9525645959225472,0.006202713242115188,10,90,10,90,0.0,train_calibrated,0.9820305716358001,0.0,nan,insufficient_train_impostor_trials_lt_1000
GTSinger_same_text_control,wavlm_l12,12,223,1,0,1,1,correct_sign_global,DE-Tenor-1;EN-Alto-1;ES-Bass-1;FR-Soprano-1;FR-Tenor-1;IT-Bass-1;JA-Soprano-1;KO-Soprano-1;RU-Alto-1;ZH-Tenor-1,full_test_singing_centroid_per_speaker,0.6,0.9,1.8,0.7666666666666666,0.20555555555555555,0.9820031173453263,0.9758120185075537,0.0061910988377725795,10,90,10,90,0.0,train_calibrated,0.9954476600433811,0.0,nan,insufficient_train_impostor_trials_lt_1000
GTSinger_same_text_control,wavlm_l12,12,223,2,0,2,2,raw,DE-Tenor-1;EN-Alto-1;ES-Bass-1;FR-Soprano-1;FR-Tenor-1;IT-Bass-1;JA-Soprano-1;KO-Soprano-1;RU-Alto-1;ZH-Tenor-1,full_test_singing_centroid_per_speaker,0.3,0.8,4.1,0.4416666666666667,0.3111111111111111,0.9675929099170378,0.9605276998939607,0.00706521002307714,10,90,10,90,0.0,train_calibrated,0.9820305716358001,0.0,nan,insufficient_train_impostor_trials_lt_1000
GTSinger_same_text_control,wavlm_l12,12,223,2,0,2,2,correct_sign_global,DE-Tenor-1;EN-Alto-1;ES-Bass-1;FR-Soprano-1;FR-Tenor-1;IT-Bass-1;JA-Soprano-1;KO-Soprano-1;RU-Alto-1;ZH-Tenor-1,full_test_singing_centroid_per_speaker,0.7,1.0,1.9,0.79,0.18888888888888888,0.9873549124619556,0.9804692105831262,0.00688570187882942,10,90,10,90,0.0,train_calibrated,0.9954476600433811,0.0,nan,insufficient_train_impostor_trials_lt_1000
GTSinger_same_text_control,wavlm_l12,12,223,5,0,5,5,raw,DE-Tenor-1;EN-Alto-1;ES-Bass-1;FR-Soprano-1;FR-Tenor-1;IT-Bass-1;JA-Soprano-1;KO-Soprano-1;RU-Alto-1;ZH-Tenor-1,full_test_singing_centroid_per_speaker,0.3,0.8,4.1,0.4416666666666667,0.3,0.9693925297013768,0.9622524134354137,0.0071401162659631146,10,90,10,90,0.1,train_calibrated,0.9820305716358001,0.0,nan,insufficient_train_impostor_trials_lt_1000
GTSinger_same_text_control,wavlm_l12,12,223,5,0,5,5,correct_sign_global,DE-Tenor-1;EN-Alto-1;ES-Bass-1;FR-Soprano-1;FR-Tenor-1;IT-Bass-1;JA-Soprano-1;KO-Soprano-1;RU-Alto-1;ZH-Tenor-1,full_test_singing_centroid_per_speaker,0.7,1.0,1.8,0.7866666666666666,0.2,0.9909161526741797,0.9839146808235814,0.007001471850598295,10,90,10,90,0.0,train_calibrated,0.9954476600433811,0.0,nan,insufficient_train_impostor_trials_lt_1000
GTSinger_same_text_control,wavlm_l12,12,223,10,0,10,10,raw,DE-Tenor-1;EN-Alto-1;ES-Bass-1;FR-Soprano-1;FR-Tenor-1;IT-Bass-1;JA-Soprano-1;KO-Soprano-1;RU-Alto-1;ZH-Tenor-1,full_test_singing_centroid_per_speaker,0.3,0.7,4.3,0.43916666666666676,0.31666666666666665,0.9709124502089953,0.9639298963477694,0.006982553861225926,10,90,10,90,0.2,train_calibrated,0.9820305716358001,0.0,nan,insufficient_train_impostor_trials_lt_1000
GTSinger_same_text_control,wavlm_l12,12,223,10,0,10,10,correct_sign_global,DE-Tenor-1;EN-Alto-1;ES-Bass-1;FR-Soprano-1;FR-Tenor-1;IT-Bass-1;JA-Soprano-1;KO-Soprano-1;RU-Alto-1;ZH-Tenor-1,full_test_singing_centroid_per_speaker,0.6,1.0,1.4,0.8,0.1,0.991974424758457,0.9851668221252793,0.006807602633177701,10,90,10,90,0.0,train_calibrated,0.9954476600433811,0.0,nan,insufficient_train_impostor_trials_lt_1000
GTSinger_same_text_control,wavlm_l12,12,223,full,0,93,106,raw,DE-Tenor-1;EN-Alto-1;ES-Bass-1;FR-Soprano-1;FR-Tenor-1;IT-Bass-1;JA-Soprano-1;KO-Soprano-1;RU-Alto-1;ZH-Tenor-1,full_test_singing_centroid_per_speaker,0.3,0.7,4.4,0.4367857142857143,0.31666666666666665,0.9711975156455729,0.9642853750226101,0.006912140622962748,10,90,10,90,0.2,train_calibrated,0.9820305716358001,0.0,nan,insufficient_train_impostor_trials_lt_1000
GTSinger_same_text_control,wavlm_l12,12,223,full,0,93,106,correct_sign_global,DE-Tenor-1;EN-Alto-1;ES-Bass-1;FR-Soprano-1;FR-Tenor-1;IT-Bass-1;JA-Soprano-1;KO-Soprano-1;RU-Alto-1;ZH-Tenor-1,full_test_singing_centroid_per_speaker,0.7,1.0,1.5,0.8166666666666667,0.11666666666666667,0.9928742165726501,0.9860744437651776,0.0067997728074724595,10,90,10,90,0.1,train_calibrated,0.9954476600433811,0.0,nan,insufficient_train_impostor_trials_lt_1000
GTSinger_same_text_control,wavlm_l12,12,227,1,0,1,1,raw,DE-Tenor-1;EN-Alto-1;EN-Alto-2;ES-Soprano-1;IT-Bass-2;IT-Soprano-1;JA-Soprano-1;RU-Alto-1;ZH-Alto-1;ZH-Tenor-1,full_test_singing_centroid_per_speaker,0.3,0.7,4.4,0.4341666666666667,0.4,0.9555537882056531,0.948877200203424,0.006676588002229034,10,90,10,90,0.0,train_calibrated,0.9923185442948536,0.0,nan,insufficient_train_impostor_trials_lt_1000
GTSinger_same_text_control,wavlm_l12,12,227,1,0,1,1,correct_sign_global,DE-Tenor-1;EN-Alto-1;EN-Alto-2;ES-Soprano-1;IT-Bass-2;IT-Soprano-1;JA-Soprano-1;RU-Alto-1;ZH-Alto-1;ZH-Tenor-1,full_test_singing_centroid_per_speaker,0.6,1.0,1.7,0.7583333333333333,0.3,0.977637372773609,0.971025565789298,0.006611806984310964,10,90,10,90,0.0,train_calibrated,0.9947114749677705,0.0,nan,insufficient_train_impostor_trials_lt_1000
GTSinger_same_text_control,wavlm_l12,12,227,2,0,2,2,raw,DE-Tenor-1;EN-Alto-1;EN-Alto-2;ES-Soprano-1;IT-Bass-2;IT-Soprano-1;JA-Soprano-1;RU-Alto-1;ZH-Alto-1;ZH-Tenor-1,full_test_singing_centroid_per_speaker,0.3,0.7,4.4,0.4491666666666667,0.4,0.9651614266782887,0.9588314787175166,0.006329947960772131,10,90,10,90,0.0,train_calibrated,0.9923185442948536,0.0,nan,insufficient_train_impostor_trials_lt_1000
GTSinger_same_text_control,wavlm_l12,12,227,2,0,2,2,correct_sign_global,DE-Tenor-1;EN-Alto-1;EN-Alto-2;ES-Soprano-1;IT-Bass-2;IT-Soprano-1;JA-Soprano-1;RU-Alto-1;ZH-Alto-1;ZH-Tenor-1,full_test_singing_centroid_per_speaker,0.7,1.0,1.6,0.8083333333333332,0.31666666666666665,0.9862327532583146,0.9800321725393366,0.006200580718977999,10,90,10,90,0.0,train_calibrated,0.9947114749677705,0.0,nan,insufficient_train_impostor_trials_lt_1000
GTSinger_same_text_control,wavlm_l12,12,227,5,0,5,5,raw,DE-Tenor-1;EN-Alto-1;EN-Alto-2;ES-Soprano-1;IT-Bass-2;IT-Soprano-1;JA-Soprano-1;RU-Alto-1;ZH-Alto-1;ZH-Tenor-1,full_test_singing_centroid_per_speaker,0.2,0.7,4.4,0.40095238095238095,0.4,0.9659778717515124,0.9589199270780763,0.007057944673436123,10,90,10,90,0.0,train_calibrated,0.9923185442948536,0.0,nan,insufficient_train_impostor_trials_lt_1000
GTSinger_same_text_control,wavlm_l12,12,227,5,0,5,5,correct_sign_global,DE-Tenor-1;EN-Alto-1;EN-Alto-2;ES-Soprano-1;IT-Bass-2;IT-Soprano-1;JA-Soprano-1;RU-Alto-1;ZH-Alto-1;ZH-Tenor-1,full_test_singing_centroid_per_speaker,0.7,1.0,1.4,0.8333333333333333,0.3,0.9890269058580359,0.9821089069552289,0.006917998902806977,10,90,10,90,0.2,train_calibrated,0.9947114749677705,0.0,nan,insufficient_train_impostor_trials_lt_1000
GTSinger_same_text_control,wavlm_l12,12,227,10,0,10,10,raw,DE-Tenor-1;EN-Alto-1;EN-Alto-2;ES-Soprano-1;IT-Bass-2;IT-Soprano-1;JA-Soprano-1;RU-Alto-1;ZH-Alto-1;ZH-Tenor-1,full_test_singing_centroid_per_speaker,0.3,0.7,4.5,0.4325,0.3,0.9697131747396665,0.9629875255203753,0.0067256492192911965,10,90,10,90,0.0,train_calibrated,0.9923185442948536,0.0,nan,insufficient_train_impostor_trials_lt_1000
GTSinger_same_text_control,wavlm_l12,12,227,10,0,10,10,correct_sign_global,DE-Tenor-1;EN-Alto-1;EN-Alto-2;ES-Soprano-1;IT-Bass-2;IT-Soprano-1;JA-Soprano-1;RU-Alto-1;ZH-Alto-1;ZH-Tenor-1,full_test_singing_centroid_per_speaker,0.8,1.0,1.3,0.8833333333333332,0.2,0.9910548691491654,0.9844878230997133,0.00656704604945213,10,90,10,90,0.2,train_calibrated,0.9947114749677705,0.0,nan,insufficient_train_impostor_trials_lt_1000
GTSinger_same_text_control,wavlm_l12,12,227,full,0,81,103,raw,DE-Tenor-1;EN-Alto-1;EN-Alto-2;ES-Soprano-1;IT-Bass-2;IT-Soprano-1;JA-Soprano-1;RU-Alto-1;ZH-Alto-1;ZH-Tenor-1,full_test_singing_centroid_per_speaker,0.3,0.7,4.5,0.44678571428571434,0.3,0.9696705412879723,0.9627992460718474,0.00687129521612484,10,90,10,90,0.0,train_calibrated,0.9923185442948536,0.0,nan,insufficient_train_impostor_trials_lt_1000
GTSinger_same_text_control,wavlm_l12,12,227,full,0,81,103,correct_sign_global,DE-Tenor-1;EN-Alto-1;EN-Alto-2;ES-Soprano-1;IT-Bass-2;IT-Soprano-1;JA-Soprano-1;RU-Alto-1;ZH-Alto-1;ZH-Tenor-1,full_test_singing_centroid_per_speaker,0.9,1.0,1.2,0.9333333333333332,0.2,0.991981210952931,0.9852230079390993,0.006758203013831676,10,90,10,90,0.2,train_calibrated,0.9947114749677705,0.0,nan,insufficient_train_impostor_trials_lt_1000
GTSinger_same_text_control,wavlm_l12,12,229,1,0,1,1,raw,DE-Soprano-1;EN-Alto-1;EN-Alto-2;EN-Tenor-1;FR-Tenor-1;JA-Soprano-1;JA-Tenor-1;KO-Soprano-1;KO-Soprano-2;ZH-Tenor-1,full_test_singing_centroid_per_speaker,0.3,0.7,4.5,0.4569444444444444,0.48888888888888893,0.9556696639817425,0.9486482880791901,0.0070213759025523625,10,90,10,90,0.0,train_calibrated,0.9923185442948536,0.0,nan,insufficient_train_impostor_trials_lt_1000
GTSinger_same_text_control,wavlm_l12,12,229,1,0,1,1,correct_sign_global,DE-Soprano-1;EN-Alto-1;EN-Alto-2;EN-Tenor-1;FR-Tenor-1;JA-Soprano-1;JA-Tenor-1;KO-Soprano-1;KO-Soprano-2;ZH-Tenor-1,full_test_singing_centroid_per_speaker,0.8,0.9,2.0,0.8342857142857143,0.3,0.9826859209698116,0.9757336827499952,0.006952238219816387,10,90,10,90,0.0,train_calibrated,0.9951512823562341,0.0,nan,insufficient_train_impostor_trials_lt_1000
GTSinger_same_text_control,wavlm_l12,12,229,2,0,2,2,raw,DE-Soprano-1;EN-Alto-1;EN-Alto-2;EN-Tenor-1;FR-Tenor-1;JA-Soprano-1;JA-Tenor-1;KO-Soprano-1;KO-Soprano-2;ZH-Tenor-1,full_test_singing_centroid_per_speaker,0.3,0.7,4.5,0.45361111111111113,0.5,0.9579769152837301,0.9513694448151349,0.006607470468595222,10,90,10,90,0.0,train_calibrated,0.9923185442948536,0.0,nan,insufficient_train_impostor_trials_lt_1000
GTSinger_same_text_control,wavlm_l12,12,229,2,0,2,2,correct_sign_global,DE-Soprano-1;EN-Alto-1;EN-Alto-2;EN-Tenor-1;FR-Tenor-1;JA-Soprano-1;JA-Tenor-1;KO-Soprano-1;KO-Soprano-2;ZH-Tenor-1,full_test_singing_centroid_per_speaker,0.5,0.9,2.7,0.6599999999999999,0.4,0.9845204656125341,0.9779714514970418,0.006549014115492358,10,90,10,90,0.0,train_calibrated,0.9951512823562341,0.0,nan,insufficient_train_impostor_trials_lt_1000
GTSinger_same_text_control,wavlm_l12,12,229,5,0,5,5,raw,DE-Soprano-1;EN-Alto-1;EN-Alto-2;EN-Tenor-1;FR-Tenor-1;JA-Soprano-1;JA-Tenor-1;KO-Soprano-1;KO-Soprano-2;ZH-Tenor-1,full_test_singing_centroid_per_speaker,0.3,0.6,4.8,0.42861111111111105,0.5,0.9592066633127612,0.9526217595254973,0.0065849037872638405,10,90,10,90,0.0,train_calibrated,0.9923185442948536,0.0,nan,insufficient_train_impostor_trials_lt_1000
GTSinger_same_text_control,wavlm_l12,12,229,5,0,5,5,correct_sign_global,DE-Soprano-1;EN-Alto-1;EN-Alto-2;EN-Tenor-1;FR-Tenor-1;JA-Soprano-1;JA-Tenor-1;KO-Soprano-1;KO-Soprano-2;ZH-Tenor-1,full_test_singing_centroid_per_speaker,0.7,0.9,2.3,0.7766666666666666,0.3,0.986982187555174,0.9804573054645013,0.006524882090672701,10,90,10,90,0.1,train_calibrated,0.9951512823562341,0.0,nan,insufficient_train_impostor_trials_lt_1000
GTSinger_same_text_control,wavlm_l12,12,229,10,0,10,10,raw,DE-Soprano-1;EN-Alto-1;EN-Alto-2;EN-Tenor-1;FR-Tenor-1;JA-Soprano-1;JA-Tenor-1;KO-Soprano-1;KO-Soprano-2;ZH-Tenor-1,full_test_singing_centroid_per_speaker,0.3,0.7,4.6,0.44861111111111107,0.4,0.9639619191256651,0.9571701591046424,0.006791760021022664,10,90,10,90,0.0,train_calibrated,0.9923185442948536,0.0,nan,insufficient_train_impostor_trials_lt_1000
GTSinger_same_text_control,wavlm_l12,12,229,10,0,10,10,correct_sign_global,DE-Soprano-1;EN-Alto-1;EN-Alto-2;EN-Tenor-1;FR-Tenor-1;JA-Soprano-1;JA-Tenor-1;KO-Soprano-1;KO-Soprano-2;ZH-Tenor-1,full_test_singing_centroid_per_speaker,0.7,0.9,2.0,0.8111111111111111,0.2833333333333333,0.9905927469765559,0.9838731168616668,0.006719630114889075,10,90,10,90,0.2,train_calibrated,0.9951512823562341,0.0,nan,insufficient_train_impostor_trials_lt_1000
GTSinger_same_text_control,wavlm_l12,12,229,full,0,93,104,raw,DE-Soprano-1;EN-Alto-1;EN-Alto-2;EN-Tenor-1;FR-Tenor-1;JA-Soprano-1;JA-Tenor-1;KO-Soprano-1;KO-Soprano-2;ZH-Tenor-1,full_test_singing_centroid_per_speaker,0.3,0.7,4.7,0.44361111111111107,0.4,0.9647747907549867,0.9580738088412997,0.006700981913687065,10,90,10,90,0.0,train_calibrated,0.9923185442948536,0.0,nan,insufficient_train_impostor_trials_lt_1000
GTSinger_same_text_control,wavlm_l12,12,229,full,0,93,104,correct_sign_global,DE-Soprano-1;EN-Alto-1;EN-Alto-2;EN-Tenor-1;FR-Tenor-1;JA-Soprano-1;JA-Tenor-1;KO-Soprano-1;KO-Soprano-2;ZH-Tenor-1,full_test_singing_centroid_per_speaker,0.7,0.9,2.1,0.7944444444444445,0.2833333333333333,0.9918216100138819,0.9851724171292866,0.006649192884595312,10,90,10,90,0.2,train_calibrated,0.9951512823562341,0.0,nan,insufficient_train_impostor_trials_lt_1000
GTSinger_same_text_control,wavlm_l12,12,233,1,0,1,1,raw,EN-Alto-2;ES-Bass-1;ES-Soprano-1;IT-Soprano-1;JA-Soprano-1;JA-Tenor-1;KO-Soprano-1;KO-Tenor-1;RU-Alto-1;ZH-Alto-1,full_test_singing_centroid_per_speaker,0.2,0.7,4.5,0.3901190476190476,0.4,0.9587973470891573,0.9520832169321309,0.006714130157026377,10,90,10,90,0.0,train_calibrated,0.9842778304458347,0.0,nan,insufficient_train_impostor_trials_lt_1000
GTSinger_same_text_control,wavlm_l12,12,233,1,0,1,1,correct_sign_global,EN-Alto-2;ES-Bass-1;ES-Soprano-1;IT-Soprano-1;JA-Soprano-1;JA-Tenor-1;KO-Soprano-1;KO-Tenor-1;RU-Alto-1;ZH-Alto-1,full_test_singing_centroid_per_speaker,0.8,0.9,2.0,0.86,0.3,0.982764987620158,0.9762364801694778,0.006528507450680121,10,90,10,90,0.0,train_calibrated,0.9945914526465378,0.0,nan,insufficient_train_impostor_trials_lt_1000
GTSinger_same_text_control,wavlm_l12,12,233,2,0,2,2,raw,EN-Alto-2;ES-Bass-1;ES-Soprano-1;IT-Soprano-1;JA-Soprano-1;JA-Tenor-1;KO-Soprano-1;KO-Tenor-1;RU-Alto-1;ZH-Alto-1,full_test_singing_centroid_per_speaker,0.3,0.6,4.7,0.4267857142857143,0.37777777777777777,0.9626410254922086,0.9575674761346363,0.005073549357572316,10,90,10,90,0.0,train_calibrated,0.9842778304458347,0.0,nan,insufficient_train_impostor_trials_lt_1000
GTSinger_same_text_control,wavlm_l12,12,233,2,0,2,2,correct_sign_global,EN-Alto-2;ES-Bass-1;ES-Soprano-1;IT-Soprano-1;JA-Soprano-1;JA-Tenor-1;KO-Soprano-1;KO-Tenor-1;RU-Alto-1;ZH-Alto-1,full_test_singing_centroid_per_speaker,0.8,0.9,2.2,0.835,0.2,0.9884223964665555,0.9834143187589192,0.005008077707636338,10,90,10,90,0.0,train_calibrated,0.9945914526465378,0.0,nan,insufficient_train_impostor_trials_lt_1000
GTSinger_same_text_control,wavlm_l12,12,233,5,0,5,5,raw,EN-Alto-2;ES-Bass-1;ES-Soprano-1;IT-Soprano-1;JA-Soprano-1;JA-Tenor-1;KO-Soprano-1;KO-Tenor-1;RU-Alto-1;ZH-Alto-1,full_test_singing_centroid_per_speaker,0.2,0.7,4.5,0.38428571428571423,0.3833333333333333,0.9671629999436773,0.9607183963976144,0.00644460354606291,10,90,10,90,0.0,train_calibrated,0.9842778304458347,0.0,nan,insufficient_train_impostor_trials_lt_1000
GTSinger_same_text_control,wavlm_l12,12,233,5,0,5,5,correct_sign_global,EN-Alto-2;ES-Bass-1;ES-Soprano-1;IT-Soprano-1;JA-Soprano-1;JA-Tenor-1;KO-Soprano-1;KO-Tenor-1;RU-Alto-1;ZH-Alto-1,full_test_singing_centroid_per_speaker,0.8,0.9,1.9,0.8458333333333332,0.3,0.9908673172406959,0.9845621539184541,0.006305163322241736,10,90,10,90,0.2,train_calibrated,0.9945914526465378,0.0,nan,insufficient_train_impostor_trials_lt_1000
GTSinger_same_text_control,wavlm_l12,12,233,10,0,10,10,raw,EN-Alto-2;ES-Bass-1;ES-Soprano-1;IT-Soprano-1;JA-Soprano-1;JA-Tenor-1;KO-Soprano-1;KO-Tenor-1;RU-Alto-1;ZH-Alto-1,full_test_singing_centroid_per_speaker,0.2,0.7,4.6,0.3759523809523809,0.4,0.9676359849437948,0.9614438772937969,0.006192107649997891,10,90,10,90,0.1,train_calibrated,0.9842778304458347,0.0,nan,insufficient_train_impostor_trials_lt_1000
GTSinger_same_text_control,wavlm_l12,12,233,10,0,10,10,correct_sign_global,EN-Alto-2;ES-Bass-1;ES-Soprano-1;IT-Soprano-1;JA-Soprano-1;JA-Tenor-1;KO-Soprano-1;KO-Tenor-1;RU-Alto-1;ZH-Alto-1,full_test_singing_centroid_per_speaker,0.8,0.9,1.9,0.8458333333333332,0.2,0.9919372225064966,0.9858345238242109,0.006102698682285745,10,90,10,90,0.3,train_calibrated,0.9945914526465378,0.0,nan,insufficient_train_impostor_trials_lt_1000
GTSinger_same_text_control,wavlm_l12,12,233,full,0,81,104,raw,EN-Alto-2;ES-Bass-1;ES-Soprano-1;IT-Soprano-1;JA-Soprano-1;JA-Tenor-1;KO-Soprano-1;KO-Tenor-1;RU-Alto-1;ZH-Alto-1,full_test_singing_centroid_per_speaker,0.2,0.7,4.5,0.38428571428571423,0.3222222222222222,0.9685316174230021,0.9624878204118761,0.006043797011126006,10,90,10,90,0.1,train_calibrated,0.9842778304458347,0.0,nan,insufficient_train_impostor_trials_lt_1000
GTSinger_same_text_control,wavlm_l12,12,233,full,0,81,104,correct_sign_global,EN-Alto-2;ES-Bass-1;ES-Soprano-1;IT-Soprano-1;JA-Soprano-1;JA-Tenor-1;KO-Soprano-1;KO-Tenor-1;RU-Alto-1;ZH-Alto-1,full_test_singing_centroid_per_speaker,0.8,0.9,2.1,0.8433333333333334,0.2,0.9927903748172945,0.9868504698063422,0.005939905010952318,10,90,10,90,0.4,train_calibrated,0.9945914526465378,0.0,nan,insufficient_train_impostor_trials_lt_1000
GTSinger_same_text_control,wavlm_l12,12,239,1,0,1,1,raw,DE-Soprano-1;EN-Alto-1;EN-Alto-2;ES-Bass-1;ES-Soprano-1;JA-Soprano-1;JA-Tenor-1;KO-Tenor-1;RU-Alto-1;ZH-Alto-1,full_test_singing_centroid_per_speaker,0.2,0.6,4.6,0.4076190476190476,0.4,0.9586107900330338,0.9523403695605493,0.006270420472484495,10,90,10,90,0.0,train_calibrated,0.9821075989289151,0.0,nan,insufficient_train_impostor_trials_lt_1000
GTSinger_same_text_control,wavlm_l12,12,239,1,0,1,1,correct_sign_global,DE-Soprano-1;EN-Alto-1;EN-Alto-2;ES-Bass-1;ES-Soprano-1;JA-Soprano-1;JA-Tenor-1;KO-Tenor-1;RU-Alto-1;ZH-Alto-1,full_test_singing_centroid_per_speaker,0.6,0.9,2.1,0.7309523809523809,0.3,0.9802037918722293,0.9739622205843189,0.0062415712879103635,10,90,10,90,0.0,train_calibrated,0.9948581788574763,0.0,nan,insufficient_train_impostor_trials_lt_1000
GTSinger_same_text_control,wavlm_l12,12,239,2,0,2,2,raw,DE-Soprano-1;EN-Alto-1;EN-Alto-2;ES-Bass-1;ES-Soprano-1;JA-Soprano-1;JA-Tenor-1;KO-Tenor-1;RU-Alto-1;ZH-Alto-1,full_test_singing_centroid_per_speaker,0.4,0.6,4.3,0.5094047619047619,0.4,0.964238104970924,0.9573848796319903,0.006853225338933733,10,90,10,90,0.1,train_calibrated,0.9821075989289151,0.0,nan,insufficient_train_impostor_trials_lt_1000
GTSinger_same_text_control,wavlm_l12,12,239,2,0,2,2,correct_sign_global,DE-Soprano-1;EN-Alto-1;EN-Alto-2;ES-Bass-1;ES-Soprano-1;JA-Soprano-1;JA-Tenor-1;KO-Tenor-1;RU-Alto-1;ZH-Alto-1,full_test_singing_centroid_per_speaker,0.7,1.0,1.7,0.8033333333333333,0.2833333333333333,0.9872397563362117,0.9805229567630548,0.006716799573156962,10,90,10,90,0.0,train_calibrated,0.9948581788574763,0.0,nan,insufficient_train_impostor_trials_lt_1000
GTSinger_same_text_control,wavlm_l12,12,239,5,0,5,5,raw,DE-Soprano-1;EN-Alto-1;EN-Alto-2;ES-Bass-1;ES-Soprano-1;JA-Soprano-1;JA-Tenor-1;KO-Tenor-1;RU-Alto-1;ZH-Alto-1,full_test_singing_centroid_per_speaker,0.3,0.6,4.5,0.4544047619047619,0.4166666666666667,0.968382169120256,0.9627736796302521,0.005608489490003921,10,90,10,90,0.2,train_calibrated,0.9821075989289151,0.0,nan,insufficient_train_impostor_trials_lt_1000
GTSinger_same_text_control,wavlm_l12,12,239,5,0,5,5,correct_sign_global,DE-Soprano-1;EN-Alto-1;EN-Alto-2;ES-Bass-1;ES-Soprano-1;JA-Soprano-1;JA-Tenor-1;KO-Tenor-1;RU-Alto-1;ZH-Alto-1,full_test_singing_centroid_per_speaker,0.8,0.9,2.2,0.835,0.3,0.9907791925363663,0.9853114510129776,0.005467741523388692,10,90,10,90,0.2,train_calibrated,0.9948581788574763,0.0,nan,insufficient_train_impostor_trials_lt_1000
GTSinger_same_text_control,wavlm_l12,12,239,10,0,10,10,raw,DE-Soprano-1;EN-Alto-1;EN-Alto-2;ES-Bass-1;ES-Soprano-1;JA-Soprano-1;JA-Tenor-1;KO-Tenor-1;RU-Alto-1;ZH-Alto-1,full_test_singing_centroid_per_speaker,0.4,0.6,4.4,0.5044047619047619,0.4,0.968809860249238,0.9621049488011925,0.006704911448045525,10,90,10,90,0.1,train_calibrated,0.9821075989289151,0.0,nan,insufficient_train_impostor_trials_lt_1000
GTSinger_same_text_control,wavlm_l12,12,239,10,0,10,10,correct_sign_global,DE-Soprano-1;EN-Alto-1;EN-Alto-2;ES-Bass-1;ES-Soprano-1;JA-Soprano-1;JA-Tenor-1;KO-Tenor-1;RU-Alto-1;ZH-Alto-1,full_test_singing_centroid_per_speaker,0.9,0.9,1.5,0.9166666666666667,0.2944444444444444,0.9915433378596731,0.9849849793914445,0.006558358468228609,10,90,10,90,0.2,train_calibrated,0.9948581788574763,0.0,nan,insufficient_train_impostor_trials_lt_1000
GTSinger_same_text_control,wavlm_l12,12,239,full,0,95,104,raw,DE-Soprano-1;EN-Alto-1;EN-Alto-2;ES-Bass-1;ES-Soprano-1;JA-Soprano-1;JA-Tenor-1;KO-Tenor-1;RU-Alto-1;ZH-Alto-1,full_test_singing_centroid_per_speaker,0.3,0.6,4.5,0.4576190476190476,0.40555555555555556,0.9700336299730663,0.963821417896559,0.006212212076507351,10,90,10,90,0.2,train_calibrated,0.9821075989289151,0.0,nan,insufficient_train_impostor_trials_lt_1000
GTSinger_same_text_control,wavlm_l12,12,239,full,0,95,104,correct_sign_global,DE-Soprano-1;EN-Alto-1;EN-Alto-2;ES-Bass-1;ES-Soprano-1;JA-Soprano-1;JA-Tenor-1;KO-Tenor-1;RU-Alto-1;ZH-Alto-1,full_test_singing_centroid_per_speaker,0.9,0.9,1.8,0.9111111111111111,0.2,0.9927304618064335,0.9866589086306911,0.006071553175742483,10,90,10,90,0.3,train_calibrated,0.9948581788574763,0.0,nan,insufficient_train_impostor_trials_lt_1000
GTSinger_same_text_control,wavlm_l12,12,241,1,0,1,1,raw,DE-Tenor-1;EN-Alto-2;EN-Tenor-1;ES-Bass-1;ES-Soprano-1;FR-Soprano-1;IT-Bass-2;RU-Alto-1;ZH-Alto-1;ZH-Tenor-1,full_test_singing_centroid_per_speaker,0.3,0.6,4.8,0.422063492063492,0.4111111111111111,0.9568270520625699,0.9494783231155632,0.007348728947006666,10,90,10,90,0.0,train_calibrated,0.9842778304458347,0.0,nan,insufficient_train_impostor_trials_lt_1000
GTSinger_same_text_control,wavlm_l12,12,241,1,0,1,1,correct_sign_global,DE-Tenor-1;EN-Alto-2;EN-Tenor-1;ES-Bass-1;ES-Soprano-1;FR-Soprano-1;IT-Bass-2;RU-Alto-1;ZH-Alto-1;ZH-Tenor-1,full_test_singing_centroid_per_speaker,0.6,0.9,1.9,0.75,0.3833333333333333,0.978934592525589,0.9716725374259556,0.007262055099633402,10,90,10,90,0.0,train_calibrated,0.995428763069248,0.0,nan,insufficient_train_impostor_trials_lt_1000
GTSinger_same_text_control,wavlm_l12,12,241,2,0,2,2,raw,DE-Tenor-1;EN-Alto-2;EN-Tenor-1;ES-Bass-1;ES-Soprano-1;FR-Soprano-1;IT-Bass-2;RU-Alto-1;ZH-Alto-1;ZH-Tenor-1,full_test_singing_centroid_per_speaker,0.2,0.6,4.4,0.38666666666666666,0.4,0.9647112057588096,0.9578602279139989,0.006850977844810702,10,90,10,90,0.0,train_calibrated,0.9842778304458347,0.0,nan,insufficient_train_impostor_trials_lt_1000
GTSinger_same_text_control,wavlm_l12,12,241,2,0,2,2,correct_sign_global,DE-Tenor-1;EN-Alto-2;EN-Tenor-1;ES-Bass-1;ES-Soprano-1;FR-Soprano-1;IT-Bass-2;RU-Alto-1;ZH-Alto-1;ZH-Tenor-1,full_test_singing_centroid_per_speaker,0.7,1.0,1.4,0.8333333333333333,0.3,0.9868238222126978,0.9800501173753665,0.006773704837331307,10,90,10,90,0.0,train_calibrated,0.995428763069248,0.0,nan,insufficient_train_impostor_trials_lt_1000
GTSinger_same_text_control,wavlm_l12,12,241,5,0,5,5,raw,DE-Tenor-1;EN-Alto-2;EN-Tenor-1;ES-Bass-1;ES-Soprano-1;FR-Soprano-1;IT-Bass-2;RU-Alto-1;ZH-Alto-1;ZH-Tenor-1,full_test_singing_centroid_per_speaker,0.3,0.6,4.7,0.4231746031746031,0.31666666666666665,0.9667736510186483,0.9600463548520678,0.006727296166580521,10,90,10,90,0.0,train_calibrated,0.9842778304458347,0.0,nan,insufficient_train_impostor_trials_lt_1000
GTSinger_same_text_control,wavlm_l12,12,241,5,0,5,5,correct_sign_global,DE-Tenor-1;EN-Alto-2;EN-Tenor-1;ES-Bass-1;ES-Soprano-1;FR-Soprano-1;IT-Bass-2;RU-Alto-1;ZH-Alto-1;ZH-Tenor-1,full_test_singing_centroid_per_speaker,0.8,1.0,1.6,0.85,0.1,0.9905533008118601,0.9839200184256468,0.006633282386213302,10,90,10,90,0.0,train_calibrated,0.995428763069248,0.0,nan,insufficient_train_impostor_trials_lt_1000
GTSinger_same_text_control,wavlm_l12,12,241,10,0,10,10,raw,DE-Tenor-1;EN-Alto-2;EN-Tenor-1;ES-Bass-1;ES-Soprano-1;FR-Soprano-1;IT-Bass-2;RU-Alto-1;ZH-Alto-1;ZH-Tenor-1,full_test_singing_centroid_per_speaker,0.2,0.6,4.6,0.38388888888888884,0.3222222222222222,0.9694205233184727,0.9621969780221574,0.0072235452963153035,10,90,10,90,0.1,train_calibrated,0.9842778304458347,0.0,nan,insufficient_train_impostor_trials_lt_1000
GTSinger_same_text_control,wavlm_l12,12,241,10,0,10,10,correct_sign_global,DE-Tenor-1;EN-Alto-2;EN-Tenor-1;ES-Bass-1;ES-Soprano-1;FR-Soprano-1;IT-Bass-2;RU-Alto-1;ZH-Alto-1;ZH-Tenor-1,full_test_singing_centroid_per_speaker,0.9,1.0,1.1,0.95,0.1,0.9915325085216032,0.9844354445698172,0.007097063951785998,10,90,10,90,0.0,train_calibrated,0.995428763069248,0.0,nan,insufficient_train_impostor_trials_lt_1000
GTSinger_same_text_control,wavlm_l12,12,241,full,0,94,106,raw,DE-Tenor-1;EN-Alto-2;EN-Tenor-1;ES-Bass-1;ES-Soprano-1;FR-Soprano-1;IT-Bass-2;RU-Alto-1;ZH-Alto-1;ZH-Tenor-1,full_test_singing_centroid_per_speaker,0.2,0.6,4.7,0.3788888888888889,0.3111111111111111,0.9699561187034693,0.9629904637970722,0.006965654906397112,10,90,10,90,0.1,train_calibrated,0.9842778304458347,0.0,nan,insufficient_train_impostor_trials_lt_1000
GTSinger_same_text_control,wavlm_l12,12,241,full,0,94,106,correct_sign_global,DE-Tenor-1;EN-Alto-2;EN-Tenor-1;ES-Bass-1;ES-Soprano-1;FR-Soprano-1;IT-Bass-2;RU-Alto-1;ZH-Alto-1;ZH-Tenor-1,full_test_singing_centroid_per_speaker,0.8,1.0,1.2,0.9,0.1,0.9928305742395539,0.985955861578979,0.006874712660574933,10,90,10,90,0.2,train_calibrated,0.995428763069248,0.0,nan,insufficient_train_impostor_trials_lt_1000
GTSinger_same_text_control,wavlm_l12,12,251,1,0,1,1,raw,DE-Tenor-1;EN-Alto-1;EN-Alto-2;ES-Bass-1;ES-Soprano-1;FR-Soprano-1;IT-Bass-2;JA-Soprano-1;KO-Soprano-1;RU-Alto-1,full_test_singing_centroid_per_speaker,0.3,0.6,4.6,0.44345238095238104,0.3111111111111111,0.9607827441183705,0.9552074455663073,0.005575298552063179,10,90,10,90,0.0,train_calibrated,0.9836031616561872,0.0,nan,insufficient_train_impostor_trials_lt_1000
GTSinger_same_text_control,wavlm_l12,12,251,1,0,1,1,correct_sign_global,DE-Tenor-1;EN-Alto-1;EN-Alto-2;ES-Bass-1;ES-Soprano-1;FR-Soprano-1;IT-Bass-2;JA-Soprano-1;KO-Soprano-1;RU-Alto-1,full_test_singing_centroid_per_speaker,0.5,1.0,2.1,0.6699999999999999,0.3,0.9805688849075971,0.975101262979304,0.005467621928293087,10,90,10,90,0.0,train_calibrated,0.9944085819059858,0.0,nan,insufficient_train_impostor_trials_lt_1000
GTSinger_same_text_control,wavlm_l12,12,251,2,0,2,2,raw,DE-Tenor-1;EN-Alto-1;EN-Alto-2;ES-Bass-1;ES-Soprano-1;FR-Soprano-1;IT-Bass-2;JA-Soprano-1;KO-Soprano-1;RU-Alto-1,full_test_singing_centroid_per_speaker,0.4,0.5,4.2,0.5076190476190476,0.3,0.9662881318111032,0.9604616961614653,0.005826435649637918,10,90,10,90,0.0,train_calibrated,0.9836031616561872,0.0,nan,insufficient_train_impostor_trials_lt_1000
GTSinger_same_text_control,wavlm_l12,12,251,2,0,2,2,correct_sign_global,DE-Tenor-1;EN-Alto-1;EN-Alto-2;ES-Bass-1;ES-Soprano-1;FR-Soprano-1;IT-Bass-2;JA-Soprano-1;KO-Soprano-1;RU-Alto-1,full_test_singing_centroid_per_speaker,0.7,1.0,1.7,0.8,0.2222222222222222,0.9866279653163049,0.9808618037244485,0.005766161591856389,10,90,10,90,0.0,train_calibrated,0.9944085819059858,0.0,nan,insufficient_train_impostor_trials_lt_1000
GTSinger_same_text_control,wavlm_l12,12,251,5,0,5,5,raw,DE-Tenor-1;EN-Alto-1;EN-Alto-2;ES-Bass-1;ES-Soprano-1;FR-Soprano-1;IT-Bass-2;JA-Soprano-1;KO-Soprano-1;RU-Alto-1,full_test_singing_centroid_per_speaker,0.3,0.5,4.6,0.4425,0.4,0.9681062803522377,0.9618656162977259,0.006240664054511735,10,90,10,90,0.1,train_calibrated,0.9836031616561872,0.0,nan,insufficient_train_impostor_trials_lt_1000
GTSinger_same_text_control,wavlm_l12,12,251,5,0,5,5,correct_sign_global,DE-Tenor-1;EN-Alto-1;EN-Alto-2;ES-Bass-1;ES-Soprano-1;FR-Soprano-1;IT-Bass-2;JA-Soprano-1;KO-Soprano-1;RU-Alto-1,full_test_singing_centroid_per_speaker,0.7,1.0,1.6,0.8083333333333332,0.2,0.9887783614694033,0.9827056516270428,0.006072709842360524,10,90,10,90,0.0,train_calibrated,0.9944085819059858,0.0,nan,insufficient_train_impostor_trials_lt_1000
GTSinger_same_text_control,wavlm_l12,12,251,10,0,10,10,raw,DE-Tenor-1;EN-Alto-1;EN-Alto-2;ES-Bass-1;ES-Soprano-1;FR-Soprano-1;IT-Bass-2;JA-Soprano-1;KO-Soprano-1;RU-Alto-1,full_test_singing_centroid_per_speaker,0.4,0.5,4.4,0.5044444444444445,0.3055555555555556,0.9702921186728586,0.9639177578223371,0.006374360850521454,10,90,10,90,0.1,train_calibrated,0.9836031616561872,0.0,nan,insufficient_train_impostor_trials_lt_1000
GTSinger_same_text_control,wavlm_l12,12,251,10,0,10,10,correct_sign_global,DE-Tenor-1;EN-Alto-1;EN-Alto-2;ES-Bass-1;ES-Soprano-1;FR-Soprano-1;IT-Bass-2;JA-Soprano-1;KO-Soprano-1;RU-Alto-1,full_test_singing_centroid_per_speaker,0.7,1.0,1.3,0.85,0.2,0.9909081571943291,0.9846349491925237,0.006273208001805419,10,90,10,90,0.1,train_calibrated,0.9944085819059858,0.0,nan,insufficient_train_impostor_trials_lt_1000
GTSinger_same_text_control,wavlm_l12,12,251,full,0,93,106,raw,DE-Tenor-1;EN-Alto-1;EN-Alto-2;ES-Bass-1;ES-Soprano-1;FR-Soprano-1;IT-Bass-2;JA-Soprano-1;KO-Soprano-1;RU-Alto-1,full_test_singing_centroid_per_speaker,0.3,0.5,4.4,0.45583333333333337,0.3111111111111111,0.9708075673171852,0.964630880081702,0.006176687235483258,10,90,10,90,0.2,train_calibrated,0.9836031616561872,0.0,nan,insufficient_train_impostor_trials_lt_1000
GTSinger_same_text_control,wavlm_l12,12,251,full,0,93,106,correct_sign_global,DE-Tenor-1;EN-Alto-1;EN-Alto-2;ES-Bass-1;ES-Soprano-1;FR-Soprano-1;IT-Bass-2;JA-Soprano-1;KO-Soprano-1;RU-Alto-1,full_test_singing_centroid_per_speaker,0.8,1.0,1.3,0.8833333333333332,0.2,0.9915997497507851,0.9854987854799804,0.006100964270804754,10,90,10,90,0.2,train_calibrated,0.9944085819059858,0.0,nan,insufficient_train_impostor_trials_lt_1000
GTSinger_same_text_control,wavlm_l12,12,257,1,0,1,1,raw,DE-Tenor-1;EN-Alto-1;EN-Tenor-1;ES-Soprano-1;IT-Bass-1;IT-Bass-2;IT-Soprano-1;JA-Soprano-1;KO-Soprano-1;ZH-Alto-1,full_test_singing_centroid_per_speaker,0.2,0.7,4.2,0.39623015873015877,0.4,0.9605972532790261,0.9544009481100619,0.006196305168964189,10,90,10,90,0.0,train_calibrated,0.9895896660160322,0.0,nan,insufficient_train_impostor_trials_lt_1000
GTSinger_same_text_control,wavlm_l12,12,257,1,0,1,1,correct_sign_global,DE-Tenor-1;EN-Alto-1;EN-Tenor-1;ES-Soprano-1;IT-Bass-1;IT-Bass-2;IT-Soprano-1;JA-Soprano-1;KO-Soprano-1;ZH-Alto-1,full_test_singing_centroid_per_speaker,0.5,1.0,1.9,0.6916666666666667,0.3,0.984678926371191,0.9785723528778417,0.00610657349334931,10,90,10,90,0.0,train_calibrated,0.9942049778118223,0.0,nan,insufficient_train_impostor_trials_lt_1000
GTSinger_same_text_control,wavlm_l12,12,257,2,0,2,2,raw,DE-Tenor-1;EN-Alto-1;EN-Tenor-1;ES-Soprano-1;IT-Bass-1;IT-Bass-2;IT-Soprano-1;JA-Soprano-1;KO-Soprano-1;ZH-Alto-1,full_test_singing_centroid_per_speaker,0.1,0.7,4.1,0.35694444444444445,0.4,0.9615432244419928,0.9550922787071395,0.006450945734853275,10,90,10,90,0.0,train_calibrated,0.9895896660160322,0.0,nan,insufficient_train_impostor_trials_lt_1000
GTSinger_same_text_control,wavlm_l12,12,257,2,0,2,2,correct_sign_global,DE-Tenor-1;EN-Alto-1;EN-Tenor-1;ES-Soprano-1;IT-Bass-1;IT-Bass-2;IT-Soprano-1;JA-Soprano-1;KO-Soprano-1;ZH-Alto-1,full_test_singing_centroid_per_speaker,0.5,0.9,2.2,0.6866666666666668,0.3,0.9866968028845262,0.9803375435200254,0.006359259364500769,10,90,10,90,0.0,train_calibrated,0.9942049778118223,0.0,nan,insufficient_train_impostor_trials_lt_1000
GTSinger_same_text_control,wavlm_l12,12,257,5,0,5,5,raw,DE-Tenor-1;EN-Alto-1;EN-Tenor-1;ES-Soprano-1;IT-Bass-1;IT-Bass-2;IT-Soprano-1;JA-Soprano-1;KO-Soprano-1;ZH-Alto-1,full_test_singing_centroid_per_speaker,0.2,0.8,4.4,0.3752777777777778,0.4,0.9640514292775801,0.9569636948272664,0.007087734450313743,10,90,10,90,0.0,train_calibrated,0.9895896660160322,0.0,nan,insufficient_train_impostor_trials_lt_1000
GTSinger_same_text_control,wavlm_l12,12,257,5,0,5,5,correct_sign_global,DE-Tenor-1;EN-Alto-1;EN-Tenor-1;ES-Soprano-1;IT-Bass-1;IT-Bass-2;IT-Soprano-1;JA-Soprano-1;KO-Soprano-1;ZH-Alto-1,full_test_singing_centroid_per_speaker,0.7,1.0,1.5,0.825,0.2,0.9902468419243453,0.9832520403445612,0.00699480157978416,10,90,10,90,0.3,train_calibrated,0.9942049778118223,0.0,nan,insufficient_train_impostor_trials_lt_1000
GTSinger_same_text_control,wavlm_l12,12,257,10,0,10,10,raw,DE-Tenor-1;EN-Alto-1;EN-Tenor-1;ES-Soprano-1;IT-Bass-1;IT-Bass-2;IT-Soprano-1;JA-Soprano-1;KO-Soprano-1;ZH-Alto-1,full_test_singing_centroid_per_speaker,0.2,0.7,4.3,0.38527777777777783,0.4,0.9647239627914692,0.9581432393756205,0.006580723415848699,10,90,10,90,0.0,train_calibrated,0.9895896660160322,0.0,nan,insufficient_train_impostor_trials_lt_1000
GTSinger_same_text_control,wavlm_l12,12,257,10,0,10,10,correct_sign_global,DE-Tenor-1;EN-Alto-1;EN-Tenor-1;ES-Soprano-1;IT-Bass-1;IT-Bass-2;IT-Soprano-1;JA-Soprano-1;KO-Soprano-1;ZH-Alto-1,full_test_singing_centroid_per_speaker,0.7,1.0,1.3,0.85,0.2,0.9906389863509844,0.9841188880842803,0.0065200982667040774,10,90,10,90,0.2,train_calibrated,0.9942049778118223,0.0,nan,insufficient_train_impostor_trials_lt_1000
GTSinger_same_text_control,wavlm_l12,12,257,full,0,81,103,raw,DE-Tenor-1;EN-Alto-1;EN-Tenor-1;ES-Soprano-1;IT-Bass-1;IT-Bass-2;IT-Soprano-1;JA-Soprano-1;KO-Soprano-1;ZH-Alto-1,full_test_singing_centroid_per_speaker,0.2,0.6,4.4,0.38194444444444453,0.4,0.9671703720611387,0.9605863612570812,0.006584010804057461,10,90,10,90,0.0,train_calibrated,0.9895896660160322,0.0,nan,insufficient_train_impostor_trials_lt_1000
GTSinger_same_text_control,wavlm_l12,12,257,full,0,81,103,correct_sign_global,DE-Tenor-1;EN-Alto-1;EN-Tenor-1;ES-Soprano-1;IT-Bass-1;IT-Bass-2;IT-Soprano-1;JA-Soprano-1;KO-Soprano-1;ZH-Alto-1,full_test_singing_centroid_per_speaker,0.8,1.0,1.5,0.8699999999999999,0.2,0.9926565591787799,0.9861535770576174,0.006502982121162515,10,90,10,90,0.4,train_calibrated,0.9942049778118223,0.0,nan,insufficient_train_impostor_trials_lt_1000
