dataset,model,layer,split_seed,variant,control_draw,test_speakers,trial_construction,threshold_policy,R1,R5,mean_rank,MRR,EER_test_descriptive,genuine_score_mean,impostor_score_mean,genuine_minus_impostor,test_genuine_trials,test_impostor_trials,train_genuine_trials,train_impostor_trials,TMR_at_FMR_1pct,TMR_at_FMR_1pct_status,TMR_at_FMR_1pct_train_threshold,TMR_at_FMR_1pct_train_FMR,TMR_at_FMR_0_1pct,TMR_at_FMR_0_1pct_status
GTSinger_same_text_control,wavlm_l12,12,13,raw,,EN-Alto-1;FR-Soprano-1;FR-Tenor-1;IT-Bass-1;IT-Soprano-1;JA-Soprano-1;KO-Soprano-1;KO-Tenor-1;ZH-Alto-1;ZH-Tenor-1,one_speaker_one_vote_centroids; diagonal_cross_mode_pairs_genuine; all_offdiagonal_cross_mode_pairs_impostor; train_speakers_excluded_from_test_trials,TMR thresholds chosen only from train-speaker impostor trials; test EER is descriptive ROC crossing,0.1,0.8,3.6,0.4216666666666667,0.3,0.9703649913130018,0.9635606001996575,0.006804391113344299,10,90,10,90,0.1,train_calibrated,0.9823249593677938,0.0,nan,insufficient_train_impostor_trials_lt_1000
GTSinger_same_text_control,wavlm_l12,12,13,correct_sign_global,,EN-Alto-1;FR-Soprano-1;FR-Tenor-1;IT-Bass-1;IT-Soprano-1;JA-Soprano-1;KO-Soprano-1;KO-Tenor-1;ZH-Alto-1;ZH-Tenor-1,one_speaker_one_vote_centroids; diagonal_cross_mode_pairs_genuine; all_offdiagonal_cross_mode_pairs_impostor; train_speakers_excluded_from_test_trials,TMR thresholds chosen only from train-speaker impostor trials; test EER is descriptive ROC crossing,0.7,1.0,1.7,0.8,0.2,0.9935494572857525,0.9868885020715003,0.006660955214252251,10,90,10,90,0.3,train_calibrated,0.9953196508461083,0.0,nan,insufficient_train_impostor_trials_lt_1000
GTSinger_same_text_control,wavlm_l12,12,13,wrong_sign_global,,EN-Alto-1;FR-Soprano-1;FR-Tenor-1;IT-Bass-1;IT-Soprano-1;JA-Soprano-1;KO-Soprano-1;KO-Tenor-1;ZH-Alto-1;ZH-Tenor-1,one_speaker_one_vote_centroids; diagonal_cross_mode_pairs_genuine; all_offdiagonal_cross_mode_pairs_impostor; train_speakers_excluded_from_test_trials,TMR thresholds chosen only from train-speaker impostor trials; test EER is descriptive ROC crossing,0.1,0.6,4.2,0.40285714285714286,0.4,0.897777901538381,0.8912594531259389,0.0065184484124420905,10,90,10,90,0.0,train_calibrated,0.9302589731210636,0.0,nan,insufficient_train_impostor_trials_lt_1000
GTSinger_same_text_control,wavlm_l12,12,13,random_same_norm,0,EN-Alto-1;FR-Soprano-1;FR-Tenor-1;IT-Bass-1;IT-Soprano-1;JA-Soprano-1;KO-Soprano-1;KO-Tenor-1;ZH-Alto-1;ZH-Tenor-1,one_speaker_one_vote_centroids; diagonal_cross_mode_pairs_genuine; all_offdiagonal_cross_mode_pairs_impostor; train_speakers_excluded_from_test_trials,TMR thresholds chosen only from train-speaker impostor trials; test EER is descriptive ROC crossing,0.1,0.7,3.8,0.40166666666666667,0.2944444444444444,0.9446017701236336,0.9379432304204376,0.006658539703195965,10,90,10,90,0.1,train_calibrated,0.9567784202345538,0.0,nan,insufficient_train_impostor_trials_lt_1000
GTSinger_same_text_control,wavlm_l12,12,17,raw,,DE-Soprano-1;DE-Tenor-1;EN-Alto-1;FR-Soprano-1;IT-Bass-2;IT-Soprano-1;JA-Tenor-1;KO-Soprano-2;ZH-Alto-1;ZH-Tenor-1,one_speaker_one_vote_centroids; diagonal_cross_mode_pairs_genuine; all_offdiagonal_cross_mode_pairs_impostor; train_speakers_excluded_from_test_trials,TMR thresholds chosen only from train-speaker impostor trials; test EER is descriptive ROC crossing,0.2,0.7,4.6,0.3827777777777778,0.3,0.9664900444767941,0.9601166209023493,0.006373423574444814,10,90,10,90,0.0,train_calibrated,0.9923185442948536,0.0,nan,insufficient_train_impostor_trials_lt_1000
GTSinger_same_text_control,wavlm_l12,12,17,correct_sign_global,,DE-Soprano-1;DE-Tenor-1;EN-Alto-1;FR-Soprano-1;IT-Bass-2;IT-Soprano-1;JA-Tenor-1;KO-Soprano-2;ZH-Alto-1;ZH-Tenor-1,one_speaker_one_vote_centroids; diagonal_cross_mode_pairs_genuine; all_offdiagonal_cross_mode_pairs_impostor; train_speakers_excluded_from_test_trials,TMR thresholds chosen only from train-speaker impostor trials; test EER is descriptive ROC crossing,0.8,0.9,2.1,0.836111111111111,0.2,0.9928566646545148,0.9865976664219722,0.006258998232542612,10,90,10,90,0.4,train_calibrated,0.9954854796405609,0.0,nan,insufficient_train_impostor_trials_lt_1000
GTSinger_same_text_control,wavlm_l12,12,17,wrong_sign_global,,DE-Soprano-1;DE-Tenor-1;EN-Alto-1;FR-Soprano-1;IT-Bass-2;IT-Soprano-1;JA-Tenor-1;KO-Soprano-2;ZH-Alto-1;ZH-Tenor-1,one_speaker_one_vote_centroids; diagonal_cross_mode_pairs_genuine; all_offdiagonal_cross_mode_pairs_impostor; train_speakers_excluded_from_test_trials,TMR thresholds chosen only from train-speaker impostor trials; test EER is descriptive ROC crossing,0.1,0.6,5.0,0.32468253968253963,0.3111111111111111,0.8971883247712931,0.891013259727087,0.006175065044206063,10,90,10,90,0.0,train_calibrated,0.9542652851273822,0.0,nan,insufficient_train_impostor_trials_lt_1000
GTSinger_same_text_control,wavlm_l12,12,17,random_same_norm,0,DE-Soprano-1;DE-Tenor-1;EN-Alto-1;FR-Soprano-1;IT-Bass-2;IT-Soprano-1;JA-Tenor-1;KO-Soprano-2;ZH-Alto-1;ZH-Tenor-1,one_speaker_one_vote_centroids; diagonal_cross_mode_pairs_genuine; all_offdiagonal_cross_mode_pairs_impostor; train_speakers_excluded_from_test_trials,TMR thresholds chosen only from train-speaker impostor trials; test EER is descriptive ROC crossing,0.2,0.7,4.7,0.3803968253968254,0.3,0.9443728549722495,0.9381748632151135,0.00619799175713609,10,90,10,90,0.0,train_calibrated,0.9699704729223215,0.0,nan,insufficient_train_impostor_trials_lt_1000
GTSinger_same_text_control,wavlm_l12,12,19,raw,,DE-Soprano-1;EN-Alto-2;ES-Soprano-1;FR-Soprano-1;IT-Bass-2;IT-Soprano-1;JA-Tenor-1;KO-Soprano-2;RU-Alto-1;ZH-Tenor-1,one_speaker_one_vote_centroids; diagonal_cross_mode_pairs_genuine; all_offdiagonal_cross_mode_pairs_impostor; train_speakers_excluded_from_test_trials,TMR thresholds chosen only from train-speaker impostor trials; test EER is descriptive ROC crossing,0.2,0.5,4.5,0.4211111111111111,0.3944444444444445,0.9688587899584181,0.9624858574064632,0.006372932551954924,10,90,10,90,0.0,train_calibrated,0.9923185442948536,0.0,nan,insufficient_train_impostor_trials_lt_1000
GTSinger_same_text_control,wavlm_l12,12,19,correct_sign_global,,DE-Soprano-1;EN-Alto-2;ES-Soprano-1;FR-Soprano-1;IT-Bass-2;IT-Soprano-1;JA-Tenor-1;KO-Soprano-2;RU-Alto-1;ZH-Tenor-1,one_speaker_one_vote_centroids; diagonal_cross_mode_pairs_genuine; all_offdiagonal_cross_mode_pairs_impostor; train_speakers_excluded_from_test_trials,TMR thresholds chosen only from train-speaker impostor trials; test EER is descriptive ROC crossing,0.8,0.9,1.8,0.8625,0.2,0.9934793523264259,0.9871548083437724,0.006324543982653474,10,90,10,90,0.6,train_calibrated,0.9945749186343834,0.0,nan,insufficient_train_impostor_trials_lt_1000
GTSinger_same_text_control,wavlm_l12,12,19,wrong_sign_global,,DE-Soprano-1;EN-Alto-2;ES-Soprano-1;FR-Soprano-1;IT-Bass-2;IT-Soprano-1;JA-Tenor-1;KO-Soprano-2;RU-Alto-1;ZH-Tenor-1,one_speaker_one_vote_centroids; diagonal_cross_mode_pairs_genuine; all_offdiagonal_cross_mode_pairs_impostor; train_speakers_excluded_from_test_trials,TMR thresholds chosen only from train-speaker impostor trials; test EER is descriptive ROC crossing,0.2,0.5,4.9,0.36277777777777775,0.47777777777777775,0.8979661556574804,0.8919092506040575,0.006056905053422934,10,90,10,90,0.0,train_calibrated,0.9515391011361664,0.0,nan,insufficient_train_impostor_trials_lt_1000
GTSinger_same_text_control,wavlm_l12,12,19,random_same_norm,0,DE-Soprano-1;EN-Alto-2;ES-Soprano-1;FR-Soprano-1;IT-Bass-2;IT-Soprano-1;JA-Tenor-1;KO-Soprano-2;RU-Alto-1;ZH-Tenor-1,one_speaker_one_vote_centroids; diagonal_cross_mode_pairs_genuine; all_offdiagonal_cross_mode_pairs_impostor; train_speakers_excluded_from_test_trials,TMR thresholds chosen only from train-speaker impostor trials; test EER is descriptive ROC crossing,0.2,0.5,4.5,0.4211111111111111,0.3944444444444445,0.9452353507405018,0.9390322579062469,0.0062030928342549085,10,90,10,90,0.0,train_calibrated,0.9678960950536969,0.0,nan,insufficient_train_impostor_trials_lt_1000
GTSinger_same_text_control,wavlm_l12,12,23,raw,,DE-Soprano-1;EN-Alto-1;EN-Tenor-1;ES-Soprano-1;FR-Tenor-1;IT-Bass-1;IT-Bass-2;KO-Soprano-2;KO-Tenor-1;RU-Alto-1,one_speaker_one_vote_centroids; diagonal_cross_mode_pairs_genuine; all_offdiagonal_cross_mode_pairs_impostor; train_speakers_excluded_from_test_trials,TMR thresholds chosen only from train-speaker impostor trials; test EER is descriptive ROC crossing,0.2,0.5,4.6,0.403452380952381,0.4,0.971611376586166,0.9650465790478062,0.006564797538359812,10,90,10,90,0.1,train_calibrated,0.9845956535131999,0.0,nan,insufficient_train_impostor_trials_lt_1000
GTSinger_same_text_control,wavlm_l12,12,23,correct_sign_global,,DE-Soprano-1;EN-Alto-1;EN-Tenor-1;ES-Soprano-1;FR-Tenor-1;IT-Bass-1;IT-Bass-2;KO-Soprano-2;KO-Tenor-1;RU-Alto-1,one_speaker_one_vote_centroids; diagonal_cross_mode_pairs_genuine; all_offdiagonal_cross_mode_pairs_impostor; train_speakers_excluded_from_test_trials,TMR thresholds chosen only from train-speaker impostor trials; test EER is descriptive ROC crossing,0.7,1.0,1.7,0.8,0.2,0.9933561246552243,0.9868620512513634,0.006494073403860878,10,90,10,90,0.4,train_calibrated,0.9946642430894538,0.0,nan,insufficient_train_impostor_trials_lt_1000
GTSinger_same_text_control,wavlm_l12,12,23,wrong_sign_global,,DE-Soprano-1;EN-Alto-1;EN-Tenor-1;ES-Soprano-1;FR-Tenor-1;IT-Bass-1;IT-Bass-2;KO-Soprano-2;KO-Tenor-1;RU-Alto-1,one_speaker_one_vote_centroids; diagonal_cross_mode_pairs_genuine; all_offdiagonal_cross_mode_pairs_impostor; train_speakers_excluded_from_test_trials,TMR thresholds chosen only from train-speaker impostor trials; test EER is descriptive ROC crossing,0.2,0.5,5.0,0.36,0.4166666666666667,0.8976589122061911,0.8914691113033587,0.0061898009028323875,10,90,10,90,0.0,train_calibrated,0.9299914158909784,0.0,nan,insufficient_train_impostor_trials_lt_1000
GTSinger_same_text_control,wavlm_l12,12,23,random_same_norm,0,DE-Soprano-1;EN-Alto-1;EN-Tenor-1;ES-Soprano-1;FR-Tenor-1;IT-Bass-1;IT-Bass-2;KO-Soprano-2;KO-Tenor-1;RU-Alto-1,one_speaker_one_vote_centroids; diagonal_cross_mode_pairs_genuine; all_offdiagonal_cross_mode_pairs_impostor; train_speakers_excluded_from_test_trials,TMR thresholds chosen only from train-speaker impostor trials; test EER is descriptive ROC crossing,0.2,0.5,4.6,0.403452380952381,0.4,0.9441804849863212,0.9377696613967599,0.006410823589561354,10,90,10,90,0.1,train_calibrated,0.9569289245074332,0.0,nan,insufficient_train_impostor_trials_lt_1000
GTSinger_same_text_control,wavlm_l12,12,29,raw,,EN-Alto-1;ES-Soprano-1;IT-Bass-1;IT-Bass-2;JA-Soprano-1;JA-Tenor-1;KO-Soprano-2;RU-Alto-1;ZH-Alto-1;ZH-Tenor-1,one_speaker_one_vote_centroids; diagonal_cross_mode_pairs_genuine; all_offdiagonal_cross_mode_pairs_impostor; train_speakers_excluded_from_test_trials,TMR thresholds chosen only from train-speaker impostor trials; test EER is descriptive ROC crossing,0.2,0.6,4.9,0.3896825396825397,0.3888888888888889,0.9676245609838642,0.9614153943372571,0.006209166646607089,10,90,10,90,0.0,train_calibrated,0.9895896660160322,0.0,nan,insufficient_train_impostor_trials_lt_1000
GTSinger_same_text_control,wavlm_l12,12,29,correct_sign_global,,EN-Alto-1;ES-Soprano-1;IT-Bass-1;IT-Bass-2;JA-Soprano-1;JA-Tenor-1;KO-Soprano-2;RU-Alto-1;ZH-Alto-1;ZH-Tenor-1,one_speaker_one_vote_centroids; diagonal_cross_mode_pairs_genuine; all_offdiagonal_cross_mode_pairs_impostor; train_speakers_excluded_from_test_trials,TMR thresholds chosen only from train-speaker impostor trials; test EER is descriptive ROC crossing,0.8,0.9,1.9,0.8458333333333332,0.3,0.9915540237690823,0.9854524216594827,0.0061016021095996464,10,90,10,90,0.2,train_calibrated,0.9949082526920671,0.0,nan,insufficient_train_impostor_trials_lt_1000
GTSinger_same_text_control,wavlm_l12,12,29,wrong_sign_global,,EN-Alto-1;ES-Soprano-1;IT-Bass-1;IT-Bass-2;JA-Soprano-1;JA-Tenor-1;KO-Soprano-2;RU-Alto-1;ZH-Alto-1;ZH-Tenor-1,one_speaker_one_vote_centroids; diagonal_cross_mode_pairs_genuine; all_offdiagonal_cross_mode_pairs_impostor; train_speakers_excluded_from_test_trials,TMR thresholds chosen only from train-speaker impostor trials; test EER is descriptive ROC crossing,0.2,0.6,5.2,0.348015873015873,0.40555555555555556,0.8962457455911206,0.8902812545560072,0.005964491035113428,10,90,10,90,0.0,train_calibrated,0.9439995620074374,0.0,nan,insufficient_train_impostor_trials_lt_1000
GTSinger_same_text_control,wavlm_l12,12,29,random_same_norm,0,EN-Alto-1;ES-Soprano-1;IT-Bass-1;IT-Bass-2;JA-Soprano-1;JA-Tenor-1;KO-Soprano-2;RU-Alto-1;ZH-Alto-1;ZH-Tenor-1,one_speaker_one_vote_centroids; diagonal_cross_mode_pairs_genuine; all_offdiagonal_cross_mode_pairs_impostor; train_speakers_excluded_from_test_trials,TMR thresholds chosen only from train-speaker impostor trials; test EER is descriptive ROC crossing,0.2,0.6,4.8,0.39206349206349206,0.37777777777777777,0.9426256344291162,0.9366196249170706,0.0060060095120455514,10,90,10,90,0.0,train_calibrated,0.9635697478623605,0.0,nan,insufficient_train_impostor_trials_lt_1000
GTSinger_same_text_control,wavlm_l12,12,31,raw,,DE-Tenor-1;EN-Alto-2;ES-Bass-1;FR-Tenor-1;IT-Bass-1;IT-Bass-2;JA-Soprano-1;JA-Tenor-1;KO-Soprano-1;ZH-Alto-1,one_speaker_one_vote_centroids; diagonal_cross_mode_pairs_genuine; all_offdiagonal_cross_mode_pairs_impostor; train_speakers_excluded_from_test_trials,TMR thresholds chosen only from train-speaker impostor trials; test EER is descriptive ROC crossing,0.1,0.7,5.0,0.3152777777777778,0.49444444444444446,0.9614376201006559,0.953891986386808,0.007545633713847866,10,90,10,90,0.0,train_calibrated,0.9867373424356833,0.0,nan,insufficient_train_impostor_trials_lt_1000
GTSinger_same_text_control,wavlm_l12,12,31,correct_sign_global,,DE-Tenor-1;EN-Alto-2;ES-Bass-1;FR-Tenor-1;IT-Bass-1;IT-Bass-2;JA-Soprano-1;JA-Tenor-1;KO-Soprano-1;ZH-Alto-1,one_speaker_one_vote_centroids; diagonal_cross_mode_pairs_genuine; all_offdiagonal_cross_mode_pairs_impostor; train_speakers_excluded_from_test_trials,TMR thresholds chosen only from train-speaker impostor trials; test EER is descriptive ROC crossing,0.6,0.8,2.8,0.6967857142857143,0.3,0.98969609090106,0.9822807847525244,0.007415306148535583,10,90,10,90,0.0,train_calibrated,0.9959924525600042,0.0,nan,insufficient_train_impostor_trials_lt_1000
GTSinger_same_text_control,wavlm_l12,12,31,wrong_sign_global,,DE-Tenor-1;EN-Alto-2;ES-Bass-1;FR-Tenor-1;IT-Bass-1;IT-Bass-2;JA-Soprano-1;JA-Tenor-1;KO-Soprano-1;ZH-Alto-1,one_speaker_one_vote_centroids; diagonal_cross_mode_pairs_genuine; all_offdiagonal_cross_mode_pairs_impostor; train_speakers_excluded_from_test_trials,TMR thresholds chosen only from train-speaker impostor trials; test EER is descriptive ROC crossing,0.1,0.7,5.1,0.3102777777777778,0.5,0.8940247194202676,0.886768130600687,0.007256588819580578,10,90,10,90,0.0,train_calibrated,0.9423739630710671,0.0,nan,insufficient_train_impostor_trials_lt_1000
GTSinger_same_text_control,wavlm_l12,12,31,random_same_norm,0,DE-Tenor-1;EN-Alto-2;ES-Bass-1;FR-Tenor-1;IT-Bass-1;IT-Bass-2;JA-Soprano-1;JA-Tenor-1;KO-Soprano-1;ZH-Alto-1,one_speaker_one_vote_centroids; diagonal_cross_mode_pairs_genuine; all_offdiagonal_cross_mode_pairs_impostor; train_speakers_excluded_from_test_trials,TMR thresholds chosen only from train-speaker impostor trials; test EER is descriptive ROC crossing,0.1,0.7,4.9,0.3202777777777778,0.47777777777777775,0.9417263080305274,0.9343850862761466,0.007341221754380789,10,90,10,90,0.0,train_calibrated,0.9671345203670331,0.0,nan,insufficient_train_impostor_trials_lt_1000
GTSinger_same_text_control,wavlm_l12,12,37,raw,,EN-Alto-1;EN-Tenor-1;ES-Bass-1;ES-Soprano-1;IT-Bass-1;IT-Soprano-1;JA-Soprano-1;JA-Tenor-1;KO-Soprano-2;ZH-Tenor-1,one_speaker_one_vote_centroids; diagonal_cross_mode_pairs_genuine; all_offdiagonal_cross_mode_pairs_impostor; train_speakers_excluded_from_test_trials,TMR thresholds chosen only from train-speaker impostor trials; test EER is descriptive ROC crossing,0.2,0.7,4.7,0.395,0.3222222222222222,0.9677900929422737,0.9616740854403555,0.006116007501918208,10,90,10,90,0.0,train_calibrated,0.9867373424356833,0.0,nan,insufficient_train_impostor_trials_lt_1000
GTSinger_same_text_control,wavlm_l12,12,37,correct_sign_global,,EN-Alto-1;EN-Tenor-1;ES-Bass-1;ES-Soprano-1;IT-Bass-1;IT-Soprano-1;JA-Soprano-1;JA-Tenor-1;KO-Soprano-2;ZH-Tenor-1,one_speaker_one_vote_centroids; diagonal_cross_mode_pairs_genuine; all_offdiagonal_cross_mode_pairs_impostor; train_speakers_excluded_from_test_trials,TMR thresholds chosen only from train-speaker impostor trials; test EER is descriptive ROC crossing,0.9,0.9,1.9,0.9099999999999999,0.2,0.9930202691270471,0.9869473201789235,0.006072948948123602,10,90,10,90,0.7,train_calibrated,0.9939627199780904,0.0,nan,insufficient_train_impostor_trials_lt_1000
GTSinger_same_text_control,wavlm_l12,12,37,wrong_sign_global,,EN-Alto-1;EN-Tenor-1;ES-Bass-1;ES-Soprano-1;IT-Bass-1;IT-Soprano-1;JA-Soprano-1;JA-Tenor-1;KO-Soprano-2;ZH-Tenor-1,one_speaker_one_vote_centroids; diagonal_cross_mode_pairs_genuine; all_offdiagonal_cross_mode_pairs_impostor; train_speakers_excluded_from_test_trials,TMR thresholds chosen only from train-speaker impostor trials; test EER is descriptive ROC crossing,0.1,0.7,5.1,0.30333333333333334,0.3888888888888889,0.8976043754958519,0.891794457607862,0.005809917887989902,10,90,10,90,0.0,train_calibrated,0.9385623502268136,0.0,nan,insufficient_train_impostor_trials_lt_1000
GTSinger_same_text_control,wavlm_l12,12,37,random_same_norm,0,EN-Alto-1;EN-Tenor-1;ES-Bass-1;ES-Soprano-1;IT-Bass-1;IT-Soprano-1;JA-Soprano-1;JA-Tenor-1;KO-Soprano-2;ZH-Tenor-1,one_speaker_one_vote_centroids; diagonal_cross_mode_pairs_genuine; all_offdiagonal_cross_mode_pairs_impostor; train_speakers_excluded_from_test_trials,TMR thresholds chosen only from train-speaker impostor trials; test EER is descriptive ROC crossing,0.2,0.7,4.7,0.395,0.37777777777777777,0.9430628299184942,0.937135643134619,0.005927186783875271,10,90,10,90,0.0,train_calibrated,0.9625383336165525,0.0,nan,insufficient_train_impostor_trials_lt_1000
GTSinger_same_text_control,wavlm_l12,12,41,raw,,EN-Alto-2;EN-Tenor-1;ES-Soprano-1;FR-Soprano-1;IT-Bass-2;JA-Tenor-1;KO-Soprano-1;KO-Tenor-1;RU-Alto-1;ZH-Alto-1,one_speaker_one_vote_centroids; diagonal_cross_mode_pairs_genuine; all_offdiagonal_cross_mode_pairs_impostor; train_speakers_excluded_from_test_trials,TMR thresholds chosen only from train-speaker impostor trials; test EER is descriptive ROC crossing,0.2,0.7,4.7,0.38,0.3,0.9661910817254171,0.959694020526006,0.006497061199411069,10,90,10,90,0.0,train_calibrated,0.9923185442948536,0.0,nan,insufficient_train_impostor_trials_lt_1000
GTSinger_same_text_control,wavlm_l12,12,41,correct_sign_global,,EN-Alto-2;EN-Tenor-1;ES-Soprano-1;FR-Soprano-1;IT-Bass-2;JA-Tenor-1;KO-Soprano-1;KO-Tenor-1;RU-Alto-1;ZH-Alto-1,one_speaker_one_vote_centroids; diagonal_cross_mode_pairs_genuine; all_offdiagonal_cross_mode_pairs_impostor; train_speakers_excluded_from_test_trials,TMR thresholds chosen only from train-speaker impostor trials; test EER is descriptive ROC crossing,0.7,0.9,2.1,0.7944444444444445,0.2,0.9926257774710896,0.9862428730652031,0.006382904405886514,10,90,10,90,0.3,train_calibrated,0.9955257481290326,0.0,nan,insufficient_train_impostor_trials_lt_1000
GTSinger_same_text_control,wavlm_l12,12,41,wrong_sign_global,,EN-Alto-2;EN-Tenor-1;ES-Soprano-1;FR-Soprano-1;IT-Bass-2;JA-Tenor-1;KO-Soprano-1;KO-Tenor-1;RU-Alto-1;ZH-Alto-1,one_speaker_one_vote_centroids; diagonal_cross_mode_pairs_genuine; all_offdiagonal_cross_mode_pairs_impostor; train_speakers_excluded_from_test_trials,TMR thresholds chosen only from train-speaker impostor trials; test EER is descriptive ROC crossing,0.2,0.5,5.1,0.3516666666666666,0.3833333333333333,0.8957494381889017,0.8894968194138582,0.0062526187750435724,10,90,10,90,0.0,train_calibrated,0.9537126099356136,0.0,nan,insufficient_train_impostor_trials_lt_1000
GTSinger_same_text_control,wavlm_l12,12,41,random_same_norm,0,EN-Alto-2;EN-Tenor-1;ES-Soprano-1;FR-Soprano-1;IT-Bass-2;JA-Tenor-1;KO-Soprano-1;KO-Tenor-1;RU-Alto-1;ZH-Alto-1,one_speaker_one_vote_centroids; diagonal_cross_mode_pairs_genuine; all_offdiagonal_cross_mode_pairs_impostor; train_speakers_excluded_from_test_trials,TMR thresholds chosen only from train-speaker impostor trials; test EER is descriptive ROC crossing,0.2,0.7,4.6,0.3817857142857143,0.3055555555555556,0.9442670933548438,0.937949729252422,0.006317364102421785,10,90,10,90,0.0,train_calibrated,0.969189551927185,0.0,nan,insufficient_train_impostor_trials_lt_1000
GTSinger_same_text_control,wavlm_l12,12,43,raw,,DE-Soprano-1;DE-Tenor-1;EN-Alto-2;EN-Tenor-1;ES-Bass-1;IT-Bass-1;IT-Soprano-1;KO-Soprano-1;KO-Soprano-2;KO-Tenor-1,one_speaker_one_vote_centroids; diagonal_cross_mode_pairs_genuine; all_offdiagonal_cross_mode_pairs_impostor; train_speakers_excluded_from_test_trials,TMR thresholds chosen only from train-speaker impostor trials; test EER is descriptive ROC crossing,0.1,0.6,4.6,0.3463492063492063,0.3222222222222222,0.9714845956580451,0.9648476304816447,0.0066369651764004445,10,90,10,90,0.0,train_calibrated,0.9849742187636114,0.0,nan,insufficient_train_impostor_trials_lt_1000
GTSinger_same_text_control,wavlm_l12,12,43,correct_sign_global,,DE-Soprano-1;DE-Tenor-1;EN-Alto-2;EN-Tenor-1;ES-Bass-1;IT-Bass-1;IT-Soprano-1;KO-Soprano-1;KO-Soprano-2;KO-Tenor-1,one_speaker_one_vote_centroids; diagonal_cross_mode_pairs_genuine; all_offdiagonal_cross_mode_pairs_impostor; train_speakers_excluded_from_test_trials,TMR thresholds chosen only from train-speaker impostor trials; test EER is descriptive ROC crossing,0.9,1.0,1.1,0.95,0.022222222222222223,0.9948056357496322,0.988251986161073,0.006553649588559196,10,90,10,90,0.4,train_calibrated,0.9956971145450779,0.0,nan,insufficient_train_impostor_trials_lt_1000
GTSinger_same_text_control,wavlm_l12,12,43,wrong_sign_global,,DE-Soprano-1;DE-Tenor-1;EN-Alto-2;EN-Tenor-1;ES-Bass-1;IT-Bass-1;IT-Soprano-1;KO-Soprano-1;KO-Soprano-2;KO-Tenor-1,one_speaker_one_vote_centroids; diagonal_cross_mode_pairs_genuine; all_offdiagonal_cross_mode_pairs_impostor; train_speakers_excluded_from_test_trials,TMR thresholds chosen only from train-speaker impostor trials; test EER is descriptive ROC crossing,0.1,0.6,5.0,0.3088492063492064,0.40555555555555556,0.8997465610310303,0.8934778204622169,0.006268740568813436,10,90,10,90,0.0,train_calibrated,0.9341353614154162,0.0,nan,insufficient_train_impostor_trials_lt_1000
GTSinger_same_text_control,wavlm_l12,12,43,random_same_norm,0,DE-Soprano-1;DE-Tenor-1;EN-Alto-2;EN-Tenor-1;ES-Bass-1;IT-Bass-1;IT-Soprano-1;KO-Soprano-1;KO-Soprano-2;KO-Tenor-1,one_speaker_one_vote_centroids; diagonal_cross_mode_pairs_genuine; all_offdiagonal_cross_mode_pairs_impostor; train_speakers_excluded_from_test_trials,TMR thresholds chosen only from train-speaker impostor trials; test EER is descriptive ROC crossing,0.2,0.6,4.3,0.4011111111111111,0.31666666666666665,0.9478037401452148,0.9413271712180559,0.006476568927158977,10,90,10,90,0.0,train_calibrated,0.9604361655302832,0.0,nan,insufficient_train_impostor_trials_lt_1000
GTSinger_same_text_control,wavlm_l12,12,47,raw,,DE-Tenor-1;EN-Tenor-1;FR-Soprano-1;IT-Bass-1;IT-Bass-2;IT-Soprano-1;JA-Tenor-1;KO-Soprano-1;KO-Soprano-2;KO-Tenor-1,one_speaker_one_vote_centroids; diagonal_cross_mode_pairs_genuine; all_offdiagonal_cross_mode_pairs_impostor; train_speakers_excluded_from_test_trials,TMR thresholds chosen only from train-speaker impostor trials; test EER is descriptive ROC crossing,0.1,0.7,4.5,0.3567857142857143,0.4,0.9638212481337263,0.9581847495776435,0.005636498556082725,10,90,10,90,0.0,train_calibrated,0.9895896660160322,0.0,nan,insufficient_train_impostor_trials_lt_1000
GTSinger_same_text_control,wavlm_l12,12,47,correct_sign_global,,DE-Tenor-1;EN-Tenor-1;FR-Soprano-1;IT-Bass-1;IT-Bass-2;IT-Soprano-1;JA-Tenor-1;KO-Soprano-1;KO-Soprano-2;KO-Tenor-1,one_speaker_one_vote_centroids; diagonal_cross_mode_pairs_genuine; all_offdiagonal_cross_mode_pairs_impostor; train_speakers_excluded_from_test_trials,TMR thresholds chosen only from train-speaker impostor trials; test EER is descriptive ROC crossing,0.6,0.8,2.7,0.6944444444444444,0.2,0.9917755954290447,0.9861986853513669,0.005576910077677799,10,90,10,90,0.4,train_calibrated,0.9956690262439577,0.0,nan,insufficient_train_impostor_trials_lt_1000
GTSinger_same_text_control,wavlm_l12,12,47,wrong_sign_global,,DE-Tenor-1;EN-Tenor-1;FR-Soprano-1;IT-Bass-1;IT-Bass-2;IT-Soprano-1;JA-Tenor-1;KO-Soprano-1;KO-Soprano-2;KO-Tenor-1,one_speaker_one_vote_centroids; diagonal_cross_mode_pairs_genuine; all_offdiagonal_cross_mode_pairs_impostor; train_speakers_excluded_from_test_trials,TMR thresholds chosen only from train-speaker impostor trials; test EER is descriptive ROC crossing,0.1,0.6,4.8,0.34345238095238095,0.4,0.8961752996085746,0.8907143523793382,0.005460947229236401,10,90,10,90,0.0,train_calibrated,0.9493848667646881,0.0,nan,insufficient_train_impostor_trials_lt_1000
GTSinger_same_text_control,wavlm_l12,12,47,random_same_norm,0,DE-Tenor-1;EN-Tenor-1;FR-Soprano-1;IT-Bass-1;IT-Bass-2;IT-Soprano-1;JA-Tenor-1;KO-Soprano-1;KO-Soprano-2;KO-Tenor-1,one_speaker_one_vote_centroids; diagonal_cross_mode_pairs_genuine; all_offdiagonal_cross_mode_pairs_impostor; train_speakers_excluded_from_test_trials,TMR thresholds chosen only from train-speaker impostor trials; test EER is descriptive ROC crossing,0.1,0.6,4.7,0.3458333333333333,0.4,0.9441187309645853,0.9386034709036775,0.005515260060907856,10,90,10,90,0.0,train_calibrated,0.9682540317997893,0.0,nan,insufficient_train_impostor_trials_lt_1000
GTSinger_same_text_control,wavlm_l12,12,53,raw,,DE-Tenor-1;EN-Alto-1;ES-Bass-1;ES-Soprano-1;FR-Tenor-1;IT-Soprano-1;JA-Tenor-1;KO-Soprano-1;RU-Alto-1;ZH-Alto-1,one_speaker_one_vote_centroids; diagonal_cross_mode_pairs_genuine; all_offdiagonal_cross_mode_pairs_impostor; train_speakers_excluded_from_test_trials,TMR thresholds chosen only from train-speaker impostor trials; test EER is descriptive ROC crossing,0.3,0.7,4.7,0.42873015873015874,0.3944444444444445,0.9688221511586343,0.9623937405762757,0.006428410582358657,10,90,10,90,0.2,train_calibrated,0.9837037266664127,0.0,nan,insufficient_train_impostor_trials_lt_1000
GTSinger_same_text_control,wavlm_l12,12,53,correct_sign_global,,DE-Tenor-1;EN-Alto-1;ES-Bass-1;ES-Soprano-1;FR-Tenor-1;IT-Soprano-1;JA-Tenor-1;KO-Soprano-1;RU-Alto-1;ZH-Alto-1,one_speaker_one_vote_centroids; diagonal_cross_mode_pairs_genuine; all_offdiagonal_cross_mode_pairs_impostor; train_speakers_excluded_from_test_trials,TMR thresholds chosen only from train-speaker impostor trials; test EER is descriptive ROC crossing,0.8,0.9,2.1,0.836111111111111,0.2,0.9929760591797162,0.9866794065962962,0.006296652583420048,10,90,10,90,0.2,train_calibrated,0.9959521578607646,0.0,nan,insufficient_train_impostor_trials_lt_1000
GTSinger_same_text_control,wavlm_l12,12,53,wrong_sign_global,,DE-Tenor-1;EN-Alto-1;ES-Bass-1;ES-Soprano-1;FR-Tenor-1;IT-Soprano-1;JA-Tenor-1;KO-Soprano-1;RU-Alto-1;ZH-Alto-1,one_speaker_one_vote_centroids; diagonal_cross_mode_pairs_genuine; all_offdiagonal_cross_mode_pairs_impostor; train_speakers_excluded_from_test_trials,TMR thresholds chosen only from train-speaker impostor trials; test EER is descriptive ROC crossing,0.1,0.6,5.2,0.3146825396825397,0.47777777777777775,0.8973030815347454,0.8911354742925166,0.0061676072422287564,10,90,10,90,0.0,train_calibrated,0.9360100929691463,0.0,nan,insufficient_train_impostor_trials_lt_1000
GTSinger_same_text_control,wavlm_l12,12,53,random_same_norm,0,DE-Tenor-1;EN-Alto-1;ES-Bass-1;ES-Soprano-1;FR-Tenor-1;IT-Soprano-1;JA-Tenor-1;KO-Soprano-1;RU-Alto-1;ZH-Alto-1,one_speaker_one_vote_centroids; diagonal_cross_mode_pairs_genuine; all_offdiagonal_cross_mode_pairs_impostor; train_speakers_excluded_from_test_trials,TMR thresholds chosen only from train-speaker impostor trials; test EER is descriptive ROC crossing,0.3,0.6,4.7,0.42777777777777776,0.3833333333333333,0.9456789001602646,0.9394242803753613,0.00625461978490327,10,90,10,90,0.1,train_calibrated,0.9601399795805946,0.0,nan,insufficient_train_impostor_trials_lt_1000
GTSinger_same_text_control,wavlm_l12,12,59,raw,,DE-Soprano-1;DE-Tenor-1;EN-Alto-2;FR-Soprano-1;FR-Tenor-1;JA-Tenor-1;KO-Soprano-1;KO-Soprano-2;RU-Alto-1;ZH-Alto-1,one_speaker_one_vote_centroids; diagonal_cross_mode_pairs_genuine; all_offdiagonal_cross_mode_pairs_impostor; train_speakers_excluded_from_test_trials,TMR thresholds chosen only from train-speaker impostor trials; test EER is descriptive ROC crossing,0.2,0.7,4.6,0.3977777777777778,0.37777777777777777,0.9672583736441933,0.9603594767314704,0.0068988969127229405,10,90,10,90,0.0,train_calibrated,0.9923185442948536,0.0,nan,insufficient_train_impostor_trials_lt_1000
GTSinger_same_text_control,wavlm_l12,12,59,correct_sign_global,,DE-Soprano-1;DE-Tenor-1;EN-Alto-2;FR-Soprano-1;FR-Tenor-1;JA-Tenor-1;KO-Soprano-1;KO-Soprano-2;RU-Alto-1;ZH-Alto-1,one_speaker_one_vote_centroids; diagonal_cross_mode_pairs_genuine; all_offdiagonal_cross_mode_pairs_impostor; train_speakers_excluded_from_test_trials,TMR thresholds chosen only from train-speaker impostor trials; test EER is descriptive ROC crossing,0.7,0.9,2.2,0.7777777777777778,0.2,0.9932264487004906,0.9864343098985627,0.006792138801927861,10,90,10,90,0.4,train_calibrated,0.9956135172091447,0.0,nan,insufficient_train_impostor_trials_lt_1000
GTSinger_same_text_control,wavlm_l12,12,59,wrong_sign_global,,DE-Soprano-1;DE-Tenor-1;EN-Alto-2;FR-Soprano-1;FR-Tenor-1;JA-Tenor-1;KO-Soprano-1;KO-Soprano-2;RU-Alto-1;ZH-Alto-1,one_speaker_one_vote_centroids; diagonal_cross_mode_pairs_genuine; all_offdiagonal_cross_mode_pairs_impostor; train_speakers_excluded_from_test_trials,TMR thresholds chosen only from train-speaker impostor trials; test EER is descriptive ROC crossing,0.2,0.6,5.1,0.3563492063492063,0.40555555555555556,0.8972450501217824,0.8906341980624007,0.006610852059381611,10,90,10,90,0.0,train_calibrated,0.9540477788412037,0.0,nan,insufficient_train_impostor_trials_lt_1000
GTSinger_same_text_control,wavlm_l12,12,59,random_same_norm,0,DE-Soprano-1;DE-Tenor-1;EN-Alto-2;FR-Soprano-1;FR-Tenor-1;JA-Tenor-1;KO-Soprano-1;KO-Soprano-2;RU-Alto-1;ZH-Alto-1,one_speaker_one_vote_centroids; diagonal_cross_mode_pairs_genuine; all_offdiagonal_cross_mode_pairs_impostor; train_speakers_excluded_from_test_trials,TMR thresholds chosen only from train-speaker impostor trials; test EER is descriptive ROC crossing,0.2,0.7,4.7,0.3953968253968254,0.4,0.9432077735348539,0.9364050791185611,0.006802694416292776,10,90,10,90,0.0,train_calibrated,0.9680622255948442,0.0,nan,insufficient_train_impostor_trials_lt_1000
GTSinger_same_text_control,wavlm_l12,12,61,raw,,DE-Soprano-1;DE-Tenor-1;EN-Tenor-1;ES-Bass-1;ES-Soprano-1;FR-Tenor-1;JA-Tenor-1;KO-Soprano-1;KO-Soprano-2;KO-Tenor-1,one_speaker_one_vote_centroids; diagonal_cross_mode_pairs_genuine; all_offdiagonal_cross_mode_pairs_impostor; train_speakers_excluded_from_test_trials,TMR thresholds chosen only from train-speaker impostor trials; test EER is descriptive ROC crossing,0.1,0.6,5.0,0.3402777777777778,0.4,0.9657212610019853,0.959582188495191,0.006139072506794352,10,90,10,90,0.0,train_calibrated,0.9892896386292315,0.0,nan,insufficient_train_impostor_trials_lt_1000
GTSinger_same_text_control,wavlm_l12,12,61,correct_sign_global,,DE-Soprano-1;DE-Tenor-1;EN-Tenor-1;ES-Bass-1;ES-Soprano-1;FR-Tenor-1;JA-Tenor-1;KO-Soprano-1;KO-Soprano-2;KO-Tenor-1,one_speaker_one_vote_centroids; diagonal_cross_mode_pairs_genuine; all_offdiagonal_cross_mode_pairs_impostor; train_speakers_excluded_from_test_trials,TMR thresholds chosen only from train-speaker impostor trials; test EER is descriptive ROC crossing,0.7,0.9,2.3,0.7694444444444445,0.2,0.992946756422777,0.9868372195325968,0.006109536890180123,10,90,10,90,0.5,train_calibrated,0.9943022002515814,0.0,nan,insufficient_train_impostor_trials_lt_1000
GTSinger_same_text_control,wavlm_l12,12,61,wrong_sign_global,,DE-Soprano-1;DE-Tenor-1;EN-Tenor-1;ES-Bass-1;ES-Soprano-1;FR-Tenor-1;JA-Tenor-1;KO-Soprano-1;KO-Soprano-2;KO-Tenor-1,one_speaker_one_vote_centroids; diagonal_cross_mode_pairs_genuine; all_offdiagonal_cross_mode_pairs_impostor; train_speakers_excluded_from_test_trials,TMR thresholds chosen only from train-speaker impostor trials; test EER is descriptive ROC crossing,0.1,0.5,5.2,0.3202777777777778,0.4,0.8975545532412708,0.8917246322451505,0.00582992099612023,10,90,10,90,0.0,train_calibrated,0.9492269302825936,0.0,nan,insufficient_train_impostor_trials_lt_1000
GTSinger_same_text_control,wavlm_l12,12,61,random_same_norm,0,DE-Soprano-1;DE-Tenor-1;EN-Tenor-1;ES-Bass-1;ES-Soprano-1;FR-Tenor-1;JA-Tenor-1;KO-Soprano-1;KO-Soprano-2;KO-Tenor-1,one_speaker_one_vote_centroids; diagonal_cross_mode_pairs_genuine; all_offdiagonal_cross_mode_pairs_impostor; train_speakers_excluded_from_test_trials,TMR thresholds chosen only from train-speaker impostor trials; test EER is descriptive ROC crossing,0.1,0.6,5.0,0.3402777777777778,0.4,0.9442004087773388,0.938171818367162,0.006028590410176782,10,90,10,90,0.0,train_calibrated,0.9676957630868328,0.0,nan,insufficient_train_impostor_trials_lt_1000
GTSinger_same_text_control,wavlm_l12,12,67,raw,,DE-Soprano-1;DE-Tenor-1;EN-Tenor-1;FR-Tenor-1;IT-Bass-1;IT-Soprano-1;KO-Soprano-1;KO-Soprano-2;KO-Tenor-1;RU-Alto-1,one_speaker_one_vote_centroids; diagonal_cross_mode_pairs_genuine; all_offdiagonal_cross_mode_pairs_impostor; train_speakers_excluded_from_test_trials,TMR thresholds chosen only from train-speaker impostor trials; test EER is descriptive ROC crossing,0.1,0.6,4.8,0.3258333333333333,0.31666666666666665,0.9706219671669076,0.9645131401537939,0.006108827013113771,10,90,10,90,0.1,train_calibrated,0.9834745880434813,0.0,nan,insufficient_train_impostor_trials_lt_1000
GTSinger_same_text_control,wavlm_l12,12,67,correct_sign_global,,DE-Soprano-1;DE-Tenor-1;EN-Tenor-1;FR-Tenor-1;IT-Bass-1;IT-Soprano-1;KO-Soprano-1;KO-Soprano-2;KO-Tenor-1;RU-Alto-1,one_speaker_one_vote_centroids; diagonal_cross_mode_pairs_genuine; all_offdiagonal_cross_mode_pairs_impostor; train_speakers_excluded_from_test_trials,TMR thresholds chosen only from train-speaker impostor trials; test EER is descriptive ROC crossing,0.7,0.9,1.8,0.8,0.1111111111111111,0.993780251977196,0.9877073775991317,0.0060728743780642525,10,90,10,90,0.3,train_calibrated,0.9957160802282548,0.0,nan,insufficient_train_impostor_trials_lt_1000
GTSinger_same_text_control,wavlm_l12,12,67,wrong_sign_global,,DE-Soprano-1;DE-Tenor-1;EN-Tenor-1;FR-Tenor-1;IT-Bass-1;IT-Soprano-1;KO-Soprano-1;KO-Soprano-2;KO-Tenor-1;RU-Alto-1,one_speaker_one_vote_centroids; diagonal_cross_mode_pairs_genuine; all_offdiagonal_cross_mode_pairs_impostor; train_speakers_excluded_from_test_trials,TMR thresholds chosen only from train-speaker impostor trials; test EER is descriptive ROC crossing,0.1,0.5,5.0,0.3201190476190476,0.3944444444444445,0.8989782917607,0.8931998446227833,0.0057784471379166424,10,90,10,90,0.0,train_calibrated,0.9321786874604953,0.0,nan,insufficient_train_impostor_trials_lt_1000
GTSinger_same_text_control,wavlm_l12,12,67,random_same_norm,0,DE-Soprano-1;DE-Tenor-1;EN-Tenor-1;FR-Tenor-1;IT-Bass-1;IT-Soprano-1;KO-Soprano-1;KO-Soprano-2;KO-Tenor-1;RU-Alto-1,one_speaker_one_vote_centroids; diagonal_cross_mode_pairs_genuine; all_offdiagonal_cross_mode_pairs_impostor; train_speakers_excluded_from_test_trials,TMR thresholds chosen only from train-speaker impostor trials; test EER is descriptive ROC crossing,0.1,0.7,4.7,0.3291666666666667,0.31666666666666665,0.9450820160725607,0.9391602037218416,0.005921812350719091,10,90,10,90,0.1,train_calibrated,0.9583385143080055,0.0,nan,insufficient_train_impostor_trials_lt_1000
GTSinger_same_text_control,wavlm_l12,12,71,raw,,DE-Soprano-1;EN-Alto-2;EN-Tenor-1;ES-Soprano-1;IT-Soprano-1;JA-Tenor-1;KO-Soprano-1;KO-Tenor-1;RU-Alto-1;ZH-Alto-1,one_speaker_one_vote_centroids; diagonal_cross_mode_pairs_genuine; all_offdiagonal_cross_mode_pairs_impostor; train_speakers_excluded_from_test_trials,TMR thresholds chosen only from train-speaker impostor trials; test EER is descriptive ROC crossing,0.2,0.7,4.6,0.3977777777777778,0.3833333333333333,0.9686769301802475,0.9626702502405833,0.0060066799396641946,10,90,10,90,0.0,train_calibrated,0.9923185442948536,0.0,nan,insufficient_train_impostor_trials_lt_1000
GTSinger_same_text_control,wavlm_l12,12,71,correct_sign_global,,DE-Soprano-1;EN-Alto-2;EN-Tenor-1;ES-Soprano-1;IT-Soprano-1;JA-Tenor-1;KO-Soprano-1;KO-Tenor-1;RU-Alto-1;ZH-Alto-1,one_speaker_one_vote_centroids; diagonal_cross_mode_pairs_genuine; all_offdiagonal_cross_mode_pairs_impostor; train_speakers_excluded_from_test_trials,TMR thresholds chosen only from train-speaker impostor trials; test EER is descriptive ROC crossing,0.8,0.9,2.0,0.86,0.1,0.9937761918024786,0.9878529262532786,0.005923265549199974,10,90,10,90,0.4,train_calibrated,0.9956018915463928,0.0,nan,insufficient_train_impostor_trials_lt_1000
GTSinger_same_text_control,wavlm_l12,12,71,wrong_sign_global,,DE-Soprano-1;EN-Alto-2;EN-Tenor-1;ES-Soprano-1;IT-Soprano-1;JA-Tenor-1;KO-Soprano-1;KO-Tenor-1;RU-Alto-1;ZH-Alto-1,one_speaker_one_vote_centroids; diagonal_cross_mode_pairs_genuine; all_offdiagonal_cross_mode_pairs_impostor; train_speakers_excluded_from_test_trials,TMR thresholds chosen only from train-speaker impostor trials; test EER is descriptive ROC crossing,0.2,0.6,5.1,0.3563492063492063,0.4166666666666667,0.8980199838126509,0.8922748975946728,0.00574508621797809,10,90,10,90,0.0,train_calibrated,0.9529019381394715,0.0,nan,insufficient_train_impostor_trials_lt_1000
GTSinger_same_text_control,wavlm_l12,12,71,random_same_norm,0,DE-Soprano-1;EN-Alto-2;EN-Tenor-1;ES-Soprano-1;IT-Soprano-1;JA-Tenor-1;KO-Soprano-1;KO-Tenor-1;RU-Alto-1;ZH-Alto-1,one_speaker_one_vote_centroids; diagonal_cross_mode_pairs_genuine; all_offdiagonal_cross_mode_pairs_impostor; train_speakers_excluded_from_test_trials,TMR thresholds chosen only from train-speaker impostor trials; test EER is descriptive ROC crossing,0.2,0.6,4.7,0.39444444444444443,0.3888888888888889,0.9454756732895756,0.9396425071863433,0.005833166103232257,10,90,10,90,0.0,train_calibrated,0.9683646274351633,0.0,nan,insufficient_train_impostor_trials_lt_1000
GTSinger_same_text_control,wavlm_l12,12,73,raw,,DE-Tenor-1;EN-Alto-2;ES-Soprano-1;FR-Tenor-1;IT-Bass-1;IT-Bass-2;IT-Soprano-1;JA-Soprano-1;JA-Tenor-1;ZH-Tenor-1,one_speaker_one_vote_centroids; diagonal_cross_mode_pairs_genuine; all_offdiagonal_cross_mode_pairs_impostor; train_speakers_excluded_from_test_trials,TMR thresholds chosen only from train-speaker impostor trials; test EER is descriptive ROC crossing,0.2,0.5,5.1,0.36456349206349203,0.5,0.961329978774452,0.9540318589833229,0.007298119791129154,10,90,10,90,0.0,train_calibrated,0.9893871945915839,0.0,nan,insufficient_train_impostor_trials_lt_1000
GTSinger_same_text_control,wavlm_l12,12,73,correct_sign_global,,DE-Tenor-1;EN-Alto-2;ES-Soprano-1;FR-Tenor-1;IT-Bass-1;IT-Bass-2;IT-Soprano-1;JA-Soprano-1;JA-Tenor-1;ZH-Tenor-1,one_speaker_one_vote_centroids; diagonal_cross_mode_pairs_genuine; all_offdiagonal_cross_mode_pairs_impostor; train_speakers_excluded_from_test_trials,TMR thresholds chosen only from train-speaker impostor trials; test EER is descriptive ROC crossing,0.6,0.8,2.8,0.6967857142857143,0.3,0.9898655175640936,0.9826414820438845,0.0072240355202091155,10,90,10,90,0.2,train_calibrated,0.9954218011832526,0.0,nan,insufficient_train_impostor_trials_lt_1000
GTSinger_same_text_control,wavlm_l12,12,73,wrong_sign_global,,DE-Tenor-1;EN-Alto-2;ES-Soprano-1;FR-Tenor-1;IT-Bass-1;IT-Bass-2;IT-Soprano-1;JA-Soprano-1;JA-Tenor-1;ZH-Tenor-1,one_speaker_one_vote_centroids; diagonal_cross_mode_pairs_genuine; all_offdiagonal_cross_mode_pairs_impostor; train_speakers_excluded_from_test_trials,TMR thresholds chosen only from train-speaker impostor trials; test EER is descriptive ROC crossing,0.1,0.5,5.1,0.3169444444444445,0.5,0.8949467410986788,0.887944518917917,0.007002222180761741,10,90,10,90,0.0,train_calibrated,0.949708126098684,0.0,nan,insufficient_train_impostor_trials_lt_1000
GTSinger_same_text_control,wavlm_l12,12,73,random_same_norm,0,DE-Tenor-1;EN-Alto-2;ES-Soprano-1;FR-Tenor-1;IT-Bass-1;IT-Bass-2;IT-Soprano-1;JA-Soprano-1;JA-Tenor-1;ZH-Tenor-1,one_speaker_one_vote_centroids; diagonal_cross_mode_pairs_genuine; all_offdiagonal_cross_mode_pairs_impostor; train_speakers_excluded_from_test_trials,TMR thresholds chosen only from train-speaker impostor trials; test EER is descriptive ROC crossing,0.1,0.5,5.2,0.3145634920634921,0.49444444444444446,0.9397652251444815,0.9325944944088647,0.007170730735616804,10,90,10,90,0.0,train_calibrated,0.9693485568114181,0.0,nan,insufficient_train_impostor_trials_lt_1000
GTSinger_same_text_control,wavlm_l12,12,79,raw,,EN-Alto-1;EN-Alto-2;ES-Bass-1;ES-Soprano-1;IT-Bass-1;IT-Bass-2;JA-Soprano-1;KO-Tenor-1;RU-Alto-1;ZH-Alto-1,one_speaker_one_vote_centroids; diagonal_cross_mode_pairs_genuine; all_offdiagonal_cross_mode_pairs_impostor; train_speakers_excluded_from_test_trials,TMR thresholds chosen only from train-speaker impostor trials; test EER is descriptive ROC crossing,0.3,0.5,4.5,0.45285714285714285,0.4,0.9722480601436413,0.9650648923160196,0.007183167827621739,10,90,10,90,0.2,train_calibrated,0.9810823562445224,0.0,nan,insufficient_train_impostor_trials_lt_1000
GTSinger_same_text_control,wavlm_l12,12,79,correct_sign_global,,EN-Alto-1;EN-Alto-2;ES-Bass-1;ES-Soprano-1;IT-Bass-1;IT-Bass-2;JA-Soprano-1;KO-Tenor-1;RU-Alto-1;ZH-Alto-1,one_speaker_one_vote_centroids; diagonal_cross_mode_pairs_genuine; all_offdiagonal_cross_mode_pairs_impostor; train_speakers_excluded_from_test_trials,TMR thresholds chosen only from train-speaker impostor trials; test EER is descriptive ROC crossing,0.6,1.0,1.6,0.7666666666666666,0.2,0.9917285027783616,0.9847150421083013,0.007013460670060256,10,90,10,90,0.3,train_calibrated,0.9947150230130613,0.0,nan,insufficient_train_impostor_trials_lt_1000
GTSinger_same_text_control,wavlm_l12,12,79,wrong_sign_global,,EN-Alto-1;EN-Alto-2;ES-Bass-1;ES-Soprano-1;IT-Bass-1;IT-Bass-2;JA-Soprano-1;KO-Tenor-1;RU-Alto-1;ZH-Alto-1,one_speaker_one_vote_centroids; diagonal_cross_mode_pairs_genuine; all_offdiagonal_cross_mode_pairs_impostor; train_speakers_excluded_from_test_trials,TMR thresholds chosen only from train-speaker impostor trials; test EER is descriptive ROC crossing,0.2,0.5,4.8,0.3895238095238095,0.48888888888888893,0.8979380018199441,0.8911383572461398,0.006799644573804331,10,90,10,90,0.1,train_calibrated,0.9195156935099796,0.0,nan,insufficient_train_impostor_trials_lt_1000
GTSinger_same_text_control,wavlm_l12,12,79,random_same_norm,0,EN-Alto-1;EN-Alto-2;ES-Bass-1;ES-Soprano-1;IT-Bass-1;IT-Bass-2;JA-Soprano-1;KO-Tenor-1;RU-Alto-1;ZH-Alto-1,one_speaker_one_vote_centroids; diagonal_cross_mode_pairs_genuine; all_offdiagonal_cross_mode_pairs_impostor; train_speakers_excluded_from_test_trials,TMR thresholds chosen only from train-speaker impostor trials; test EER is descriptive ROC crossing,0.4,0.5,4.4,0.5028571428571429,0.4,0.9433579974108202,0.9363549620186139,0.007003035392206258,10,90,10,90,0.2,train_calibrated,0.951842009739246,0.0,nan,insufficient_train_impostor_trials_lt_1000
GTSinger_same_text_control,wavlm_l12,12,83,raw,,DE-Soprano-1;EN-Alto-2;ES-Bass-1;IT-Soprano-1;JA-Soprano-1;KO-Soprano-2;KO-Tenor-1;RU-Alto-1;ZH-Alto-1;ZH-Tenor-1,one_speaker_one_vote_centroids; diagonal_cross_mode_pairs_genuine; all_offdiagonal_cross_mode_pairs_impostor; train_speakers_excluded_from_test_trials,TMR thresholds chosen only from train-speaker impostor trials; test EER is descriptive ROC crossing,0.2,0.5,4.4,0.39166666666666666,0.3944444444444445,0.9733856178503281,0.9670934517588181,0.006292166091509954,10,90,10,90,0.1,train_calibrated,0.9842778304458347,0.0,nan,insufficient_train_impostor_trials_lt_1000
GTSinger_same_text_control,wavlm_l12,12,83,correct_sign_global,,DE-Soprano-1;EN-Alto-2;ES-Bass-1;IT-Soprano-1;JA-Soprano-1;KO-Soprano-2;KO-Tenor-1;RU-Alto-1;ZH-Alto-1;ZH-Tenor-1,one_speaker_one_vote_centroids; diagonal_cross_mode_pairs_genuine; all_offdiagonal_cross_mode_pairs_impostor; train_speakers_excluded_from_test_trials,TMR thresholds chosen only from train-speaker impostor trials; test EER is descriptive ROC crossing,0.8,1.0,1.4,0.8666666666666666,0.11666666666666667,0.9935446180007709,0.9873487660918137,0.006195851908957217,10,90,10,90,0.4,train_calibrated,0.9950363827160412,0.0,nan,insufficient_train_impostor_trials_lt_1000
GTSinger_same_text_control,wavlm_l12,12,83,wrong_sign_global,,DE-Soprano-1;EN-Alto-2;ES-Bass-1;IT-Soprano-1;JA-Soprano-1;KO-Soprano-2;KO-Tenor-1;RU-Alto-1;ZH-Alto-1;ZH-Tenor-1,one_speaker_one_vote_centroids; diagonal_cross_mode_pairs_genuine; all_offdiagonal_cross_mode_pairs_impostor; train_speakers_excluded_from_test_trials,TMR thresholds chosen only from train-speaker impostor trials; test EER is descriptive ROC crossing,0.2,0.5,4.8,0.37222222222222223,0.49444444444444446,0.9008235953531759,0.8948697318852753,0.005953863467900611,10,90,10,90,0.0,train_calibrated,0.9326127958533631,0.0,nan,insufficient_train_impostor_trials_lt_1000
GTSinger_same_text_control,wavlm_l12,12,83,random_same_norm,0,DE-Soprano-1;EN-Alto-2;ES-Bass-1;IT-Soprano-1;JA-Soprano-1;KO-Soprano-2;KO-Tenor-1;RU-Alto-1;ZH-Alto-1;ZH-Tenor-1,one_speaker_one_vote_centroids; diagonal_cross_mode_pairs_genuine; all_offdiagonal_cross_mode_pairs_impostor; train_speakers_excluded_from_test_trials,TMR thresholds chosen only from train-speaker impostor trials; test EER is descriptive ROC crossing,0.3,0.5,4.3,0.4420634920634921,0.4,0.9463806172246674,0.940265989619519,0.0061146276051483595,10,90,10,90,0.1,train_calibrated,0.9576752542905463,0.0,nan,insufficient_train_impostor_trials_lt_1000
GTSinger_same_text_control,wavlm_l12,12,89,raw,,DE-Soprano-1;DE-Tenor-1;EN-Alto-1;ES-Bass-1;ES-Soprano-1;FR-Tenor-1;IT-Bass-2;IT-Soprano-1;KO-Soprano-2;RU-Alto-1,one_speaker_one_vote_centroids; diagonal_cross_mode_pairs_genuine; all_offdiagonal_cross_mode_pairs_impostor; train_speakers_excluded_from_test_trials,TMR thresholds chosen only from train-speaker impostor trials; test EER is descriptive ROC crossing,0.3,0.6,4.7,0.43956349206349205,0.4,0.9722157099194273,0.9659366593038976,0.006279050615529691,10,90,10,90,0.2,train_calibrated,0.9837037266664127,0.0,nan,insufficient_train_impostor_trials_lt_1000
GTSinger_same_text_control,wavlm_l12,12,89,correct_sign_global,,DE-Soprano-1;DE-Tenor-1;EN-Alto-1;ES-Bass-1;ES-Soprano-1;FR-Tenor-1;IT-Bass-2;IT-Soprano-1;KO-Soprano-2;RU-Alto-1,one_speaker_one_vote_centroids; diagonal_cross_mode_pairs_genuine; all_offdiagonal_cross_mode_pairs_impostor; train_speakers_excluded_from_test_trials,TMR thresholds chosen only from train-speaker impostor trials; test EER is descriptive ROC crossing,0.8,1.0,1.5,0.8583333333333332,0.2,0.9930568834330116,0.9868326749950267,0.0062242084379848794,10,90,10,90,0.4,train_calibrated,0.9945090637536776,0.0,nan,insufficient_train_impostor_trials_lt_1000
GTSinger_same_text_control,wavlm_l12,12,89,wrong_sign_global,,DE-Soprano-1;DE-Tenor-1;EN-Alto-1;ES-Bass-1;ES-Soprano-1;FR-Tenor-1;IT-Bass-2;IT-Soprano-1;KO-Soprano-2;RU-Alto-1,one_speaker_one_vote_centroids; diagonal_cross_mode_pairs_genuine; all_offdiagonal_cross_mode_pairs_impostor; train_speakers_excluded_from_test_trials,TMR thresholds chosen only from train-speaker impostor trials; test EER is descriptive ROC crossing,0.1,0.6,5.2,0.3178968253968254,0.4222222222222222,0.8992291315736815,0.8933260099541812,0.00590312161950024,10,90,10,90,0.0,train_calibrated,0.9314163962548615,0.0,nan,insufficient_train_impostor_trials_lt_1000
GTSinger_same_text_control,wavlm_l12,12,89,random_same_norm,0,DE-Soprano-1;DE-Tenor-1;EN-Alto-1;ES-Bass-1;ES-Soprano-1;FR-Tenor-1;IT-Bass-2;IT-Soprano-1;KO-Soprano-2;RU-Alto-1,one_speaker_one_vote_centroids; diagonal_cross_mode_pairs_genuine; all_offdiagonal_cross_mode_pairs_impostor; train_speakers_excluded_from_test_trials,TMR thresholds chosen only from train-speaker impostor trials; test EER is descriptive ROC crossing,0.3,0.6,4.6,0.44789682539682546,0.4,0.9465353739693428,0.9404871199820257,0.00604825398731712,10,90,10,90,0.1,train_calibrated,0.9571677231392558,0.0,nan,insufficient_train_impostor_trials_lt_1000
GTSinger_same_text_control,wavlm_l12,12,97,raw,,DE-Soprano-1;DE-Tenor-1;EN-Tenor-1;ES-Soprano-1;FR-Tenor-1;IT-Bass-1;JA-Tenor-1;RU-Alto-1;ZH-Alto-1;ZH-Tenor-1,one_speaker_one_vote_centroids; diagonal_cross_mode_pairs_genuine; all_offdiagonal_cross_mode_pairs_impostor; train_speakers_excluded_from_test_trials,TMR thresholds chosen only from train-speaker impostor trials; test EER is descriptive ROC crossing,0.1,0.6,5.1,0.3170634920634921,0.4,0.9658821255625807,0.959739898434505,0.006142227128075661,10,90,10,90,0.0,train_calibrated,0.9893871945915839,0.0,nan,insufficient_train_impostor_trials_lt_1000
GTSinger_same_text_control,wavlm_l12,12,97,correct_sign_global,,DE-Soprano-1;DE-Tenor-1;EN-Tenor-1;ES-Soprano-1;FR-Tenor-1;IT-Bass-1;JA-Tenor-1;RU-Alto-1;ZH-Alto-1;ZH-Tenor-1,one_speaker_one_vote_centroids; diagonal_cross_mode_pairs_genuine; all_offdiagonal_cross_mode_pairs_impostor; train_speakers_excluded_from_test_trials,TMR thresholds chosen only from train-speaker impostor trials; test EER is descriptive ROC crossing,0.8,0.9,2.2,0.831111111111111,0.2,0.9924511734258651,0.9863609929373675,0.006090180488497632,10,90,10,90,0.2,train_calibrated,0.9957758951758597,0.0,nan,insufficient_train_impostor_trials_lt_1000
GTSinger_same_text_control,wavlm_l12,12,97,wrong_sign_global,,DE-Soprano-1;DE-Tenor-1;EN-Tenor-1;ES-Soprano-1;FR-Tenor-1;IT-Bass-1;JA-Tenor-1;RU-Alto-1;ZH-Alto-1;ZH-Tenor-1,one_speaker_one_vote_centroids; diagonal_cross_mode_pairs_genuine; all_offdiagonal_cross_mode_pairs_impostor; train_speakers_excluded_from_test_trials,TMR thresholds chosen only from train-speaker impostor trials; test EER is descriptive ROC crossing,0.1,0.6,5.1,0.3170634920634921,0.4,0.8964321431353861,0.8905448084611641,0.005887334674221978,10,90,10,90,0.0,train_calibrated,0.9464168613857765,0.0,nan,insufficient_train_impostor_trials_lt_1000
GTSinger_same_text_control,wavlm_l12,12,97,random_same_norm,0,DE-Soprano-1;DE-Tenor-1;EN-Tenor-1;ES-Soprano-1;FR-Tenor-1;IT-Bass-1;JA-Tenor-1;RU-Alto-1;ZH-Alto-1;ZH-Tenor-1,one_speaker_one_vote_centroids; diagonal_cross_mode_pairs_genuine; all_offdiagonal_cross_mode_pairs_impostor; train_speakers_excluded_from_test_trials,TMR thresholds chosen only from train-speaker impostor trials; test EER is descriptive ROC crossing,0.1,0.6,5.1,0.3170634920634921,0.4,0.9419077258773416,0.9358788330961183,0.006028892781223316,10,90,10,90,0.0,train_calibrated,0.9665999195413898,0.0,nan,insufficient_train_impostor_trials_lt_1000
GTSinger_same_text_control,wavlm_l12,12,101,raw,,EN-Tenor-1;ES-Bass-1;ES-Soprano-1;FR-Tenor-1;IT-Bass-2;KO-Soprano-1;KO-Soprano-2;KO-Tenor-1;ZH-Alto-1;ZH-Tenor-1,one_speaker_one_vote_centroids; diagonal_cross_mode_pairs_genuine; all_offdiagonal_cross_mode_pairs_impostor; train_speakers_excluded_from_test_trials,TMR thresholds chosen only from train-speaker impostor trials; test EER is descriptive ROC crossing,0.1,0.7,4.8,0.33,0.3,0.9689907412749147,0.9624221405016198,0.006568600773294908,10,90,10,90,0.0,train_calibrated,0.9892896386292315,0.0,nan,insufficient_train_impostor_trials_lt_1000
GTSinger_same_text_control,wavlm_l12,12,101,correct_sign_global,,EN-Tenor-1;ES-Bass-1;ES-Soprano-1;FR-Tenor-1;IT-Bass-2;KO-Soprano-1;KO-Soprano-2;KO-Tenor-1;ZH-Alto-1;ZH-Tenor-1,one_speaker_one_vote_centroids; diagonal_cross_mode_pairs_genuine; all_offdiagonal_cross_mode_pairs_impostor; train_speakers_excluded_from_test_trials,TMR thresholds chosen only from train-speaker impostor trials; test EER is descriptive ROC crossing,0.7,1.0,1.5,0.825,0.2,0.9933167465211235,0.9868019142158889,0.00651483230523453,10,90,10,90,0.3,train_calibrated,0.9948274703505594,0.0,nan,insufficient_train_impostor_trials_lt_1000
GTSinger_same_text_control,wavlm_l12,12,101,wrong_sign_global,,EN-Tenor-1;ES-Bass-1;ES-Soprano-1;FR-Tenor-1;IT-Bass-2;KO-Soprano-1;KO-Soprano-2;KO-Tenor-1;ZH-Alto-1;ZH-Tenor-1,one_speaker_one_vote_centroids; diagonal_cross_mode_pairs_genuine; all_offdiagonal_cross_mode_pairs_impostor; train_speakers_excluded_from_test_trials,TMR thresholds chosen only from train-speaker impostor trials; test EER is descriptive ROC crossing,0.1,0.5,5.2,0.30166666666666664,0.37777777777777777,0.897519808960037,0.8913263949234376,0.006193414036599454,10,90,10,90,0.0,train_calibrated,0.9441680496638561,0.0,nan,insufficient_train_impostor_trials_lt_1000
GTSinger_same_text_control,wavlm_l12,12,101,random_same_norm,0,EN-Tenor-1;ES-Bass-1;ES-Soprano-1;FR-Tenor-1;IT-Bass-2;KO-Soprano-1;KO-Soprano-2;KO-Tenor-1;ZH-Alto-1;ZH-Tenor-1,one_speaker_one_vote_centroids; diagonal_cross_mode_pairs_genuine; all_offdiagonal_cross_mode_pairs_impostor; train_speakers_excluded_from_test_trials,TMR thresholds chosen only from train-speaker impostor trials; test EER is descriptive ROC crossing,0.1,0.5,5.0,0.3201190476190476,0.3111111111111111,0.9449770289906437,0.938539268290489,0.006437760700154782,10,90,10,90,0.0,train_calibrated,0.9644416829989041,0.0,nan,insufficient_train_impostor_trials_lt_1000
GTSinger_same_text_control,wavlm_l12,12,103,raw,,DE-Tenor-1;EN-Alto-1;ES-Bass-1;ES-Soprano-1;FR-Soprano-1;IT-Soprano-1;KO-Soprano-1;KO-Soprano-2;KO-Tenor-1;RU-Alto-1,one_speaker_one_vote_centroids; diagonal_cross_mode_pairs_genuine; all_offdiagonal_cross_mode_pairs_impostor; train_speakers_excluded_from_test_trials,TMR thresholds chosen only from train-speaker impostor trials; test EER is descriptive ROC crossing,0.3,0.5,4.3,0.4416666666666666,0.4166666666666667,0.9758525774279632,0.9705308032643765,0.005321774163586701,10,90,10,90,0.2,train_calibrated,0.9837037266664127,0.0,nan,insufficient_train_impostor_trials_lt_1000
GTSinger_same_text_control,wavlm_l12,12,103,correct_sign_global,,DE-Tenor-1;EN-Alto-1;ES-Bass-1;ES-Soprano-1;FR-Soprano-1;IT-Soprano-1;KO-Soprano-1;KO-Soprano-2;KO-Tenor-1;RU-Alto-1,one_speaker_one_vote_centroids; diagonal_cross_mode_pairs_genuine; all_offdiagonal_cross_mode_pairs_impostor; train_speakers_excluded_from_test_trials,TMR thresholds chosen only from train-speaker impostor trials; test EER is descriptive ROC crossing,0.7,1.0,1.4,0.8333333333333333,0.12222222222222222,0.9940843001672504,0.9888712400925825,0.005213060074667819,10,90,10,90,0.6,train_calibrated,0.9939590909951131,0.0,nan,insufficient_train_impostor_trials_lt_1000
GTSinger_same_text_control,wavlm_l12,12,103,wrong_sign_global,,DE-Tenor-1;EN-Alto-1;ES-Bass-1;ES-Soprano-1;FR-Soprano-1;IT-Soprano-1;KO-Soprano-1;KO-Soprano-2;KO-Tenor-1;RU-Alto-1,one_speaker_one_vote_centroids; diagonal_cross_mode_pairs_genuine; all_offdiagonal_cross_mode_pairs_impostor; train_speakers_excluded_from_test_trials,TMR thresholds chosen only from train-speaker impostor trials; test EER is descriptive ROC crossing,0.1,0.5,5.0,0.3172222222222222,0.48888888888888893,0.9016406155331019,0.8965770790388379,0.005063536494264054,10,90,10,90,0.0,train_calibrated,0.930483483804026,0.0,nan,insufficient_train_impostor_trials_lt_1000
GTSinger_same_text_control,wavlm_l12,12,103,random_same_norm,0,DE-Tenor-1;EN-Alto-1;ES-Bass-1;ES-Soprano-1;FR-Soprano-1;IT-Soprano-1;KO-Soprano-1;KO-Soprano-2;KO-Tenor-1;RU-Alto-1,one_speaker_one_vote_centroids; diagonal_cross_mode_pairs_genuine; all_offdiagonal_cross_mode_pairs_impostor; train_speakers_excluded_from_test_trials,TMR thresholds chosen only from train-speaker impostor trials; test EER is descriptive ROC crossing,0.3,0.5,4.2,0.44345238095238093,0.4222222222222222,0.9443679138705336,0.9391200382965864,0.005247875573947236,10,90,10,90,0.1,train_calibrated,0.9531940435621274,0.0,nan,insufficient_train_impostor_trials_lt_1000
GTSinger_same_text_control,wavlm_l12,12,107,raw,,DE-Soprano-1;DE-Tenor-1;EN-Alto-2;ES-Bass-1;FR-Tenor-1;JA-Soprano-1;JA-Tenor-1;KO-Soprano-1;KO-Tenor-1;ZH-Alto-1,one_speaker_one_vote_centroids; diagonal_cross_mode_pairs_genuine; all_offdiagonal_cross_mode_pairs_impostor; train_speakers_excluded_from_test_trials,TMR thresholds chosen only from train-speaker impostor trials; test EER is descriptive ROC crossing,0.1,0.7,4.8,0.3277777777777778,0.4,0.9637438923273886,0.9565829826729005,0.007160909654488012,10,90,10,90,0.0,train_calibrated,0.9892896386292315,0.0,nan,insufficient_train_impostor_trials_lt_1000
GTSinger_same_text_control,wavlm_l12,12,107,correct_sign_global,,DE-Soprano-1;DE-Tenor-1;EN-Alto-2;ES-Bass-1;FR-Tenor-1;JA-Soprano-1;JA-Tenor-1;KO-Soprano-1;KO-Tenor-1;ZH-Alto-1,one_speaker_one_vote_centroids; diagonal_cross_mode_pairs_genuine; all_offdiagonal_cross_mode_pairs_impostor; train_speakers_excluded_from_test_trials,TMR thresholds chosen only from train-speaker impostor trials; test EER is descriptive ROC crossing,0.7,0.9,2.2,0.7861111111111111,0.21666666666666667,0.9919556048104097,0.9849128493351855,0.0070427554752241495,10,90,10,90,0.2,train_calibrated,0.9956201195875821,0.0,nan,insufficient_train_impostor_trials_lt_1000
GTSinger_same_text_control,wavlm_l12,12,107,wrong_sign_global,,DE-Soprano-1;DE-Tenor-1;EN-Alto-2;ES-Bass-1;FR-Tenor-1;JA-Soprano-1;JA-Tenor-1;KO-Soprano-1;KO-Tenor-1;ZH-Alto-1,one_speaker_one_vote_centroids; diagonal_cross_mode_pairs_genuine; all_offdiagonal_cross_mode_pairs_impostor; train_speakers_excluded_from_test_trials,TMR thresholds chosen only from train-speaker impostor trials; test EER is descriptive ROC crossing,0.1,0.5,5.1,0.3044444444444444,0.4,0.8960640970199563,0.8891976032291448,0.006866493790811501,10,90,10,90,0.0,train_calibrated,0.9500081357073905,0.0,nan,insufficient_train_impostor_trials_lt_1000
GTSinger_same_text_control,wavlm_l12,12,107,random_same_norm,0,DE-Soprano-1;DE-Tenor-1;EN-Alto-2;ES-Bass-1;FR-Tenor-1;JA-Soprano-1;JA-Tenor-1;KO-Soprano-1;KO-Tenor-1;ZH-Alto-1,one_speaker_one_vote_centroids; diagonal_cross_mode_pairs_genuine; all_offdiagonal_cross_mode_pairs_impostor; train_speakers_excluded_from_test_trials,TMR thresholds chosen only from train-speaker impostor trials; test EER is descriptive ROC crossing,0.2,0.8,4.6,0.3811111111111112,0.4,0.9435670844077141,0.9365056401752319,0.007061444232482228,10,90,10,90,0.0,train_calibrated,0.968363856556706,0.0,nan,insufficient_train_impostor_trials_lt_1000
GTSinger_same_text_control,wavlm_l12,12,109,raw,,EN-Alto-1;ES-Bass-1;ES-Soprano-1;FR-Soprano-1;FR-Tenor-1;JA-Tenor-1;KO-Soprano-2;KO-Tenor-1;RU-Alto-1;ZH-Alto-1,one_speaker_one_vote_centroids; diagonal_cross_mode_pairs_genuine; all_offdiagonal_cross_mode_pairs_impostor; train_speakers_excluded_from_test_trials,TMR thresholds chosen only from train-speaker impostor trials; test EER is descriptive ROC crossing,0.3,0.5,4.7,0.43539682539682545,0.4166666666666667,0.970986280737625,0.9646084325006058,0.006377848237019257,10,90,10,90,0.2,train_calibrated,0.9837037266664127,0.0,nan,insufficient_train_impostor_trials_lt_1000
GTSinger_same_text_control,wavlm_l12,12,109,correct_sign_global,,EN-Alto-1;ES-Bass-1;ES-Soprano-1;FR-Soprano-1;FR-Tenor-1;JA-Tenor-1;KO-Soprano-2;KO-Tenor-1;RU-Alto-1;ZH-Alto-1,one_speaker_one_vote_centroids; diagonal_cross_mode_pairs_genuine; all_offdiagonal_cross_mode_pairs_impostor; train_speakers_excluded_from_test_trials,TMR thresholds chosen only from train-speaker impostor trials; test EER is descriptive ROC crossing,0.7,0.9,2.0,0.8111111111111111,0.2,0.993383223617049,0.9871544097705565,0.0062288138464925424,10,90,10,90,0.4,train_calibrated,0.9941819734090568,0.0,nan,insufficient_train_impostor_trials_lt_1000
GTSinger_same_text_control,wavlm_l12,12,109,wrong_sign_global,,EN-Alto-1;ES-Bass-1;ES-Soprano-1;FR-Soprano-1;FR-Tenor-1;JA-Tenor-1;KO-Soprano-2;KO-Tenor-1;RU-Alto-1;ZH-Alto-1,one_speaker_one_vote_centroids; diagonal_cross_mode_pairs_genuine; all_offdiagonal_cross_mode_pairs_impostor; train_speakers_excluded_from_test_trials,TMR thresholds chosen only from train-speaker impostor trials; test EER is descriptive ROC crossing,0.1,0.5,5.3,0.3113492063492064,0.49444444444444446,0.8979505566561551,0.8918678252377279,0.00608273141842719,10,90,10,90,0.0,train_calibrated,0.9343674297046958,0.0,nan,insufficient_train_impostor_trials_lt_1000
GTSinger_same_text_control,wavlm_l12,12,109,random_same_norm,0,EN-Alto-1;ES-Bass-1;ES-Soprano-1;FR-Soprano-1;FR-Tenor-1;JA-Tenor-1;KO-Soprano-2;KO-Tenor-1;RU-Alto-1;ZH-Alto-1,one_speaker_one_vote_centroids; diagonal_cross_mode_pairs_genuine; all_offdiagonal_cross_mode_pairs_impostor; train_speakers_excluded_from_test_trials,TMR thresholds chosen only from train-speaker impostor trials; test EER is descriptive ROC crossing,0.3,0.5,4.8,0.42706349206349214,0.4222222222222222,0.9448895717275383,0.9386728332311759,0.006216738496362395,10,90,10,90,0.1,train_calibrated,0.9577033881774472,0.0,nan,insufficient_train_impostor_trials_lt_1000
GTSinger_same_text_control,wavlm_l12,12,113,raw,,EN-Alto-1;EN-Tenor-1;ES-Bass-1;FR-Tenor-1;IT-Bass-1;IT-Soprano-1;JA-Tenor-1;KO-Soprano-1;KO-Tenor-1;ZH-Alto-1,one_speaker_one_vote_centroids; diagonal_cross_mode_pairs_genuine; all_offdiagonal_cross_mode_pairs_impostor; train_speakers_excluded_from_test_trials,TMR thresholds chosen only from train-speaker impostor trials; test EER is descriptive ROC crossing,0.2,0.7,4.5,0.3853968253968254,0.3,0.967005831098507,0.9602799333323406,0.006725897766166389,10,90,10,90,0.1,train_calibrated,0.9816807483319872,0.0,nan,insufficient_train_impostor_trials_lt_1000
GTSinger_same_text_control,wavlm_l12,12,113,correct_sign_global,,EN-Alto-1;EN-Tenor-1;ES-Bass-1;FR-Tenor-1;IT-Bass-1;IT-Soprano-1;JA-Tenor-1;KO-Soprano-1;KO-Tenor-1;ZH-Alto-1,one_speaker_one_vote_centroids; diagonal_cross_mode_pairs_genuine; all_offdiagonal_cross_mode_pairs_impostor; train_speakers_excluded_from_test_trials,TMR thresholds chosen only from train-speaker impostor trials; test EER is descriptive ROC crossing,0.6,0.8,2.5,0.7277777777777779,0.2,0.9923160465711602,0.9857574555936627,0.006558590977497558,10,90,10,90,0.1,train_calibrated,0.9957667557171052,0.0,nan,insufficient_train_impostor_trials_lt_1000
GTSinger_same_text_control,wavlm_l12,12,113,wrong_sign_global,,EN-Alto-1;EN-Tenor-1;ES-Bass-1;FR-Tenor-1;IT-Bass-1;IT-Soprano-1;JA-Tenor-1;KO-Soprano-1;KO-Tenor-1;ZH-Alto-1,one_speaker_one_vote_centroids; diagonal_cross_mode_pairs_genuine; all_offdiagonal_cross_mode_pairs_impostor; train_speakers_excluded_from_test_trials,TMR thresholds chosen only from train-speaker impostor trials; test EER is descriptive ROC crossing,0.1,0.7,5.0,0.3120634920634921,0.3111111111111111,0.8961119634314603,0.8896206259155599,0.006491337515900364,10,90,10,90,0.0,train_calibrated,0.9272766601176089,0.0,nan,insufficient_train_impostor_trials_lt_1000
GTSinger_same_text_control,wavlm_l12,12,113,random_same_norm,0,EN-Alto-1;EN-Tenor-1;ES-Bass-1;FR-Tenor-1;IT-Bass-1;IT-Soprano-1;JA-Tenor-1;KO-Soprano-1;KO-Tenor-1;ZH-Alto-1,one_speaker_one_vote_centroids; diagonal_cross_mode_pairs_genuine; all_offdiagonal_cross_mode_pairs_impostor; train_speakers_excluded_from_test_trials,TMR thresholds chosen only from train-speaker impostor trials; test EER is descriptive ROC crossing,0.2,0.7,4.4,0.3877777777777778,0.3,0.9434305431758616,0.9368425659121867,0.006587977263674882,10,90,10,90,0.0,train_calibrated,0.9589250608514667,0.0,nan,insufficient_train_impostor_trials_lt_1000
GTSinger_same_text_control,wavlm_l12,12,127,raw,,DE-Soprano-1;EN-Alto-1;IT-Bass-1;IT-Bass-2;IT-Soprano-1;JA-Soprano-1;JA-Tenor-1;KO-Soprano-1;KO-Tenor-1;RU-Alto-1,one_speaker_one_vote_centroids; diagonal_cross_mode_pairs_genuine; all_offdiagonal_cross_mode_pairs_impostor; train_speakers_excluded_from_test_trials,TMR thresholds chosen only from train-speaker impostor trials; test EER is descriptive ROC crossing,0.2,0.6,4.8,0.36277777777777775,0.3,0.9670556717430095,0.9609057767759837,0.006149894967025893,10,90,10,90,0.0,train_calibrated,0.9895896660160322,0.0,nan,insufficient_train_impostor_trials_lt_1000
GTSinger_same_text_control,wavlm_l12,12,127,correct_sign_global,,DE-Soprano-1;EN-Alto-1;IT-Bass-1;IT-Bass-2;IT-Soprano-1;JA-Soprano-1;JA-Tenor-1;KO-Soprano-1;KO-Tenor-1;RU-Alto-1,one_speaker_one_vote_centroids; diagonal_cross_mode_pairs_genuine; all_offdiagonal_cross_mode_pairs_impostor; train_speakers_excluded_from_test_trials,TMR thresholds chosen only from train-speaker impostor trials; test EER is descriptive ROC crossing,0.6,0.9,2.3,0.7325,0.3,0.9918864713328611,0.9858411358923388,0.006045335440522326,10,90,10,90,0.3,train_calibrated,0.9957866691656742,0.0,nan,insufficient_train_impostor_trials_lt_1000
GTSinger_same_text_control,wavlm_l12,12,127,wrong_sign_global,,DE-Soprano-1;EN-Alto-1;IT-Bass-1;IT-Bass-2;IT-Soprano-1;JA-Soprano-1;JA-Tenor-1;KO-Soprano-1;KO-Tenor-1;RU-Alto-1,one_speaker_one_vote_centroids; diagonal_cross_mode_pairs_genuine; all_offdiagonal_cross_mode_pairs_impostor; train_speakers_excluded_from_test_trials,TMR thresholds chosen only from train-speaker impostor trials; test EER is descriptive ROC crossing,0.2,0.6,5.0,0.358015873015873,0.3888888888888889,0.8959596533668392,0.8900437782608678,0.005915875105971469,10,90,10,90,0.0,train_calibrated,0.9445405045027809,0.0,nan,insufficient_train_impostor_trials_lt_1000
GTSinger_same_text_control,wavlm_l12,12,127,random_same_norm,0,DE-Soprano-1;EN-Alto-1;IT-Bass-1;IT-Bass-2;IT-Soprano-1;JA-Soprano-1;JA-Tenor-1;KO-Soprano-1;KO-Tenor-1;RU-Alto-1,one_speaker_one_vote_centroids; diagonal_cross_mode_pairs_genuine; all_offdiagonal_cross_mode_pairs_impostor; train_speakers_excluded_from_test_trials,TMR thresholds chosen only from train-speaker impostor trials; test EER is descriptive ROC crossing,0.2,0.6,4.8,0.36277777777777775,0.3,0.9429532805905069,0.9370278079487616,0.005925472641745255,10,90,10,90,0.0,train_calibrated,0.9653129175031884,0.0,nan,insufficient_train_impostor_trials_lt_1000
GTSinger_same_text_control,wavlm_l12,12,131,raw,,DE-Tenor-1;ES-Bass-1;ES-Soprano-1;FR-Tenor-1;IT-Bass-2;JA-Soprano-1;JA-Tenor-1;KO-Soprano-1;KO-Tenor-1;ZH-Alto-1,one_speaker_one_vote_centroids; diagonal_cross_mode_pairs_genuine; all_offdiagonal_cross_mode_pairs_impostor; train_speakers_excluded_from_test_trials,TMR thresholds chosen only from train-speaker impostor trials; test EER is descriptive ROC crossing,0.1,0.7,4.9,0.3202777777777778,0.5,0.9618485375345388,0.9554350481207097,0.006413489413829132,10,90,10,90,0.0,train_calibrated,0.9892896386292315,0.0,nan,insufficient_train_impostor_trials_lt_1000
GTSinger_same_text_control,wavlm_l12,12,131,correct_sign_global,,DE-Tenor-1;ES-Bass-1;ES-Soprano-1;FR-Tenor-1;IT-Bass-2;JA-Soprano-1;JA-Tenor-1;KO-Soprano-1;KO-Tenor-1;ZH-Alto-1,one_speaker_one_vote_centroids; diagonal_cross_mode_pairs_genuine; all_offdiagonal_cross_mode_pairs_impostor; train_speakers_excluded_from_test_trials,TMR thresholds chosen only from train-speaker impostor trials; test EER is descriptive ROC crossing,0.6,0.7,2.8,0.6958333333333334,0.3,0.9904119300370352,0.984071066406113,0.006340863630922233,10,90,10,90,0.3,train_calibrated,0.9954293088241849,0.0,nan,insufficient_train_impostor_trials_lt_1000
GTSinger_same_text_control,wavlm_l12,12,131,wrong_sign_global,,DE-Tenor-1;ES-Bass-1;ES-Soprano-1;FR-Tenor-1;IT-Bass-2;JA-Soprano-1;JA-Tenor-1;KO-Soprano-1;KO-Tenor-1;ZH-Alto-1,one_speaker_one_vote_centroids; diagonal_cross_mode_pairs_genuine; all_offdiagonal_cross_mode_pairs_impostor; train_speakers_excluded_from_test_trials,TMR thresholds chosen only from train-speaker impostor trials; test EER is descriptive ROC crossing,0.1,0.7,5.1,0.31027777777777776,0.5,0.8949341216450636,0.8887826306626234,0.0061514909824401665,10,90,10,90,0.0,train_calibrated,0.9502452606963893,0.0,nan,insufficient_train_impostor_trials_lt_1000
GTSinger_same_text_control,wavlm_l12,12,131,random_same_norm,0,DE-Tenor-1;ES-Bass-1;ES-Soprano-1;FR-Tenor-1;IT-Bass-2;JA-Soprano-1;JA-Tenor-1;KO-Soprano-1;KO-Tenor-1;ZH-Alto-1,one_speaker_one_vote_centroids; diagonal_cross_mode_pairs_genuine; all_offdiagonal_cross_mode_pairs_impostor; train_speakers_excluded_from_test_trials,TMR thresholds chosen only from train-speaker impostor trials; test EER is descriptive ROC crossing,0.1,0.7,4.8,0.3252777777777778,0.5,0.9409645502541814,0.9346847969346123,0.0062797533195690924,10,90,10,90,0.0,train_calibrated,0.9692352280484148,0.0,nan,insufficient_train_impostor_trials_lt_1000
GTSinger_same_text_control,wavlm_l12,12,137,raw,,DE-Soprano-1;EN-Alto-1;ES-Bass-1;ES-Soprano-1;FR-Tenor-1;IT-Soprano-1;JA-Tenor-1;KO-Soprano-1;KO-Tenor-1;ZH-Alto-1,one_speaker_one_vote_centroids; diagonal_cross_mode_pairs_genuine; all_offdiagonal_cross_mode_pairs_impostor; train_speakers_excluded_from_test_trials,TMR thresholds chosen only from train-speaker impostor trials; test EER is descriptive ROC crossing,0.2,0.7,4.7,0.38111111111111107,0.3833333333333333,0.9692896526181152,0.9626693128088284,0.006620339809286779,10,90,10,90,0.0,train_calibrated,0.9892896386292315,0.0,nan,insufficient_train_impostor_trials_lt_1000
GTSinger_same_text_control,wavlm_l12,12,137,correct_sign_global,,DE-Soprano-1;EN-Alto-1;ES-Bass-1;ES-Soprano-1;FR-Tenor-1;IT-Soprano-1;JA-Tenor-1;KO-Soprano-1;KO-Tenor-1;ZH-Alto-1,one_speaker_one_vote_centroids; diagonal_cross_mode_pairs_genuine; all_offdiagonal_cross_mode_pairs_impostor; train_speakers_excluded_from_test_trials,TMR thresholds chosen only from train-speaker impostor trials; test EER is descriptive ROC crossing,0.7,0.9,2.2,0.7861111111111111,0.2,0.9936891235483534,0.9872072381545116,0.0064818853938417575,10,90,10,90,0.4,train_calibrated,0.9959807467939862,0.0,nan,insufficient_train_impostor_trials_lt_1000
GTSinger_same_text_control,wavlm_l12,12,137,wrong_sign_global,,DE-Soprano-1;EN-Alto-1;ES-Bass-1;ES-Soprano-1;FR-Tenor-1;IT-Soprano-1;JA-Tenor-1;KO-Soprano-1;KO-Tenor-1;ZH-Alto-1,one_speaker_one_vote_centroids; diagonal_cross_mode_pairs_genuine; all_offdiagonal_cross_mode_pairs_impostor; train_speakers_excluded_from_test_trials,TMR thresholds chosen only from train-speaker impostor trials; test EER is descriptive ROC crossing,0.1,0.6,5.2,0.3063492063492063,0.4222222222222222,0.8977949677687954,0.8914685776722829,0.00632639009651248,10,90,10,90,0.0,train_calibrated,0.944922712208161,0.0,nan,insufficient_train_impostor_trials_lt_1000
GTSinger_same_text_control,wavlm_l12,12,137,random_same_norm,0,DE-Soprano-1;EN-Alto-1;ES-Bass-1;ES-Soprano-1;FR-Tenor-1;IT-Soprano-1;JA-Tenor-1;KO-Soprano-1;KO-Tenor-1;ZH-Alto-1,one_speaker_one_vote_centroids; diagonal_cross_mode_pairs_genuine; all_offdiagonal_cross_mode_pairs_impostor; train_speakers_excluded_from_test_trials,TMR thresholds chosen only from train-speaker impostor trials; test EER is descriptive ROC crossing,0.2,0.6,4.7,0.39444444444444443,0.3888888888888889,0.9463986293039005,0.9399632714340209,0.006435357869879588,10,90,10,90,0.0,train_calibrated,0.9656156632955321,0.0,nan,insufficient_train_impostor_trials_lt_1000
GTSinger_same_text_control,wavlm_l12,12,139,raw,,EN-Alto-1;EN-Tenor-1;ES-Soprano-1;FR-Soprano-1;IT-Bass-2;JA-Soprano-1;JA-Tenor-1;KO-Tenor-1;ZH-Alto-1;ZH-Tenor-1,one_speaker_one_vote_centroids; diagonal_cross_mode_pairs_genuine; all_offdiagonal_cross_mode_pairs_impostor; train_speakers_excluded_from_test_trials,TMR thresholds chosen only from train-speaker impostor trials; test EER is descriptive ROC crossing,0.2,0.7,4.7,0.375,0.4,0.9638831060039749,0.9577186052835123,0.006164500720462596,10,90,10,90,0.0,train_calibrated,0.9923185442948536,0.0,nan,insufficient_train_impostor_trials_lt_1000
GTSinger_same_text_control,wavlm_l12,12,139,correct_sign_global,,EN-Alto-1;EN-Tenor-1;ES-Soprano-1;FR-Soprano-1;IT-Bass-2;JA-Soprano-1;JA-Tenor-1;KO-Tenor-1;ZH-Alto-1;ZH-Tenor-1,one_speaker_one_vote_centroids; diagonal_cross_mode_pairs_genuine; all_offdiagonal_cross_mode_pairs_impostor; train_speakers_excluded_from_test_trials,TMR thresholds chosen only from train-speaker impostor trials; test EER is descriptive ROC crossing,0.8,0.9,1.9,0.861111111111111,0.3,0.9915921154183707,0.9855262217901074,0.006065893628263264,10,90,10,90,0.4,train_calibrated,0.9942721713757213,0.0,nan,insufficient_train_impostor_trials_lt_1000
GTSinger_same_text_control,wavlm_l12,12,139,wrong_sign_global,,EN-Alto-1;EN-Tenor-1;ES-Soprano-1;FR-Soprano-1;IT-Bass-2;JA-Soprano-1;JA-Tenor-1;KO-Tenor-1;ZH-Alto-1;ZH-Tenor-1,one_speaker_one_vote_centroids; diagonal_cross_mode_pairs_genuine; all_offdiagonal_cross_mode_pairs_impostor; train_speakers_excluded_from_test_trials,TMR thresholds chosen only from train-speaker impostor trials; test EER is descriptive ROC crossing,0.1,0.5,5.0,0.3183333333333333,0.4,0.8953420628081743,0.8893754914953494,0.005966571312824853,10,90,10,90,0.0,train_calibrated,0.9554320360645735,0.0,nan,insufficient_train_impostor_trials_lt_1000
GTSinger_same_text_control,wavlm_l12,12,139,random_same_norm,0,EN-Alto-1;EN-Tenor-1;ES-Soprano-1;FR-Soprano-1;IT-Bass-2;JA-Soprano-1;JA-Tenor-1;KO-Tenor-1;ZH-Alto-1;ZH-Tenor-1,one_speaker_one_vote_centroids; diagonal_cross_mode_pairs_genuine; all_offdiagonal_cross_mode_pairs_impostor; train_speakers_excluded_from_test_trials,TMR thresholds chosen only from train-speaker impostor trials; test EER is descriptive ROC crossing,0.2,0.6,4.8,0.3716666666666667,0.4,0.9399673953889289,0.9339385203320915,0.006028875056837468,10,90,10,90,0.0,train_calibrated,0.970818562163312,0.0,nan,insufficient_train_impostor_trials_lt_1000
GTSinger_same_text_control,wavlm_l12,12,149,raw,,EN-Alto-1;EN-Alto-2;ES-Soprano-1;FR-Tenor-1;IT-Bass-1;IT-Soprano-1;JA-Soprano-1;JA-Tenor-1;RU-Alto-1;ZH-Alto-1,one_speaker_one_vote_centroids; diagonal_cross_mode_pairs_genuine; all_offdiagonal_cross_mode_pairs_impostor; train_speakers_excluded_from_test_trials,TMR thresholds chosen only from train-speaker impostor trials; test EER is descriptive ROC crossing,0.3,0.6,4.7,0.4420634920634921,0.3888888888888889,0.9675561007060323,0.9602738038137754,0.007282296892256901,10,90,10,90,0.0,train_calibrated,0.9893871945915839,0.0,nan,insufficient_train_impostor_trials_lt_1000
GTSinger_same_text_control,wavlm_l12,12,149,correct_sign_global,,EN-Alto-1;EN-Alto-2;ES-Soprano-1;FR-Tenor-1;IT-Bass-1;IT-Soprano-1;JA-Soprano-1;JA-Tenor-1;RU-Alto-1;ZH-Alto-1,one_speaker_one_vote_centroids; diagonal_cross_mode_pairs_genuine; all_offdiagonal_cross_mode_pairs_impostor; train_speakers_excluded_from_test_trials,TMR thresholds chosen only from train-speaker impostor trials; test EER is descriptive ROC crossing,0.8,0.9,2.0,0.8444444444444444,0.2777777777777778,0.9925462515236891,0.9854094160388454,0.007136835484843784,10,90,10,90,0.5,train_calibrated,0.994372641115259,0.0,nan,insufficient_train_impostor_trials_lt_1000
GTSinger_same_text_control,wavlm_l12,12,149,wrong_sign_global,,EN-Alto-1;EN-Alto-2;ES-Soprano-1;FR-Tenor-1;IT-Bass-1;IT-Soprano-1;JA-Soprano-1;JA-Tenor-1;RU-Alto-1;ZH-Alto-1,one_speaker_one_vote_centroids; diagonal_cross_mode_pairs_genuine; all_offdiagonal_cross_mode_pairs_impostor; train_speakers_excluded_from_test_trials,TMR thresholds chosen only from train-speaker impostor trials; test EER is descriptive ROC crossing,0.3,0.6,5.0,0.4146825396825397,0.4111111111111111,0.8960587404035542,0.8890879888991274,0.00697075150442672,10,90,10,90,0.0,train_calibrated,0.9434975718685853,0.0,nan,insufficient_train_impostor_trials_lt_1000
GTSinger_same_text_control,wavlm_l12,12,149,random_same_norm,0,EN-Alto-1;EN-Alto-2;ES-Soprano-1;FR-Tenor-1;IT-Bass-1;IT-Soprano-1;JA-Soprano-1;JA-Tenor-1;RU-Alto-1;ZH-Alto-1,one_speaker_one_vote_centroids; diagonal_cross_mode_pairs_genuine; all_offdiagonal_cross_mode_pairs_impostor; train_speakers_excluded_from_test_trials,TMR thresholds chosen only from train-speaker impostor trials; test EER is descriptive ROC crossing,0.3,0.6,4.9,0.4170634920634921,0.4,0.9434651814202676,0.9364081853848365,0.0070569960354310846,10,90,10,90,0.0,train_calibrated,0.9655564843838075,0.0,nan,insufficient_train_impostor_trials_lt_1000
GTSinger_same_text_control,wavlm_l12,12,151,raw,,DE-Soprano-1;EN-Tenor-1;ES-Bass-1;FR-Soprano-1;IT-Bass-1;IT-Bass-2;JA-Soprano-1;JA-Tenor-1;KO-Soprano-2;ZH-Tenor-1,one_speaker_one_vote_centroids; diagonal_cross_mode_pairs_genuine; all_offdiagonal_cross_mode_pairs_impostor; train_speakers_excluded_from_test_trials,TMR thresholds chosen only from train-speaker impostor trials; test EER is descriptive ROC crossing,0.1,0.6,4.9,0.32607142857142857,0.4,0.9643383675237519,0.9577353366325494,0.00660303089120251,10,90,10,90,0.0,train_calibrated,0.9867373424356833,0.0,nan,insufficient_train_impostor_trials_lt_1000
GTSinger_same_text_control,wavlm_l12,12,151,correct_sign_global,,DE-Soprano-1;EN-Tenor-1;ES-Bass-1;FR-Soprano-1;IT-Bass-1;IT-Bass-2;JA-Soprano-1;JA-Tenor-1;KO-Soprano-2;ZH-Tenor-1,one_speaker_one_vote_centroids; diagonal_cross_mode_pairs_genuine; all_offdiagonal_cross_mode_pairs_impostor; train_speakers_excluded_from_test_trials,TMR thresholds chosen only from train-speaker impostor trials; test EER is descriptive ROC crossing,0.8,0.8,2.3,0.8277777777777778,0.3,0.9915871873021811,0.984993881338461,0.0065933059637200975,10,90,10,90,0.3,train_calibrated,0.9948779077317381,0.0,nan,insufficient_train_impostor_trials_lt_1000
GTSinger_same_text_control,wavlm_l12,12,151,wrong_sign_global,,DE-Soprano-1;EN-Tenor-1;ES-Bass-1;FR-Soprano-1;IT-Bass-1;IT-Bass-2;JA-Soprano-1;JA-Tenor-1;KO-Soprano-2;ZH-Tenor-1,one_speaker_one_vote_centroids; diagonal_cross_mode_pairs_genuine; all_offdiagonal_cross_mode_pairs_impostor; train_speakers_excluded_from_test_trials,TMR thresholds chosen only from train-speaker impostor trials; test EER is descriptive ROC crossing,0.1,0.6,5.0,0.3242857142857143,0.4,0.8959554384232472,0.8896913625203381,0.006264075902909116,10,90,10,90,0.0,train_calibrated,0.9409345310293357,0.0,nan,insufficient_train_impostor_trials_lt_1000
GTSinger_same_text_control,wavlm_l12,12,151,random_same_norm,0,DE-Soprano-1;EN-Tenor-1;ES-Bass-1;FR-Soprano-1;IT-Bass-1;IT-Bass-2;JA-Soprano-1;JA-Tenor-1;KO-Soprano-2;ZH-Tenor-1,one_speaker_one_vote_centroids; diagonal_cross_mode_pairs_genuine; all_offdiagonal_cross_mode_pairs_impostor; train_speakers_excluded_from_test_trials,TMR thresholds chosen only from train-speaker impostor trials; test EER is descriptive ROC crossing,0.1,0.6,4.9,0.32607142857142857,0.4,0.9411632178998659,0.9346730855363353,0.006490132363530576,10,90,10,90,0.0,train_calibrated,0.9639660634097278,0.0,nan,insufficient_train_impostor_trials_lt_1000
GTSinger_same_text_control,wavlm_l12,12,157,raw,,ES-Soprano-1;FR-Soprano-1;FR-Tenor-1;IT-Bass-1;IT-Bass-2;IT-Soprano-1;JA-Tenor-1;KO-Soprano-1;KO-Soprano-2;RU-Alto-1,one_speaker_one_vote_centroids; diagonal_cross_mode_pairs_genuine; all_offdiagonal_cross_mode_pairs_impostor; train_speakers_excluded_from_test_trials,TMR thresholds chosen only from train-speaker impostor trials; test EER is descriptive ROC crossing,0.1,0.6,5.0,0.3252777777777778,0.3055555555555556,0.9673288268678775,0.9614188732440445,0.005909953623832953,10,90,10,90,0.0,train_calibrated,0.9893871945915839,0.0,nan,insufficient_train_impostor_trials_lt_1000
GTSinger_same_text_control,wavlm_l12,12,157,correct_sign_global,,ES-Soprano-1;FR-Soprano-1;FR-Tenor-1;IT-Bass-1;IT-Bass-2;IT-Soprano-1;JA-Tenor-1;KO-Soprano-1;KO-Soprano-2;RU-Alto-1,one_speaker_one_vote_centroids; diagonal_cross_mode_pairs_genuine; all_offdiagonal_cross_mode_pairs_impostor; train_speakers_excluded_from_test_trials,TMR thresholds chosen only from train-speaker impostor trials; test EER is descriptive ROC crossing,0.6,0.9,2.5,0.6926190476190477,0.3,0.9913924952605541,0.9855327301449457,0.005859765115608373,10,90,10,90,0.2,train_calibrated,0.9956879527818929,0.0,nan,insufficient_train_impostor_trials_lt_1000
GTSinger_same_text_control,wavlm_l12,12,157,wrong_sign_global,,ES-Soprano-1;FR-Soprano-1;FR-Tenor-1;IT-Bass-1;IT-Bass-2;IT-Soprano-1;JA-Tenor-1;KO-Soprano-1;KO-Soprano-2;RU-Alto-1,one_speaker_one_vote_centroids; diagonal_cross_mode_pairs_genuine; all_offdiagonal_cross_mode_pairs_impostor; train_speakers_excluded_from_test_trials,TMR thresholds chosen only from train-speaker impostor trials; test EER is descriptive ROC crossing,0.1,0.6,5.2,0.30623015873015874,0.4,0.8966397118077104,0.8910033693832209,0.0056363424244895155,10,90,10,90,0.0,train_calibrated,0.9434550818927077,0.0,nan,insufficient_train_impostor_trials_lt_1000
GTSinger_same_text_control,wavlm_l12,12,157,random_same_norm,0,ES-Soprano-1;FR-Soprano-1;FR-Tenor-1;IT-Bass-1;IT-Bass-2;IT-Soprano-1;JA-Tenor-1;KO-Soprano-1;KO-Soprano-2;RU-Alto-1,one_speaker_one_vote_centroids; diagonal_cross_mode_pairs_genuine; all_offdiagonal_cross_mode_pairs_impostor; train_speakers_excluded_from_test_trials,TMR thresholds chosen only from train-speaker impostor trials; test EER is descriptive ROC crossing,0.1,0.6,5.1,0.3086111111111111,0.37777777777777777,0.9432114247978397,0.9374343893946288,0.0057770354032109505,10,90,10,90,0.0,train_calibrated,0.9642223851141837,0.0,nan,insufficient_train_impostor_trials_lt_1000
GTSinger_same_text_control,wavlm_l12,12,163,raw,,DE-Soprano-1;DE-Tenor-1;EN-Alto-2;EN-Tenor-1;FR-Soprano-1;IT-Soprano-1;KO-Soprano-2;KO-Tenor-1;RU-Alto-1;ZH-Tenor-1,one_speaker_one_vote_centroids; diagonal_cross_mode_pairs_genuine; all_offdiagonal_cross_mode_pairs_impostor; train_speakers_excluded_from_test_trials,TMR thresholds chosen only from train-speaker impostor trials; test EER is descriptive ROC crossing,0.2,0.7,4.5,0.3985714285714286,0.37777777777777777,0.9719121812639695,0.9658268780030402,0.0060853032609292645,10,90,10,90,0.0,train_calibrated,0.9923185442948536,0.0,nan,insufficient_train_impostor_trials_lt_1000
GTSinger_same_text_control,wavlm_l12,12,163,correct_sign_global,,DE-Soprano-1;DE-Tenor-1;EN-Alto-2;EN-Tenor-1;FR-Soprano-1;IT-Soprano-1;KO-Soprano-2;KO-Tenor-1;RU-Alto-1;ZH-Tenor-1,one_speaker_one_vote_centroids; diagonal_cross_mode_pairs_genuine; all_offdiagonal_cross_mode_pairs_impostor; train_speakers_excluded_from_test_trials,TMR thresholds chosen only from train-speaker impostor trials; test EER is descriptive ROC crossing,1.0,1.0,1.0,1.0,0.07777777777777778,0.9951073058016314,0.9890757344504173,0.006031571351214127,10,90,10,90,0.5,train_calibrated,0.995546209079647,0.0,nan,insufficient_train_impostor_trials_lt_1000
GTSinger_same_text_control,wavlm_l12,12,163,wrong_sign_global,,DE-Soprano-1;DE-Tenor-1;EN-Alto-2;EN-Tenor-1;FR-Soprano-1;IT-Soprano-1;KO-Soprano-2;KO-Tenor-1;RU-Alto-1;ZH-Tenor-1,one_speaker_one_vote_centroids; diagonal_cross_mode_pairs_genuine; all_offdiagonal_cross_mode_pairs_impostor; train_speakers_excluded_from_test_trials,TMR thresholds chosen only from train-speaker impostor trials; test EER is descriptive ROC crossing,0.2,0.7,4.9,0.3616666666666667,0.4166666666666667,0.9002020392143901,0.894420047956984,0.005781991257406083,10,90,10,90,0.0,train_calibrated,0.9511179173627865,0.0,nan,insufficient_train_impostor_trials_lt_1000
GTSinger_same_text_control,wavlm_l12,12,163,random_same_norm,0,DE-Soprano-1;DE-Tenor-1;EN-Alto-2;EN-Tenor-1;FR-Soprano-1;IT-Soprano-1;KO-Soprano-2;KO-Tenor-1;RU-Alto-1;ZH-Tenor-1,one_speaker_one_vote_centroids; diagonal_cross_mode_pairs_genuine; all_offdiagonal_cross_mode_pairs_impostor; train_speakers_excluded_from_test_trials,TMR thresholds chosen only from train-speaker impostor trials; test EER is descriptive ROC crossing,0.2,0.7,4.5,0.3985714285714286,0.37777777777777777,0.9455097257686067,0.9395596606654256,0.005950065103181079,10,90,10,90,0.0,train_calibrated,0.9666589230060777,0.0,nan,insufficient_train_impostor_trials_lt_1000
GTSinger_same_text_control,wavlm_l12,12,167,raw,,DE-Soprano-1;EN-Alto-1;ES-Bass-1;FR-Soprano-1;FR-Tenor-1;IT-Bass-1;JA-Soprano-1;JA-Tenor-1;KO-Soprano-1;KO-Tenor-1,one_speaker_one_vote_centroids; diagonal_cross_mode_pairs_genuine; all_offdiagonal_cross_mode_pairs_impostor; train_speakers_excluded_from_test_trials,TMR thresholds chosen only from train-speaker impostor trials; test EER is descriptive ROC crossing,0.2,0.6,4.8,0.36277777777777775,0.3055555555555556,0.9671500189878651,0.9606495538471156,0.006500465140749534,10,90,10,90,0.1,train_calibrated,0.9833732471971258,0.0,nan,insufficient_train_impostor_trials_lt_1000
GTSinger_same_text_control,wavlm_l12,12,167,correct_sign_global,,DE-Soprano-1;EN-Alto-1;ES-Bass-1;FR-Soprano-1;FR-Tenor-1;IT-Bass-1;JA-Soprano-1;JA-Tenor-1;KO-Soprano-1;KO-Tenor-1,one_speaker_one_vote_centroids; diagonal_cross_mode_pairs_genuine; all_offdiagonal_cross_mode_pairs_impostor; train_speakers_excluded_from_test_trials,TMR thresholds chosen only from train-speaker impostor trials; test EER is descriptive ROC crossing,0.6,0.9,2.5,0.7144444444444444,0.3,0.9923919152125713,0.9860151910375875,0.0063767241749838055,10,90,10,90,0.3,train_calibrated,0.995587806108695,0.0,nan,insufficient_train_impostor_trials_lt_1000
GTSinger_same_text_control,wavlm_l12,12,167,wrong_sign_global,,DE-Soprano-1;EN-Alto-1;ES-Bass-1;FR-Soprano-1;FR-Tenor-1;IT-Bass-1;JA-Soprano-1;JA-Tenor-1;KO-Soprano-1;KO-Tenor-1,one_speaker_one_vote_centroids; diagonal_cross_mode_pairs_genuine; all_offdiagonal_cross_mode_pairs_impostor; train_speakers_excluded_from_test_trials,TMR thresholds chosen only from train-speaker impostor trials; test EER is descriptive ROC crossing,0.1,0.6,5.1,0.30801587301587297,0.4,0.8963095113800439,0.8901035017552428,0.006206009624801112,10,90,10,90,0.0,train_calibrated,0.9344536688702566,0.0,nan,insufficient_train_impostor_trials_lt_1000
GTSinger_same_text_control,wavlm_l12,12,167,random_same_norm,0,DE-Soprano-1;EN-Alto-1;ES-Bass-1;FR-Soprano-1;FR-Tenor-1;IT-Bass-1;JA-Soprano-1;JA-Tenor-1;KO-Soprano-1;KO-Tenor-1,one_speaker_one_vote_centroids; diagonal_cross_mode_pairs_genuine; all_offdiagonal_cross_mode_pairs_impostor; train_speakers_excluded_from_test_trials,TMR thresholds chosen only from train-speaker impostor trials; test EER is descriptive ROC crossing,0.2,0.6,4.7,0.3794444444444444,0.3,0.9428315992829248,0.9365128616799271,0.006318737602997726,10,90,10,90,0.0,train_calibrated,0.9605022674201421,0.0,nan,insufficient_train_impostor_trials_lt_1000
GTSinger_same_text_control,wavlm_l12,12,173,raw,,EN-Tenor-1;ES-Bass-1;IT-Soprano-1;JA-Soprano-1;KO-Soprano-1;KO-Soprano-2;KO-Tenor-1;RU-Alto-1;ZH-Alto-1;ZH-Tenor-1,one_speaker_one_vote_centroids; diagonal_cross_mode_pairs_genuine; all_offdiagonal_cross_mode_pairs_impostor; train_speakers_excluded_from_test_trials,TMR thresholds chosen only from train-speaker impostor trials; test EER is descriptive ROC crossing,0.2,0.7,4.3,0.37666666666666665,0.3,0.9715837587151235,0.9660340000874489,0.005549758627674595,10,90,10,90,0.1,train_calibrated,0.9842778304458347,0.0,nan,insufficient_train_impostor_trials_lt_1000
GTSinger_same_text_control,wavlm_l12,12,173,correct_sign_global,,EN-Tenor-1;ES-Bass-1;IT-Soprano-1;JA-Soprano-1;KO-Soprano-1;KO-Soprano-2;KO-Tenor-1;RU-Alto-1;ZH-Alto-1;ZH-Tenor-1,one_speaker_one_vote_centroids; diagonal_cross_mode_pairs_genuine; all_offdiagonal_cross_mode_pairs_impostor; train_speakers_excluded_from_test_trials,TMR thresholds chosen only from train-speaker impostor trials; test EER is descriptive ROC crossing,0.9,1.0,1.2,0.9333333333333332,0.1,0.993419657695277,0.9879027324924728,0.005516925202804113,10,90,10,90,0.3,train_calibrated,0.9946785491913721,0.0,nan,insufficient_train_impostor_trials_lt_1000
GTSinger_same_text_control,wavlm_l12,12,173,wrong_sign_global,,EN-Tenor-1;ES-Bass-1;IT-Soprano-1;JA-Soprano-1;KO-Soprano-1;KO-Soprano-2;KO-Tenor-1;RU-Alto-1;ZH-Alto-1;ZH-Tenor-1,one_speaker_one_vote_centroids; diagonal_cross_mode_pairs_genuine; all_offdiagonal_cross_mode_pairs_impostor; train_speakers_excluded_from_test_trials,TMR thresholds chosen only from train-speaker impostor trials; test EER is descriptive ROC crossing,0.2,0.7,4.7,0.36833333333333335,0.4,0.8997134736131149,0.8944782851983857,0.005235188414729253,10,90,10,90,0.0,train_calibrated,0.9350543232277368,0.0,nan,insufficient_train_impostor_trials_lt_1000
GTSinger_same_text_control,wavlm_l12,12,173,random_same_norm,0,EN-Tenor-1;ES-Bass-1;IT-Soprano-1;JA-Soprano-1;KO-Soprano-1;KO-Soprano-2;KO-Tenor-1;RU-Alto-1;ZH-Alto-1;ZH-Tenor-1,one_speaker_one_vote_centroids; diagonal_cross_mode_pairs_genuine; all_offdiagonal_cross_mode_pairs_impostor; train_speakers_excluded_from_test_trials,TMR thresholds chosen only from train-speaker impostor trials; test EER is descriptive ROC crossing,0.2,0.8,4.3,0.37373015873015875,0.3055555555555556,0.9476763998424975,0.9422623229660709,0.005414076876426588,10,90,10,90,0.1,train_calibrated,0.9588496032366324,0.0,nan,insufficient_train_impostor_trials_lt_1000
GTSinger_same_text_control,wavlm_l12,12,179,raw,,DE-Tenor-1;ES-Bass-1;ES-Soprano-1;FR-Soprano-1;FR-Tenor-1;IT-Bass-2;IT-Soprano-1;KO-Soprano-2;RU-Alto-1;ZH-Alto-1,one_speaker_one_vote_centroids; diagonal_cross_mode_pairs_genuine; all_offdiagonal_cross_mode_pairs_impostor; train_speakers_excluded_from_test_trials,TMR thresholds chosen only from train-speaker impostor trials; test EER is descriptive ROC crossing,0.2,0.7,4.8,0.36444444444444446,0.3888888888888889,0.9706705607096415,0.9643326725504148,0.006337888159226757,10,90,10,90,0.1,train_calibrated,0.9842778304458347,0.0,nan,insufficient_train_impostor_trials_lt_1000
GTSinger_same_text_control,wavlm_l12,12,179,correct_sign_global,,DE-Tenor-1;ES-Bass-1;ES-Soprano-1;FR-Soprano-1;FR-Tenor-1;IT-Bass-2;IT-Soprano-1;KO-Soprano-2;RU-Alto-1;ZH-Alto-1,one_speaker_one_vote_centroids; diagonal_cross_mode_pairs_genuine; all_offdiagonal_cross_mode_pairs_impostor; train_speakers_excluded_from_test_trials,TMR thresholds chosen only from train-speaker impostor trials; test EER is descriptive ROC crossing,0.7,1.0,1.7,0.8,0.2,0.9930925462096507,0.9868205273765758,0.006272018833074933,10,90,10,90,0.4,train_calibrated,0.9947905726118546,0.0,nan,insufficient_train_impostor_trials_lt_1000
GTSinger_same_text_control,wavlm_l12,12,179,wrong_sign_global,,DE-Tenor-1;ES-Bass-1;ES-Soprano-1;FR-Soprano-1;FR-Tenor-1;IT-Bass-2;IT-Soprano-1;KO-Soprano-2;RU-Alto-1;ZH-Alto-1,one_speaker_one_vote_centroids; diagonal_cross_mode_pairs_genuine; all_offdiagonal_cross_mode_pairs_impostor; train_speakers_excluded_from_test_trials,TMR thresholds chosen only from train-speaker impostor trials; test EER is descriptive ROC crossing,0.1,0.6,5.3,0.29801587301587296,0.4222222222222222,0.8986842902474571,0.8927026786963534,0.0059816115511036605,10,90,10,90,0.0,train_calibrated,0.9345537837965957,0.0,nan,insufficient_train_impostor_trials_lt_1000
GTSinger_same_text_control,wavlm_l12,12,179,random_same_norm,0,DE-Tenor-1;ES-Bass-1;ES-Soprano-1;FR-Soprano-1;FR-Tenor-1;IT-Bass-2;IT-Soprano-1;KO-Soprano-2;RU-Alto-1;ZH-Alto-1,one_speaker_one_vote_centroids; diagonal_cross_mode_pairs_genuine; all_offdiagonal_cross_mode_pairs_impostor; train_speakers_excluded_from_test_trials,TMR thresholds chosen only from train-speaker impostor trials; test EER is descriptive ROC crossing,0.2,0.7,4.9,0.35611111111111116,0.37777777777777777,0.9422595206943833,0.9361149351285789,0.006144585565804439,10,90,10,90,0.1,train_calibrated,0.9579482687290799,0.0,nan,insufficient_train_impostor_trials_lt_1000
GTSinger_same_text_control,wavlm_l12,12,181,raw,,DE-Tenor-1;EN-Alto-2;EN-Tenor-1;ES-Soprano-1;FR-Tenor-1;IT-Bass-1;KO-Soprano-2;KO-Tenor-1;RU-Alto-1;ZH-Tenor-1,one_speaker_one_vote_centroids; diagonal_cross_mode_pairs_genuine; all_offdiagonal_cross_mode_pairs_impostor; train_speakers_excluded_from_test_trials,TMR thresholds chosen only from train-speaker impostor trials; test EER is descriptive ROC crossing,0.2,0.6,4.7,0.393452380952381,0.4,0.9705878647286038,0.9636196198921398,0.006968244836463966,10,90,10,90,0.1,train_calibrated,0.9845956535131999,0.0,nan,insufficient_train_impostor_trials_lt_1000
GTSinger_same_text_control,wavlm_l12,12,181,correct_sign_global,,DE-Tenor-1;EN-Alto-2;EN-Tenor-1;ES-Soprano-1;FR-Tenor-1;IT-Bass-1;KO-Soprano-2;KO-Tenor-1;RU-Alto-1;ZH-Tenor-1,one_speaker_one_vote_centroids; diagonal_cross_mode_pairs_genuine; all_offdiagonal_cross_mode_pairs_impostor; train_speakers_excluded_from_test_trials,TMR thresholds chosen only from train-speaker impostor trials; test EER is descriptive ROC crossing,0.8,1.0,1.5,0.8699999999999999,0.1,0.9943557842366861,0.9874756134884395,0.00688017074824665,10,90,10,90,0.4,train_calibrated,0.9947717930916168,0.0,nan,insufficient_train_impostor_trials_lt_1000
GTSinger_same_text_control,wavlm_l12,12,181,wrong_sign_global,,DE-Tenor-1;EN-Alto-2;EN-Tenor-1;ES-Soprano-1;FR-Tenor-1;IT-Bass-1;KO-Soprano-2;KO-Tenor-1;RU-Alto-1;ZH-Tenor-1,one_speaker_one_vote_centroids; diagonal_cross_mode_pairs_genuine; all_offdiagonal_cross_mode_pairs_impostor; train_speakers_excluded_from_test_trials,TMR thresholds chosen only from train-speaker impostor trials; test EER is descriptive ROC crossing,0.2,0.5,5.1,0.34845238095238096,0.4222222222222222,0.8982979717437175,0.8917028707987528,0.006595100944964738,10,90,10,90,0.0,train_calibrated,0.9320885159893949,0.0,nan,insufficient_train_impostor_trials_lt_1000
GTSinger_same_text_control,wavlm_l12,12,181,random_same_norm,0,DE-Tenor-1;EN-Alto-2;EN-Tenor-1;ES-Soprano-1;FR-Tenor-1;IT-Bass-1;KO-Soprano-2;KO-Tenor-1;RU-Alto-1;ZH-Tenor-1,one_speaker_one_vote_centroids; diagonal_cross_mode_pairs_genuine; all_offdiagonal_cross_mode_pairs_impostor; train_speakers_excluded_from_test_trials,TMR thresholds chosen only from train-speaker impostor trials; test EER is descriptive ROC crossing,0.2,0.6,4.7,0.393452380952381,0.4,0.9446109836728483,0.9378001525057521,0.006810831167096243,10,90,10,90,0.1,train_calibrated,0.9584958610340942,0.0,nan,insufficient_train_impostor_trials_lt_1000
GTSinger_same_text_control,wavlm_l12,12,191,raw,,DE-Soprano-1;EN-Alto-1;EN-Alto-2;IT-Bass-2;IT-Soprano-1;JA-Tenor-1;KO-Soprano-1;KO-Soprano-2;KO-Tenor-1;RU-Alto-1,one_speaker_one_vote_centroids; diagonal_cross_mode_pairs_genuine; all_offdiagonal_cross_mode_pairs_impostor; train_speakers_excluded_from_test_trials,TMR thresholds chosen only from train-speaker impostor trials; test EER is descriptive ROC crossing,0.3,0.5,4.6,0.45206349206349206,0.3888888888888889,0.9693223161511104,0.9627670947256647,0.006555221425445734,10,90,10,90,0.0,train_calibrated,0.9923185442948536,0.0,nan,insufficient_train_impostor_trials_lt_1000
GTSinger_same_text_control,wavlm_l12,12,191,correct_sign_global,,DE-Soprano-1;EN-Alto-1;EN-Alto-2;IT-Bass-2;IT-Soprano-1;JA-Tenor-1;KO-Soprano-1;KO-Soprano-2;KO-Tenor-1;RU-Alto-1,one_speaker_one_vote_centroids; diagonal_cross_mode_pairs_genuine; all_offdiagonal_cross_mode_pairs_impostor; train_speakers_excluded_from_test_trials,TMR thresholds chosen only from train-speaker impostor trials; test EER is descriptive ROC crossing,0.7,0.9,2.0,0.8111111111111111,0.2,0.9932110806247492,0.986780961737147,0.006430118887602143,10,90,10,90,0.4,train_calibrated,0.9957450678597347,0.0,nan,insufficient_train_impostor_trials_lt_1000
GTSinger_same_text_control,wavlm_l12,12,191,wrong_sign_global,,DE-Soprano-1;EN-Alto-1;EN-Alto-2;IT-Bass-2;IT-Soprano-1;JA-Tenor-1;KO-Soprano-1;KO-Soprano-2;KO-Tenor-1;RU-Alto-1,one_speaker_one_vote_centroids; diagonal_cross_mode_pairs_genuine; all_offdiagonal_cross_mode_pairs_impostor; train_speakers_excluded_from_test_trials,TMR thresholds chosen only from train-speaker impostor trials; test EER is descriptive ROC crossing,0.3,0.5,5.0,0.41694444444444445,0.49444444444444446,0.8972672550624097,0.8909845844212818,0.006282670641127863,10,90,10,90,0.0,train_calibrated,0.9507218295957299,0.0,nan,insufficient_train_impostor_trials_lt_1000
GTSinger_same_text_control,wavlm_l12,12,191,random_same_norm,0,DE-Soprano-1;EN-Alto-1;EN-Alto-2;IT-Bass-2;IT-Soprano-1;JA-Tenor-1;KO-Soprano-1;KO-Soprano-2;KO-Tenor-1;RU-Alto-1,one_speaker_one_vote_centroids; diagonal_cross_mode_pairs_genuine; all_offdiagonal_cross_mode_pairs_impostor; train_speakers_excluded_from_test_trials,TMR thresholds chosen only from train-speaker impostor trials; test EER is descriptive ROC crossing,0.3,0.5,4.5,0.46873015873015866,0.37777777777777777,0.94487296222388,0.9384900171309234,0.00638294509295656,10,90,10,90,0.0,train_calibrated,0.9681897750818922,0.0,nan,insufficient_train_impostor_trials_lt_1000
GTSinger_same_text_control,wavlm_l12,12,193,raw,,DE-Soprano-1;DE-Tenor-1;EN-Alto-2;FR-Tenor-1;IT-Bass-1;IT-Bass-2;JA-Soprano-1;KO-Soprano-1;KO-Tenor-1;ZH-Alto-1,one_speaker_one_vote_centroids; diagonal_cross_mode_pairs_genuine; all_offdiagonal_cross_mode_pairs_impostor; train_speakers_excluded_from_test_trials,TMR thresholds chosen only from train-speaker impostor trials; test EER is descriptive ROC crossing,0.2,0.8,4.5,0.37777777777777777,0.4,0.9655729344219784,0.9581225419262426,0.007450392495735869,10,90,10,90,0.0,train_calibrated,0.9845956535131999,0.0,nan,insufficient_train_impostor_trials_lt_1000
GTSinger_same_text_control,wavlm_l12,12,193,correct_sign_global,,DE-Soprano-1;DE-Tenor-1;EN-Alto-2;FR-Tenor-1;IT-Bass-1;IT-Bass-2;JA-Soprano-1;KO-Soprano-1;KO-Tenor-1;ZH-Alto-1,one_speaker_one_vote_centroids; diagonal_cross_mode_pairs_genuine; all_offdiagonal_cross_mode_pairs_impostor; train_speakers_excluded_from_test_trials,TMR thresholds chosen only from train-speaker impostor trials; test EER is descriptive ROC crossing,0.6,0.8,2.4,0.7142857142857143,0.3,0.992023456761217,0.9846983706621092,0.007325086099107758,10,90,10,90,0.3,train_calibrated,0.9957758785064258,0.0,nan,insufficient_train_impostor_trials_lt_1000
GTSinger_same_text_control,wavlm_l12,12,193,wrong_sign_global,,DE-Soprano-1;DE-Tenor-1;EN-Alto-2;FR-Tenor-1;IT-Bass-1;IT-Bass-2;JA-Soprano-1;KO-Soprano-1;KO-Tenor-1;ZH-Alto-1,one_speaker_one_vote_centroids; diagonal_cross_mode_pairs_genuine; all_offdiagonal_cross_mode_pairs_impostor; train_speakers_excluded_from_test_trials,TMR thresholds chosen only from train-speaker impostor trials; test EER is descriptive ROC crossing,0.1,0.8,4.8,0.3177777777777778,0.4,0.8959464551937625,0.8888124522618855,0.007134002931876937,10,90,10,90,0.0,train_calibrated,0.933945413746129,0.0,nan,insufficient_train_impostor_trials_lt_1000
GTSinger_same_text_control,wavlm_l12,12,193,random_same_norm,0,DE-Soprano-1;DE-Tenor-1;EN-Alto-2;FR-Tenor-1;IT-Bass-1;IT-Bass-2;JA-Soprano-1;KO-Soprano-1;KO-Tenor-1;ZH-Alto-1,one_speaker_one_vote_centroids; diagonal_cross_mode_pairs_genuine; all_offdiagonal_cross_mode_pairs_impostor; train_speakers_excluded_from_test_trials,TMR thresholds chosen only from train-speaker impostor trials; test EER is descriptive ROC crossing,0.2,0.7,4.6,0.37444444444444447,0.4,0.9438227282786926,0.9365976187759973,0.007225109502695282,10,90,10,90,0.0,train_calibrated,0.9622591042057348,0.0,nan,insufficient_train_impostor_trials_lt_1000
GTSinger_same_text_control,wavlm_l12,12,197,raw,,EN-Alto-2;EN-Tenor-1;FR-Tenor-1;IT-Bass-1;IT-Soprano-1;JA-Soprano-1;JA-Tenor-1;KO-Soprano-1;KO-Soprano-2;ZH-Alto-1,one_speaker_one_vote_centroids; diagonal_cross_mode_pairs_genuine; all_offdiagonal_cross_mode_pairs_impostor; train_speakers_excluded_from_test_trials,TMR thresholds chosen only from train-speaker impostor trials; test EER is descriptive ROC crossing,0.2,0.7,4.6,0.3803968253968254,0.4,0.9634149220534176,0.956333776609599,0.007081145443818659,10,90,10,90,0.0,train_calibrated,0.9893871945915839,0.0,nan,insufficient_train_impostor_trials_lt_1000
GTSinger_same_text_control,wavlm_l12,12,197,correct_sign_global,,EN-Alto-2;EN-Tenor-1;FR-Tenor-1;IT-Bass-1;IT-Soprano-1;JA-Soprano-1;JA-Tenor-1;KO-Soprano-1;KO-Soprano-2;ZH-Alto-1,one_speaker_one_vote_centroids; diagonal_cross_mode_pairs_genuine; all_offdiagonal_cross_mode_pairs_impostor; train_speakers_excluded_from_test_trials,TMR thresholds chosen only from train-speaker impostor trials; test EER is descriptive ROC crossing,0.7,0.8,2.5,0.7611111111111112,0.3,0.9914848517631984,0.9844794245563452,0.007005427206853265,10,90,10,90,0.2,train_calibrated,0.9957759798974729,0.0,nan,insufficient_train_impostor_trials_lt_1000
GTSinger_same_text_control,wavlm_l12,12,197,wrong_sign_global,,EN-Alto-2;EN-Tenor-1;FR-Tenor-1;IT-Bass-1;IT-Soprano-1;JA-Soprano-1;JA-Tenor-1;KO-Soprano-1;KO-Soprano-2;ZH-Alto-1,one_speaker_one_vote_centroids; diagonal_cross_mode_pairs_genuine; all_offdiagonal_cross_mode_pairs_impostor; train_speakers_excluded_from_test_trials,TMR thresholds chosen only from train-speaker impostor trials; test EER is descriptive ROC crossing,0.1,0.5,5.0,0.3187301587301587,0.4,0.8957693851630525,0.8889873513135605,0.006782033849491942,10,90,10,90,0.0,train_calibrated,0.9484760121902802,0.0,nan,insufficient_train_impostor_trials_lt_1000
GTSinger_same_text_control,wavlm_l12,12,197,random_same_norm,0,EN-Alto-2;EN-Tenor-1;FR-Tenor-1;IT-Bass-1;IT-Soprano-1;JA-Soprano-1;JA-Tenor-1;KO-Soprano-1;KO-Soprano-2;ZH-Alto-1,one_speaker_one_vote_centroids; diagonal_cross_mode_pairs_genuine; all_offdiagonal_cross_mode_pairs_impostor; train_speakers_excluded_from_test_trials,TMR thresholds chosen only from train-speaker impostor trials; test EER is descriptive ROC crossing,0.2,0.7,4.7,0.3753968253968254,0.4,0.9423192632958788,0.9353486941437119,0.006970569152166872,10,90,10,90,0.0,train_calibrated,0.9688679065274988,0.0,nan,insufficient_train_impostor_trials_lt_1000
GTSinger_same_text_control,wavlm_l12,12,199,raw,,DE-Tenor-1;EN-Alto-1;FR-Soprano-1;IT-Bass-2;IT-Soprano-1;JA-Soprano-1;JA-Tenor-1;KO-Soprano-2;KO-Tenor-1;ZH-Alto-1,one_speaker_one_vote_centroids; diagonal_cross_mode_pairs_genuine; all_offdiagonal_cross_mode_pairs_impostor; train_speakers_excluded_from_test_trials,TMR thresholds chosen only from train-speaker impostor trials; test EER is descriptive ROC crossing,0.2,0.7,4.5,0.3827777777777778,0.4,0.9639851337011208,0.9578690225218016,0.006116111179319206,10,90,10,90,0.0,train_calibrated,0.9923185442948536,0.0,nan,insufficient_train_impostor_trials_lt_1000
GTSinger_same_text_control,wavlm_l12,12,199,correct_sign_global,,DE-Tenor-1;EN-Alto-1;FR-Soprano-1;IT-Bass-2;IT-Soprano-1;JA-Soprano-1;JA-Tenor-1;KO-Soprano-2;KO-Tenor-1;ZH-Alto-1,one_speaker_one_vote_centroids; diagonal_cross_mode_pairs_genuine; all_offdiagonal_cross_mode_pairs_impostor; train_speakers_excluded_from_test_trials,TMR thresholds chosen only from train-speaker impostor trials; test EER is descriptive ROC crossing,0.8,0.8,2.3,0.8277777777777778,0.3,0.991871608019955,0.9858733894302639,0.005998218589691073,10,90,10,90,0.6,train_calibrated,0.9950636105238565,0.0,nan,insufficient_train_impostor_trials_lt_1000
GTSinger_same_text_control,wavlm_l12,12,199,wrong_sign_global,,DE-Tenor-1;EN-Alto-1;FR-Soprano-1;IT-Bass-2;IT-Soprano-1;JA-Soprano-1;JA-Tenor-1;KO-Soprano-2;KO-Tenor-1;ZH-Alto-1,one_speaker_one_vote_centroids; diagonal_cross_mode_pairs_genuine; all_offdiagonal_cross_mode_pairs_impostor; train_speakers_excluded_from_test_trials,TMR thresholds chosen only from train-speaker impostor trials; test EER is descriptive ROC crossing,0.1,0.5,4.9,0.32111111111111107,0.4,0.896141345669761,0.8901945604909218,0.005946785178839176,10,90,10,90,0.0,train_calibrated,0.9562343097999816,0.0,nan,insufficient_train_impostor_trials_lt_1000
GTSinger_same_text_control,wavlm_l12,12,199,random_same_norm,0,DE-Tenor-1;EN-Alto-1;FR-Soprano-1;IT-Bass-2;IT-Soprano-1;JA-Soprano-1;JA-Tenor-1;KO-Soprano-2;KO-Tenor-1;ZH-Alto-1,one_speaker_one_vote_centroids; diagonal_cross_mode_pairs_genuine; all_offdiagonal_cross_mode_pairs_impostor; train_speakers_excluded_from_test_trials,TMR thresholds chosen only from train-speaker impostor trials; test EER is descriptive ROC crossing,0.2,0.6,4.6,0.3794444444444444,0.4,0.9427934539477931,0.9368155563845273,0.005977897563265833,10,90,10,90,0.0,train_calibrated,0.9705980362105419,0.0,nan,insufficient_train_impostor_trials_lt_1000
GTSinger_same_text_control,wavlm_l12,12,211,raw,,DE-Tenor-1;EN-Tenor-1;ES-Soprano-1;FR-Tenor-1;IT-Bass-1;IT-Bass-2;IT-Soprano-1;JA-Soprano-1;KO-Soprano-1;ZH-Tenor-1,one_speaker_one_vote_centroids; diagonal_cross_mode_pairs_genuine; all_offdiagonal_cross_mode_pairs_impostor; train_speakers_excluded_from_test_trials,TMR thresholds chosen only from train-speaker impostor trials; test EER is descriptive ROC crossing,0.1,0.5,4.6,0.37011904761904757,0.5,0.9644742795708339,0.9578554998209599,0.006618779749874015,10,90,10,90,0.0,train_calibrated,0.9893871945915839,0.0,nan,insufficient_train_impostor_trials_lt_1000
GTSinger_same_text_control,wavlm_l12,12,211,correct_sign_global,,DE-Tenor-1;EN-Tenor-1;ES-Soprano-1;FR-Tenor-1;IT-Bass-1;IT-Bass-2;IT-Soprano-1;JA-Soprano-1;KO-Soprano-1;ZH-Tenor-1,one_speaker_one_vote_centroids; diagonal_cross_mode_pairs_genuine; all_offdiagonal_cross_mode_pairs_impostor; train_speakers_excluded_from_test_trials,TMR thresholds chosen only from train-speaker impostor trials; test EER is descriptive ROC crossing,0.6,0.8,2.3,0.7309523809523809,0.3,0.9917839020869893,0.9851639045423812,0.0066199975446080694,10,90,10,90,0.3,train_calibrated,0.9953164051800453,0.0,nan,insufficient_train_impostor_trials_lt_1000
GTSinger_same_text_control,wavlm_l12,12,211,wrong_sign_global,,DE-Tenor-1;EN-Tenor-1;ES-Soprano-1;FR-Tenor-1;IT-Bass-1;IT-Bass-2;IT-Soprano-1;JA-Soprano-1;KO-Soprano-1;ZH-Tenor-1,one_speaker_one_vote_centroids; diagonal_cross_mode_pairs_genuine; all_offdiagonal_cross_mode_pairs_impostor; train_speakers_excluded_from_test_trials,TMR thresholds chosen only from train-speaker impostor trials; test EER is descriptive ROC crossing,0.1,0.5,4.7,0.3677380952380952,0.5,0.8961191540899103,0.889830591829509,0.006288562260401309,10,90,10,90,0.0,train_calibrated,0.9474526379996953,0.0,nan,insufficient_train_impostor_trials_lt_1000
GTSinger_same_text_control,wavlm_l12,12,211,random_same_norm,0,DE-Tenor-1;EN-Tenor-1;ES-Soprano-1;FR-Tenor-1;IT-Bass-1;IT-Bass-2;IT-Soprano-1;JA-Soprano-1;KO-Soprano-1;ZH-Tenor-1,one_speaker_one_vote_centroids; diagonal_cross_mode_pairs_genuine; all_offdiagonal_cross_mode_pairs_impostor; train_speakers_excluded_from_test_trials,TMR thresholds chosen only from train-speaker impostor trials; test EER is descriptive ROC crossing,0.1,0.6,4.5,0.373452380952381,0.5,0.9429091585920342,0.9364538282586357,0.006455330333398512,10,90,10,90,0.0,train_calibrated,0.9681823321406094,0.0,nan,insufficient_train_impostor_trials_lt_1000
GTSinger_same_text_control,wavlm_l12,12,223,raw,,DE-Tenor-1;EN-Alto-1;ES-Bass-1;FR-Soprano-1;FR-Tenor-1;IT-Bass-1;JA-Soprano-1;KO-Soprano-1;RU-Alto-1;ZH-Tenor-1,one_speaker_one_vote_centroids; diagonal_cross_mode_pairs_genuine; all_offdiagonal_cross_mode_pairs_impostor; train_speakers_excluded_from_test_trials,TMR thresholds chosen only from train-speaker impostor trials; test EER is descriptive ROC crossing,0.3,0.7,4.4,0.4367857142857143,0.31666666666666665,0.9711975156455729,0.9642853750226101,0.006912140622962748,10,90,10,90,0.2,train_calibrated,0.9820305716358001,0.0,nan,insufficient_train_impostor_trials_lt_1000
GTSinger_same_text_control,wavlm_l12,12,223,correct_sign_global,,DE-Tenor-1;EN-Alto-1;ES-Bass-1;FR-Soprano-1;FR-Tenor-1;IT-Bass-1;JA-Soprano-1;KO-Soprano-1;RU-Alto-1;ZH-Tenor-1,one_speaker_one_vote_centroids; diagonal_cross_mode_pairs_genuine; all_offdiagonal_cross_mode_pairs_impostor; train_speakers_excluded_from_test_trials,TMR thresholds chosen only from train-speaker impostor trials; test EER is descriptive ROC crossing,0.7,1.0,1.5,0.8166666666666667,0.11666666666666667,0.9928742165726501,0.9860744437651776,0.0067997728074724595,10,90,10,90,0.1,train_calibrated,0.9954476600433811,0.0,nan,insufficient_train_impostor_trials_lt_1000
GTSinger_same_text_control,wavlm_l12,12,223,wrong_sign_global,,DE-Tenor-1;EN-Alto-1;ES-Bass-1;FR-Soprano-1;FR-Tenor-1;IT-Bass-1;JA-Soprano-1;KO-Soprano-1;RU-Alto-1;ZH-Tenor-1,one_speaker_one_vote_centroids; diagonal_cross_mode_pairs_genuine; all_offdiagonal_cross_mode_pairs_impostor; train_speakers_excluded_from_test_trials,TMR thresholds chosen only from train-speaker impostor trials; test EER is descriptive ROC crossing,0.1,0.7,4.8,0.33361111111111114,0.3888888888888889,0.8978434775197769,0.8912897081586217,0.006553769361155148,10,90,10,90,0.1,train_calibrated,0.9245939351253284,0.0,nan,insufficient_train_impostor_trials_lt_1000
GTSinger_same_text_control,wavlm_l12,12,223,random_same_norm,0,DE-Tenor-1;EN-Alto-1;ES-Bass-1;FR-Soprano-1;FR-Tenor-1;IT-Bass-1;JA-Soprano-1;KO-Soprano-1;RU-Alto-1;ZH-Tenor-1,one_speaker_one_vote_centroids; diagonal_cross_mode_pairs_genuine; all_offdiagonal_cross_mode_pairs_impostor; train_speakers_excluded_from_test_trials,TMR thresholds chosen only from train-speaker impostor trials; test EER is descriptive ROC crossing,0.3,0.7,4.5,0.43499999999999994,0.3111111111111111,0.9449041192510339,0.9381598887808882,0.006744230470145718,10,90,10,90,0.1,train_calibrated,0.9570141769953874,0.0,nan,insufficient_train_impostor_trials_lt_1000
GTSinger_same_text_control,wavlm_l12,12,227,raw,,DE-Tenor-1;EN-Alto-1;EN-Alto-2;ES-Soprano-1;IT-Bass-2;IT-Soprano-1;JA-Soprano-1;RU-Alto-1;ZH-Alto-1;ZH-Tenor-1,one_speaker_one_vote_centroids; diagonal_cross_mode_pairs_genuine; all_offdiagonal_cross_mode_pairs_impostor; train_speakers_excluded_from_test_trials,TMR thresholds chosen only from train-speaker impostor trials; test EER is descriptive ROC crossing,0.3,0.7,4.5,0.44678571428571434,0.3,0.9696705412879723,0.9627992460718474,0.00687129521612484,10,90,10,90,0.0,train_calibrated,0.9923185442948536,0.0,nan,insufficient_train_impostor_trials_lt_1000
GTSinger_same_text_control,wavlm_l12,12,227,correct_sign_global,,DE-Tenor-1;EN-Alto-1;EN-Alto-2;ES-Soprano-1;IT-Bass-2;IT-Soprano-1;JA-Soprano-1;RU-Alto-1;ZH-Alto-1;ZH-Tenor-1,one_speaker_one_vote_centroids; diagonal_cross_mode_pairs_genuine; all_offdiagonal_cross_mode_pairs_impostor; train_speakers_excluded_from_test_trials,TMR thresholds chosen only from train-speaker impostor trials; test EER is descriptive ROC crossing,0.9,1.0,1.2,0.9333333333333332,0.2,0.991981210952931,0.9852230079390993,0.006758203013831676,10,90,10,90,0.2,train_calibrated,0.9947114749677705,0.0,nan,insufficient_train_impostor_trials_lt_1000
GTSinger_same_text_control,wavlm_l12,12,227,wrong_sign_global,,DE-Tenor-1;EN-Alto-1;EN-Alto-2;ES-Soprano-1;IT-Bass-2;IT-Soprano-1;JA-Soprano-1;RU-Alto-1;ZH-Alto-1;ZH-Tenor-1,one_speaker_one_vote_centroids; diagonal_cross_mode_pairs_genuine; all_offdiagonal_cross_mode_pairs_impostor; train_speakers_excluded_from_test_trials,TMR thresholds chosen only from train-speaker impostor trials; test EER is descriptive ROC crossing,0.3,0.7,4.8,0.42000000000000004,0.3944444444444445,0.8981349191567126,0.8915579435494061,0.006576975607306523,10,90,10,90,0.0,train_calibrated,0.9494836275663263,0.0,nan,insufficient_train_impostor_trials_lt_1000
GTSinger_same_text_control,wavlm_l12,12,227,random_same_norm,0,DE-Tenor-1;EN-Alto-1;EN-Alto-2;ES-Soprano-1;IT-Bass-2;IT-Soprano-1;JA-Soprano-1;RU-Alto-1;ZH-Alto-1;ZH-Tenor-1,one_speaker_one_vote_centroids; diagonal_cross_mode_pairs_genuine; all_offdiagonal_cross_mode_pairs_impostor; train_speakers_excluded_from_test_trials,TMR thresholds chosen only from train-speaker impostor trials; test EER is descriptive ROC crossing,0.3,0.7,4.5,0.44678571428571434,0.3833333333333333,0.9423542541850048,0.9356732382885582,0.0066810158964466515,10,90,10,90,0.0,train_calibrated,0.9655995684442117,0.0,nan,insufficient_train_impostor_trials_lt_1000
GTSinger_same_text_control,wavlm_l12,12,229,raw,,DE-Soprano-1;EN-Alto-1;EN-Alto-2;EN-Tenor-1;FR-Tenor-1;JA-Soprano-1;JA-Tenor-1;KO-Soprano-1;KO-Soprano-2;ZH-Tenor-1,one_speaker_one_vote_centroids; diagonal_cross_mode_pairs_genuine; all_offdiagonal_cross_mode_pairs_impostor; train_speakers_excluded_from_test_trials,TMR thresholds chosen only from train-speaker impostor trials; test EER is descriptive ROC crossing,0.3,0.7,4.7,0.44361111111111107,0.4,0.9647747907549867,0.9580738088412997,0.006700981913687065,10,90,10,90,0.0,train_calibrated,0.9923185442948536,0.0,nan,insufficient_train_impostor_trials_lt_1000
GTSinger_same_text_control,wavlm_l12,12,229,correct_sign_global,,DE-Soprano-1;EN-Alto-1;EN-Alto-2;EN-Tenor-1;FR-Tenor-1;JA-Soprano-1;JA-Tenor-1;KO-Soprano-1;KO-Soprano-2;ZH-Tenor-1,one_speaker_one_vote_centroids; diagonal_cross_mode_pairs_genuine; all_offdiagonal_cross_mode_pairs_impostor; train_speakers_excluded_from_test_trials,TMR thresholds chosen only from train-speaker impostor trials; test EER is descriptive ROC crossing,0.7,0.9,2.1,0.7944444444444445,0.2833333333333333,0.9918216100138819,0.9851724171292866,0.006649192884595312,10,90,10,90,0.2,train_calibrated,0.9951512823562341,0.0,nan,insufficient_train_impostor_trials_lt_1000
GTSinger_same_text_control,wavlm_l12,12,229,wrong_sign_global,,DE-Soprano-1;EN-Alto-1;EN-Alto-2;EN-Tenor-1;FR-Tenor-1;JA-Soprano-1;JA-Tenor-1;KO-Soprano-1;KO-Soprano-2;ZH-Tenor-1,one_speaker_one_vote_centroids; diagonal_cross_mode_pairs_genuine; all_offdiagonal_cross_mode_pairs_impostor; train_speakers_excluded_from_test_trials,TMR thresholds chosen only from train-speaker impostor trials; test EER is descriptive ROC crossing,0.2,0.7,5.0,0.3602777777777778,0.4,0.8962984919155437,0.8899129174560187,0.006385574459524923,10,90,10,90,0.0,train_calibrated,0.9551503304045169,0.0,nan,insufficient_train_impostor_trials_lt_1000
GTSinger_same_text_control,wavlm_l12,12,229,random_same_norm,0,DE-Soprano-1;EN-Alto-1;EN-Alto-2;EN-Tenor-1;FR-Tenor-1;JA-Soprano-1;JA-Tenor-1;KO-Soprano-1;KO-Soprano-2;ZH-Tenor-1,one_speaker_one_vote_centroids; diagonal_cross_mode_pairs_genuine; all_offdiagonal_cross_mode_pairs_impostor; train_speakers_excluded_from_test_trials,TMR thresholds chosen only from train-speaker impostor trials; test EER is descriptive ROC crossing,0.3,0.7,4.7,0.44361111111111107,0.4,0.9418479991350095,0.935297982086075,0.006550017048934542,10,90,10,90,0.0,train_calibrated,0.9697495429998962,0.0,nan,insufficient_train_impostor_trials_lt_1000
GTSinger_same_text_control,wavlm_l12,12,233,raw,,EN-Alto-2;ES-Bass-1;ES-Soprano-1;IT-Soprano-1;JA-Soprano-1;JA-Tenor-1;KO-Soprano-1;KO-Tenor-1;RU-Alto-1;ZH-Alto-1,one_speaker_one_vote_centroids; diagonal_cross_mode_pairs_genuine; all_offdiagonal_cross_mode_pairs_impostor; train_speakers_excluded_from_test_trials,TMR thresholds chosen only from train-speaker impostor trials; test EER is descriptive ROC crossing,0.2,0.7,4.5,0.38428571428571423,0.3222222222222222,0.9685316174230021,0.9624878204118761,0.006043797011126006,10,90,10,90,0.1,train_calibrated,0.9842778304458347,0.0,nan,insufficient_train_impostor_trials_lt_1000
GTSinger_same_text_control,wavlm_l12,12,233,correct_sign_global,,EN-Alto-2;ES-Bass-1;ES-Soprano-1;IT-Soprano-1;JA-Soprano-1;JA-Tenor-1;KO-Soprano-1;KO-Tenor-1;RU-Alto-1;ZH-Alto-1,one_speaker_one_vote_centroids; diagonal_cross_mode_pairs_genuine; all_offdiagonal_cross_mode_pairs_impostor; train_speakers_excluded_from_test_trials,TMR thresholds chosen only from train-speaker impostor trials; test EER is descriptive ROC crossing,0.8,0.9,2.1,0.8433333333333334,0.2,0.9927903748172945,0.9868504698063422,0.005939905010952318,10,90,10,90,0.4,train_calibrated,0.9945914526465378,0.0,nan,insufficient_train_impostor_trials_lt_1000
GTSinger_same_text_control,wavlm_l12,12,233,wrong_sign_global,,EN-Alto-2;ES-Bass-1;ES-Soprano-1;IT-Soprano-1;JA-Soprano-1;JA-Tenor-1;KO-Soprano-1;KO-Tenor-1;RU-Alto-1;ZH-Alto-1,one_speaker_one_vote_centroids; diagonal_cross_mode_pairs_genuine; all_offdiagonal_cross_mode_pairs_impostor; train_speakers_excluded_from_test_trials,TMR thresholds chosen only from train-speaker impostor trials; test EER is descriptive ROC crossing,0.2,0.7,4.9,0.37,0.4222222222222222,0.8978658931663961,0.8920957707804105,0.005770122385985621,10,90,10,90,0.0,train_calibrated,0.9374835048439362,0.0,nan,insufficient_train_impostor_trials_lt_1000
GTSinger_same_text_control,wavlm_l12,12,233,random_same_norm,0,EN-Alto-2;ES-Bass-1;ES-Soprano-1;IT-Soprano-1;JA-Soprano-1;JA-Tenor-1;KO-Soprano-1;KO-Tenor-1;RU-Alto-1;ZH-Alto-1,one_speaker_one_vote_centroids; diagonal_cross_mode_pairs_genuine; all_offdiagonal_cross_mode_pairs_impostor; train_speakers_excluded_from_test_trials,TMR thresholds chosen only from train-speaker impostor trials; test EER is descriptive ROC crossing,0.3,0.7,4.5,0.425952380952381,0.37777777777777777,0.9438689139695606,0.9379823472786993,0.005886566690861295,10,90,10,90,0.1,train_calibrated,0.9609304270555407,0.0,nan,insufficient_train_impostor_trials_lt_1000
GTSinger_same_text_control,wavlm_l12,12,239,raw,,DE-Soprano-1;EN-Alto-1;EN-Alto-2;ES-Bass-1;ES-Soprano-1;JA-Soprano-1;JA-Tenor-1;KO-Tenor-1;RU-Alto-1;ZH-Alto-1,one_speaker_one_vote_centroids; diagonal_cross_mode_pairs_genuine; all_offdiagonal_cross_mode_pairs_impostor; train_speakers_excluded_from_test_trials,TMR thresholds chosen only from train-speaker impostor trials; test EER is descriptive ROC crossing,0.3,0.6,4.5,0.4576190476190476,0.40555555555555556,0.9700336299730663,0.963821417896559,0.006212212076507351,10,90,10,90,0.2,train_calibrated,0.9821075989289151,0.0,nan,insufficient_train_impostor_trials_lt_1000
GTSinger_same_text_control,wavlm_l12,12,239,correct_sign_global,,DE-Soprano-1;EN-Alto-1;EN-Alto-2;ES-Bass-1;ES-Soprano-1;JA-Soprano-1;JA-Tenor-1;KO-Tenor-1;RU-Alto-1;ZH-Alto-1,one_speaker_one_vote_centroids; diagonal_cross_mode_pairs_genuine; all_offdiagonal_cross_mode_pairs_impostor; train_speakers_excluded_from_test_trials,TMR thresholds chosen only from train-speaker impostor trials; test EER is descriptive ROC crossing,0.9,0.9,1.8,0.9111111111111111,0.2,0.9927304618064335,0.9866589086306911,0.006071553175742483,10,90,10,90,0.3,train_calibrated,0.9948581788574763,0.0,nan,insufficient_train_impostor_trials_lt_1000
GTSinger_same_text_control,wavlm_l12,12,239,wrong_sign_global,,DE-Soprano-1;EN-Alto-1;EN-Alto-2;ES-Bass-1;ES-Soprano-1;JA-Soprano-1;JA-Tenor-1;KO-Tenor-1;RU-Alto-1;ZH-Alto-1,one_speaker_one_vote_centroids; diagonal_cross_mode_pairs_genuine; all_offdiagonal_cross_mode_pairs_impostor; train_speakers_excluded_from_test_trials,TMR thresholds chosen only from train-speaker impostor trials; test EER is descriptive ROC crossing,0.2,0.6,4.9,0.38928571428571435,0.5,0.8980445790347089,0.8920998916079667,0.005944687426742257,10,90,10,90,0.1,train_calibrated,0.9282707464103624,0.0,nan,insufficient_train_impostor_trials_lt_1000
GTSinger_same_text_control,wavlm_l12,12,239,random_same_norm,0,DE-Soprano-1;EN-Alto-1;EN-Alto-2;ES-Bass-1;ES-Soprano-1;JA-Soprano-1;JA-Tenor-1;KO-Tenor-1;RU-Alto-1;ZH-Alto-1,one_speaker_one_vote_centroids; diagonal_cross_mode_pairs_genuine; all_offdiagonal_cross_mode_pairs_impostor; train_speakers_excluded_from_test_trials,TMR thresholds chosen only from train-speaker impostor trials; test EER is descriptive ROC crossing,0.4,0.6,4.5,0.4992857142857143,0.47777777777777775,0.9435207638292521,0.9375180334690181,0.006002730360234021,10,90,10,90,0.1,train_calibrated,0.9568373475625239,0.0,nan,insufficient_train_impostor_trials_lt_1000
GTSinger_same_text_control,wavlm_l12,12,241,raw,,DE-Tenor-1;EN-Alto-2;EN-Tenor-1;ES-Bass-1;ES-Soprano-1;FR-Soprano-1;IT-Bass-2;RU-Alto-1;ZH-Alto-1;ZH-Tenor-1,one_speaker_one_vote_centroids; diagonal_cross_mode_pairs_genuine; all_offdiagonal_cross_mode_pairs_impostor; train_speakers_excluded_from_test_trials,TMR thresholds chosen only from train-speaker impostor trials; test EER is descriptive ROC crossing,0.2,0.6,4.7,0.3788888888888889,0.3111111111111111,0.9699561187034693,0.9629904637970722,0.006965654906397112,10,90,10,90,0.1,train_calibrated,0.9842778304458347,0.0,nan,insufficient_train_impostor_trials_lt_1000
GTSinger_same_text_control,wavlm_l12,12,241,correct_sign_global,,DE-Tenor-1;EN-Alto-2;EN-Tenor-1;ES-Bass-1;ES-Soprano-1;FR-Soprano-1;IT-Bass-2;RU-Alto-1;ZH-Alto-1;ZH-Tenor-1,one_speaker_one_vote_centroids; diagonal_cross_mode_pairs_genuine; all_offdiagonal_cross_mode_pairs_impostor; train_speakers_excluded_from_test_trials,TMR thresholds chosen only from train-speaker impostor trials; test EER is descriptive ROC crossing,0.8,1.0,1.2,0.9,0.1,0.9928305742395539,0.985955861578979,0.006874712660574933,10,90,10,90,0.2,train_calibrated,0.995428763069248,0.0,nan,insufficient_train_impostor_trials_lt_1000
GTSinger_same_text_control,wavlm_l12,12,241,wrong_sign_global,,DE-Tenor-1;EN-Alto-2;EN-Tenor-1;ES-Bass-1;ES-Soprano-1;FR-Soprano-1;IT-Bass-2;RU-Alto-1;ZH-Alto-1;ZH-Tenor-1,one_speaker_one_vote_centroids; diagonal_cross_mode_pairs_genuine; all_offdiagonal_cross_mode_pairs_impostor; train_speakers_excluded_from_test_trials,TMR thresholds chosen only from train-speaker impostor trials; test EER is descriptive ROC crossing,0.1,0.6,5.1,0.3157936507936508,0.4,0.8980390154313099,0.8914285036533177,0.006610511777992212,10,90,10,90,0.0,train_calibrated,0.9343830148831956,0.0,nan,insufficient_train_impostor_trials_lt_1000
GTSinger_same_text_control,wavlm_l12,12,241,random_same_norm,0,DE-Tenor-1;EN-Alto-2;EN-Tenor-1;ES-Bass-1;ES-Soprano-1;FR-Soprano-1;IT-Bass-2;RU-Alto-1;ZH-Alto-1;ZH-Tenor-1,one_speaker_one_vote_centroids; diagonal_cross_mode_pairs_genuine; all_offdiagonal_cross_mode_pairs_impostor; train_speakers_excluded_from_test_trials,TMR thresholds chosen only from train-speaker impostor trials; test EER is descriptive ROC crossing,0.2,0.6,4.8,0.3705555555555555,0.3944444444444445,0.9425462867853991,0.9357907537274978,0.006755533057901331,10,90,10,90,0.1,train_calibrated,0.9583185842893039,0.0,nan,insufficient_train_impostor_trials_lt_1000
GTSinger_same_text_control,wavlm_l12,12,251,raw,,DE-Tenor-1;EN-Alto-1;EN-Alto-2;ES-Bass-1;ES-Soprano-1;FR-Soprano-1;IT-Bass-2;JA-Soprano-1;KO-Soprano-1;RU-Alto-1,one_speaker_one_vote_centroids; diagonal_cross_mode_pairs_genuine; all_offdiagonal_cross_mode_pairs_impostor; train_speakers_excluded_from_test_trials,TMR thresholds chosen only from train-speaker impostor trials; test EER is descriptive ROC crossing,0.3,0.5,4.4,0.45583333333333337,0.3111111111111111,0.9708075673171852,0.964630880081702,0.006176687235483258,10,90,10,90,0.2,train_calibrated,0.9836031616561872,0.0,nan,insufficient_train_impostor_trials_lt_1000
GTSinger_same_text_control,wavlm_l12,12,251,correct_sign_global,,DE-Tenor-1;EN-Alto-1;EN-Alto-2;ES-Bass-1;ES-Soprano-1;FR-Soprano-1;IT-Bass-2;JA-Soprano-1;KO-Soprano-1;RU-Alto-1,one_speaker_one_vote_centroids; diagonal_cross_mode_pairs_genuine; all_offdiagonal_cross_mode_pairs_impostor; train_speakers_excluded_from_test_trials,TMR thresholds chosen only from train-speaker impostor trials; test EER is descriptive ROC crossing,0.8,1.0,1.3,0.8833333333333332,0.2,0.9915997497507851,0.9854987854799804,0.006100964270804754,10,90,10,90,0.2,train_calibrated,0.9944085819059858,0.0,nan,insufficient_train_impostor_trials_lt_1000
GTSinger_same_text_control,wavlm_l12,12,251,wrong_sign_global,,DE-Tenor-1;EN-Alto-1;EN-Alto-2;ES-Bass-1;ES-Soprano-1;FR-Soprano-1;IT-Bass-2;JA-Soprano-1;KO-Soprano-1;RU-Alto-1,one_speaker_one_vote_centroids; diagonal_cross_mode_pairs_genuine; all_offdiagonal_cross_mode_pairs_impostor; train_speakers_excluded_from_test_trials,TMR thresholds chosen only from train-speaker impostor trials; test EER is descriptive ROC crossing,0.2,0.5,4.8,0.3911111111111111,0.4111111111111111,0.8983337382080212,0.8924740414090454,0.0058596967989758,10,90,10,90,0.0,train_calibrated,0.9288626283350051,0.0,nan,insufficient_train_impostor_trials_lt_1000
GTSinger_same_text_control,wavlm_l12,12,251,random_same_norm,0,DE-Tenor-1;EN-Alto-1;EN-Alto-2;ES-Bass-1;ES-Soprano-1;FR-Soprano-1;IT-Bass-2;JA-Soprano-1;KO-Soprano-1;RU-Alto-1,one_speaker_one_vote_centroids; diagonal_cross_mode_pairs_genuine; all_offdiagonal_cross_mode_pairs_impostor; train_speakers_excluded_from_test_trials,TMR thresholds chosen only from train-speaker impostor trials; test EER is descriptive ROC crossing,0.3,0.5,4.6,0.4425,0.4,0.9442619504604766,0.9382295050603859,0.006032445400090625,10,90,10,90,0.1,train_calibrated,0.9566109351215276,0.0,nan,insufficient_train_impostor_trials_lt_1000
GTSinger_same_text_control,wavlm_l12,12,257,raw,,DE-Tenor-1;EN-Alto-1;EN-Tenor-1;ES-Soprano-1;IT-Bass-1;IT-Bass-2;IT-Soprano-1;JA-Soprano-1;KO-Soprano-1;ZH-Alto-1,one_speaker_one_vote_centroids; diagonal_cross_mode_pairs_genuine; all_offdiagonal_cross_mode_pairs_impostor; train_speakers_excluded_from_test_trials,TMR thresholds chosen only from train-speaker impostor trials; test EER is descriptive ROC crossing,0.2,0.6,4.4,0.38194444444444453,0.4,0.9671703720611387,0.9605863612570812,0.006584010804057461,10,90,10,90,0.0,train_calibrated,0.9895896660160322,0.0,nan,insufficient_train_impostor_trials_lt_1000
GTSinger_same_text_control,wavlm_l12,12,257,correct_sign_global,,DE-Tenor-1;EN-Alto-1;EN-Tenor-1;ES-Soprano-1;IT-Bass-1;IT-Bass-2;IT-Soprano-1;JA-Soprano-1;KO-Soprano-1;ZH-Alto-1,one_speaker_one_vote_centroids; diagonal_cross_mode_pairs_genuine; all_offdiagonal_cross_mode_pairs_impostor; train_speakers_excluded_from_test_trials,TMR thresholds chosen only from train-speaker impostor trials; test EER is descriptive ROC crossing,0.8,1.0,1.5,0.8699999999999999,0.2,0.9926565591787799,0.9861535770576174,0.006502982121162515,10,90,10,90,0.4,train_calibrated,0.9942049778118223,0.0,nan,insufficient_train_impostor_trials_lt_1000
GTSinger_same_text_control,wavlm_l12,12,257,wrong_sign_global,,DE-Tenor-1;EN-Alto-1;EN-Tenor-1;ES-Soprano-1;IT-Bass-1;IT-Bass-2;IT-Soprano-1;JA-Soprano-1;KO-Soprano-1;ZH-Alto-1,one_speaker_one_vote_centroids; diagonal_cross_mode_pairs_genuine; all_offdiagonal_cross_mode_pairs_impostor; train_speakers_excluded_from_test_trials,TMR thresholds chosen only from train-speaker impostor trials; test EER is descriptive ROC crossing,0.1,0.5,4.8,0.32123015873015875,0.4,0.8967750028229615,0.8904600507275531,0.006314952095408444,10,90,10,90,0.0,train_calibrated,0.9451205973257721,0.0,nan,insufficient_train_impostor_trials_lt_1000
GTSinger_same_text_control,wavlm_l12,12,257,random_same_norm,0,DE-Tenor-1;EN-Alto-1;EN-Tenor-1;ES-Soprano-1;IT-Bass-1;IT-Bass-2;IT-Soprano-1;JA-Soprano-1;KO-Soprano-1;ZH-Alto-1,one_speaker_one_vote_centroids; diagonal_cross_mode_pairs_genuine; all_offdiagonal_cross_mode_pairs_impostor; train_speakers_excluded_from_test_trials,TMR thresholds chosen only from train-speaker impostor trials; test EER is descriptive ROC crossing,0.2,0.8,4.3,0.3836111111111112,0.4,0.9440532586387815,0.9376319062539322,0.00642135238484931,10,90,10,90,0.0,train_calibrated,0.9654473265153612,0.0,nan,insufficient_train_impostor_trials_lt_1000
