dataset,model,layer,split_seed,component,centered_residual_eigenvalue,centered_variance_fraction,centered_variance_cumulative,analysis_population
JVS_JVSMuSiC,wavlm_l12,12,13,1,0.07429459529775666,0.20451941131665913,0.20451941131665913,train_speakers_only
JVS_JVSMuSiC,wavlm_l12,12,13,2,0.04245004824141077,0.11685720666358167,0.3213766179802408,train_speakers_only
JVS_JVSMuSiC,wavlm_l12,12,13,3,0.03517420329208071,0.09682813833223827,0.4182047563124791,train_speakers_only
JVS_JVSMuSiC,wavlm_l12,12,13,4,0.02645899000448431,0.0728367526340627,0.4910415089465418,train_speakers_only
JVS_JVSMuSiC,wavlm_l12,12,13,5,0.01646191345086803,0.04531663218063162,0.5363581411271734,train_speakers_only
JVS_JVSMuSiC,wavlm_l12,12,13,6,0.014339209327276408,0.03947321657258521,0.5758313576997586,train_speakers_only
JVS_JVSMuSiC,wavlm_l12,12,13,7,0.011999904947258618,0.03303354013617332,0.6088648978359319,train_speakers_only
JVS_JVSMuSiC,wavlm_l12,12,13,8,0.010971126767208652,0.030201502261601357,0.6390664000975332,train_speakers_only
JVS_JVSMuSiC,wavlm_l12,12,13,9,0.009848991322776907,0.02711246893968934,0.6661788690372226,train_speakers_only
JVS_JVSMuSiC,wavlm_l12,12,13,10,0.009143334113122188,0.025169923906211013,0.6913487929434335,train_speakers_only
JVS_JVSMuSiC,wavlm_l12,12,13,11,0.008415675595161133,0.023166813301240246,0.7145156062446738,train_speakers_only
JVS_JVSMuSiC,wavlm_l12,12,13,12,0.0069141787041350974,0.019033467409581405,0.7335490736542553,train_speakers_only
JVS_JVSMuSiC,wavlm_l12,12,13,13,0.006776875158574256,0.018655495900385483,0.7522045695546408,train_speakers_only
JVS_JVSMuSiC,wavlm_l12,12,13,14,0.005879567939081626,0.01618537349692766,0.7683899430515684,train_speakers_only
JVS_JVSMuSiC,wavlm_l12,12,13,15,0.005742039286450566,0.01580678230920331,0.7841967253607717,train_speakers_only
JVS_JVSMuSiC,wavlm_l12,12,13,16,0.005425340176736004,0.014934967674185194,0.7991316930349569,train_speakers_only
JVS_JVSMuSiC,wavlm_l12,12,13,17,0.005117734573615646,0.014088185797041283,0.8132198788319982,train_speakers_only
JVS_JVSMuSiC,wavlm_l12,12,13,18,0.004853328739297329,0.013360324969927994,0.8265802038019262,train_speakers_only
JVS_JVSMuSiC,wavlm_l12,12,13,19,0.004454866434669833,0.012263431236976258,0.8388436350389025,train_speakers_only
JVS_JVSMuSiC,wavlm_l12,12,13,20,0.003983391569469677,0.010965547299458549,0.849809182338361,train_speakers_only
JVS_JVSMuSiC,wavlm_l12,12,13,21,0.0038403882195757926,0.01057188527304341,0.8603810676114044,train_speakers_only
JVS_JVSMuSiC,wavlm_l12,12,13,22,0.0033218148147723166,0.009144347683669328,0.8695254152950738,train_speakers_only
JVS_JVSMuSiC,wavlm_l12,12,13,23,0.003232239392039076,0.008897762953617015,0.8784231782486908,train_speakers_only
JVS_JVSMuSiC,wavlm_l12,12,13,24,0.0030466786945083407,0.00838694834495812,0.8868101265936489,train_speakers_only
JVS_JVSMuSiC,wavlm_l12,12,13,25,0.002673897522290309,0.0073607500651719695,0.8941708766588209,train_speakers_only
JVS_JVSMuSiC,wavlm_l12,12,13,26,0.0026401745777810686,0.007267916976422344,0.9014387936352433,train_speakers_only
JVS_JVSMuSiC,wavlm_l12,12,13,27,0.002444395267862687,0.006728972399740624,0.9081677660349838,train_speakers_only
JVS_JVSMuSiC,wavlm_l12,12,13,28,0.0021397666691638628,0.005890385670431345,0.9140581517054152,train_speakers_only
JVS_JVSMuSiC,wavlm_l12,12,13,29,0.002055593605768648,0.005658672646013955,0.9197168243514291,train_speakers_only
JVS_JVSMuSiC,wavlm_l12,12,13,30,0.002015210212859786,0.005547504562903888,0.925264328914333,train_speakers_only
JVS_JVSMuSiC,wavlm_l12,12,13,31,0.0017646426946862379,0.004857738085187066,0.93012206699952,train_speakers_only
JVS_JVSMuSiC,wavlm_l12,12,13,32,0.0017548705769498917,0.0048308372351488545,0.9349529042346689,train_speakers_only
JVS_JVSMuSiC,wavlm_l12,12,13,33,0.0016838104361087175,0.004635221684452737,0.9395881259191217,train_speakers_only
JVS_JVSMuSiC,wavlm_l12,12,13,34,0.0015335161871028815,0.004221489148354232,0.9438096150674758,train_speakers_only
JVS_JVSMuSiC,wavlm_l12,12,13,35,0.0014012557609552967,0.003857400423087142,0.947667015490563,train_speakers_only
JVS_JVSMuSiC,wavlm_l12,12,13,36,0.0013479755281113903,0.0037107297021231464,0.9513777451926861,train_speakers_only
JVS_JVSMuSiC,wavlm_l12,12,13,37,0.0012916989582706518,0.0035558106142861306,0.9549335558069723,train_speakers_only
JVS_JVSMuSiC,wavlm_l12,12,13,38,0.0012272134703581658,0.003378293878735282,0.9583118496857075,train_speakers_only
JVS_JVSMuSiC,wavlm_l12,12,13,39,0.001213805528174004,0.003341384270014991,0.9616532339557224,train_speakers_only
JVS_JVSMuSiC,wavlm_l12,12,13,40,0.001157962291434479,0.003187658068826177,0.9648408920245486,train_speakers_only
JVS_JVSMuSiC,wavlm_l12,12,13,41,0.0010947777492606927,0.0030137225985822787,0.9678546146231308,train_speakers_only
JVS_JVSMuSiC,wavlm_l12,12,13,42,0.0010495250600559382,0.002889150234743969,0.9707437648578748,train_speakers_only
JVS_JVSMuSiC,wavlm_l12,12,13,43,0.0009595043481898422,0.00264133970527849,0.9733851045631533,train_speakers_only
JVS_JVSMuSiC,wavlm_l12,12,13,44,0.0009066669998043454,0.0024958881640994063,0.9758809927272527,train_speakers_only
JVS_JVSMuSiC,wavlm_l12,12,13,45,0.0008798196038570027,0.0024219822010541833,0.9783029749283069,train_speakers_only
JVS_JVSMuSiC,wavlm_l12,12,13,46,0.0008530180870706158,0.00234820253493477,0.9806511774632416,train_speakers_only
JVS_JVSMuSiC,wavlm_l12,12,13,47,0.0007511853869060721,0.00206787576544408,0.9827190532286857,train_speakers_only
JVS_JVSMuSiC,wavlm_l12,12,13,48,0.0007424013776149942,0.002043694996950607,0.9847627482256363,train_speakers_only
JVS_JVSMuSiC,wavlm_l12,12,13,49,0.0006766827032748138,0.0018627835250636235,0.9866255317506999,train_speakers_only
JVS_JVSMuSiC,wavlm_l12,12,13,50,0.0006202047448653603,0.0017073100513879823,0.9883328418020879,train_speakers_only
JVS_JVSMuSiC,wavlm_l12,12,13,51,0.000598535969726347,0.0016476598827906191,0.9899805016848785,train_speakers_only
JVS_JVSMuSiC,wavlm_l12,12,13,52,0.0005627730992014917,0.0015492112514006293,0.9915297129362791,train_speakers_only
JVS_JVSMuSiC,wavlm_l12,12,13,53,0.0005432352100701921,0.001495427021639515,0.9930251399579186,train_speakers_only
JVS_JVSMuSiC,wavlm_l12,12,13,54,0.0005141236314159982,0.0014152881783630628,0.9944404281362818,train_speakers_only
JVS_JVSMuSiC,wavlm_l12,12,13,55,0.00047544754153333715,0.0013088199877345195,0.9957492481240162,train_speakers_only
JVS_JVSMuSiC,wavlm_l12,12,13,56,0.00042643119859393715,0.001173886974603694,0.99692313509862,train_speakers_only
JVS_JVSMuSiC,wavlm_l12,12,13,57,0.00041317468143804205,0.0011373942112476666,0.9980605293098677,train_speakers_only
JVS_JVSMuSiC,wavlm_l12,12,13,58,0.00038459290150704204,0.0010587138068058252,0.9991192431166734,train_speakers_only
JVS_JVSMuSiC,wavlm_l12,12,13,59,0.0003199475090466488,0.0008807568833264501,0.9999999999999999,train_speakers_only
JVS_JVSMuSiC,wavlm_l12,12,13,60,0.0,0.0,0.9999999999999999,train_speakers_only
JVS_JVSMuSiC,wavlm_l12,12,17,1,0.07603584281682532,0.19468173321343207,0.19468173321343207,train_speakers_only
JVS_JVSMuSiC,wavlm_l12,12,17,2,0.05030667154357563,0.12880491154541346,0.32348664475884553,train_speakers_only
JVS_JVSMuSiC,wavlm_l12,12,17,3,0.036332660999194806,0.09302593557908351,0.41651258033792904,train_speakers_only
JVS_JVSMuSiC,wavlm_l12,12,17,4,0.027908513658281883,0.0714567973356215,0.48796937767355053,train_speakers_only
JVS_JVSMuSiC,wavlm_l12,12,17,5,0.024404094428448264,0.06248410256042107,0.5504534802339716,train_speakers_only
JVS_JVSMuSiC,wavlm_l12,12,17,6,0.014896819124430142,0.03814172972998617,0.5885952099639578,train_speakers_only
JVS_JVSMuSiC,wavlm_l12,12,17,7,0.014230406391188697,0.036435450413065965,0.6250306603770237,train_speakers_only
JVS_JVSMuSiC,wavlm_l12,12,17,8,0.013004898438866621,0.03329766692324961,0.6583283273002734,train_speakers_only
JVS_JVSMuSiC,wavlm_l12,12,17,9,0.012177604906449901,0.031179469336420067,0.6895077966366934,train_speakers_only
JVS_JVSMuSiC,wavlm_l12,12,17,10,0.009830926057618972,0.02517104635245581,0.7146788429891492,train_speakers_only
JVS_JVSMuSiC,wavlm_l12,12,17,11,0.009286132932572301,0.02377616117859964,0.7384550041677488,train_speakers_only
JVS_JVSMuSiC,wavlm_l12,12,17,12,0.0075438323689418834,0.01931518486873684,0.7577701890364856,train_speakers_only
JVS_JVSMuSiC,wavlm_l12,12,17,13,0.006888191765323895,0.017636486450348213,0.7754066754868338,train_speakers_only
JVS_JVSMuSiC,wavlm_l12,12,17,14,0.006163056404403611,0.01577985405635481,0.7911865295431887,train_speakers_only
JVS_JVSMuSiC,wavlm_l12,12,17,15,0.005891988142758839,0.015085812443331764,0.8062723419865204,train_speakers_only
JVS_JVSMuSiC,wavlm_l12,12,17,16,0.005313782507841846,0.013605378071997297,0.8198777200585177,train_speakers_only
JVS_JVSMuSiC,wavlm_l12,12,17,17,0.004669653879439281,0.01195615484852494,0.8318338749070426,train_speakers_only
JVS_JVSMuSiC,wavlm_l12,12,17,18,0.004533432063699412,0.011607373297518705,0.8434412482045613,train_speakers_only
JVS_JVSMuSiC,wavlm_l12,12,17,19,0.004220293582623676,0.010805615337414186,0.8542468635419755,train_speakers_only
JVS_JVSMuSiC,wavlm_l12,12,17,20,0.003935106133455732,0.010075423038126,0.8643222865801016,train_speakers_only
JVS_JVSMuSiC,wavlm_l12,12,17,21,0.0034497579702443817,0.008832740401549334,0.8731550269816509,train_speakers_only
JVS_JVSMuSiC,wavlm_l12,12,17,22,0.003142022927877775,0.008044817374737261,0.8811998443563882,train_speakers_only
JVS_JVSMuSiC,wavlm_l12,12,17,23,0.0030517779842043073,0.00781375474167848,0.8890135990980667,train_speakers_only
JVS_JVSMuSiC,wavlm_l12,12,17,24,0.0028317230002118396,0.007250327230404445,0.8962639263284711,train_speakers_only
JVS_JVSMuSiC,wavlm_l12,12,17,25,0.002655627489178213,0.006799453300043468,0.9030633796285146,train_speakers_only
JVS_JVSMuSiC,wavlm_l12,12,17,26,0.0025824104380172165,0.006611988784720898,0.9096753684132355,train_speakers_only
JVS_JVSMuSiC,wavlm_l12,12,17,27,0.0023809463356563513,0.006096161259505085,0.9157715296727406,train_speakers_only
JVS_JVSMuSiC,wavlm_l12,12,17,28,0.0021341838093989983,0.0054643519111213495,0.9212358815838619,train_speakers_only
JVS_JVSMuSiC,wavlm_l12,12,17,29,0.0020101602148477346,0.005146802615261409,0.9263826841991234,train_speakers_only
JVS_JVSMuSiC,wavlm_l12,12,17,30,0.0018874402377181381,0.004832591093925896,0.9312152752930493,train_speakers_only
JVS_JVSMuSiC,wavlm_l12,12,17,31,0.0018584041335913328,0.004758247220460982,0.9359735225135103,train_speakers_only
JVS_JVSMuSiC,wavlm_l12,12,17,32,0.0017614367802630216,0.004509972568510948,0.9404834950820212,train_speakers_only
JVS_JVSMuSiC,wavlm_l12,12,17,33,0.0015795041535535135,0.004044153320854211,0.9445276484028754,train_speakers_only
JVS_JVSMuSiC,wavlm_l12,12,17,34,0.0015341083920310703,0.003927922274990441,0.9484555706778658,train_speakers_only
JVS_JVSMuSiC,wavlm_l12,12,17,35,0.0014625886084540538,0.003744803433796481,0.9522003741116623,train_speakers_only
JVS_JVSMuSiC,wavlm_l12,12,17,36,0.0013929107389642889,0.0035664006188034832,0.9557667747304658,train_speakers_only
JVS_JVSMuSiC,wavlm_l12,12,17,37,0.0012650065366430136,0.003238915437200718,0.9590056901676665,train_speakers_only
JVS_JVSMuSiC,wavlm_l12,12,17,38,0.001196613604964999,0.0030638025695667,0.9620694927372332,train_speakers_only
JVS_JVSMuSiC,wavlm_l12,12,17,39,0.0010984221286219665,0.0028123936801130907,0.9648818864173463,train_speakers_only
JVS_JVSMuSiC,wavlm_l12,12,17,40,0.0010718347738276441,0.002744319570309526,0.9676262059876558,train_speakers_only
JVS_JVSMuSiC,wavlm_l12,12,17,41,0.0010558235808846646,0.0027033246042845794,0.9703295305919404,train_speakers_only
JVS_JVSMuSiC,wavlm_l12,12,17,42,0.0009411232814451981,0.0024096466194324963,0.9727391772113729,train_speakers_only
JVS_JVSMuSiC,wavlm_l12,12,17,43,0.0008570248361728852,0.0021943214454140936,0.974933498656787,train_speakers_only
JVS_JVSMuSiC,wavlm_l12,12,17,44,0.000847968716817288,0.0021711342096707785,0.9771046328664578,train_speakers_only
JVS_JVSMuSiC,wavlm_l12,12,17,45,0.0008241824113377013,0.002110231890370316,0.9792148647568281,train_speakers_only
JVS_JVSMuSiC,wavlm_l12,12,17,46,0.0007761456744205642,0.0019872389063446756,0.9812021036631727,train_speakers_only
JVS_JVSMuSiC,wavlm_l12,12,17,47,0.0007457911138277735,0.0019095192645518842,0.9831116229277246,train_speakers_only
JVS_JVSMuSiC,wavlm_l12,12,17,48,0.0007114938424275868,0.0018217047287576902,0.9849333276564822,train_speakers_only
JVS_JVSMuSiC,wavlm_l12,12,17,49,0.0006757542460295216,0.001730197272361294,0.9866635249288436,train_speakers_only
JVS_JVSMuSiC,wavlm_l12,12,17,50,0.0006614449448087519,0.0016935598200818005,0.9883570847489254,train_speakers_only
JVS_JVSMuSiC,wavlm_l12,12,17,51,0.0006210041662965942,0.0015900154841267946,0.9899471002330522,train_speakers_only
JVS_JVSMuSiC,wavlm_l12,12,17,52,0.000574336456077826,0.0014705277481602303,0.9914176279812125,train_speakers_only
JVS_JVSMuSiC,wavlm_l12,12,17,53,0.0005623118461743858,0.0014397400063467193,0.9928573679875592,train_speakers_only
JVS_JVSMuSiC,wavlm_l12,12,17,54,0.0005351440266500002,0.0013701796779976433,0.9942275476655569,train_speakers_only
JVS_JVSMuSiC,wavlm_l12,12,17,55,0.0005164101851718462,0.0013222136583732028,0.99554976132393,train_speakers_only
JVS_JVSMuSiC,wavlm_l12,12,17,56,0.00048636167379904275,0.001245277623237331,0.9967950389471674,train_speakers_only
JVS_JVSMuSiC,wavlm_l12,12,17,57,0.00043221963390131037,0.0011066526566884112,0.9979016916038558,train_speakers_only
JVS_JVSMuSiC,wavlm_l12,12,17,58,0.00042065597175556927,0.001077045122853996,0.9989787367267098,train_speakers_only
JVS_JVSMuSiC,wavlm_l12,12,17,59,0.0003988695417938879,0.001021263273290087,0.9999999999999999,train_speakers_only
JVS_JVSMuSiC,wavlm_l12,12,17,60,4.968840165401027e-18,1.2722189688765224e-17,0.9999999999999999,train_speakers_only
JVS_JVSMuSiC,wavlm_l12,12,19,1,0.05259705331658241,0.15428714289327947,0.15428714289327947,train_speakers_only
JVS_JVSMuSiC,wavlm_l12,12,19,2,0.04013858916835889,0.11774173365337152,0.272028876546651,train_speakers_only
JVS_JVSMuSiC,wavlm_l12,12,19,3,0.03399181868691809,0.09971092021798741,0.3717397967646384,train_speakers_only
JVS_JVSMuSiC,wavlm_l12,12,19,4,0.026726433085514596,0.07839878359102717,0.45013858035566556,train_speakers_only
JVS_JVSMuSiC,wavlm_l12,12,19,5,0.01691418825639543,0.04961574110874311,0.4997543214644087,train_speakers_only
JVS_JVSMuSiC,wavlm_l12,12,19,6,0.014150926107155364,0.041510043257092163,0.5412643647215009,train_speakers_only
JVS_JVSMuSiC,wavlm_l12,12,19,7,0.012367780606180259,0.03627939995370167,0.5775437646752025,train_speakers_only
JVS_JVSMuSiC,wavlm_l12,12,19,8,0.011747972379868207,0.03446126691488201,0.6120050315900846,train_speakers_only
JVS_JVSMuSiC,wavlm_l12,12,19,9,0.009877858448545671,0.02897551215953518,0.6409805437496198,train_speakers_only
JVS_JVSMuSiC,wavlm_l12,12,19,10,0.009644336821750182,0.028290504495984043,0.6692710482456038,train_speakers_only
JVS_JVSMuSiC,wavlm_l12,12,19,11,0.008870449541943572,0.026020399047221764,0.6952914472928255,train_speakers_only
JVS_JVSMuSiC,wavlm_l12,12,19,12,0.008111152649706273,0.023793092749169038,0.7190845400419946,train_speakers_only
JVS_JVSMuSiC,wavlm_l12,12,19,13,0.00770545368740937,0.022603023537671532,0.7416875635796661,train_speakers_only
JVS_JVSMuSiC,wavlm_l12,12,19,14,0.006129627764953436,0.017980527334139147,0.7596680909138053,train_speakers_only
JVS_JVSMuSiC,wavlm_l12,12,19,15,0.005781513845824973,0.01695937693507716,0.7766274678488825,train_speakers_only
JVS_JVSMuSiC,wavlm_l12,12,19,16,0.0052985235878611715,0.015542582984701443,0.7921700508335839,train_speakers_only
JVS_JVSMuSiC,wavlm_l12,12,19,17,0.004820098638774924,0.014139180819962528,0.8063092316535465,train_speakers_only
JVS_JVSMuSiC,wavlm_l12,12,19,18,0.004545729707419294,0.013334352491220463,0.819643584144767,train_speakers_only
JVS_JVSMuSiC,wavlm_l12,12,19,19,0.004284749998442494,0.01256879983927265,0.8322123839840396,train_speakers_only
JVS_JVSMuSiC,wavlm_l12,12,19,20,0.003906243064633168,0.011458495179594595,0.8436708791636343,train_speakers_only
JVS_JVSMuSiC,wavlm_l12,12,19,21,0.0037750257816738957,0.011073585029511675,0.854744464193146,train_speakers_only
JVS_JVSMuSiC,wavlm_l12,12,19,22,0.0032680333952172223,0.009586383716080222,0.8643308479092262,train_speakers_only
JVS_JVSMuSiC,wavlm_l12,12,19,23,0.003030019073722409,0.008888197271868533,0.8732190451810947,train_speakers_only
JVS_JVSMuSiC,wavlm_l12,12,19,24,0.002809128282035458,0.0082402406470804,0.8814592858281751,train_speakers_only
JVS_JVSMuSiC,wavlm_l12,12,19,25,0.0027881330264855277,0.008178653584900024,0.8896379394130751,train_speakers_only
JVS_JVSMuSiC,wavlm_l12,12,19,26,0.00252766455816749,0.0074146005960625495,0.8970525400091377,train_speakers_only
JVS_JVSMuSiC,wavlm_l12,12,19,27,0.0022654896783191377,0.006645542053814552,0.9036980820629522,train_speakers_only
JVS_JVSMuSiC,wavlm_l12,12,19,28,0.002101599436707065,0.006164789701126308,0.9098628717640785,train_speakers_only
JVS_JVSMuSiC,wavlm_l12,12,19,29,0.002015356560517566,0.005911806575206941,0.9157746783392855,train_speakers_only
JVS_JVSMuSiC,wavlm_l12,12,19,30,0.0019115488117228561,0.005607299003740583,0.9213819773430261,train_speakers_only
JVS_JVSMuSiC,wavlm_l12,12,19,31,0.0017783366916115453,0.005216537238304367,0.9265985145813305,train_speakers_only
JVS_JVSMuSiC,wavlm_l12,12,19,32,0.001689156859135774,0.004954938903630167,0.9315534534849607,train_speakers_only
JVS_JVSMuSiC,wavlm_l12,12,19,33,0.0015112858146187826,0.004433175543679395,0.93598662902864,train_speakers_only
JVS_JVSMuSiC,wavlm_l12,12,19,34,0.0014805569146601073,0.004343036003915811,0.9403296650325559,train_speakers_only
JVS_JVSMuSiC,wavlm_l12,12,19,35,0.0013744791766800565,0.004031869691631848,0.9443615347241877,train_speakers_only
JVS_JVSMuSiC,wavlm_l12,12,19,36,0.0013428936994303619,0.003939217485196556,0.9483007522093843,train_speakers_only
JVS_JVSMuSiC,wavlm_l12,12,19,37,0.0013166293185041108,0.003862174076156482,0.9521629262855408,train_speakers_only
JVS_JVSMuSiC,wavlm_l12,12,19,38,0.0012129396536355403,0.0035580128897143197,0.9557209391752551,train_speakers_only
JVS_JVSMuSiC,wavlm_l12,12,19,39,0.0011693656747119316,0.003430193852549817,0.959151133027805,train_speakers_only
JVS_JVSMuSiC,wavlm_l12,12,19,40,0.0011506330875167747,0.0033752440564092643,0.9625263770842142,train_speakers_only
JVS_JVSMuSiC,wavlm_l12,12,19,41,0.001093946892470327,0.0032089619070545163,0.9657353389912687,train_speakers_only
JVS_JVSMuSiC,wavlm_l12,12,19,42,0.0010054307730009363,0.002949310494821755,0.9686846494860905,train_speakers_only
JVS_JVSMuSiC,wavlm_l12,12,19,43,0.0009102963611434533,0.002670245116235308,0.9713548946023257,train_speakers_only
JVS_JVSMuSiC,wavlm_l12,12,19,44,0.0008921615707057037,0.0026170488851314905,0.9739719434874572,train_speakers_only
JVS_JVSMuSiC,wavlm_l12,12,19,45,0.0008225273083763737,0.002412785134506391,0.9763847286219636,train_speakers_only
JVS_JVSMuSiC,wavlm_l12,12,19,46,0.0008012733731469485,0.0023504392665344874,0.978735167888498,train_speakers_only
JVS_JVSMuSiC,wavlm_l12,12,19,47,0.0007587118475168397,0.0022255901395858055,0.9809607580280838,train_speakers_only
JVS_JVSMuSiC,wavlm_l12,12,19,48,0.0007161186411995752,0.002100648081143857,0.9830614061092277,train_speakers_only
JVS_JVSMuSiC,wavlm_l12,12,19,49,0.0006859199133854268,0.002012063737731831,0.9850734698469595,train_speakers_only
JVS_JVSMuSiC,wavlm_l12,12,19,50,0.0006592391841847006,0.0019337990210011792,0.9870072688679608,train_speakers_only
JVS_JVSMuSiC,wavlm_l12,12,19,51,0.000616801976033663,0.0018093145644560301,0.9888165834324167,train_speakers_only
JVS_JVSMuSiC,wavlm_l12,12,19,52,0.0006011965741241299,0.0017635379910074923,0.9905801214234242,train_speakers_only
JVS_JVSMuSiC,wavlm_l12,12,19,53,0.0005567226897610914,0.0016330791892484216,0.9922132006126726,train_speakers_only
JVS_JVSMuSiC,wavlm_l12,12,19,54,0.0005113184670294033,0.001499891351549657,0.9937130919642223,train_speakers_only
JVS_JVSMuSiC,wavlm_l12,12,19,55,0.0004747507473058725,0.0013926243348157167,0.995105716299038,train_speakers_only
JVS_JVSMuSiC,wavlm_l12,12,19,56,0.000469982104977541,0.0013786360949063477,0.9964843523939443,train_speakers_only
JVS_JVSMuSiC,wavlm_l12,12,19,57,0.0004439480287707731,0.001302268257118337,0.9977866206510626,train_speakers_only
JVS_JVSMuSiC,wavlm_l12,12,19,58,0.0003939935149518305,0.0011557326866680892,0.9989423533377307,train_speakers_only
JVS_JVSMuSiC,wavlm_l12,12,19,59,0.0003605556292138064,0.0010576466622693578,1.0,train_speakers_only
JVS_JVSMuSiC,wavlm_l12,12,19,60,0.0,0.0,1.0,train_speakers_only
JVS_JVSMuSiC,wavlm_l12,12,23,1,0.0810763178229496,0.2080930909018136,0.2080930909018136,train_speakers_only
JVS_JVSMuSiC,wavlm_l12,12,23,2,0.05153476572920912,0.1322707909960906,0.34036388189790423,train_speakers_only
JVS_JVSMuSiC,wavlm_l12,12,23,3,0.04003675718825907,0.10275963162490762,0.4431235135228119,train_speakers_only
JVS_JVSMuSiC,wavlm_l12,12,23,4,0.026604699984678425,0.06828448061019447,0.5114079941330063,train_speakers_only
JVS_JVSMuSiC,wavlm_l12,12,23,5,0.016693750396159182,0.042846717906777264,0.5542547120397836,train_speakers_only
JVS_JVSMuSiC,wavlm_l12,12,23,6,0.014526297551912246,0.03728366356668978,0.5915383756064734,train_speakers_only
JVS_JVSMuSiC,wavlm_l12,12,23,7,0.012906186754494632,0.03312543496812109,0.6246638105745945,train_speakers_only
JVS_JVSMuSiC,wavlm_l12,12,23,8,0.011197337023926545,0.028739446163138782,0.6534032567377333,train_speakers_only
JVS_JVSMuSiC,wavlm_l12,12,23,9,0.0110054874922408,0.028247038970649688,0.681650295708383,train_speakers_only
JVS_JVSMuSiC,wavlm_l12,12,23,10,0.010297747189364964,0.026430529894561256,0.7080808256029443,train_speakers_only
JVS_JVSMuSiC,wavlm_l12,12,23,11,0.008974918126274191,0.023035314178494408,0.7311161397814386,train_speakers_only
JVS_JVSMuSiC,wavlm_l12,12,23,12,0.008298529468577343,0.02129927324557448,0.7524154130270131,train_speakers_only
JVS_JVSMuSiC,wavlm_l12,12,23,13,0.007287478328785268,0.018704276797924014,0.7711196898249371,train_speakers_only
JVS_JVSMuSiC,wavlm_l12,12,23,14,0.006948163102485863,0.017833379399933097,0.7889530692248702,train_speakers_only
JVS_JVSMuSiC,wavlm_l12,12,23,15,0.006737203560699463,0.01729192383948908,0.8062449930643593,train_speakers_only
JVS_JVSMuSiC,wavlm_l12,12,23,16,0.005139941534508774,0.01319233963370476,0.8194373326980641,train_speakers_only
JVS_JVSMuSiC,wavlm_l12,12,23,17,0.0050058986427504925,0.012848300826709229,0.8322856335247732,train_speakers_only
JVS_JVSMuSiC,wavlm_l12,12,23,18,0.004521002809369782,0.011603751549644737,0.843889385074418,train_speakers_only
JVS_JVSMuSiC,wavlm_l12,12,23,19,0.004130880419306469,0.010602450847316858,0.8544918359217348,train_speakers_only
JVS_JVSMuSiC,wavlm_l12,12,23,20,0.003642962877192515,0.009350145955209775,0.8638419818769446,train_speakers_only
JVS_JVSMuSiC,wavlm_l12,12,23,21,0.003394203833319812,0.008711672974205723,0.8725536548511503,train_speakers_only
JVS_JVSMuSiC,wavlm_l12,12,23,22,0.0030311458033751913,0.007779836531005609,0.8803334913821559,train_speakers_only
JVS_JVSMuSiC,wavlm_l12,12,23,23,0.0027764768811549575,0.007126195065723855,0.8874596864478798,train_speakers_only
JVS_JVSMuSiC,wavlm_l12,12,23,24,0.002722892502214912,0.006988663671389469,0.8944483501192693,train_speakers_only
JVS_JVSMuSiC,wavlm_l12,12,23,25,0.0026415491630859328,0.006779885234995896,0.9012282353542651,train_speakers_only
JVS_JVSMuSiC,wavlm_l12,12,23,26,0.0024691300883749757,0.006337348879738804,0.9075655842340039,train_speakers_only
JVS_JVSMuSiC,wavlm_l12,12,23,27,0.002211705455057532,0.005676634517521805,0.9132422187515257,train_speakers_only
JVS_JVSMuSiC,wavlm_l12,12,23,28,0.002169183360780397,0.005567495939607224,0.9188097146911329,train_speakers_only
JVS_JVSMuSiC,wavlm_l12,12,23,29,0.001966326047622742,0.005046835820345313,0.9238565505114782,train_speakers_only
JVS_JVSMuSiC,wavlm_l12,12,23,30,0.0019423954369929821,0.004985414743675438,0.9288419652551536,train_speakers_only
JVS_JVSMuSiC,wavlm_l12,12,23,31,0.0018357890547470374,0.004711795366438014,0.9335537606215917,train_speakers_only
JVS_JVSMuSiC,wavlm_l12,12,23,32,0.0017553804977059673,0.004505416171884919,0.9380591767934766,train_speakers_only
JVS_JVSMuSiC,wavlm_l12,12,23,33,0.001588141045200929,0.00407617400195192,0.9421353507954285,train_speakers_only
JVS_JVSMuSiC,wavlm_l12,12,23,34,0.0015680257375466243,0.004024545404889013,0.9461598962003176,train_speakers_only
JVS_JVSMuSiC,wavlm_l12,12,23,35,0.0015385562910542852,0.003948908173544244,0.9501088043738618,train_speakers_only
JVS_JVSMuSiC,wavlm_l12,12,23,36,0.0014772076604478454,0.0037914488005943536,0.9539002531744561,train_speakers_only
JVS_JVSMuSiC,wavlm_l12,12,23,37,0.0013975616241354229,0.0035870267163240358,0.9574872798907802,train_speakers_only
JVS_JVSMuSiC,wavlm_l12,12,23,38,0.001226269525227041,0.003147382893491042,0.9606346627842712,train_speakers_only
JVS_JVSMuSiC,wavlm_l12,12,23,39,0.0011941405222529239,0.0030649195587466376,0.9636995823430179,train_speakers_only
JVS_JVSMuSiC,wavlm_l12,12,23,40,0.0011244773713251128,0.0028861198699129107,0.9665857022129308,train_speakers_only
JVS_JVSMuSiC,wavlm_l12,12,23,41,0.0010549725976255404,0.0027077266771786315,0.9692934288901095,train_speakers_only
JVS_JVSMuSiC,wavlm_l12,12,23,42,0.0010125145550848248,0.0025987524965155172,0.971892181386625,train_speakers_only
JVS_JVSMuSiC,wavlm_l12,12,23,43,0.0009972336349786729,0.0025595319943750917,0.9744517133810001,train_speakers_only
JVS_JVSMuSiC,wavlm_l12,12,23,44,0.0009430281705903601,0.0024204065021078626,0.976872119883108,train_speakers_only
JVS_JVSMuSiC,wavlm_l12,12,23,45,0.0009394791125981885,0.0024112973754576664,0.9792834172585656,train_speakers_only
JVS_JVSMuSiC,wavlm_l12,12,23,46,0.0008750348647048523,0.0022458926913888617,0.9815293099499545,train_speakers_only
JVS_JVSMuSiC,wavlm_l12,12,23,47,0.0007722677456620552,0.001982127290851185,0.9835114372408057,train_speakers_only
JVS_JVSMuSiC,wavlm_l12,12,23,48,0.0007152961376482025,0.0018359021251851963,0.985347339365991,train_speakers_only
JVS_JVSMuSiC,wavlm_l12,12,23,49,0.0007012860737670888,0.0017999434435992945,0.9871472828095902,train_speakers_only
JVS_JVSMuSiC,wavlm_l12,12,23,50,0.0006282360128165203,0.0016124508023206746,0.9887597336119108,train_speakers_only
JVS_JVSMuSiC,wavlm_l12,12,23,51,0.0006180462117583463,0.0015862973304461812,0.990346030942357,train_speakers_only
JVS_JVSMuSiC,wavlm_l12,12,23,52,0.0005659585483364252,0.0014526074544087574,0.9917986383967657,train_speakers_only
JVS_JVSMuSiC,wavlm_l12,12,23,53,0.0005405795735712958,0.0013874689596595547,0.9931861073564253,train_speakers_only
JVS_JVSMuSiC,wavlm_l12,12,23,54,0.00048823722156509476,0.001253125391691573,0.9944392327481169,train_speakers_only
JVS_JVSMuSiC,wavlm_l12,12,23,55,0.00048174387371862726,0.0012364593557891682,0.995675692103906,train_speakers_only
JVS_JVSMuSiC,wavlm_l12,12,23,56,0.00044629654896190783,0.0011454791093880648,0.9968211712132942,train_speakers_only
JVS_JVSMuSiC,wavlm_l12,12,23,57,0.0004294388478743124,0.00110221159035153,0.9979233828036457,train_speakers_only
JVS_JVSMuSiC,wavlm_l12,12,23,58,0.0004132877264444642,0.0010607576014418825,0.9989841404050875,train_speakers_only
JVS_JVSMuSiC,wavlm_l12,12,23,59,0.000395794761967795,0.0010158595949125908,1.0000000000000002,train_speakers_only
JVS_JVSMuSiC,wavlm_l12,12,23,60,0.0,0.0,1.0000000000000002,train_speakers_only
JVS_JVSMuSiC,wavlm_l12,12,29,1,0.062133625005126626,0.17024444378861742,0.17024444378861742,train_speakers_only
JVS_JVSMuSiC,wavlm_l12,12,29,2,0.04546217030665773,0.12456511102710882,0.29480955481572624,train_speakers_only
JVS_JVSMuSiC,wavlm_l12,12,29,3,0.04439951641201087,0.12165346823757199,0.41646302305329824,train_speakers_only
JVS_JVSMuSiC,wavlm_l12,12,29,4,0.02220508658213092,0.06084133372455026,0.4773043567778485,train_speakers_only
JVS_JVSMuSiC,wavlm_l12,12,29,5,0.01774656451197352,0.048625104430177146,0.5259294612080256,train_speakers_only
JVS_JVSMuSiC,wavlm_l12,12,29,6,0.014185994679777032,0.038869239862436136,0.5647987010704618,train_speakers_only
JVS_JVSMuSiC,wavlm_l12,12,29,7,0.012494778527796653,0.0342353535714549,0.5990340546419167,train_speakers_only
JVS_JVSMuSiC,wavlm_l12,12,29,8,0.011449824431732926,0.031372207748974264,0.630406262390891,train_speakers_only
JVS_JVSMuSiC,wavlm_l12,12,29,9,0.011108596944873567,0.030437253709177513,0.6608435161000685,train_speakers_only
JVS_JVSMuSiC,wavlm_l12,12,29,10,0.009710292914229023,0.026605938669618488,0.687449454769687,train_speakers_only
JVS_JVSMuSiC,wavlm_l12,12,29,11,0.008879117586278254,0.024328540861489237,0.7117779956311763,train_speakers_only
JVS_JVSMuSiC,wavlm_l12,12,29,12,0.008375106372296453,0.022947563833664482,0.7347255594648407,train_speakers_only
JVS_JVSMuSiC,wavlm_l12,12,29,13,0.007267985335677663,0.019914082283693884,0.7546396417485346,train_speakers_only
JVS_JVSMuSiC,wavlm_l12,12,29,14,0.006845387392771809,0.01875617540589165,0.7733958171544263,train_speakers_only
JVS_JVSMuSiC,wavlm_l12,12,29,15,0.005634397899431709,0.015438097107538153,0.7888339142619645,train_speakers_only
JVS_JVSMuSiC,wavlm_l12,12,29,16,0.005025649050090692,0.013770141805485981,0.8026040560674504,train_speakers_only
JVS_JVSMuSiC,wavlm_l12,12,29,17,0.0048062034521156,0.013168866831330723,0.8157729228987811,train_speakers_only
JVS_JVSMuSiC,wavlm_l12,12,29,18,0.004562986690797646,0.012502459515690801,0.828275382414472,train_speakers_only
JVS_JVSMuSiC,wavlm_l12,12,29,19,0.0041674613488472245,0.011418730828702131,0.8396941132431741,train_speakers_only
JVS_JVSMuSiC,wavlm_l12,12,29,20,0.004083322647188318,0.01118819307295659,0.8508823063161307,train_speakers_only
JVS_JVSMuSiC,wavlm_l12,12,29,21,0.00354221814278752,0.00970558143753972,0.8605878877536705,train_speakers_only
JVS_JVSMuSiC,wavlm_l12,12,29,22,0.0033912932347074,0.009292051291377666,0.8698799390450481,train_speakers_only
JVS_JVSMuSiC,wavlm_l12,12,29,23,0.0031654987990811165,0.008673380674612754,0.8785533197196609,train_speakers_only
JVS_JVSMuSiC,wavlm_l12,12,29,24,0.0030890809247863353,0.00846399777600109,0.8870173174956619,train_speakers_only
JVS_JVSMuSiC,wavlm_l12,12,29,25,0.0027192455695419873,0.0074506589543607196,0.8944679764500226,train_speakers_only
JVS_JVSMuSiC,wavlm_l12,12,29,26,0.0025843168952612568,0.007080958054048478,0.9015489345040711,train_speakers_only
JVS_JVSMuSiC,wavlm_l12,12,29,27,0.0023775131942524964,0.006514321533987738,0.9080632560380589,train_speakers_only
JVS_JVSMuSiC,wavlm_l12,12,29,28,0.002231264996057305,0.006113605445802419,0.9141768614838613,train_speakers_only
JVS_JVSMuSiC,wavlm_l12,12,29,29,0.0021701621655971543,0.0059461853510511435,0.9201230468349125,train_speakers_only
JVS_JVSMuSiC,wavlm_l12,12,29,30,0.0019677156891350794,0.005391487507823621,0.9255145343427361,train_speakers_only
JVS_JVSMuSiC,wavlm_l12,12,29,31,0.0019392255707488808,0.005313425357776363,0.9308279597005125,train_speakers_only
JVS_JVSMuSiC,wavlm_l12,12,29,32,0.0018398192956777574,0.005041054865837653,0.9358690145663501,train_speakers_only
JVS_JVSMuSiC,wavlm_l12,12,29,33,0.001659912547089696,0.004548115264379247,0.9404171298307293,train_speakers_only
JVS_JVSMuSiC,wavlm_l12,12,29,34,0.0015329567150479755,0.004200259735108574,0.944617389565838,train_speakers_only
JVS_JVSMuSiC,wavlm_l12,12,29,35,0.001483081438800874,0.0040636028337481455,0.9486809923995861,train_speakers_only
JVS_JVSMuSiC,wavlm_l12,12,29,36,0.0014175727928587628,0.003884110924321648,0.9525651033239078,train_speakers_only
JVS_JVSMuSiC,wavlm_l12,12,29,37,0.0013393334874796424,0.003669737354043443,0.9562348406779512,train_speakers_only
JVS_JVSMuSiC,wavlm_l12,12,29,38,0.0012181185248819663,0.0033376116510187644,0.9595724523289699,train_speakers_only
JVS_JVSMuSiC,wavlm_l12,12,29,39,0.0011576038130761558,0.003171802985395945,0.9627442553143659,train_speakers_only
JVS_JVSMuSiC,wavlm_l12,12,29,40,0.0010978270868917228,0.0030080163803180406,0.9657522716946839,train_speakers_only
JVS_JVSMuSiC,wavlm_l12,12,29,41,0.0010422897253178857,0.002855845519051776,0.9686081172137357,train_speakers_only
JVS_JVSMuSiC,wavlm_l12,12,29,42,0.0009803927837638354,0.0026862495814863048,0.9712943667952221,train_speakers_only
JVS_JVSMuSiC,wavlm_l12,12,29,43,0.0009651767718954245,0.002644558122521777,0.9739389249177438,train_speakers_only
JVS_JVSMuSiC,wavlm_l12,12,29,44,0.0009102161767004689,0.0024939675854577545,0.9764328925032015,train_speakers_only
JVS_JVSMuSiC,wavlm_l12,12,29,45,0.0007853889471559185,0.0021519443691761903,0.9785848368723777,train_speakers_only
JVS_JVSMuSiC,wavlm_l12,12,29,46,0.0007635816376451684,0.0020921929338160684,0.9806770298061938,train_speakers_only
JVS_JVSMuSiC,wavlm_l12,12,29,47,0.0007027043653953531,0.0019253908624306808,0.9826024206686245,train_speakers_only
JVS_JVSMuSiC,wavlm_l12,12,29,48,0.0006791238124577927,0.001860780788275957,0.9844632014569005,train_speakers_only
JVS_JVSMuSiC,wavlm_l12,12,29,49,0.0006373784812389377,0.0017463997153297191,0.9862096011722302,train_speakers_only
JVS_JVSMuSiC,wavlm_l12,12,29,50,0.0006154686747974828,0.0016863674411652233,0.9878959686133955,train_speakers_only
JVS_JVSMuSiC,wavlm_l12,12,29,51,0.000577409070067105,0.0015820851586233113,0.9894780537720188,train_speakers_only
JVS_JVSMuSiC,wavlm_l12,12,29,52,0.000571597029090566,0.001566160324312648,0.9910442140963315,train_speakers_only
JVS_JVSMuSiC,wavlm_l12,12,29,53,0.0005394463998684199,0.001478068474063661,0.9925222825703951,train_speakers_only
JVS_JVSMuSiC,wavlm_l12,12,29,54,0.000520977395099654,0.0014274639029650258,0.9939497464733601,train_speakers_only
JVS_JVSMuSiC,wavlm_l12,12,29,55,0.0004958105152945143,0.0013585073363078012,0.9953082538096679,train_speakers_only
JVS_JVSMuSiC,wavlm_l12,12,29,56,0.0004834383435126492,0.0013246079218878788,0.9966328617315559,train_speakers_only
JVS_JVSMuSiC,wavlm_l12,12,29,57,0.0004455813893869841,0.0012208808964950535,0.9978537426280509,train_speakers_only
JVS_JVSMuSiC,wavlm_l12,12,29,58,0.000411199930295152,0.001126676633034695,0.9989804192610856,train_speakers_only
JVS_JVSMuSiC,wavlm_l12,12,29,59,0.0003721134498394673,0.0010195807389148258,1.0000000000000004,train_speakers_only
JVS_JVSMuSiC,wavlm_l12,12,29,60,2.7485218385057846e-18,7.530875135623865e-18,1.0000000000000004,train_speakers_only
JVS_JVSMuSiC,wavlm_l12,12,31,1,0.06124957920396416,0.18437612889272975,0.18437612889272975,train_speakers_only
JVS_JVSMuSiC,wavlm_l12,12,31,2,0.03614068878140835,0.10879226240629761,0.2931683912990274,train_speakers_only
JVS_JVSMuSiC,wavlm_l12,12,31,3,0.02523055776856774,0.07595011478661443,0.3691185060856418,train_speakers_only
JVS_JVSMuSiC,wavlm_l12,12,31,4,0.022271381226762872,0.06704227374380045,0.43616077982944224,train_speakers_only
JVS_JVSMuSiC,wavlm_l12,12,31,5,0.016023174869313473,0.04823365308580084,0.4843944329152431,train_speakers_only
JVS_JVSMuSiC,wavlm_l12,12,31,6,0.013422085102620843,0.04040374032038805,0.5247981732356312,train_speakers_only
JVS_JVSMuSiC,wavlm_l12,12,31,7,0.012571331375945308,0.03784276470546748,0.5626409379410986,train_speakers_only
JVS_JVSMuSiC,wavlm_l12,12,31,8,0.01094287290710542,0.03294070868403039,0.595581646625129,train_speakers_only
JVS_JVSMuSiC,wavlm_l12,12,31,9,0.01030003288375489,0.031005603879342817,0.6265872505044718,train_speakers_only
JVS_JVSMuSiC,wavlm_l12,12,31,10,0.00930040641185458,0.027996485096437818,0.6545837356009097,train_speakers_only
JVS_JVSMuSiC,wavlm_l12,12,31,11,0.009063770278581964,0.027284152786959268,0.6818678883878689,train_speakers_only
JVS_JVSMuSiC,wavlm_l12,12,31,12,0.008221409293667102,0.02474844136579709,0.7066163297536661,train_speakers_only
JVS_JVSMuSiC,wavlm_l12,12,31,13,0.007788872251277045,0.02344639967808166,0.7300627294317478,train_speakers_only
JVS_JVSMuSiC,wavlm_l12,12,31,14,0.007137054795228927,0.02148427061772265,0.7515470000494704,train_speakers_only
JVS_JVSMuSiC,wavlm_l12,12,31,15,0.006087068179443033,0.01832355555447122,0.7698705556039416,train_speakers_only
JVS_JVSMuSiC,wavlm_l12,12,31,16,0.0054909140143809656,0.016528986536921017,0.7863995421408626,train_speakers_only
JVS_JVSMuSiC,wavlm_l12,12,31,17,0.004878524128651982,0.014685544051744506,0.8010850861926071,train_speakers_only
JVS_JVSMuSiC,wavlm_l12,12,31,18,0.004357943938191403,0.013118471076830918,0.814203557269438,train_speakers_only
JVS_JVSMuSiC,wavlm_l12,12,31,19,0.0038993387798136134,0.011737958020400624,0.8259415152898387,train_speakers_only
JVS_JVSMuSiC,wavlm_l12,12,31,20,0.0038565159535348835,0.011609050899076153,0.8375505661889149,train_speakers_only
JVS_JVSMuSiC,wavlm_l12,12,31,21,0.0034631692604660644,0.010424981693648996,0.8479755478825639,train_speakers_only
JVS_JVSMuSiC,wavlm_l12,12,31,22,0.0033153008122016703,0.009979861703753631,0.8579554095863176,train_speakers_only
JVS_JVSMuSiC,wavlm_l12,12,31,23,0.003029594004335914,0.009119814730089236,0.8670752243164068,train_speakers_only
JVS_JVSMuSiC,wavlm_l12,12,31,24,0.002897630537296493,0.008722572601666303,0.8757977969180731,train_speakers_only
JVS_JVSMuSiC,wavlm_l12,12,31,25,0.002570543201738579,0.00773796017618041,0.8835357570942536,train_speakers_only
JVS_JVSMuSiC,wavlm_l12,12,31,26,0.002476192866810527,0.007453942722675343,0.8909896998169289,train_speakers_only
JVS_JVSMuSiC,wavlm_l12,12,31,27,0.0022527113303359774,0.006781208948669105,0.897770908765598,train_speakers_only
JVS_JVSMuSiC,wavlm_l12,12,31,28,0.002173968810488659,0.006544174814273486,0.9043150835798714,train_speakers_only
JVS_JVSMuSiC,wavlm_l12,12,31,29,0.002002844369978774,0.006029048632017122,0.9103441322118886,train_speakers_only
JVS_JVSMuSiC,wavlm_l12,12,31,30,0.0019212674789664543,0.005783482351114704,0.9161276145630033,train_speakers_only
JVS_JVSMuSiC,wavlm_l12,12,31,31,0.001759967357904816,0.005297929759606471,0.9214255443226098,train_speakers_only
JVS_JVSMuSiC,wavlm_l12,12,31,32,0.001720010835369508,0.0051776509096156395,0.9266031952322255,train_speakers_only
JVS_JVSMuSiC,wavlm_l12,12,31,33,0.0016917476530660242,0.005092571857464884,0.9316957670896904,train_speakers_only
JVS_JVSMuSiC,wavlm_l12,12,31,34,0.0016270978337050669,0.004897960178783897,0.9365937272684742,train_speakers_only
JVS_JVSMuSiC,wavlm_l12,12,31,35,0.0015849967255079193,0.004771225604402011,0.9413649528728762,train_speakers_only
JVS_JVSMuSiC,wavlm_l12,12,31,36,0.0014728484203833064,0.004433631932257753,0.945798584805134,train_speakers_only
JVS_JVSMuSiC,wavlm_l12,12,31,37,0.0013483286788004596,0.004058797227723449,0.9498573820328574,train_speakers_only
JVS_JVSMuSiC,wavlm_l12,12,31,38,0.0012603143662070107,0.0037938527423238746,0.9536512347751813,train_speakers_only
JVS_JVSMuSiC,wavlm_l12,12,31,39,0.0011717770575222458,0.003527333911500281,0.9571785686866816,train_speakers_only
JVS_JVSMuSiC,wavlm_l12,12,31,40,0.0011180421759508143,0.0033655788500057755,0.9605441475366874,train_speakers_only
JVS_JVSMuSiC,wavlm_l12,12,31,41,0.001045021211032562,0.0031457679873906114,0.963689915524078,train_speakers_only
JVS_JVSMuSiC,wavlm_l12,12,31,42,0.000982242800633569,0.0029567897047993036,0.9666467052288773,train_speakers_only
JVS_JVSMuSiC,wavlm_l12,12,31,43,0.0009489946788657694,0.002856704772556957,0.9695034100014343,train_speakers_only
JVS_JVSMuSiC,wavlm_l12,12,31,44,0.0008853327694137053,0.002665066942954834,0.9721684769443891,train_speakers_only
JVS_JVSMuSiC,wavlm_l12,12,31,45,0.0008697316068139147,0.0026181036494308633,0.97478658059382,train_speakers_only
JVS_JVSMuSiC,wavlm_l12,12,31,46,0.0008132153693717221,0.0024479760303581853,0.9772345566241781,train_speakers_only
JVS_JVSMuSiC,wavlm_l12,12,31,47,0.0007825582267163521,0.0023556905753530765,0.9795902471995312,train_speakers_only
JVS_JVSMuSiC,wavlm_l12,12,31,48,0.0007567316321494737,0.0022779462448513765,0.9818681934443826,train_speakers_only
JVS_JVSMuSiC,wavlm_l12,12,31,49,0.0007353171242005945,0.002213483368059867,0.9840816768124424,train_speakers_only
JVS_JVSMuSiC,wavlm_l12,12,31,50,0.0006890519101718322,0.002074213822442079,0.9861558906348845,train_speakers_only
JVS_JVSMuSiC,wavlm_l12,12,31,51,0.000625511537774003,0.0018829418489302026,0.9880388324838147,train_speakers_only
JVS_JVSMuSiC,wavlm_l12,12,31,52,0.0006163565869335552,0.0018553832204775233,0.9898942157042923,train_speakers_only
JVS_JVSMuSiC,wavlm_l12,12,31,53,0.0005944614446988449,0.0017894735175986124,0.9916836892218909,train_speakers_only
JVS_JVSMuSiC,wavlm_l12,12,31,54,0.0005182399008940498,0.0015600281341755342,0.9932437173560664,train_speakers_only
JVS_JVSMuSiC,wavlm_l12,12,31,55,0.0004828381728414973,0.001453460323273409,0.9946971776793399,train_speakers_only
JVS_JVSMuSiC,wavlm_l12,12,31,56,0.00046259738797144715,0.001392530638390793,0.9960897083177307,train_speakers_only
JVS_JVSMuSiC,wavlm_l12,12,31,57,0.0004544619078935418,0.0013680408648618504,0.9974577491825926,train_speakers_only
JVS_JVSMuSiC,wavlm_l12,12,31,58,0.00043056140840618863,0.001296094548962987,0.9987538437315555,train_speakers_only
JVS_JVSMuSiC,wavlm_l12,12,31,59,0.0004139719578830569,0.0012461562684447345,1.0000000000000002,train_speakers_only
JVS_JVSMuSiC,wavlm_l12,12,31,60,0.0,0.0,1.0000000000000002,train_speakers_only
JVS_JVSMuSiC,wavlm_l12,12,37,1,0.06831582392052958,0.1837714339193193,0.1837714339193193,train_speakers_only
JVS_JVSMuSiC,wavlm_l12,12,37,2,0.048898966081501904,0.1315395555270367,0.315310989446356,train_speakers_only
JVS_JVSMuSiC,wavlm_l12,12,37,3,0.037845975995239714,0.10180671003561284,0.41711769948196886,train_speakers_only
JVS_JVSMuSiC,wavlm_l12,12,37,4,0.026844043378042606,0.0722112105317496,0.4893289100137185,train_speakers_only
JVS_JVSMuSiC,wavlm_l12,12,37,5,0.018876991216740014,0.05077962241980988,0.5401085324335284,train_speakers_only
JVS_JVSMuSiC,wavlm_l12,12,37,6,0.015007151188474403,0.04036964695263209,0.5804781793861605,train_speakers_only
JVS_JVSMuSiC,wavlm_l12,12,37,7,0.012526060840156047,0.03369544608923844,0.614173625475399,train_speakers_only
JVS_JVSMuSiC,wavlm_l12,12,37,8,0.010692280495267522,0.02876252683080646,0.6429361523062055,train_speakers_only
JVS_JVSMuSiC,wavlm_l12,12,37,9,0.00989501586550865,0.026617863181658635,0.6695540154878641,train_speakers_only
JVS_JVSMuSiC,wavlm_l12,12,37,10,0.009073702296820934,0.024408507229358136,0.6939625227172223,train_speakers_only
JVS_JVSMuSiC,wavlm_l12,12,37,11,0.008033763203800946,0.02161104263996293,0.7155735653571852,train_speakers_only
JVS_JVSMuSiC,wavlm_l12,12,37,12,0.007440479278393751,0.02001509266181155,0.7355886580189968,train_speakers_only
JVS_JVSMuSiC,wavlm_l12,12,37,13,0.007024333371540702,0.018895648796053554,0.7544843068150503,train_speakers_only
JVS_JVSMuSiC,wavlm_l12,12,37,14,0.006767752960041325,0.018205440474893576,0.7726897472899439,train_speakers_only
JVS_JVSMuSiC,wavlm_l12,12,37,15,0.006117744568617804,0.016456900132462107,0.789146647422406,train_speakers_only
JVS_JVSMuSiC,wavlm_l12,12,37,16,0.005294437657516785,0.014242182034577137,0.8033888294569832,train_speakers_only
JVS_JVSMuSiC,wavlm_l12,12,37,17,0.00517803394808652,0.013929052874041621,0.8173178823310249,train_speakers_only
JVS_JVSMuSiC,wavlm_l12,12,37,18,0.004356675231328697,0.011719575472198304,0.8290374578032231,train_speakers_only
JVS_JVSMuSiC,wavlm_l12,12,37,19,0.004182528355717819,0.011251115616092214,0.8402885734193154,train_speakers_only
JVS_JVSMuSiC,wavlm_l12,12,37,20,0.003903724288361907,0.010501125053142457,0.8507896984724579,train_speakers_only
JVS_JVSMuSiC,wavlm_l12,12,37,21,0.0034918763682466507,0.009393242889204659,0.8601829413616625,train_speakers_only
JVS_JVSMuSiC,wavlm_l12,12,37,22,0.0034408196697460376,0.009255898974483541,0.869438840336146,train_speakers_only
JVS_JVSMuSiC,wavlm_l12,12,37,23,0.003180608080276068,0.00855592268531591,0.877994763021462,train_speakers_only
JVS_JVSMuSiC,wavlm_l12,12,37,24,0.0029727940891062137,0.007996897367986696,0.8859916603894487,train_speakers_only
JVS_JVSMuSiC,wavlm_l12,12,37,25,0.0028910365244072915,0.007776967283912025,0.8937686276733606,train_speakers_only
JVS_JVSMuSiC,wavlm_l12,12,37,26,0.0026990389624288293,0.0072604885934867995,0.9010291162668475,train_speakers_only
JVS_JVSMuSiC,wavlm_l12,12,37,27,0.002376500404072772,0.006392851054161881,0.9074219673210093,train_speakers_only
JVS_JVSMuSiC,wavlm_l12,12,37,28,0.0022659958533615024,0.006095590791847787,0.9135175581128571,train_speakers_only
JVS_JVSMuSiC,wavlm_l12,12,37,29,0.002172765889425113,0.005844799640199419,0.9193623577530565,train_speakers_only
JVS_JVSMuSiC,wavlm_l12,12,37,30,0.00201173966045896,0.005411634682251251,0.9247739924353078,train_speakers_only
JVS_JVSMuSiC,wavlm_l12,12,37,31,0.0018951649130484285,0.005098045424873095,0.9298720378601809,train_speakers_only
JVS_JVSMuSiC,wavlm_l12,12,37,32,0.0018134300791471652,0.004878176487265526,0.9347502143474464,train_speakers_only
JVS_JVSMuSiC,wavlm_l12,12,37,33,0.0016983331243981346,0.0045685625325457314,0.9393187768799922,train_speakers_only
JVS_JVSMuSiC,wavlm_l12,12,37,34,0.001669140837604932,0.004490034483032466,0.9438088113630246,train_speakers_only
JVS_JVSMuSiC,wavlm_l12,12,37,35,0.0014751473177087111,0.003968186611244285,0.947776997974269,train_speakers_only
JVS_JVSMuSiC,wavlm_l12,12,37,36,0.0013823442788283439,0.003718543899667613,0.9514955418739366,train_speakers_only
JVS_JVSMuSiC,wavlm_l12,12,37,37,0.0013362033346085013,0.003594423498345429,0.955089965372282,train_speakers_only
JVS_JVSMuSiC,wavlm_l12,12,37,38,0.00124639355282458,0.0033528327301858927,0.9584427981024679,train_speakers_only
JVS_JVSMuSiC,wavlm_l12,12,37,39,0.0012140463826970506,0.003265817958257161,0.9617086160607251,train_speakers_only
JVS_JVSMuSiC,wavlm_l12,12,37,40,0.0010857415629256695,0.0029206744855593096,0.9646292905462844,train_speakers_only
JVS_JVSMuSiC,wavlm_l12,12,37,41,0.0010722595033675743,0.00288440737678435,0.9675136979230687,train_speakers_only
JVS_JVSMuSiC,wavlm_l12,12,37,42,0.0009651518954334517,0.0025962849834041696,0.9701099829064729,train_speakers_only
JVS_JVSMuSiC,wavlm_l12,12,37,43,0.0009418737911229979,0.0025336662464475325,0.9726436491529205,train_speakers_only
JVS_JVSMuSiC,wavlm_l12,12,37,44,0.0009095289729563265,0.0024466578013578057,0.9750903069542782,train_speakers_only
JVS_JVSMuSiC,wavlm_l12,12,37,45,0.0008741804297099474,0.002351569253689803,0.9774418762079681,train_speakers_only
JVS_JVSMuSiC,wavlm_l12,12,37,46,0.0008186203259592272,0.0022021110557347654,0.9796439872637028,train_speakers_only
JVS_JVSMuSiC,wavlm_l12,12,37,47,0.0007996324966138392,0.0021510332757188728,0.9817950205394217,train_speakers_only
JVS_JVSMuSiC,wavlm_l12,12,37,48,0.0007465023039769089,0.002008111605087243,0.983803132144509,train_speakers_only
JVS_JVSMuSiC,wavlm_l12,12,37,49,0.0006952416713678748,0.0018702191020394572,0.9856733512465484,train_speakers_only
JVS_JVSMuSiC,wavlm_l12,12,37,50,0.0006730232768923368,0.0018104510135083943,0.9874838022600568,train_speakers_only
JVS_JVSMuSiC,wavlm_l12,12,37,51,0.0006162104362390893,0.0016576229190390604,0.9891414251790959,train_speakers_only
JVS_JVSMuSiC,wavlm_l12,12,37,52,0.000601977903591346,0.0016193370171370075,0.9907607621962329,train_speakers_only
JVS_JVSMuSiC,wavlm_l12,12,37,53,0.0005831606289737742,0.0015687180340014533,0.9923294802302344,train_speakers_only
JVS_JVSMuSiC,wavlm_l12,12,37,54,0.0005612433516767027,0.001509759958912209,0.9938392401891466,train_speakers_only
JVS_JVSMuSiC,wavlm_l12,12,37,55,0.0005107006234215661,0.001373798638202005,0.9952130388273486,train_speakers_only
JVS_JVSMuSiC,wavlm_l12,12,37,56,0.0004994722651025458,0.0013435940473703603,0.996556632874719,train_speakers_only
JVS_JVSMuSiC,wavlm_l12,12,37,57,0.0004705400272970318,0.001265765536743026,0.997822398411462,train_speakers_only
JVS_JVSMuSiC,wavlm_l12,12,37,58,0.0004326252415818781,0.0011637737266797696,0.9989861721381418,train_speakers_only
JVS_JVSMuSiC,wavlm_l12,12,37,59,0.00037688385087568263,0.0010138278618585998,1.0000000000000004,train_speakers_only
JVS_JVSMuSiC,wavlm_l12,12,37,60,1.3493753515291607e-18,3.629856583949944e-18,1.0000000000000004,train_speakers_only
JVS_JVSMuSiC,wavlm_l12,12,41,1,0.06605723017932717,0.18316026368733673,0.18316026368733673,train_speakers_only
JVS_JVSMuSiC,wavlm_l12,12,41,2,0.04622625153494189,0.12817389402238105,0.3113341577097178,train_speakers_only
JVS_JVSMuSiC,wavlm_l12,12,41,3,0.03601657338020413,0.09986499675393584,0.4111991544636536,train_speakers_only
JVS_JVSMuSiC,wavlm_l12,12,41,4,0.024455279507159415,0.06780840539209639,0.47900755985575,train_speakers_only
JVS_JVSMuSiC,wavlm_l12,12,41,5,0.01779759530117952,0.04934830357729282,0.5283558634330429,train_speakers_only
JVS_JVSMuSiC,wavlm_l12,12,41,6,0.014017700753398891,0.03886759646616583,0.5672234598992087,train_speakers_only
JVS_JVSMuSiC,wavlm_l12,12,41,7,0.012579940180881707,0.034881044125617995,0.6021045040248267,train_speakers_only
JVS_JVSMuSiC,wavlm_l12,12,41,8,0.012093471484878713,0.03353218746914517,0.635636691493972,train_speakers_only
JVS_JVSMuSiC,wavlm_l12,12,41,9,0.010706922450678474,0.02968763198248452,0.6653243234764564,train_speakers_only
JVS_JVSMuSiC,wavlm_l12,12,41,10,0.01024957354019284,0.02841951724600136,0.6937438407224578,train_speakers_only
JVS_JVSMuSiC,wavlm_l12,12,41,11,0.008537142911397087,0.023671373179636017,0.7174152139020937,train_speakers_only
JVS_JVSMuSiC,wavlm_l12,12,41,12,0.007797106521008311,0.0216194363964275,0.7390346502985212,train_speakers_only
JVS_JVSMuSiC,wavlm_l12,12,41,13,0.007179058580222977,0.019905743232206938,0.7589403935307282,train_speakers_only
JVS_JVSMuSiC,wavlm_l12,12,41,14,0.006968620650878479,0.019322251212878856,0.7782626447436071,train_speakers_only
JVS_JVSMuSiC,wavlm_l12,12,41,15,0.0057682833769963715,0.015994014606512796,0.7942566593501199,train_speakers_only
JVS_JVSMuSiC,wavlm_l12,12,41,16,0.004964650291464409,0.013765740011070145,0.80802239936119,train_speakers_only
JVS_JVSMuSiC,wavlm_l12,12,41,17,0.0047802334969718535,0.013254398124407134,0.8212767974855971,train_speakers_only
JVS_JVSMuSiC,wavlm_l12,12,41,18,0.004119121461412716,0.011421298940091367,0.8326980964256885,train_speakers_only
JVS_JVSMuSiC,wavlm_l12,12,41,19,0.0039627075066655335,0.010987601960697901,0.8436856983863864,train_speakers_only
JVS_JVSMuSiC,wavlm_l12,12,41,20,0.003807163856737484,0.01055631812002866,0.8542420165064151,train_speakers_only
JVS_JVSMuSiC,wavlm_l12,12,41,21,0.003529394559438594,0.009786132969979289,0.8640281494763944,train_speakers_only
JVS_JVSMuSiC,wavlm_l12,12,41,22,0.0033275281577444084,0.009226407664156642,0.873254557140551,train_speakers_only
JVS_JVSMuSiC,wavlm_l12,12,41,23,0.003172977475188873,0.008797877074952666,0.8820524342155037,train_speakers_only
JVS_JVSMuSiC,wavlm_l12,12,41,24,0.0026646424097804657,0.007388390416657061,0.8894408246321608,train_speakers_only
JVS_JVSMuSiC,wavlm_l12,12,41,25,0.0025938415797093425,0.007192077330717718,0.8966329019628785,train_speakers_only
JVS_JVSMuSiC,wavlm_l12,12,41,26,0.0024216863195744153,0.006714733628054518,0.903347635590933,train_speakers_only
JVS_JVSMuSiC,wavlm_l12,12,41,27,0.002231153970350464,0.0061864348297233085,0.9095340704206563,train_speakers_only
JVS_JVSMuSiC,wavlm_l12,12,41,28,0.002059076636339046,0.005709307196811918,0.9152433776174682,train_speakers_only
JVS_JVSMuSiC,wavlm_l12,12,41,29,0.002009340688486619,0.005571401788143404,0.9208147794056116,train_speakers_only
JVS_JVSMuSiC,wavlm_l12,12,41,30,0.001870948205725111,0.005187673866670915,0.9260024532722826,train_speakers_only
JVS_JVSMuSiC,wavlm_l12,12,41,31,0.0017776789025515998,0.004929061295165598,0.9309315145674482,train_speakers_only
JVS_JVSMuSiC,wavlm_l12,12,41,32,0.001706472210256083,0.00473162285425998,0.9356631374217081,train_speakers_only
JVS_JVSMuSiC,wavlm_l12,12,41,33,0.001649718655825934,0.004574259368591565,0.9402373967902997,train_speakers_only
JVS_JVSMuSiC,wavlm_l12,12,41,34,0.00144263585043237,0.004000070273196089,0.9442374670634958,train_speakers_only
JVS_JVSMuSiC,wavlm_l12,12,41,35,0.0013993336923988405,0.003880004162913825,0.9481174712264095,train_speakers_only
JVS_JVSMuSiC,wavlm_l12,12,41,36,0.0013122169417396127,0.0036384510887232917,0.9517559223151328,train_speakers_only
JVS_JVSMuSiC,wavlm_l12,12,41,37,0.0012652188200789121,0.0035081369908900252,0.9552640593060229,train_speakers_only
JVS_JVSMuSiC,wavlm_l12,12,41,38,0.001219595703778485,0.0033816354408077844,0.9586456947468307,train_speakers_only
JVS_JVSMuSiC,wavlm_l12,12,41,39,0.0011322623957135789,0.0031394819068126275,0.9617851766536434,train_speakers_only
JVS_JVSMuSiC,wavlm_l12,12,41,40,0.0011014068173381638,0.0030539270651075787,0.9648391037187509,train_speakers_only
JVS_JVSMuSiC,wavlm_l12,12,41,41,0.0010315540194066326,0.0028602426364128753,0.9676993463551637,train_speakers_only
JVS_JVSMuSiC,wavlm_l12,12,41,42,0.000972489999983047,0.002696472806180976,0.9703958191613448,train_speakers_only
JVS_JVSMuSiC,wavlm_l12,12,41,43,0.0009280314761268018,0.00257320038118596,0.9729690195425307,train_speakers_only
JVS_JVSMuSiC,wavlm_l12,12,41,44,0.000909747132078405,0.002522502444439856,0.9754915219869705,train_speakers_only
JVS_JVSMuSiC,wavlm_l12,12,41,45,0.0008541991033520381,0.002368481581602995,0.9778600035685735,train_speakers_only
JVS_JVSMuSiC,wavlm_l12,12,41,46,0.0008278204912765474,0.0022953402535403947,0.9801553438221139,train_speakers_only
JVS_JVSMuSiC,wavlm_l12,12,41,47,0.0007680143833964775,0.0021295127966565754,0.9822848566187705,train_speakers_only
JVS_JVSMuSiC,wavlm_l12,12,41,48,0.0007413545033850406,0.0020555915825894483,0.98434044820136,train_speakers_only
JVS_JVSMuSiC,wavlm_l12,12,41,49,0.0006674479459922542,0.0018506670875184695,0.9861911152888785,train_speakers_only
JVS_JVSMuSiC,wavlm_l12,12,41,50,0.0006434508597885672,0.0017841291381545164,0.987975244427033,train_speakers_only
JVS_JVSMuSiC,wavlm_l12,12,41,51,0.0005796599362580016,0.0016072527789278521,0.9895824972059608,train_speakers_only
JVS_JVSMuSiC,wavlm_l12,12,41,52,0.0005705049384969023,0.0015818682479775263,0.9911643654539384,train_speakers_only
JVS_JVSMuSiC,wavlm_l12,12,41,53,0.0005491481512729217,0.001522651190755487,0.9926870166446938,train_speakers_only
JVS_JVSMuSiC,wavlm_l12,12,41,54,0.0005474332331325113,0.0015178961494383284,0.9942049127941321,train_speakers_only
JVS_JVSMuSiC,wavlm_l12,12,41,55,0.00046837037231614185,0.0012986745079058416,0.995503587302038,train_speakers_only
JVS_JVSMuSiC,wavlm_l12,12,41,56,0.0004524845180239334,0.0012546269864890248,0.9967582142885271,train_speakers_only
JVS_JVSMuSiC,wavlm_l12,12,41,57,0.000414878909491123,0.0011503559906223546,0.9979085702791495,train_speakers_only
JVS_JVSMuSiC,wavlm_l12,12,41,58,0.0004006425960428926,0.0011108822355461161,0.9990194525146956,train_speakers_only
JVS_JVSMuSiC,wavlm_l12,12,41,59,0.00035363702603694817,0.0009805474853046999,1.0000000000000002,train_speakers_only
JVS_JVSMuSiC,wavlm_l12,12,41,60,0.0,0.0,1.0000000000000002,train_speakers_only
JVS_JVSMuSiC,wavlm_l12,12,43,1,0.07955515959533897,0.211942821784662,0.211942821784662,train_speakers_only
JVS_JVSMuSiC,wavlm_l12,12,43,2,0.04886076144633582,0.13016990611493115,0.3421127278995931,train_speakers_only
JVS_JVSMuSiC,wavlm_l12,12,43,3,0.03566956995222448,0.09502726593691319,0.4371399938365063,train_speakers_only
JVS_JVSMuSiC,wavlm_l12,12,43,4,0.023016837070451646,0.061319132814047494,0.4984591266505538,train_speakers_only
JVS_JVSMuSiC,wavlm_l12,12,43,5,0.01635600110231023,0.04357400631674143,0.5420331329672953,train_speakers_only
JVS_JVSMuSiC,wavlm_l12,12,43,6,0.015085694836451433,0.040189784653604635,0.5822229176209,train_speakers_only
JVS_JVSMuSiC,wavlm_l12,12,43,7,0.013456464660714654,0.03584935415809967,0.6180722717789996,train_speakers_only
JVS_JVSMuSiC,wavlm_l12,12,43,8,0.012515804101664994,0.03334334129556998,0.6514156130745695,train_speakers_only
JVS_JVSMuSiC,wavlm_l12,12,43,9,0.010302990466474074,0.02744818668446142,0.678863799759031,train_speakers_only
JVS_JVSMuSiC,wavlm_l12,12,43,10,0.00935880127469583,0.024932773194978775,0.7037965729540098,train_speakers_only
JVS_JVSMuSiC,wavlm_l12,12,43,11,0.008927339772315022,0.023783317034357914,0.7275798899883676,train_speakers_only
JVS_JVSMuSiC,wavlm_l12,12,43,12,0.008179330525540355,0.02179054634181152,0.7493704363301792,train_speakers_only
JVS_JVSMuSiC,wavlm_l12,12,43,13,0.007188543733952757,0.019150992232886695,0.7685214285630659,train_speakers_only
JVS_JVSMuSiC,wavlm_l12,12,43,14,0.005795609857601534,0.015440078474244416,0.7839615070373104,train_speakers_only
JVS_JVSMuSiC,wavlm_l12,12,43,15,0.005613675725755497,0.014955387934013874,0.7989168949713242,train_speakers_only
JVS_JVSMuSiC,wavlm_l12,12,43,16,0.005147257069924015,0.013712802455551391,0.8126296974268756,train_speakers_only
JVS_JVSMuSiC,wavlm_l12,12,43,17,0.004770960924728646,0.012710312268301865,0.8253400096951775,train_speakers_only
JVS_JVSMuSiC,wavlm_l12,12,43,18,0.004218247988208231,0.01123783028223233,0.8365778399774099,train_speakers_only
JVS_JVSMuSiC,wavlm_l12,12,43,19,0.003832839621992385,0.010211064235998558,0.8467889042134085,train_speakers_only
JVS_JVSMuSiC,wavlm_l12,12,43,20,0.0037245065836698085,0.009922454296035117,0.8567113585094436,train_speakers_only
JVS_JVSMuSiC,wavlm_l12,12,43,21,0.0034837165146039475,0.009280965711823514,0.865992324221267,train_speakers_only
JVS_JVSMuSiC,wavlm_l12,12,43,22,0.003250748313784712,0.008660315359050952,0.874652639580318,train_speakers_only
JVS_JVSMuSiC,wavlm_l12,12,43,23,0.0030018609364008517,0.007997254743779306,0.8826498943240974,train_speakers_only
JVS_JVSMuSiC,wavlm_l12,12,43,24,0.0029800742289416322,0.007939212798042647,0.89058910712214,train_speakers_only
JVS_JVSMuSiC,wavlm_l12,12,43,25,0.002696669104195941,0.007184193486254916,0.8977733006083949,train_speakers_only
JVS_JVSMuSiC,wavlm_l12,12,43,26,0.002421716389794084,0.006451692232482105,0.904224992840877,train_speakers_only
JVS_JVSMuSiC,wavlm_l12,12,43,27,0.0023686619664147813,0.006310349995770328,0.9105353428366473,train_speakers_only
JVS_JVSMuSiC,wavlm_l12,12,43,28,0.0021735031840070212,0.005790427677092925,0.9163257705137402,train_speakers_only
JVS_JVSMuSiC,wavlm_l12,12,43,29,0.002008119999627576,0.005349830499594883,0.9216756010133351,train_speakers_only
JVS_JVSMuSiC,wavlm_l12,12,43,30,0.0019391864883048112,0.005166184800439906,0.9268417858137751,train_speakers_only
JVS_JVSMuSiC,wavlm_l12,12,43,31,0.0018038632111281984,0.0048056701919111135,0.9316474560056862,train_speakers_only
JVS_JVSMuSiC,wavlm_l12,12,43,32,0.0017543783409327102,0.004673837598296482,0.9363212936039826,train_speakers_only
JVS_JVSMuSiC,wavlm_l12,12,43,33,0.0016503245123791897,0.004396627896835175,0.9407179215008178,train_speakers_only
JVS_JVSMuSiC,wavlm_l12,12,43,34,0.0015237665325674246,0.004059464908323701,0.9447773864091414,train_speakers_only
JVS_JVSMuSiC,wavlm_l12,12,43,35,0.0014381059255590526,0.0038312565701406286,0.948608642979282,train_speakers_only
JVS_JVSMuSiC,wavlm_l12,12,43,36,0.0014069186783753078,0.003748170655846191,0.9523568136351283,train_speakers_only
JVS_JVSMuSiC,wavlm_l12,12,43,37,0.0013090320464060204,0.003487390976689052,0.9558442046118173,train_speakers_only
JVS_JVSMuSiC,wavlm_l12,12,43,38,0.0012439681709897476,0.00331405437071512,0.9591582589825324,train_speakers_only
JVS_JVSMuSiC,wavlm_l12,12,43,39,0.0012099673645950798,0.0032234728561170134,0.9623817318386494,train_speakers_only
JVS_JVSMuSiC,wavlm_l12,12,43,40,0.0011573184304218488,0.003083210882797017,0.9654649427214465,train_speakers_only
JVS_JVSMuSiC,wavlm_l12,12,43,41,0.0011122210848966022,0.0029630670893053546,0.9684280098107518,train_speakers_only
JVS_JVSMuSiC,wavlm_l12,12,43,42,0.0010067885262121333,0.002682184314269447,0.9711101941250213,train_speakers_only
JVS_JVSMuSiC,wavlm_l12,12,43,43,0.0009767955529463438,0.0026022800639354964,0.9737124741889568,train_speakers_only
JVS_JVSMuSiC,wavlm_l12,12,43,44,0.0009155585773353769,0.002439138697937819,0.9761516128868946,train_speakers_only
JVS_JVSMuSiC,wavlm_l12,12,43,45,0.0008652343701440975,0.002305070027465054,0.9784566829143596,train_speakers_only
JVS_JVSMuSiC,wavlm_l12,12,43,46,0.0008115173734671978,0.00216196262988821,0.9806186455442478,train_speakers_only
JVS_JVSMuSiC,wavlm_l12,12,43,47,0.0007537573272651977,0.0020080841480809583,0.9826267296923288,train_speakers_only
JVS_JVSMuSiC,wavlm_l12,12,43,48,0.0007121078224552611,0.001897125743619798,0.9845238554359486,train_speakers_only
JVS_JVSMuSiC,wavlm_l12,12,43,49,0.0006530881973083924,0.0017398916187946216,0.9862637470547432,train_speakers_only
JVS_JVSMuSiC,wavlm_l12,12,43,50,0.0006397380066641234,0.0017043253891383448,0.9879680724438815,train_speakers_only
JVS_JVSMuSiC,wavlm_l12,12,43,51,0.0006298181435735458,0.0016778978917160695,0.9896459703355975,train_speakers_only
JVS_JVSMuSiC,wavlm_l12,12,43,52,0.0006004839813018983,0.0015997487790982826,0.9912457191146958,train_speakers_only
JVS_JVSMuSiC,wavlm_l12,12,43,53,0.0005417106944049345,0.0014431709237603893,0.9926888900384562,train_speakers_only
JVS_JVSMuSiC,wavlm_l12,12,43,54,0.0005127130304014992,0.001365918275845248,0.9940548083143014,train_speakers_only
JVS_JVSMuSiC,wavlm_l12,12,43,55,0.0004970221407462716,0.0013241161922751014,0.9953789245065765,train_speakers_only
JVS_JVSMuSiC,wavlm_l12,12,43,56,0.0004923633215073434,0.001311704636560732,0.9966906291431372,train_speakers_only
JVS_JVSMuSiC,wavlm_l12,12,43,57,0.00045258151838173806,0.0012057219743046351,0.9978963511174419,train_speakers_only
JVS_JVSMuSiC,wavlm_l12,12,43,58,0.0004135256672732542,0.0011016733200974395,0.9989980244375394,train_speakers_only
JVS_JVSMuSiC,wavlm_l12,12,43,59,0.0003761029749012504,0.001001975562460529,0.9999999999999999,train_speakers_only
JVS_JVSMuSiC,wavlm_l12,12,43,60,1.1099290036970248e-18,2.9569607580545723e-18,0.9999999999999999,train_speakers_only
JVS_JVSMuSiC,wavlm_l12,12,47,1,0.059666018068550285,0.16605031072301224,0.16605031072301224,train_speakers_only
JVS_JVSMuSiC,wavlm_l12,12,47,2,0.04515931527979317,0.12567820975807123,0.29172852048108344,train_speakers_only
JVS_JVSMuSiC,wavlm_l12,12,47,3,0.03811215074333249,0.10606597654936163,0.39779449703044506,train_speakers_only
JVS_JVSMuSiC,wavlm_l12,12,47,4,0.027390513018433562,0.07622769785555615,0.4740221948860012,train_speakers_only
JVS_JVSMuSiC,wavlm_l12,12,47,5,0.018418714515886343,0.05125921533707092,0.5252814102230722,train_speakers_only
JVS_JVSMuSiC,wavlm_l12,12,47,6,0.01534977709425732,0.04271837368302418,0.5679997839060964,train_speakers_only
JVS_JVSMuSiC,wavlm_l12,12,47,7,0.013917279679498377,0.03873173860110286,0.6067315225071993,train_speakers_only
JVS_JVSMuSiC,wavlm_l12,12,47,8,0.01127992300568124,0.03139198459453243,0.6381235071017317,train_speakers_only
JVS_JVSMuSiC,wavlm_l12,12,47,9,0.010742374888394952,0.029895990144200458,0.6680194972459321,train_speakers_only
JVS_JVSMuSiC,wavlm_l12,12,47,10,0.01000625773671676,0.027847378795203284,0.6958668760411354,train_speakers_only
JVS_JVSMuSiC,wavlm_l12,12,47,11,0.00937727885954763,0.026096932873503738,0.7219638089146392,train_speakers_only
JVS_JVSMuSiC,wavlm_l12,12,47,12,0.007458881263891471,0.020758039359896004,0.7427218482745351,train_speakers_only
JVS_JVSMuSiC,wavlm_l12,12,47,13,0.007044058205126979,0.0196035882999346,0.7623254365744697,train_speakers_only
JVS_JVSMuSiC,wavlm_l12,12,47,14,0.006283221785301442,0.01748618331781788,0.7798116198922876,train_speakers_only
JVS_JVSMuSiC,wavlm_l12,12,47,15,0.005641393262216998,0.01569997687839001,0.7955115967706776,train_speakers_only
JVS_JVSMuSiC,wavlm_l12,12,47,16,0.005028000170666238,0.01399290614123553,0.8095045029119131,train_speakers_only
JVS_JVSMuSiC,wavlm_l12,12,47,17,0.004476323567408032,0.01245759216596078,0.8219620950778739,train_speakers_only
JVS_JVSMuSiC,wavlm_l12,12,47,18,0.0042351977528747396,0.011786539903337995,0.8337486349812119,train_speakers_only
JVS_JVSMuSiC,wavlm_l12,12,47,19,0.003966872048202104,0.01103979044563709,0.844788425426849,train_speakers_only
JVS_JVSMuSiC,wavlm_l12,12,47,20,0.003961702349598529,0.011025403193273747,0.8558138286201227,train_speakers_only
JVS_JVSMuSiC,wavlm_l12,12,47,21,0.003592323118962635,0.00999742214129121,0.8658112507614139,train_speakers_only
JVS_JVSMuSiC,wavlm_l12,12,47,22,0.0030166643216608625,0.008395365807440115,0.874206616568854,train_speakers_only
JVS_JVSMuSiC,wavlm_l12,12,47,23,0.0028032373746604607,0.00780139939216226,0.8820080159610163,train_speakers_only
JVS_JVSMuSiC,wavlm_l12,12,47,24,0.002789214574298271,0.0077623739898859895,0.8897703899509023,train_speakers_only
JVS_JVSMuSiC,wavlm_l12,12,47,25,0.0027054365206814375,0.007529219972152451,0.8972996099230548,train_speakers_only
JVS_JVSMuSiC,wavlm_l12,12,47,26,0.002465948811152462,0.006862726549783615,0.9041623364728384,train_speakers_only
JVS_JVSMuSiC,wavlm_l12,12,47,27,0.0022393984644412056,0.006232237760962647,0.910394574233801,train_speakers_only
JVS_JVSMuSiC,wavlm_l12,12,47,28,0.002215957328445313,0.006167001164960105,0.916561575398761,train_speakers_only
JVS_JVSMuSiC,wavlm_l12,12,47,29,0.0018966261432372367,0.005278303640911687,0.9218398790396727,train_speakers_only
JVS_JVSMuSiC,wavlm_l12,12,47,30,0.0018345315182270077,0.005105494525925476,0.9269453735655981,train_speakers_only
JVS_JVSMuSiC,wavlm_l12,12,47,31,0.0017219790025910264,0.004792261285313723,0.9317376348509119,train_speakers_only
JVS_JVSMuSiC,wavlm_l12,12,47,32,0.001647288313102923,0.004584397368814947,0.9363220322197269,train_speakers_only
JVS_JVSMuSiC,wavlm_l12,12,47,33,0.0015495181157140527,0.004312303265983751,0.9406343354857106,train_speakers_only
JVS_JVSMuSiC,wavlm_l12,12,47,34,0.0014489852354406699,0.0040325206267585985,0.9446668561124693,train_speakers_only
JVS_JVSMuSiC,wavlm_l12,12,47,35,0.0013812570707764562,0.0038440333914570714,0.9485108895039264,train_speakers_only
JVS_JVSMuSiC,wavlm_l12,12,47,36,0.0013534169087194405,0.003766554321966708,0.9522774438258931,train_speakers_only
JVS_JVSMuSiC,wavlm_l12,12,47,37,0.001261495527960385,0.003510737454489593,0.9557881812803827,train_speakers_only
JVS_JVSMuSiC,wavlm_l12,12,47,38,0.0011761169764474438,0.0032731292569471247,0.9590613105373298,train_speakers_only
JVS_JVSMuSiC,wavlm_l12,12,47,39,0.001111416292340313,0.0030930674889967777,0.9621543780263265,train_speakers_only
JVS_JVSMuSiC,wavlm_l12,12,47,40,0.0010845530475864635,0.0030183071767989665,0.9651726852031255,train_speakers_only
JVS_JVSMuSiC,wavlm_l12,12,47,41,0.0010344773287272932,0.0028789466338063,0.9680516318369318,train_speakers_only
JVS_JVSMuSiC,wavlm_l12,12,47,42,0.0009555569086861409,0.002659311392601366,0.9707109432295331,train_speakers_only
JVS_JVSMuSiC,wavlm_l12,12,47,43,0.0009040862827949408,0.0025160688284248463,0.9732270120579579,train_speakers_only
JVS_JVSMuSiC,wavlm_l12,12,47,44,0.0008350752523450393,0.0023240113823194968,0.9755510234402774,train_speakers_only
JVS_JVSMuSiC,wavlm_l12,12,47,45,0.0007899909091797574,0.002198541819682738,0.9777495652599602,train_speakers_only
JVS_JVSMuSiC,wavlm_l12,12,47,46,0.0007646177788437335,0.0021279284904762927,0.9798774937504364,train_speakers_only
JVS_JVSMuSiC,wavlm_l12,12,47,47,0.0007386442490209409,0.0020556442516874223,0.9819331380021239,train_speakers_only
JVS_JVSMuSiC,wavlm_l12,12,47,48,0.0006988397501190829,0.0019448684763837373,0.9838780064785076,train_speakers_only
JVS_JVSMuSiC,wavlm_l12,12,47,49,0.0006379534657691867,0.0017754221690492284,0.9856534286475569,train_speakers_only
JVS_JVSMuSiC,wavlm_l12,12,47,50,0.0006265949477009373,0.0017438114546821522,0.9873972401022391,train_speakers_only
JVS_JVSMuSiC,wavlm_l12,12,47,51,0.0006214130481621896,0.0017293902471607133,0.9891266303493997,train_speakers_only
JVS_JVSMuSiC,wavlm_l12,12,47,52,0.0005872197666665424,0.001634230469438184,0.990760860818838,train_speakers_only
JVS_JVSMuSiC,wavlm_l12,12,47,53,0.000555411632303012,0.001545708547487312,0.9923065693663252,train_speakers_only
JVS_JVSMuSiC,wavlm_l12,12,47,54,0.0005164071252578964,0.00143715914660391,0.9937437285129291,train_speakers_only
JVS_JVSMuSiC,wavlm_l12,12,47,55,0.000507405758116608,0.0014121083746716247,0.9951558368876008,train_speakers_only
JVS_JVSMuSiC,wavlm_l12,12,47,56,0.00048196534903806397,0.0013413078089700662,0.9964971446965708,train_speakers_only
JVS_JVSMuSiC,wavlm_l12,12,47,57,0.0004423711861734754,0.0012311173980911485,0.9977282620946619,train_speakers_only
JVS_JVSMuSiC,wavlm_l12,12,47,58,0.0004220021442484346,0.0011744304286859307,0.9989026925233478,train_speakers_only
JVS_JVSMuSiC,wavlm_l12,12,47,59,0.00039428994407540133,0.0010973074766520998,1.0,train_speakers_only
JVS_JVSMuSiC,wavlm_l12,12,47,60,0.0,0.0,1.0,train_speakers_only
JVS_JVSMuSiC,wavlm_l12,12,53,1,0.053452668237297926,0.15889479738708404,0.15889479738708404,train_speakers_only
JVS_JVSMuSiC,wavlm_l12,12,53,2,0.037667553155185926,0.11197155210456226,0.2708663494916463,train_speakers_only
JVS_JVSMuSiC,wavlm_l12,12,53,3,0.03116752705608575,0.09264940479019108,0.36351575428183736,train_speakers_only
JVS_JVSMuSiC,wavlm_l12,12,53,4,0.026612097443860085,0.07910781577105495,0.4426235700528923,train_speakers_only
JVS_JVSMuSiC,wavlm_l12,12,53,5,0.01647806202699149,0.04898311746547476,0.4916066875183671,train_speakers_only
JVS_JVSMuSiC,wavlm_l12,12,53,6,0.01576171741755246,0.046853692773879636,0.5384603802922467,train_speakers_only
JVS_JVSMuSiC,wavlm_l12,12,53,7,0.013440565324706878,0.03995377545151195,0.5784141557437587,train_speakers_only
JVS_JVSMuSiC,wavlm_l12,12,53,8,0.012867388559275312,0.038249935231489354,0.616664090975248,train_speakers_only
JVS_JVSMuSiC,wavlm_l12,12,53,9,0.010171277078945017,0.03023540384274292,0.6468994948179909,train_speakers_only
JVS_JVSMuSiC,wavlm_l12,12,53,10,0.009574000459437836,0.028459923767186764,0.6753594185851777,train_speakers_only
JVS_JVSMuSiC,wavlm_l12,12,53,11,0.008575949172775514,0.025493090450801045,0.7008525090359787,train_speakers_only
JVS_JVSMuSiC,wavlm_l12,12,53,12,0.007572036179115573,0.02250883247113015,0.7233613415071088,train_speakers_only
JVS_JVSMuSiC,wavlm_l12,12,53,13,0.00731841744326676,0.0217549187943168,0.7451162603014256,train_speakers_only
JVS_JVSMuSiC,wavlm_l12,12,53,14,0.006306180270739859,0.018745916143180535,0.7638621764446062,train_speakers_only
JVS_JVSMuSiC,wavlm_l12,12,53,15,0.005979063554023152,0.017773520449220377,0.7816356968938266,train_speakers_only
JVS_JVSMuSiC,wavlm_l12,12,53,16,0.004907816706191258,0.014589104096380033,0.7962248009902066,train_speakers_only
JVS_JVSMuSiC,wavlm_l12,12,53,17,0.004697170525314483,0.013962931758599088,0.8101877327488057,train_speakers_only
JVS_JVSMuSiC,wavlm_l12,12,53,18,0.004346752126240254,0.012921268875196866,0.8231090016240026,train_speakers_only
JVS_JVSMuSiC,wavlm_l12,12,53,19,0.004135149357244275,0.01229225295859383,0.8354012545825964,train_speakers_only
JVS_JVSMuSiC,wavlm_l12,12,53,20,0.003520332816397766,0.010464633254852501,0.8458658878374489,train_speakers_only
JVS_JVSMuSiC,wavlm_l12,12,53,21,0.003258452374889061,0.009686160616060441,0.8555520484535093,train_speakers_only
JVS_JVSMuSiC,wavlm_l12,12,53,22,0.0031826625394879024,0.009460865772281914,0.8650129142257912,train_speakers_only
JVS_JVSMuSiC,wavlm_l12,12,53,23,0.0029712125993611523,0.008832304158766296,0.8738452183845575,train_speakers_only
JVS_JVSMuSiC,wavlm_l12,12,53,24,0.0027362534650703096,0.008133858500793744,0.8819790768853513,train_speakers_only
JVS_JVSMuSiC,wavlm_l12,12,53,25,0.002517625038251196,0.00748395793028789,0.8894630348156392,train_speakers_only
JVS_JVSMuSiC,wavlm_l12,12,53,26,0.0023378143754179495,0.0069494480586368085,0.896412482874276,train_speakers_only
JVS_JVSMuSiC,wavlm_l12,12,53,27,0.002229630393259419,0.006627857528313892,0.9030403404025898,train_speakers_only
JVS_JVSMuSiC,wavlm_l12,12,53,28,0.002142957376742131,0.0063702110561620635,0.9094105514587519,train_speakers_only
JVS_JVSMuSiC,wavlm_l12,12,53,29,0.002072222509732315,0.006159942743421699,0.9155704942021736,train_speakers_only
JVS_JVSMuSiC,wavlm_l12,12,53,30,0.0018559044740343229,0.005516910101892672,0.9210874043040663,train_speakers_only
JVS_JVSMuSiC,wavlm_l12,12,53,31,0.001765004695030258,0.005246699045201151,0.9263341033492675,train_speakers_only
JVS_JVSMuSiC,wavlm_l12,12,53,32,0.001596888719341488,0.004746953105933715,0.9310810564552012,train_speakers_only
JVS_JVSMuSiC,wavlm_l12,12,53,33,0.001484138756428803,0.004411789621991646,0.9354928460771929,train_speakers_only
JVS_JVSMuSiC,wavlm_l12,12,53,34,0.0014352915820048718,0.004266585235775314,0.9397594313129681,train_speakers_only
JVS_JVSMuSiC,wavlm_l12,12,53,35,0.0014194542894820474,0.0042195068864700445,0.9439789381994381,train_speakers_only
JVS_JVSMuSiC,wavlm_l12,12,53,36,0.0013554020075723589,0.004029103400697585,0.9480080416001357,train_speakers_only
JVS_JVSMuSiC,wavlm_l12,12,53,37,0.001301111463933149,0.003867717913011724,0.9518757595131475,train_speakers_only
JVS_JVSMuSiC,wavlm_l12,12,53,38,0.0011923209530617937,0.0035443243995990584,0.9554200839127466,train_speakers_only
JVS_JVSMuSiC,wavlm_l12,12,53,39,0.0011200368186921532,0.003329450694249576,0.9587495346069962,train_speakers_only
JVS_JVSMuSiC,wavlm_l12,12,53,40,0.0011034798824572684,0.003280233113254112,0.9620297677202503,train_speakers_only
JVS_JVSMuSiC,wavlm_l12,12,53,41,0.0010584779897549652,0.0031464593118935603,0.9651762270321439,train_speakers_only
JVS_JVSMuSiC,wavlm_l12,12,53,42,0.0009845791982467972,0.0029267858345712935,0.9681030128667152,train_speakers_only
JVS_JVSMuSiC,wavlm_l12,12,53,43,0.0009547569023736117,0.0028381352991227933,0.970941148165838,train_speakers_only
JVS_JVSMuSiC,wavlm_l12,12,53,44,0.0008997083413878911,0.0026744965092789365,0.973615644675117,train_speakers_only
JVS_JVSMuSiC,wavlm_l12,12,53,45,0.0008789144456943988,0.0026126840319590458,0.976228328707076,train_speakers_only
JVS_JVSMuSiC,wavlm_l12,12,53,46,0.0008231852919315145,0.0024470220942537863,0.9786753508013297,train_speakers_only
JVS_JVSMuSiC,wavlm_l12,12,53,47,0.0007537400160320169,0.0022405872537224537,0.9809159380550522,train_speakers_only
JVS_JVSMuSiC,wavlm_l12,12,53,48,0.0007141922658717918,0.0021230265789039943,0.9830389646339561,train_speakers_only
JVS_JVSMuSiC,wavlm_l12,12,53,49,0.000686011410754567,0.002039255433108849,0.985078220067065,train_speakers_only
JVS_JVSMuSiC,wavlm_l12,12,53,50,0.0006498803555526208,0.0019318513149419502,0.987010071382007,train_speakers_only
JVS_JVSMuSiC,wavlm_l12,12,53,51,0.0006087155456483122,0.001809483726102692,0.9888195551081097,train_speakers_only
JVS_JVSMuSiC,wavlm_l12,12,53,52,0.0005571632038743774,0.0016562378887829503,0.9904757929968927,train_speakers_only
JVS_JVSMuSiC,wavlm_l12,12,53,53,0.0005269343660178177,0.001566378856018829,0.9920421718529115,train_speakers_only
JVS_JVSMuSiC,wavlm_l12,12,53,54,0.0005002196992124444,0.0014869661398853934,0.993529137992797,train_speakers_only
JVS_JVSMuSiC,wavlm_l12,12,53,55,0.0004825127163834478,0.0014343299003536356,0.9949634678931506,train_speakers_only
JVS_JVSMuSiC,wavlm_l12,12,53,56,0.00047300246342775026,0.0014060594740806765,0.9963695273672313,train_speakers_only
JVS_JVSMuSiC,wavlm_l12,12,53,57,0.0004464684694649746,0.0013271838307569732,0.9976967111979883,train_speakers_only
JVS_JVSMuSiC,wavlm_l12,12,53,58,0.00042520158278010184,0.0012639653280651093,0.9989606765260535,train_speakers_only
JVS_JVSMuSiC,wavlm_l12,12,53,59,0.00034963141498443813,0.001039323473946754,1.0000000000000002,train_speakers_only
JVS_JVSMuSiC,wavlm_l12,12,53,60,0.0,0.0,1.0000000000000002,train_speakers_only
JVS_JVSMuSiC,wavlm_l12,12,59,1,0.0676984689317846,0.1780966192518235,0.1780966192518235,train_speakers_only
JVS_JVSMuSiC,wavlm_l12,12,59,2,0.05033946256465822,0.13242970246126395,0.31052632171308747,train_speakers_only
JVS_JVSMuSiC,wavlm_l12,12,59,3,0.043970361896795575,0.11567429699169796,0.42620061870478543,train_speakers_only
JVS_JVSMuSiC,wavlm_l12,12,59,4,0.022531332176877063,0.05927392674101726,0.4854745454458027,train_speakers_only
JVS_JVSMuSiC,wavlm_l12,12,59,5,0.017988645843221067,0.04732333035218595,0.5327978757979887,train_speakers_only
JVS_JVSMuSiC,wavlm_l12,12,59,6,0.015983754064464117,0.04204899470772435,0.574846870505713,train_speakers_only
JVS_JVSMuSiC,wavlm_l12,12,59,7,0.014916002086159636,0.03924002398008368,0.6140868944857967,train_speakers_only
JVS_JVSMuSiC,wavlm_l12,12,59,8,0.01317989586818809,0.03467279147155594,0.6487596859573526,train_speakers_only
JVS_JVSMuSiC,wavlm_l12,12,59,9,0.011267261063934006,0.02964115932572026,0.6784008452830729,train_speakers_only
JVS_JVSMuSiC,wavlm_l12,12,59,10,0.009162029967472354,0.024102857692910408,0.7025037029759833,train_speakers_only
JVS_JVSMuSiC,wavlm_l12,12,59,11,0.008742380391769574,0.022998871563202863,0.7255025745391862,train_speakers_only
JVS_JVSMuSiC,wavlm_l12,12,59,12,0.008104241755638038,0.02132009897790977,0.746822673517096,train_speakers_only
JVS_JVSMuSiC,wavlm_l12,12,59,13,0.007326040362476214,0.019272858628075075,0.766095532145171,train_speakers_only
JVS_JVSMuSiC,wavlm_l12,12,59,14,0.006399808396659719,0.016836189315492738,0.7829317214606637,train_speakers_only
JVS_JVSMuSiC,wavlm_l12,12,59,15,0.005550075475917438,0.014600768591226904,0.7975324900518906,train_speakers_only
JVS_JVSMuSiC,wavlm_l12,12,59,16,0.005017294621305912,0.013199164234354063,0.8107316542862447,train_speakers_only
JVS_JVSMuSiC,wavlm_l12,12,59,17,0.00496788428579406,0.013069178817407245,0.8238008331036519,train_speakers_only
JVS_JVSMuSiC,wavlm_l12,12,59,18,0.0046002825436777355,0.012102116658764239,0.8359029497624162,train_speakers_only
JVS_JVSMuSiC,wavlm_l12,12,59,19,0.004054941854890964,0.01066747072738801,0.8465704204898042,train_speakers_only
JVS_JVSMuSiC,wavlm_l12,12,59,20,0.003834438807020702,0.010087386007894762,0.856657806497699,train_speakers_only
JVS_JVSMuSiC,wavlm_l12,12,59,21,0.0034608584818310497,0.009104595791437794,0.8657624022891367,train_speakers_only
JVS_JVSMuSiC,wavlm_l12,12,59,22,0.0033681416678347435,0.008860682577725666,0.8746230848668624,train_speakers_only
JVS_JVSMuSiC,wavlm_l12,12,59,23,0.0032214486632085,0.008474772399784255,0.8830978572666466,train_speakers_only
JVS_JVSMuSiC,wavlm_l12,12,59,24,0.0028752588500768686,0.007564039316584247,0.8906618965832308,train_speakers_only
JVS_JVSMuSiC,wavlm_l12,12,59,25,0.002843800891978964,0.007481281817423554,0.8981431784006544,train_speakers_only
JVS_JVSMuSiC,wavlm_l12,12,59,26,0.0026925711948775815,0.007083436811336745,0.9052266152119911,train_speakers_only
JVS_JVSMuSiC,wavlm_l12,12,59,27,0.0023884386536965818,0.006283345195625604,0.9115099604076167,train_speakers_only
JVS_JVSMuSiC,wavlm_l12,12,59,28,0.0023515929345523548,0.006186413933855103,0.9176963743414718,train_speakers_only
JVS_JVSMuSiC,wavlm_l12,12,59,29,0.0021472882433600307,0.005648942771319587,0.9233453171127913,train_speakers_only
JVS_JVSMuSiC,wavlm_l12,12,59,30,0.001891505814557573,0.0049760474082111575,0.9283213645210024,train_speakers_only
JVS_JVSMuSiC,wavlm_l12,12,59,31,0.0018253067630054232,0.004801895356249762,0.9331232598772522,train_speakers_only
JVS_JVSMuSiC,wavlm_l12,12,59,32,0.0018117761935614782,0.004766300036111181,0.9378895599133634,train_speakers_only
JVS_JVSMuSiC,wavlm_l12,12,59,33,0.0016727753987631356,0.004400626011018444,0.9422901859243819,train_speakers_only
JVS_JVSMuSiC,wavlm_l12,12,59,34,0.0016222328537852358,0.004267662052882,0.9465578479772638,train_speakers_only
JVS_JVSMuSiC,wavlm_l12,12,59,35,0.001550418860724879,0.004078738587095633,0.9506365865643595,train_speakers_only
JVS_JVSMuSiC,wavlm_l12,12,59,36,0.0014121516732173774,0.0037149944871610104,0.9543515810515205,train_speakers_only
JVS_JVSMuSiC,wavlm_l12,12,59,37,0.0013187409707817576,0.003469255837997687,0.9578208368895182,train_speakers_only
JVS_JVSMuSiC,wavlm_l12,12,59,38,0.001214586911546747,0.003195254281924083,0.9610160911714424,train_speakers_only
JVS_JVSMuSiC,wavlm_l12,12,59,39,0.0011188295099470473,0.0029433420930320415,0.9639594332644744,train_speakers_only
JVS_JVSMuSiC,wavlm_l12,12,59,40,0.0010728379112635966,0.0028223504610386703,0.966781783725513,train_speakers_only
JVS_JVSMuSiC,wavlm_l12,12,59,41,0.0010172676763389597,0.002676159991338685,0.9694579437168517,train_speakers_only
JVS_JVSMuSiC,wavlm_l12,12,59,42,0.0009321524501644507,0.0024522445281424813,0.9719101882449942,train_speakers_only
JVS_JVSMuSiC,wavlm_l12,12,59,43,0.0008999881619313846,0.002367628862746527,0.9742778171077408,train_speakers_only
JVS_JVSMuSiC,wavlm_l12,12,59,44,0.0008473800109968756,0.002229230846153765,0.9765070479538945,train_speakers_only
JVS_JVSMuSiC,wavlm_l12,12,59,45,0.0008209786807550681,0.0021597759864795418,0.9786668239403741,train_speakers_only
JVS_JVSMuSiC,wavlm_l12,12,59,46,0.0007848954296897465,0.0020648505749045194,0.9807316745152785,train_speakers_only
JVS_JVSMuSiC,wavlm_l12,12,59,47,0.0007669124090428211,0.00201754204294377,0.9827492165582223,train_speakers_only
JVS_JVSMuSiC,wavlm_l12,12,59,48,0.0007366158275236372,0.00193783981586843,0.9846870563740908,train_speakers_only
JVS_JVSMuSiC,wavlm_l12,12,59,49,0.0006830673347774786,0.0017969680107212372,0.9864840243848121,train_speakers_only
JVS_JVSMuSiC,wavlm_l12,12,59,50,0.0006745373291688753,0.0017745278405805786,0.9882585522253927,train_speakers_only
JVS_JVSMuSiC,wavlm_l12,12,59,51,0.0006448428280616809,0.0016964095265181185,0.9899549617519109,train_speakers_only
JVS_JVSMuSiC,wavlm_l12,12,59,52,0.0005794640368595375,0.0015244153608065531,0.9914793771127175,train_speakers_only
JVS_JVSMuSiC,wavlm_l12,12,59,53,0.0005655769475775536,0.0014878821320438512,0.9929672592447614,train_speakers_only
JVS_JVSMuSiC,wavlm_l12,12,59,54,0.0005152771233778198,0.001355556707550717,0.9943228159523121,train_speakers_only
JVS_JVSMuSiC,wavlm_l12,12,59,55,0.0005039445401557112,0.0013257437030456789,0.9956485596553578,train_speakers_only
JVS_JVSMuSiC,wavlm_l12,12,59,56,0.0004760969137792997,0.001252484023911366,0.9969010436792691,train_speakers_only
JVS_JVSMuSiC,wavlm_l12,12,59,57,0.0004365079425063493,0.001148335997307182,0.9980493796765764,train_speakers_only
JVS_JVSMuSiC,wavlm_l12,12,59,58,0.0003899592666125859,0.0010258788437239662,0.9990752585203003,train_speakers_only
JVS_JVSMuSiC,wavlm_l12,12,59,59,0.0003515147148575744,0.0009247414796999964,1.0000000000000002,train_speakers_only
JVS_JVSMuSiC,wavlm_l12,12,59,60,1.6521736548456051e-18,4.346428316442794e-18,1.0000000000000002,train_speakers_only
JVS_JVSMuSiC,wavlm_l12,12,61,1,0.05656593513148412,0.16012829907394158,0.16012829907394158,train_speakers_only
JVS_JVSMuSiC,wavlm_l12,12,61,2,0.04324751306246809,0.12242616850183752,0.28255446757577907,train_speakers_only
JVS_JVSMuSiC,wavlm_l12,12,61,3,0.033198241942412124,0.0939784342312554,0.37653290180703447,train_speakers_only
JVS_JVSMuSiC,wavlm_l12,12,61,4,0.024276164946857817,0.06872158998066571,0.44525449178770016,train_speakers_only
JVS_JVSMuSiC,wavlm_l12,12,61,5,0.0180079810206805,0.05097745425572237,0.4962319460434225,train_speakers_only
JVS_JVSMuSiC,wavlm_l12,12,61,6,0.014912064877729324,0.042213455483422355,0.5384454015268448,train_speakers_only
JVS_JVSMuSiC,wavlm_l12,12,61,7,0.013890390797335965,0.039321274308992085,0.577766675835837,train_speakers_only
JVS_JVSMuSiC,wavlm_l12,12,61,8,0.012336215739386166,0.034921675718176455,0.6126883515540135,train_speakers_only
JVS_JVSMuSiC,wavlm_l12,12,61,9,0.011763773850904201,0.033301192547373674,0.6459895441013871,train_speakers_only
JVS_JVSMuSiC,wavlm_l12,12,61,10,0.010632274391541286,0.03009811487510123,0.6760876589764884,train_speakers_only
JVS_JVSMuSiC,wavlm_l12,12,61,11,0.00932047101742173,0.026384628259367614,0.702472287235856,train_speakers_only
JVS_JVSMuSiC,wavlm_l12,12,61,12,0.008405244990600674,0.023793782963477037,0.726266070199333,train_speakers_only
JVS_JVSMuSiC,wavlm_l12,12,61,13,0.007260209253383365,0.020552386448891142,0.7468184566482241,train_speakers_only
JVS_JVSMuSiC,wavlm_l12,12,61,14,0.007024941709533366,0.019886385055359227,0.7667048417035833,train_speakers_only
JVS_JVSMuSiC,wavlm_l12,12,61,15,0.006165853284481094,0.017454455521480373,0.7841592972250637,train_speakers_only
JVS_JVSMuSiC,wavlm_l12,12,61,16,0.00523357374269244,0.014815334698302107,0.7989746319233658,train_speakers_only
JVS_JVSMuSiC,wavlm_l12,12,61,17,0.004751295492038687,0.013450089064546854,0.8124247209879126,train_speakers_only
JVS_JVSMuSiC,wavlm_l12,12,61,18,0.004368684347796365,0.012366983630298374,0.824791704618211,train_speakers_only
JVS_JVSMuSiC,wavlm_l12,12,61,19,0.00392093932540171,0.011099495544258155,0.8358912001624692,train_speakers_only
JVS_JVSMuSiC,wavlm_l12,12,61,20,0.003677687217759708,0.010410891242882697,0.846302091405352,train_speakers_only
JVS_JVSMuSiC,wavlm_l12,12,61,21,0.0034594655098182103,0.009793143638561147,0.856095235043913,train_speakers_only
JVS_JVSMuSiC,wavlm_l12,12,61,22,0.003341064205977362,0.009457970192774348,0.8655532052366874,train_speakers_only
JVS_JVSMuSiC,wavlm_l12,12,61,23,0.003055685079633944,0.008650111647054943,0.8742033168837424,train_speakers_only
JVS_JVSMuSiC,wavlm_l12,12,61,24,0.0028485500336146393,0.008063748449477172,0.8822670653332196,train_speakers_only
JVS_JVSMuSiC,wavlm_l12,12,61,25,0.0025400003391215687,0.0071902980655293965,0.889457363398749,train_speakers_only
JVS_JVSMuSiC,wavlm_l12,12,61,26,0.0024950892611056243,0.007063162634716595,0.8965205260334657,train_speakers_only
JVS_JVSMuSiC,wavlm_l12,12,61,27,0.0024203283796114345,0.0068515276151044115,0.9033720536485701,train_speakers_only
JVS_JVSMuSiC,wavlm_l12,12,61,28,0.002249140585553916,0.006366924819783639,0.9097389784683537,train_speakers_only
JVS_JVSMuSiC,wavlm_l12,12,61,29,0.002103448398451334,0.0059544956421368625,0.9156934741104906,train_speakers_only
JVS_JVSMuSiC,wavlm_l12,12,61,30,0.0018740653453801655,0.005305152215933521,0.9209986263264242,train_speakers_only
JVS_JVSMuSiC,wavlm_l12,12,61,31,0.001782836611331495,0.005046899577204462,0.9260455259036287,train_speakers_only
JVS_JVSMuSiC,wavlm_l12,12,61,32,0.0017666677096681072,0.00500112823593283,0.9310466541395614,train_speakers_only
JVS_JVSMuSiC,wavlm_l12,12,61,33,0.001618216930442798,0.004580889964996527,0.935627544104558,train_speakers_only
JVS_JVSMuSiC,wavlm_l12,12,61,34,0.0015870473490254547,0.0044926543149784665,0.9401201984195364,train_speakers_only
JVS_JVSMuSiC,wavlm_l12,12,61,35,0.0014898883903380052,0.004217614244337837,0.9443378126638743,train_speakers_only
JVS_JVSMuSiC,wavlm_l12,12,61,36,0.0014210944493994767,0.00402287059299584,0.9483606832568702,train_speakers_only
JVS_JVSMuSiC,wavlm_l12,12,61,37,0.001328832772475275,0.0037616938730982313,0.9521223771299684,train_speakers_only
JVS_JVSMuSiC,wavlm_l12,12,61,38,0.0012478792032653964,0.003532528434368882,0.9556549055643373,train_speakers_only
JVS_JVSMuSiC,wavlm_l12,12,61,39,0.0011751796376832135,0.0033267286406762644,0.9589816342050136,train_speakers_only
JVS_JVSMuSiC,wavlm_l12,12,61,40,0.0011658482156398076,0.0033003130119718433,0.9622819472169855,train_speakers_only
JVS_JVSMuSiC,wavlm_l12,12,61,41,0.0010904680926778626,0.003086925027740279,0.9653688722447258,train_speakers_only
JVS_JVSMuSiC,wavlm_l12,12,61,42,0.0010740632844429454,0.0030404858760991814,0.968409358120825,train_speakers_only
JVS_JVSMuSiC,wavlm_l12,12,61,43,0.0009846357218232758,0.0027873320396191448,0.9711966901604441,train_speakers_only
JVS_JVSMuSiC,wavlm_l12,12,61,44,0.0009000108565745662,0.002547773801960043,0.9737444639624041,train_speakers_only
JVS_JVSMuSiC,wavlm_l12,12,61,45,0.0008632734587354347,0.002443776634500355,0.9761882405969045,train_speakers_only
JVS_JVSMuSiC,wavlm_l12,12,61,46,0.0008138787978776455,0.0023039489624552124,0.9784921895593597,train_speakers_only
JVS_JVSMuSiC,wavlm_l12,12,61,47,0.0008034522628695462,0.002274433259900291,0.98076662281926,train_speakers_only
JVS_JVSMuSiC,wavlm_l12,12,61,48,0.0007581072157302219,0.0021460693381694846,0.9829126921574295,train_speakers_only
JVS_JVSMuSiC,wavlm_l12,12,61,49,0.0007475275949299921,0.00211612027643029,0.9850288124338598,train_speakers_only
JVS_JVSMuSiC,wavlm_l12,12,61,50,0.0006830944836715159,0.00193372137352381,0.9869625338073835,train_speakers_only
JVS_JVSMuSiC,wavlm_l12,12,61,51,0.0006757016693390039,0.0019127936052179748,0.9888753274126015,train_speakers_only
JVS_JVSMuSiC,wavlm_l12,12,61,52,0.0006125258831219477,0.0017339539702666282,0.9906092813828682,train_speakers_only
JVS_JVSMuSiC,wavlm_l12,12,61,53,0.0005532910448121844,0.0015662704716660192,0.9921755518545342,train_speakers_only
JVS_JVSMuSiC,wavlm_l12,12,61,54,0.0005298429932826126,0.0014998931263732933,0.9936754449809075,train_speakers_only
JVS_JVSMuSiC,wavlm_l12,12,61,55,0.00048614493301142516,0.0013761915372845416,0.9950516365181921,train_speakers_only
JVS_JVSMuSiC,wavlm_l12,12,61,56,0.0004656499437917342,0.0013181737964718162,0.9963698103146639,train_speakers_only
JVS_JVSMuSiC,wavlm_l12,12,61,57,0.00043933402953227397,0.001243678031853976,0.9976134883465179,train_speakers_only
JVS_JVSMuSiC,wavlm_l12,12,61,58,0.0004296237565244858,0.0012161899421288353,0.9988296782886467,train_speakers_only
JVS_JVSMuSiC,wavlm_l12,12,61,59,0.00041342062827276867,0.0011703217113536622,1.0000000000000002,train_speakers_only
JVS_JVSMuSiC,wavlm_l12,12,61,60,6.028346006701396e-19,1.7065196394941235e-18,1.0000000000000002,train_speakers_only
JVS_JVSMuSiC,wavlm_l12,12,67,1,0.07015301130856705,0.1959707470002632,0.1959707470002632,train_speakers_only
JVS_JVSMuSiC,wavlm_l12,12,67,2,0.049621998077814686,0.13861785616275352,0.33458860316301675,train_speakers_only
JVS_JVSMuSiC,wavlm_l12,12,67,3,0.035756387947822585,0.0998846083077589,0.43447321147077567,train_speakers_only
JVS_JVSMuSiC,wavlm_l12,12,67,4,0.021239919879120852,0.05933320448111317,0.49380641595188884,train_speakers_only
JVS_JVSMuSiC,wavlm_l12,12,67,5,0.018799024229254734,0.05251462128801308,0.5463210372399019,train_speakers_only
JVS_JVSMuSiC,wavlm_l12,12,67,6,0.01350407294214462,0.037723302430710426,0.5840443396706123,train_speakers_only
JVS_JVSMuSiC,wavlm_l12,12,67,7,0.011271309056531585,0.03148613030684805,0.6155304699774604,train_speakers_only
JVS_JVSMuSiC,wavlm_l12,12,67,8,0.010638311849993835,0.02971786786022754,0.645248337837688,train_speakers_only
JVS_JVSMuSiC,wavlm_l12,12,67,9,0.010123362579877187,0.028279369480049294,0.6735277073177373,train_speakers_only
JVS_JVSMuSiC,wavlm_l12,12,67,10,0.00913807031733882,0.025526979281802118,0.6990546865995394,train_speakers_only
JVS_JVSMuSiC,wavlm_l12,12,67,11,0.007489238200298897,0.020921006485665288,0.7199756930852047,train_speakers_only
JVS_JVSMuSiC,wavlm_l12,12,67,12,0.007439527062737428,0.02078213962050245,0.7407578327057072,train_speakers_only
JVS_JVSMuSiC,wavlm_l12,12,67,13,0.006765840736794631,0.018900213099085256,0.7596580458047925,train_speakers_only
JVS_JVSMuSiC,wavlm_l12,12,67,14,0.006386451561584924,0.01784039857818556,0.777498444382978,train_speakers_only
JVS_JVSMuSiC,wavlm_l12,12,67,15,0.005454658536097542,0.015237457209764242,0.7927359015927422,train_speakers_only
JVS_JVSMuSiC,wavlm_l12,12,67,16,0.005349184697742933,0.014942818583342036,0.8076787201760842,train_speakers_only
JVS_JVSMuSiC,wavlm_l12,12,67,17,0.004610825890701948,0.01288023104403316,0.8205589512201173,train_speakers_only
JVS_JVSMuSiC,wavlm_l12,12,67,18,0.004512705401910461,0.012606133822462425,0.8331650850425798,train_speakers_only
JVS_JVSMuSiC,wavlm_l12,12,67,19,0.004069588799826681,0.011368298269878353,0.8445333833124582,train_speakers_only
JVS_JVSMuSiC,wavlm_l12,12,67,20,0.0038765814813332567,0.010829136975499887,0.8553625202879581,train_speakers_only
JVS_JVSMuSiC,wavlm_l12,12,67,21,0.003519677293506009,0.009832133725156355,0.8651946540131145,train_speakers_only
JVS_JVSMuSiC,wavlm_l12,12,67,22,0.003284180971235061,0.009174280422348574,0.874368934435463,train_speakers_only
JVS_JVSMuSiC,wavlm_l12,12,67,23,0.002863584838248549,0.007999355257636178,0.8823682896930992,train_speakers_only
JVS_JVSMuSiC,wavlm_l12,12,67,24,0.0027626649331543717,0.007717437934065972,0.8900857276271652,train_speakers_only
JVS_JVSMuSiC,wavlm_l12,12,67,25,0.0025235223603944424,0.007049398918360811,0.897135126545526,train_speakers_only
JVS_JVSMuSiC,wavlm_l12,12,67,26,0.002433527518481315,0.006798000495585873,0.9039331270411118,train_speakers_only
JVS_JVSMuSiC,wavlm_l12,12,67,27,0.0022756290201215385,0.00635691484442714,0.910290041885539,train_speakers_only
JVS_JVSMuSiC,wavlm_l12,12,67,28,0.002218372263727588,0.006196969474840926,0.9164870113603799,train_speakers_only
JVS_JVSMuSiC,wavlm_l12,12,67,29,0.0019516835479035195,0.0054519809721135844,0.9219389923324935,train_speakers_only
JVS_JVSMuSiC,wavlm_l12,12,67,30,0.0017976940051903007,0.005021814894380965,0.9269608072268745,train_speakers_only
JVS_JVSMuSiC,wavlm_l12,12,67,31,0.001771498543175958,0.0049486385023314785,0.931909445729206,train_speakers_only
JVS_JVSMuSiC,wavlm_l12,12,67,32,0.0016500481102239121,0.00460936964380122,0.9365188153730072,train_speakers_only
JVS_JVSMuSiC,wavlm_l12,12,67,33,0.0014645883146654662,0.004091292172910582,0.9406101075459178,train_speakers_only
JVS_JVSMuSiC,wavlm_l12,12,67,34,0.0013794937779081585,0.0038535826345327986,0.9444636901804506,train_speakers_only
JVS_JVSMuSiC,wavlm_l12,12,67,35,0.0013585596815343147,0.0037951037406459345,0.9482587939210966,train_speakers_only
JVS_JVSMuSiC,wavlm_l12,12,67,36,0.0012862055819904995,0.0035929843066879897,0.9518517782277846,train_speakers_only
JVS_JVSMuSiC,wavlm_l12,12,67,37,0.0012275265908050369,0.003429065958475435,0.95528084418626,train_speakers_only
JVS_JVSMuSiC,wavlm_l12,12,67,38,0.0011583972923834634,0.0032359549287622248,0.9585167991150223,train_speakers_only
JVS_JVSMuSiC,wavlm_l12,12,67,39,0.0011122395555289725,0.003107014402867629,0.96162381351789,train_speakers_only
JVS_JVSMuSiC,wavlm_l12,12,67,40,0.0010281387793582546,0.002872080910747315,0.9644958944286373,train_speakers_only
JVS_JVSMuSiC,wavlm_l12,12,67,41,0.0009792959398599694,0.0027356396153053898,0.9672315340439427,train_speakers_only
JVS_JVSMuSiC,wavlm_l12,12,67,42,0.0009363235478526616,0.002615597273501713,0.9698471313174444,train_speakers_only
JVS_JVSMuSiC,wavlm_l12,12,67,43,0.0009182284034724001,0.0025650489236143516,0.9724121802410587,train_speakers_only
JVS_JVSMuSiC,wavlm_l12,12,67,44,0.0008822107369178155,0.0024644344398131925,0.9748766146808718,train_speakers_only
JVS_JVSMuSiC,wavlm_l12,12,67,45,0.0008527917834334734,0.002382253302000959,0.9772588679828728,train_speakers_only
JVS_JVSMuSiC,wavlm_l12,12,67,46,0.0008128074808568339,0.0022705581160343416,0.9795294260989071,train_speakers_only
JVS_JVSMuSiC,wavlm_l12,12,67,47,0.000779817916181789,0.002178402561882206,0.9817078286607893,train_speakers_only
JVS_JVSMuSiC,wavlm_l12,12,67,48,0.0007334570677298603,0.0020488946486334277,0.9837567233094228,train_speakers_only
JVS_JVSMuSiC,wavlm_l12,12,67,49,0.000698088754845489,0.0019500941186661154,0.9857068174280889,train_speakers_only
JVS_JVSMuSiC,wavlm_l12,12,67,50,0.0006613690674710895,0.0018475185566175275,0.9875543359847064,train_speakers_only
JVS_JVSMuSiC,wavlm_l12,12,67,51,0.0006459703989212471,0.001804502747000335,0.9893588387317067,train_speakers_only
JVS_JVSMuSiC,wavlm_l12,12,67,52,0.0005808405500588035,0.001622564083277875,0.9909814028149846,train_speakers_only
JVS_JVSMuSiC,wavlm_l12,12,67,53,0.0005753402336738072,0.0016071990819671775,0.9925886018969517,train_speakers_only
JVS_JVSMuSiC,wavlm_l12,12,67,54,0.0005163300528410286,0.0014423555634536962,0.9940309574604055,train_speakers_only
JVS_JVSMuSiC,wavlm_l12,12,67,55,0.0004722013376292597,0.0013190830606358997,0.9953500405210414,train_speakers_only
JVS_JVSMuSiC,wavlm_l12,12,67,56,0.0004511723860377341,0.0012603391909836448,0.996610379712025,train_speakers_only
JVS_JVSMuSiC,wavlm_l12,12,67,57,0.00043110946274592133,0.001204293898113581,0.9978146736101386,train_speakers_only
JVS_JVSMuSiC,wavlm_l12,12,67,58,0.00041378990921032836,0.0011559121425656661,0.9989705857527044,train_speakers_only
JVS_JVSMuSiC,wavlm_l12,12,67,59,0.0003685065778294727,0.001029414247295944,1.0000000000000002,train_speakers_only
JVS_JVSMuSiC,wavlm_l12,12,67,60,0.0,0.0,1.0000000000000002,train_speakers_only
JVS_JVSMuSiC,wavlm_l12,12,71,1,0.0698875927692401,0.1860531719289214,0.1860531719289214,train_speakers_only
JVS_JVSMuSiC,wavlm_l12,12,71,2,0.04768850632578433,0.12695526508919533,0.31300843701811676,train_speakers_only
JVS_JVSMuSiC,wavlm_l12,12,71,3,0.035155859465729314,0.09359113551218477,0.40659957253030155,train_speakers_only
JVS_JVSMuSiC,wavlm_l12,12,71,4,0.028170205236798203,0.07499408450797047,0.481593657038272,train_speakers_only
JVS_JVSMuSiC,wavlm_l12,12,71,5,0.02172455378403391,0.057834616705226514,0.5394282737434986,train_speakers_only
JVS_JVSMuSiC,wavlm_l12,12,71,6,0.01621895698750993,0.04317774118889253,0.5826060149323911,train_speakers_only
JVS_JVSMuSiC,wavlm_l12,12,71,7,0.01395505237986844,0.037150825444534734,0.6197568403769258,train_speakers_only
JVS_JVSMuSiC,wavlm_l12,12,71,8,0.012009406346834174,0.031971170493587935,0.6517280108705137,train_speakers_only
JVS_JVSMuSiC,wavlm_l12,12,71,9,0.011141065066798152,0.029659491938555077,0.6813875028090688,train_speakers_only
JVS_JVSMuSiC,wavlm_l12,12,71,10,0.009700827490312015,0.02582532397227184,0.7072128267813407,train_speakers_only
JVS_JVSMuSiC,wavlm_l12,12,71,11,0.009176485895432891,0.02442943361411276,0.7316422603954534,train_speakers_only
JVS_JVSMuSiC,wavlm_l12,12,71,12,0.00789814399540284,0.021026260663292277,0.7526685210587457,train_speakers_only
JVS_JVSMuSiC,wavlm_l12,12,71,13,0.006846660008731625,0.01822702372865355,0.7708955447873993,train_speakers_only
JVS_JVSMuSiC,wavlm_l12,12,71,14,0.006274504671654756,0.016703844705293836,0.7875993894926931,train_speakers_only
JVS_JVSMuSiC,wavlm_l12,12,71,15,0.0057665893138164935,0.015351683904602838,0.802951073397296,train_speakers_only
JVS_JVSMuSiC,wavlm_l12,12,71,16,0.005320835952056924,0.014165009366717626,0.8171160827640136,train_speakers_only
JVS_JVSMuSiC,wavlm_l12,12,71,17,0.005089628029979525,0.013549492855516109,0.8306655756195297,train_speakers_only
JVS_JVSMuSiC,wavlm_l12,12,71,18,0.004079644585596452,0.01086073772778371,0.8415263133473134,train_speakers_only
JVS_JVSMuSiC,wavlm_l12,12,71,19,0.003957260166661233,0.010534928690223079,0.8520612420375365,train_speakers_only
JVS_JVSMuSiC,wavlm_l12,12,71,20,0.0036643855511198998,0.009755244499656547,0.8618164865371931,train_speakers_only
JVS_JVSMuSiC,wavlm_l12,12,71,21,0.0033571989487569667,0.008937459260831624,0.8707539457980248,train_speakers_only
JVS_JVSMuSiC,wavlm_l12,12,71,22,0.00323501056664653,0.008612172108080875,0.8793661179061056,train_speakers_only
JVS_JVSMuSiC,wavlm_l12,12,71,23,0.0029753637754467285,0.007920946281439563,0.8872870641875452,train_speakers_only
JVS_JVSMuSiC,wavlm_l12,12,71,24,0.002810294858639435,0.007481503537141959,0.8947685677246872,train_speakers_only
JVS_JVSMuSiC,wavlm_l12,12,71,25,0.0025585142422092835,0.0068112188634127675,0.9015797865880999,train_speakers_only
JVS_JVSMuSiC,wavlm_l12,12,71,26,0.0024631670603725534,0.006557387748156282,0.9081371743362562,train_speakers_only
JVS_JVSMuSiC,wavlm_l12,12,71,27,0.0023940728570492837,0.006373446719701598,0.9145106210559578,train_speakers_only
JVS_JVSMuSiC,wavlm_l12,12,71,28,0.0020816263374164295,0.005541658647850449,0.9200522797038083,train_speakers_only
JVS_JVSMuSiC,wavlm_l12,12,71,29,0.0020002990110324147,0.005325150875316261,0.9253774305791246,train_speakers_only
JVS_JVSMuSiC,wavlm_l12,12,71,30,0.0017742127683789144,0.00472326918346767,0.9301006997625922,train_speakers_only
JVS_JVSMuSiC,wavlm_l12,12,71,31,0.0017247566974069536,0.0045916083476758695,0.9346923081102682,train_speakers_only
JVS_JVSMuSiC,wavlm_l12,12,71,32,0.0016052645882538518,0.004273499151930377,0.9389658072621986,train_speakers_only
JVS_JVSMuSiC,wavlm_l12,12,71,33,0.001545140321366432,0.004113437685780852,0.9430792449479795,train_speakers_only
JVS_JVSMuSiC,wavlm_l12,12,71,34,0.0014765430993258523,0.00393081970967881,0.9470100646576582,train_speakers_only
JVS_JVSMuSiC,wavlm_l12,12,71,35,0.0014120088514968372,0.0037590180918110963,0.9507690827494694,train_speakers_only
JVS_JVSMuSiC,wavlm_l12,12,71,36,0.0013241387774978873,0.0035250923642629415,0.9542941751137323,train_speakers_only
JVS_JVSMuSiC,wavlm_l12,12,71,37,0.0012805500653462086,0.003409051478681231,0.9577032265924135,train_speakers_only
JVS_JVSMuSiC,wavlm_l12,12,71,38,0.0011608458034769533,0.003090377494763623,0.9607936040871771,train_speakers_only
JVS_JVSMuSiC,wavlm_l12,12,71,39,0.0011134143661092287,0.0029641065928518715,0.9637577106800289,train_speakers_only
JVS_JVSMuSiC,wavlm_l12,12,71,40,0.0010885261799627563,0.0028978498254826185,0.9666555605055115,train_speakers_only
JVS_JVSMuSiC,wavlm_l12,12,71,41,0.0010084441481791105,0.002684657248124055,0.9693402177536355,train_speakers_only
JVS_JVSMuSiC,wavlm_l12,12,71,42,0.0009643153798167146,0.002567178637088621,0.9719073963907242,train_speakers_only
JVS_JVSMuSiC,wavlm_l12,12,71,43,0.0009357090085033464,0.0024910234010969874,0.9743984197918212,train_speakers_only
JVS_JVSMuSiC,wavlm_l12,12,71,44,0.0008776550427817038,0.002336473443979013,0.9767348932358002,train_speakers_only
JVS_JVSMuSiC,wavlm_l12,12,71,45,0.0008348937310779262,0.002222635245193166,0.9789575284809934,train_speakers_only
JVS_JVSMuSiC,wavlm_l12,12,71,46,0.0007502848531732443,0.0019973914002736513,0.980954919881267,train_speakers_only
JVS_JVSMuSiC,wavlm_l12,12,71,47,0.000737719318483797,0.001963939717459595,0.9829188595987266,train_speakers_only
JVS_JVSMuSiC,wavlm_l12,12,71,48,0.0007212804796306595,0.0019201766117313234,0.9848390362104579,train_speakers_only
JVS_JVSMuSiC,wavlm_l12,12,71,49,0.0006725660157088967,0.0017904900654885957,0.9866295262759465,train_speakers_only
JVS_JVSMuSiC,wavlm_l12,12,71,50,0.0006256168941474674,0.001665503173829265,0.9882950294497758,train_speakers_only
JVS_JVSMuSiC,wavlm_l12,12,71,51,0.0006071505193271505,0.0016163424076158304,0.9899113718573916,train_speakers_only
JVS_JVSMuSiC,wavlm_l12,12,71,52,0.0005771569895426256,0.0015364943096539908,0.9914478661670456,train_speakers_only
JVS_JVSMuSiC,wavlm_l12,12,71,53,0.0005483526527751791,0.0014598120544990956,0.9929076782215447,train_speakers_only
JVS_JVSMuSiC,wavlm_l12,12,71,54,0.0005257115090393236,0.0013995373127139044,0.9943072155342586,train_speakers_only
JVS_JVSMuSiC,wavlm_l12,12,71,55,0.0005155675608971964,0.0013725323229447344,0.9956797478572034,train_speakers_only
JVS_JVSMuSiC,wavlm_l12,12,71,56,0.0004451430643963243,0.00118504981802075,0.9968647976752241,train_speakers_only
JVS_JVSMuSiC,wavlm_l12,12,71,57,0.00044092317191118485,0.0011738157155005559,0.9980386133907246,train_speakers_only
JVS_JVSMuSiC,wavlm_l12,12,71,58,0.00038618918944916404,0.001028104142875851,0.9990667175336004,train_speakers_only
JVS_JVSMuSiC,wavlm_l12,12,71,59,0.0003505710989724074,0.000933282466399843,1.0000000000000002,train_speakers_only
JVS_JVSMuSiC,wavlm_l12,12,71,60,0.0,0.0,1.0000000000000002,train_speakers_only
JVS_JVSMuSiC,wavlm_l12,12,73,1,0.08020456391700413,0.2104264301097796,0.2104264301097796,train_speakers_only
JVS_JVSMuSiC,wavlm_l12,12,73,2,0.04331343579432659,0.11363806777156447,0.32406449788134406,train_speakers_only
JVS_JVSMuSiC,wavlm_l12,12,73,3,0.039310365123903804,0.10313552490472841,0.4272000227860725,train_speakers_only
JVS_JVSMuSiC,wavlm_l12,12,73,4,0.02490462762641013,0.06534032016010777,0.49254034294618027,train_speakers_only
JVS_JVSMuSiC,wavlm_l12,12,73,5,0.019724465738221602,0.0517495352934233,0.5442898782396035,train_speakers_only
JVS_JVSMuSiC,wavlm_l12,12,73,6,0.015256518680386416,0.040027332673225204,0.5843172109128287,train_speakers_only
JVS_JVSMuSiC,wavlm_l12,12,73,7,0.01410779913664819,0.03701352721152725,0.621330738124356,train_speakers_only
JVS_JVSMuSiC,wavlm_l12,12,73,8,0.010406023603276185,0.027301468788502134,0.6486322069128582,train_speakers_only
JVS_JVSMuSiC,wavlm_l12,12,73,9,0.00978154248942971,0.025663066619846582,0.6742952735327048,train_speakers_only
JVS_JVSMuSiC,wavlm_l12,12,73,10,0.00911197582737154,0.0239063770309197,0.6982016505636245,train_speakers_only
JVS_JVSMuSiC,wavlm_l12,12,73,11,0.00883640456980728,0.02318338231418369,0.7213850328778082,train_speakers_only
JVS_JVSMuSiC,wavlm_l12,12,73,12,0.00792948799522656,0.020803976356763464,0.7421890092345717,train_speakers_only
JVS_JVSMuSiC,wavlm_l12,12,73,13,0.007659762804260891,0.020096319506907427,0.762285328741479,train_speakers_only
JVS_JVSMuSiC,wavlm_l12,12,73,14,0.006557743803929682,0.017205038601835632,0.7794903673433147,train_speakers_only
JVS_JVSMuSiC,wavlm_l12,12,73,15,0.006026892437597179,0.015812285465594655,0.7953026528089093,train_speakers_only
JVS_JVSMuSiC,wavlm_l12,12,73,16,0.00536427518247016,0.014073828491128657,0.809376481300038,train_speakers_only
JVS_JVSMuSiC,wavlm_l12,12,73,17,0.005103056401445917,0.013388489242536272,0.8227649705425744,train_speakers_only
JVS_JVSMuSiC,wavlm_l12,12,73,18,0.004569520164543402,0.011988692021747448,0.8347536625643218,train_speakers_only
JVS_JVSMuSiC,wavlm_l12,12,73,19,0.004372769399476855,0.01147249245538407,0.8462261550197059,train_speakers_only
JVS_JVSMuSiC,wavlm_l12,12,73,20,0.003808189087205084,0.00999124732643417,0.8562174023461401,train_speakers_only
JVS_JVSMuSiC,wavlm_l12,12,73,21,0.003550147256582178,0.009314243193687321,0.8655316455398274,train_speakers_only
JVS_JVSMuSiC,wavlm_l12,12,73,22,0.003303244456232491,0.008666463661895897,0.8741981092017234,train_speakers_only
JVS_JVSMuSiC,wavlm_l12,12,73,23,0.0030358383075826715,0.007964891101660869,0.8821630003033842,train_speakers_only
JVS_JVSMuSiC,wavlm_l12,12,73,24,0.0028807792499124037,0.007558074801337798,0.889721075104722,train_speakers_only
JVS_JVSMuSiC,wavlm_l12,12,73,25,0.002823222731762192,0.007407068274372191,0.8971281433790942,train_speakers_only
JVS_JVSMuSiC,wavlm_l12,12,73,26,0.002568266985296492,0.0067381608588257666,0.9038663042379199,train_speakers_only
JVS_JVSMuSiC,wavlm_l12,12,73,27,0.0024341361638751434,0.00638625233216644,0.9102525565700863,train_speakers_only
JVS_JVSMuSiC,wavlm_l12,12,73,28,0.002262725905654765,0.005936536668119761,0.9161890932382061,train_speakers_only
JVS_JVSMuSiC,wavlm_l12,12,73,29,0.002171216601234233,0.005696450876107131,0.9218855441143132,train_speakers_only
JVS_JVSMuSiC,wavlm_l12,12,73,30,0.0019962943759007853,0.005237521139117785,0.927123065253431,train_speakers_only
JVS_JVSMuSiC,wavlm_l12,12,73,31,0.0018374129649900031,0.004820676430089041,0.93194374168352,train_speakers_only
JVS_JVSMuSiC,wavlm_l12,12,73,32,0.0017566025440527294,0.004608660460385677,0.9365524021439057,train_speakers_only
JVS_JVSMuSiC,wavlm_l12,12,73,33,0.0017032180140978436,0.0044685996519618605,0.9410210017958676,train_speakers_only
JVS_JVSMuSiC,wavlm_l12,12,73,34,0.001700243673465712,0.0044607961074927755,0.9454817979033603,train_speakers_only
JVS_JVSMuSiC,wavlm_l12,12,73,35,0.001578647636951136,0.004141774113859868,0.9496235720172201,train_speakers_only
JVS_JVSMuSiC,wavlm_l12,12,73,36,0.0014319151769749774,0.0037568036554959257,0.953380375672716,train_speakers_only
JVS_JVSMuSiC,wavlm_l12,12,73,37,0.0013657498513667122,0.00358321087492541,0.9569635865476415,train_speakers_only
JVS_JVSMuSiC,wavlm_l12,12,73,38,0.0012912600072718088,0.0033877777074494955,0.9603513642550909,train_speakers_only
JVS_JVSMuSiC,wavlm_l12,12,73,39,0.0011733975225455405,0.003078551141109934,0.9634299153962008,train_speakers_only
JVS_JVSMuSiC,wavlm_l12,12,73,40,0.0010846114378720748,0.0028456100473762264,0.9662755254435771,train_speakers_only
JVS_JVSMuSiC,wavlm_l12,12,73,41,0.001066694280711189,0.002798602205989762,0.9690741276495668,train_speakers_only
JVS_JVSMuSiC,wavlm_l12,12,73,42,0.0010142899280944412,0.002661113012048537,0.9717352406616153,train_speakers_only
JVS_JVSMuSiC,wavlm_l12,12,73,43,0.0009696993249119336,0.002544124140270038,0.9742793648018854,train_speakers_only
JVS_JVSMuSiC,wavlm_l12,12,73,44,0.0008896555088181311,0.0023341194516289764,0.9766134842535144,train_speakers_only
JVS_JVSMuSiC,wavlm_l12,12,73,45,0.000820513583756745,0.0021527172002977304,0.9787662014538121,train_speakers_only
JVS_JVSMuSiC,wavlm_l12,12,73,46,0.0007659130572455483,0.002009466076985661,0.9807756675307978,train_speakers_only
JVS_JVSMuSiC,wavlm_l12,12,73,47,0.0007508577290386552,0.0019699665919939357,0.9827456341227917,train_speakers_only
JVS_JVSMuSiC,wavlm_l12,12,73,48,0.0007276453248776354,0.0019090660259497977,0.9846547001487415,train_speakers_only
JVS_JVSMuSiC,wavlm_l12,12,73,49,0.0006742442653751469,0.0017689618502470703,0.9864236619989886,train_speakers_only
JVS_JVSMuSiC,wavlm_l12,12,73,50,0.0006363809665177214,0.0016696228797242398,0.9880932848787128,train_speakers_only
JVS_JVSMuSiC,wavlm_l12,12,73,51,0.000615665599855163,0.0016152735953153367,0.9897085584740282,train_speakers_only
JVS_JVSMuSiC,wavlm_l12,12,73,52,0.0005879609821440281,0.0015425871605565496,0.9912511456345847,train_speakers_only
JVS_JVSMuSiC,wavlm_l12,12,73,53,0.0005633888708883863,0.0014781192375448915,0.9927292648721296,train_speakers_only
JVS_JVSMuSiC,wavlm_l12,12,73,54,0.0005367510641192058,0.0014082317110670573,0.9941374965831967,train_speakers_only
JVS_JVSMuSiC,wavlm_l12,12,73,55,0.0005102727593246555,0.0013387626574226598,0.9954762592406193,train_speakers_only
JVS_JVSMuSiC,wavlm_l12,12,73,56,0.00048202505078830625,0.001264651357818357,0.9967409105984377,train_speakers_only
JVS_JVSMuSiC,wavlm_l12,12,73,57,0.00045138882769581715,0.0011842734997195299,0.9979251840981572,train_speakers_only
JVS_JVSMuSiC,wavlm_l12,12,73,58,0.00043424996666094877,0.0011393076128973418,0.9990644917110546,train_speakers_only
JVS_JVSMuSiC,wavlm_l12,12,73,59,0.0003565713409502067,0.0009355082889454069,1.0,train_speakers_only
JVS_JVSMuSiC,wavlm_l12,12,73,60,1.2642899533945123e-18,3.317018490266535e-18,1.0,train_speakers_only
JVS_JVSMuSiC,wavlm_l12,12,79,1,0.04860083372779111,0.14859677949878522,0.14859677949878522,train_speakers_only
JVS_JVSMuSiC,wavlm_l12,12,79,2,0.037561524938222034,0.11484415411769892,0.26344093361648413,train_speakers_only
JVS_JVSMuSiC,wavlm_l12,12,79,3,0.027878469327662324,0.08523826530731755,0.34867919892380167,train_speakers_only
JVS_JVSMuSiC,wavlm_l12,12,79,4,0.024496537274202798,0.07489802681588541,0.4235772257396871,train_speakers_only
JVS_JVSMuSiC,wavlm_l12,12,79,5,0.019088822224405277,0.05836396805163164,0.4819411937913187,train_speakers_only
JVS_JVSMuSiC,wavlm_l12,12,79,6,0.014628368503625304,0.044726155545706095,0.5266673493370249,train_speakers_only
JVS_JVSMuSiC,wavlm_l12,12,79,7,0.013813064333091424,0.04223336756738,0.5689007169044049,train_speakers_only
JVS_JVSMuSiC,wavlm_l12,12,79,8,0.012246751198013796,0.03744437384635069,0.6063450907507556,train_speakers_only
JVS_JVSMuSiC,wavlm_l12,12,79,9,0.009836246860978103,0.03007427020867307,0.6364193609594286,train_speakers_only
JVS_JVSMuSiC,wavlm_l12,12,79,10,0.008929874827189188,0.027303042743663936,0.6637224037030925,train_speakers_only
JVS_JVSMuSiC,wavlm_l12,12,79,11,0.008400328189749692,0.025683956837470445,0.689406360540563,train_speakers_only
JVS_JVSMuSiC,wavlm_l12,12,79,12,0.007603877468041721,0.02324881317433587,0.712655173714899,train_speakers_only
JVS_JVSMuSiC,wavlm_l12,12,79,13,0.006860876237158018,0.02097709103287355,0.7336322647477725,train_speakers_only
JVS_JVSMuSiC,wavlm_l12,12,79,14,0.006162192085827169,0.018840868116285225,0.7524731328640578,train_speakers_only
JVS_JVSMuSiC,wavlm_l12,12,79,15,0.005522413771459938,0.01688474946941993,0.7693578823334778,train_speakers_only
JVS_JVSMuSiC,wavlm_l12,12,79,16,0.005238145348468207,0.016015600343165026,0.7853734826766429,train_speakers_only
JVS_JVSMuSiC,wavlm_l12,12,79,17,0.004574062858631797,0.013985171814635535,0.7993586544912784,train_speakers_only
JVS_JVSMuSiC,wavlm_l12,12,79,18,0.004480040636932643,0.013697699393399562,0.813056353884678,train_speakers_only
JVS_JVSMuSiC,wavlm_l12,12,79,19,0.0042958138919728,0.013134427142723691,0.8261907810274017,train_speakers_only
JVS_JVSMuSiC,wavlm_l12,12,79,20,0.003640300888449691,0.011130199771055987,0.8373209807984577,train_speakers_only
JVS_JVSMuSiC,wavlm_l12,12,79,21,0.003406326769342905,0.01041482519991046,0.8477358059983682,train_speakers_only
JVS_JVSMuSiC,wavlm_l12,12,79,22,0.003113344311228544,0.00951903295961116,0.8572548389579794,train_speakers_only
JVS_JVSMuSiC,wavlm_l12,12,79,23,0.002908299955172006,0.008892110978497472,0.8661469499364769,train_speakers_only
JVS_JVSMuSiC,wavlm_l12,12,79,24,0.0028431247100983805,0.008692838028259032,0.8748397879647359,train_speakers_only
JVS_JVSMuSiC,wavlm_l12,12,79,25,0.0027145589478696865,0.008299748923491964,0.8831395368882279,train_speakers_only
JVS_JVSMuSiC,wavlm_l12,12,79,26,0.0024791332705245096,0.007579936221085401,0.8907194731093133,train_speakers_only
JVS_JVSMuSiC,wavlm_l12,12,79,27,0.0023141899666159925,0.0070756229844447785,0.8977950960937581,train_speakers_only
JVS_JVSMuSiC,wavlm_l12,12,79,28,0.002127889757156127,0.006506011127563093,0.9043011072213212,train_speakers_only
JVS_JVSMuSiC,wavlm_l12,12,79,29,0.0020323865418406333,0.006214010576561302,0.9105151177978825,train_speakers_only
JVS_JVSMuSiC,wavlm_l12,12,79,30,0.001912571851508017,0.005847677825567974,0.9163627956234505,train_speakers_only
JVS_JVSMuSiC,wavlm_l12,12,79,31,0.0017738017005310576,0.005423388858814202,0.9217861844822647,train_speakers_only
JVS_JVSMuSiC,wavlm_l12,12,79,32,0.0016896873993842588,0.005166209849700661,0.9269523943319653,train_speakers_only
JVS_JVSMuSiC,wavlm_l12,12,79,33,0.0015924577728447182,0.004868930805958997,0.9318213251379243,train_speakers_only
JVS_JVSMuSiC,wavlm_l12,12,79,34,0.0015240956125381995,0.004659913880076107,0.9364812390180004,train_speakers_only
JVS_JVSMuSiC,wavlm_l12,12,79,35,0.0014768740528650908,0.004515534223347684,0.9409967732413481,train_speakers_only
JVS_JVSMuSiC,wavlm_l12,12,79,36,0.0014139610232334152,0.004323177984272863,0.945319951225621,train_speakers_only
JVS_JVSMuSiC,wavlm_l12,12,79,37,0.001315476781993987,0.004022062963046547,0.9493420141886675,train_speakers_only
JVS_JVSMuSiC,wavlm_l12,12,79,38,0.0012204041848625253,0.003731379024753483,0.953073393213421,train_speakers_only
JVS_JVSMuSiC,wavlm_l12,12,79,39,0.00118423173937236,0.0036207819733419908,0.956694175186763,train_speakers_only
JVS_JVSMuSiC,wavlm_l12,12,79,40,0.0010557990432311702,0.003228099717399254,0.9599222749041623,train_speakers_only
JVS_JVSMuSiC,wavlm_l12,12,79,41,0.0010271159907624845,0.0031404014436018615,0.9630626763477641,train_speakers_only
JVS_JVSMuSiC,wavlm_l12,12,79,42,0.0009955661211968456,0.0030439378924348396,0.966106614240199,train_speakers_only
JVS_JVSMuSiC,wavlm_l12,12,79,43,0.0009783139163605599,0.00299118937185834,0.9690978036120573,train_speakers_only
JVS_JVSMuSiC,wavlm_l12,12,79,44,0.000929071981519084,0.0028406324292611146,0.9719384360413185,train_speakers_only
JVS_JVSMuSiC,wavlm_l12,12,79,45,0.0008699402468404059,0.0026598374785275084,0.974598273519846,train_speakers_only
JVS_JVSMuSiC,wavlm_l12,12,79,46,0.0008505548651217662,0.002600566781467485,0.9771988403013134,train_speakers_only
JVS_JVSMuSiC,wavlm_l12,12,79,47,0.0007750259585552722,0.0023696375686538393,0.9795684778699673,train_speakers_only
JVS_JVSMuSiC,wavlm_l12,12,79,48,0.0007475515443342339,0.002285634699593439,0.9818541125695607,train_speakers_only
JVS_JVSMuSiC,wavlm_l12,12,79,49,0.000723562421914672,0.002212288090880622,0.9840664006604413,train_speakers_only
JVS_JVSMuSiC,wavlm_l12,12,79,50,0.0006469836481782507,0.0019781489150192955,0.9860445495754606,train_speakers_only
JVS_JVSMuSiC,wavlm_l12,12,79,51,0.0006381347685635548,0.0019510935146884905,0.9879956430901491,train_speakers_only
JVS_JVSMuSiC,wavlm_l12,12,79,52,0.0006079000318735733,0.0018586509749927995,0.9898542940651419,train_speakers_only
JVS_JVSMuSiC,wavlm_l12,12,79,53,0.0005798880543554231,0.0017730045091337318,0.9916272985742757,train_speakers_only
JVS_JVSMuSiC,wavlm_l12,12,79,54,0.0005485436249889368,0.0016771690902358941,0.9933044676645115,train_speakers_only
JVS_JVSMuSiC,wavlm_l12,12,79,55,0.0005145349246171009,0.001573187677519836,0.9948776553420313,train_speakers_only
JVS_JVSMuSiC,wavlm_l12,12,79,56,0.00048289874005807255,0.0014764602187393781,0.9963541155607707,train_speakers_only
JVS_JVSMuSiC,wavlm_l12,12,79,57,0.0004431103958753881,0.0013548075771355106,0.9977089231379062,train_speakers_only
JVS_JVSMuSiC,wavlm_l12,12,79,58,0.00039281337360832374,0.0012010247105878806,0.9989099478484941,train_speakers_only
JVS_JVSMuSiC,wavlm_l12,12,79,59,0.0003565181126311872,0.0010900521515063196,1.0000000000000004,train_speakers_only
JVS_JVSMuSiC,wavlm_l12,12,79,60,2.5138789127285488e-18,7.686170829365071e-18,1.0000000000000004,train_speakers_only
JVS_JVSMuSiC,wavlm_l12,12,83,1,0.07312936191263882,0.19897783512765443,0.19897783512765443,train_speakers_only
JVS_JVSMuSiC,wavlm_l12,12,83,2,0.045363607705890006,0.12342993592206043,0.32240777104971485,train_speakers_only
JVS_JVSMuSiC,wavlm_l12,12,83,3,0.03206505560759107,0.08724587745847188,0.40965364850818675,train_speakers_only
JVS_JVSMuSiC,wavlm_l12,12,83,4,0.022697760910624337,0.06175838555293857,0.4714120340611253,train_speakers_only
JVS_JVSMuSiC,wavlm_l12,12,83,5,0.018861754361630033,0.0513209872399844,0.5227330213011097,train_speakers_only
JVS_JVSMuSiC,wavlm_l12,12,83,6,0.01593381658733856,0.04335435517210208,0.5660873764732117,train_speakers_only
JVS_JVSMuSiC,wavlm_l12,12,83,7,0.011886691778859516,0.032342524741466164,0.5984299012146779,train_speakers_only
JVS_JVSMuSiC,wavlm_l12,12,83,8,0.011575167425788208,0.03149489747189253,0.6299247986865704,train_speakers_only
JVS_JVSMuSiC,wavlm_l12,12,83,9,0.01064544907077338,0.02896522483807016,0.6588900235246405,train_speakers_only
JVS_JVSMuSiC,wavlm_l12,12,83,10,0.01009899705391219,0.027478382392404188,0.6863684059170447,train_speakers_only
JVS_JVSMuSiC,wavlm_l12,12,83,11,0.008528807794581511,0.023206051123664966,0.7095744570407096,train_speakers_only
JVS_JVSMuSiC,wavlm_l12,12,83,12,0.008028187456218501,0.021843912188727402,0.731418369229437,train_speakers_only
JVS_JVSMuSiC,wavlm_l12,12,83,13,0.007379482202074825,0.02007884869398993,0.7514972179234269,train_speakers_only
JVS_JVSMuSiC,wavlm_l12,12,83,14,0.006517459582359171,0.017733369529177936,0.7692305874526049,train_speakers_only
JVS_JVSMuSiC,wavlm_l12,12,83,15,0.006408386442737777,0.01743659219344283,0.7866671796460477,train_speakers_only
JVS_JVSMuSiC,wavlm_l12,12,83,16,0.005942453017572621,0.016168832953813078,0.8028360125998608,train_speakers_only
JVS_JVSMuSiC,wavlm_l12,12,83,17,0.00467391274835843,0.012717259058747163,0.815553271658608,train_speakers_only
JVS_JVSMuSiC,wavlm_l12,12,83,18,0.0046540510704623375,0.01266321737745247,0.8282164890360605,train_speakers_only
JVS_JVSMuSiC,wavlm_l12,12,83,19,0.004411273591255325,0.012002643622028911,0.8402191326580895,train_speakers_only
JVS_JVSMuSiC,wavlm_l12,12,83,20,0.004087404334574483,0.011121427078176925,0.8513405597362663,train_speakers_only
JVS_JVSMuSiC,wavlm_l12,12,83,21,0.003454192412141683,0.009398519422381785,0.8607390791586481,train_speakers_only
JVS_JVSMuSiC,wavlm_l12,12,83,22,0.003284904942253152,0.008937904788373387,0.8696769839470215,train_speakers_only
JVS_JVSMuSiC,wavlm_l12,12,83,23,0.0031161638430620047,0.008478776775548317,0.8781557607225698,train_speakers_only
JVS_JVSMuSiC,wavlm_l12,12,83,24,0.0029151741346606815,0.00793190345388021,0.88608766417645,train_speakers_only
JVS_JVSMuSiC,wavlm_l12,12,83,25,0.0027522441814511194,0.007488587000417683,0.8935762511768677,train_speakers_only
JVS_JVSMuSiC,wavlm_l12,12,83,26,0.002440980508023654,0.006641669014637005,0.9002179201915047,train_speakers_only
JVS_JVSMuSiC,wavlm_l12,12,83,27,0.0023922607282550815,0.006509107263068225,0.9067270274545729,train_speakers_only
JVS_JVSMuSiC,wavlm_l12,12,83,28,0.0022182144871985333,0.006035544478547982,0.9127625719331208,train_speakers_only
JVS_JVSMuSiC,wavlm_l12,12,83,29,0.0021289185223025697,0.005792578899252218,0.918555150832373,train_speakers_only
JVS_JVSMuSiC,wavlm_l12,12,83,30,0.0020012218807578396,0.005445128837839182,0.9240002796702123,train_speakers_only
JVS_JVSMuSiC,wavlm_l12,12,83,31,0.0019680904568978906,0.005354981476752882,0.9293552611469651,train_speakers_only
JVS_JVSMuSiC,wavlm_l12,12,83,32,0.0017650797302407515,0.004802609162248272,0.9341578703092134,train_speakers_only
JVS_JVSMuSiC,wavlm_l12,12,83,33,0.0016739202845541762,0.004554573234137475,0.9387124435433508,train_speakers_only
JVS_JVSMuSiC,wavlm_l12,12,83,34,0.0016028860790069132,0.004361296114385054,0.9430737396577359,train_speakers_only
JVS_JVSMuSiC,wavlm_l12,12,83,35,0.0015538945024070154,0.004227994830244442,0.9473017344879804,train_speakers_only
JVS_JVSMuSiC,wavlm_l12,12,83,36,0.0014757615764407702,0.004015402787126043,0.9513171372751065,train_speakers_only
JVS_JVSMuSiC,wavlm_l12,12,83,37,0.0013428058264907548,0.0036536432065565915,0.9549707804816631,train_speakers_only
JVS_JVSMuSiC,wavlm_l12,12,83,38,0.00131686815736577,0.003583069347907144,0.9585538498295703,train_speakers_only
JVS_JVSMuSiC,wavlm_l12,12,83,39,0.0011805994573402814,0.0032122955544871667,0.9617661453840575,train_speakers_only
JVS_JVSMuSiC,wavlm_l12,12,83,40,0.0010975751258196084,0.002986394475675086,0.9647525398597325,train_speakers_only
JVS_JVSMuSiC,wavlm_l12,12,83,41,0.0010823338895491574,0.002944924563748516,0.967697464423481,train_speakers_only
JVS_JVSMuSiC,wavlm_l12,12,83,42,0.0010415916749226817,0.002834068986007158,0.9705315334094882,train_speakers_only
JVS_JVSMuSiC,wavlm_l12,12,83,43,0.0009548163621823269,0.0025979618544800494,0.9731294952639682,train_speakers_only
JVS_JVSMuSiC,wavlm_l12,12,83,44,0.0008853672296675482,0.0024089975632861456,0.9755384928272544,train_speakers_only
JVS_JVSMuSiC,wavlm_l12,12,83,45,0.0008430409195620337,0.0022938318168135036,0.9778323246440679,train_speakers_only
JVS_JVSMuSiC,wavlm_l12,12,83,46,0.0008226329438493891,0.0022383037126370883,0.980070628356705,train_speakers_only
JVS_JVSMuSiC,wavlm_l12,12,83,47,0.0007504032079941952,0.002041773671947305,0.9821124020286524,train_speakers_only
JVS_JVSMuSiC,wavlm_l12,12,83,48,0.000719818469416079,0.0019585555922177317,0.98407095762087,train_speakers_only
JVS_JVSMuSiC,wavlm_l12,12,83,49,0.0006777023016360519,0.0018439616224418989,0.985914919243312,train_speakers_only
JVS_JVSMuSiC,wavlm_l12,12,83,50,0.0006622917950288812,0.0018020311424989952,0.987716950385811,train_speakers_only
JVS_JVSMuSiC,wavlm_l12,12,83,51,0.0005958525542927975,0.0016212564721964746,0.9893382068580074,train_speakers_only
JVS_JVSMuSiC,wavlm_l12,12,83,52,0.0005756794076871114,0.0015663673150326613,0.9909045741730401,train_speakers_only
JVS_JVSMuSiC,wavlm_l12,12,83,53,0.0005729987686763956,0.0015590735586923806,0.9924636477317325,train_speakers_only
JVS_JVSMuSiC,wavlm_l12,12,83,54,0.0005427866898142794,0.0014768694495703664,0.9939405171813028,train_speakers_only
JVS_JVSMuSiC,wavlm_l12,12,83,55,0.0005016720053863086,0.0013650004179602269,0.995305517599263,train_speakers_only
JVS_JVSMuSiC,wavlm_l12,12,83,56,0.0004675496087712241,0.0012721567170135722,0.9965776743162765,train_speakers_only
JVS_JVSMuSiC,wavlm_l12,12,83,57,0.0004543566865560303,0.0012362600671217984,0.9978139343833984,train_speakers_only
JVS_JVSMuSiC,wavlm_l12,12,83,58,0.00041616367628001527,0.0011323406248763123,0.9989462750082747,train_speakers_only
JVS_JVSMuSiC,wavlm_l12,12,83,59,0.0003872704526453012,0.0010537249917252594,1.0,train_speakers_only
JVS_JVSMuSiC,wavlm_l12,12,83,60,0.0,0.0,1.0,train_speakers_only
JVS_JVSMuSiC,wavlm_l12,12,89,1,0.07955174126837655,0.20114732349223338,0.20114732349223338,train_speakers_only
JVS_JVSMuSiC,wavlm_l12,12,89,2,0.05377800523520413,0.13597819033676797,0.33712551382900136,train_speakers_only
JVS_JVSMuSiC,wavlm_l12,12,89,3,0.03731797476701756,0.09435884900636657,0.43148436283536795,train_speakers_only
JVS_JVSMuSiC,wavlm_l12,12,89,4,0.024877038931113406,0.06290182612752845,0.49438618896289643,train_speakers_only
JVS_JVSMuSiC,wavlm_l12,12,89,5,0.020544007997334558,0.051945716794882864,0.5463319057577793,train_speakers_only
JVS_JVSMuSiC,wavlm_l12,12,89,6,0.014363592429451469,0.03631847809805245,0.5826503838558318,train_speakers_only
JVS_JVSMuSiC,wavlm_l12,12,89,7,0.01325058691167569,0.03350423321336277,0.6161546170691946,train_speakers_only
JVS_JVSMuSiC,wavlm_l12,12,89,8,0.012628779162311128,0.03193198649044747,0.6480866035596421,train_speakers_only
JVS_JVSMuSiC,wavlm_l12,12,89,9,0.011795233772466699,0.029824359158811077,0.6779109627184532,train_speakers_only
JVS_JVSMuSiC,wavlm_l12,12,89,10,0.00971803180613917,0.024572134515858098,0.7024830972343112,train_speakers_only
JVS_JVSMuSiC,wavlm_l12,12,89,11,0.009149743571440412,0.02313521238745182,0.7256183096217631,train_speakers_only
JVS_JVSMuSiC,wavlm_l12,12,89,12,0.008321237906973896,0.021040328048674416,0.7466586376704375,train_speakers_only
JVS_JVSMuSiC,wavlm_l12,12,89,13,0.007281238384008436,0.01841067950619983,0.7650693171766373,train_speakers_only
JVS_JVSMuSiC,wavlm_l12,12,89,14,0.006739309241170578,0.017040406588646383,0.7821097237652836,train_speakers_only
JVS_JVSMuSiC,wavlm_l12,12,89,15,0.006552127856532367,0.0165671167030042,0.7986768404682878,train_speakers_only
JVS_JVSMuSiC,wavlm_l12,12,89,16,0.005796475669087498,0.014656443063783572,0.8133332835320713,train_speakers_only
JVS_JVSMuSiC,wavlm_l12,12,89,17,0.005339239877892225,0.01350031807974952,0.8268336016118208,train_speakers_only
JVS_JVSMuSiC,wavlm_l12,12,89,18,0.004618413742750095,0.011677702440225767,0.8385113040520467,train_speakers_only
JVS_JVSMuSiC,wavlm_l12,12,89,19,0.004329331639893201,0.01094675563337962,0.8494580596854263,train_speakers_only
JVS_JVSMuSiC,wavlm_l12,12,89,20,0.003766984591784349,0.00952485585095689,0.8589829155363832,train_speakers_only
JVS_JVSMuSiC,wavlm_l12,12,89,21,0.0035561648422975105,0.00899179613821572,0.8679747116745989,train_speakers_only
JVS_JVSMuSiC,wavlm_l12,12,89,22,0.0034947853130603357,0.008836597423185471,0.8768113090977844,train_speakers_only
JVS_JVSMuSiC,wavlm_l12,12,89,23,0.003323128793263904,0.008402562303821345,0.8852138714016057,train_speakers_only
JVS_JVSMuSiC,wavlm_l12,12,89,24,0.003070388624829619,0.007763506418821605,0.8929773778204273,train_speakers_only
JVS_JVSMuSiC,wavlm_l12,12,89,25,0.0028046838593218863,0.00709166942859525,0.9000690472490226,train_speakers_only
JVS_JVSMuSiC,wavlm_l12,12,89,26,0.0026931744414424785,0.006809716820229954,0.9068787640692525,train_speakers_only
JVS_JVSMuSiC,wavlm_l12,12,89,27,0.0025055191450210445,0.00633522864420158,0.913213992713454,train_speakers_only
JVS_JVSMuSiC,wavlm_l12,12,89,28,0.002180766422830629,0.005514088342004496,0.9187280810554586,train_speakers_only
JVS_JVSMuSiC,wavlm_l12,12,89,29,0.0020267449841310384,0.005124643690499912,0.9238527247459585,train_speakers_only
JVS_JVSMuSiC,wavlm_l12,12,89,30,0.00193533888020889,0.004893522499918231,0.9287462472458767,train_speakers_only
JVS_JVSMuSiC,wavlm_l12,12,89,31,0.0018586528996344645,0.0046996212792034696,0.9334458685250802,train_speakers_only
JVS_JVSMuSiC,wavlm_l12,12,89,32,0.0017663004488721666,0.004466107241765686,0.9379119757668458,train_speakers_only
JVS_JVSMuSiC,wavlm_l12,12,89,33,0.0016780975385809328,0.004243085356305588,0.9421550611231514,train_speakers_only
JVS_JVSMuSiC,wavlm_l12,12,89,34,0.001547134657601455,0.003911944484140598,0.946067005607292,train_speakers_only
JVS_JVSMuSiC,wavlm_l12,12,89,35,0.0014148165173939501,0.0035773768263137303,0.9496443824336057,train_speakers_only
JVS_JVSMuSiC,wavlm_l12,12,89,36,0.0014107339105108813,0.003567053916540708,0.9532114363501464,train_speakers_only
JVS_JVSMuSiC,wavlm_l12,12,89,37,0.0013886858824168396,0.0035113052708330497,0.9567227416209795,train_speakers_only
JVS_JVSMuSiC,wavlm_l12,12,89,38,0.001308128617252833,0.003307615470745224,0.9600303570917247,train_speakers_only
JVS_JVSMuSiC,wavlm_l12,12,89,39,0.0012016869260425157,0.003038476656766136,0.9630688337484908,train_speakers_only
JVS_JVSMuSiC,wavlm_l12,12,89,40,0.0011820520043863336,0.002988829573306371,0.9660576633217972,train_speakers_only
JVS_JVSMuSiC,wavlm_l12,12,89,41,0.001121182797213773,0.0028349212124001094,0.9688925845341974,train_speakers_only
JVS_JVSMuSiC,wavlm_l12,12,89,42,0.0010538305307739241,0.002664620375366177,0.9715572049095635,train_speakers_only
JVS_JVSMuSiC,wavlm_l12,12,89,43,0.0010029639796424593,0.0025360038240218475,0.9740932087335854,train_speakers_only
JVS_JVSMuSiC,wavlm_l12,12,89,44,0.0009248554510842102,0.002338505677395432,0.9764317144109809,train_speakers_only
JVS_JVSMuSiC,wavlm_l12,12,89,45,0.0009204628062894192,0.002327398833856414,0.9787591132448373,train_speakers_only
JVS_JVSMuSiC,wavlm_l12,12,89,46,0.0008433799730017113,0.002132494167336135,0.9808916074121735,train_speakers_only
JVS_JVSMuSiC,wavlm_l12,12,89,47,0.0008174285367049772,0.002066875717398542,0.982958483129572,train_speakers_only
JVS_JVSMuSiC,wavlm_l12,12,89,48,0.0007471721720878799,0.001889231840901256,0.9848477149704733,train_speakers_only
JVS_JVSMuSiC,wavlm_l12,12,89,49,0.0007042860471416701,0.0017807938719725633,0.9866285088424459,train_speakers_only
JVS_JVSMuSiC,wavlm_l12,12,89,50,0.0006640578264286684,0.0016790764388119673,0.9883075852812578,train_speakers_only
JVS_JVSMuSiC,wavlm_l12,12,89,51,0.0006384284931070805,0.001614272429266333,0.9899218577105242,train_speakers_only
JVS_JVSMuSiC,wavlm_l12,12,89,52,0.0006130085362919073,0.0015499978301798034,0.991471855540704,train_speakers_only
JVS_JVSMuSiC,wavlm_l12,12,89,53,0.0005878685844592408,0.001486431226316228,0.9929582867670202,train_speakers_only
JVS_JVSMuSiC,wavlm_l12,12,89,54,0.0005563994982033848,0.001406861346736132,0.9943651481137564,train_speakers_only
JVS_JVSMuSiC,wavlm_l12,12,89,55,0.000515492153972005,0.0013034267433934084,0.9956685748571499,train_speakers_only
JVS_JVSMuSiC,wavlm_l12,12,89,56,0.0004795733380269511,0.0012126056805836895,0.9968811805377336,train_speakers_only
JVS_JVSMuSiC,wavlm_l12,12,89,57,0.0004601807729018138,0.0011635713978844517,0.998044751935618,train_speakers_only
JVS_JVSMuSiC,wavlm_l12,12,89,58,0.00041849629224572054,0.0010581717978071867,0.9991029237334252,train_speakers_only
JVS_JVSMuSiC,wavlm_l12,12,89,59,0.0003547846315704502,0.0008970762665749823,1.0000000000000002,train_speakers_only
JVS_JVSMuSiC,wavlm_l12,12,89,60,1.8861969877801643e-18,4.769266764270232e-18,1.0000000000000002,train_speakers_only
JVS_JVSMuSiC,wavlm_l12,12,97,1,0.06445765544088614,0.1824060984275022,0.1824060984275022,train_speakers_only
JVS_JVSMuSiC,wavlm_l12,12,97,2,0.040965071206897505,0.1159253894598723,0.2983314878873745,train_speakers_only
JVS_JVSMuSiC,wavlm_l12,12,97,3,0.032903951018649985,0.09311355318633768,0.3914450410737122,train_speakers_only
JVS_JVSMuSiC,wavlm_l12,12,97,4,0.023212402977510344,0.06568783542146764,0.45713287649517986,train_speakers_only
JVS_JVSMuSiC,wavlm_l12,12,97,5,0.020818894892241962,0.05891454420567276,0.5160474207008526,train_speakers_only
JVS_JVSMuSiC,wavlm_l12,12,97,6,0.015130718013174161,0.042817803724197696,0.5588652244250504,train_speakers_only
JVS_JVSMuSiC,wavlm_l12,12,97,7,0.012305582804025807,0.0348230684595321,0.5936882928845825,train_speakers_only
JVS_JVSMuSiC,wavlm_l12,12,97,8,0.01191389103171898,0.0337146358383958,0.6274029287229783,train_speakers_only
JVS_JVSMuSiC,wavlm_l12,12,97,9,0.011256586660844224,0.03185455692378861,0.6592574856467669,train_speakers_only
JVS_JVSMuSiC,wavlm_l12,12,97,10,0.010809869836427436,0.03059041114488235,0.6898478967916493,train_speakers_only
JVS_JVSMuSiC,wavlm_l12,12,97,11,0.008303625020213002,0.023498090837807552,0.7133459876294568,train_speakers_only
JVS_JVSMuSiC,wavlm_l12,12,97,12,0.007740050099876503,0.021903253084447936,0.7352492407139047,train_speakers_only
JVS_JVSMuSiC,wavlm_l12,12,97,13,0.006581811360707116,0.01862560036787912,0.7538748410817838,train_speakers_only
JVS_JVSMuSiC,wavlm_l12,12,97,14,0.006506879083979393,0.018413552564546763,0.7722883936463306,train_speakers_only
JVS_JVSMuSiC,wavlm_l12,12,97,15,0.005767639458814153,0.016321608405127815,0.7886100020514585,train_speakers_only
JVS_JVSMuSiC,wavlm_l12,12,97,16,0.00533338975304188,0.015092742818388408,0.8037027448698469,train_speakers_only
JVS_JVSMuSiC,wavlm_l12,12,97,17,0.004914817791660019,0.01390824304307727,0.8176109879129242,train_speakers_only
JVS_JVSMuSiC,wavlm_l12,12,97,18,0.004172425846035025,0.011807378260155592,0.8294183661730797,train_speakers_only
JVS_JVSMuSiC,wavlm_l12,12,97,19,0.003798810593510261,0.010750099647399534,0.8401684658204792,train_speakers_only
JVS_JVSMuSiC,wavlm_l12,12,97,20,0.0035891344334896148,0.010156745607122625,0.8503252114276019,train_speakers_only
JVS_JVSMuSiC,wavlm_l12,12,97,21,0.003320115912508044,0.009395461032290579,0.8597206724598925,train_speakers_only
JVS_JVSMuSiC,wavlm_l12,12,97,22,0.0030988324741736185,0.008769260027039582,0.8684899324869321,train_speakers_only
JVS_JVSMuSiC,wavlm_l12,12,97,23,0.0028813712912815715,0.00815387546706058,0.8766438079539927,train_speakers_only
JVS_JVSMuSiC,wavlm_l12,12,97,24,0.002746470372434294,0.007772124841585477,0.8844159327955782,train_speakers_only
JVS_JVSMuSiC,wavlm_l12,12,97,25,0.002675771804777338,0.007572057839419305,0.8919879906349975,train_speakers_only
JVS_JVSMuSiC,wavlm_l12,12,97,26,0.0025426366795920957,0.007195304161635159,0.8991832947966326,train_speakers_only
JVS_JVSMuSiC,wavlm_l12,12,97,27,0.002426434207975796,0.006866467511741795,0.9060497623083744,train_speakers_only
JVS_JVSMuSiC,wavlm_l12,12,97,28,0.0022712362049153003,0.006427278992885928,0.9124770413012604,train_speakers_only
JVS_JVSMuSiC,wavlm_l12,12,97,29,0.0020618404728610772,0.0058347185243096235,0.91831175982557,train_speakers_only
JVS_JVSMuSiC,wavlm_l12,12,97,30,0.0019292717456959763,0.005459567673254193,0.9237713274988242,train_speakers_only
JVS_JVSMuSiC,wavlm_l12,12,97,31,0.0017836917542270283,0.005047596774354325,0.9288189242731785,train_speakers_only
JVS_JVSMuSiC,wavlm_l12,12,97,32,0.0016419389806994413,0.004646456363900559,0.9334653806370791,train_speakers_only
JVS_JVSMuSiC,wavlm_l12,12,97,33,0.001571346375206744,0.004446689219754838,0.937912069856834,train_speakers_only
JVS_JVSMuSiC,wavlm_l12,12,97,34,0.0014783124571095515,0.004183416317483426,0.9420954861743174,train_speakers_only
JVS_JVSMuSiC,wavlm_l12,12,97,35,0.0013954028790401115,0.003948793873423445,0.9460442800477408,train_speakers_only
JVS_JVSMuSiC,wavlm_l12,12,97,36,0.0013483688235500547,0.003815694112092039,0.9498599741598328,train_speakers_only
JVS_JVSMuSiC,wavlm_l12,12,97,37,0.0012885001209906384,0.0036462741048472083,0.95350624826468,train_speakers_only
JVS_JVSMuSiC,wavlm_l12,12,97,38,0.0011875000786416678,0.0033604581914405546,0.9568667064561206,train_speakers_only
JVS_JVSMuSiC,wavlm_l12,12,97,39,0.001165259482292619,0.0032975204320854776,0.9601642268882061,train_speakers_only
JVS_JVSMuSiC,wavlm_l12,12,97,40,0.0011570728792750337,0.0032743534970550527,0.9634385803852612,train_speakers_only
JVS_JVSMuSiC,wavlm_l12,12,97,41,0.0010607371499829596,0.0030017369335275336,0.9664403173187888,train_speakers_only
JVS_JVSMuSiC,wavlm_l12,12,97,42,0.0010476146658131866,0.0029646021491064626,0.9694049194678952,train_speakers_only
JVS_JVSMuSiC,wavlm_l12,12,97,43,0.0009433092105450789,0.0026694323820706683,0.9720743518499658,train_speakers_only
JVS_JVSMuSiC,wavlm_l12,12,97,44,0.0008779792112635899,0.002484557673276201,0.974558909523242,train_speakers_only
JVS_JVSMuSiC,wavlm_l12,12,97,45,0.0008514302889717069,0.002409427957502432,0.9769683374807444,train_speakers_only
JVS_JVSMuSiC,wavlm_l12,12,97,46,0.0008279823266323914,0.0023430735222203106,0.9793114110029647,train_speakers_only
JVS_JVSMuSiC,wavlm_l12,12,97,47,0.0007945221504145663,0.002248385929957705,0.9815597969329224,train_speakers_only
JVS_JVSMuSiC,wavlm_l12,12,97,48,0.0007318144214401626,0.0020709318772895897,0.983630728810212,train_speakers_only
JVS_JVSMuSiC,wavlm_l12,12,97,49,0.0006751408025979637,0.0019105535075511272,0.9855412823177631,train_speakers_only
JVS_JVSMuSiC,wavlm_l12,12,97,50,0.0006398695673901858,0.0018107408730864772,0.9873520231908496,train_speakers_only
JVS_JVSMuSiC,wavlm_l12,12,97,51,0.0006122996708304987,0.0017327219437427883,0.9890847451345923,train_speakers_only
JVS_JVSMuSiC,wavlm_l12,12,97,52,0.0005951932748881301,0.001684313249373426,0.9907690583839658,train_speakers_only
JVS_JVSMuSiC,wavlm_l12,12,97,53,0.0005568171877503197,0.001575714320668339,0.9923447727046342,train_speakers_only
JVS_JVSMuSiC,wavlm_l12,12,97,54,0.0005397022321413303,0.001527281403646424,0.9938720541082806,train_speakers_only
JVS_JVSMuSiC,wavlm_l12,12,97,55,0.0005036357188493572,0.0014252182440655451,0.9952972723523461,train_speakers_only
JVS_JVSMuSiC,wavlm_l12,12,97,56,0.00047057221138182995,0.0013316531685717394,0.9966289255209179,train_speakers_only
JVS_JVSMuSiC,wavlm_l12,12,97,57,0.0004187877570927426,0.001185110446819589,0.9978140359677374,train_speakers_only
JVS_JVSMuSiC,wavlm_l12,12,97,58,0.0004156499119490595,0.0011762307864252727,0.9989902667541627,train_speakers_only
JVS_JVSMuSiC,wavlm_l12,12,97,59,0.00035681393444899885,0.0010097332458376125,1.0000000000000002,train_speakers_only
JVS_JVSMuSiC,wavlm_l12,12,97,60,0.0,0.0,1.0000000000000002,train_speakers_only
JVS_JVSMuSiC,mert_l3,3,13,1,0.3617243326712321,0.20844556871818257,0.20844556871818257,train_speakers_only
JVS_JVSMuSiC,mert_l3,3,13,2,0.14168736169140142,0.0816480950281724,0.290093663746355,train_speakers_only
JVS_JVSMuSiC,mert_l3,3,13,3,0.11829305691040379,0.06816700259286283,0.3582606663392178,train_speakers_only
JVS_JVSMuSiC,mert_l3,3,13,4,0.09393974768233024,0.05413327874927116,0.412393945088489,train_speakers_only
JVS_JVSMuSiC,mert_l3,3,13,5,0.08262242735940628,0.04761161277878793,0.4600055578672769,train_speakers_only
JVS_JVSMuSiC,mert_l3,3,13,6,0.06294431141024065,0.03627199390373074,0.4962775517710077,train_speakers_only
JVS_JVSMuSiC,mert_l3,3,13,7,0.06024127096681443,0.034714352485644744,0.5309919042566524,train_speakers_only
JVS_JVSMuSiC,mert_l3,3,13,8,0.053076310670722764,0.0305855060441214,0.5615774103007738,train_speakers_only
JVS_JVSMuSiC,mert_l3,3,13,9,0.050377741039499824,0.029030440955323134,0.5906078512560969,train_speakers_only
JVS_JVSMuSiC,mert_l3,3,13,10,0.04863447100669838,0.028025872336084213,0.6186337235921812,train_speakers_only
JVS_JVSMuSiC,mert_l3,3,13,11,0.04298043665705461,0.024767704999482013,0.6434014285916632,train_speakers_only
JVS_JVSMuSiC,mert_l3,3,13,12,0.04125036486283576,0.023770741935354934,0.667172170527018,train_speakers_only
JVS_JVSMuSiC,mert_l3,3,13,13,0.033789747384749776,0.019471521471737707,0.6866436919987557,train_speakers_only
JVS_JVSMuSiC,mert_l3,3,13,14,0.032238024872813006,0.0185773331291817,0.7052210251279375,train_speakers_only
JVS_JVSMuSiC,mert_l3,3,13,15,0.031227800463418273,0.017995185945456942,0.7232162110733944,train_speakers_only
JVS_JVSMuSiC,mert_l3,3,13,16,0.028784036731017832,0.016586954109762162,0.7398031651831566,train_speakers_only
JVS_JVSMuSiC,mert_l3,3,13,17,0.027219665911958346,0.015685477113020114,0.7554886422961767,train_speakers_only
JVS_JVSMuSiC,mert_l3,3,13,18,0.02432739126789316,0.014018788481323057,0.7695074307774998,train_speakers_only
JVS_JVSMuSiC,mert_l3,3,13,19,0.023284973831358916,0.013418089894652029,0.7829255206721518,train_speakers_only
JVS_JVSMuSiC,mert_l3,3,13,20,0.02125344959194745,0.012247413257220017,0.7951729339293718,train_speakers_only
JVS_JVSMuSiC,mert_l3,3,13,21,0.020063725014046876,0.011561828147622528,0.8067347620769943,train_speakers_only
JVS_JVSMuSiC,mert_l3,3,13,22,0.018886191066500937,0.010883267953541616,0.817618030030536,train_speakers_only
JVS_JVSMuSiC,mert_l3,3,13,23,0.018568779488244255,0.01070035784500992,0.8283183878755459,train_speakers_only
JVS_JVSMuSiC,mert_l3,3,13,24,0.01758703231605179,0.01013462082053631,0.8384530086960822,train_speakers_only
JVS_JVSMuSiC,mert_l3,3,13,25,0.015719288499456207,0.009058323521996575,0.8475113322180787,train_speakers_only
JVS_JVSMuSiC,mert_l3,3,13,26,0.01474769151491793,0.008498435597091547,0.8560097678151702,train_speakers_only
JVS_JVSMuSiC,mert_l3,3,13,27,0.014157947848628024,0.008158592675798566,0.8641683604909688,train_speakers_only
JVS_JVSMuSiC,mert_l3,3,13,28,0.013639453393945159,0.007859807491275675,0.8720281679822445,train_speakers_only
JVS_JVSMuSiC,mert_l3,3,13,29,0.013230822531706467,0.007624331785657157,0.8796524997679016,train_speakers_only
JVS_JVSMuSiC,mert_l3,3,13,30,0.01234559870437215,0.007114216851533284,0.8867667166194348,train_speakers_only
JVS_JVSMuSiC,mert_l3,3,13,31,0.012043110746248024,0.0069399065583993875,0.8937066231778342,train_speakers_only
JVS_JVSMuSiC,mert_l3,3,13,32,0.011748217051391802,0.006769972499825617,0.9004765956776598,train_speakers_only
JVS_JVSMuSiC,mert_l3,3,13,33,0.011283758608951372,0.006502325854476905,0.9069789215321367,train_speakers_only
JVS_JVSMuSiC,mert_l3,3,13,34,0.01037776128422596,0.005980240082101769,0.9129591616142384,train_speakers_only
JVS_JVSMuSiC,mert_l3,3,13,35,0.010128001960343424,0.005836314944622335,0.9187954765588607,train_speakers_only
JVS_JVSMuSiC,mert_l3,3,13,36,0.009412888043072372,0.00542422675004867,0.9242197033089095,train_speakers_only
JVS_JVSMuSiC,mert_l3,3,13,37,0.009090229366951518,0.005238292973492376,0.9294579962824019,train_speakers_only
JVS_JVSMuSiC,mert_l3,3,13,38,0.008696020865688544,0.0050111282300190985,0.934469124512421,train_speakers_only
JVS_JVSMuSiC,mert_l3,3,13,39,0.008471872863748618,0.004881961752894437,0.9393510862653155,train_speakers_only
JVS_JVSMuSiC,mert_l3,3,13,40,0.00805895031168727,0.004644012938211791,0.9439950992035273,train_speakers_only
JVS_JVSMuSiC,mert_l3,3,13,41,0.007548355657417864,0.004349780055652616,0.9483448792591799,train_speakers_only
JVS_JVSMuSiC,mert_l3,3,13,42,0.007097927311561912,0.004090218328009401,0.9524350975871892,train_speakers_only
JVS_JVSMuSiC,mert_l3,3,13,43,0.0068830253126214045,0.003966379909241642,0.9564014774964309,train_speakers_only
JVS_JVSMuSiC,mert_l3,3,13,44,0.0067867760143340465,0.003910915739684464,0.9603123932361154,train_speakers_only
JVS_JVSMuSiC,mert_l3,3,13,45,0.006235364102284026,0.0035931616954473725,0.9639055549315627,train_speakers_only
JVS_JVSMuSiC,mert_l3,3,13,46,0.00617834728143785,0.0035603054494768092,0.9674658603810395,train_speakers_only
JVS_JVSMuSiC,mert_l3,3,13,47,0.005793542354014946,0.0033385595653946092,0.9708044199464342,train_speakers_only
JVS_JVSMuSiC,mert_l3,3,13,48,0.00537378399873151,0.0030966715827833043,0.9739010915292174,train_speakers_only
JVS_JVSMuSiC,mert_l3,3,13,49,0.005170681951526446,0.002979632948901947,0.9768807244781194,train_speakers_only
JVS_JVSMuSiC,mert_l3,3,13,50,0.005048384667039485,0.0029091584888916947,0.9797898829670111,train_speakers_only
JVS_JVSMuSiC,mert_l3,3,13,51,0.004819608396503001,0.0027773249473960365,0.9825672079144071,train_speakers_only
JVS_JVSMuSiC,mert_l3,3,13,52,0.004690884386116306,0.002703147052437758,0.9852703549668449,train_speakers_only
JVS_JVSMuSiC,mert_l3,3,13,53,0.004486947797475698,0.002585627509619846,0.9878559824764648,train_speakers_only
JVS_JVSMuSiC,mert_l3,3,13,54,0.003990976984908903,0.002299821693545348,0.9901558041700101,train_speakers_only
JVS_JVSMuSiC,mert_l3,3,13,55,0.003775370712565588,0.0021755774334870754,0.9923313816034972,train_speakers_only
JVS_JVSMuSiC,mert_l3,3,13,56,0.003683530844988355,0.002122654221806045,0.9944540358253032,train_speakers_only
JVS_JVSMuSiC,mert_l3,3,13,57,0.003485346856970936,0.002008449645663596,0.9964624854709668,train_speakers_only
JVS_JVSMuSiC,mert_l3,3,13,58,0.0032967209047252556,0.0018997529384210796,0.9983622384093879,train_speakers_only
JVS_JVSMuSiC,mert_l3,3,13,59,0.002842076337154711,0.0016377615906120046,0.9999999999999999,train_speakers_only
JVS_JVSMuSiC,mert_l3,3,13,60,1.0834670194640826e-17,6.243536269506434e-18,0.9999999999999999,train_speakers_only
JVS_JVSMuSiC,mert_l3,3,17,1,0.397495661227944,0.21973415597106405,0.21973415597106405,train_speakers_only
JVS_JVSMuSiC,mert_l3,3,17,2,0.1433946250522879,0.07926802725170629,0.29900218322277033,train_speakers_only
JVS_JVSMuSiC,mert_l3,3,17,3,0.11963651059534854,0.06613462798004524,0.3651368112028156,train_speakers_only
JVS_JVSMuSiC,mert_l3,3,17,4,0.11094237370464004,0.061328540724463344,0.42646535192727897,train_speakers_only
JVS_JVSMuSiC,mert_l3,3,17,5,0.0918633651489169,0.0507817341786871,0.47724708610596606,train_speakers_only
JVS_JVSMuSiC,mert_l3,3,17,6,0.06518792327487935,0.03603564692017603,0.5132827330261421,train_speakers_only
JVS_JVSMuSiC,mert_l3,3,17,7,0.05948785641686729,0.03288467069026023,0.5461674037164024,train_speakers_only
JVS_JVSMuSiC,mert_l3,3,17,8,0.05618483981610366,0.031058775125299566,0.5772261788417019,train_speakers_only
JVS_JVSMuSiC,mert_l3,3,17,9,0.05443949133271796,0.03009395283091933,0.6073201316726212,train_speakers_only
JVS_JVSMuSiC,mert_l3,3,17,10,0.04873367059311678,0.026939795876185967,0.6342599275488072,train_speakers_only
JVS_JVSMuSiC,mert_l3,3,17,11,0.039479241368513406,0.02182398105601853,0.6560839086048258,train_speakers_only
JVS_JVSMuSiC,mert_l3,3,17,12,0.037491976579077844,0.02072542830742078,0.6768093369122465,train_speakers_only
JVS_JVSMuSiC,mert_l3,3,17,13,0.03643872583412701,0.020143195125924617,0.6969525320381712,train_speakers_only
JVS_JVSMuSiC,mert_l3,3,17,14,0.03331416749555262,0.018415950639310515,0.7153684826774818,train_speakers_only
JVS_JVSMuSiC,mert_l3,3,17,15,0.030192556147453947,0.016690335238314192,0.732058817915796,train_speakers_only
JVS_JVSMuSiC,mert_l3,3,17,16,0.02876767319534189,0.015902665124198516,0.7479614830399944,train_speakers_only
JVS_JVSMuSiC,mert_l3,3,17,17,0.027259019843351204,0.01506868703767422,0.7630301700776686,train_speakers_only
JVS_JVSMuSiC,mert_l3,3,17,18,0.024937177500218892,0.013785181034137018,0.7768153511118057,train_speakers_only
JVS_JVSMuSiC,mert_l3,3,17,19,0.022302289203562684,0.012328624365932852,0.7891439754777385,train_speakers_only
JVS_JVSMuSiC,mert_l3,3,17,20,0.020640361848088734,0.011409916967688127,0.8005538924454266,train_speakers_only
JVS_JVSMuSiC,mert_l3,3,17,21,0.020248686959426294,0.011193400513623114,0.8117472929590498,train_speakers_only
JVS_JVSMuSiC,mert_l3,3,17,22,0.019835094093933497,0.010964767881674465,0.8227120608407242,train_speakers_only
JVS_JVSMuSiC,mert_l3,3,17,23,0.01908485762795728,0.010550039891636196,0.8332621007323604,train_speakers_only
JVS_JVSMuSiC,mert_l3,3,17,24,0.01812000140650145,0.01001667088126743,0.8432787716136279,train_speakers_only
JVS_JVSMuSiC,mert_l3,3,17,25,0.016940282208982065,0.009364526399113874,0.8526432980127417,train_speakers_only
JVS_JVSMuSiC,mert_l3,3,17,26,0.015594401474047935,0.008620528423350116,0.8612638264360919,train_speakers_only
JVS_JVSMuSiC,mert_l3,3,17,27,0.014745064125368718,0.008151017825749639,0.8694148442618416,train_speakers_only
JVS_JVSMuSiC,mert_l3,3,17,28,0.01378677818172953,0.007621280841064059,0.8770361251029056,train_speakers_only
JVS_JVSMuSiC,mert_l3,3,17,29,0.012818767955432101,0.007086168308288894,0.8841222934111945,train_speakers_only
JVS_JVSMuSiC,mert_l3,3,17,30,0.012437085545004516,0.006875175659852884,0.8909974690710474,train_speakers_only
JVS_JVSMuSiC,mert_l3,3,17,31,0.01192183779022282,0.00659034857478939,0.8975878176458367,train_speakers_only
JVS_JVSMuSiC,mert_l3,3,17,32,0.010892452751459468,0.006021308268882259,0.903609125914719,train_speakers_only
JVS_JVSMuSiC,mert_l3,3,17,33,0.010568549543515602,0.0058422557534560556,0.9094513816681751,train_speakers_only
JVS_JVSMuSiC,mert_l3,3,17,34,0.009994362600267878,0.005524847299350207,0.9149762289675253,train_speakers_only
JVS_JVSMuSiC,mert_l3,3,17,35,0.009810349753909401,0.005423125667075015,0.9203993546346003,train_speakers_only
JVS_JVSMuSiC,mert_l3,3,17,36,0.009209677949376884,0.005091076477967313,0.9254904311125677,train_speakers_only
JVS_JVSMuSiC,mert_l3,3,17,37,0.00870364839258333,0.00481134517922823,0.9303017762917959,train_speakers_only
JVS_JVSMuSiC,mert_l3,3,17,38,0.008561277629805183,0.004732643139318232,0.9350344194311141,train_speakers_only
JVS_JVSMuSiC,mert_l3,3,17,39,0.008300880589081096,0.004588696602180917,0.939623116033295,train_speakers_only
JVS_JVSMuSiC,mert_l3,3,17,40,0.007976747341046813,0.004409516921429308,0.9440326329547243,train_speakers_only
JVS_JVSMuSiC,mert_l3,3,17,41,0.007805587968496494,0.004314900642731579,0.9483475335974558,train_speakers_only
JVS_JVSMuSiC,mert_l3,3,17,42,0.007348943322612111,0.004062469143147058,0.9524100027406028,train_speakers_only
JVS_JVSMuSiC,mert_l3,3,17,43,0.007110653205436828,0.003930743232952203,0.956340745973555,train_speakers_only
JVS_JVSMuSiC,mert_l3,3,17,44,0.006781618555555196,0.003748854075084102,0.9600896000486391,train_speakers_only
JVS_JVSMuSiC,mert_l3,3,17,45,0.006528863635006163,0.0036091320741877793,0.9636987321228269,train_speakers_only
JVS_JVSMuSiC,mert_l3,3,17,46,0.006161869308757806,0.0034062589452705096,0.9671049910680973,train_speakers_only
JVS_JVSMuSiC,mert_l3,3,17,47,0.006010121436266269,0.0033223732732122896,0.9704273643413096,train_speakers_only
JVS_JVSMuSiC,mert_l3,3,17,48,0.005803601624008699,0.0032082098720382156,0.9736355742133478,train_speakers_only
JVS_JVSMuSiC,mert_l3,3,17,49,0.005458347568714415,0.0030173546858424287,0.9766529288991902,train_speakers_only
JVS_JVSMuSiC,mert_l3,3,17,50,0.005381067660740628,0.0029746346337551086,0.9796275635329453,train_speakers_only
JVS_JVSMuSiC,mert_l3,3,17,51,0.005116834172697634,0.0028285673224917474,0.982456130855437,train_speakers_only
JVS_JVSMuSiC,mert_l3,3,17,52,0.004752108765015784,0.002626948443506762,0.9850830792989438,train_speakers_only
JVS_JVSMuSiC,mert_l3,3,17,53,0.004571740287523532,0.0025272414050874973,0.9876103207040313,train_speakers_only
JVS_JVSMuSiC,mert_l3,3,17,54,0.0042629822309293896,0.0023565610742496863,0.989966881778281,train_speakers_only
JVS_JVSMuSiC,mert_l3,3,17,55,0.004197801664060601,0.0023205294939240445,0.992287411272205,train_speakers_only
JVS_JVSMuSiC,mert_l3,3,17,56,0.0038755902869075927,0.002142412216406417,0.9944298234886114,train_speakers_only
JVS_JVSMuSiC,mert_l3,3,17,57,0.0036468600288174537,0.0020159709615478923,0.9964457944501594,train_speakers_only
JVS_JVSMuSiC,mert_l3,3,17,58,0.0033349033621242505,0.0018435224506795711,0.9982893169008389,train_speakers_only
JVS_JVSMuSiC,mert_l3,3,17,59,0.0030945990469592906,0.0017106830991609715,0.9999999999999999,train_speakers_only
JVS_JVSMuSiC,mert_l3,3,17,60,1.0494158228979616e-17,5.801132505316326e-18,0.9999999999999999,train_speakers_only
JVS_JVSMuSiC,mert_l3,3,19,1,0.3968371850665598,0.22977546178093622,0.22977546178093622,train_speakers_only
JVS_JVSMuSiC,mert_l3,3,19,2,0.11807192558185359,0.06836564778924217,0.29814110957017836,train_speakers_only
JVS_JVSMuSiC,mert_l3,3,19,3,0.11238494108613507,0.06507278729678209,0.3632138968669605,train_speakers_only
JVS_JVSMuSiC,mert_l3,3,19,4,0.09451547029255175,0.0547260605839417,0.4179399574509022,train_speakers_only
JVS_JVSMuSiC,mert_l3,3,19,5,0.08862643030461669,0.051316206533981085,0.46925616398488323,train_speakers_only
JVS_JVSMuSiC,mert_l3,3,19,6,0.06663263129252527,0.03858142382083191,0.5078375878057152,train_speakers_only
JVS_JVSMuSiC,mert_l3,3,19,7,0.053394322627794644,0.03091621853991336,0.5387538063456285,train_speakers_only
JVS_JVSMuSiC,mert_l3,3,19,8,0.052608794635062635,0.030461384507055336,0.5692151908526839,train_speakers_only
JVS_JVSMuSiC,mert_l3,3,19,9,0.04564020082137818,0.02642645047930147,0.5956416413319854,train_speakers_only
JVS_JVSMuSiC,mert_l3,3,19,10,0.04372884997551138,0.025319745916923413,0.6209613872489088,train_speakers_only
JVS_JVSMuSiC,mert_l3,3,19,11,0.04081093607596282,0.023630224271936114,0.6445916115208449,train_speakers_only
JVS_JVSMuSiC,mert_l3,3,19,12,0.03987189651057303,0.02308650443446217,0.667678115955307,train_speakers_only
JVS_JVSMuSiC,mert_l3,3,19,13,0.038279000450805616,0.02216419059524697,0.689842306550554,train_speakers_only
JVS_JVSMuSiC,mert_l3,3,19,14,0.0305600070514803,0.017694762478230947,0.707537069028785,train_speakers_only
JVS_JVSMuSiC,mert_l3,3,19,15,0.02993887561564894,0.0173351168405096,0.7248721858692946,train_speakers_only
JVS_JVSMuSiC,mert_l3,3,19,16,0.027581024561860294,0.01596988108367375,0.7408420669529683,train_speakers_only
JVS_JVSMuSiC,mert_l3,3,19,17,0.02608956514853227,0.015106300783436787,0.7559483677364051,train_speakers_only
JVS_JVSMuSiC,mert_l3,3,19,18,0.024776962350556347,0.014346281497468716,0.7702946492338738,train_speakers_only
JVS_JVSMuSiC,mert_l3,3,19,19,0.022435195008151856,0.012990358482355458,0.7832850077162292,train_speakers_only
JVS_JVSMuSiC,mert_l3,3,19,20,0.02194794620305699,0.012708233158907999,0.7959932408751372,train_speakers_only
JVS_JVSMuSiC,mert_l3,3,19,21,0.019670764843134358,0.01138970652323649,0.8073829473983737,train_speakers_only
JVS_JVSMuSiC,mert_l3,3,19,22,0.018401277256987224,0.010654651676289123,0.8180375990746628,train_speakers_only
JVS_JVSMuSiC,mert_l3,3,19,23,0.018198942976052842,0.010537496695391823,0.8285750957700546,train_speakers_only
JVS_JVSMuSiC,mert_l3,3,19,24,0.016727984479546234,0.009685786773755553,0.8382608825438101,train_speakers_only
JVS_JVSMuSiC,mert_l3,3,19,25,0.01551549288341247,0.008983733571860143,0.8472446161156703,train_speakers_only
JVS_JVSMuSiC,mert_l3,3,19,26,0.015364746159088514,0.00889644866133017,0.8561410647770005,train_speakers_only
JVS_JVSMuSiC,mert_l3,3,19,27,0.014289231815573749,0.008273707612273298,0.8644147723892738,train_speakers_only
JVS_JVSMuSiC,mert_l3,3,19,28,0.014089983982294371,0.008158339736924265,0.872573112126198,train_speakers_only
JVS_JVSMuSiC,mert_l3,3,19,29,0.01296066552530953,0.007504445193478437,0.8800775573196765,train_speakers_only
JVS_JVSMuSiC,mert_l3,3,19,30,0.012186018753607478,0.0070559115721770555,0.8871334688918536,train_speakers_only
JVS_JVSMuSiC,mert_l3,3,19,31,0.011801519818345188,0.006833280166328955,0.8939667490581826,train_speakers_only
JVS_JVSMuSiC,mert_l3,3,19,32,0.010976702398039622,0.006355696888431537,0.9003224459466141,train_speakers_only
JVS_JVSMuSiC,mert_l3,3,19,33,0.010539402666139557,0.006102492925659842,0.906424938872274,train_speakers_only
JVS_JVSMuSiC,mert_l3,3,19,34,0.010172600887685491,0.005890108473804064,0.9123150473460782,train_speakers_only
JVS_JVSMuSiC,mert_l3,3,19,35,0.009414650046811876,0.005451242079668713,0.9177662894257469,train_speakers_only
JVS_JVSMuSiC,mert_l3,3,19,36,0.009249734862625553,0.005355753390536054,0.923122042816283,train_speakers_only
JVS_JVSMuSiC,mert_l3,3,19,37,0.008840638523899718,0.0051188796708319575,0.9282409224871149,train_speakers_only
JVS_JVSMuSiC,mert_l3,3,19,38,0.008487655905862269,0.004914496747274542,0.9331554192343894,train_speakers_only
JVS_JVSMuSiC,mert_l3,3,19,39,0.008376882542489512,0.0048503570908113155,0.9380057763252007,train_speakers_only
JVS_JVSMuSiC,mert_l3,3,19,40,0.00779273940281191,0.004512128304002754,0.9425179046292034,train_speakers_only
JVS_JVSMuSiC,mert_l3,3,19,41,0.007385539813496285,0.004276352834382104,0.9467942574635855,train_speakers_only
JVS_JVSMuSiC,mert_l3,3,19,42,0.006993029162018937,0.004049082508941163,0.9508433399725267,train_speakers_only
JVS_JVSMuSiC,mert_l3,3,19,43,0.006776211928465447,0.003923541652800218,0.9547668816253269,train_speakers_only
JVS_JVSMuSiC,mert_l3,3,19,44,0.006665596436167772,0.003859493406367464,0.9586263750316943,train_speakers_only
JVS_JVSMuSiC,mert_l3,3,19,45,0.006499380733703828,0.003763251695091113,0.9623896267267854,train_speakers_only
JVS_JVSMuSiC,mert_l3,3,19,46,0.006283693922339104,0.0036383653725730394,0.9660279920993584,train_speakers_only
JVS_JVSMuSiC,mert_l3,3,19,47,0.005947896516113627,0.003443932978170891,0.9694719250775293,train_speakers_only
JVS_JVSMuSiC,mert_l3,3,19,48,0.005644844877668414,0.0032684609387864296,0.9727403860163157,train_speakers_only
JVS_JVSMuSiC,mert_l3,3,19,49,0.0055840033945282344,0.0032332326879821937,0.9759736187042979,train_speakers_only
JVS_JVSMuSiC,mert_l3,3,19,50,0.005126669401583798,0.0029684285482206893,0.9789420472525185,train_speakers_only
JVS_JVSMuSiC,mert_l3,3,19,51,0.004972978742275288,0.0028794390493961115,0.9818214863019147,train_speakers_only
JVS_JVSMuSiC,mert_l3,3,19,52,0.004710149392492192,0.002727256397445627,0.9845487426993603,train_speakers_only
JVS_JVSMuSiC,mert_l3,3,19,53,0.004590522230242525,0.0026579902412439353,0.9872067329406042,train_speakers_only
JVS_JVSMuSiC,mert_l3,3,19,54,0.0042778968145143325,0.0024769748224107574,0.989683707763015,train_speakers_only
JVS_JVSMuSiC,mert_l3,3,19,55,0.003942181448166581,0.0022825899304894704,0.9919662976935044,train_speakers_only
JVS_JVSMuSiC,mert_l3,3,19,56,0.0036860974466233383,0.0021343129495925337,0.994100610643097,train_speakers_only
JVS_JVSMuSiC,mert_l3,3,19,57,0.0036395774753562346,0.0021073770971014377,0.9962079877401984,train_speakers_only
JVS_JVSMuSiC,mert_l3,3,19,58,0.0034690489018349142,0.0020086381603227847,0.9982166259005212,train_speakers_only
JVS_JVSMuSiC,mert_l3,3,19,59,0.003080003199960675,0.0017833740994786674,0.9999999999999999,train_speakers_only
JVS_JVSMuSiC,mert_l3,3,19,60,0.0,0.0,0.9999999999999999,train_speakers_only
JVS_JVSMuSiC,mert_l3,3,23,1,0.359619384120116,0.2065789687079405,0.2065789687079405,train_speakers_only
JVS_JVSMuSiC,mert_l3,3,23,2,0.15091634596199,0.0866920541179325,0.29327102282587303,train_speakers_only
JVS_JVSMuSiC,mert_l3,3,23,3,0.1270990704845677,0.0730105107339545,0.3662815335598275,train_speakers_only
JVS_JVSMuSiC,mert_l3,3,23,4,0.0986642208501585,0.05667645819890085,0.4229579917587284,train_speakers_only
JVS_JVSMuSiC,mert_l3,3,23,5,0.08069288101632342,0.0463530412388919,0.4693110329976203,train_speakers_only
JVS_JVSMuSiC,mert_l3,3,23,6,0.06479208424921536,0.03721902248787096,0.5065300554854912,train_speakers_only
JVS_JVSMuSiC,mert_l3,3,23,7,0.0575626605542402,0.03306616822804082,0.5395962237135321,train_speakers_only
JVS_JVSMuSiC,mert_l3,3,23,8,0.053055783830132,0.03047724786703736,0.5700734715805694,train_speakers_only
JVS_JVSMuSiC,mert_l3,3,23,9,0.04873834550432388,0.027997148083240168,0.5980706196638096,train_speakers_only
JVS_JVSMuSiC,mert_l3,3,23,10,0.04840559317306142,0.027806002565332263,0.6258766222291419,train_speakers_only
JVS_JVSMuSiC,mert_l3,3,23,11,0.04185210355941728,0.024041430393737025,0.6499180526228789,train_speakers_only
JVS_JVSMuSiC,mert_l3,3,23,12,0.037671712406407654,0.021640055686704875,0.6715581083095838,train_speakers_only
JVS_JVSMuSiC,mert_l3,3,23,13,0.03406822716508948,0.019570077543765965,0.6911281858533498,train_speakers_only
JVS_JVSMuSiC,mert_l3,3,23,14,0.03226347872299432,0.01853336181483642,0.7096615476681862,train_speakers_only
JVS_JVSMuSiC,mert_l3,3,23,15,0.02705514753249245,0.015541499491686714,0.7252030471598729,train_speakers_only
JVS_JVSMuSiC,mert_l3,3,23,16,0.02470876765065218,0.014193650188808969,0.7393966973486819,train_speakers_only
JVS_JVSMuSiC,mert_l3,3,23,17,0.024535831585226545,0.014094309175433271,0.7534910065241152,train_speakers_only
JVS_JVSMuSiC,mert_l3,3,23,18,0.023941635028482306,0.013752980211194138,0.7672439867353092,train_speakers_only
JVS_JVSMuSiC,mert_l3,3,23,19,0.023388152230132634,0.013435038768853892,0.7806790255041631,train_speakers_only
JVS_JVSMuSiC,mert_l3,3,23,20,0.022526794107049497,0.0129402421015661,0.7936192676057292,train_speakers_only
JVS_JVSMuSiC,mert_l3,3,23,21,0.021083513501712132,0.01211116716241549,0.8057304347681447,train_speakers_only
JVS_JVSMuSiC,mert_l3,3,23,22,0.019232799011029877,0.011048046797551388,0.816778481565696,train_speakers_only
JVS_JVSMuSiC,mert_l3,3,23,23,0.018615752293862687,0.010693591837374818,0.8274720734030708,train_speakers_only
JVS_JVSMuSiC,mert_l3,3,23,24,0.017614472273611258,0.010118418742972547,0.8375904921460434,train_speakers_only
JVS_JVSMuSiC,mert_l3,3,23,25,0.01630259703335534,0.009364828012960534,0.846955320159004,train_speakers_only
JVS_JVSMuSiC,mert_l3,3,23,26,0.016074372987312034,0.00923372749350068,0.8561890476525047,train_speakers_only
JVS_JVSMuSiC,mert_l3,3,23,27,0.014978651155480718,0.00860430345240148,0.8647933511049062,train_speakers_only
JVS_JVSMuSiC,mert_l3,3,23,28,0.014462384374256046,0.008307740297151932,0.8731010914020582,train_speakers_only
JVS_JVSMuSiC,mert_l3,3,23,29,0.013195948900220814,0.007580251886588482,0.8806813432886467,train_speakers_only
JVS_JVSMuSiC,mert_l3,3,23,30,0.012295170182400932,0.007062810539491522,0.8877441538281382,train_speakers_only
JVS_JVSMuSiC,mert_l3,3,23,31,0.011932783819971107,0.006854642113844113,0.8945987959419823,train_speakers_only
JVS_JVSMuSiC,mert_l3,3,23,32,0.011525447618979797,0.0066206528017160185,0.9012194487436983,train_speakers_only
JVS_JVSMuSiC,mert_l3,3,23,33,0.011092471199252916,0.006371934778684867,0.9075913835223832,train_speakers_only
JVS_JVSMuSiC,mert_l3,3,23,34,0.01045358582880768,0.0060049348705122725,0.9135963183928955,train_speakers_only
JVS_JVSMuSiC,mert_l3,3,23,35,0.009959006563044576,0.005720829843983594,0.919317148236879,train_speakers_only
JVS_JVSMuSiC,mert_l3,3,23,36,0.00943582639430096,0.005420295377600649,0.9247374436144797,train_speakers_only
JVS_JVSMuSiC,mert_l3,3,23,37,0.00906273857828951,0.005205979632475519,0.9299434232469552,train_speakers_only
JVS_JVSMuSiC,mert_l3,3,23,38,0.008283359212802988,0.0047582746625435355,0.9347016979094988,train_speakers_only
JVS_JVSMuSiC,mert_l3,3,23,39,0.0080668859131816,0.004633924216034638,0.9393356221255333,train_speakers_only
JVS_JVSMuSiC,mert_l3,3,23,40,0.007834422600047715,0.004500388501303562,0.9438360106268369,train_speakers_only
JVS_JVSMuSiC,mert_l3,3,23,41,0.00774647517896986,0.004449868178014431,0.9482858788048513,train_speakers_only
JVS_JVSMuSiC,mert_l3,3,23,42,0.007465131618653361,0.004288253801511884,0.9525741326063631,train_speakers_only
JVS_JVSMuSiC,mert_l3,3,23,43,0.007017579269212278,0.004031162813448032,0.9566052954198112,train_speakers_only
JVS_JVSMuSiC,mert_l3,3,23,44,0.006907763744845498,0.003968080624963347,0.9605733760447746,train_speakers_only
JVS_JVSMuSiC,mert_l3,3,23,45,0.0064843499228873685,0.0037248557195795414,0.9642982317643541,train_speakers_only
JVS_JVSMuSiC,mert_l3,3,23,46,0.006205655918818085,0.0035647633483449318,0.967862995112699,train_speakers_only
JVS_JVSMuSiC,mert_l3,3,23,47,0.0057095494830594,0.0032797810576401286,0.9711427761703392,train_speakers_only
JVS_JVSMuSiC,mert_l3,3,23,48,0.005392260632055744,0.003097518347349267,0.9742402945176885,train_speakers_only
JVS_JVSMuSiC,mert_l3,3,23,49,0.0050557294181446085,0.002904202096397196,0.9771444966140856,train_speakers_only
JVS_JVSMuSiC,mert_l3,3,23,50,0.005009110604882024,0.002877422487756978,0.9800219191018427,train_speakers_only
JVS_JVSMuSiC,mert_l3,3,23,51,0.00458413152180271,0.002633298437214565,0.9826552175390573,train_speakers_only
JVS_JVSMuSiC,mert_l3,3,23,52,0.004510929552026754,0.0025912484585664283,0.9852464659976237,train_speakers_only
JVS_JVSMuSiC,mert_l3,3,23,53,0.004185340004585146,0.0024042175144555096,0.9876506835120792,train_speakers_only
JVS_JVSMuSiC,mert_l3,3,23,54,0.00415788528162174,0.002388446483731403,0.9900391299958106,train_speakers_only
JVS_JVSMuSiC,mert_l3,3,23,55,0.004016167756562424,0.0023070385800773086,0.9923461685758879,train_speakers_only
JVS_JVSMuSiC,mert_l3,3,23,56,0.0035013800653834613,0.0020113250700631432,0.994357493645951,train_speakers_only
JVS_JVSMuSiC,mert_l3,3,23,57,0.0034664969259613487,0.0019912868761133187,0.9963487805220643,train_speakers_only
JVS_JVSMuSiC,mert_l3,3,23,58,0.0032850489721248685,0.001887056312264774,0.9982358368343291,train_speakers_only
JVS_JVSMuSiC,mert_l3,3,23,59,0.003071112587569045,0.0017641631656709687,1.0000000000000002,train_speakers_only
JVS_JVSMuSiC,mert_l3,3,23,60,0.0,0.0,1.0000000000000002,train_speakers_only
JVS_JVSMuSiC,mert_l3,3,29,1,0.3646484546236684,0.20925569606747457,0.20925569606747457,train_speakers_only
JVS_JVSMuSiC,mert_l3,3,29,2,0.14996265985195026,0.08605696904388566,0.29531266511136023,train_speakers_only
JVS_JVSMuSiC,mert_l3,3,29,3,0.11302827543567812,0.06486195170087493,0.36017461681223517,train_speakers_only
JVS_JVSMuSiC,mert_l3,3,29,4,0.11218449275304514,0.06437774196312554,0.4245523587753607,train_speakers_only
JVS_JVSMuSiC,mert_l3,3,29,5,0.09609724153413494,0.0551459766589243,0.479698335434285,train_speakers_only
JVS_JVSMuSiC,mert_l3,3,29,6,0.06337637596115556,0.03636891229848304,0.516067247732768,train_speakers_only
JVS_JVSMuSiC,mert_l3,3,29,7,0.058760508942925296,0.03372006940992202,0.54978731714269,train_speakers_only
JVS_JVSMuSiC,mert_l3,3,29,8,0.053843703681322866,0.0308985313109695,0.5806858484536596,train_speakers_only
JVS_JVSMuSiC,mert_l3,3,29,9,0.049847496155125334,0.028605283727108036,0.6092911321807676,train_speakers_only
JVS_JVSMuSiC,mert_l3,3,29,10,0.04439527457434539,0.02547649377192318,0.6347676259526908,train_speakers_only
JVS_JVSMuSiC,mert_l3,3,29,11,0.04134493528686442,0.023726038332580798,0.6584936642852716,train_speakers_only
JVS_JVSMuSiC,mert_l3,3,29,12,0.038304869558541524,0.02198147843659107,0.6804751427218626,train_speakers_only
JVS_JVSMuSiC,mert_l3,3,29,13,0.033129750083038194,0.01901170518142559,0.6994868479032882,train_speakers_only
JVS_JVSMuSiC,mert_l3,3,29,14,0.03157411953860015,0.01811899729175097,0.7176058451950391,train_speakers_only
JVS_JVSMuSiC,mert_l3,3,29,15,0.02744119288612953,0.01574729261977833,0.7333531378148175,train_speakers_only
JVS_JVSMuSiC,mert_l3,3,29,16,0.026627552329169336,0.015280380121078322,0.7486335179358958,train_speakers_only
JVS_JVSMuSiC,mert_l3,3,29,17,0.02463649854634454,0.01413780200248251,0.7627713199383783,train_speakers_only
JVS_JVSMuSiC,mert_l3,3,29,18,0.02348957996714093,0.013479635917913034,0.7762509558562913,train_speakers_only
JVS_JVSMuSiC,mert_l3,3,29,19,0.022441510769358183,0.012878195141932646,0.789129150998224,train_speakers_only
JVS_JVSMuSiC,mert_l3,3,29,20,0.021526131301031943,0.01235289916060683,0.8014820501588308,train_speakers_only
JVS_JVSMuSiC,mert_l3,3,29,21,0.019641345381262817,0.011271303490644367,0.8127533536494751,train_speakers_only
JVS_JVSMuSiC,mert_l3,3,29,22,0.017203817077863486,0.00987251329876379,0.8226258669482389,train_speakers_only
JVS_JVSMuSiC,mert_l3,3,29,23,0.016917388660746758,0.009708144638929146,0.832334011587168,train_speakers_only
JVS_JVSMuSiC,mert_l3,3,29,24,0.01634987732198839,0.009382474863801135,0.8417164864509692,train_speakers_only
JVS_JVSMuSiC,mert_l3,3,29,25,0.015432544050903019,0.008856057681079409,0.8505725441320486,train_speakers_only
JVS_JVSMuSiC,mert_l3,3,29,26,0.014818387236325196,0.0085036201207401,0.8590761642527888,train_speakers_only
JVS_JVSMuSiC,mert_l3,3,29,27,0.014111657232099499,0.008098058881988538,0.8671742231347773,train_speakers_only
JVS_JVSMuSiC,mert_l3,3,29,28,0.013221814942693267,0.007587417563483166,0.8747616406982605,train_speakers_only
JVS_JVSMuSiC,mert_l3,3,29,29,0.0129336239608214,0.007422037445324694,0.8821836781435851,train_speakers_only
JVS_JVSMuSiC,mert_l3,3,29,30,0.012280532033502762,0.007047256737730164,0.8892309348813153,train_speakers_only
JVS_JVSMuSiC,mert_l3,3,29,31,0.011181027621356601,0.006416299556435229,0.8956472344377505,train_speakers_only
JVS_JVSMuSiC,mert_l3,3,29,32,0.011060815117668552,0.006347314892394302,0.9019945493301448,train_speakers_only
JVS_JVSMuSiC,mert_l3,3,29,33,0.010944944269687657,0.006280821713441456,0.9082753710435862,train_speakers_only
JVS_JVSMuSiC,mert_l3,3,29,34,0.009910892857120341,0.005687425127324992,0.9139627961709113,train_speakers_only
JVS_JVSMuSiC,mert_l3,3,29,35,0.009412540254718217,0.005401442506583275,0.9193642386774945,train_speakers_only
JVS_JVSMuSiC,mert_l3,3,29,36,0.009243961356025716,0.005304702497566662,0.9246689411750612,train_speakers_only
JVS_JVSMuSiC,mert_l3,3,29,37,0.008654766011038378,0.004966589225806649,0.9296355304008678,train_speakers_only
JVS_JVSMuSiC,mert_l3,3,29,38,0.008391408162395017,0.004815459749638777,0.9344509901505066,train_speakers_only
JVS_JVSMuSiC,mert_l3,3,29,39,0.007882387783837076,0.004523355361763064,0.9389743455122697,train_speakers_only
JVS_JVSMuSiC,mert_l3,3,29,40,0.007807513171274278,0.004480388117638087,0.9434547336299077,train_speakers_only
JVS_JVSMuSiC,mert_l3,3,29,41,0.0073296808337451735,0.004206181173592776,0.9476609148035005,train_speakers_only
JVS_JVSMuSiC,mert_l3,3,29,42,0.007028437337712504,0.0040333107921368275,0.9516942255956373,train_speakers_only
JVS_JVSMuSiC,mert_l3,3,29,43,0.006879191464180703,0.003947665155208717,0.955641890750846,train_speakers_only
JVS_JVSMuSiC,mert_l3,3,29,44,0.006451194473932518,0.003702056523186408,0.9593439472740325,train_speakers_only
JVS_JVSMuSiC,mert_l3,3,29,45,0.006336575386871654,0.0036362816747223096,0.9629802289487548,train_speakers_only
JVS_JVSMuSiC,mert_l3,3,29,46,0.006193876806124372,0.0035543932409075264,0.9665346221896624,train_speakers_only
JVS_JVSMuSiC,mert_l3,3,29,47,0.005765654519481938,0.0033086553212022386,0.9698432775108646,train_speakers_only
JVS_JVSMuSiC,mert_l3,3,29,48,0.005596116260062997,0.00321136477729635,0.973054642288161,train_speakers_only
JVS_JVSMuSiC,mert_l3,3,29,49,0.005265959182916417,0.0030219021644321015,0.9760765444525931,train_speakers_only
JVS_JVSMuSiC,mert_l3,3,29,50,0.005001541258650644,0.0028701643575296844,0.9789467088101228,train_speakers_only
JVS_JVSMuSiC,mert_l3,3,29,51,0.004820760291378001,0.0027664221184972174,0.98171313092862,train_speakers_only
JVS_JVSMuSiC,mert_l3,3,29,52,0.0047224126071773,0.0027099847118577706,0.9844231156404778,train_speakers_only
JVS_JVSMuSiC,mert_l3,3,29,53,0.0045280325917075636,0.0025984385777031516,0.9870215542181809,train_speakers_only
JVS_JVSMuSiC,mert_l3,3,29,54,0.004210904002943028,0.00241645244079958,0.9894380066589805,train_speakers_only
JVS_JVSMuSiC,mert_l3,3,29,55,0.004068543420205587,0.002334757969163772,0.9917727646281443,train_speakers_only
JVS_JVSMuSiC,mert_l3,3,29,56,0.003883118175946982,0.0022283505840128863,0.9940011152121573,train_speakers_only
JVS_JVSMuSiC,mert_l3,3,29,57,0.003719030276283954,0.0021341877616428495,0.9961353029738002,train_speakers_only
JVS_JVSMuSiC,mert_l3,3,29,58,0.0033706999765079036,0.0019342963363075771,0.9980695993101077,train_speakers_only
JVS_JVSMuSiC,mert_l3,3,29,59,0.003363911432770683,0.001930400689892504,1.0000000000000002,train_speakers_only
JVS_JVSMuSiC,mert_l3,3,29,60,5.938869337095365e-18,3.4080556800116727e-18,1.0000000000000002,train_speakers_only
JVS_JVSMuSiC,mert_l3,3,31,1,0.37338091156250897,0.22147962825126294,0.22147962825126294,train_speakers_only
JVS_JVSMuSiC,mert_l3,3,31,2,0.11469191211642658,0.06803219252069359,0.28951182077195653,train_speakers_only
JVS_JVSMuSiC,mert_l3,3,31,3,0.10670457835584311,0.06329431852330626,0.3528061392952628,train_speakers_only
JVS_JVSMuSiC,mert_l3,3,31,4,0.09227066145519966,0.05473250282687385,0.40753864212213664,train_speakers_only
JVS_JVSMuSiC,mert_l3,3,31,5,0.08188640587699023,0.04857283854327832,0.45611148066541496,train_speakers_only
JVS_JVSMuSiC,mert_l3,3,31,6,0.06505104112973994,0.03858654784059686,0.4946980285060118,train_speakers_only
JVS_JVSMuSiC,mert_l3,3,31,7,0.06084864201670135,0.03609379643178949,0.5307918249378013,train_speakers_only
JVS_JVSMuSiC,mert_l3,3,31,8,0.0509753164516538,0.030237202245976827,0.5610290271837781,train_speakers_only
JVS_JVSMuSiC,mert_l3,3,31,9,0.04687206446444817,0.027803262275814707,0.5888322894595929,train_speakers_only
JVS_JVSMuSiC,mert_l3,3,31,10,0.04499636972118209,0.02669065003028519,0.615522939489878,train_speakers_only
JVS_JVSMuSiC,mert_l3,3,31,11,0.043755850549557655,0.02595480704404312,0.6414777465339211,train_speakers_only
JVS_JVSMuSiC,mert_l3,3,31,12,0.039677553628949584,0.02353566975581212,0.6650134162897332,train_speakers_only
JVS_JVSMuSiC,mert_l3,3,31,13,0.0364347528549531,0.0216121265652615,0.6866255428549947,train_speakers_only
JVS_JVSMuSiC,mert_l3,3,31,14,0.031275640437190014,0.01855187826383929,0.705177421118834,train_speakers_only
JVS_JVSMuSiC,mert_l3,3,31,15,0.028179528656839203,0.016715347083745332,0.7218927682025793,train_speakers_only
JVS_JVSMuSiC,mert_l3,3,31,16,0.027378814221572855,0.01624038457236231,0.7381331527749416,train_speakers_only
JVS_JVSMuSiC,mert_l3,3,31,17,0.025105692577115882,0.014892029256935465,0.7530251820318771,train_speakers_only
JVS_JVSMuSiC,mert_l3,3,31,18,0.024604086865136546,0.014594490086673692,0.7676196721185508,train_speakers_only
JVS_JVSMuSiC,mert_l3,3,31,19,0.021080187546494558,0.012504206714067365,0.7801238788326181,train_speakers_only
JVS_JVSMuSiC,mert_l3,3,31,20,0.019830645876002057,0.011763011821411986,0.7918868906540302,train_speakers_only
JVS_JVSMuSiC,mert_l3,3,31,21,0.01885250004554368,0.011182801724439272,0.8030696923784695,train_speakers_only
JVS_JVSMuSiC,mert_l3,3,31,22,0.018131278225436497,0.010754992118598462,0.8138246844970679,train_speakers_only
JVS_JVSMuSiC,mert_l3,3,31,23,0.017490203743406336,0.010374723782525153,0.824199408279593,train_speakers_only
JVS_JVSMuSiC,mert_l3,3,31,24,0.017118100990844102,0.010154002324205616,0.8343534106037986,train_speakers_only
JVS_JVSMuSiC,mert_l3,3,31,25,0.01621284499742896,0.009617028540369728,0.8439704391441684,train_speakers_only
JVS_JVSMuSiC,mert_l3,3,31,26,0.01547759566142519,0.009180898185101576,0.85315133732927,train_speakers_only
JVS_JVSMuSiC,mert_l3,3,31,27,0.014862136130753533,0.008815823957052736,0.8619671612863227,train_speakers_only
JVS_JVSMuSiC,mert_l3,3,31,28,0.013970255007309054,0.008286783790435296,0.870253945076758,train_speakers_only
JVS_JVSMuSiC,mert_l3,3,31,29,0.013546274391368147,0.008035289763032095,0.8782892348397902,train_speakers_only
JVS_JVSMuSiC,mert_l3,3,31,30,0.011993869651431809,0.007114444550946212,0.8854036793907364,train_speakers_only
JVS_JVSMuSiC,mert_l3,3,31,31,0.011610922518017257,0.006887290494265566,0.892290969885002,train_speakers_only
JVS_JVSMuSiC,mert_l3,3,31,32,0.011212253690597475,0.006650810746753036,0.898941780631755,train_speakers_only
JVS_JVSMuSiC,mert_l3,3,31,33,0.01074140132758685,0.006371513645344135,0.9053132942770992,train_speakers_only
JVS_JVSMuSiC,mert_l3,3,31,34,0.010650760158788105,0.006317747714231599,0.9116310419913307,train_speakers_only
JVS_JVSMuSiC,mert_l3,3,31,35,0.010008469023730338,0.005936757691934059,0.9175677996832647,train_speakers_only
JVS_JVSMuSiC,mert_l3,3,31,36,0.009639200929898409,0.005717717677797567,0.9232855173610623,train_speakers_only
JVS_JVSMuSiC,mert_l3,3,31,37,0.008782860722608027,0.0052097594375822495,0.9284952767986446,train_speakers_only
JVS_JVSMuSiC,mert_l3,3,31,38,0.008447570764783804,0.005010874350220577,0.9335061511488653,train_speakers_only
JVS_JVSMuSiC,mert_l3,3,31,39,0.008069961610556623,0.004786886640852878,0.9382930377897182,train_speakers_only
JVS_JVSMuSiC,mert_l3,3,31,40,0.007949697757180811,0.004715549320939351,0.9430085871106575,train_speakers_only
JVS_JVSMuSiC,mert_l3,3,31,41,0.007250110879027268,0.0043005729873755805,0.9473091600980331,train_speakers_only
JVS_JVSMuSiC,mert_l3,3,31,42,0.006873461949841471,0.004077154857969303,0.9513863149560025,train_speakers_only
JVS_JVSMuSiC,mert_l3,3,31,43,0.006839824351729935,0.004057201929219325,0.9554435168852218,train_speakers_only
JVS_JVSMuSiC,mert_l3,3,31,44,0.006754934096368486,0.00400684728703655,0.9594503641722584,train_speakers_only
JVS_JVSMuSiC,mert_l3,3,31,45,0.006224482711437806,0.003692197630608824,0.9631425618028672,train_speakers_only
JVS_JVSMuSiC,mert_l3,3,31,46,0.006011638652214654,0.0035659441943660304,0.9667085059972332,train_speakers_only
JVS_JVSMuSiC,mert_l3,3,31,47,0.00569095109327495,0.0033757208617335582,0.9700842268589668,train_speakers_only
JVS_JVSMuSiC,mert_l3,3,31,48,0.005277337746833224,0.0031303764229235467,0.9732146032818904,train_speakers_only
JVS_JVSMuSiC,mert_l3,3,31,49,0.005084631221457047,0.0030160680362861575,0.9762306713181765,train_speakers_only
JVS_JVSMuSiC,mert_l3,3,31,50,0.004837165936140794,0.0028692782093301516,0.9790999495275067,train_speakers_only
JVS_JVSMuSiC,mert_l3,3,31,51,0.00476641756349727,0.0028273121559320353,0.9819272616834387,train_speakers_only
JVS_JVSMuSiC,mert_l3,3,31,52,0.00451328477996887,0.002677160519739751,0.9846044222031785,train_speakers_only
JVS_JVSMuSiC,mert_l3,3,31,53,0.004460855868500748,0.0026460610835822226,0.9872504832867607,train_speakers_only
JVS_JVSMuSiC,mert_l3,3,31,54,0.004162320657252879,0.002468977934552465,0.9897194612213132,train_speakers_only
JVS_JVSMuSiC,mert_l3,3,31,55,0.003963798627238744,0.002351219945202611,0.9920706811665158,train_speakers_only
JVS_JVSMuSiC,mert_l3,3,31,56,0.0036964592549164083,0.0021926413383019628,0.9942633225048177,train_speakers_only
JVS_JVSMuSiC,mert_l3,3,31,57,0.0034319969502958902,0.0020357693314585743,0.9962990918362763,train_speakers_only
JVS_JVSMuSiC,mert_l3,3,31,58,0.003174544234170148,0.0018830552261198997,0.9981821470623962,train_speakers_only
JVS_JVSMuSiC,mert_l3,3,31,59,0.003064623109079624,0.0018178529376040495,1.0000000000000002,train_speakers_only
JVS_JVSMuSiC,mert_l3,3,31,60,5.145366242304089e-19,3.0520944356613793e-19,1.0000000000000002,train_speakers_only
JVS_JVSMuSiC,mert_l3,3,37,1,0.408483745666959,0.2284680495306616,0.2284680495306616,train_speakers_only
JVS_JVSMuSiC,mert_l3,3,37,2,0.14465953040309268,0.08090916984530909,0.3093772193759707,train_speakers_only
JVS_JVSMuSiC,mert_l3,3,37,3,0.12899125809422615,0.07214578659715268,0.3815230059731234,train_speakers_only
JVS_JVSMuSiC,mert_l3,3,37,4,0.10398738426143658,0.05816093078370812,0.4396839367568315,train_speakers_only
JVS_JVSMuSiC,mert_l3,3,37,5,0.08006563736036822,0.04478131675052405,0.48446525350735553,train_speakers_only
JVS_JVSMuSiC,mert_l3,3,37,6,0.06830840025004722,0.038205405079721366,0.5226706585870768,train_speakers_only
JVS_JVSMuSiC,mert_l3,3,37,7,0.05956797906598575,0.03331682138163929,0.5559874799687161,train_speakers_only
JVS_JVSMuSiC,mert_l3,3,37,8,0.05194509010838794,0.02905328191304285,0.585040761881759,train_speakers_only
JVS_JVSMuSiC,mert_l3,3,37,9,0.049945138221615455,0.027934693691178545,0.6129754555729375,train_speakers_only
JVS_JVSMuSiC,mert_l3,3,37,10,0.04389038453092582,0.024548224141841154,0.6375236797147786,train_speakers_only
JVS_JVSMuSiC,mert_l3,3,37,11,0.038385692301906194,0.021469408129768847,0.6589930878445475,train_speakers_only
JVS_JVSMuSiC,mert_l3,3,37,12,0.03694083203338734,0.0206612868498049,0.6796543746943524,train_speakers_only
JVS_JVSMuSiC,mert_l3,3,37,13,0.032398314549925686,0.01812062245271636,0.6977749971470688,train_speakers_only
JVS_JVSMuSiC,mert_l3,3,37,14,0.03206727703177721,0.017935470664193258,0.715710467811262,train_speakers_only
JVS_JVSMuSiC,mert_l3,3,37,15,0.029105946445946378,0.0162791760621753,0.7319896438734373,train_speakers_only
JVS_JVSMuSiC,mert_l3,3,37,16,0.02719689810284884,0.015211430880062621,0.7472010747535,train_speakers_only
JVS_JVSMuSiC,mert_l3,3,37,17,0.02579638255116135,0.014428111935733616,0.7616291866892335,train_speakers_only
JVS_JVSMuSiC,mert_l3,3,37,18,0.02523320383514974,0.014113121818870412,0.7757423085081039,train_speakers_only
JVS_JVSMuSiC,mert_l3,3,37,19,0.023422554935058845,0.013100412189719395,0.7888427206978232,train_speakers_only
JVS_JVSMuSiC,mert_l3,3,37,20,0.02250482813998588,0.012587120649734124,0.8014298413475573,train_speakers_only
JVS_JVSMuSiC,mert_l3,3,37,21,0.020660377226016182,0.01155550529847539,0.8129853466460327,train_speakers_only
JVS_JVSMuSiC,mert_l3,3,37,22,0.018841995607250504,0.010538470701263984,0.8235238173472967,train_speakers_only
JVS_JVSMuSiC,mert_l3,3,37,23,0.01835492979241656,0.010266051105898002,0.8337898684531947,train_speakers_only
JVS_JVSMuSiC,mert_l3,3,37,24,0.016538242147661055,0.009249963961167059,0.8430398324143618,train_speakers_only
JVS_JVSMuSiC,mert_l3,3,37,25,0.015672742542028238,0.00876588348338544,0.8518057158977472,train_speakers_only
JVS_JVSMuSiC,mert_l3,3,37,26,0.015487902057798807,0.008662500802056838,0.8604682166998041,train_speakers_only
JVS_JVSMuSiC,mert_l3,3,37,27,0.014717586270018864,0.008231657353759027,0.8686998740535632,train_speakers_only
JVS_JVSMuSiC,mert_l3,3,37,28,0.014309482588788473,0.008003401877143297,0.8767032759307065,train_speakers_only
JVS_JVSMuSiC,mert_l3,3,37,29,0.012802500040276655,0.007160535135963466,0.88386381106667,train_speakers_only
JVS_JVSMuSiC,mert_l3,3,37,30,0.012292777652796343,0.0068754435480972344,0.8907392546147672,train_speakers_only
JVS_JVSMuSiC,mert_l3,3,37,31,0.011350228607948484,0.006348268736008263,0.8970875233507755,train_speakers_only
JVS_JVSMuSiC,mert_l3,3,37,32,0.010722208015512585,0.005997012067068728,0.9030845354178442,train_speakers_only
JVS_JVSMuSiC,mert_l3,3,37,33,0.010124721332716729,0.005662833244809764,0.9087473686626539,train_speakers_only
JVS_JVSMuSiC,mert_l3,3,37,34,0.009690193034812179,0.0054197982801601026,0.9141671669428141,train_speakers_only
JVS_JVSMuSiC,mert_l3,3,37,35,0.009600498230947609,0.005369631297729714,0.9195367982405438,train_speakers_only
JVS_JVSMuSiC,mert_l3,3,37,36,0.009266891731315858,0.005183042658426159,0.92471984089897,train_speakers_only
JVS_JVSMuSiC,mert_l3,3,37,37,0.009072233991989502,0.005074169112044708,0.9297940100110147,train_speakers_only
JVS_JVSMuSiC,mert_l3,3,37,38,0.008799179148261657,0.0049214474720207175,0.9347154574830354,train_speakers_only
JVS_JVSMuSiC,mert_l3,3,37,39,0.008155060948553425,0.00456118728953962,0.939276644772575,train_speakers_only
JVS_JVSMuSiC,mert_l3,3,37,40,0.007793019407951926,0.004358694716682783,0.9436353394892578,train_speakers_only
JVS_JVSMuSiC,mert_l3,3,37,41,0.007602746866544276,0.004252273844675576,0.9478876133339333,train_speakers_only
JVS_JVSMuSiC,mert_l3,3,37,42,0.007382668263024061,0.004129182216616794,0.9520167955505502,train_speakers_only
JVS_JVSMuSiC,mert_l3,3,37,43,0.007078349907724345,0.003958974658031609,0.9559757702085818,train_speakers_only
JVS_JVSMuSiC,mert_l3,3,37,44,0.006913516207862876,0.0038667819225709026,0.9598425521311528,train_speakers_only
JVS_JVSMuSiC,mert_l3,3,37,45,0.00638184421995437,0.0035694137571149836,0.9634119658882677,train_speakers_only
JVS_JVSMuSiC,mert_l3,3,37,46,0.00635613217394471,0.003555032815245,0.9669669987035128,train_speakers_only
JVS_JVSMuSiC,mert_l3,3,37,47,0.005968364736293089,0.0033381515535264527,0.9703051502570392,train_speakers_only
JVS_JVSMuSiC,mert_l3,3,37,48,0.005561605862617768,0.0031106482379510583,0.9734157984949903,train_speakers_only
JVS_JVSMuSiC,mert_l3,3,37,49,0.005390571029608505,0.0030149871618031527,0.9764307856567934,train_speakers_only
JVS_JVSMuSiC,mert_l3,3,37,50,0.0052869224030647425,0.002957015700773973,0.9793878013575674,train_speakers_only
JVS_JVSMuSiC,mert_l3,3,37,51,0.0050194780153021016,0.0028074320312199094,0.9821952333887873,train_speakers_only
JVS_JVSMuSiC,mert_l3,3,37,52,0.004737601996035199,0.0026497766409761024,0.9848450100297634,train_speakers_only
JVS_JVSMuSiC,mert_l3,3,37,53,0.004636238046160885,0.0025930830168939593,0.9874380930466574,train_speakers_only
JVS_JVSMuSiC,mert_l3,3,37,54,0.004442815918389179,0.0024849005574036345,0.989922993604061,train_speakers_only
JVS_JVSMuSiC,mert_l3,3,37,55,0.004063871543687939,0.0022729541015483372,0.9921959477056094,train_speakers_only
JVS_JVSMuSiC,mert_l3,3,37,56,0.003916690751101022,0.0021906347706878004,0.9943865824762972,train_speakers_only
JVS_JVSMuSiC,mert_l3,3,37,57,0.003683845849565293,0.0020604028555594087,0.9964469853318566,train_speakers_only
JVS_JVSMuSiC,mert_l3,3,37,58,0.003363409620977712,0.0018811804484968415,0.9983281657803534,train_speakers_only
JVS_JVSMuSiC,mert_l3,3,37,59,0.002989114257237589,0.0016718342196464131,0.9999999999999999,train_speakers_only
JVS_JVSMuSiC,mert_l3,3,37,60,1.3922809027334614e-17,7.787132428658402e-18,0.9999999999999999,train_speakers_only
JVS_JVSMuSiC,mert_l3,3,41,1,0.4076597140305862,0.231495601945074,0.231495601945074,train_speakers_only
JVS_JVSMuSiC,mert_l3,3,41,2,0.14037653139242828,0.07971489091319331,0.3112104928582673,train_speakers_only
JVS_JVSMuSiC,mert_l3,3,41,3,0.13525557118000558,0.07680687786674688,0.3880173707250142,train_speakers_only
JVS_JVSMuSiC,mert_l3,3,41,4,0.10218775900623155,0.05802883132276064,0.44604620204777484,train_speakers_only
JVS_JVSMuSiC,mert_l3,3,41,5,0.08108137642725236,0.04604325960242819,0.492089461650203,train_speakers_only
JVS_JVSMuSiC,mert_l3,3,41,6,0.06553685977237732,0.037216075762291516,0.5293055374124945,train_speakers_only
JVS_JVSMuSiC,mert_l3,3,41,7,0.056554287478144706,0.03211518914362381,0.5614207265561183,train_speakers_only
JVS_JVSMuSiC,mert_l3,3,41,8,0.05391660808374368,0.030617343862058485,0.5920380704181768,train_speakers_only
JVS_JVSMuSiC,mert_l3,3,41,9,0.04593124660789337,0.026082738165253534,0.6181208085834303,train_speakers_only
JVS_JVSMuSiC,mert_l3,3,41,10,0.04167546791596781,0.023666031249842196,0.6417868398332726,train_speakers_only
JVS_JVSMuSiC,mert_l3,3,41,11,0.03891738655769628,0.022099813931153085,0.6638866537644257,train_speakers_only
JVS_JVSMuSiC,mert_l3,3,41,12,0.03429264549761943,0.019473586274372005,0.6833602400387977,train_speakers_only
JVS_JVSMuSiC,mert_l3,3,41,13,0.03226446394108817,0.01832185336056274,0.7016820933993604,train_speakers_only
JVS_JVSMuSiC,mert_l3,3,41,14,0.02962993566446813,0.016825797487865647,0.718507890887226,train_speakers_only
JVS_JVSMuSiC,mert_l3,3,41,15,0.0264895308275627,0.015042472123475828,0.7335503630107019,train_speakers_only
JVS_JVSMuSiC,mert_l3,3,41,16,0.026013253437560682,0.014772010958693984,0.7483223739693958,train_speakers_only
JVS_JVSMuSiC,mert_l3,3,41,17,0.024935780599640103,0.014160152061164616,0.7624825260305604,train_speakers_only
JVS_JVSMuSiC,mert_l3,3,41,18,0.023561129301893687,0.013379535977004513,0.7758620620075649,train_speakers_only
JVS_JVSMuSiC,mert_l3,3,41,19,0.02236166123862767,0.01269840028524267,0.7885604622928076,train_speakers_only
JVS_JVSMuSiC,mert_l3,3,41,20,0.01932775551486302,0.010975552018428628,0.7995360143112362,train_speakers_only
JVS_JVSMuSiC,mert_l3,3,41,21,0.01865965851964778,0.010596163251910868,0.810132177563147,train_speakers_only
JVS_JVSMuSiC,mert_l3,3,41,22,0.01794999688055815,0.010193171387215462,0.8203253489503625,train_speakers_only
JVS_JVSMuSiC,mert_l3,3,41,23,0.017244132367017374,0.009792335776460144,0.8301176847268226,train_speakers_only
JVS_JVSMuSiC,mert_l3,3,41,24,0.01675253616127387,0.009513175595442187,0.8396308603222647,train_speakers_only
JVS_JVSMuSiC,mert_l3,3,41,25,0.016387050246302597,0.009305629009461967,0.8489364893317267,train_speakers_only
JVS_JVSMuSiC,mert_l3,3,41,26,0.015046704471486125,0.008544493824216766,0.8574809831559435,train_speakers_only
JVS_JVSMuSiC,mert_l3,3,41,27,0.014356080927761448,0.008152313023736714,0.8656332961796802,train_speakers_only
JVS_JVSMuSiC,mert_l3,3,41,28,0.013626651128076353,0.007738095516479899,0.8733713916961601,train_speakers_only
JVS_JVSMuSiC,mert_l3,3,41,29,0.012634654832698744,0.007174775738679895,0.8805461674348399,train_speakers_only
JVS_JVSMuSiC,mert_l3,3,41,30,0.01234371053294998,0.0070095587121140205,0.887555726146954,train_speakers_only
JVS_JVSMuSiC,mert_l3,3,41,31,0.011823570130577683,0.006714189286588461,0.8942699154335425,train_speakers_only
JVS_JVSMuSiC,mert_l3,3,41,32,0.011375875069260277,0.006459959020166467,0.900729874453709,train_speakers_only
JVS_JVSMuSiC,mert_l3,3,41,33,0.010651390126563779,0.006048549523134134,0.9067784239768432,train_speakers_only
JVS_JVSMuSiC,mert_l3,3,41,34,0.010185219789152478,0.005783827797749539,0.9125622517745927,train_speakers_only
JVS_JVSMuSiC,mert_l3,3,41,35,0.009890658893583731,0.005616557033721944,0.9181788088083147,train_speakers_only
JVS_JVSMuSiC,mert_l3,3,41,36,0.009498756956400838,0.005394009718573733,0.9235728185268884,train_speakers_only
JVS_JVSMuSiC,mert_l3,3,41,37,0.009075763057221957,0.0051538063726474246,0.9287266248995358,train_speakers_only
JVS_JVSMuSiC,mert_l3,3,41,38,0.008753214173426766,0.004970642215285343,0.9336972671148212,train_speakers_only
JVS_JVSMuSiC,mert_l3,3,41,39,0.008616298481004366,0.004892892613001434,0.9385901597278226,train_speakers_only
JVS_JVSMuSiC,mert_l3,3,41,40,0.00834298260667212,0.004737686148707686,0.9433278458765303,train_speakers_only
JVS_JVSMuSiC,mert_l3,3,41,41,0.008058302276585586,0.004576026210020784,0.947903872086551,train_speakers_only
JVS_JVSMuSiC,mert_l3,3,41,42,0.007363398441747296,0.004181414782883884,0.9520852868694349,train_speakers_only
JVS_JVSMuSiC,mert_l3,3,41,43,0.007033489251722817,0.003994070966697528,0.9560793578361325,train_speakers_only
JVS_JVSMuSiC,mert_l3,3,41,44,0.006771892600096669,0.0038455194364610448,0.9599248772725936,train_speakers_only
JVS_JVSMuSiC,mert_l3,3,41,45,0.0064076438300437666,0.003638675381532372,0.963563552654126,train_speakers_only
JVS_JVSMuSiC,mert_l3,3,41,46,0.006012162690559331,0.0034140955633853083,0.9669776482175113,train_speakers_only
JVS_JVSMuSiC,mert_l3,3,41,47,0.005832383852666247,0.003312005489574574,0.9702896537070859,train_speakers_only
JVS_JVSMuSiC,mert_l3,3,41,48,0.005560526614236615,0.0031576273332658265,0.9734472810403517,train_speakers_only
JVS_JVSMuSiC,mert_l3,3,41,49,0.005349183309888731,0.003037612910027028,0.9764848939503787,train_speakers_only
JVS_JVSMuSiC,mert_l3,3,41,50,0.005070542104194513,0.002879382377504885,0.9793642763278836,train_speakers_only
JVS_JVSMuSiC,mert_l3,3,41,51,0.004901296704668393,0.0027832738725649194,0.9821475502004485,train_speakers_only
JVS_JVSMuSiC,mert_l3,3,41,52,0.004801027368794472,0.0027263344462103573,0.9848738846466589,train_speakers_only
JVS_JVSMuSiC,mert_l3,3,41,53,0.004390350475075865,0.002493125494125411,0.9873670101407843,train_speakers_only
JVS_JVSMuSiC,mert_l3,3,41,54,0.004277376662361853,0.0024289716425719113,0.9897959817833563,train_speakers_only
JVS_JVSMuSiC,mert_l3,3,41,55,0.004008602541202787,0.0022763442800351557,0.9920723260633915,train_speakers_only
JVS_JVSMuSiC,mert_l3,3,41,56,0.0038312330744089355,0.00217562240326163,0.9942479484666531,train_speakers_only
JVS_JVSMuSiC,mert_l3,3,41,57,0.0036976413631009063,0.002099760372848185,0.9963477088395013,train_speakers_only
JVS_JVSMuSiC,mert_l3,3,41,58,0.0033461314630165986,0.001900150273765487,0.9982478591132667,train_speakers_only
JVS_JVSMuSiC,mert_l3,3,41,59,0.0030854895161099684,0.001752140886733539,1.0000000000000002,train_speakers_only
JVS_JVSMuSiC,mert_l3,3,41,60,0.0,0.0,1.0000000000000002,train_speakers_only
JVS_JVSMuSiC,mert_l3,3,43,1,0.3525591618753896,0.2021656864787383,0.2021656864787383,train_speakers_only
JVS_JVSMuSiC,mert_l3,3,43,2,0.1530966988533396,0.0877892353064236,0.2899549217851619,train_speakers_only
JVS_JVSMuSiC,mert_l3,3,43,3,0.13525379102744492,0.07755769376822978,0.3675126155533917,train_speakers_only
JVS_JVSMuSiC,mert_l3,3,43,4,0.11355398907559713,0.06511451874276122,0.43262713429615296,train_speakers_only
JVS_JVSMuSiC,mert_l3,3,43,5,0.0852505309878879,0.048884652516660014,0.481511786812813,train_speakers_only
JVS_JVSMuSiC,mert_l3,3,43,6,0.06902094471144579,0.03957822736693576,0.5210900141797488,train_speakers_only
JVS_JVSMuSiC,mert_l3,3,43,7,0.06129298265103492,0.03514683279839295,0.5562368469781417,train_speakers_only
JVS_JVSMuSiC,mert_l3,3,43,8,0.0506790703794276,0.029060566739668284,0.58529741371781,train_speakers_only
JVS_JVSMuSiC,mert_l3,3,43,9,0.04650601929985314,0.02666764144529969,0.6119650551631096,train_speakers_only
JVS_JVSMuSiC,mert_l3,3,43,10,0.043861638046798684,0.025151291257457423,0.637116346420567,train_speakers_only
JVS_JVSMuSiC,mert_l3,3,43,11,0.04039922835697166,0.02316586439153493,0.6602822108121019,train_speakers_only
JVS_JVSMuSiC,mert_l3,3,43,12,0.03592265096047394,0.020598889993184058,0.680881100805286,train_speakers_only
JVS_JVSMuSiC,mert_l3,3,43,13,0.03344001592096675,0.019175288875095585,0.7000563896803815,train_speakers_only
JVS_JVSMuSiC,mert_l3,3,43,14,0.030594637778607124,0.017543682360087343,0.7176000720404688,train_speakers_only
JVS_JVSMuSiC,mert_l3,3,43,15,0.027566540807670757,0.015807300586324475,0.7334073726267933,train_speakers_only
JVS_JVSMuSiC,mert_l3,3,43,16,0.026092008826972133,0.014961769389440835,0.7483691420162342,train_speakers_only
JVS_JVSMuSiC,mert_l3,3,43,17,0.024923559444763682,0.014291753128302456,0.7626608951445366,train_speakers_only
JVS_JVSMuSiC,mert_l3,3,43,18,0.023090258574500748,0.013240495441543569,0.7759013905860802,train_speakers_only
JVS_JVSMuSiC,mert_l3,3,43,19,0.02220373139355722,0.01273213997812533,0.7886335305642055,train_speakers_only
JVS_JVSMuSiC,mert_l3,3,43,20,0.021525764490640174,0.012343377866231802,0.8009769084304373,train_speakers_only
JVS_JVSMuSiC,mert_l3,3,43,21,0.019960551730003637,0.011445848184812807,0.8124227566152501,train_speakers_only
JVS_JVSMuSiC,mert_l3,3,43,22,0.018623727696658963,0.010679281952453984,0.823102038567704,train_speakers_only
JVS_JVSMuSiC,mert_l3,3,43,23,0.017681500830997947,0.010138986984364641,0.8332410255520687,train_speakers_only
JVS_JVSMuSiC,mert_l3,3,43,24,0.01708636483532983,0.009797722056026237,0.8430387476080949,train_speakers_only
JVS_JVSMuSiC,mert_l3,3,43,25,0.0162033381371591,0.009291373851472032,0.852330121459567,train_speakers_only
JVS_JVSMuSiC,mert_l3,3,43,26,0.015010173890289934,0.00860718550768578,0.8609373069672528,train_speakers_only
JVS_JVSMuSiC,mert_l3,3,43,27,0.014102696222136077,0.008086816543876827,0.8690241235111296,train_speakers_only
JVS_JVSMuSiC,mert_l3,3,43,28,0.013865949402054056,0.007951060368519069,0.8769751838796487,train_speakers_only
JVS_JVSMuSiC,mert_l3,3,43,29,0.0131478904665889,0.0075393085455106685,0.8845144924251593,train_speakers_only
JVS_JVSMuSiC,mert_l3,3,43,30,0.012187997054450431,0.006988883165613774,0.8915033755907731,train_speakers_only
JVS_JVSMuSiC,mert_l3,3,43,31,0.011751468520208731,0.006738567472998976,0.898241943063772,train_speakers_only
JVS_JVSMuSiC,mert_l3,3,43,32,0.011319333122334135,0.006490770907740637,0.9047327139715127,train_speakers_only
JVS_JVSMuSiC,mert_l3,3,43,33,0.010818431349240328,0.006203542091228648,0.9109362560627413,train_speakers_only
JVS_JVSMuSiC,mert_l3,3,43,34,0.01008929207555882,0.005785436542593009,0.9167216926053343,train_speakers_only
JVS_JVSMuSiC,mert_l3,3,43,35,0.009857611024379891,0.0056525851978525814,0.9223742778031869,train_speakers_only
JVS_JVSMuSiC,mert_l3,3,43,36,0.008976774146651354,0.00514749268766356,0.9275217704908505,train_speakers_only
JVS_JVSMuSiC,mert_l3,3,43,37,0.008629346957553954,0.004948269794655663,0.9324700402855062,train_speakers_only
JVS_JVSMuSiC,mert_l3,3,43,38,0.007986506834125742,0.004579650201400347,0.9370496904869066,train_speakers_only
JVS_JVSMuSiC,mert_l3,3,43,39,0.007890658826286333,0.0045246887072800425,0.9415743791941866,train_speakers_only
JVS_JVSMuSiC,mert_l3,3,43,40,0.007780925236493165,0.004461764895025936,0.9460361440892125,train_speakers_only
JVS_JVSMuSiC,mert_l3,3,43,41,0.0073532599376928106,0.004216531589344132,0.9502526756785566,train_speakers_only
JVS_JVSMuSiC,mert_l3,3,43,42,0.006814904123426534,0.003907825747799643,0.9541605014263563,train_speakers_only
JVS_JVSMuSiC,mert_l3,3,43,43,0.006712923751979745,0.0038493478126603938,0.9580098492390168,train_speakers_only
JVS_JVSMuSiC,mert_l3,3,43,44,0.006294212729853275,0.0036092490990880864,0.9616190983381049,train_speakers_only
JVS_JVSMuSiC,mert_l3,3,43,45,0.006163284796853921,0.0035341719536998977,0.9651532702918048,train_speakers_only
JVS_JVSMuSiC,mert_l3,3,43,46,0.005736831054602968,0.0032896333829392182,0.968442903674744,train_speakers_only
JVS_JVSMuSiC,mert_l3,3,43,47,0.005327362286872041,0.003054834394651447,0.9714977380693954,train_speakers_only
JVS_JVSMuSiC,mert_l3,3,43,48,0.005264989745982287,0.003019068517856967,0.9745168065872524,train_speakers_only
JVS_JVSMuSiC,mert_l3,3,43,49,0.005049064956641817,0.0028952521829400434,0.9774120587701924,train_speakers_only
JVS_JVSMuSiC,mert_l3,3,43,50,0.004822657327423616,0.0027654247419470366,0.9801774835121395,train_speakers_only
JVS_JVSMuSiC,mert_l3,3,43,51,0.004554176437534203,0.002611471507198595,0.9827889550193382,train_speakers_only
JVS_JVSMuSiC,mert_l3,3,43,52,0.004423048028251972,0.002536279404011167,0.9853252344233493,train_speakers_only
JVS_JVSMuSiC,mert_l3,3,43,53,0.004265244976450612,0.002445791435619815,0.9877710258589691,train_speakers_only
JVS_JVSMuSiC,mert_l3,3,43,54,0.004087946675237136,0.0023441244342981894,0.9901151502932674,train_speakers_only
JVS_JVSMuSiC,mert_l3,3,43,55,0.0036868263009872714,0.0021141126104968436,0.9922292629037642,train_speakers_only
JVS_JVSMuSiC,mert_l3,3,43,56,0.003614619964282218,0.002072707804703564,0.9943019707084678,train_speakers_only
JVS_JVSMuSiC,mert_l3,3,43,57,0.0034858142153743835,0.001998847569411865,0.9963008182778796,train_speakers_only
JVS_JVSMuSiC,mert_l3,3,43,58,0.003324510842971181,0.0019063524351491086,0.9982071707130288,train_speakers_only
JVS_JVSMuSiC,mert_l3,3,43,59,0.0031265364652607324,0.0017928292869712717,1.0,train_speakers_only
JVS_JVSMuSiC,mert_l3,3,43,60,0.0,0.0,1.0,train_speakers_only
JVS_JVSMuSiC,mert_l3,3,47,1,0.3770409935249275,0.21446535510077094,0.21446535510077094,train_speakers_only
JVS_JVSMuSiC,mert_l3,3,47,2,0.16157567460749903,0.09190614555298457,0.3063715006537555,train_speakers_only
JVS_JVSMuSiC,mert_l3,3,47,3,0.11730429869639353,0.06672406583584306,0.3730955664895986,train_speakers_only
JVS_JVSMuSiC,mert_l3,3,47,4,0.09320824795915386,0.053017948552480244,0.42611351504207884,train_speakers_only
JVS_JVSMuSiC,mert_l3,3,47,5,0.0897669020054091,0.05106047046741977,0.47717398550949863,train_speakers_only
JVS_JVSMuSiC,mert_l3,3,47,6,0.06681624739593144,0.038005867983482294,0.5151798534929809,train_speakers_only
JVS_JVSMuSiC,mert_l3,3,47,7,0.05987538417353174,0.034057823284731475,0.5492376767777124,train_speakers_only
JVS_JVSMuSiC,mert_l3,3,47,8,0.05038626072640197,0.02866029817570327,0.5778979749534157,train_speakers_only
JVS_JVSMuSiC,mert_l3,3,47,9,0.048945120325052965,0.0278405605523858,0.6057385355058015,train_speakers_only
JVS_JVSMuSiC,mert_l3,3,47,10,0.04528710447216856,0.025759838078368565,0.63149837358417,train_speakers_only
JVS_JVSMuSiC,mert_l3,3,47,11,0.03969272655584007,0.02257769007059769,0.6540760636547678,train_speakers_only
JVS_JVSMuSiC,mert_l3,3,47,12,0.036834124321934954,0.020951683472602168,0.6750277471273699,train_speakers_only
JVS_JVSMuSiC,mert_l3,3,47,13,0.03400218507829886,0.019340843097310004,0.6943685902246799,train_speakers_only
JVS_JVSMuSiC,mert_l3,3,47,14,0.03205238904092125,0.01823177616105757,0.7126003663857374,train_speakers_only
JVS_JVSMuSiC,mert_l3,3,47,15,0.028759204082903504,0.01635857379430458,0.728958940180042,train_speakers_only
JVS_JVSMuSiC,mert_l3,3,47,16,0.02751417577145291,0.015650387036070527,0.7446093272161126,train_speakers_only
JVS_JVSMuSiC,mert_l3,3,47,17,0.026280947007014707,0.014948911999064405,0.7595582392151771,train_speakers_only
JVS_JVSMuSiC,mert_l3,3,47,18,0.024678226259249685,0.014037265572814274,0.7735955047879913,train_speakers_only
JVS_JVSMuSiC,mert_l3,3,47,19,0.021839963654880105,0.012422828395507407,0.7860183331834988,train_speakers_only
JVS_JVSMuSiC,mert_l3,3,47,20,0.021526682316753615,0.012244630282884143,0.7982629634663829,train_speakers_only
JVS_JVSMuSiC,mert_l3,3,47,21,0.01979252079373689,0.011258218796539257,0.8095211822629221,train_speakers_only
JVS_JVSMuSiC,mert_l3,3,47,22,0.01900134849616986,0.010808190681141805,0.8203293729440639,train_speakers_only
JVS_JVSMuSiC,mert_l3,3,47,23,0.01756717342734076,0.009992415020947523,0.8303217879650114,train_speakers_only
JVS_JVSMuSiC,mert_l3,3,47,24,0.01704008942160437,0.009692603434410535,0.840014391399422,train_speakers_only
JVS_JVSMuSiC,mert_l3,3,47,25,0.015318420316971967,0.008713297782685417,0.8487276891821074,train_speakers_only
JVS_JVSMuSiC,mert_l3,3,47,26,0.014914633703856435,0.00848361920435058,0.857211308386458,train_speakers_only
JVS_JVSMuSiC,mert_l3,3,47,27,0.014643234083989763,0.008329243906044795,0.8655405522925028,train_speakers_only
JVS_JVSMuSiC,mert_l3,3,47,28,0.013835858444841979,0.007869999139233799,0.8734105514317366,train_speakers_only
JVS_JVSMuSiC,mert_l3,3,47,29,0.013613205543880689,0.007743351548417595,0.8811539029801542,train_speakers_only
JVS_JVSMuSiC,mert_l3,3,47,30,0.013006255182064927,0.0073981110384708886,0.888552014018625,train_speakers_only
JVS_JVSMuSiC,mert_l3,3,47,31,0.012250154842278465,0.006968032265475622,0.8955200462841006,train_speakers_only
JVS_JVSMuSiC,mert_l3,3,47,32,0.011751595463961104,0.006684445822765425,0.902204492106866,train_speakers_only
JVS_JVSMuSiC,mert_l3,3,47,33,0.010782235658416784,0.006133062555463664,0.9083375546623297,train_speakers_only
JVS_JVSMuSiC,mert_l3,3,47,34,0.010406044413299145,0.0059190805472589736,0.9142566352095887,train_speakers_only
JVS_JVSMuSiC,mert_l3,3,47,35,0.010038264593562394,0.005709883056818123,0.9199665182664067,train_speakers_only
JVS_JVSMuSiC,mert_l3,3,47,36,0.009360418108072489,0.005324315997238457,0.9252908342636452,train_speakers_only
JVS_JVSMuSiC,mert_l3,3,47,37,0.009214130549549743,0.005241105912064174,0.9305319401757094,train_speakers_only
JVS_JVSMuSiC,mert_l3,3,47,38,0.00862942743750503,0.004908519899649838,0.9354404600753592,train_speakers_only
JVS_JVSMuSiC,mert_l3,3,47,39,0.008400084320195497,0.004778066835027158,0.9402185269103863,train_speakers_only
JVS_JVSMuSiC,mert_l3,3,47,40,0.007856335777009041,0.004468776263437625,0.944687303173824,train_speakers_only
JVS_JVSMuSiC,mert_l3,3,47,41,0.0076848587349809625,0.0043712381035511715,0.9490585412773752,train_speakers_only
JVS_JVSMuSiC,mert_l3,3,47,42,0.007145480989473155,0.004064433693127993,0.9531229749705032,train_speakers_only
JVS_JVSMuSiC,mert_l3,3,47,43,0.006973155997912952,0.003966413209566825,0.95708938818007,train_speakers_only
JVS_JVSMuSiC,mert_l3,3,47,44,0.006902299017890735,0.003926108925303823,0.9610154971053739,train_speakers_only
JVS_JVSMuSiC,mert_l3,3,47,45,0.006261847875683546,0.003561812777147514,0.9645773098825214,train_speakers_only
JVS_JVSMuSiC,mert_l3,3,47,46,0.006131374890312183,0.003487598207328126,0.9680649080898496,train_speakers_only
JVS_JVSMuSiC,mert_l3,3,47,47,0.005779341525909076,0.0032873574860256567,0.9713522655758753,train_speakers_only
JVS_JVSMuSiC,mert_l3,3,47,48,0.005362728870909817,0.003050383304097654,0.974402648879973,train_speakers_only
JVS_JVSMuSiC,mert_l3,3,47,49,0.004956988900049915,0.0028195936328857026,0.9772222425128587,train_speakers_only
JVS_JVSMuSiC,mert_l3,3,47,50,0.0049015649732469715,0.0027880678509495096,0.9800103103638083,train_speakers_only
JVS_JVSMuSiC,mert_l3,3,47,51,0.004707002648939674,0.0026773985107759264,0.9826877088745842,train_speakers_only
JVS_JVSMuSiC,mert_l3,3,47,52,0.004571117898840995,0.002600105665480138,0.9852878145400644,train_speakers_only
JVS_JVSMuSiC,mert_l3,3,47,53,0.004333078780995584,0.002464706213395851,0.9877525207534603,train_speakers_only
JVS_JVSMuSiC,mert_l3,3,47,54,0.0042626645420228045,0.0024246537654530804,0.9901771745189134,train_speakers_only
JVS_JVSMuSiC,mert_l3,3,47,55,0.0038985636242212275,0.002217548877735694,0.9923947233966491,train_speakers_only
JVS_JVSMuSiC,mert_l3,3,47,56,0.0036029832001771033,0.0020494192533921586,0.9944441426500413,train_speakers_only
JVS_JVSMuSiC,mert_l3,3,47,57,0.0034837520689241113,0.0019815991825182233,0.9964257418325595,train_speakers_only
JVS_JVSMuSiC,mert_l3,3,47,58,0.003243006517711385,0.00184466027927837,0.9982704021118378,train_speakers_only
JVS_JVSMuSiC,mert_l3,3,47,59,0.0030407209865902386,0.0017295978881625973,1.0000000000000004,train_speakers_only
JVS_JVSMuSiC,mert_l3,3,47,60,0.0,0.0,1.0000000000000004,train_speakers_only
JVS_JVSMuSiC,mert_l3,3,53,1,0.397611212669689,0.22773559586008446,0.22773559586008446,train_speakers_only
JVS_JVSMuSiC,mert_l3,3,53,2,0.1272880994295009,0.07290546706376849,0.30064106292385295,train_speakers_only
JVS_JVSMuSiC,mert_l3,3,53,3,0.12567895889862365,0.07198381655205022,0.37262487947590317,train_speakers_only
JVS_JVSMuSiC,mert_l3,3,53,4,0.09009019250115363,0.051600012818159596,0.4242248922940628,train_speakers_only
JVS_JVSMuSiC,mert_l3,3,53,5,0.07965685076974792,0.04562421731666946,0.46984910961073223,train_speakers_only
JVS_JVSMuSiC,mert_l3,3,53,6,0.07164817800440736,0.041037173978486705,0.510886283589219,train_speakers_only
JVS_JVSMuSiC,mert_l3,3,53,7,0.059405405613332324,0.03402500989302099,0.54491129348224,train_speakers_only
JVS_JVSMuSiC,mert_l3,3,53,8,0.04996057041265404,0.028615390889108177,0.5735266843713481,train_speakers_only
JVS_JVSMuSiC,mert_l3,3,53,9,0.045319190854157525,0.02595699669476458,0.5994836810661127,train_speakers_only
JVS_JVSMuSiC,mert_l3,3,53,10,0.04381424863288386,0.0250950267538377,0.6245787078199504,train_speakers_only
JVS_JVSMuSiC,mert_l3,3,53,11,0.03940910203627903,0.022571937230549458,0.6471506450504999,train_speakers_only
JVS_JVSMuSiC,mert_l3,3,53,12,0.03879657913331316,0.022221108924304574,0.6693717539748045,train_speakers_only
JVS_JVSMuSiC,mert_l3,3,53,13,0.03592897590333545,0.020578661957368072,0.6899504159321725,train_speakers_only
JVS_JVSMuSiC,mert_l3,3,53,14,0.03302343243280561,0.018914484357557305,0.7088649002897298,train_speakers_only
JVS_JVSMuSiC,mert_l3,3,53,15,0.031280104057704546,0.01791597648445753,0.7267808767741873,train_speakers_only
JVS_JVSMuSiC,mert_l3,3,53,16,0.027618378712267026,0.015818688538727626,0.7425995653129149,train_speakers_only
JVS_JVSMuSiC,mert_l3,3,53,17,0.025768156438466666,0.01475895617059754,0.7573585214835125,train_speakers_only
JVS_JVSMuSiC,mert_l3,3,53,18,0.0246931071078645,0.014143211462997818,0.7715017329465103,train_speakers_only
JVS_JVSMuSiC,mert_l3,3,53,19,0.02299995436994649,0.013173442162321136,0.7846751751088314,train_speakers_only
JVS_JVSMuSiC,mert_l3,3,53,20,0.021991545769838382,0.012595866565611711,0.7972710416744432,train_speakers_only
JVS_JVSMuSiC,mert_l3,3,53,21,0.019926997905845473,0.011413377181493968,0.8086844188559371,train_speakers_only
JVS_JVSMuSiC,mert_l3,3,53,22,0.01836269920782664,0.010517410255147701,0.8192018291110849,train_speakers_only
JVS_JVSMuSiC,mert_l3,3,53,23,0.017937497924322216,0.01027387218435442,0.8294757012954392,train_speakers_only
JVS_JVSMuSiC,mert_l3,3,53,24,0.017096039797882854,0.009791919055997416,0.8392676203514366,train_speakers_only
JVS_JVSMuSiC,mert_l3,3,53,25,0.015297089938359558,0.008761553449780739,0.8480291738012173,train_speakers_only
JVS_JVSMuSiC,mert_l3,3,53,26,0.015116580985793849,0.008658165233953984,0.8566873390351714,train_speakers_only
JVS_JVSMuSiC,mert_l3,3,53,27,0.014755477917423624,0.008451340024247148,0.8651386790594185,train_speakers_only
JVS_JVSMuSiC,mert_l3,3,53,28,0.013755335363069403,0.007878498883697871,0.8730171779431164,train_speakers_only
JVS_JVSMuSiC,mert_l3,3,53,29,0.013346584269371622,0.00764438281524822,0.8806615607583647,train_speakers_only
JVS_JVSMuSiC,mert_l3,3,53,30,0.012240779891114457,0.007011022862202098,0.8876725836205668,train_speakers_only
JVS_JVSMuSiC,mert_l3,3,53,31,0.011514685962930774,0.006595145673339547,0.8942677292939063,train_speakers_only
JVS_JVSMuSiC,mert_l3,3,53,32,0.011410074767321329,0.006535228618169516,0.9008029579120758,train_speakers_only
JVS_JVSMuSiC,mert_l3,3,53,33,0.010852746694029324,0.006216013674484947,0.9070189715865608,train_speakers_only
JVS_JVSMuSiC,mert_l3,3,53,34,0.010278953392756278,0.005887368115199633,0.9129063397017604,train_speakers_only
JVS_JVSMuSiC,mert_l3,3,53,35,0.009544237064411968,0.005466552364808246,0.9183728920665686,train_speakers_only
JVS_JVSMuSiC,mert_l3,3,53,36,0.009088285157826252,0.005205401582785153,0.9235782936493537,train_speakers_only
JVS_JVSMuSiC,mert_l3,3,53,37,0.008884400171602785,0.005088624521814543,0.9286669181711683,train_speakers_only
JVS_JVSMuSiC,mert_l3,3,53,38,0.008629864586791484,0.0049428368497683025,0.9336097550209366,train_speakers_only
JVS_JVSMuSiC,mert_l3,3,53,39,0.00839512952995001,0.004808390118047351,0.9384181451389839,train_speakers_only
JVS_JVSMuSiC,mert_l3,3,53,40,0.008047610393817147,0.004609345234457144,0.943027490373441,train_speakers_only
JVS_JVSMuSiC,mert_l3,3,53,41,0.007669913577813424,0.004393015798298812,0.9474205061717398,train_speakers_only
JVS_JVSMuSiC,mert_l3,3,53,42,0.007361053046646581,0.004216112997619053,0.9516366191693588,train_speakers_only
JVS_JVSMuSiC,mert_l3,3,53,43,0.007267151532356898,0.004162330014072534,0.9557989491834313,train_speakers_only
JVS_JVSMuSiC,mert_l3,3,53,44,0.0068022336674333226,0.003896043894313819,0.9596949930777452,train_speakers_only
JVS_JVSMuSiC,mert_l3,3,53,45,0.006614353680326324,0.003788433848493652,0.9634834269262389,train_speakers_only
JVS_JVSMuSiC,mert_l3,3,53,46,0.005813355891477793,0.0033296547625085438,0.9668130816887475,train_speakers_only
JVS_JVSMuSiC,mert_l3,3,53,47,0.0055338932982504484,0.0031695899098050442,0.9699826715985526,train_speakers_only
JVS_JVSMuSiC,mert_l3,3,53,48,0.005475192748546599,0.0031359686128241008,0.9731186402113766,train_speakers_only
JVS_JVSMuSiC,mert_l3,3,53,49,0.005224124150639418,0.002992166690433026,0.9761108069018096,train_speakers_only
JVS_JVSMuSiC,mert_l3,3,53,50,0.005206733230454568,0.002982205875836627,0.9790930127776463,train_speakers_only
JVS_JVSMuSiC,mert_l3,3,53,51,0.004879866008856202,0.002794989572307296,0.9818880023499535,train_speakers_only
JVS_JVSMuSiC,mert_l3,3,53,52,0.004695468096624221,0.0026893739179208293,0.9845773762678743,train_speakers_only
JVS_JVSMuSiC,mert_l3,3,53,53,0.00462792321587587,0.002650686946390922,0.9872280632142653,train_speakers_only
JVS_JVSMuSiC,mert_l3,3,53,54,0.004277882873033878,0.0024501980177288095,0.9896782612319941,train_speakers_only
JVS_JVSMuSiC,mert_l3,3,53,55,0.003957963436671554,0.00226696112413617,0.9919452223561303,train_speakers_only
JVS_JVSMuSiC,mert_l3,3,53,56,0.0038428817442426187,0.002201046992535302,0.9941462693486656,train_speakers_only
JVS_JVSMuSiC,mert_l3,3,53,57,0.003560640706617356,0.0020393907594321516,0.9961856601080977,train_speakers_only
JVS_JVSMuSiC,mert_l3,3,53,58,0.0034015397497309573,0.0019482641763180738,0.9981339242844158,train_speakers_only
JVS_JVSMuSiC,mert_l3,3,53,59,0.0032580441603988833,0.0018660757155842423,1.0,train_speakers_only
JVS_JVSMuSiC,mert_l3,3,53,60,0.0,0.0,1.0,train_speakers_only
JVS_JVSMuSiC,mert_l3,3,59,1,0.4082685619657887,0.22650681500766168,0.22650681500766168,train_speakers_only
JVS_JVSMuSiC,mert_l3,3,59,2,0.1309031301737297,0.07262486963830793,0.2991316846459696,train_speakers_only
JVS_JVSMuSiC,mert_l3,3,59,3,0.10585078686471745,0.058725865355243954,0.35785755000121355,train_speakers_only
JVS_JVSMuSiC,mert_l3,3,59,4,0.09862704766173809,0.05471814516382263,0.41257569516503617,train_speakers_only
JVS_JVSMuSiC,mert_l3,3,59,5,0.09021683417002015,0.05005217073176943,0.4626278658968056,train_speakers_only
JVS_JVSMuSiC,mert_l3,3,59,6,0.06873040449747919,0.038131530240667434,0.500759396137473,train_speakers_only
JVS_JVSMuSiC,mert_l3,3,59,7,0.0656437275024807,0.03641904625285278,0.5371784423903257,train_speakers_only
JVS_JVSMuSiC,mert_l3,3,59,8,0.05981326286361845,0.03318431279944974,0.5703627551897755,train_speakers_only
JVS_JVSMuSiC,mert_l3,3,59,9,0.05090320944825199,0.028241027891727877,0.5986037830815034,train_speakers_only
JVS_JVSMuSiC,mert_l3,3,59,10,0.04474419724700443,0.02482401672001093,0.6234277998015143,train_speakers_only
JVS_JVSMuSiC,mert_l3,3,59,11,0.04367425665900484,0.02423041521009227,0.6476582150116066,train_speakers_only
JVS_JVSMuSiC,mert_l3,3,59,12,0.040155084540141675,0.022277983545333682,0.6699361985569403,train_speakers_only
JVS_JVSMuSiC,mert_l3,3,59,13,0.03770339946360232,0.020917792166857477,0.6908539907237978,train_speakers_only
JVS_JVSMuSiC,mert_l3,3,59,14,0.03277958565843687,0.01818606730092906,0.7090400580247269,train_speakers_only
JVS_JVSMuSiC,mert_l3,3,59,15,0.030356360738227506,0.016841665576532237,0.7258817236012591,train_speakers_only
JVS_JVSMuSiC,mert_l3,3,59,16,0.030080044784690757,0.016688365880199854,0.742570089481459,train_speakers_only
JVS_JVSMuSiC,mert_l3,3,59,17,0.028570371418784705,0.015850801253213143,0.7584208907346721,train_speakers_only
JVS_JVSMuSiC,mert_l3,3,59,18,0.025956317978947666,0.01440052813870641,0.7728214188733785,train_speakers_only
JVS_JVSMuSiC,mert_l3,3,59,19,0.024525574208086598,0.013606753538307596,0.7864281724116862,train_speakers_only
JVS_JVSMuSiC,mert_l3,3,59,20,0.023082099142109107,0.012805915633563578,0.7992340880452498,train_speakers_only
JVS_JVSMuSiC,mert_l3,3,59,21,0.020995265960667815,0.011648143565333202,0.8108822316105829,train_speakers_only
JVS_JVSMuSiC,mert_l3,3,59,22,0.019006859179851714,0.010544978323577375,0.8214272099341603,train_speakers_only
JVS_JVSMuSiC,mert_l3,3,59,23,0.01785768113365712,0.009907415985034942,0.8313346259191953,train_speakers_only
JVS_JVSMuSiC,mert_l3,3,59,24,0.01676900097800464,0.009303417789750064,0.8406380437089453,train_speakers_only
JVS_JVSMuSiC,mert_l3,3,59,25,0.016338100278508405,0.009064354697168264,0.8497023984061136,train_speakers_only
JVS_JVSMuSiC,mert_l3,3,59,26,0.015614337897040939,0.008662812361752554,0.8583652107678662,train_speakers_only
JVS_JVSMuSiC,mert_l3,3,59,27,0.015134858304486078,0.008396797768691936,0.8667620085365582,train_speakers_only
JVS_JVSMuSiC,mert_l3,3,59,28,0.014568000536399315,0.008082305888657236,0.8748443144252154,train_speakers_only
JVS_JVSMuSiC,mert_l3,3,59,29,0.013160883441624933,0.007301639334402963,0.8821459537596184,train_speakers_only
JVS_JVSMuSiC,mert_l3,3,59,30,0.01231344169036401,0.0068314798612895,0.8889774336209079,train_speakers_only
JVS_JVSMuSiC,mert_l3,3,59,31,0.011818468970305146,0.00655686970322005,0.8955343033241279,train_speakers_only
JVS_JVSMuSiC,mert_l3,3,59,32,0.011622472477669146,0.006448131129067056,0.9019824344531949,train_speakers_only
JVS_JVSMuSiC,mert_l3,3,59,33,0.010920760945131464,0.006058822573140151,0.9080412570263351,train_speakers_only
JVS_JVSMuSiC,mert_l3,3,59,34,0.01050279604709033,0.0058269362447281375,0.9138681932710633,train_speakers_only
JVS_JVSMuSiC,mert_l3,3,59,35,0.010284715356038253,0.005705945388838981,0.9195741386599022,train_speakers_only
JVS_JVSMuSiC,mert_l3,3,59,36,0.009761247513681104,0.005415526177620885,0.9249896648375231,train_speakers_only
JVS_JVSMuSiC,mert_l3,3,59,37,0.009295682946476445,0.005157231620748333,0.9301468964582714,train_speakers_only
JVS_JVSMuSiC,mert_l3,3,59,38,0.009074034741305038,0.00503426151312161,0.935181157971393,train_speakers_only
JVS_JVSMuSiC,mert_l3,3,59,39,0.008327361212426573,0.0046200081058485705,0.9398011660772416,train_speakers_only
JVS_JVSMuSiC,mert_l3,3,59,40,0.00817344569823799,0.004534615998429719,0.9443357820756714,train_speakers_only
JVS_JVSMuSiC,mert_l3,3,59,41,0.007738014878642259,0.004293039601687544,0.948628821677359,train_speakers_only
JVS_JVSMuSiC,mert_l3,3,59,42,0.007573104621621991,0.004201547626650568,0.9528303693040096,train_speakers_only
JVS_JVSMuSiC,mert_l3,3,59,43,0.007203201429933272,0.0039963258642715166,0.9568266951682811,train_speakers_only
JVS_JVSMuSiC,mert_l3,3,59,44,0.006844495770573677,0.0037973164768341033,0.9606240116451152,train_speakers_only
JVS_JVSMuSiC,mert_l3,3,59,45,0.0061386271636381775,0.0034057015819692555,0.9640297132270845,train_speakers_only
JVS_JVSMuSiC,mert_l3,3,59,46,0.0060055620636753175,0.0033318772545800966,0.9673615904816646,train_speakers_only
JVS_JVSMuSiC,mert_l3,3,59,47,0.005769392494574289,0.0032008507149875417,0.9705624411966521,train_speakers_only
JVS_JVSMuSiC,mert_l3,3,59,48,0.005671992980209404,0.003146813603543404,0.9737092548001955,train_speakers_only
JVS_JVSMuSiC,mert_l3,3,59,49,0.005147455568894396,0.0028558009969952606,0.9765650557971908,train_speakers_only
JVS_JVSMuSiC,mert_l3,3,59,50,0.005075058139174018,0.0028156350063989095,0.9793806908035897,train_speakers_only
JVS_JVSMuSiC,mert_l3,3,59,51,0.0048659792445339125,0.0026996383343009457,0.9820803291378907,train_speakers_only
JVS_JVSMuSiC,mert_l3,3,59,52,0.004719070643621958,0.002618133652359291,0.98469846279025,train_speakers_only
JVS_JVSMuSiC,mert_l3,3,59,53,0.004491992068542342,0.0024921507832642367,0.9871906135735142,train_speakers_only
JVS_JVSMuSiC,mert_l3,3,59,54,0.004391028466520084,0.0024361363210787324,0.989626749894593,train_speakers_only
JVS_JVSMuSiC,mert_l3,3,59,55,0.004107091754184863,0.002278608638650452,0.9919053585332435,train_speakers_only
JVS_JVSMuSiC,mert_l3,3,59,56,0.003887850164134578,0.0021569737176553184,0.9940623322508988,train_speakers_only
JVS_JVSMuSiC,mert_l3,3,59,57,0.0038474923061806708,0.002134583235709669,0.9961969154866085,train_speakers_only
JVS_JVSMuSiC,mert_l3,3,59,58,0.0035676298006739977,0.0019793159174102686,0.9981762314040188,train_speakers_only
JVS_JVSMuSiC,mert_l3,3,59,59,0.003287262601854392,0.0018237685959817567,1.0000000000000004,train_speakers_only
JVS_JVSMuSiC,mert_l3,3,59,60,4.704208186570995e-19,2.609887982416955e-19,1.0000000000000004,train_speakers_only
JVS_JVSMuSiC,mert_l3,3,61,1,0.321178088602253,0.19454261287369642,0.19454261287369642,train_speakers_only
JVS_JVSMuSiC,mert_l3,3,61,2,0.13341608244870323,0.08081221664870811,0.27535482952240453,train_speakers_only
JVS_JVSMuSiC,mert_l3,3,61,3,0.10945280329693267,0.06629728208547116,0.3416521116078757,train_speakers_only
JVS_JVSMuSiC,mert_l3,3,61,4,0.09361019898168428,0.05670116781869331,0.398353279426569,train_speakers_only
JVS_JVSMuSiC,mert_l3,3,61,5,0.07730897513040602,0.04682726049560064,0.44518053992216966,train_speakers_only
JVS_JVSMuSiC,mert_l3,3,61,6,0.07124618678637766,0.04315493436999085,0.4883354742921605,train_speakers_only
JVS_JVSMuSiC,mert_l3,3,61,7,0.06145406958183584,0.037223695178589554,0.5255591694707501,train_speakers_only
JVS_JVSMuSiC,mert_l3,3,61,8,0.05325810835225578,0.03225927273136401,0.5578184422021141,train_speakers_only
JVS_JVSMuSiC,mert_l3,3,61,9,0.04843289865251169,0.029336567428717365,0.5871550096308314,train_speakers_only
JVS_JVSMuSiC,mert_l3,3,61,10,0.042988749188738254,0.02603896058957514,0.6131939702204066,train_speakers_only
JVS_JVSMuSiC,mert_l3,3,61,11,0.03958056563709335,0.023974570281457764,0.6371685405018643,train_speakers_only
JVS_JVSMuSiC,mert_l3,3,61,12,0.03577189795905713,0.021667600447751734,0.6588361409496161,train_speakers_only
JVS_JVSMuSiC,mert_l3,3,61,13,0.03252950833488429,0.019703634125558724,0.6785397750751748,train_speakers_only
JVS_JVSMuSiC,mert_l3,3,61,14,0.030682058177492644,0.018584604548114593,0.6971243796232894,train_speakers_only
JVS_JVSMuSiC,mert_l3,3,61,15,0.028642986070322795,0.017349506545965534,0.714473886169255,train_speakers_only
JVS_JVSMuSiC,mert_l3,3,61,16,0.026516322359901947,0.016061352933963376,0.7305352391032184,train_speakers_only
JVS_JVSMuSiC,mert_l3,3,61,17,0.025072954386348302,0.015187082282016514,0.7457223213852349,train_speakers_only
JVS_JVSMuSiC,mert_l3,3,61,18,0.022916032184473103,0.013880600626483228,0.7596029220117181,train_speakers_only
JVS_JVSMuSiC,mert_l3,3,61,19,0.02106729302460901,0.012760790279995726,0.7723637122917139,train_speakers_only
JVS_JVSMuSiC,mert_l3,3,61,20,0.02019998303765203,0.012235446998427671,0.7845991592901416,train_speakers_only
JVS_JVSMuSiC,mert_l3,3,61,21,0.019765219100085264,0.011972103652791664,0.7965712629429332,train_speakers_only
JVS_JVSMuSiC,mert_l3,3,61,22,0.01892758786428569,0.011464737256951145,0.8080360001998844,train_speakers_only
JVS_JVSMuSiC,mert_l3,3,61,23,0.018150267486663024,0.010993902095185314,0.8190299022950698,train_speakers_only
JVS_JVSMuSiC,mert_l3,3,61,24,0.01774364656520055,0.010747605416434033,0.8297775077115038,train_speakers_only
JVS_JVSMuSiC,mert_l3,3,61,25,0.016681860392985363,0.010104464854900552,0.8398819725664044,train_speakers_only
JVS_JVSMuSiC,mert_l3,3,61,26,0.015994001354113937,0.009687817831147456,0.8495697903975519,train_speakers_only
JVS_JVSMuSiC,mert_l3,3,61,27,0.014481657719831603,0.00877176753812593,0.8583415579356778,train_speakers_only
JVS_JVSMuSiC,mert_l3,3,61,28,0.013790108168222457,0.008352885112842288,0.8666944430485201,train_speakers_only
JVS_JVSMuSiC,mert_l3,3,61,29,0.013492424193125086,0.008172573253530524,0.8748670163020505,train_speakers_only
JVS_JVSMuSiC,mert_l3,3,61,30,0.012444570881775486,0.007537872044660834,0.8824048883467114,train_speakers_only
JVS_JVSMuSiC,mert_l3,3,61,31,0.011943737228613945,0.007234509234560216,0.8896393975812716,train_speakers_only
JVS_JVSMuSiC,mert_l3,3,61,32,0.011298924995154948,0.006843936336963249,0.8964833339182349,train_speakers_only
JVS_JVSMuSiC,mert_l3,3,61,33,0.010438297396737888,0.006322640683091254,0.9028059746013262,train_speakers_only
JVS_JVSMuSiC,mert_l3,3,61,34,0.010144773340230348,0.006144848551807418,0.9089508231531336,train_speakers_only
JVS_JVSMuSiC,mert_l3,3,61,35,0.009787532804330335,0.005928462348187983,0.9148792855013216,train_speakers_only
JVS_JVSMuSiC,mert_l3,3,61,36,0.009378797183227407,0.005680884762649792,0.9205601702639714,train_speakers_only
JVS_JVSMuSiC,mert_l3,3,61,37,0.008875881681916085,0.00537626094442615,0.9259364312083975,train_speakers_only
JVS_JVSMuSiC,mert_l3,3,61,38,0.008649598141923138,0.0052391974501133295,0.9311756286585109,train_speakers_only
JVS_JVSMuSiC,mert_l3,3,61,39,0.008414084562170982,0.005096543175746057,0.9362721718342569,train_speakers_only
JVS_JVSMuSiC,mert_l3,3,61,40,0.008144370009223481,0.004933172834734258,0.9412053446689912,train_speakers_only
JVS_JVSMuSiC,mert_l3,3,61,41,0.007482799875585541,0.004532449413789712,0.9457377940827809,train_speakers_only
JVS_JVSMuSiC,mert_l3,3,61,42,0.007256548052364613,0.004395405130823865,0.9501331992136047,train_speakers_only
JVS_JVSMuSiC,mert_l3,3,61,43,0.006908263407970203,0.004184443651355743,0.9543176428649605,train_speakers_only
JVS_JVSMuSiC,mert_l3,3,61,44,0.006809149719539532,0.004124408933536836,0.9584420517984973,train_speakers_only
JVS_JVSMuSiC,mert_l3,3,61,45,0.006362907119535802,0.003854112781772303,0.9622961645802696,train_speakers_only
JVS_JVSMuSiC,mert_l3,3,61,46,0.006290026269526714,0.003809967706213358,0.9661061322864829,train_speakers_only
JVS_JVSMuSiC,mert_l3,3,61,47,0.005861115742024064,0.003550169862990202,0.9696563021494731,train_speakers_only
JVS_JVSMuSiC,mert_l3,3,61,48,0.005343896168311211,0.0032368818434449858,0.972893183992918,train_speakers_only
JVS_JVSMuSiC,mert_l3,3,61,49,0.005228134305974195,0.0031667630652052357,0.9760599470581233,train_speakers_only
JVS_JVSMuSiC,mert_l3,3,61,50,0.004728117294967534,0.0028638949080844783,0.9789238419662077,train_speakers_only
JVS_JVSMuSiC,mert_l3,3,61,51,0.004610632262341192,0.002792732378535382,0.9817165743447431,train_speakers_only
JVS_JVSMuSiC,mert_l3,3,61,52,0.004389896958722114,0.002659029538137997,0.9843756038828811,train_speakers_only
JVS_JVSMuSiC,mert_l3,3,61,53,0.004235591991937512,0.0025655645961542343,0.9869411684790353,train_speakers_only
JVS_JVSMuSiC,mert_l3,3,61,54,0.004128394959267398,0.002500633669767855,0.9894418021488032,train_speakers_only
JVS_JVSMuSiC,mert_l3,3,61,55,0.0038792899967555624,0.0023497468813889894,0.9917915490301922,train_speakers_only
JVS_JVSMuSiC,mert_l3,3,61,56,0.0037274617106598505,0.002257782103798655,0.9940493311339909,train_speakers_only
JVS_JVSMuSiC,mert_l3,3,61,57,0.003500989933946527,0.002120604591547748,0.9961699357255386,train_speakers_only
JVS_JVSMuSiC,mert_l3,3,61,58,0.003314988089152921,0.0020079403527045823,0.9981778760782432,train_speakers_only
JVS_JVSMuSiC,mert_l3,3,61,59,0.0030082163991817915,0.0018221239217569186,1.0,train_speakers_only
JVS_JVSMuSiC,mert_l3,3,61,60,0.0,0.0,1.0,train_speakers_only
JVS_JVSMuSiC,mert_l3,3,67,1,0.4164220687823954,0.23894725165538522,0.23894725165538522,train_speakers_only
JVS_JVSMuSiC,mert_l3,3,67,2,0.1342619641088462,0.07704089127521054,0.31598814293059574,train_speakers_only
JVS_JVSMuSiC,mert_l3,3,67,3,0.12409941585225227,0.07120951691306722,0.38719765984366294,train_speakers_only
JVS_JVSMuSiC,mert_l3,3,67,4,0.09144601173909912,0.05247265891501567,0.4396703187586786,train_speakers_only
JVS_JVSMuSiC,mert_l3,3,67,5,0.0862449770086758,0.04948825187282242,0.48915857063150103,train_speakers_only
JVS_JVSMuSiC,mert_l3,3,67,6,0.06268151552349005,0.03596729613232617,0.5251258667638272,train_speakers_only
JVS_JVSMuSiC,mert_l3,3,67,7,0.05620895045636278,0.03225327194894673,0.557379138712774,train_speakers_only
JVS_JVSMuSiC,mert_l3,3,67,8,0.052787297522248304,0.030289892421257764,0.5876690311340318,train_speakers_only
JVS_JVSMuSiC,mert_l3,3,67,9,0.04416083424359231,0.025339939365292122,0.6130089704993239,train_speakers_only
JVS_JVSMuSiC,mert_l3,3,67,10,0.04180112382834206,0.02398591334050601,0.6369948838398299,train_speakers_only
JVS_JVSMuSiC,mert_l3,3,67,11,0.03989085311982805,0.022889780426484752,0.6598846642663146,train_speakers_only
JVS_JVSMuSiC,mert_l3,3,67,12,0.03644130009411292,0.020910391540241855,0.6807950558065565,train_speakers_only
JVS_JVSMuSiC,mert_l3,3,67,13,0.034088351166921424,0.019560245326613362,0.7003553011331699,train_speakers_only
JVS_JVSMuSiC,mert_l3,3,67,14,0.029634019533119477,0.01700430417543772,0.7173596053086077,train_speakers_only
JVS_JVSMuSiC,mert_l3,3,67,15,0.027705039446342703,0.0158974356283864,0.7332570409369941,train_speakers_only
JVS_JVSMuSiC,mert_l3,3,67,16,0.02709222483725844,0.015545796323958775,0.7488028372609529,train_speakers_only
JVS_JVSMuSiC,mert_l3,3,67,17,0.02376597446250013,0.013637159762764604,0.7624399970237175,train_speakers_only
JVS_JVSMuSiC,mert_l3,3,67,18,0.023192826442688833,0.013308281553869289,0.7757482785775868,train_speakers_only
JVS_JVSMuSiC,mert_l3,3,67,19,0.021471091898872727,0.012320332623765926,0.7880686112013527,train_speakers_only
JVS_JVSMuSiC,mert_l3,3,67,20,0.020889665174322693,0.011986704009229595,0.8000553152105824,train_speakers_only
JVS_JVSMuSiC,mert_l3,3,67,21,0.019462928374553806,0.011168027808572893,0.8112233430191552,train_speakers_only
JVS_JVSMuSiC,mert_l3,3,67,22,0.01790446419719771,0.010273765088368202,0.8214971081075234,train_speakers_only
JVS_JVSMuSiC,mert_l3,3,67,23,0.017702452076121623,0.01015784846254348,0.8316549565700669,train_speakers_only
JVS_JVSMuSiC,mert_l3,3,67,24,0.016288694663701288,0.009346619967394257,0.8410015765374612,train_speakers_only
JVS_JVSMuSiC,mert_l3,3,67,25,0.015937910754029706,0.00914533656426906,0.8501469131017303,train_speakers_only
JVS_JVSMuSiC,mert_l3,3,67,26,0.015037377878939646,0.00862860156951417,0.8587755146712445,train_speakers_only
JVS_JVSMuSiC,mert_l3,3,67,27,0.013709967982594124,0.00786692016420501,0.8666424348354494,train_speakers_only
JVS_JVSMuSiC,mert_l3,3,67,28,0.013172542977728074,0.007558540187468644,0.874200975022918,train_speakers_only
JVS_JVSMuSiC,mert_l3,3,67,29,0.012585396953718162,0.007221629780275819,0.8814226048031939,train_speakers_only
JVS_JVSMuSiC,mert_l3,3,67,30,0.0121747330188641,0.006985986604893005,0.8884085914080869,train_speakers_only
JVS_JVSMuSiC,mert_l3,3,67,31,0.011651539956772565,0.006685773062807017,0.895094364470894,train_speakers_only
JVS_JVSMuSiC,mert_l3,3,67,32,0.011084889244967325,0.006360623075847071,0.901454987546741,train_speakers_only
JVS_JVSMuSiC,mert_l3,3,67,33,0.010732471530367983,0.006158402178706797,0.9076133897254478,train_speakers_only
JVS_JVSMuSiC,mert_l3,3,67,34,0.0103999094889688,0.00596757467038191,0.9135809643958297,train_speakers_only
JVS_JVSMuSiC,mert_l3,3,67,35,0.009997559867188761,0.005736702333067908,0.9193176667288976,train_speakers_only
JVS_JVSMuSiC,mert_l3,3,67,36,0.009928718611754057,0.005697200515033319,0.9250148672439309,train_speakers_only
JVS_JVSMuSiC,mert_l3,3,67,37,0.009765961317257517,0.005603808711086597,0.9306186759550175,train_speakers_only
JVS_JVSMuSiC,mert_l3,3,67,38,0.008797324245620266,0.005047994830242089,0.9356666707852596,train_speakers_only
JVS_JVSMuSiC,mert_l3,3,67,39,0.008583975564534557,0.004925573170076977,0.9405922439553366,train_speakers_only
JVS_JVSMuSiC,mert_l3,3,67,40,0.008017600759237867,0.004600581501099851,0.9451928254564365,train_speakers_only
JVS_JVSMuSiC,mert_l3,3,67,41,0.007379488355494386,0.004234426062778465,0.9494272515192149,train_speakers_only
JVS_JVSMuSiC,mert_l3,3,67,42,0.007135447364284643,0.004094392840448704,0.9535216443596636,train_speakers_only
JVS_JVSMuSiC,mert_l3,3,67,43,0.006596054559204423,0.0037848837197782576,0.9573065280794418,train_speakers_only
JVS_JVSMuSiC,mert_l3,3,67,44,0.00649011176105675,0.003724092656220827,0.9610306207356627,train_speakers_only
JVS_JVSMuSiC,mert_l3,3,67,45,0.006289414332632214,0.0036089304145159903,0.9646395511501787,train_speakers_only
JVS_JVSMuSiC,mert_l3,3,67,46,0.00599443683010197,0.0034396692998592566,0.968079220450038,train_speakers_only
JVS_JVSMuSiC,mert_l3,3,67,47,0.005503883413244364,0.0031581847207853846,0.9712374051708235,train_speakers_only
JVS_JVSMuSiC,mert_l3,3,67,48,0.005352835015047424,0.003071511601558921,0.9743089167723824,train_speakers_only
JVS_JVSMuSiC,mert_l3,3,67,49,0.005160613109814877,0.0029612127019410903,0.9772701294743235,train_speakers_only
JVS_JVSMuSiC,mert_l3,3,67,50,0.004907764648740904,0.00281612566312113,0.9800862551374446,train_speakers_only
JVS_JVSMuSiC,mert_l3,3,67,51,0.004788364242655159,0.0027476124861798893,0.9828338676236246,train_speakers_only
JVS_JVSMuSiC,mert_l3,3,67,52,0.004561437065153969,0.0026173993455834476,0.985451266969208,train_speakers_only
JVS_JVSMuSiC,mert_l3,3,67,53,0.004147767318553868,0.002380031404609296,0.9878312983738173,train_speakers_only
JVS_JVSMuSiC,mert_l3,3,67,54,0.003938106502358663,0.002259725879121289,0.9900910242529386,train_speakers_only
JVS_JVSMuSiC,mert_l3,3,67,55,0.003829217099153849,0.0021972440233775153,0.9922882682763161,train_speakers_only
JVS_JVSMuSiC,mert_l3,3,67,56,0.003601780504140459,0.0020667385737907235,0.9943550068501068,train_speakers_only
JVS_JVSMuSiC,mert_l3,3,67,57,0.003537670202895537,0.002029951425765488,0.9963849582758723,train_speakers_only
JVS_JVSMuSiC,mert_l3,3,67,58,0.003258974172402857,0.0018700327866592345,0.9982549910625315,train_speakers_only
JVS_JVSMuSiC,mert_l3,3,67,59,0.003041090561830498,0.0017450089374688037,1.0000000000000002,train_speakers_only
JVS_JVSMuSiC,mert_l3,3,67,60,0.0,0.0,1.0000000000000002,train_speakers_only
JVS_JVSMuSiC,mert_l3,3,71,1,0.36466476298188877,0.20972837105253017,0.20972837105253017,train_speakers_only
JVS_JVSMuSiC,mert_l3,3,71,2,0.14682703555285515,0.08444411996697809,0.29417249101950826,train_speakers_only
JVS_JVSMuSiC,mert_l3,3,71,3,0.1176603528792495,0.06766958766470249,0.36184207868421076,train_speakers_only
JVS_JVSMuSiC,mert_l3,3,71,4,0.10158187671903184,0.05842242984633969,0.4202645085305504,train_speakers_only
JVS_JVSMuSiC,mert_l3,3,71,5,0.09212325100023551,0.05298252348363679,0.4732470320141872,train_speakers_only
JVS_JVSMuSiC,mert_l3,3,71,6,0.07238602950382532,0.04163112424314949,0.5148781562573367,train_speakers_only
JVS_JVSMuSiC,mert_l3,3,71,7,0.06489597997956145,0.037323398229312896,0.5522015544866495,train_speakers_only
JVS_JVSMuSiC,mert_l3,3,71,8,0.04706982419384476,0.027071103534054175,0.5792726580207037,train_speakers_only
JVS_JVSMuSiC,mert_l3,3,71,9,0.04626008181239859,0.026605399227325372,0.6058780572480291,train_speakers_only
JVS_JVSMuSiC,mert_l3,3,71,10,0.04260899039497897,0.02450555977676316,0.6303836170247923,train_speakers_only
JVS_JVSMuSiC,mert_l3,3,71,11,0.03843012263554959,0.022102182162588278,0.6524857991873806,train_speakers_only
JVS_JVSMuSiC,mert_l3,3,71,12,0.03604945725763046,0.0207329984014555,0.6732187975888361,train_speakers_only
JVS_JVSMuSiC,mert_l3,3,71,13,0.03520347454527018,0.020246451319826077,0.6934652489086621,train_speakers_only
JVS_JVSMuSiC,mert_l3,3,71,14,0.032416363281722135,0.018643509756549447,0.7121087586652116,train_speakers_only
JVS_JVSMuSiC,mert_l3,3,71,15,0.027995430114691223,0.016100913910239104,0.7282096725754508,train_speakers_only
JVS_JVSMuSiC,mert_l3,3,71,16,0.02634445713146647,0.01515139558663661,0.7433610681620874,train_speakers_only
JVS_JVSMuSiC,mert_l3,3,71,17,0.025060331761643878,0.014412861049222321,0.7577739292113097,train_speakers_only
JVS_JVSMuSiC,mert_l3,3,71,18,0.023501766731898334,0.013516488989045491,0.7712904182003552,train_speakers_only
JVS_JVSMuSiC,mert_l3,3,71,19,0.02288566319740197,0.013162151515819304,0.7844525697161745,train_speakers_only
JVS_JVSMuSiC,mert_l3,3,71,20,0.02111684843059086,0.01214485925894342,0.7965974289751179,train_speakers_only
JVS_JVSMuSiC,mert_l3,3,71,21,0.019602544789396298,0.011273943096521596,0.8078713720716395,train_speakers_only
JVS_JVSMuSiC,mert_l3,3,71,22,0.018761924183509672,0.010790479904454012,0.8186618519760935,train_speakers_only
JVS_JVSMuSiC,mert_l3,3,71,23,0.01759146520670224,0.01011731792252206,0.8287791698986156,train_speakers_only
JVS_JVSMuSiC,mert_l3,3,71,24,0.01698524019305894,0.009768661848480098,0.8385478317470957,train_speakers_only
JVS_JVSMuSiC,mert_l3,3,71,25,0.016422523176807518,0.00944502837696804,0.8479928601240637,train_speakers_only
JVS_JVSMuSiC,mert_l3,3,71,26,0.015716857009885652,0.009039181059872704,0.8570320411839364,train_speakers_only
JVS_JVSMuSiC,mert_l3,3,71,27,0.014203953176176311,0.00816906996383915,0.8652011111477755,train_speakers_only
JVS_JVSMuSiC,mert_l3,3,71,28,0.014106776224556873,0.008113180923175225,0.8733142920709508,train_speakers_only
JVS_JVSMuSiC,mert_l3,3,71,29,0.01348522720445939,0.0077557116068409345,0.8810700036777918,train_speakers_only
JVS_JVSMuSiC,mert_l3,3,71,30,0.012775806298812366,0.007347704839981066,0.8884177085177728,train_speakers_only
JVS_JVSMuSiC,mert_l3,3,71,31,0.011846650882921798,0.006813322931962595,0.8952310314497354,train_speakers_only
JVS_JVSMuSiC,mert_l3,3,71,32,0.011055701468233934,0.006358426958545836,0.9015894584082812,train_speakers_only
JVS_JVSMuSiC,mert_l3,3,71,33,0.010867074998470054,0.0062499428760217106,0.907839401284303,train_speakers_only
JVS_JVSMuSiC,mert_l3,3,71,34,0.010178179914767344,0.0058537410534226855,0.9136931423377257,train_speakers_only
JVS_JVSMuSiC,mert_l3,3,71,35,0.009563372687398633,0.005500149120785733,0.9191932914585115,train_speakers_only
JVS_JVSMuSiC,mert_l3,3,71,36,0.009331485719780238,0.005366784779275905,0.9245600762377874,train_speakers_only
JVS_JVSMuSiC,mert_l3,3,71,37,0.008962848514549256,0.005154771751391742,0.9297148479891791,train_speakers_only
JVS_JVSMuSiC,mert_l3,3,71,38,0.008632304356662627,0.004964667044735629,0.9346795150339148,train_speakers_only
JVS_JVSMuSiC,mert_l3,3,71,39,0.008391572039622439,0.004826215508317104,0.9395057305422319,train_speakers_only
JVS_JVSMuSiC,mert_l3,3,71,40,0.007812287695614336,0.004493053727475978,0.9439987842697078,train_speakers_only
JVS_JVSMuSiC,mert_l3,3,71,41,0.007713635556156271,0.004436316267184498,0.9484351005368924,train_speakers_only
JVS_JVSMuSiC,mert_l3,3,71,42,0.0069005761672738565,0.003968704261557995,0.9524038047984504,train_speakers_only
JVS_JVSMuSiC,mert_l3,3,71,43,0.006751078006289055,0.0038827239065538327,0.9562865287050043,train_speakers_only
JVS_JVSMuSiC,mert_l3,3,71,44,0.006409923729446199,0.003686517039252509,0.9599730457442568,train_speakers_only
JVS_JVSMuSiC,mert_l3,3,71,45,0.006326700419922601,0.003638653108015337,0.9636116988522722,train_speakers_only
JVS_JVSMuSiC,mert_l3,3,71,46,0.006102880211301896,0.003509928173423866,0.967121627025696,train_speakers_only
JVS_JVSMuSiC,mert_l3,3,71,47,0.005799389021793311,0.003335382345952207,0.9704570093716482,train_speakers_only
JVS_JVSMuSiC,mert_l3,3,71,48,0.005593991779622154,0.003217252947687921,0.9736742623193362,train_speakers_only
JVS_JVSMuSiC,mert_l3,3,71,49,0.005329536676527238,0.003065157808209418,0.9767394201275456,train_speakers_only
JVS_JVSMuSiC,mert_l3,3,71,50,0.005097055015704731,0.0029314514428748746,0.9796708715704204,train_speakers_only
JVS_JVSMuSiC,mert_l3,3,71,51,0.004914848284002931,0.0028266595218728392,0.9824975310922933,train_speakers_only
JVS_JVSMuSiC,mert_l3,3,71,52,0.004486832753964989,0.0025804964455009628,0.9850780275377943,train_speakers_only
JVS_JVSMuSiC,mert_l3,3,71,53,0.004295741516866511,0.002470594809951199,0.9875486223477454,train_speakers_only
JVS_JVSMuSiC,mert_l3,3,71,54,0.0042153482504570065,0.0024243585115225107,0.989972980859268,train_speakers_only
JVS_JVSMuSiC,mert_l3,3,71,55,0.003961746136461223,0.0022785052137459572,0.9922514860730139,train_speakers_only
JVS_JVSMuSiC,mert_l3,3,71,56,0.003802803538277672,0.0021870931125730544,0.994438579185587,train_speakers_only
JVS_JVSMuSiC,mert_l3,3,71,57,0.003404729925659943,0.0019581504265547217,0.9963967296121417,train_speakers_only
JVS_JVSMuSiC,mert_l3,3,71,58,0.0031685507766335,0.00182231753774789,0.9982190471498895,train_speakers_only
JVS_JVSMuSiC,mert_l3,3,71,59,0.003096628013216633,0.0017809528501107539,1.0000000000000002,train_speakers_only
JVS_JVSMuSiC,mert_l3,3,71,60,0.0,0.0,1.0000000000000002,train_speakers_only
JVS_JVSMuSiC,mert_l3,3,73,1,0.3922047660311189,0.21987537559370499,0.21987537559370499,train_speakers_only
JVS_JVSMuSiC,mert_l3,3,73,2,0.15084489507890855,0.08456571881443288,0.3044410944081379,train_speakers_only
JVS_JVSMuSiC,mert_l3,3,73,3,0.12622975997281002,0.07076613618438962,0.3752072305925275,train_speakers_only
JVS_JVSMuSiC,mert_l3,3,73,4,0.0956856944048374,0.05364271375156822,0.4288499443440957,train_speakers_only
JVS_JVSMuSiC,mert_l3,3,73,5,0.08538223577474058,0.0478664534089619,0.4767163977530576,train_speakers_only
JVS_JVSMuSiC,mert_l3,3,73,6,0.0710626874837029,0.03983871807396016,0.5165551158270177,train_speakers_only
JVS_JVSMuSiC,mert_l3,3,73,7,0.05989274054592252,0.03357669249186576,0.5501318083188835,train_speakers_only
JVS_JVSMuSiC,mert_l3,3,73,8,0.05415037816205965,0.030357445314622554,0.5804892536335061,train_speakers_only
JVS_JVSMuSiC,mert_l3,3,73,9,0.0498509296252381,0.027947115446768686,0.6084363690802748,train_speakers_only
JVS_JVSMuSiC,mert_l3,3,73,10,0.04204968742644712,0.023573631983233905,0.6320100010635087,train_speakers_only
JVS_JVSMuSiC,mert_l3,3,73,11,0.03736589900501323,0.02094783590027016,0.6529578369637788,train_speakers_only
JVS_JVSMuSiC,mert_l3,3,73,12,0.036225968342939285,0.02030877512339423,0.6732666120871731,train_speakers_only
JVS_JVSMuSiC,mert_l3,3,73,13,0.0346494525561863,0.019424958732661705,0.6926915708198348,train_speakers_only
JVS_JVSMuSiC,mert_l3,3,73,14,0.03379507240672239,0.018945981492879058,0.7116375523127139,train_speakers_only
JVS_JVSMuSiC,mert_l3,3,73,15,0.030548980205501737,0.017126177646082978,0.7287637299587968,train_speakers_only
JVS_JVSMuSiC,mert_l3,3,73,16,0.02964138424533109,0.01661736689232988,0.7453810968511266,train_speakers_only
JVS_JVSMuSiC,mert_l3,3,73,17,0.02579597651793183,0.01446157853481216,0.7598426753859387,train_speakers_only
JVS_JVSMuSiC,mert_l3,3,73,18,0.024139824376340907,0.013533116910396993,0.7733757922963358,train_speakers_only
JVS_JVSMuSiC,mert_l3,3,73,19,0.023331331659260098,0.013079864795100636,0.7864556570914364,train_speakers_only
JVS_JVSMuSiC,mert_l3,3,73,20,0.02148762248677195,0.012046256124587372,0.7985019132160237,train_speakers_only
JVS_JVSMuSiC,mert_l3,3,73,21,0.02072708474584866,0.01161988822719821,0.8101218014432219,train_speakers_only
JVS_JVSMuSiC,mert_l3,3,73,22,0.019781327001771702,0.011089683453544143,0.821211484896766,train_speakers_only
JVS_JVSMuSiC,mert_l3,3,73,23,0.018143006410870615,0.010171218441217659,0.8313827033379837,train_speakers_only
JVS_JVSMuSiC,mert_l3,3,73,24,0.01735317838752884,0.009728430009439838,0.8411111333474235,train_speakers_only
JVS_JVSMuSiC,mert_l3,3,73,25,0.016204671287739707,0.009084561163852846,0.8501956945112763,train_speakers_only
JVS_JVSMuSiC,mert_l3,3,73,26,0.015398020167911607,0.008632341473255783,0.8588280359845321,train_speakers_only
JVS_JVSMuSiC,mert_l3,3,73,27,0.014965125696403871,0.008389654890228259,0.8672176908747603,train_speakers_only
JVS_JVSMuSiC,mert_l3,3,73,28,0.013935555643777173,0.007812463785917802,0.8750301546606781,train_speakers_only
JVS_JVSMuSiC,mert_l3,3,73,29,0.013306644976277584,0.0074598878327219965,0.8824900424934001,train_speakers_only
JVS_JVSMuSiC,mert_l3,3,73,30,0.012958966505135413,0.007264974509251153,0.8897550170026512,train_speakers_only
JVS_JVSMuSiC,mert_l3,3,73,31,0.011650116858005752,0.0065312154306185165,0.8962862324332698,train_speakers_only
JVS_JVSMuSiC,mert_l3,3,73,32,0.011480756505630204,0.0064362696922837075,0.9027225021255535,train_speakers_only
JVS_JVSMuSiC,mert_l3,3,73,33,0.010692895607141213,0.005994584057700888,0.9087170861832544,train_speakers_only
JVS_JVSMuSiC,mert_l3,3,73,34,0.010298858594416435,0.005773681499459646,0.9144907676827141,train_speakers_only
JVS_JVSMuSiC,mert_l3,3,73,35,0.009976775585945395,0.005593117343708664,0.9200838850264228,train_speakers_only
JVS_JVSMuSiC,mert_l3,3,73,36,0.009161544444926345,0.0051360875754548375,0.9252199726018776,train_speakers_only
JVS_JVSMuSiC,mert_l3,3,73,37,0.009023389502690628,0.005058636018398046,0.9302786086202757,train_speakers_only
JVS_JVSMuSiC,mert_l3,3,73,38,0.008517366895512279,0.004774952798690774,0.9350535614189665,train_speakers_only
JVS_JVSMuSiC,mert_l3,3,73,39,0.008410627137162402,0.004715113024953556,0.93976867444392,train_speakers_only
JVS_JVSMuSiC,mert_l3,3,73,40,0.007970686032932692,0.004468476002893651,0.9442371504468137,train_speakers_only
JVS_JVSMuSiC,mert_l3,3,73,41,0.007681066510822556,0.004306111323219711,0.9485432617700333,train_speakers_only
JVS_JVSMuSiC,mert_l3,3,73,42,0.007514059814747833,0.004212485076915554,0.9527557468469489,train_speakers_only
JVS_JVSMuSiC,mert_l3,3,73,43,0.007016294374130737,0.003933430938127843,0.9566891777850767,train_speakers_only
JVS_JVSMuSiC,mert_l3,3,73,44,0.006763213112075812,0.0037915501085979933,0.9604807278936747,train_speakers_only
JVS_JVSMuSiC,mert_l3,3,73,45,0.006351198235095752,0.0035605689128748465,0.9640412968065495,train_speakers_only
JVS_JVSMuSiC,mert_l3,3,73,46,0.006281020038111154,0.0035212260523159998,0.9675625228588655,train_speakers_only
JVS_JVSMuSiC,mert_l3,3,73,47,0.005917194519009068,0.003317260472109872,0.9708797833309754,train_speakers_only
JVS_JVSMuSiC,mert_l3,3,73,48,0.005800256189009441,0.0032517032391110035,0.9741314865700863,train_speakers_only
JVS_JVSMuSiC,mert_l3,3,73,49,0.0053226215932773765,0.002983934728299989,0.9771154212983862,train_speakers_only
JVS_JVSMuSiC,mert_l3,3,73,50,0.005145458014935868,0.0028846143943745384,0.9800000356927607,train_speakers_only
JVS_JVSMuSiC,mert_l3,3,73,51,0.004736434749448747,0.0026553103371198933,0.9826553460298806,train_speakers_only
JVS_JVSMuSiC,mert_l3,3,73,52,0.004577833196974865,0.002566396129694957,0.9852217421595756,train_speakers_only
JVS_JVSMuSiC,mert_l3,3,73,53,0.0044338763565567275,0.0024856919488750085,0.9877074341084506,train_speakers_only
JVS_JVSMuSiC,mert_l3,3,73,54,0.004176764298751055,0.002341551399916949,0.9900489855083676,train_speakers_only
JVS_JVSMuSiC,mert_l3,3,73,55,0.003992606782957425,0.0022383101686507404,0.9922872956770183,train_speakers_only
JVS_JVSMuSiC,mert_l3,3,73,56,0.0036588994934745227,0.002051229281399134,0.9943385249584175,train_speakers_only
JVS_JVSMuSiC,mert_l3,3,73,57,0.003583743817642865,0.0020090959778732574,0.9963476209362907,train_speakers_only
JVS_JVSMuSiC,mert_l3,3,73,58,0.003354535601914997,0.0018805987058173408,0.9982282196421081,train_speakers_only
JVS_JVSMuSiC,mert_l3,3,73,59,0.003160429851905984,0.001771780357891545,0.9999999999999996,train_speakers_only
JVS_JVSMuSiC,mert_l3,3,73,60,0.0,0.0,0.9999999999999996,train_speakers_only
JVS_JVSMuSiC,mert_l3,3,79,1,0.35057963343156884,0.21029027840955786,0.21029027840955786,train_speakers_only
JVS_JVSMuSiC,mert_l3,3,79,2,0.13608878023716617,0.0816309470244138,0.29192122543397164,train_speakers_only
JVS_JVSMuSiC,mert_l3,3,79,3,0.10099026357241868,0.06057759384201064,0.35249881927598226,train_speakers_only
JVS_JVSMuSiC,mert_l3,3,79,4,0.08668895926628688,0.05199915694104532,0.4044979762170276,train_speakers_only
JVS_JVSMuSiC,mert_l3,3,79,5,0.08026868121645522,0.04814804315742215,0.45264601937444976,train_speakers_only
JVS_JVSMuSiC,mert_l3,3,79,6,0.07396380487860445,0.04436615147293766,0.4970121708473874,train_speakers_only
JVS_JVSMuSiC,mert_l3,3,79,7,0.06141862566454565,0.036841101589692886,0.5338532724370803,train_speakers_only
JVS_JVSMuSiC,mert_l3,3,79,8,0.052563865803791035,0.03152969802029149,0.5653829704573717,train_speakers_only
JVS_JVSMuSiC,mert_l3,3,79,9,0.04887719512571794,0.029318300296733567,0.5947012707541053,train_speakers_only
JVS_JVSMuSiC,mert_l3,3,79,10,0.04312973163784381,0.02587076489605052,0.6205720356501558,train_speakers_only
JVS_JVSMuSiC,mert_l3,3,79,11,0.039629202945378535,0.023771021833072916,0.6443430574832287,train_speakers_only
JVS_JVSMuSiC,mert_l3,3,79,12,0.03743182469653241,0.02245295529510001,0.6667960127783288,train_speakers_only
JVS_JVSMuSiC,mert_l3,3,79,13,0.03492527439985251,0.020949436238453887,0.6877454490167827,train_speakers_only
JVS_JVSMuSiC,mert_l3,3,79,14,0.030679860293807155,0.01840288410253694,0.7061483331193197,train_speakers_only
JVS_JVSMuSiC,mert_l3,3,79,15,0.028038486508417008,0.01681849306625096,0.7229668261855706,train_speakers_only
JVS_JVSMuSiC,mert_l3,3,79,16,0.024774151709185472,0.014860427598975606,0.7378272537845463,train_speakers_only
JVS_JVSMuSiC,mert_l3,3,79,17,0.02441341749552008,0.014644046237967777,0.7524713000225141,train_speakers_only
JVS_JVSMuSiC,mert_l3,3,79,18,0.02189361072022898,0.013132575468466596,0.7656038754909806,train_speakers_only
JVS_JVSMuSiC,mert_l3,3,79,19,0.021687431358523756,0.013008901668734132,0.7786127771597148,train_speakers_only
JVS_JVSMuSiC,mert_l3,3,79,20,0.02038379476561479,0.012226933533893165,0.7908397106936079,train_speakers_only
JVS_JVSMuSiC,mert_l3,3,79,21,0.018947331167524433,0.011365290982068831,0.8022050016756768,train_speakers_only
JVS_JVSMuSiC,mert_l3,3,79,22,0.018585321246241543,0.011148144405730531,0.8133531460814073,train_speakers_only
JVS_JVSMuSiC,mert_l3,3,79,23,0.01814311239005159,0.010882891622580741,0.824236037703988,train_speakers_only
JVS_JVSMuSiC,mert_l3,3,79,24,0.015446754960780332,0.009265519418317165,0.8335015571223052,train_speakers_only
JVS_JVSMuSiC,mert_l3,3,79,25,0.01493164053083516,0.008956535248798672,0.8424580923711039,train_speakers_only
JVS_JVSMuSiC,mert_l3,3,79,26,0.01453583039757141,0.008719114089141932,0.8511772064602459,train_speakers_only
JVS_JVSMuSiC,mert_l3,3,79,27,0.0142317188467908,0.008536697038683979,0.8597139034989298,train_speakers_only
JVS_JVSMuSiC,mert_l3,3,79,28,0.013985674821249492,0.008389110979204032,0.8681030144781339,train_speakers_only
JVS_JVSMuSiC,mert_l3,3,79,29,0.013203435937268117,0.007919895950695154,0.8760229104288291,train_speakers_only
JVS_JVSMuSiC,mert_l3,3,79,30,0.012197794965332517,0.007316676311555237,0.8833395867403843,train_speakers_only
JVS_JVSMuSiC,mert_l3,3,79,31,0.011382424433123522,0.00682758772832284,0.8901671744687071,train_speakers_only
JVS_JVSMuSiC,mert_l3,3,79,32,0.010910132306016772,0.006544289916844847,0.8967114643855519,train_speakers_only
JVS_JVSMuSiC,mert_l3,3,79,33,0.010298847297765461,0.006177619174125137,0.9028890835596771,train_speakers_only
JVS_JVSMuSiC,mert_l3,3,79,34,0.009987880746070772,0.005991090247467733,0.9088801738071448,train_speakers_only
JVS_JVSMuSiC,mert_l3,3,79,35,0.009636012273898206,0.005780026877207355,0.9146602006843522,train_speakers_only
JVS_JVSMuSiC,mert_l3,3,79,36,0.009079376378387133,0.005446136638650113,0.9201063373230023,train_speakers_only
JVS_JVSMuSiC,mert_l3,3,79,37,0.008818950480965218,0.005289923814939111,0.9253962611379414,train_speakers_only
JVS_JVSMuSiC,mert_l3,3,79,38,0.008620606036797979,0.005170949680655697,0.9305672108185971,train_speakers_only
JVS_JVSMuSiC,mert_l3,3,79,39,0.008197794578226917,0.004917332154539437,0.9354845429731365,train_speakers_only
JVS_JVSMuSiC,mert_l3,3,79,40,0.007822114129826554,0.004691985504154052,0.9401765284772906,train_speakers_only
JVS_JVSMuSiC,mert_l3,3,79,41,0.007470058062098882,0.0044808096073298085,0.9446573380846204,train_speakers_only
JVS_JVSMuSiC,mert_l3,3,79,42,0.007340679806512075,0.0044032038744434366,0.9490605419590639,train_speakers_only
JVS_JVSMuSiC,mert_l3,3,79,43,0.007095578097896441,0.004256183050561205,0.953316725009625,train_speakers_only
JVS_JVSMuSiC,mert_l3,3,79,44,0.0066774839021421775,0.004005395108415255,0.9573221201180403,train_speakers_only
JVS_JVSMuSiC,mert_l3,3,79,45,0.006460342439104598,0.003875145845874041,0.9611972659639143,train_speakers_only
JVS_JVSMuSiC,mert_l3,3,79,46,0.006193167955486,0.0037148849773400113,0.9649121509412543,train_speakers_only
JVS_JVSMuSiC,mert_l3,3,79,47,0.005958037542162099,0.0035738452951529715,0.9684859962364072,train_speakers_only
JVS_JVSMuSiC,mert_l3,3,79,48,0.005615360185676608,0.0033682950867891096,0.9718542913231963,train_speakers_only
JVS_JVSMuSiC,mert_l3,3,79,49,0.005386111838161682,0.0032307836793181023,0.9750850750025144,train_speakers_only
JVS_JVSMuSiC,mert_l3,3,79,50,0.005071142948295205,0.003041854006216315,0.9781269290087307,train_speakers_only
JVS_JVSMuSiC,mert_l3,3,79,51,0.0049939941772542806,0.0029955773974403,0.9811225064061709,train_speakers_only
JVS_JVSMuSiC,mert_l3,3,79,52,0.0046988533477655995,0.0028185413083906,0.9839410477145616,train_speakers_only
JVS_JVSMuSiC,mert_l3,3,79,53,0.0046607355315707675,0.0027956768707120194,0.9867367245852736,train_speakers_only
JVS_JVSMuSiC,mert_l3,3,79,54,0.004535467520546491,0.0027205366104058014,0.9894572611956794,train_speakers_only
JVS_JVSMuSiC,mert_l3,3,79,55,0.003976041597637034,0.0023849728130264634,0.9918422340087059,train_speakers_only
JVS_JVSMuSiC,mert_l3,3,79,56,0.003851805577910378,0.002310451578232847,0.9941526855869387,train_speakers_only
JVS_JVSMuSiC,mert_l3,3,79,57,0.003393866532374407,0.0020357632615221623,0.9961884488484609,train_speakers_only
JVS_JVSMuSiC,mert_l3,3,79,58,0.003284970812533898,0.001970443690562717,0.9981588925390237,train_speakers_only
JVS_JVSMuSiC,mert_l3,3,79,59,0.0030693514871862194,0.001841107460976251,0.9999999999999999,train_speakers_only
JVS_JVSMuSiC,mert_l3,3,79,60,1.448666003470332e-17,8.689619936284795e-18,0.9999999999999999,train_speakers_only
JVS_JVSMuSiC,mert_l3,3,83,1,0.36894065137264004,0.2165338272747796,0.2165338272747796,train_speakers_only
JVS_JVSMuSiC,mert_l3,3,83,2,0.14281557209861082,0.08381944983805795,0.30035327711283755,train_speakers_only
JVS_JVSMuSiC,mert_l3,3,83,3,0.10774888502841767,0.06323856797289669,0.3635918450857342,train_speakers_only
JVS_JVSMuSiC,mert_l3,3,83,4,0.10006338505320572,0.05872789473057076,0.422319739816305,train_speakers_only
JVS_JVSMuSiC,mert_l3,3,83,5,0.08135009419777964,0.047744934531536325,0.4700646743478413,train_speakers_only
JVS_JVSMuSiC,mert_l3,3,83,6,0.061667175564906515,0.0361928930645489,0.5062575674123903,train_speakers_only
JVS_JVSMuSiC,mert_l3,3,83,7,0.05991371095307596,0.035163772521778824,0.5414213399341691,train_speakers_only
JVS_JVSMuSiC,mert_l3,3,83,8,0.05215752171551378,0.030611611261076553,0.5720329511952457,train_speakers_only
JVS_JVSMuSiC,mert_l3,3,83,9,0.047936792526929915,0.028134436025183816,0.6001673872204295,train_speakers_only
JVS_JVSMuSiC,mert_l3,3,83,10,0.044402647732810704,0.026060221932573742,0.6262276091530032,train_speakers_only
JVS_JVSMuSiC,mert_l3,3,83,11,0.039958595182407644,0.023451976666651327,0.6496795858196546,train_speakers_only
JVS_JVSMuSiC,mert_l3,3,83,12,0.03799730483817488,0.02230088176004846,0.671980467579703,train_speakers_only
JVS_JVSMuSiC,mert_l3,3,83,13,0.033153425168427245,0.019457975184569008,0.691438442764272,train_speakers_only
JVS_JVSMuSiC,mert_l3,3,83,14,0.030401665537301732,0.01784294837076849,0.7092813911350405,train_speakers_only
JVS_JVSMuSiC,mert_l3,3,83,15,0.02655748466493038,0.01558677195341206,0.7248681630884526,train_speakers_only
JVS_JVSMuSiC,mert_l3,3,83,16,0.024997517291121797,0.014671216281740123,0.7395393793701928,train_speakers_only
JVS_JVSMuSiC,mert_l3,3,83,17,0.024418424953889455,0.01433134297241546,0.7538707223426082,train_speakers_only
JVS_JVSMuSiC,mert_l3,3,83,18,0.023856742685649256,0.01400168775333908,0.7678724100959473,train_speakers_only
JVS_JVSMuSiC,mert_l3,3,83,19,0.02231916350109593,0.013099271865226253,0.7809716819611736,train_speakers_only
JVS_JVSMuSiC,mert_l3,3,83,20,0.021410882309454468,0.012566195333984436,0.793537877295158,train_speakers_only
JVS_JVSMuSiC,mert_l3,3,83,21,0.01958119408338762,0.011492338623329651,0.8050302159184877,train_speakers_only
JVS_JVSMuSiC,mert_l3,3,83,22,0.018386520954201926,0.01079117667751947,0.8158213925960072,train_speakers_only
JVS_JVSMuSiC,mert_l3,3,83,23,0.017595656882761632,0.010327013068532629,0.8261484056645398,train_speakers_only
JVS_JVSMuSiC,mert_l3,3,83,24,0.017112449410004945,0.010043415251229218,0.836191820915769,train_speakers_only
JVS_JVSMuSiC,mert_l3,3,83,25,0.015986478356738897,0.009382575030296077,0.8455743959460651,train_speakers_only
JVS_JVSMuSiC,mert_l3,3,83,26,0.014877294300522755,0.008731587214366676,0.8543059831604318,train_speakers_only
JVS_JVSMuSiC,mert_l3,3,83,27,0.014579246070771589,0.008556660641053647,0.8628626438014855,train_speakers_only
JVS_JVSMuSiC,mert_l3,3,83,28,0.013838698803935711,0.008122028313688103,0.8709846721151736,train_speakers_only
JVS_JVSMuSiC,mert_l3,3,83,29,0.013367881292437003,0.00784570225058417,0.8788303743657577,train_speakers_only
JVS_JVSMuSiC,mert_l3,3,83,30,0.012509360437747554,0.00734183040623878,0.8861722047719965,train_speakers_only
JVS_JVSMuSiC,mert_l3,3,83,31,0.011790593390070594,0.0069199810405659035,0.8930921858125624,train_speakers_only
JVS_JVSMuSiC,mert_l3,3,83,32,0.01119052266336076,0.006567795368950118,0.8996599811815126,train_speakers_only
JVS_JVSMuSiC,mert_l3,3,83,33,0.010621714219211075,0.0062339577478050774,0.9058939389293177,train_speakers_only
JVS_JVSMuSiC,mert_l3,3,83,34,0.009873793022325121,0.0057949976097473295,0.911688936539065,train_speakers_only
JVS_JVSMuSiC,mert_l3,3,83,35,0.009518101916621538,0.005586240032724992,0.91727517657179,train_speakers_only
JVS_JVSMuSiC,mert_l3,3,83,36,0.009392199985429207,0.005512347316048385,0.9227875238878385,train_speakers_only
JVS_JVSMuSiC,mert_l3,3,83,37,0.008728892016111274,0.0051230472681303655,0.9279105711559689,train_speakers_only
JVS_JVSMuSiC,mert_l3,3,83,38,0.008531941167154805,0.005007455448820416,0.9329180266047893,train_speakers_only
JVS_JVSMuSiC,mert_l3,3,83,39,0.00792459284222276,0.00465099850433036,0.9375690251091197,train_speakers_only
JVS_JVSMuSiC,mert_l3,3,83,40,0.0078592558332064,0.004612651760559071,0.9421816768696787,train_speakers_only
JVS_JVSMuSiC,mert_l3,3,83,41,0.007372931008686431,0.0043272243478837385,0.9465089012175624,train_speakers_only
JVS_JVSMuSiC,mert_l3,3,83,42,0.007262473817078474,0.004262396255994409,0.9507712974735568,train_speakers_only
JVS_JVSMuSiC,mert_l3,3,83,43,0.007100790883602908,0.004167503420899593,0.9549388008944564,train_speakers_only
JVS_JVSMuSiC,mert_l3,3,83,44,0.006710380186799715,0.003938368675044699,0.9588771695695011,train_speakers_only
JVS_JVSMuSiC,mert_l3,3,83,45,0.006279960119008281,0.003685752151850528,0.9625629217213516,train_speakers_only
JVS_JVSMuSiC,mert_l3,3,83,46,0.006094895251445893,0.003577136297462312,0.9661400580188139,train_speakers_only
JVS_JVSMuSiC,mert_l3,3,83,47,0.005825799278140141,0.0034192020042708745,0.9695592600230848,train_speakers_only
JVS_JVSMuSiC,mert_l3,3,83,48,0.005606252326627323,0.003290348375643313,0.9728496083987281,train_speakers_only
JVS_JVSMuSiC,mert_l3,3,83,49,0.005332194192128766,0.0031295017556301095,0.9759791101543582,train_speakers_only
JVS_JVSMuSiC,mert_l3,3,83,50,0.004900466694200413,0.0028761178926202027,0.9788552280469784,train_speakers_only
JVS_JVSMuSiC,mert_l3,3,83,51,0.004769251250987521,0.0027991066388840385,0.9816543346858625,train_speakers_only
JVS_JVSMuSiC,mert_l3,3,83,52,0.00454939701157825,0.0026700726608586897,0.9843244073467212,train_speakers_only
JVS_JVSMuSiC,mert_l3,3,83,53,0.004461146788232055,0.002618277992670432,0.9869426853393917,train_speakers_only
JVS_JVSMuSiC,mert_l3,3,83,54,0.004363988352562824,0.0025612550328821377,0.9895039403722738,train_speakers_only
JVS_JVSMuSiC,mert_l3,3,83,55,0.004134676019337629,0.002426670033994581,0.9919306104062684,train_speakers_only
JVS_JVSMuSiC,mert_l3,3,83,56,0.003938809494218433,0.0023117146118656322,0.994242325018134,train_speakers_only
JVS_JVSMuSiC,mert_l3,3,83,57,0.003400850208330417,0.001995982575675115,0.9962383075938092,train_speakers_only
JVS_JVSMuSiC,mert_l3,3,83,58,0.003300535721802804,0.0019371073077475668,0.9981754149015567,train_speakers_only
JVS_JVSMuSiC,mert_l3,3,83,59,0.0031088150206225146,0.0018245850984439295,1.0000000000000007,train_speakers_only
JVS_JVSMuSiC,mert_l3,3,83,60,0.0,0.0,1.0000000000000007,train_speakers_only
JVS_JVSMuSiC,mert_l3,3,89,1,0.38253934162619213,0.21261055873545046,0.21261055873545046,train_speakers_only
JVS_JVSMuSiC,mert_l3,3,89,2,0.1630960678053401,0.09064674487136212,0.3032573036068126,train_speakers_only
JVS_JVSMuSiC,mert_l3,3,89,3,0.13000477279794218,0.07225501896182818,0.37551232256864076,train_speakers_only
JVS_JVSMuSiC,mert_l3,3,89,4,0.10469212832608744,0.05818656926628877,0.43369889183492955,train_speakers_only
JVS_JVSMuSiC,mert_l3,3,89,5,0.08925106912587394,0.04960462260932882,0.48330351444425834,train_speakers_only
JVS_JVSMuSiC,mert_l3,3,89,6,0.0649862736011267,0.03611855419036038,0.5194220686346187,train_speakers_only
JVS_JVSMuSiC,mert_l3,3,89,7,0.054454634281139724,0.030265201406555205,0.5496872700411739,train_speakers_only
JVS_JVSMuSiC,mert_l3,3,89,8,0.05290733194843281,0.02940523021485763,0.5790925002560315,train_speakers_only
JVS_JVSMuSiC,mert_l3,3,89,9,0.05046183511974843,0.028046053809832,0.6071385540658636,train_speakers_only
JVS_JVSMuSiC,mert_l3,3,89,10,0.04881773550028532,0.027132283902598857,0.6342708379684624,train_speakers_only
JVS_JVSMuSiC,mert_l3,3,89,11,0.04368237948740508,0.02427811756623591,0.6585489555346983,train_speakers_only
JVS_JVSMuSiC,mert_l3,3,89,12,0.03874200954815763,0.021532322039224144,0.6800812775739224,train_speakers_only
JVS_JVSMuSiC,mert_l3,3,89,13,0.03485786616641219,0.019373563959359876,0.6994548415332823,train_speakers_only
JVS_JVSMuSiC,mert_l3,3,89,14,0.03121483182261033,0.017348811252787234,0.7168036527860695,train_speakers_only
JVS_JVSMuSiC,mert_l3,3,89,15,0.028532137502512562,0.015857803462875377,0.7326614562489449,train_speakers_only
JVS_JVSMuSiC,mert_l3,3,89,16,0.027172624229244154,0.015102203070484084,0.7477636593194289,train_speakers_only
JVS_JVSMuSiC,mert_l3,3,89,17,0.02628393860165307,0.014608282766708018,0.7623719420861369,train_speakers_only
JVS_JVSMuSiC,mert_l3,3,89,18,0.02397087950353505,0.013322713587997127,0.775694655674134,train_speakers_only
JVS_JVSMuSiC,mert_l3,3,89,19,0.02310643349468852,0.01284226535970199,0.788536921033836,train_speakers_only
JVS_JVSMuSiC,mert_l3,3,89,20,0.022440774234053284,0.01247230030792601,0.801009221341762,train_speakers_only
JVS_JVSMuSiC,mert_l3,3,89,21,0.02093498359822449,0.01163540079567922,0.8126446221374413,train_speakers_only
JVS_JVSMuSiC,mert_l3,3,89,22,0.019603091325870493,0.010895151808485312,0.8235397739459266,train_speakers_only
JVS_JVSMuSiC,mert_l3,3,89,23,0.018026510012281866,0.01001890772716022,0.8335586816730868,train_speakers_only
JVS_JVSMuSiC,mert_l3,3,89,24,0.01781550013269362,0.009901631087828844,0.8434603127609156,train_speakers_only
JVS_JVSMuSiC,mert_l3,3,89,25,0.016668538746199744,0.009264164362984788,0.8527244771239004,train_speakers_only
JVS_JVSMuSiC,mert_l3,3,89,26,0.014766932781758883,0.008207275665274032,0.8609317527891744,train_speakers_only
JVS_JVSMuSiC,mert_l3,3,89,27,0.014635494953560996,0.008134224172130004,0.8690659769613045,train_speakers_only
JVS_JVSMuSiC,mert_l3,3,89,28,0.01334793311035385,0.007418613480359067,0.8764845904416636,train_speakers_only
JVS_JVSMuSiC,mert_l3,3,89,29,0.012915055726297232,0.0071780256702348175,0.8836626161118984,train_speakers_only
JVS_JVSMuSiC,mert_l3,3,89,30,0.012462836280778787,0.006926687785420177,0.8905893038973186,train_speakers_only
JVS_JVSMuSiC,mert_l3,3,89,31,0.011665656294501,0.006483625167142187,0.8970729290644608,train_speakers_only
JVS_JVSMuSiC,mert_l3,3,89,32,0.011258790875371842,0.006257494480234401,0.9033304235446952,train_speakers_only
JVS_JVSMuSiC,mert_l3,3,89,33,0.010665723480909566,0.005927875075421348,0.9092582986201165,train_speakers_only
JVS_JVSMuSiC,mert_l3,3,89,34,0.010479669207713451,0.005824468448507669,0.9150827670686242,train_speakers_only
JVS_JVSMuSiC,mert_l3,3,89,35,0.009951444013692464,0.005530887523833294,0.9206136545924575,train_speakers_only
JVS_JVSMuSiC,mert_l3,3,89,36,0.00944242572837555,0.005247981557645005,0.9258616361501025,train_speakers_only
JVS_JVSMuSiC,mert_l3,3,89,37,0.00878747002149041,0.004883965406532648,0.9307456015566352,train_speakers_only
JVS_JVSMuSiC,mert_l3,3,89,38,0.00856310572960763,0.0047592665526717684,0.935504868109307,train_speakers_only
JVS_JVSMuSiC,mert_l3,3,89,39,0.00834379796548596,0.004637378053395547,0.9401422461627026,train_speakers_only
JVS_JVSMuSiC,mert_l3,3,89,40,0.007890133794010273,0.004385237208049623,0.9445274833707522,train_speakers_only
JVS_JVSMuSiC,mert_l3,3,89,41,0.007674063072661101,0.004265147816466705,0.9487926311872189,train_speakers_only
JVS_JVSMuSiC,mert_l3,3,89,42,0.0071275004873616165,0.003961375200164228,0.9527540063873832,train_speakers_only
JVS_JVSMuSiC,mert_l3,3,89,43,0.006811660327933578,0.003785835208691384,0.9565398415960745,train_speakers_only
JVS_JVSMuSiC,mert_l3,3,89,44,0.006642231553526475,0.003691668825073364,0.9602315104211478,train_speakers_only
JVS_JVSMuSiC,mert_l3,3,89,45,0.006516332365546528,0.0036216956385588315,0.9638532060597067,train_speakers_only
JVS_JVSMuSiC,mert_l3,3,89,46,0.006289119658252806,0.0034954136712083525,0.967348619730915,train_speakers_only
JVS_JVSMuSiC,mert_l3,3,89,47,0.006131958210511026,0.0034080653135884357,0.9707566850445034,train_speakers_only
JVS_JVSMuSiC,mert_l3,3,89,48,0.005749127437052286,0.0031952927807028554,0.9739519778252063,train_speakers_only
JVS_JVSMuSiC,mert_l3,3,89,49,0.005479344731754909,0.003045350943435602,0.9769973287686419,train_speakers_only
JVS_JVSMuSiC,mert_l3,3,89,50,0.00526183969293399,0.0029244643762268365,0.9799217931448687,train_speakers_only
JVS_JVSMuSiC,mert_l3,3,89,51,0.005140473516697565,0.002857010580673369,0.982778803725542,train_speakers_only
JVS_JVSMuSiC,mert_l3,3,89,52,0.004857236039829554,0.0026995907504521626,0.9854783944759942,train_speakers_only
JVS_JVSMuSiC,mert_l3,3,89,53,0.004377966723486171,0.0024332188873665197,0.9879116133633606,train_speakers_only
JVS_JVSMuSiC,mert_l3,3,89,54,0.004299173107120475,0.0023894263855833505,0.990301039748944,train_speakers_only
JVS_JVSMuSiC,mert_l3,3,89,55,0.004125791237156009,0.002293062921132775,0.9925941026700767,train_speakers_only
JVS_JVSMuSiC,mert_l3,3,89,56,0.0036988079608588505,0.002055750982030466,0.9946498536521072,train_speakers_only
JVS_JVSMuSiC,mert_l3,3,89,57,0.0035411857465525074,0.0019681465361443807,0.9966180001882516,train_speakers_only
JVS_JVSMuSiC,mert_l3,3,89,58,0.003190739831233606,0.0017733731004350782,0.9983913732886868,train_speakers_only
JVS_JVSMuSiC,mert_l3,3,89,59,0.0028943200503683247,0.0016086267113131177,0.9999999999999999,train_speakers_only
JVS_JVSMuSiC,mert_l3,3,89,60,1.7214110667345532e-17,9.567386380600237e-18,0.9999999999999999,train_speakers_only
JVS_JVSMuSiC,mert_l3,3,97,1,0.33452589863974497,0.1960393196761096,0.1960393196761096,train_speakers_only
JVS_JVSMuSiC,mert_l3,3,97,2,0.13665613278746344,0.08008341180804324,0.27612273148415284,train_speakers_only
JVS_JVSMuSiC,mert_l3,3,97,3,0.12813431648245371,0.075089445488449,0.3512121769726018,train_speakers_only
JVS_JVSMuSiC,mert_l3,3,97,4,0.09481041011956592,0.05556092480023122,0.40677310177283305,train_speakers_only
JVS_JVSMuSiC,mert_l3,3,97,5,0.0871475460928951,0.05107032285680189,0.45784342462963495,train_speakers_only
JVS_JVSMuSiC,mert_l3,3,97,6,0.06951689729084605,0.0407383861946296,0.49858181082426456,train_speakers_only
JVS_JVSMuSiC,mert_l3,3,97,7,0.06381944744092169,0.03739955892592012,0.5359813697501847,train_speakers_only
JVS_JVSMuSiC,mert_l3,3,97,8,0.05589053843701849,0.032753048945020576,0.5687344186952054,train_speakers_only
JVS_JVSMuSiC,mert_l3,3,97,9,0.05391339342541403,0.03159439975058746,0.6003288184457928,train_speakers_only
JVS_JVSMuSiC,mert_l3,3,97,10,0.046538391017640575,0.02727249086249098,0.6276013093082837,train_speakers_only
JVS_JVSMuSiC,mert_l3,3,97,11,0.04083040425882352,0.0239274887401776,0.6515287980484613,train_speakers_only
JVS_JVSMuSiC,mert_l3,3,97,12,0.03604120072209665,0.0211209132046271,0.6726497112530884,train_speakers_only
JVS_JVSMuSiC,mert_l3,3,97,13,0.033970203968851025,0.01990726488559239,0.6925569761386807,train_speakers_only
JVS_JVSMuSiC,mert_l3,3,97,14,0.030366149396106063,0.01779521194921459,0.7103521880878954,train_speakers_only
JVS_JVSMuSiC,mert_l3,3,97,15,0.02798122498643115,0.01639759532026977,0.7267497834081651,train_speakers_only
JVS_JVSMuSiC,mert_l3,3,97,16,0.0256649654160721,0.015040217753352392,0.7417900011615175,train_speakers_only
JVS_JVSMuSiC,mert_l3,3,97,17,0.02496344297384502,0.014629110622720865,0.7564191117842384,train_speakers_only
JVS_JVSMuSiC,mert_l3,3,97,18,0.024120928759786203,0.0141353793032232,0.7705544910874615,train_speakers_only
JVS_JVSMuSiC,mert_l3,3,97,19,0.021636406229721957,0.012679396049028922,0.7832338871364904,train_speakers_only
JVS_JVSMuSiC,mert_l3,3,97,20,0.020516883220685865,0.012023331660754049,0.7952572187972445,train_speakers_only
JVS_JVSMuSiC,mert_l3,3,97,21,0.01885293192051444,0.011048220668791442,0.806305439466036,train_speakers_only
JVS_JVSMuSiC,mert_l3,3,97,22,0.0185561144353172,0.010874279284573822,0.8171797187506098,train_speakers_only
JVS_JVSMuSiC,mert_l3,3,97,23,0.017946288587269037,0.010516908316112532,0.8276966270667223,train_speakers_only
JVS_JVSMuSiC,mert_l3,3,97,24,0.016649270585404167,0.009756828072020345,0.8374534551387427,train_speakers_only
JVS_JVSMuSiC,mert_l3,3,97,25,0.01605404141910327,0.009408011070743356,0.8468614662094861,train_speakers_only
JVS_JVSMuSiC,mert_l3,3,97,26,0.014826280299595032,0.008688516838542293,0.8555499830480284,train_speakers_only
JVS_JVSMuSiC,mert_l3,3,97,27,0.014688446989893173,0.008607743575926361,0.8641577266239547,train_speakers_only
JVS_JVSMuSiC,mert_l3,3,97,28,0.013794344584952704,0.0080837804750184,0.8722415070989732,train_speakers_only
JVS_JVSMuSiC,mert_l3,3,97,29,0.013382221813608618,0.007842267731025046,0.8800837748299982,train_speakers_only
JVS_JVSMuSiC,mert_l3,3,97,30,0.012160735582277527,0.007126450717282385,0.8872102255472806,train_speakers_only
JVS_JVSMuSiC,mert_l3,3,97,31,0.011088148721864812,0.006497891914320213,0.8937081174616008,train_speakers_only
JVS_JVSMuSiC,mert_l3,3,97,32,0.010990620549237771,0.006440738322658692,0.9001488557842595,train_speakers_only
JVS_JVSMuSiC,mert_l3,3,97,33,0.010660568639279553,0.006247320855882258,0.9063961766401418,train_speakers_only
JVS_JVSMuSiC,mert_l3,3,97,34,0.010503655487681255,0.006155366398506473,0.9125515430386483,train_speakers_only
JVS_JVSMuSiC,mert_l3,3,97,35,0.009658312574190838,0.005659977400741167,0.9182115204393895,train_speakers_only
JVS_JVSMuSiC,mert_l3,3,97,36,0.008835965114370129,0.005178064229844225,0.9233895846692337,train_speakers_only
JVS_JVSMuSiC,mert_l3,3,97,37,0.00840383365760805,0.004924825968953953,0.9283144106381876,train_speakers_only
JVS_JVSMuSiC,mert_l3,3,97,38,0.008341431923809197,0.004888257220494478,0.9332026678586821,train_speakers_only
JVS_JVSMuSiC,mert_l3,3,97,39,0.008048567640525509,0.00471663249701023,0.9379193003556924,train_speakers_only
JVS_JVSMuSiC,mert_l3,3,97,40,0.007867586746838054,0.004610573828855897,0.9425298741845483,train_speakers_only
JVS_JVSMuSiC,mert_l3,3,97,41,0.007786059741136901,0.0045627972626830745,0.9470926714472313,train_speakers_only
JVS_JVSMuSiC,mert_l3,3,97,42,0.007438475725096724,0.004359105607382607,0.9514517770546139,train_speakers_only
JVS_JVSMuSiC,mert_l3,3,97,43,0.006877059327147918,0.004030103610358093,0.955481880664972,train_speakers_only
JVS_JVSMuSiC,mert_l3,3,97,44,0.006715898835333947,0.003935660120923209,0.9594175407858951,train_speakers_only
JVS_JVSMuSiC,mert_l3,3,97,45,0.0062882636204637495,0.0036850567537890498,0.9631025975396842,train_speakers_only
JVS_JVSMuSiC,mert_l3,3,97,46,0.006040025135436342,0.0035395837009698766,0.966642181240654,train_speakers_only
JVS_JVSMuSiC,mert_l3,3,97,47,0.00549779064830838,0.003221822713274377,0.9698640039539285,train_speakers_only
JVS_JVSMuSiC,mert_l3,3,97,48,0.005365449179150302,0.003144267786483414,0.9730082717404119,train_speakers_only
JVS_JVSMuSiC,mert_l3,3,97,49,0.00531009078387288,0.0031118265847926772,0.9761200983252046,train_speakers_only
JVS_JVSMuSiC,mert_l3,3,97,50,0.005200276239913109,0.0030474729171814305,0.9791675712423861,train_speakers_only
JVS_JVSMuSiC,mert_l3,3,97,51,0.004968811867499607,0.0029118298525287094,0.9820794010949148,train_speakers_only
JVS_JVSMuSiC,mert_l3,3,97,52,0.004921038960447033,0.0028838339089093416,0.9849632350038241,train_speakers_only
JVS_JVSMuSiC,mert_l3,3,97,53,0.004479718905223056,0.0026252109331178566,0.987588445936942,train_speakers_only
JVS_JVSMuSiC,mert_l3,3,97,54,0.004254730845547919,0.0024933631260173946,0.9900818090629594,train_speakers_only
JVS_JVSMuSiC,mert_l3,3,97,55,0.0038219015850687135,0.002239715937248806,0.9923215250002082,train_speakers_only
JVS_JVSMuSiC,mert_l3,3,97,56,0.0036619429019700295,0.0021459767333830916,0.9944675017335913,train_speakers_only
JVS_JVSMuSiC,mert_l3,3,97,57,0.0033046568554396132,0.001936599481049577,0.996404101214641,train_speakers_only
JVS_JVSMuSiC,mert_l3,3,97,58,0.003125163146308133,0.001831412334800637,0.9982355135494416,train_speakers_only
JVS_JVSMuSiC,mert_l3,3,97,59,0.003010959314111467,0.001764486450558863,1.0000000000000004,train_speakers_only
JVS_JVSMuSiC,mert_l3,3,97,60,1.5209118516186345e-17,8.912868208142528e-18,1.0000000000000004,train_speakers_only
JVS_JVSMuSiC,hubert_l6,6,13,1,0.19954867519027983,0.1975015267161804,0.1975015267161804,train_speakers_only
JVS_JVSMuSiC,hubert_l6,6,13,2,0.11170485118707536,0.11055888308962208,0.3080604098058025,train_speakers_only
JVS_JVSMuSiC,hubert_l6,6,13,3,0.09516672304222382,0.09419041782909644,0.40225082763489894,train_speakers_only
JVS_JVSMuSiC,hubert_l6,6,13,4,0.04558433057312721,0.04511668581083231,0.4473675134457312,train_speakers_only
JVS_JVSMuSiC,hubert_l6,6,13,5,0.038060965597760066,0.03767050223050439,0.4850380156762356,train_speakers_only
JVS_JVSMuSiC,hubert_l6,6,13,6,0.03256706947891754,0.03223296740319049,0.5172709830794261,train_speakers_only
JVS_JVSMuSiC,hubert_l6,6,13,7,0.030931827518402122,0.03061450121470693,0.547885484294133,train_speakers_only
JVS_JVSMuSiC,hubert_l6,6,13,8,0.027203170336900964,0.026924095927648425,0.5748095802217814,train_speakers_only
JVS_JVSMuSiC,hubert_l6,6,13,9,0.026030315075395254,0.02576327286258121,0.6005728530843626,train_speakers_only
JVS_JVSMuSiC,hubert_l6,6,13,10,0.020874107397655356,0.020659962166841118,0.6212328152512037,train_speakers_only
JVS_JVSMuSiC,hubert_l6,6,13,11,0.020120028451413616,0.019913619235697837,0.6411464344869015,train_speakers_only
JVS_JVSMuSiC,hubert_l6,6,13,12,0.01997334579708498,0.01976844138300068,0.6609148758699022,train_speakers_only
JVS_JVSMuSiC,hubert_l6,6,13,13,0.01841335508669453,0.018224454450131374,0.6791393303200335,train_speakers_only
JVS_JVSMuSiC,hubert_l6,6,13,14,0.017970152568125296,0.01778579869870425,0.6969251290187377,train_speakers_only
JVS_JVSMuSiC,hubert_l6,6,13,15,0.015784202319667116,0.015622273879587163,0.7125474028983249,train_speakers_only
JVS_JVSMuSiC,hubert_l6,6,13,16,0.014642697563983972,0.014492479698862963,0.7270398825971878,train_speakers_only
JVS_JVSMuSiC,hubert_l6,6,13,17,0.014163675823182132,0.01401837219076554,0.7410582547879533,train_speakers_only
JVS_JVSMuSiC,hubert_l6,6,13,18,0.01357687936491603,0.013437595614480618,0.7544958504024339,train_speakers_only
JVS_JVSMuSiC,hubert_l6,6,13,19,0.013105719172243319,0.012971269003732551,0.7674671194061665,train_speakers_only
JVS_JVSMuSiC,hubert_l6,6,13,20,0.011969240649383244,0.011846449492247528,0.7793135688984141,train_speakers_only
JVS_JVSMuSiC,hubert_l6,6,13,21,0.011654354958654774,0.011534794180075445,0.7908483630784895,train_speakers_only
JVS_JVSMuSiC,hubert_l6,6,13,22,0.010751138059287957,0.010640843286085794,0.8014892063645753,train_speakers_only
JVS_JVSMuSiC,hubert_l6,6,13,23,0.01029465592645412,0.010189044154533693,0.811678250519109,train_speakers_only
JVS_JVSMuSiC,hubert_l6,6,13,24,0.010204494127794958,0.010099807316104766,0.8217780578352137,train_speakers_only
JVS_JVSMuSiC,hubert_l6,6,13,25,0.009256191595811088,0.00916123331817147,0.8309392911533852,train_speakers_only
JVS_JVSMuSiC,hubert_l6,6,13,26,0.00907425135399377,0.00898115958179729,0.8399204507351824,train_speakers_only
JVS_JVSMuSiC,hubert_l6,6,13,27,0.008749370394075391,0.008659611540830774,0.8485800622760131,train_speakers_only
JVS_JVSMuSiC,hubert_l6,6,13,28,0.008397108253090731,0.008310963219400225,0.8568910254954134,train_speakers_only
JVS_JVSMuSiC,hubert_l6,6,13,29,0.008248677181552332,0.00816405488631809,0.8650550803817315,train_speakers_only
JVS_JVSMuSiC,hubert_l6,6,13,30,0.00796016152124433,0.007878499077250344,0.8729335794589819,train_speakers_only
JVS_JVSMuSiC,hubert_l6,6,13,31,0.007631030764573583,0.0075527448377409115,0.8804863242967228,train_speakers_only
JVS_JVSMuSiC,hubert_l6,6,13,32,0.007003773799325132,0.006931922834478814,0.8874182471312017,train_speakers_only
JVS_JVSMuSiC,hubert_l6,6,13,33,0.006812018295431477,0.0067421345297500835,0.8941603816609517,train_speakers_only
JVS_JVSMuSiC,hubert_l6,6,13,34,0.00650796677105223,0.0064412022373756955,0.9006015838983273,train_speakers_only
JVS_JVSMuSiC,hubert_l6,6,13,35,0.0062758315947543455,0.006211448510974633,0.906813032409302,train_speakers_only
JVS_JVSMuSiC,hubert_l6,6,13,36,0.005952207178322909,0.0058911441227500845,0.912704176532052,train_speakers_only
JVS_JVSMuSiC,hubert_l6,6,13,37,0.005517294336995892,0.005460693005654712,0.9181648695377067,train_speakers_only
JVS_JVSMuSiC,hubert_l6,6,13,38,0.005394424449544271,0.005339083627211078,0.9235039531649177,train_speakers_only
JVS_JVSMuSiC,hubert_l6,6,13,39,0.00529145904999934,0.005237174538665769,0.9287411277035835,train_speakers_only
JVS_JVSMuSiC,hubert_l6,6,13,40,0.004961915509759683,0.004911011750289825,0.9336521394538734,train_speakers_only
JVS_JVSMuSiC,hubert_l6,6,13,41,0.004826456875588075,0.004776942771729729,0.9384290822256031,train_speakers_only
JVS_JVSMuSiC,hubert_l6,6,13,42,0.0046979220563697285,0.004649726577447282,0.9430788088030504,train_speakers_only
JVS_JVSMuSiC,hubert_l6,6,13,43,0.004622202872519269,0.004574784188589481,0.9476535929916399,train_speakers_only
JVS_JVSMuSiC,hubert_l6,6,13,44,0.004267803620319364,0.004224020680338621,0.9518776136719785,train_speakers_only
JVS_JVSMuSiC,hubert_l6,6,13,45,0.004205287123997325,0.004162145534052755,0.9560397592060313,train_speakers_only
JVS_JVSMuSiC,hubert_l6,6,13,46,0.004036337213865336,0.003994928862943257,0.9600346880689746,train_speakers_only
JVS_JVSMuSiC,hubert_l6,6,13,47,0.003963335110187028,0.003922675680023298,0.9639573637489979,train_speakers_only
JVS_JVSMuSiC,hubert_l6,6,13,48,0.003906672893117071,0.003866594754566042,0.967823958503564,train_speakers_only
JVS_JVSMuSiC,hubert_l6,6,13,49,0.003731700484997521,0.0036934173696304344,0.9715173758731944,train_speakers_only
JVS_JVSMuSiC,hubert_l6,6,13,50,0.0035913550541043764,0.0035545117274726735,0.9750718876006671,train_speakers_only
JVS_JVSMuSiC,hubert_l6,6,13,51,0.003293086969274054,0.0032593035429606607,0.9783311911436278,train_speakers_only
JVS_JVSMuSiC,hubert_l6,6,13,52,0.0031819161478520764,0.0031492732110820053,0.9814804643547098,train_speakers_only
JVS_JVSMuSiC,hubert_l6,6,13,53,0.00296368770565974,0.002933283551091621,0.9844137479058014,train_speakers_only
JVS_JVSMuSiC,hubert_l6,6,13,54,0.0029098290051093436,0.002879977381178392,0.9872937252869798,train_speakers_only
JVS_JVSMuSiC,hubert_l6,6,13,55,0.00271324432156661,0.0026854094388370823,0.9899791347258169,train_speakers_only
JVS_JVSMuSiC,hubert_l6,6,13,56,0.002699890413827745,0.002672192527406636,0.9926513272532236,train_speakers_only
JVS_JVSMuSiC,hubert_l6,6,13,57,0.002544622010347815,0.002518517005838634,0.9951698442590622,train_speakers_only
JVS_JVSMuSiC,hubert_l6,6,13,58,0.002519691686606105,0.0024938424396165264,0.9976636866986787,train_speakers_only
JVS_JVSMuSiC,hubert_l6,6,13,59,0.0023605297227803656,0.0023363133013210484,0.9999999999999997,train_speakers_only
JVS_JVSMuSiC,hubert_l6,6,13,60,2.826257171747533e-17,2.7972629022990465e-17,0.9999999999999997,train_speakers_only
JVS_JVSMuSiC,hubert_l6,6,17,1,0.1897199893922193,0.18155640736913647,0.18155640736913647,train_speakers_only
JVS_JVSMuSiC,hubert_l6,6,17,2,0.14288499011131067,0.13673670104394423,0.31829310841308067,train_speakers_only
JVS_JVSMuSiC,hubert_l6,6,17,3,0.09055477156356222,0.08665823273489735,0.40495134114797804,train_speakers_only
JVS_JVSMuSiC,hubert_l6,6,17,4,0.05310544024551386,0.05082033249959304,0.4557716736475711,train_speakers_only
JVS_JVSMuSiC,hubert_l6,6,17,5,0.03776166982283636,0.03613679892802522,0.49190847257559633,train_speakers_only
JVS_JVSMuSiC,hubert_l6,6,17,6,0.03382141598032828,0.03236609277281213,0.5242745653484084,train_speakers_only
JVS_JVSMuSiC,hubert_l6,6,17,7,0.031802251051265454,0.030433811775006855,0.5547083771234153,train_speakers_only
JVS_JVSMuSiC,hubert_l6,6,17,8,0.028519240730828458,0.02729206819256291,0.5820004453159782,train_speakers_only
JVS_JVSMuSiC,hubert_l6,6,17,9,0.02592190989105833,0.02480649955254555,0.6068069448685237,train_speakers_only
JVS_JVSMuSiC,hubert_l6,6,17,10,0.0246425312328393,0.023582172091875134,0.6303891169603989,train_speakers_only
JVS_JVSMuSiC,hubert_l6,6,17,11,0.021271652851480864,0.02035634137915833,0.6507454583395572,train_speakers_only
JVS_JVSMuSiC,hubert_l6,6,17,12,0.020342760850266574,0.019467419262334144,0.6702128776018914,train_speakers_only
JVS_JVSMuSiC,hubert_l6,6,17,13,0.01791699099515747,0.017146029400312457,0.6873589070022039,train_speakers_only
JVS_JVSMuSiC,hubert_l6,6,17,14,0.017025383051076655,0.016292787021226947,0.7036516940234309,train_speakers_only
JVS_JVSMuSiC,hubert_l6,6,17,15,0.016691696484373336,0.01597345886591723,0.7196251528893481,train_speakers_only
JVS_JVSMuSiC,hubert_l6,6,17,16,0.01503512156667444,0.014388165763388895,0.734013318652737,train_speakers_only
JVS_JVSMuSiC,hubert_l6,6,17,17,0.014381954665016626,0.013763104395541875,0.7477764230482788,train_speakers_only
JVS_JVSMuSiC,hubert_l6,6,17,18,0.013472290104415946,0.012892582369566804,0.7606690054178457,train_speakers_only
JVS_JVSMuSiC,hubert_l6,6,17,19,0.012577898241749654,0.01203667586289829,0.7727056812807439,train_speakers_only
JVS_JVSMuSiC,hubert_l6,6,17,20,0.011838060661749618,0.011328673224421486,0.7840343545051653,train_speakers_only
JVS_JVSMuSiC,hubert_l6,6,17,21,0.011227630279737298,0.01074450943934976,0.7947788639445151,train_speakers_only
JVS_JVSMuSiC,hubert_l6,6,17,22,0.010491596069326014,0.010040146512853981,0.8048190104573691,train_speakers_only
JVS_JVSMuSiC,hubert_l6,6,17,23,0.0101348974332117,0.009698796489096063,0.8145178069464653,train_speakers_only
JVS_JVSMuSiC,hubert_l6,6,17,24,0.010056013640117411,0.009623307036878982,0.8241411139833442,train_speakers_only
JVS_JVSMuSiC,hubert_l6,6,17,25,0.009727105782666695,0.009308551964703751,0.8334496659480479,train_speakers_only
JVS_JVSMuSiC,hubert_l6,6,17,26,0.009481454583978224,0.009073471047597027,0.842523136995645,train_speakers_only
JVS_JVSMuSiC,hubert_l6,6,17,27,0.008534236823691274,0.008167011722436472,0.8506901487180815,train_speakers_only
JVS_JVSMuSiC,hubert_l6,6,17,28,0.008472211713520245,0.008107655530158566,0.85879780424824,train_speakers_only
JVS_JVSMuSiC,hubert_l6,6,17,29,0.008165586001110843,0.00781422381044155,0.8666120280586815,train_speakers_only
JVS_JVSMuSiC,hubert_l6,6,17,30,0.007705123620434302,0.007373574958245794,0.8739856030169273,train_speakers_only
JVS_JVSMuSiC,hubert_l6,6,17,31,0.00727402978318621,0.006961030931754568,0.8809466339486819,train_speakers_only
JVS_JVSMuSiC,hubert_l6,6,17,32,0.007067738246803375,0.006763616045024329,0.8877102499937062,train_speakers_only
JVS_JVSMuSiC,hubert_l6,6,17,33,0.006820698993030951,0.006527206800338207,0.8942374567940444,train_speakers_only
JVS_JVSMuSiC,hubert_l6,6,17,34,0.006497990809738458,0.0062183846326008905,0.9004558414266454,train_speakers_only
JVS_JVSMuSiC,hubert_l6,6,17,35,0.006157720197263237,0.00589275574061008,0.9063485971672555,train_speakers_only
JVS_JVSMuSiC,hubert_l6,6,17,36,0.006054385765918731,0.005793867752198614,0.912142464919454,train_speakers_only
JVS_JVSMuSiC,hubert_l6,6,17,37,0.005739087373521544,0.005492136534753979,0.917634601454208,train_speakers_only
JVS_JVSMuSiC,hubert_l6,6,17,38,0.005598904551776769,0.005357985728756237,0.9229925871829643,train_speakers_only
JVS_JVSMuSiC,hubert_l6,6,17,39,0.005320910308884924,0.005091953476854706,0.928084540659819,train_speakers_only
JVS_JVSMuSiC,hubert_l6,6,17,40,0.005183161948050235,0.0049601323778010326,0.9330446730376201,train_speakers_only
JVS_JVSMuSiC,hubert_l6,6,17,41,0.0051291176510355006,0.004908413587196946,0.937953086624817,train_speakers_only
JVS_JVSMuSiC,hubert_l6,6,17,42,0.004956648897898156,0.00474336610167176,0.9426964527264888,train_speakers_only
JVS_JVSMuSiC,hubert_l6,6,17,43,0.004785596758015686,0.0045796742730492045,0.947276126999538,train_speakers_only
JVS_JVSMuSiC,hubert_l6,6,17,44,0.004560657205839078,0.004364413787850789,0.9516405407873888,train_speakers_only
JVS_JVSMuSiC,hubert_l6,6,17,45,0.004229844436692534,0.0040478357716359865,0.9556883765590248,train_speakers_only
JVS_JVSMuSiC,hubert_l6,6,17,46,0.004151011258125046,0.003972394756021057,0.9596607713150459,train_speakers_only
JVS_JVSMuSiC,hubert_l6,6,17,47,0.004109378936005169,0.003932553857554142,0.9635933251726,train_speakers_only
JVS_JVSMuSiC,hubert_l6,6,17,48,0.004070476546520033,0.0038953254237152897,0.9674886505963153,train_speakers_only
JVS_JVSMuSiC,hubert_l6,6,17,49,0.003761020958628406,0.0035991855970270432,0.9710878361933423,train_speakers_only
JVS_JVSMuSiC,hubert_l6,6,17,50,0.003744463419870122,0.003583340523129139,0.9746711767164714,train_speakers_only
JVS_JVSMuSiC,hubert_l6,6,17,51,0.0035490163435880455,0.003396303463332473,0.9780674801798039,train_speakers_only
JVS_JVSMuSiC,hubert_l6,6,17,52,0.0033446374093307136,0.003200718880155093,0.981268199059959,train_speakers_only
JVS_JVSMuSiC,hubert_l6,6,17,53,0.003133211933354459,0.002998390965381698,0.9842665900253407,train_speakers_only
JVS_JVSMuSiC,hubert_l6,6,17,54,0.003075516952937668,0.0029431785789522957,0.987209768604293,train_speakers_only
JVS_JVSMuSiC,hubert_l6,6,17,55,0.0030139864104156903,0.0028842956732576873,0.9900940642775506,train_speakers_only
JVS_JVSMuSiC,hubert_l6,6,17,56,0.00274902209938548,0.002630732679996966,0.9927247969575476,train_speakers_only
JVS_JVSMuSiC,hubert_l6,6,17,57,0.002629110942146217,0.002515981256166615,0.9952407782137142,train_speakers_only
JVS_JVSMuSiC,hubert_l6,6,17,58,0.0025533330166409448,0.0024434640271877505,0.9976842422409019,train_speakers_only
JVS_JVSMuSiC,hubert_l6,6,17,59,0.0024198845078369437,0.0023157577590984446,1.0000000000000004,train_speakers_only
JVS_JVSMuSiC,hubert_l6,6,17,60,1.2575551817548114e-17,1.2034430404475272e-17,1.0000000000000004,train_speakers_only
JVS_JVSMuSiC,hubert_l6,6,19,1,0.2010317925296898,0.20802322852383479,0.20802322852383479,train_speakers_only
JVS_JVSMuSiC,hubert_l6,6,19,2,0.08225459482400466,0.08511522561130376,0.29313845413513856,train_speakers_only
JVS_JVSMuSiC,hubert_l6,6,19,3,0.07446321411460365,0.07705287811177304,0.3701913322469116,train_speakers_only
JVS_JVSMuSiC,hubert_l6,6,19,4,0.04687588064419081,0.048506118901876526,0.4186974511487881,train_speakers_only
JVS_JVSMuSiC,hubert_l6,6,19,5,0.03943732696773888,0.04080886897015321,0.4595063201189413,train_speakers_only
JVS_JVSMuSiC,hubert_l6,6,19,6,0.03406769999117649,0.035252498380321164,0.4947588184992625,train_speakers_only
JVS_JVSMuSiC,hubert_l6,6,19,7,0.03030068431008222,0.031354474321437995,0.5261132928207005,train_speakers_only
JVS_JVSMuSiC,hubert_l6,6,19,8,0.02692515736161331,0.027861554097458958,0.5539748469181595,train_speakers_only
JVS_JVSMuSiC,hubert_l6,6,19,9,0.025927150173929825,0.026828838452538015,0.5808036853706975,train_speakers_only
JVS_JVSMuSiC,hubert_l6,6,19,10,0.023363502063200106,0.024176032395932495,0.60497971776663,train_speakers_only
JVS_JVSMuSiC,hubert_l6,6,19,11,0.020670150478959738,0.02138901206918134,0.6263687298358113,train_speakers_only
JVS_JVSMuSiC,hubert_l6,6,19,12,0.01848747467526223,0.01913042768413212,0.6454991575199434,train_speakers_only
JVS_JVSMuSiC,hubert_l6,6,19,13,0.017967308838499046,0.018592171643285752,0.6640913291632291,train_speakers_only
JVS_JVSMuSiC,hubert_l6,6,19,14,0.01765647431875598,0.018270526994347655,0.6823618561575767,train_speakers_only
JVS_JVSMuSiC,hubert_l6,6,19,15,0.016511874829878433,0.017086120895954668,0.6994479770535313,train_speakers_only
JVS_JVSMuSiC,hubert_l6,6,19,16,0.01575125243475835,0.016299045755603207,0.7157470228091346,train_speakers_only
JVS_JVSMuSiC,hubert_l6,6,19,17,0.013451416711706347,0.013919226891315514,0.7296662497004501,train_speakers_only
JVS_JVSMuSiC,hubert_l6,6,19,18,0.012807684632729287,0.013253107250794519,0.7429193569512447,train_speakers_only
JVS_JVSMuSiC,hubert_l6,6,19,19,0.012753960693702847,0.013197514913360393,0.7561168718646051,train_speakers_only
JVS_JVSMuSiC,hubert_l6,6,19,20,0.011907505949868611,0.01232162236723136,0.7684384942318364,train_speakers_only
JVS_JVSMuSiC,hubert_l6,6,19,21,0.01112505807954259,0.011511962710474437,0.7799504569423108,train_speakers_only
JVS_JVSMuSiC,hubert_l6,6,19,22,0.01079056094553111,0.011165832514481873,0.7911162894567927,train_speakers_only
JVS_JVSMuSiC,hubert_l6,6,19,23,0.010175799311664062,0.01052969084633889,0.8016459803031316,train_speakers_only
JVS_JVSMuSiC,hubert_l6,6,19,24,0.009878887792917722,0.010222453409223531,0.8118684337123552,train_speakers_only
JVS_JVSMuSiC,hubert_l6,6,19,25,0.009669641340723035,0.010005929833549455,0.8218743635459046,train_speakers_only
JVS_JVSMuSiC,hubert_l6,6,19,26,0.009009621024431173,0.009322955487260033,0.8311973190331646,train_speakers_only
JVS_JVSMuSiC,hubert_l6,6,19,27,0.008839269992150277,0.009146680027187187,0.8403439990603518,train_speakers_only
JVS_JVSMuSiC,hubert_l6,6,19,28,0.008244419519652709,0.008531141986060696,0.8488751410464125,train_speakers_only
JVS_JVSMuSiC,hubert_l6,6,19,29,0.007804162856172084,0.00807557418077017,0.8569507152271827,train_speakers_only
JVS_JVSMuSiC,hubert_l6,6,19,30,0.007763522457565748,0.008033520400021352,0.8649842356272041,train_speakers_only
JVS_JVSMuSiC,hubert_l6,6,19,31,0.007147875385634765,0.007396462500259479,0.8723806981274635,train_speakers_only
JVS_JVSMuSiC,hubert_l6,6,19,32,0.00685274040149585,0.007091063381650712,0.8794717615091142,train_speakers_only
JVS_JVSMuSiC,hubert_l6,6,19,33,0.006569848651748313,0.006798333289734786,0.886270094798849,train_speakers_only
JVS_JVSMuSiC,hubert_l6,6,19,34,0.006328745470207551,0.006548845078938127,0.8928189398777872,train_speakers_only
JVS_JVSMuSiC,hubert_l6,6,19,35,0.006193082915932682,0.0064084644845309995,0.8992274043623182,train_speakers_only
JVS_JVSMuSiC,hubert_l6,6,19,36,0.005970699359857757,0.0061783469258941725,0.9054057512882123,train_speakers_only
JVS_JVSMuSiC,hubert_l6,6,19,37,0.0059189562634877485,0.006124804320392511,0.9115305556086049,train_speakers_only
JVS_JVSMuSiC,hubert_l6,6,19,38,0.005560539079746536,0.005753922188854755,0.9172844777974596,train_speakers_only
JVS_JVSMuSiC,hubert_l6,6,19,39,0.005432074779384776,0.005620990187527838,0.9229054679849874,train_speakers_only
JVS_JVSMuSiC,hubert_l6,6,19,40,0.0053687416057801845,0.005555454427834794,0.9284609224128222,train_speakers_only
JVS_JVSMuSiC,hubert_l6,6,19,41,0.004983540639779732,0.0051568570340117265,0.9336177794468339,train_speakers_only
JVS_JVSMuSiC,hubert_l6,6,19,42,0.004808695720361709,0.0049759313994608865,0.9385937108462947,train_speakers_only
JVS_JVSMuSiC,hubert_l6,6,19,43,0.00459920078276569,0.004759150696619137,0.9433528615429139,train_speakers_only
JVS_JVSMuSiC,hubert_l6,6,19,44,0.004558506037480206,0.004717040679135254,0.9480699022220491,train_speakers_only
JVS_JVSMuSiC,hubert_l6,6,19,45,0.004536825508150097,0.0046946061494989085,0.952764508371548,train_speakers_only
JVS_JVSMuSiC,hubert_l6,6,19,46,0.004333271696836175,0.004483973192019808,0.9572484815635678,train_speakers_only
JVS_JVSMuSiC,hubert_l6,6,19,47,0.004077108094853726,0.0042189007930518,0.9614673823566195,train_speakers_only
JVS_JVSMuSiC,hubert_l6,6,19,48,0.0038817571302682363,0.004016755958958868,0.9654841383155784,train_speakers_only
JVS_JVSMuSiC,hubert_l6,6,19,49,0.0038081161974841287,0.003940553959282651,0.969424692274861,train_speakers_only
JVS_JVSMuSiC,hubert_l6,6,19,50,0.003545521146231034,0.003668826439626858,0.9730935187144879,train_speakers_only
JVS_JVSMuSiC,hubert_l6,6,19,51,0.003387809259819034,0.0035056296866398237,0.9765991484011277,train_speakers_only
JVS_JVSMuSiC,hubert_l6,6,19,52,0.003296932336031603,0.003411592266753693,0.9800107406678814,train_speakers_only
JVS_JVSMuSiC,hubert_l6,6,19,53,0.003148563557382321,0.0032580635539148834,0.9832688042217963,train_speakers_only
JVS_JVSMuSiC,hubert_l6,6,19,54,0.003128825378926097,0.0032376389257703733,0.9865064431475666,train_speakers_only
JVS_JVSMuSiC,hubert_l6,6,19,55,0.00286081844584118,0.002960311311140155,0.9894667544587068,train_speakers_only
JVS_JVSMuSiC,hubert_l6,6,19,56,0.0027513721316896602,0.002847058699036671,0.9923138131577435,train_speakers_only
JVS_JVSMuSiC,hubert_l6,6,19,57,0.0025741029684733445,0.002663624510911773,0.9949774376686552,train_speakers_only
JVS_JVSMuSiC,hubert_l6,6,19,58,0.002513249543931183,0.0026006547404058343,0.997578092409061,train_speakers_only
JVS_JVSMuSiC,hubert_l6,6,19,59,0.002340509893066394,0.0024219075909385854,0.9999999999999997,train_speakers_only
JVS_JVSMuSiC,hubert_l6,6,19,60,0.0,0.0,0.9999999999999997,train_speakers_only
JVS_JVSMuSiC,hubert_l6,6,23,1,0.21184244864769305,0.20072897377201504,0.20072897377201504,train_speakers_only
JVS_JVSMuSiC,hubert_l6,6,23,2,0.138891601136815,0.13160520348832608,0.3323341772603411,train_speakers_only
JVS_JVSMuSiC,hubert_l6,6,23,3,0.08310005175026423,0.07874053672771088,0.41107471398805195,train_speakers_only
JVS_JVSMuSiC,hubert_l6,6,23,4,0.047245237239607246,0.04476670302510226,0.4558414170131542,train_speakers_only
JVS_JVSMuSiC,hubert_l6,6,23,5,0.04211770129756276,0.03990816294403753,0.49574957995719177,train_speakers_only
JVS_JVSMuSiC,hubert_l6,6,23,6,0.035129798189892175,0.03328685249103326,0.5290364324482251,train_speakers_only
JVS_JVSMuSiC,hubert_l6,6,23,7,0.03355789788013571,0.031797415704102674,0.5608338481523277,train_speakers_only
JVS_JVSMuSiC,hubert_l6,6,23,8,0.026307408355622293,0.024927294390405464,0.5857611425427331,train_speakers_only
JVS_JVSMuSiC,hubert_l6,6,23,9,0.026001167290224954,0.024637119049360914,0.6103982615920941,train_speakers_only
JVS_JVSMuSiC,hubert_l6,6,23,10,0.022295763063393127,0.02112610417670244,0.6315243657687966,train_speakers_only
JVS_JVSMuSiC,hubert_l6,6,23,11,0.020846356094307177,0.01975273460256918,0.6512771003713658,train_speakers_only
JVS_JVSMuSiC,hubert_l6,6,23,12,0.019494197936661923,0.018471512066225795,0.6697486124375915,train_speakers_only
JVS_JVSMuSiC,hubert_l6,6,23,13,0.019260049291933957,0.0182496471025871,0.6879982595401787,train_speakers_only
JVS_JVSMuSiC,hubert_l6,6,23,14,0.016688920004513844,0.015813401927960564,0.7038116614681392,train_speakers_only
JVS_JVSMuSiC,hubert_l6,6,23,15,0.015491807762313877,0.014679091437307482,0.7184907529054467,train_speakers_only
JVS_JVSMuSiC,hubert_l6,6,23,16,0.014914910767077117,0.014132459057606206,0.7326232119630529,train_speakers_only
JVS_JVSMuSiC,hubert_l6,6,23,17,0.014684078810394924,0.013913736785113689,0.7465369487481666,train_speakers_only
JVS_JVSMuSiC,hubert_l6,6,23,18,0.014444659011333611,0.013686877197372596,0.7602238259455392,train_speakers_only
JVS_JVSMuSiC,hubert_l6,6,23,19,0.013339331825002758,0.01263953662322975,0.7728633625687689,train_speakers_only
JVS_JVSMuSiC,hubert_l6,6,23,20,0.01253275627607046,0.011875274865304007,0.7847386374340729,train_speakers_only
JVS_JVSMuSiC,hubert_l6,6,23,21,0.012089886710863624,0.011455638697452362,0.7961942761315253,train_speakers_only
JVS_JVSMuSiC,hubert_l6,6,23,22,0.011665762539627225,0.011053764520734494,0.8072480406522597,train_speakers_only
JVS_JVSMuSiC,hubert_l6,6,23,23,0.01046371961497496,0.00991478201635157,0.8171628226686113,train_speakers_only
JVS_JVSMuSiC,hubert_l6,6,23,24,0.009637900685136806,0.009132286405268471,0.8262951090738797,train_speakers_only
JVS_JVSMuSiC,hubert_l6,6,23,25,0.009274401230787349,0.008787856509824811,0.8350829655837045,train_speakers_only
JVS_JVSMuSiC,hubert_l6,6,23,26,0.008791637634640173,0.008330419193329908,0.8434133847770344,train_speakers_only
JVS_JVSMuSiC,hubert_l6,6,23,27,0.00868468495333566,0.00822907736076771,0.8516424621378021,train_speakers_only
JVS_JVSMuSiC,hubert_l6,6,23,28,0.008577983252764713,0.008127973342229129,0.8597704354800313,train_speakers_only
JVS_JVSMuSiC,hubert_l6,6,23,29,0.00803848934262691,0.007616781842935665,0.867387217322967,train_speakers_only
JVS_JVSMuSiC,hubert_l6,6,23,30,0.007916537843393174,0.007501228046010588,0.8748884453689776,train_speakers_only
JVS_JVSMuSiC,hubert_l6,6,23,31,0.007490827816021884,0.007097851208817736,0.8819862965777954,train_speakers_only
JVS_JVSMuSiC,hubert_l6,6,23,32,0.006956129039798919,0.0065912032857337105,0.8885774998635291,train_speakers_only
JVS_JVSMuSiC,hubert_l6,6,23,33,0.006752316870671834,0.006398083314678402,0.8949755831782075,train_speakers_only
JVS_JVSMuSiC,hubert_l6,6,23,34,0.006564847816522668,0.006220449081815307,0.9011960322600228,train_speakers_only
JVS_JVSMuSiC,hubert_l6,6,23,35,0.0063173354182113305,0.005985921440985822,0.9071819537010086,train_speakers_only
JVS_JVSMuSiC,hubert_l6,6,23,36,0.0062320693404211485,0.005905128510193883,0.9130870822112025,train_speakers_only
JVS_JVSMuSiC,hubert_l6,6,23,37,0.0059202123751767675,0.005609631885240943,0.9186967140964435,train_speakers_only
JVS_JVSMuSiC,hubert_l6,6,23,38,0.005618560079151105,0.0053238045819609375,0.9240205186784044,train_speakers_only
JVS_JVSMuSiC,hubert_l6,6,23,39,0.00541276764232805,0.0051288082301096955,0.9291493269085142,train_speakers_only
JVS_JVSMuSiC,hubert_l6,6,23,40,0.005310422389203116,0.005031832115259502,0.9341811590237736,train_speakers_only
JVS_JVSMuSiC,hubert_l6,6,23,41,0.005022221952251503,0.0047587509725554155,0.938939909996329,train_speakers_only
JVS_JVSMuSiC,hubert_l6,6,23,42,0.00481367219583533,0.004561141952960665,0.9435010519492897,train_speakers_only
JVS_JVSMuSiC,hubert_l6,6,23,43,0.004722743693194998,0.00447498365400721,0.9479760356032969,train_speakers_only
JVS_JVSMuSiC,hubert_l6,6,23,44,0.0046080667154170946,0.004366322749587073,0.9523423583528839,train_speakers_only
JVS_JVSMuSiC,hubert_l6,6,23,45,0.00453246191129037,0.004294684252008005,0.9566370426048919,train_speakers_only
JVS_JVSMuSiC,hubert_l6,6,23,46,0.004182821006438965,0.0039633858721622355,0.9606004284770542,train_speakers_only
JVS_JVSMuSiC,hubert_l6,6,23,47,0.004134262704601397,0.003917374989271731,0.9645178034663259,train_speakers_only
JVS_JVSMuSiC,hubert_l6,6,23,48,0.003865669080617695,0.0036628720657636187,0.9681806755320895,train_speakers_only
JVS_JVSMuSiC,hubert_l6,6,23,49,0.003716529343678192,0.00352155635432053,0.97170223188641,train_speakers_only
JVS_JVSMuSiC,hubert_l6,6,23,50,0.003639821718947712,0.003448872891251969,0.975151104777662,train_speakers_only
JVS_JVSMuSiC,hubert_l6,6,23,51,0.003529958093096795,0.0033447728253175805,0.9784958776029795,train_speakers_only
JVS_JVSMuSiC,hubert_l6,6,23,52,0.003413688243610246,0.0032346026128929903,0.9817304802158725,train_speakers_only
JVS_JVSMuSiC,hubert_l6,6,23,53,0.003237454781734057,0.003067614541462944,0.9847980947573355,train_speakers_only
JVS_JVSMuSiC,hubert_l6,6,23,54,0.003014961514150926,0.002856793501778787,0.9876548882591143,train_speakers_only
JVS_JVSMuSiC,hubert_l6,6,23,55,0.0029307699475044505,0.002777018712159968,0.9904319069712743,train_speakers_only
JVS_JVSMuSiC,hubert_l6,6,23,56,0.0027890360012547944,0.002642720275935481,0.9930746272472097,train_speakers_only
JVS_JVSMuSiC,hubert_l6,6,23,57,0.002533533705297778,0.0024006218957891177,0.9954752491429989,train_speakers_only
JVS_JVSMuSiC,hubert_l6,6,23,58,0.002446194858384052,0.002317864935494634,0.9977931140784936,train_speakers_only
JVS_JVSMuSiC,hubert_l6,6,23,59,0.002329071427570909,0.002206885921506373,1.0,train_speakers_only
JVS_JVSMuSiC,hubert_l6,6,23,60,6.039104442705085e-18,5.7222867514253945e-18,1.0,train_speakers_only
JVS_JVSMuSiC,hubert_l6,6,29,1,0.20603008738621634,0.20071754634224376,0.20071754634224376,train_speakers_only
JVS_JVSMuSiC,hubert_l6,6,29,2,0.13005177113358057,0.12669835134546328,0.32741589768770707,train_speakers_only
JVS_JVSMuSiC,hubert_l6,6,29,3,0.07198675152607652,0.07013055383691259,0.39754645152461965,train_speakers_only
JVS_JVSMuSiC,hubert_l6,6,29,4,0.04962735730202527,0.0483477025879219,0.4458941541125415,train_speakers_only
JVS_JVSMuSiC,hubert_l6,6,29,5,0.04124338962782826,0.0401799177681107,0.4860740718806522,train_speakers_only
JVS_JVSMuSiC,hubert_l6,6,29,6,0.033542176586154264,0.03267728256956297,0.5187513544502151,train_speakers_only
JVS_JVSMuSiC,hubert_l6,6,29,7,0.03126354949271851,0.030457410486676204,0.5492087649368913,train_speakers_only
JVS_JVSMuSiC,hubert_l6,6,29,8,0.02903383653068202,0.028285191271195723,0.5774939562080871,train_speakers_only
JVS_JVSMuSiC,hubert_l6,6,29,9,0.022993946730157592,0.022401041648591077,0.5998949978566781,train_speakers_only
JVS_JVSMuSiC,hubert_l6,6,29,10,0.022470885313281976,0.021891467510592653,0.6217864653672708,train_speakers_only
JVS_JVSMuSiC,hubert_l6,6,29,11,0.020782844630964574,0.020246953409865716,0.6420334187771365,train_speakers_only
JVS_JVSMuSiC,hubert_l6,6,29,12,0.01993144761170784,0.0194175098910268,0.6614509286681632,train_speakers_only
JVS_JVSMuSiC,hubert_l6,6,29,13,0.01918382557036074,0.01868916548446801,0.6801400941526312,train_speakers_only
JVS_JVSMuSiC,hubert_l6,6,29,14,0.017383052136018318,0.01693482547595289,0.6970749196285841,train_speakers_only
JVS_JVSMuSiC,hubert_l6,6,29,15,0.01589379645303948,0.015483970650058401,0.7125588902786425,train_speakers_only
JVS_JVSMuSiC,hubert_l6,6,29,16,0.015746413701611964,0.015340388202392658,0.7278992784810352,train_speakers_only
JVS_JVSMuSiC,hubert_l6,6,29,17,0.014427381480995975,0.014055367581243736,0.7419546460622789,train_speakers_only
JVS_JVSMuSiC,hubert_l6,6,29,18,0.01349474673610401,0.013146781073306529,0.7551014271355855,train_speakers_only
JVS_JVSMuSiC,hubert_l6,6,29,19,0.012888367103676971,0.012556037102283929,0.7676574642378694,train_speakers_only
JVS_JVSMuSiC,hubert_l6,6,29,20,0.011924969908516367,0.01161748136210628,0.7792749455999757,train_speakers_only
JVS_JVSMuSiC,hubert_l6,6,29,21,0.011484076403897155,0.011187956414715894,0.7904629020146916,train_speakers_only
JVS_JVSMuSiC,hubert_l6,6,29,22,0.011168698092132636,0.010880710217279353,0.8013436122319709,train_speakers_only
JVS_JVSMuSiC,hubert_l6,6,29,23,0.010608249095623893,0.010334712548412986,0.8116783247803839,train_speakers_only
JVS_JVSMuSiC,hubert_l6,6,29,24,0.009999444606652887,0.009741606246422558,0.8214199310268064,train_speakers_only
JVS_JVSMuSiC,hubert_l6,6,29,25,0.009462021784645749,0.009218041015974503,0.8306379720427809,train_speakers_only
JVS_JVSMuSiC,hubert_l6,6,29,26,0.009155784263532734,0.00891969991145169,0.8395576719542326,train_speakers_only
JVS_JVSMuSiC,hubert_l6,6,29,27,0.00824268463022632,0.008030144797010053,0.8475878167512426,train_speakers_only
JVS_JVSMuSiC,hubert_l6,6,29,28,0.00810885121576194,0.007899762313021008,0.8554875790642636,train_speakers_only
JVS_JVSMuSiC,hubert_l6,6,29,29,0.007991033330357496,0.007784982393381011,0.8632725614576446,train_speakers_only
JVS_JVSMuSiC,hubert_l6,6,29,30,0.007819828274141212,0.007618191905442707,0.8708907533630873,train_speakers_only
JVS_JVSMuSiC,hubert_l6,6,29,31,0.007604871173851512,0.0074087775316182035,0.8782995308947055,train_speakers_only
JVS_JVSMuSiC,hubert_l6,6,29,32,0.006916003348289053,0.006737672347636886,0.8850372032423424,train_speakers_only
JVS_JVSMuSiC,hubert_l6,6,29,33,0.006503298737925283,0.00633560943630557,0.891372812678648,train_speakers_only
JVS_JVSMuSiC,hubert_l6,6,29,34,0.006426954768305324,0.006261234016411581,0.8976340466950595,train_speakers_only
JVS_JVSMuSiC,hubert_l6,6,29,35,0.006210687699782594,0.006050543452236165,0.9036845901472957,train_speakers_only
JVS_JVSMuSiC,hubert_l6,6,29,36,0.006066354370165288,0.005909931796221645,0.9095945219435174,train_speakers_only
JVS_JVSMuSiC,hubert_l6,6,29,37,0.005770746710507652,0.00562194645932651,0.9152164684028439,train_speakers_only
JVS_JVSMuSiC,hubert_l6,6,29,38,0.005689658906920773,0.005542949526496354,0.9207594179293402,train_speakers_only
JVS_JVSMuSiC,hubert_l6,6,29,39,0.005585262707852048,0.005441245211411291,0.9262006631407516,train_speakers_only
JVS_JVSMuSiC,hubert_l6,6,29,40,0.005268791914579171,0.005132934702394999,0.9313335978431465,train_speakers_only
JVS_JVSMuSiC,hubert_l6,6,29,41,0.005098739301570168,0.004967266941606883,0.9363008647847534,train_speakers_only
JVS_JVSMuSiC,hubert_l6,6,29,42,0.004815803270139599,0.0046916264916074665,0.9409924912763609,train_speakers_only
JVS_JVSMuSiC,hubert_l6,6,29,43,0.004694136292096058,0.004573096729214089,0.945565588005575,train_speakers_only
JVS_JVSMuSiC,hubert_l6,6,29,44,0.004545846927933499,0.004428631046065757,0.9499942190516407,train_speakers_only
JVS_JVSMuSiC,hubert_l6,6,29,45,0.00446143715493295,0.0043463978016939474,0.9543406168533347,train_speakers_only
JVS_JVSMuSiC,hubert_l6,6,29,46,0.004283119652541742,0.004172678263912327,0.958513295117247,train_speakers_only
JVS_JVSMuSiC,hubert_l6,6,29,47,0.004133856419460174,0.004027263823316175,0.9625405589405632,train_speakers_only
JVS_JVSMuSiC,hubert_l6,6,29,48,0.003903789637787958,0.003803129375294807,0.966343688315858,train_speakers_only
JVS_JVSMuSiC,hubert_l6,6,29,49,0.0037343416788327196,0.0036380506773935604,0.9699817389932516,train_speakers_only
JVS_JVSMuSiC,hubert_l6,6,29,50,0.003568885146814089,0.0034768604864151807,0.9734585994796667,train_speakers_only
JVS_JVSMuSiC,hubert_l6,6,29,51,0.0035024492668313907,0.0034121376734106024,0.9768707371530774,train_speakers_only
JVS_JVSMuSiC,hubert_l6,6,29,52,0.003306665772499331,0.003221402508973301,0.9800921396620507,train_speakers_only
JVS_JVSMuSiC,hubert_l6,6,29,53,0.003254168638715345,0.003170259027859449,0.9832623986899102,train_speakers_only
JVS_JVSMuSiC,hubert_l6,6,29,54,0.003203760305820484,0.003121150487343748,0.9863835491772539,train_speakers_only
JVS_JVSMuSiC,hubert_l6,6,29,55,0.00307036450157258,0.002991194329674415,0.9893747435069283,train_speakers_only
JVS_JVSMuSiC,hubert_l6,6,29,56,0.0029770783195489357,0.002900313556866111,0.9922750570637945,train_speakers_only
JVS_JVSMuSiC,hubert_l6,6,29,57,0.002782106271443979,0.0027103689152973816,0.9949854259790919,train_speakers_only
JVS_JVSMuSiC,hubert_l6,6,29,58,0.0027185711397492165,0.002648472054008387,0.9976338980331003,train_speakers_only
JVS_JVSMuSiC,hubert_l6,6,29,59,0.002428727352883125,0.002366101966899458,0.9999999999999998,train_speakers_only
JVS_JVSMuSiC,hubert_l6,6,29,60,8.703019315981597e-18,8.478609629468346e-18,0.9999999999999998,train_speakers_only
JVS_JVSMuSiC,hubert_l6,6,31,1,0.20154962038233212,0.21500589827704145,0.21500589827704145,train_speakers_only
JVS_JVSMuSiC,hubert_l6,6,31,2,0.08424088308670474,0.08986514936297,0.30487104764001144,train_speakers_only
JVS_JVSMuSiC,hubert_l6,6,31,3,0.05480474845708876,0.058463737860240596,0.36333478550025206,train_speakers_only
JVS_JVSMuSiC,hubert_l6,6,31,4,0.03978134539934699,0.042437310901557154,0.4057720964018092,train_speakers_only
JVS_JVSMuSiC,hubert_l6,6,31,5,0.037115371060851866,0.03959334520048391,0.44536544160229313,train_speakers_only
JVS_JVSMuSiC,hubert_l6,6,31,6,0.033635321757307685,0.035880953556493005,0.48124639515878614,train_speakers_only
JVS_JVSMuSiC,hubert_l6,6,31,7,0.03134124036711112,0.03343370989964961,0.5146801050584358,train_speakers_only
JVS_JVSMuSiC,hubert_l6,6,31,8,0.02752826496338915,0.029366164645878583,0.5440462697043144,train_speakers_only
JVS_JVSMuSiC,hubert_l6,6,31,9,0.024721091029783076,0.0263715722865879,0.5704178419909023,train_speakers_only
JVS_JVSMuSiC,hubert_l6,6,31,10,0.021749499504095913,0.02320158514356662,0.5936194271344689,train_speakers_only
JVS_JVSMuSiC,hubert_l6,6,31,11,0.020034631729444325,0.021372225774812202,0.6149916529092812,train_speakers_only
JVS_JVSMuSiC,hubert_l6,6,31,12,0.018791504978525504,0.02004610279206234,0.6350377557013435,train_speakers_only
JVS_JVSMuSiC,hubert_l6,6,31,13,0.0182001226613271,0.01941523736997322,0.6544529930713167,train_speakers_only
JVS_JVSMuSiC,hubert_l6,6,31,14,0.017015976826823973,0.018152033111114296,0.672605026182431,train_speakers_only
JVS_JVSMuSiC,hubert_l6,6,31,15,0.01503005616232143,0.016033524251765744,0.6886385504341968,train_speakers_only
JVS_JVSMuSiC,hubert_l6,6,31,16,0.014390323505588797,0.01535108042350629,0.703989630857703,train_speakers_only
JVS_JVSMuSiC,hubert_l6,6,31,17,0.013783133336630529,0.014703351752749116,0.7186929826104522,train_speakers_only
JVS_JVSMuSiC,hubert_l6,6,31,18,0.012960279563864646,0.013825560892966928,0.7325185435034192,train_speakers_only
JVS_JVSMuSiC,hubert_l6,6,31,19,0.012698485374035003,0.013546288251116957,0.7460648317545361,train_speakers_only
JVS_JVSMuSiC,hubert_l6,6,31,20,0.011728080441893204,0.012511095112415771,0.7585759268669519,train_speakers_only
JVS_JVSMuSiC,hubert_l6,6,31,21,0.011588413418790324,0.012362103346988723,0.7709380302139406,train_speakers_only
JVS_JVSMuSiC,hubert_l6,6,31,22,0.010840038807679071,0.01156376418264559,0.7825017943965862,train_speakers_only
JVS_JVSMuSiC,hubert_l6,6,31,23,0.010571976538691678,0.011277804979008864,0.7937795993755951,train_speakers_only
JVS_JVSMuSiC,hubert_l6,6,31,24,0.0100489297195215,0.010719837412593683,0.8044994367881887,train_speakers_only
JVS_JVSMuSiC,hubert_l6,6,31,25,0.009677039132469563,0.010323117887256948,0.8148225546754456,train_speakers_only
JVS_JVSMuSiC,hubert_l6,6,31,26,0.009076232650899168,0.009682199104995449,0.8245047537804411,train_speakers_only
JVS_JVSMuSiC,hubert_l6,6,31,27,0.008796422938951222,0.009383708151006621,0.8338884619314477,train_speakers_only
JVS_JVSMuSiC,hubert_l6,6,31,28,0.008210722454885662,0.008758903904494368,0.8426473658359421,train_speakers_only
JVS_JVSMuSiC,hubert_l6,6,31,29,0.008118373543769916,0.008660389401953097,0.8513077552378953,train_speakers_only
JVS_JVSMuSiC,hubert_l6,6,31,30,0.007794382737186209,0.008314767642552652,0.8596225228804479,train_speakers_only
JVS_JVSMuSiC,hubert_l6,6,31,31,0.007522299661326089,0.008024519186513321,0.8676470420669613,train_speakers_only
JVS_JVSMuSiC,hubert_l6,6,31,32,0.0072702419394039585,0.007755633059034,0.8754026751259953,train_speakers_only
JVS_JVSMuSiC,hubert_l6,6,31,33,0.006907018661981491,0.007368159508405599,0.882770834634401,train_speakers_only
JVS_JVSMuSiC,hubert_l6,6,31,34,0.006693884672575811,0.0071407958211974105,0.8899116304555984,train_speakers_only
JVS_JVSMuSiC,hubert_l6,6,31,35,0.00639452620533819,0.006821450956974064,0.8967330814125725,train_speakers_only
JVS_JVSMuSiC,hubert_l6,6,31,36,0.00625487307350385,0.0066724740102535205,0.903405555422826,train_speakers_only
JVS_JVSMuSiC,hubert_l6,6,31,37,0.005836839303026599,0.006226530593634321,0.9096320860164603,train_speakers_only
JVS_JVSMuSiC,hubert_l6,6,31,38,0.00566115614951622,0.006039118113466963,0.9156712041299272,train_speakers_only
JVS_JVSMuSiC,hubert_l6,6,31,39,0.00563262304864632,0.006008680025955188,0.9216798841558824,train_speakers_only
JVS_JVSMuSiC,hubert_l6,6,31,40,0.005265439340681743,0.0056169816302258395,0.9272968657861083,train_speakers_only
JVS_JVSMuSiC,hubert_l6,6,31,41,0.005077982104560579,0.005417008981484024,0.9327138747675923,train_speakers_only
JVS_JVSMuSiC,hubert_l6,6,31,42,0.004996667217317761,0.005330265179427868,0.9380441399470202,train_speakers_only
JVS_JVSMuSiC,hubert_l6,6,31,43,0.004421750512290806,0.004716964681196649,0.9427611046282168,train_speakers_only
JVS_JVSMuSiC,hubert_l6,6,31,44,0.00440788445300514,0.00470217286701897,0.9474632774952358,train_speakers_only
JVS_JVSMuSiC,hubert_l6,6,31,45,0.004272210087528476,0.004557440325389063,0.9520207178206249,train_speakers_only
JVS_JVSMuSiC,hubert_l6,6,31,46,0.004104621860773266,0.004378663222431448,0.9563993810430563,train_speakers_only
JVS_JVSMuSiC,hubert_l6,6,31,47,0.003952015075053293,0.004215867782853577,0.9606152488259099,train_speakers_only
JVS_JVSMuSiC,hubert_l6,6,31,48,0.003852688710605602,0.004109909983626977,0.9647251588095368,train_speakers_only
JVS_JVSMuSiC,hubert_l6,6,31,49,0.0038349158578562946,0.004090950542457792,0.9688161093519946,train_speakers_only
JVS_JVSMuSiC,hubert_l6,6,31,50,0.003487707156426321,0.0037205607664862737,0.9725366701184809,train_speakers_only
JVS_JVSMuSiC,hubert_l6,6,31,51,0.003387129053529797,0.003613267657626796,0.9761499377761077,train_speakers_only
JVS_JVSMuSiC,hubert_l6,6,31,52,0.0033415063703853354,0.0035645990173551042,0.9797145367934628,train_speakers_only
JVS_JVSMuSiC,hubert_l6,6,31,53,0.003055224778610779,0.003259204094343553,0.9829737408878063,train_speakers_only
JVS_JVSMuSiC,hubert_l6,6,31,54,0.0030111844562464344,0.00321222345973658,0.9861859643475429,train_speakers_only
JVS_JVSMuSiC,hubert_l6,6,31,55,0.0028637199188957063,0.0030549135860838436,0.9892408779336268,train_speakers_only
JVS_JVSMuSiC,hubert_l6,6,31,56,0.002840251642142171,0.0030298784710841905,0.992270756404711,train_speakers_only
JVS_JVSMuSiC,hubert_l6,6,31,57,0.0026480757093406103,0.002824872086151054,0.995095628490862,train_speakers_only
JVS_JVSMuSiC,hubert_l6,6,31,58,0.0024041553528497002,0.0025646666079373053,0.9976602950987993,train_speakers_only
JVS_JVSMuSiC,hubert_l6,6,31,59,0.0021932730144739736,0.0023397049012011378,1.0000000000000004,train_speakers_only
JVS_JVSMuSiC,hubert_l6,6,31,60,0.0,0.0,1.0000000000000004,train_speakers_only
JVS_JVSMuSiC,hubert_l6,6,37,1,0.20806276580042826,0.19965396010530367,0.19965396010530367,train_speakers_only
JVS_JVSMuSiC,hubert_l6,6,37,2,0.13261557204743318,0.12725594619989306,0.32690990630519673,train_speakers_only
JVS_JVSMuSiC,hubert_l6,6,37,3,0.08634335730704247,0.08285381167946944,0.40976371798466615,train_speakers_only
JVS_JVSMuSiC,hubert_l6,6,37,4,0.04789181401454431,0.045956278086786685,0.45571999607145286,train_speakers_only
JVS_JVSMuSiC,hubert_l6,6,37,5,0.03600862457777526,0.034553344839190835,0.4902733409106437,train_speakers_only
JVS_JVSMuSiC,hubert_l6,6,37,6,0.03473103420093311,0.033327387964361875,0.5236007288750055,train_speakers_only
JVS_JVSMuSiC,hubert_l6,6,37,7,0.03331183865835816,0.0319655488618736,0.5555662777368792,train_speakers_only
JVS_JVSMuSiC,hubert_l6,6,37,8,0.028528913838382835,0.0273759247764667,0.5829422025133458,train_speakers_only
JVS_JVSMuSiC,hubert_l6,6,37,9,0.02542394335749856,0.024396440916710477,0.6073386434300563,train_speakers_only
JVS_JVSMuSiC,hubert_l6,6,37,10,0.021887124221665773,0.02100256145957322,0.6283412048896295,train_speakers_only
JVS_JVSMuSiC,hubert_l6,6,37,11,0.021047140246364043,0.0201965252307996,0.6485377301204291,train_speakers_only
JVS_JVSMuSiC,hubert_l6,6,37,12,0.01958176851307022,0.018790376137025118,0.6673281062574543,train_speakers_only
JVS_JVSMuSiC,hubert_l6,6,37,13,0.018603229326998594,0.017851384372372634,0.685179490629827,train_speakers_only
JVS_JVSMuSiC,hubert_l6,6,37,14,0.017803171902553275,0.017083661072686357,0.7022631517025133,train_speakers_only
JVS_JVSMuSiC,hubert_l6,6,37,15,0.016776522314315236,0.01609850327598181,0.7183616549784951,train_speakers_only
JVS_JVSMuSiC,hubert_l6,6,37,16,0.01557420440909136,0.014944776754275801,0.7333064317327709,train_speakers_only
JVS_JVSMuSiC,hubert_l6,6,37,17,0.01445991183727737,0.01387551804370007,0.7471819497764709,train_speakers_only
JVS_JVSMuSiC,hubert_l6,6,37,18,0.012636752603265208,0.012126041343374812,0.7593079911198457,train_speakers_only
JVS_JVSMuSiC,hubert_l6,6,37,19,0.012139140628440319,0.011648540234575242,0.770956531354421,train_speakers_only
JVS_JVSMuSiC,hubert_l6,6,37,20,0.011785981270340095,0.011309653725392773,0.7822661850798137,train_speakers_only
JVS_JVSMuSiC,hubert_l6,6,37,21,0.011178293131280758,0.010726525153562698,0.7929927102333764,train_speakers_only
JVS_JVSMuSiC,hubert_l6,6,37,22,0.010830607156282573,0.010392890822045423,0.8033856010554218,train_speakers_only
JVS_JVSMuSiC,hubert_l6,6,37,23,0.010521880807319745,0.01009664157282414,0.813482242628246,train_speakers_only
JVS_JVSMuSiC,hubert_l6,6,37,24,0.01024586618281061,0.009831782011728591,0.8233140246399746,train_speakers_only
JVS_JVSMuSiC,hubert_l6,6,37,25,0.009427074739963591,0.009046081824403647,0.8323601064643783,train_speakers_only
JVS_JVSMuSiC,hubert_l6,6,37,26,0.008916481474421947,0.00855612406057064,0.8409162305249489,train_speakers_only
JVS_JVSMuSiC,hubert_l6,6,37,27,0.008712204051705478,0.008360102459836137,0.849276332984785,train_speakers_only
JVS_JVSMuSiC,hubert_l6,6,37,28,0.008408819523710883,0.008068979143197642,0.8573453121279826,train_speakers_only
JVS_JVSMuSiC,hubert_l6,6,37,29,0.007838627617091351,0.007521831402761574,0.8648671435307441,train_speakers_only
JVS_JVSMuSiC,hubert_l6,6,37,30,0.00774119161168186,0.007428333249634521,0.8722954767803787,train_speakers_only
JVS_JVSMuSiC,hubert_l6,6,37,31,0.007462326155845417,0.007160738072861176,0.8794562148532399,train_speakers_only
JVS_JVSMuSiC,hubert_l6,6,37,32,0.007155311398747988,0.006866131241939469,0.8863223460951793,train_speakers_only
JVS_JVSMuSiC,hubert_l6,6,37,33,0.006793644404406155,0.006519080930549343,0.8928414270257287,train_speakers_only
JVS_JVSMuSiC,hubert_l6,6,37,34,0.006468057484558399,0.006206652526283851,0.8990480795520125,train_speakers_only
JVS_JVSMuSiC,hubert_l6,6,37,35,0.0064219932041035665,0.006162449922435788,0.9052105294744482,train_speakers_only
JVS_JVSMuSiC,hubert_l6,6,37,36,0.006194029837121341,0.005943699639068911,0.9111542291135172,train_speakers_only
JVS_JVSMuSiC,hubert_l6,6,37,37,0.00581748861060957,0.005582376233957142,0.9167366053474744,train_speakers_only
JVS_JVSMuSiC,hubert_l6,6,37,38,0.005698264472183358,0.0054679705098701695,0.9222045758573445,train_speakers_only
JVS_JVSMuSiC,hubert_l6,6,37,39,0.005630818273776118,0.005403250133044218,0.9276078259903887,train_speakers_only
JVS_JVSMuSiC,hubert_l6,6,37,40,0.005237431944594463,0.005025762415959163,0.9326335884063479,train_speakers_only
JVS_JVSMuSiC,hubert_l6,6,37,41,0.005094621626408664,0.004888723741787917,0.9375223121481359,train_speakers_only
JVS_JVSMuSiC,hubert_l6,6,37,42,0.004878078964370804,0.004680932598373663,0.9422032447465095,train_speakers_only
JVS_JVSMuSiC,hubert_l6,6,37,43,0.004637085120478561,0.004449678461628036,0.9466529232081375,train_speakers_only
JVS_JVSMuSiC,hubert_l6,6,37,44,0.00442210374770248,0.004243385508352631,0.9508963087164902,train_speakers_only
JVS_JVSMuSiC,hubert_l6,6,37,45,0.004321789393775483,0.0041471253344580825,0.9550434340509483,train_speakers_only
JVS_JVSMuSiC,hubert_l6,6,37,46,0.004285912170646255,0.004112698080510096,0.9591561321314583,train_speakers_only
JVS_JVSMuSiC,hubert_l6,6,37,47,0.003927475433768281,0.003768747476519985,0.9629248796079783,train_speakers_only
JVS_JVSMuSiC,hubert_l6,6,37,48,0.00392047357723344,0.0037620285983012303,0.9666869082062796,train_speakers_only
JVS_JVSMuSiC,hubert_l6,6,37,49,0.0036678146098663997,0.003519580781187562,0.9702064889874671,train_speakers_only
JVS_JVSMuSiC,hubert_l6,6,37,50,0.0035931238030961444,0.0034479085850703324,0.9736543975725375,train_speakers_only
JVS_JVSMuSiC,hubert_l6,6,37,51,0.003531383804394393,0.0033886637932870464,0.9770430613658245,train_speakers_only
JVS_JVSMuSiC,hubert_l6,6,37,52,0.00348876160219616,0.003347764156946306,0.9803908255227708,train_speakers_only
JVS_JVSMuSiC,hubert_l6,6,37,53,0.0032393111947200967,0.0031083952265618616,0.9834992207493326,train_speakers_only
JVS_JVSMuSiC,hubert_l6,6,37,54,0.003197636186890173,0.00306840450396114,0.9865676252532938,train_speakers_only
JVS_JVSMuSiC,hubert_l6,6,37,55,0.0030440878987324942,0.0029210618322431437,0.9894886870855369,train_speakers_only
JVS_JVSMuSiC,hubert_l6,6,37,56,0.002988645980315716,0.0028678605853734254,0.9923565476709104,train_speakers_only
JVS_JVSMuSiC,hubert_l6,6,37,57,0.002866432366405454,0.0027505862047215355,0.995107133875632,train_speakers_only
JVS_JVSMuSiC,hubert_l6,6,37,58,0.002656872576799414,0.002549495722660886,0.9976566295982928,train_speakers_only
JVS_JVSMuSiC,hubert_l6,6,37,59,0.002442065896498537,0.002343370401707108,0.9999999999999999,train_speakers_only
JVS_JVSMuSiC,hubert_l6,6,37,60,0.0,0.0,0.9999999999999999,train_speakers_only
JVS_JVSMuSiC,hubert_l6,6,41,1,0.20524034896910381,0.19931095114228511,0.19931095114228511,train_speakers_only
JVS_JVSMuSiC,hubert_l6,6,41,2,0.1374540014121195,0.13348295253525733,0.33279390367754247,train_speakers_only
JVS_JVSMuSiC,hubert_l6,6,41,3,0.07200277253220395,0.069922610979557,0.40271651465709946,train_speakers_only
JVS_JVSMuSiC,hubert_l6,6,41,4,0.044371629855399775,0.043089732572733304,0.44580624722983275,train_speakers_only
JVS_JVSMuSiC,hubert_l6,6,41,5,0.038754946735547156,0.0376353155416496,0.48344156277148237,train_speakers_only
JVS_JVSMuSiC,hubert_l6,6,41,6,0.03475984071825872,0.03375562821788709,0.5171971909893694,train_speakers_only
JVS_JVSMuSiC,hubert_l6,6,41,7,0.032675844681555676,0.03173183886877347,0.548929029858143,train_speakers_only
JVS_JVSMuSiC,hubert_l6,6,41,8,0.027619184672825852,0.026821265869821816,0.5757502957279648,train_speakers_only
JVS_JVSMuSiC,hubert_l6,6,41,9,0.02638259414991322,0.025620400472090715,0.6013706962000555,train_speakers_only
JVS_JVSMuSiC,hubert_l6,6,41,10,0.02390787750658767,0.023217178442571026,0.6245878746426264,train_speakers_only
JVS_JVSMuSiC,hubert_l6,6,41,11,0.022113163020997056,0.021474313294715767,0.6460621879373422,train_speakers_only
JVS_JVSMuSiC,hubert_l6,6,41,12,0.02011650106472054,0.01953533494268132,0.6655975228800235,train_speakers_only
JVS_JVSMuSiC,hubert_l6,6,41,13,0.01836417747260265,0.017833636014530217,0.6834311588945537,train_speakers_only
JVS_JVSMuSiC,hubert_l6,6,41,14,0.01601138179377717,0.015548812650383837,0.6989799715449376,train_speakers_only
JVS_JVSMuSiC,hubert_l6,6,41,15,0.015686291289907242,0.015233114017736346,0.7142130855626739,train_speakers_only
JVS_JVSMuSiC,hubert_l6,6,41,16,0.014966921457532398,0.01453452679434744,0.7287476123570213,train_speakers_only
JVS_JVSMuSiC,hubert_l6,6,41,17,0.013746105535803013,0.013348980269252814,0.7420965926262741,train_speakers_only
JVS_JVSMuSiC,hubert_l6,6,41,18,0.013433106786924316,0.013045024060550648,0.7551416166868248,train_speakers_only
JVS_JVSMuSiC,hubert_l6,6,41,19,0.013158636916467122,0.012778483630194246,0.7679201003170191,train_speakers_only
JVS_JVSMuSiC,hubert_l6,6,41,20,0.013012552971864731,0.012636620053701777,0.7805567203707209,train_speakers_only
JVS_JVSMuSiC,hubert_l6,6,41,21,0.011358759571281265,0.01103060477786172,0.7915873251485827,train_speakers_only
JVS_JVSMuSiC,hubert_l6,6,41,22,0.011179953216909816,0.010856964142679294,0.802444289291262,train_speakers_only
JVS_JVSMuSiC,hubert_l6,6,41,23,0.010853162876302815,0.010539614781612394,0.8129839040728744,train_speakers_only
JVS_JVSMuSiC,hubert_l6,6,41,24,0.009840286497892209,0.009556000422230454,0.8225399044951048,train_speakers_only
JVS_JVSMuSiC,hubert_l6,6,41,25,0.009535932025439215,0.00926043875663347,0.8318003432517383,train_speakers_only
JVS_JVSMuSiC,hubert_l6,6,41,26,0.00950849114158054,0.009233790640463677,0.841034133892202,train_speakers_only
JVS_JVSMuSiC,hubert_l6,6,41,27,0.009020389287631847,0.008759790058933428,0.8497939239511355,train_speakers_only
JVS_JVSMuSiC,hubert_l6,6,41,28,0.008061948859841623,0.00782903899445904,0.8576229629455946,train_speakers_only
JVS_JVSMuSiC,hubert_l6,6,41,29,0.008041858802660489,0.007809529339435613,0.8654324922850302,train_speakers_only
JVS_JVSMuSiC,hubert_l6,6,41,30,0.007385222901078177,0.007171863662311648,0.8726043559473418,train_speakers_only
JVS_JVSMuSiC,hubert_l6,6,41,31,0.006926095941235812,0.006726000889611807,0.8793303568369536,train_speakers_only
JVS_JVSMuSiC,hubert_l6,6,41,32,0.006866184932471589,0.006667820711100765,0.8859981775480543,train_speakers_only
JVS_JVSMuSiC,hubert_l6,6,41,33,0.006683631601192841,0.0064905413492495675,0.8924887188973039,train_speakers_only
JVS_JVSMuSiC,hubert_l6,6,41,34,0.00652105426109069,0.0063326608717864325,0.8988213797690903,train_speakers_only
JVS_JVSMuSiC,hubert_l6,6,41,35,0.006375498880559753,0.006191310589138718,0.905012690358229,train_speakers_only
JVS_JVSMuSiC,hubert_l6,6,41,36,0.006037297986838884,0.005862880326067861,0.9108755706842968,train_speakers_only
JVS_JVSMuSiC,hubert_l6,6,41,37,0.005962506088367278,0.005790249167053622,0.9166658198513504,train_speakers_only
JVS_JVSMuSiC,hubert_l6,6,41,38,0.005924604752977156,0.005753442802008389,0.9224192626533588,train_speakers_only
JVS_JVSMuSiC,hubert_l6,6,41,39,0.005361677094477227,0.005206778134931593,0.9276260407882905,train_speakers_only
JVS_JVSMuSiC,hubert_l6,6,41,40,0.005127807467210066,0.004979665005919487,0.93260570579421,train_speakers_only
JVS_JVSMuSiC,hubert_l6,6,41,41,0.0049529053466839355,0.004809815811187738,0.9374155216053978,train_speakers_only
JVS_JVSMuSiC,hubert_l6,6,41,42,0.0048603242521841295,0.0047199093863778295,0.9421354309917755,train_speakers_only
JVS_JVSMuSiC,hubert_l6,6,41,43,0.004654997934891378,0.004520514950538504,0.9466559459423141,train_speakers_only
JVS_JVSMuSiC,hubert_l6,6,41,44,0.004556932327011446,0.004425282460050788,0.9510812284023649,train_speakers_only
JVS_JVSMuSiC,hubert_l6,6,41,45,0.004469110665648347,0.004339997968258144,0.955421226370623,train_speakers_only
JVS_JVSMuSiC,hubert_l6,6,41,46,0.004256603288356546,0.004133629933388172,0.9595548563040112,train_speakers_only
JVS_JVSMuSiC,hubert_l6,6,41,47,0.004116060669218256,0.003997147593355231,0.9635520038973664,train_speakers_only
JVS_JVSMuSiC,hubert_l6,6,41,48,0.0037232336935706096,0.0036156693969677076,0.9671676732943341,train_speakers_only
JVS_JVSMuSiC,hubert_l6,6,41,49,0.0036944765442570764,0.003587743042278631,0.9707554163366127,train_speakers_only
JVS_JVSMuSiC,hubert_l6,6,41,50,0.003578489603704682,0.0034751069667813056,0.974230523303394,train_speakers_only
JVS_JVSMuSiC,hubert_l6,6,41,51,0.0034631942139886707,0.0033631424632027335,0.9775936657665967,train_speakers_only
JVS_JVSMuSiC,hubert_l6,6,41,52,0.003419991993991914,0.0033211883562142093,0.9809148541228109,train_speakers_only
JVS_JVSMuSiC,hubert_l6,6,41,53,0.0033132920740898447,0.0032175709991530575,0.984132425121964,train_speakers_only
JVS_JVSMuSiC,hubert_l6,6,41,54,0.003116492434286655,0.0030264569049184118,0.9871588820268824,train_speakers_only
JVS_JVSMuSiC,hubert_l6,6,41,55,0.0030286966921446046,0.0029411975835399967,0.9901000796104223,train_speakers_only
JVS_JVSMuSiC,hubert_l6,6,41,56,0.0026868106591279727,0.0026091886449220577,0.9927092682553444,train_speakers_only
JVS_JVSMuSiC,hubert_l6,6,41,57,0.002625814104891949,0.002549954282369819,0.9952592225377143,train_speakers_only
JVS_JVSMuSiC,hubert_l6,6,41,58,0.0026089446202341346,0.0025335721574644707,0.9977927946951788,train_speakers_only
JVS_JVSMuSiC,hubert_l6,6,41,59,0.0022728685223348637,0.0022072053048210125,0.9999999999999998,train_speakers_only
JVS_JVSMuSiC,hubert_l6,6,41,60,1.3979126692264502e-17,1.3575269439797959e-17,0.9999999999999998,train_speakers_only
JVS_JVSMuSiC,hubert_l6,6,43,1,0.18486685388574806,0.18052920376996803,0.18052920376996803,train_speakers_only
JVS_JVSMuSiC,hubert_l6,6,43,2,0.15713898095761028,0.15345192779141323,0.33398113156138126,train_speakers_only
JVS_JVSMuSiC,hubert_l6,6,43,3,0.08120056157973875,0.07929530048000998,0.41327643204139125,train_speakers_only
JVS_JVSMuSiC,hubert_l6,6,43,4,0.041498954291290135,0.040525237585981706,0.45380166962737295,train_speakers_only
JVS_JVSMuSiC,hubert_l6,6,43,5,0.03844025602509946,0.03753830752815075,0.4913399771555237,train_speakers_only
JVS_JVSMuSiC,hubert_l6,6,43,6,0.033540267054520685,0.03275329015620527,0.524093267311729,train_speakers_only
JVS_JVSMuSiC,hubert_l6,6,43,7,0.03188112968608642,0.03113308219694855,0.5552263495086776,train_speakers_only
JVS_JVSMuSiC,hubert_l6,6,43,8,0.028393962377104485,0.02772773654157088,0.5829540860502485,train_speakers_only
JVS_JVSMuSiC,hubert_l6,6,43,9,0.02411836965337513,0.023552464804991416,0.6065065508552399,train_speakers_only
JVS_JVSMuSiC,hubert_l6,6,43,10,0.022897476773749374,0.022360218521709732,0.6288667693769496,train_speakers_only
JVS_JVSMuSiC,hubert_l6,6,43,11,0.02126783026905118,0.020768809463050153,0.6496355788399998,train_speakers_only
JVS_JVSMuSiC,hubert_l6,6,43,12,0.018586295049880745,0.018150192832633825,0.6677857716726336,train_speakers_only
JVS_JVSMuSiC,hubert_l6,6,43,13,0.01728729542751939,0.01688167247545116,0.6846674441480848,train_speakers_only
JVS_JVSMuSiC,hubert_l6,6,43,14,0.01571567579273889,0.015346928764869495,0.7000143729129543,train_speakers_only
JVS_JVSMuSiC,hubert_l6,6,43,15,0.014521569290779206,0.014180840353214309,0.7141952132661686,train_speakers_only
JVS_JVSMuSiC,hubert_l6,6,43,16,0.013959443761492734,0.01363190433743954,0.7278271176036082,train_speakers_only
JVS_JVSMuSiC,hubert_l6,6,43,17,0.013286549525930143,0.012974798652920285,0.7408019162565285,train_speakers_only
JVS_JVSMuSiC,hubert_l6,6,43,18,0.012790655334516341,0.012490539946460048,0.7532924562029886,train_speakers_only
JVS_JVSMuSiC,hubert_l6,6,43,19,0.012474547843307577,0.012181849489008391,0.7654743056919969,train_speakers_only
JVS_JVSMuSiC,hubert_l6,6,43,20,0.01210802153718996,0.011823923225790567,0.7772982289177874,train_speakers_only
JVS_JVSMuSiC,hubert_l6,6,43,21,0.011497427826474404,0.011227656268759136,0.7885258851865465,train_speakers_only
JVS_JVSMuSiC,hubert_l6,6,43,22,0.011189588184938,0.010927039667095401,0.7994529248536419,train_speakers_only
JVS_JVSMuSiC,hubert_l6,6,43,23,0.010633388139202778,0.010383890101433105,0.8098368149550751,train_speakers_only
JVS_JVSMuSiC,hubert_l6,6,43,24,0.01032087693330984,0.010078711547337563,0.8199155265024126,train_speakers_only
JVS_JVSMuSiC,hubert_l6,6,43,25,0.009552354396884108,0.009328221350398534,0.8292437478528112,train_speakers_only
JVS_JVSMuSiC,hubert_l6,6,43,26,0.008997615220982056,0.008786498377239167,0.8380302462300504,train_speakers_only
JVS_JVSMuSiC,hubert_l6,6,43,27,0.008763538043716686,0.008557913503616796,0.8465881597336672,train_speakers_only
JVS_JVSMuSiC,hubert_l6,6,43,28,0.008380093212222819,0.008183465685285454,0.8547716254189527,train_speakers_only
JVS_JVSMuSiC,hubert_l6,6,43,29,0.007892838108611576,0.0077076433621438775,0.8624792687810966,train_speakers_only
JVS_JVSMuSiC,hubert_l6,6,43,30,0.007661636730436185,0.007481866810884354,0.869961135591981,train_speakers_only
JVS_JVSMuSiC,hubert_l6,6,43,31,0.007415070758469065,0.007241086175197752,0.8772022217671787,train_speakers_only
JVS_JVSMuSiC,hubert_l6,6,43,32,0.007031355178782866,0.006866373961413377,0.8840685957285921,train_speakers_only
JVS_JVSMuSiC,hubert_l6,6,43,33,0.006916095395912519,0.006753818593098715,0.8908224143216908,train_speakers_only
JVS_JVSMuSiC,hubert_l6,6,43,34,0.006605663397891375,0.0064506704610808865,0.8972730847827717,train_speakers_only
JVS_JVSMuSiC,hubert_l6,6,43,35,0.006327929569971302,0.006179453280929257,0.903452538063701,train_speakers_only
JVS_JVSMuSiC,hubert_l6,6,43,36,0.006230501980658053,0.006084311697923693,0.9095368497616246,train_speakers_only
JVS_JVSMuSiC,hubert_l6,6,43,37,0.006106992947129422,0.00596370063643453,0.9155005503980591,train_speakers_only
JVS_JVSMuSiC,hubert_l6,6,43,38,0.005602299982738228,0.0054708496082769556,0.920971400006336,train_speakers_only
JVS_JVSMuSiC,hubert_l6,6,43,39,0.005435136614907885,0.005307608502261441,0.9262790085085975,train_speakers_only
JVS_JVSMuSiC,hubert_l6,6,43,40,0.005305561275409801,0.005181073472448745,0.9314600819810462,train_speakers_only
JVS_JVSMuSiC,hubert_l6,6,43,41,0.005184420157930302,0.005062774767068634,0.9365228567481149,train_speakers_only
JVS_JVSMuSiC,hubert_l6,6,43,42,0.004961310170526922,0.004844899753065569,0.9413677565011804,train_speakers_only
JVS_JVSMuSiC,hubert_l6,6,43,43,0.004711153614665763,0.004600612781668507,0.9459683692828489,train_speakers_only
JVS_JVSMuSiC,hubert_l6,6,43,44,0.004493914630755856,0.004388471016020838,0.9503568402988697,train_speakers_only
JVS_JVSMuSiC,hubert_l6,6,43,45,0.0044085005271570585,0.004305061038573251,0.9546619013374429,train_speakers_only
JVS_JVSMuSiC,hubert_l6,6,43,46,0.004190864829487745,0.004092531867516743,0.9587544332049597,train_speakers_only
JVS_JVSMuSiC,hubert_l6,6,43,47,0.004114352307998983,0.004017814608622213,0.9627722478135818,train_speakers_only
JVS_JVSMuSiC,hubert_l6,6,43,48,0.003851173504493737,0.0037608109389687112,0.9665330587525506,train_speakers_only
JVS_JVSMuSiC,hubert_l6,6,43,49,0.0037771957959545866,0.003688569017074193,0.9702216277696247,train_speakers_only
JVS_JVSMuSiC,hubert_l6,6,43,50,0.0036579715655896067,0.0035721422216510442,0.9737937699912758,train_speakers_only
JVS_JVSMuSiC,hubert_l6,6,43,51,0.003561023017414438,0.0034774684397326575,0.9772712384310084,train_speakers_only
JVS_JVSMuSiC,hubert_l6,6,43,52,0.003376532299121607,0.0032973065460438185,0.9805685449770521,train_speakers_only
JVS_JVSMuSiC,hubert_l6,6,43,53,0.00334396528740517,0.003265503675108561,0.9838340486521607,train_speakers_only
JVS_JVSMuSiC,hubert_l6,6,43,54,0.0032813194147708457,0.0032043277029511134,0.9870383763551118,train_speakers_only
JVS_JVSMuSiC,hubert_l6,6,43,55,0.002974579973395696,0.002904785486743313,0.9899431618418552,train_speakers_only
JVS_JVSMuSiC,hubert_l6,6,43,56,0.0028941015753478996,0.0028261954052069536,0.9927693572470621,train_speakers_only
JVS_JVSMuSiC,hubert_l6,6,43,57,0.0027330512281393492,0.002668923886071322,0.9954382811331334,train_speakers_only
JVS_JVSMuSiC,hubert_l6,6,43,58,0.002484314602935037,0.002426023528583141,0.9978643046617165,train_speakers_only
JVS_JVSMuSiC,hubert_l6,6,43,59,0.0021870105766929886,0.002135695338283255,0.9999999999999998,train_speakers_only
JVS_JVSMuSiC,hubert_l6,6,43,60,0.0,0.0,0.9999999999999998,train_speakers_only
JVS_JVSMuSiC,hubert_l6,6,47,1,0.20830494784078193,0.2100926045672652,0.2100926045672652,train_speakers_only
JVS_JVSMuSiC,hubert_l6,6,47,2,0.09934232398161177,0.1001948720153049,0.3102874765825701,train_speakers_only
JVS_JVSMuSiC,hubert_l6,6,47,3,0.08402484892340932,0.08474594358739437,0.39503342016996446,train_speakers_only
JVS_JVSMuSiC,hubert_l6,6,47,4,0.046659721528633125,0.04706015159959933,0.44209357176956376,train_speakers_only
JVS_JVSMuSiC,hubert_l6,6,47,5,0.03812410819599766,0.03845128630273108,0.48054485807229486,train_speakers_only
JVS_JVSMuSiC,hubert_l6,6,47,6,0.03211962328201319,0.03239527137010415,0.512940129442399,train_speakers_only
JVS_JVSMuSiC,hubert_l6,6,47,7,0.030502425952426665,0.030764195379860484,0.5437043248222595,train_speakers_only
JVS_JVSMuSiC,hubert_l6,6,47,8,0.026654005974001978,0.026882748562985365,0.5705870733852448,train_speakers_only
JVS_JVSMuSiC,hubert_l6,6,47,9,0.024763901713823505,0.02497642357627357,0.5955634969615184,train_speakers_only
JVS_JVSMuSiC,hubert_l6,6,47,10,0.021465969228627056,0.021650188493122727,0.6172136854546412,train_speakers_only
JVS_JVSMuSiC,hubert_l6,6,47,11,0.019239690494564126,0.019404804009555392,0.6366184894641965,train_speakers_only
JVS_JVSMuSiC,hubert_l6,6,47,12,0.017889297419766446,0.01804282196729159,0.6546613114314881,train_speakers_only
JVS_JVSMuSiC,hubert_l6,6,47,13,0.017051216045046485,0.017197548243938588,0.6718588596754267,train_speakers_only
JVS_JVSMuSiC,hubert_l6,6,47,14,0.016435674161851745,0.016576723828574873,0.6884355835040016,train_speakers_only
JVS_JVSMuSiC,hubert_l6,6,47,15,0.015668123644164526,0.01580258625253843,0.70423816975654,train_speakers_only
JVS_JVSMuSiC,hubert_l6,6,47,16,0.015358190271238298,0.015489993055711637,0.7197281628122516,train_speakers_only
JVS_JVSMuSiC,hubert_l6,6,47,17,0.014125678035970222,0.014246903497097724,0.7339750663093493,train_speakers_only
JVS_JVSMuSiC,hubert_l6,6,47,18,0.013246305405960673,0.01335998416014042,0.7473350504694897,train_speakers_only
JVS_JVSMuSiC,hubert_l6,6,47,19,0.012317918744420299,0.012423630157077516,0.7597586806265672,train_speakers_only
JVS_JVSMuSiC,hubert_l6,6,47,20,0.01198558231956301,0.012088441647084901,0.771847122273652,train_speakers_only
JVS_JVSMuSiC,hubert_l6,6,47,21,0.011496545200771239,0.011595207650091388,0.7834423299237434,train_speakers_only
JVS_JVSMuSiC,hubert_l6,6,47,22,0.01062853055401418,0.01071974376970812,0.7941620736934515,train_speakers_only
JVS_JVSMuSiC,hubert_l6,6,47,23,0.009985238801892065,0.010070931338218124,0.8042330050316696,train_speakers_only
JVS_JVSMuSiC,hubert_l6,6,47,24,0.009494766396518448,0.009576249737125878,0.8138092547687955,train_speakers_only
JVS_JVSMuSiC,hubert_l6,6,47,25,0.009280077313102205,0.009359718208832307,0.8231689729776278,train_speakers_only
JVS_JVSMuSiC,hubert_l6,6,47,26,0.009020532427487184,0.00909794592936321,0.832266918906991,train_speakers_only
JVS_JVSMuSiC,hubert_l6,6,47,27,0.00857141252249933,0.008644971712572053,0.8409118906195631,train_speakers_only
JVS_JVSMuSiC,hubert_l6,6,47,28,0.008197708585890313,0.008268060678086019,0.8491799512976491,train_speakers_only
JVS_JVSMuSiC,hubert_l6,6,47,29,0.008021931916288147,0.00809077550689025,0.8572707268045394,train_speakers_only
JVS_JVSMuSiC,hubert_l6,6,47,30,0.007630869888088832,0.007696357415033162,0.8649670842195726,train_speakers_only
JVS_JVSMuSiC,hubert_l6,6,47,31,0.007436125844258405,0.007499942093090984,0.8724670263126636,train_speakers_only
JVS_JVSMuSiC,hubert_l6,6,47,32,0.007297009552758016,0.007359631916486846,0.8798266582291504,train_speakers_only
JVS_JVSMuSiC,hubert_l6,6,47,33,0.006945032988704345,0.007004634717163504,0.8868312929463139,train_speakers_only
JVS_JVSMuSiC,hubert_l6,6,47,34,0.006895091475953909,0.006954264610267203,0.8937855575565811,train_speakers_only
JVS_JVSMuSiC,hubert_l6,6,47,35,0.0067061427695831455,0.006763694360916279,0.9005492519174974,train_speakers_only
JVS_JVSMuSiC,hubert_l6,6,47,36,0.00659480742555268,0.0066514035456945895,0.907200655463192,train_speakers_only
JVS_JVSMuSiC,hubert_l6,6,47,37,0.005850335634002605,0.005900542755613097,0.9131011982188051,train_speakers_only
JVS_JVSMuSiC,hubert_l6,6,47,38,0.0057370922233082235,0.0057863274988490185,0.9188875257176541,train_speakers_only
JVS_JVSMuSiC,hubert_l6,6,47,39,0.005433422421278932,0.00548005162639339,0.9243675773440475,train_speakers_only
JVS_JVSMuSiC,hubert_l6,6,47,40,0.005248469513479077,0.005293511467243347,0.9296610888112908,train_speakers_only
JVS_JVSMuSiC,hubert_l6,6,47,41,0.005173164871613356,0.005217560566846746,0.9348786493781376,train_speakers_only
JVS_JVSMuSiC,hubert_l6,6,47,42,0.004936316194765949,0.004978679273229003,0.9398573286513666,train_speakers_only
JVS_JVSMuSiC,hubert_l6,6,47,43,0.004884236525488154,0.004926152660313708,0.9447834813116803,train_speakers_only
JVS_JVSMuSiC,hubert_l6,6,47,44,0.0044607183611307935,0.004498999896283371,0.9492824812079637,train_speakers_only
JVS_JVSMuSiC,hubert_l6,6,47,45,0.004329045987926606,0.004366197521098481,0.9536486787290621,train_speakers_only
JVS_JVSMuSiC,hubert_l6,6,47,46,0.004204220674135876,0.004240300966253966,0.9578889796953161,train_speakers_only
JVS_JVSMuSiC,hubert_l6,6,47,47,0.004078461901280233,0.004113462941472049,0.9620024426367881,train_speakers_only
JVS_JVSMuSiC,hubert_l6,6,47,48,0.003924841638709345,0.00395852432185513,0.9659609669586433,train_speakers_only
JVS_JVSMuSiC,hubert_l6,6,47,49,0.0039010690233485528,0.00393454769177363,0.9698955146504169,train_speakers_only
JVS_JVSMuSiC,hubert_l6,6,47,50,0.0036115704755274414,0.0036425646901184446,0.9735380793405354,train_speakers_only
JVS_JVSMuSiC,hubert_l6,6,47,51,0.0034473600479941946,0.003476945021573972,0.9770150243621093,train_speakers_only
JVS_JVSMuSiC,hubert_l6,6,47,52,0.0033701941427659904,0.0033991168845986766,0.980414141246708,train_speakers_only
JVS_JVSMuSiC,hubert_l6,6,47,53,0.0033522413283596855,0.003381010000547049,0.983795151247255,train_speakers_only
JVS_JVSMuSiC,hubert_l6,6,47,54,0.0030604638884311913,0.003086728549511133,0.9868818797967661,train_speakers_only
JVS_JVSMuSiC,hubert_l6,6,47,55,0.002950147937935076,0.0029754658761791614,0.9898573456729453,train_speakers_only
JVS_JVSMuSiC,hubert_l6,6,47,56,0.002801315220342256,0.002825355887875859,0.9926827015608212,train_speakers_only
JVS_JVSMuSiC,hubert_l6,6,47,57,0.002583214659579686,0.0026053836052049115,0.9952880851660261,train_speakers_only
JVS_JVSMuSiC,hubert_l6,6,47,58,0.002408532268648646,0.0024292021036940083,0.9977172872697201,train_speakers_only
JVS_JVSMuSiC,hubert_l6,6,47,59,0.002263289358498897,0.00228271273027973,0.9999999999999998,train_speakers_only
JVS_JVSMuSiC,hubert_l6,6,47,60,2.5965723215627413e-18,2.6188559015955585e-18,0.9999999999999998,train_speakers_only
JVS_JVSMuSiC,hubert_l6,6,53,1,0.20606850868120055,0.21046545405235587,0.21046545405235587,train_speakers_only
JVS_JVSMuSiC,hubert_l6,6,53,2,0.07685110471525312,0.07849089971017235,0.2889563537625282,train_speakers_only
JVS_JVSMuSiC,hubert_l6,6,53,3,0.07512468187005232,0.07672763966463249,0.3656839934271607,train_speakers_only
JVS_JVSMuSiC,hubert_l6,6,53,4,0.048997755987654795,0.0500432357543872,0.41572722918154786,train_speakers_only
JVS_JVSMuSiC,hubert_l6,6,53,5,0.038390223714926,0.03920936739457529,0.4549365965761232,train_speakers_only
JVS_JVSMuSiC,hubert_l6,6,53,6,0.03544641979402333,0.03620275064940152,0.4911393472255247,train_speakers_only
JVS_JVSMuSiC,hubert_l6,6,53,7,0.03382256550238633,0.03454424769331434,0.5256835949188391,train_speakers_only
JVS_JVSMuSiC,hubert_l6,6,53,8,0.02794421645566307,0.028540470555727313,0.5542240654745664,train_speakers_only
JVS_JVSMuSiC,hubert_l6,6,53,9,0.024851470294939445,0.025381733545637226,0.5796057990202036,train_speakers_only
JVS_JVSMuSiC,hubert_l6,6,53,10,0.023480722418157244,0.02398173761164138,0.603587536631845,train_speakers_only
JVS_JVSMuSiC,hubert_l6,6,53,11,0.02045948428618707,0.02089603441849063,0.6244835710503356,train_speakers_only
JVS_JVSMuSiC,hubert_l6,6,53,12,0.019849244046860177,0.020272773300754058,0.6447563443510896,train_speakers_only
JVS_JVSMuSiC,hubert_l6,6,53,13,0.018535783200076025,0.01893128674724052,0.6636876310983302,train_speakers_only
JVS_JVSMuSiC,hubert_l6,6,53,14,0.01668318458934154,0.017039158686139217,0.6807267897844694,train_speakers_only
JVS_JVSMuSiC,hubert_l6,6,53,15,0.015870796845137435,0.01620943678178458,0.696936226566254,train_speakers_only
JVS_JVSMuSiC,hubert_l6,6,53,16,0.01549002689872826,0.01582054223320279,0.7127567687994568,train_speakers_only
JVS_JVSMuSiC,hubert_l6,6,53,17,0.014409818734512107,0.014717285344472973,0.7274740541439297,train_speakers_only
JVS_JVSMuSiC,hubert_l6,6,53,18,0.013200108953029215,0.01348176362375602,0.7409558177676857,train_speakers_only
JVS_JVSMuSiC,hubert_l6,6,53,19,0.012979259511985726,0.013256201852169,0.7542120196198547,train_speakers_only
JVS_JVSMuSiC,hubert_l6,6,53,20,0.012360085448101472,0.012623816286189844,0.7668358359060445,train_speakers_only
JVS_JVSMuSiC,hubert_l6,6,53,21,0.011422779057169619,0.011666510308599469,0.778502346214644,train_speakers_only
JVS_JVSMuSiC,hubert_l6,6,53,22,0.01122487871458682,0.011464387307247319,0.7899667335218913,train_speakers_only
JVS_JVSMuSiC,hubert_l6,6,53,23,0.010807457748402815,0.011038059705125431,0.8010047932270167,train_speakers_only
JVS_JVSMuSiC,hubert_l6,6,53,24,0.010560391360113788,0.01078572158745229,0.811790514814469,train_speakers_only
JVS_JVSMuSiC,hubert_l6,6,53,25,0.009741282836144189,0.009949135500045213,0.8217396503145141,train_speakers_only
JVS_JVSMuSiC,hubert_l6,6,53,26,0.009539187061764457,0.009742727547713713,0.8314823778622278,train_speakers_only
JVS_JVSMuSiC,hubert_l6,6,53,27,0.009205760314796892,0.009402186374572633,0.8408845642368005,train_speakers_only
JVS_JVSMuSiC,hubert_l6,6,53,28,0.008751842777612389,0.008938583463204648,0.8498231477000051,train_speakers_only
JVS_JVSMuSiC,hubert_l6,6,53,29,0.00850703091735229,0.008688547979098947,0.858511695679104,train_speakers_only
JVS_JVSMuSiC,hubert_l6,6,53,30,0.008132408148533997,0.008305931772273912,0.8668176274513779,train_speakers_only
JVS_JVSMuSiC,hubert_l6,6,53,31,0.007373489003742344,0.007530819342821112,0.874348446794199,train_speakers_only
JVS_JVSMuSiC,hubert_l6,6,53,32,0.007098322584241486,0.007249781615170044,0.8815982284093691,train_speakers_only
JVS_JVSMuSiC,hubert_l6,6,53,33,0.006928232540593133,0.007076062309414223,0.8886742907187833,train_speakers_only
JVS_JVSMuSiC,hubert_l6,6,53,34,0.006483448661768757,0.006621787944005179,0.8952960786627885,train_speakers_only
JVS_JVSMuSiC,hubert_l6,6,53,35,0.0062836223919498346,0.006417697921331739,0.9017137765841202,train_speakers_only
JVS_JVSMuSiC,hubert_l6,6,53,36,0.006150975783375852,0.006282220992417684,0.9079959975765379,train_speakers_only
JVS_JVSMuSiC,hubert_l6,6,53,37,0.005964320337539175,0.006091582823535041,0.914087580400073,train_speakers_only
JVS_JVSMuSiC,hubert_l6,6,53,38,0.005831170121780374,0.005955591541819119,0.9200431719418921,train_speakers_only
JVS_JVSMuSiC,hubert_l6,6,53,39,0.0056985836835212085,0.005820176067091874,0.925863348008984,train_speakers_only
JVS_JVSMuSiC,hubert_l6,6,53,40,0.00511606589099709,0.005225228918292766,0.9310885769272768,train_speakers_only
JVS_JVSMuSiC,hubert_l6,6,53,41,0.005016477775329169,0.005123515861230304,0.936212092788507,train_speakers_only
JVS_JVSMuSiC,hubert_l6,6,53,42,0.0048894681796417755,0.004993796223831908,0.9412058890123389,train_speakers_only
JVS_JVSMuSiC,hubert_l6,6,53,43,0.004675169606916566,0.004774925098398769,0.9459808141107376,train_speakers_only
JVS_JVSMuSiC,hubert_l6,6,53,44,0.0044246823249619515,0.004519093094429266,0.9504999072051669,train_speakers_only
JVS_JVSMuSiC,hubert_l6,6,53,45,0.004208967092892172,0.004298775081967631,0.9547986822871345,train_speakers_only
JVS_JVSMuSiC,hubert_l6,6,53,46,0.0040541597495153715,0.004140664568027614,0.9589393468551621,train_speakers_only
JVS_JVSMuSiC,hubert_l6,6,53,47,0.0039901237156852445,0.004075262178200938,0.9630146090333631,train_speakers_only
JVS_JVSMuSiC,hubert_l6,6,53,48,0.0036304435612767934,0.0037079074208163022,0.9667225164541794,train_speakers_only
JVS_JVSMuSiC,hubert_l6,6,53,49,0.0035354723391269804,0.003610909769309102,0.9703334262234885,train_speakers_only
JVS_JVSMuSiC,hubert_l6,6,53,50,0.0035154170542713546,0.0035904265588452525,0.9739238527823337,train_speakers_only
JVS_JVSMuSiC,hubert_l6,6,53,51,0.0033366136884671947,0.0034078080121740548,0.9773316607945078,train_speakers_only
JVS_JVSMuSiC,hubert_l6,6,53,52,0.003213068391652061,0.003281626592428562,0.9806132873869364,train_speakers_only
JVS_JVSMuSiC,hubert_l6,6,53,53,0.003083182844881074,0.0031489696389185753,0.983762257025855,train_speakers_only
JVS_JVSMuSiC,hubert_l6,6,53,54,0.002975209722777332,0.0030386926620313854,0.9868009496878863,train_speakers_only
JVS_JVSMuSiC,hubert_l6,6,53,55,0.002879393120497328,0.002940831592265441,0.9897417812801518,train_speakers_only
JVS_JVSMuSiC,hubert_l6,6,53,56,0.0027510667622049336,0.0028097670961047135,0.9925515483762565,train_speakers_only
JVS_JVSMuSiC,hubert_l6,6,53,57,0.002546243524476588,0.002600573483723791,0.9951521218599803,train_speakers_only
JVS_JVSMuSiC,hubert_l6,6,53,58,0.0024625718731238234,0.0025151165053335913,0.9976672383653138,train_speakers_only
JVS_JVSMuSiC,hubert_l6,6,53,59,0.0022840266747474977,0.002332761634685811,0.9999999999999996,train_speakers_only
JVS_JVSMuSiC,hubert_l6,6,53,60,6.434101247309605e-18,6.5713875890119625e-18,0.9999999999999996,train_speakers_only
JVS_JVSMuSiC,hubert_l6,6,59,1,0.21381162893038297,0.2018622927531045,0.2018622927531045,train_speakers_only
JVS_JVSMuSiC,hubert_l6,6,59,2,0.13156022124107203,0.12420768705464308,0.32606997980774755,train_speakers_only
JVS_JVSMuSiC,hubert_l6,6,59,3,0.09180821785109256,0.08667731236934852,0.41274729217709605,train_speakers_only
JVS_JVSMuSiC,hubert_l6,6,59,4,0.051395539491116686,0.048523185997229275,0.4612704781743253,train_speakers_only
JVS_JVSMuSiC,hubert_l6,6,59,5,0.03648389631417939,0.03444491300772393,0.49571539118204927,train_speakers_only
JVS_JVSMuSiC,hubert_l6,6,59,6,0.034331614428830655,0.03241291615983998,0.5281283073418892,train_speakers_only
JVS_JVSMuSiC,hubert_l6,6,59,7,0.031443841648596184,0.02968653295381736,0.5578148402957066,train_speakers_only
JVS_JVSMuSiC,hubert_l6,6,59,8,0.028506138890729494,0.026913010217487744,0.5847278505131943,train_speakers_only
JVS_JVSMuSiC,hubert_l6,6,59,9,0.023863597365275352,0.022529927401937024,0.6072577779151314,train_speakers_only
JVS_JVSMuSiC,hubert_l6,6,59,10,0.02228900842042555,0.021043337845788213,0.6283011157609195,train_speakers_only
JVS_JVSMuSiC,hubert_l6,6,59,11,0.02030948750779048,0.019174446841233265,0.6474755626021528,train_speakers_only
JVS_JVSMuSiC,hubert_l6,6,59,12,0.01932956578876203,0.018249290216632397,0.6657248528187851,train_speakers_only
JVS_JVSMuSiC,hubert_l6,6,59,13,0.01833014363169612,0.01730572297914006,0.6830305757979251,train_speakers_only
JVS_JVSMuSiC,hubert_l6,6,59,14,0.016868495771407803,0.01592576254503506,0.6989563383429602,train_speakers_only
JVS_JVSMuSiC,hubert_l6,6,59,15,0.015990838608894543,0.015097155195835188,0.7140534935387954,train_speakers_only
JVS_JVSMuSiC,hubert_l6,6,59,16,0.015300331727336563,0.014445238819862604,0.728498732358658,train_speakers_only
JVS_JVSMuSiC,hubert_l6,6,59,17,0.014532617006452654,0.013720429535572485,0.7422191618942305,train_speakers_only
JVS_JVSMuSiC,hubert_l6,6,59,18,0.013986872089762849,0.013205184781615599,0.7554243466758461,train_speakers_only
JVS_JVSMuSiC,hubert_l6,6,59,19,0.01337979414616259,0.012632034732724248,0.7680563814085704,train_speakers_only
JVS_JVSMuSiC,hubert_l6,6,59,20,0.013158219760136494,0.012422843521739405,0.7804792249303097,train_speakers_only
JVS_JVSMuSiC,hubert_l6,6,59,21,0.012766612740152429,0.01205312232693043,0.7925323472572402,train_speakers_only
JVS_JVSMuSiC,hubert_l6,6,59,22,0.01193662021837564,0.011269515774508784,0.8038018630317489,train_speakers_only
JVS_JVSMuSiC,hubert_l6,6,59,23,0.010795336968147193,0.010192015665069734,0.8139938786968187,train_speakers_only
JVS_JVSMuSiC,hubert_l6,6,59,24,0.009785244881701353,0.009238374810819874,0.8232322535076386,train_speakers_only
JVS_JVSMuSiC,hubert_l6,6,59,25,0.009563479851313023,0.00902900361005499,0.8322612571176936,train_speakers_only
JVS_JVSMuSiC,hubert_l6,6,59,26,0.009097293543714247,0.008588871156208742,0.8408501282739024,train_speakers_only
JVS_JVSMuSiC,hubert_l6,6,59,27,0.008729072341314386,0.008241228810801315,0.8490913570847037,train_speakers_only
JVS_JVSMuSiC,hubert_l6,6,59,28,0.008675893052950441,0.00819102156468553,0.8572823786493893,train_speakers_only
JVS_JVSMuSiC,hubert_l6,6,59,29,0.00829032674625989,0.007827003484535909,0.8651093821339252,train_speakers_only
JVS_JVSMuSiC,hubert_l6,6,59,30,0.008070009556683359,0.0076189992087941074,0.8727283813427192,train_speakers_only
JVS_JVSMuSiC,hubert_l6,6,59,31,0.007792701965997515,0.007357189566663229,0.8800855709093824,train_speakers_only
JVS_JVSMuSiC,hubert_l6,6,59,32,0.007392340439290067,0.006979203130118129,0.8870647740395006,train_speakers_only
JVS_JVSMuSiC,hubert_l6,6,59,33,0.007204939190986474,0.0068022752154083335,0.8938670492549089,train_speakers_only
JVS_JVSMuSiC,hubert_l6,6,59,34,0.006923790165751358,0.006536838825801387,0.9004038880807103,train_speakers_only
JVS_JVSMuSiC,hubert_l6,6,59,35,0.006634355153058471,0.006263579529487652,0.9066674676101979,train_speakers_only
JVS_JVSMuSiC,hubert_l6,6,59,36,0.006334777159968318,0.005980744115688703,0.9126482117258866,train_speakers_only
JVS_JVSMuSiC,hubert_l6,6,59,37,0.006110736280013384,0.005769224256248077,0.9184174359821347,train_speakers_only
JVS_JVSMuSiC,hubert_l6,6,59,38,0.005846692486986916,0.005519937135083569,0.9239373731172182,train_speakers_only
JVS_JVSMuSiC,hubert_l6,6,59,39,0.0056303768328709106,0.005315710760135264,0.9292530838773535,train_speakers_only
JVS_JVSMuSiC,hubert_l6,6,59,40,0.0054552446073477005,0.005150366186709,0.9344034500640626,train_speakers_only
JVS_JVSMuSiC,hubert_l6,6,59,41,0.005191570355012812,0.004901427953636506,0.939304878017699,train_speakers_only
JVS_JVSMuSiC,hubert_l6,6,59,42,0.0049662876947200695,0.004688735713501061,0.9439936137312,train_speakers_only
JVS_JVSMuSiC,hubert_l6,6,59,43,0.004611147309048479,0.004353443134423282,0.9483470568656234,train_speakers_only
JVS_JVSMuSiC,hubert_l6,6,59,44,0.0044758086760458525,0.00422566820051229,0.9525727250661357,train_speakers_only
JVS_JVSMuSiC,hubert_l6,6,59,45,0.004333399574407912,0.004091217946756894,0.9566639430128926,train_speakers_only
JVS_JVSMuSiC,hubert_l6,6,59,46,0.004154002260837195,0.003921846649169878,0.9605857896620624,train_speakers_only
JVS_JVSMuSiC,hubert_l6,6,59,47,0.0039961645390546915,0.0037728300378595697,0.964358619699922,train_speakers_only
JVS_JVSMuSiC,hubert_l6,6,59,48,0.003841350344503962,0.0036266679772687925,0.9679852876771907,train_speakers_only
JVS_JVSMuSiC,hubert_l6,6,59,49,0.0038134384704891734,0.003600316020119186,0.97158560369731,train_speakers_only
JVS_JVSMuSiC,hubert_l6,6,59,50,0.0036118267531207635,0.0034099718198646275,0.9749955755171745,train_speakers_only
JVS_JVSMuSiC,hubert_l6,6,59,51,0.003529841211766166,0.003332568221972241,0.9783281437391468,train_speakers_only
JVS_JVSMuSiC,hubert_l6,6,59,52,0.003414006806977242,0.0032232074793065706,0.9815513512184534,train_speakers_only
JVS_JVSMuSiC,hubert_l6,6,59,53,0.003224121449292183,0.00304393428516693,0.9845952855036203,train_speakers_only
JVS_JVSMuSiC,hubert_l6,6,59,54,0.003049804886991329,0.002879359789818284,0.9874746452934385,train_speakers_only
JVS_JVSMuSiC,hubert_l6,6,59,55,0.0028712225147933114,0.0027107578888013956,0.9901854031822399,train_speakers_only
JVS_JVSMuSiC,hubert_l6,6,59,56,0.0028198315592963706,0.0026622390306116806,0.9928476422128516,train_speakers_only
JVS_JVSMuSiC,hubert_l6,6,59,57,0.0026467556192164682,0.0024988358225649207,0.9953464780354165,train_speakers_only
JVS_JVSMuSiC,hubert_l6,6,59,58,0.0024784633061909053,0.0023399488979855072,0.997686426933402,train_speakers_only
JVS_JVSMuSiC,hubert_l6,6,59,59,0.0024505261446907105,0.0023135730665975926,0.9999999999999997,train_speakers_only
JVS_JVSMuSiC,hubert_l6,6,59,60,0.0,0.0,0.9999999999999997,train_speakers_only
JVS_JVSMuSiC,hubert_l6,6,61,1,0.19619952439811283,0.20129164266869598,0.20129164266869598,train_speakers_only
JVS_JVSMuSiC,hubert_l6,6,61,2,0.08245311128708388,0.08459308076835252,0.2858847234370485,train_speakers_only
JVS_JVSMuSiC,hubert_l6,6,61,3,0.07131846380319887,0.07316944715127922,0.3590541705883277,train_speakers_only
JVS_JVSMuSiC,hubert_l6,6,61,4,0.04867251051810737,0.049935745894669724,0.40898991648299743,train_speakers_only
JVS_JVSMuSiC,hubert_l6,6,61,5,0.040186834766683444,0.04122983482583294,0.45021975130883035,train_speakers_only
JVS_JVSMuSiC,hubert_l6,6,61,6,0.033668425649228076,0.03454224838613912,0.48476199969496947,train_speakers_only
JVS_JVSMuSiC,hubert_l6,6,61,7,0.032880683868372035,0.033734061732508265,0.5184960614274777,train_speakers_only
JVS_JVSMuSiC,hubert_l6,6,61,8,0.02765472115156145,0.028372465556272673,0.5468685269837504,train_speakers_only
JVS_JVSMuSiC,hubert_l6,6,61,9,0.026591552477868315,0.027281703642256287,0.5741502306260067,train_speakers_only
JVS_JVSMuSiC,hubert_l6,6,61,10,0.022750887002070404,0.02334135839964699,0.5974915890256537,train_speakers_only
JVS_JVSMuSiC,hubert_l6,6,61,11,0.021388880250192192,0.02194400243126495,0.6194355914569186,train_speakers_only
JVS_JVSMuSiC,hubert_l6,6,61,12,0.02062672855454733,0.02116207002215376,0.6405976614790724,train_speakers_only
JVS_JVSMuSiC,hubert_l6,6,61,13,0.018086019447478376,0.018555419923107216,0.6591530814021795,train_speakers_only
JVS_JVSMuSiC,hubert_l6,6,61,14,0.017125269616728996,0.017569735007618836,0.6767228164097984,train_speakers_only
JVS_JVSMuSiC,hubert_l6,6,61,15,0.0153592754238159,0.01575790659913838,0.6924807230089367,train_speakers_only
JVS_JVSMuSiC,hubert_l6,6,61,16,0.014773001599519322,0.015156416756039395,0.7076371397649761,train_speakers_only
JVS_JVSMuSiC,hubert_l6,6,61,17,0.014618443191522544,0.014997846973929214,0.7226349867389054,train_speakers_only
JVS_JVSMuSiC,hubert_l6,6,61,18,0.013206483504616492,0.01354924160329341,0.7361842283421988,train_speakers_only
JVS_JVSMuSiC,hubert_l6,6,61,19,0.012929495614206915,0.01326506483155595,0.7494492931737547,train_speakers_only
JVS_JVSMuSiC,hubert_l6,6,61,20,0.012353392592289953,0.012674009761550998,0.7621233029353057,train_speakers_only
JVS_JVSMuSiC,hubert_l6,6,61,21,0.011676209757056057,0.011979251475518236,0.774102554410824,train_speakers_only
JVS_JVSMuSiC,hubert_l6,6,61,22,0.01105385945363553,0.011340748832480818,0.7854433032433048,train_speakers_only
JVS_JVSMuSiC,hubert_l6,6,61,23,0.010649533470073212,0.010925929063398454,0.7963692323067033,train_speakers_only
JVS_JVSMuSiC,hubert_l6,6,61,24,0.010407727343036039,0.010677847154596761,0.8070470794613,train_speakers_only
JVS_JVSMuSiC,hubert_l6,6,61,25,0.010084810711875744,0.010346549617914647,0.8173936290792148,train_speakers_only
JVS_JVSMuSiC,hubert_l6,6,61,26,0.010045643109107303,0.0103063654680048,0.8276999945472195,train_speakers_only
JVS_JVSMuSiC,hubert_l6,6,61,27,0.009287311956270087,0.009528352759208868,0.8372283473064284,train_speakers_only
JVS_JVSMuSiC,hubert_l6,6,61,28,0.008598504216580632,0.008821667858568326,0.8460500151649967,train_speakers_only
JVS_JVSMuSiC,hubert_l6,6,61,29,0.008562055010940104,0.008784272658453246,0.85483428782345,train_speakers_only
JVS_JVSMuSiC,hubert_l6,6,61,30,0.007777528130977084,0.007979384344529168,0.8628136721679791,train_speakers_only
JVS_JVSMuSiC,hubert_l6,6,61,31,0.007621039882990115,0.007818834635796305,0.8706325068037755,train_speakers_only
JVS_JVSMuSiC,hubert_l6,6,61,32,0.00718466634588801,0.007371135558186937,0.8780036423619624,train_speakers_only
JVS_JVSMuSiC,hubert_l6,6,61,33,0.007096704303126189,0.007280890568377005,0.8852845329303394,train_speakers_only
JVS_JVSMuSiC,hubert_l6,6,61,34,0.006853484107992058,0.007031357891073426,0.8923158908214128,train_speakers_only
JVS_JVSMuSiC,hubert_l6,6,61,35,0.006509044108663572,0.006677978373572912,0.8989938691949857,train_speakers_only
JVS_JVSMuSiC,hubert_l6,6,61,36,0.006175716028812298,0.006335999171805232,0.905329868366791,train_speakers_only
JVS_JVSMuSiC,hubert_l6,6,61,37,0.005985490661796609,0.006140836738454236,0.9114707051052452,train_speakers_only
JVS_JVSMuSiC,hubert_l6,6,61,38,0.005660956583262743,0.005807879775533679,0.9172785848807788,train_speakers_only
JVS_JVSMuSiC,hubert_l6,6,61,39,0.005584544054277549,0.005729484052979894,0.9230080689337588,train_speakers_only
JVS_JVSMuSiC,hubert_l6,6,61,40,0.005304030023955229,0.0054416896246885105,0.9284497585584472,train_speakers_only
JVS_JVSMuSiC,hubert_l6,6,61,41,0.005193474808664467,0.005328265084237979,0.9337780236426853,train_speakers_only
JVS_JVSMuSiC,hubert_l6,6,61,42,0.004972891411158735,0.0051019567149104645,0.9388799803575957,train_speakers_only
JVS_JVSMuSiC,hubert_l6,6,61,43,0.004777384940920457,0.004901376113773187,0.9437813564713688,train_speakers_only
JVS_JVSMuSiC,hubert_l6,6,61,44,0.004532861024795738,0.0046505058789980385,0.9484318623503669,train_speakers_only
JVS_JVSMuSiC,hubert_l6,6,61,45,0.004340927336081215,0.004453590786551565,0.9528854531369185,train_speakers_only
JVS_JVSMuSiC,hubert_l6,6,61,46,0.00415004417604581,0.00425775348796896,0.9571432066248875,train_speakers_only
JVS_JVSMuSiC,hubert_l6,6,61,47,0.004129513364525684,0.004236689824390338,0.9613798964492778,train_speakers_only
JVS_JVSMuSiC,hubert_l6,6,61,48,0.0038435217681060717,0.003943275666484764,0.9653231721157626,train_speakers_only
JVS_JVSMuSiC,hubert_l6,6,61,49,0.0037968085621572366,0.003895350076508906,0.9692185221922714,train_speakers_only
JVS_JVSMuSiC,hubert_l6,6,61,50,0.0036296273760170077,0.0037238299075140857,0.9729423520997855,train_speakers_only
JVS_JVSMuSiC,hubert_l6,6,61,51,0.003524859283417294,0.003616342687433621,0.9765586947872191,train_speakers_only
JVS_JVSMuSiC,hubert_l6,6,61,52,0.003441492407122628,0.003530812126006467,0.9800895069132256,train_speakers_only
JVS_JVSMuSiC,hubert_l6,6,61,53,0.0031748588397053604,0.003257258411028386,0.983346765324254,train_speakers_only
JVS_JVSMuSiC,hubert_l6,6,61,54,0.0030241473052434,0.0031026353433423995,0.9864494006675965,train_speakers_only
JVS_JVSMuSiC,hubert_l6,6,61,55,0.0029714352865897217,0.0030485552488277367,0.9894979559164242,train_speakers_only
JVS_JVSMuSiC,hubert_l6,6,61,56,0.0028212071649089117,0.002894428140309354,0.9923923840567336,train_speakers_only
JVS_JVSMuSiC,hubert_l6,6,61,57,0.002772269332398424,0.0028442201863150664,0.9952366042430486,train_speakers_only
JVS_JVSMuSiC,hubert_l6,6,61,58,0.002390978354379297,0.0024530332681220986,0.9976896375111707,train_speakers_only
JVS_JVSMuSiC,hubert_l6,6,61,59,0.002251916748683196,0.0023103624888295067,1.0000000000000002,train_speakers_only
JVS_JVSMuSiC,hubert_l6,6,61,60,0.0,0.0,1.0000000000000002,train_speakers_only
JVS_JVSMuSiC,hubert_l6,6,67,1,0.22865000647782122,0.22213756096932433,0.22213756096932433,train_speakers_only
JVS_JVSMuSiC,hubert_l6,6,67,2,0.14231544694615256,0.13826199596431715,0.36039955693364145,train_speakers_only
JVS_JVSMuSiC,hubert_l6,6,67,3,0.0780075498816205,0.07578572655573888,0.43618528348938035,train_speakers_only
JVS_JVSMuSiC,hubert_l6,6,67,4,0.042638141000245204,0.04142371475060223,0.4776089982399826,train_speakers_only
JVS_JVSMuSiC,hubert_l6,6,67,5,0.035504080965924334,0.034492848138155875,0.5121018463781385,train_speakers_only
JVS_JVSMuSiC,hubert_l6,6,67,6,0.03032755784249549,0.029463763561893987,0.5415656099400324,train_speakers_only
JVS_JVSMuSiC,hubert_l6,6,67,7,0.028327944545983412,0.027521103566333874,0.5690867135063663,train_speakers_only
JVS_JVSMuSiC,hubert_l6,6,67,8,0.025527896285825396,0.024800806721871575,0.5938875202282379,train_speakers_only
JVS_JVSMuSiC,hubert_l6,6,67,9,0.024240864448782522,0.023550432328384274,0.6174379525566221,train_speakers_only
JVS_JVSMuSiC,hubert_l6,6,67,10,0.02292493508564432,0.02227198347269272,0.6397099360293149,train_speakers_only
JVS_JVSMuSiC,hubert_l6,6,67,11,0.01883607105124481,0.018299579107924853,0.6580095151372398,train_speakers_only
JVS_JVSMuSiC,hubert_l6,6,67,12,0.018640191403003,0.018109278534685264,0.6761187936719251,train_speakers_only
JVS_JVSMuSiC,hubert_l6,6,67,13,0.016519083952958123,0.01604858480121478,0.6921673784731398,train_speakers_only
JVS_JVSMuSiC,hubert_l6,6,67,14,0.01559998328664219,0.01515566210488192,0.7073230405780218,train_speakers_only
JVS_JVSMuSiC,hubert_l6,6,67,15,0.015021754027189145,0.014593902062297107,0.7219169426403189,train_speakers_only
JVS_JVSMuSiC,hubert_l6,6,67,16,0.013837271890484221,0.013443156532425943,0.7353600991727448,train_speakers_only
JVS_JVSMuSiC,hubert_l6,6,67,17,0.012725912145988021,0.01236345071126812,0.7477235498840129,train_speakers_only
JVS_JVSMuSiC,hubert_l6,6,67,18,0.012375395575342882,0.012022917608812269,0.7597464674928252,train_speakers_only
JVS_JVSMuSiC,hubert_l6,6,67,19,0.011883390118593266,0.011544925528997657,0.7712913930218228,train_speakers_only
JVS_JVSMuSiC,hubert_l6,6,67,20,0.011631340872264945,0.011300055189013825,0.7825914482108366,train_speakers_only
JVS_JVSMuSiC,hubert_l6,6,67,21,0.011499080032555639,0.011171561423378922,0.7937630096342155,train_speakers_only
JVS_JVSMuSiC,hubert_l6,6,67,22,0.010904967801228524,0.010594370790227335,0.8043573804244428,train_speakers_only
JVS_JVSMuSiC,hubert_l6,6,67,23,0.010303346496580065,0.010009884958363802,0.8143672653828067,train_speakers_only
JVS_JVSMuSiC,hubert_l6,6,67,24,0.010057815191365888,0.009771346914468394,0.824138612297275,train_speakers_only
JVS_JVSMuSiC,hubert_l6,6,67,25,0.009508344037397202,0.009237525884476672,0.8333761381817517,train_speakers_only
JVS_JVSMuSiC,hubert_l6,6,67,26,0.008928939830991673,0.008674624359963594,0.8420507625417153,train_speakers_only
JVS_JVSMuSiC,hubert_l6,6,67,27,0.00864194437960655,0.00839580315824119,0.8504465656999565,train_speakers_only
JVS_JVSMuSiC,hubert_l6,6,67,28,0.008390694933416442,0.008151709838362024,0.8585982755383185,train_speakers_only
JVS_JVSMuSiC,hubert_l6,6,67,29,0.007889449114736756,0.007664740582061662,0.8662630161203801,train_speakers_only
JVS_JVSMuSiC,hubert_l6,6,67,30,0.0077522807742199575,0.007531479091830447,0.8737944952122106,train_speakers_only
JVS_JVSMuSiC,hubert_l6,6,67,31,0.0074154078798426394,0.007204201064305383,0.8809986962765161,train_speakers_only
JVS_JVSMuSiC,hubert_l6,6,67,32,0.007058334583283509,0.00685729798563604,0.8878559942621521,train_speakers_only
JVS_JVSMuSiC,hubert_l6,6,67,33,0.006762824059475807,0.006570204239125354,0.8944261985012775,train_speakers_only
JVS_JVSMuSiC,hubert_l6,6,67,34,0.0065770553810180574,0.006389726653435446,0.9008159251547129,train_speakers_only
JVS_JVSMuSiC,hubert_l6,6,67,35,0.006192938584411686,0.0060165503319479325,0.9068324754866608,train_speakers_only
JVS_JVSMuSiC,hubert_l6,6,67,36,0.006095788169755396,0.00592216697070801,0.9127546424573688,train_speakers_only
JVS_JVSMuSiC,hubert_l6,6,67,37,0.00591069725873454,0.005742347848176075,0.9184969903055449,train_speakers_only
JVS_JVSMuSiC,hubert_l6,6,67,38,0.005863185579549889,0.005696189404123465,0.9241931797096683,train_speakers_only
JVS_JVSMuSiC,hubert_l6,6,67,39,0.005569816120705963,0.005411175740426929,0.9296043554500952,train_speakers_only
JVS_JVSMuSiC,hubert_l6,6,67,40,0.005054420732711714,0.004910459925074498,0.9345148153751698,train_speakers_only
JVS_JVSMuSiC,hubert_l6,6,67,41,0.00488830779513803,0.004749078242360016,0.9392638936175298,train_speakers_only
JVS_JVSMuSiC,hubert_l6,6,67,42,0.004671986328313442,0.00453891807763515,0.943802811695165,train_speakers_only
JVS_JVSMuSiC,hubert_l6,6,67,43,0.004586952815885621,0.004456306503105399,0.9482591181982704,train_speakers_only
JVS_JVSMuSiC,hubert_l6,6,67,44,0.004313681045044581,0.004190818101895644,0.952449936300166,train_speakers_only
JVS_JVSMuSiC,hubert_l6,6,67,45,0.004225424412061569,0.004105075208238159,0.956555011508404,train_speakers_only
JVS_JVSMuSiC,hubert_l6,6,67,46,0.003987469014879748,0.0038738972941689378,0.960428908802573,train_speakers_only
JVS_JVSMuSiC,hubert_l6,6,67,47,0.003926271442076039,0.0038144427602755516,0.9642433515628486,train_speakers_only
JVS_JVSMuSiC,hubert_l6,6,67,48,0.0037749595400025336,0.0036674405476362177,0.9679107921104848,train_speakers_only
JVS_JVSMuSiC,hubert_l6,6,67,49,0.003743678604586008,0.0036370505607505625,0.9715478426712354,train_speakers_only
JVS_JVSMuSiC,hubert_l6,6,67,50,0.0034730189649530754,0.0033740998916163027,0.9749219425628517,train_speakers_only
JVS_JVSMuSiC,hubert_l6,6,67,51,0.0033914838794184133,0.0032948871012337586,0.9782168296640854,train_speakers_only
JVS_JVSMuSiC,hubert_l6,6,67,52,0.003289078943360776,0.0031953988786988965,0.9814122285427843,train_speakers_only
JVS_JVSMuSiC,hubert_l6,6,67,53,0.0031044244215139567,0.003016003716035789,0.9844282322588201,train_speakers_only
JVS_JVSMuSiC,hubert_l6,6,67,54,0.0030653126213457792,0.002978005904322098,0.9874062381631422,train_speakers_only
JVS_JVSMuSiC,hubert_l6,6,67,55,0.0029090656272603124,0.0028262091617390146,0.9902324473248812,train_speakers_only
JVS_JVSMuSiC,hubert_l6,6,67,56,0.00277662523305896,0.002697540955711398,0.9929299882805926,train_speakers_only
JVS_JVSMuSiC,hubert_l6,6,67,57,0.0025361712822638003,0.0024639356522265024,0.9953939239328191,train_speakers_only
JVS_JVSMuSiC,hubert_l6,6,67,58,0.002449167284627026,0.0023794097161579696,0.9977733336489771,train_speakers_only
JVS_JVSMuSiC,hubert_l6,6,67,59,0.002291945915691696,0.0022266663510230114,1.0000000000000002,train_speakers_only
JVS_JVSMuSiC,hubert_l6,6,67,60,0.0,0.0,1.0000000000000002,train_speakers_only
JVS_JVSMuSiC,hubert_l6,6,71,1,0.19460403453738084,0.18874234327643868,0.18874234327643868,train_speakers_only
JVS_JVSMuSiC,hubert_l6,6,71,2,0.12354745858188688,0.11982607089327783,0.30856841416971653,train_speakers_only
JVS_JVSMuSiC,hubert_l6,6,71,3,0.08958215483789768,0.08688384010152561,0.39545225427124214,train_speakers_only
JVS_JVSMuSiC,hubert_l6,6,71,4,0.051029909582341326,0.049492831608821605,0.44494508588006376,train_speakers_only
JVS_JVSMuSiC,hubert_l6,6,71,5,0.04105181568911544,0.03981528906805777,0.4847603749481215,train_speakers_only
JVS_JVSMuSiC,hubert_l6,6,71,6,0.03581373116604185,0.03473498151166408,0.5194953564597856,train_speakers_only
JVS_JVSMuSiC,hubert_l6,6,71,7,0.03203313576889002,0.03106826187794811,0.5505636183377337,train_speakers_only
JVS_JVSMuSiC,hubert_l6,6,71,8,0.026350584546330654,0.025556875456366878,0.5761204937941006,train_speakers_only
JVS_JVSMuSiC,hubert_l6,6,71,9,0.0247089890210905,0.023964726625113193,0.6000852204192137,train_speakers_only
JVS_JVSMuSiC,hubert_l6,6,71,10,0.023406113539786694,0.02270109521108173,0.6227863156302955,train_speakers_only
JVS_JVSMuSiC,hubert_l6,6,71,11,0.02152860255490491,0.020880136957794473,0.64366645258809,train_speakers_only
JVS_JVSMuSiC,hubert_l6,6,71,12,0.02007126987446572,0.01946670076828633,0.6631331533563763,train_speakers_only
JVS_JVSMuSiC,hubert_l6,6,71,13,0.018552421207555965,0.017993601522649793,0.6811267548790262,train_speakers_only
JVS_JVSMuSiC,hubert_l6,6,71,14,0.01782121280697552,0.017284417937237232,0.6984111728162634,train_speakers_only
JVS_JVSMuSiC,hubert_l6,6,71,15,0.01621135572591267,0.015723051552710372,0.7141342243689738,train_speakers_only
JVS_JVSMuSiC,hubert_l6,6,71,16,0.014799903233716199,0.014354113588840157,0.728488337957814,train_speakers_only
JVS_JVSMuSiC,hubert_l6,6,71,17,0.014281236542372192,0.013851069718570854,0.7423394076763848,train_speakers_only
JVS_JVSMuSiC,hubert_l6,6,71,18,0.013828591932737883,0.013412059271038649,0.7557514669474235,train_speakers_only
JVS_JVSMuSiC,hubert_l6,6,71,19,0.012825156633918257,0.012438848566154058,0.7681903155135775,train_speakers_only
JVS_JVSMuSiC,hubert_l6,6,71,20,0.01177097442292714,0.011416419502872838,0.7796067350164504,train_speakers_only
JVS_JVSMuSiC,hubert_l6,6,71,21,0.01113317345673345,0.010797829815410574,0.790404564831861,train_speakers_only
JVS_JVSMuSiC,hubert_l6,6,71,22,0.010978131019096268,0.010647457429470594,0.8010520222613315,train_speakers_only
JVS_JVSMuSiC,hubert_l6,6,71,23,0.01043827552780143,0.01012386298961293,0.8111758852509445,train_speakers_only
JVS_JVSMuSiC,hubert_l6,6,71,24,0.009554131058045343,0.009266349940547067,0.8204422351914916,train_speakers_only
JVS_JVSMuSiC,hubert_l6,6,71,25,0.009325693209920669,0.00904479289600493,0.8294870280874965,train_speakers_only
JVS_JVSMuSiC,hubert_l6,6,71,26,0.00896923528454157,0.008699071882175766,0.8381860999696723,train_speakers_only
JVS_JVSMuSiC,hubert_l6,6,71,27,0.008574145328595887,0.008315882477765707,0.846501982447438,train_speakers_only
JVS_JVSMuSiC,hubert_l6,6,71,28,0.00847587182225041,0.008220569079388685,0.8547225515268267,train_speakers_only
JVS_JVSMuSiC,hubert_l6,6,71,29,0.007985917619243551,0.007745372845181674,0.8624679243720084,train_speakers_only
JVS_JVSMuSiC,hubert_l6,6,71,30,0.007810207822695249,0.007574955624305493,0.8700428799963139,train_speakers_only
JVS_JVSMuSiC,hubert_l6,6,71,31,0.007646105190774255,0.007415795947270895,0.8774586759435848,train_speakers_only
JVS_JVSMuSiC,hubert_l6,6,71,32,0.007102148921221025,0.006888224249184308,0.8843469001927692,train_speakers_only
JVS_JVSMuSiC,hubert_l6,6,71,33,0.006904050760231213,0.006696093026453732,0.8910429932192229,train_speakers_only
JVS_JVSMuSiC,hubert_l6,6,71,34,0.006527674036181673,0.006331053190457041,0.8973740464096799,train_speakers_only
JVS_JVSMuSiC,hubert_l6,6,71,35,0.006470936036022661,0.0062760242023464485,0.9036500706120263,train_speakers_only
JVS_JVSMuSiC,hubert_l6,6,71,36,0.006339229033557649,0.006148284362161445,0.9097983549741877,train_speakers_only
JVS_JVSMuSiC,hubert_l6,6,71,37,0.006107681210881164,0.00592371101898072,0.9157220659931684,train_speakers_only
JVS_JVSMuSiC,hubert_l6,6,71,38,0.005807654187940574,0.005632721145668595,0.921354787138837,train_speakers_only
JVS_JVSMuSiC,hubert_l6,6,71,39,0.005701158683516359,0.005529433404994484,0.9268842205438315,train_speakers_only
JVS_JVSMuSiC,hubert_l6,6,71,40,0.005324451534928393,0.005164073097216174,0.9320482936410477,train_speakers_only
JVS_JVSMuSiC,hubert_l6,6,71,41,0.005176207508085606,0.005020294346330779,0.9370685879873785,train_speakers_only
JVS_JVSMuSiC,hubert_l6,6,71,42,0.004894584640356615,0.0047471542744830396,0.9418157422618615,train_speakers_only
JVS_JVSMuSiC,hubert_l6,6,71,43,0.004735718972939974,0.004593073818722331,0.9464088160805838,train_speakers_only
JVS_JVSMuSiC,hubert_l6,6,71,44,0.0046077359565174746,0.004468945793953505,0.9508777618745373,train_speakers_only
JVS_JVSMuSiC,hubert_l6,6,71,45,0.004431575475301062,0.004298091463535683,0.955175853338073,train_speakers_only
JVS_JVSMuSiC,hubert_l6,6,71,46,0.00426342548203982,0.004135006336212961,0.959310859674286,train_speakers_only
JVS_JVSMuSiC,hubert_l6,6,71,47,0.004063940344241541,0.003941529913967265,0.9632523895882532,train_speakers_only
JVS_JVSMuSiC,hubert_l6,6,71,48,0.0038885895743771734,0.003771460905489586,0.9670238504937428,train_speakers_only
JVS_JVSMuSiC,hubert_l6,6,71,49,0.0037344721503107824,0.0036219856706766525,0.9706458361644195,train_speakers_only
JVS_JVSMuSiC,hubert_l6,6,71,50,0.003703668801807597,0.0035921101534959685,0.9742379463179154,train_speakers_only
JVS_JVSMuSiC,hubert_l6,6,71,51,0.003537495079921109,0.0034309417700429607,0.9776688880879584,train_speakers_only
JVS_JVSMuSiC,hubert_l6,6,71,52,0.0033749516173789654,0.0032732942984609816,0.9809421823864194,train_speakers_only
JVS_JVSMuSiC,hubert_l6,6,71,53,0.0031883324911833014,0.003092296349152766,0.9840344787355721,train_speakers_only
JVS_JVSMuSiC,hubert_l6,6,71,54,0.002988052275076828,0.002898048797247123,0.9869325275328192,train_speakers_only
JVS_JVSMuSiC,hubert_l6,6,71,55,0.002964544838195889,0.0028752494306672947,0.9898077769634865,train_speakers_only
JVS_JVSMuSiC,hubert_l6,6,71,56,0.002836323080596526,0.002750889855872978,0.9925586668193596,train_speakers_only
JVS_JVSMuSiC,hubert_l6,6,71,57,0.0027336695645459558,0.0026513283785839317,0.9952099951979435,train_speakers_only
JVS_JVSMuSiC,hubert_l6,6,71,58,0.002518004974473592,0.0024421598472696873,0.9976521550452132,train_speakers_only
JVS_JVSMuSiC,hubert_l6,6,71,59,0.0024207609841987196,0.002347844954787306,1.0000000000000004,train_speakers_only
JVS_JVSMuSiC,hubert_l6,6,71,60,1.070603704559415e-17,1.0383559230893819e-17,1.0000000000000004,train_speakers_only
JVS_JVSMuSiC,hubert_l6,6,73,1,0.22275633301546496,0.21390794869398033,0.21390794869398033,train_speakers_only
JVS_JVSMuSiC,hubert_l6,6,73,2,0.14101284235511022,0.13541149398250832,0.3493194426764886,train_speakers_only
JVS_JVSMuSiC,hubert_l6,6,73,3,0.07506989173089068,0.07208794619419051,0.42140738887067913,train_speakers_only
JVS_JVSMuSiC,hubert_l6,6,73,4,0.04366449617187567,0.041930043830599575,0.4633374327012787,train_speakers_only
JVS_JVSMuSiC,hubert_l6,6,73,5,0.03500218745365507,0.0336118215660056,0.4969492542672843,train_speakers_only
JVS_JVSMuSiC,hubert_l6,6,73,6,0.03366212078237203,0.03232498536751501,0.5292742396347994,train_speakers_only
JVS_JVSMuSiC,hubert_l6,6,73,7,0.029874899212981462,0.02868820078684187,0.5579624404216412,train_speakers_only
JVS_JVSMuSiC,hubert_l6,6,73,8,0.02799593913977815,0.026883877248669297,0.5848463176703105,train_speakers_only
JVS_JVSMuSiC,hubert_l6,6,73,9,0.026677526418506396,0.025617834856421308,0.6104641525267318,train_speakers_only
JVS_JVSMuSiC,hubert_l6,6,73,10,0.021837478351069407,0.020970044422495317,0.6314341969492271,train_speakers_only
JVS_JVSMuSiC,hubert_l6,6,73,11,0.019982142553356712,0.0191884067502695,0.6506226036994965,train_speakers_only
JVS_JVSMuSiC,hubert_l6,6,73,12,0.018775556857170177,0.01802974936127019,0.6686523530607668,train_speakers_only
JVS_JVSMuSiC,hubert_l6,6,73,13,0.018134889266222927,0.017414530533059695,0.6860668835938265,train_speakers_only
JVS_JVSMuSiC,hubert_l6,6,73,14,0.016751463406555457,0.016086057471011536,0.702152941064838,train_speakers_only
JVS_JVSMuSiC,hubert_l6,6,73,15,0.015513989956479634,0.01489773925942289,0.7170506803242609,train_speakers_only
JVS_JVSMuSiC,hubert_l6,6,73,16,0.015250904149717566,0.01464510381470551,0.7316957841389664,train_speakers_only
JVS_JVSMuSiC,hubert_l6,6,73,17,0.014059898270349194,0.013501407377035783,0.7451971915160022,train_speakers_only
JVS_JVSMuSiC,hubert_l6,6,73,18,0.013660439538116846,0.013117816047249493,0.7583150075632517,train_speakers_only
JVS_JVSMuSiC,hubert_l6,6,73,19,0.012488320959373925,0.01199225666399463,0.7703072642272463,train_speakers_only
JVS_JVSMuSiC,hubert_l6,6,73,20,0.01205277656415269,0.011574013075200831,0.781881277302447,train_speakers_only
JVS_JVSMuSiC,hubert_l6,6,73,21,0.011378857418640724,0.010926863519223643,0.7928081408216707,train_speakers_only
JVS_JVSMuSiC,hubert_l6,6,73,22,0.010734648183106654,0.010308243728543021,0.8031163845502137,train_speakers_only
JVS_JVSMuSiC,hubert_l6,6,73,23,0.01049476536881782,0.010077889601067322,0.8131942741512811,train_speakers_only
JVS_JVSMuSiC,hubert_l6,6,73,24,0.009763426218016878,0.009375600892011556,0.8225698750432926,train_speakers_only
JVS_JVSMuSiC,hubert_l6,6,73,25,0.009514758277369471,0.009136810603224793,0.8317066856465174,train_speakers_only
JVS_JVSMuSiC,hubert_l6,6,73,26,0.009069945618174353,0.00870966690682117,0.8404163525533386,train_speakers_only
JVS_JVSMuSiC,hubert_l6,6,73,27,0.008879751189863215,0.008527027430482531,0.8489433799838211,train_speakers_only
JVS_JVSMuSiC,hubert_l6,6,73,28,0.008668333326670172,0.008324007561998035,0.8572673875458191,train_speakers_only
JVS_JVSMuSiC,hubert_l6,6,73,29,0.007987351537514453,0.007670075906523426,0.8649374634523426,train_speakers_only
JVS_JVSMuSiC,hubert_l6,6,73,30,0.007741215573575522,0.0074337170186154575,0.8723711804709581,train_speakers_only
JVS_JVSMuSiC,hubert_l6,6,73,31,0.00725012891245542,0.006962137428086447,0.8793333178990446,train_speakers_only
JVS_JVSMuSiC,hubert_l6,6,73,32,0.007094509074547918,0.006812699161383734,0.8861460170604283,train_speakers_only
JVS_JVSMuSiC,hubert_l6,6,73,33,0.006698705221443056,0.006432617530676711,0.892578634591105,train_speakers_only
JVS_JVSMuSiC,hubert_l6,6,73,34,0.006662279937417495,0.006397639141146648,0.8989762737322516,train_speakers_only
JVS_JVSMuSiC,hubert_l6,6,73,35,0.00652504696207689,0.006265857369329447,0.9052421311015811,train_speakers_only
JVS_JVSMuSiC,hubert_l6,6,73,36,0.006035073855658921,0.005795347100596442,0.9110374782021776,train_speakers_only
JVS_JVSMuSiC,hubert_l6,6,73,37,0.005909310564837554,0.005674579411541625,0.9167120576137192,train_speakers_only
JVS_JVSMuSiC,hubert_l6,6,73,38,0.005818575953939067,0.005587448984181365,0.9222995065979006,train_speakers_only
JVS_JVSMuSiC,hubert_l6,6,73,39,0.005503666739694956,0.005285048674695599,0.9275845552725962,train_speakers_only
JVS_JVSMuSiC,hubert_l6,6,73,40,0.005267758293192661,0.005058511044147577,0.9326430663167438,train_speakers_only
JVS_JVSMuSiC,hubert_l6,6,73,41,0.005053952521167659,0.004853198119959577,0.9374962644367033,train_speakers_only
JVS_JVSMuSiC,hubert_l6,6,73,42,0.004886972597008587,0.0046928510152715874,0.9421891154519749,train_speakers_only
JVS_JVSMuSiC,hubert_l6,6,73,43,0.004767587379616424,0.00457820804817368,0.9467673235001486,train_speakers_only
JVS_JVSMuSiC,hubert_l6,6,73,44,0.004659211076226443,0.0044741366961660225,0.9512414601963146,train_speakers_only
JVS_JVSMuSiC,hubert_l6,6,73,45,0.004412949158854835,0.0042376568579800085,0.9554791170542947,train_speakers_only
JVS_JVSMuSiC,hubert_l6,6,73,46,0.0043352193099123505,0.004163014614078348,0.959642131668373,train_speakers_only
JVS_JVSMuSiC,hubert_l6,6,73,47,0.004155841433143896,0.003990762031441527,0.9636328936998145,train_speakers_only
JVS_JVSMuSiC,hubert_l6,6,73,48,0.004115389975605912,0.003951917397098263,0.9675848110969127,train_speakers_only
JVS_JVSMuSiC,hubert_l6,6,73,49,0.0037599994421375826,0.0036106437777565776,0.9711954548746693,train_speakers_only
JVS_JVSMuSiC,hubert_l6,6,73,50,0.003470625446915451,0.0033327643707587507,0.9745282192454281,train_speakers_only
JVS_JVSMuSiC,hubert_l6,6,73,51,0.0034090838232822976,0.0032736673193193605,0.9778018865647474,train_speakers_only
JVS_JVSMuSiC,hubert_l6,6,73,52,0.003252380488073341,0.0031231885942735235,0.9809250751590209,train_speakers_only
JVS_JVSMuSiC,hubert_l6,6,73,53,0.003155766053433812,0.003030411903042323,0.9839554870620633,train_speakers_only
JVS_JVSMuSiC,hubert_l6,6,73,54,0.003025428020669776,0.00290525119112026,0.9868607382531835,train_speakers_only
JVS_JVSMuSiC,hubert_l6,6,73,55,0.002988896365057424,0.00287017065532292,0.9897309089085065,train_speakers_only
JVS_JVSMuSiC,hubert_l6,6,73,56,0.0028511761409234612,0.0027379209893341827,0.9924688298978407,train_speakers_only
JVS_JVSMuSiC,hubert_l6,6,73,57,0.0028480885242800082,0.0027349560197927397,0.9952037859176335,train_speakers_only
JVS_JVSMuSiC,hubert_l6,6,73,58,0.002595155318654914,0.0024920698919801564,0.9976958558096136,train_speakers_only
JVS_JVSMuSiC,hubert_l6,6,73,59,0.0023994559983540813,0.0023041441903865183,1.0000000000000002,train_speakers_only
JVS_JVSMuSiC,hubert_l6,6,73,60,0.0,0.0,1.0000000000000002,train_speakers_only
JVS_JVSMuSiC,hubert_l6,6,79,1,0.20071722653969556,0.21051642578170082,0.21051642578170082,train_speakers_only
JVS_JVSMuSiC,hubert_l6,6,79,2,0.07535645890249841,0.07903543039731191,0.28955185617901275,train_speakers_only
JVS_JVSMuSiC,hubert_l6,6,79,3,0.061202384502887605,0.06419034109320548,0.35374219727221823,train_speakers_only
JVS_JVSMuSiC,hubert_l6,6,79,4,0.047890269099842904,0.05022831599672845,0.4039705132689467,train_speakers_only
JVS_JVSMuSiC,hubert_l6,6,79,5,0.03975741480065418,0.0416984082853445,0.44566892155429116,train_speakers_only
JVS_JVSMuSiC,hubert_l6,6,79,6,0.03549342257451703,0.037226244044723994,0.48289516559901513,train_speakers_only
JVS_JVSMuSiC,hubert_l6,6,79,7,0.029527534030270045,0.03096909534553903,0.5138642609445542,train_speakers_only
JVS_JVSMuSiC,hubert_l6,6,79,8,0.028325745297763116,0.029708634183965316,0.5435728951285195,train_speakers_only
JVS_JVSMuSiC,hubert_l6,6,79,9,0.0250212157040687,0.02624277442221325,0.5698156695507327,train_speakers_only
JVS_JVSMuSiC,hubert_l6,6,79,10,0.023882819525816907,0.025048800697582696,0.5948644702483155,train_speakers_only
JVS_JVSMuSiC,hubert_l6,6,79,11,0.022088374699185738,0.02316674942735877,0.6180312196756742,train_speakers_only
JVS_JVSMuSiC,hubert_l6,6,79,12,0.019904982878326365,0.02087676241362623,0.6389079820893004,train_speakers_only
JVS_JVSMuSiC,hubert_l6,6,79,13,0.019095020640763447,0.02002725707614503,0.6589352391654455,train_speakers_only
JVS_JVSMuSiC,hubert_l6,6,79,14,0.016791230951716543,0.01761099425978445,0.6765462334252299,train_speakers_only
JVS_JVSMuSiC,hubert_l6,6,79,15,0.015729771022373832,0.01649771288235603,0.6930439463075859,train_speakers_only
JVS_JVSMuSiC,hubert_l6,6,79,16,0.014431967725151068,0.015136549636883372,0.7081804959444693,train_speakers_only
JVS_JVSMuSiC,hubert_l6,6,79,17,0.013854723036651289,0.014531123332826645,0.722711619277296,train_speakers_only
JVS_JVSMuSiC,hubert_l6,6,79,18,0.013295597938830629,0.013944701234498324,0.7366563205117943,train_speakers_only
JVS_JVSMuSiC,hubert_l6,6,79,19,0.012372130297767502,0.012976149055529167,0.7496324695673234,train_speakers_only
JVS_JVSMuSiC,hubert_l6,6,79,20,0.011757345302736508,0.012331349692717377,0.7619638192600409,train_speakers_only
JVS_JVSMuSiC,hubert_l6,6,79,21,0.010950426774809686,0.011485036661570589,0.7734488559216115,train_speakers_only
JVS_JVSMuSiC,hubert_l6,6,79,22,0.010654336324818221,0.011174490804023223,0.7846233467256347,train_speakers_only
JVS_JVSMuSiC,hubert_l6,6,79,23,0.010226670730349286,0.010725946182669553,0.7953492929083043,train_speakers_only
JVS_JVSMuSiC,hubert_l6,6,79,24,0.010043612863243706,0.010533951262459419,0.8058832441707636,train_speakers_only
JVS_JVSMuSiC,hubert_l6,6,79,25,0.009281310195134338,0.00973443227836016,0.8156176764491238,train_speakers_only
JVS_JVSMuSiC,hubert_l6,6,79,26,0.009029172381211712,0.009469984864919513,0.8250876613140433,train_speakers_only
JVS_JVSMuSiC,hubert_l6,6,79,27,0.008667474638022364,0.009090628705898104,0.8341782900199414,train_speakers_only
JVS_JVSMuSiC,hubert_l6,6,79,28,0.008338493824434563,0.00874558674701291,0.8429238767669542,train_speakers_only
JVS_JVSMuSiC,hubert_l6,6,79,29,0.007849849269056602,0.008233086115904833,0.851156962882859,train_speakers_only
JVS_JVSMuSiC,hubert_l6,6,79,30,0.0075639526560955924,0.007933231767868875,0.8590901946507279,train_speakers_only
JVS_JVSMuSiC,hubert_l6,6,79,31,0.007171561299937559,0.007521683505519371,0.8666118781562473,train_speakers_only
JVS_JVSMuSiC,hubert_l6,6,79,32,0.007104802200186955,0.0074516651652394355,0.8740635433214867,train_speakers_only
JVS_JVSMuSiC,hubert_l6,6,79,33,0.00693691716069177,0.007275583824011076,0.8813391271454978,train_speakers_only
JVS_JVSMuSiC,hubert_l6,6,79,34,0.0068033746501832346,0.007135521645558186,0.888474648791056,train_speakers_only
JVS_JVSMuSiC,hubert_l6,6,79,35,0.006463510943416122,0.006779065480659042,0.8952537142717151,train_speakers_only
JVS_JVSMuSiC,hubert_l6,6,79,36,0.006092143463806018,0.006389567499808771,0.9016432817715239,train_speakers_only
JVS_JVSMuSiC,hubert_l6,6,79,37,0.005905715337342365,0.0061940377810850746,0.9078373195526089,train_speakers_only
JVS_JVSMuSiC,hubert_l6,6,79,38,0.005638717719752451,0.005914005094721994,0.9137513246473309,train_speakers_only
JVS_JVSMuSiC,hubert_l6,6,79,39,0.005345067491565595,0.005606018592847666,0.9193573432401786,train_speakers_only
JVS_JVSMuSiC,hubert_l6,6,79,40,0.005223128455992067,0.005478126381627171,0.9248354696218057,train_speakers_only
JVS_JVSMuSiC,hubert_l6,6,79,41,0.005087883516372925,0.0053362786599118,0.9301717482817176,train_speakers_only
JVS_JVSMuSiC,hubert_l6,6,79,42,0.004929438580691959,0.0051700982970311294,0.9353418465787486,train_speakers_only
JVS_JVSMuSiC,hubert_l6,6,79,43,0.004719346069140954,0.004949748876218106,0.9402915954549668,train_speakers_only
JVS_JVSMuSiC,hubert_l6,6,79,44,0.004591143304645271,0.004815287135079874,0.9451068825900466,train_speakers_only
JVS_JVSMuSiC,hubert_l6,6,79,45,0.004553222220322308,0.004775514708611746,0.9498823972986583,train_speakers_only
JVS_JVSMuSiC,hubert_l6,6,79,46,0.004286021987906019,0.0044952695155804825,0.9543776668142387,train_speakers_only
JVS_JVSMuSiC,hubert_l6,6,79,47,0.004195692843269423,0.004400530419187808,0.9587781972334265,train_speakers_only
JVS_JVSMuSiC,hubert_l6,6,79,48,0.0040817981911551796,0.004281075325611179,0.9630592725590377,train_speakers_only
JVS_JVSMuSiC,hubert_l6,6,79,49,0.003917829925385536,0.004109101978596927,0.9671683745376346,train_speakers_only
JVS_JVSMuSiC,hubert_l6,6,79,50,0.0037800576778804175,0.00396460356350472,0.9711329781011393,train_speakers_only
JVS_JVSMuSiC,hubert_l6,6,79,51,0.003567835335582943,0.003742020331653171,0.9748749984327925,train_speakers_only
JVS_JVSMuSiC,hubert_l6,6,79,52,0.0034811964169032274,0.003651151621435924,0.9785261500542284,train_speakers_only
JVS_JVSMuSiC,hubert_l6,6,79,53,0.003296596625979304,0.0034575394992712723,0.9819836895534997,train_speakers_only
JVS_JVSMuSiC,hubert_l6,6,79,54,0.00320988629061915,0.003366595885745693,0.9853502854392454,train_speakers_only
JVS_JVSMuSiC,hubert_l6,6,79,55,0.0030804627746731667,0.0032308537949508054,0.9885811392341962,train_speakers_only
JVS_JVSMuSiC,hubert_l6,6,79,56,0.002996523688377284,0.0031428167254125994,0.9917239559596088,train_speakers_only
JVS_JVSMuSiC,hubert_l6,6,79,57,0.0028972254983694137,0.00303867070662076,0.9947626266662296,train_speakers_only
JVS_JVSMuSiC,hubert_l6,6,79,58,0.0025282841707851937,0.0026517173247652902,0.9974143439909949,train_speakers_only
JVS_JVSMuSiC,hubert_l6,6,79,59,0.0024652979024607155,0.0025856560090048615,0.9999999999999998,train_speakers_only
JVS_JVSMuSiC,hubert_l6,6,79,60,0.0,0.0,0.9999999999999998,train_speakers_only
JVS_JVSMuSiC,hubert_l6,6,83,1,0.19387784735286248,0.19149001358815093,0.19149001358815093,train_speakers_only
JVS_JVSMuSiC,hubert_l6,6,83,2,0.12219932670219971,0.12069429824067847,0.3121843118288294,train_speakers_only
JVS_JVSMuSiC,hubert_l6,6,83,3,0.08475237129771712,0.08370854614395558,0.39589285797278495,train_speakers_only
JVS_JVSMuSiC,hubert_l6,6,83,4,0.04635183468908021,0.04578095731738404,0.44167381529016897,train_speakers_only
JVS_JVSMuSiC,hubert_l6,6,83,5,0.03714927167255722,0.036691734690146194,0.47836554998031516,train_speakers_only
JVS_JVSMuSiC,hubert_l6,6,83,6,0.031303405487897264,0.03091786722452664,0.5092834172048418,train_speakers_only
JVS_JVSMuSiC,hubert_l6,6,83,7,0.03052388425044148,0.030147946708125484,0.5394313639129673,train_speakers_only
JVS_JVSMuSiC,hubert_l6,6,83,8,0.027950282105728655,0.027606041501366044,0.5670374054143333,train_speakers_only
JVS_JVSMuSiC,hubert_l6,6,83,9,0.026084788591996963,0.025763523734790402,0.5928009291491237,train_speakers_only
JVS_JVSMuSiC,hubert_l6,6,83,10,0.0236500369432415,0.023358758916789277,0.616159688065913,train_speakers_only
JVS_JVSMuSiC,hubert_l6,6,83,11,0.02322748953382604,0.02294141567579826,0.6391011037417113,train_speakers_only
JVS_JVSMuSiC,hubert_l6,6,83,12,0.01882111249424719,0.0185893083530479,0.6576904120947592,train_speakers_only
JVS_JVSMuSiC,hubert_l6,6,83,13,0.018007382606782623,0.017785600506405284,0.6754760126011645,train_speakers_only
JVS_JVSMuSiC,hubert_l6,6,83,14,0.016616012221956585,0.01641136648465254,0.6918873790858171,train_speakers_only
JVS_JVSMuSiC,hubert_l6,6,83,15,0.01625520796252775,0.016055005954122487,0.7079423850399396,train_speakers_only
JVS_JVSMuSiC,hubert_l6,6,83,16,0.014623686827727475,0.014443578921390648,0.7223859639613303,train_speakers_only
JVS_JVSMuSiC,hubert_l6,6,83,17,0.013844682202524682,0.013674168654554853,0.7360601326158851,train_speakers_only
JVS_JVSMuSiC,hubert_l6,6,83,18,0.0130637671068569,0.012902871446945291,0.7489630040628303,train_speakers_only
JVS_JVSMuSiC,hubert_l6,6,83,19,0.012484280767357445,0.012330522163414523,0.7612935262262449,train_speakers_only
JVS_JVSMuSiC,hubert_l6,6,83,20,0.01178814994717124,0.011642965013195221,0.7729364912394401,train_speakers_only
JVS_JVSMuSiC,hubert_l6,6,83,21,0.011375753929731822,0.011235648137846142,0.7841721393772862,train_speakers_only
JVS_JVSMuSiC,hubert_l6,6,83,22,0.011145435217269685,0.011008166071270944,0.7951803054485572,train_speakers_only
JVS_JVSMuSiC,hubert_l6,6,83,23,0.010814846814939428,0.010681649254013888,0.8058619547025712,train_speakers_only
JVS_JVSMuSiC,hubert_l6,6,83,24,0.010551789803030044,0.010421832098661907,0.816283786801233,train_speakers_only
JVS_JVSMuSiC,hubert_l6,6,83,25,0.00993476167678323,0.009812403399651086,0.8260961902008841,train_speakers_only
JVS_JVSMuSiC,hubert_l6,6,83,26,0.009070245765711344,0.00895853501902568,0.8350547252199098,train_speakers_only
JVS_JVSMuSiC,hubert_l6,6,83,27,0.008735968912129514,0.008628375178133245,0.843683100398043,train_speakers_only
JVS_JVSMuSiC,hubert_l6,6,83,28,0.008570728579695807,0.00846516997477934,0.8521482703728223,train_speakers_only
JVS_JVSMuSiC,hubert_l6,6,83,29,0.008208064659045002,0.00810697268694294,0.8602552430597652,train_speakers_only
JVS_JVSMuSiC,hubert_l6,6,83,30,0.007951959702044428,0.00785402196376529,0.8681092650235305,train_speakers_only
JVS_JVSMuSiC,hubert_l6,6,83,31,0.007803870148644105,0.007707756307425093,0.8758170213309555,train_speakers_only
JVS_JVSMuSiC,hubert_l6,6,83,32,0.007155856307384085,0.007067723518932514,0.882884744849888,train_speakers_only
JVS_JVSMuSiC,hubert_l6,6,83,33,0.007008584757319781,0.006922265791254967,0.889807010641143,train_speakers_only
JVS_JVSMuSiC,hubert_l6,6,83,34,0.006485853871661217,0.006405972951384901,0.8962129835925279,train_speakers_only
JVS_JVSMuSiC,hubert_l6,6,83,35,0.006394133498701589,0.006315382222716538,0.9025283658152444,train_speakers_only
JVS_JVSMuSiC,hubert_l6,6,83,36,0.0062194833525993625,0.006142883098618985,0.9086712489138634,train_speakers_only
JVS_JVSMuSiC,hubert_l6,6,83,37,0.0060630243811480005,0.005988351103456686,0.91465960001732,train_speakers_only
JVS_JVSMuSiC,hubert_l6,6,83,38,0.0057911799597685585,0.005719854765919628,0.9203794547832397,train_speakers_only
JVS_JVSMuSiC,hubert_l6,6,83,39,0.005582223490382675,0.005513471841267025,0.9258929266245067,train_speakers_only
JVS_JVSMuSiC,hubert_l6,6,83,40,0.005540793559148555,0.005472552168373511,0.9313654787928802,train_speakers_only
JVS_JVSMuSiC,hubert_l6,6,83,41,0.005244915434368074,0.0051803181307656316,0.9365457969236458,train_speakers_only
JVS_JVSMuSiC,hubert_l6,6,83,42,0.004996905366396738,0.004935362598536136,0.9414811595221819,train_speakers_only
JVS_JVSMuSiC,hubert_l6,6,83,43,0.0049079923204669584,0.004847544621362758,0.9463287041435446,train_speakers_only
JVS_JVSMuSiC,hubert_l6,6,83,44,0.004606918265711752,0.004550178647770195,0.9508788827913148,train_speakers_only
JVS_JVSMuSiC,hubert_l6,6,83,45,0.00436582107873702,0.004312050856275636,0.9551909336475904,train_speakers_only
JVS_JVSMuSiC,hubert_l6,6,83,46,0.004295559109221489,0.0042426542455696594,0.9594335878931601,train_speakers_only
JVS_JVSMuSiC,hubert_l6,6,83,47,0.0040268999256579344,0.003977303915897728,0.9634108918090578,train_speakers_only
JVS_JVSMuSiC,hubert_l6,6,83,48,0.003917611765678066,0.0038693617681727207,0.9672802535772306,train_speakers_only
JVS_JVSMuSiC,hubert_l6,6,83,49,0.0038134965721737,0.003766528875755682,0.9710467824529863,train_speakers_only
JVS_JVSMuSiC,hubert_l6,6,83,50,0.0036539301133623556,0.0036089276655958337,0.9746557101185821,train_speakers_only
JVS_JVSMuSiC,hubert_l6,6,83,51,0.0034923420205975066,0.0034493297202828335,0.9781050398388649,train_speakers_only
JVS_JVSMuSiC,hubert_l6,6,83,52,0.0034263161659300453,0.0033841170516872806,0.9814891568905522,train_speakers_only
JVS_JVSMuSiC,hubert_l6,6,83,53,0.0031512947340696963,0.003112482832290768,0.984601639722843,train_speakers_only
JVS_JVSMuSiC,hubert_l6,6,83,54,0.002951265182459419,0.0029149168799198913,0.9875165566027628,train_speakers_only
JVS_JVSMuSiC,hubert_l6,6,83,55,0.0029116391005246023,0.0028757788397995422,0.9903923354425623,train_speakers_only
JVS_JVSMuSiC,hubert_l6,6,83,56,0.002711139923615926,0.0026777490461182755,0.9930700844886806,train_speakers_only
JVS_JVSMuSiC,hubert_l6,6,83,57,0.0025741960194509087,0.0025424917672315014,0.9956125762559122,train_speakers_only
JVS_JVSMuSiC,hubert_l6,6,83,58,0.002278132643554288,0.0022500747600929048,0.997862651016005,train_speakers_only
JVS_JVSMuSiC,hubert_l6,6,83,59,0.0021640012045218804,0.0021373489839944405,0.9999999999999994,train_speakers_only
JVS_JVSMuSiC,hubert_l6,6,83,60,1.2046244159019293e-17,1.1897880491206779e-17,0.9999999999999994,train_speakers_only
JVS_JVSMuSiC,hubert_l6,6,89,1,0.20526924261449478,0.18943565981670263,0.18943565981670263,train_speakers_only
JVS_JVSMuSiC,hubert_l6,6,89,2,0.14704385672030848,0.13570152870938373,0.32513718852608636,train_speakers_only
JVS_JVSMuSiC,hubert_l6,6,89,3,0.0877041904399453,0.08093906799219411,0.4060762565182805,train_speakers_only
JVS_JVSMuSiC,hubert_l6,6,89,4,0.04715518063079511,0.04351783366467045,0.44959409018295093,train_speakers_only
JVS_JVSMuSiC,hubert_l6,6,89,5,0.03992327173478445,0.0368437629855919,0.4864378531685428,train_speakers_only
JVS_JVSMuSiC,hubert_l6,6,89,6,0.0372738496017142,0.03439870583275911,0.520836559001302,train_speakers_only
JVS_JVSMuSiC,hubert_l6,6,89,7,0.034200659206242386,0.03156256807099077,0.5523991270722928,train_speakers_only
JVS_JVSMuSiC,hubert_l6,6,89,8,0.0308097210354171,0.028433192224876693,0.5808323192971695,train_speakers_only
JVS_JVSMuSiC,hubert_l6,6,89,9,0.02747344892944751,0.025354265739483302,0.6061865850366528,train_speakers_only
JVS_JVSMuSiC,hubert_l6,6,89,10,0.024803632908935544,0.022890387795602908,0.6290769728322557,train_speakers_only
JVS_JVSMuSiC,hubert_l6,6,89,11,0.0211671023467146,0.019534363494428407,0.6486113363266841,train_speakers_only
JVS_JVSMuSiC,hubert_l6,6,89,12,0.020740742278541908,0.019140891000424647,0.6677522273271087,train_speakers_only
JVS_JVSMuSiC,hubert_l6,6,89,13,0.01926391980661227,0.017777984235442166,0.6855302115625509,train_speakers_only
JVS_JVSMuSiC,hubert_l6,6,89,14,0.01772429980829427,0.016357123874028403,0.7018873354365793,train_speakers_only
JVS_JVSMuSiC,hubert_l6,6,89,15,0.01588465671252983,0.014659382901076764,0.716546718337656,train_speakers_only
JVS_JVSMuSiC,hubert_l6,6,89,16,0.015247345049507826,0.014071230707130254,0.7306179490447863,train_speakers_only
JVS_JVSMuSiC,hubert_l6,6,89,17,0.014689980835823105,0.01355685916157983,0.7441748082063661,train_speakers_only
JVS_JVSMuSiC,hubert_l6,6,89,18,0.014524921450383128,0.013404531744225422,0.7575793399505915,train_speakers_only
JVS_JVSMuSiC,hubert_l6,6,89,19,0.013785216059889199,0.012721884032695871,0.7703012239832874,train_speakers_only
JVS_JVSMuSiC,hubert_l6,6,89,20,0.012681959994583747,0.011703728375199623,0.782004952358487,train_speakers_only
JVS_JVSMuSiC,hubert_l6,6,89,21,0.012006088018330236,0.011079990244038607,0.7930849426025256,train_speakers_only
JVS_JVSMuSiC,hubert_l6,6,89,22,0.011297549908557367,0.010426105703809758,0.8035110483063354,train_speakers_only
JVS_JVSMuSiC,hubert_l6,6,89,23,0.010770390212867733,0.009939608830192482,0.8134506571365279,train_speakers_only
JVS_JVSMuSiC,hubert_l6,6,89,24,0.010555478777433154,0.009741274734664284,0.8231919318711921,train_speakers_only
JVS_JVSMuSiC,hubert_l6,6,89,25,0.009777039470992744,0.009022880874168875,0.832214812745361,train_speakers_only
JVS_JVSMuSiC,hubert_l6,6,89,26,0.009335868430684414,0.008615739862450015,0.840830552607811,train_speakers_only
JVS_JVSMuSiC,hubert_l6,6,89,27,0.009010425444138314,0.008315400142266697,0.8491459527500778,train_speakers_only
JVS_JVSMuSiC,hubert_l6,6,89,28,0.008737397250504217,0.008063432164254656,0.8572093849143324,train_speakers_only
JVS_JVSMuSiC,hubert_l6,6,89,29,0.008569585526567433,0.00790856471190747,0.8651179496262399,train_speakers_only
JVS_JVSMuSiC,hubert_l6,6,89,30,0.008123669735080868,0.00749704493862323,0.8726149945648631,train_speakers_only
JVS_JVSMuSiC,hubert_l6,6,89,31,0.00749149436501033,0.006913632846174051,0.8795286274110372,train_speakers_only
JVS_JVSMuSiC,hubert_l6,6,89,32,0.0073983571401093715,0.006827679824533371,0.8863563072355706,train_speakers_only
JVS_JVSMuSiC,hubert_l6,6,89,33,0.007027595926845782,0.006485517529907797,0.8928418247654784,train_speakers_only
JVS_JVSMuSiC,hubert_l6,6,89,34,0.006757601414895784,0.006236349228477503,0.8990781739939558,train_speakers_only
JVS_JVSMuSiC,hubert_l6,6,89,35,0.006549330846706249,0.006044143752377607,0.9051223177463334,train_speakers_only
JVS_JVSMuSiC,hubert_l6,6,89,36,0.0063971184685549885,0.005903672379657117,0.9110259901259906,train_speakers_only
JVS_JVSMuSiC,hubert_l6,6,89,37,0.006211319084294721,0.005732204757413377,0.916758194883404,train_speakers_only
JVS_JVSMuSiC,hubert_l6,6,89,38,0.005927729335138905,0.005470489896656192,0.9222286847800603,train_speakers_only
JVS_JVSMuSiC,hubert_l6,6,89,39,0.005829984113580413,0.005380284319317762,0.9276089690993781,train_speakers_only
JVS_JVSMuSiC,hubert_l6,6,89,40,0.005711468601647461,0.0052709105820954874,0.9328798796814736,train_speakers_only
JVS_JVSMuSiC,hubert_l6,6,89,41,0.00550417761244704,0.0050796091244923805,0.9379594888059659,train_speakers_only
JVS_JVSMuSiC,hubert_l6,6,89,42,0.005162406102868864,0.00476420039301923,0.9427236891989852,train_speakers_only
JVS_JVSMuSiC,hubert_l6,6,89,43,0.005024499236582999,0.004636931066765711,0.9473606202657509,train_speakers_only
JVS_JVSMuSiC,hubert_l6,6,89,44,0.004774713963979925,0.0044064131512447586,0.9517670334169956,train_speakers_only
JVS_JVSMuSiC,hubert_l6,6,89,45,0.004736803920605907,0.004371427324879509,0.9561384607418751,train_speakers_only
JVS_JVSMuSiC,hubert_l6,6,89,46,0.0043907224581625276,0.0040520410916900776,0.9601905018335652,train_speakers_only
JVS_JVSMuSiC,hubert_l6,6,89,47,0.004282265179128446,0.0039519497387233244,0.9641424515722886,train_speakers_only
JVS_JVSMuSiC,hubert_l6,6,89,48,0.004021175883817802,0.0037109997439833077,0.9678534513162719,train_speakers_only
JVS_JVSMuSiC,hubert_l6,6,89,49,0.003871972894199451,0.003573305628562135,0.971426756944834,train_speakers_only
JVS_JVSMuSiC,hubert_l6,6,89,50,0.003657360096240046,0.0033752471349041196,0.9748020040797382,train_speakers_only
JVS_JVSMuSiC,hubert_l6,6,89,51,0.0034977445711751464,0.0032279436620480085,0.9780299477417862,train_speakers_only
JVS_JVSMuSiC,hubert_l6,6,89,52,0.0033825826005255575,0.003121664788418764,0.981151612530205,train_speakers_only
JVS_JVSMuSiC,hubert_l6,6,89,53,0.0033165000003389294,0.003060679514593462,0.9842122920447984,train_speakers_only
JVS_JVSMuSiC,hubert_l6,6,89,54,0.0031827957123967744,0.0029372885979415584,0.9871495806427399,train_speakers_only
JVS_JVSMuSiC,hubert_l6,6,89,55,0.0031200044889963586,0.002879340818312952,0.9900289214610529,train_speakers_only
JVS_JVSMuSiC,hubert_l6,6,89,56,0.0029511862189540486,0.0027235444604794524,0.9927524659215323,train_speakers_only
JVS_JVSMuSiC,hubert_l6,6,89,57,0.002798802193169253,0.002582914680282515,0.9953353806018148,train_speakers_only
JVS_JVSMuSiC,hubert_l6,6,89,58,0.0027176075599978015,0.0025079830504265237,0.9978433636522414,train_speakers_only
JVS_JVSMuSiC,hubert_l6,6,89,59,0.0023368942791854295,0.0021566363477589483,1.0000000000000002,train_speakers_only
JVS_JVSMuSiC,hubert_l6,6,89,60,2.443356226711406e-18,2.254886280472104e-18,1.0000000000000002,train_speakers_only
JVS_JVSMuSiC,hubert_l6,6,97,1,0.18859897581757906,0.19439248026937714,0.19439248026937714,train_speakers_only
JVS_JVSMuSiC,hubert_l6,6,97,2,0.09101943415097946,0.09381542757919345,0.2882079078485706,train_speakers_only
JVS_JVSMuSiC,hubert_l6,6,97,3,0.07386170423508123,0.07613063549755657,0.36433854334612714,train_speakers_only
JVS_JVSMuSiC,hubert_l6,6,97,4,0.04649169407492688,0.04791985578909891,0.41225839913522605,train_speakers_only
JVS_JVSMuSiC,hubert_l6,6,97,5,0.040519929296533835,0.04176464650535407,0.4540230456405801,train_speakers_only
JVS_JVSMuSiC,hubert_l6,6,97,6,0.03430858340212985,0.03536249649902482,0.48938554213960495,train_speakers_only
JVS_JVSMuSiC,hubert_l6,6,97,7,0.032314356008538755,0.03330700914772408,0.522692551287329,train_speakers_only
JVS_JVSMuSiC,hubert_l6,6,97,8,0.029542473067211278,0.030449977726184404,0.5531425290135135,train_speakers_only
JVS_JVSMuSiC,hubert_l6,6,97,9,0.02701639299855992,0.027846299907810984,0.5809888289213244,train_speakers_only
JVS_JVSMuSiC,hubert_l6,6,97,10,0.02336202836218247,0.024079678151809385,0.6050685070731338,train_speakers_only
JVS_JVSMuSiC,hubert_l6,6,97,11,0.022271409283520463,0.022955556735926013,0.6280240638090597,train_speakers_only
JVS_JVSMuSiC,hubert_l6,6,97,12,0.01973896688968667,0.02034532115037951,0.6483693849594392,train_speakers_only
JVS_JVSMuSiC,hubert_l6,6,97,13,0.01932870254190364,0.01992245403890176,0.668291838998341,train_speakers_only
JVS_JVSMuSiC,hubert_l6,6,97,14,0.017118816948660756,0.017644683760883063,0.685936522759224,train_speakers_only
JVS_JVSMuSiC,hubert_l6,6,97,15,0.015594146637733734,0.016073177648247214,0.7020097004074712,train_speakers_only
JVS_JVSMuSiC,hubert_l6,6,97,16,0.014390676281396427,0.01483273831667119,0.7168424387241424,train_speakers_only
JVS_JVSMuSiC,hubert_l6,6,97,17,0.013822817435701767,0.01424743561829248,0.7310898743424349,train_speakers_only
JVS_JVSMuSiC,hubert_l6,6,97,18,0.013059206430206638,0.013460367519562352,0.7445502418619973,train_speakers_only
JVS_JVSMuSiC,hubert_l6,6,97,19,0.012242504485212689,0.012618577599760464,0.7571688194617577,train_speakers_only
JVS_JVSMuSiC,hubert_l6,6,97,20,0.011684072829437382,0.012042991681774909,0.7692118111435327,train_speakers_only
JVS_JVSMuSiC,hubert_l6,6,97,21,0.01133350418596893,0.011681654045591672,0.7808934651891243,train_speakers_only
JVS_JVSMuSiC,hubert_l6,6,97,22,0.010943328395650383,0.011279492584786872,0.7921729577739112,train_speakers_only
JVS_JVSMuSiC,hubert_l6,6,97,23,0.010743205650094581,0.011073222340220233,0.8032461801141314,train_speakers_only
JVS_JVSMuSiC,hubert_l6,6,97,24,0.00965249751351191,0.0099490091306778,0.8131951892448092,train_speakers_only
JVS_JVSMuSiC,hubert_l6,6,97,25,0.00934245864765272,0.009629446291839441,0.8228246355366486,train_speakers_only
JVS_JVSMuSiC,hubert_l6,6,97,26,0.008830587505659942,0.009101851163398558,0.8319264867000472,train_speakers_only
JVS_JVSMuSiC,hubert_l6,6,97,27,0.008688161885061477,0.008955050421125066,0.8408815371211723,train_speakers_only
JVS_JVSMuSiC,hubert_l6,6,97,28,0.008230963701309178,0.008483807729965235,0.8493653448511376,train_speakers_only
JVS_JVSMuSiC,hubert_l6,6,97,29,0.007968863116946718,0.008213655771539156,0.8575790006226768,train_speakers_only
JVS_JVSMuSiC,hubert_l6,6,97,30,0.007471763609092811,0.007701286041780525,0.8652802866644573,train_speakers_only
JVS_JVSMuSiC,hubert_l6,6,97,31,0.007251551219269411,0.007474309026352705,0.87275459569081,train_speakers_only
JVS_JVSMuSiC,hubert_l6,6,97,32,0.006975112836831632,0.007189378832162723,0.8799439745229728,train_speakers_only
JVS_JVSMuSiC,hubert_l6,6,97,33,0.006853507474471433,0.007064037918190208,0.887008012441163,train_speakers_only
JVS_JVSMuSiC,hubert_l6,6,97,34,0.006606639934853209,0.006809586942959025,0.8938175993841221,train_speakers_only
JVS_JVSMuSiC,hubert_l6,6,97,35,0.006440537565926527,0.0066383821347976695,0.9004559815189197,train_speakers_only
JVS_JVSMuSiC,hubert_l6,6,97,36,0.006263836852179248,0.006456253415053578,0.9069122349339733,train_speakers_only
JVS_JVSMuSiC,hubert_l6,6,97,37,0.006099181191415656,0.006286539755965698,0.913198774689939,train_speakers_only
JVS_JVSMuSiC,hubert_l6,6,97,38,0.005412645478323792,0.005578914597966332,0.9187776892879054,train_speakers_only
JVS_JVSMuSiC,hubert_l6,6,97,39,0.005301514752087142,0.005464370086716309,0.9242420593746217,train_speakers_only
JVS_JVSMuSiC,hubert_l6,6,97,40,0.005198591347761696,0.0053582850151624555,0.9296003443897841,train_speakers_only
JVS_JVSMuSiC,hubert_l6,6,97,41,0.00499749732032962,0.005151013652259138,0.9347513580420432,train_speakers_only
JVS_JVSMuSiC,hubert_l6,6,97,42,0.004904496775893671,0.005055156257377031,0.9398065142994203,train_speakers_only
JVS_JVSMuSiC,hubert_l6,6,97,43,0.0046697279085149215,0.004813175609168581,0.9446196899085889,train_speakers_only
JVS_JVSMuSiC,hubert_l6,6,97,44,0.004378439755962503,0.004512939480089499,0.9491326293886784,train_speakers_only
JVS_JVSMuSiC,hubert_l6,6,97,45,0.004282715674253822,0.004414274884567743,0.9535469042732461,train_speakers_only
JVS_JVSMuSiC,hubert_l6,6,97,46,0.0041576005232261196,0.004285316365985555,0.9578322206392316,train_speakers_only
JVS_JVSMuSiC,hubert_l6,6,97,47,0.0040489648655807,0.004173343568446007,0.9620055642076776,train_speakers_only
JVS_JVSMuSiC,hubert_l6,6,97,48,0.0038859762050422924,0.004005348117566726,0.9660109123252443,train_speakers_only
JVS_JVSMuSiC,hubert_l6,6,97,49,0.0036495880443877804,0.0037616984335918074,0.969772610758836,train_speakers_only
JVS_JVSMuSiC,hubert_l6,6,97,50,0.003586978693972237,0.003697165808944343,0.9734697765677803,train_speakers_only
JVS_JVSMuSiC,hubert_l6,6,97,51,0.0034470222705828744,0.0035529101142654676,0.9770226866820458,train_speakers_only
JVS_JVSMuSiC,hubert_l6,6,97,52,0.0031809275854345165,0.003278641361700657,0.9803013280437465,train_speakers_only
JVS_JVSMuSiC,hubert_l6,6,97,53,0.003001130384025152,0.0030933210343980027,0.9833946490781444,train_speakers_only
JVS_JVSMuSiC,hubert_l6,6,97,54,0.0029709543098452897,0.003062217992193309,0.9864568670703378,train_speakers_only
JVS_JVSMuSiC,hubert_l6,6,97,55,0.0028690533128806644,0.0029571867349661453,0.9894140538053039,train_speakers_only
JVS_JVSMuSiC,hubert_l6,6,97,56,0.0028385058758809236,0.0029257009221799945,0.9923397547274839,train_speakers_only
JVS_JVSMuSiC,hubert_l6,6,97,57,0.0026208451267932275,0.0027013539304265853,0.9950411086579105,train_speakers_only
JVS_JVSMuSiC,hubert_l6,6,97,58,0.0025211035392853297,0.002598548416782549,0.997639657074693,train_speakers_only
JVS_JVSMuSiC,hubert_l6,6,97,59,0.0022899973171504784,0.002360342925306641,0.9999999999999997,train_speakers_only
JVS_JVSMuSiC,hubert_l6,6,97,60,0.0,0.0,0.9999999999999997,train_speakers_only
GTSinger_same_text_control,wavlm_l12,12,13,1,0.19596259022441126,0.39807848373088933,0.39807848373088933,train_speakers_only
GTSinger_same_text_control,wavlm_l12,12,13,2,0.12986576569583155,0.2638093680918678,0.6618878518227571,train_speakers_only
GTSinger_same_text_control,wavlm_l12,12,13,3,0.04958721342594553,0.10073148507801981,0.7626193369007769,train_speakers_only
GTSinger_same_text_control,wavlm_l12,12,13,4,0.0355655437202049,0.07224785966030856,0.8348671965610854,train_speakers_only
GTSinger_same_text_control,wavlm_l12,12,13,5,0.027547877605393636,0.05596076952545378,0.8908279660865392,train_speakers_only
GTSinger_same_text_control,wavlm_l12,12,13,6,0.021585201455698456,0.043848186823159455,0.9346761529096987,train_speakers_only
GTSinger_same_text_control,wavlm_l12,12,13,7,0.015527438693551434,0.03154244513850739,0.9662185980482061,train_speakers_only
GTSinger_same_text_control,wavlm_l12,12,13,8,0.01133862082349787,0.023033278851073525,0.9892518768992796,train_speakers_only
GTSinger_same_text_control,wavlm_l12,12,13,9,0.005290991924828156,0.010748123100720255,0.9999999999999999,train_speakers_only
GTSinger_same_text_control,wavlm_l12,12,13,10,4.507060076470673e-18,9.15564363213837e-18,0.9999999999999999,train_speakers_only
GTSinger_same_text_control,wavlm_l12,12,17,1,0.15423272196267257,0.34615830580185736,0.34615830580185736,train_speakers_only
GTSinger_same_text_control,wavlm_l12,12,17,2,0.09562313495982938,0.21461556258579126,0.5607738683876486,train_speakers_only
GTSinger_same_text_control,wavlm_l12,12,17,3,0.06608042540983126,0.14831021469016953,0.7090840830778182,train_speakers_only
GTSinger_same_text_control,wavlm_l12,12,17,4,0.04140680892990228,0.09293300828409903,0.8020170913619172,train_speakers_only
GTSinger_same_text_control,wavlm_l12,12,17,5,0.0247910396995187,0.055640749850274354,0.8576578412121916,train_speakers_only
GTSinger_same_text_control,wavlm_l12,12,17,6,0.021357193282667195,0.04793386091701171,0.9055917021292033,train_speakers_only
GTSinger_same_text_control,wavlm_l12,12,17,7,0.01619501006546406,0.03634791097094066,0.941939613100144,train_speakers_only
GTSinger_same_text_control,wavlm_l12,12,17,8,0.015161414935387411,0.03402812088645408,0.9759677339865981,train_speakers_only
GTSinger_same_text_control,wavlm_l12,12,17,9,0.01070770725432095,0.02403226601340188,1.0,train_speakers_only
GTSinger_same_text_control,wavlm_l12,12,17,10,0.0,0.0,1.0,train_speakers_only
GTSinger_same_text_control,wavlm_l12,12,19,1,0.13886748904400528,0.289927335678497,0.289927335678497,train_speakers_only
GTSinger_same_text_control,wavlm_l12,12,19,2,0.09568211593660703,0.1997649783729496,0.4896923140514466,train_speakers_only
GTSinger_same_text_control,wavlm_l12,12,19,3,0.07446702610362305,0.15547214558825154,0.6451644596396982,train_speakers_only
GTSinger_same_text_control,wavlm_l12,12,19,4,0.05561639054722309,0.11611581690154579,0.761280276541244,train_speakers_only
GTSinger_same_text_control,wavlm_l12,12,19,5,0.03318260296382498,0.06927858877847606,0.83055886531972,train_speakers_only
GTSinger_same_text_control,wavlm_l12,12,19,6,0.029353888207206073,0.0612850038429286,0.8918438691626486,train_speakers_only
GTSinger_same_text_control,wavlm_l12,12,19,7,0.022250572730991767,0.046454712428571444,0.93829858159122,train_speakers_only
GTSinger_same_text_control,wavlm_l12,12,19,8,0.016153940798015527,0.03372617340832515,0.9720247549995452,train_speakers_only
GTSinger_same_text_control,wavlm_l12,12,19,9,0.013399398920121017,0.027975245000454767,1.0,train_speakers_only
GTSinger_same_text_control,wavlm_l12,12,19,10,5.551113018925318e-18,1.1589605448379868e-17,1.0,train_speakers_only
GTSinger_same_text_control,wavlm_l12,12,23,1,0.14880680985676076,0.3028031459938901,0.3028031459938901,train_speakers_only
GTSinger_same_text_control,wavlm_l12,12,23,2,0.11811453225102614,0.2403482205393342,0.5431513665332243,train_speakers_only
GTSinger_same_text_control,wavlm_l12,12,23,3,0.06557418108051263,0.13343521271819087,0.6765865792514152,train_speakers_only
GTSinger_same_text_control,wavlm_l12,12,23,4,0.05724330482837799,0.11648292713085523,0.7930695063822704,train_speakers_only
GTSinger_same_text_control,wavlm_l12,12,23,5,0.03883753844013159,0.07902950700744549,0.8720990133897158,train_speakers_only
GTSinger_same_text_control,wavlm_l12,12,23,6,0.019617349845249998,0.03991884010498173,0.9120178534946976,train_speakers_only
GTSinger_same_text_control,wavlm_l12,12,23,7,0.017489339727207905,0.035588607106436604,0.9476064606011342,train_speakers_only
GTSinger_same_text_control,wavlm_l12,12,23,8,0.014232739555666372,0.02896183526624843,0.9765682958673826,train_speakers_only
GTSinger_same_text_control,wavlm_l12,12,23,9,0.011515062467523436,0.023431704132617335,0.9999999999999999,train_speakers_only
GTSinger_same_text_control,wavlm_l12,12,23,10,1.4166124036095543e-17,2.882628106064802e-17,0.9999999999999999,train_speakers_only
GTSinger_same_text_control,wavlm_l12,12,29,1,0.10327936076910182,0.2971940005464883,0.2971940005464883,train_speakers_only
GTSinger_same_text_control,wavlm_l12,12,29,2,0.06894169637908844,0.19838483118780467,0.49557883173429296,train_speakers_only
GTSinger_same_text_control,wavlm_l12,12,29,3,0.05590769864731414,0.1608785385444953,0.6564573702787883,train_speakers_only
GTSinger_same_text_control,wavlm_l12,12,29,4,0.03555452445843156,0.10231077422092699,0.7587681444997152,train_speakers_only
GTSinger_same_text_control,wavlm_l12,12,29,5,0.022064921789346454,0.06349344466782451,0.8222615891675397,train_speakers_only
GTSinger_same_text_control,wavlm_l12,12,29,6,0.01935722962479245,0.05570186016691685,0.8779634493344565,train_speakers_only
GTSinger_same_text_control,wavlm_l12,12,29,7,0.016435692357772775,0.04729492056479849,0.9252583698992549,train_speakers_only
GTSinger_same_text_control,wavlm_l12,12,29,8,0.014051997043340104,0.040435660967288435,0.9656940308665434,train_speakers_only
GTSinger_same_text_control,wavlm_l12,12,29,9,0.01192183744003171,0.034305969133456536,0.9999999999999999,train_speakers_only
GTSinger_same_text_control,wavlm_l12,12,29,10,1.048062100067285e-18,3.0158762217410575e-18,0.9999999999999999,train_speakers_only
GTSinger_same_text_control,wavlm_l12,12,31,1,0.06775069843932552,0.2702640252766145,0.2702640252766145,train_speakers_only
GTSinger_same_text_control,wavlm_l12,12,31,2,0.05020230780157143,0.20026181422733322,0.47052583950394766,train_speakers_only
GTSinger_same_text_control,wavlm_l12,12,31,3,0.03477174288139609,0.13870781281207895,0.6092336523160267,train_speakers_only
GTSinger_same_text_control,wavlm_l12,12,31,4,0.029501929383457193,0.11768602202293323,0.7269196743389599,train_speakers_only
GTSinger_same_text_control,wavlm_l12,12,31,5,0.022734476017161487,0.09069000235407591,0.8176096766930357,train_speakers_only
GTSinger_same_text_control,wavlm_l12,12,31,6,0.01684975316513744,0.0672152792551013,0.884824955948137,train_speakers_only
GTSinger_same_text_control,wavlm_l12,12,31,7,0.013230607740618829,0.05277816151279778,0.9376031174609348,train_speakers_only
GTSinger_same_text_control,wavlm_l12,12,31,8,0.010487800653575817,0.041836841334890996,0.9794399587958258,train_speakers_only
GTSinger_same_text_control,wavlm_l12,12,31,9,0.00515406055281839,0.02056004120417417,1.0,train_speakers_only
GTSinger_same_text_control,wavlm_l12,12,31,10,0.0,0.0,1.0,train_speakers_only
GTSinger_same_text_control,wavlm_l12,12,37,1,0.1557247435078419,0.3455287542122952,0.3455287542122952,train_speakers_only
GTSinger_same_text_control,wavlm_l12,12,37,2,0.09015306382509175,0.20003549294872863,0.5455642471610238,train_speakers_only
GTSinger_same_text_control,wavlm_l12,12,37,3,0.06737172748965532,0.1494872847066759,0.6950515318676997,train_speakers_only
GTSinger_same_text_control,wavlm_l12,12,37,4,0.04448817435877394,0.09871227344543637,0.7937638053131362,train_speakers_only
GTSinger_same_text_control,wavlm_l12,12,37,5,0.02928234554661561,0.06497292690436526,0.8587367322175015,train_speakers_only
GTSinger_same_text_control,wavlm_l12,12,37,6,0.02246627640012726,0.04984913971577129,0.9085858719332728,train_speakers_only
GTSinger_same_text_control,wavlm_l12,12,37,7,0.016409662478676573,0.03641046442318161,0.9449963363564544,train_speakers_only
GTSinger_same_text_control,wavlm_l12,12,37,8,0.012853860869137491,0.028520698977472326,0.9735170353339268,train_speakers_only
GTSinger_same_text_control,wavlm_l12,12,37,9,0.011935483891501796,0.026482964666073475,1.0000000000000002,train_speakers_only
GTSinger_same_text_control,wavlm_l12,12,37,10,0.0,0.0,1.0000000000000002,train_speakers_only
GTSinger_same_text_control,wavlm_l12,12,41,1,0.14540831465994936,0.34502432260911603,0.34502432260911603,train_speakers_only
GTSinger_same_text_control,wavlm_l12,12,41,2,0.09687336244094039,0.22986076369303324,0.5748850863021493,train_speakers_only
GTSinger_same_text_control,wavlm_l12,12,41,3,0.05378864454261379,0.1276295010417963,0.7025145873439456,train_speakers_only
GTSinger_same_text_control,wavlm_l12,12,41,4,0.03657275785340072,0.08677970743163009,0.7892942947755757,train_speakers_only
GTSinger_same_text_control,wavlm_l12,12,41,5,0.028592001482046474,0.06784299760609963,0.8571372923816754,train_speakers_only
GTSinger_same_text_control,wavlm_l12,12,41,6,0.02361126784208691,0.056024730856758,0.9131620232384333,train_speakers_only
GTSinger_same_text_control,wavlm_l12,12,41,7,0.015471951448440506,0.03671179038436134,0.9498738136227947,train_speakers_only
GTSinger_same_text_control,wavlm_l12,12,41,8,0.011333446575768062,0.02689196100495085,0.9767657746277455,train_speakers_only
GTSinger_same_text_control,wavlm_l12,12,41,9,0.009791917069094483,0.023234225372254523,1.0,train_speakers_only
GTSinger_same_text_control,wavlm_l12,12,41,10,0.0,0.0,1.0,train_speakers_only
GTSinger_same_text_control,wavlm_l12,12,43,1,0.20665169480619164,0.34725285411031787,0.34725285411031787,train_speakers_only
GTSinger_same_text_control,wavlm_l12,12,43,2,0.1324558751965896,0.22257586974465834,0.5698287238549762,train_speakers_only
GTSinger_same_text_control,wavlm_l12,12,43,3,0.10810242280163204,0.1816528767853217,0.7514816006402979,train_speakers_only
GTSinger_same_text_control,wavlm_l12,12,43,4,0.05986808577052132,0.10060098308621253,0.8520825837265105,train_speakers_only
GTSinger_same_text_control,wavlm_l12,12,43,5,0.026734300872773495,0.04492371712422272,0.8970063008507332,train_speakers_only
GTSinger_same_text_control,wavlm_l12,12,43,6,0.022388070964424273,0.0376204102642943,0.9346267111150275,train_speakers_only
GTSinger_same_text_control,wavlm_l12,12,43,7,0.014802718632808545,0.024874155030064325,0.9595008661450918,train_speakers_only
GTSinger_same_text_control,wavlm_l12,12,43,8,0.013367710289844126,0.022462799327253112,0.9819636654723449,train_speakers_only
GTSinger_same_text_control,wavlm_l12,12,43,9,0.01073350169512869,0.01803633452765517,1.0,train_speakers_only
GTSinger_same_text_control,wavlm_l12,12,43,10,0.0,0.0,1.0,train_speakers_only
GTSinger_same_text_control,wavlm_l12,12,47,1,0.13908184384067723,0.3485108222936665,0.3485108222936665,train_speakers_only
GTSinger_same_text_control,wavlm_l12,12,47,2,0.09902074166413616,0.24812584553472639,0.5966366678283929,train_speakers_only
GTSinger_same_text_control,wavlm_l12,12,47,3,0.05764770212829337,0.14445342049884377,0.7410900883272367,train_speakers_only
GTSinger_same_text_control,wavlm_l12,12,47,4,0.03327663050846659,0.08338447018974846,0.8244745585169851,train_speakers_only
GTSinger_same_text_control,wavlm_l12,12,47,5,0.019097723357674654,0.04785501175081162,0.8723295702677968,train_speakers_only
GTSinger_same_text_control,wavlm_l12,12,47,6,0.01785718876061795,0.04474648427831684,0.9170760545461136,train_speakers_only
GTSinger_same_text_control,wavlm_l12,12,47,7,0.013029287399267543,0.03264874508437584,0.9497247996304895,train_speakers_only
GTSinger_same_text_control,wavlm_l12,12,47,8,0.011168848942331291,0.027986864578992573,0.9777116642094821,train_speakers_only
GTSinger_same_text_control,wavlm_l12,12,47,9,0.008894710406649325,0.022288335790517907,1.0,train_speakers_only
GTSinger_same_text_control,wavlm_l12,12,47,10,7.595438551788556e-18,1.9032624692531222e-17,1.0,train_speakers_only
GTSinger_same_text_control,wavlm_l12,12,53,1,0.13610856121706993,0.30462170897058133,0.30462170897058133,train_speakers_only
GTSinger_same_text_control,wavlm_l12,12,53,2,0.11537591233169871,0.25822040343568203,0.5628421124062634,train_speakers_only
GTSinger_same_text_control,wavlm_l12,12,53,3,0.06065133169299661,0.13574247017567542,0.6985845825819388,train_speakers_only
GTSinger_same_text_control,wavlm_l12,12,53,4,0.039323844540658286,0.08800986962285565,0.7865944522047944,train_speakers_only
GTSinger_same_text_control,wavlm_l12,12,53,5,0.026752442322680554,0.05987407865163599,0.8464685308564304,train_speakers_only
GTSinger_same_text_control,wavlm_l12,12,53,6,0.02257153675024968,0.050516881799871814,0.8969854126563022,train_speakers_only
GTSinger_same_text_control,wavlm_l12,12,53,7,0.02089372765728463,0.04676181254739267,0.9437472252036948,train_speakers_only
GTSinger_same_text_control,wavlm_l12,12,53,8,0.014976042583160067,0.03351756601131624,0.9772647912150111,train_speakers_only
GTSinger_same_text_control,wavlm_l12,12,53,9,0.010158358598774016,0.02273520878498899,1.0,train_speakers_only
GTSinger_same_text_control,wavlm_l12,12,53,10,1.2842148845017972e-17,2.874174330433912e-17,1.0,train_speakers_only
GTSinger_same_text_control,wavlm_l12,12,59,1,0.13381719440348364,0.2833777646055517,0.2833777646055517,train_speakers_only
GTSinger_same_text_control,wavlm_l12,12,59,2,0.11134217583146976,0.2357835779930146,0.5191613425985663,train_speakers_only
GTSinger_same_text_control,wavlm_l12,12,59,3,0.06319433499488308,0.13382338096693921,0.6529847235655055,train_speakers_only
GTSinger_same_text_control,wavlm_l12,12,59,4,0.06175127364636457,0.13076748444366548,0.783752208009171,train_speakers_only
GTSinger_same_text_control,wavlm_l12,12,59,5,0.02872458007735187,0.060828560394188276,0.8445807684033593,train_speakers_only
GTSinger_same_text_control,wavlm_l12,12,59,6,0.02400320161996795,0.05083034096450763,0.8954111093678669,train_speakers_only
GTSinger_same_text_control,wavlm_l12,12,59,7,0.01879387866578162,0.039798826662880024,0.935209936030747,train_speakers_only
GTSinger_same_text_control,wavlm_l12,12,59,8,0.015770759196710726,0.03339692262431702,0.968606858655064,train_speakers_only
GTSinger_same_text_control,wavlm_l12,12,59,9,0.014824529737323773,0.031393141344935975,1.0,train_speakers_only
GTSinger_same_text_control,wavlm_l12,12,59,10,0.0,0.0,1.0,train_speakers_only
GTSinger_same_text_control,wavlm_l12,12,61,1,0.15597274305000985,0.3279945169840888,0.3279945169840888,train_speakers_only
GTSinger_same_text_control,wavlm_l12,12,61,2,0.12002683586611312,0.2524039988346656,0.5803985158187543,train_speakers_only
GTSinger_same_text_control,wavlm_l12,12,61,3,0.06925713148963412,0.14564057120776935,0.7260390870265236,train_speakers_only
GTSinger_same_text_control,wavlm_l12,12,61,4,0.043910913219465955,0.09234010052083948,0.8183791875473632,train_speakers_only
GTSinger_same_text_control,wavlm_l12,12,61,5,0.0268018612932683,0.05636153713307106,0.8747407246804342,train_speakers_only
GTSinger_same_text_control,wavlm_l12,12,61,6,0.025228027941184325,0.05305192867177267,0.9277926533522068,train_speakers_only
GTSinger_same_text_control,wavlm_l12,12,61,7,0.013214953614329087,0.02778967813824528,0.9555823314904521,train_speakers_only
GTSinger_same_text_control,wavlm_l12,12,61,8,0.01225448588928419,0.02576991403462944,0.9813522455250816,train_speakers_only
GTSinger_same_text_control,wavlm_l12,12,61,9,0.008867652556878576,0.018647754474918336,0.9999999999999999,train_speakers_only
GTSinger_same_text_control,wavlm_l12,12,61,10,0.0,0.0,0.9999999999999999,train_speakers_only
GTSinger_same_text_control,wavlm_l12,12,67,1,0.17960724162179234,0.3322805899843566,0.3322805899843566,train_speakers_only
GTSinger_same_text_control,wavlm_l12,12,67,2,0.12108152335003822,0.2240056673197844,0.556286257304141,train_speakers_only
GTSinger_same_text_control,wavlm_l12,12,67,3,0.10940441410000111,0.2024025475575836,0.7586888048617246,train_speakers_only
GTSinger_same_text_control,wavlm_l12,12,67,4,0.04195768576621215,0.07762339900599877,0.8363122038677234,train_speakers_only
GTSinger_same_text_control,wavlm_l12,12,67,5,0.032018446039631034,0.05923540746109876,0.8955476113288222,train_speakers_only
GTSinger_same_text_control,wavlm_l12,12,67,6,0.017928223047672706,0.0331679306349807,0.9287155419638029,train_speakers_only
GTSinger_same_text_control,wavlm_l12,12,67,7,0.016179235657045293,0.02993223391815988,0.9586477758819628,train_speakers_only
GTSinger_same_text_control,wavlm_l12,12,67,8,0.01311320219922665,0.024259949231437407,0.9829077251134002,train_speakers_only
GTSinger_same_text_control,wavlm_l12,12,67,9,0.009238867505225533,0.017092274886599895,1.0,train_speakers_only
GTSinger_same_text_control,wavlm_l12,12,67,10,0.0,0.0,1.0,train_speakers_only
GTSinger_same_text_control,wavlm_l12,12,71,1,0.14311349759821562,0.2742016234488899,0.2742016234488899,train_speakers_only
GTSinger_same_text_control,wavlm_l12,12,71,2,0.13516859092449435,0.258979395324745,0.5331810187736349,train_speakers_only
GTSinger_same_text_control,wavlm_l12,12,71,3,0.08568587174035258,0.1641718323718124,0.6973528511454473,train_speakers_only
GTSinger_same_text_control,wavlm_l12,12,71,4,0.053606995780189994,0.10270956630808495,0.8000624174535322,train_speakers_only
GTSinger_same_text_control,wavlm_l12,12,71,5,0.03343595321324956,0.06406238968719374,0.8641248071407259,train_speakers_only
GTSinger_same_text_control,wavlm_l12,12,71,6,0.023181470554696538,0.04441507591321478,0.9085398830539407,train_speakers_only
GTSinger_same_text_control,wavlm_l12,12,71,7,0.020048694544417142,0.0384127610908073,0.946952644144748,train_speakers_only
GTSinger_same_text_control,wavlm_l12,12,71,8,0.01448926944243061,0.027761051685403017,0.974713695830151,train_speakers_only
GTSinger_same_text_control,wavlm_l12,12,71,9,0.013197629487244684,0.025286304169848985,1.0,train_speakers_only
GTSinger_same_text_control,wavlm_l12,12,71,10,1.6588199124256216e-17,3.178254466768912e-17,1.0,train_speakers_only
GTSinger_same_text_control,wavlm_l12,12,73,1,0.08733029246120627,0.30893976235648335,0.30893976235648335,train_speakers_only
GTSinger_same_text_control,wavlm_l12,12,73,2,0.0504297380471593,0.1784003104639769,0.4873400728204602,train_speakers_only
GTSinger_same_text_control,wavlm_l12,12,73,3,0.04038330767898816,0.14286004461805077,0.630200117438511,train_speakers_only
GTSinger_same_text_control,wavlm_l12,12,73,4,0.02991138562642912,0.10581455880600749,0.7360146762445186,train_speakers_only
GTSinger_same_text_control,wavlm_l12,12,73,5,0.021588816678874592,0.07637262748538234,0.8123873037299009,train_speakers_only
GTSinger_same_text_control,wavlm_l12,12,73,6,0.019967157202189844,0.07063584269707218,0.8830231464269731,train_speakers_only
GTSinger_same_text_control,wavlm_l12,12,73,7,0.012488964171336507,0.04418097677716218,0.9272041232041353,train_speakers_only
GTSinger_same_text_control,wavlm_l12,12,73,8,0.01142416948687652,0.04041415764138928,0.9676182808455245,train_speakers_only
GTSinger_same_text_control,wavlm_l12,12,73,9,0.009153580564012635,0.03238171915447547,1.0,train_speakers_only
GTSinger_same_text_control,wavlm_l12,12,73,10,9.245154607313884e-19,3.270567161562265e-18,1.0,train_speakers_only
GTSinger_same_text_control,wavlm_l12,12,79,1,0.14560151851593886,0.35395766088727076,0.35395766088727076,train_speakers_only
GTSinger_same_text_control,wavlm_l12,12,79,2,0.07545666113079735,0.18343533463421072,0.5373929955214815,train_speakers_only
GTSinger_same_text_control,wavlm_l12,12,79,3,0.058723830872445086,0.1427577818268081,0.6801507773482895,train_speakers_only
GTSinger_same_text_control,wavlm_l12,12,79,4,0.03878422073839309,0.09428453900633191,0.7744353163546215,train_speakers_only
GTSinger_same_text_control,wavlm_l12,12,79,5,0.03218973068112661,0.0782533169476218,0.8526886333022433,train_speakers_only
GTSinger_same_text_control,wavlm_l12,12,79,6,0.020621557253558978,0.05013105799802242,0.9028196913002657,train_speakers_only
GTSinger_same_text_control,wavlm_l12,12,79,7,0.015776467014336024,0.03835263133501088,0.9411723226352766,train_speakers_only
GTSinger_same_text_control,wavlm_l12,12,79,8,0.014158809183038409,0.03442010104330654,0.9755924236785831,train_speakers_only
GTSinger_same_text_control,wavlm_l12,12,79,9,0.010040127869484954,0.024407576321417022,1.0000000000000002,train_speakers_only
GTSinger_same_text_control,wavlm_l12,12,79,10,0.0,0.0,1.0000000000000002,train_speakers_only
GTSinger_same_text_control,wavlm_l12,12,83,1,0.17748795322176766,0.3279197501093077,0.3279197501093077,train_speakers_only
GTSinger_same_text_control,wavlm_l12,12,83,2,0.13230711242573379,0.244445408585678,0.5723651586949857,train_speakers_only
GTSinger_same_text_control,wavlm_l12,12,83,3,0.07664253837449081,0.14160173451379748,0.7139668932087833,train_speakers_only
GTSinger_same_text_control,wavlm_l12,12,83,4,0.04444077897281846,0.08210703245431492,0.7960739256630982,train_speakers_only
GTSinger_same_text_control,wavlm_l12,12,83,5,0.03565947202476,0.06588303568286925,0.8619569613459674,train_speakers_only
GTSinger_same_text_control,wavlm_l12,12,83,6,0.0256317301810817,0.047356174902459115,0.9093131362484266,train_speakers_only
GTSinger_same_text_control,wavlm_l12,12,83,7,0.022411594190559676,0.041406778505901506,0.950719914754328,train_speakers_only
GTSinger_same_text_control,wavlm_l12,12,83,8,0.013660848714096068,0.02523924590538374,0.9759591606597118,train_speakers_only
GTSinger_same_text_control,wavlm_l12,12,83,9,0.013012206086454882,0.024040839340288164,0.9999999999999999,train_speakers_only
GTSinger_same_text_control,wavlm_l12,12,83,10,0.0,0.0,0.9999999999999999,train_speakers_only
GTSinger_same_text_control,wavlm_l12,12,89,1,0.1308490988387114,0.26973907308616424,0.26973907308616424,train_speakers_only
GTSinger_same_text_control,wavlm_l12,12,89,2,0.12239758971525494,0.2523166967964319,0.5220557698825962,train_speakers_only
GTSinger_same_text_control,wavlm_l12,12,89,3,0.07451680724221554,0.15361278521017238,0.6756685550927686,train_speakers_only
GTSinger_same_text_control,wavlm_l12,12,89,4,0.05259666988658194,0.10842548484123207,0.7840940399340006,train_speakers_only
GTSinger_same_text_control,wavlm_l12,12,89,5,0.034535554728874734,0.07119337163006255,0.8552874115640632,train_speakers_only
GTSinger_same_text_control,wavlm_l12,12,89,6,0.0220272999741514,0.045408210911275095,0.9006956224753383,train_speakers_only
GTSinger_same_text_control,wavlm_l12,12,89,7,0.020150788455674525,0.041539873397897324,0.9422354958732356,train_speakers_only
GTSinger_same_text_control,wavlm_l12,12,89,8,0.014966169999266933,0.03085203382430859,0.9730875296975442,train_speakers_only
GTSinger_same_text_control,wavlm_l12,12,89,9,0.013055107094088003,0.026912470302455655,0.9999999999999999,train_speakers_only
GTSinger_same_text_control,wavlm_l12,12,89,10,0.0,0.0,0.9999999999999999,train_speakers_only
GTSinger_same_text_control,wavlm_l12,12,97,1,0.1503350192604012,0.3498078759751855,0.3498078759751855,train_speakers_only
GTSinger_same_text_control,wavlm_l12,12,97,2,0.1086537304047694,0.25282153710199606,0.6026294130771815,train_speakers_only
GTSinger_same_text_control,wavlm_l12,12,97,3,0.0568996358444417,0.13239723423342423,0.7350266473106057,train_speakers_only
GTSinger_same_text_control,wavlm_l12,12,97,4,0.03164369789579765,0.07363031450281056,0.8086569618134163,train_speakers_only
GTSinger_same_text_control,wavlm_l12,12,97,5,0.025650082420937925,0.05968403698884652,0.8683409988022628,train_speakers_only
GTSinger_same_text_control,wavlm_l12,12,97,6,0.018584272726620398,0.0432429183900402,0.911583917192303,train_speakers_only
GTSinger_same_text_control,wavlm_l12,12,97,7,0.0177311265016059,0.04125777034977132,0.9528416875420743,train_speakers_only
GTSinger_same_text_control,wavlm_l12,12,97,8,0.010847144434233926,0.025239738376345744,0.9780814259184201,train_speakers_only
GTSinger_same_text_control,wavlm_l12,12,97,9,0.009419825804461289,0.021918574081579913,1.0,train_speakers_only
GTSinger_same_text_control,wavlm_l12,12,97,10,1.0605065446932784e-17,2.4676455537905043e-17,1.0,train_speakers_only
GTSinger_same_text_control,wavlm_l12,12,101,1,0.18649968017578517,0.3940536910444222,0.3940536910444222,train_speakers_only
GTSinger_same_text_control,wavlm_l12,12,101,2,0.11692045978901588,0.24704030964045964,0.6410940006848819,train_speakers_only
GTSinger_same_text_control,wavlm_l12,12,101,3,0.04861380134914281,0.10271571425363378,0.7438097149385157,train_speakers_only
GTSinger_same_text_control,wavlm_l12,12,101,4,0.04001299183099937,0.08454313222346649,0.8283528471619821,train_speakers_only
GTSinger_same_text_control,wavlm_l12,12,101,5,0.027894960995317734,0.058939041243312236,0.8872918884052944,train_speakers_only
GTSinger_same_text_control,wavlm_l12,12,101,6,0.021350827065637453,0.0451119927076313,0.9324038811129257,train_speakers_only
GTSinger_same_text_control,wavlm_l12,12,101,7,0.012783994794628774,0.027011200932719994,0.9594150820456457,train_speakers_only
GTSinger_same_text_control,wavlm_l12,12,101,8,0.011236561276175035,0.023741640958044367,0.9831567230036901,train_speakers_only
GTSinger_same_text_control,wavlm_l12,12,101,9,0.007971669456002804,0.016843276996310063,1.0000000000000002,train_speakers_only
GTSinger_same_text_control,wavlm_l12,12,101,10,0.0,0.0,1.0000000000000002,train_speakers_only
GTSinger_same_text_control,wavlm_l12,12,103,1,0.16472514158082077,0.28136703079461,0.28136703079461,train_speakers_only
GTSinger_same_text_control,wavlm_l12,12,103,2,0.1386801973248556,0.23687965890841528,0.5182466897030253,train_speakers_only
GTSinger_same_text_control,wavlm_l12,12,103,3,0.11686840071441915,0.19962292693855185,0.7178696166415772,train_speakers_only
GTSinger_same_text_control,wavlm_l12,12,103,4,0.0732102887674717,0.12505050155936775,0.8429201182009449,train_speakers_only
GTSinger_same_text_control,wavlm_l12,12,103,5,0.03644661192341262,0.06225446146836418,0.9051745796693091,train_speakers_only
GTSinger_same_text_control,wavlm_l12,12,103,6,0.018543484019320856,0.031674126906387774,0.936848706575697,train_speakers_only
GTSinger_same_text_control,wavlm_l12,12,103,7,0.013821726154825093,0.02360889182621373,0.9604575984019107,train_speakers_only
GTSinger_same_text_control,wavlm_l12,12,103,8,0.013122557723510269,0.02241464215881941,0.9828722405607301,train_speakers_only
GTSinger_same_text_control,wavlm_l12,12,103,9,0.010027374531508357,0.01712775943927006,1.0000000000000002,train_speakers_only
GTSinger_same_text_control,wavlm_l12,12,103,10,8.336304719431398e-18,1.4239242924278686e-17,1.0000000000000002,train_speakers_only
GTSinger_same_text_control,wavlm_l12,12,107,1,0.14432264879632278,0.364603367897095,0.364603367897095,train_speakers_only
GTSinger_same_text_control,wavlm_l12,12,107,2,0.07230501203570344,0.18266468308284792,0.5472680509799429,train_speakers_only
GTSinger_same_text_control,wavlm_l12,12,107,3,0.061525056480846815,0.15543120217141757,0.7026992531513605,train_speakers_only
GTSinger_same_text_control,wavlm_l12,12,107,4,0.035838130978279724,0.09053813356944795,0.7932373867208085,train_speakers_only
GTSinger_same_text_control,wavlm_l12,12,107,5,0.02586652533098653,0.06534679296790667,0.8585841796887151,train_speakers_only
GTSinger_same_text_control,wavlm_l12,12,107,6,0.024639617104517272,0.06224724570209497,0.9208314253908101,train_speakers_only
GTSinger_same_text_control,wavlm_l12,12,107,7,0.01539612465723856,0.03889534282671586,0.9597267682175259,train_speakers_only
GTSinger_same_text_control,wavlm_l12,12,107,8,0.010706502506111784,0.027047915934775343,0.9867746841523012,train_speakers_only
GTSinger_same_text_control,wavlm_l12,12,107,9,0.005235038352269373,0.013225315847698775,1.0,train_speakers_only
GTSinger_same_text_control,wavlm_l12,12,107,10,0.0,0.0,1.0,train_speakers_only
GTSinger_same_text_control,wavlm_l12,12,109,1,0.1453538082028234,0.29574588285120923,0.29574588285120923,train_speakers_only
GTSinger_same_text_control,wavlm_l12,12,109,2,0.1152106552969327,0.23441475243024185,0.5301606352814511,train_speakers_only
GTSinger_same_text_control,wavlm_l12,12,109,3,0.06485275955337216,0.1319534511451258,0.6621140864265769,train_speakers_only
GTSinger_same_text_control,wavlm_l12,12,109,4,0.04898288586000163,0.09966362080484387,0.7617777072314207,train_speakers_only
GTSinger_same_text_control,wavlm_l12,12,109,5,0.039352683446774395,0.08006941305789876,0.8418471202893194,train_speakers_only
GTSinger_same_text_control,wavlm_l12,12,109,6,0.02719010056267887,0.05532266677527906,0.8971697870645985,train_speakers_only
GTSinger_same_text_control,wavlm_l12,12,109,7,0.02253165537994353,0.04584430497439943,0.9430140920389979,train_speakers_only
GTSinger_same_text_control,wavlm_l12,12,109,8,0.016649389697633674,0.03387588200090139,0.9768899740398993,train_speakers_only
GTSinger_same_text_control,wavlm_l12,12,109,9,0.011358164139369298,0.023110025960100502,0.9999999999999998,train_speakers_only
GTSinger_same_text_control,wavlm_l12,12,109,10,0.0,0.0,0.9999999999999998,train_speakers_only
GTSinger_same_text_control,wavlm_l12,12,113,1,0.15112863770009569,0.3506427847813449,0.3506427847813449,train_speakers_only
GTSinger_same_text_control,wavlm_l12,12,113,2,0.10926685191851804,0.2535166982516626,0.6041594830330075,train_speakers_only
GTSinger_same_text_control,wavlm_l12,12,113,3,0.04963261509612525,0.1151556623425777,0.7193151453755852,train_speakers_only
GTSinger_same_text_control,wavlm_l12,12,113,4,0.037020927245110115,0.08589451491101976,0.8052096602866049,train_speakers_only
GTSinger_same_text_control,wavlm_l12,12,113,5,0.029792316271799388,0.06912297299576398,0.8743326332823689,train_speakers_only
GTSinger_same_text_control,wavlm_l12,12,113,6,0.022505813391438968,0.05221711253034372,0.9265497458127125,train_speakers_only
GTSinger_same_text_control,wavlm_l12,12,113,7,0.01325569670005475,0.030755351704736093,0.9573050975174486,train_speakers_only
GTSinger_same_text_control,wavlm_l12,12,113,8,0.013084918817085645,0.030359119505633095,0.9876642170230817,train_speakers_only
GTSinger_same_text_control,wavlm_l12,12,113,9,0.005316778662444844,0.012335782976918305,1.0,train_speakers_only
GTSinger_same_text_control,wavlm_l12,12,113,10,0.0,0.0,1.0,train_speakers_only
GTSinger_same_text_control,wavlm_l12,12,127,1,0.11391196664659968,0.3098344404091978,0.3098344404091978,train_speakers_only
GTSinger_same_text_control,wavlm_l12,12,127,2,0.06940721679568945,0.18878390751490234,0.4986183479241001,train_speakers_only
GTSinger_same_text_control,wavlm_l12,12,127,3,0.06294710157895457,0.17121274056836325,0.6698310884924633,train_speakers_only
GTSinger_same_text_control,wavlm_l12,12,127,4,0.043979095053372094,0.11962078003480076,0.789451868527264,train_speakers_only
GTSinger_same_text_control,wavlm_l12,12,127,5,0.025241485827414742,0.06865548780047503,0.858107356327739,train_speakers_only
GTSinger_same_text_control,wavlm_l12,12,127,6,0.018719464836773322,0.05091594046879225,0.9090232967965313,train_speakers_only
GTSinger_same_text_control,wavlm_l12,12,127,7,0.015213173370205042,0.04137901571508238,0.9504023125116137,train_speakers_only
GTSinger_same_text_control,wavlm_l12,12,127,8,0.013272645592331945,0.036100884225867484,0.9865031967374811,train_speakers_only
GTSinger_same_text_control,wavlm_l12,12,127,9,0.004962157857742454,0.013496803262518604,0.9999999999999997,train_speakers_only
GTSinger_same_text_control,wavlm_l12,12,127,10,1.1305913434012447e-17,3.0751478227126573e-17,0.9999999999999997,train_speakers_only
GTSinger_same_text_control,wavlm_l12,12,131,1,0.07792842536155481,0.26633151032267977,0.26633151032267977,train_speakers_only
GTSinger_same_text_control,wavlm_l12,12,131,2,0.06327219084013944,0.21624173810385516,0.48257324842653493,train_speakers_only
GTSinger_same_text_control,wavlm_l12,12,131,3,0.04565962374653434,0.15604827759267276,0.6386215260192076,train_speakers_only
GTSinger_same_text_control,wavlm_l12,12,131,4,0.028956663160826186,0.09896352707946043,0.7375850530986681,train_speakers_only
GTSinger_same_text_control,wavlm_l12,12,131,5,0.023281302124948583,0.07956717113746718,0.8171522242361352,train_speakers_only
GTSinger_same_text_control,wavlm_l12,12,131,6,0.01706588490960096,0.058325096162014485,0.8754773203981497,train_speakers_only
GTSinger_same_text_control,wavlm_l12,12,131,7,0.014907582352694126,0.05094878928750292,0.9264261096856526,train_speakers_only
GTSinger_same_text_control,wavlm_l12,12,131,8,0.011795239898289444,0.04031191496754608,0.9667380246531987,train_speakers_only
GTSinger_same_text_control,wavlm_l12,12,131,9,0.00973243218592729,0.03326197534680122,0.9999999999999999,train_speakers_only
GTSinger_same_text_control,wavlm_l12,12,131,10,8.315172080141258e-18,2.8418286760219156e-17,0.9999999999999999,train_speakers_only
GTSinger_same_text_control,wavlm_l12,12,137,1,0.14809030853453053,0.2945411127635006,0.2945411127635006,train_speakers_only
GTSinger_same_text_control,wavlm_l12,12,137,2,0.12205491587036682,0.2427585646519921,0.5372996774154927,train_speakers_only
GTSinger_same_text_control,wavlm_l12,12,137,3,0.07201386447968422,0.14323046516781546,0.6805301425833081,train_speakers_only
GTSinger_same_text_control,wavlm_l12,12,137,4,0.05576735692817203,0.11091731476589549,0.7914474573492036,train_speakers_only
GTSinger_same_text_control,wavlm_l12,12,137,5,0.032777828931197156,0.06519277529302554,0.8566402326422292,train_speakers_only
GTSinger_same_text_control,wavlm_l12,12,137,6,0.02510534892787954,0.04993275713116224,0.9065729897733914,train_speakers_only
GTSinger_same_text_control,wavlm_l12,12,137,7,0.022377976018170393,0.04450820599276383,0.9510811957661552,train_speakers_only
GTSinger_same_text_control,wavlm_l12,12,137,8,0.014522332570145402,0.028883888739652926,0.9799650845058082,train_speakers_only
GTSinger_same_text_control,wavlm_l12,12,137,9,0.010073217925880642,0.020034915494191903,1.0000000000000002,train_speakers_only
GTSinger_same_text_control,wavlm_l12,12,137,10,0.0,0.0,1.0000000000000002,train_speakers_only
GTSinger_same_text_control,wavlm_l12,12,139,1,0.11800455858097036,0.323839358951049,0.323839358951049,train_speakers_only
GTSinger_same_text_control,wavlm_l12,12,139,2,0.07588005161127097,0.20823727122461508,0.5320766301756641,train_speakers_only
GTSinger_same_text_control,wavlm_l12,12,139,3,0.06464770322425512,0.1774123900089444,0.7094890201846085,train_speakers_only
GTSinger_same_text_control,wavlm_l12,12,139,4,0.027772906721408676,0.07621705819692502,0.7857060783815335,train_speakers_only
GTSinger_same_text_control,wavlm_l12,12,139,5,0.021534929857985247,0.05909820742628806,0.8448042858078215,train_speakers_only
GTSinger_same_text_control,wavlm_l12,12,139,6,0.019387770811242933,0.053205768883027346,0.8980100546908488,train_speakers_only
GTSinger_same_text_control,wavlm_l12,12,139,7,0.014950584679274967,0.041028819705788415,0.9390388743966372,train_speakers_only
GTSinger_same_text_control,wavlm_l12,12,139,8,0.01239946703120362,0.034027799459665824,0.9730666738563031,train_speakers_only
GTSinger_same_text_control,wavlm_l12,12,139,9,0.009814295807029045,0.026933326143696836,0.9999999999999999,train_speakers_only
GTSinger_same_text_control,wavlm_l12,12,139,10,0.0,0.0,0.9999999999999999,train_speakers_only
GTSinger_same_text_control,wavlm_l12,12,149,1,0.15738274404601374,0.38387033454316577,0.38387033454316577,train_speakers_only
GTSinger_same_text_control,wavlm_l12,12,149,2,0.07507330236309448,0.18311037762154994,0.5669807121647157,train_speakers_only
GTSinger_same_text_control,wavlm_l12,12,149,3,0.04960630649021133,0.1209941381011939,0.6879748502659095,train_speakers_only
GTSinger_same_text_control,wavlm_l12,12,149,4,0.03731646828433115,0.09101814338735603,0.7789929936532656,train_speakers_only
GTSinger_same_text_control,wavlm_l12,12,149,5,0.028361163310786433,0.06917536807568897,0.8481683617289546,train_speakers_only
GTSinger_same_text_control,wavlm_l12,12,149,6,0.022727719693876464,0.05543490434847729,0.9036032660774319,train_speakers_only
GTSinger_same_text_control,wavlm_l12,12,149,7,0.016635403830837878,0.04057521091344919,0.9441784769908811,train_speakers_only
GTSinger_same_text_control,wavlm_l12,12,149,8,0.01207218500757725,0.029445119448233723,0.9736235964391148,train_speakers_only
GTSinger_same_text_control,wavlm_l12,12,149,9,0.010814044214740871,0.026376403560885223,1.0,train_speakers_only
GTSinger_same_text_control,wavlm_l12,12,149,10,0.0,0.0,1.0,train_speakers_only
GTSinger_same_text_control,wavlm_l12,12,151,1,0.11376458964631324,0.3140702763483125,0.3140702763483125,train_speakers_only
GTSinger_same_text_control,wavlm_l12,12,151,2,0.07327981420374402,0.20230382379328282,0.5163741001415953,train_speakers_only
GTSinger_same_text_control,wavlm_l12,12,151,3,0.05636435719829591,0.1556052660718007,0.671979366213396,train_speakers_only
GTSinger_same_text_control,wavlm_l12,12,151,4,0.03780370679439141,0.10436481753081117,0.7763441837442072,train_speakers_only
GTSinger_same_text_control,wavlm_l12,12,151,5,0.023844755797597275,0.06582829565941388,0.842172479403621,train_speakers_only
GTSinger_same_text_control,wavlm_l12,12,151,6,0.01908020389424394,0.05267478156848028,0.8948472609721013,train_speakers_only
GTSinger_same_text_control,wavlm_l12,12,151,7,0.01453745220759211,0.04013359206439859,0.9349808530364999,train_speakers_only
GTSinger_same_text_control,wavlm_l12,12,151,8,0.014042210240037881,0.03876637593772329,0.9737472289742232,train_speakers_only
GTSinger_same_text_control,wavlm_l12,12,151,9,0.009509450424763777,0.026252771025776958,1.0000000000000002,train_speakers_only
GTSinger_same_text_control,wavlm_l12,12,151,10,0.0,0.0,1.0000000000000002,train_speakers_only
GTSinger_same_text_control,wavlm_l12,12,157,1,0.11958091212259585,0.31947403253366563,0.31947403253366563,train_speakers_only
GTSinger_same_text_control,wavlm_l12,12,157,2,0.08129999674983186,0.21720220514804742,0.536676237681713,train_speakers_only
GTSinger_same_text_control,wavlm_l12,12,157,3,0.050449780206953614,0.1347823363868376,0.6714585740685506,train_speakers_only
GTSinger_same_text_control,wavlm_l12,12,157,4,0.038730924717955945,0.10347407862818206,0.7749326526967326,train_speakers_only
GTSinger_same_text_control,wavlm_l12,12,157,5,0.02668017317865979,0.07127912275283924,0.8462117754495718,train_speakers_only
GTSinger_same_text_control,wavlm_l12,12,157,6,0.021642264038430267,0.057819774433792485,0.9040315498833643,train_speakers_only
GTSinger_same_text_control,wavlm_l12,12,157,7,0.015049253498612794,0.0402057955277523,0.9442373454111166,train_speakers_only
GTSinger_same_text_control,wavlm_l12,12,157,8,0.012612783226891432,0.03369648757016451,0.9779338329812811,train_speakers_only
GTSinger_same_text_control,wavlm_l12,12,157,9,0.008259489380783603,0.022066167018718726,0.9999999999999999,train_speakers_only
GTSinger_same_text_control,wavlm_l12,12,157,10,0.0,0.0,0.9999999999999999,train_speakers_only
GTSinger_same_text_control,wavlm_l12,12,163,1,0.18538417944527563,0.29914592678815805,0.29914592678815805,train_speakers_only
GTSinger_same_text_control,wavlm_l12,12,163,2,0.14126047237615713,0.2279455294078786,0.5270914561960367,train_speakers_only
GTSinger_same_text_control,wavlm_l12,12,163,3,0.12836008446560312,0.2071287665698792,0.7342202227659159,train_speakers_only
GTSinger_same_text_control,wavlm_l12,12,163,4,0.05691777420133158,0.09184559526668046,0.8260658180325964,train_speakers_only
GTSinger_same_text_control,wavlm_l12,12,163,5,0.03764022591979881,0.060738301946729654,0.8868041199793261,train_speakers_only
GTSinger_same_text_control,wavlm_l12,12,163,6,0.021834453621754447,0.035233253906226156,0.9220373738855522,train_speakers_only
GTSinger_same_text_control,wavlm_l12,12,163,7,0.020528720552723992,0.03312625248764844,0.9551636263732006,train_speakers_only
GTSinger_same_text_control,wavlm_l12,12,163,8,0.016208986224400358,0.026155695814518442,0.9813193221877191,train_speakers_only
GTSinger_same_text_control,wavlm_l12,12,163,9,0.011576631394896864,0.01868067781228116,1.0000000000000002,train_speakers_only
GTSinger_same_text_control,wavlm_l12,12,163,10,1.6088355570604346e-17,2.596103967483678e-17,1.0000000000000002,train_speakers_only
GTSinger_same_text_control,wavlm_l12,12,167,1,0.15097725074566343,0.3629687096017628,0.3629687096017628,train_speakers_only
GTSinger_same_text_control,wavlm_l12,12,167,2,0.07495759496465358,0.18020768946843063,0.5431763990701934,train_speakers_only
GTSinger_same_text_control,wavlm_l12,12,167,3,0.06261918458368829,0.15054456557130533,0.6937209646414988,train_speakers_only
GTSinger_same_text_control,wavlm_l12,12,167,4,0.042547079958242945,0.1022886470212801,0.7960096116627788,train_speakers_only
GTSinger_same_text_control,wavlm_l12,12,167,5,0.0344403019638904,0.08279891109679263,0.8788085227595714,train_speakers_only
GTSinger_same_text_control,wavlm_l12,12,167,6,0.019467749589341964,0.04680297139068592,0.9256114941502573,train_speakers_only
GTSinger_same_text_control,wavlm_l12,12,167,7,0.013447854266868961,0.032330369549388484,0.9579418636996458,train_speakers_only
GTSinger_same_text_control,wavlm_l12,12,167,8,0.011812264391364062,0.02839820133452401,0.9863400650341698,train_speakers_only
GTSinger_same_text_control,wavlm_l12,12,167,9,0.005681865604250874,0.013659934965830057,0.9999999999999999,train_speakers_only
GTSinger_same_text_control,wavlm_l12,12,167,10,1.42262791485388e-17,3.4201802983406834e-17,0.9999999999999999,train_speakers_only
GTSinger_same_text_control,wavlm_l12,12,173,1,0.18258095505932265,0.35851488541470017,0.35851488541470017,train_speakers_only
GTSinger_same_text_control,wavlm_l12,12,173,2,0.11366906739111975,0.22319990963834274,0.5817147950530429,train_speakers_only
GTSinger_same_text_control,wavlm_l12,12,173,3,0.08316637046914835,0.16330499404724627,0.7450197891002892,train_speakers_only
GTSinger_same_text_control,wavlm_l12,12,173,4,0.04132325990740095,0.08114210918575905,0.8261618982860482,train_speakers_only
GTSinger_same_text_control,wavlm_l12,12,173,5,0.0255397133473672,0.05014963034496469,0.8763115286310129,train_speakers_only
GTSinger_same_text_control,wavlm_l12,12,173,6,0.022394763507892948,0.04397422540764387,0.9202857540386568,train_speakers_only
GTSinger_same_text_control,wavlm_l12,12,173,7,0.016624200772279704,0.03264318248882173,0.9529289365274785,train_speakers_only
GTSinger_same_text_control,wavlm_l12,12,173,8,0.013171147756059999,0.025862787972654032,0.9787917245001325,train_speakers_only
GTSinger_same_text_control,wavlm_l12,12,173,9,0.010800743158677892,0.021208275499867334,0.9999999999999999,train_speakers_only
GTSinger_same_text_control,wavlm_l12,12,173,10,0.0,0.0,0.9999999999999999,train_speakers_only
GTSinger_same_text_control,wavlm_l12,12,179,1,0.1526156829196501,0.32148089631680105,0.32148089631680105,train_speakers_only
GTSinger_same_text_control,wavlm_l12,12,179,2,0.11244080782886307,0.2368535853712966,0.5583344816880976,train_speakers_only
GTSinger_same_text_control,wavlm_l12,12,179,3,0.06618294476191927,0.13941262127135998,0.6977471029594576,train_speakers_only
GTSinger_same_text_control,wavlm_l12,12,179,4,0.05072282663355783,0.10684629166494618,0.8045933946244038,train_speakers_only
GTSinger_same_text_control,wavlm_l12,12,179,5,0.03184583132503935,0.06708240072363582,0.8716757953480396,train_speakers_only
GTSinger_same_text_control,wavlm_l12,12,179,6,0.021655000564337046,0.045615685478596076,0.9172914808266357,train_speakers_only
GTSinger_same_text_control,wavlm_l12,12,179,7,0.019209977887889283,0.04046530993067048,0.9577567907573061,train_speakers_only
GTSinger_same_text_control,wavlm_l12,12,179,8,0.011879158716413636,0.02502313339352419,0.9827799241508304,train_speakers_only
GTSinger_same_text_control,wavlm_l12,12,179,9,0.008174836096821732,0.017220075849169587,1.0,train_speakers_only
GTSinger_same_text_control,wavlm_l12,12,179,10,7.812734126489643e-18,1.6457317633542903e-17,1.0,train_speakers_only
GTSinger_same_text_control,wavlm_l12,12,181,1,0.17655985009344619,0.3218534271769238,0.3218534271769238,train_speakers_only
GTSinger_same_text_control,wavlm_l12,12,181,2,0.13009941443290163,0.23716004735379323,0.559013474530717,train_speakers_only
GTSinger_same_text_control,wavlm_l12,12,181,3,0.1015872081490532,0.18518474660464132,0.7441982211353584,train_speakers_only
GTSinger_same_text_control,wavlm_l12,12,181,4,0.04505757196714179,0.0821360799197562,0.8263343010551146,train_speakers_only
GTSinger_same_text_control,wavlm_l12,12,181,5,0.02847348544720261,0.051904715992928896,0.8782390170480435,train_speakers_only
GTSinger_same_text_control,wavlm_l12,12,181,6,0.02406456926173432,0.04386764083865262,0.9221066578866961,train_speakers_only
GTSinger_same_text_control,wavlm_l12,12,181,7,0.01701376033340047,0.031014622348022748,0.9531212802347189,train_speakers_only
GTSinger_same_text_control,wavlm_l12,12,181,8,0.014128410048812292,0.025754876844109407,0.9788761570788282,train_speakers_only
GTSinger_same_text_control,wavlm_l12,12,181,9,0.011587953473956403,0.02112384292117186,1.0,train_speakers_only
GTSinger_same_text_control,wavlm_l12,12,181,10,8.890457814381084e-18,1.620654024805739e-17,1.0,train_speakers_only
GTSinger_same_text_control,wavlm_l12,12,191,1,0.14580067488651396,0.31550115520821315,0.31550115520821315,train_speakers_only
GTSinger_same_text_control,wavlm_l12,12,191,2,0.09472268627266697,0.20497241845219913,0.5204735736604122,train_speakers_only
GTSinger_same_text_control,wavlm_l12,12,191,3,0.07843268621180495,0.1697221437772414,0.6901957174376536,train_speakers_only
GTSinger_same_text_control,wavlm_l12,12,191,4,0.04074672284287362,0.08817269287595467,0.7783684103136083,train_speakers_only
GTSinger_same_text_control,wavlm_l12,12,191,5,0.03166675519712936,0.06852435939796958,0.8468927697115778,train_speakers_only
GTSinger_same_text_control,wavlm_l12,12,191,6,0.023798446284777106,0.051497959806098864,0.8983907295176766,train_speakers_only
GTSinger_same_text_control,wavlm_l12,12,191,7,0.018079547943724628,0.03912271507883812,0.9375134445965148,train_speakers_only
GTSinger_same_text_control,wavlm_l12,12,191,8,0.01782602666257397,0.03857411503199226,0.976087559628507,train_speakers_only
GTSinger_same_text_control,wavlm_l12,12,191,9,0.011050514037092271,0.023912440371492892,0.9999999999999999,train_speakers_only
GTSinger_same_text_control,wavlm_l12,12,191,10,0.0,0.0,0.9999999999999999,train_speakers_only
GTSinger_same_text_control,wavlm_l12,12,193,1,0.18915889953278414,0.4822919546394203,0.4822919546394203,train_speakers_only
GTSinger_same_text_control,wavlm_l12,12,193,2,0.04917399828899116,0.12537725589867196,0.6076692105380923,train_speakers_only
GTSinger_same_text_control,wavlm_l12,12,193,3,0.04502354904344247,0.11479499789118944,0.7224642084292817,train_speakers_only
GTSinger_same_text_control,wavlm_l12,12,193,4,0.03264565732248874,0.08323551215111079,0.8056997205803925,train_speakers_only
GTSinger_same_text_control,wavlm_l12,12,193,5,0.026677624414323385,0.06801902345435458,0.8737187440347471,train_speakers_only
GTSinger_same_text_control,wavlm_l12,12,193,6,0.0184238756307488,0.04697472343059067,0.9206934674653378,train_speakers_only
GTSinger_same_text_control,wavlm_l12,12,193,7,0.015969746950621574,0.04071751575493445,0.9614109832202722,train_speakers_only
GTSinger_same_text_control,wavlm_l12,12,193,8,0.010230958838181942,0.026085524646684836,0.987496507866957,train_speakers_only
GTSinger_same_text_control,wavlm_l12,12,193,9,0.004903973183569898,0.012503492133042943,0.9999999999999999,train_speakers_only
GTSinger_same_text_control,wavlm_l12,12,193,10,4.520993526328647e-18,1.1527022043957838e-17,0.9999999999999999,train_speakers_only
GTSinger_same_text_control,wavlm_l12,12,197,1,0.14635739587496233,0.38718402394040957,0.38718402394040957,train_speakers_only
GTSinger_same_text_control,wavlm_l12,12,197,2,0.0758091732455812,0.2005508541153341,0.5877348780557436,train_speakers_only
GTSinger_same_text_control,wavlm_l12,12,197,3,0.03814740673517317,0.10091780025407364,0.6886526783098172,train_speakers_only
GTSinger_same_text_control,wavlm_l12,12,197,4,0.03216602885385508,0.0850942476214794,0.7737469259312967,train_speakers_only
GTSinger_same_text_control,wavlm_l12,12,197,5,0.02372216450149954,0.0627562621851637,0.8365031881164604,train_speakers_only
GTSinger_same_text_control,wavlm_l12,12,197,6,0.0220418875090527,0.058311140683918454,0.8948143288003788,train_speakers_only
GTSinger_same_text_control,wavlm_l12,12,197,7,0.016023307657205634,0.04238917137369879,0.9372035001740776,train_speakers_only
GTSinger_same_text_control,wavlm_l12,12,197,8,0.013605388261715846,0.03599263940814574,0.9731961395822234,train_speakers_only
GTSinger_same_text_control,wavlm_l12,12,197,9,0.01013198625867253,0.02680386041777662,1.0,train_speakers_only
GTSinger_same_text_control,wavlm_l12,12,197,10,0.0,0.0,1.0,train_speakers_only
GTSinger_same_text_control,wavlm_l12,12,199,1,0.12467354054264998,0.3278023949772101,0.3278023949772101,train_speakers_only
GTSinger_same_text_control,wavlm_l12,12,199,2,0.08304562403861325,0.21835069681783634,0.5461530917950465,train_speakers_only
GTSinger_same_text_control,wavlm_l12,12,199,3,0.050376572596327426,0.13245441715975206,0.6786075089547985,train_speakers_only
GTSinger_same_text_control,wavlm_l12,12,199,4,0.042352806453636975,0.11135764115689839,0.7899651501116969,train_speakers_only
GTSinger_same_text_control,wavlm_l12,12,199,5,0.021920553293345066,0.057635403931806474,0.8476005540435033,train_speakers_only
GTSinger_same_text_control,wavlm_l12,12,199,6,0.019432172162637068,0.051092738257022534,0.8986932923005259,train_speakers_only
GTSinger_same_text_control,wavlm_l12,12,199,7,0.015640979682541488,0.0411246089379568,0.9398179012384826,train_speakers_only
GTSinger_same_text_control,wavlm_l12,12,199,8,0.011670779292374502,0.030685816626680636,0.9705037178651633,train_speakers_only
GTSinger_same_text_control,wavlm_l12,12,199,9,0.011218361985581812,0.029496282134836717,1.0,train_speakers_only
GTSinger_same_text_control,wavlm_l12,12,199,10,5.986027550403902e-18,1.5738978446278213e-17,1.0,train_speakers_only
GTSinger_same_text_control,wavlm_l12,12,211,1,0.1773636744932383,0.47468630096969006,0.47468630096969006,train_speakers_only
GTSinger_same_text_control,wavlm_l12,12,211,2,0.05944660858694622,0.15909960602674758,0.6337859069964377,train_speakers_only
GTSinger_same_text_control,wavlm_l12,12,211,3,0.03440406152369905,0.09207712204700032,0.725863029043438,train_speakers_only
GTSinger_same_text_control,wavlm_l12,12,211,4,0.028484263811589035,0.07623370379081469,0.8020967328342528,train_speakers_only
GTSinger_same_text_control,wavlm_l12,12,211,5,0.020349823174098777,0.05446313804390926,0.856559870878162,train_speakers_only
GTSinger_same_text_control,wavlm_l12,12,211,6,0.018717414839718647,0.05009425091900625,0.9066541217971682,train_speakers_only
GTSinger_same_text_control,wavlm_l12,12,211,7,0.012793633402186958,0.03424017084105866,0.9408942926382269,train_speakers_only
GTSinger_same_text_control,wavlm_l12,12,211,8,0.012044750625971722,0.03223590251544346,0.9731301951536704,train_speakers_only
GTSinger_same_text_control,wavlm_l12,12,211,9,0.01003974058388842,0.02686980484632977,1.0000000000000002,train_speakers_only
GTSinger_same_text_control,wavlm_l12,12,211,10,8.802277643059579e-18,2.3557927667152863e-17,1.0000000000000002,train_speakers_only
GTSinger_same_text_control,wavlm_l12,12,223,1,0.1600491109418263,0.3603725927326949,0.3603725927326949,train_speakers_only
GTSinger_same_text_control,wavlm_l12,12,223,2,0.11899720033059953,0.2679385680977449,0.6283111608304398,train_speakers_only
GTSinger_same_text_control,wavlm_l12,12,223,3,0.04394246526685128,0.09894250612262032,0.7272536669530602,train_speakers_only
GTSinger_same_text_control,wavlm_l12,12,223,4,0.036182998221396284,0.08147099852761154,0.8087246654806717,train_speakers_only
GTSinger_same_text_control,wavlm_l12,12,223,5,0.02796798191303544,0.06297375909301435,0.8716984245736861,train_speakers_only
GTSinger_same_text_control,wavlm_l12,12,223,6,0.022249018496210724,0.050096726148959714,0.9217951507226458,train_speakers_only
GTSinger_same_text_control,wavlm_l12,12,223,7,0.016520907047419972,0.037199095152353555,0.9589942458749994,train_speakers_only
GTSinger_same_text_control,wavlm_l12,12,223,8,0.013046021515378429,0.02937491230458814,0.9883691581795875,train_speakers_only
GTSinger_same_text_control,wavlm_l12,12,223,9,0.005165503510536979,0.011630841820412597,1.0,train_speakers_only
GTSinger_same_text_control,wavlm_l12,12,223,10,0.0,0.0,1.0,train_speakers_only
GTSinger_same_text_control,wavlm_l12,12,227,1,0.16253804520888815,0.390773567608064,0.390773567608064,train_speakers_only
GTSinger_same_text_control,wavlm_l12,12,227,2,0.07874734828562412,0.18932418062306902,0.580097748231133,train_speakers_only
GTSinger_same_text_control,wavlm_l12,12,227,3,0.054379998566289584,0.1307402584973893,0.7108380067285223,train_speakers_only
GTSinger_same_text_control,wavlm_l12,12,227,4,0.034897536669656996,0.08390057163299378,0.7947385783615161,train_speakers_only
GTSinger_same_text_control,wavlm_l12,12,227,5,0.02554085164641224,0.061405252565883736,0.8561438309273998,train_speakers_only
GTSinger_same_text_control,wavlm_l12,12,227,6,0.02119222264177944,0.05095028943303477,0.9070941203604346,train_speakers_only
GTSinger_same_text_control,wavlm_l12,12,227,7,0.01669664271018785,0.04014202724384981,0.9472361476042844,train_speakers_only
GTSinger_same_text_control,wavlm_l12,12,227,8,0.011116215622447353,0.026725578196179187,0.9739617258004636,train_speakers_only
GTSinger_same_text_control,wavlm_l12,12,227,9,0.01083033894772139,0.026038274199536277,0.9999999999999999,train_speakers_only
GTSinger_same_text_control,wavlm_l12,12,227,10,0.0,0.0,0.9999999999999999,train_speakers_only
GTSinger_same_text_control,wavlm_l12,12,229,1,0.1435174964311112,0.3569146911350527,0.3569146911350527,train_speakers_only
GTSinger_same_text_control,wavlm_l12,12,229,2,0.07538120631825457,0.18746606260221257,0.5443807537372652,train_speakers_only
GTSinger_same_text_control,wavlm_l12,12,229,3,0.05002926625891558,0.12441814105282406,0.6687988947900894,train_speakers_only
GTSinger_same_text_control,wavlm_l12,12,229,4,0.04280936352578134,0.10646291316701263,0.775261807957102,train_speakers_only
GTSinger_same_text_control,wavlm_l12,12,229,5,0.02402954926162331,0.05975925839079531,0.8350210663478973,train_speakers_only
GTSinger_same_text_control,wavlm_l12,12,229,6,0.02224645478899544,0.05532486795904697,0.8903459343069443,train_speakers_only
GTSinger_same_text_control,wavlm_l12,12,229,7,0.019539869744003534,0.048593842199914306,0.9389397765068586,train_speakers_only
GTSinger_same_text_control,wavlm_l12,12,229,8,0.012823191962626247,0.03189008805559193,0.9708298645624505,train_speakers_only
GTSinger_same_text_control,wavlm_l12,12,229,9,0.01172948301802866,0.02917013543754953,1.0,train_speakers_only
GTSinger_same_text_control,wavlm_l12,12,229,10,7.709848029788121e-18,1.9173676357787313e-17,1.0,train_speakers_only
GTSinger_same_text_control,wavlm_l12,12,233,1,0.143925467201716,0.3227025498040323,0.3227025498040323,train_speakers_only
GTSinger_same_text_control,wavlm_l12,12,233,2,0.09871895817820923,0.22134275564627748,0.5440453054503098,train_speakers_only
GTSinger_same_text_control,wavlm_l12,12,233,3,0.07103847373118438,0.15927894522732974,0.7033242506776396,train_speakers_only
GTSinger_same_text_control,wavlm_l12,12,233,4,0.0389474244757644,0.08732598497675258,0.7906502356543922,train_speakers_only
GTSinger_same_text_control,wavlm_l12,12,233,5,0.02804188834748186,0.06287413233385346,0.8535243679882456,train_speakers_only
GTSinger_same_text_control,wavlm_l12,12,233,6,0.021976555043748576,0.04927474259011317,0.9027991105783588,train_speakers_only
GTSinger_same_text_control,wavlm_l12,12,233,7,0.018124747799311364,0.04063841127710485,0.9434375218554637,train_speakers_only
GTSinger_same_text_control,wavlm_l12,12,233,8,0.013966184826681306,0.031314287472750404,0.9747518093282141,train_speakers_only
GTSinger_same_text_control,wavlm_l12,12,233,9,0.011260703209942172,0.025248190671785877,1.0,train_speakers_only
GTSinger_same_text_control,wavlm_l12,12,233,10,6.5093726381404704e-18,1.4594992733346397e-17,1.0,train_speakers_only
GTSinger_same_text_control,wavlm_l12,12,239,1,0.1559517652270911,0.3400498605606888,0.3400498605606888,train_speakers_only
GTSinger_same_text_control,wavlm_l12,12,239,2,0.093630286027029,0.20415905944627122,0.54420892000696,train_speakers_only
GTSinger_same_text_control,wavlm_l12,12,239,3,0.06394037199581822,0.13942076609210124,0.6836296860990612,train_speakers_only
GTSinger_same_text_control,wavlm_l12,12,239,4,0.04038376807351454,0.08805603888046458,0.7716857249795257,train_speakers_only
GTSinger_same_text_control,wavlm_l12,12,239,5,0.03703203323529434,0.08074764475800299,0.8524333697375287,train_speakers_only
GTSinger_same_text_control,wavlm_l12,12,239,6,0.022970275531138652,0.050086249296570386,0.902519619034099,train_speakers_only
GTSinger_same_text_control,wavlm_l12,12,239,7,0.021065300975977988,0.045932488478853686,0.9484521075129527,train_speakers_only
GTSinger_same_text_control,wavlm_l12,12,239,8,0.013339992149687096,0.02908759938546541,0.9775397068984182,train_speakers_only
GTSinger_same_text_control,wavlm_l12,12,239,9,0.01030061400682265,0.022460293101581683,0.9999999999999999,train_speakers_only
GTSinger_same_text_control,wavlm_l12,12,239,10,6.254423821351352e-18,1.3637652291020806e-17,0.9999999999999999,train_speakers_only
GTSinger_same_text_control,wavlm_l12,12,241,1,0.1595751695057681,0.3421085250533577,0.3421085250533577,train_speakers_only
GTSinger_same_text_control,wavlm_l12,12,241,2,0.13660940272590472,0.292872891313395,0.6349814163667526,train_speakers_only
GTSinger_same_text_control,wavlm_l12,12,241,3,0.05398422542245131,0.11573519735321491,0.7507166137199676,train_speakers_only
GTSinger_same_text_control,wavlm_l12,12,241,4,0.036895052559797276,0.07909822093306383,0.8298148346530314,train_speakers_only
GTSinger_same_text_control,wavlm_l12,12,241,5,0.022862034368172034,0.049013244865341,0.8788280795183724,train_speakers_only
GTSinger_same_text_control,wavlm_l12,12,241,6,0.019499390887642073,0.04180417214452015,0.9206322516628925,train_speakers_only
GTSinger_same_text_control,wavlm_l12,12,241,7,0.01574223884412458,0.03374932408770818,0.9543815757506007,train_speakers_only
GTSinger_same_text_control,wavlm_l12,12,241,8,0.011178047681417934,0.023964288536304928,0.9783458642869056,train_speakers_only
GTSinger_same_text_control,wavlm_l12,12,241,9,0.010100486026704464,0.0216541357130942,0.9999999999999998,train_speakers_only
GTSinger_same_text_control,wavlm_l12,12,241,10,0.0,0.0,0.9999999999999998,train_speakers_only
GTSinger_same_text_control,wavlm_l12,12,251,1,0.1426772031569612,0.354694658490664,0.354694658490664,train_speakers_only
GTSinger_same_text_control,wavlm_l12,12,251,2,0.10127494568095341,0.25176889844447237,0.6064635569351364,train_speakers_only
GTSinger_same_text_control,wavlm_l12,12,251,3,0.039683064406623364,0.09865185654141106,0.7051154134765475,train_speakers_only
GTSinger_same_text_control,wavlm_l12,12,251,4,0.0343212269079953,0.0853223611603858,0.7904377746369333,train_speakers_only
GTSinger_same_text_control,wavlm_l12,12,251,5,0.02203224680145478,0.05477203142555958,0.8452098060624929,train_speakers_only
GTSinger_same_text_control,wavlm_l12,12,251,6,0.020310528911355527,0.05049185123185198,0.8957016572943448,train_speakers_only
GTSinger_same_text_control,wavlm_l12,12,251,7,0.01622555748930542,0.040336637144187185,0.936038294438532,train_speakers_only
GTSinger_same_text_control,wavlm_l12,12,251,8,0.01565206342096282,0.038910934381473083,0.9749492288200051,train_speakers_only
GTSinger_same_text_control,wavlm_l12,12,251,9,0.010076762881335445,0.02505077117999486,1.0,train_speakers_only
GTSinger_same_text_control,wavlm_l12,12,251,10,9.397498658640048e-18,2.3362124457442986e-17,1.0,train_speakers_only
GTSinger_same_text_control,wavlm_l12,12,257,1,0.1919749420336265,0.4583270188848689,0.4583270188848689,train_speakers_only
GTSinger_same_text_control,wavlm_l12,12,257,2,0.07195184588254307,0.1717801014927934,0.6301071203776623,train_speakers_only
GTSinger_same_text_control,wavlm_l12,12,257,3,0.04212956455516118,0.10058144841685879,0.730688568794521,train_speakers_only
GTSinger_same_text_control,wavlm_l12,12,257,4,0.030332140063339508,0.07241590586959834,0.8031044746641194,train_speakers_only
GTSinger_same_text_control,wavlm_l12,12,257,5,0.02352076019347428,0.05615420318497968,0.859258677849099,train_speakers_only
GTSinger_same_text_control,wavlm_l12,12,257,6,0.02067607792552839,0.04936271920414892,0.908621397053248,train_speakers_only
GTSinger_same_text_control,wavlm_l12,12,257,7,0.014848472109297144,0.03544970965875969,0.9440711067120077,train_speakers_only
GTSinger_same_text_control,wavlm_l12,12,257,8,0.012138264688348712,0.02897927516015015,0.9730503818721579,train_speakers_only
GTSinger_same_text_control,wavlm_l12,12,257,9,0.011288122158952366,0.026949618127842155,1.0,train_speakers_only
GTSinger_same_text_control,wavlm_l12,12,257,10,7.210978756413039e-19,1.7215717643451627e-18,1.0,train_speakers_only
GTSinger_same_text_control,mert_l3,3,13,1,0.9423819447719128,0.3886223542133869,0.3886223542133869,train_speakers_only
GTSinger_same_text_control,mert_l3,3,13,2,0.671210528541956,0.27679585461277084,0.6654182088261578,train_speakers_only
GTSinger_same_text_control,mert_l3,3,13,3,0.2042324445367094,0.08422200132645892,0.7496402101526167,train_speakers_only
GTSinger_same_text_control,mert_l3,3,13,4,0.18604008048706933,0.07671977849112088,0.8263599886437376,train_speakers_only
GTSinger_same_text_control,mert_l3,3,13,5,0.12992559811404492,0.05357911629332333,0.879939104937061,train_speakers_only
GTSinger_same_text_control,mert_l3,3,13,6,0.12405312954302132,0.05115740970845484,0.9310965146455158,train_speakers_only
GTSinger_same_text_control,mert_l3,3,13,7,0.09139840568616472,0.03769115461746714,0.9687876692629829,train_speakers_only
GTSinger_same_text_control,mert_l3,3,13,8,0.04907663617450328,0.02023837361572695,0.9890260428787099,train_speakers_only
GTSinger_same_text_control,mert_l3,3,13,9,0.026611076130032735,0.010973957121290142,1.0,train_speakers_only
GTSinger_same_text_control,mert_l3,3,13,10,6.78469626159818e-17,2.797893835331505e-17,1.0,train_speakers_only
GTSinger_same_text_control,mert_l3,3,17,1,0.6897395740845995,0.30171222148663496,0.30171222148663496,train_speakers_only
GTSinger_same_text_control,mert_l3,3,17,2,0.5463414981232422,0.23898571762808776,0.5406979391147227,train_speakers_only
GTSinger_same_text_control,mert_l3,3,17,3,0.3600166910446178,0.15748180865437233,0.6981797477690951,train_speakers_only
GTSinger_same_text_control,mert_l3,3,17,4,0.18227740759981953,0.07973345830816571,0.7779132060772608,train_speakers_only
GTSinger_same_text_control,mert_l3,3,17,5,0.14214897979798785,0.06218011273868027,0.8400933188159411,train_speakers_only
GTSinger_same_text_control,mert_l3,3,17,6,0.12898671096150605,0.05642255217572475,0.8965158709916659,train_speakers_only
GTSinger_same_text_control,mert_l3,3,17,7,0.09768089119166486,0.04272847286940892,0.9392443438610748,train_speakers_only
GTSinger_same_text_control,mert_l3,3,17,8,0.09023736526213241,0.03947245736982974,0.9787168012309045,train_speakers_only
GTSinger_same_text_control,mert_l3,3,17,9,0.04865518666039231,0.02128319876909557,1.0000000000000002,train_speakers_only
GTSinger_same_text_control,mert_l3,3,17,10,6.771555596859996e-17,2.962076062926173e-17,1.0000000000000002,train_speakers_only
GTSinger_same_text_control,mert_l3,3,19,1,0.6491977489722763,0.2799576028158588,0.2799576028158588,train_speakers_only
GTSinger_same_text_control,mert_l3,3,19,2,0.5650179824839088,0.2436562359842733,0.5236138388001321,train_speakers_only
GTSinger_same_text_control,mert_l3,3,19,3,0.3425128743776421,0.14770396754476264,0.6713178063448948,train_speakers_only
GTSinger_same_text_control,mert_l3,3,19,4,0.2017472908981096,0.08700074518718097,0.7583185515320757,train_speakers_only
GTSinger_same_text_control,mert_l3,3,19,5,0.16322622969103034,0.0703890672038098,0.8287076187358855,train_speakers_only
GTSinger_same_text_control,mert_l3,3,19,6,0.13257987661054532,0.0571732488232883,0.8858808675591738,train_speakers_only
GTSinger_same_text_control,mert_l3,3,19,7,0.1180632121134921,0.05091313686216279,0.9367940044213366,train_speakers_only
GTSinger_same_text_control,mert_l3,3,19,8,0.08011509295561463,0.03454853225959257,0.9713425366809292,train_speakers_only
GTSinger_same_text_control,mert_l3,3,19,9,0.06645420767598652,0.02865746331907093,1.0,train_speakers_only
GTSinger_same_text_control,mert_l3,3,19,10,0.0,0.0,1.0,train_speakers_only
GTSinger_same_text_control,mert_l3,3,23,1,0.8036350214514293,0.36572179780483843,0.36572179780483843,train_speakers_only
GTSinger_same_text_control,mert_l3,3,23,2,0.4189140682380315,0.19064127629113192,0.5563630740959704,train_speakers_only
GTSinger_same_text_control,mert_l3,3,23,3,0.29031128561275277,0.1321161503210408,0.6884792244170113,train_speakers_only
GTSinger_same_text_control,mert_l3,3,23,4,0.20093129724384384,0.09144070791061,0.7799199323276212,train_speakers_only
GTSinger_same_text_control,mert_l3,3,23,5,0.15290958473880767,0.06958677352222374,0.849506705849845,train_speakers_only
GTSinger_same_text_control,mert_l3,3,23,6,0.11088949153975419,0.05046408272543707,0.8999707885752821,train_speakers_only
GTSinger_same_text_control,mert_l3,3,23,7,0.08664060936621376,0.039428793637054683,0.9393995822123368,train_speakers_only
GTSinger_same_text_control,mert_l3,3,23,8,0.07982818413833331,0.03632856488239973,0.9757281470947365,train_speakers_only
GTSinger_same_text_control,mert_l3,3,23,9,0.053334833054157677,0.02427185290526362,1.0000000000000002,train_speakers_only
GTSinger_same_text_control,mert_l3,3,23,10,0.0,0.0,1.0000000000000002,train_speakers_only
GTSinger_same_text_control,mert_l3,3,29,1,0.7878226556145973,0.37614053098607303,0.37614053098607303,train_speakers_only
GTSinger_same_text_control,mert_l3,3,29,2,0.4580176399403782,0.21867738514547203,0.594817916131545,train_speakers_only
GTSinger_same_text_control,mert_l3,3,29,3,0.2506022174350318,0.11964831229531558,0.7144662284268606,train_speakers_only
GTSinger_same_text_control,mert_l3,3,29,4,0.1587453906423655,0.07579189948685781,0.7902581279137184,train_speakers_only
GTSinger_same_text_control,mert_l3,3,29,5,0.1182984128155763,0.05648076695198314,0.8467388948657015,train_speakers_only
GTSinger_same_text_control,mert_l3,3,29,6,0.11197984418666869,0.05346400963710855,0.90020290450281,train_speakers_only
GTSinger_same_text_control,mert_l3,3,29,7,0.09048625427049084,0.043202042345039424,0.9434049468478495,train_speakers_only
GTSinger_same_text_control,mert_l3,3,29,8,0.07310586725287088,0.03490389560483048,0.97830884245268,train_speakers_only
GTSinger_same_text_control,mert_l3,3,29,9,0.04543191688884224,0.02169115754732,1.0,train_speakers_only
GTSinger_same_text_control,mert_l3,3,29,10,0.0,0.0,1.0,train_speakers_only
GTSinger_same_text_control,mert_l3,3,31,1,0.71828420245452,0.40825589129929435,0.40825589129929435,train_speakers_only
GTSinger_same_text_control,mert_l3,3,31,2,0.29172641317509657,0.16581044998534034,0.5740663412846347,train_speakers_only
GTSinger_same_text_control,mert_l3,3,31,3,0.2660629736640415,0.1512239529753985,0.7252902942600332,train_speakers_only
GTSinger_same_text_control,mert_l3,3,31,4,0.1539623079195997,0.08750856420261098,0.8127988584626442,train_speakers_only
GTSinger_same_text_control,mert_l3,3,31,5,0.13171071046169727,0.0748612781813313,0.8876601366439755,train_speakers_only
GTSinger_same_text_control,mert_l3,3,31,6,0.07894071377483479,0.04486804993318541,0.9325281865771609,train_speakers_only
GTSinger_same_text_control,mert_l3,3,31,7,0.060705409839068504,0.03450353093642915,0.96703171751359,train_speakers_only
GTSinger_same_text_control,mert_l3,3,31,8,0.03556554481986826,0.02021462138574554,0.9872463388993356,train_speakers_only
GTSinger_same_text_control,mert_l3,3,31,9,0.022438753456591673,0.012753661100664388,0.9999999999999999,train_speakers_only
GTSinger_same_text_control,mert_l3,3,31,10,4.012130538641924e-17,2.280400882359778e-17,0.9999999999999999,train_speakers_only
GTSinger_same_text_control,mert_l3,3,37,1,0.8298019699525201,0.41861689890194065,0.41861689890194065,train_speakers_only
GTSinger_same_text_control,mert_l3,3,37,2,0.3917182520898698,0.1976132690339752,0.6162301679359159,train_speakers_only
GTSinger_same_text_control,mert_l3,3,37,3,0.19037667364754313,0.0960408574953869,0.7122710254313028,train_speakers_only
GTSinger_same_text_control,mert_l3,3,37,4,0.15344838212238748,0.07741134414186715,0.78968236957317,train_speakers_only
GTSinger_same_text_control,mert_l3,3,37,5,0.13025125876999463,0.0657089040503112,0.8553912736234811,train_speakers_only
GTSinger_same_text_control,mert_l3,3,37,6,0.10249949221034753,0.051708746329650716,0.9071000199531318,train_speakers_only
GTSinger_same_text_control,mert_l3,3,37,7,0.0726008510875609,0.036625537466071945,0.9437255574192038,train_speakers_only
GTSinger_same_text_control,mert_l3,3,37,8,0.05789718191755534,0.02920785877487772,0.9729334161940816,train_speakers_only
GTSinger_same_text_control,mert_l3,3,37,9,0.05365264665843631,0.027066583805918535,1.0000000000000002,train_speakers_only
GTSinger_same_text_control,mert_l3,3,37,10,1.0338405770920319e-16,5.2154990228092883e-17,1.0000000000000002,train_speakers_only
GTSinger_same_text_control,mert_l3,3,41,1,0.6985221473447469,0.3599863500767188,0.3599863500767188,train_speakers_only
GTSinger_same_text_control,mert_l3,3,41,2,0.37794870963750926,0.19477746985660518,0.554763819933324,train_speakers_only
GTSinger_same_text_control,mert_l3,3,41,3,0.22053623199260897,0.11365428213904555,0.6684181020723696,train_speakers_only
GTSinger_same_text_control,mert_l3,3,41,4,0.19683092277115943,0.10143765053114613,0.7698557526035158,train_speakers_only
GTSinger_same_text_control,mert_l3,3,41,5,0.1435218344837287,0.0739645858739156,0.8438203384774314,train_speakers_only
GTSinger_same_text_control,mert_l3,3,41,6,0.11576364887147585,0.05965928723550995,0.9034796257129414,train_speakers_only
GTSinger_same_text_control,mert_l3,3,41,7,0.07692038965831785,0.039641248920788526,0.94312087463373,train_speakers_only
GTSinger_same_text_control,mert_l3,3,41,8,0.05876737429935145,0.030286015494330333,0.9734068901280603,train_speakers_only
GTSinger_same_text_control,mert_l3,3,41,9,0.05160161269549049,0.026593109871939687,0.9999999999999999,train_speakers_only
GTSinger_same_text_control,mert_l3,3,41,10,5.041382939407285e-17,2.5980980711848243e-17,0.9999999999999999,train_speakers_only
GTSinger_same_text_control,mert_l3,3,43,1,0.7897961061266998,0.32829850292756235,0.32829850292756235,train_speakers_only
GTSinger_same_text_control,mert_l3,3,43,2,0.5384294482475885,0.22381166534067443,0.5521101682682368,train_speakers_only
GTSinger_same_text_control,mert_l3,3,43,3,0.3867120104673118,0.1607465181401638,0.7128566864084006,train_speakers_only
GTSinger_same_text_control,mert_l3,3,43,4,0.223987303888865,0.0931059243911983,0.805962610799599,train_speakers_only
GTSinger_same_text_control,mert_l3,3,43,5,0.15525691166347605,0.0645364180360991,0.8704990288356981,train_speakers_only
GTSinger_same_text_control,mert_l3,3,43,6,0.12550676393888352,0.05217002513533347,0.9226690539710315,train_speakers_only
GTSinger_same_text_control,mert_l3,3,43,7,0.07673075841792809,0.0318950586381609,0.9545641126091924,train_speakers_only
GTSinger_same_text_control,mert_l3,3,43,8,0.07430869835917611,0.03088826880326476,0.9854523814124572,train_speakers_only
GTSinger_same_text_control,mert_l3,3,43,9,0.03499757815341928,0.014547618587543061,1.0000000000000002,train_speakers_only
GTSinger_same_text_control,mert_l3,3,43,10,0.0,0.0,1.0000000000000002,train_speakers_only
GTSinger_same_text_control,mert_l3,3,47,1,0.4762131483823962,0.29594664624357625,0.29594664624357625,train_speakers_only
GTSinger_same_text_control,mert_l3,3,47,2,0.3969968026017762,0.24671698523761698,0.5426636314811932,train_speakers_only
GTSinger_same_text_control,mert_l3,3,47,3,0.1927468279905483,0.11978412925315797,0.6624477607343512,train_speakers_only
GTSinger_same_text_control,mert_l3,3,47,4,0.17537032430001875,0.10898535561971362,0.7714331163540649,train_speakers_only
GTSinger_same_text_control,mert_l3,3,47,5,0.13204088563548336,0.08205791335999457,0.8534910297140594,train_speakers_only
GTSinger_same_text_control,mert_l3,3,47,6,0.0819155830701049,0.05090712460802936,0.9043981543220888,train_speakers_only
GTSinger_same_text_control,mert_l3,3,47,7,0.06928013580517438,0.04305472016572063,0.9474528744878095,train_speakers_only
GTSinger_same_text_control,mert_l3,3,47,8,0.05114029789084933,0.031781566090949565,0.979234440578759,train_speakers_only
GTSinger_same_text_control,mert_l3,3,47,9,0.03341424055798219,0.02076555942124102,1.0,train_speakers_only
GTSinger_same_text_control,mert_l3,3,47,10,4.853766284190897e-17,3.016413675968006e-17,1.0,train_speakers_only
GTSinger_same_text_control,mert_l3,3,53,1,0.7202508681010068,0.3038661204378622,0.3038661204378622,train_speakers_only
GTSinger_same_text_control,mert_l3,3,53,2,0.56584556928125,0.23872418003158064,0.5425903004694428,train_speakers_only
GTSinger_same_text_control,mert_l3,3,53,3,0.30844774595832525,0.130130797577901,0.6727210980473438,train_speakers_only
GTSinger_same_text_control,mert_l3,3,53,4,0.26637939170433816,0.11238260987481861,0.7851037079221624,train_speakers_only
GTSinger_same_text_control,mert_l3,3,53,5,0.1808923564807471,0.07631654610232128,0.8614202540244837,train_speakers_only
GTSinger_same_text_control,mert_l3,3,53,6,0.12007823026056338,0.050659718154209464,0.9120799721786932,train_speakers_only
GTSinger_same_text_control,mert_l3,3,53,7,0.09878746623400024,0.04167737304025333,0.9537573452189465,train_speakers_only
GTSinger_same_text_control,mert_l3,3,53,8,0.062043345035088716,0.02617542218936446,0.9799327674083109,train_speakers_only
GTSinger_same_text_control,mert_l3,3,53,9,0.04756516347963301,0.020067232591688928,0.9999999999999999,train_speakers_only
GTSinger_same_text_control,mert_l3,3,53,10,1.5583222161532684e-16,6.574394383766567e-17,1.0,train_speakers_only
GTSinger_same_text_control,mert_l3,3,59,1,0.6503014743019467,0.27014524490411257,0.27014524490411257,train_speakers_only
GTSinger_same_text_control,mert_l3,3,59,2,0.5720503363820242,0.23763851740500241,0.507783762309115,train_speakers_only
GTSinger_same_text_control,mert_l3,3,59,3,0.3470161347615735,0.14415584527387434,0.6519396075829894,train_speakers_only
GTSinger_same_text_control,mert_l3,3,59,4,0.29848861424895123,0.12399676609057124,0.7759363736735606,train_speakers_only
GTSinger_same_text_control,mert_l3,3,59,5,0.16462016497964363,0.06838575113537632,0.844322124808937,train_speakers_only
GTSinger_same_text_control,mert_l3,3,59,6,0.13069019241631413,0.0542907181238803,0.8986128429328173,train_speakers_only
GTSinger_same_text_control,mert_l3,3,59,7,0.10239679526345664,0.042537205322402204,0.9411500482552195,train_speakers_only
GTSinger_same_text_control,mert_l3,3,59,8,0.09189497016744382,0.03817458548435266,0.9793246337395722,train_speakers_only
GTSinger_same_text_control,mert_l3,3,59,9,0.049770341749533244,0.02067536626042797,1.0000000000000002,train_speakers_only
GTSinger_same_text_control,mert_l3,3,59,10,0.0,0.0,1.0000000000000002,train_speakers_only
GTSinger_same_text_control,mert_l3,3,61,1,0.7194339081028269,0.36211998555268426,0.36211998555268426,train_speakers_only
GTSinger_same_text_control,mert_l3,3,61,2,0.3867009338795933,0.19464211376825097,0.5567620993209352,train_speakers_only
GTSinger_same_text_control,mert_l3,3,61,3,0.29006328613901067,0.14600050373356865,0.7027626030545039,train_speakers_only
GTSinger_same_text_control,mert_l3,3,61,4,0.21284428146199216,0.10713307679817045,0.8098956798526743,train_speakers_only
GTSinger_same_text_control,mert_l3,3,61,5,0.14295402652214165,0.07195450400079992,0.8818501838534742,train_speakers_only
GTSinger_same_text_control,mert_l3,3,61,6,0.08510787727077238,0.0428382134072374,0.9246883972607116,train_speakers_only
GTSinger_same_text_control,mert_l3,3,61,7,0.06362763128005705,0.032026342740287705,0.9567147400009993,train_speakers_only
GTSinger_same_text_control,mert_l3,3,61,8,0.0512562720530835,0.025799340684807125,0.9825140806858065,train_speakers_only
GTSinger_same_text_control,mert_l3,3,61,9,0.03473976519075808,0.01748591931419354,1.0,train_speakers_only
GTSinger_same_text_control,mert_l3,3,61,10,0.0,0.0,1.0,train_speakers_only
GTSinger_same_text_control,mert_l3,3,67,1,0.72129817488907,0.3258842988285034,0.3258842988285034,train_speakers_only
GTSinger_same_text_control,mert_l3,3,67,2,0.5587112099522855,0.25242710607291785,0.5783114049014213,train_speakers_only
GTSinger_same_text_control,mert_l3,3,67,3,0.32379139807321783,0.14628975422545515,0.7246011591268764,train_speakers_only
GTSinger_same_text_control,mert_l3,3,67,4,0.17207920823794956,0.07774581174867462,0.8023469708755511,train_speakers_only
GTSinger_same_text_control,mert_l3,3,67,5,0.13241053303224198,0.059823406209722874,0.862170377085274,train_speakers_only
GTSinger_same_text_control,mert_l3,3,67,6,0.09516435098811363,0.04299548907080001,0.905165866156074,train_speakers_only
GTSinger_same_text_control,mert_l3,3,67,7,0.07548497767671658,0.03410429955135434,0.9392701657074283,train_speakers_only
GTSinger_same_text_control,mert_l3,3,67,8,0.07461790688171524,0.033712554822335525,0.9729827205297638,train_speakers_only
GTSinger_same_text_control,mert_l3,3,67,9,0.05979887476139077,0.027017279470236213,1.0,train_speakers_only
GTSinger_same_text_control,mert_l3,3,67,10,1.095025279347019e-18,4.94735128664883e-19,1.0,train_speakers_only
GTSinger_same_text_control,mert_l3,3,71,1,0.6780300034446128,0.32148503361500363,0.32148503361500363,train_speakers_only
GTSinger_same_text_control,mert_l3,3,71,2,0.4031843961916228,0.19116816144449136,0.512653195059495,train_speakers_only
GTSinger_same_text_control,mert_l3,3,71,3,0.306344909205819,0.14525213181346047,0.6579053268729556,train_speakers_only
GTSinger_same_text_control,mert_l3,3,71,4,0.20710732897275969,0.09819905649965861,0.7561043833726142,train_speakers_only
GTSinger_same_text_control,mert_l3,3,71,5,0.17835685617828106,0.08456714247546566,0.8406715258480799,train_speakers_only
GTSinger_same_text_control,mert_l3,3,71,6,0.10718674990916258,0.05082214020407286,0.8914936660521527,train_speakers_only
GTSinger_same_text_control,mert_l3,3,71,7,0.09139399397323272,0.04333407234993298,0.9348277384020858,train_speakers_only
GTSinger_same_text_control,mert_l3,3,71,8,0.07777456240811509,0.03687647697467648,0.9717042153767622,train_speakers_only
GTSinger_same_text_control,mert_l3,3,71,9,0.059677400001574336,0.028295784623238087,1.0000000000000002,train_speakers_only
GTSinger_same_text_control,mert_l3,3,71,10,1.111115232662836e-16,5.2683054748024e-17,1.0000000000000002,train_speakers_only
GTSinger_same_text_control,mert_l3,3,73,1,0.6521631084443601,0.3622774878218074,0.3622774878218074,train_speakers_only
GTSinger_same_text_control,mert_l3,3,73,2,0.33099103843353567,0.18386596902308971,0.5461434568448971,train_speakers_only
GTSinger_same_text_control,mert_l3,3,73,3,0.18856591709283899,0.10474862170011434,0.6508920785450114,train_speakers_only
GTSinger_same_text_control,mert_l3,3,73,4,0.18174594411549716,0.10096011749732747,0.7518521960423389,train_speakers_only
GTSinger_same_text_control,mert_l3,3,73,5,0.1584413748065592,0.08801439776143177,0.8398665938037706,train_speakers_only
GTSinger_same_text_control,mert_l3,3,73,6,0.11242938327929962,0.062454674305231356,0.9023212681090019,train_speakers_only
GTSinger_same_text_control,mert_l3,3,73,7,0.07576570641060439,0.04208795227155989,0.9444092203805619,train_speakers_only
GTSinger_same_text_control,mert_l3,3,73,8,0.061141387700769045,0.0339641234705988,0.9783733438511607,train_speakers_only
GTSinger_same_text_control,mert_l3,3,73,9,0.03893177957064167,0.02162665614883939,1.0,train_speakers_only
GTSinger_same_text_control,mert_l3,3,73,10,0.0,0.0,1.0,train_speakers_only
GTSinger_same_text_control,mert_l3,3,79,1,1.0710365521731793,0.44585413823333386,0.44585413823333386,train_speakers_only
GTSinger_same_text_control,mert_l3,3,79,2,0.5074112100648195,0.21122657983460041,0.6570807180679343,train_speakers_only
GTSinger_same_text_control,mert_l3,3,79,3,0.21396159585573588,0.0890685408838065,0.7461492589517409,train_speakers_only
GTSinger_same_text_control,mert_l3,3,79,4,0.15870879436069268,0.06606774773107507,0.8122170066828159,train_speakers_only
GTSinger_same_text_control,mert_l3,3,79,5,0.13226238690902298,0.05505856211569446,0.8672755687985104,train_speakers_only
GTSinger_same_text_control,mert_l3,3,79,6,0.10853768104534516,0.04518237416839549,0.912457942966906,train_speakers_only
GTSinger_same_text_control,mert_l3,3,79,7,0.08271107236963234,0.03443120014801751,0.9468891431149234,train_speakers_only
GTSinger_same_text_control,mert_l3,3,79,8,0.06758242520166603,0.028133403931797307,0.9750225470467208,train_speakers_only
GTSinger_same_text_control,mert_l3,3,79,9,0.06000115912156853,0.02497745295327932,1.0,train_speakers_only
GTSinger_same_text_control,mert_l3,3,79,10,4.934220249506395e-17,2.054031221187887e-17,1.0,train_speakers_only
GTSinger_same_text_control,mert_l3,3,83,1,0.9500895989233487,0.34060055651263593,0.34060055651263593,train_speakers_only
GTSinger_same_text_control,mert_l3,3,83,2,0.7466047371009201,0.2676526395402204,0.6082531960528563,train_speakers_only
GTSinger_same_text_control,mert_l3,3,83,3,0.36604904267717164,0.1312260525618289,0.7394792486146853,train_speakers_only
GTSinger_same_text_control,mert_l3,3,83,4,0.20303747947827983,0.07278753349325348,0.8122667821079388,train_speakers_only
GTSinger_same_text_control,mert_l3,3,83,5,0.16281824328665553,0.058369215215794294,0.8706359973237331,train_speakers_only
GTSinger_same_text_control,mert_l3,3,83,6,0.1313448170710844,0.04708620938504867,0.9177222067087818,train_speakers_only
GTSinger_same_text_control,mert_l3,3,83,7,0.10070983214037958,0.036103778961667,0.9538259856704487,train_speakers_only
GTSinger_same_text_control,mert_l3,3,83,8,0.07137171429229558,0.025586266426623566,0.9794122520970723,train_speakers_only
GTSinger_same_text_control,mert_l3,3,83,9,0.05742857659453625,0.02058774790292769,1.0,train_speakers_only
GTSinger_same_text_control,mert_l3,3,83,10,0.0,0.0,1.0,train_speakers_only
GTSinger_same_text_control,mert_l3,3,89,1,0.9751892990803037,0.3878845489923597,0.3878845489923597,train_speakers_only
GTSinger_same_text_control,mert_l3,3,89,2,0.5263800454072924,0.20936928522897205,0.5972538342213317,train_speakers_only
GTSinger_same_text_control,mert_l3,3,89,3,0.2960827813038392,0.11776783871475392,0.7150216729360857,train_speakers_only
GTSinger_same_text_control,mert_l3,3,89,4,0.2201172725720776,0.08755232351049194,0.8025739964465776,train_speakers_only
GTSinger_same_text_control,mert_l3,3,89,5,0.1586610237516796,0.06310791114979053,0.8656819075963681,train_speakers_only
GTSinger_same_text_control,mert_l3,3,89,6,0.11342572390671199,0.04511543123286872,0.9107973388292369,train_speakers_only
GTSinger_same_text_control,mert_l3,3,89,7,0.09122891719559587,0.036286582958660094,0.9470839217878969,train_speakers_only
GTSinger_same_text_control,mert_l3,3,89,8,0.08408988298095131,0.03344701009911377,0.9805309318870107,train_speakers_only
GTSinger_same_text_control,mert_l3,3,89,9,0.048947623554932,0.01946906811298917,0.9999999999999999,train_speakers_only
GTSinger_same_text_control,mert_l3,3,89,10,4.1055122264784393e-17,1.632980140216934e-17,0.9999999999999999,train_speakers_only
GTSinger_same_text_control,mert_l3,3,97,1,0.7459300972504478,0.3797088398789521,0.3797088398789521,train_speakers_only
GTSinger_same_text_control,mert_l3,3,97,2,0.3699481976342721,0.18831871975244183,0.568027559631394,train_speakers_only
GTSinger_same_text_control,mert_l3,3,97,3,0.25151656918873827,0.12803219101765861,0.6960597506490526,train_speakers_only
GTSinger_same_text_control,mert_l3,3,97,4,0.16732933446902015,0.08517745523762703,0.7812372058866796,train_speakers_only
GTSinger_same_text_control,mert_l3,3,97,5,0.1318722685307886,0.06712836267178965,0.8483655685584692,train_speakers_only
GTSinger_same_text_control,mert_l3,3,97,6,0.10549030048032688,0.05369886502973243,0.9020644335882017,train_speakers_only
GTSinger_same_text_control,mert_l3,3,97,7,0.07131559354393265,0.036302545492749645,0.9383669790809513,train_speakers_only
GTSinger_same_text_control,mert_l3,3,97,8,0.06245248026243522,0.03179085937867778,0.9701578384596291,train_speakers_only
GTSinger_same_text_control,mert_l3,3,97,9,0.05862430399847632,0.02984216154037092,1.0,train_speakers_only
GTSinger_same_text_control,mert_l3,3,97,10,2.0893780532874666e-16,1.0635786377392363e-16,1.0,train_speakers_only
GTSinger_same_text_control,mert_l3,3,101,1,0.7436317636134786,0.3504631528711584,0.3504631528711584,train_speakers_only
GTSinger_same_text_control,mert_l3,3,101,2,0.49854799484573775,0.2349586323238982,0.5854217851950566,train_speakers_only
GTSinger_same_text_control,mert_l3,3,101,3,0.3543321349822387,0.16699173336279127,0.7524135185578479,train_speakers_only
GTSinger_same_text_control,mert_l3,3,101,4,0.18017069392201654,0.08491190470410653,0.8373254232619545,train_speakers_only
GTSinger_same_text_control,mert_l3,3,101,5,0.1097053885064584,0.05170260097027393,0.8890280242322284,train_speakers_only
GTSinger_same_text_control,mert_l3,3,101,6,0.08402946972354056,0.03960190289653974,0.9286299271287681,train_speakers_only
GTSinger_same_text_control,mert_l3,3,101,7,0.06722083384402913,0.03168023008206493,0.960310157210833,train_speakers_only
GTSinger_same_text_control,mert_l3,3,101,8,0.04869184103546133,0.022947777331979103,0.9832579345428121,train_speakers_only
GTSinger_same_text_control,mert_l3,3,101,9,0.03552422433133193,0.016742065457187857,0.9999999999999999,train_speakers_only
GTSinger_same_text_control,mert_l3,3,101,10,0.0,0.0,0.9999999999999999,train_speakers_only
GTSinger_same_text_control,mert_l3,3,103,1,0.9201708892461072,0.3444917645664583,0.3444917645664583,train_speakers_only
GTSinger_same_text_control,mert_l3,3,103,2,0.6442208637910771,0.2411821377219851,0.5856739022884434,train_speakers_only
GTSinger_same_text_control,mert_l3,3,103,3,0.381403100464512,0.14278894129957256,0.7284628435880159,train_speakers_only
GTSinger_same_text_control,mert_l3,3,103,4,0.23592463273600106,0.08832499917760514,0.8167878427656211,train_speakers_only
GTSinger_same_text_control,mert_l3,3,103,5,0.1702854189783818,0.06375111965546194,0.8805389624210831,train_speakers_only
GTSinger_same_text_control,mert_l3,3,103,6,0.10730992180834412,0.040174477101239725,0.9207134395223229,train_speakers_only
GTSinger_same_text_control,mert_l3,3,103,7,0.09142175218394953,0.03422629546062818,0.954939734982951,train_speakers_only
GTSinger_same_text_control,mert_l3,3,103,8,0.07248340285586026,0.02713619355210698,0.982075928535058,train_speakers_only
GTSinger_same_text_control,mert_l3,3,103,9,0.04787693197706227,0.01792407146494202,1.0,train_speakers_only
GTSinger_same_text_control,mert_l3,3,103,10,0.0,0.0,1.0,train_speakers_only
GTSinger_same_text_control,mert_l3,3,107,1,0.7951150822437252,0.35391107840751607,0.35391107840751607,train_speakers_only
GTSinger_same_text_control,mert_l3,3,107,2,0.5805615152246171,0.2584118406548655,0.6123229190623816,train_speakers_only
GTSinger_same_text_control,mert_l3,3,107,3,0.32237376215599134,0.14349073280431457,0.7558136518666961,train_speakers_only
GTSinger_same_text_control,mert_l3,3,107,4,0.2136719517945501,0.09510682487829866,0.8509204767449948,train_speakers_only
GTSinger_same_text_control,mert_l3,3,107,5,0.11063199556051845,0.04924304635840984,0.9001635231034046,train_speakers_only
GTSinger_same_text_control,mert_l3,3,107,6,0.09072755402386873,0.04038344536900772,0.9405469684724124,train_speakers_only
GTSinger_same_text_control,mert_l3,3,107,7,0.07494859822043269,0.033360125865647045,0.9739070943380594,train_speakers_only
GTSinger_same_text_control,mert_l3,3,107,8,0.034396138498569,0.015309952912390377,0.9892170472504498,train_speakers_only
GTSinger_same_text_control,mert_l3,3,107,9,0.024225543887655656,0.010782952749550215,1.0,train_speakers_only
GTSinger_same_text_control,mert_l3,3,107,10,6.095668377677983e-17,2.7132230507700622e-17,1.0,train_speakers_only
GTSinger_same_text_control,mert_l3,3,109,1,0.9045206131702391,0.3555443748429654,0.3555443748429654,train_speakers_only
GTSinger_same_text_control,mert_l3,3,109,2,0.5735154691514448,0.2254345517097051,0.5809789265526706,train_speakers_only
GTSinger_same_text_control,mert_l3,3,109,3,0.3336916335577702,0.13116581481520725,0.7121447413678779,train_speakers_only
GTSinger_same_text_control,mert_l3,3,109,4,0.23822044882843038,0.09363848575728807,0.8057832271251659,train_speakers_only
GTSinger_same_text_control,mert_l3,3,109,5,0.1573096668891146,0.061834485976848305,0.8676177131020142,train_speakers_only
GTSinger_same_text_control,mert_l3,3,109,6,0.13185941544181562,0.05183063022312305,0.9194483433251373,train_speakers_only
GTSinger_same_text_control,mert_l3,3,109,7,0.08832237133906173,0.03471730974967256,0.9541656530748098,train_speakers_only
GTSinger_same_text_control,mert_l3,3,109,8,0.06697036658534188,0.026324372019710024,0.9804900250945199,train_speakers_only
GTSinger_same_text_control,mert_l3,3,109,9,0.0496342389673162,0.019509974905480044,0.9999999999999999,train_speakers_only
GTSinger_same_text_control,mert_l3,3,109,10,0.0,0.0,0.9999999999999999,train_speakers_only
GTSinger_same_text_control,mert_l3,3,113,1,0.7736659733080883,0.4092038527735828,0.4092038527735828,train_speakers_only
GTSinger_same_text_control,mert_l3,3,113,2,0.33955368848439027,0.1795951771759804,0.5887990299495631,train_speakers_only
GTSinger_same_text_control,mert_l3,3,113,3,0.21928656607751867,0.11598404323861373,0.7047830731881769,train_speakers_only
GTSinger_same_text_control,mert_l3,3,113,4,0.18250200155399765,0.09652812034043928,0.8013111935286161,train_speakers_only
GTSinger_same_text_control,mert_l3,3,113,5,0.15215681039881848,0.08047808122503756,0.8817892747536537,train_speakers_only
GTSinger_same_text_control,mert_l3,3,113,6,0.08142093177727962,0.043064785229232384,0.9248540599828861,train_speakers_only
GTSinger_same_text_control,mert_l3,3,113,7,0.06885984506171264,0.03642103294288721,0.9612750929257733,train_speakers_only
GTSinger_same_text_control,mert_l3,3,113,8,0.050205710649601026,0.026554573857252066,0.9878296667830253,train_speakers_only
GTSinger_same_text_control,mert_l3,3,113,9,0.02300998055119556,0.012170333216974626,0.9999999999999999,train_speakers_only
GTSinger_same_text_control,mert_l3,3,113,10,0.0,0.0,0.9999999999999999,train_speakers_only
GTSinger_same_text_control,mert_l3,3,127,1,0.6313625263232627,0.3375278169123957,0.3375278169123957,train_speakers_only
GTSinger_same_text_control,mert_l3,3,127,2,0.43233192182222846,0.23112561115083188,0.5686534280632276,train_speakers_only
GTSinger_same_text_control,mert_l3,3,127,3,0.2524028240210574,0.1349351135400323,0.7035885416032599,train_speakers_only
GTSinger_same_text_control,mert_l3,3,127,4,0.16596704718310784,0.08872635416190196,0.7923148957651619,train_speakers_only
GTSinger_same_text_control,mert_l3,3,127,5,0.11545770456780158,0.061723946771800244,0.8540388425369622,train_speakers_only
GTSinger_same_text_control,mert_l3,3,127,6,0.09903054719221607,0.05294195174376647,0.9069807942807286,train_speakers_only
GTSinger_same_text_control,mert_l3,3,127,7,0.08785580968944762,0.04696791211261591,0.9539487063933445,train_speakers_only
GTSinger_same_text_control,mert_l3,3,127,8,0.06307010619455289,0.033717419657847754,0.9876661260511923,train_speakers_only
GTSinger_same_text_control,mert_l3,3,127,9,0.02307112310596033,0.012333873948807722,1.0,train_speakers_only
GTSinger_same_text_control,mert_l3,3,127,10,0.0,0.0,1.0,train_speakers_only
GTSinger_same_text_control,mert_l3,3,131,1,0.7131898785612893,0.38661268650854835,0.38661268650854835,train_speakers_only
GTSinger_same_text_control,mert_l3,3,131,2,0.4719514935041896,0.2558399106468757,0.642452597155424,train_speakers_only
GTSinger_same_text_control,mert_l3,3,131,3,0.17029752286301258,0.09231648513105224,0.7347690822864763,train_speakers_only
GTSinger_same_text_control,mert_l3,3,131,4,0.15567902238375342,0.08439195070774551,0.8191610329942218,train_speakers_only
GTSinger_same_text_control,mert_l3,3,131,5,0.09915054185965434,0.053748459574984045,0.8729094925692059,train_speakers_only
GTSinger_same_text_control,mert_l3,3,131,6,0.08678584166167429,0.047045686435442026,0.919955179004648,train_speakers_only
GTSinger_same_text_control,mert_l3,3,131,7,0.07097361777080735,0.03847404718215533,0.9584292261868033,train_speakers_only
GTSinger_same_text_control,mert_l3,3,131,8,0.042834021111749304,0.023219869594032865,0.9816490957808361,train_speakers_only
GTSinger_same_text_control,mert_l3,3,131,9,0.03385217197539097,0.018350904219163817,1.0,train_speakers_only
GTSinger_same_text_control,mert_l3,3,131,10,7.320811703492375e-17,3.968534558875096e-17,1.0,train_speakers_only
GTSinger_same_text_control,mert_l3,3,137,1,0.7562436892822793,0.31513793328404555,0.31513793328404555,train_speakers_only
GTSinger_same_text_control,mert_l3,3,137,2,0.5741892367637174,0.23927314958408805,0.5544110828681336,train_speakers_only
GTSinger_same_text_control,mert_l3,3,137,3,0.3336688552120328,0.1390447483040404,0.6934558311721739,train_speakers_only
GTSinger_same_text_control,mert_l3,3,137,4,0.2671460676819708,0.11132371859414177,0.8047795497663157,train_speakers_only
GTSinger_same_text_control,mert_l3,3,137,5,0.15998936485716386,0.06666993523789154,0.8714494850042073,train_speakers_only
GTSinger_same_text_control,mert_l3,3,137,6,0.10751629644930326,0.04480363133944918,0.9162531163436565,train_speakers_only
GTSinger_same_text_control,mert_l3,3,137,7,0.08868585599001293,0.036956708220261335,0.9532098245639178,train_speakers_only
GTSinger_same_text_control,mert_l3,3,137,8,0.067742656395175,0.028229367112877973,0.9814391916767957,train_speakers_only
GTSinger_same_text_control,mert_l3,3,137,9,0.044540795251549505,0.01856080832320415,0.9999999999999999,train_speakers_only
GTSinger_same_text_control,mert_l3,3,137,10,0.0,0.0,0.9999999999999999,train_speakers_only
GTSinger_same_text_control,mert_l3,3,139,1,0.8372949576376113,0.4494665391819929,0.4494665391819929,train_speakers_only
GTSinger_same_text_control,mert_l3,3,139,2,0.2593351226725574,0.13921313990095857,0.5886796790829515,train_speakers_only
GTSinger_same_text_control,mert_l3,3,139,3,0.2045841003695962,0.10982235916507485,0.6985020382480264,train_speakers_only
GTSinger_same_text_control,mert_l3,3,139,4,0.15120004972168063,0.08116537959847892,0.7796674178465053,train_speakers_only
GTSinger_same_text_control,mert_l3,3,139,5,0.12697126249798402,0.06815917546136395,0.8478265933078692,train_speakers_only
GTSinger_same_text_control,mert_l3,3,139,6,0.10149364976618266,0.05448259193876488,0.9023091852466342,train_speakers_only
GTSinger_same_text_control,mert_l3,3,139,7,0.07181947998266786,0.0385532634816504,0.9408624487282846,train_speakers_only
GTSinger_same_text_control,mert_l3,3,139,8,0.06620242241743353,0.03553798266429642,0.976400431392581,train_speakers_only
GTSinger_same_text_control,mert_l3,3,139,9,0.043962782709869294,0.023599568607419137,1.0000000000000002,train_speakers_only
GTSinger_same_text_control,mert_l3,3,139,10,0.0,0.0,1.0000000000000002,train_speakers_only
GTSinger_same_text_control,mert_l3,3,149,1,0.8401040938412007,0.36354399654509245,0.36354399654509245,train_speakers_only
GTSinger_same_text_control,mert_l3,3,149,2,0.4943983576743772,0.21394438635868304,0.5774883829037755,train_speakers_only
GTSinger_same_text_control,mert_l3,3,149,3,0.2768071621333543,0.11978465851076632,0.6972730414145418,train_speakers_only
GTSinger_same_text_control,mert_l3,3,149,4,0.18222798876655671,0.0788567652559144,0.7761298066704563,train_speakers_only
GTSinger_same_text_control,mert_l3,3,149,5,0.1466545425400888,0.06346282430638174,0.839592630976838,train_speakers_only
GTSinger_same_text_control,mert_l3,3,149,6,0.1113132283880204,0.04816933545876379,0.8877619664356018,train_speakers_only
GTSinger_same_text_control,mert_l3,3,149,7,0.09837449873396789,0.042570270386787276,0.9303322368223891,train_speakers_only
GTSinger_same_text_control,mert_l3,3,149,8,0.09324839128198598,0.04035201481170452,0.9706842516340936,train_speakers_only
GTSinger_same_text_control,mert_l3,3,149,9,0.06774497846276979,0.029315748365906506,1.0,train_speakers_only
GTSinger_same_text_control,mert_l3,3,149,10,0.0,0.0,1.0,train_speakers_only
GTSinger_same_text_control,mert_l3,3,151,1,0.6962842415611775,0.42508926049924994,0.42508926049924994,train_speakers_only
GTSinger_same_text_control,mert_l3,3,151,2,0.26834714517092517,0.16382891165542887,0.5889181721546788,train_speakers_only
GTSinger_same_text_control,mert_l3,3,151,3,0.16839790722112913,0.10280879212453281,0.6917269642792117,train_speakers_only
GTSinger_same_text_control,mert_l3,3,151,4,0.14849204910358582,0.09065604472382059,0.7823830090030323,train_speakers_only
GTSinger_same_text_control,mert_l3,3,151,5,0.12361157337579624,0.07546623803757185,0.8578492470406041,train_speakers_only
GTSinger_same_text_control,mert_l3,3,151,6,0.07789670434835984,0.047556802912167566,0.9054060499527716,train_speakers_only
GTSinger_same_text_control,mert_l3,3,151,7,0.06626386314613272,0.04045482419572774,0.9458608741484994,train_speakers_only
GTSinger_same_text_control,mert_l3,3,151,8,0.05553781479038535,0.033906452580422075,0.9797673267289215,train_speakers_only
GTSinger_same_text_control,mert_l3,3,151,9,0.03314054922667889,0.02023267327107838,0.9999999999999999,train_speakers_only
GTSinger_same_text_control,mert_l3,3,151,10,9.646572675149982e-18,5.889339726599977e-18,0.9999999999999999,train_speakers_only
GTSinger_same_text_control,mert_l3,3,157,1,0.6455902533942969,0.33385033814689064,0.33385033814689064,train_speakers_only
GTSinger_same_text_control,mert_l3,3,157,2,0.36788745005774476,0.19024350035650708,0.5240938385033977,train_speakers_only
GTSinger_same_text_control,mert_l3,3,157,3,0.29288465546092457,0.15145774080319938,0.6755515793065971,train_speakers_only
GTSinger_same_text_control,mert_l3,3,157,4,0.16387121721775502,0.08474177079510006,0.7602933501016972,train_speakers_only
GTSinger_same_text_control,mert_l3,3,157,5,0.13032965001511976,0.06739661495716442,0.8276899650588616,train_speakers_only
GTSinger_same_text_control,mert_l3,3,157,6,0.12585242710869254,0.06508133467929315,0.8927712997381547,train_speakers_only
GTSinger_same_text_control,mert_l3,3,157,7,0.09777412867595243,0.05056136728964544,0.9433326670278002,train_speakers_only
GTSinger_same_text_control,mert_l3,3,157,8,0.060261827507391126,0.03116284885795001,0.9744955158857502,train_speakers_only
GTSinger_same_text_control,mert_l3,3,157,9,0.049319843296862904,0.025504484114249784,1.0,train_speakers_only
GTSinger_same_text_control,mert_l3,3,157,10,9.6693516655778e-19,5.000255667185178e-19,1.0,train_speakers_only
GTSinger_same_text_control,mert_l3,3,163,1,0.7519620604233855,0.2867160375327621,0.2867160375327621,train_speakers_only
GTSinger_same_text_control,mert_l3,3,163,2,0.6306004723133931,0.24044200925002074,0.5271580467827828,train_speakers_only
GTSinger_same_text_control,mert_l3,3,163,3,0.38937142940616143,0.14846365161687125,0.675621698399654,train_speakers_only
GTSinger_same_text_control,mert_l3,3,163,4,0.297575545940295,0.11346274750964337,0.7890844459092974,train_speakers_only
GTSinger_same_text_control,mert_l3,3,163,5,0.18245018301906857,0.06956653304144242,0.8586509789507398,train_speakers_only
GTSinger_same_text_control,mert_l3,3,163,6,0.12047576321639772,0.04593627161015556,0.9045872505608954,train_speakers_only
GTSinger_same_text_control,mert_l3,3,163,7,0.10755894957688499,0.041011212462643484,0.9455984630235389,train_speakers_only
GTSinger_same_text_control,mert_l3,3,163,8,0.07717824199339834,0.029427335357361892,0.9750257983809008,train_speakers_only
GTSinger_same_text_control,mert_l3,3,163,9,0.06549913380684567,0.02497420161909931,1.0,train_speakers_only
GTSinger_same_text_control,mert_l3,3,163,10,0.0,0.0,1.0,train_speakers_only
GTSinger_same_text_control,mert_l3,3,167,1,0.8144028533801294,0.3769203640871847,0.3769203640871847,train_speakers_only
GTSinger_same_text_control,mert_l3,3,167,2,0.5063225416987283,0.2343352260746018,0.6112555901617865,train_speakers_only
GTSinger_same_text_control,mert_l3,3,167,3,0.2614748197489298,0.12101527376819754,0.7322708639299841,train_speakers_only
GTSinger_same_text_control,mert_l3,3,167,4,0.1742397898772726,0.08064132482645171,0.8129121887564358,train_speakers_only
GTSinger_same_text_control,mert_l3,3,167,5,0.12572543501800332,0.05818800430932002,0.8711001930657558,train_speakers_only
GTSinger_same_text_control,mert_l3,3,167,6,0.12260924473648231,0.05674577510960526,0.927845968175361,train_speakers_only
GTSinger_same_text_control,mert_l3,3,167,7,0.07648874074226557,0.035400372051113495,0.9632463402264745,train_speakers_only
GTSinger_same_text_control,mert_l3,3,167,8,0.054542974471225844,0.025243474664616235,0.9884898148910907,train_speakers_only
GTSinger_same_text_control,mert_l3,3,167,9,0.02486978282091658,0.011510185108909152,0.9999999999999998,train_speakers_only
GTSinger_same_text_control,mert_l3,3,167,10,1.5111366854039336e-16,6.993813777591183e-17,0.9999999999999999,train_speakers_only
GTSinger_same_text_control,mert_l3,3,173,1,0.7269234650337052,0.3096019848275175,0.3096019848275175,train_speakers_only
GTSinger_same_text_control,mert_l3,3,173,2,0.6141920284269717,0.26158884698736834,0.5711908318148858,train_speakers_only
GTSinger_same_text_control,mert_l3,3,173,3,0.3618265404259857,0.15410455222265396,0.7252953840375398,train_speakers_only
GTSinger_same_text_control,mert_l3,3,173,4,0.17926718193093494,0.0763511951532335,0.8016465791907733,train_speakers_only
GTSinger_same_text_control,mert_l3,3,173,5,0.1719514644887066,0.07323537794619622,0.8748819571369695,train_speakers_only
GTSinger_same_text_control,mert_l3,3,173,6,0.10807112711610795,0.04602827817113123,0.9209102353081007,train_speakers_only
GTSinger_same_text_control,mert_l3,3,173,7,0.08395037120865352,0.03575507299382732,0.956665308301928,train_speakers_only
GTSinger_same_text_control,mert_l3,3,173,8,0.058126128565590345,0.024756340440065194,0.9814216487419931,train_speakers_only
GTSinger_same_text_control,mert_l3,3,173,9,0.04362064887473968,0.018578351258006835,1.0,train_speakers_only
GTSinger_same_text_control,mert_l3,3,173,10,6.646299547838259e-17,2.830707262522537e-17,1.0,train_speakers_only
GTSinger_same_text_control,mert_l3,3,179,1,1.029513871128856,0.41254005755563583,0.41254005755563583,train_speakers_only
GTSinger_same_text_control,mert_l3,3,179,2,0.5446222800439963,0.21823747407023583,0.6307775316258717,train_speakers_only
GTSinger_same_text_control,mert_l3,3,179,3,0.29335371958913725,0.11755078174008926,0.748328313365961,train_speakers_only
GTSinger_same_text_control,mert_l3,3,179,4,0.19130064952894327,0.07665674371202628,0.8249850570779872,train_speakers_only
GTSinger_same_text_control,mert_l3,3,179,5,0.13689402446030075,0.05485527714935145,0.8798403342273386,train_speakers_only
GTSinger_same_text_control,mert_l3,3,179,6,0.10850009420016639,0.04347744732865889,0.9233177815559975,train_speakers_only
GTSinger_same_text_control,mert_l3,3,179,7,0.08379270570329093,0.03357686438520217,0.9568946459411997,train_speakers_only
GTSinger_same_text_control,mert_l3,3,179,8,0.0648592438202628,0.02598997150887078,0.9828846174500705,train_speakers_only
GTSinger_same_text_control,mert_l3,3,179,9,0.04271227344378056,0.017115382549929597,1.0,train_speakers_only
GTSinger_same_text_control,mert_l3,3,179,10,0.0,0.0,1.0,train_speakers_only
GTSinger_same_text_control,mert_l3,3,181,1,0.8052717992905414,0.33862409314793207,0.33862409314793207,train_speakers_only
GTSinger_same_text_control,mert_l3,3,181,2,0.5613179435446838,0.23603928483269968,0.5746633779806317,train_speakers_only
GTSinger_same_text_control,mert_l3,3,181,3,0.34627216759177304,0.14561058618523284,0.7202739641658645,train_speakers_only
GTSinger_same_text_control,mert_l3,3,181,4,0.21955845696829043,0.09232632193173575,0.8126002860976003,train_speakers_only
GTSinger_same_text_control,mert_l3,3,181,5,0.12792420406202926,0.053793287720170724,0.866393573817771,train_speakers_only
GTSinger_same_text_control,mert_l3,3,181,6,0.11659050077635606,0.04902736272379056,0.9154209365415616,train_speakers_only
GTSinger_same_text_control,mert_l3,3,181,7,0.08281595845711137,0.03482486143861358,0.9502457979801753,train_speakers_only
GTSinger_same_text_control,mert_l3,3,181,8,0.07500486274500764,0.03154022486704466,0.9817860228472199,train_speakers_only
GTSinger_same_text_control,mert_l3,3,181,9,0.04331411276057206,0.018213977152780027,1.0,train_speakers_only
GTSinger_same_text_control,mert_l3,3,181,10,0.0,0.0,1.0,train_speakers_only
GTSinger_same_text_control,mert_l3,3,191,1,0.5801312927199476,0.26887198282950153,0.26887198282950153,train_speakers_only
GTSinger_same_text_control,mert_l3,3,191,2,0.5435557182096886,0.2519203938269603,0.5207923766564618,train_speakers_only
GTSinger_same_text_control,mert_l3,3,191,3,0.3251523421369553,0.15069753355680965,0.6714899102132714,train_speakers_only
GTSinger_same_text_control,mert_l3,3,191,4,0.19738338370584005,0.0914807775766803,0.7629706877899517,train_speakers_only
GTSinger_same_text_control,mert_l3,3,191,5,0.14323872112450756,0.06638648776579623,0.829357175555748,train_speakers_only
GTSinger_same_text_control,mert_l3,3,191,6,0.13596973571597404,0.0630175494849671,0.892374725040715,train_speakers_only
GTSinger_same_text_control,mert_l3,3,191,7,0.09501067089224328,0.04403435531461769,0.9364090803553327,train_speakers_only
GTSinger_same_text_control,mert_l3,3,191,8,0.0723586623808927,0.033535886226762956,0.9699449665820956,train_speakers_only
GTSinger_same_text_control,mert_l3,3,191,9,0.06484820473290652,0.030055033417904293,0.9999999999999999,train_speakers_only
GTSinger_same_text_control,mert_l3,3,191,10,5.046198783267494e-17,2.3387489860229303e-17,0.9999999999999999,train_speakers_only
GTSinger_same_text_control,mert_l3,3,193,1,1.0757786833467513,0.5042875585300931,0.5042875585300931,train_speakers_only
GTSinger_same_text_control,mert_l3,3,193,2,0.3380895700406604,0.15848460885085117,0.6627721673809442,train_speakers_only
GTSinger_same_text_control,mert_l3,3,193,3,0.24983441778175608,0.11711366894536218,0.7798858363263064,train_speakers_only
GTSinger_same_text_control,mert_l3,3,193,4,0.13834344521095424,0.06485058618844819,0.8447364225147546,train_speakers_only
GTSinger_same_text_control,mert_l3,3,193,5,0.11027936257815775,0.05169512221397004,0.8964315447287245,train_speakers_only
GTSinger_same_text_control,mert_l3,3,193,6,0.09168587070945294,0.0429791411630646,0.9394106858917891,train_speakers_only
GTSinger_same_text_control,mert_l3,3,193,7,0.07108097752774215,0.03332028526897632,0.9727309711607655,train_speakers_only
GTSinger_same_text_control,mert_l3,3,193,8,0.03439542901531054,0.01612337852685939,0.9888543496876249,train_speakers_only
GTSinger_same_text_control,mert_l3,3,193,9,0.02377661874712817,0.01114565031237502,0.9999999999999999,train_speakers_only
GTSinger_same_text_control,mert_l3,3,193,10,0.0,0.0,0.9999999999999999,train_speakers_only
GTSinger_same_text_control,mert_l3,3,197,1,0.7410513597071832,0.40126791555866526,0.40126791555866526,train_speakers_only
GTSinger_same_text_control,mert_l3,3,197,2,0.30818339920668314,0.1668765714947396,0.5681444870534049,train_speakers_only
GTSinger_same_text_control,mert_l3,3,197,3,0.22167406454597519,0.12003309709724869,0.6881775841506537,train_speakers_only
GTSinger_same_text_control,mert_l3,3,197,4,0.1526167793623636,0.08263963911787522,0.7708172232685289,train_speakers_only
GTSinger_same_text_control,mert_l3,3,197,5,0.12957052882989778,0.07016044885465318,0.8409776721231821,train_speakers_only
GTSinger_same_text_control,mert_l3,3,197,6,0.10580852884431285,0.05729369126920283,0.8982713633923849,train_speakers_only
GTSinger_same_text_control,mert_l3,3,197,7,0.08127670234152741,0.04401008446290913,0.942281447855294,train_speakers_only
GTSinger_same_text_control,mert_l3,3,197,8,0.066469810285204,0.035992380111498495,0.9782738279667925,train_speakers_only
GTSinger_same_text_control,mert_l3,3,197,9,0.04012334079594985,0.021726172033207713,1.0000000000000002,train_speakers_only
GTSinger_same_text_control,mert_l3,3,197,10,0.0,0.0,1.0000000000000002,train_speakers_only
GTSinger_same_text_control,mert_l3,3,199,1,0.7470853369745966,0.34621009198004216,0.34621009198004216,train_speakers_only
GTSinger_same_text_control,mert_l3,3,199,2,0.5397015184916142,0.25010544727784384,0.596315539257886,train_speakers_only
GTSinger_same_text_control,mert_l3,3,199,3,0.26885422977262574,0.12459091754596861,0.7209064568038547,train_speakers_only
GTSinger_same_text_control,mert_l3,3,199,4,0.14330107738115286,0.06640778064508453,0.7873142374489392,train_speakers_only
GTSinger_same_text_control,mert_l3,3,199,5,0.1333233893215313,0.06178397646916719,0.8490982139181065,train_speakers_only
GTSinger_same_text_control,mert_l3,3,199,6,0.11486572232515556,0.0532304280694219,0.9023286419875284,train_speakers_only
GTSinger_same_text_control,mert_l3,3,199,7,0.09767891665735767,0.045265815090685654,0.947594457078214,train_speakers_only
GTSinger_same_text_control,mert_l3,3,199,8,0.07355523273405891,0.034086552941324635,0.9816810100195387,train_speakers_only
GTSinger_same_text_control,mert_l3,3,199,9,0.03953047331553944,0.01831898998046173,1.0000000000000004,train_speakers_only
GTSinger_same_text_control,mert_l3,3,199,10,1.2320753021217219e-16,5.709614184121029e-17,1.0000000000000004,train_speakers_only
GTSinger_same_text_control,mert_l3,3,211,1,0.7334386506699934,0.4143802499635459,0.4143802499635459,train_speakers_only
GTSinger_same_text_control,mert_l3,3,211,2,0.28760552730605643,0.16249218688858624,0.5768724368521321,train_speakers_only
GTSinger_same_text_control,mert_l3,3,211,3,0.20469215580748457,0.11564755499536251,0.6925199918474946,train_speakers_only
GTSinger_same_text_control,mert_l3,3,211,4,0.1557288466778739,0.0879841256715382,0.7805041175190328,train_speakers_only
GTSinger_same_text_control,mert_l3,3,211,5,0.1271053079158165,0.07181231752340259,0.8523164350424354,train_speakers_only
GTSinger_same_text_control,mert_l3,3,211,6,0.09541442319051949,0.05390751154946272,0.9062239465918981,train_speakers_only
GTSinger_same_text_control,mert_l3,3,211,7,0.07299284896834428,0.04123970692493984,0.9474636535168379,train_speakers_only
GTSinger_same_text_control,mert_l3,3,211,8,0.05063473652940987,0.028607757118783068,0.976071410635621,train_speakers_only
GTSinger_same_text_control,mert_l3,3,211,9,0.04235277211544339,0.023928589364379055,1.0,train_speakers_only
GTSinger_same_text_control,mert_l3,3,211,10,0.0,0.0,1.0,train_speakers_only
GTSinger_same_text_control,mert_l3,3,223,1,0.9467348340921473,0.39225076626796596,0.39225076626796596,train_speakers_only
GTSinger_same_text_control,mert_l3,3,223,2,0.5895466415828385,0.24426070910692435,0.6365114753748903,train_speakers_only
GTSinger_same_text_control,mert_l3,3,223,3,0.2743739037057448,0.1136784769050088,0.750189952279899,train_speakers_only
GTSinger_same_text_control,mert_l3,3,223,4,0.22612462252008392,0.09368785562919762,0.8438778079090967,train_speakers_only
GTSinger_same_text_control,mert_l3,3,223,5,0.13972468394173634,0.05789067051203586,0.9017684784211326,train_speakers_only
GTSinger_same_text_control,mert_l3,3,223,6,0.09778189206556076,0.040512951154509425,0.9422814295756421,train_speakers_only
GTSinger_same_text_control,mert_l3,3,223,7,0.06963380084477667,0.028850646195676028,0.9711320757713181,train_speakers_only
GTSinger_same_text_control,mert_l3,3,223,8,0.04695999790947733,0.01945644598743232,0.9905885217587505,train_speakers_only
GTSinger_same_text_control,mert_l3,3,223,9,0.022715505124607793,0.00941147824124962,1.0,train_speakers_only
GTSinger_same_text_control,mert_l3,3,223,10,0.0,0.0,1.0,train_speakers_only
GTSinger_same_text_control,mert_l3,3,227,1,0.9357916981494372,0.37130855203259994,0.37130855203259994,train_speakers_only
GTSinger_same_text_control,mert_l3,3,227,2,0.6556875752714002,0.2601673050116238,0.6314758570442237,train_speakers_only
GTSinger_same_text_control,mert_l3,3,227,3,0.27006524702867274,0.1071579669138393,0.738633823958063,train_speakers_only
GTSinger_same_text_control,mert_l3,3,227,4,0.17543030928783776,0.06960819833421535,0.8082420222922784,train_speakers_only
GTSinger_same_text_control,mert_l3,3,227,5,0.12577583995733163,0.04990602621031483,0.8581480485025932,train_speakers_only
GTSinger_same_text_control,mert_l3,3,227,6,0.11234587164293103,0.04457720987381057,0.9027252583764037,train_speakers_only
GTSinger_same_text_control,mert_l3,3,227,7,0.08851620775343222,0.03512194540445174,0.9378472037808554,train_speakers_only
GTSinger_same_text_control,mert_l3,3,227,8,0.08469069232273098,0.03360403645296069,0.9714512402338161,train_speakers_only
GTSinger_same_text_control,mert_l3,3,227,9,0.07195011328290586,0.028548759766183634,0.9999999999999998,train_speakers_only
GTSinger_same_text_control,mert_l3,3,227,10,0.0,0.0,0.9999999999999998,train_speakers_only
GTSinger_same_text_control,mert_l3,3,229,1,0.7802572528338769,0.3847793328728754,0.3847793328728754,train_speakers_only
GTSinger_same_text_control,mert_l3,3,229,2,0.3385018083469948,0.1669302009291922,0.5517095338020677,train_speakers_only
GTSinger_same_text_control,mert_l3,3,229,3,0.22862000051305348,0.11274262553703979,0.6644521593391075,train_speakers_only
GTSinger_same_text_control,mert_l3,3,229,4,0.21587638920893926,0.10645818763123502,0.7709103469703426,train_speakers_only
GTSinger_same_text_control,mert_l3,3,229,5,0.1348571396169916,0.06650401521614321,0.8374143621864858,train_speakers_only
GTSinger_same_text_control,mert_l3,3,229,6,0.11574257152598667,0.05707777697036308,0.8944921391568489,train_speakers_only
GTSinger_same_text_control,mert_l3,3,229,7,0.08659894986604161,0.04270576920102208,0.937197908357871,train_speakers_only
GTSinger_same_text_control,mert_l3,3,229,8,0.07061650915184459,0.034824121381212145,0.9720220297390831,train_speakers_only
GTSinger_same_text_control,mert_l3,3,229,9,0.0567338532780897,0.02797797026091693,1.0,train_speakers_only
GTSinger_same_text_control,mert_l3,3,229,10,0.0,0.0,1.0,train_speakers_only
GTSinger_same_text_control,mert_l3,3,233,1,0.691254557167552,0.29963414021192036,0.29963414021192036,train_speakers_only
GTSinger_same_text_control,mert_l3,3,233,2,0.5866507984783119,0.2542921500972881,0.5539262903092085,train_speakers_only
GTSinger_same_text_control,mert_l3,3,233,3,0.35460528003058,0.15370871279596626,0.7076350031051748,train_speakers_only
GTSinger_same_text_control,mert_l3,3,233,4,0.20650808282668878,0.08951387184791998,0.7971488749530948,train_speakers_only
GTSinger_same_text_control,mert_l3,3,233,5,0.14256064419081035,0.061794943132385156,0.85894381808548,train_speakers_only
GTSinger_same_text_control,mert_l3,3,233,6,0.11263375795542675,0.04882270774763442,0.9077665258331145,train_speakers_only
GTSinger_same_text_control,mert_l3,3,233,7,0.08692531565336582,0.037679017010997955,0.9454455428441124,train_speakers_only
GTSinger_same_text_control,mert_l3,3,233,8,0.07326253069620488,0.03175668813650349,0.9772022309806159,train_speakers_only
GTSinger_same_text_control,mert_l3,3,233,9,0.052594346280956994,0.022797769019384198,1.0,train_speakers_only
GTSinger_same_text_control,mert_l3,3,233,10,0.0,0.0,1.0,train_speakers_only
GTSinger_same_text_control,mert_l3,3,239,1,0.9242167086042001,0.3587825496518176,0.3587825496518176,train_speakers_only
GTSinger_same_text_control,mert_l3,3,239,2,0.5621453122973147,0.21822579763294625,0.5770083472847638,train_speakers_only
GTSinger_same_text_control,mert_l3,3,239,3,0.3710387384984502,0.14403789000862802,0.7210462372933918,train_speakers_only
GTSinger_same_text_control,mert_l3,3,239,4,0.222501899054469,0.0863756280339238,0.8074218653273156,train_speakers_only
GTSinger_same_text_control,mert_l3,3,239,5,0.1411191562320987,0.0547827043228111,0.8622045696501267,train_speakers_only
GTSinger_same_text_control,mert_l3,3,239,6,0.10593689018650271,0.04112488684683073,0.9033294564969574,train_speakers_only
GTSinger_same_text_control,mert_l3,3,239,7,0.10246713497775126,0.039777921780224636,0.943107378277182,train_speakers_only
GTSinger_same_text_control,mert_l3,3,239,8,0.07908128782033752,0.030699494836855176,0.9738068731140372,train_speakers_only
GTSinger_same_text_control,mert_l3,3,239,9,0.06747297364960905,0.026193126885962714,1.0,train_speakers_only
GTSinger_same_text_control,mert_l3,3,239,10,0.0,0.0,1.0,train_speakers_only
GTSinger_same_text_control,mert_l3,3,241,1,0.8396459153052628,0.3572289218226641,0.3572289218226641,train_speakers_only
GTSinger_same_text_control,mert_l3,3,241,2,0.5607398888988444,0.23856783232425868,0.5957967541469228,train_speakers_only
GTSinger_same_text_control,mert_l3,3,241,3,0.34128807140782935,0.14520164697714347,0.7409984011240662,train_speakers_only
GTSinger_same_text_control,mert_l3,3,241,4,0.1609587028920225,0.06848018056657522,0.8094785816906415,train_speakers_only
GTSinger_same_text_control,mert_l3,3,241,5,0.13502862868862583,0.05744818209958642,0.8669267637902279,train_speakers_only
GTSinger_same_text_control,mert_l3,3,241,6,0.10784029509723005,0.04588085482749678,0.9128076186177247,train_speakers_only
GTSinger_same_text_control,mert_l3,3,241,7,0.09003118346464868,0.038303935043621506,0.9511115536613463,train_speakers_only
GTSinger_same_text_control,mert_l3,3,241,8,0.06462836706341644,0.027496259392663213,0.9786078130540095,train_speakers_only
GTSinger_same_text_control,mert_l3,3,241,9,0.0502810978937599,0.021392186945990724,1.0000000000000002,train_speakers_only
GTSinger_same_text_control,mert_l3,3,241,10,5.90444112254373e-17,2.5120554959227783e-17,1.0000000000000002,train_speakers_only
GTSinger_same_text_control,mert_l3,3,251,1,0.9012314052591689,0.37549747945297757,0.37549747945297757,train_speakers_only
GTSinger_same_text_control,mert_l3,3,251,2,0.5919611830185038,0.24664024229551723,0.6221377217484948,train_speakers_only
GTSinger_same_text_control,mert_l3,3,251,3,0.2494049109792725,0.10391439411610351,0.7260521158645983,train_speakers_only
GTSinger_same_text_control,mert_l3,3,251,4,0.19065534304537543,0.07943642480722672,0.805488540671825,train_speakers_only
GTSinger_same_text_control,mert_l3,3,251,5,0.1289245686492369,0.053716337762807126,0.8592048784346321,train_speakers_only
GTSinger_same_text_control,mert_l3,3,251,6,0.11266095859396759,0.04694011520007526,0.9061449936347074,train_speakers_only
GTSinger_same_text_control,mert_l3,3,251,7,0.09347963953327032,0.038948231075926334,0.9450932247106337,train_speakers_only
GTSinger_same_text_control,mert_l3,3,251,8,0.08003860606840145,0.03334803321569976,0.9784412579263335,train_speakers_only
GTSinger_same_text_control,mert_l3,3,251,9,0.05174313138659474,0.021558742073666665,1.0000000000000002,train_speakers_only
GTSinger_same_text_control,mert_l3,3,251,10,0.0,0.0,1.0000000000000002,train_speakers_only
GTSinger_same_text_control,mert_l3,3,257,1,0.7918357521047594,0.3945484880784614,0.3945484880784614,train_speakers_only
GTSinger_same_text_control,mert_l3,3,257,2,0.34520140423230394,0.1720037163772801,0.5665522044557415,train_speakers_only
GTSinger_same_text_control,mert_l3,3,257,3,0.2884560889296674,0.14372919315869623,0.7102813976144378,train_speakers_only
GTSinger_same_text_control,mert_l3,3,257,4,0.13624058681020193,0.06788468113242754,0.7781660787468653,train_speakers_only
GTSinger_same_text_control,mert_l3,3,257,5,0.12868701247442113,0.06412095699412128,0.8422870357409865,train_speakers_only
GTSinger_same_text_control,mert_l3,3,257,6,0.11737865908424173,0.05848633678293139,0.9007733725239179,train_speakers_only
GTSinger_same_text_control,mert_l3,3,257,7,0.09035140433963763,0.04501944990891691,0.9457928224328348,train_speakers_only
GTSinger_same_text_control,mert_l3,3,257,8,0.05992490637381628,0.02985882002067592,0.9756516424535108,train_speakers_only
GTSinger_same_text_control,mert_l3,3,257,9,0.04886573030411887,0.024348357546489306,1.0,train_speakers_only
GTSinger_same_text_control,mert_l3,3,257,10,0.0,0.0,1.0,train_speakers_only
GTSinger_same_text_control,hubert_l6,6,13,1,0.45374098828219506,0.34769144857054307,0.34769144857054307,train_speakers_only
GTSinger_same_text_control,hubert_l6,6,13,2,0.37469068136218897,0.28711698773768324,0.6348084363082263,train_speakers_only
GTSinger_same_text_control,hubert_l6,6,13,3,0.1371722971310026,0.1051120262989447,0.7399204626071709,train_speakers_only
GTSinger_same_text_control,hubert_l6,6,13,4,0.1198763234352756,0.09185851316257965,0.8317789757697506,train_speakers_only
GTSinger_same_text_control,hubert_l6,6,13,5,0.07381616723614672,0.0565636580715942,0.8883426338413448,train_speakers_only
GTSinger_same_text_control,hubert_l6,6,13,6,0.05299650189788099,0.040610019790819143,0.928952653632164,train_speakers_only
GTSinger_same_text_control,hubert_l6,6,13,7,0.04371650441737206,0.033498967780850764,0.9624516214130148,train_speakers_only
GTSinger_same_text_control,hubert_l6,6,13,8,0.03524816171251559,0.027009868453081537,0.9894614898660963,train_speakers_only
GTSinger_same_text_control,hubert_l6,6,13,9,0.0137528662923364,0.010538510133903799,1.0,train_speakers_only
GTSinger_same_text_control,hubert_l6,6,13,10,0.0,0.0,1.0,train_speakers_only
GTSinger_same_text_control,hubert_l6,6,17,1,0.3166225566812169,0.33024412241026546,0.33024412241026546,train_speakers_only
GTSinger_same_text_control,hubert_l6,6,17,2,0.15904601234973648,0.16588840454653198,0.49613252695679744,train_speakers_only
GTSinger_same_text_control,hubert_l6,6,17,3,0.12240940505848637,0.1276756367961597,0.6238081637529571,train_speakers_only
GTSinger_same_text_control,hubert_l6,6,17,4,0.11088698926309962,0.1156575098115278,0.7394656735644849,train_speakers_only
GTSinger_same_text_control,hubert_l6,6,17,5,0.06498237497046126,0.06777801183590738,0.8072436854003923,train_speakers_only
GTSinger_same_text_control,hubert_l6,6,17,6,0.05675849729265254,0.05920033090570211,0.8664440163060944,train_speakers_only
GTSinger_same_text_control,hubert_l6,6,17,7,0.048487685810636554,0.05057369701035037,0.9170177133164448,train_speakers_only
GTSinger_same_text_control,hubert_l6,6,17,8,0.04172283000397489,0.04351780720729926,0.960535520523744,train_speakers_only
GTSinger_same_text_control,hubert_l6,6,17,9,0.037836689715078295,0.03946447947625588,0.9999999999999999,train_speakers_only
GTSinger_same_text_control,hubert_l6,6,17,10,0.0,0.0,0.9999999999999999,train_speakers_only
GTSinger_same_text_control,hubert_l6,6,19,1,0.2697722229783031,0.2530657012381891,0.2530657012381891,train_speakers_only
GTSinger_same_text_control,hubert_l6,6,19,2,0.1828936547593478,0.17156737073487394,0.42463307197306305,train_speakers_only
GTSinger_same_text_control,hubert_l6,6,19,3,0.16116694375933646,0.15118615693118462,0.5758192289042476,train_speakers_only
GTSinger_same_text_control,hubert_l6,6,19,4,0.1303125592772768,0.12224253049321324,0.6980617593974608,train_speakers_only
GTSinger_same_text_control,hubert_l6,6,19,5,0.10006358350587236,0.09386682086374881,0.7919285802612097,train_speakers_only
GTSinger_same_text_control,hubert_l6,6,19,6,0.07602119683384306,0.07131333713059915,0.8632419173918089,train_speakers_only
GTSinger_same_text_control,hubert_l6,6,19,7,0.05693836830958004,0.05341227478701926,0.9166541921788282,train_speakers_only
GTSinger_same_text_control,hubert_l6,6,19,8,0.045711959483105954,0.04288109781596856,0.9595352899947968,train_speakers_only
GTSinger_same_text_control,hubert_l6,6,19,9,0.04313605011214682,0.04046471000520339,1.0000000000000002,train_speakers_only
GTSinger_same_text_control,hubert_l6,6,19,10,6.743069365762082e-17,6.32548287850071e-17,1.0000000000000002,train_speakers_only
GTSinger_same_text_control,hubert_l6,6,23,1,0.3443024846214839,0.2947491460027136,0.2947491460027136,train_speakers_only
GTSinger_same_text_control,hubert_l6,6,23,2,0.2086224189261896,0.17859667752068786,0.4733458235234015,train_speakers_only
GTSinger_same_text_control,hubert_l6,6,23,3,0.17140085843253378,0.1467321872587177,0.6200780107821192,train_speakers_only
GTSinger_same_text_control,hubert_l6,6,23,4,0.1544200790196152,0.13219534696864357,0.7522733577507628,train_speakers_only
GTSinger_same_text_control,hubert_l6,6,23,5,0.09406657125001697,0.08052814830490439,0.8328015060556672,train_speakers_only
GTSinger_same_text_control,hubert_l6,6,23,6,0.07320628065902755,0.06267015101562513,0.8954716570712923,train_speakers_only
GTSinger_same_text_control,hubert_l6,6,23,7,0.05328346393187676,0.04561470274387642,0.9410863598151687,train_speakers_only
GTSinger_same_text_control,hubert_l6,6,23,8,0.042493747482990084,0.0363778838100338,0.9774642436252026,train_speakers_only
GTSinger_same_text_control,hubert_l6,6,23,9,0.02632447631449892,0.022535756374797485,1.0,train_speakers_only
GTSinger_same_text_control,hubert_l6,6,23,10,0.0,0.0,1.0,train_speakers_only
GTSinger_same_text_control,hubert_l6,6,29,1,0.21025846483533875,0.25592696887386895,0.25592696887386895,train_speakers_only
GTSinger_same_text_control,hubert_l6,6,29,2,0.1547175040890618,0.18832241491087368,0.44424938378474266,train_speakers_only
GTSinger_same_text_control,hubert_l6,6,29,3,0.11162367962931448,0.13586853687175243,0.580117920656495,train_speakers_only
GTSinger_same_text_control,hubert_l6,6,29,4,0.0964625634629194,0.11741439992060144,0.6975323205770965,train_speakers_only
GTSinger_same_text_control,hubert_l6,6,29,5,0.0762913707379486,0.09286198907371715,0.7903943096508136,train_speakers_only
GTSinger_same_text_control,hubert_l6,6,29,6,0.04990058105589757,0.06073907399962253,0.8511333836504361,train_speakers_only
GTSinger_same_text_control,hubert_l6,6,29,7,0.04653290926020265,0.05663993803613497,0.9077733216865711,train_speakers_only
GTSinger_same_text_control,hubert_l6,6,29,8,0.04136402845447024,0.05034836733472519,0.9581216890212962,train_speakers_only
GTSinger_same_text_control,hubert_l6,6,29,9,0.034405398598764764,0.041878310978703565,0.9999999999999998,train_speakers_only
GTSinger_same_text_control,hubert_l6,6,29,10,0.0,0.0,0.9999999999999998,train_speakers_only
GTSinger_same_text_control,hubert_l6,6,31,1,0.17237619588669265,0.2551504171451476,0.2551504171451476,train_speakers_only
GTSinger_same_text_control,hubert_l6,6,31,2,0.12420061619186121,0.18384115549149438,0.43899157263664196,train_speakers_only
GTSinger_same_text_control,hubert_l6,6,31,3,0.11555645117574237,0.17104610395674544,0.6100376765933874,train_speakers_only
GTSinger_same_text_control,hubert_l6,6,31,4,0.07379784404144185,0.10923521426336374,0.7192728908567512,train_speakers_only
GTSinger_same_text_control,hubert_l6,6,31,5,0.05450154845210357,0.08067293022147637,0.7999458210782275,train_speakers_only
GTSinger_same_text_control,hubert_l6,6,31,6,0.04491181186269441,0.0664782481859812,0.8664240692642088,train_speakers_only
GTSinger_same_text_control,hubert_l6,6,31,7,0.03881181607225223,0.057449063718202145,0.9238731329824109,train_speakers_only
GTSinger_same_text_control,hubert_l6,6,31,8,0.037197410652014706,0.0550594285699375,0.9789325615523484,train_speakers_only
GTSinger_same_text_control,hubert_l6,6,31,9,0.01423287854010203,0.021067438447651715,1.0000000000000002,train_speakers_only
GTSinger_same_text_control,hubert_l6,6,31,10,1.20683279801119e-17,1.786348110613876e-17,1.0000000000000002,train_speakers_only
GTSinger_same_text_control,hubert_l6,6,37,1,0.40597673294119857,0.3682848172114549,0.3682848172114549,train_speakers_only
GTSinger_same_text_control,hubert_l6,6,37,2,0.1733213995175414,0.15722979855940813,0.525514615770863,train_speakers_only
GTSinger_same_text_control,hubert_l6,6,37,3,0.15345799043984149,0.13921055906166915,0.6647251748325321,train_speakers_only
GTSinger_same_text_control,hubert_l6,6,37,4,0.10910815596646646,0.09897827637873295,0.763703451211265,train_speakers_only
GTSinger_same_text_control,hubert_l6,6,37,5,0.08237101093399979,0.07472347611050092,0.8384269273217659,train_speakers_only
GTSinger_same_text_control,hubert_l6,6,37,6,0.06252867751976539,0.056723355557857104,0.8951502828796231,train_speakers_only
GTSinger_same_text_control,hubert_l6,6,37,7,0.044226899865588455,0.04012076163780234,0.9352710445174254,train_speakers_only
GTSinger_same_text_control,hubert_l6,6,37,8,0.03715812759630553,0.033708272221864975,0.9689793167392904,train_speakers_only
GTSinger_same_text_control,hubert_l6,6,37,9,0.03419547875783263,0.031020683260709524,0.9999999999999999,train_speakers_only
GTSinger_same_text_control,hubert_l6,6,37,10,2.3189849927185205e-17,2.103684509139461e-17,0.9999999999999999,train_speakers_only
GTSinger_same_text_control,hubert_l6,6,41,1,0.278286082837852,0.28631494803546825,0.28631494803546825,train_speakers_only
GTSinger_same_text_control,hubert_l6,6,41,2,0.16676038469982787,0.1715716085864269,0.45788655662189515,train_speakers_only
GTSinger_same_text_control,hubert_l6,6,41,3,0.14570058531072966,0.1499042103959095,0.6077907670178047,train_speakers_only
GTSinger_same_text_control,hubert_l6,6,41,4,0.107592152007037,0.11069630610621728,0.7184870731240219,train_speakers_only
GTSinger_same_text_control,hubert_l6,6,41,5,0.09273978589626578,0.09541543259704155,0.8139025057210635,train_speakers_only
GTSinger_same_text_control,hubert_l6,6,41,6,0.05652890638472019,0.05815982865184642,0.8720623343729099,train_speakers_only
GTSinger_same_text_control,hubert_l6,6,41,7,0.05419238410047307,0.05575589508256434,0.9278182294554742,train_speakers_only
GTSinger_same_text_control,hubert_l6,6,41,8,0.04022093183961602,0.04138135077458284,0.969199580230057,train_speakers_only
GTSinger_same_text_control,hubert_l6,6,41,9,0.029936712093974027,0.030800419769942914,1.0,train_speakers_only
GTSinger_same_text_control,hubert_l6,6,41,10,7.17151893035867e-17,7.37842528430506e-17,1.0,train_speakers_only
GTSinger_same_text_control,hubert_l6,6,43,1,0.43435121731074333,0.3110848361304149,0.3110848361304149,train_speakers_only
GTSinger_same_text_control,hubert_l6,6,43,2,0.3210026861059777,0.22990396716963718,0.5409888033000521,train_speakers_only
GTSinger_same_text_control,hubert_l6,6,43,3,0.23233442270645938,0.1663992477391539,0.707388051039206,train_speakers_only
GTSinger_same_text_control,hubert_l6,6,43,4,0.1435512822580556,0.10281225270656935,0.8102003037457753,train_speakers_only
GTSinger_same_text_control,hubert_l6,6,43,5,0.07004271355939312,0.05016499367645368,0.860365297422229,train_speakers_only
GTSinger_same_text_control,hubert_l6,6,43,6,0.06453682580874515,0.04622164525149137,0.9065869426737204,train_speakers_only
GTSinger_same_text_control,hubert_l6,6,43,7,0.05350046261545599,0.03831733855536465,0.9449042812290851,train_speakers_only
GTSinger_same_text_control,hubert_l6,6,43,8,0.04035511842861696,0.0289025675606856,0.9738068487897706,train_speakers_only
GTSinger_same_text_control,hubert_l6,6,43,9,0.03657210442941038,0.02619315121022949,1.0000000000000002,train_speakers_only
GTSinger_same_text_control,hubert_l6,6,43,10,4.3801767687116944e-17,3.1371077552249434e-17,1.0000000000000002,train_speakers_only
GTSinger_same_text_control,hubert_l6,6,47,1,0.27570269790917523,0.3091655438134028,0.3091655438134028,train_speakers_only
GTSinger_same_text_control,hubert_l6,6,47,2,0.15149277868591612,0.16987990201555458,0.47904544582895736,train_speakers_only
GTSinger_same_text_control,hubert_l6,6,47,3,0.14178439636088694,0.15899318482407154,0.6380386306530289,train_speakers_only
GTSinger_same_text_control,hubert_l6,6,47,4,0.10877273289965894,0.1219747988468049,0.7600134294998337,train_speakers_only
GTSinger_same_text_control,hubert_l6,6,47,5,0.06756617376057061,0.07576687864316507,0.8357803081429989,train_speakers_only
GTSinger_same_text_control,hubert_l6,6,47,6,0.04992235590526695,0.05598157881277829,0.8917618869557772,train_speakers_only
GTSinger_same_text_control,hubert_l6,6,47,7,0.03624065727944188,0.04063929225547462,0.9324011792112518,train_speakers_only
GTSinger_same_text_control,hubert_l6,6,47,8,0.03135329940131832,0.03515874140247369,0.9675599206137254,train_speakers_only
GTSinger_same_text_control,hubert_l6,6,47,9,0.02892889452319355,0.03244007938627451,0.9999999999999999,train_speakers_only
GTSinger_same_text_control,hubert_l6,6,47,10,0.0,0.0,0.9999999999999999,train_speakers_only
GTSinger_same_text_control,hubert_l6,6,53,1,0.39998627781489904,0.3510441000083782,0.3510441000083782,train_speakers_only
GTSinger_same_text_control,hubert_l6,6,53,2,0.2249925585034901,0.19746254956523926,0.5485066495736175,train_speakers_only
GTSinger_same_text_control,hubert_l6,6,53,3,0.15094645880910107,0.13247670412987064,0.6809833537034882,train_speakers_only
GTSinger_same_text_control,hubert_l6,6,53,4,0.09372162893094112,0.08225388395600582,0.763237237659494,train_speakers_only
GTSinger_same_text_control,hubert_l6,6,53,5,0.07113713294424273,0.062432818815710514,0.8256700564752045,train_speakers_only
GTSinger_same_text_control,hubert_l6,6,53,6,0.06226684661693498,0.054647897548918044,0.8803179540241226,train_speakers_only
GTSinger_same_text_control,hubert_l6,6,53,7,0.0574012773679521,0.050377677611952956,0.9306956316360756,train_speakers_only
GTSinger_same_text_control,hubert_l6,6,53,8,0.04375791789448847,0.038403714720982945,0.9690993463570585,train_speakers_only
GTSinger_same_text_control,hubert_l6,6,53,9,0.035208788389813866,0.030900653642941686,1.0000000000000002,train_speakers_only
GTSinger_same_text_control,hubert_l6,6,53,10,0.0,0.0,1.0000000000000002,train_speakers_only
GTSinger_same_text_control,hubert_l6,6,59,1,0.37971257820514265,0.3180947219489256,0.3180947219489256,train_speakers_only
GTSinger_same_text_control,hubert_l6,6,59,2,0.20933612860941805,0.17536610964702437,0.49346083159594994,train_speakers_only
GTSinger_same_text_control,hubert_l6,6,59,3,0.16685968045194008,0.13978252684895545,0.6332433584449054,train_speakers_only
GTSinger_same_text_control,hubert_l6,6,59,4,0.1407626851807515,0.11792042132237396,0.7511637797672794,train_speakers_only
GTSinger_same_text_control,hubert_l6,6,59,5,0.08604996767485673,0.07208620970796398,0.8232499894752434,train_speakers_only
GTSinger_same_text_control,hubert_l6,6,59,6,0.07088973497123968,0.05938610367162209,0.8826360931468655,train_speakers_only
GTSinger_same_text_control,hubert_l6,6,59,7,0.056245292580422004,0.04711808807829214,0.9297541812251576,train_speakers_only
GTSinger_same_text_control,hubert_l6,6,59,8,0.046017041804472435,0.038549626633115036,0.9683038078582726,train_speakers_only
GTSinger_same_text_control,hubert_l6,6,59,9,0.03783603438523384,0.03169619214172754,1.0000000000000002,train_speakers_only
GTSinger_same_text_control,hubert_l6,6,59,10,2.2861101818705655e-17,1.9151316663885967e-17,1.0000000000000002,train_speakers_only
GTSinger_same_text_control,hubert_l6,6,61,1,0.3928580039080079,0.3381887933232163,0.3381887933232163,train_speakers_only
GTSinger_same_text_control,hubert_l6,6,61,2,0.23961092781330226,0.20626722565950809,0.5444560189827243,train_speakers_only
GTSinger_same_text_control,hubert_l6,6,61,3,0.1945815377329579,0.16750402128575176,0.711960040268476,train_speakers_only
GTSinger_same_text_control,hubert_l6,6,61,4,0.09557196668991232,0.0822723929991674,0.7942324332676435,train_speakers_only
GTSinger_same_text_control,hubert_l6,6,61,5,0.07340155130516454,0.06318716130767306,0.8574195945753166,train_speakers_only
GTSinger_same_text_control,hubert_l6,6,61,6,0.05604243475988932,0.04824369924452419,0.9056632938198408,train_speakers_only
GTSinger_same_text_control,hubert_l6,6,61,7,0.04616638456831998,0.03974197734026983,0.9454052711601106,train_speakers_only
GTSinger_same_text_control,hubert_l6,6,61,8,0.03559439265254157,0.03064115935144479,0.9760464305115555,train_speakers_only
GTSinger_same_text_control,hubert_l6,6,61,9,0.027825734268812383,0.023953569488444654,1.0000000000000002,train_speakers_only
GTSinger_same_text_control,hubert_l6,6,61,10,1.779313374772335e-17,1.53170824362031e-17,1.0000000000000002,train_speakers_only
GTSinger_same_text_control,hubert_l6,6,67,1,0.4214010417855976,0.30699644940241455,0.30699644940241455,train_speakers_only
GTSinger_same_text_control,hubert_l6,6,67,2,0.34578665209459375,0.2519103274970033,0.5589067768994178,train_speakers_only
GTSinger_same_text_control,hubert_l6,6,67,3,0.21953324419744563,0.15993298499888153,0.7188397618982993,train_speakers_only
GTSinger_same_text_control,hubert_l6,6,67,4,0.11738068023637695,0.08551343847731202,0.8043532003756113,train_speakers_only
GTSinger_same_text_control,hubert_l6,6,67,5,0.08812767793545498,0.06420222433628747,0.8685554247118987,train_speakers_only
GTSinger_same_text_control,hubert_l6,6,67,6,0.06269327308980756,0.04567291091268646,0.9142283356245852,train_speakers_only
GTSinger_same_text_control,hubert_l6,6,67,7,0.05160465965981091,0.03759470366056275,0.9518230392851479,train_speakers_only
GTSinger_same_text_control,hubert_l6,6,67,8,0.03636845979687622,0.02649492270015799,0.9783179619853059,train_speakers_only
GTSinger_same_text_control,hubert_l6,6,67,9,0.029762016548439837,0.021682038014693886,0.9999999999999998,train_speakers_only
GTSinger_same_text_control,hubert_l6,6,67,10,0.0,0.0,0.9999999999999998,train_speakers_only
GTSinger_same_text_control,hubert_l6,6,71,1,0.3981768645543992,0.3113545227990018,0.3113545227990018,train_speakers_only
GTSinger_same_text_control,hubert_l6,6,71,2,0.25902594973777693,0.2025454217773756,0.5138999445763774,train_speakers_only
GTSinger_same_text_control,hubert_l6,6,71,3,0.16597412035555367,0.12978351491646592,0.6436834594928433,train_speakers_only
GTSinger_same_text_control,hubert_l6,6,71,4,0.13031676895291278,0.10190123792212086,0.7455846974149642,train_speakers_only
GTSinger_same_text_control,hubert_l6,6,71,5,0.1003271962897822,0.07845088227193886,0.8240355796869031,train_speakers_only
GTSinger_same_text_control,hubert_l6,6,71,6,0.0813778610950421,0.06363344373612816,0.8876690234230312,train_speakers_only
GTSinger_same_text_control,hubert_l6,6,71,7,0.05699506432155818,0.04456730823272815,0.9322363316557594,train_speakers_only
GTSinger_same_text_control,hubert_l6,6,71,8,0.051018625640577665,0.03989403015155033,0.9721303618073097,train_speakers_only
GTSinger_same_text_control,hubert_l6,6,71,9,0.035641188225149854,0.02786963819269024,1.0,train_speakers_only
GTSinger_same_text_control,hubert_l6,6,71,10,0.0,0.0,1.0,train_speakers_only
GTSinger_same_text_control,hubert_l6,6,73,1,0.17970413797250914,0.2398208486061849,0.2398208486061849,train_speakers_only
GTSinger_same_text_control,hubert_l6,6,73,2,0.14445920597933454,0.1927853735468212,0.43260622215300615,train_speakers_only
GTSinger_same_text_control,hubert_l6,6,73,3,0.1222328670740042,0.163123622193603,0.5957298443466091,train_speakers_only
GTSinger_same_text_control,hubert_l6,6,73,4,0.07393771009077685,0.09867220965541021,0.6944020540020194,train_speakers_only
GTSinger_same_text_control,hubert_l6,6,73,5,0.062097990325403946,0.08287172963627165,0.777273783638291,train_speakers_only
GTSinger_same_text_control,hubert_l6,6,73,6,0.05160538653253036,0.06886901843503952,0.8461428020733306,train_speakers_only
GTSinger_same_text_control,hubert_l6,6,73,7,0.04476388444572563,0.059738817791304244,0.9058816198646349,train_speakers_only
GTSinger_same_text_control,hubert_l6,6,73,8,0.03875759006389017,0.05172322821233364,0.9576048480769686,train_speakers_only
GTSinger_same_text_control,hubert_l6,6,73,9,0.031767814494946756,0.042395151923031796,1.0000000000000004,train_speakers_only
GTSinger_same_text_control,hubert_l6,6,73,10,1.2151005265718071e-17,1.6215900352214028e-17,1.0000000000000004,train_speakers_only
GTSinger_same_text_control,hubert_l6,6,79,1,0.3466554761615609,0.3469371566782213,0.3469371566782213,train_speakers_only
GTSinger_same_text_control,hubert_l6,6,79,2,0.17398916041403142,0.17413053812178148,0.5210676948000028,train_speakers_only
GTSinger_same_text_control,hubert_l6,6,79,3,0.13899639358124313,0.1391093373500577,0.6601770321500605,train_speakers_only
GTSinger_same_text_control,hubert_l6,6,79,4,0.09619853155210968,0.09627669922558656,0.7564537313756471,train_speakers_only
GTSinger_same_text_control,hubert_l6,6,79,5,0.06515841746484793,0.06521136299133867,0.8216650943669858,train_speakers_only
GTSinger_same_text_control,hubert_l6,6,79,6,0.053340031922473566,0.05338337422854924,0.875048468595535,train_speakers_only
GTSinger_same_text_control,hubert_l6,6,79,7,0.04943808662474844,0.049478258342032,0.924526726937567,train_speakers_only
GTSinger_same_text_control,hubert_l6,6,79,8,0.039409992176358266,0.03944201540322529,0.9639687423407923,train_speakers_only
GTSinger_same_text_control,hubert_l6,6,79,9,0.03600200364856636,0.036031257659207776,1.0,train_speakers_only
GTSinger_same_text_control,hubert_l6,6,79,10,0.0,0.0,1.0,train_speakers_only
GTSinger_same_text_control,hubert_l6,6,83,1,0.42200853376180625,0.31782004188509555,0.31782004188509555,train_speakers_only
GTSinger_same_text_control,hubert_l6,6,83,2,0.3424361348769627,0.25789304723158757,0.5757130891166831,train_speakers_only
GTSinger_same_text_control,hubert_l6,6,83,3,0.15244785348378148,0.11481043463176853,0.6905235237484516,train_speakers_only
GTSinger_same_text_control,hubert_l6,6,83,4,0.13029155354119415,0.09812424084084773,0.7886477645892993,train_speakers_only
GTSinger_same_text_control,hubert_l6,6,83,5,0.07865833626177753,0.05923860236305157,0.8478863669523509,train_speakers_only
GTSinger_same_text_control,hubert_l6,6,83,6,0.061091466635408084,0.04600876743370862,0.8938951343860595,train_speakers_only
GTSinger_same_text_control,hubert_l6,6,83,7,0.05863831594902786,0.0441612681735731,0.9380564025596326,train_speakers_only
GTSinger_same_text_control,hubert_l6,6,83,8,0.04667718500721352,0.03515318697902025,0.9732095895386529,train_speakers_only
GTSinger_same_text_control,hubert_l6,6,83,9,0.03557290399501475,0.02679041046134716,1.0,train_speakers_only
GTSinger_same_text_control,hubert_l6,6,83,10,3.6509403203489747e-17,2.7495700032175788e-17,1.0,train_speakers_only
GTSinger_same_text_control,hubert_l6,6,89,1,0.3506750336462552,0.31306572794839455,0.31306572794839455,train_speakers_only
GTSinger_same_text_control,hubert_l6,6,89,2,0.20172251317298237,0.18008811398243016,0.4931538419308247,train_speakers_only
GTSinger_same_text_control,hubert_l6,6,89,3,0.19400132651779037,0.17319501156878211,0.6663488534996068,train_speakers_only
GTSinger_same_text_control,hubert_l6,6,89,4,0.10073852577920325,0.08993448885593675,0.7562833423555435,train_speakers_only
GTSinger_same_text_control,hubert_l6,6,89,5,0.075467551379919,0.0673737838236592,0.8236571261792027,train_speakers_only
GTSinger_same_text_control,hubert_l6,6,89,6,0.0632883475749963,0.05650077907799985,0.8801579052572026,train_speakers_only
GTSinger_same_text_control,hubert_l6,6,89,7,0.05750258774722128,0.051335532229990294,0.9314934374871929,train_speakers_only
GTSinger_same_text_control,hubert_l6,6,89,8,0.04379644070735318,0.03909934633506706,0.97059278382226,train_speakers_only
GTSinger_same_text_control,hubert_l6,6,89,9,0.03293997267012099,0.029407216177739934,0.9999999999999999,train_speakers_only
GTSinger_same_text_control,hubert_l6,6,89,10,0.0,0.0,0.9999999999999999,train_speakers_only
GTSinger_same_text_control,hubert_l6,6,97,1,0.4227409468248557,0.39246578725949344,0.39246578725949344,train_speakers_only
GTSinger_same_text_control,hubert_l6,6,97,2,0.19834824771869963,0.18414327208457554,0.5766090593440689,train_speakers_only
GTSinger_same_text_control,hubert_l6,6,97,3,0.12051958335985641,0.11188841184837676,0.6884974711924456,train_speakers_only
GTSinger_same_text_control,hubert_l6,6,97,4,0.08737225147412847,0.08111497056762541,0.769612441760071,train_speakers_only
GTSinger_same_text_control,hubert_l6,6,97,5,0.07226554700306953,0.06709015298687891,0.83670259474695,train_speakers_only
GTSinger_same_text_control,hubert_l6,6,97,6,0.058426843091551994,0.05424252640592472,0.8909451211528747,train_speakers_only
GTSinger_same_text_control,hubert_l6,6,97,7,0.046234087836056675,0.04292297166169774,0.9338680928145725,train_speakers_only
GTSinger_same_text_control,hubert_l6,6,97,8,0.045838894737649044,0.04255608084676486,0.9764241736613374,train_speakers_only
GTSinger_same_text_control,hubert_l6,6,97,9,0.02539448653136972,0.02357582633866265,1.0,train_speakers_only
GTSinger_same_text_control,hubert_l6,6,97,10,0.0,0.0,1.0,train_speakers_only
GTSinger_same_text_control,hubert_l6,6,101,1,0.33976187387991696,0.3255420685192811,0.3255420685192811,train_speakers_only
GTSinger_same_text_control,hubert_l6,6,101,2,0.23338697247558823,0.22361919810934522,0.5491612666286263,train_speakers_only
GTSinger_same_text_control,hubert_l6,6,101,3,0.15532244159096587,0.14882184497504633,0.6979831116036727,train_speakers_only
GTSinger_same_text_control,hubert_l6,6,101,4,0.09812908211544841,0.09402215736852197,0.7920052689721946,train_speakers_only
GTSinger_same_text_control,hubert_l6,6,101,5,0.05678569516427831,0.054409084971723774,0.8464143539439184,train_speakers_only
GTSinger_same_text_control,hubert_l6,6,101,6,0.052880646984041685,0.050667471918603546,0.8970818258625219,train_speakers_only
GTSinger_same_text_control,hubert_l6,6,101,7,0.043295811049147065,0.04148378311611496,0.938565608978637,train_speakers_only
GTSinger_same_text_control,hubert_l6,6,101,8,0.03531816673484314,0.03384002131808737,0.9724056302967243,train_speakers_only
GTSinger_same_text_control,hubert_l6,6,101,9,0.028799702605455717,0.027594369703275768,1.0,train_speakers_only
GTSinger_same_text_control,hubert_l6,6,101,10,6.809693072290677e-17,6.524691965639529e-17,1.0,train_speakers_only
GTSinger_same_text_control,hubert_l6,6,103,1,0.3826400250774196,0.2756295094169726,0.2756295094169726,train_speakers_only
GTSinger_same_text_control,hubert_l6,6,103,2,0.36314386035940316,0.2615857137747052,0.5372152231916778,train_speakers_only
GTSinger_same_text_control,hubert_l6,6,103,3,0.2045838883728702,0.14736920628055475,0.6845844294722325,train_speakers_only
GTSinger_same_text_control,hubert_l6,6,103,4,0.19018916773900632,0.13700016612145613,0.8215845955936887,train_speakers_only
GTSinger_same_text_control,hubert_l6,6,103,5,0.06797427643017245,0.048964340470214314,0.870548936063903,train_speakers_only
GTSinger_same_text_control,hubert_l6,6,103,6,0.05507826189672202,0.03967487275556553,0.9102238088194685,train_speakers_only
GTSinger_same_text_control,hubert_l6,6,103,7,0.050808020087603205,0.036598862464428,0.9468226712838965,train_speakers_only
GTSinger_same_text_control,hubert_l6,6,103,8,0.03864721909378602,0.027838995768922008,0.9746616670528185,train_speakers_only
GTSinger_same_text_control,hubert_l6,6,103,9,0.03517569789547528,0.02533833294718137,0.9999999999999999,train_speakers_only
GTSinger_same_text_control,hubert_l6,6,103,10,7.40529642033478e-17,5.334304008084776e-17,0.9999999999999999,train_speakers_only
GTSinger_same_text_control,hubert_l6,6,107,1,0.4231200293225456,0.396029686141566,0.396029686141566,train_speakers_only
GTSinger_same_text_control,hubert_l6,6,107,2,0.1664919669599259,0.15583228599648352,0.5518619721380496,train_speakers_only
GTSinger_same_text_control,hubert_l6,6,107,3,0.14450981712191688,0.13525754762968478,0.6871195197677343,train_speakers_only
GTSinger_same_text_control,hubert_l6,6,107,4,0.1161747085533039,0.1087365999657755,0.7958561197335099,train_speakers_only
GTSinger_same_text_control,hubert_l6,6,107,5,0.06550342551858204,0.06130955580348185,0.8571656755369917,train_speakers_only
GTSinger_same_text_control,hubert_l6,6,107,6,0.054856936033283746,0.051344709903553894,0.9085103854405456,train_speakers_only
GTSinger_same_text_control,hubert_l6,6,107,7,0.04363020251572799,0.04083677020977184,0.9493471556503175,train_speakers_only
GTSinger_same_text_control,hubert_l6,6,107,8,0.039805532573082635,0.03725697551320295,0.9866041311635204,train_speakers_only
GTSinger_same_text_control,hubert_l6,6,107,9,0.014312210961039275,0.013395868836479696,1.0,train_speakers_only
GTSinger_same_text_control,hubert_l6,6,107,10,4.30272915968147e-17,4.027246078114269e-17,1.0,train_speakers_only
GTSinger_same_text_control,hubert_l6,6,109,1,0.3884262662963322,0.3211328066533551,0.3211328066533551,train_speakers_only
GTSinger_same_text_control,hubert_l6,6,109,2,0.22481110709182067,0.1858633878589638,0.5069961945123189,train_speakers_only
GTSinger_same_text_control,hubert_l6,6,109,3,0.1705725228704554,0.14102144412021753,0.6480176386325365,train_speakers_only
GTSinger_same_text_control,hubert_l6,6,109,4,0.12676750831900482,0.10480549146971775,0.7528231301022542,train_speakers_only
GTSinger_same_text_control,hubert_l6,6,109,5,0.08523079158458445,0.07046486216244643,0.8232879922647006,train_speakers_only
GTSinger_same_text_control,hubert_l6,6,109,6,0.08035097148800815,0.06643045342248376,0.8897184456871844,train_speakers_only
GTSinger_same_text_control,hubert_l6,6,109,7,0.06095122692038804,0.050391645128800525,0.940110090815985,train_speakers_only
GTSinger_same_text_control,hubert_l6,6,109,8,0.038674304766073,0.031974119961859865,0.9720842107778448,train_speakers_only
GTSinger_same_text_control,hubert_l6,6,109,9,0.03376554980874883,0.027915789222155284,1.0,train_speakers_only
GTSinger_same_text_control,hubert_l6,6,109,10,5.983591319384907e-17,4.9469555511335706e-17,1.0,train_speakers_only
GTSinger_same_text_control,hubert_l6,6,113,1,0.4366120726126672,0.39187469767529637,0.39187469767529637,train_speakers_only
GTSinger_same_text_control,hubert_l6,6,113,2,0.195443058058922,0.1754170214104918,0.5672917190857882,train_speakers_only
GTSinger_same_text_control,hubert_l6,6,113,3,0.1434993649398415,0.12879572916043533,0.6960874482462236,train_speakers_only
GTSinger_same_text_control,hubert_l6,6,113,4,0.11143850468209202,0.10001997899499888,0.7961074272412225,train_speakers_only
GTSinger_same_text_control,hubert_l6,6,113,5,0.08310589212961356,0.07459046232608285,0.8706978895673054,train_speakers_only
GTSinger_same_text_control,hubert_l6,6,113,6,0.051104610865529226,0.045868186403790034,0.9165660759710954,train_speakers_only
GTSinger_same_text_control,hubert_l6,6,113,7,0.04181520126267095,0.037530614430759654,0.9540966904018551,train_speakers_only
GTSinger_same_text_control,hubert_l6,6,113,8,0.03713447716181623,0.03332949985564541,0.9874261902575004,train_speakers_only
GTSinger_same_text_control,hubert_l6,6,113,9,0.014009266647929992,0.012573809742499784,1.0000000000000002,train_speakers_only
GTSinger_same_text_control,hubert_l6,6,113,10,6.458456816007855e-17,5.796692237750567e-17,1.0000000000000002,train_speakers_only
GTSinger_same_text_control,hubert_l6,6,127,1,0.25534562511100867,0.2720596635050017,0.2720596635050017,train_speakers_only
GTSinger_same_text_control,hubert_l6,6,127,2,0.18410284576608896,0.1961535790858396,0.4682132425908413,train_speakers_only
GTSinger_same_text_control,hubert_l6,6,127,3,0.15841188916695956,0.1687809816331041,0.6369942242239454,train_speakers_only
GTSinger_same_text_control,hubert_l6,6,127,4,0.1013906152306104,0.10802729300810616,0.7450215172320516,train_speakers_only
GTSinger_same_text_control,hubert_l6,6,127,5,0.08457419731013982,0.09011013073515262,0.8351316479672042,train_speakers_only
GTSinger_same_text_control,hubert_l6,6,127,6,0.060448297834266446,0.06440503361313175,0.899536681580336,train_speakers_only
GTSinger_same_text_control,hubert_l6,6,127,7,0.04682305077544561,0.049887925170863406,0.9494246067511993,train_speakers_only
GTSinger_same_text_control,hubert_l6,6,127,8,0.03398016645414923,0.03620439021557854,0.9856289969667779,train_speakers_only
GTSinger_same_text_control,hubert_l6,6,127,9,0.013488117664024234,0.014371003033222115,1.0,train_speakers_only
GTSinger_same_text_control,hubert_l6,6,127,10,4.172731928761769e-17,4.44586447855519e-17,1.0,train_speakers_only
GTSinger_same_text_control,hubert_l6,6,131,1,0.16580414705760074,0.22541594082281807,0.22541594082281807,train_speakers_only
GTSinger_same_text_control,hubert_l6,6,131,2,0.15759373736915097,0.21425363121050342,0.43966957203332147,train_speakers_only
GTSinger_same_text_control,hubert_l6,6,131,3,0.10190735687877629,0.138546249507352,0.5782158215406734,train_speakers_only
GTSinger_same_text_control,hubert_l6,6,131,4,0.07799415397251182,0.10603549976518839,0.6842513213058619,train_speakers_only
GTSinger_same_text_control,hubert_l6,6,131,5,0.06360618955808689,0.08647461065258917,0.7707259319584511,train_speakers_only
GTSinger_same_text_control,hubert_l6,6,131,6,0.051430661327797327,0.0699215979580874,0.8406475299165385,train_speakers_only
GTSinger_same_text_control,hubert_l6,6,131,7,0.04305641503203849,0.05853654733697906,0.8991840772535176,train_speakers_only
GTSinger_same_text_control,hubert_l6,6,131,8,0.04010175111038782,0.05451958901878486,0.9537036662723024,train_speakers_only
GTSinger_same_text_control,hubert_l6,6,131,9,0.034053155680096946,0.04629633372769766,1.0,train_speakers_only
GTSinger_same_text_control,hubert_l6,6,131,10,8.818177658247e-18,1.198858923888044e-17,1.0,train_speakers_only
GTSinger_same_text_control,hubert_l6,6,137,1,0.4049637082479431,0.32499452104206655,0.32499452104206655,train_speakers_only
GTSinger_same_text_control,hubert_l6,6,137,2,0.23119479205154603,0.18554018342850853,0.510534704470575,train_speakers_only
GTSinger_same_text_control,hubert_l6,6,137,3,0.15281958121965405,0.12264191973944105,0.6331766242100161,train_speakers_only
GTSinger_same_text_control,hubert_l6,6,137,4,0.14845847643738286,0.11914201312790658,0.7523186373379227,train_speakers_only
GTSinger_same_text_control,hubert_l6,6,137,5,0.09651461344699358,0.07745563350966078,0.8297742708475835,train_speakers_only
GTSinger_same_text_control,hubert_l6,6,137,6,0.07074716958059926,0.05677655065043844,0.8865508214980219,train_speakers_only
GTSinger_same_text_control,hubert_l6,6,137,7,0.05818863195946833,0.046697978580791874,0.9332488000788137,train_speakers_only
GTSinger_same_text_control,hubert_l6,6,137,8,0.043411042309702816,0.03483855618672074,0.9680873562655344,train_speakers_only
GTSinger_same_text_control,hubert_l6,6,137,9,0.03976517051815713,0.03191264373446537,0.9999999999999998,train_speakers_only
GTSinger_same_text_control,hubert_l6,6,137,10,8.282076400015735e-17,6.646594245450112e-17,0.9999999999999999,train_speakers_only
GTSinger_same_text_control,hubert_l6,6,139,1,0.24004373198371015,0.2835081245564577,0.2835081245564577,train_speakers_only
GTSinger_same_text_control,hubert_l6,6,139,2,0.15680770985052506,0.185200668929495,0.4687087934859527,train_speakers_only
GTSinger_same_text_control,hubert_l6,6,139,3,0.14032089917966173,0.1657286138394206,0.6344374073253733,train_speakers_only
GTSinger_same_text_control,hubert_l6,6,139,4,0.0723340201892528,0.08543144299587742,0.7198688503212508,train_speakers_only
GTSinger_same_text_control,hubert_l6,6,139,5,0.06783003050575115,0.08011192201676748,0.7999807723380183,train_speakers_only
GTSinger_same_text_control,hubert_l6,6,139,6,0.052128520937751936,0.061567361433819946,0.8615481337718383,train_speakers_only
GTSinger_same_text_control,hubert_l6,6,139,7,0.04572674575179609,0.05400642550850457,0.9155545592803428,train_speakers_only
GTSinger_same_text_control,hubert_l6,6,139,8,0.03878977133695917,0.045813382556731064,0.9613679418370739,train_speakers_only
GTSinger_same_text_control,hubert_l6,6,139,9,0.03270940975729908,0.038632058162926204,1.0,train_speakers_only
GTSinger_same_text_control,hubert_l6,6,139,10,0.0,0.0,1.0,train_speakers_only
GTSinger_same_text_control,hubert_l6,6,149,1,0.4151319104159677,0.37036600450546076,0.37036600450546076,train_speakers_only
GTSinger_same_text_control,hubert_l6,6,149,2,0.15798237142875218,0.14094628290495786,0.5113122874104186,train_speakers_only
GTSinger_same_text_control,hubert_l6,6,149,3,0.1437122398001847,0.12821497629510525,0.6395272637055238,train_speakers_only
GTSinger_same_text_control,hubert_l6,6,149,4,0.12536181654137135,0.11184337783971136,0.7513706415452351,train_speakers_only
GTSinger_same_text_control,hubert_l6,6,149,5,0.07649415587164313,0.06824537976329144,0.8196160213085266,train_speakers_only
GTSinger_same_text_control,hubert_l6,6,149,6,0.06829643164390065,0.06093166021514992,0.8805476815236766,train_speakers_only
GTSinger_same_text_control,hubert_l6,6,149,7,0.047955513645615476,0.042784212770193585,0.9233318942938702,train_speakers_only
GTSinger_same_text_control,hubert_l6,6,149,8,0.04528835190961019,0.04040466542452143,0.9637365597183917,train_speakers_only
GTSinger_same_text_control,hubert_l6,6,149,9,0.04064657948955334,0.03626344028160847,1.0000000000000002,train_speakers_only
GTSinger_same_text_control,hubert_l6,6,149,10,2.4671621625359056e-17,2.2011148015335243e-17,1.0000000000000002,train_speakers_only
GTSinger_same_text_control,hubert_l6,6,151,1,0.23365119639841325,0.27869885544169265,0.27869885544169265,train_speakers_only
GTSinger_same_text_control,hubert_l6,6,151,2,0.1571476697392596,0.18744554432745114,0.4661443997691438,train_speakers_only
GTSinger_same_text_control,hubert_l6,6,151,3,0.11464753251609554,0.1367514336924964,0.6028958334616402,train_speakers_only
GTSinger_same_text_control,hubert_l6,6,151,4,0.09549868968598854,0.11391071786460209,0.7168065513262423,train_speakers_only
GTSinger_same_text_control,hubert_l6,6,151,5,0.06287014457089868,0.07499142997532796,0.7917979813015702,train_speakers_only
GTSinger_same_text_control,hubert_l6,6,151,6,0.05631210387190084,0.06716900721471783,0.858966988516288,train_speakers_only
GTSinger_same_text_control,hubert_l6,6,151,7,0.047151738184771405,0.056242534456251506,0.9152095229725395,train_speakers_only
GTSinger_same_text_control,hubert_l6,6,151,8,0.040562138963361714,0.048382468729497016,0.9635919917020366,train_speakers_only
GTSinger_same_text_control,hubert_l6,6,151,9,0.030523177728235127,0.03640800829796335,0.9999999999999999,train_speakers_only
GTSinger_same_text_control,hubert_l6,6,151,10,6.913562913045728e-17,8.246489213795714e-17,1.0,train_speakers_only
GTSinger_same_text_control,hubert_l6,6,157,1,0.24806649093561983,0.26720180050223197,0.26720180050223197,train_speakers_only
GTSinger_same_text_control,hubert_l6,6,157,2,0.1793563808852875,0.19319154200697997,0.46039334250921193,train_speakers_only
GTSinger_same_text_control,hubert_l6,6,157,3,0.14512362583075733,0.15631814668372265,0.6167114891929346,train_speakers_only
GTSinger_same_text_control,hubert_l6,6,157,4,0.09758270066969983,0.10511001795716597,0.7218215071501006,train_speakers_only
GTSinger_same_text_control,hubert_l6,6,157,5,0.0867410064687833,0.09343201904625568,0.8152535261963563,train_speakers_only
GTSinger_same_text_control,hubert_l6,6,157,6,0.059977774829601795,0.06460432992840733,0.8798578561247636,train_speakers_only
GTSinger_same_text_control,hubert_l6,6,157,7,0.046715105088576826,0.050318606689841984,0.9301764628146056,train_speakers_only
GTSinger_same_text_control,hubert_l6,6,157,8,0.03671419559547064,0.039546248790397344,0.969722711605003,train_speakers_only
GTSinger_same_text_control,hubert_l6,6,157,9,0.02810901974865232,0.030277288394997097,1.0,train_speakers_only
GTSinger_same_text_control,hubert_l6,6,157,10,7.132203019242718e-17,7.68236564761865e-17,1.0,train_speakers_only
GTSinger_same_text_control,hubert_l6,6,163,1,0.4402199467807513,0.29452343859310137,0.29452343859310137,train_speakers_only
GTSinger_same_text_control,hubert_l6,6,163,2,0.35068023405382776,0.23461805657708337,0.5291414951701847,train_speakers_only
GTSinger_same_text_control,hubert_l6,6,163,3,0.23000929559738767,0.15388473226420776,0.6830262274343925,train_speakers_only
GTSinger_same_text_control,hubert_l6,6,163,4,0.14826651568350505,0.09919578689393746,0.7822220143283299,train_speakers_only
GTSinger_same_text_control,hubert_l6,6,163,5,0.10541328776272538,0.07052539125571375,0.8527474055840437,train_speakers_only
GTSinger_same_text_control,hubert_l6,6,163,6,0.06990118891431803,0.046766482689718766,0.8995138882737624,train_speakers_only
GTSinger_same_text_control,hubert_l6,6,163,7,0.05648528615639167,0.0377907471716209,0.9373046354453833,train_speakers_only
GTSinger_same_text_control,hubert_l6,6,163,8,0.04952015529880986,0.03313081682219583,0.9704354522675792,train_speakers_only
GTSinger_same_text_control,hubert_l6,6,163,9,0.044189704193098235,0.029564547732420832,1.0,train_speakers_only
GTSinger_same_text_control,hubert_l6,6,163,10,7.704827308527181e-17,5.15481465405665e-17,1.0,train_speakers_only
GTSinger_same_text_control,hubert_l6,6,167,1,0.4325119313741825,0.3767132932017336,0.3767132932017336,train_speakers_only
GTSinger_same_text_control,hubert_l6,6,167,2,0.19743010400040795,0.1719595212526292,0.5486728144543628,train_speakers_only
GTSinger_same_text_control,hubert_l6,6,167,3,0.16054686499622609,0.13983461227019606,0.6885074267245588,train_speakers_only
GTSinger_same_text_control,hubert_l6,6,167,4,0.09397807733008645,0.08185390605827184,0.7703613327828306,train_speakers_only
GTSinger_same_text_control,hubert_l6,6,167,5,0.08836380824461004,0.0769639373829782,0.8473252701658088,train_speakers_only
GTSinger_same_text_control,hubert_l6,6,167,6,0.07676570182646789,0.06686211001881569,0.9141873801846245,train_speakers_only
GTSinger_same_text_control,hubert_l6,6,167,7,0.04622405424692381,0.04026065973525575,0.9544480399198803,train_speakers_only
GTSinger_same_text_control,hubert_l6,6,167,8,0.03841762980322682,0.03346134705277759,0.9879093869726578,train_speakers_only
GTSinger_same_text_control,hubert_l6,6,167,9,0.01388147030201361,0.012090613027342163,1.0,train_speakers_only
GTSinger_same_text_control,hubert_l6,6,167,10,0.0,0.0,1.0,train_speakers_only
GTSinger_same_text_control,hubert_l6,6,173,1,0.4134177360023969,0.32377704630820264,0.32377704630820264,train_speakers_only
GTSinger_same_text_control,hubert_l6,6,173,2,0.3146321941348609,0.2464110114759654,0.570188057784168,train_speakers_only
GTSinger_same_text_control,hubert_l6,6,173,3,0.16810130614668792,0.1316521756202786,0.7018402334044467,train_speakers_only
GTSinger_same_text_control,hubert_l6,6,173,4,0.13295515271148417,0.10412670499489839,0.8059669383993451,train_speakers_only
GTSinger_same_text_control,hubert_l6,6,173,5,0.0696505604531756,0.054548343656715674,0.8605152820560608,train_speakers_only
GTSinger_same_text_control,hubert_l6,6,173,6,0.06301102011886377,0.049348443964276754,0.9098637260203375,train_speakers_only
GTSinger_same_text_control,hubert_l6,6,173,7,0.042951422275341926,0.03363833582351659,0.9435020618438541,train_speakers_only
GTSinger_same_text_control,hubert_l6,6,173,8,0.03779212388403823,0.029597719641173387,0.9730997814850275,train_speakers_only
GTSinger_same_text_control,hubert_l6,6,173,9,0.034347794456817814,0.026900218514972592,1.0,train_speakers_only
GTSinger_same_text_control,hubert_l6,6,173,10,0.0,0.0,1.0,train_speakers_only
GTSinger_same_text_control,hubert_l6,6,179,1,0.3728401219973346,0.3483702477206398,0.3483702477206398,train_speakers_only
GTSinger_same_text_control,hubert_l6,6,179,2,0.20880751951199436,0.1951032708299721,0.5434735185506119,train_speakers_only
GTSinger_same_text_control,hubert_l6,6,179,3,0.14865816984896904,0.13890158381707782,0.6823751023676897,train_speakers_only
GTSinger_same_text_control,hubert_l6,6,179,4,0.09815681691636573,0.09171468575173429,0.774089788119424,train_speakers_only
GTSinger_same_text_control,hubert_l6,6,179,5,0.06987527918782858,0.06528929394671407,0.839379082066138,train_speakers_only
GTSinger_same_text_control,hubert_l6,6,179,6,0.061473001289451226,0.057438466044409324,0.8968175481105473,train_speakers_only
GTSinger_same_text_control,hubert_l6,6,179,7,0.04856980114869438,0.04538211597847787,0.9421996640890251,train_speakers_only
GTSinger_same_text_control,hubert_l6,6,179,8,0.03878512021349131,0.03623961354874075,0.9784392776377658,train_speakers_only
GTSinger_same_text_control,hubert_l6,6,179,9,0.023075169043518137,0.02156072236223418,1.0,train_speakers_only
GTSinger_same_text_control,hubert_l6,6,179,10,0.0,0.0,1.0,train_speakers_only
GTSinger_same_text_control,hubert_l6,6,181,1,0.413137601905454,0.3068072728938555,0.3068072728938555,train_speakers_only
GTSinger_same_text_control,hubert_l6,6,181,2,0.33336725751945895,0.24756763528645204,0.5543749081803075,train_speakers_only
GTSinger_same_text_control,hubert_l6,6,181,3,0.194100640570791,0.14414443983267133,0.6985193480129789,train_speakers_only
GTSinger_same_text_control,hubert_l6,6,181,4,0.12464324053453771,0.09256347651891025,0.7910828245318892,train_speakers_only
GTSinger_same_text_control,hubert_l6,6,181,5,0.08709401608313773,0.06467839634204045,0.8557612208739296,train_speakers_only
GTSinger_same_text_control,hubert_l6,6,181,6,0.06504954892027304,0.048307572622672344,0.904068793496602,train_speakers_only
GTSinger_same_text_control,hubert_l6,6,181,7,0.054053294240659605,0.04014145340539865,0.9442102469020006,train_speakers_only
GTSinger_same_text_control,hubert_l6,6,181,8,0.04347176693644365,0.03228332207025738,0.976493568972258,train_speakers_only
GTSinger_same_text_control,hubert_l6,6,181,9,0.03165306497645231,0.02350643102774214,1.0000000000000002,train_speakers_only
GTSinger_same_text_control,hubert_l6,6,181,10,0.0,0.0,1.0000000000000002,train_speakers_only
GTSinger_same_text_control,hubert_l6,6,191,1,0.28835221784574194,0.26809643358359353,0.26809643358359353,train_speakers_only
GTSinger_same_text_control,hubert_l6,6,191,2,0.21225465059331822,0.19734446733488406,0.46544090091847756,train_speakers_only
GTSinger_same_text_control,hubert_l6,6,191,3,0.14176075719942913,0.13180253549361734,0.5972434364120949,train_speakers_only
GTSinger_same_text_control,hubert_l6,6,191,4,0.13708491960096106,0.12745515993489706,0.724698596346992,train_speakers_only
GTSinger_same_text_control,hubert_l6,6,191,5,0.0872336591904374,0.08110578476602581,0.8058043811130178,train_speakers_only
GTSinger_same_text_control,hubert_l6,6,191,6,0.07177952409583564,0.06673725126232916,0.872541632375347,train_speakers_only
GTSinger_same_text_control,hubert_l6,6,191,7,0.05466022556202731,0.05082052651280031,0.9233621588881473,train_speakers_only
GTSinger_same_text_control,hubert_l6,6,191,8,0.04280907456039723,0.03980187945284472,0.9631640383409921,train_speakers_only
GTSinger_same_text_control,hubert_l6,6,191,9,0.03961906952239934,0.036835961659008126,1.0000000000000002,train_speakers_only
GTSinger_same_text_control,hubert_l6,6,191,10,2.3819360570178976e-17,2.214612971183344e-17,1.0000000000000002,train_speakers_only
GTSinger_same_text_control,hubert_l6,6,193,1,0.42510744214305984,0.4353836741214784,0.4353836741214784,train_speakers_only
GTSinger_same_text_control,hubert_l6,6,193,2,0.16974669040343363,0.1738500209858407,0.6092336951073191,train_speakers_only
GTSinger_same_text_control,hubert_l6,6,193,3,0.10552056534313203,0.10807134121873992,0.717305036326059,train_speakers_only
GTSinger_same_text_control,hubert_l6,6,193,4,0.08428451849938523,0.08632194993065506,0.803626986256714,train_speakers_only
GTSinger_same_text_control,hubert_l6,6,193,5,0.055891722468756594,0.057242807509439185,0.8608697937661532,train_speakers_only
GTSinger_same_text_control,hubert_l6,6,193,6,0.04943603098339754,0.050631060926690605,0.9115008546928438,train_speakers_only
GTSinger_same_text_control,hubert_l6,6,193,7,0.03955462375419062,0.0405107878887633,0.9520116425816071,train_speakers_only
GTSinger_same_text_control,hubert_l6,6,193,8,0.03293985465160815,0.033736118264470046,0.9857477608460772,train_speakers_only
GTSinger_same_text_control,hubert_l6,6,193,9,0.013915847772107446,0.014252239153922893,1.0,train_speakers_only
GTSinger_same_text_control,hubert_l6,6,193,10,3.045231318524845e-17,3.11884448158628e-17,1.0,train_speakers_only
GTSinger_same_text_control,hubert_l6,6,197,1,0.3986020613327803,0.38768457220956054,0.38768457220956054,train_speakers_only
GTSinger_same_text_control,hubert_l6,6,197,2,0.16671103452540673,0.16214491186144908,0.5498294840710096,train_speakers_only
GTSinger_same_text_control,hubert_l6,6,197,3,0.11386530758333818,0.11074660003602492,0.6605760841070345,train_speakers_only
GTSinger_same_text_control,hubert_l6,6,197,4,0.09438063491220056,0.09179560172985513,0.7523716858368896,train_speakers_only
GTSinger_same_text_control,hubert_l6,6,197,5,0.07325564892733229,0.07124921738078077,0.8236209032176705,train_speakers_only
GTSinger_same_text_control,hubert_l6,6,197,6,0.061270018366840776,0.059591866585932136,0.8832127698036026,train_speakers_only
GTSinger_same_text_control,hubert_l6,6,197,7,0.0459583631436483,0.04469958909701117,0.9279123589006139,train_speakers_only
GTSinger_same_text_control,hubert_l6,6,197,8,0.04377990671303349,0.042580799378372516,0.9704931582789864,train_speakers_only
GTSinger_same_text_control,hubert_l6,6,197,9,0.030337776575381822,0.029506841721013664,1.0,train_speakers_only
GTSinger_same_text_control,hubert_l6,6,197,10,0.0,0.0,1.0,train_speakers_only
GTSinger_same_text_control,hubert_l6,6,199,1,0.2450618598488911,0.2777030909430029,0.2777030909430029,train_speakers_only
GTSinger_same_text_control,hubert_l6,6,199,2,0.16412372661307373,0.18598433148935883,0.4636874224323617,train_speakers_only
GTSinger_same_text_control,hubert_l6,6,199,3,0.14776400384571958,0.1674455609835517,0.6311329834159134,train_speakers_only
GTSinger_same_text_control,hubert_l6,6,199,4,0.08230114616849962,0.09326332009900334,0.7243963035149168,train_speakers_only
GTSinger_same_text_control,hubert_l6,6,199,5,0.05959555693801691,0.06753343983581094,0.7919297433507277,train_speakers_only
GTSinger_same_text_control,hubert_l6,6,199,6,0.05708824520759078,0.06469216450261005,0.8566219078533378,train_speakers_only
GTSinger_same_text_control,hubert_l6,6,199,7,0.0489738063046818,0.0554969157356438,0.9121188235889816,train_speakers_only
GTSinger_same_text_control,hubert_l6,6,199,8,0.043498091339784835,0.04929185807464186,0.9614106816636234,train_speakers_only
GTSinger_same_text_control,hubert_l6,6,199,9,0.03405352849945162,0.03858931833637655,1.0,train_speakers_only
GTSinger_same_text_control,hubert_l6,6,199,10,7.981754324648957e-19,9.044891148991767e-19,1.0,train_speakers_only
GTSinger_same_text_control,hubert_l6,6,211,1,0.37058872886608074,0.39637519333223964,0.39637519333223964,train_speakers_only
GTSinger_same_text_control,hubert_l6,6,211,2,0.15102065750322932,0.16152904190628073,0.5579042352385204,train_speakers_only
GTSinger_same_text_control,hubert_l6,6,211,3,0.11005233437358525,0.11771004328023633,0.6756142785187568,train_speakers_only
GTSinger_same_text_control,hubert_l6,6,211,4,0.07483607709615779,0.08004335322873589,0.7556576317474927,train_speakers_only
GTSinger_same_text_control,hubert_l6,6,211,5,0.06939256405181367,0.07422106731637025,0.8298786990638629,train_speakers_only
GTSinger_same_text_control,hubert_l6,6,211,6,0.047341642836108956,0.05063578940796559,0.8805144884718286,train_speakers_only
GTSinger_same_text_control,hubert_l6,6,211,7,0.04511838353093969,0.0482578303167364,0.9287723187885649,train_speakers_only
GTSinger_same_text_control,hubert_l6,6,211,8,0.035984891273210425,0.038488807468866106,0.967261126257431,train_speakers_only
GTSinger_same_text_control,hubert_l6,6,211,9,0.030609023493042422,0.032738873742569,1.0,train_speakers_only
GTSinger_same_text_control,hubert_l6,6,211,10,0.0,0.0,1.0,train_speakers_only
GTSinger_same_text_control,hubert_l6,6,223,1,0.44036931454445694,0.36118130428286443,0.36118130428286443,train_speakers_only
GTSinger_same_text_control,hubert_l6,6,223,2,0.3466743330949463,0.2843347246348252,0.6455160289176896,train_speakers_only
GTSinger_same_text_control,hubert_l6,6,223,3,0.12326216693119428,0.10109694011490088,0.7466129690325904,train_speakers_only
GTSinger_same_text_control,hubert_l6,6,223,4,0.0876143074801311,0.0718593435199923,0.8184723125525828,train_speakers_only
GTSinger_same_text_control,hubert_l6,6,223,5,0.0689910366703685,0.05658494310442021,0.875057255657003,train_speakers_only
GTSinger_same_text_control,hubert_l6,6,223,6,0.05293224282119949,0.0434138707429127,0.9184711263999157,train_speakers_only
GTSinger_same_text_control,hubert_l6,6,223,7,0.049236777020178125,0.040382930316633585,0.9588540567165492,train_speakers_only
GTSinger_same_text_control,hubert_l6,6,223,8,0.036893082337168405,0.030258901239151564,0.9891129579557008,train_speakers_only
GTSinger_same_text_control,hubert_l6,6,223,9,0.013273996149894832,0.010887042044299232,1.0,train_speakers_only
GTSinger_same_text_control,hubert_l6,6,223,10,1.5178830183347227e-18,1.2449345360906163e-18,1.0,train_speakers_only
GTSinger_same_text_control,hubert_l6,6,227,1,0.375096297255742,0.3751056523914646,0.3751056523914646,train_speakers_only
GTSinger_same_text_control,hubert_l6,6,227,2,0.16901978514242924,0.16902400060134307,0.5441296529928077,train_speakers_only
GTSinger_same_text_control,hubert_l6,6,227,3,0.1329259223539426,0.13292923760939504,0.6770588906022027,train_speakers_only
GTSinger_same_text_control,hubert_l6,6,227,4,0.07587236600090702,0.07587425830506124,0.7529331489072639,train_speakers_only
GTSinger_same_text_control,hubert_l6,6,227,5,0.0645100339618377,0.0645116428823405,0.8174447917896044,train_speakers_only
GTSinger_same_text_control,hubert_l6,6,227,6,0.05376201972355361,0.053763360581874295,0.8712081523714786,train_speakers_only
GTSinger_same_text_control,hubert_l6,6,227,7,0.04753351138150045,0.047534696896936346,0.918742849268415,train_speakers_only
GTSinger_same_text_control,hubert_l6,6,227,8,0.044966885770824555,0.044968007273016086,0.9637108565414311,train_speakers_only
GTSinger_same_text_control,hubert_l6,6,227,9,0.036288238407258186,0.03628914345856879,0.9999999999999999,train_speakers_only
GTSinger_same_text_control,hubert_l6,6,227,10,7.900652750739545e-17,7.900849797949344e-17,1.0,train_speakers_only
GTSinger_same_text_control,hubert_l6,6,229,1,0.40463961318443026,0.3668108940941505,0.3668108940941505,train_speakers_only
GTSinger_same_text_control,hubert_l6,6,229,2,0.17008149199196304,0.15418100975201215,0.5209919038461627,train_speakers_only
GTSinger_same_text_control,hubert_l6,6,229,3,0.14271589631849085,0.1293737533951558,0.6503656572413185,train_speakers_only
GTSinger_same_text_control,hubert_l6,6,229,4,0.11668077489858868,0.10577258866803524,0.7561382459093537,train_speakers_only
GTSinger_same_text_control,hubert_l6,6,229,5,0.08467940360061199,0.07676294345393837,0.8329011893632922,train_speakers_only
GTSinger_same_text_control,hubert_l6,6,229,6,0.05629622884121758,0.05103323886869141,0.8839344282319835,train_speakers_only
GTSinger_same_text_control,hubert_l6,6,229,7,0.047354961731106496,0.042927867876505356,0.9268622961084889,train_speakers_only
GTSinger_same_text_control,hubert_l6,6,229,8,0.04699957941240414,0.042605709338831364,0.9694680054473203,train_speakers_only
GTSinger_same_text_control,hubert_l6,6,229,9,0.03368071849680236,0.030531994552679756,1.0,train_speakers_only
GTSinger_same_text_control,hubert_l6,6,229,10,8.437502240098303e-17,7.648701807158965e-17,1.0,train_speakers_only
GTSinger_same_text_control,hubert_l6,6,233,1,0.3977353981342194,0.34949697790225637,0.34949697790225637,train_speakers_only
GTSinger_same_text_control,hubert_l6,6,233,2,0.18822731548548552,0.16539859974603535,0.5148955776482917,train_speakers_only
GTSinger_same_text_control,hubert_l6,6,233,3,0.1514565648153666,0.13308750474496342,0.6479830823932552,train_speakers_only
GTSinger_same_text_control,hubert_l6,6,233,4,0.12040247233259893,0.10579973623067612,0.7537828186239313,train_speakers_only
GTSinger_same_text_control,hubert_l6,6,233,5,0.08099035049013524,0.07116762266655159,0.8249504412904829,train_speakers_only
GTSinger_same_text_control,hubert_l6,6,233,6,0.0648607770045069,0.05699428729201918,0.8819447285825021,train_speakers_only
GTSinger_same_text_control,hubert_l6,6,233,7,0.056228405696254834,0.04940887322398057,0.9313536018064826,train_speakers_only
GTSinger_same_text_control,hubert_l6,6,233,8,0.04146641526240222,0.036437256745649245,0.9677908585521319,train_speakers_only
GTSinger_same_text_control,hubert_l6,6,233,9,0.0366547252403195,0.03220914144786814,1.0,train_speakers_only
GTSinger_same_text_control,hubert_l6,6,233,10,2.6218985176887842e-17,2.303907604395339e-17,1.0,train_speakers_only
GTSinger_same_text_control,hubert_l6,6,239,1,0.41359121733017645,0.3529137853773116,0.3529137853773116,train_speakers_only
GTSinger_same_text_control,hubert_l6,6,239,2,0.18337829365763741,0.15647510164386463,0.5093888870211762,train_speakers_only
GTSinger_same_text_control,hubert_l6,6,239,3,0.16312795293924373,0.1391956621909631,0.6485845492121394,train_speakers_only
GTSinger_same_text_control,hubert_l6,6,239,4,0.1266020049166849,0.10802838870690007,0.7566129379190394,train_speakers_only
GTSinger_same_text_control,hubert_l6,6,239,5,0.07983411337741268,0.06812175397760437,0.8247346918966437,train_speakers_only
GTSinger_same_text_control,hubert_l6,6,239,6,0.06635950814227044,0.05662399062881764,0.8813586825254613,train_speakers_only
GTSinger_same_text_control,hubert_l6,6,239,7,0.056781255079495906,0.04845095067041097,0.9298096331958723,train_speakers_only
GTSinger_same_text_control,hubert_l6,6,239,8,0.046204937331163785,0.03942627080411343,0.9692359039999857,train_speakers_only
GTSinger_same_text_control,hubert_l6,6,239,9,0.03605345113142817,0.03076409600001407,0.9999999999999998,train_speakers_only
GTSinger_same_text_control,hubert_l6,6,239,10,0.0,0.0,0.9999999999999998,train_speakers_only
GTSinger_same_text_control,hubert_l6,6,241,1,0.3607185119592218,0.34755484394107533,0.34755484394107533,train_speakers_only
GTSinger_same_text_control,hubert_l6,6,241,2,0.238520516097153,0.2298162084851976,0.577371052426273,train_speakers_only
GTSinger_same_text_control,hubert_l6,6,241,3,0.11226255053366731,0.1081657634348598,0.6855368158611328,train_speakers_only
GTSinger_same_text_control,hubert_l6,6,241,4,0.07718840256595332,0.07437157317532832,0.7599083890364611,train_speakers_only
GTSinger_same_text_control,hubert_l6,6,241,5,0.06905430396024222,0.06653431149404031,0.8264427005305014,train_speakers_only
GTSinger_same_text_control,hubert_l6,6,241,6,0.05489240143239696,0.052889217993736665,0.8793319185242381,train_speakers_only
GTSinger_same_text_control,hubert_l6,6,241,7,0.049379145526592845,0.04757715683684883,0.9269090753610869,train_speakers_only
GTSinger_same_text_control,hubert_l6,6,241,8,0.04528330630674345,0.04363078670704685,0.9705398620681338,train_speakers_only
GTSinger_same_text_control,hubert_l6,6,241,9,0.030575943055185725,0.02946013793186642,1.0000000000000002,train_speakers_only
GTSinger_same_text_control,hubert_l6,6,241,10,3.618825917940506e-17,3.4867644311582084e-17,1.0000000000000002,train_speakers_only
GTSinger_same_text_control,hubert_l6,6,251,1,0.3183249140203802,0.32256293484644644,0.32256293484644644,train_speakers_only
GTSinger_same_text_control,hubert_l6,6,251,2,0.2338612822154595,0.23697479592672435,0.5595377307731708,train_speakers_only
GTSinger_same_text_control,hubert_l6,6,251,3,0.10703343135291485,0.10845842164170494,0.6679961524148758,train_speakers_only
GTSinger_same_text_control,hubert_l6,6,251,4,0.08140768216273452,0.08249150387197515,0.7504876562868509,train_speakers_only
GTSinger_same_text_control,hubert_l6,6,251,5,0.0644156529681043,0.06527325118545904,0.8157609074723099,train_speakers_only
GTSinger_same_text_control,hubert_l6,6,251,6,0.05166157258824907,0.052349369272998394,0.8681102767453083,train_speakers_only
GTSinger_same_text_control,hubert_l6,6,251,7,0.04954929880091432,0.05020897371477233,0.9183192504600806,train_speakers_only
GTSinger_same_text_control,hubert_l6,6,251,8,0.045466252326962726,0.046071567574868556,0.9643908180349491,train_speakers_only
GTSinger_same_text_control,hubert_l6,6,251,9,0.03514132766914761,0.035609181965050855,0.9999999999999999,train_speakers_only
GTSinger_same_text_control,hubert_l6,6,251,10,4.383403348768204e-17,4.441761817938916e-17,0.9999999999999999,train_speakers_only
GTSinger_same_text_control,hubert_l6,6,257,1,0.38246347876975995,0.3902069438085097,0.3902069438085097,train_speakers_only
GTSinger_same_text_control,hubert_l6,6,257,2,0.13986829559349914,0.14270010913146514,0.5329070529399749,train_speakers_only
GTSinger_same_text_control,hubert_l6,6,257,3,0.13462570415625574,0.13735137468773828,0.6702584276277131,train_speakers_only
GTSinger_same_text_control,hubert_l6,6,257,4,0.09549203444927937,0.09742539350519648,0.7676838211329097,train_speakers_only
GTSinger_same_text_control,hubert_l6,6,257,5,0.06232662327241519,0.06358850592287293,0.8312723270557826,train_speakers_only
GTSinger_same_text_control,hubert_l6,6,257,6,0.051820773061820515,0.05286995126251024,0.8841422783182928,train_speakers_only
GTSinger_same_text_control,hubert_l6,6,257,7,0.0468777092386947,0.047826808754690656,0.9319690870729835,train_speakers_only
GTSinger_same_text_control,hubert_l6,6,257,8,0.03584682260530036,0.03657258763386537,0.9685416747068489,train_speakers_only
GTSinger_same_text_control,hubert_l6,6,257,9,0.030834050287413192,0.03145832529315137,1.0000000000000002,train_speakers_only
GTSinger_same_text_control,hubert_l6,6,257,10,0.0,0.0,1.0000000000000002,train_speakers_only
