dataset,model,layer,split_seed,split_protocol,duration_balanced,residualization_variant,formula,nuisance_columns,direction,test_speakers_N,chance_R1,R1_num,R1_den,R1,R1_boot_CI_low,R1_boot_CI_high,R5_boot_CI_low,R5_boot_CI_high,MRR_boot_CI_low,MRR_boot_CI_high,margin_boot_CI_low,margin_boot_CI_high,R5,MRR,median_rank,same_minus_impostor_margin,delta_R1_vs_raw,mode_AUC,variance_removed,B_rank
JVS_JVSMuSiC,wavlm_l12,12,13,60_20_20_speaker_disjoint,True,raw,raw,,S->G,20,0.05,3,20,0.15,0.0,0.35,0.5,0.9,0.17546633273524723,0.4355279106858054,0.0008845130488122246,0.0046656165668146924,0.7,0.29759370015948966,5.0,0.0027795483115108377,0.0,1.0,0.0,0
JVS_JVSMuSiC,wavlm_l12,12,13,60_20_20_speaker_disjoint,True,raw,raw,,G->S,20,0.05,3,20,0.15,0.0,0.3,0.34875000000000006,0.75,0.19084289887743838,0.46807110707275185,0.0013671746986830583,0.004078440681649549,0.55,0.3223693411851306,4.5,0.002779548311510849,0.0,1.0,0.0,0
JVS_JVSMuSiC,wavlm_l12,12,13,60_20_20_speaker_disjoint,True,center_only_classic,classic,,S->G,20,0.05,9,20,0.45,0.25,0.65,0.85,1.0,0.51875,0.7876041666666665,0.1370244468701166,0.21537094863824024,0.95,0.6614583333333333,2.0,0.17373974071595583,0.30000000000000004,1.0,0.9737370277993381,0
JVS_JVSMuSiC,wavlm_l12,12,13,60_20_20_speaker_disjoint,True,center_only_classic,classic,,G->S,20,0.05,4,20,0.2,0.05,0.4,0.45,0.85,0.29644209956709955,0.5786389339826838,0.11682903030502402,0.22836269912676266,0.65,0.4331764069264069,2.5,0.17373974071595583,0.05000000000000002,1.0,0.9737370277993381,0
JVS_JVSMuSiC,wavlm_l12,12,13,60_20_20_speaker_disjoint,True,mode_dummy_only,mean_preserving,mode_dummy,S->G,20,0.05,8,20,0.4,0.2,0.6,0.69875,1.0,0.45333333333333325,0.7613095238095238,0.0019398576175239674,0.0035883431906729153,0.85,0.6051587301587301,2.0,0.0028492206028652768,0.25,0.4329411764705882,0.008939209052401642,1
JVS_JVSMuSiC,wavlm_l12,12,13,60_20_20_speaker_disjoint,True,mode_dummy_only,mean_preserving,mode_dummy,G->S,20,0.05,16,20,0.8,0.6,0.95,0.85,1.0,0.735,0.975,0.0023681722410711617,0.003297511735159056,0.95,0.8675,1.0,0.00284922060286521,0.65,0.4329411764705882,0.008939209052401642,1
JVS_JVSMuSiC,wavlm_l12,12,13,60_20_20_speaker_disjoint,True,mode_dummy_only,classic,mode_dummy,S->G,20,0.05,15,20,0.75,0.55,0.9,0.85,1.0,0.7016666666666667,0.9552916666666664,0.36320586977577796,0.4719047235300508,0.95,0.8466666666666667,1.0,0.4207587476060094,0.6,0.4329411764705882,0.9826643574563391,1
JVS_JVSMuSiC,wavlm_l12,12,13,60_20_20_speaker_disjoint,True,mode_dummy_only,classic,mode_dummy,G->S,20,0.05,17,20,0.85,0.7,1.0,0.85,1.0,0.7541666666666667,1.0,0.3558697202101278,0.4719704889535502,0.95,0.8805555555555555,1.0,0.4207587476060094,0.7,0.4329411764705882,0.9826643574563391,1
JVS_JVSMuSiC,wavlm_l12,12,13,60_20_20_speaker_disjoint,True,acoustic_full_no_mode,mean_preserving,logf0_mean;logf0_std;logf0_p05;logf0_p50;logf0_p95;logf0_range;rms_mean;rms_std;duration_s;voiced_rate;energy_mean;energy_std,S->G,20,0.05,7,20,0.35,0.15,0.55,0.55,0.9,0.3667511087768441,0.6838211367880486,0.0010374392409157704,0.0026353600385713265,0.75,0.5214729225023342,2.0,0.0018464606396235983,0.19999999999999998,0.5741176470588235,0.01150639248034202,9
JVS_JVSMuSiC,wavlm_l12,12,13,60_20_20_speaker_disjoint,True,acoustic_full_no_mode,mean_preserving,logf0_mean;logf0_std;logf0_p05;logf0_p50;logf0_p95;logf0_range;rms_mean;rms_std;duration_s;voiced_rate;energy_mean;energy_std,G->S,20,0.05,11,20,0.55,0.35,0.75,0.75,1.0,0.5166666666666666,0.829375,0.0015223769222873695,0.0021706711682019913,0.9,0.6833333333333333,1.0,0.001846460639623676,0.4,0.5741176470588235,0.01150639248034202,9
JVS_JVSMuSiC,wavlm_l12,12,13,60_20_20_speaker_disjoint,True,acoustic_full_no_mode,classic,logf0_mean;logf0_std;logf0_p05;logf0_p50;logf0_p95;logf0_range;rms_mean;rms_std;duration_s;voiced_rate;energy_mean;energy_std,S->G,20,0.05,13,20,0.65,0.45,0.85,0.85,1.0,0.6166666666666667,0.9042187500000001,0.2722436828632773,0.3801346447534646,0.95,0.76875,1.0,0.3246079659622323,0.5,0.5741176470588235,0.9853042549778116,9
JVS_JVSMuSiC,wavlm_l12,12,13,60_20_20_speaker_disjoint,True,acoustic_full_no_mode,classic,logf0_mean;logf0_std;logf0_p05;logf0_p50;logf0_p95;logf0_range;rms_mean;rms_std;duration_s;voiced_rate;energy_mean;energy_std,G->S,20,0.05,13,20,0.65,0.4487500000000001,0.85,1.0,1.0,0.5974375,0.9,0.27357337450989083,0.3756851639854339,1.0,0.7575000000000001,1.0,0.32460796596223224,0.5,0.5741176470588235,0.9853042549778116,9
JVS_JVSMuSiC,wavlm_l12,12,13,60_20_20_speaker_disjoint,True,acoustic_full_plus_mode,mean_preserving,logf0_mean;logf0_std;logf0_p05;logf0_p50;logf0_p95;logf0_range;rms_mean;rms_std;duration_s;voiced_rate;energy_mean;energy_std;mode_dummy,S->G,20,0.05,7,20,0.35,0.15,0.55,0.65,1.0,0.4008623949579832,0.6941666666666667,0.0011124938115738272,0.0027918717752056046,0.85,0.5459173669467787,2.0,0.0020696643513491543,0.19999999999999998,0.4288235294117647,0.01242056668431668,10
JVS_JVSMuSiC,wavlm_l12,12,13,60_20_20_speaker_disjoint,True,acoustic_full_plus_mode,mean_preserving,logf0_mean;logf0_std;logf0_p05;logf0_p50;logf0_p95;logf0_range;rms_mean;rms_std;duration_s;voiced_rate;energy_mean;energy_std;mode_dummy,G->S,20,0.05,12,20,0.6,0.4,0.8,0.85,1.0,0.5770833333333334,0.8896354166666665,0.0017730056910703635,0.002383133347419935,0.95,0.7229166666666667,1.0,0.002069664351349121,0.44999999999999996,0.4288235294117647,0.01242056668431668,10
JVS_JVSMuSiC,wavlm_l12,12,13,60_20_20_speaker_disjoint,True,acoustic_full_plus_mode,classic,logf0_mean;logf0_std;logf0_p05;logf0_p50;logf0_p95;logf0_range;rms_mean;rms_std;duration_s;voiced_rate;energy_mean;energy_std;mode_dummy,S->G,20,0.05,15,20,0.75,0.55,0.9,1.0,1.0,0.7283333333333333,0.9502499999999997,0.30961168805798217,0.39945045752181885,1.0,0.8516666666666666,1.0,0.35626531485780577,0.6,0.4288235294117647,0.9861750643122706,10
JVS_JVSMuSiC,wavlm_l12,12,13,60_20_20_speaker_disjoint,True,acoustic_full_plus_mode,classic,logf0_mean;logf0_std;logf0_p05;logf0_p50;logf0_p95;logf0_range;rms_mean;rms_std;duration_s;voiced_rate;energy_mean;energy_std;mode_dummy,G->S,20,0.05,15,20,0.75,0.55,0.95,1.0,1.0,0.6900000000000001,0.95,0.30992010814450816,0.3994135836292527,1.0,0.8324999999999999,1.0,0.35626531485780577,0.6,0.4288235294117647,0.9861750643122706,10
JVS_JVSMuSiC,wavlm_l12,12,13,60_20_20_speaker_disjoint,True,single_group_f0,mean_preserving,logf0_mean;logf0_std;logf0_p05;logf0_p50;logf0_p95;logf0_range,S->G,20,0.05,3,20,0.15,0.0,0.3,0.3,0.75,0.14794078947368422,0.42793749999999997,-6.722754158031914e-05,0.0038695047966441774,0.55,0.27533991228070176,5.0,0.001908949548984823,0.0,1.0,0.001508543894612302,5
JVS_JVSMuSiC,wavlm_l12,12,13,60_20_20_speaker_disjoint,True,single_group_f0,mean_preserving,logf0_mean;logf0_std;logf0_p05;logf0_p50;logf0_p95;logf0_range,G->S,20,0.05,2,20,0.1,0.0,0.25,0.35,0.75,0.15529489087301587,0.3737155257936507,0.0008227471541796341,0.0030141408807585752,0.55,0.25100198412698405,5.0,0.0019089495489848728,-0.04999999999999999,1.0,0.001508543894612302,5
JVS_JVSMuSiC,wavlm_l12,12,13,60_20_20_speaker_disjoint,True,single_group_energy,mean_preserving,rms_mean;rms_std;energy_mean;energy_std,S->G,20,0.05,5,20,0.25,0.1,0.45,0.35,0.75,0.2446953463203463,0.5707625022036785,0.0015153907917609668,0.004530904384733957,0.55,0.40002326105267283,4.0,0.002964108229688028,0.1,0.9794117647058823,0.00644941905833496,3
JVS_JVSMuSiC,wavlm_l12,12,13,60_20_20_speaker_disjoint,True,single_group_energy,mean_preserving,rms_mean;rms_std;energy_mean;energy_std,G->S,20,0.05,5,20,0.25,0.1,0.45,0.55,0.9,0.3058331980519481,0.6019387851731601,0.0018099207491661478,0.004049161943680381,0.75,0.44772997835497835,3.5,0.002964108229688023,0.1,0.9794117647058823,0.00644941905833496,3
JVS_JVSMuSiC,wavlm_l12,12,13,60_20_20_speaker_disjoint,True,single_group_duration,mean_preserving,duration_s,S->G,20,0.05,8,20,0.4,0.2,0.6,0.75,1.0,0.4559364316239316,0.7524919871794872,0.001919001730439032,0.0034517428295571533,0.9,0.6041239316239315,2.0,0.002766172056252797,0.25,0.6394117647058823,0.00863713684389733,1
JVS_JVSMuSiC,wavlm_l12,12,13,60_20_20_speaker_disjoint,True,single_group_duration,mean_preserving,duration_s,G->S,20,0.05,11,20,0.55,0.35,0.75,0.75,1.0,0.5815833333333333,0.8583333333333332,0.002249075345149529,0.003238360939537543,0.9,0.7216666666666668,1.0,0.002766172056252819,0.4,0.6394117647058823,0.00863713684389733,1
JVS_JVSMuSiC,wavlm_l12,12,13,60_20_20_speaker_disjoint,True,single_group_voicing,mean_preserving,voiced_rate,S->G,20,0.05,3,20,0.15,0.0,0.3,0.5,0.9,0.178248504784689,0.44628551136363637,0.0009003564967241885,0.004624469029151891,0.7,0.29759370015948966,5.0,0.0027795483115108377,0.0,1.0,0.0,0
JVS_JVSMuSiC,wavlm_l12,12,13,60_20_20_speaker_disjoint,True,single_group_voicing,mean_preserving,voiced_rate,G->S,20,0.05,3,20,0.15,0.0,0.3,0.3,0.75,0.19246728928965776,0.47321314102564094,0.0014155418978397615,0.004009178432707231,0.55,0.3223693411851306,4.5,0.002779548311510849,0.0,1.0,0.0,0
JVS_JVSMuSiC,wavlm_l12,12,13,60_20_20_speaker_disjoint,True,full_minus_f0,mean_preserving,rms_mean;rms_std;duration_s;voiced_rate;energy_mean;energy_std,S->G,20,0.05,8,20,0.4,0.2,0.6,0.6,0.95,0.39856195175438597,0.7443262061403508,0.001780294700910113,0.0032853737272095698,0.8,0.5678399122807017,2.0,0.0025882332731909097,0.25,0.6070588235294118,0.009882207164536472,4
JVS_JVSMuSiC,wavlm_l12,12,13,60_20_20_speaker_disjoint,True,full_minus_f0,mean_preserving,rms_mean;rms_std;duration_s;voiced_rate;energy_mean;energy_std,G->S,20,0.05,12,20,0.6,0.4,0.8,0.85,1.0,0.6011079545454546,0.8916666666666666,0.002113342054225608,0.0030832970697873157,0.95,0.7462121212121212,1.0,0.0025882332731908763,0.44999999999999996,0.6070588235294118,0.009882207164536472,4
JVS_JVSMuSiC,wavlm_l12,12,13,60_20_20_speaker_disjoint,True,full_minus_energy,mean_preserving,logf0_mean;logf0_std;logf0_p05;logf0_p50;logf0_p95;logf0_range;duration_s;voiced_rate,S->G,20,0.05,7,20,0.35,0.15,0.55,0.6,0.95,0.36329840686274506,0.6846176470588233,0.0010608771574007639,0.0025727087482793846,0.8,0.5216911764705883,2.5,0.0018514339259553426,0.19999999999999998,0.6405882352941177,0.01016608197488178,6
JVS_JVSMuSiC,wavlm_l12,12,13,60_20_20_speaker_disjoint,True,full_minus_energy,mean_preserving,logf0_mean;logf0_std;logf0_p05;logf0_p50;logf0_p95;logf0_range;duration_s;voiced_rate,G->S,20,0.05,11,20,0.55,0.3,0.75,0.6,0.95,0.48548214285714286,0.8202529761904761,0.0014354250736932131,0.0022283322043512954,0.8,0.6686309523809524,1.0,0.0018514339259553315,0.4,0.6405882352941177,0.01016608197488178,6
JVS_JVSMuSiC,wavlm_l12,12,13,60_20_20_speaker_disjoint,True,full_minus_duration,mean_preserving,logf0_mean;logf0_std;logf0_p05;logf0_p50;logf0_p95;logf0_range;rms_mean;rms_std;voiced_rate;energy_mean;energy_std,S->G,20,0.05,5,20,0.25,0.05,0.45,0.2,0.6012499999999988,0.19700809739688416,0.52715486851792,0.0004997789733884166,0.0037640311798211325,0.4,0.3538495736289854,6.5,0.0022004907845270204,0.1,0.9829411764705882,0.008177831688780834,8
JVS_JVSMuSiC,wavlm_l12,12,13,60_20_20_speaker_disjoint,True,full_minus_duration,mean_preserving,logf0_mean;logf0_std;logf0_p05;logf0_p50;logf0_p95;logf0_range;rms_mean;rms_std;voiced_rate;energy_mean;energy_std,G->S,20,0.05,2,20,0.1,0.0,0.25,0.45,0.85,0.22653157096171797,0.4563693394024276,0.0011842001527006115,0.003227323225788473,0.65,0.33400268440709613,4.0,0.0022004907845269706,-0.04999999999999999,0.9829411764705882,0.008177831688780834,8
JVS_JVSMuSiC,wavlm_l12,12,13,60_20_20_speaker_disjoint,True,full_minus_voicing,mean_preserving,logf0_mean;logf0_std;logf0_p05;logf0_p50;logf0_p95;logf0_range;rms_mean;rms_std;duration_s;energy_mean;energy_std,S->G,20,0.05,7,20,0.35,0.15,0.55,0.55,0.9,0.36300350140056015,0.6930973389355741,0.0010032826656738868,0.002630345025987825,0.75,0.5214729225023342,2.0,0.0018464606396236428,0.19999999999999998,0.5741176470588235,0.011506392480338468,9
JVS_JVSMuSiC,wavlm_l12,12,13,60_20_20_speaker_disjoint,True,full_minus_voicing,mean_preserving,logf0_mean;logf0_std;logf0_p05;logf0_p50;logf0_p95;logf0_range;rms_mean;rms_std;duration_s;energy_mean;energy_std,G->S,20,0.05,11,20,0.55,0.34875000000000006,0.75,0.75,1.0,0.5373958333333332,0.8333333333333333,0.0015169340720280137,0.002174396938339308,0.9,0.6833333333333333,1.0,0.0018464606396237204,0.4,0.5741176470588235,0.011506392480338468,9
JVS_JVSMuSiC,wavlm_l12,12,13,60_20_20_speaker_disjoint,True,row_shuffled_nuisance,mean_preserving,logf0_mean;logf0_std;logf0_p05;logf0_p50;logf0_p95;logf0_range;rms_mean;rms_std;duration_s;voiced_rate;energy_mean;energy_std,S->G,20,0.05,2,20,0.1,0.0,0.25,0.5,0.9,0.19256770833333337,0.4171398809523809,0.0015872121729865072,0.004822453039270886,0.7,0.29499007936507937,4.0,0.0031924291743257115,-0.04999999999999999,1.0,-2.509303776410121e-05,9
JVS_JVSMuSiC,wavlm_l12,12,13,60_20_20_speaker_disjoint,True,row_shuffled_nuisance,mean_preserving,logf0_mean;logf0_std;logf0_p05;logf0_p50;logf0_p95;logf0_range;rms_mean;rms_std;duration_s;voiced_rate;energy_mean;energy_std,G->S,20,0.05,5,20,0.25,0.1,0.45,0.4,0.8,0.2708831897269397,0.5810350378787879,0.002043195241116168,0.00447981124751218,0.6,0.4226177988677988,3.5,0.0031924291743256616,0.1,1.0,-2.509303776410121e-05,9
JVS_JVSMuSiC,wavlm_l12,12,13,60_20_20_speaker_disjoint,True,random_gaussian_nuisance,mean_preserving,logf0_mean;logf0_std;logf0_p05;logf0_p50;logf0_p95;logf0_range;rms_mean;rms_std;duration_s;voiced_rate;energy_mean;energy_std,S->G,20,0.05,3,20,0.15,0.0,0.3,0.3,0.7,0.1652500830675173,0.4359292430887825,0.0006255664863996322,0.005021821752135124,0.5,0.28522447216526164,6.5,0.0028911621816802126,0.0,1.0,0.0001254398405209356,12
JVS_JVSMuSiC,wavlm_l12,12,13,60_20_20_speaker_disjoint,True,random_gaussian_nuisance,mean_preserving,logf0_mean;logf0_std;logf0_p05;logf0_p50;logf0_p95;logf0_range;rms_mean;rms_std;duration_s;voiced_rate;energy_mean;energy_std,G->S,20,0.05,2,20,0.1,0.0,0.25,0.35,0.75,0.18192577561327564,0.41764411976911975,0.0012755171249492759,0.004474106597880002,0.55,0.28720598845598844,5.0,0.002891162181680207,-0.04999999999999999,1.0,0.0001254398405209356,12
JVS_JVSMuSiC,wavlm_l12,12,13,60_20_20_speaker_disjoint,True,random_low_rank_projection,mean_preserving,random_dir_0;random_dir_1;random_dir_2;random_dir_3;random_dir_4;random_dir_5;random_dir_6;random_dir_7;random_dir_8;random_dir_9;random_dir_10;random_dir_11,S->G,20,0.05,3,20,0.15,0.0,0.3,0.5,0.9,0.17679298744019142,0.4267831190191388,0.000970422907976035,0.004677519350877771,0.7,0.29759370015948966,5.0,0.00275912586872471,0.0,1.0,0.00015561873122249548,12
JVS_JVSMuSiC,wavlm_l12,12,13,60_20_20_speaker_disjoint,True,random_low_rank_projection,mean_preserving,random_dir_0;random_dir_1;random_dir_2;random_dir_3;random_dir_4;random_dir_5;random_dir_6;random_dir_7;random_dir_8;random_dir_9;random_dir_10;random_dir_11,G->S,20,0.05,2,20,0.1,0.0,0.25,0.35,0.75,0.17991848392835239,0.42995457995951414,0.0013804373303230367,0.004098682349072608,0.55,0.2973693411851306,4.5,0.0027591258687246433,-0.04999999999999999,1.0,0.00015561873122249548,12
JVS_JVSMuSiC,wavlm_l12,12,17,60_20_20_speaker_disjoint,True,raw,raw,,S->G,20,0.05,5,20,0.25,0.1,0.45,0.25,0.7,0.22591193426134412,0.5630559791998937,-2.3439118388412226e-05,0.005217383132914119,0.5,0.38088209885230007,5.5,0.0026551404288757243,0.0,1.0,0.0,0
JVS_JVSMuSiC,wavlm_l12,12,17,60_20_20_speaker_disjoint,True,raw,raw,,G->S,20,0.05,2,20,0.1,0.0,0.25,0.25,0.65,0.1766090367965368,0.4111238553113553,0.0017703390201986666,0.0036086620613372004,0.45,0.28291541791541797,6.0,0.0026551404288756796,0.0,1.0,0.0,0
JVS_JVSMuSiC,wavlm_l12,12,17,60_20_20_speaker_disjoint,True,center_only_classic,classic,,S->G,20,0.05,9,20,0.45,0.25,0.65,0.75,1.0,0.5395833333333333,0.8084114583333333,0.11983119939797966,0.2063625377252363,0.9,0.678125,2.0,0.16116063968587518,0.2,1.0,0.9737263473645058,0
JVS_JVSMuSiC,wavlm_l12,12,17,60_20_20_speaker_disjoint,True,center_only_classic,classic,,G->S,20,0.05,6,20,0.3,0.15,0.5,0.35,0.8,0.2664671266233766,0.6087869994588744,0.10379915556004746,0.2198730258861867,0.6,0.43316829004329005,4.0,0.16116063968587518,0.19999999999999998,1.0,0.9737263473645058,0
JVS_JVSMuSiC,wavlm_l12,12,17,60_20_20_speaker_disjoint,True,mode_dummy_only,mean_preserving,mode_dummy,S->G,20,0.05,7,20,0.35,0.15,0.55,0.5,0.8512499999999988,0.37348710317460315,0.6927703373015873,0.0019561344103573358,0.003437825861097586,0.7,0.5305357142857143,2.0,0.0027194115040609645,0.09999999999999998,0.2891566265060241,0.009004578796278029,1
JVS_JVSMuSiC,wavlm_l12,12,17,60_20_20_speaker_disjoint,True,mode_dummy_only,mean_preserving,mode_dummy,G->S,20,0.05,13,20,0.65,0.45,0.85,0.75,1.0,0.5808766233766234,0.8949999999999999,0.00222172782954076,0.003230457682294592,0.9,0.7441883116883117,1.0,0.0027194115040609147,0.55,0.2891566265060241,0.009004578796278029,1
JVS_JVSMuSiC,wavlm_l12,12,17,60_20_20_speaker_disjoint,True,mode_dummy_only,classic,mode_dummy,S->G,20,0.05,16,20,0.8,0.6,0.95,0.75,1.0,0.7126190476190477,0.9666666666666666,0.32830591860719316,0.4444748957462377,0.9,0.8538095238095238,1.0,0.38838453700476006,0.55,0.2891566265060241,0.9826551137556725,1
JVS_JVSMuSiC,wavlm_l12,12,17,60_20_20_speaker_disjoint,True,mode_dummy_only,classic,mode_dummy,G->S,20,0.05,16,20,0.8,0.6,0.95,0.75,1.0,0.70828125,0.9668749999999997,0.32420479844728506,0.45077439895164356,0.9,0.85625,1.0,0.38838453700476006,0.7000000000000001,0.2891566265060241,0.9826551137556725,1
JVS_JVSMuSiC,wavlm_l12,12,17,60_20_20_speaker_disjoint,True,acoustic_full_no_mode,mean_preserving,logf0_mean;logf0_std;logf0_p05;logf0_p50;logf0_p95;logf0_range;rms_mean;rms_std;duration_s;voiced_rate;energy_mean;energy_std,S->G,20,0.05,5,20,0.25,0.05,0.45,0.45,0.85,0.26968283146591965,0.5831792717086834,0.0008669218320992202,0.0019250816324791924,0.65,0.42494514472455636,3.5,0.0014384825360707232,0.0,0.5602409638554217,0.012094383899680983,9
JVS_JVSMuSiC,wavlm_l12,12,17,60_20_20_speaker_disjoint,True,acoustic_full_no_mode,mean_preserving,logf0_mean;logf0_std;logf0_p05;logf0_p50;logf0_p95;logf0_range;rms_mean;rms_std;duration_s;voiced_rate;energy_mean;energy_std,G->S,20,0.05,5,20,0.25,0.05,0.45,0.5,0.9,0.3034375,0.6071428571428571,0.0010708165054600716,0.0018050954524716975,0.7,0.4478571428571428,3.0,0.0014384825360706343,0.15,0.5602409638554217,0.012094383899680983,9
JVS_JVSMuSiC,wavlm_l12,12,17,60_20_20_speaker_disjoint,True,acoustic_full_no_mode,classic,logf0_mean;logf0_std;logf0_p05;logf0_p50;logf0_p95;logf0_range;rms_mean;rms_std;duration_s;voiced_rate;energy_mean;energy_std,S->G,20,0.05,9,20,0.45,0.25,0.65,0.7,1.0,0.46307291666666667,0.7875,0.18714246879737179,0.3170446301917756,0.85,0.6213095238095238,2.0,0.24848790453806865,0.2,0.5602409638554217,0.9852991719287711,9
JVS_JVSMuSiC,wavlm_l12,12,17,60_20_20_speaker_disjoint,True,acoustic_full_no_mode,classic,logf0_mean;logf0_std;logf0_p05;logf0_p50;logf0_p95;logf0_range;rms_mean;rms_std;duration_s;voiced_rate;energy_mean;energy_std,G->S,20,0.05,9,20,0.45,0.25,0.65,0.6,0.95,0.4302935606060606,0.7637215909090909,0.18737427258988246,0.3155213946184213,0.8,0.5965909090909092,2.0,0.2484879045380687,0.35,0.5602409638554217,0.9852991719287711,9
JVS_JVSMuSiC,wavlm_l12,12,17,60_20_20_speaker_disjoint,True,acoustic_full_plus_mode,mean_preserving,logf0_mean;logf0_std;logf0_p05;logf0_p50;logf0_p95;logf0_range;rms_mean;rms_std;duration_s;voiced_rate;energy_mean;energy_std;mode_dummy,S->G,20,0.05,7,20,0.35,0.15,0.55,0.5,0.9,0.3482350427350427,0.683338141025641,0.0011338267027137998,0.00237125870095507,0.7,0.5166239316239315,2.5,0.0017504122572650383,0.09999999999999998,0.3463855421686747,0.013181389813877398,10
JVS_JVSMuSiC,wavlm_l12,12,17,60_20_20_speaker_disjoint,True,acoustic_full_plus_mode,mean_preserving,logf0_mean;logf0_std;logf0_p05;logf0_p50;logf0_p95;logf0_range;rms_mean;rms_std;duration_s;voiced_rate;energy_mean;energy_std;mode_dummy,G->S,20,0.05,11,20,0.55,0.3,0.75,0.7,1.0,0.5128333333333334,0.8464635416666666,0.0013198782462326903,0.002119536337911985,0.85,0.6847916666666667,1.0,0.0017504122572650049,0.45000000000000007,0.3463855421686747,0.013181389813877398,10
JVS_JVSMuSiC,wavlm_l12,12,17,60_20_20_speaker_disjoint,True,acoustic_full_plus_mode,classic,logf0_mean;logf0_std;logf0_p05;logf0_p50;logf0_p95;logf0_range;rms_mean;rms_std;duration_s;voiced_rate;energy_mean;energy_std;mode_dummy,S->G,20,0.05,12,20,0.6,0.3987500000000001,0.8,0.75,1.0,0.5603854166666666,0.8625520833333333,0.22955649614885265,0.3564963936430815,0.9,0.7204166666666667,1.0,0.2952180576079929,0.35,0.3463855421686747,0.9861870658300934,10
JVS_JVSMuSiC,wavlm_l12,12,17,60_20_20_speaker_disjoint,True,acoustic_full_plus_mode,classic,logf0_mean;logf0_std;logf0_p05;logf0_p50;logf0_p95;logf0_range;rms_mean;rms_std;duration_s;voiced_rate;energy_mean;energy_std;mode_dummy,G->S,20,0.05,14,20,0.7,0.5,0.9,0.75,1.0,0.6091666666666666,0.9199999999999999,0.2226464588638607,0.35802954690593536,0.9,0.7691666666666667,1.0,0.2952180576079929,0.6,0.3463855421686747,0.9861870658300934,10
JVS_JVSMuSiC,wavlm_l12,12,17,60_20_20_speaker_disjoint,True,single_group_f0,mean_preserving,logf0_mean;logf0_std;logf0_p05;logf0_p50;logf0_p95;logf0_range,S->G,20,0.05,3,20,0.15,0.0,0.3,0.15,0.55,0.1685357142857143,0.4390585317460317,-0.0006053967313075011,0.004205979597394511,0.35,0.299861111111111,7.5,0.0018297822581414824,-0.1,1.0,0.001392469568748278,5
JVS_JVSMuSiC,wavlm_l12,12,17,60_20_20_speaker_disjoint,True,single_group_f0,mean_preserving,logf0_mean;logf0_std;logf0_p05;logf0_p50;logf0_p95;logf0_range,G->S,20,0.05,2,20,0.1,0.0,0.25,0.2,0.6,0.1543339228173787,0.4160036128087599,0.0008607420974679664,0.0026953793432252476,0.4,0.2684756420050537,6.5,0.0018297822581414768,0.0,1.0,0.001392469568748278,5
JVS_JVSMuSiC,wavlm_l12,12,17,60_20_20_speaker_disjoint,True,single_group_energy,mean_preserving,rms_mean;rms_std;energy_mean;energy_std,S->G,20,0.05,6,20,0.3,0.1,0.5,0.3,0.7,0.2768006322721396,0.596485075280112,0.0012240564094077979,0.0034563137186354115,0.5,0.4441980446024563,4.5,0.0023887494266846164,0.04999999999999999,0.9343373493975904,0.007708685270239379,3
JVS_JVSMuSiC,wavlm_l12,12,17,60_20_20_speaker_disjoint,True,single_group_energy,mean_preserving,rms_mean;rms_std;energy_mean;energy_std,G->S,20,0.05,6,20,0.3,0.1,0.5,0.4,0.85,0.27382941537629035,0.6081862512487511,0.001143167641557258,0.003773589841613413,0.6,0.4390382534132534,4.5,0.002388749426684622,0.19999999999999998,0.9343373493975904,0.007708685270239379,3
JVS_JVSMuSiC,wavlm_l12,12,17,60_20_20_speaker_disjoint,True,single_group_duration,mean_preserving,duration_s,S->G,20,0.05,8,20,0.4,0.2,0.6,0.7,1.0,0.39997916666666666,0.730875,0.0017205612671293616,0.003433313515337858,0.85,0.5616666666666668,2.5,0.002632163053664516,0.15000000000000002,0.6289156626506024,0.008534439810938266,1
JVS_JVSMuSiC,wavlm_l12,12,17,60_20_20_speaker_disjoint,True,single_group_duration,mean_preserving,duration_s,G->S,20,0.05,9,20,0.45,0.25,0.6512499999999989,0.7,1.0,0.47295454545454546,0.7888888888888889,0.0022090951079315638,0.0030830136130261154,0.85,0.6323232323232322,2.0,0.0026321630536645267,0.35,0.6289156626506024,0.008534439810938266,1
JVS_JVSMuSiC,wavlm_l12,12,17,60_20_20_speaker_disjoint,True,single_group_voicing,mean_preserving,voiced_rate,S->G,20,0.05,5,20,0.25,0.05,0.45,0.3,0.7,0.22786347511492633,0.5485441391468868,0.00014546813235536546,0.005171117921069528,0.5,0.38088209885230007,5.5,0.0026551404288757243,0.0,1.0,0.0,0
JVS_JVSMuSiC,wavlm_l12,12,17,60_20_20_speaker_disjoint,True,single_group_voicing,mean_preserving,voiced_rate,G->S,20,0.05,2,20,0.1,0.0,0.25,0.2,0.65,0.1761048118548119,0.41948593073593066,0.001784526419986885,0.0035882326508757615,0.45,0.28291541791541797,6.0,0.0026551404288756796,0.0,1.0,0.0,0
JVS_JVSMuSiC,wavlm_l12,12,17,60_20_20_speaker_disjoint,True,full_minus_f0,mean_preserving,rms_mean;rms_std;duration_s;voiced_rate;energy_mean;energy_std,S->G,20,0.05,8,20,0.4,0.2,0.6,0.6,0.95,0.35928125,0.6984114583333332,0.0015397876774056575,0.0025908501658944124,0.8,0.5272916666666666,3.5,0.002089313247289942,0.15000000000000002,0.5716867469879519,0.011130250914156092,4
JVS_JVSMuSiC,wavlm_l12,12,17,60_20_20_speaker_disjoint,True,full_minus_f0,mean_preserving,rms_mean;rms_std;duration_s;voiced_rate;energy_mean;energy_std,G->S,20,0.05,9,20,0.45,0.25,0.65,0.7,1.0,0.4641458333333333,0.7633541666666668,0.0016746034601000743,0.002523563545126934,0.85,0.6225,2.0,0.00208931324728992,0.35,0.5716867469879519,0.011130250914156092,4
JVS_JVSMuSiC,wavlm_l12,12,17,60_20_20_speaker_disjoint,True,full_minus_energy,mean_preserving,logf0_mean;logf0_std;logf0_p05;logf0_p50;logf0_p95;logf0_range;duration_s;voiced_rate,S->G,20,0.05,7,20,0.35,0.15,0.55,0.45,0.85,0.3285763888888889,0.6630833333333332,0.0008718444505849564,0.0026792560037555693,0.65,0.4961111111111111,3.0,0.0017946982408639622,0.09999999999999998,0.6313253012048192,0.009914596357662342,6
JVS_JVSMuSiC,wavlm_l12,12,17,60_20_20_speaker_disjoint,True,full_minus_energy,mean_preserving,logf0_mean;logf0_std;logf0_p05;logf0_p50;logf0_p95;logf0_range;duration_s;voiced_rate,G->S,20,0.05,6,20,0.3,0.1,0.5,0.6,0.95,0.3387884199134199,0.6388376623376625,0.0014719826777991633,0.0021485107618826453,0.8,0.48057720057720055,3.0,0.0017946982408640066,0.19999999999999998,0.6313253012048192,0.009914596357662342,6
JVS_JVSMuSiC,wavlm_l12,12,17,60_20_20_speaker_disjoint,True,full_minus_duration,mean_preserving,logf0_mean;logf0_std;logf0_p05;logf0_p50;logf0_p95;logf0_range;rms_mean;rms_std;voiced_rate;energy_mean;energy_std,S->G,20,0.05,6,20,0.3,0.1,0.5,0.2,0.6,0.21049835927960925,0.5711115308302804,0.000677538933564487,0.0027286662486843034,0.4,0.38085012210012203,7.5,0.001722593824058527,0.04999999999999999,0.9240963855421687,0.008773366108349223,8
JVS_JVSMuSiC,wavlm_l12,12,17,60_20_20_speaker_disjoint,True,full_minus_duration,mean_preserving,logf0_mean;logf0_std;logf0_p05;logf0_p50;logf0_p95;logf0_range;rms_mean;rms_std;voiced_rate;energy_mean;energy_std,G->S,20,0.05,4,20,0.2,0.05,0.4,0.25,0.7,0.20483989101176606,0.4979364316239315,0.0006058915057611117,0.003006738405027623,0.5,0.3430611749361749,5.5,0.0017225938240585548,0.1,0.9240963855421687,0.008773366108349223,8
JVS_JVSMuSiC,wavlm_l12,12,17,60_20_20_speaker_disjoint,True,full_minus_voicing,mean_preserving,logf0_mean;logf0_std;logf0_p05;logf0_p50;logf0_p95;logf0_range;rms_mean;rms_std;duration_s;energy_mean;energy_std,S->G,20,0.05,5,20,0.25,0.1,0.45,0.45,0.85,0.27767638305322123,0.5776646825396825,0.0009221520452830512,0.0019740343017138214,0.65,0.42494514472455636,3.5,0.0014384825360707065,0.0,0.5602409638554217,0.012094383899680206,9
JVS_JVSMuSiC,wavlm_l12,12,17,60_20_20_speaker_disjoint,True,full_minus_voicing,mean_preserving,logf0_mean;logf0_std;logf0_p05;logf0_p50;logf0_p95;logf0_range;rms_mean;rms_std;duration_s;energy_mean;energy_std,G->S,20,0.05,5,20,0.25,0.1,0.45,0.5,0.9,0.3129464285714285,0.6071488095238096,0.0010625821995136505,0.0018258720001310535,0.7,0.4478571428571428,3.0,0.0014384825360707122,0.15,0.5602409638554217,0.012094383899680206,9
JVS_JVSMuSiC,wavlm_l12,12,17,60_20_20_speaker_disjoint,True,row_shuffled_nuisance,mean_preserving,logf0_mean;logf0_std;logf0_p05;logf0_p50;logf0_p95;logf0_range;rms_mean;rms_std;duration_s;voiced_rate;energy_mean;energy_std,S->G,20,0.05,6,20,0.3,0.1,0.55,0.25,0.7,0.25349595543345543,0.5955401785714286,0.000708017883072943,0.005211122042579784,0.45,0.4101953601953602,6.0,0.002997924405800234,0.04999999999999999,1.0,0.0005381394084069679,9
JVS_JVSMuSiC,wavlm_l12,12,17,60_20_20_speaker_disjoint,True,row_shuffled_nuisance,mean_preserving,logf0_mean;logf0_std;logf0_p05;logf0_p50;logf0_p95;logf0_range;rms_mean;rms_std;duration_s;voiced_rate;energy_mean;energy_std,G->S,20,0.05,3,20,0.15,0.0,0.3,0.35,0.75,0.22176140873015868,0.49003174603174604,0.0021865224893214846,0.0038824829557771944,0.55,0.3436111111111111,5.0,0.0029979244058001954,0.04999999999999999,1.0,0.0005381394084069679,9
JVS_JVSMuSiC,wavlm_l12,12,17,60_20_20_speaker_disjoint,True,random_gaussian_nuisance,mean_preserving,logf0_mean;logf0_std;logf0_p05;logf0_p50;logf0_p95;logf0_range;rms_mean;rms_std;duration_s;voiced_rate;energy_mean;energy_std,S->G,20,0.05,3,20,0.15,0.0,0.3,0.3,0.75,0.17230365896358546,0.4550538710676577,0.00028056824982447537,0.005297400932964213,0.5,0.30225826869209216,5.5,0.002737086926939125,-0.1,1.0,0.0005303059148947797,12
JVS_JVSMuSiC,wavlm_l12,12,17,60_20_20_speaker_disjoint,True,random_gaussian_nuisance,mean_preserving,logf0_mean;logf0_std;logf0_p05;logf0_p50;logf0_p95;logf0_range;rms_mean;rms_std;duration_s;voiced_rate;energy_mean;energy_std,G->S,20,0.05,2,20,0.1,0.0,0.25,0.35,0.8,0.1847217804125699,0.412427764121843,0.0015443165008957056,0.0038184987226943315,0.55,0.29185471692050646,5.0,0.002737086926939142,0.0,1.0,0.0005303059148947797,12
JVS_JVSMuSiC,wavlm_l12,12,17,60_20_20_speaker_disjoint,True,random_low_rank_projection,mean_preserving,random_dir_0;random_dir_1;random_dir_2;random_dir_3;random_dir_4;random_dir_5;random_dir_6;random_dir_7;random_dir_8;random_dir_9;random_dir_10;random_dir_11,S->G,20,0.05,5,20,0.25,0.05,0.45,0.3,0.7,0.22505078601416642,0.559771148989899,0.00018750247010224016,0.005115023835406735,0.5,0.3807359000218907,5.5,0.0026293015004394183,0.0,1.0,0.00018112452272878166,12
JVS_JVSMuSiC,wavlm_l12,12,17,60_20_20_speaker_disjoint,True,random_low_rank_projection,mean_preserving,random_dir_0;random_dir_1;random_dir_2;random_dir_3;random_dir_4;random_dir_5;random_dir_6;random_dir_7;random_dir_8;random_dir_9;random_dir_10;random_dir_11,G->S,20,0.05,2,20,0.1,0.0,0.25,0.3,0.7,0.17994128787878785,0.40277976190476195,0.0017349874647651449,0.00347720850541722,0.5,0.28339160839160843,5.5,0.002629301500439363,0.0,1.0,0.00018112452272878166,12
JVS_JVSMuSiC,wavlm_l12,12,19,60_20_20_speaker_disjoint,True,raw,raw,,S->G,20,0.05,3,20,0.15,0.0,0.3,0.25,0.65,0.1662144033404676,0.4386115447052946,0.00025948756556422,0.006254882581102363,0.45,0.28641170813190936,7.0,0.0032143145960774333,0.0,1.0,0.0,0
JVS_JVSMuSiC,wavlm_l12,12,19,60_20_20_speaker_disjoint,True,raw,raw,,G->S,20,0.05,4,20,0.2,0.05,0.4,0.25,0.7,0.20877417027417025,0.5247287157287158,0.0002661800706127495,0.005391740758014136,0.45,0.3502597402597402,6.0,0.0032143145960774775,0.0,1.0,0.0,0
JVS_JVSMuSiC,wavlm_l12,12,19,60_20_20_speaker_disjoint,True,center_only_classic,classic,,S->G,20,0.05,6,20,0.3,0.1,0.5,0.85,1.0,0.4491666666666667,0.71,0.1395157839037268,0.21635051389068102,0.95,0.5774999999999999,2.0,0.1750532155418636,0.15,1.0,0.9737212048888901,0
JVS_JVSMuSiC,wavlm_l12,12,19,60_20_20_speaker_disjoint,True,center_only_classic,classic,,G->S,20,0.05,6,20,0.3,0.1,0.5,0.5,0.9,0.319073547979798,0.6280997474747475,0.10976690182706005,0.2397943174544085,0.7,0.46454545454545465,3.0,0.17505321554186362,0.09999999999999998,1.0,0.9737212048888901,0
JVS_JVSMuSiC,wavlm_l12,12,19,60_20_20_speaker_disjoint,True,mode_dummy_only,mean_preserving,mode_dummy,S->G,20,0.05,8,20,0.4,0.2,0.65,0.75,1.0,0.45747916666666666,0.7541875,0.0019673868056933287,0.004659914252737397,0.9,0.6058333333333333,2.0,0.003285200070458444,0.25,0.514367816091954,0.008971833336279156,1
JVS_JVSMuSiC,wavlm_l12,12,19,60_20_20_speaker_disjoint,True,mode_dummy_only,mean_preserving,mode_dummy,G->S,20,0.05,12,20,0.6,0.4,0.8,0.85,1.0,0.5675000000000001,0.8708333333333332,0.001486642912855823,0.004413099730754053,0.95,0.7208333333333334,1.0,0.0032852000704584215,0.39999999999999997,0.514367816091954,0.008971833336279156,1
JVS_JVSMuSiC,wavlm_l12,12,19,60_20_20_speaker_disjoint,True,mode_dummy_only,classic,mode_dummy,S->G,20,0.05,14,20,0.7,0.5,0.9,0.85,1.0,0.675,0.925,0.34251071084420726,0.4595542588325702,0.95,0.8125,1.0,0.403333182942637,0.5499999999999999,0.514367816091954,0.9826456480433895,1
JVS_JVSMuSiC,wavlm_l12,12,19,60_20_20_speaker_disjoint,True,mode_dummy_only,classic,mode_dummy,G->S,20,0.05,14,20,0.7,0.5,0.9,0.85,1.0,0.6915625,0.9335416666666664,0.3412749250438739,0.4551619398442034,0.95,0.8229166666666666,1.0,0.403333182942637,0.49999999999999994,0.514367816091954,0.9826456480433895,1
JVS_JVSMuSiC,wavlm_l12,12,19,60_20_20_speaker_disjoint,True,acoustic_full_no_mode,mean_preserving,logf0_mean;logf0_std;logf0_p05;logf0_p50;logf0_p95;logf0_range;rms_mean;rms_std;duration_s;voiced_rate;energy_mean;energy_std,S->G,20,0.05,7,20,0.35,0.15,0.55,0.5,0.9,0.3530306020733652,0.6915783208020049,0.0007371733530265929,0.0033178869898439775,0.7,0.5173681362497151,2.0,0.0020025960537319474,0.19999999999999998,0.6040229885057471,0.01150744310134355,9
JVS_JVSMuSiC,wavlm_l12,12,19,60_20_20_speaker_disjoint,True,acoustic_full_no_mode,mean_preserving,logf0_mean;logf0_std;logf0_p05;logf0_p50;logf0_p95;logf0_range;rms_mean;rms_std;duration_s;voiced_rate;energy_mean;energy_std,G->S,20,0.05,7,20,0.35,0.15,0.55,0.85,1.0,0.4507916666666667,0.735875,0.00024272411390035084,0.0031365254175716836,0.95,0.5900000000000001,2.0,0.0020025960537319253,0.14999999999999997,0.6040229885057471,0.01150744310134355,9
JVS_JVSMuSiC,wavlm_l12,12,19,60_20_20_speaker_disjoint,True,acoustic_full_no_mode,classic,logf0_mean;logf0_std;logf0_p05;logf0_p50;logf0_p95;logf0_range;rms_mean;rms_std;duration_s;voiced_rate;energy_mean;energy_std,S->G,20,0.05,10,20,0.5,0.3,0.7,0.75,1.0,0.5225,0.8333333333333333,0.2403710472050503,0.3413323886000416,0.9,0.6775,1.5,0.29113699250589986,0.35,0.6040229885057471,0.9853058234553063,9
JVS_JVSMuSiC,wavlm_l12,12,19,60_20_20_speaker_disjoint,True,acoustic_full_no_mode,classic,logf0_mean;logf0_std;logf0_p05;logf0_p50;logf0_p95;logf0_range;rms_mean;rms_std;duration_s;voiced_rate;energy_mean;energy_std,G->S,20,0.05,11,20,0.55,0.35,0.75,1.0,1.0,0.5623958333333333,0.8541666666666666,0.23712571205573618,0.34831224914998266,1.0,0.7083333333333333,1.0,0.29113699250589986,0.35000000000000003,0.6040229885057471,0.9853058234553063,9
JVS_JVSMuSiC,wavlm_l12,12,19,60_20_20_speaker_disjoint,True,acoustic_full_plus_mode,mean_preserving,logf0_mean;logf0_std;logf0_p05;logf0_p50;logf0_p95;logf0_range;rms_mean;rms_std;duration_s;voiced_rate;energy_mean;energy_std;mode_dummy,S->G,20,0.05,8,20,0.4,0.2,0.6,0.45,0.85,0.3589719326725905,0.7049155796688691,0.00039669646239822164,0.0034988181977794555,0.65,0.5334413685729475,2.0,0.001957285199343589,0.25,0.5827586206896552,0.012399450876872109,10
JVS_JVSMuSiC,wavlm_l12,12,19,60_20_20_speaker_disjoint,True,acoustic_full_plus_mode,mean_preserving,logf0_mean;logf0_std;logf0_p05;logf0_p50;logf0_p95;logf0_range;rms_mean;rms_std;duration_s;voiced_rate;energy_mean;energy_std;mode_dummy,G->S,20,0.05,9,20,0.45,0.25,0.65,0.65,0.95,0.4190976731601731,0.7535240800865801,0.0005491430888008919,0.0029881124538429357,0.8,0.5921645021645022,2.0,0.0019572851993436557,0.25,0.5827586206896552,0.012399450876872109,10
JVS_JVSMuSiC,wavlm_l12,12,19,60_20_20_speaker_disjoint,True,acoustic_full_plus_mode,classic,logf0_mean;logf0_std;logf0_p05;logf0_p50;logf0_p95;logf0_range;rms_mean;rms_std;duration_s;voiced_rate;energy_mean;energy_std;mode_dummy,S->G,20,0.05,12,20,0.6,0.4,0.8,0.75,1.0,0.5626073232323232,0.8712815656565654,0.20691994035601105,0.35410586562963914,0.9,0.723989898989899,1.0,0.28326475972992343,0.44999999999999996,0.5827586206896552,0.9862059403639702,10
JVS_JVSMuSiC,wavlm_l12,12,19,60_20_20_speaker_disjoint,True,acoustic_full_plus_mode,classic,logf0_mean;logf0_std;logf0_p05;logf0_p50;logf0_p95;logf0_range;rms_mean;rms_std;duration_s;voiced_rate;energy_mean;energy_std;mode_dummy,G->S,20,0.05,10,20,0.5,0.3,0.7,0.7,1.0,0.47792239010989007,0.8071646062271062,0.2141323877088565,0.3493547169368305,0.85,0.6443223443223444,1.5,0.2832647597299235,0.3,0.5827586206896552,0.9862059403639702,10
JVS_JVSMuSiC,wavlm_l12,12,19,60_20_20_speaker_disjoint,True,single_group_f0,mean_preserving,logf0_mean;logf0_std;logf0_p05;logf0_p50;logf0_p95;logf0_range,S->G,20,0.05,2,20,0.1,0.0,0.25,0.25,0.65,0.13403193394582716,0.3675488971007062,-0.0008070658321252944,0.005186015581049224,0.45,0.2362319317679225,9.0,0.0021649613446091177,-0.04999999999999999,1.0,0.0015528597918659237,5
JVS_JVSMuSiC,wavlm_l12,12,19,60_20_20_speaker_disjoint,True,single_group_f0,mean_preserving,logf0_mean;logf0_std;logf0_p05;logf0_p50;logf0_p95;logf0_range,G->S,20,0.05,5,20,0.25,0.05,0.45,0.25,0.7,0.21066540431962255,0.5438713235294116,-0.0008577381451903058,0.004261711048579407,0.45,0.37264091601552896,8.0,0.0021649613446091064,0.04999999999999999,1.0,0.0015528597918659237,5
JVS_JVSMuSiC,wavlm_l12,12,19,60_20_20_speaker_disjoint,True,single_group_energy,mean_preserving,rms_mean;rms_std;energy_mean;energy_std,S->G,20,0.05,8,20,0.4,0.2,0.65,0.3,0.7,0.2875295720361509,0.6556032196969698,0.0006485623809243985,0.005564391693189804,0.5,0.48773258904837846,5.5,0.0033289354687933703,0.25,0.914367816091954,0.006623125925104056,3
JVS_JVSMuSiC,wavlm_l12,12,19,60_20_20_speaker_disjoint,True,single_group_energy,mean_preserving,rms_mean;rms_std;energy_mean;energy_std,G->S,20,0.05,7,20,0.35,0.15,0.55,0.45,0.85,0.28148909179056236,0.632459249084249,0.001388288257653301,0.005180223017194733,0.65,0.4578587588881707,4.0,0.0033289354687933816,0.14999999999999997,0.914367816091954,0.006623125925104056,3
JVS_JVSMuSiC,wavlm_l12,12,19,60_20_20_speaker_disjoint,True,single_group_duration,mean_preserving,duration_s,S->G,20,0.05,9,20,0.45,0.25,0.65,0.85,1.0,0.5241458333333333,0.8066666666666666,0.001963798848229921,0.0049879317460886936,0.95,0.665,2.0,0.003496271443365934,0.30000000000000004,0.6172413793103448,0.008774385157594322,1
JVS_JVSMuSiC,wavlm_l12,12,19,60_20_20_speaker_disjoint,True,single_group_duration,mean_preserving,duration_s,G->S,20,0.05,13,20,0.65,0.45,0.85,0.85,1.0,0.645,0.9125,0.001420898880004903,0.004763575830569603,0.95,0.7816666666666666,1.0,0.003496271443365917,0.45,0.6172413793103448,0.008774385157594322,1
JVS_JVSMuSiC,wavlm_l12,12,19,60_20_20_speaker_disjoint,True,single_group_voicing,mean_preserving,voiced_rate,S->G,20,0.05,3,20,0.15,0.0,0.35,0.25,0.65,0.16725890780723404,0.4321486066017315,-4.736597211914395e-06,0.006212274121583096,0.45,0.28641170813190936,7.0,0.0032143145960774333,0.0,1.0,0.0,0
JVS_JVSMuSiC,wavlm_l12,12,19,60_20_20_speaker_disjoint,True,single_group_voicing,mean_preserving,voiced_rate,G->S,20,0.05,4,20,0.2,0.05,0.4,0.25,0.65,0.20477209595959597,0.5208785173160173,-0.00027837147318421026,0.005264887310311386,0.45,0.3502597402597402,6.0,0.0032143145960774775,0.0,1.0,0.0,0
JVS_JVSMuSiC,wavlm_l12,12,19,60_20_20_speaker_disjoint,True,full_minus_f0,mean_preserving,rms_mean;rms_std;duration_s;voiced_rate;energy_mean;energy_std,S->G,20,0.05,7,20,0.35,0.15,0.55,0.6,0.95,0.40868342731829577,0.7133979479949875,0.0014492571001604247,0.004085218736319632,0.8,0.568656015037594,2.0,0.002796374048285638,0.19999999999999998,0.6063218390804598,0.01012691790544118,4
JVS_JVSMuSiC,wavlm_l12,12,19,60_20_20_speaker_disjoint,True,full_minus_f0,mean_preserving,rms_mean;rms_std;duration_s;voiced_rate;energy_mean;energy_std,G->S,20,0.05,13,20,0.65,0.45,0.85,0.85,1.0,0.595,0.9041666666666666,0.0009758515333087017,0.0038086369437341683,0.95,0.7566666666666666,1.0,0.00279637404828566,0.45,0.6063218390804598,0.01012691790544118,4
JVS_JVSMuSiC,wavlm_l12,12,19,60_20_20_speaker_disjoint,True,full_minus_energy,mean_preserving,logf0_mean;logf0_std;logf0_p05;logf0_p50;logf0_p95;logf0_range;duration_s;voiced_rate,S->G,20,0.05,8,20,0.4,0.2,0.6,0.55,0.95,0.39165575396825403,0.7334732142857143,0.000617940721759238,0.004170469937846264,0.75,0.5540079365079364,2.0,0.002426600746824781,0.25,0.6224137931034482,0.010340209945494894,6
JVS_JVSMuSiC,wavlm_l12,12,19,60_20_20_speaker_disjoint,True,full_minus_energy,mean_preserving,logf0_mean;logf0_std;logf0_p05;logf0_p50;logf0_p95;logf0_range;duration_s;voiced_rate,G->S,20,0.05,11,20,0.55,0.35,0.75,0.7,1.0,0.48038541666666673,0.8183541666666667,0.0004044090100463843,0.003634307119112808,0.85,0.6537499999999999,1.0,0.00242660074682472,0.35000000000000003,0.6224137931034482,0.010340209945494894,6
JVS_JVSMuSiC,wavlm_l12,12,19,60_20_20_speaker_disjoint,True,full_minus_duration,mean_preserving,logf0_mean;logf0_std;logf0_p05;logf0_p50;logf0_p95;logf0_range;rms_mean;rms_std;voiced_rate;energy_mean;energy_std,S->G,20,0.05,5,20,0.25,0.05,0.45,0.25,0.65,0.22267628469848863,0.5513820346320345,0.00017234192310898268,0.0047182411141228975,0.45,0.3821923653831548,6.5,0.002536548012432238,0.1,0.8948275862068965,0.008129025003382973,8
JVS_JVSMuSiC,wavlm_l12,12,19,60_20_20_speaker_disjoint,True,full_minus_duration,mean_preserving,logf0_mean;logf0_std;logf0_p05;logf0_p50;logf0_p95;logf0_range;rms_mean;rms_std;voiced_rate;energy_mean;energy_std,G->S,20,0.05,7,20,0.35,0.15,0.5512499999999989,0.35,0.8,0.2664660218253968,0.6223549107142857,0.0008299444935531312,0.004388640363714151,0.6,0.4480456349206349,4.5,0.0025365480124322493,0.14999999999999997,0.8948275862068965,0.008129025003382973,8
JVS_JVSMuSiC,wavlm_l12,12,19,60_20_20_speaker_disjoint,True,full_minus_voicing,mean_preserving,logf0_mean;logf0_std;logf0_p05;logf0_p50;logf0_p95;logf0_range;rms_mean;rms_std;duration_s;energy_mean;energy_std,S->G,20,0.05,7,20,0.35,0.15,0.55,0.5,0.9,0.3525169813738892,0.6800622650375939,0.0007572618971214559,0.00320033102809834,0.7,0.5173681362497151,2.0,0.0020025960537319366,0.19999999999999998,0.6040229885057471,0.011507443101343107,9
JVS_JVSMuSiC,wavlm_l12,12,19,60_20_20_speaker_disjoint,True,full_minus_voicing,mean_preserving,logf0_mean;logf0_std;logf0_p05;logf0_p50;logf0_p95;logf0_range;rms_mean;rms_std;duration_s;energy_mean;energy_std,G->S,20,0.05,7,20,0.35,0.15,0.55,0.85,1.0,0.44997916666666665,0.7250624999999999,0.00020094263689020788,0.003107197881811594,0.95,0.5900000000000001,2.0,0.002002596053731892,0.14999999999999997,0.6040229885057471,0.011507443101343107,9
JVS_JVSMuSiC,wavlm_l12,12,19,60_20_20_speaker_disjoint,True,row_shuffled_nuisance,mean_preserving,logf0_mean;logf0_std;logf0_p05;logf0_p50;logf0_p95;logf0_range;rms_mean;rms_std;duration_s;voiced_rate;energy_mean;energy_std,S->G,20,0.05,1,20,0.05,0.0,0.15,0.2,0.65,0.15505412168241117,0.3563001534284429,-0.00041440808587113725,0.007216173263946203,0.4,0.24621674378253325,8.5,0.0034178211406920567,-0.09999999999999999,1.0,-0.0005881255331514623,9
JVS_JVSMuSiC,wavlm_l12,12,19,60_20_20_speaker_disjoint,True,row_shuffled_nuisance,mean_preserving,logf0_mean;logf0_std;logf0_p05;logf0_p50;logf0_p95;logf0_range;rms_mean;rms_std;duration_s;voiced_rate;energy_mean;energy_std,G->S,20,0.05,2,20,0.1,0.0,0.25,0.25,0.65,0.16554378740132417,0.39427799794160084,0.00011499818187573802,0.006017101036216006,0.45,0.26549438714879886,6.0,0.003417821140692051,-0.1,1.0,-0.0005881255331514623,9
JVS_JVSMuSiC,wavlm_l12,12,19,60_20_20_speaker_disjoint,True,random_gaussian_nuisance,mean_preserving,logf0_mean;logf0_std;logf0_p05;logf0_p50;logf0_p95;logf0_range;rms_mean;rms_std;duration_s;voiced_rate;energy_mean;energy_std,S->G,20,0.05,2,20,0.1,0.0,0.25,0.2,0.6,0.1404062140881994,0.37596817765567764,4.2002568513645356e-05,0.006927742350433058,0.4,0.24764050491991668,8.5,0.0033908931179624847,-0.04999999999999999,1.0,0.0003976521036108682,12
JVS_JVSMuSiC,wavlm_l12,12,19,60_20_20_speaker_disjoint,True,random_gaussian_nuisance,mean_preserving,logf0_mean;logf0_std;logf0_p05;logf0_p50;logf0_p95;logf0_range;rms_mean;rms_std;duration_s;voiced_rate;energy_mean;energy_std,G->S,20,0.05,3,20,0.15,0.0,0.3,0.25,0.65,0.19305113636363636,0.4601499368686868,0.0005703863122548743,0.005624395837600365,0.45,0.315058275058275,6.0,0.0033908931179624955,-0.05000000000000002,1.0,0.0003976521036108682,12
JVS_JVSMuSiC,wavlm_l12,12,19,60_20_20_speaker_disjoint,True,random_low_rank_projection,mean_preserving,random_dir_0;random_dir_1;random_dir_2;random_dir_3;random_dir_4;random_dir_5;random_dir_6;random_dir_7;random_dir_8;random_dir_9;random_dir_10;random_dir_11,S->G,20,0.05,3,20,0.15,0.0,0.35,0.25,0.65,0.16387225100750644,0.42602613274560835,-1.9953280896078218e-05,0.006301333320017195,0.45,0.28641170813190936,7.0,0.003193674654406753,0.0,1.0,0.00015674285137590172,12
JVS_JVSMuSiC,wavlm_l12,12,19,60_20_20_speaker_disjoint,True,random_low_rank_projection,mean_preserving,random_dir_0;random_dir_1;random_dir_2;random_dir_3;random_dir_4;random_dir_5;random_dir_6;random_dir_7;random_dir_8;random_dir_9;random_dir_10;random_dir_11,G->S,20,0.05,4,20,0.2,0.05,0.4,0.25,0.65,0.2072288059163059,0.5068246753246753,-0.00016420707349569172,0.005326895407831833,0.45,0.3497041847041847,6.0,0.003193674654406753,0.0,1.0,0.00015674285137590172,12
JVS_JVSMuSiC,wavlm_l12,12,23,60_20_20_speaker_disjoint,True,raw,raw,,S->G,20,0.05,4,20,0.2,0.05,0.4,0.25,0.6512499999999989,0.18795650218589458,0.4821198873366055,0.0007535427170652315,0.005255631390758495,0.45,0.32870337479857603,6.5,0.003044404825607555,0.0,1.0,0.0,0
JVS_JVSMuSiC,wavlm_l12,12,23,60_20_20_speaker_disjoint,True,raw,raw,,G->S,20,0.05,7,20,0.35,0.15,0.55,0.35,0.75,0.28364643972620945,0.6436354166666667,0.0014412806872470347,0.004508351766623226,0.55,0.4600242557150452,4.5,0.0030444048256075217,0.0,1.0,0.0,0
JVS_JVSMuSiC,wavlm_l12,12,23,60_20_20_speaker_disjoint,True,center_only_classic,classic,,S->G,20,0.05,10,20,0.5,0.25,0.7,0.85,1.0,0.5436979166666667,0.8291666666666666,0.1388220039863777,0.21313149164847509,0.95,0.6854166666666666,1.5,0.17669262660215015,0.3,1.0,0.9737389042075871,0
JVS_JVSMuSiC,wavlm_l12,12,23,60_20_20_speaker_disjoint,True,center_only_classic,classic,,G->S,20,0.05,3,20,0.15,0.0,0.35,0.4,0.8,0.23945982142857145,0.4959944673382173,0.10842038522687009,0.25346559577228245,0.6,0.3614056776556776,3.5,0.17669262660215015,-0.19999999999999998,1.0,0.9737389042075871,0
JVS_JVSMuSiC,wavlm_l12,12,23,60_20_20_speaker_disjoint,True,mode_dummy_only,mean_preserving,mode_dummy,S->G,20,0.05,10,20,0.5,0.3,0.7,0.75,1.0,0.53625,0.825,0.0025104984355831116,0.0038872066325628825,0.9,0.6829166666666666,1.5,0.0031180512876021137,0.3,0.6244565217391305,0.008866729718287725,1
JVS_JVSMuSiC,wavlm_l12,12,23,60_20_20_speaker_disjoint,True,mode_dummy_only,mean_preserving,mode_dummy,G->S,20,0.05,13,20,0.65,0.45,0.85,0.75,1.0,0.6069444444444445,0.9,0.002476988855371255,0.0036392025260828863,0.9,0.7569444444444445,1.0,0.003118051287602058,0.30000000000000004,0.6244565217391305,0.008866729718287725,1
JVS_JVSMuSiC,wavlm_l12,12,23,60_20_20_speaker_disjoint,True,mode_dummy_only,classic,mode_dummy,S->G,20,0.05,12,20,0.6,0.4,0.8,0.85,1.0,0.6339285714285714,0.8875,0.35414455725035177,0.4713956124871205,0.95,0.7696428571428571,1.0,0.41321782691358805,0.39999999999999997,0.6244565217391305,0.9826576136282235,1
JVS_JVSMuSiC,wavlm_l12,12,23,60_20_20_speaker_disjoint,True,mode_dummy_only,classic,mode_dummy,G->S,20,0.05,14,20,0.7,0.5,0.9,1.0,1.0,0.6749583333333333,0.9351666666666665,0.3535474237856467,0.47305716472684695,1.0,0.8116666666666665,1.0,0.41321782691358805,0.35,0.6244565217391305,0.9826576136282235,1
JVS_JVSMuSiC,wavlm_l12,12,23,60_20_20_speaker_disjoint,True,acoustic_full_no_mode,mean_preserving,logf0_mean;logf0_std;logf0_p05;logf0_p50;logf0_p95;logf0_range;rms_mean;rms_std;duration_s;voiced_rate;energy_mean;energy_std,S->G,20,0.05,7,20,0.35,0.15,0.55,0.6,0.95,0.3830486111111111,0.6861458333333333,0.0017620291591669915,0.002709892820146831,0.8,0.5313888888888888,3.0,0.0022361656552584374,0.14999999999999997,0.5885869565217391,0.011718522693282885,9
JVS_JVSMuSiC,wavlm_l12,12,23,60_20_20_speaker_disjoint,True,acoustic_full_no_mode,mean_preserving,logf0_mean;logf0_std;logf0_p05;logf0_p50;logf0_p95;logf0_range;rms_mean;rms_std;duration_s;voiced_rate;energy_mean;energy_std,G->S,20,0.05,12,20,0.6,0.4,0.8,0.7,1.0,0.5302380952380953,0.8535714285714284,0.0017077627670550458,0.002758572292808034,0.85,0.701904761904762,1.0,0.0022361656552584096,0.25,0.5885869565217391,0.011718522693282885,9
JVS_JVSMuSiC,wavlm_l12,12,23,60_20_20_speaker_disjoint,True,acoustic_full_no_mode,classic,logf0_mean;logf0_std;logf0_p05;logf0_p50;logf0_p95;logf0_range;rms_mean;rms_std;duration_s;voiced_rate;energy_mean;energy_std,S->G,20,0.05,11,20,0.55,0.35,0.75,0.7,1.0,0.5409315476190475,0.8467202380952381,0.26628484630272425,0.410685644293369,0.85,0.6913095238095238,1.0,0.3415653100142695,0.35000000000000003,0.5885869565217391,0.9852729324391368,9
JVS_JVSMuSiC,wavlm_l12,12,23,60_20_20_speaker_disjoint,True,acoustic_full_no_mode,classic,logf0_mean;logf0_std;logf0_p05;logf0_p50;logf0_p95;logf0_range;rms_mean;rms_std;duration_s;voiced_rate;energy_mean;energy_std,G->S,20,0.05,11,20,0.55,0.35,0.75,0.75,1.0,0.5217738095238096,0.8266666666666665,0.2731819395387455,0.40817538691388505,0.9,0.6796428571428572,1.0,0.3415653100142695,0.20000000000000007,0.5885869565217391,0.9852729324391368,9
JVS_JVSMuSiC,wavlm_l12,12,23,60_20_20_speaker_disjoint,True,acoustic_full_plus_mode,mean_preserving,logf0_mean;logf0_std;logf0_p05;logf0_p50;logf0_p95;logf0_range;rms_mean;rms_std;duration_s;voiced_rate;energy_mean;energy_std;mode_dummy,S->G,20,0.05,7,20,0.35,0.15,0.55,0.6,0.95,0.38874702380952375,0.7058333333333333,0.0017720013752598282,0.002893672670420842,0.8,0.5435714285714284,2.0,0.0023402330347300714,0.14999999999999997,0.5233695652173913,0.012596810731826946,10
JVS_JVSMuSiC,wavlm_l12,12,23,60_20_20_speaker_disjoint,True,acoustic_full_plus_mode,mean_preserving,logf0_mean;logf0_std;logf0_p05;logf0_p50;logf0_p95;logf0_range;rms_mean;rms_std;duration_s;voiced_rate;energy_mean;energy_std;mode_dummy,G->S,20,0.05,13,20,0.65,0.45,0.85,0.7,1.0,0.5799702380952382,0.8884166666666665,0.0018302688114910316,0.0028611155306195557,0.85,0.7419047619047621,1.0,0.0023402330347300606,0.30000000000000004,0.5233695652173913,0.012596810731826946,10
JVS_JVSMuSiC,wavlm_l12,12,23,60_20_20_speaker_disjoint,True,acoustic_full_plus_mode,classic,logf0_mean;logf0_std;logf0_p05;logf0_p50;logf0_p95;logf0_range;rms_mean;rms_std;duration_s;voiced_rate;energy_mean;energy_std;mode_dummy,S->G,20,0.05,11,20,0.55,0.35,0.75,0.7,1.0,0.5397008928571427,0.8416666666666666,0.2825816161403646,0.41849006590415533,0.85,0.6975595238095238,1.0,0.35251334797780093,0.35000000000000003,0.5233695652173913,0.9861513176748896,10
JVS_JVSMuSiC,wavlm_l12,12,23,60_20_20_speaker_disjoint,True,acoustic_full_plus_mode,classic,logf0_mean;logf0_std;logf0_p05;logf0_p50;logf0_p95;logf0_range;rms_mean;rms_std;duration_s;voiced_rate;energy_mean;energy_std;mode_dummy,G->S,20,0.05,12,20,0.6,0.4,0.8,0.84875,1.0,0.5788839285714285,0.8751160714285713,0.2781237805831139,0.4220149238570786,0.95,0.7271428571428571,1.0,0.35251334797780093,0.25,0.5233695652173913,0.9861513176748896,10
JVS_JVSMuSiC,wavlm_l12,12,23,60_20_20_speaker_disjoint,True,single_group_f0,mean_preserving,logf0_mean;logf0_std;logf0_p05;logf0_p50;logf0_p95;logf0_range,S->G,20,0.05,3,20,0.15,0.0,0.3,0.2,0.6,0.1447954923366108,0.43201191220415275,-0.00018162511901604402,0.0044925947251559005,0.4,0.2766246640356547,7.5,0.00209981023011106,-0.05000000000000002,1.0,0.0011430253585154038,5
JVS_JVSMuSiC,wavlm_l12,12,23,60_20_20_speaker_disjoint,True,single_group_f0,mean_preserving,logf0_mean;logf0_std;logf0_p05;logf0_p50;logf0_p95;logf0_range,G->S,20,0.05,7,20,0.35,0.15,0.55,0.3,0.7,0.26111618936618936,0.6204237689393939,0.0006438530221113461,0.003481887931681176,0.5,0.4426277195027195,5.0,0.0020998102301110987,0.0,1.0,0.0011430253585154038,5
JVS_JVSMuSiC,wavlm_l12,12,23,60_20_20_speaker_disjoint,True,single_group_energy,mean_preserving,rms_mean;rms_std;energy_mean;energy_std,S->G,20,0.05,3,20,0.15,0.0,0.3,0.35,0.75,0.20330854562104564,0.4672637223887223,0.0019763499328125495,0.004719300246990877,0.55,0.32716144966144967,5.0,0.0033761545744175727,-0.05000000000000002,0.9478260869565217,0.007358686421571781,3
JVS_JVSMuSiC,wavlm_l12,12,23,60_20_20_speaker_disjoint,True,single_group_energy,mean_preserving,rms_mean;rms_std;energy_mean;energy_std,G->S,20,0.05,6,20,0.3,0.1,0.5,0.55,0.9,0.31151388888888887,0.6255659722222223,0.002237505223907012,0.004526117859162219,0.75,0.4643055555555556,3.0,0.003376154574417545,-0.04999999999999999,0.9478260869565217,0.007358686421571781,3
JVS_JVSMuSiC,wavlm_l12,12,23,60_20_20_speaker_disjoint,True,single_group_duration,mean_preserving,duration_s,S->G,20,0.05,9,20,0.45,0.25,0.65,0.85,1.0,0.49083333333333323,0.7725624999999998,0.0026744102397222064,0.0038461918841152043,0.95,0.6366666666666666,2.0,0.0032227127066548457,0.25,0.6456521739130435,0.008543163975888834,1
JVS_JVSMuSiC,wavlm_l12,12,23,60_20_20_speaker_disjoint,True,single_group_duration,mean_preserving,duration_s,G->S,20,0.05,11,20,0.55,0.35,0.8,0.7,1.0,0.5228645833333334,0.8458680555555557,0.002474841932316026,0.0038513256579954754,0.85,0.6819444444444445,1.0,0.0032227127066547846,0.20000000000000007,0.6456521739130435,0.008543163975888834,1
JVS_JVSMuSiC,wavlm_l12,12,23,60_20_20_speaker_disjoint,True,single_group_voicing,mean_preserving,voiced_rate,S->G,20,0.05,4,20,0.2,0.05,0.4,0.25,0.65,0.18066319290874244,0.49132092195085614,0.0006966769422509401,0.005445122901846165,0.45,0.32870337479857603,6.5,0.003044404825607555,0.0,1.0,0.0,0
JVS_JVSMuSiC,wavlm_l12,12,23,60_20_20_speaker_disjoint,True,single_group_voicing,mean_preserving,voiced_rate,G->S,20,0.05,7,20,0.35,0.15,0.55,0.35,0.8,0.2908609034423179,0.6477894072301967,0.0012361510514724546,0.0045665433737953525,0.55,0.4600242557150452,4.5,0.0030444048256075217,0.0,1.0,0.0,0
JVS_JVSMuSiC,wavlm_l12,12,23,60_20_20_speaker_disjoint,True,full_minus_f0,mean_preserving,rms_mean;rms_std;duration_s;voiced_rate;energy_mean;energy_std,S->G,20,0.05,11,20,0.55,0.34875000000000006,0.75,0.75,1.0,0.5157519841269841,0.8361874999999999,0.002481974541803215,0.0034933115218191515,0.9,0.6868650793650792,1.0,0.003013134268243722,0.35000000000000003,0.6021739130434782,0.010745021281762912,4
JVS_JVSMuSiC,wavlm_l12,12,23,60_20_20_speaker_disjoint,True,full_minus_f0,mean_preserving,rms_mean;rms_std;duration_s;voiced_rate;energy_mean;energy_std,G->S,20,0.05,16,20,0.8,0.6,0.95,0.85,1.0,0.7451923076923077,0.975,0.002547734559585586,0.003491755854584694,0.95,0.8663461538461539,1.0,0.003013134268243717,0.45000000000000007,0.6021739130434782,0.010745021281762912,4
JVS_JVSMuSiC,wavlm_l12,12,23,60_20_20_speaker_disjoint,True,full_minus_energy,mean_preserving,logf0_mean;logf0_std;logf0_p05;logf0_p50;logf0_p95;logf0_range;duration_s;voiced_rate,S->G,20,0.05,8,20,0.4,0.2,0.6,0.55,0.95,0.3703244463869464,0.7142344114219114,0.001643462950910199,0.0030399852938474644,0.75,0.5408916083916083,3.0,0.0022344113213675354,0.2,0.6445652173913043,0.009657817702502403,6
JVS_JVSMuSiC,wavlm_l12,12,23,60_20_20_speaker_disjoint,True,full_minus_energy,mean_preserving,logf0_mean;logf0_std;logf0_p05;logf0_p50;logf0_p95;logf0_range;duration_s;voiced_rate,G->S,20,0.05,9,20,0.45,0.25,0.65,0.6,0.95,0.45727678571428576,0.7738988095238094,0.001606214333407526,0.0028990090474954357,0.8,0.6134920634920634,2.0,0.002234411321367502,0.10000000000000003,0.6445652173913043,0.009657817702502403,6
JVS_JVSMuSiC,wavlm_l12,12,23,60_20_20_speaker_disjoint,True,full_minus_duration,mean_preserving,logf0_mean;logf0_std;logf0_p05;logf0_p50;logf0_p95;logf0_range;rms_mean;rms_std;voiced_rate;energy_mean;energy_std,S->G,20,0.05,3,20,0.15,0.0,0.35,0.2,0.6,0.18817282717282718,0.4707278728216227,0.0014005199588759286,0.0037630445703211723,0.4,0.3140066877566877,6.0,0.0025675777782585953,-0.05000000000000002,0.9472826086956522,0.008386483420449897,8
JVS_JVSMuSiC,wavlm_l12,12,23,60_20_20_speaker_disjoint,True,full_minus_duration,mean_preserving,logf0_mean;logf0_std;logf0_p05;logf0_p50;logf0_p95;logf0_range;rms_mean;rms_std;voiced_rate;energy_mean;energy_std,G->S,20,0.05,5,20,0.25,0.1,0.45,0.45,0.85,0.2527777777777777,0.5664166666666666,0.0013746750950829687,0.003902853634306583,0.65,0.3988888888888889,3.5,0.0025675777782585897,-0.09999999999999998,0.9472826086956522,0.008386483420449897,8
JVS_JVSMuSiC,wavlm_l12,12,23,60_20_20_speaker_disjoint,True,full_minus_voicing,mean_preserving,logf0_mean;logf0_std;logf0_p05;logf0_p50;logf0_p95;logf0_range;rms_mean;rms_std;duration_s;energy_mean;energy_std,S->G,20,0.05,7,20,0.35,0.15,0.55,0.6,0.95,0.36966666666666664,0.7028125000000001,0.0017904314329798062,0.002751178139980857,0.8,0.5313888888888888,3.0,0.002236165655258443,0.14999999999999997,0.5885869565217391,0.011718522693282662,9
JVS_JVSMuSiC,wavlm_l12,12,23,60_20_20_speaker_disjoint,True,full_minus_voicing,mean_preserving,logf0_mean;logf0_std;logf0_p05;logf0_p50;logf0_p95;logf0_range;rms_mean;rms_std;duration_s;energy_mean;energy_std,G->S,20,0.05,12,20,0.6,0.3987500000000001,0.8,0.7,1.0,0.5385416666666666,0.8468749999999996,0.0017703710841640997,0.0027734772378117016,0.85,0.701904761904762,1.0,0.0022361656552584543,0.25,0.5885869565217391,0.011718522693282662,9
JVS_JVSMuSiC,wavlm_l12,12,23,60_20_20_speaker_disjoint,True,row_shuffled_nuisance,mean_preserving,logf0_mean;logf0_std;logf0_p05;logf0_p50;logf0_p95;logf0_range;rms_mean;rms_std;duration_s;voiced_rate;energy_mean;energy_std,S->G,20,0.05,4,20,0.2,0.05,0.4,0.15,0.55,0.1861541483918129,0.4895810489766081,0.0010685726819399102,0.005621924768110548,0.35,0.3299926900584795,8.0,0.0033503630911738635,0.0,1.0,-0.0004238454614604592,9
JVS_JVSMuSiC,wavlm_l12,12,23,60_20_20_speaker_disjoint,True,row_shuffled_nuisance,mean_preserving,logf0_mean;logf0_std;logf0_p05;logf0_p50;logf0_p95;logf0_range;rms_mean;rms_std;duration_s;voiced_rate;energy_mean;energy_std,G->S,20,0.05,4,20,0.2,0.05,0.4,0.25,0.65,0.18077076742701745,0.4750027507215006,0.0009905717498155454,0.005373019375535194,0.45,0.31678446553446554,6.5,0.00335036309117383,-0.14999999999999997,1.0,-0.0004238454614604592,9
JVS_JVSMuSiC,wavlm_l12,12,23,60_20_20_speaker_disjoint,True,random_gaussian_nuisance,mean_preserving,logf0_mean;logf0_std;logf0_p05;logf0_p50;logf0_p95;logf0_range;rms_mean;rms_std;duration_s;voiced_rate;energy_mean;energy_std,S->G,20,0.05,5,20,0.25,0.09875000000000007,0.45,0.2,0.65,0.18387877782692022,0.5212882013551033,0.00041756997701994266,0.005882004166128081,0.4,0.3450913128409259,8.0,0.003197788996999823,0.04999999999999999,1.0,-9.449349984747002e-05,12
JVS_JVSMuSiC,wavlm_l12,12,23,60_20_20_speaker_disjoint,True,random_gaussian_nuisance,mean_preserving,logf0_mean;logf0_std;logf0_p05;logf0_p50;logf0_p95;logf0_range;rms_mean;rms_std;duration_s;voiced_rate;energy_mean;energy_std,G->S,20,0.05,1,20,0.05,0.0,0.15,0.25,0.65,0.18482362816921638,0.3791955532212885,0.0012068490225615816,0.005201108398957249,0.45,0.27496193349134523,6.0,0.0031977889969998395,-0.3,1.0,-9.449349984747002e-05,12
JVS_JVSMuSiC,wavlm_l12,12,23,60_20_20_speaker_disjoint,True,random_low_rank_projection,mean_preserving,random_dir_0;random_dir_1;random_dir_2;random_dir_3;random_dir_4;random_dir_5;random_dir_6;random_dir_7;random_dir_8;random_dir_9;random_dir_10;random_dir_11,S->G,20,0.05,4,20,0.2,0.05,0.4,0.3,0.7,0.17771682629161348,0.4917044597559304,0.0008472790592702863,0.005255956932929066,0.5,0.3294771843223855,6.5,0.003024539521347086,0.0,1.0,0.0002043125360257081,12
JVS_JVSMuSiC,wavlm_l12,12,23,60_20_20_speaker_disjoint,True,random_low_rank_projection,mean_preserving,random_dir_0;random_dir_1;random_dir_2;random_dir_3;random_dir_4;random_dir_5;random_dir_6;random_dir_7;random_dir_8;random_dir_9;random_dir_10;random_dir_11,G->S,20,0.05,7,20,0.35,0.15,0.55,0.4,0.8,0.29300150352206267,0.6568190789473684,0.0013301922255722467,0.004506313220208449,0.6,0.46169092238171183,4.5,0.0030245395213470473,0.0,1.0,0.0002043125360257081,12
JVS_JVSMuSiC,wavlm_l12,12,29,60_20_20_speaker_disjoint,True,raw,raw,,S->G,20,0.05,3,20,0.15,0.0,0.3,0.25,0.65,0.15043005952380956,0.4185133928571429,-0.0022054459511639717,0.005343352528472968,0.45,0.2771726190476191,6.5,0.002089126833474919,0.0,1.0,0.0,0
JVS_JVSMuSiC,wavlm_l12,12,29,60_20_20_speaker_disjoint,True,raw,raw,,G->S,20,0.05,6,20,0.3,0.1,0.5,0.35,0.75,0.2561945503434474,0.5817712318318935,0.0009432530339746471,0.0032743156502811855,0.55,0.426431991211403,5.0,0.0020891268334749134,0.0,1.0,0.0,0
JVS_JVSMuSiC,wavlm_l12,12,29,60_20_20_speaker_disjoint,True,center_only_classic,classic,,S->G,20,0.05,9,20,0.45,0.25,0.65,0.75,1.0,0.5055000000000001,0.7916666666666666,0.11647187759332989,0.18511920777370833,0.9,0.6422222222222222,2.0,0.1502350612281779,0.30000000000000004,1.0,0.9737367300645737,0
JVS_JVSMuSiC,wavlm_l12,12,29,60_20_20_speaker_disjoint,True,center_only_classic,classic,,G->S,20,0.05,4,20,0.2,0.05,0.4,0.4,0.85,0.2568063254147813,0.543974217571644,0.08697255074772091,0.21794400771243558,0.65,0.3926206636500754,4.0,0.1502350612281779,-0.09999999999999998,1.0,0.9737367300645737,0
JVS_JVSMuSiC,wavlm_l12,12,29,60_20_20_speaker_disjoint,True,mode_dummy_only,mean_preserving,mode_dummy,S->G,20,0.05,8,20,0.4,0.2,0.6,0.7,1.0,0.40847880116959073,0.7392013888888888,0.00030832501524155734,0.003441726070504947,0.85,0.5640204678362573,2.0,0.00213654000081438,0.25,0.39647058823529413,0.008998007697136878,1
JVS_JVSMuSiC,wavlm_l12,12,29,60_20_20_speaker_disjoint,True,mode_dummy_only,mean_preserving,mode_dummy,G->S,20,0.05,10,20,0.5,0.3,0.7,0.69875,1.0,0.4441666666666667,0.7866994047619048,0.0015534731411312056,0.0027047534932363774,0.85,0.6194047619047619,1.5,0.0021365400008142967,0.2,0.39647058823529413,0.008998007697136878,1
JVS_JVSMuSiC,wavlm_l12,12,29,60_20_20_speaker_disjoint,True,mode_dummy_only,classic,mode_dummy,S->G,20,0.05,12,20,0.6,0.4,0.8,0.65,0.95,0.5357142857142857,0.8738392857142856,0.25412239438059975,0.395213112307872,0.8,0.7088935574229691,1.0,0.3350741058559582,0.44999999999999996,0.39647058823529413,0.9826589921398592,1
JVS_JVSMuSiC,wavlm_l12,12,29,60_20_20_speaker_disjoint,True,mode_dummy_only,classic,mode_dummy,G->S,20,0.05,10,20,0.5,0.3,0.7,0.55,0.9,0.5092667748917749,0.8117619047619048,0.2544534259088433,0.40231840166130883,0.75,0.6483549783549784,1.5,0.33507410585595826,0.2,0.39647058823529413,0.9826589921398592,1
JVS_JVSMuSiC,wavlm_l12,12,29,60_20_20_speaker_disjoint,True,acoustic_full_no_mode,mean_preserving,logf0_mean;logf0_std;logf0_p05;logf0_p50;logf0_p95;logf0_range;rms_mean;rms_std;duration_s;voiced_rate;energy_mean;energy_std,S->G,20,0.05,6,20,0.3,0.1,0.5,0.45,0.85,0.30356343984962403,0.6343399122807016,-0.0003417319320833087,0.0024549968734038216,0.65,0.46727443609022556,3.0,0.001311611462233042,0.15,0.558235294117647,0.011723298841264107,9
JVS_JVSMuSiC,wavlm_l12,12,29,60_20_20_speaker_disjoint,True,acoustic_full_no_mode,mean_preserving,logf0_mean;logf0_std;logf0_p05;logf0_p50;logf0_p95;logf0_range;rms_mean;rms_std;duration_s;voiced_rate;energy_mean;energy_std,G->S,20,0.05,8,20,0.4,0.2,0.6,0.5,0.9,0.37471712315462313,0.7246969696969697,0.0009256319992211227,0.0016927398379458273,0.7,0.5478360528360529,2.0,0.0013116114622330922,0.10000000000000003,0.558235294117647,0.011723298841264107,9
JVS_JVSMuSiC,wavlm_l12,12,29,60_20_20_speaker_disjoint,True,acoustic_full_no_mode,classic,logf0_mean;logf0_std;logf0_p05;logf0_p50;logf0_p95;logf0_range;rms_mean;rms_std;duration_s;voiced_rate;energy_mean;energy_std,S->G,20,0.05,7,20,0.35,0.15,0.55,0.6,0.95,0.40920394736842103,0.6988958333333334,0.16928481898828276,0.31072318827379053,0.8,0.5515204678362572,2.0,0.24120793477156144,0.19999999999999998,0.558235294117647,0.9852778131362058,9
JVS_JVSMuSiC,wavlm_l12,12,29,60_20_20_speaker_disjoint,True,acoustic_full_no_mode,classic,logf0_mean;logf0_std;logf0_p05;logf0_p50;logf0_p95;logf0_range;rms_mean;rms_std;duration_s;voiced_rate;energy_mean;energy_std,G->S,20,0.05,10,20,0.5,0.3,0.7,0.55,0.95,0.4281171536796537,0.7721136363636364,0.16605044394281554,0.308862970625769,0.75,0.6104383116883116,1.5,0.24120793477156144,0.2,0.558235294117647,0.9852778131362058,9
JVS_JVSMuSiC,wavlm_l12,12,29,60_20_20_speaker_disjoint,True,acoustic_full_plus_mode,mean_preserving,logf0_mean;logf0_std;logf0_p05;logf0_p50;logf0_p95;logf0_range;rms_mean;rms_std;duration_s;voiced_rate;energy_mean;energy_std;mode_dummy,S->G,20,0.05,4,20,0.2,0.05,0.4,0.45,0.85,0.27275725619195046,0.5511009416924664,-0.0007050860959983959,0.00283899584454439,0.65,0.4093227554179567,3.0,0.0013758881779049991,0.05000000000000002,0.40588235294117647,0.012711288416342947,10
JVS_JVSMuSiC,wavlm_l12,12,29,60_20_20_speaker_disjoint,True,acoustic_full_plus_mode,mean_preserving,logf0_mean;logf0_std;logf0_p05;logf0_p50;logf0_p95;logf0_range;rms_mean;rms_std;duration_s;voiced_rate;energy_mean;energy_std;mode_dummy,G->S,20,0.05,8,20,0.4,0.2,0.6,0.6,0.95,0.4146963713369964,0.7320052083333333,0.0008756015583583587,0.0018561787314978068,0.8,0.5714056776556775,2.0,0.001375888177905038,0.10000000000000003,0.40588235294117647,0.012711288416342947,10
JVS_JVSMuSiC,wavlm_l12,12,29,60_20_20_speaker_disjoint,True,acoustic_full_plus_mode,classic,logf0_mean;logf0_std;logf0_p05;logf0_p50;logf0_p95;logf0_range;rms_mean;rms_std;duration_s;voiced_rate;energy_mean;energy_std;mode_dummy,S->G,20,0.05,9,20,0.45,0.25,0.65,0.69875,1.0,0.4666666666666668,0.7833680555555556,0.16164539604353684,0.31543270128082507,0.85,0.6272222222222222,2.0,0.24100879524136917,0.30000000000000004,0.40588235294117647,0.9861715498864564,10
JVS_JVSMuSiC,wavlm_l12,12,29,60_20_20_speaker_disjoint,True,acoustic_full_plus_mode,classic,logf0_mean;logf0_std;logf0_p05;logf0_p50;logf0_p95;logf0_range;rms_mean;rms_std;duration_s;voiced_rate;energy_mean;energy_std;mode_dummy,G->S,20,0.05,11,20,0.55,0.35,0.75,0.6,0.95,0.4745439762443438,0.8250735294117646,0.16621393510261298,0.3140005926254205,0.8,0.6543834841628959,1.0,0.24100879524136923,0.25000000000000006,0.40588235294117647,0.9861715498864564,10
JVS_JVSMuSiC,wavlm_l12,12,29,60_20_20_speaker_disjoint,True,single_group_f0,mean_preserving,logf0_mean;logf0_std;logf0_p05;logf0_p50;logf0_p95;logf0_range,S->G,20,0.05,2,20,0.1,0.0,0.25,0.15,0.55,0.1384397512210012,0.38773685515873013,-0.002498510608365573,0.004504268884213356,0.35,0.24692155067155067,6.5,0.0013425427987756144,-0.04999999999999999,1.0,0.0011659291688670415,5
JVS_JVSMuSiC,wavlm_l12,12,29,60_20_20_speaker_disjoint,True,single_group_f0,mean_preserving,logf0_mean;logf0_std;logf0_p05;logf0_p50;logf0_p95;logf0_range,G->S,20,0.05,4,20,0.2,0.05,0.4,0.35,0.75,0.22737127976190474,0.5338115079365079,0.00012009927794743444,0.002585915190106317,0.55,0.3715575396825396,4.5,0.0013425427987755866,-0.09999999999999998,1.0,0.0011659291688670415,5
JVS_JVSMuSiC,wavlm_l12,12,29,60_20_20_speaker_disjoint,True,single_group_energy,mean_preserving,rms_mean;rms_std;energy_mean;energy_std,S->G,20,0.05,5,20,0.25,0.05,0.45,0.15,0.6,0.20473582995951417,0.5481204594017094,-0.0005048790939605148,0.004650330447445581,0.35,0.36671277552856496,8.0,0.002411305023921778,0.1,0.9488235294117647,0.007423553863477039,3
JVS_JVSMuSiC,wavlm_l12,12,29,60_20_20_speaker_disjoint,True,single_group_energy,mean_preserving,rms_mean;rms_std;energy_mean;energy_std,G->S,20,0.05,3,20,0.15,0.0,0.3,0.35,0.75,0.20835999417249418,0.4701656884781884,0.0013500048063522607,0.0035141285501270147,0.55,0.3319022644022644,4.5,0.0024113050239218557,-0.15,0.9488235294117647,0.007423553863477039,3
JVS_JVSMuSiC,wavlm_l12,12,29,60_20_20_speaker_disjoint,True,single_group_duration,mean_preserving,duration_s,S->G,20,0.05,9,20,0.45,0.25,0.65,0.7,1.0,0.4457861842105263,0.7776973684210526,0.0005028734457386642,0.003569861586049453,0.85,0.6152631578947367,2.0,0.0022268611855284113,0.30000000000000004,0.5488235294117647,0.00861391403496159,1
JVS_JVSMuSiC,wavlm_l12,12,29,60_20_20_speaker_disjoint,True,single_group_duration,mean_preserving,duration_s,G->S,20,0.05,10,20,0.5,0.3,0.7,0.6,0.95,0.44792443667443665,0.8,0.0016514263480456968,0.0027704597220110315,0.8,0.6222804972804972,1.5,0.0022268611855284226,0.2,0.5488235294117647,0.00861391403496159,1
JVS_JVSMuSiC,wavlm_l12,12,29,60_20_20_speaker_disjoint,True,single_group_voicing,mean_preserving,voiced_rate,S->G,20,0.05,3,20,0.15,0.0,0.3,0.25,0.65,0.15604613095238096,0.42645535714285715,-0.0018744774825123175,0.005211608016224033,0.45,0.2771726190476191,6.5,0.002089126833474919,0.0,1.0,0.0,0
JVS_JVSMuSiC,wavlm_l12,12,29,60_20_20_speaker_disjoint,True,single_group_voicing,mean_preserving,voiced_rate,G->S,20,0.05,6,20,0.3,0.1,0.5,0.35,0.75,0.2578249875124875,0.6132798494397759,0.0009580801199723034,0.003256501396849911,0.55,0.426431991211403,5.0,0.0020891268334749134,0.0,1.0,0.0,0
JVS_JVSMuSiC,wavlm_l12,12,29,60_20_20_speaker_disjoint,True,full_minus_f0,mean_preserving,rms_mean;rms_std;duration_s;voiced_rate;energy_mean;energy_std,S->G,20,0.05,9,20,0.45,0.25,0.65,0.5,0.9,0.39123903508771923,0.7414467418546365,0.0002038600207729766,0.002975175460458186,0.7,0.567829991645781,2.5,0.0017858772766917552,0.30000000000000004,0.5617647058823529,0.01075668630744031,4
JVS_JVSMuSiC,wavlm_l12,12,29,60_20_20_speaker_disjoint,True,full_minus_f0,mean_preserving,rms_mean;rms_std;duration_s;voiced_rate;energy_mean;energy_std,G->S,20,0.05,9,20,0.45,0.25,0.65,0.55,0.95,0.39209425990675995,0.758806818181818,0.0012561302268100079,0.002262163565262253,0.75,0.5750582750582751,2.5,0.001785877276691794,0.15000000000000002,0.5617647058823529,0.01075668630744031,4
JVS_JVSMuSiC,wavlm_l12,12,29,60_20_20_speaker_disjoint,True,full_minus_energy,mean_preserving,logf0_mean;logf0_std;logf0_p05;logf0_p50;logf0_p95;logf0_range;duration_s;voiced_rate,S->G,20,0.05,8,20,0.4,0.2,0.6,0.45,0.85,0.3626691468253968,0.7026210317460317,-0.0004267862498744307,0.002793523393071411,0.65,0.5335317460317459,2.0,0.001461413586007071,0.25,0.5505882352941176,0.009754601698801935,6
JVS_JVSMuSiC,wavlm_l12,12,29,60_20_20_speaker_disjoint,True,full_minus_energy,mean_preserving,logf0_mean;logf0_std;logf0_p05;logf0_p50;logf0_p95;logf0_range;duration_s;voiced_rate,G->S,20,0.05,7,20,0.35,0.15,0.55,0.5,0.9,0.3582133387445887,0.6950714285714286,0.0009392359264159554,0.001987386375938624,0.7,0.5208847402597403,2.0,0.0014614135860071098,0.04999999999999999,0.5505882352941176,0.009754601698801935,6
JVS_JVSMuSiC,wavlm_l12,12,29,60_20_20_speaker_disjoint,True,full_minus_duration,mean_preserving,logf0_mean;logf0_std;logf0_p05;logf0_p50;logf0_p95;logf0_range;rms_mean;rms_std;voiced_rate;energy_mean;energy_std,S->G,20,0.05,4,20,0.2,0.05,0.4,0.15,0.6,0.17758465930998826,0.4818808286012232,-0.0006533986589262585,0.004021503772381902,0.35,0.3293998107156002,8.0,0.00195950729999137,0.05000000000000002,0.9435294117647058,0.008473999324744463,8
JVS_JVSMuSiC,wavlm_l12,12,29,60_20_20_speaker_disjoint,True,full_minus_duration,mean_preserving,logf0_mean;logf0_std;logf0_p05;logf0_p50;logf0_p95;logf0_range;rms_mean;rms_std;voiced_rate;energy_mean;energy_std,G->S,20,0.05,4,20,0.2,0.05,0.4,0.35,0.8,0.23391197344322343,0.5208662431318681,0.000813214825208449,0.0030986082355389786,0.6,0.3648649267399267,4.0,0.0019595072999912923,-0.09999999999999998,0.9435294117647058,0.008473999324744463,8
JVS_JVSMuSiC,wavlm_l12,12,29,60_20_20_speaker_disjoint,True,full_minus_voicing,mean_preserving,logf0_mean;logf0_std;logf0_p05;logf0_p50;logf0_p95;logf0_range;rms_mean;rms_std;duration_s;energy_mean;energy_std,S->G,20,0.05,6,20,0.3,0.1,0.5,0.45,0.85,0.29648934837092733,0.6386557017543859,-0.00019447476294641788,0.0024935896705958922,0.65,0.46727443609022556,3.0,0.001311611462233042,0.15,0.558235294117647,0.011723298841264662,9
JVS_JVSMuSiC,wavlm_l12,12,29,60_20_20_speaker_disjoint,True,full_minus_voicing,mean_preserving,logf0_mean;logf0_std;logf0_p05;logf0_p50;logf0_p95;logf0_range;rms_mean;rms_std;duration_s;energy_mean;energy_std,G->S,20,0.05,8,20,0.4,0.2,0.6,0.5,0.9,0.3709780497280497,0.7291933760683761,0.0008986083240276772,0.0017251361641932082,0.7,0.5478360528360529,2.0,0.0013116114622330644,0.10000000000000003,0.558235294117647,0.011723298841264662,9
JVS_JVSMuSiC,wavlm_l12,12,29,60_20_20_speaker_disjoint,True,row_shuffled_nuisance,mean_preserving,logf0_mean;logf0_std;logf0_p05;logf0_p50;logf0_p95;logf0_range;rms_mean;rms_std;duration_s;voiced_rate;energy_mean;energy_std,S->G,20,0.05,3,20,0.15,0.0,0.3,0.3,0.7,0.1600343215811966,0.4350985576923077,-0.0014833564654352567,0.005956146197796426,0.5,0.28623397435897435,6.5,0.002598553612890625,0.0,1.0,4.9918013164340636e-05,9
JVS_JVSMuSiC,wavlm_l12,12,29,60_20_20_speaker_disjoint,True,row_shuffled_nuisance,mean_preserving,logf0_mean;logf0_std;logf0_p05;logf0_p50;logf0_p95;logf0_range;rms_mean;rms_std;duration_s;voiced_rate;energy_mean;energy_std,G->S,20,0.05,5,20,0.25,0.1,0.45,0.3,0.75,0.24063392326627622,0.5716873620660385,0.0012620160541302952,0.003843439925201805,0.55,0.3990378575672693,4.5,0.0025985536128906362,-0.04999999999999999,1.0,4.9918013164340636e-05,9
JVS_JVSMuSiC,wavlm_l12,12,29,60_20_20_speaker_disjoint,True,random_gaussian_nuisance,mean_preserving,logf0_mean;logf0_std;logf0_p05;logf0_p50;logf0_p95;logf0_range;rms_mean;rms_std;duration_s;voiced_rate;energy_mean;energy_std,S->G,20,0.05,3,20,0.15,0.0,0.3,0.15,0.55,0.1409715589761546,0.4261512537707391,-0.0015352513917380566,0.005086870865581285,0.35,0.27624856352797533,6.5,0.0018769969608721793,0.0,1.0,0.00015548553030653167,12
JVS_JVSMuSiC,wavlm_l12,12,29,60_20_20_speaker_disjoint,True,random_gaussian_nuisance,mean_preserving,logf0_mean;logf0_std;logf0_p05;logf0_p50;logf0_p95;logf0_range;rms_mean;rms_std;duration_s;voiced_rate;energy_mean;energy_std,G->S,20,0.05,4,20,0.2,0.05,0.4,0.3,0.75,0.21237058080808077,0.5027337662337662,0.0006312886711257894,0.00313332898521765,0.5,0.3516089466089466,6.0,0.0018769969608721736,-0.09999999999999998,1.0,0.00015548553030653167,12
JVS_JVSMuSiC,wavlm_l12,12,29,60_20_20_speaker_disjoint,True,random_low_rank_projection,mean_preserving,random_dir_0;random_dir_1;random_dir_2;random_dir_3;random_dir_4;random_dir_5;random_dir_6;random_dir_7;random_dir_8;random_dir_9;random_dir_10;random_dir_11,S->G,20,0.05,3,20,0.15,0.0,0.35,0.25,0.7,0.15160565476190477,0.4350074404761905,-0.001728849380312453,0.005130653005375283,0.45,0.27647817460317464,6.5,0.0020815550874062226,0.0,1.0,0.00017257886308574832,12
JVS_JVSMuSiC,wavlm_l12,12,29,60_20_20_speaker_disjoint,True,random_low_rank_projection,mean_preserving,random_dir_0;random_dir_1;random_dir_2;random_dir_3;random_dir_4;random_dir_5;random_dir_6;random_dir_7;random_dir_8;random_dir_9;random_dir_10;random_dir_11,G->S,20,0.05,6,20,0.3,0.1,0.5,0.35,0.75,0.26968661648808706,0.6109973819073082,0.0009582286221648658,0.0033439160320969615,0.55,0.4286114783908902,4.5,0.0020815550874062837,0.0,1.0,0.00017257886308574832,12
JVS_JVSMuSiC,wavlm_l12,12,31,60_20_20_speaker_disjoint,True,raw,raw,,S->G,20,0.05,3,20,0.15,0.0,0.30124999999999885,0.25,0.65,0.14455792297979797,0.42087752525252525,0.0003149594333088036,0.00700864509454284,0.45,0.26919823232323237,7.0,0.003521711744405498,0.0,1.0,0.0,0
JVS_JVSMuSiC,wavlm_l12,12,31,60_20_20_speaker_disjoint,True,raw,raw,,G->S,20,0.05,2,20,0.1,0.0,0.25,0.25,0.65,0.19122812238930656,0.441266003550543,-1.8628791527351822e-05,0.006459219678626644,0.45,0.30187761069340013,6.5,0.003521711744405481,0.0,1.0,0.0,0
JVS_JVSMuSiC,wavlm_l12,12,31,60_20_20_speaker_disjoint,True,center_only_classic,classic,,S->G,20,0.05,7,20,0.35,0.15,0.55,0.7,1.0,0.4289545454545455,0.7191875,0.12487487201379767,0.22363048499718605,0.85,0.5703787878787878,2.0,0.1712018771959619,0.19999999999999998,1.0,0.9737169068811412,0
JVS_JVSMuSiC,wavlm_l12,12,31,60_20_20_speaker_disjoint,True,center_only_classic,classic,,G->S,20,0.05,3,20,0.15,0.0,0.35,0.3,0.75,0.22601758658008655,0.48721482683982686,0.09976844806361578,0.24291809109030837,0.55,0.3546744227994228,4.5,0.17120187719596192,0.04999999999999999,1.0,0.9737169068811412,0
JVS_JVSMuSiC,wavlm_l12,12,31,60_20_20_speaker_disjoint,True,mode_dummy_only,mean_preserving,mode_dummy,S->G,20,0.05,9,20,0.45,0.25,0.65,0.5,0.9,0.4183521303258145,0.7642857142857142,0.0022068051434428753,0.005293850385192436,0.7,0.5972744360902256,2.0,0.003608017285381493,0.30000000000000004,0.45681818181818185,0.008965362738458382,1
JVS_JVSMuSiC,wavlm_l12,12,31,60_20_20_speaker_disjoint,True,mode_dummy_only,mean_preserving,mode_dummy,G->S,20,0.05,11,20,0.55,0.35,0.75,0.65,1.0,0.5210851275917064,0.8442835925039871,0.0013053134584651448,0.005269659062926412,0.85,0.6863437001594896,1.0,0.0036080172853814375,0.45000000000000007,0.45681818181818185,0.008965362738458382,1
JVS_JVSMuSiC,wavlm_l12,12,31,60_20_20_speaker_disjoint,True,mode_dummy_only,classic,mode_dummy,S->G,20,0.05,15,20,0.75,0.55,0.95,0.75,1.0,0.7028409090909091,0.95,0.315982129422746,0.4623415727736416,0.9,0.8357954545454545,1.0,0.39017284499700283,0.6,0.45681818181818185,0.9826329664916545,1
JVS_JVSMuSiC,wavlm_l12,12,31,60_20_20_speaker_disjoint,True,mode_dummy_only,classic,mode_dummy,G->S,20,0.05,15,20,0.75,0.55,0.95,0.75,1.0,0.6796565934065933,0.95,0.32181158954683053,0.4580069548476851,0.9,0.8209890109890111,1.0,0.39017284499700283,0.65,0.45681818181818185,0.9826329664916545,1
JVS_JVSMuSiC,wavlm_l12,12,31,60_20_20_speaker_disjoint,True,acoustic_full_no_mode,mean_preserving,logf0_mean;logf0_std;logf0_p05;logf0_p50;logf0_p95;logf0_range;rms_mean;rms_std;duration_s;voiced_rate;energy_mean;energy_std,S->G,20,0.05,5,20,0.25,0.05,0.45,0.45,0.85,0.2949232456140351,0.6022812001594896,0.0008854296762374887,0.0035526174053372543,0.65,0.43818082137161085,3.0,0.0022319737519121917,0.1,0.575,0.011722003538505832,9
JVS_JVSMuSiC,wavlm_l12,12,31,60_20_20_speaker_disjoint,True,acoustic_full_no_mode,mean_preserving,logf0_mean;logf0_std;logf0_p05;logf0_p50;logf0_p95;logf0_range;rms_mean;rms_std;duration_s;voiced_rate;energy_mean;energy_std,G->S,20,0.05,8,20,0.4,0.2,0.6,0.55,0.9,0.3799583333333333,0.7094298245614035,-1.2113722821612497e-05,0.003837467980769863,0.75,0.5505482456140351,2.5,0.0022319737519121583,0.30000000000000004,0.575,0.011722003538505832,9
JVS_JVSMuSiC,wavlm_l12,12,31,60_20_20_speaker_disjoint,True,acoustic_full_no_mode,classic,logf0_mean;logf0_std;logf0_p05;logf0_p50;logf0_p95;logf0_range;rms_mean;rms_std;duration_s;voiced_rate;energy_mean;energy_std,S->G,20,0.05,10,20,0.5,0.3,0.7,0.85,1.0,0.5072916666666667,0.8041666666666666,0.20840808967934168,0.35959221464338476,0.95,0.6572916666666667,1.5,0.28830595289515054,0.35,0.575,0.9852669307611143,9
JVS_JVSMuSiC,wavlm_l12,12,31,60_20_20_speaker_disjoint,True,acoustic_full_no_mode,classic,logf0_mean;logf0_std;logf0_p05;logf0_p50;logf0_p95;logf0_range;rms_mean;rms_std;duration_s;voiced_rate;energy_mean;energy_std,G->S,20,0.05,10,20,0.5,0.29875000000000007,0.7,0.75,1.0,0.48413602941176465,0.8117720588235294,0.21102532416783043,0.35826907120112983,0.9,0.6500245098039216,1.5,0.2883059528951506,0.4,0.575,0.9852669307611143,9
JVS_JVSMuSiC,wavlm_l12,12,31,60_20_20_speaker_disjoint,True,acoustic_full_plus_mode,mean_preserving,logf0_mean;logf0_std;logf0_p05;logf0_p50;logf0_p95;logf0_range;rms_mean;rms_std;duration_s;voiced_rate;energy_mean;energy_std;mode_dummy,S->G,20,0.05,5,20,0.25,0.05,0.45,0.5,0.9,0.31329166666666663,0.6002807539682539,0.0009292348527766865,0.004021490532207483,0.7,0.45749007936507924,2.5,0.002455649907002322,0.1,0.4375,0.01260539214077605,10
JVS_JVSMuSiC,wavlm_l12,12,31,60_20_20_speaker_disjoint,True,acoustic_full_plus_mode,mean_preserving,logf0_mean;logf0_std;logf0_p05;logf0_p50;logf0_p95;logf0_range;rms_mean;rms_std;duration_s;voiced_rate;energy_mean;energy_std;mode_dummy,G->S,20,0.05,10,20,0.5,0.3,0.75,0.75,1.0,0.4657598684210526,0.804190789473684,0.00031136586380690114,0.003984390805958464,0.9,0.6359649122807017,1.5,0.00245564990700235,0.4,0.4375,0.01260539214077605,10
JVS_JVSMuSiC,wavlm_l12,12,31,60_20_20_speaker_disjoint,True,acoustic_full_plus_mode,classic,logf0_mean;logf0_std;logf0_p05;logf0_p50;logf0_p95;logf0_range;rms_mean;rms_std;duration_s;voiced_rate;energy_mean;energy_std;mode_dummy,S->G,20,0.05,11,20,0.55,0.35,0.75,0.75,1.0,0.5666145833333334,0.8499999999999999,0.22677294810901516,0.35890515281336033,0.9,0.7114583333333333,1.0,0.30079089674541826,0.4,0.4375,0.9861417307082305,10
JVS_JVSMuSiC,wavlm_l12,12,31,60_20_20_speaker_disjoint,True,acoustic_full_plus_mode,classic,logf0_mean;logf0_std;logf0_p05;logf0_p50;logf0_p95;logf0_range;rms_mean;rms_std;duration_s;voiced_rate;energy_mean;energy_std;mode_dummy,G->S,20,0.05,12,20,0.6,0.3987500000000001,0.8,0.75,1.0,0.5596309523809524,0.8625416666666667,0.22779392920779715,0.3620246393092764,0.9,0.7161011904761906,1.0,0.30079089674541826,0.5,0.4375,0.9861417307082305,10
JVS_JVSMuSiC,wavlm_l12,12,31,60_20_20_speaker_disjoint,True,single_group_f0,mean_preserving,logf0_mean;logf0_std;logf0_p05;logf0_p50;logf0_p95;logf0_range,S->G,20,0.05,2,20,0.1,0.0,0.25,0.2,0.6,0.12880523122710624,0.36231457951770446,-0.0006363165081908389,0.00585821702124363,0.4,0.233118894993895,7.5,0.0026899705839034393,-0.04999999999999999,1.0,0.0017621091826756086,5
JVS_JVSMuSiC,wavlm_l12,12,31,60_20_20_speaker_disjoint,True,single_group_f0,mean_preserving,logf0_mean;logf0_std;logf0_p05;logf0_p50;logf0_p95;logf0_range,G->S,20,0.05,2,20,0.1,0.0,0.25,0.25,0.65,0.16376159348692246,0.3988028926482873,-0.0007429949556743322,0.00555260113289734,0.45,0.26506900263479205,6.5,0.002689970583903406,0.0,1.0,0.0017621091826756086,5
JVS_JVSMuSiC,wavlm_l12,12,31,60_20_20_speaker_disjoint,True,single_group_energy,mean_preserving,rms_mean;rms_std;energy_mean;energy_std,S->G,20,0.05,5,20,0.25,0.05,0.45,0.4,0.8,0.2476424394319131,0.5862425595238095,0.0014413486640224888,0.006620855237717704,0.6,0.40092522974101924,4.5,0.004116889958551234,0.1,0.8744318181818181,0.006531165816855866,3
JVS_JVSMuSiC,wavlm_l12,12,31,60_20_20_speaker_disjoint,True,single_group_energy,mean_preserving,rms_mean;rms_std;energy_mean;energy_std,G->S,20,0.05,4,20,0.2,0.05,0.4,0.45,0.85,0.24709852756892234,0.5379954858737751,0.0020602848660680084,0.006398141811769034,0.65,0.3930320118478013,3.5,0.004116889958551262,0.1,0.8744318181818181,0.006531165816855866,3
JVS_JVSMuSiC,wavlm_l12,12,31,60_20_20_speaker_disjoint,True,single_group_duration,mean_preserving,duration_s,S->G,20,0.05,9,20,0.45,0.25,0.65,0.6,0.95,0.4562853535353536,0.778361111111111,0.0024254311855186114,0.005550402827013933,0.8,0.6173232323232324,2.0,0.0037781862915986786,0.30000000000000004,0.6130681818181818,0.00868672519641056,1
JVS_JVSMuSiC,wavlm_l12,12,31,60_20_20_speaker_disjoint,True,single_group_duration,mean_preserving,duration_s,G->S,20,0.05,9,20,0.45,0.25,0.65,0.7,1.0,0.4828124003189794,0.7795454545454545,0.0011805198523545727,0.005701862051182012,0.85,0.6263437001594896,2.0,0.003778186291598673,0.35,0.6130681818181818,0.00868672519641056,1
JVS_JVSMuSiC,wavlm_l12,12,31,60_20_20_speaker_disjoint,True,single_group_voicing,mean_preserving,voiced_rate,S->G,20,0.05,3,20,0.15,0.0,0.3,0.25,0.7,0.14683191287878788,0.4112495265151515,0.0004552954220739632,0.006659034929663199,0.45,0.26919823232323237,7.0,0.003521711744405498,0.0,1.0,0.0,0
JVS_JVSMuSiC,wavlm_l12,12,31,60_20_20_speaker_disjoint,True,single_group_voicing,mean_preserving,voiced_rate,G->S,20,0.05,2,20,0.1,0.0,0.25,0.25,0.65,0.19025895467836257,0.43752213868003337,-0.00023801281427705622,0.0063417171252615825,0.45,0.30187761069340013,6.5,0.003521711744405481,0.0,1.0,0.0,0
JVS_JVSMuSiC,wavlm_l12,12,31,60_20_20_speaker_disjoint,True,full_minus_f0,mean_preserving,rms_mean;rms_std;duration_s;voiced_rate;energy_mean;energy_std,S->G,20,0.05,6,20,0.3,0.1,0.5,0.45,0.85,0.34459743107769414,0.644155701754386,0.0015337588825718935,0.00437470357889204,0.65,0.4901837928153718,2.0,0.002863597597288431,0.15,0.5852272727272727,0.010009111476227739,4
JVS_JVSMuSiC,wavlm_l12,12,31,60_20_20_speaker_disjoint,True,full_minus_f0,mean_preserving,rms_mean;rms_std;duration_s;voiced_rate;energy_mean;energy_std,G->S,20,0.05,9,20,0.45,0.25,0.65,0.7,1.0,0.4574265350877192,0.775,0.0008379735771599945,0.004311364218282457,0.85,0.6155482456140351,2.0,0.0028635975972884477,0.35,0.5852272727272727,0.010009111476227739,4
JVS_JVSMuSiC,wavlm_l12,12,31,60_20_20_speaker_disjoint,True,full_minus_energy,mean_preserving,logf0_mean;logf0_std;logf0_p05;logf0_p50;logf0_p95;logf0_range;duration_s;voiced_rate,S->G,20,0.05,7,20,0.35,0.15,0.55,0.55,0.9,0.3748506944444444,0.7011388888888889,0.0015349200718124494,0.004644793944882049,0.75,0.5359722222222223,2.0,0.0028923224624310797,0.19999999999999998,0.6170454545454546,0.010472590603485377,6
JVS_JVSMuSiC,wavlm_l12,12,31,60_20_20_speaker_disjoint,True,full_minus_energy,mean_preserving,logf0_mean;logf0_std;logf0_p05;logf0_p50;logf0_p95;logf0_range;duration_s;voiced_rate,G->S,20,0.05,9,20,0.45,0.25,0.65,0.55,0.9,0.3957420112781955,0.7450661027568923,0.00046805400260984634,0.004789531871411178,0.75,0.5701911027568922,2.5,0.002892322462431085,0.35,0.6170454545454546,0.010472590603485377,6
JVS_JVSMuSiC,wavlm_l12,12,31,60_20_20_speaker_disjoint,True,full_minus_duration,mean_preserving,logf0_mean;logf0_std;logf0_p05;logf0_p50;logf0_p95;logf0_range;rms_mean;rms_std;voiced_rate;energy_mean;energy_std,S->G,20,0.05,5,20,0.25,0.05,0.45,0.35,0.8,0.21486300711242662,0.5401132369952026,0.0008720180996313745,0.005723016844909331,0.55,0.3762839886291899,5.0,0.0033660057230396833,0.1,0.8664772727272727,0.00837768870001887,8
JVS_JVSMuSiC,wavlm_l12,12,31,60_20_20_speaker_disjoint,True,full_minus_duration,mean_preserving,logf0_mean;logf0_std;logf0_p05;logf0_p50;logf0_p95;logf0_range;rms_mean;rms_std;voiced_rate;energy_mean;energy_std,G->S,20,0.05,5,20,0.25,0.09875000000000007,0.45,0.3,0.75,0.24165077156031103,0.5470748244810745,0.0012315152670732805,0.005383907502989306,0.55,0.3906245581903477,5.0,0.0033660057230397223,0.15,0.8664772727272727,0.00837768870001887,8
JVS_JVSMuSiC,wavlm_l12,12,31,60_20_20_speaker_disjoint,True,full_minus_voicing,mean_preserving,logf0_mean;logf0_std;logf0_p05;logf0_p50;logf0_p95;logf0_range;rms_mean;rms_std;duration_s;energy_mean;energy_std,S->G,20,0.05,5,20,0.25,0.1,0.45,0.45,0.85,0.2858068181818182,0.5943105811403508,0.0008611770523978957,0.0037712938154380237,0.65,0.43818082137161085,3.0,0.002231973751912203,0.1,0.575,0.011722003538506387,9
JVS_JVSMuSiC,wavlm_l12,12,31,60_20_20_speaker_disjoint,True,full_minus_voicing,mean_preserving,logf0_mean;logf0_std;logf0_p05;logf0_p50;logf0_p95;logf0_range;rms_mean;rms_std;duration_s;energy_mean;energy_std,G->S,20,0.05,8,20,0.4,0.2,0.65,0.55,0.9012499999999989,0.3881107456140351,0.7276491228070175,0.00030119722247918585,0.0037684720215245674,0.75,0.5505482456140351,2.5,0.0022319737519122195,0.30000000000000004,0.575,0.011722003538506387,9
JVS_JVSMuSiC,wavlm_l12,12,31,60_20_20_speaker_disjoint,True,row_shuffled_nuisance,mean_preserving,logf0_mean;logf0_std;logf0_p05;logf0_p50;logf0_p95;logf0_range;rms_mean;rms_std;duration_s;voiced_rate;energy_mean;energy_std,S->G,20,0.05,2,20,0.1,0.0,0.25,0.3,0.7,0.14267855949197863,0.3858792613636363,0.00043781867399334863,0.007276276673666024,0.5,0.250573752228164,6.5,0.003847931830870199,-0.04999999999999999,1.0,-0.0002950539613082448,9
JVS_JVSMuSiC,wavlm_l12,12,31,60_20_20_speaker_disjoint,True,row_shuffled_nuisance,mean_preserving,logf0_mean;logf0_std;logf0_p05;logf0_p50;logf0_p95;logf0_range;rms_mean;rms_std;duration_s;voiced_rate;energy_mean;energy_std,G->S,20,0.05,3,20,0.15,0.0,0.30124999999999885,0.35,0.75,0.1787925637958533,0.44444736842105265,-0.00017436628442092837,0.006965887152873559,0.55,0.3005103668261562,5.0,0.003847931830870227,0.04999999999999999,1.0,-0.0002950539613082448,9
JVS_JVSMuSiC,wavlm_l12,12,31,60_20_20_speaker_disjoint,True,random_gaussian_nuisance,mean_preserving,logf0_mean;logf0_std;logf0_p05;logf0_p50;logf0_p95;logf0_range;rms_mean;rms_std;duration_s;voiced_rate;energy_mean;energy_std,S->G,20,0.05,4,20,0.2,0.05,0.4,0.3,0.7,0.19107118055555558,0.5059965277777778,0.0003015518265735749,0.006837968480448191,0.5,0.33375,5.5,0.0035559909374889343,0.05000000000000002,1.0,9.304970123280576e-05,12
JVS_JVSMuSiC,wavlm_l12,12,31,60_20_20_speaker_disjoint,True,random_gaussian_nuisance,mean_preserving,logf0_mean;logf0_std;logf0_p05;logf0_p50;logf0_p95;logf0_range;rms_mean;rms_std;duration_s;voiced_rate;energy_mean;energy_std,G->S,20,0.05,3,20,0.15,0.0,0.3,0.2,0.65,0.16504846633629527,0.43660803998632947,0.000290999156636756,0.0063139658231067776,0.4,0.2853913192071087,6.0,0.003555990937488962,0.04999999999999999,1.0,9.304970123280576e-05,12
JVS_JVSMuSiC,wavlm_l12,12,31,60_20_20_speaker_disjoint,True,random_low_rank_projection,mean_preserving,random_dir_0;random_dir_1;random_dir_2;random_dir_3;random_dir_4;random_dir_5;random_dir_6;random_dir_7;random_dir_8;random_dir_9;random_dir_10;random_dir_11,S->G,20,0.05,3,20,0.15,0.0,0.3,0.2,0.65,0.14013699494949494,0.42121038510101,0.00015985555953972101,0.006908857979221007,0.45,0.26919823232323237,7.0,0.00350730193530942,0.0,1.0,0.00014343465069410755,12
JVS_JVSMuSiC,wavlm_l12,12,31,60_20_20_speaker_disjoint,True,random_low_rank_projection,mean_preserving,random_dir_0;random_dir_1;random_dir_2;random_dir_3;random_dir_4;random_dir_5;random_dir_6;random_dir_7;random_dir_8;random_dir_9;random_dir_10;random_dir_11,G->S,20,0.05,2,20,0.1,0.0,0.25,0.25,0.65,0.18940421365914786,0.42378994360902245,-0.0003200692589601675,0.006471113125950758,0.45,0.30187761069340013,6.5,0.0035073019353094592,0.0,1.0,0.00014343465069410755,12
JVS_JVSMuSiC,wavlm_l12,12,37,60_20_20_speaker_disjoint,True,raw,raw,,S->G,20,0.05,5,20,0.25,0.05,0.45,0.15,0.55,0.1848139880952381,0.543584497100122,0.0007509590700685764,0.00601674878865897,0.35,0.35275488400488403,7.0,0.0033930415631686973,0.0,1.0,0.0,0
JVS_JVSMuSiC,wavlm_l12,12,37,60_20_20_speaker_disjoint,True,raw,raw,,G->S,20,0.05,6,20,0.3,0.1,0.5,0.4,0.8,0.2535519533571004,0.6047386363636363,0.0018266433191779692,0.004888679332567444,0.6,0.42220885323826485,5.0,0.003393041563168636,0.0,1.0,0.0,0
JVS_JVSMuSiC,wavlm_l12,12,37,60_20_20_speaker_disjoint,True,center_only_classic,classic,,S->G,20,0.05,8,20,0.4,0.2,0.6012499999999988,0.75,1.0,0.45591346153846146,0.7626041666666665,0.14241030414252162,0.25000864977746473,0.9,0.6059294871794871,2.0,0.19202718980222855,0.15000000000000002,1.0,0.9737212216198118,0
JVS_JVSMuSiC,wavlm_l12,12,37,60_20_20_speaker_disjoint,True,center_only_classic,classic,,G->S,20,0.05,4,20,0.2,0.05,0.35124999999999884,0.5,0.9,0.2539256091131091,0.5315032918470419,0.11431481963409637,0.27501153765548786,0.7,0.38692335442335446,3.5,0.19202718980222855,-0.09999999999999998,1.0,0.9737212216198118,0
JVS_JVSMuSiC,wavlm_l12,12,37,60_20_20_speaker_disjoint,True,mode_dummy_only,mean_preserving,mode_dummy,S->G,20,0.05,8,20,0.4,0.2,0.6,0.6,0.95,0.4058344620743034,0.7490411184210526,0.0022136976998910225,0.004577821061887521,0.8,0.5776560887512899,2.0,0.0034734151408031045,0.15000000000000002,0.4649425287356322,0.008916421926293605,1
JVS_JVSMuSiC,wavlm_l12,12,37,60_20_20_speaker_disjoint,True,mode_dummy_only,mean_preserving,mode_dummy,G->S,20,0.05,13,20,0.65,0.45,0.85,0.75,1.0,0.5882847222222222,0.9041666666666666,0.0027929955380283406,0.004098291946186022,0.9,0.7502777777777777,1.0,0.0034734151408031154,0.35000000000000003,0.4649425287356322,0.008916421926293605,1
JVS_JVSMuSiC,wavlm_l12,12,37,60_20_20_speaker_disjoint,True,mode_dummy_only,classic,mode_dummy,S->G,20,0.05,13,20,0.65,0.45,0.85,0.85,1.0,0.6391041666666667,0.9099999999999999,0.3407624016574776,0.4905415835090392,0.95,0.7808333333333334,1.0,0.4194754320233246,0.4,0.4649425287356322,0.9826461167893887,1
JVS_JVSMuSiC,wavlm_l12,12,37,60_20_20_speaker_disjoint,True,mode_dummy_only,classic,mode_dummy,G->S,20,0.05,14,20,0.7,0.5,0.9,0.85,1.0,0.6571805555555554,0.9333333333333332,0.34783372542003144,0.48614447822822443,0.95,0.7988888888888889,1.0,0.4194754320233246,0.39999999999999997,0.4649425287356322,0.9826461167893887,1
JVS_JVSMuSiC,wavlm_l12,12,37,60_20_20_speaker_disjoint,True,acoustic_full_no_mode,mean_preserving,logf0_mean;logf0_std;logf0_p05;logf0_p50;logf0_p95;logf0_range;rms_mean;rms_std;duration_s;voiced_rate;energy_mean;energy_std,S->G,20,0.05,8,20,0.4,0.2,0.6,0.45,0.85,0.3412060379313669,0.6931527117425917,0.0008807886200468912,0.0028076032974914526,0.65,0.5207879568831582,3.0,0.0019073731252737037,0.15000000000000002,0.5471264367816092,0.01218302567110141,9
JVS_JVSMuSiC,wavlm_l12,12,37,60_20_20_speaker_disjoint,True,acoustic_full_no_mode,mean_preserving,logf0_mean;logf0_std;logf0_p05;logf0_p50;logf0_p95;logf0_range;rms_mean;rms_std;duration_s;voiced_rate;energy_mean;energy_std,G->S,20,0.05,8,20,0.4,0.2,0.65,0.6,0.95,0.4436787305831423,0.7415126050420169,0.0012782474175699649,0.0025903514742330936,0.8,0.5893913929208047,2.0,0.0019073731252737258,0.10000000000000003,0.5471264367816092,0.01218302567110141,9
JVS_JVSMuSiC,wavlm_l12,12,37,60_20_20_speaker_disjoint,True,acoustic_full_no_mode,classic,logf0_mean;logf0_std;logf0_p05;logf0_p50;logf0_p95;logf0_range;rms_mean;rms_std;duration_s;voiced_rate;energy_mean;energy_std,S->G,20,0.05,11,20,0.55,0.3,0.75,0.75,1.0,0.5387051282051282,0.8516666666666666,0.20877383008779893,0.3616281538392986,0.9,0.6955128205128205,1.0,0.28916244613280984,0.30000000000000004,0.5471264367816092,0.9852598758220653,9
JVS_JVSMuSiC,wavlm_l12,12,37,60_20_20_speaker_disjoint,True,acoustic_full_no_mode,classic,logf0_mean;logf0_std;logf0_p05;logf0_p50;logf0_p95;logf0_range;rms_mean;rms_std;duration_s;voiced_rate;energy_mean;energy_std,G->S,20,0.05,11,20,0.55,0.34875000000000006,0.75,0.6,0.95,0.4958372252747252,0.8308660714285714,0.20874869566500212,0.36666009584908776,0.8,0.6626556776556777,1.0,0.28916244613280984,0.25000000000000006,0.5471264367816092,0.9852598758220653,9
JVS_JVSMuSiC,wavlm_l12,12,37,60_20_20_speaker_disjoint,True,acoustic_full_plus_mode,mean_preserving,logf0_mean;logf0_std;logf0_p05;logf0_p50;logf0_p95;logf0_range;rms_mean;rms_std;duration_s;voiced_rate;energy_mean;energy_std;mode_dummy,S->G,20,0.05,7,20,0.35,0.15,0.55,0.45,0.85,0.34442906034024456,0.6837684409888357,0.0007623381685925888,0.002804249671622708,0.65,0.5107881446039341,2.0,0.0018717682948889368,0.09999999999999998,0.4603448275862069,0.013058576679769063,10
JVS_JVSMuSiC,wavlm_l12,12,37,60_20_20_speaker_disjoint,True,acoustic_full_plus_mode,mean_preserving,logf0_mean;logf0_std;logf0_p05;logf0_p50;logf0_p95;logf0_range;rms_mean;rms_std;duration_s;voiced_rate;energy_mean;energy_std;mode_dummy,G->S,20,0.05,7,20,0.35,0.15,0.55,0.6,0.95,0.4073055555555556,0.70203125,0.0012472775051163693,0.0024448985901814094,0.8,0.5631944444444444,2.0,0.0018717682948889368,0.04999999999999999,0.4603448275862069,0.013058576679769063,10
JVS_JVSMuSiC,wavlm_l12,12,37,60_20_20_speaker_disjoint,True,acoustic_full_plus_mode,classic,logf0_mean;logf0_std;logf0_p05;logf0_p50;logf0_p95;logf0_range;rms_mean;rms_std;duration_s;voiced_rate;energy_mean;energy_std;mode_dummy,S->G,20,0.05,12,20,0.6,0.4,0.8,0.6,0.95,0.5384655448717949,0.8539583333333332,0.19585788883362834,0.35887499035811327,0.8,0.7031517094017093,1.0,0.2787317980264001,0.35,0.4603448275862069,0.9861646851781931,10
JVS_JVSMuSiC,wavlm_l12,12,37,60_20_20_speaker_disjoint,True,acoustic_full_plus_mode,classic,logf0_mean;logf0_std;logf0_p05;logf0_p50;logf0_p95;logf0_range;rms_mean;rms_std;duration_s;voiced_rate;energy_mean;energy_std;mode_dummy,G->S,20,0.05,10,20,0.5,0.3,0.75,0.6,0.95,0.4471011904761904,0.7933333333333333,0.1976481891311278,0.3587369368207795,0.8,0.6302380952380953,1.5,0.27873179802640013,0.2,0.4603448275862069,0.9861646851781931,10
JVS_JVSMuSiC,wavlm_l12,12,37,60_20_20_speaker_disjoint,True,single_group_f0,mean_preserving,logf0_mean;logf0_std;logf0_p05;logf0_p50;logf0_p95;logf0_range,S->G,20,0.05,4,20,0.2,0.05,0.4,0.1,0.5,0.16049544552669556,0.4870300099206349,-0.00044126961186462737,0.004964331188505855,0.3,0.31509289321789324,9.0,0.0024191310667622313,-0.04999999999999999,1.0,0.0013047588471559735,5
JVS_JVSMuSiC,wavlm_l12,12,37,60_20_20_speaker_disjoint,True,single_group_f0,mean_preserving,logf0_mean;logf0_std;logf0_p05;logf0_p50;logf0_p95;logf0_range,G->S,20,0.05,2,20,0.1,0.0,0.25,0.2,0.6,0.16045115392648288,0.40666697994987466,0.0009783179698988605,0.003989320740120506,0.4,0.27685471692050634,8.0,0.002419131066762209,-0.19999999999999998,1.0,0.0013047588471559735,5
JVS_JVSMuSiC,wavlm_l12,12,37,60_20_20_speaker_disjoint,True,single_group_energy,mean_preserving,rms_mean;rms_std;energy_mean;energy_std,S->G,20,0.05,5,20,0.25,0.1,0.45,0.2,0.6,0.22126163419913417,0.536613906926407,0.001456742921535165,0.005072564037552843,0.4,0.3704599567099567,7.0,0.0033691780815038653,0.0,0.9333333333333333,0.007616879427381984,3
JVS_JVSMuSiC,wavlm_l12,12,37,60_20_20_speaker_disjoint,True,single_group_energy,mean_preserving,rms_mean;rms_std;energy_mean;energy_std,G->S,20,0.05,7,20,0.35,0.15,0.55,0.55,0.95,0.32351238344988337,0.6583453282828283,0.00209916699152113,0.004608380024627603,0.75,0.48672494172494174,4.0,0.003369178081503804,0.04999999999999999,0.9333333333333333,0.007616879427381984,3
JVS_JVSMuSiC,wavlm_l12,12,37,60_20_20_speaker_disjoint,True,single_group_duration,mean_preserving,duration_s,S->G,20,0.05,8,20,0.4,0.2,0.6,0.6,0.95,0.43294509251068847,0.7420151942355888,0.002143702722216121,0.004805128466904936,0.8,0.5906918030370043,2.0,0.003647929795904126,0.15000000000000002,0.5919540229885057,0.008547312141753749,1
JVS_JVSMuSiC,wavlm_l12,12,37,60_20_20_speaker_disjoint,True,single_group_duration,mean_preserving,duration_s,G->S,20,0.05,12,20,0.6,0.4,0.8,0.75,1.0,0.5544305555555555,0.8666666666666666,0.0029161774251745243,0.004349392599455987,0.9,0.7272222222222222,1.0,0.0036479297959041202,0.3,0.5919540229885057,0.008547312141753749,1
JVS_JVSMuSiC,wavlm_l12,12,37,60_20_20_speaker_disjoint,True,single_group_voicing,mean_preserving,voiced_rate,S->G,20,0.05,5,20,0.25,0.05,0.45,0.15,0.5512499999999989,0.18825024801587298,0.5393217719780219,0.0008278735553295491,0.006096855526284946,0.35,0.35275488400488403,7.0,0.0033930415631686973,0.0,1.0,0.0,0
JVS_JVSMuSiC,wavlm_l12,12,37,60_20_20_speaker_disjoint,True,single_group_voicing,mean_preserving,voiced_rate,G->S,20,0.05,6,20,0.3,0.1,0.5,0.4,0.8,0.2711254827688651,0.6017345142602494,0.001887306270275028,0.0050431017559819345,0.6,0.42220885323826485,5.0,0.003393041563168636,0.0,1.0,0.0,0
JVS_JVSMuSiC,wavlm_l12,12,37,60_20_20_speaker_disjoint,True,full_minus_f0,mean_preserving,rms_mean;rms_std;duration_s;voiced_rate;energy_mean;energy_std,S->G,20,0.05,8,20,0.4,0.2,0.6,0.55,0.9012499999999989,0.40310049019607846,0.7305943627450979,0.0018981808174564998,0.0037500813170850324,0.75,0.5654411764705882,2.0,0.0028601466031655197,0.15000000000000002,0.5695402298850575,0.010928869503168293,4
JVS_JVSMuSiC,wavlm_l12,12,37,60_20_20_speaker_disjoint,True,full_minus_f0,mean_preserving,rms_mean;rms_std;duration_s;voiced_rate;energy_mean;energy_std,G->S,20,0.05,11,20,0.55,0.35,0.75,0.65,1.0,0.5187996031746033,0.8416666666666666,0.0021380415625588006,0.0036164786637307806,0.85,0.6882936507936508,1.0,0.0028601466031655033,0.25000000000000006,0.5695402298850575,0.010928869503168293,4
JVS_JVSMuSiC,wavlm_l12,12,37,60_20_20_speaker_disjoint,True,full_minus_energy,mean_preserving,logf0_mean;logf0_std;logf0_p05;logf0_p50;logf0_p95;logf0_range;duration_s;voiced_rate,S->G,20,0.05,8,20,0.4,0.2,0.6,0.6,0.95,0.39555473912052863,0.7334735275689221,0.0011222992982003403,0.0037693776373535328,0.8,0.5534865573023466,2.0,0.0026178073560919946,0.15000000000000002,0.585632183908046,0.009849446697630548,6
JVS_JVSMuSiC,wavlm_l12,12,37,60_20_20_speaker_disjoint,True,full_minus_energy,mean_preserving,logf0_mean;logf0_std;logf0_p05;logf0_p50;logf0_p95;logf0_range;duration_s;voiced_rate,G->S,20,0.05,11,20,0.55,0.34875000000000006,0.8,0.6,0.95,0.4903004201680672,0.8329649859943976,0.001954446202484267,0.0032920911362949493,0.8,0.655798319327731,1.0,0.002617807356092061,0.25000000000000006,0.585632183908046,0.009849446697630548,6
JVS_JVSMuSiC,wavlm_l12,12,37,60_20_20_speaker_disjoint,True,full_minus_duration,mean_preserving,logf0_mean;logf0_std;logf0_p05;logf0_p50;logf0_p95;logf0_range;rms_mean;rms_std;voiced_rate;energy_mean;energy_std,S->G,20,0.05,4,20,0.2,0.05,0.4,0.2,0.6,0.18215182021925444,0.4843138504404952,0.0007023414140907325,0.004219143980779372,0.4,0.32012727769306715,7.0,0.0025107720386913336,-0.04999999999999999,0.9235632183908046,0.008981356919163352,8
JVS_JVSMuSiC,wavlm_l12,12,37,60_20_20_speaker_disjoint,True,full_minus_duration,mean_preserving,logf0_mean;logf0_std;logf0_p05;logf0_p50;logf0_p95;logf0_range;rms_mean;rms_std;voiced_rate;energy_mean;energy_std,G->S,20,0.05,5,20,0.25,0.1,0.45,0.4487500000000001,0.85,0.2709067963286714,0.5948385416666666,0.001560570620121697,0.0036816640302114946,0.65,0.43248883061383064,4.5,0.002510772038691328,-0.04999999999999999,0.9235632183908046,0.008981356919163352,8
JVS_JVSMuSiC,wavlm_l12,12,37,60_20_20_speaker_disjoint,True,full_minus_voicing,mean_preserving,logf0_mean;logf0_std;logf0_p05;logf0_p50;logf0_p95;logf0_range;rms_mean;rms_std;duration_s;energy_mean;energy_std,S->G,20,0.05,8,20,0.4,0.2,0.6,0.45,0.85,0.35568133923609924,0.6985112044817927,0.0009430096418198985,0.0027705868835519298,0.65,0.5207879568831582,3.0,0.001907373125273787,0.15000000000000002,0.5471264367816092,0.012183025671101966,9
JVS_JVSMuSiC,wavlm_l12,12,37,60_20_20_speaker_disjoint,True,full_minus_voicing,mean_preserving,logf0_mean;logf0_std;logf0_p05;logf0_p50;logf0_p95;logf0_range;rms_mean;rms_std;duration_s;energy_mean;energy_std,G->S,20,0.05,8,20,0.4,0.2,0.6,0.6,0.95,0.439839158390629,0.7525508021390372,0.001306011572173523,0.002596688249062459,0.8,0.5893913929208047,2.0,0.001907373125273809,0.10000000000000003,0.5471264367816092,0.012183025671101966,9
JVS_JVSMuSiC,wavlm_l12,12,37,60_20_20_speaker_disjoint,True,row_shuffled_nuisance,mean_preserving,logf0_mean;logf0_std;logf0_p05;logf0_p50;logf0_p95;logf0_range;rms_mean;rms_std;duration_s;voiced_rate;energy_mean;energy_std,S->G,20,0.05,2,20,0.1,0.0,0.25,0.15,0.55,0.15338476043328017,0.41962662100326564,0.0009148047614983953,0.006193014875331793,0.35,0.2744290176198071,8.0,0.0033789306599760925,-0.15,1.0,1.6494198930572246e-05,9
JVS_JVSMuSiC,wavlm_l12,12,37,60_20_20_speaker_disjoint,True,row_shuffled_nuisance,mean_preserving,logf0_mean;logf0_std;logf0_p05;logf0_p50;logf0_p95;logf0_range;rms_mean;rms_std;duration_s;voiced_rate;energy_mean;energy_std,G->S,20,0.05,5,20,0.25,0.1,0.45,0.45,0.85,0.2471564059113401,0.5672546850079744,0.0015307595585241933,0.005015463462477683,0.65,0.4025509651167546,4.0,0.003378930659976076,-0.04999999999999999,1.0,1.6494198930572246e-05,9
JVS_JVSMuSiC,wavlm_l12,12,37,60_20_20_speaker_disjoint,True,random_gaussian_nuisance,mean_preserving,logf0_mean;logf0_std;logf0_p05;logf0_p50;logf0_p95;logf0_range;rms_mean;rms_std;duration_s;voiced_rate;energy_mean;energy_std,S->G,20,0.05,2,20,0.1,0.0,0.25,0.15,0.5512499999999989,0.1461416361416361,0.39494486416361413,-0.00020578643186686176,0.0073183967897680405,0.35,0.2582112332112332,8.5,0.0035537165001484293,-0.15,1.0,0.0006191435814844048,12
JVS_JVSMuSiC,wavlm_l12,12,37,60_20_20_speaker_disjoint,True,random_gaussian_nuisance,mean_preserving,logf0_mean;logf0_std;logf0_p05;logf0_p50;logf0_p95;logf0_range;rms_mean;rms_std;duration_s;voiced_rate;energy_mean;energy_std,G->S,20,0.05,3,20,0.15,0.0,0.3,0.29875000000000007,0.7,0.20905636724386728,0.4664436327561327,0.0017565472987797236,0.005471466673615863,0.5,0.32421356421356423,5.5,0.0035537165001484293,-0.15,1.0,0.0006191435814844048,12
JVS_JVSMuSiC,wavlm_l12,12,37,60_20_20_speaker_disjoint,True,random_low_rank_projection,mean_preserving,random_dir_0;random_dir_1;random_dir_2;random_dir_3;random_dir_4;random_dir_5;random_dir_6;random_dir_7;random_dir_8;random_dir_9;random_dir_10;random_dir_11,S->G,20,0.05,5,20,0.25,0.1,0.45,0.15,0.55,0.18698740541256992,0.5183979781183726,0.0007607141139159883,0.006126071926699905,0.35,0.35260868517447463,7.0,0.0033708000202928856,0.0,1.0,0.0001894686863016526,12
JVS_JVSMuSiC,wavlm_l12,12,37,60_20_20_speaker_disjoint,True,random_low_rank_projection,mean_preserving,random_dir_0;random_dir_1;random_dir_2;random_dir_3;random_dir_4;random_dir_5;random_dir_6;random_dir_7;random_dir_8;random_dir_9;random_dir_10;random_dir_11,G->S,20,0.05,6,20,0.3,0.1,0.5,0.35,0.75,0.2515616830065359,0.6018319778669043,0.0018652058748552228,0.00493409844922346,0.55,0.41804218657159825,5.0,0.003370800020292869,0.0,1.0,0.0001894686863016526,12
JVS_JVSMuSiC,wavlm_l12,12,41,60_20_20_speaker_disjoint,True,raw,raw,,S->G,20,0.05,2,20,0.1,0.0,0.25,0.2,0.6,0.1471252670940171,0.3924710887560152,-0.0020373424138739058,0.0054515122348977214,0.4,0.2543865366659484,7.0,0.002193971166197006,0.0,1.0,0.0,0
JVS_JVSMuSiC,wavlm_l12,12,41,60_20_20_speaker_disjoint,True,raw,raw,,G->S,20,0.05,3,20,0.15,0.0,0.35,0.25,0.65,0.178137177332901,0.4547165657807105,0.0006719179306595212,0.003818690274410938,0.45,0.3046144571802466,7.5,0.002193971166197006,0.0,1.0,0.0,0
JVS_JVSMuSiC,wavlm_l12,12,41,60_20_20_speaker_disjoint,True,center_only_classic,classic,,S->G,20,0.05,10,20,0.5,0.3,0.7,0.55,0.9,0.4633194444444444,0.7875416666666666,0.10119001074798555,0.1778455518442548,0.75,0.6280555555555556,1.5,0.1395117256383162,0.4,1.0,0.9737331479728978,0
JVS_JVSMuSiC,wavlm_l12,12,41,60_20_20_speaker_disjoint,True,center_only_classic,classic,,G->S,20,0.05,3,20,0.15,0.0,0.35,0.4,0.8,0.22415252976190478,0.4774703057359307,0.06683057486131527,0.22065306676290494,0.6,0.34644209956709954,4.0,0.1395117256383162,0.0,1.0,0.9737331479728978,0
JVS_JVSMuSiC,wavlm_l12,12,41,60_20_20_speaker_disjoint,True,mode_dummy_only,mean_preserving,mode_dummy,S->G,20,0.05,7,20,0.35,0.15,0.55,0.5,0.9,0.33431958360267183,0.6739034017453134,0.0004071794002885257,0.0035326756735348307,0.7,0.5039301874595993,2.5,0.002249590717256228,0.24999999999999997,0.6181318681318682,0.008831844871879824,1
JVS_JVSMuSiC,wavlm_l12,12,41,60_20_20_speaker_disjoint,True,mode_dummy_only,mean_preserving,mode_dummy,G->S,20,0.05,10,20,0.5,0.3,0.7,0.6,0.95,0.42739204545454546,0.7858106060606062,0.001658467288226461,0.002857734958993363,0.8,0.6032575757575758,2.0,0.002249590717256278,0.35,0.6181318681318682,0.008831844871879824,1
JVS_JVSMuSiC,wavlm_l12,12,41,60_20_20_speaker_disjoint,True,mode_dummy_only,classic,mode_dummy,S->G,20,0.05,10,20,0.5,0.3,0.75,0.55,0.9,0.41955158730158737,0.7833363095238095,0.24500490602798014,0.4066974523360216,0.75,0.5998412698412698,2.0,0.33141879336657654,0.4,0.6181318681318682,0.9826568247696912,1
JVS_JVSMuSiC,wavlm_l12,12,41,60_20_20_speaker_disjoint,True,mode_dummy_only,classic,mode_dummy,G->S,20,0.05,7,20,0.35,0.15,0.55,0.6,0.95,0.3896531385281385,0.7019856601731601,0.25088024658173813,0.41054995451136334,0.8,0.5522438672438672,2.0,0.33141879336657654,0.19999999999999998,0.6181318681318682,0.9826568247696912,1
JVS_JVSMuSiC,wavlm_l12,12,41,60_20_20_speaker_disjoint,True,acoustic_full_no_mode,mean_preserving,logf0_mean;logf0_std;logf0_p05;logf0_p50;logf0_p95;logf0_range;rms_mean;rms_std;duration_s;voiced_rate;energy_mean;energy_std,S->G,20,0.05,6,20,0.3,0.1,0.5,0.45,0.85,0.30794528388278386,0.6280741129785248,8.062785590155346e-05,0.0028638875041941602,0.65,0.46059685412626583,3.0,0.00161993864235494,0.19999999999999998,0.5846153846153846,0.01172470667440706,9
JVS_JVSMuSiC,wavlm_l12,12,41,60_20_20_speaker_disjoint,True,acoustic_full_no_mode,mean_preserving,logf0_mean;logf0_std;logf0_p05;logf0_p50;logf0_p95;logf0_range;rms_mean;rms_std;duration_s;voiced_rate;energy_mean;energy_std,G->S,20,0.05,9,20,0.45,0.25,0.65,0.4,0.8,0.3501960068118156,0.7338834776334776,0.0008486747868333867,0.002439398173961643,0.6,0.5406017103811223,2.5,0.0016199386423549622,0.30000000000000004,0.5846153846153846,0.01172470667440706,9
JVS_JVSMuSiC,wavlm_l12,12,41,60_20_20_speaker_disjoint,True,acoustic_full_no_mode,classic,logf0_mean;logf0_std;logf0_p05;logf0_p50;logf0_p95;logf0_range;rms_mean;rms_std;duration_s;voiced_rate;energy_mean;energy_std,S->G,20,0.05,10,20,0.5,0.3,0.7,0.55,0.95,0.45932168489405323,0.7924469696969697,0.15291430850097332,0.36144920798454994,0.75,0.6290817953975848,1.5,0.2549976732632443,0.4,0.5846153846153846,0.9851840620241803,9
JVS_JVSMuSiC,wavlm_l12,12,41,60_20_20_speaker_disjoint,True,acoustic_full_no_mode,classic,logf0_mean;logf0_std;logf0_p05;logf0_p50;logf0_p95;logf0_range;rms_mean;rms_std;duration_s;voiced_rate;energy_mean;energy_std,G->S,20,0.05,10,20,0.5,0.3,0.75,0.45,0.85,0.40376697781385285,0.7757857142857142,0.1509779390773689,0.3611308715420521,0.7,0.5914799783549783,1.5,0.2549976732632443,0.35,0.5846153846153846,0.9851840620241803,9
JVS_JVSMuSiC,wavlm_l12,12,41,60_20_20_speaker_disjoint,True,acoustic_full_plus_mode,mean_preserving,logf0_mean;logf0_std;logf0_p05;logf0_p50;logf0_p95;logf0_range;rms_mean;rms_std;duration_s;voiced_rate;energy_mean;energy_std;mode_dummy,S->G,20,0.05,7,20,0.35,0.15,0.55,0.35,0.8,0.29941741071428574,0.6673125,-0.00047025002711414434,0.0030097639582458862,0.6,0.474295634920635,3.0,0.00143909033110306,0.24999999999999997,0.5478021978021979,0.01249366818629094,10
JVS_JVSMuSiC,wavlm_l12,12,41,60_20_20_speaker_disjoint,True,acoustic_full_plus_mode,mean_preserving,logf0_mean;logf0_std;logf0_p05;logf0_p50;logf0_p95;logf0_range;rms_mean;rms_std;duration_s;voiced_rate;energy_mean;energy_std;mode_dummy,G->S,20,0.05,8,20,0.4,0.2,0.65,0.3,0.75,0.3256580225330225,0.6908866480741481,0.0007409954298316438,0.0022154028638466266,0.55,0.5083565943860061,3.0,0.0014390903311030379,0.25,0.5478021978021979,0.01249366818629094,10
JVS_JVSMuSiC,wavlm_l12,12,41,60_20_20_speaker_disjoint,True,acoustic_full_plus_mode,classic,logf0_mean;logf0_std;logf0_p05;logf0_p50;logf0_p95;logf0_range;rms_mean;rms_std;duration_s;voiced_rate;energy_mean;energy_std;mode_dummy,S->G,20,0.05,9,20,0.45,0.24875000000000008,0.7,0.5,0.9,0.4105438311688312,0.7441136363636364,0.11775918904573447,0.33480941796968816,0.7,0.5771645021645021,2.0,0.2272333771903904,0.35,0.5478021978021979,0.9860719916006742,10
JVS_JVSMuSiC,wavlm_l12,12,41,60_20_20_speaker_disjoint,True,acoustic_full_plus_mode,classic,logf0_mean;logf0_std;logf0_p05;logf0_p50;logf0_p95;logf0_range;rms_mean;rms_std;duration_s;voiced_rate;energy_mean;energy_std;mode_dummy,G->S,20,0.05,9,20,0.45,0.25,0.65,0.5,0.9,0.38770792483660127,0.7239722222222221,0.12375622916452715,0.32850292459582797,0.7,0.5636173956762192,2.0,0.2272333771903904,0.30000000000000004,0.5478021978021979,0.9860719916006742,10
JVS_JVSMuSiC,wavlm_l12,12,41,60_20_20_speaker_disjoint,True,single_group_f0,mean_preserving,logf0_mean;logf0_std;logf0_p05;logf0_p50;logf0_p95;logf0_range,S->G,20,0.05,2,20,0.1,0.0,0.25,0.25,0.65,0.13770564892623718,0.3685630364325217,-0.002621441123060111,0.004857255760246005,0.45,0.23538852079293254,8.0,0.0014685015583069505,0.0,1.0,0.0013915518889255907,5
JVS_JVSMuSiC,wavlm_l12,12,41,60_20_20_speaker_disjoint,True,single_group_f0,mean_preserving,logf0_mean;logf0_std;logf0_p05;logf0_p50;logf0_p95;logf0_range,G->S,20,0.05,3,20,0.15,0.0,0.35,0.2,0.6,0.16623731129981129,0.43599433205683197,2.0763867749661634e-05,0.0029645260526371567,0.4,0.2908855033855034,6.5,0.0014685015583069116,0.0,1.0,0.0013915518889255907,5
JVS_JVSMuSiC,wavlm_l12,12,41,60_20_20_speaker_disjoint,True,single_group_energy,mean_preserving,rms_mean;rms_std;energy_mean;energy_std,S->G,20,0.05,4,20,0.2,0.05,0.4,0.15,0.55,0.17557096467129357,0.5047058423065582,-0.0006148213184709101,0.004690720014121518,0.35,0.3254674440626453,7.0,0.0022333822395386336,0.1,0.9434065934065934,0.007030031196780362,3
JVS_JVSMuSiC,wavlm_l12,12,41,60_20_20_speaker_disjoint,True,single_group_energy,mean_preserving,rms_mean;rms_std;energy_mean;energy_std,G->S,20,0.05,4,20,0.2,0.05,0.4,0.35,0.75,0.21432383241758243,0.5003705357142857,0.0010450321052607409,0.0034926224200294204,0.55,0.3476556776556777,4.0,0.0022333822395386727,0.05000000000000002,0.9434065934065934,0.007030031196780362,3
JVS_JVSMuSiC,wavlm_l12,12,41,60_20_20_speaker_disjoint,True,single_group_duration,mean_preserving,duration_s,S->G,20,0.05,9,20,0.45,0.25,0.65,0.55,0.9,0.4126109584859585,0.7625069444444444,0.0010617132947860724,0.0034504693708060047,0.75,0.5818223443223443,2.0,0.002374535938072864,0.35,0.6296703296703297,0.008686575178034839,1
JVS_JVSMuSiC,wavlm_l12,12,41,60_20_20_speaker_disjoint,True,single_group_duration,mean_preserving,duration_s,G->S,20,0.05,11,20,0.55,0.35,0.75,0.5,0.9,0.4729353632478632,0.8292548076923077,0.0015957557161218516,0.0031275219716446682,0.7,0.6491239316239316,1.0,0.0023745359380728413,0.4,0.6296703296703297,0.008686575178034839,1
JVS_JVSMuSiC,wavlm_l12,12,41,60_20_20_speaker_disjoint,True,single_group_voicing,mean_preserving,voiced_rate,S->G,20,0.05,2,20,0.1,0.0,0.25,0.2,0.6,0.14584255368814192,0.3752345467032966,-0.001934623392534631,0.0059932242009183906,0.4,0.2543865366659484,7.0,0.002193971166197006,0.0,1.0,0.0,0
JVS_JVSMuSiC,wavlm_l12,12,41,60_20_20_speaker_disjoint,True,single_group_voicing,mean_preserving,voiced_rate,G->S,20,0.05,3,20,0.15,0.0,0.3,0.25,0.65,0.18252648831431728,0.454074644105894,0.0006683342879207401,0.0038236047177632846,0.45,0.3046144571802466,7.5,0.002193971166197006,0.0,1.0,0.0,0
JVS_JVSMuSiC,wavlm_l12,12,41,60_20_20_speaker_disjoint,True,full_minus_f0,mean_preserving,rms_mean;rms_std;duration_s;voiced_rate;energy_mean;energy_std,S->G,20,0.05,8,20,0.4,0.2,0.6,0.45,0.85,0.36069097222222224,0.7108402777777778,0.0005360103376932764,0.003187394603669538,0.65,0.5295833333333333,2.5,0.002078272660718289,0.30000000000000004,0.5873626373626374,0.01043894240558485,4
JVS_JVSMuSiC,wavlm_l12,12,41,60_20_20_speaker_disjoint,True,full_minus_f0,mean_preserving,rms_mean;rms_std;duration_s;voiced_rate;energy_mean;energy_std,G->S,20,0.05,10,20,0.5,0.25,0.7,0.55,0.95,0.43087491246498605,0.7862753851540616,0.001311921844015492,0.0028191075930207427,0.75,0.6135562558356676,1.5,0.0020782726607183276,0.35,0.5873626373626374,0.01043894240558485,4
JVS_JVSMuSiC,wavlm_l12,12,41,60_20_20_speaker_disjoint,True,full_minus_energy,mean_preserving,logf0_mean;logf0_std;logf0_p05;logf0_p50;logf0_p95;logf0_range;duration_s;voiced_rate,S->G,20,0.05,7,20,0.35,0.15,0.55,0.55,0.95,0.3280555555555556,0.6628143939393939,0.0003147996313469176,0.0027936946429674364,0.75,0.4912121212121212,3.0,0.0016531720914729597,0.24999999999999997,0.6357142857142857,0.010083851938682775,6
JVS_JVSMuSiC,wavlm_l12,12,41,60_20_20_speaker_disjoint,True,full_minus_energy,mean_preserving,logf0_mean;logf0_std;logf0_p05;logf0_p50;logf0_p95;logf0_range;duration_s;voiced_rate,G->S,20,0.05,11,20,0.55,0.3,0.75,0.45,0.85,0.4349305248415155,0.8138888888888889,0.0008634919704351497,0.0024178918602875163,0.65,0.6238267236719249,1.0,0.0016531720914729376,0.4,0.6357142857142857,0.010083851938682775,6
JVS_JVSMuSiC,wavlm_l12,12,41,60_20_20_speaker_disjoint,True,full_minus_duration,mean_preserving,logf0_mean;logf0_std;logf0_p05;logf0_p50;logf0_p95;logf0_range;rms_mean;rms_std;voiced_rate;energy_mean;energy_std,S->G,20,0.05,5,20,0.25,0.05,0.45,0.15,0.55,0.1852760416666667,0.5198063871381886,-0.0006816567850421329,0.004519536842385624,0.35,0.3476534780578898,8.0,0.0019677419409334985,0.15,0.9379120879120879,0.008425499467358821,8
JVS_JVSMuSiC,wavlm_l12,12,41,60_20_20_speaker_disjoint,True,full_minus_duration,mean_preserving,logf0_mean;logf0_std;logf0_p05;logf0_p50;logf0_p95;logf0_range;rms_mean;rms_std;voiced_rate;energy_mean;energy_std,G->S,20,0.05,3,20,0.15,0.0,0.3,0.2,0.6,0.20071471930846932,0.46835227272727264,0.0007586439540239752,0.003205689178018684,0.4,0.32853049728049727,6.0,0.0019677419409335427,0.0,0.9379120879120879,0.008425499467358821,8
JVS_JVSMuSiC,wavlm_l12,12,41,60_20_20_speaker_disjoint,True,full_minus_voicing,mean_preserving,logf0_mean;logf0_std;logf0_p05;logf0_p50;logf0_p95;logf0_range;rms_mean;rms_std;duration_s;energy_mean;energy_std,S->G,20,0.05,6,20,0.3,0.1,0.5,0.45,0.85,0.29806509013861954,0.6367003205128204,4.8000091314027386e-05,0.0028603978797868985,0.65,0.46059685412626583,3.0,0.001619938642354979,0.19999999999999998,0.5846153846153846,0.011724706674406726,9
JVS_JVSMuSiC,wavlm_l12,12,41,60_20_20_speaker_disjoint,True,full_minus_voicing,mean_preserving,logf0_mean;logf0_std;logf0_p05;logf0_p50;logf0_p95;logf0_range;rms_mean;rms_std;duration_s;energy_mean;energy_std,G->S,20,0.05,9,20,0.45,0.2,0.65,0.4,0.85,0.3529108760928613,0.7336160714285713,0.000865253379593259,0.0024272029629486195,0.6,0.5406017103811223,2.5,0.0016199386423550234,0.30000000000000004,0.5846153846153846,0.011724706674406726,9
JVS_JVSMuSiC,wavlm_l12,12,41,60_20_20_speaker_disjoint,True,row_shuffled_nuisance,mean_preserving,logf0_mean;logf0_std;logf0_p05;logf0_p50;logf0_p95;logf0_range;rms_mean;rms_std;duration_s;voiced_rate;energy_mean;energy_std,S->G,20,0.05,2,20,0.1,0.0,0.25,0.25,0.65,0.13016626602564102,0.35730208333333335,-0.0018288741000305195,0.005903823247176705,0.45,0.23280448717948715,7.0,0.0022273781095225598,0.0,1.0,0.0004899265031420574,9
JVS_JVSMuSiC,wavlm_l12,12,41,60_20_20_speaker_disjoint,True,row_shuffled_nuisance,mean_preserving,logf0_mean;logf0_std;logf0_p05;logf0_p50;logf0_p95;logf0_range;rms_mean;rms_std;duration_s;voiced_rate;energy_mean;energy_std,G->S,20,0.05,4,20,0.2,0.05,0.4,0.2,0.6,0.20386498917748916,0.5158175505050503,0.00046988184932968916,0.003972485714511006,0.4,0.3475928932178932,8.0,0.0022273781095226153,0.05000000000000002,1.0,0.0004899265031420574,9
JVS_JVSMuSiC,wavlm_l12,12,41,60_20_20_speaker_disjoint,True,random_gaussian_nuisance,mean_preserving,logf0_mean;logf0_std;logf0_p05;logf0_p50;logf0_p95;logf0_range;rms_mean;rms_std;duration_s;voiced_rate;energy_mean;energy_std,S->G,20,0.05,3,20,0.15,0.0,0.30124999999999885,0.15,0.55,0.15163039153828628,0.4310402327935222,-0.001046029400145767,0.005165033083975133,0.35,0.2757621983279878,8.0,0.0022438299179323383,0.04999999999999999,1.0,0.0003562993851173868,12
JVS_JVSMuSiC,wavlm_l12,12,41,60_20_20_speaker_disjoint,True,random_gaussian_nuisance,mean_preserving,logf0_mean;logf0_std;logf0_p05;logf0_p50;logf0_p95;logf0_range;rms_mean;rms_std;duration_s;voiced_rate;energy_mean;energy_std,G->S,20,0.05,3,20,0.15,0.0,0.3,0.3,0.75,0.18176965161064426,0.4462545955882352,0.0005276911886944835,0.0038625908889373044,0.5,0.3114676704014939,6.5,0.0022438299179323275,0.0,1.0,0.0003562993851173868,12
JVS_JVSMuSiC,wavlm_l12,12,41,60_20_20_speaker_disjoint,True,random_low_rank_projection,mean_preserving,random_dir_0;random_dir_1;random_dir_2;random_dir_3;random_dir_4;random_dir_5;random_dir_6;random_dir_7;random_dir_8;random_dir_9;random_dir_10;random_dir_11,S->G,20,0.05,2,20,0.1,0.0,0.25,0.2,0.65,0.15037867647058825,0.38696081349206346,-0.0018833746272771462,0.005728790536713331,0.4,0.25411181139122313,7.0,0.002174981251509267,0.0,1.0,0.00022923657433460143,12
JVS_JVSMuSiC,wavlm_l12,12,41,60_20_20_speaker_disjoint,True,random_low_rank_projection,mean_preserving,random_dir_0;random_dir_1;random_dir_2;random_dir_3;random_dir_4;random_dir_5;random_dir_6;random_dir_7;random_dir_8;random_dir_9;random_dir_10;random_dir_11,G->S,20,0.05,3,20,0.15,0.0,0.3,0.25,0.7,0.17919191097645046,0.4687078938970386,0.0005931801548977618,0.0037620055847451105,0.45,0.30502987509566454,7.0,0.002174981251509256,0.0,1.0,0.00022923657433460143,12
JVS_JVSMuSiC,wavlm_l12,12,43,60_20_20_speaker_disjoint,True,raw,raw,,S->G,20,0.05,2,20,0.1,0.0,0.25,0.15,0.55,0.1484268231768232,0.39350497419247416,2.2728833091596617e-05,0.004920451694867805,0.35,0.2583687146187147,8.5,0.002428032992202184,0.0,1.0,0.0,0
JVS_JVSMuSiC,wavlm_l12,12,43,60_20_20_speaker_disjoint,True,raw,raw,,G->S,20,0.05,5,20,0.25,0.05,0.45,0.3,0.75,0.21628722625413802,0.5411243952126304,0.0005741818346626959,0.004178035005594188,0.5,0.36695091673032854,5.5,0.0024280329922022224,0.0,1.0,0.0,0
JVS_JVSMuSiC,wavlm_l12,12,43,60_20_20_speaker_disjoint,True,center_only_classic,classic,,S->G,20,0.05,9,20,0.45,0.25,0.7,0.6,0.95,0.4666145833333333,0.7688020833333333,0.10814892410885577,0.18358291823237471,0.8,0.6145833333333333,2.0,0.1467810409182762,0.35,1.0,0.9737005936722609,0
JVS_JVSMuSiC,wavlm_l12,12,43,60_20_20_speaker_disjoint,True,center_only_classic,classic,,G->S,20,0.05,1,20,0.05,0.0,0.15,0.4,0.8,0.20830117798867798,0.4033392857142857,0.06991414675903264,0.2346251550133758,0.6,0.29654637029637027,3.5,0.14678104091827618,-0.2,1.0,0.9737005936722609,0
JVS_JVSMuSiC,wavlm_l12,12,43,60_20_20_speaker_disjoint,True,mode_dummy_only,mean_preserving,mode_dummy,S->G,20,0.05,6,20,0.3,0.1,0.5,0.5,0.9,0.350842803030303,0.6483624188311687,0.0017871463856272752,0.0031606694806932036,0.7,0.4974837662337662,2.5,0.002486873063971523,0.19999999999999998,0.509090909090909,0.008895149958405013,1
JVS_JVSMuSiC,wavlm_l12,12,43,60_20_20_speaker_disjoint,True,mode_dummy_only,mean_preserving,mode_dummy,G->S,20,0.05,8,20,0.4,0.2,0.65,0.65,1.0,0.44009217171717174,0.7600719696969697,0.0018652698717305214,0.003137371916932717,0.85,0.5981565656565656,2.0,0.0024868730639715565,0.15000000000000002,0.509090909090909,0.008895149958405013,1
JVS_JVSMuSiC,wavlm_l12,12,43,60_20_20_speaker_disjoint,True,mode_dummy_only,classic,mode_dummy,S->G,20,0.05,10,20,0.5,0.3,0.7,0.7,1.0,0.5058333333333332,0.8162604166666666,0.26834148750899217,0.38665868997770325,0.85,0.6683333333333332,1.5,0.32966425696969537,0.4,0.509090909090909,0.9826261841238138,1
JVS_JVSMuSiC,wavlm_l12,12,43,60_20_20_speaker_disjoint,True,mode_dummy_only,classic,mode_dummy,G->S,20,0.05,9,20,0.45,0.25,0.65,0.7,1.0,0.4659434523809523,0.7883333333333333,0.2496098454882165,0.4017801749016198,0.85,0.6271428571428571,2.0,0.32966425696969537,0.2,0.509090909090909,0.9826261841238138,1
JVS_JVSMuSiC,wavlm_l12,12,43,60_20_20_speaker_disjoint,True,acoustic_full_no_mode,mean_preserving,logf0_mean;logf0_std;logf0_p05;logf0_p50;logf0_p95;logf0_range;rms_mean;rms_std;duration_s;voiced_rate;energy_mean;energy_std,S->G,20,0.05,3,20,0.15,0.0,0.30124999999999885,0.35,0.8,0.23111181599832917,0.5025097378863825,-0.001226776596391326,0.003391285109738818,0.6,0.3678895154553049,4.5,0.0016260321283706192,0.04999999999999999,0.5397727272727273,0.012680335760095529,9
JVS_JVSMuSiC,wavlm_l12,12,43,60_20_20_speaker_disjoint,True,acoustic_full_no_mode,mean_preserving,logf0_mean;logf0_std;logf0_p05;logf0_p50;logf0_p95;logf0_range;rms_mean;rms_std;duration_s;voiced_rate;energy_mean;energy_std,G->S,20,0.05,9,20,0.45,0.25,0.65,0.5,0.9,0.39831249999999996,0.7461964285714285,0.0007316786688432916,0.002461096618887874,0.7,0.5765476190476189,2.0,0.0016260321283706359,0.2,0.5397727272727273,0.012680335760095529,9
JVS_JVSMuSiC,wavlm_l12,12,43,60_20_20_speaker_disjoint,True,acoustic_full_no_mode,classic,logf0_mean;logf0_std;logf0_p05;logf0_p50;logf0_p95;logf0_range;rms_mean;rms_std;duration_s;voiced_rate;energy_mean;energy_std,S->G,20,0.05,8,20,0.4,0.2,0.6,0.55,0.9012499999999989,0.39283619204260645,0.7208489583333333,0.1371711715935004,0.33930513391037104,0.75,0.5562327694235589,2.0,0.24181136712274004,0.30000000000000004,0.5397727272727273,0.9851790067119566,9
JVS_JVSMuSiC,wavlm_l12,12,43,60_20_20_speaker_disjoint,True,acoustic_full_no_mode,classic,logf0_mean;logf0_std;logf0_p05;logf0_p50;logf0_p95;logf0_range;rms_mean;rms_std;duration_s;voiced_rate;energy_mean;energy_std,G->S,20,0.05,7,20,0.35,0.15,0.6,0.55,0.9,0.36678622337092726,0.6922428728070175,0.12601707130624185,0.3426275228204931,0.75,0.5223041979949874,2.0,0.24181136712274007,0.09999999999999998,0.5397727272727273,0.9851790067119566,9
JVS_JVSMuSiC,wavlm_l12,12,43,60_20_20_speaker_disjoint,True,acoustic_full_plus_mode,mean_preserving,logf0_mean;logf0_std;logf0_p05;logf0_p50;logf0_p95;logf0_range;rms_mean;rms_std;duration_s;voiced_rate;energy_mean;energy_std;mode_dummy,S->G,20,0.05,7,20,0.35,0.15,0.55,0.45,0.85,0.3234475511695906,0.6747222222222222,-0.00023987440448496874,0.003037770241414532,0.65,0.49999269005847946,2.5,0.001732005617134591,0.24999999999999997,0.5255681818181818,0.01356141966070834,10
JVS_JVSMuSiC,wavlm_l12,12,43,60_20_20_speaker_disjoint,True,acoustic_full_plus_mode,mean_preserving,logf0_mean;logf0_std;logf0_p05;logf0_p50;logf0_p95;logf0_range;rms_mean;rms_std;duration_s;voiced_rate;energy_mean;energy_std;mode_dummy,G->S,20,0.05,9,20,0.45,0.25,0.65,0.55,0.9,0.4266319444444444,0.7500625,0.000786502911041475,0.00250273483871975,0.75,0.5905555555555555,2.0,0.0017320056171346077,0.2,0.5255681818181818,0.01356141966070834,10
JVS_JVSMuSiC,wavlm_l12,12,43,60_20_20_speaker_disjoint,True,acoustic_full_plus_mode,classic,logf0_mean;logf0_std;logf0_p05;logf0_p50;logf0_p95;logf0_range;rms_mean;rms_std;duration_s;voiced_rate;energy_mean;energy_std;mode_dummy,S->G,20,0.05,10,20,0.5,0.3,0.75,0.55,0.9,0.43670720361509835,0.7774926900584794,0.13898591665959484,0.34990051719942866,0.75,0.6113437001594896,1.5,0.25214836011033015,0.4,0.5255681818181818,0.9860877091593235,10
JVS_JVSMuSiC,wavlm_l12,12,43,60_20_20_speaker_disjoint,True,acoustic_full_plus_mode,classic,logf0_mean;logf0_std;logf0_p05;logf0_p50;logf0_p95;logf0_range;rms_mean;rms_std;duration_s;voiced_rate;energy_mean;energy_std;mode_dummy,G->S,20,0.05,8,20,0.4,0.2,0.6,0.6,0.95,0.3933673245614035,0.7209890350877193,0.14224145615527473,0.34780741154334743,0.8,0.5580727554179566,2.0,0.2521483601103302,0.15000000000000002,0.5255681818181818,0.9860877091593235,10
JVS_JVSMuSiC,wavlm_l12,12,43,60_20_20_speaker_disjoint,True,single_group_f0,mean_preserving,logf0_mean;logf0_std;logf0_p05;logf0_p50;logf0_p95;logf0_range,S->G,20,0.05,1,20,0.05,0.0,0.15,0.05,0.45,0.12049697341057633,0.316193228238265,-0.001109716065598271,0.004008141444160848,0.25,0.20505607546048724,8.5,0.0014693372525768189,-0.05,1.0,0.0015678734293543828,5
JVS_JVSMuSiC,wavlm_l12,12,43,60_20_20_speaker_disjoint,True,single_group_f0,mean_preserving,logf0_mean;logf0_std;logf0_p05;logf0_p50;logf0_p95;logf0_range,G->S,20,0.05,2,20,0.1,0.0,0.25,0.2,0.6,0.1401060161243985,0.3871297089348559,-0.0001547142508994584,0.003276049478884626,0.4,0.24498033828916177,8.0,0.0014693372525768078,-0.15,1.0,0.0015678734293543828,5
JVS_JVSMuSiC,wavlm_l12,12,43,60_20_20_speaker_disjoint,True,single_group_energy,mean_preserving,rms_mean;rms_std;energy_mean;energy_std,S->G,20,0.05,4,20,0.2,0.05,0.4,0.25,0.7,0.18336702989992465,0.4857320190774138,-0.00203831546170891,0.005236761358923043,0.45,0.3226736202394097,6.5,0.002154610835800408,0.1,0.8505681818181818,0.0077258029911414505,3
JVS_JVSMuSiC,wavlm_l12,12,43,60_20_20_speaker_disjoint,True,single_group_energy,mean_preserving,rms_mean;rms_std;energy_mean;energy_std,G->S,20,0.05,4,20,0.2,0.05,0.4,0.35,0.75,0.23946094530469528,0.5422492247335997,0.0006832092767627163,0.00351712998104145,0.55,0.379797286047286,3.5,0.0021546108358003967,-0.04999999999999999,0.8505681818181818,0.0077258029911414505,3
JVS_JVSMuSiC,wavlm_l12,12,43,60_20_20_speaker_disjoint,True,single_group_duration,mean_preserving,duration_s,S->G,20,0.05,7,20,0.35,0.15,0.6,0.55,0.95,0.37457291666666664,0.6799999999999999,0.001985947660966361,0.0030821767203941296,0.75,0.52625,3.0,0.002529816207802754,0.24999999999999997,0.6528409090909091,0.00851994481489804,1
JVS_JVSMuSiC,wavlm_l12,12,43,60_20_20_speaker_disjoint,True,single_group_duration,mean_preserving,duration_s,G->S,20,0.05,11,20,0.55,0.3,0.75,0.55,0.95,0.4808517156862745,0.822938112745098,0.0017239730785254504,0.0032565090424382524,0.75,0.6571078431372548,1.0,0.002529816207802749,0.30000000000000004,0.6528409090909091,0.00851994481489804,1
JVS_JVSMuSiC,wavlm_l12,12,43,60_20_20_speaker_disjoint,True,single_group_voicing,mean_preserving,voiced_rate,S->G,20,0.05,2,20,0.1,0.0,0.25,0.15,0.55,0.152210868992119,0.3985646783771783,-8.432046502251737e-05,0.004980730485557692,0.35,0.2583687146187147,8.5,0.002428032992202184,0.0,1.0,0.0,0
JVS_JVSMuSiC,wavlm_l12,12,43,60_20_20_speaker_disjoint,True,single_group_voicing,mean_preserving,voiced_rate,G->S,20,0.05,5,20,0.25,0.1,0.45,0.3,0.7,0.21180736461251165,0.544952105084458,0.0005335362281028655,0.00431861035305127,0.5,0.36695091673032854,5.5,0.0024280329922022224,0.0,1.0,0.0,0
JVS_JVSMuSiC,wavlm_l12,12,43,60_20_20_speaker_disjoint,True,full_minus_f0,mean_preserving,rms_mean;rms_std;duration_s;voiced_rate;energy_mean;energy_std,S->G,20,0.05,8,20,0.4,0.2,0.6,0.55,0.9,0.3602742936887674,0.6973791866028708,-0.0005853478436749111,0.0040352148670481916,0.75,0.5301532239690133,3.0,0.002230764062973162,0.30000000000000004,0.5693181818181818,0.01119146791265424,4
JVS_JVSMuSiC,wavlm_l12,12,43,60_20_20_speaker_disjoint,True,full_minus_f0,mean_preserving,rms_mean;rms_std;duration_s;voiced_rate;energy_mean;energy_std,G->S,20,0.05,10,20,0.5,0.3,0.7,0.45,0.85,0.4283202838827839,0.7789194139194139,0.0012442364459644049,0.0032039849201973307,0.65,0.605430402930403,1.5,0.002230764062973134,0.25,0.5693181818181818,0.01119146791265424,4
JVS_JVSMuSiC,wavlm_l12,12,43,60_20_20_speaker_disjoint,True,full_minus_energy,mean_preserving,logf0_mean;logf0_std;logf0_p05;logf0_p50;logf0_p95;logf0_range;duration_s;voiced_rate,S->G,20,0.05,4,20,0.2,0.05,0.4,0.45,0.85,0.26013074945887443,0.5604020562770562,0.0009522835895061475,0.0020145653286100886,0.65,0.40310876623376624,3.5,0.0014946467732142698,0.1,0.6528409090909091,0.01011565525242808,6
JVS_JVSMuSiC,wavlm_l12,12,43,60_20_20_speaker_disjoint,True,full_minus_energy,mean_preserving,logf0_mean;logf0_std;logf0_p05;logf0_p50;logf0_p95;logf0_range;duration_s;voiced_rate,G->S,20,0.05,7,20,0.35,0.15,0.55,0.5,0.9,0.31015128256246677,0.6647038643009038,0.0008478142347410128,0.002188235997104872,0.7,0.48325026581605524,3.0,0.0014946467732142644,0.09999999999999998,0.6528409090909091,0.01011565525242808,6
JVS_JVSMuSiC,wavlm_l12,12,43,60_20_20_speaker_disjoint,True,full_minus_duration,mean_preserving,logf0_mean;logf0_std;logf0_p05;logf0_p50;logf0_p95;logf0_range;rms_mean;rms_std;voiced_rate;energy_mean;energy_std,S->G,20,0.05,3,20,0.15,0.0,0.3,0.15,0.55,0.16322816273638643,0.4421651287309183,-0.002437013084820834,0.004304048785560043,0.35,0.29222032353611305,7.5,0.0014296638014785201,0.04999999999999999,0.8579545454545454,0.009290140177276585,8
JVS_JVSMuSiC,wavlm_l12,12,43,60_20_20_speaker_disjoint,True,full_minus_duration,mean_preserving,logf0_mean;logf0_std;logf0_p05;logf0_p50;logf0_p95;logf0_range;rms_mean;rms_std;voiced_rate;energy_mean;energy_std,G->S,20,0.05,4,20,0.2,0.05,0.4,0.35,0.75,0.23820999313186814,0.5483939445970696,0.00027766930403550925,0.0027254678759102407,0.55,0.3800068681318681,4.0,0.0014296638014785258,-0.04999999999999999,0.8579545454545454,0.009290140177276585,8
JVS_JVSMuSiC,wavlm_l12,12,43,60_20_20_speaker_disjoint,True,full_minus_voicing,mean_preserving,logf0_mean;logf0_std;logf0_p05;logf0_p50;logf0_p95;logf0_range;rms_mean;rms_std;duration_s;energy_mean;energy_std,S->G,20,0.05,3,20,0.15,0.0,0.35,0.4,0.8,0.24518217418546365,0.5088681860902253,-0.0010502042646064118,0.0034702527513845237,0.6,0.3678895154553049,4.5,0.0016260321283706526,0.04999999999999999,0.5397727272727273,0.012680335760095751,9
JVS_JVSMuSiC,wavlm_l12,12,43,60_20_20_speaker_disjoint,True,full_minus_voicing,mean_preserving,logf0_mean;logf0_std;logf0_p05;logf0_p50;logf0_p95;logf0_range;rms_mean;rms_std;duration_s;energy_mean;energy_std,G->S,20,0.05,9,20,0.45,0.25,0.65,0.5,0.9,0.3985267857142858,0.7558392857142857,0.0006809276505797838,0.0024698170168148278,0.7,0.5765476190476189,2.0,0.001626032128370658,0.2,0.5397727272727273,0.012680335760095751,9
JVS_JVSMuSiC,wavlm_l12,12,43,60_20_20_speaker_disjoint,True,row_shuffled_nuisance,mean_preserving,logf0_mean;logf0_std;logf0_p05;logf0_p50;logf0_p95;logf0_range;rms_mean;rms_std;duration_s;voiced_rate;energy_mean;energy_std,S->G,20,0.05,2,20,0.1,0.0,0.25,0.25,0.65,0.1294558662280702,0.3568275767543859,-0.000775422799020176,0.008099506746020134,0.45,0.2298110661268556,9.0,0.003325836307181462,0.0,1.0,-0.0010815282289839967,9
JVS_JVSMuSiC,wavlm_l12,12,43,60_20_20_speaker_disjoint,True,row_shuffled_nuisance,mean_preserving,logf0_mean;logf0_std;logf0_p05;logf0_p50;logf0_p95;logf0_range;rms_mean;rms_std;duration_s;voiced_rate;energy_mean;energy_std,G->S,20,0.05,3,20,0.15,0.0,0.30124999999999885,0.1987500000000001,0.6,0.15494631236818737,0.44195682789432794,0.00026586939348645686,0.006367548930876018,0.4,0.28685390997890997,7.5,0.0033258363071814734,-0.1,1.0,-0.0010815282289839967,9
JVS_JVSMuSiC,wavlm_l12,12,43,60_20_20_speaker_disjoint,True,random_gaussian_nuisance,mean_preserving,logf0_mean;logf0_std;logf0_p05;logf0_p50;logf0_p95;logf0_range;rms_mean;rms_std;duration_s;voiced_rate;energy_mean;energy_std,S->G,20,0.05,1,20,0.05,0.0,0.15,0.2,0.6,0.13779025151727356,0.3402374387254901,-0.0007451070545269496,0.0050540481726724555,0.4,0.22524276377217559,7.5,0.002268774242707039,-0.05,1.0,3.10817273085906e-06,12
JVS_JVSMuSiC,wavlm_l12,12,43,60_20_20_speaker_disjoint,True,random_gaussian_nuisance,mean_preserving,logf0_mean;logf0_std;logf0_p05;logf0_p50;logf0_p95;logf0_range;rms_mean;rms_std;duration_s;voiced_rate;energy_mean;energy_std,G->S,20,0.05,3,20,0.15,0.0,0.3,0.3,0.7,0.1911465739605252,0.45743963853483977,-1.9512069704490087e-05,0.004630907213770942,0.5,0.31284899525998594,6.0,0.002268774242706978,-0.1,1.0,3.10817273085906e-06,12
JVS_JVSMuSiC,wavlm_l12,12,43,60_20_20_speaker_disjoint,True,random_low_rank_projection,mean_preserving,random_dir_0;random_dir_1;random_dir_2;random_dir_3;random_dir_4;random_dir_5;random_dir_6;random_dir_7;random_dir_8;random_dir_9;random_dir_10;random_dir_11,S->G,20,0.05,2,20,0.1,0.0,0.25,0.15,0.6,0.14991255363788258,0.40118083761998236,-9.479072504942342e-05,0.005002799496085347,0.35,0.2591382667040562,8.5,0.002401458001781842,0.0,1.0,0.0002162628926736243,12
JVS_JVSMuSiC,wavlm_l12,12,43,60_20_20_speaker_disjoint,True,random_low_rank_projection,mean_preserving,random_dir_0;random_dir_1;random_dir_2;random_dir_3;random_dir_4;random_dir_5;random_dir_6;random_dir_7;random_dir_8;random_dir_9;random_dir_10;random_dir_11,G->S,20,0.05,5,20,0.25,0.1,0.45,0.3,0.7,0.20850049603174597,0.5422497957516339,0.0005833460273659087,0.004275134675345314,0.5,0.36657212885154067,5.5,0.0024014580017818364,0.0,1.0,0.0002162628926736243,12
JVS_JVSMuSiC,wavlm_l12,12,47,60_20_20_speaker_disjoint,True,raw,raw,,S->G,20,0.05,4,20,0.2,0.05,0.4,0.1,0.5,0.17758323386172647,0.4875845747389863,0.00044852332187364014,0.007280871201442514,0.3,0.32498137891520246,6.0,0.003689288411072167,0.0,1.0,0.0,0
JVS_JVSMuSiC,wavlm_l12,12,47,60_20_20_speaker_disjoint,True,raw,raw,,G->S,20,0.05,3,20,0.15,0.0,0.3,0.15,0.55,0.1807815170940171,0.46226802884615376,0.000463690682976612,0.006320145296755496,0.35,0.31586004273504276,6.0,0.0036892884110721726,0.0,1.0,0.0,0
JVS_JVSMuSiC,wavlm_l12,12,47,60_20_20_speaker_disjoint,True,center_only_classic,classic,,S->G,20,0.05,10,20,0.5,0.3,0.7,0.75,1.0,0.5215056818181818,0.8166666666666668,0.13217494868544602,0.21806182963429305,0.9,0.6715909090909091,1.5,0.1742480456084365,0.3,1.0,0.9736979441805349,0
JVS_JVSMuSiC,wavlm_l12,12,47,60_20_20_speaker_disjoint,True,center_only_classic,classic,,G->S,20,0.05,3,20,0.15,0.0,0.3,0.3,0.75,0.19704784451659454,0.46033170995670997,0.07902617798745326,0.2815798637035322,0.5,0.3203012265512265,5.0,0.17424804560843654,0.0,1.0,0.9736979441805349,0
JVS_JVSMuSiC,wavlm_l12,12,47,60_20_20_speaker_disjoint,True,mode_dummy_only,mean_preserving,mode_dummy,S->G,20,0.05,6,20,0.3,0.1,0.5,0.6,0.95,0.3093134920634921,0.6283194444444443,0.0024190361669435157,0.005709416086491198,0.8,0.46265873015873005,4.0,0.003791468228544409,0.09999999999999998,0.3825301204819277,0.00897171237178307,1
JVS_JVSMuSiC,wavlm_l12,12,47,60_20_20_speaker_disjoint,True,mode_dummy_only,mean_preserving,mode_dummy,G->S,20,0.05,15,20,0.75,0.55,0.9012499999999989,0.7,1.0,0.6168301282051282,0.9525,0.0019015463445699547,0.005052903678692958,0.85,0.7913461538461539,1.0,0.0037914682285443814,0.6,0.3825301204819277,0.00897171237178307,1
JVS_JVSMuSiC,wavlm_l12,12,47,60_20_20_speaker_disjoint,True,mode_dummy_only,classic,mode_dummy,S->G,20,0.05,14,20,0.7,0.5,0.9,0.85,1.0,0.6741666666666666,0.9350624999999999,0.32923079607085953,0.46245314693888073,0.95,0.8030555555555555,1.0,0.3954098330947009,0.49999999999999994,0.3825301204819277,0.9826196008571585,1
JVS_JVSMuSiC,wavlm_l12,12,47,60_20_20_speaker_disjoint,True,mode_dummy_only,classic,mode_dummy,G->S,20,0.05,15,20,0.75,0.55,0.95,0.75,1.0,0.6632386363636364,0.954570707070707,0.32601867617277686,0.46777561719082117,0.9,0.8142676767676769,1.0,0.3954098330947009,0.6,0.3825301204819277,0.9826196008571585,1
JVS_JVSMuSiC,wavlm_l12,12,47,60_20_20_speaker_disjoint,True,acoustic_full_no_mode,mean_preserving,logf0_mean;logf0_std;logf0_p05;logf0_p50;logf0_p95;logf0_range;rms_mean;rms_std;duration_s;voiced_rate;energy_mean;energy_std,S->G,20,0.05,5,20,0.25,0.1,0.45,0.15,0.55,0.19816914682539682,0.5346562499999999,0.0011954340108827938,0.00405685551862758,0.35,0.36104853479853477,6.5,0.0024213154107353254,0.04999999999999999,0.5560240963855422,0.01233453641546467,9
JVS_JVSMuSiC,wavlm_l12,12,47,60_20_20_speaker_disjoint,True,acoustic_full_no_mode,mean_preserving,logf0_mean;logf0_std;logf0_p05;logf0_p50;logf0_p95;logf0_range;rms_mean;rms_std;duration_s;voiced_rate;energy_mean;energy_std,G->S,20,0.05,12,20,0.6,0.4,0.8,0.55,0.9,0.4839430105713001,0.8543815789473683,0.0007505182172912591,0.003815822786704739,0.75,0.6717555105713,1.0,0.002421315410735314,0.44999999999999996,0.5560240963855422,0.01233453641546467,9
JVS_JVSMuSiC,wavlm_l12,12,47,60_20_20_speaker_disjoint,True,acoustic_full_no_mode,classic,logf0_mean;logf0_std;logf0_p05;logf0_p50;logf0_p95;logf0_range;rms_mean;rms_std;duration_s;voiced_rate;energy_mean;energy_std,S->G,20,0.05,11,20,0.55,0.34875000000000006,0.75,0.6,0.95,0.45859722222222227,0.8079583333333332,0.19029026665086166,0.39415661269737307,0.8,0.6340277777777777,1.0,0.2981759590434152,0.35000000000000003,0.5560240963855422,0.9852603097450187,9
JVS_JVSMuSiC,wavlm_l12,12,47,60_20_20_speaker_disjoint,True,acoustic_full_no_mode,classic,logf0_mean;logf0_std;logf0_p05;logf0_p50;logf0_p95;logf0_range;rms_mean;rms_std;duration_s;voiced_rate;energy_mean;energy_std,G->S,20,0.05,11,20,0.55,0.35,0.75,0.64875,0.95,0.4818593749999999,0.836296875,0.1909889441364726,0.40429441698444646,0.8,0.6625,1.0,0.2981759590434152,0.4,0.5560240963855422,0.9852603097450187,9
JVS_JVSMuSiC,wavlm_l12,12,47,60_20_20_speaker_disjoint,True,acoustic_full_plus_mode,mean_preserving,logf0_mean;logf0_std;logf0_p05;logf0_p50;logf0_p95;logf0_range;rms_mean;rms_std;duration_s;voiced_rate;energy_mean;energy_std;mode_dummy,S->G,20,0.05,5,20,0.25,0.05,0.45,0.25,0.7,0.24174439102564105,0.5658774038461537,0.0014258751348314785,0.0041765218239635275,0.5,0.3984294871794872,5.5,0.0026632913696538084,0.04999999999999999,0.4150602409638554,0.01320957888639307,10
JVS_JVSMuSiC,wavlm_l12,12,47,60_20_20_speaker_disjoint,True,acoustic_full_plus_mode,mean_preserving,logf0_mean;logf0_std;logf0_p05;logf0_p50;logf0_p95;logf0_range;rms_mean;rms_std;duration_s;voiced_rate;energy_mean;energy_std;mode_dummy,G->S,20,0.05,12,20,0.6,0.4,0.8,0.55,0.95,0.5009007936507937,0.8521006944444443,0.0010239823949936843,0.0039741812699640435,0.75,0.6748214285714285,1.0,0.002663291369653814,0.44999999999999996,0.4150602409638554,0.01320957888639307,10
JVS_JVSMuSiC,wavlm_l12,12,47,60_20_20_speaker_disjoint,True,acoustic_full_plus_mode,classic,logf0_mean;logf0_std;logf0_p05;logf0_p50;logf0_p95;logf0_range;rms_mean;rms_std;duration_s;voiced_rate;energy_mean;energy_std;mode_dummy,S->G,20,0.05,12,20,0.6,0.4,0.8,0.5,0.9,0.5062400793650793,0.8563913690476189,0.21501580950378318,0.4249976979335914,0.7,0.679265873015873,1.0,0.3215793366940297,0.39999999999999997,0.4150602409638554,0.9861377762002425,10
JVS_JVSMuSiC,wavlm_l12,12,47,60_20_20_speaker_disjoint,True,acoustic_full_plus_mode,classic,logf0_mean;logf0_std;logf0_p05;logf0_p50;logf0_p95;logf0_range;rms_mean;rms_std;duration_s;voiced_rate;energy_mean;energy_std;mode_dummy,G->S,20,0.05,13,20,0.65,0.45,0.85,0.55,0.95,0.5194097222222221,0.8844010416666667,0.2152990710796747,0.42194553545860863,0.75,0.7100694444444444,1.0,0.3215793366940297,0.5,0.4150602409638554,0.9861377762002425,10
JVS_JVSMuSiC,wavlm_l12,12,47,60_20_20_speaker_disjoint,True,single_group_f0,mean_preserving,logf0_mean;logf0_std;logf0_p05;logf0_p50;logf0_p95;logf0_range,S->G,20,0.05,4,20,0.2,0.05,0.4,0.1,0.5,0.16654934781313457,0.4833585394385026,-0.0003842585158075648,0.0061564260038730724,0.3,0.3095173086717205,7.5,0.002885869747932429,0.0,1.0,0.0016878600023857437,5
JVS_JVSMuSiC,wavlm_l12,12,47,60_20_20_speaker_disjoint,True,single_group_f0,mean_preserving,logf0_mean;logf0_std;logf0_p05;logf0_p50;logf0_p95;logf0_range,G->S,20,0.05,2,20,0.1,0.0,0.25,0.24875000000000008,0.7,0.1620651709401709,0.4035076121794871,-0.0004186197829199753,0.005580593291005097,0.45,0.27255341880341877,6.0,0.002885869747932418,-0.04999999999999999,1.0,0.0016878600023857437,5
JVS_JVSMuSiC,wavlm_l12,12,47,60_20_20_speaker_disjoint,True,single_group_energy,mean_preserving,rms_mean;rms_std;energy_mean;energy_std,S->G,20,0.05,4,20,0.2,0.05,0.4,0.3,0.7012499999999988,0.22460595837985542,0.5384935116966368,0.0015802653360606508,0.006312338908678536,0.5,0.37793687521628694,5.0,0.0039656853670723465,0.0,0.9349397590361446,0.007836833636829743,3
JVS_JVSMuSiC,wavlm_l12,12,47,60_20_20_speaker_disjoint,True,single_group_energy,mean_preserving,rms_mean;rms_std;energy_mean;energy_std,G->S,20,0.05,4,20,0.2,0.05,0.4,0.45,0.85,0.29592242917900813,0.5849503968253967,0.0022615372870372656,0.0057571241488129365,0.65,0.4290024303182197,2.5,0.003965685367072353,0.05000000000000002,0.9349397590361446,0.007836833636829743,3
JVS_JVSMuSiC,wavlm_l12,12,47,60_20_20_speaker_disjoint,True,single_group_duration,mean_preserving,duration_s,S->G,20,0.05,7,20,0.35,0.15,0.55,0.5487500000000001,0.9,0.33694444444444444,0.6480937499999999,0.00225721549200741,0.005792647150704741,0.75,0.49708333333333343,3.0,0.0037659291383148443,0.14999999999999997,0.5951807228915663,0.008772674331523622,1
JVS_JVSMuSiC,wavlm_l12,12,47,60_20_20_speaker_disjoint,True,single_group_duration,mean_preserving,duration_s,G->S,20,0.05,14,20,0.7,0.5,0.9,0.65,1.0,0.6016302083333334,0.9191666666666667,0.001503675399567989,0.005197484396011036,0.85,0.7639583333333333,1.0,0.0037659291383148217,0.5499999999999999,0.5951807228915663,0.008772674331523622,1
JVS_JVSMuSiC,wavlm_l12,12,47,60_20_20_speaker_disjoint,True,single_group_voicing,mean_preserving,voiced_rate,S->G,20,0.05,4,20,0.2,0.05,0.4,0.1,0.5,0.18441146629106184,0.49000866198752224,0.00045791116031570524,0.006988487403460523,0.3,0.32498137891520246,6.0,0.003689288411072167,0.0,1.0,0.0,0
JVS_JVSMuSiC,wavlm_l12,12,47,60_20_20_speaker_disjoint,True,single_group_voicing,mean_preserving,voiced_rate,G->S,20,0.05,3,20,0.15,0.0,0.35,0.15,0.6,0.18629126602564103,0.4665499465811965,0.00022095258841043893,0.006555864235017225,0.35,0.31586004273504276,6.0,0.0036892884110721726,0.0,1.0,0.0,0
JVS_JVSMuSiC,wavlm_l12,12,47,60_20_20_speaker_disjoint,True,full_minus_f0,mean_preserving,rms_mean;rms_std;duration_s;voiced_rate;energy_mean;energy_std,S->G,20,0.05,5,20,0.25,0.1,0.45,0.3,0.75,0.25146285184114137,0.5721011904761903,0.0019356142128394362,0.0046624047862499,0.55,0.4009618597776493,5.0,0.003166070411221683,0.04999999999999999,0.5951807228915663,0.011091055594573795,4
JVS_JVSMuSiC,wavlm_l12,12,47,60_20_20_speaker_disjoint,True,full_minus_f0,mean_preserving,rms_mean;rms_std;duration_s;voiced_rate;energy_mean;energy_std,G->S,20,0.05,12,20,0.6,0.4,0.8,0.6,0.95,0.537562762605042,0.8634151785714285,0.0013051976391147203,0.004570080511867987,0.8,0.7063340336134454,1.0,0.0031660704112216444,0.44999999999999996,0.5951807228915663,0.011091055594573795,4
JVS_JVSMuSiC,wavlm_l12,12,47,60_20_20_speaker_disjoint,True,full_minus_energy,mean_preserving,logf0_mean;logf0_std;logf0_p05;logf0_p50;logf0_p95;logf0_range;duration_s;voiced_rate,S->G,20,0.05,5,20,0.25,0.05,0.45,0.5,0.9,0.2581338522588522,0.5735157967032967,0.0014663879010462539,0.005140189616971205,0.7,0.4103540903540903,4.0,0.0029923945413863617,0.04999999999999999,0.5951807228915663,0.010467216369968502,6
JVS_JVSMuSiC,wavlm_l12,12,47,60_20_20_speaker_disjoint,True,full_minus_energy,mean_preserving,logf0_mean;logf0_std;logf0_p05;logf0_p50;logf0_p95;logf0_range;duration_s;voiced_rate,G->S,20,0.05,14,20,0.7,0.5,0.9,0.55,0.9,0.5702060574229691,0.9108333333333334,0.0009072655292726876,0.004361128993182296,0.75,0.754250700280112,1.0,0.002992394541386373,0.5499999999999999,0.5951807228915663,0.010467216369968502,6
JVS_JVSMuSiC,wavlm_l12,12,47,60_20_20_speaker_disjoint,True,full_minus_duration,mean_preserving,logf0_mean;logf0_std;logf0_p05;logf0_p50;logf0_p95;logf0_range;rms_mean;rms_std;voiced_rate;energy_mean;energy_std,S->G,20,0.05,3,20,0.15,0.0,0.3,0.2,0.65,0.17715037747555165,0.46656599372205015,0.0007569778528537741,0.005917161099924214,0.45,0.30861313823775116,8.5,0.003245450474846512,-0.05000000000000002,0.9210843373493975,0.00908409386887643,8
JVS_JVSMuSiC,wavlm_l12,12,47,60_20_20_speaker_disjoint,True,full_minus_duration,mean_preserving,logf0_mean;logf0_std;logf0_p05;logf0_p50;logf0_p95;logf0_range;rms_mean;rms_std;voiced_rate;energy_mean;energy_std,G->S,20,0.05,5,20,0.25,0.1,0.45,0.45,0.85,0.26765807328636276,0.5768451617826618,0.0016651618323515662,0.004834498008431396,0.65,0.41391390772969716,3.5,0.0032454504748466117,0.1,0.9210843373493975,0.00908409386887643,8
JVS_JVSMuSiC,wavlm_l12,12,47,60_20_20_speaker_disjoint,True,full_minus_voicing,mean_preserving,logf0_mean;logf0_std;logf0_p05;logf0_p50;logf0_p95;logf0_range;rms_mean;rms_std;duration_s;energy_mean;energy_std,S->G,20,0.05,5,20,0.25,0.1,0.45,0.15,0.55,0.2093986568986569,0.539270757020757,0.001171509049386517,0.0039377091156933336,0.35,0.36104853479853477,6.5,0.0024213154107352863,0.04999999999999999,0.5560240963855422,0.012334536415462782,9
JVS_JVSMuSiC,wavlm_l12,12,47,60_20_20_speaker_disjoint,True,full_minus_voicing,mean_preserving,logf0_mean;logf0_std;logf0_p05;logf0_p50;logf0_p95;logf0_range;rms_mean;rms_std;duration_s;energy_mean;energy_std,G->S,20,0.05,12,20,0.6,0.4,0.8,0.55,0.95,0.47922050719748094,0.8369166666666666,0.0006105087461024559,0.0038219666008614066,0.75,0.6717555105713,1.0,0.0024213154107353306,0.44999999999999996,0.5560240963855422,0.012334536415462782,9
JVS_JVSMuSiC,wavlm_l12,12,47,60_20_20_speaker_disjoint,True,row_shuffled_nuisance,mean_preserving,logf0_mean;logf0_std;logf0_p05;logf0_p50;logf0_p95;logf0_range;rms_mean;rms_std;duration_s;voiced_rate;energy_mean;energy_std,S->G,20,0.05,4,20,0.2,0.05,0.4,0.2,0.6,0.16955101495726493,0.4843634386446885,0.00039411223505340785,0.008055270804708048,0.4,0.3210485347985348,7.0,0.004021643413753712,0.0,1.0,-0.00040275307314763253,9
JVS_JVSMuSiC,wavlm_l12,12,47,60_20_20_speaker_disjoint,True,row_shuffled_nuisance,mean_preserving,logf0_mean;logf0_std;logf0_p05;logf0_p50;logf0_p95;logf0_range;rms_mean;rms_std;duration_s;voiced_rate;energy_mean;energy_std,G->S,20,0.05,2,20,0.1,0.0,0.25,0.25,0.65,0.192080762987013,0.43623913239538237,-9.608445652601572e-07,0.00715016543260924,0.45,0.30869227994227993,7.0,0.004021643413753717,-0.04999999999999999,1.0,-0.00040275307314763253,9
JVS_JVSMuSiC,wavlm_l12,12,47,60_20_20_speaker_disjoint,True,random_gaussian_nuisance,mean_preserving,logf0_mean;logf0_std;logf0_p05;logf0_p50;logf0_p95;logf0_range;rms_mean;rms_std;duration_s;voiced_rate;energy_mean;energy_std,S->G,20,0.05,3,20,0.15,0.0,0.30124999999999885,0.15,0.6,0.1583461126775271,0.43620145415622374,-0.00023875992196421722,0.007520993466600517,0.35,0.29097483291562243,6.0,0.0036443752226230585,-0.05000000000000002,1.0,0.0006658987740076894,12
JVS_JVSMuSiC,wavlm_l12,12,47,60_20_20_speaker_disjoint,True,random_gaussian_nuisance,mean_preserving,logf0_mean;logf0_std;logf0_p05;logf0_p50;logf0_p95;logf0_range;rms_mean;rms_std;duration_s;voiced_rate;energy_mean;energy_std,G->S,20,0.05,4,20,0.2,0.05,0.4,0.25,0.65,0.20245959595959595,0.49945991161616154,6.281422900116986e-05,0.006356904085724638,0.45,0.34148989898989895,6.0,0.0036443752226230585,0.05000000000000002,1.0,0.0006658987740076894,12
JVS_JVSMuSiC,wavlm_l12,12,47,60_20_20_speaker_disjoint,True,random_low_rank_projection,mean_preserving,random_dir_0;random_dir_1;random_dir_2;random_dir_3;random_dir_4;random_dir_5;random_dir_6;random_dir_7;random_dir_8;random_dir_9;random_dir_10;random_dir_11,S->G,20,0.05,4,20,0.2,0.05,0.4,0.1,0.55,0.18838631588999238,0.49110294117647046,0.00048807588476209045,0.006938867771202026,0.3,0.3240885217723454,6.0,0.0036648508046528694,0.0,1.0,0.00022564802886582136,12
JVS_JVSMuSiC,wavlm_l12,12,47,60_20_20_speaker_disjoint,True,random_low_rank_projection,mean_preserving,random_dir_0;random_dir_1;random_dir_2;random_dir_3;random_dir_4;random_dir_5;random_dir_6;random_dir_7;random_dir_8;random_dir_9;random_dir_10;random_dir_11,G->S,20,0.05,3,20,0.15,0.0,0.35,0.25,0.65,0.19358487305178484,0.4613982371794872,0.00034951260776439687,0.006182265040731663,0.45,0.3215095525389643,6.0,0.0036648508046528915,0.0,1.0,0.00022564802886582136,12
JVS_JVSMuSiC,wavlm_l12,12,53,60_20_20_speaker_disjoint,True,raw,raw,,S->G,20,0.05,2,20,0.1,0.0,0.25,0.2,0.65,0.15856045751633988,0.4080255456349206,-0.0015668248925516796,0.007175189786196744,0.4,0.2721376050420168,8.0,0.0032173423534439583,0.0,1.0,0.0,0
JVS_JVSMuSiC,wavlm_l12,12,53,60_20_20_speaker_disjoint,True,raw,raw,,G->S,20,0.05,4,20,0.2,0.05,0.4,0.25,0.65,0.1924740537240537,0.5171226915445664,0.0001232293214656075,0.005573583267076225,0.45,0.330879884004884,7.5,0.003217342353443986,0.0,1.0,0.0,0
JVS_JVSMuSiC,wavlm_l12,12,53,60_20_20_speaker_disjoint,True,center_only_classic,classic,,S->G,20,0.05,7,20,0.35,0.15,0.55,0.6,0.95,0.404498778998779,0.7167281746031745,0.11916835556720169,0.2142823245120212,0.8,0.5646398046398046,2.0,0.16663320975238421,0.24999999999999997,1.0,0.9737334144463871,0
JVS_JVSMuSiC,wavlm_l12,12,53,60_20_20_speaker_disjoint,True,center_only_classic,classic,,G->S,20,0.05,2,20,0.1,0.0,0.25,0.4,0.8,0.24091926353874882,0.477171962535014,0.09445690775502817,0.2414547758181784,0.6,0.35418125583566756,3.5,0.16663320975238424,-0.1,1.0,0.9737334144463871,0
JVS_JVSMuSiC,wavlm_l12,12,53,60_20_20_speaker_disjoint,True,mode_dummy_only,mean_preserving,mode_dummy,S->G,20,0.05,7,20,0.35,0.15,0.55,0.55,0.9,0.3853706140350877,0.7019579678362573,0.0013494598114485714,0.005174619358618594,0.75,0.533187134502924,2.0,0.0032977900008346606,0.24999999999999997,0.36428571428571427,0.009017371127737372,1
JVS_JVSMuSiC,wavlm_l12,12,53,60_20_20_speaker_disjoint,True,mode_dummy_only,mean_preserving,mode_dummy,G->S,20,0.05,12,20,0.6,0.4,0.8,0.55,0.95,0.4917673611111111,0.8591805555555555,0.0014592283244314666,0.0046222196620500505,0.75,0.6834722222222223,1.0,0.0032977900008346996,0.39999999999999997,0.36428571428571427,0.009017371127737372,1
JVS_JVSMuSiC,wavlm_l12,12,53,60_20_20_speaker_disjoint,True,mode_dummy_only,classic,mode_dummy,S->G,20,0.05,10,20,0.5,0.29875000000000007,0.75,0.6,0.95,0.49247869318181814,0.8031307494588744,0.269944292604768,0.4374087146250964,0.8,0.6552895021645021,1.5,0.3566355404157487,0.4,0.36428571428571427,0.9826569724844642,1
JVS_JVSMuSiC,wavlm_l12,12,53,60_20_20_speaker_disjoint,True,mode_dummy_only,classic,mode_dummy,G->S,20,0.05,14,20,0.7,0.5,0.9,0.6,0.95,0.5791586538461538,0.9125208333333333,0.26323168261681773,0.4358564194081655,0.8,0.7546794871794872,1.0,0.35663554041574863,0.49999999999999994,0.36428571428571427,0.9826569724844642,1
JVS_JVSMuSiC,wavlm_l12,12,53,60_20_20_speaker_disjoint,True,acoustic_full_no_mode,mean_preserving,logf0_mean;logf0_std;logf0_p05;logf0_p50;logf0_p95;logf0_range;rms_mean;rms_std;duration_s;voiced_rate;energy_mean;energy_std,S->G,20,0.05,4,20,0.2,0.05,0.4,0.45,0.85,0.2893144319131161,0.5679354636591478,3.7488652614323114e-05,0.003340146289174524,0.65,0.4186236424394319,3.0,0.0018209412810307635,0.1,0.5880952380952381,0.011093529487380072,9
JVS_JVSMuSiC,wavlm_l12,12,53,60_20_20_speaker_disjoint,True,acoustic_full_no_mode,mean_preserving,logf0_mean;logf0_std;logf0_p05;logf0_p50;logf0_p95;logf0_range;rms_mean;rms_std;duration_s;voiced_rate;energy_mean;energy_std,G->S,20,0.05,8,20,0.4,0.2,0.6,0.5,0.9,0.38196282679738564,0.7254440359477123,0.00022846260213051986,0.002946180818433309,0.7,0.5551633986928105,2.0,0.0018209412810307856,0.2,0.5880952380952381,0.011093529487380072,9
JVS_JVSMuSiC,wavlm_l12,12,53,60_20_20_speaker_disjoint,True,acoustic_full_no_mode,classic,logf0_mean;logf0_std;logf0_p05;logf0_p50;logf0_p95;logf0_range;rms_mean;rms_std;duration_s;voiced_rate;energy_mean;energy_std,S->G,20,0.05,7,20,0.35,0.15,0.55,0.7,1.0,0.40730523989898987,0.7174608585858586,0.16216735923396958,0.3035921410453458,0.85,0.5502398989898991,2.0,0.23851104474458387,0.24999999999999997,0.5880952380952381,0.9852393506843392,9
JVS_JVSMuSiC,wavlm_l12,12,53,60_20_20_speaker_disjoint,True,acoustic_full_no_mode,classic,logf0_mean;logf0_std;logf0_p05;logf0_p50;logf0_p95;logf0_range;rms_mean;rms_std;duration_s;voiced_rate;energy_mean;energy_std,G->S,20,0.05,9,20,0.45,0.25,0.65,0.55,0.9012499999999989,0.42833134920634924,0.7509960317460317,0.1553152921427723,0.31819215026405395,0.75,0.5993650793650793,2.0,0.23851104474458382,0.25,0.5880952380952381,0.9852393506843392,9
JVS_JVSMuSiC,wavlm_l12,12,53,60_20_20_speaker_disjoint,True,acoustic_full_plus_mode,mean_preserving,logf0_mean;logf0_std;logf0_p05;logf0_p50;logf0_p95;logf0_range;rms_mean;rms_std;duration_s;voiced_rate;energy_mean;energy_std;mode_dummy,S->G,20,0.05,5,20,0.25,0.1,0.45,0.4,0.8,0.28423135964912283,0.6004824561403508,-0.0004578134321126684,0.0037257030574019893,0.6,0.443048245614035,3.0,0.0019148493131638466,0.15,0.4220238095238095,0.01202437524734723,10
JVS_JVSMuSiC,wavlm_l12,12,53,60_20_20_speaker_disjoint,True,acoustic_full_plus_mode,mean_preserving,logf0_mean;logf0_std;logf0_p05;logf0_p50;logf0_p95;logf0_range;rms_mean;rms_std;duration_s;voiced_rate;energy_mean;energy_std;mode_dummy,G->S,20,0.05,13,20,0.65,0.4487500000000001,0.85,0.55,0.9,0.5157463235294116,0.8827003205128204,0.0005517431926430955,0.0028637839579624155,0.75,0.7034539969834087,1.0,0.0019148493131638743,0.45,0.4220238095238095,0.01202437524734723,10
JVS_JVSMuSiC,wavlm_l12,12,53,60_20_20_speaker_disjoint,True,acoustic_full_plus_mode,classic,logf0_mean;logf0_std;logf0_p05;logf0_p50;logf0_p95;logf0_range;rms_mean;rms_std;duration_s;voiced_rate;energy_mean;energy_std;mode_dummy,S->G,20,0.05,10,20,0.5,0.3,0.7,0.6,0.95,0.4720336779448621,0.7991666666666666,0.1661886295584136,0.3331376579170812,0.8,0.638107769423559,1.5,0.2520214503674619,0.4,0.4220238095238095,0.9861471944584979,10
JVS_JVSMuSiC,wavlm_l12,12,53,60_20_20_speaker_disjoint,True,acoustic_full_plus_mode,classic,logf0_mean;logf0_std;logf0_p05;logf0_p50;logf0_p95;logf0_range;rms_mean;rms_std;duration_s;voiced_rate;energy_mean;energy_std;mode_dummy,G->S,20,0.05,12,20,0.6,0.4,0.8,0.6,0.95,0.5149449364973263,0.8697916666666666,0.1698685687876823,0.33410959000228313,0.8,0.6972782976827095,1.0,0.2520214503674618,0.39999999999999997,0.4220238095238095,0.9861471944584979,10
JVS_JVSMuSiC,wavlm_l12,12,53,60_20_20_speaker_disjoint,True,single_group_f0,mean_preserving,logf0_mean;logf0_std;logf0_p05;logf0_p50;logf0_p95;logf0_range,S->G,20,0.05,2,20,0.1,0.0,0.25,0.1,0.5,0.1324427208820591,0.3780513530587059,-0.002121493018419254,0.006438232344768502,0.3,0.23780790696231874,8.0,0.0023289083189663106,0.0,1.0,0.001390768438384482,5
JVS_JVSMuSiC,wavlm_l12,12,53,60_20_20_speaker_disjoint,True,single_group_f0,mean_preserving,logf0_mean;logf0_std;logf0_p05;logf0_p50;logf0_p95;logf0_range,G->S,20,0.05,4,20,0.2,0.05,0.4,0.1987500000000001,0.6,0.1743377213064713,0.4892956349206348,-0.0008051153199799719,0.004685066343231336,0.4,0.32497710622710624,7.5,0.002328908318966366,0.0,1.0,0.001390768438384482,5
JVS_JVSMuSiC,wavlm_l12,12,53,60_20_20_speaker_disjoint,True,single_group_energy,mean_preserving,rms_mean;rms_std;energy_mean;energy_std,S->G,20,0.05,3,20,0.15,0.0,0.3,0.25,0.65,0.20910672514619882,0.48187549603174606,0.00024330025556257238,0.005470208689239739,0.45,0.33241332497911447,6.5,0.0030214333445501007,0.04999999999999999,0.9148809523809524,0.006464356694474316,3
JVS_JVSMuSiC,wavlm_l12,12,53,60_20_20_speaker_disjoint,True,single_group_energy,mean_preserving,rms_mean;rms_std;energy_mean;energy_std,G->S,20,0.05,4,20,0.2,0.05,0.4,0.45,0.85,0.23753485750360748,0.5268931051587301,0.0016721785205855856,0.004322161079234923,0.65,0.37393724331224326,3.0,0.0030214333445501063,0.0,0.9148809523809524,0.006464356694474316,3
JVS_JVSMuSiC,wavlm_l12,12,53,60_20_20_speaker_disjoint,True,single_group_duration,mean_preserving,duration_s,S->G,20,0.05,4,20,0.2,0.05,0.4,0.7,1.0,0.35216191520467827,0.6055555555555555,0.0014025199909281263,0.00538218400528857,0.85,0.48165204678362566,2.0,0.003492197966348448,0.1,0.6089285714285714,0.008724425245467793,1
JVS_JVSMuSiC,wavlm_l12,12,53,60_20_20_speaker_disjoint,True,single_group_duration,mean_preserving,duration_s,G->S,20,0.05,11,20,0.55,0.35,0.75,0.5,0.9,0.45797991071428584,0.8193013392857142,0.0011820406218054453,0.005058129683263809,0.7,0.6411607142857143,1.0,0.003492197966348454,0.35000000000000003,0.6089285714285714,0.008724425245467793,1
JVS_JVSMuSiC,wavlm_l12,12,53,60_20_20_speaker_disjoint,True,single_group_voicing,mean_preserving,voiced_rate,S->G,20,0.05,2,20,0.1,0.0,0.25,0.2,0.6,0.15990248599439771,0.39616576213818855,-0.0012958768614362462,0.0073571036221848915,0.4,0.2721376050420168,8.0,0.0032173423534439583,0.0,1.0,0.0,0
JVS_JVSMuSiC,wavlm_l12,12,53,60_20_20_speaker_disjoint,True,single_group_voicing,mean_preserving,voiced_rate,G->S,20,0.05,4,20,0.2,0.05,0.35,0.25,0.65,0.19102504960317462,0.495077628968254,-6.22573086430644e-05,0.005752236562118191,0.45,0.330879884004884,7.5,0.003217342353443986,0.0,1.0,0.0,0
JVS_JVSMuSiC,wavlm_l12,12,53,60_20_20_speaker_disjoint,True,full_minus_f0,mean_preserving,rms_mean;rms_std;duration_s;voiced_rate;energy_mean;energy_std,S->G,20,0.05,3,20,0.15,0.0,0.35,0.55,0.95,0.3035690789473684,0.5611074561403506,0.0007068821856126859,0.0038601558931857416,0.75,0.42179824561403506,2.5,0.0023556131793837087,0.04999999999999999,0.5970238095238095,0.00987259110224914,4
JVS_JVSMuSiC,wavlm_l12,12,53,60_20_20_speaker_disjoint,True,full_minus_f0,mean_preserving,rms_mean;rms_std;duration_s;voiced_rate;energy_mean;energy_std,G->S,20,0.05,11,20,0.55,0.34875000000000006,0.75,0.55,0.9,0.4748505116959064,0.836111111111111,0.0007128065082425189,0.003482309641672953,0.75,0.6562426900584795,1.0,0.0023556131793837586,0.35000000000000003,0.5970238095238095,0.00987259110224914,4
JVS_JVSMuSiC,wavlm_l12,12,53,60_20_20_speaker_disjoint,True,full_minus_energy,mean_preserving,logf0_mean;logf0_std;logf0_p05;logf0_p50;logf0_p95;logf0_range;duration_s;voiced_rate,S->G,20,0.05,3,20,0.15,0.0,0.35,0.5,0.9,0.2742727272727273,0.5317207792207791,0.0003954365998912071,0.0048089603407375225,0.7,0.39335497835497835,3.0,0.0025756299612341217,0.04999999999999999,0.6089285714285714,0.010111928789996005,6
JVS_JVSMuSiC,wavlm_l12,12,53,60_20_20_speaker_disjoint,True,full_minus_energy,mean_preserving,logf0_mean;logf0_std;logf0_p05;logf0_p50;logf0_p95;logf0_range;duration_s;voiced_rate,G->S,20,0.05,10,20,0.5,0.3,0.75,0.45,0.85,0.390046875,0.7684655257936507,0.0003990986525848955,0.004057087741296521,0.65,0.5840376984126985,1.5,0.002575629961234155,0.3,0.6089285714285714,0.010111928789996005,6
JVS_JVSMuSiC,wavlm_l12,12,53,60_20_20_speaker_disjoint,True,full_minus_duration,mean_preserving,logf0_mean;logf0_std;logf0_p05;logf0_p50;logf0_p95;logf0_range;rms_mean;rms_std;voiced_rate;energy_mean;energy_std,S->G,20,0.05,2,20,0.1,0.0,0.25,0.3,0.7,0.17333440609098505,0.4115564526847421,-0.0001390454741905843,0.004843915822341157,0.5,0.27850639857218806,5.5,0.002515007014966414,0.0,0.8970238095238096,0.0077450686332469765,8
JVS_JVSMuSiC,wavlm_l12,12,53,60_20_20_speaker_disjoint,True,full_minus_duration,mean_preserving,logf0_mean;logf0_std;logf0_p05;logf0_p50;logf0_p95;logf0_range;rms_mean;rms_std;voiced_rate;energy_mean;energy_std,G->S,20,0.05,4,20,0.2,0.05,0.4,0.3,0.75,0.20659442724458207,0.5071151008649073,0.001172054827297168,0.0039046089693995805,0.55,0.34184259668779793,5.0,0.0025150070149663915,0.0,0.8970238095238096,0.0077450686332469765,8
JVS_JVSMuSiC,wavlm_l12,12,53,60_20_20_speaker_disjoint,True,full_minus_voicing,mean_preserving,logf0_mean;logf0_std;logf0_p05;logf0_p50;logf0_p95;logf0_range;rms_mean;rms_std;duration_s;energy_mean;energy_std,S->G,20,0.05,4,20,0.2,0.05,0.4,0.45,0.85,0.28286366959064324,0.5756590434419381,8.151315469479004e-06,0.0035106438187849872,0.65,0.4186236424394319,3.0,0.001820941281030769,0.1,0.5880952380952381,0.011093529487380072,9
JVS_JVSMuSiC,wavlm_l12,12,53,60_20_20_speaker_disjoint,True,full_minus_voicing,mean_preserving,logf0_mean;logf0_std;logf0_p05;logf0_p50;logf0_p95;logf0_range;rms_mean;rms_std;duration_s;energy_mean;energy_std,G->S,20,0.05,8,20,0.4,0.2,0.6,0.5,0.9,0.38992933006535946,0.735031862745098,0.00014234239606172484,0.002902786477969284,0.7,0.5551633986928105,2.0,0.001820941281030769,0.2,0.5880952380952381,0.011093529487380072,9
JVS_JVSMuSiC,wavlm_l12,12,53,60_20_20_speaker_disjoint,True,row_shuffled_nuisance,mean_preserving,logf0_mean;logf0_std;logf0_p05;logf0_p50;logf0_p95;logf0_range;rms_mean;rms_std;duration_s;voiced_rate;energy_mean;energy_std,S->G,20,0.05,2,20,0.1,0.0,0.25,0.15,0.55,0.15281329842543076,0.39612622549019605,-0.0012617776681050378,0.0077498223585884835,0.35,0.2646890119684237,7.5,0.003558124808156854,0.0,1.0,0.0006782344097597814,9
JVS_JVSMuSiC,wavlm_l12,12,53,60_20_20_speaker_disjoint,True,row_shuffled_nuisance,mean_preserving,logf0_mean;logf0_std;logf0_p05;logf0_p50;logf0_p95;logf0_range;rms_mean;rms_std;duration_s;voiced_rate;energy_mean;energy_std,G->S,20,0.05,4,20,0.2,0.05,0.4,0.2,0.6,0.1609702380952381,0.4521974206349205,-0.00026339382696171943,0.006438092302068766,0.4,0.30542658730158734,7.0,0.0035581248081568316,0.0,1.0,0.0006782344097597814,9
JVS_JVSMuSiC,wavlm_l12,12,53,60_20_20_speaker_disjoint,True,random_gaussian_nuisance,mean_preserving,logf0_mean;logf0_std;logf0_p05;logf0_p50;logf0_p95;logf0_range;rms_mean;rms_std;duration_s;voiced_rate;energy_mean;energy_std,S->G,20,0.05,1,20,0.05,0.0,0.15,0.2,0.6,0.13642229125041624,0.3342706304112553,-0.0017984609122625654,0.007193717024880013,0.4,0.2205741480741481,8.0,0.0031126474603761,-0.05,1.0,0.00040755987665175297,12
JVS_JVSMuSiC,wavlm_l12,12,53,60_20_20_speaker_disjoint,True,random_gaussian_nuisance,mean_preserving,logf0_mean;logf0_std;logf0_p05;logf0_p50;logf0_p95;logf0_range;rms_mean;rms_std;duration_s;voiced_rate;energy_mean;energy_std,G->S,20,0.05,4,20,0.2,0.05,0.4,0.15,0.55,0.1585337977994228,0.47070522186147185,-0.0002946520393291341,0.005604323894115439,0.35,0.30810696248196245,8.5,0.0031126474603760668,0.0,1.0,0.00040755987665175297,12
JVS_JVSMuSiC,wavlm_l12,12,53,60_20_20_speaker_disjoint,True,random_low_rank_projection,mean_preserving,random_dir_0;random_dir_1;random_dir_2;random_dir_3;random_dir_4;random_dir_5;random_dir_6;random_dir_7;random_dir_8;random_dir_9;random_dir_10;random_dir_11,S->G,20,0.05,2,20,0.1,0.0,0.25,0.2,0.65,0.16014028944911296,0.40782212885154057,-0.0011271770090740298,0.007186035345666142,0.4,0.2721376050420168,8.0,0.003193758751619147,0.0,1.0,0.00019958245847639944,12
JVS_JVSMuSiC,wavlm_l12,12,53,60_20_20_speaker_disjoint,True,random_low_rank_projection,mean_preserving,random_dir_0;random_dir_1;random_dir_2;random_dir_3;random_dir_4;random_dir_5;random_dir_6;random_dir_7;random_dir_8;random_dir_9;random_dir_10;random_dir_11,G->S,20,0.05,4,20,0.2,0.05,0.4,0.25,0.65,0.1881345963064713,0.49556870039682543,0.00011659428195163526,0.00564304547902607,0.45,0.33157432844932844,7.5,0.003193758751619075,0.0,1.0,0.00019958245847639944,12
JVS_JVSMuSiC,wavlm_l12,12,59,60_20_20_speaker_disjoint,True,raw,raw,,S->G,20,0.05,2,20,0.1,0.0,0.25,0.25,0.7,0.1740052261335156,0.4073336466165413,0.00046960151398512344,0.004759022157532395,0.5,0.27681989063568013,5.5,0.002582116272971746,0.0,1.0,0.0,0
JVS_JVSMuSiC,wavlm_l12,12,59,60_20_20_speaker_disjoint,True,raw,raw,,G->S,20,0.05,5,20,0.25,0.1,0.45,0.45,0.85,0.291754679144385,0.5975891265597149,0.001312588376098203,0.003775688610140238,0.65,0.4427194741532977,3.0,0.0025821162729718185,0.0,1.0,0.0,0
JVS_JVSMuSiC,wavlm_l12,12,59,60_20_20_speaker_disjoint,True,center_only_classic,classic,,S->G,20,0.05,10,20,0.5,0.25,0.7,0.75,1.0,0.5327380952380952,0.8166666666666668,0.12109863240839937,0.20733842265860197,0.9,0.6764880952380952,1.5,0.16239937771651092,0.4,1.0,0.9737363879561839,0
JVS_JVSMuSiC,wavlm_l12,12,59,60_20_20_speaker_disjoint,True,center_only_classic,classic,,G->S,20,0.05,4,20,0.2,0.05,0.4,0.5,0.9,0.29185863095238096,0.5832440476190475,0.09820737252068384,0.22910950827023413,0.7,0.43147817460317456,3.0,0.16239937771651097,-0.04999999999999999,1.0,0.9737363879561839,0
JVS_JVSMuSiC,wavlm_l12,12,59,60_20_20_speaker_disjoint,True,mode_dummy_only,mean_preserving,mode_dummy,S->G,20,0.05,6,20,0.3,0.1,0.5,0.5,0.9,0.347859375,0.6511257440476189,0.0018291783648979663,0.003442679547248333,0.7,0.49276785714285715,2.5,0.0026387170212498756,0.19999999999999998,0.4090909090909091,0.008864504450442845,1
JVS_JVSMuSiC,wavlm_l12,12,59,60_20_20_speaker_disjoint,True,mode_dummy_only,mean_preserving,mode_dummy,G->S,20,0.05,13,20,0.65,0.45,0.85,0.75,1.0,0.6064299242424243,0.9,0.0021621285722717883,0.0030938127840536792,0.9,0.7632575757575758,1.0,0.0026387170212498756,0.4,0.4090909090909091,0.008864504450442845,1
JVS_JVSMuSiC,wavlm_l12,12,59,60_20_20_speaker_disjoint,True,mode_dummy_only,classic,mode_dummy,S->G,20,0.05,13,20,0.65,0.45,0.85,0.75,1.0,0.604693181818182,0.896306818181818,0.3039366103489263,0.4263390362709525,0.9,0.7562121212121212,1.0,0.36739912249253676,0.55,0.4090909090909091,0.9826482330574943,1
JVS_JVSMuSiC,wavlm_l12,12,59,60_20_20_speaker_disjoint,True,mode_dummy_only,classic,mode_dummy,G->S,20,0.05,11,20,0.55,0.35,0.75,0.85,1.0,0.6041666666666667,0.8708333333333332,0.3014917631611926,0.43452409668535563,0.95,0.7333333333333333,1.0,0.36739912249253676,0.30000000000000004,0.4090909090909091,0.9826482330574943,1
JVS_JVSMuSiC,wavlm_l12,12,59,60_20_20_speaker_disjoint,True,acoustic_full_no_mode,mean_preserving,logf0_mean;logf0_std;logf0_p05;logf0_p50;logf0_p95;logf0_range;rms_mean;rms_std;duration_s;voiced_rate;energy_mean;energy_std,S->G,20,0.05,5,20,0.25,0.1,0.45,0.4,0.8,0.2497433035714286,0.5654947916666666,0.0009031771795130055,0.0031116766774612367,0.6,0.40610119047619053,4.5,0.002094644059546297,0.15,0.5875,0.010682585125143529,9
JVS_JVSMuSiC,wavlm_l12,12,59,60_20_20_speaker_disjoint,True,acoustic_full_no_mode,mean_preserving,logf0_mean;logf0_std;logf0_p05;logf0_p50;logf0_p95;logf0_range;rms_mean;rms_std;duration_s;voiced_rate;energy_mean;energy_std,G->S,20,0.05,9,20,0.45,0.25,0.7,0.55,0.9012499999999989,0.43898511904761917,0.7675684523809523,0.0015333447035641415,0.002624522545970629,0.75,0.5981547619047619,2.0,0.0020946440595463857,0.2,0.5875,0.010682585125143529,9
JVS_JVSMuSiC,wavlm_l12,12,59,60_20_20_speaker_disjoint,True,acoustic_full_no_mode,classic,logf0_mean;logf0_std;logf0_p05;logf0_p50;logf0_p95;logf0_range;rms_mean;rms_std;duration_s;voiced_rate;energy_mean;energy_std,S->G,20,0.05,11,20,0.55,0.35,0.75,0.6,0.95,0.5101288555194805,0.8412929518398269,0.21879266348805898,0.3703335151576935,0.8,0.6856466450216451,1.0,0.2980107292630291,0.45000000000000007,0.5875,0.9852354096905322,9
JVS_JVSMuSiC,wavlm_l12,12,59,60_20_20_speaker_disjoint,True,acoustic_full_no_mode,classic,logf0_mean;logf0_std;logf0_p05;logf0_p50;logf0_p95;logf0_range;rms_mean;rms_std;duration_s;voiced_rate;energy_mean;energy_std,G->S,20,0.05,8,20,0.4,0.2,0.6,0.7,1.0,0.4635372023809524,0.7681592261904762,0.2265539345290787,0.3656214849337418,0.85,0.6106547619047619,2.0,0.2980107292630291,0.15000000000000002,0.5875,0.9852354096905322,9
JVS_JVSMuSiC,wavlm_l12,12,59,60_20_20_speaker_disjoint,True,acoustic_full_plus_mode,mean_preserving,logf0_mean;logf0_std;logf0_p05;logf0_p50;logf0_p95;logf0_range;rms_mean;rms_std;duration_s;voiced_rate;energy_mean;energy_std;mode_dummy,S->G,20,0.05,7,20,0.35,0.15,0.55,0.4,0.8,0.3090550421800422,0.630070478132978,0.0007746865125049656,0.0033925241024091004,0.6,0.4602566877566877,4.0,0.002233114210813286,0.24999999999999997,0.5261363636363636,0.01153975284735076,10
JVS_JVSMuSiC,wavlm_l12,12,59,60_20_20_speaker_disjoint,True,acoustic_full_plus_mode,mean_preserving,logf0_mean;logf0_std;logf0_p05;logf0_p50;logf0_p95;logf0_range;rms_mean;rms_std;duration_s;voiced_rate;energy_mean;energy_std;mode_dummy,G->S,20,0.05,9,20,0.45,0.24875000000000008,0.65,0.65,1.0,0.44356639194139186,0.7540544871794871,0.0016800152108219976,0.002732746823940838,0.85,0.6057509157509158,2.0,0.0022331142108132753,0.2,0.5261363636363636,0.01153975284735076,10
JVS_JVSMuSiC,wavlm_l12,12,59,60_20_20_speaker_disjoint,True,acoustic_full_plus_mode,classic,logf0_mean;logf0_std;logf0_p05;logf0_p50;logf0_p95;logf0_range;rms_mean;rms_std;duration_s;voiced_rate;energy_mean;energy_std;mode_dummy,S->G,20,0.05,13,20,0.65,0.45,0.85,0.7,1.0,0.5920769074675325,0.900078125,0.2347783194765056,0.38687630456144484,0.85,0.7523133116883117,1.0,0.31558252320847385,0.55,0.5261363636363636,0.9860986732771494,10
JVS_JVSMuSiC,wavlm_l12,12,59,60_20_20_speaker_disjoint,True,acoustic_full_plus_mode,classic,logf0_mean;logf0_std;logf0_p05;logf0_p50;logf0_p95;logf0_range;rms_mean;rms_std;duration_s;voiced_rate;energy_mean;energy_std;mode_dummy,G->S,20,0.05,9,20,0.45,0.25,0.7,0.7,1.0,0.47886111111111107,0.7992013888888888,0.24522847451089538,0.3833968656973711,0.85,0.633888888888889,2.0,0.3155825232084738,0.2,0.5261363636363636,0.9860986732771494,10
JVS_JVSMuSiC,wavlm_l12,12,59,60_20_20_speaker_disjoint,True,single_group_f0,mean_preserving,logf0_mean;logf0_std;logf0_p05;logf0_p50;logf0_p95;logf0_range,S->G,20,0.05,2,20,0.1,0.0,0.25,0.25,0.65,0.1502339743589744,0.395184222027972,-0.0002602847390155904,0.003973247246367445,0.45,0.2538777195027195,7.0,0.0018571568051125643,0.0,1.0,0.0014932685149575686,5
JVS_JVSMuSiC,wavlm_l12,12,59,60_20_20_speaker_disjoint,True,single_group_f0,mean_preserving,logf0_mean;logf0_std;logf0_p05;logf0_p50;logf0_p95;logf0_range,G->S,20,0.05,6,20,0.3,0.1,0.5,0.35,0.75,0.2963612132352941,0.6375735294117646,0.0009439552420891178,0.0027916926007501585,0.55,0.458843954248366,3.0,0.0018571568051125365,0.04999999999999999,1.0,0.0014932685149575686,5
JVS_JVSMuSiC,wavlm_l12,12,59,60_20_20_speaker_disjoint,True,single_group_energy,mean_preserving,rms_mean;rms_std;energy_mean;energy_std,S->G,20,0.05,3,20,0.15,0.0,0.30124999999999885,0.3,0.75,0.23171940651260511,0.5063597105508869,0.0007458130727860339,0.004963760470709035,0.5,0.35826855742296915,5.0,0.003118200155640366,0.04999999999999999,0.9,0.006050929664990989,3
JVS_JVSMuSiC,wavlm_l12,12,59,60_20_20_speaker_disjoint,True,single_group_energy,mean_preserving,rms_mean;rms_std;energy_mean;energy_std,G->S,20,0.05,5,20,0.25,0.1,0.45,0.4,0.8,0.296981959013209,0.604791860916861,0.0016831601678599366,0.004842902059182624,0.6,0.43570998445998443,3.5,0.0031182001556404105,0.0,0.9,0.006050929664990989,3
JVS_JVSMuSiC,wavlm_l12,12,59,60_20_20_speaker_disjoint,True,single_group_duration,mean_preserving,duration_s,S->G,20,0.05,7,20,0.35,0.15,0.55,0.55,0.95,0.3838611111111111,0.7038958333333334,0.0018424164817927588,0.0033959620474152334,0.75,0.5330555555555555,2.0,0.002648872422937065,0.24999999999999997,0.6045454545454545,0.00870814201370318,1
JVS_JVSMuSiC,wavlm_l12,12,59,60_20_20_speaker_disjoint,True,single_group_duration,mean_preserving,duration_s,G->S,20,0.05,12,20,0.6,0.4,0.8,0.75,1.0,0.569578125,0.8750416666666666,0.0020891222985076497,0.003192560701815123,0.9,0.7264583333333333,1.0,0.0026488724229370097,0.35,0.6045454545454545,0.00870814201370318,1
JVS_JVSMuSiC,wavlm_l12,12,59,60_20_20_speaker_disjoint,True,single_group_voicing,mean_preserving,voiced_rate,S->G,20,0.05,2,20,0.1,0.0,0.25,0.3,0.7,0.1750321020353915,0.4080304786587681,0.0005183196386494505,0.004558058721180702,0.5,0.27681989063568013,5.5,0.002582116272971746,0.0,1.0,0.0,0
JVS_JVSMuSiC,wavlm_l12,12,59,60_20_20_speaker_disjoint,True,single_group_voicing,mean_preserving,voiced_rate,G->S,20,0.05,5,20,0.25,0.1,0.45,0.45,0.85,0.2989469139928698,0.6007095309714795,0.0012341345002585516,0.0037254206599324,0.65,0.4427194741532977,3.0,0.0025821162729718185,0.0,1.0,0.0,0
JVS_JVSMuSiC,wavlm_l12,12,59,60_20_20_speaker_disjoint,True,full_minus_f0,mean_preserving,rms_mean;rms_std;duration_s;voiced_rate;energy_mean;energy_std,S->G,20,0.05,5,20,0.25,0.05,0.45,0.5,0.8512499999999988,0.2854452838827838,0.580125,0.001341649517526044,0.0036248888070485024,0.7,0.43789377289377285,3.5,0.002563019299062397,0.15,0.5784090909090909,0.00943894368838527,4
JVS_JVSMuSiC,wavlm_l12,12,59,60_20_20_speaker_disjoint,True,full_minus_f0,mean_preserving,rms_mean;rms_std;duration_s;voiced_rate;energy_mean;energy_std,G->S,20,0.05,10,20,0.5,0.3,0.7,0.6,0.95,0.49951190476190477,0.8125,0.0019192724172350643,0.0032317461124568435,0.8,0.657797619047619,1.5,0.0025630192990623744,0.25,0.5784090909090909,0.00943894368838527,4
JVS_JVSMuSiC,wavlm_l12,12,59,60_20_20_speaker_disjoint,True,full_minus_energy,mean_preserving,logf0_mean;logf0_std;logf0_p05;logf0_p50;logf0_p95;logf0_range;duration_s;voiced_rate,S->G,20,0.05,7,20,0.35,0.15,0.55,0.5,0.9,0.3410047348484848,0.6953090277777777,0.0010531125262027324,0.0027038492880444714,0.7,0.5130176767676768,2.5,0.0019013617700741393,0.24999999999999997,0.60625,0.010214180765812597,6
JVS_JVSMuSiC,wavlm_l12,12,59,60_20_20_speaker_disjoint,True,full_minus_energy,mean_preserving,logf0_mean;logf0_std;logf0_p05;logf0_p50;logf0_p95;logf0_range;duration_s;voiced_rate,G->S,20,0.05,11,20,0.55,0.35,0.75,0.55,0.9,0.455455357142857,0.8209122023809523,0.0014164115396142073,0.0023269224787391294,0.75,0.6367261904761905,1.0,0.001901361770074128,0.30000000000000004,0.60625,0.010214180765812597,6
JVS_JVSMuSiC,wavlm_l12,12,59,60_20_20_speaker_disjoint,True,full_minus_duration,mean_preserving,logf0_mean;logf0_std;logf0_p05;logf0_p50;logf0_p95;logf0_range;rms_mean;rms_std;voiced_rate;energy_mean;energy_std,S->G,20,0.05,2,20,0.1,0.0,0.25,0.25,0.7,0.20457488620448178,0.4490597718253967,0.0004472417951681261,0.0045480460541842335,0.5,0.31241538281979453,5.0,0.0026632115723162876,0.0,0.9028409090909091,0.007438197031764848,8
JVS_JVSMuSiC,wavlm_l12,12,59,60_20_20_speaker_disjoint,True,full_minus_duration,mean_preserving,logf0_mean;logf0_std;logf0_p05;logf0_p50;logf0_p95;logf0_range;rms_mean;rms_std;voiced_rate;energy_mean;energy_std,G->S,20,0.05,5,20,0.25,0.05,0.45,0.4,0.8,0.2458832450444292,0.5668644480519479,0.0012965175235123444,0.004405292215757383,0.6,0.4016629642287537,4.5,0.0026632115723163154,0.0,0.9028409090909091,0.007438197031764848,8
JVS_JVSMuSiC,wavlm_l12,12,59,60_20_20_speaker_disjoint,True,full_minus_voicing,mean_preserving,logf0_mean;logf0_std;logf0_p05;logf0_p50;logf0_p95;logf0_range;rms_mean;rms_std;duration_s;energy_mean;energy_std,S->G,20,0.05,5,20,0.25,0.05,0.45,0.35,0.8,0.26280505952380945,0.5645275297619047,0.00094506736731436,0.003083620368098185,0.6,0.40610119047619053,4.5,0.002094644059546269,0.15,0.5875,0.010682585125143751,9
JVS_JVSMuSiC,wavlm_l12,12,59,60_20_20_speaker_disjoint,True,full_minus_voicing,mean_preserving,logf0_mean;logf0_std;logf0_p05;logf0_p50;logf0_p95;logf0_range;rms_mean;rms_std;duration_s;energy_mean;energy_std,G->S,20,0.05,9,20,0.45,0.24875000000000008,0.65,0.55,0.9012499999999989,0.4266994047619047,0.7605208333333332,0.0015612761153518185,0.00265187739443717,0.75,0.5981547619047619,2.0,0.0020946440595463025,0.2,0.5875,0.010682585125143751,9
JVS_JVSMuSiC,wavlm_l12,12,59,60_20_20_speaker_disjoint,True,row_shuffled_nuisance,mean_preserving,logf0_mean;logf0_std;logf0_p05;logf0_p50;logf0_p95;logf0_range;rms_mean;rms_std;duration_s;voiced_rate;energy_mean;energy_std,S->G,20,0.05,2,20,0.1,0.0,0.25,0.35,0.75,0.1602644152158471,0.38974169567532563,-0.00021635664379039517,0.00580079152085483,0.55,0.2666627765079777,5.0,0.0029697409036691714,0.0,1.0,0.0003032372709111941,9
JVS_JVSMuSiC,wavlm_l12,12,59,60_20_20_speaker_disjoint,True,row_shuffled_nuisance,mean_preserving,logf0_mean;logf0_std;logf0_p05;logf0_p50;logf0_p95;logf0_range;rms_mean;rms_std;duration_s;voiced_rate;energy_mean;energy_std,G->S,20,0.05,4,20,0.2,0.05,0.4,0.55,0.9,0.28233432539682535,0.5632797619047619,0.0019436736229707814,0.0038217095924860224,0.75,0.4211706349206349,3.0,0.0029697409036691822,-0.04999999999999999,1.0,0.0003032372709111941,9
JVS_JVSMuSiC,wavlm_l12,12,59,60_20_20_speaker_disjoint,True,random_gaussian_nuisance,mean_preserving,logf0_mean;logf0_std;logf0_p05;logf0_p50;logf0_p95;logf0_range;rms_mean;rms_std;duration_s;voiced_rate;energy_mean;energy_std,S->G,20,0.05,1,20,0.05,0.0,0.15,0.2,0.65,0.15958743819497492,0.37259803258424573,4.147383088190557e-05,0.0046765642019554726,0.4,0.2547234424072659,8.0,0.002358349356245065,-0.05,1.0,-0.00010801638699797778,12
JVS_JVSMuSiC,wavlm_l12,12,59,60_20_20_speaker_disjoint,True,random_gaussian_nuisance,mean_preserving,logf0_mean;logf0_std;logf0_p05;logf0_p50;logf0_p95;logf0_range;rms_mean;rms_std;duration_s;voiced_rate;energy_mean;energy_std,G->S,20,0.05,6,20,0.3,0.1,0.5,0.45,0.85,0.30682635055003477,0.6257589214513556,0.0008401870500860832,0.003614357640753144,0.65,0.46088429845008794,3.0,0.002358349356245104,0.04999999999999999,1.0,-0.00010801638699797778,12
JVS_JVSMuSiC,wavlm_l12,12,59,60_20_20_speaker_disjoint,True,random_low_rank_projection,mean_preserving,random_dir_0;random_dir_1;random_dir_2;random_dir_3;random_dir_4;random_dir_5;random_dir_6;random_dir_7;random_dir_8;random_dir_9;random_dir_10;random_dir_11,S->G,20,0.05,2,20,0.1,0.0,0.25,0.3,0.7,0.17546125730994153,0.4035726389838231,0.0003770862213725375,0.004428207300092644,0.5,0.27562941444520395,5.5,0.0025628527064781026,0.0,1.0,0.00021592709507600727,12
JVS_JVSMuSiC,wavlm_l12,12,59,60_20_20_speaker_disjoint,True,random_low_rank_projection,mean_preserving,random_dir_0;random_dir_1;random_dir_2;random_dir_3;random_dir_4;random_dir_5;random_dir_6;random_dir_7;random_dir_8;random_dir_9;random_dir_10;random_dir_11,G->S,20,0.05,5,20,0.25,0.1,0.45,0.45,0.85,0.28634497549019605,0.6088470643939393,0.0013484724373334185,0.003689358560277778,0.65,0.4427194741532977,3.0,0.0025628527064780913,0.0,1.0,0.00021592709507600727,12
JVS_JVSMuSiC,wavlm_l12,12,61,60_20_20_speaker_disjoint,True,raw,raw,,S->G,20,0.05,2,20,0.1,0.0,0.25,0.2,0.65,0.14646250971250968,0.3901717171717171,-0.0014778455365129718,0.005265484570819233,0.4,0.26108877233877237,6.0,0.0022254310573549376,0.0,1.0,0.0,0
JVS_JVSMuSiC,wavlm_l12,12,61,60_20_20_speaker_disjoint,True,raw,raw,,G->S,20,0.05,2,20,0.1,0.0,0.25,0.3,0.7,0.18241262281427723,0.41531076521517696,0.0008792607804363199,0.003484087749427912,0.5,0.29407393260334436,5.5,0.002225431057354982,0.0,1.0,0.0,0
JVS_JVSMuSiC,wavlm_l12,12,61,60_20_20_speaker_disjoint,True,center_only_classic,classic,,S->G,20,0.05,6,20,0.3,0.1,0.5,0.7,1.0,0.45208333333333334,0.7056249999999998,0.11235772757029476,0.1798587938947182,0.85,0.5727350427350426,2.0,0.14677932344229444,0.19999999999999998,1.0,0.9737480557821722,0
JVS_JVSMuSiC,wavlm_l12,12,61,60_20_20_speaker_disjoint,True,center_only_classic,classic,,G->S,20,0.05,4,20,0.2,0.05,0.4,0.5,0.9,0.26624652777777774,0.5295295138888888,0.08324935984573824,0.21054998518125378,0.7,0.38687499999999997,3.5,0.14677932344229438,0.1,1.0,0.9737480557821722,0
JVS_JVSMuSiC,wavlm_l12,12,61,60_20_20_speaker_disjoint,True,mode_dummy_only,mean_preserving,mode_dummy,S->G,20,0.05,8,20,0.4,0.2,0.6012499999999988,0.6,0.95,0.4390624999999999,0.7458958333333333,0.0006309896467504804,0.003445551960737332,0.8,0.5983333333333333,2.0,0.0022736342151332247,0.30000000000000004,0.5365168539325843,0.008975175013981818,1
JVS_JVSMuSiC,wavlm_l12,12,61,60_20_20_speaker_disjoint,True,mode_dummy_only,mean_preserving,mode_dummy,G->S,20,0.05,12,20,0.6,0.35,0.8,0.6,0.95,0.5524791666666666,0.8708541666666666,0.0018068753481418939,0.002716119890164522,0.8,0.7091666666666666,1.0,0.0022736342151332745,0.5,0.5365168539325843,0.008975175013981818,1
JVS_JVSMuSiC,wavlm_l12,12,61,60_20_20_speaker_disjoint,True,mode_dummy_only,classic,mode_dummy,S->G,20,0.05,10,20,0.5,0.3,0.7,0.7,1.0,0.5024621212121212,0.8170549242424242,0.25986767091958446,0.41088304403224674,0.85,0.6691287878787879,1.5,0.3401036777710097,0.4,0.5365168539325843,0.9826738297902899,1
JVS_JVSMuSiC,wavlm_l12,12,61,60_20_20_speaker_disjoint,True,mode_dummy_only,classic,mode_dummy,G->S,20,0.05,12,20,0.6,0.4,0.8,0.65,0.95,0.5427680652680652,0.8649999999999999,0.2654521637126167,0.40763047659807833,0.8,0.7056138306138305,1.0,0.3401036777710097,0.5,0.5365168539325843,0.9826738297902899,1
JVS_JVSMuSiC,wavlm_l12,12,61,60_20_20_speaker_disjoint,True,acoustic_full_no_mode,mean_preserving,logf0_mean;logf0_std;logf0_p05;logf0_p50;logf0_p95;logf0_range;rms_mean;rms_std;duration_s;voiced_rate;energy_mean;energy_std,S->G,20,0.05,9,20,0.45,0.25,0.7,0.4,0.85,0.37547253787878787,0.7285724431818182,-3.868687920881172e-05,0.0025810375927771785,0.65,0.5549888306138306,2.5,0.0015076811521700152,0.35,0.5713483146067416,0.01125704059195931,9
JVS_JVSMuSiC,wavlm_l12,12,61,60_20_20_speaker_disjoint,True,acoustic_full_no_mode,mean_preserving,logf0_mean;logf0_std;logf0_p05;logf0_p50;logf0_p95;logf0_range;rms_mean;rms_std;duration_s;voiced_rate;energy_mean;energy_std,G->S,20,0.05,10,20,0.5,0.3,0.7,0.64875,0.95,0.45671810134310126,0.7873839285714285,0.0010489089236372215,0.0019169430108265063,0.8,0.6257112332112332,1.5,0.0015076811521699597,0.4,0.5713483146067416,0.01125704059195931,9
JVS_JVSMuSiC,wavlm_l12,12,61,60_20_20_speaker_disjoint,True,acoustic_full_no_mode,classic,logf0_mean;logf0_std;logf0_p05;logf0_p50;logf0_p95;logf0_range;rms_mean;rms_std;duration_s;voiced_rate;energy_mean;energy_std,S->G,20,0.05,12,20,0.6,0.4,0.8,0.6,0.95,0.514204306722689,0.85,0.1903290233859418,0.32665086707875196,0.8,0.6940126050420168,1.0,0.2582085117721451,0.5,0.5713483146067416,0.9853142174555921,9
JVS_JVSMuSiC,wavlm_l12,12,61,60_20_20_speaker_disjoint,True,acoustic_full_no_mode,classic,logf0_mean;logf0_std;logf0_p05;logf0_p50;logf0_p95;logf0_range;rms_mean;rms_std;duration_s;voiced_rate;energy_mean;energy_std,G->S,20,0.05,11,20,0.55,0.3,0.75,0.65,1.0,0.524738005050505,0.8417108585858585,0.17299926668186036,0.3268298585638794,0.85,0.6837121212121211,1.0,0.2582085117721451,0.45000000000000007,0.5713483146067416,0.9853142174555921,9
JVS_JVSMuSiC,wavlm_l12,12,61,60_20_20_speaker_disjoint,True,acoustic_full_plus_mode,mean_preserving,logf0_mean;logf0_std;logf0_p05;logf0_p50;logf0_p95;logf0_range;rms_mean;rms_std;duration_s;voiced_rate;energy_mean;energy_std;mode_dummy,S->G,20,0.05,8,20,0.4,0.2,0.6,0.5,0.9,0.3635188492063492,0.7061468253968254,-0.0006063978354886548,0.0027219297907006097,0.7,0.5359920634920635,2.5,0.0013926443716590186,0.30000000000000004,0.6269662921348315,0.012139822437660874,10
JVS_JVSMuSiC,wavlm_l12,12,61,60_20_20_speaker_disjoint,True,acoustic_full_plus_mode,mean_preserving,logf0_mean;logf0_std;logf0_p05;logf0_p50;logf0_p95;logf0_range;rms_mean;rms_std;duration_s;voiced_rate;energy_mean;energy_std;mode_dummy,G->S,20,0.05,11,20,0.55,0.35,0.75,0.7,1.0,0.4905892094017093,0.8450624999999999,0.0008751961621241528,0.0018788453353409213,0.85,0.6695651080945199,1.0,0.0013926443716589631,0.45000000000000007,0.6269662921348315,0.012139822437660874,10
JVS_JVSMuSiC,wavlm_l12,12,61,60_20_20_speaker_disjoint,True,acoustic_full_plus_mode,classic,logf0_mean;logf0_std;logf0_p05;logf0_p50;logf0_p95;logf0_range;rms_mean;rms_std;duration_s;voiced_rate;energy_mean;energy_std;mode_dummy,S->G,20,0.05,10,20,0.5,0.3,0.75,0.6,0.95,0.4535726817042606,0.8018366228070174,0.15677540959370626,0.3166769684408991,0.8,0.6303696741854636,1.5,0.24040169845611378,0.4,0.6269662921348315,0.9861927779681511,10
JVS_JVSMuSiC,wavlm_l12,12,61,60_20_20_speaker_disjoint,True,acoustic_full_plus_mode,classic,logf0_mean;logf0_std;logf0_p05;logf0_p50;logf0_p95;logf0_range;rms_mean;rms_std;duration_s;voiced_rate;energy_mean;energy_std;mode_dummy,G->S,20,0.05,10,20,0.5,0.3,0.7012499999999988,0.7,1.0,0.4912244152046784,0.8195065789473683,0.15260272530383312,0.31577540841113927,0.85,0.6609649122807018,1.5,0.24040169845611387,0.4,0.6269662921348315,0.9861927779681511,10
JVS_JVSMuSiC,wavlm_l12,12,61,60_20_20_speaker_disjoint,True,single_group_f0,mean_preserving,logf0_mean;logf0_std;logf0_p05;logf0_p50;logf0_p95;logf0_range,S->G,20,0.05,2,20,0.1,0.0,0.25,0.15,0.55,0.12062018792073943,0.36737255279442776,-0.002154537425789323,0.004603786801468234,0.35,0.2261381877925996,9.5,0.0012705628146528424,0.0,1.0,0.0014173137902748767,5
JVS_JVSMuSiC,wavlm_l12,12,61,60_20_20_speaker_disjoint,True,single_group_f0,mean_preserving,logf0_mean;logf0_std;logf0_p05;logf0_p50;logf0_p95;logf0_range,G->S,20,0.05,3,20,0.15,0.0,0.3,0.15,0.55,0.1466264070359465,0.42779632520257516,-4.452774882917273e-05,0.0025290801208729405,0.35,0.2680866794024689,7.5,0.001270562814652848,0.04999999999999999,1.0,0.0014173137902748767,5
JVS_JVSMuSiC,wavlm_l12,12,61,60_20_20_speaker_disjoint,True,single_group_energy,mean_preserving,rms_mean;rms_std;energy_mean;energy_std,S->G,20,0.05,3,20,0.15,0.0,0.3,0.2,0.6,0.15924875124875126,0.4616097374847375,-0.00019480673389274102,0.005142405769829844,0.4,0.29025363525363523,7.0,0.002678489244207022,0.04999999999999999,0.9337078651685393,0.0065758205632115985,3
JVS_JVSMuSiC,wavlm_l12,12,61,60_20_20_speaker_disjoint,True,single_group_energy,mean_preserving,rms_mean;rms_std;energy_mean;energy_std,G->S,20,0.05,6,20,0.3,0.1,0.5,0.3,0.8,0.29694322344322344,0.6106622023809523,0.0014468425278637233,0.0039016437476454844,0.55,0.455770757020757,3.5,0.0026784892442070275,0.19999999999999998,0.9337078651685393,0.0065758205632115985,3
JVS_JVSMuSiC,wavlm_l12,12,61,60_20_20_speaker_disjoint,True,single_group_duration,mean_preserving,duration_s,S->G,20,0.05,6,20,0.3,0.1,0.5,0.75,1.0,0.4175,0.7016875,0.001073592962163296,0.0033575197030822758,0.9,0.5583333333333333,2.0,0.002406982715589134,0.19999999999999998,0.6129213483146068,0.008785197398853306,1
JVS_JVSMuSiC,wavlm_l12,12,61,60_20_20_speaker_disjoint,True,single_group_duration,mean_preserving,duration_s,G->S,20,0.05,13,20,0.65,0.45,0.85,0.75,1.0,0.6201881313131313,0.9099999999999999,0.001893668263140064,0.002872614367407289,0.9,0.7701010101010101,1.0,0.0024069827155891233,0.55,0.6129213483146068,0.008785197398853306,1
JVS_JVSMuSiC,wavlm_l12,12,61,60_20_20_speaker_disjoint,True,single_group_voicing,mean_preserving,voiced_rate,S->G,20,0.05,2,20,0.1,0.0,0.25,0.2,0.6,0.15027615093240096,0.40585127719502717,-0.0015895494874403112,0.00534781792999668,0.4,0.26108877233877237,6.0,0.0022254310573549376,0.0,1.0,0.0,0
JVS_JVSMuSiC,wavlm_l12,12,61,60_20_20_speaker_disjoint,True,single_group_voicing,mean_preserving,voiced_rate,G->S,20,0.05,2,20,0.1,0.0,0.25,0.3,0.7,0.18537421351116204,0.42018960084033613,0.0009415076212709462,0.0034786112205269933,0.5,0.29407393260334436,5.5,0.002225431057354982,0.0,1.0,0.0,0
JVS_JVSMuSiC,wavlm_l12,12,61,60_20_20_speaker_disjoint,True,full_minus_f0,mean_preserving,rms_mean;rms_std;duration_s;voiced_rate;energy_mean;energy_std,S->G,20,0.05,10,20,0.5,0.3,0.7,0.55,0.95,0.42738521241830063,0.7797499999999999,0.0008134039153363144,0.0033836547983057824,0.75,0.6123428858722976,1.5,0.002320790847562809,0.4,0.5769662921348314,0.010120789811872588,4
JVS_JVSMuSiC,wavlm_l12,12,61,60_20_20_speaker_disjoint,True,full_minus_f0,mean_preserving,rms_mean;rms_std;duration_s;voiced_rate;energy_mean;energy_std,G->S,20,0.05,12,20,0.6,0.3987500000000001,0.8,0.7,1.0,0.5575186965811965,0.8741071428571429,0.001754365480849272,0.0029129103738405244,0.85,0.7171398046398046,1.0,0.0023207908475628147,0.5,0.5769662921348314,0.010120789811872588,4
JVS_JVSMuSiC,wavlm_l12,12,61,60_20_20_speaker_disjoint,True,full_minus_energy,mean_preserving,logf0_mean;logf0_std;logf0_p05;logf0_p50;logf0_p95;logf0_range;duration_s;voiced_rate,S->G,20,0.05,6,20,0.3,0.1,0.5,0.5,0.9,0.32442585630743526,0.6328190789473683,7.036556035017965e-05,0.002383216538034959,0.7,0.4738617376775272,3.0,0.001448437672990749,0.19999999999999998,0.6247191011235955,0.010202937457121641,6
JVS_JVSMuSiC,wavlm_l12,12,61,60_20_20_speaker_disjoint,True,full_minus_energy,mean_preserving,logf0_mean;logf0_std;logf0_p05;logf0_p50;logf0_p95;logf0_range;duration_s;voiced_rate,G->S,20,0.05,8,20,0.4,0.2,0.6,0.7,1.0,0.43164476495726506,0.7410416666666666,0.0009885927975556278,0.0018174206639544313,0.85,0.5844017094017093,2.0,0.0014484376729908045,0.30000000000000004,0.6247191011235955,0.010202937457121641,6
JVS_JVSMuSiC,wavlm_l12,12,61,60_20_20_speaker_disjoint,True,full_minus_duration,mean_preserving,logf0_mean;logf0_std;logf0_p05;logf0_p50;logf0_p95;logf0_range;rms_mean;rms_std;voiced_rate;energy_mean;energy_std,S->G,20,0.05,2,20,0.1,0.0,0.25,0.15,0.6,0.13764665565342812,0.388120105127071,-0.0008845663813438162,0.0045970574021295596,0.35,0.2535248033700046,6.5,0.0019824405954799286,0.0,0.9185393258426966,0.0077971128252055655,8
JVS_JVSMuSiC,wavlm_l12,12,61,60_20_20_speaker_disjoint,True,full_minus_duration,mean_preserving,logf0_mean;logf0_std;logf0_p05;logf0_p50;logf0_p95;logf0_range;rms_mean;rms_std;voiced_rate;energy_mean;energy_std,G->S,20,0.05,5,20,0.25,0.1,0.45,0.35,0.8,0.2241454326923077,0.5680455586080585,0.001013359379830818,0.00296452380355505,0.55,0.3903342490842491,5.0,0.0019824405954799507,0.15,0.9185393258426966,0.0077971128252055655,8
JVS_JVSMuSiC,wavlm_l12,12,61,60_20_20_speaker_disjoint,True,full_minus_voicing,mean_preserving,logf0_mean;logf0_std;logf0_p05;logf0_p50;logf0_p95;logf0_range;rms_mean;rms_std;duration_s;energy_mean;energy_std,S->G,20,0.05,9,20,0.45,0.25,0.65,0.45,0.85,0.38393513257575757,0.7460958017676766,-1.4897516771826106e-05,0.0025799277061613547,0.65,0.5549888306138306,2.5,0.0015076811521699597,0.35,0.5713483146067416,0.011257040591959422,9
JVS_JVSMuSiC,wavlm_l12,12,61,60_20_20_speaker_disjoint,True,full_minus_voicing,mean_preserving,logf0_mean;logf0_std;logf0_p05;logf0_p50;logf0_p95;logf0_range;rms_mean;rms_std;duration_s;energy_mean;energy_std,G->S,20,0.05,10,20,0.5,0.3,0.75,0.6,0.95,0.45122611416361413,0.7805416666666666,0.00108423512659751,0.0019143927226598734,0.8,0.6257112332112332,1.5,0.0015076811521698985,0.4,0.5713483146067416,0.011257040591959422,9
JVS_JVSMuSiC,wavlm_l12,12,61,60_20_20_speaker_disjoint,True,row_shuffled_nuisance,mean_preserving,logf0_mean;logf0_std;logf0_p05;logf0_p50;logf0_p95;logf0_range;rms_mean;rms_std;duration_s;voiced_rate;energy_mean;energy_std,S->G,20,0.05,2,20,0.1,0.0,0.25,0.25,0.7,0.14379134101192928,0.3850318023479788,-0.0014015188713077675,0.005571659651541469,0.45,0.2537534197828316,7.5,0.002308647682101056,0.0,1.0,0.00022200678237760396,9
JVS_JVSMuSiC,wavlm_l12,12,61,60_20_20_speaker_disjoint,True,row_shuffled_nuisance,mean_preserving,logf0_mean;logf0_std;logf0_p05;logf0_p50;logf0_p95;logf0_range;rms_mean;rms_std;duration_s;voiced_rate;energy_mean;energy_std,G->S,20,0.05,2,20,0.1,0.0,0.25,0.3,0.7,0.1666155303030303,0.41157563616938614,0.0010132628277223514,0.0036461212127427557,0.5,0.2774082167832168,5.5,0.0023086476821010393,0.0,1.0,0.00022200678237760396,9
JVS_JVSMuSiC,wavlm_l12,12,61,60_20_20_speaker_disjoint,True,random_gaussian_nuisance,mean_preserving,logf0_mean;logf0_std;logf0_p05;logf0_p50;logf0_p95;logf0_range;rms_mean;rms_std;duration_s;voiced_rate;energy_mean;energy_std,S->G,20,0.05,3,20,0.15,0.0,0.35,0.1,0.5,0.1567389228633424,0.43582265347097,-0.0021884424184629068,0.006319242037598638,0.3,0.2822958933910946,7.5,0.0021088647910935234,0.04999999999999999,1.0,0.0007711256407624267,12
JVS_JVSMuSiC,wavlm_l12,12,61,60_20_20_speaker_disjoint,True,random_gaussian_nuisance,mean_preserving,logf0_mean;logf0_std;logf0_p05;logf0_p50;logf0_p95;logf0_range;rms_mean;rms_std;duration_s;voiced_rate;energy_mean;energy_std,G->S,20,0.05,3,20,0.15,0.0,0.3,0.2,0.6,0.19525792783605286,0.4744709197052947,0.0006794233123789482,0.0037560887381872248,0.4,0.3260770479520479,7.5,0.002108864791093512,0.04999999999999999,1.0,0.0007711256407624267,12
JVS_JVSMuSiC,wavlm_l12,12,61,60_20_20_speaker_disjoint,True,random_low_rank_projection,mean_preserving,random_dir_0;random_dir_1;random_dir_2;random_dir_3;random_dir_4;random_dir_5;random_dir_6;random_dir_7;random_dir_8;random_dir_9;random_dir_10;random_dir_11,S->G,20,0.05,2,20,0.1,0.0,0.25,0.2,0.6,0.15010885295260296,0.3909958479020979,-0.0018112045889491983,0.005313822414664675,0.4,0.26132686757686757,6.0,0.002208480461514212,0.0,1.0,0.00024201547634927767,12
JVS_JVSMuSiC,wavlm_l12,12,61,60_20_20_speaker_disjoint,True,random_low_rank_projection,mean_preserving,random_dir_0;random_dir_1;random_dir_2;random_dir_3;random_dir_4;random_dir_5;random_dir_6;random_dir_7;random_dir_8;random_dir_9;random_dir_10;random_dir_11,G->S,20,0.05,2,20,0.1,0.0,0.25,0.3,0.7,0.1857348763368984,0.42300609164120195,0.0010353358780611029,0.003377050524192547,0.5,0.2913801884390119,5.0,0.002208480461514184,0.0,1.0,0.00024201547634927767,12
JVS_JVSMuSiC,wavlm_l12,12,67,60_20_20_speaker_disjoint,True,raw,raw,,S->G,20,0.05,2,20,0.1,0.0,0.25,0.25,0.65,0.14258277221144872,0.3885423310349781,0.0003624910228336831,0.004522302835554189,0.45,0.2515905336493572,7.5,0.002399781534383838,0.0,1.0,0.0,0
JVS_JVSMuSiC,wavlm_l12,12,67,60_20_20_speaker_disjoint,True,raw,raw,,G->S,20,0.05,4,20,0.2,0.05,0.35,0.45,0.85,0.23458668414918418,0.5330492424242422,0.000956011740902389,0.0038372430418112716,0.65,0.37154817404817403,4.0,0.0023997815343839045,0.0,1.0,0.0,0
JVS_JVSMuSiC,wavlm_l12,12,67,60_20_20_speaker_disjoint,True,center_only_classic,classic,,S->G,20,0.05,9,20,0.45,0.25,0.65,0.75,1.0,0.4366458333333333,0.7542291666666666,0.10109575464213827,0.20434473343034054,0.9,0.6033333333333333,2.0,0.14989703085946032,0.35,1.0,0.9737272500919146,0
JVS_JVSMuSiC,wavlm_l12,12,67,60_20_20_speaker_disjoint,True,center_only_classic,classic,,G->S,20,0.05,2,20,0.1,0.0,0.25,0.45,0.85,0.254797619047619,0.4752053571428571,0.08666050814376489,0.22760868617153698,0.65,0.3570238095238095,3.0,0.14989703085946032,-0.1,1.0,0.9737272500919146,0
JVS_JVSMuSiC,wavlm_l12,12,67,60_20_20_speaker_disjoint,True,mode_dummy_only,mean_preserving,mode_dummy,S->G,20,0.05,9,20,0.45,0.25,0.65,0.6,0.95,0.45301142331932764,0.7697916666666667,0.0016440930547846606,0.003169176963840875,0.8,0.6078518907563024,2.0,0.002456741904295423,0.35,0.4640449438202247,0.00893447177403428,1
JVS_JVSMuSiC,wavlm_l12,12,67,60_20_20_speaker_disjoint,True,mode_dummy_only,mean_preserving,mode_dummy,G->S,20,0.05,11,20,0.55,0.35,0.75,0.75,1.0,0.5427632575757575,0.8545454545454545,0.0018791941605557864,0.0030182158229502837,0.9,0.6987121212121212,1.0,0.0024567419042953787,0.35000000000000003,0.4640449438202247,0.00893447177403428,1
JVS_JVSMuSiC,wavlm_l12,12,67,60_20_20_speaker_disjoint,True,mode_dummy_only,classic,mode_dummy,S->G,20,0.05,14,20,0.7,0.5,0.9,0.85,1.0,0.6377840909090909,0.9170454545454545,0.2716166391929506,0.3989933078107385,0.95,0.7795454545454545,1.0,0.33714033861994197,0.6,0.4640449438202247,0.9826487959732081,1
JVS_JVSMuSiC,wavlm_l12,12,67,60_20_20_speaker_disjoint,True,mode_dummy_only,classic,mode_dummy,G->S,20,0.05,12,20,0.6,0.4,0.8,0.75,1.0,0.5972222222222222,0.8805555555555555,0.27935833074778477,0.38924488044794825,0.9,0.7472222222222222,1.0,0.33714033861994197,0.39999999999999997,0.4640449438202247,0.9826487959732081,1
JVS_JVSMuSiC,wavlm_l12,12,67,60_20_20_speaker_disjoint,True,acoustic_full_no_mode,mean_preserving,logf0_mean;logf0_std;logf0_p05;logf0_p50;logf0_p95;logf0_range;rms_mean;rms_std;duration_s;voiced_rate;energy_mean;energy_std,S->G,20,0.05,6,20,0.3,0.1,0.5,0.5,0.9,0.2870973827030812,0.6077002217553689,-0.0006155176914584543,0.003761258052713296,0.7,0.44837243230625584,4.0,0.0019344161384754644,0.19999999999999998,0.5426966292134832,0.011306272919639926,9
JVS_JVSMuSiC,wavlm_l12,12,67,60_20_20_speaker_disjoint,True,acoustic_full_no_mode,mean_preserving,logf0_mean;logf0_std;logf0_p05;logf0_p50;logf0_p95;logf0_range;rms_mean;rms_std;duration_s;voiced_rate;energy_mean;energy_std,G->S,20,0.05,12,20,0.6,0.4,0.8,0.75,1.0,0.5626979166666667,0.8663020833333333,0.0012672754428565414,0.002481422493421038,0.9,0.7214583333333333,1.0,0.0019344161384754976,0.39999999999999997,0.5426966292134832,0.011306272919639926,9
JVS_JVSMuSiC,wavlm_l12,12,67,60_20_20_speaker_disjoint,True,acoustic_full_no_mode,classic,logf0_mean;logf0_std;logf0_p05;logf0_p50;logf0_p95;logf0_range;rms_mean;rms_std;duration_s;voiced_rate;energy_mean;energy_std,S->G,20,0.05,12,20,0.6,0.3987500000000001,0.8,0.75,1.0,0.5665277777777777,0.8709374999999999,0.20538681477402726,0.3710068898676935,0.9,0.7236111111111111,1.0,0.3017470792137597,0.5,0.5426966292134832,0.985171957150673,9
JVS_JVSMuSiC,wavlm_l12,12,67,60_20_20_speaker_disjoint,True,acoustic_full_no_mode,classic,logf0_mean;logf0_std;logf0_p05;logf0_p50;logf0_p95;logf0_range;rms_mean;rms_std;duration_s;voiced_rate;energy_mean;energy_std,G->S,20,0.05,10,20,0.5,0.3,0.7,0.85,1.0,0.553125,0.8375,0.22804059656576653,0.36118144017192877,0.95,0.703125,1.5,0.3017470792137597,0.3,0.5426966292134832,0.985171957150673,9
JVS_JVSMuSiC,wavlm_l12,12,67,60_20_20_speaker_disjoint,True,acoustic_full_plus_mode,mean_preserving,logf0_mean;logf0_std;logf0_p05;logf0_p50;logf0_p95;logf0_range;rms_mean;rms_std;duration_s;voiced_rate;energy_mean;energy_std;mode_dummy,S->G,20,0.05,5,20,0.25,0.05,0.45,0.5,0.9,0.294217190285205,0.5971283422459892,-8.481510717103288e-05,0.0036178213726247663,0.7,0.4477194741532976,3.0,0.002015711483899801,0.15,0.5174157303370787,0.0121965668276236,10
JVS_JVSMuSiC,wavlm_l12,12,67,60_20_20_speaker_disjoint,True,acoustic_full_plus_mode,mean_preserving,logf0_mean;logf0_std;logf0_p05;logf0_p50;logf0_p95;logf0_range;rms_mean;rms_std;duration_s;voiced_rate;energy_mean;energy_std;mode_dummy,G->S,20,0.05,12,20,0.6,0.4,0.8,0.75,1.0,0.5683394607843137,0.8666666666666666,0.001257137329334346,0.0026781304411921947,0.9,0.7279411764705882,1.0,0.002015711483899779,0.39999999999999997,0.5174157303370787,0.0121965668276236,10
JVS_JVSMuSiC,wavlm_l12,12,67,60_20_20_speaker_disjoint,True,acoustic_full_plus_mode,classic,logf0_mean;logf0_std;logf0_p05;logf0_p50;logf0_p95;logf0_range;rms_mean;rms_std;duration_s;voiced_rate;energy_mean;energy_std;mode_dummy,S->G,20,0.05,13,20,0.65,0.4,0.85,0.85,1.0,0.6107708333333334,0.8858333333333335,0.20235578321373457,0.3884825795429405,0.95,0.7608333333333334,1.0,0.3042744137325747,0.55,0.5174157303370787,0.986057782000026,10
JVS_JVSMuSiC,wavlm_l12,12,67,60_20_20_speaker_disjoint,True,acoustic_full_plus_mode,classic,logf0_mean;logf0_std;logf0_p05;logf0_p50;logf0_p95;logf0_range;rms_mean;rms_std;duration_s;voiced_rate;energy_mean;energy_std;mode_dummy,G->S,20,0.05,11,20,0.55,0.35,0.75,0.85,1.0,0.5977777777777777,0.86,0.2226003022110109,0.37167757127773926,0.95,0.7377777777777778,1.0,0.3042744137325747,0.35000000000000003,0.5174157303370787,0.986057782000026,10
JVS_JVSMuSiC,wavlm_l12,12,67,60_20_20_speaker_disjoint,True,single_group_f0,mean_preserving,logf0_mean;logf0_std;logf0_p05;logf0_p50;logf0_p95;logf0_range,S->G,20,0.05,1,20,0.05,0.0,0.15,0.15,0.55,0.12122575729009552,0.29673743872549013,-0.0002745155993942365,0.004296804825843176,0.35,0.19949566365007543,7.0,0.0019688648491629933,-0.05,1.0,0.001121124573501664,5
JVS_JVSMuSiC,wavlm_l12,12,67,60_20_20_speaker_disjoint,True,single_group_f0,mean_preserving,logf0_mean;logf0_std;logf0_p05;logf0_p50;logf0_p95;logf0_range,G->S,20,0.05,2,20,0.1,0.0,0.25,0.35,0.75,0.18413045900178251,0.4107461007130125,0.0005994493542233836,0.003446653738351065,0.55,0.2836987522281639,5.0,0.0019688648491629603,-0.1,1.0,0.001121124573501664,5
JVS_JVSMuSiC,wavlm_l12,12,67,60_20_20_speaker_disjoint,True,single_group_energy,mean_preserving,rms_mean;rms_std;energy_mean;energy_std,S->G,20,0.05,5,20,0.25,0.05,0.45,0.35,0.75,0.232354223262118,0.5548348329302277,-0.0012130166356889604,0.00491852775406154,0.55,0.38899937781516725,5.0,0.002443383479711425,0.15,0.85,0.006621047272919567,3
JVS_JVSMuSiC,wavlm_l12,12,67,60_20_20_speaker_disjoint,True,single_group_energy,mean_preserving,rms_mean;rms_std;energy_mean;energy_std,G->S,20,0.05,7,20,0.35,0.15,0.55,0.35,0.75,0.3159514027639027,0.6523463627875392,0.001222460529045672,0.0035405786332669722,0.55,0.4741700864494981,4.0,0.002443383479711353,0.14999999999999997,0.85,0.006621047272919567,3
JVS_JVSMuSiC,wavlm_l12,12,67,60_20_20_speaker_disjoint,True,single_group_duration,mean_preserving,duration_s,S->G,20,0.05,9,20,0.45,0.25,0.65,0.65,0.95,0.43086706349206344,0.7611785714285715,0.0018043476571880878,0.0030635131574607444,0.8,0.5965873015873016,2.0,0.0024571744709289967,0.35,0.6117977528089887,0.008612176532297622,1
JVS_JVSMuSiC,wavlm_l12,12,67,60_20_20_speaker_disjoint,True,single_group_duration,mean_preserving,duration_s,G->S,20,0.05,13,20,0.65,0.45,0.85,0.6,0.95,0.5707935606060605,0.8962121212121211,0.001816618740358296,0.003132107607305896,0.8,0.7407954545454546,1.0,0.0024571744709290465,0.45,0.6117977528089887,0.008612176532297622,1
JVS_JVSMuSiC,wavlm_l12,12,67,60_20_20_speaker_disjoint,True,single_group_voicing,mean_preserving,voiced_rate,S->G,20,0.05,2,20,0.1,0.0,0.25,0.2,0.7,0.14582631257631257,0.38535103785103786,0.0003128818154067364,0.0045214850563694295,0.45,0.2515905336493572,7.5,0.002399781534383838,0.0,1.0,0.0,0
JVS_JVSMuSiC,wavlm_l12,12,67,60_20_20_speaker_disjoint,True,single_group_voicing,mean_preserving,voiced_rate,G->S,20,0.05,4,20,0.2,0.05,0.4,0.4,0.85,0.22889957264957264,0.5277784090909092,0.00083355330292232,0.003931142503645843,0.65,0.37154817404817403,4.0,0.0023997815343839045,0.0,1.0,0.0,0
JVS_JVSMuSiC,wavlm_l12,12,67,60_20_20_speaker_disjoint,True,full_minus_f0,mean_preserving,rms_mean;rms_std;duration_s;voiced_rate;energy_mean;energy_std,S->G,20,0.05,6,20,0.3,0.1,0.5,0.45,0.85,0.29101959325396826,0.6391765873015873,-0.00015687304104616606,0.004267434448330634,0.65,0.45783730158730157,3.0,0.002427077101879266,0.19999999999999998,0.5786516853932584,0.010033154924730558,4
JVS_JVSMuSiC,wavlm_l12,12,67,60_20_20_speaker_disjoint,True,full_minus_f0,mean_preserving,rms_mean;rms_std;duration_s;voiced_rate;energy_mean;energy_std,G->S,20,0.05,12,20,0.6,0.4,0.8,0.7,1.0,0.5376101190476191,0.865485119047619,0.0016039619877503165,0.0031666906230923375,0.85,0.6954761904761904,1.0,0.0024270771018792383,0.39999999999999997,0.5786516853932584,0.010033154924730558,4
JVS_JVSMuSiC,wavlm_l12,12,67,60_20_20_speaker_disjoint,True,full_minus_energy,mean_preserving,logf0_mean;logf0_std;logf0_p05;logf0_p50;logf0_p95;logf0_range;duration_s;voiced_rate,S->G,20,0.05,7,20,0.35,0.15,0.55,0.55,0.9,0.38433453425229736,0.6876253132832079,0.0011437413259523354,0.0027349659193451835,0.75,0.5347744360902256,2.0,0.0019893829872399404,0.24999999999999997,0.6101123595505618,0.009717691922144445,6
JVS_JVSMuSiC,wavlm_l12,12,67,60_20_20_speaker_disjoint,True,full_minus_energy,mean_preserving,logf0_mean;logf0_std;logf0_p05;logf0_p50;logf0_p95;logf0_range;duration_s;voiced_rate,G->S,20,0.05,11,20,0.55,0.35,0.75,0.55,0.9,0.48918154761904753,0.8222619047619046,0.001492249527702135,0.0025059290583369395,0.75,0.6640873015873014,1.0,0.0019893829872399183,0.35000000000000003,0.6101123595505618,0.009717691922144445,6
JVS_JVSMuSiC,wavlm_l12,12,67,60_20_20_speaker_disjoint,True,full_minus_duration,mean_preserving,logf0_mean;logf0_std;logf0_p05;logf0_p50;logf0_p95;logf0_range;rms_mean;rms_std;voiced_rate;energy_mean;energy_std,S->G,20,0.05,4,20,0.2,0.05,0.4,0.35,0.75,0.19346241830065358,0.47896415441176465,-0.001200047973896416,0.0048681752016760975,0.55,0.3330800653594771,5.0,0.002326738681043239,0.1,0.8303370786516854,0.007913259873543854,8
JVS_JVSMuSiC,wavlm_l12,12,67,60_20_20_speaker_disjoint,True,full_minus_duration,mean_preserving,logf0_mean;logf0_std;logf0_p05;logf0_p50;logf0_p95;logf0_range;rms_mean;rms_std;voiced_rate;energy_mean;energy_std,G->S,20,0.05,4,20,0.2,0.05,0.4,0.3987500000000001,0.8,0.2716111111111111,0.5693846925133689,0.0011160388179672325,0.003557725144718555,0.6,0.4062681966726084,3.0,0.002326738681043228,0.0,0.8303370786516854,0.007913259873543854,8
JVS_JVSMuSiC,wavlm_l12,12,67,60_20_20_speaker_disjoint,True,full_minus_voicing,mean_preserving,logf0_mean;logf0_std;logf0_p05;logf0_p50;logf0_p95;logf0_range;rms_mean;rms_std;duration_s;energy_mean;energy_std,S->G,20,0.05,6,20,0.3,0.1,0.5,0.5,0.9,0.3004446924603174,0.636312733426704,-0.0005848924305023966,0.003683531339831733,0.7,0.44837243230625584,4.0,0.0019344161384754865,0.19999999999999998,0.5426966292134832,0.011306272919640481,9
JVS_JVSMuSiC,wavlm_l12,12,67,60_20_20_speaker_disjoint,True,full_minus_voicing,mean_preserving,logf0_mean;logf0_std;logf0_p05;logf0_p50;logf0_p95;logf0_range;rms_mean;rms_std;duration_s;energy_mean;energy_std,G->S,20,0.05,12,20,0.6,0.4,0.8,0.75,1.0,0.5734895833333333,0.8700208333333332,0.0012841626227395363,0.0024849933844856894,0.9,0.7214583333333333,1.0,0.001934416138475531,0.39999999999999997,0.5426966292134832,0.011306272919640481,9
JVS_JVSMuSiC,wavlm_l12,12,67,60_20_20_speaker_disjoint,True,row_shuffled_nuisance,mean_preserving,logf0_mean;logf0_std;logf0_p05;logf0_p50;logf0_p95;logf0_range;rms_mean;rms_std;duration_s;voiced_rate;energy_mean;energy_std,S->G,20,0.05,1,20,0.05,0.0,0.15,0.15,0.55,0.13677677466904445,0.3223534768411413,0.00010745304065803459,0.005011254759640947,0.35,0.21642812961891908,6.5,0.0024856434978288875,-0.05,1.0,-0.0002902087450749047,9
JVS_JVSMuSiC,wavlm_l12,12,67,60_20_20_speaker_disjoint,True,row_shuffled_nuisance,mean_preserving,logf0_mean;logf0_std;logf0_p05;logf0_p50;logf0_p95;logf0_range;rms_mean;rms_std;duration_s;voiced_rate;energy_mean;energy_std,G->S,20,0.05,2,20,0.1,0.0,0.25,0.5,0.9,0.20574289772727272,0.4305039908008657,0.0010187572665565593,0.0038782136053080816,0.7,0.30564664502164507,4.0,0.0024856434978289266,-0.1,1.0,-0.0002902087450749047,9
JVS_JVSMuSiC,wavlm_l12,12,67,60_20_20_speaker_disjoint,True,random_gaussian_nuisance,mean_preserving,logf0_mean;logf0_std;logf0_p05;logf0_p50;logf0_p95;logf0_range;rms_mean;rms_std;duration_s;voiced_rate;energy_mean;energy_std,S->G,20,0.05,2,20,0.1,0.0,0.25,0.2,0.65,0.13960747914366337,0.3752467335296283,-0.00014330940918272456,0.004509663586989106,0.4,0.24736934118513068,8.0,0.00221383936396099,0.0,1.0,0.00031945219913565026,12
JVS_JVSMuSiC,wavlm_l12,12,67,60_20_20_speaker_disjoint,True,random_gaussian_nuisance,mean_preserving,logf0_mean;logf0_std;logf0_p05;logf0_p50;logf0_p95;logf0_range;rms_mean;rms_std;duration_s;voiced_rate;energy_mean;energy_std,G->S,20,0.05,4,20,0.2,0.05,0.4,0.34875000000000006,0.75,0.21899591503267973,0.5108483018207282,0.0006117063673781039,0.003808513890342039,0.55,0.3586951447245565,5.0,0.0022138393639609456,0.0,1.0,0.00031945219913565026,12
JVS_JVSMuSiC,wavlm_l12,12,67,60_20_20_speaker_disjoint,True,random_low_rank_projection,mean_preserving,random_dir_0;random_dir_1;random_dir_2;random_dir_3;random_dir_4;random_dir_5;random_dir_6;random_dir_7;random_dir_8;random_dir_9;random_dir_10;random_dir_11,S->G,20,0.05,2,20,0.1,0.0,0.25,0.2,0.6,0.1409873994469583,0.3862594762263879,0.0002932176768286865,0.004413210917466727,0.4,0.2499238669826905,7.5,0.002385553673319779,0.0,1.0,0.0002801052287774164,12
JVS_JVSMuSiC,wavlm_l12,12,67,60_20_20_speaker_disjoint,True,random_low_rank_projection,mean_preserving,random_dir_0;random_dir_1;random_dir_2;random_dir_3;random_dir_4;random_dir_5;random_dir_6;random_dir_7;random_dir_8;random_dir_9;random_dir_10;random_dir_11,G->S,20,0.05,4,20,0.2,0.05,0.4,0.45,0.85,0.22602335858585856,0.5373568861693861,0.0009512409969389706,0.003856708305420892,0.65,0.37366938616938616,4.5,0.0023855536733197514,0.0,1.0,0.0002801052287774164,12
JVS_JVSMuSiC,wavlm_l12,12,71,60_20_20_speaker_disjoint,True,raw,raw,,S->G,20,0.05,3,20,0.15,0.0,0.3,0.15,0.55,0.13676671245421246,0.42150027056277056,0.0002300821333761371,0.005840772099048892,0.35,0.2674975024975025,8.5,0.0030762323950266402,0.0,1.0,0.0,0
JVS_JVSMuSiC,wavlm_l12,12,71,60_20_20_speaker_disjoint,True,raw,raw,,G->S,20,0.05,3,20,0.15,0.0,0.3,0.15,0.55,0.1802326388888889,0.4655863095238094,0.0004907789575932227,0.0053557416685804495,0.35,0.314781746031746,7.0,0.0030762323950266233,0.0,1.0,0.0,0
JVS_JVSMuSiC,wavlm_l12,12,71,60_20_20_speaker_disjoint,True,center_only_classic,classic,,S->G,20,0.05,10,20,0.5,0.3,0.7,0.7,1.0,0.47165625,0.7979166666666666,0.12508801369012365,0.20807124170923147,0.85,0.6404166666666666,1.5,0.16303740580170817,0.35,1.0,0.9737295210429089,0
JVS_JVSMuSiC,wavlm_l12,12,71,60_20_20_speaker_disjoint,True,center_only_classic,classic,,G->S,20,0.05,2,20,0.1,0.0,0.25,0.35,0.75,0.2014294247419247,0.44559791250416236,0.07925795617457017,0.26129607703113794,0.55,0.3121602009102009,4.0,0.16303740580170817,-0.04999999999999999,1.0,0.9737295210429089,0
JVS_JVSMuSiC,wavlm_l12,12,71,60_20_20_speaker_disjoint,True,mode_dummy_only,mean_preserving,mode_dummy,S->G,20,0.05,7,20,0.35,0.15,0.55,0.65,1.0,0.3326336805555555,0.6755711805555555,0.0023726777203437023,0.003880954377710064,0.85,0.5100694444444445,3.0,0.0031511356070799577,0.19999999999999998,0.5113095238095238,0.008913522992022083,1
JVS_JVSMuSiC,wavlm_l12,12,71,60_20_20_speaker_disjoint,True,mode_dummy_only,mean_preserving,mode_dummy,G->S,20,0.05,10,20,0.5,0.3,0.7,0.7,1.0,0.48414583333333333,0.8042708333333334,0.0017052278421372392,0.004099872737060271,0.85,0.6566666666666666,1.5,0.0031511356070799247,0.35,0.5113095238095238,0.008913522992022083,1
JVS_JVSMuSiC,wavlm_l12,12,71,60_20_20_speaker_disjoint,True,mode_dummy_only,classic,mode_dummy,S->G,20,0.05,11,20,0.55,0.35,0.75,0.75,1.0,0.5325654761904762,0.8350625000000002,0.31078353479324866,0.4488036975454293,0.9,0.6879761904761905,1.0,0.3797862932777325,0.4,0.5113095238095238,0.9826505752059879,1
JVS_JVSMuSiC,wavlm_l12,12,71,60_20_20_speaker_disjoint,True,mode_dummy_only,classic,mode_dummy,G->S,20,0.05,12,20,0.6,0.35,0.8,0.65,1.0,0.5257916666666667,0.85625,0.31293367139934686,0.445694993313107,0.85,0.7016666666666667,1.0,0.37978629327773245,0.44999999999999996,0.5113095238095238,0.9826505752059879,1
JVS_JVSMuSiC,wavlm_l12,12,71,60_20_20_speaker_disjoint,True,acoustic_full_no_mode,mean_preserving,logf0_mean;logf0_std;logf0_p05;logf0_p50;logf0_p95;logf0_range;rms_mean;rms_std;duration_s;voiced_rate;energy_mean;energy_std,S->G,20,0.05,4,20,0.2,0.05,0.4,0.25,0.65,0.21054811507936505,0.5316691468253968,0.0007695730891293638,0.0025908061726778032,0.45,0.3653174603174603,6.0,0.0017657108962633506,0.05000000000000002,0.5761904761904761,0.011472943060928387,9
JVS_JVSMuSiC,wavlm_l12,12,71,60_20_20_speaker_disjoint,True,acoustic_full_no_mode,mean_preserving,logf0_mean;logf0_std;logf0_p05;logf0_p50;logf0_p95;logf0_range;rms_mean;rms_std;duration_s;voiced_rate;energy_mean;energy_std,G->S,20,0.05,6,20,0.3,0.1,0.5,0.55,0.95,0.3404759615384615,0.6646458333333334,0.00029658186539353426,0.002889177525534138,0.75,0.5000961538461539,2.5,0.001765710896263367,0.15,0.5761904761904761,0.011472943060928387,9
JVS_JVSMuSiC,wavlm_l12,12,71,60_20_20_speaker_disjoint,True,acoustic_full_no_mode,classic,logf0_mean;logf0_std;logf0_p05;logf0_p50;logf0_p95;logf0_range;rms_mean;rms_std;duration_s;voiced_rate;energy_mean;energy_std,S->G,20,0.05,11,20,0.55,0.3,0.75,0.55,0.9,0.4467772295321638,0.8132116228070174,0.14838932486176795,0.3391941447994475,0.75,0.6349926900584795,1.0,0.24913187802160602,0.4,0.5761904761904761,0.9853006592837011,9
JVS_JVSMuSiC,wavlm_l12,12,71,60_20_20_speaker_disjoint,True,acoustic_full_no_mode,classic,logf0_mean;logf0_std;logf0_p05;logf0_p50;logf0_p95;logf0_range;rms_mean;rms_std;duration_s;voiced_rate;energy_mean;energy_std,G->S,20,0.05,9,20,0.45,0.25,0.65,0.6,0.95,0.40528224206349206,0.7631956845238094,0.13580683999379162,0.34702834491981766,0.8,0.586656746031746,2.0,0.24913187802160602,0.30000000000000004,0.5761904761904761,0.9853006592837011,9
JVS_JVSMuSiC,wavlm_l12,12,71,60_20_20_speaker_disjoint,True,acoustic_full_plus_mode,mean_preserving,logf0_mean;logf0_std;logf0_p05;logf0_p50;logf0_p95;logf0_range;rms_mean;rms_std;duration_s;voiced_rate;energy_mean;energy_std;mode_dummy,S->G,20,0.05,5,20,0.25,0.1,0.45,0.25,0.65,0.24840899725274726,0.5734122023809524,0.0007336248188255334,0.002854982944671063,0.45,0.399520757020757,6.0,0.001958743436716548,0.1,0.5113095238095238,0.012343121371242605,10
JVS_JVSMuSiC,wavlm_l12,12,71,60_20_20_speaker_disjoint,True,acoustic_full_plus_mode,mean_preserving,logf0_mean;logf0_std;logf0_p05;logf0_p50;logf0_p95;logf0_range;rms_mean;rms_std;duration_s;voiced_rate;energy_mean;energy_std;mode_dummy,G->S,20,0.05,8,20,0.4,0.2,0.6,0.6,0.95,0.3891562499999999,0.7466875000000001,0.0005353321503993035,0.003006106938999409,0.8,0.57,2.0,0.0019587434367165702,0.25,0.5113095238095238,0.012343121371242605,10
JVS_JVSMuSiC,wavlm_l12,12,71,60_20_20_speaker_disjoint,True,acoustic_full_plus_mode,classic,logf0_mean;logf0_std;logf0_p05;logf0_p50;logf0_p95;logf0_range;rms_mean;rms_std;duration_s;voiced_rate;energy_mean;energy_std;mode_dummy,S->G,20,0.05,12,20,0.6,0.4,0.8,0.55,0.9012499999999989,0.501442135167464,0.8666761363636365,0.17800091213439434,0.3653412131711058,0.75,0.682725279106858,1.0,0.27480299916680095,0.44999999999999996,0.5113095238095238,0.9861911995751215,10
JVS_JVSMuSiC,wavlm_l12,12,71,60_20_20_speaker_disjoint,True,acoustic_full_plus_mode,classic,logf0_mean;logf0_std;logf0_p05;logf0_p50;logf0_p95;logf0_range;rms_mean;rms_std;duration_s;voiced_rate;energy_mean;energy_std;mode_dummy,G->S,20,0.05,11,20,0.55,0.35,0.75,0.55,0.9,0.47333374183006544,0.81875,0.18243344790376398,0.37186721854853105,0.75,0.6609967320261438,1.0,0.27480299916680095,0.4,0.5113095238095238,0.9861911995751215,10
JVS_JVSMuSiC,wavlm_l12,12,71,60_20_20_speaker_disjoint,True,single_group_f0,mean_preserving,logf0_mean;logf0_std;logf0_p05;logf0_p50;logf0_p95;logf0_range,S->G,20,0.05,2,20,0.1,0.0,0.25,0.15,0.55,0.12433425510355654,0.35320294197224344,-0.0006741566194512948,0.005214803406497373,0.35,0.22576404804345981,10.0,0.002116749475106522,-0.04999999999999999,1.0,0.0011298044429235432,5
JVS_JVSMuSiC,wavlm_l12,12,71,60_20_20_speaker_disjoint,True,single_group_f0,mean_preserving,logf0_mean;logf0_std;logf0_p05;logf0_p50;logf0_p95;logf0_range,G->S,20,0.05,1,20,0.05,0.0,0.15,0.15,0.55,0.14305102883227883,0.34821521534021527,-0.0003068796295405826,0.00443965215839805,0.35,0.23081224331224331,7.5,0.0021167494751064718,-0.09999999999999999,1.0,0.0011298044429235432,5
JVS_JVSMuSiC,wavlm_l12,12,71,60_20_20_speaker_disjoint,True,single_group_energy,mean_preserving,rms_mean;rms_std;energy_mean;energy_std,S->G,20,0.05,2,20,0.1,0.0,0.25,0.25,0.7,0.1854025297619048,0.4211160714285714,0.0013798513801512738,0.00502511395045138,0.5,0.2876686507936507,5.5,0.0034219359935315163,-0.04999999999999999,0.9315476190476191,0.007212323890365413,3
JVS_JVSMuSiC,wavlm_l12,12,71,60_20_20_speaker_disjoint,True,single_group_energy,mean_preserving,rms_mean;rms_std;energy_mean;energy_std,G->S,20,0.05,4,20,0.2,0.05,0.4,0.5,0.9,0.2749211786987522,0.5721659902597402,0.0017281984915372857,0.00522929155352304,0.7,0.40525448815889986,3.0,0.0034219359935315384,0.05000000000000002,0.9315476190476191,0.007212323890365413,3
JVS_JVSMuSiC,wavlm_l12,12,71,60_20_20_speaker_disjoint,True,single_group_duration,mean_preserving,duration_s,S->G,20,0.05,8,20,0.4,0.2,0.6,0.6,0.95,0.39038492063492064,0.7184166666666665,0.0022933561650898215,0.0041304576301066185,0.8,0.5554761904761905,2.0,0.003260194888252638,0.25,0.6476190476190476,0.008735815717654916,1
JVS_JVSMuSiC,wavlm_l12,12,71,60_20_20_speaker_disjoint,True,single_group_duration,mean_preserving,duration_s,G->S,20,0.05,9,20,0.45,0.25,0.65,0.65,1.0,0.4466562499999999,0.7662708333333335,0.0015387102147343225,0.004364355654039956,0.85,0.6120833333333333,2.0,0.0032601948882526655,0.30000000000000004,0.6476190476190476,0.008735815717654916,1
JVS_JVSMuSiC,wavlm_l12,12,71,60_20_20_speaker_disjoint,True,single_group_voicing,mean_preserving,voiced_rate,S->G,20,0.05,3,20,0.15,0.0,0.3,0.15,0.55,0.1412677322677323,0.41671953046953036,0.000278651125138675,0.005613679703710611,0.35,0.2674975024975025,8.5,0.0030762323950266402,0.0,1.0,0.0,0
JVS_JVSMuSiC,wavlm_l12,12,71,60_20_20_speaker_disjoint,True,single_group_voicing,mean_preserving,voiced_rate,G->S,20,0.05,3,20,0.15,0.0,0.3,0.15,0.55,0.18604117063492062,0.46470238095238087,0.0005606285367014856,0.005315021258225276,0.35,0.314781746031746,7.0,0.0030762323950266233,0.0,1.0,0.0,0
JVS_JVSMuSiC,wavlm_l12,12,71,60_20_20_speaker_disjoint,True,full_minus_f0,mean_preserving,rms_mean;rms_std;duration_s;voiced_rate;energy_mean;energy_std,S->G,20,0.05,7,20,0.35,0.15,0.6,0.45,0.85,0.3154960456210456,0.6513705044955044,0.001479872017142246,0.0034369310963758308,0.65,0.47601065601065606,4.5,0.002583849041015851,0.19999999999999998,0.5863095238095238,0.010605734552599944,4
JVS_JVSMuSiC,wavlm_l12,12,71,60_20_20_speaker_disjoint,True,full_minus_f0,mean_preserving,rms_mean;rms_std;duration_s;voiced_rate;energy_mean;energy_std,G->S,20,0.05,7,20,0.35,0.15,0.55,0.6,0.95,0.3800543831168831,0.696263933982684,0.0010950368877129047,0.003677085749395591,0.8,0.5387716450216451,2.0,0.002583849041015901,0.19999999999999998,0.5863095238095238,0.010605734552599944,4
JVS_JVSMuSiC,wavlm_l12,12,71,60_20_20_speaker_disjoint,True,full_minus_energy,mean_preserving,logf0_mean;logf0_std;logf0_p05;logf0_p50;logf0_p95;logf0_range;duration_s;voiced_rate,S->G,20,0.05,5,20,0.25,0.05,0.45,0.4,0.8,0.2562440476190476,0.5799151785714285,0.0014240119773674795,0.0030273080812962035,0.6,0.419047619047619,4.5,0.0022201767102269397,0.1,0.6464285714285715,0.009831199551844527,6
JVS_JVSMuSiC,wavlm_l12,12,71,60_20_20_speaker_disjoint,True,full_minus_energy,mean_preserving,logf0_mean;logf0_std;logf0_p05;logf0_p50;logf0_p95;logf0_range;duration_s;voiced_rate,G->S,20,0.05,8,20,0.4,0.2,0.6,0.5,0.9,0.36902840909090906,0.7070464015151516,0.0004368570170961818,0.0034203449521821956,0.7,0.5403787878787879,2.0,0.002220176710226951,0.25,0.6464285714285715,0.009831199551844527,6
JVS_JVSMuSiC,wavlm_l12,12,71,60_20_20_speaker_disjoint,True,full_minus_duration,mean_preserving,logf0_mean;logf0_std;logf0_p05;logf0_p50;logf0_p95;logf0_range;rms_mean;rms_std;voiced_rate;energy_mean;energy_std,S->G,20,0.05,2,20,0.1,0.0,0.25,0.15,0.55,0.1614134252185723,0.4029978779390544,0.00038604675788784176,0.004238967525048277,0.35,0.26482790085731256,8.0,0.002494977253931796,-0.04999999999999999,0.9315476190476191,0.008147535585559473,8
JVS_JVSMuSiC,wavlm_l12,12,71,60_20_20_speaker_disjoint,True,full_minus_duration,mean_preserving,logf0_mean;logf0_std;logf0_p05;logf0_p50;logf0_p95;logf0_range;rms_mean;rms_std;voiced_rate;energy_mean;energy_std,G->S,20,0.05,3,20,0.15,0.0,0.3,0.45,0.85,0.2236628787878788,0.4935350378787879,0.0009567334200876815,0.0042835173356635505,0.65,0.3430492424242424,4.0,0.0024949772539318072,0.0,0.9315476190476191,0.008147535585559473,8
JVS_JVSMuSiC,wavlm_l12,12,71,60_20_20_speaker_disjoint,True,full_minus_voicing,mean_preserving,logf0_mean;logf0_std;logf0_p05;logf0_p50;logf0_p95;logf0_range;rms_mean;rms_std;duration_s;energy_mean;energy_std,S->G,20,0.05,4,20,0.2,0.05,0.4,0.25,0.65,0.2240763888888889,0.5149880952380952,0.0007240774159427876,0.0026151681310425485,0.45,0.3653174603174603,6.0,0.0017657108962633617,0.05000000000000002,0.5761904761904761,0.011472943060928165,9
JVS_JVSMuSiC,wavlm_l12,12,71,60_20_20_speaker_disjoint,True,full_minus_voicing,mean_preserving,logf0_mean;logf0_std;logf0_p05;logf0_p50;logf0_p95;logf0_range;rms_mean;rms_std;duration_s;energy_mean;energy_std,G->S,20,0.05,6,20,0.3,0.1,0.5,0.55,0.95,0.3546714743589743,0.6754503205128205,5.983396552586233e-05,0.0029447166590922166,0.75,0.5000961538461539,2.5,0.0017657108962633838,0.15,0.5761904761904761,0.011472943060928165,9
JVS_JVSMuSiC,wavlm_l12,12,71,60_20_20_speaker_disjoint,True,row_shuffled_nuisance,mean_preserving,logf0_mean;logf0_std;logf0_p05;logf0_p50;logf0_p95;logf0_range;rms_mean;rms_std;duration_s;voiced_rate;energy_mean;energy_std,S->G,20,0.05,4,20,0.2,0.05,0.4,0.15,0.6,0.15958100233100236,0.47354653679653685,0.00034930569116312397,0.006058605032236092,0.35,0.30539738039738035,8.5,0.0032096641429164297,0.05000000000000002,1.0,0.0008764745632089399,9
JVS_JVSMuSiC,wavlm_l12,12,71,60_20_20_speaker_disjoint,True,row_shuffled_nuisance,mean_preserving,logf0_mean;logf0_std;logf0_p05;logf0_p50;logf0_p95;logf0_range;rms_mean;rms_std;duration_s;voiced_rate;energy_mean;energy_std,G->S,20,0.05,3,20,0.15,0.0,0.3,0.2,0.6,0.18907255244755244,0.4521572698135196,0.0010777892045440757,0.005289115369841942,0.4,0.31502039627039624,6.0,0.003209664142916413,0.0,1.0,0.0008764745632089399,9
JVS_JVSMuSiC,wavlm_l12,12,71,60_20_20_speaker_disjoint,True,random_gaussian_nuisance,mean_preserving,logf0_mean;logf0_std;logf0_p05;logf0_p50;logf0_p95;logf0_range;rms_mean;rms_std;duration_s;voiced_rate;energy_mean;energy_std,S->G,20,0.05,3,20,0.15,0.0,0.35,0.1987500000000001,0.65,0.15166519244644244,0.4153242469336219,-0.00022878413731711734,0.006591941274570126,0.4,0.2791591047841048,7.5,0.0032254034364201044,0.0,1.0,5.726776242886977e-06,12
JVS_JVSMuSiC,wavlm_l12,12,71,60_20_20_speaker_disjoint,True,random_gaussian_nuisance,mean_preserving,logf0_mean;logf0_std;logf0_p05;logf0_p50;logf0_p95;logf0_range;rms_mean;rms_std;duration_s;voiced_rate;energy_mean;energy_std,G->S,20,0.05,2,20,0.1,0.0,0.25,0.25,0.7,0.18491964285714285,0.4354866522366522,0.0008233319660279795,0.005784970197130059,0.45,0.2983946608946609,7.0,0.0032254034364201435,-0.04999999999999999,1.0,5.726776242886977e-06,12
JVS_JVSMuSiC,wavlm_l12,12,71,60_20_20_speaker_disjoint,True,random_low_rank_projection,mean_preserving,random_dir_0;random_dir_1;random_dir_2;random_dir_3;random_dir_4;random_dir_5;random_dir_6;random_dir_7;random_dir_8;random_dir_9;random_dir_10;random_dir_11,S->G,20,0.05,3,20,0.15,0.0,0.3,0.2,0.65,0.14755529886779886,0.41826860639360647,0.00031661214976674986,0.005859297424186092,0.4,0.2713436563436563,8.5,0.0030453887912859023,0.0,1.0,0.00020176327517906767,12
JVS_JVSMuSiC,wavlm_l12,12,71,60_20_20_speaker_disjoint,True,random_low_rank_projection,mean_preserving,random_dir_0;random_dir_1;random_dir_2;random_dir_3;random_dir_4;random_dir_5;random_dir_6;random_dir_7;random_dir_8;random_dir_9;random_dir_10;random_dir_11,G->S,20,0.05,3,20,0.15,0.0,0.3,0.15,0.55,0.19044139194139192,0.4608115079365078,0.0006743824116677156,0.005186101799376736,0.35,0.31495726495726495,7.0,0.0030453887912858914,0.0,1.0,0.00020176327517906767,12
JVS_JVSMuSiC,wavlm_l12,12,73,60_20_20_speaker_disjoint,True,raw,raw,,S->G,20,0.05,1,20,0.05,0.0,0.15,0.2,0.65,0.1641794871794872,0.37100595238095235,0.000479961307720707,0.004384646492045343,0.4,0.26087988400488393,8.5,0.002424763665211299,0.0,1.0,0.0,0
JVS_JVSMuSiC,wavlm_l12,12,73,60_20_20_speaker_disjoint,True,raw,raw,,G->S,20,0.05,4,20,0.2,0.05,0.4,0.4,0.8,0.24034375,0.5398125,0.0010370299026328746,0.003704858799871805,0.6,0.3833333333333333,5.0,0.0024247636652112935,0.0,1.0,0.0,0
JVS_JVSMuSiC,wavlm_l12,12,73,60_20_20_speaker_disjoint,True,center_only_classic,classic,,S->G,20,0.05,10,20,0.5,0.25,0.75,0.85,1.0,0.5188472222222222,0.8166666666666667,0.12475035875680467,0.18723375075763066,0.95,0.6672222222222222,1.5,0.15466550087294953,0.45,1.0,0.9736852533519812,0
JVS_JVSMuSiC,wavlm_l12,12,73,60_20_20_speaker_disjoint,True,center_only_classic,classic,,G->S,20,0.05,3,20,0.15,0.0,0.3,0.5,0.9,0.23100279581529579,0.4893333333333333,0.09683482537661132,0.21777626532002825,0.7,0.348255772005772,5.0,0.15466550087294953,-0.05000000000000002,1.0,0.9736852533519812,0
JVS_JVSMuSiC,wavlm_l12,12,73,60_20_20_speaker_disjoint,True,mode_dummy_only,mean_preserving,mode_dummy,S->G,20,0.05,8,20,0.4,0.2,0.6,0.65,0.95,0.43850245098039214,0.7474999999999999,0.0017029884228405767,0.003212416449792165,0.8,0.5926206636500754,2.0,0.002485958357783968,0.35000000000000003,0.7274725274725274,0.008823704389293252,1
JVS_JVSMuSiC,wavlm_l12,12,73,60_20_20_speaker_disjoint,True,mode_dummy_only,mean_preserving,mode_dummy,G->S,20,0.05,13,20,0.65,0.4487500000000001,0.85,0.85,1.0,0.6143333333333334,0.9055555555555556,0.0021336037334479417,0.0028284961787973474,0.95,0.7655555555555555,1.0,0.0024859583577839794,0.45,0.7274725274725274,0.008823704389293252,1
JVS_JVSMuSiC,wavlm_l12,12,73,60_20_20_speaker_disjoint,True,mode_dummy_only,classic,mode_dummy,S->G,20,0.05,16,20,0.8,0.6,0.95,0.7,1.0,0.7011904761904761,0.975,0.3100304715406436,0.3951479314180934,0.85,0.8476190476190476,1.0,0.3548280632698411,0.75,0.7274725274725274,0.9826002441910636,1
JVS_JVSMuSiC,wavlm_l12,12,73,60_20_20_speaker_disjoint,True,mode_dummy_only,classic,mode_dummy,G->S,20,0.05,14,20,0.7,0.5,0.9,0.85,1.0,0.6599999999999999,0.925,0.3074821927972059,0.397323136545847,0.95,0.805,1.0,0.354828063269841,0.49999999999999994,0.7274725274725274,0.9826002441910636,1
JVS_JVSMuSiC,wavlm_l12,12,73,60_20_20_speaker_disjoint,True,acoustic_full_no_mode,mean_preserving,logf0_mean;logf0_std;logf0_p05;logf0_p50;logf0_p95;logf0_range;rms_mean;rms_std;duration_s;voiced_rate;energy_mean;energy_std,S->G,20,0.05,6,20,0.3,0.1,0.5,0.4,0.8,0.305171574770259,0.6477698412698412,-0.0012739494012225568,0.0029594013494214947,0.6,0.47282999164578116,2.5,0.0013358088228779485,0.25,0.5538461538461539,0.01205785113564184,9
JVS_JVSMuSiC,wavlm_l12,12,73,60_20_20_speaker_disjoint,True,acoustic_full_no_mode,mean_preserving,logf0_mean;logf0_std;logf0_p05;logf0_p50;logf0_p95;logf0_range;rms_mean;rms_std;duration_s;voiced_rate;energy_mean;energy_std,G->S,20,0.05,13,20,0.65,0.45,0.85,0.7,1.0,0.5469236111111111,0.8805625,0.0005154320756032668,0.001962449942963792,0.85,0.7180555555555556,1.0,0.0013358088228779263,0.45,0.5538461538461539,0.01205785113564184,9
JVS_JVSMuSiC,wavlm_l12,12,73,60_20_20_speaker_disjoint,True,acoustic_full_no_mode,classic,logf0_mean;logf0_std;logf0_p05;logf0_p50;logf0_p95;logf0_range;rms_mean;rms_std;duration_s;voiced_rate;energy_mean;energy_std,S->G,20,0.05,11,20,0.55,0.35,0.75,0.65,1.0,0.522736111111111,0.8417361111111111,0.17359424456858996,0.3330862440695579,0.85,0.6877777777777778,1.0,0.2572218165619091,0.5,0.5538461538461539,0.9851366774416863,9
JVS_JVSMuSiC,wavlm_l12,12,73,60_20_20_speaker_disjoint,True,acoustic_full_no_mode,classic,logf0_mean;logf0_std;logf0_p05;logf0_p50;logf0_p95;logf0_range;rms_mean;rms_std;duration_s;voiced_rate;energy_mean;energy_std,G->S,20,0.05,12,20,0.6,0.35,0.8,0.85,1.0,0.5608333333333333,0.8583333333333332,0.17656274602178357,0.3256269002712808,0.95,0.7183333333333334,1.0,0.25722181656190907,0.39999999999999997,0.5538461538461539,0.9851366774416863,9
JVS_JVSMuSiC,wavlm_l12,12,73,60_20_20_speaker_disjoint,True,acoustic_full_plus_mode,mean_preserving,logf0_mean;logf0_std;logf0_p05;logf0_p50;logf0_p95;logf0_range;rms_mean;rms_std;duration_s;voiced_rate;energy_mean;energy_std;mode_dummy,S->G,20,0.05,7,20,0.35,0.15,0.6,0.4,0.8,0.32225328125821545,0.6631188186813187,-0.0010748517436012027,0.002831764346968125,0.6,0.48822556829135777,3.0,0.0013260930200575283,0.3,0.567032967032967,0.012910376816262503,10
JVS_JVSMuSiC,wavlm_l12,12,73,60_20_20_speaker_disjoint,True,acoustic_full_plus_mode,mean_preserving,logf0_mean;logf0_std;logf0_p05;logf0_p50;logf0_p95;logf0_range;rms_mean;rms_std;duration_s;voiced_rate;energy_mean;energy_std;mode_dummy,G->S,20,0.05,11,20,0.55,0.35,0.75,0.6,0.95,0.5057395833333334,0.8180416666666664,0.0003914414601139101,0.0019971275650242136,0.8,0.6645833333333334,1.0,0.0013260930200575504,0.35000000000000003,0.567032967032967,0.012910376816262503,10
JVS_JVSMuSiC,wavlm_l12,12,73,60_20_20_speaker_disjoint,True,acoustic_full_plus_mode,classic,logf0_mean;logf0_std;logf0_p05;logf0_p50;logf0_p95;logf0_range;rms_mean;rms_std;duration_s;voiced_rate;energy_mean;energy_std;mode_dummy,S->G,20,0.05,13,20,0.65,0.45,0.85,0.75,1.0,0.5741041666666667,0.89,0.1607854951608477,0.33831099984811325,0.9,0.7358333333333333,1.0,0.2573328372762841,0.6,0.567032967032967,0.9860252543581661,10
JVS_JVSMuSiC,wavlm_l12,12,73,60_20_20_speaker_disjoint,True,acoustic_full_plus_mode,classic,logf0_mean;logf0_std;logf0_p05;logf0_p50;logf0_p95;logf0_range;rms_mean;rms_std;duration_s;voiced_rate;energy_mean;energy_std;mode_dummy,G->S,20,0.05,11,20,0.55,0.35,0.75,0.7,1.0,0.5262574404761906,0.8317083333333333,0.16922552086369602,0.33046437897716785,0.85,0.6867261904761904,1.0,0.257332837276284,0.35000000000000003,0.567032967032967,0.9860252543581661,10
JVS_JVSMuSiC,wavlm_l12,12,73,60_20_20_speaker_disjoint,True,single_group_f0,mean_preserving,logf0_mean;logf0_std;logf0_p05;logf0_p50;logf0_p95;logf0_range,S->G,20,0.05,1,20,0.05,0.0,0.15,0.15,0.55,0.14115411661459457,0.3442282037815126,-0.0005202927602443498,0.003731179434027294,0.35,0.2369857430151548,9.5,0.001546505034329615,0.0,1.0,0.0012453597193703425,5
JVS_JVSMuSiC,wavlm_l12,12,73,60_20_20_speaker_disjoint,True,single_group_f0,mean_preserving,logf0_mean;logf0_std;logf0_p05;logf0_p50;logf0_p95;logf0_range,G->S,20,0.05,4,20,0.2,0.05,0.35,0.3,0.7,0.19114080007002804,0.47772540266106434,0.00020150704152695906,0.002975633788980755,0.5,0.3263455702793938,5.0,0.0015465050343296538,0.0,1.0,0.0012453597193703425,5
JVS_JVSMuSiC,wavlm_l12,12,73,60_20_20_speaker_disjoint,True,single_group_energy,mean_preserving,rms_mean;rms_std;energy_mean;energy_std,S->G,20,0.05,2,20,0.1,0.0,0.25,0.2,0.6,0.13678323412698415,0.3761240079365078,-0.0020192920729238694,0.004627199701603008,0.4,0.24356150793650788,8.0,0.0018289060351541597,0.05,0.8934065934065935,0.007845283799649994,3
JVS_JVSMuSiC,wavlm_l12,12,73,60_20_20_speaker_disjoint,True,single_group_energy,mean_preserving,rms_mean;rms_std;energy_mean;energy_std,G->S,20,0.05,4,20,0.2,0.05,0.4,0.45,0.85,0.2527688492063491,0.5439236111111111,0.00035178483155785096,0.0032095540727821855,0.65,0.3899206349206349,4.0,0.001828906035154132,0.0,0.8934065934065935,0.007845283799649994,3
JVS_JVSMuSiC,wavlm_l12,12,73,60_20_20_speaker_disjoint,True,single_group_duration,mean_preserving,duration_s,S->G,20,0.05,9,20,0.45,0.25,0.65,0.7,1.0,0.48811284722222226,0.7968159722222222,0.0018057277484416663,0.003169826120904747,0.85,0.6415972222222222,2.0,0.0025419384447203652,0.4,0.6434065934065935,0.008642127595801519,1
JVS_JVSMuSiC,wavlm_l12,12,73,60_20_20_speaker_disjoint,True,single_group_duration,mean_preserving,duration_s,G->S,20,0.05,14,20,0.7,0.45,0.9,0.7,1.0,0.6138888888888889,0.9222222222222222,0.0021607069105889767,0.002917209007104805,0.85,0.7722222222222223,1.0,0.002541938444720343,0.49999999999999994,0.6434065934065935,0.008642127595801519,1
JVS_JVSMuSiC,wavlm_l12,12,73,60_20_20_speaker_disjoint,True,single_group_voicing,mean_preserving,voiced_rate,S->G,20,0.05,1,20,0.05,0.0,0.15,0.2,0.6,0.16459126984126984,0.3725224168192917,0.0005024070104233217,0.004287916661533773,0.4,0.26087988400488393,8.5,0.002424763665211299,0.0,1.0,0.0,0
JVS_JVSMuSiC,wavlm_l12,12,73,60_20_20_speaker_disjoint,True,single_group_voicing,mean_preserving,voiced_rate,G->S,20,0.05,4,20,0.2,0.05,0.4,0.4,0.8,0.24693749999999998,0.5421614583333333,0.0009741994676621192,0.0037237715858127003,0.6,0.3833333333333333,5.0,0.0024247636652112935,0.0,1.0,0.0,0
JVS_JVSMuSiC,wavlm_l12,12,73,60_20_20_speaker_disjoint,True,full_minus_f0,mean_preserving,rms_mean;rms_std;duration_s;voiced_rate;energy_mean;energy_std,S->G,20,0.05,4,20,0.2,0.05,0.35,0.55,0.95,0.3119409722222222,0.58796875,-0.0004285468390637462,0.0035964968552567697,0.75,0.44861111111111107,2.0,0.0019863723791223977,0.15000000000000002,0.5791208791208792,0.01146466092298759,4
JVS_JVSMuSiC,wavlm_l12,12,73,60_20_20_speaker_disjoint,True,full_minus_f0,mean_preserving,rms_mean;rms_std;duration_s;voiced_rate;energy_mean;energy_std,G->S,20,0.05,12,20,0.6,0.35,0.8,0.75,1.0,0.5677351190476191,0.8751041666666666,0.0012098923015605922,0.002586328934022139,0.9,0.7304761904761905,1.0,0.001986372379122392,0.39999999999999997,0.5791208791208792,0.01146466092298759,4
JVS_JVSMuSiC,wavlm_l12,12,73,60_20_20_speaker_disjoint,True,full_minus_energy,mean_preserving,logf0_mean;logf0_std;logf0_p05;logf0_p50;logf0_p95;logf0_range;duration_s;voiced_rate,S->G,20,0.05,7,20,0.35,0.15,0.55,0.5,0.8512499999999988,0.3799186507936508,0.6921726190476191,0.0007222009312241763,0.0022342636750186254,0.7,0.5378968253968254,2.0,0.0015823815522382546,0.3,0.6395604395604395,0.009910323363519047,6
JVS_JVSMuSiC,wavlm_l12,12,73,60_20_20_speaker_disjoint,True,full_minus_energy,mean_preserving,logf0_mean;logf0_std;logf0_p05;logf0_p50;logf0_p95;logf0_range;duration_s;voiced_rate,G->S,20,0.05,13,20,0.65,0.45,0.85,0.6,0.95,0.5524583333333333,0.8899999999999999,0.0011042540673733895,0.002007687097517899,0.8,0.7290277777777777,1.0,0.0015823815522382045,0.45,0.6395604395604395,0.009910323363519047,6
JVS_JVSMuSiC,wavlm_l12,12,73,60_20_20_speaker_disjoint,True,full_minus_duration,mean_preserving,logf0_mean;logf0_std;logf0_p05;logf0_p50;logf0_p95;logf0_range;rms_mean;rms_std;voiced_rate;energy_mean;energy_std,S->G,20,0.05,2,20,0.1,0.0,0.25,0.2,0.6,0.1297017045454546,0.3614603625541124,-0.002144726460268477,0.0040025212790317025,0.4,0.2300811688311688,8.0,0.0013234698094547136,0.05,0.8884615384615384,0.008544825517405763,8
JVS_JVSMuSiC,wavlm_l12,12,73,60_20_20_speaker_disjoint,True,full_minus_duration,mean_preserving,logf0_mean;logf0_std;logf0_p05;logf0_p50;logf0_p95;logf0_range;rms_mean;rms_std;voiced_rate;energy_mean;energy_std,G->S,20,0.05,3,20,0.15,0.0,0.3,0.4,0.8,0.21795813103949713,0.4842259416924664,0.00014706279346065655,0.002486355020232349,0.6,0.34441645557744627,4.5,0.0013234698094546748,-0.05000000000000002,0.8884615384615384,0.008544825517405763,8
JVS_JVSMuSiC,wavlm_l12,12,73,60_20_20_speaker_disjoint,True,full_minus_voicing,mean_preserving,logf0_mean;logf0_std;logf0_p05;logf0_p50;logf0_p95;logf0_range;rms_mean;rms_std;duration_s;energy_mean;energy_std,S->G,20,0.05,6,20,0.3,0.1,0.5,0.3987500000000001,0.8,0.30809388053467,0.6253061821219715,-0.001397928596059495,0.0029824977504020233,0.6,0.47282999164578116,2.5,0.0013358088228780096,0.25,0.5538461538461539,0.012057851135642172,9
JVS_JVSMuSiC,wavlm_l12,12,73,60_20_20_speaker_disjoint,True,full_minus_voicing,mean_preserving,logf0_mean;logf0_std;logf0_p05;logf0_p50;logf0_p95;logf0_range;rms_mean;rms_std;duration_s;energy_mean;energy_std,G->S,20,0.05,13,20,0.65,0.45,0.85,0.7,1.0,0.5240138888888889,0.8775138888888889,0.0005050653448487613,0.0019114028615122719,0.85,0.7180555555555556,1.0,0.0013358088228779263,0.45,0.5538461538461539,0.012057851135642172,9
JVS_JVSMuSiC,wavlm_l12,12,73,60_20_20_speaker_disjoint,True,row_shuffled_nuisance,mean_preserving,logf0_mean;logf0_std;logf0_p05;logf0_p50;logf0_p95;logf0_range;rms_mean;rms_std;duration_s;voiced_rate;energy_mean;energy_std,S->G,20,0.05,1,20,0.05,0.0,0.15,0.25,0.7,0.16317651098901098,0.37353323412698414,0.0007654437520178157,0.004501223293352161,0.45,0.255879884004884,8.5,0.00252626032866069,0.0,1.0,0.0005811294042650239,9
JVS_JVSMuSiC,wavlm_l12,12,73,60_20_20_speaker_disjoint,True,row_shuffled_nuisance,mean_preserving,logf0_mean;logf0_std;logf0_p05;logf0_p50;logf0_p95;logf0_range;rms_mean;rms_std;duration_s;voiced_rate;energy_mean;energy_std,G->S,20,0.05,3,20,0.15,0.0,0.3,0.4,0.8,0.2211539325075509,0.47308400106837606,0.0007936252272649264,0.004113638874752213,0.6,0.33659939110597,4.5,0.002526260328660712,-0.05000000000000002,1.0,0.0005811294042650239,9
JVS_JVSMuSiC,wavlm_l12,12,73,60_20_20_speaker_disjoint,True,random_gaussian_nuisance,mean_preserving,logf0_mean;logf0_std;logf0_p05;logf0_p50;logf0_p95;logf0_range;rms_mean;rms_std;duration_s;voiced_rate;energy_mean;energy_std,S->G,20,0.05,3,20,0.15,0.0,0.30124999999999885,0.24875000000000008,0.65,0.15747848230201172,0.44031243633817163,0.0003240379311667738,0.00457078059098193,0.45,0.28546282149223323,6.0,0.002435065264640651,0.09999999999999999,1.0,0.0004250676716884838,12
JVS_JVSMuSiC,wavlm_l12,12,73,60_20_20_speaker_disjoint,True,random_gaussian_nuisance,mean_preserving,logf0_mean;logf0_std;logf0_p05;logf0_p50;logf0_p95;logf0_range;rms_mean;rms_std;duration_s;voiced_rate;energy_mean;energy_std,G->S,20,0.05,4,20,0.2,0.05,0.4,0.15,0.6,0.17385530834297283,0.4740910760474904,0.0007044196079042306,0.004249003458146902,0.35,0.3187861882269777,7.5,0.0024350652646406455,0.0,1.0,0.0004250676716884838,12
JVS_JVSMuSiC,wavlm_l12,12,73,60_20_20_speaker_disjoint,True,random_low_rank_projection,mean_preserving,random_dir_0;random_dir_1;random_dir_2;random_dir_3;random_dir_4;random_dir_5;random_dir_6;random_dir_7;random_dir_8;random_dir_9;random_dir_10;random_dir_11,S->G,20,0.05,1,20,0.05,0.0,0.15,0.2,0.6,0.16533928571428574,0.3773993055555555,0.0005062526796729688,0.00434353291121308,0.4,0.2612400793650793,8.5,0.0024125674825726307,0.0,1.0,0.00019201698667448142,12
JVS_JVSMuSiC,wavlm_l12,12,73,60_20_20_speaker_disjoint,True,random_low_rank_projection,mean_preserving,random_dir_0;random_dir_1;random_dir_2;random_dir_3;random_dir_4;random_dir_5;random_dir_6;random_dir_7;random_dir_8;random_dir_9;random_dir_10;random_dir_11,G->S,20,0.05,4,20,0.2,0.05,0.4,0.4,0.8,0.23624479166666665,0.5310503472222222,0.0009993548222836518,0.003664538529827897,0.6,0.3833333333333333,5.0,0.0024125674825726307,0.0,1.0,0.00019201698667448142,12
JVS_JVSMuSiC,wavlm_l12,12,79,60_20_20_speaker_disjoint,True,raw,raw,,S->G,20,0.05,2,20,0.1,0.0,0.25,0.2,0.6,0.13624640892196038,0.3817175324675325,-7.161962066138353e-05,0.005722449823100323,0.4,0.24589322442263617,8.0,0.0028350024175302856,0.0,1.0,0.0,0
JVS_JVSMuSiC,wavlm_l12,12,79,60_20_20_speaker_disjoint,True,raw,raw,,G->S,20,0.05,3,20,0.15,0.0,0.3,0.3,0.75,0.1800692493780729,0.4549041571173924,0.0007320952939407713,0.004690505918580648,0.5,0.3051423086717204,6.0,0.0028350024175303025,0.0,1.0,0.0,0
JVS_JVSMuSiC,wavlm_l12,12,79,60_20_20_speaker_disjoint,True,center_only_classic,classic,,S->G,20,0.05,6,20,0.3,0.1,0.55,0.7,1.0,0.3957083333333334,0.683625,0.11176093088750995,0.19282178666593144,0.85,0.5332142857142858,2.0,0.1510460432521425,0.19999999999999998,1.0,0.9737272515635622,0
JVS_JVSMuSiC,wavlm_l12,12,79,60_20_20_speaker_disjoint,True,center_only_classic,classic,,G->S,20,0.05,3,20,0.15,0.0,0.35,0.4,0.8,0.2020347222222222,0.46938194444444437,0.09393190979202787,0.21292234046605865,0.6,0.32793650793650786,4.0,0.1510460432521425,0.0,1.0,0.9737272515635622,0
JVS_JVSMuSiC,wavlm_l12,12,79,60_20_20_speaker_disjoint,True,mode_dummy_only,mean_preserving,mode_dummy,S->G,20,0.05,7,20,0.35,0.15,0.55,0.4,0.85,0.33992519459706955,0.68090625,0.0020065880973716803,0.0038736087360459336,0.65,0.5104830586080586,2.5,0.002904743273081156,0.24999999999999997,0.5226744186046511,0.008913134553028002,1
JVS_JVSMuSiC,wavlm_l12,12,79,60_20_20_speaker_disjoint,True,mode_dummy_only,mean_preserving,mode_dummy,G->S,20,0.05,12,20,0.6,0.3987500000000001,0.8,0.65,0.95,0.505156746031746,0.8560466269841269,0.0016975103291556348,0.0038034974424985754,0.8,0.6868650793650793,1.0,0.002904743273081123,0.44999999999999996,0.5226744186046511,0.008913134553028002,1
JVS_JVSMuSiC,wavlm_l12,12,79,60_20_20_speaker_disjoint,True,mode_dummy_only,classic,mode_dummy,S->G,20,0.05,13,20,0.65,0.4,0.85,0.65,1.0,0.5592827380952381,0.8808660714285714,0.2785850853032125,0.41736101977483225,0.85,0.7254761904761905,1.0,0.35185353579282974,0.55,0.5226744186046511,0.982648052054134,1
JVS_JVSMuSiC,wavlm_l12,12,79,60_20_20_speaker_disjoint,True,mode_dummy_only,classic,mode_dummy,G->S,20,0.05,13,20,0.65,0.45,0.85,0.7,1.0,0.6160277777777778,0.9055555555555556,0.2898059190747195,0.41431587011091986,0.85,0.768888888888889,1.0,0.3518535357928297,0.5,0.5226744186046511,0.982648052054134,1
JVS_JVSMuSiC,wavlm_l12,12,79,60_20_20_speaker_disjoint,True,acoustic_full_no_mode,mean_preserving,logf0_mean;logf0_std;logf0_p05;logf0_p50;logf0_p95;logf0_range;rms_mean;rms_std;duration_s;voiced_rate;energy_mean;energy_std,S->G,20,0.05,4,20,0.2,0.05,0.4,0.3,0.7,0.2258820810521178,0.5226159401260503,0.0010401133634226805,0.0023534555572522035,0.5,0.36581004371445547,5.0,0.00171166333173437,0.1,0.5680232558139535,0.011848449913155146,9
JVS_JVSMuSiC,wavlm_l12,12,79,60_20_20_speaker_disjoint,True,acoustic_full_no_mode,mean_preserving,logf0_mean;logf0_std;logf0_p05;logf0_p50;logf0_p95;logf0_range;rms_mean;rms_std;duration_s;voiced_rate;energy_mean;energy_std,G->S,20,0.05,9,20,0.45,0.25,0.65,0.6,0.95,0.42832399891774886,0.7687604166666667,0.00035051065614337987,0.0025989166421512425,0.8,0.6012716450216451,2.0,0.001711663331734381,0.30000000000000004,0.5680232558139535,0.011848449913155146,9
JVS_JVSMuSiC,wavlm_l12,12,79,60_20_20_speaker_disjoint,True,acoustic_full_no_mode,classic,logf0_mean;logf0_std;logf0_p05;logf0_p50;logf0_p95;logf0_range;rms_mean;rms_std;duration_s;voiced_rate;energy_mean;energy_std,S->G,20,0.05,12,20,0.6,0.4,0.8,0.7,1.0,0.5417872807017543,0.8517083333333334,0.19373550330531458,0.3317688910912849,0.85,0.7001315789473683,1.0,0.266938235621876,0.5,0.5680232558139535,0.9853036515308512,9
JVS_JVSMuSiC,wavlm_l12,12,79,60_20_20_speaker_disjoint,True,acoustic_full_no_mode,classic,logf0_mean;logf0_std;logf0_p05;logf0_p50;logf0_p95;logf0_range;rms_mean;rms_std;duration_s;voiced_rate;energy_mean;energy_std,G->S,20,0.05,10,20,0.5,0.3,0.7,0.75,1.0,0.5135776515151514,0.8166666666666668,0.19677689761768188,0.33593934470380243,0.9,0.6670454545454546,1.5,0.2669382356218761,0.35,0.5680232558139535,0.9853036515308512,9
JVS_JVSMuSiC,wavlm_l12,12,79,60_20_20_speaker_disjoint,True,acoustic_full_plus_mode,mean_preserving,logf0_mean;logf0_std;logf0_p05;logf0_p50;logf0_p95;logf0_range;rms_mean;rms_std;duration_s;voiced_rate;energy_mean;energy_std;mode_dummy,S->G,20,0.05,5,20,0.25,0.1,0.45,0.35,0.75,0.2541891788766789,0.5715178571428571,0.0012258755093115103,0.0024986302537424714,0.55,0.397020757020757,4.5,0.001852025558522896,0.15,0.49709302325581395,0.012692148555475069,10
JVS_JVSMuSiC,wavlm_l12,12,79,60_20_20_speaker_disjoint,True,acoustic_full_plus_mode,mean_preserving,logf0_mean;logf0_std;logf0_p05;logf0_p50;logf0_p95;logf0_range;rms_mean;rms_std;duration_s;voiced_rate;energy_mean;energy_std;mode_dummy,G->S,20,0.05,10,20,0.5,0.25,0.7,0.7,1.0,0.49206006493506493,0.8097237554112553,0.0006861585341203011,0.0026919681839814363,0.85,0.657521645021645,1.5,0.0018520255585229295,0.35,0.49709302325581395,0.012692148555475069,10
JVS_JVSMuSiC,wavlm_l12,12,79,60_20_20_speaker_disjoint,True,acoustic_full_plus_mode,classic,logf0_mean;logf0_std;logf0_p05;logf0_p50;logf0_p95;logf0_range;rms_mean;rms_std;duration_s;voiced_rate;energy_mean;energy_std;mode_dummy,S->G,20,0.05,12,20,0.6,0.4,0.8,0.75,1.0,0.5691458333333332,0.8791666666666667,0.20650591575889082,0.3484703840235367,0.9,0.7316666666666667,1.0,0.28219589894918345,0.5,0.49709302325581395,0.9861908236009078,10
JVS_JVSMuSiC,wavlm_l12,12,79,60_20_20_speaker_disjoint,True,acoustic_full_plus_mode,classic,logf0_mean;logf0_std;logf0_p05;logf0_p50;logf0_p95;logf0_range;rms_mean;rms_std;duration_s;voiced_rate;energy_mean;energy_std;mode_dummy,G->S,20,0.05,11,20,0.55,0.35,0.75,0.75,1.0,0.581625,0.8588958333333332,0.20183343520304314,0.3508834534580619,0.9,0.7254166666666666,1.0,0.28219589894918357,0.4,0.49709302325581395,0.9861908236009078,10
JVS_JVSMuSiC,wavlm_l12,12,79,60_20_20_speaker_disjoint,True,single_group_f0,mean_preserving,logf0_mean;logf0_std;logf0_p05;logf0_p50;logf0_p95;logf0_range,S->G,20,0.05,2,20,0.1,0.0,0.25,0.2,0.6,0.11038674693362195,0.35504319985569976,-0.0012629399753277014,0.00500257000757494,0.4,0.2248430735930736,10.0,0.0019639571856076175,0.0,1.0,0.0012818417649185232,5
JVS_JVSMuSiC,wavlm_l12,12,79,60_20_20_speaker_disjoint,True,single_group_f0,mean_preserving,logf0_mean;logf0_std;logf0_p05;logf0_p50;logf0_p95;logf0_range,G->S,20,0.05,3,20,0.15,0.0,0.3,0.2,0.6,0.15878622755920554,0.4432381257427212,-0.0002647684487310793,0.003771825650804044,0.4,0.2868517103811221,7.5,0.0019639571856076344,0.0,1.0,0.0012818417649185232,5
JVS_JVSMuSiC,wavlm_l12,12,79,60_20_20_speaker_disjoint,True,single_group_energy,mean_preserving,rms_mean;rms_std;energy_mean;energy_std,S->G,20,0.05,4,20,0.2,0.05,0.35,0.35,0.75,0.22060234557109556,0.5162234848484847,0.0015570058630275676,0.004471498988710226,0.55,0.3633916083916084,4.5,0.003029700036521449,0.1,0.8773255813953489,0.007590519231756465,3
JVS_JVSMuSiC,wavlm_l12,12,79,60_20_20_speaker_disjoint,True,single_group_energy,mean_preserving,rms_mean;rms_std;energy_mean;energy_std,G->S,20,0.05,8,20,0.4,0.2,0.6,0.55,0.9,0.37609517045454544,0.6927329545454545,0.0017030447451382186,0.00433384870632258,0.75,0.5372782976827095,2.5,0.0030297000365215156,0.25,0.8773255813953489,0.007590519231756465,3
JVS_JVSMuSiC,wavlm_l12,12,79,60_20_20_speaker_disjoint,True,single_group_duration,mean_preserving,duration_s,S->G,20,0.05,7,20,0.35,0.15,0.55,0.55,0.9,0.3677885378510379,0.6891933760683759,0.001973503001259735,0.00406512811215635,0.75,0.520989010989011,2.5,0.003050249738589211,0.24999999999999997,0.6063953488372092,0.008687013611806682,1
JVS_JVSMuSiC,wavlm_l12,12,79,60_20_20_speaker_disjoint,True,single_group_duration,mean_preserving,duration_s,G->S,20,0.05,12,20,0.6,0.4,0.8,0.55,0.95,0.5131676587301587,0.8558660714285714,0.001711527738021842,0.0041803983211311764,0.75,0.6818650793650793,1.0,0.003050249738589239,0.44999999999999996,0.6063953488372092,0.008687013611806682,1
JVS_JVSMuSiC,wavlm_l12,12,79,60_20_20_speaker_disjoint,True,single_group_voicing,mean_preserving,voiced_rate,S->G,20,0.05,2,20,0.1,0.0,0.25,0.2,0.65,0.14278015366985955,0.37321014830757476,-7.645867075326077e-05,0.005677161195127932,0.4,0.24589322442263617,8.0,0.0028350024175302856,0.0,1.0,0.0,0
JVS_JVSMuSiC,wavlm_l12,12,79,60_20_20_speaker_disjoint,True,single_group_voicing,mean_preserving,voiced_rate,G->S,20,0.05,3,20,0.15,0.0,0.3,0.3,0.7,0.17779607647254703,0.45280415295488824,0.0006096067529124971,0.004692696249761929,0.5,0.3051423086717204,6.0,0.0028350024175303025,0.0,1.0,0.0,0
JVS_JVSMuSiC,wavlm_l12,12,79,60_20_20_speaker_disjoint,True,full_minus_f0,mean_preserving,rms_mean;rms_std;duration_s;voiced_rate;energy_mean;energy_std,S->G,20,0.05,7,20,0.35,0.15,0.5512499999999989,0.55,0.95,0.3496729312354312,0.6684821428571428,0.0018917897330953345,0.003114062780729586,0.75,0.5072011322011322,3.0,0.002467905356744876,0.24999999999999997,0.5784883720930233,0.010843406967769309,4
JVS_JVSMuSiC,wavlm_l12,12,79,60_20_20_speaker_disjoint,True,full_minus_f0,mean_preserving,rms_mean;rms_std;duration_s;voiced_rate;energy_mean;energy_std,G->S,20,0.05,11,20,0.55,0.35,0.75,0.7,1.0,0.5051805555555555,0.8293263888888887,0.0010904532334073743,0.003353889244701529,0.85,0.6738888888888888,1.0,0.0024679053567448874,0.4,0.5784883720930233,0.010843406967769309,4
JVS_JVSMuSiC,wavlm_l12,12,79,60_20_20_speaker_disjoint,True,full_minus_energy,mean_preserving,logf0_mean;logf0_std;logf0_p05;logf0_p50;logf0_p95;logf0_range;duration_s;voiced_rate,S->G,20,0.05,5,20,0.25,0.05,0.45,0.35,0.75,0.24962081403074055,0.5656453777023629,0.0011328726023932928,0.003085802394741209,0.55,0.3976374524168642,5.0,0.0020831080933758463,0.15,0.6058139534883721,0.009943388761555094,6
JVS_JVSMuSiC,wavlm_l12,12,79,60_20_20_speaker_disjoint,True,full_minus_energy,mean_preserving,logf0_mean;logf0_std;logf0_p05;logf0_p50;logf0_p95;logf0_range;duration_s;voiced_rate,G->S,20,0.05,10,20,0.5,0.3,0.7,0.5,0.85,0.40736509844322344,0.7823305288461538,0.0004624762907110848,0.00319918110456035,0.7,0.5949473443223443,1.5,0.002083108093375902,0.35,0.6058139534883721,0.009943388761555094,6
JVS_JVSMuSiC,wavlm_l12,12,79,60_20_20_speaker_disjoint,True,full_minus_duration,mean_preserving,logf0_mean;logf0_std;logf0_p05;logf0_p50;logf0_p95;logf0_range;rms_mean;rms_std;voiced_rate;energy_mean;energy_std,S->G,20,0.05,3,20,0.15,0.0,0.3,0.25,0.65,0.18704931139122316,0.4613472222222222,0.0008701859649954635,0.0037022663503491473,0.45,0.31456816059757237,6.0,0.002311152796329441,0.04999999999999999,0.8651162790697674,0.00866239265162616,8
JVS_JVSMuSiC,wavlm_l12,12,79,60_20_20_speaker_disjoint,True,full_minus_duration,mean_preserving,logf0_mean;logf0_std;logf0_p05;logf0_p50;logf0_p95;logf0_range;rms_mean;rms_std;voiced_rate;energy_mean;energy_std,G->S,20,0.05,5,20,0.25,0.1,0.45,0.55,0.9,0.2866447866826156,0.5923953598484848,0.0010026988879045142,0.00347374217336583,0.75,0.43919092238171187,3.0,0.002311152796329424,0.1,0.8651162790697674,0.00866239265162616,8
JVS_JVSMuSiC,wavlm_l12,12,79,60_20_20_speaker_disjoint,True,full_minus_voicing,mean_preserving,logf0_mean;logf0_std;logf0_p05;logf0_p50;logf0_p95;logf0_range;rms_mean;rms_std;duration_s;energy_mean;energy_std,S->G,20,0.05,4,20,0.2,0.05,0.4,0.3,0.7,0.23048613763687292,0.5348851699770816,0.0011078240617929005,0.0023774092605705257,0.5,0.36581004371445547,5.0,0.001711663331734381,0.1,0.5680232558139535,0.011848449913155146,9
JVS_JVSMuSiC,wavlm_l12,12,79,60_20_20_speaker_disjoint,True,full_minus_voicing,mean_preserving,logf0_mean;logf0_std;logf0_p05;logf0_p50;logf0_p95;logf0_range;rms_mean;rms_std;duration_s;energy_mean;energy_std,G->S,20,0.05,9,20,0.45,0.25,0.65,0.6,0.95,0.43501920995670995,0.7563764880952379,0.0003067501200744248,0.002602388077161545,0.8,0.6012716450216451,2.0,0.0017116633317344088,0.30000000000000004,0.5680232558139535,0.011848449913155146,9
JVS_JVSMuSiC,wavlm_l12,12,79,60_20_20_speaker_disjoint,True,row_shuffled_nuisance,mean_preserving,logf0_mean;logf0_std;logf0_p05;logf0_p50;logf0_p95;logf0_range;rms_mean;rms_std;duration_s;voiced_rate;energy_mean;energy_std,S->G,20,0.05,3,20,0.15,0.0,0.3,0.2,0.6,0.161414505225167,0.42560210622710626,-0.00028585451878241903,0.006880702417034535,0.4,0.2776801874595992,7.5,0.003244854655303103,0.04999999999999999,1.0,4.013442520844901e-05,9
JVS_JVSMuSiC,wavlm_l12,12,79,60_20_20_speaker_disjoint,True,row_shuffled_nuisance,mean_preserving,logf0_mean;logf0_std;logf0_p05;logf0_p50;logf0_p95;logf0_range;rms_mean;rms_std;duration_s;voiced_rate;energy_mean;energy_std,G->S,20,0.05,3,20,0.15,0.0,0.35,0.25,0.7,0.17312058363785338,0.42953313052079495,0.0007035505218194885,0.005469791834663409,0.5,0.29364223495802444,6.0,0.0032448546553030698,0.0,1.0,4.013442520844901e-05,9
JVS_JVSMuSiC,wavlm_l12,12,79,60_20_20_speaker_disjoint,True,random_gaussian_nuisance,mean_preserving,logf0_mean;logf0_std;logf0_p05;logf0_p50;logf0_p95;logf0_range;rms_mean;rms_std;duration_s;voiced_rate;energy_mean;energy_std,S->G,20,0.05,3,20,0.15,0.0,0.3,0.15,0.55,0.12484777661064428,0.40212363984055155,0.00015060617354182586,0.005846369891487284,0.35,0.25621660202542557,7.5,0.002823460590722615,0.04999999999999999,1.0,3.520747128338275e-05,12
JVS_JVSMuSiC,wavlm_l12,12,79,60_20_20_speaker_disjoint,True,random_gaussian_nuisance,mean_preserving,logf0_mean;logf0_std;logf0_p05;logf0_p50;logf0_p95;logf0_range;rms_mean;rms_std;duration_s;voiced_rate;energy_mean;energy_std,G->S,20,0.05,4,20,0.2,0.05,0.4,0.25,0.65,0.18118822476543064,0.48016537414791094,0.0005156718677857333,0.004923602496981448,0.45,0.3257294298838417,6.0,0.0028234605907226373,0.05000000000000002,1.0,3.520747128338275e-05,12
JVS_JVSMuSiC,wavlm_l12,12,79,60_20_20_speaker_disjoint,True,random_low_rank_projection,mean_preserving,random_dir_0;random_dir_1;random_dir_2;random_dir_3;random_dir_4;random_dir_5;random_dir_6;random_dir_7;random_dir_8;random_dir_9;random_dir_10;random_dir_11,S->G,20,0.05,2,20,0.1,0.0,0.25,0.2,0.6,0.1394303022345302,0.38162840192895336,-1.0374884616521075e-05,0.005737158657335432,0.4,0.2456184991479109,8.0,0.0027982981883103554,0.0,1.0,0.0002953119539564897,12
JVS_JVSMuSiC,wavlm_l12,12,79,60_20_20_speaker_disjoint,True,random_low_rank_projection,mean_preserving,random_dir_0;random_dir_1;random_dir_2;random_dir_3;random_dir_4;random_dir_5;random_dir_6;random_dir_7;random_dir_8;random_dir_9;random_dir_10;random_dir_11,G->S,20,0.05,3,20,0.15,0.0,0.3,0.3,0.7,0.17388330848073497,0.4490089689722042,0.0006675028423006298,0.004683944149570611,0.5,0.30603516581457757,6.0,0.002798298188310322,0.0,1.0,0.0002953119539564897,12
JVS_JVSMuSiC,wavlm_l12,12,83,60_20_20_speaker_disjoint,True,raw,raw,,S->G,20,0.05,4,20,0.2,0.05,0.4,0.2,0.6,0.17004096414206707,0.471093404348919,0.0009727800231353658,0.005452266534362412,0.4,0.31015118868060043,6.5,0.003157451741922507,0.0,1.0,0.0,0
JVS_JVSMuSiC,wavlm_l12,12,83,60_20_20_speaker_disjoint,True,raw,raw,,G->S,20,0.05,2,20,0.1,0.0,0.25,0.3,0.7,0.19063617376775274,0.41852610693400166,0.0005491952732580584,0.005258652513304812,0.5,0.2958855472013367,5.5,0.003157451741922529,0.0,1.0,0.0,0
JVS_JVSMuSiC,wavlm_l12,12,83,60_20_20_speaker_disjoint,True,center_only_classic,classic,,S->G,20,0.05,11,20,0.55,0.35,0.75,0.75,1.0,0.5814206349206348,0.86,0.14428792705404994,0.22591197635937105,0.9,0.7226984126984127,1.0,0.18274615047347598,0.35000000000000003,1.0,0.9737152640352637,0
JVS_JVSMuSiC,wavlm_l12,12,83,60_20_20_speaker_disjoint,True,center_only_classic,classic,,G->S,20,0.05,2,20,0.1,0.0,0.25,0.55,0.95,0.23115563725490193,0.4546464460784313,0.10874730038644344,0.26923770649912915,0.75,0.3347039969834087,4.0,0.182746150473476,0.0,1.0,0.9737152640352637,0
JVS_JVSMuSiC,wavlm_l12,12,83,60_20_20_speaker_disjoint,True,mode_dummy_only,mean_preserving,mode_dummy,S->G,20,0.05,7,20,0.35,0.15,0.55,0.7,1.0,0.3897202380952381,0.6993893086080586,0.0025240722702632476,0.003883785188793012,0.85,0.5480723443223443,2.0,0.003230671605170832,0.14999999999999997,0.4152941176470588,0.008830010582619785,1
JVS_JVSMuSiC,wavlm_l12,12,83,60_20_20_speaker_disjoint,True,mode_dummy_only,mean_preserving,mode_dummy,G->S,20,0.05,10,20,0.5,0.29875000000000007,0.7,0.7,1.0,0.5050000000000001,0.8096428571428571,0.0019023106271333255,0.00421493041585268,0.85,0.6629761904761905,1.5,0.003230671605170854,0.4,0.4152941176470588,0.008830010582619785,1
JVS_JVSMuSiC,wavlm_l12,12,83,60_20_20_speaker_disjoint,True,mode_dummy_only,classic,mode_dummy,S->G,20,0.05,13,20,0.65,0.4487500000000001,0.85,0.7,1.0,0.5680238095238096,0.8796428571428571,0.3314364910446971,0.4654039030100675,0.85,0.7358928571428571,1.0,0.4022373692841318,0.45,0.4152941176470588,0.982636081816221,1
JVS_JVSMuSiC,wavlm_l12,12,83,60_20_20_speaker_disjoint,True,mode_dummy_only,classic,mode_dummy,G->S,20,0.05,10,20,0.5,0.3,0.7,0.7,1.0,0.49219047619047623,0.8138888888888889,0.3342060449956196,0.4695999023578882,0.85,0.6539484126984126,1.5,0.4022373692841317,0.4,0.4152941176470588,0.982636081816221,1
JVS_JVSMuSiC,wavlm_l12,12,83,60_20_20_speaker_disjoint,True,acoustic_full_no_mode,mean_preserving,logf0_mean;logf0_std;logf0_p05;logf0_p50;logf0_p95;logf0_range;rms_mean;rms_std;duration_s;voiced_rate;energy_mean;energy_std,S->G,20,0.05,7,20,0.35,0.15,0.5512499999999989,0.35,0.75,0.30714159451659456,0.6637937834224599,0.0007973356795570234,0.0027323921142298107,0.55,0.4786590696884815,3.0,0.0018909881028438714,0.14999999999999997,0.5711764705882353,0.011757130316788156,9
JVS_JVSMuSiC,wavlm_l12,12,83,60_20_20_speaker_disjoint,True,acoustic_full_no_mode,mean_preserving,logf0_mean;logf0_std;logf0_p05;logf0_p50;logf0_p95;logf0_range;rms_mean;rms_std;duration_s;voiced_rate;energy_mean;energy_std,G->S,20,0.05,10,20,0.5,0.3,0.7,0.6,0.95,0.4627503434065934,0.8000267857142858,0.0005875656603322961,0.002963306856986584,0.8,0.6428342490842491,1.5,0.001890988102843838,0.4,0.5711764705882353,0.011757130316788156,9
JVS_JVSMuSiC,wavlm_l12,12,83,60_20_20_speaker_disjoint,True,acoustic_full_no_mode,classic,logf0_mean;logf0_std;logf0_p05;logf0_p50;logf0_p95;logf0_range;rms_mean;rms_std;duration_s;voiced_rate;energy_mean;energy_std,S->G,20,0.05,10,20,0.5,0.3,0.75,0.7,1.0,0.46903819444444445,0.8017083333333331,0.19301268119027312,0.3507608644439747,0.85,0.6372467320261438,1.5,0.27864664244840864,0.3,0.5711764705882353,0.9852932252159199,9
JVS_JVSMuSiC,wavlm_l12,12,83,60_20_20_speaker_disjoint,True,acoustic_full_no_mode,classic,logf0_mean;logf0_std;logf0_p05;logf0_p50;logf0_p95;logf0_range;rms_mean;rms_std;duration_s;voiced_rate;energy_mean;energy_std,G->S,20,0.05,10,20,0.5,0.3,0.7,0.55,0.95,0.4665223214285714,0.7979806547619046,0.1831808199185906,0.3666927727176599,0.75,0.6333928571428571,1.5,0.2786466424484086,0.4,0.5711764705882353,0.9852932252159199,9
JVS_JVSMuSiC,wavlm_l12,12,83,60_20_20_speaker_disjoint,True,acoustic_full_plus_mode,mean_preserving,logf0_mean;logf0_std;logf0_p05;logf0_p50;logf0_p95;logf0_range;rms_mean;rms_std;duration_s;voiced_rate;energy_mean;energy_std;mode_dummy,S->G,20,0.05,7,20,0.35,0.15,0.55,0.3987500000000001,0.8,0.32705242673992674,0.6567142857142856,0.001050515476135389,0.0030043376685481796,0.6,0.4896398046398046,3.5,0.0021049147290461033,0.14999999999999997,0.4688235294117647,0.012609417473670503,10
JVS_JVSMuSiC,wavlm_l12,12,83,60_20_20_speaker_disjoint,True,acoustic_full_plus_mode,mean_preserving,logf0_mean;logf0_std;logf0_p05;logf0_p50;logf0_p95;logf0_range;rms_mean;rms_std;duration_s;voiced_rate;energy_mean;energy_std;mode_dummy,G->S,20,0.05,10,20,0.5,0.3,0.75,0.65,0.95,0.4548116987179487,0.7891666666666666,0.0008880467373776264,0.0031396551504433243,0.8,0.6234294871794872,1.5,0.002104914729046087,0.4,0.4688235294117647,0.012609417473670503,10
JVS_JVSMuSiC,wavlm_l12,12,83,60_20_20_speaker_disjoint,True,acoustic_full_plus_mode,classic,logf0_mean;logf0_std;logf0_p05;logf0_p50;logf0_p95;logf0_range;rms_mean;rms_std;duration_s;voiced_rate;energy_mean;energy_std;mode_dummy,S->G,20,0.05,9,20,0.45,0.25,0.65,0.6,0.95,0.483015756302521,0.7988392857142858,0.220595291666425,0.3757992590286613,0.8,0.6400840336134455,2.0,0.2971711908250617,0.25,0.4688235294117647,0.9861637598104683,10
JVS_JVSMuSiC,wavlm_l12,12,83,60_20_20_speaker_disjoint,True,acoustic_full_plus_mode,classic,logf0_mean;logf0_std;logf0_p05;logf0_p50;logf0_p95;logf0_range;rms_mean;rms_std;duration_s;voiced_rate;energy_mean;energy_std;mode_dummy,G->S,20,0.05,11,20,0.55,0.3,0.75,0.55,0.9,0.4819265873015873,0.8277951388888889,0.20657946141134587,0.37532712446497174,0.75,0.6603373015873016,1.0,0.2971711908250617,0.45000000000000007,0.4688235294117647,0.9861637598104683,10
JVS_JVSMuSiC,wavlm_l12,12,83,60_20_20_speaker_disjoint,True,single_group_f0,mean_preserving,logf0_mean;logf0_std;logf0_p05;logf0_p50;logf0_p95;logf0_range,S->G,20,0.05,3,20,0.15,0.0,0.3,0.1,0.5,0.14425898468361706,0.41452812118437116,-0.0005822214554677471,0.004876892002950567,0.3,0.26672475400416573,8.0,0.0020600316608908598,-0.05000000000000002,1.0,0.0013955334899298233,5
JVS_JVSMuSiC,wavlm_l12,12,83,60_20_20_speaker_disjoint,True,single_group_f0,mean_preserving,logf0_mean;logf0_std;logf0_p05;logf0_p50;logf0_p95;logf0_range,G->S,20,0.05,1,20,0.05,0.0,0.15,0.15,0.55,0.14383533653846156,0.3421046626984127,-0.00023006819324413827,0.004051255284534961,0.35,0.23042353479853478,8.0,0.0020600316608908598,-0.05,1.0,0.0013955334899298233,5
JVS_JVSMuSiC,wavlm_l12,12,83,60_20_20_speaker_disjoint,True,single_group_energy,mean_preserving,rms_mean;rms_std;energy_mean;energy_std,S->G,20,0.05,5,20,0.25,0.1,0.45,0.25,0.65,0.21817839635854344,0.5452946428571428,0.0017730167247534767,0.0064922200866170095,0.45,0.37256113984055156,6.0,0.004190827673059861,0.04999999999999999,0.9052941176470588,0.006837221979694386,3
JVS_JVSMuSiC,wavlm_l12,12,83,60_20_20_speaker_disjoint,True,single_group_energy,mean_preserving,rms_mean;rms_std;energy_mean;energy_std,G->S,20,0.05,5,20,0.25,0.05,0.45,0.5,0.9,0.26591964285714287,0.5630029761904761,0.002424713135731077,0.006067564253002516,0.7,0.41238095238095235,4.0,0.0041908276730598885,0.15,0.9052941176470588,0.006837221979694386,3
JVS_JVSMuSiC,wavlm_l12,12,83,60_20_20_speaker_disjoint,True,single_group_duration,mean_preserving,duration_s,S->G,20,0.05,9,20,0.45,0.25,0.65,0.75,1.0,0.4785997023809524,0.781328869047619,0.0026829419480526332,0.004073598027505278,0.9,0.6323214285714286,2.0,0.0033539128707930467,0.25,0.6229411764705882,0.008551871181654347,1
JVS_JVSMuSiC,wavlm_l12,12,83,60_20_20_speaker_disjoint,True,single_group_duration,mean_preserving,duration_s,G->S,20,0.05,10,20,0.5,0.3,0.75,0.7,1.0,0.5034895833333335,0.8108333333333334,0.0017261839749059915,0.004506575081219358,0.85,0.6597916666666668,1.5,0.0033539128707930745,0.4,0.6229411764705882,0.008551871181654347,1
JVS_JVSMuSiC,wavlm_l12,12,83,60_20_20_speaker_disjoint,True,single_group_voicing,mean_preserving,voiced_rate,S->G,20,0.05,4,20,0.2,0.05,0.35124999999999884,0.2,0.6,0.16515447236586947,0.46865938106011634,0.0005874461908397386,0.005518307325649298,0.4,0.31015118868060043,6.5,0.003157451741922507,0.0,1.0,0.0,0
JVS_JVSMuSiC,wavlm_l12,12,83,60_20_20_speaker_disjoint,True,single_group_voicing,mean_preserving,voiced_rate,G->S,20,0.05,2,20,0.1,0.0,0.25,0.25,0.75,0.19615836466165415,0.4361752297410191,0.0007957236978096779,0.005316653713163098,0.5,0.2958855472013367,5.5,0.003157451741922529,0.0,1.0,0.0,0
JVS_JVSMuSiC,wavlm_l12,12,83,60_20_20_speaker_disjoint,True,full_minus_f0,mean_preserving,rms_mean;rms_std;duration_s;voiced_rate;energy_mean;energy_std,S->G,20,0.05,7,20,0.35,0.15,0.55,0.6,0.95,0.35232070707070706,0.7026609848484847,0.0016727822326053922,0.003863628130236742,0.8,0.5201010101010102,2.5,0.002917711953142432,0.14999999999999997,0.5976470588235294,0.010223109169588573,4
JVS_JVSMuSiC,wavlm_l12,12,83,60_20_20_speaker_disjoint,True,full_minus_f0,mean_preserving,rms_mean;rms_std;duration_s;voiced_rate;energy_mean;energy_std,G->S,20,0.05,10,20,0.5,0.3,0.75,0.75,1.0,0.49416666666666664,0.8000625,0.001518732014034666,0.003981049839357346,0.9,0.6541666666666667,1.5,0.002917711953142471,0.4,0.5976470588235294,0.010223109169588573,4
JVS_JVSMuSiC,wavlm_l12,12,83,60_20_20_speaker_disjoint,True,full_minus_energy,mean_preserving,logf0_mean;logf0_std;logf0_p05;logf0_p50;logf0_p95;logf0_range;duration_s;voiced_rate,S->G,20,0.05,8,20,0.4,0.2,0.6,0.5,0.9,0.38741940789473683,0.7166909722222221,0.0014806026754489831,0.002736798321472081,0.7,0.5536038011695906,2.0,0.0021387633884241476,0.2,0.6311764705882353,0.009966457492937786,6
JVS_JVSMuSiC,wavlm_l12,12,83,60_20_20_speaker_disjoint,True,full_minus_energy,mean_preserving,logf0_mean;logf0_std;logf0_p05;logf0_p50;logf0_p95;logf0_range;duration_s;voiced_rate,G->S,20,0.05,7,20,0.35,0.15,0.55,0.6,0.95,0.37305555555555553,0.6916666666666667,0.0005519162083937443,0.0033025254788236337,0.8,0.5318055555555555,2.0,0.002138763388424103,0.24999999999999997,0.6311764705882353,0.009966457492937786,6
JVS_JVSMuSiC,wavlm_l12,12,83,60_20_20_speaker_disjoint,True,full_minus_duration,mean_preserving,logf0_mean;logf0_std;logf0_p05;logf0_p50;logf0_p95;logf0_range;rms_mean;rms_std;voiced_rate;energy_mean;energy_std,S->G,20,0.05,2,20,0.1,0.0,0.25,0.3,0.7012499999999988,0.16078197272498743,0.40112801659125186,0.000312810461980938,0.005288894169890728,0.5,0.27322523881347405,6.5,0.0030888460850759026,-0.1,0.9029411764705882,0.008450154821989186,8
JVS_JVSMuSiC,wavlm_l12,12,83,60_20_20_speaker_disjoint,True,full_minus_duration,mean_preserving,logf0_mean;logf0_std;logf0_p05;logf0_p50;logf0_p95;logf0_range;rms_mean;rms_std;voiced_rate;energy_mean;energy_std,G->S,20,0.05,4,20,0.2,0.05,0.4,0.35,0.75,0.22206777560889404,0.5004999236874237,0.0014303665844886053,0.0048007275908917004,0.55,0.3552005815821605,5.0,0.003088846085075897,0.1,0.9029411764705882,0.008450154821989186,8
JVS_JVSMuSiC,wavlm_l12,12,83,60_20_20_speaker_disjoint,True,full_minus_voicing,mean_preserving,logf0_mean;logf0_std;logf0_p05;logf0_p50;logf0_p95;logf0_range;rms_mean;rms_std;duration_s;energy_mean;energy_std,S->G,20,0.05,7,20,0.35,0.15,0.55,0.3,0.75,0.29401094452932686,0.6525688131313131,0.0008741756379186043,0.0027742373624816763,0.55,0.4786590696884815,3.0,0.001890988102843949,0.14999999999999997,0.5711764705882353,0.011757130316787379,9
JVS_JVSMuSiC,wavlm_l12,12,83,60_20_20_speaker_disjoint,True,full_minus_voicing,mean_preserving,logf0_mean;logf0_std;logf0_p05;logf0_p50;logf0_p95;logf0_range;rms_mean;rms_std;duration_s;energy_mean;energy_std,G->S,20,0.05,10,20,0.5,0.25,0.7,0.6,0.95,0.4715663919413919,0.7991488095238094,0.0005728654674137267,0.0029128032781564183,0.8,0.6428342490842491,1.5,0.0018909881028439436,0.4,0.5711764705882353,0.011757130316787379,9
JVS_JVSMuSiC,wavlm_l12,12,83,60_20_20_speaker_disjoint,True,row_shuffled_nuisance,mean_preserving,logf0_mean;logf0_std;logf0_p05;logf0_p50;logf0_p95;logf0_range;rms_mean;rms_std;duration_s;voiced_rate;energy_mean;energy_std,S->G,20,0.05,2,20,0.1,0.0,0.25,0.25,0.65,0.16021025027603975,0.3964138372592319,0.00039857411561530624,0.005962663010580114,0.45,0.2698314623972518,7.0,0.0032949692060077252,-0.1,1.0,6.502209239411805e-05,9
JVS_JVSMuSiC,wavlm_l12,12,83,60_20_20_speaker_disjoint,True,row_shuffled_nuisance,mean_preserving,logf0_mean;logf0_std;logf0_p05;logf0_p50;logf0_p95;logf0_range;rms_mean;rms_std;duration_s;voiced_rate;energy_mean;energy_std,G->S,20,0.05,1,20,0.05,0.0,0.15,0.35,0.7512499999999989,0.17632305194805195,0.3630853625541125,0.0009735081176297916,0.0053717202267585815,0.55,0.2618668831168831,5.0,0.003294969206007753,-0.05,1.0,6.502209239411805e-05,9
JVS_JVSMuSiC,wavlm_l12,12,83,60_20_20_speaker_disjoint,True,random_gaussian_nuisance,mean_preserving,logf0_mean;logf0_std;logf0_p05;logf0_p50;logf0_p95;logf0_range;rms_mean;rms_std;duration_s;voiced_rate;energy_mean;energy_std,S->G,20,0.05,1,20,0.05,0.0,0.15,0.15,0.55,0.12741557017543864,0.31097979323308256,0.0004641904712599093,0.005998021084199719,0.35,0.20650062656641605,9.0,0.0030421103294775596,-0.15000000000000002,1.0,0.0002346809802787897,12
JVS_JVSMuSiC,wavlm_l12,12,83,60_20_20_speaker_disjoint,True,random_gaussian_nuisance,mean_preserving,logf0_mean;logf0_std;logf0_p05;logf0_p50;logf0_p95;logf0_range;rms_mean;rms_std;duration_s;voiced_rate;energy_mean;energy_std,G->S,20,0.05,4,20,0.2,0.05,0.4,0.3,0.7,0.20269949494949496,0.5054214015151515,0.00046911008662016445,0.0056151110579330775,0.5,0.345239898989899,5.5,0.00304211032947761,0.1,1.0,0.0002346809802787897,12
JVS_JVSMuSiC,wavlm_l12,12,83,60_20_20_speaker_disjoint,True,random_low_rank_projection,mean_preserving,random_dir_0;random_dir_1;random_dir_2;random_dir_3;random_dir_4;random_dir_5;random_dir_6;random_dir_7;random_dir_8;random_dir_9;random_dir_10;random_dir_11,S->G,20,0.05,4,20,0.2,0.05,0.4,0.2,0.65,0.16095918848308555,0.469916835003232,0.0007040753652684856,0.00559824453365974,0.4,0.3128145873734109,6.5,0.0031362041395981534,0.0,1.0,0.0002874936050788479,12
JVS_JVSMuSiC,wavlm_l12,12,83,60_20_20_speaker_disjoint,True,random_low_rank_projection,mean_preserving,random_dir_0;random_dir_1;random_dir_2;random_dir_3;random_dir_4;random_dir_5;random_dir_6;random_dir_7;random_dir_8;random_dir_9;random_dir_10;random_dir_11,G->S,20,0.05,2,20,0.1,0.0,0.25,0.3,0.7,0.18487680137844612,0.4193399122807017,0.00043460125212175626,0.005252313550933659,0.5,0.29407999164578114,5.5,0.003136204139598192,0.0,1.0,0.0002874936050788479,12
JVS_JVSMuSiC,wavlm_l12,12,89,60_20_20_speaker_disjoint,True,raw,raw,,S->G,20,0.05,3,20,0.15,0.0,0.3,0.35,0.8,0.19327265963203463,0.4758073593073593,0.0003056743740548286,0.004808487259097335,0.6,0.3268668831168831,5.0,0.0025944870173909896,0.0,1.0,0.0,0
JVS_JVSMuSiC,wavlm_l12,12,89,60_20_20_speaker_disjoint,True,raw,raw,,G->S,20,0.05,4,20,0.2,0.05,0.4,0.2,0.65,0.2337249053030303,0.5266396780303029,0.0011129825154172642,0.004136371814563687,0.45,0.3733648989898989,7.0,0.0025944870173909952,0.0,1.0,0.0,0
JVS_JVSMuSiC,wavlm_l12,12,89,60_20_20_speaker_disjoint,True,center_only_classic,classic,,S->G,20,0.05,11,20,0.55,0.35,0.75,0.7,1.0,0.5687211399711399,0.8501136363636362,0.11719171990754568,0.1919820982836096,0.85,0.7089105339105339,1.0,0.15339242518393134,0.4,1.0,0.9737389850550883,0
JVS_JVSMuSiC,wavlm_l12,12,89,60_20_20_speaker_disjoint,True,center_only_classic,classic,,G->S,20,0.05,2,20,0.1,0.0,0.25,0.2,0.6,0.19179121572871574,0.422707656926407,0.07523484945238665,0.23909020149913057,0.4,0.299724025974026,7.0,0.1533924251839313,-0.1,1.0,0.9737389850550883,0
JVS_JVSMuSiC,wavlm_l12,12,89,60_20_20_speaker_disjoint,True,mode_dummy_only,mean_preserving,mode_dummy,S->G,20,0.05,7,20,0.35,0.15,0.55,0.6,0.95,0.3966458333333333,0.7017291666666666,0.00204824854954755,0.003335899683481401,0.8,0.5433333333333332,2.0,0.00265769500547135,0.19999999999999998,0.5988764044943821,0.00885080387084869,1
JVS_JVSMuSiC,wavlm_l12,12,89,60_20_20_speaker_disjoint,True,mode_dummy_only,mean_preserving,mode_dummy,G->S,20,0.05,11,20,0.55,0.34875000000000006,0.8,0.6,0.95,0.5037019751082252,0.832172619047619,0.0020547656812647157,0.0031337483585764303,0.8,0.6689799783549784,1.0,0.0026576950054713,0.35000000000000003,0.5988764044943821,0.00885080387084869,1
JVS_JVSMuSiC,wavlm_l12,12,89,60_20_20_speaker_disjoint,True,mode_dummy_only,classic,mode_dummy,S->G,20,0.05,13,20,0.65,0.45,0.85,0.85,1.0,0.6241249999999999,0.9041666666666668,0.31293489386866474,0.4366756772137577,0.95,0.7683333333333333,1.0,0.37455520602347275,0.5,0.5988764044943821,0.982664327087792,1
JVS_JVSMuSiC,wavlm_l12,12,89,60_20_20_speaker_disjoint,True,mode_dummy_only,classic,mode_dummy,G->S,20,0.05,12,20,0.6,0.35,0.8,0.75,1.0,0.6099583333333333,0.8751249999999999,0.3076182073491442,0.44043221445828684,0.9,0.7466666666666666,1.0,0.3745552060234728,0.39999999999999997,0.5988764044943821,0.982664327087792,1
JVS_JVSMuSiC,wavlm_l12,12,89,60_20_20_speaker_disjoint,True,acoustic_full_no_mode,mean_preserving,logf0_mean;logf0_std;logf0_p05;logf0_p50;logf0_p95;logf0_range;rms_mean;rms_std;duration_s;voiced_rate;energy_mean;energy_std,S->G,20,0.05,8,20,0.4,0.2,0.65,0.5,0.9,0.36760653409090904,0.7316856060606061,0.0006084681673055942,0.0020710868807265574,0.7,0.536003787878788,2.0,0.0013690216045649684,0.25,0.5696629213483146,0.011816891728324008,9
JVS_JVSMuSiC,wavlm_l12,12,89,60_20_20_speaker_disjoint,True,acoustic_full_no_mode,mean_preserving,logf0_mean;logf0_std;logf0_p05;logf0_p50;logf0_p95;logf0_range;rms_mean;rms_std;duration_s;voiced_rate;energy_mean;energy_std,G->S,20,0.05,8,20,0.4,0.2,0.6,0.55,0.9,0.3922156995051732,0.716536943319838,0.0006949406905853226,0.0019165169162363462,0.75,0.5503666216824111,2.0,0.0013690216045649296,0.2,0.5696629213483146,0.011816891728324008,9
JVS_JVSMuSiC,wavlm_l12,12,89,60_20_20_speaker_disjoint,True,acoustic_full_no_mode,classic,logf0_mean;logf0_std;logf0_p05;logf0_p50;logf0_p95;logf0_range;rms_mean;rms_std;duration_s;voiced_rate;energy_mean;energy_std,S->G,20,0.05,10,20,0.5,0.3,0.7,0.6,0.95,0.44550297619047624,0.7980440705128204,0.1536429223944186,0.31855347278278157,0.8,0.6255723443223443,1.5,0.24154640609461117,0.35,0.5696629213483146,0.985216858909858,9
JVS_JVSMuSiC,wavlm_l12,12,89,60_20_20_speaker_disjoint,True,acoustic_full_no_mode,classic,logf0_mean;logf0_std;logf0_p05;logf0_p50;logf0_p95;logf0_range;rms_mean;rms_std;duration_s;voiced_rate;energy_mean;energy_std,G->S,20,0.05,10,20,0.5,0.25,0.7,0.6,0.95,0.4208124999999999,0.7641736111111112,0.14929965252680183,0.3270660965499564,0.8,0.5947222222222222,2.0,0.24154640609461117,0.3,0.5696629213483146,0.985216858909858,9
JVS_JVSMuSiC,wavlm_l12,12,89,60_20_20_speaker_disjoint,True,acoustic_full_plus_mode,mean_preserving,logf0_mean;logf0_std;logf0_p05;logf0_p50;logf0_p95;logf0_range;rms_mean;rms_std;duration_s;voiced_rate;energy_mean;energy_std;mode_dummy,S->G,20,0.05,7,20,0.35,0.15,0.55,0.45,0.85,0.3172718253968254,0.6700416666666665,0.000736051247776209,0.00226953696324058,0.65,0.48794642857142856,3.0,0.0015230167365451407,0.19999999999999998,0.5668539325842696,0.01266986556984806,10
JVS_JVSMuSiC,wavlm_l12,12,89,60_20_20_speaker_disjoint,True,acoustic_full_plus_mode,mean_preserving,logf0_mean;logf0_std;logf0_p05;logf0_p50;logf0_p95;logf0_range;rms_mean;rms_std;duration_s;voiced_rate;energy_mean;energy_std;mode_dummy,G->S,20,0.05,8,20,0.4,0.2,0.6,0.55,0.95,0.4073559027777777,0.7330625,0.000859174847246117,0.0020822781627054926,0.75,0.5686805555555555,2.0,0.001523016736545213,0.2,0.5668539325842696,0.01266986556984806,10
JVS_JVSMuSiC,wavlm_l12,12,89,60_20_20_speaker_disjoint,True,acoustic_full_plus_mode,classic,logf0_mean;logf0_std;logf0_p05;logf0_p50;logf0_p95;logf0_range;rms_mean;rms_std;duration_s;voiced_rate;energy_mean;energy_std;mode_dummy,S->G,20,0.05,10,20,0.5,0.25,0.7,0.55,0.9,0.4641458333333333,0.8008333333333333,0.16913835262686733,0.33029424708604,0.75,0.63,1.5,0.2507876157224439,0.35,0.5668539325842696,0.9861039306073375,10
JVS_JVSMuSiC,wavlm_l12,12,89,60_20_20_speaker_disjoint,True,acoustic_full_plus_mode,classic,logf0_mean;logf0_std;logf0_p05;logf0_p50;logf0_p95;logf0_range;rms_mean;rms_std;duration_s;voiced_rate;energy_mean;energy_std;mode_dummy,G->S,20,0.05,11,20,0.55,0.34875000000000006,0.8,0.55,0.95,0.4428078007518797,0.7947086466165413,0.15410977686724225,0.3378071408084954,0.75,0.6383458646616542,1.0,0.25078761572244396,0.35000000000000003,0.5668539325842696,0.9861039306073375,10
JVS_JVSMuSiC,wavlm_l12,12,89,60_20_20_speaker_disjoint,True,single_group_f0,mean_preserving,logf0_mean;logf0_std;logf0_p05;logf0_p50;logf0_p95;logf0_range,S->G,20,0.05,2,20,0.1,0.0,0.25,0.25,0.65,0.15921137716450218,0.39764466089466094,-0.00041066417448878484,0.0039224368396386265,0.45,0.26812680375180376,7.0,0.0018049351794757363,-0.04999999999999999,1.0,0.001575394165916455,5
JVS_JVSMuSiC,wavlm_l12,12,89,60_20_20_speaker_disjoint,True,single_group_f0,mean_preserving,logf0_mean;logf0_std;logf0_p05;logf0_p50;logf0_p95;logf0_range,G->S,20,0.05,4,20,0.2,0.05,0.4,0.3,0.7,0.20373614753302255,0.5109435703185703,0.0005809771431823983,0.003095323203253794,0.5,0.3454054972804973,5.5,0.0018049351794757584,0.0,1.0,0.001575394165916455,5
JVS_JVSMuSiC,wavlm_l12,12,89,60_20_20_speaker_disjoint,True,single_group_energy,mean_preserving,rms_mean;rms_std;energy_mean;energy_std,S->G,20,0.05,8,20,0.4,0.2,0.6,0.34875000000000006,0.75,0.2998764880952381,0.6704002976190474,0.0016580109352272937,0.00412701374076319,0.55,0.48317460317460315,5.0,0.0029274979314052097,0.25,0.9061797752808989,0.007103782822818205,3
JVS_JVSMuSiC,wavlm_l12,12,89,60_20_20_speaker_disjoint,True,single_group_energy,mean_preserving,rms_mean;rms_std;energy_mean;energy_std,G->S,20,0.05,6,20,0.3,0.1,0.5,0.5,0.9,0.31909451659451654,0.6364167568542568,0.0018551237640613285,0.004164695190125089,0.7,0.4729401154401153,3.0,0.0029274979314051707,0.09999999999999998,0.9061797752808989,0.007103782822818205,3
JVS_JVSMuSiC,wavlm_l12,12,89,60_20_20_speaker_disjoint,True,single_group_duration,mean_preserving,duration_s,S->G,20,0.05,10,20,0.5,0.25,0.7,0.6,0.95,0.4604255952380951,0.7852291666666664,0.0021159461347645694,0.0034423619142739696,0.8,0.6238095238095237,1.5,0.0027537708951339,0.35,0.5955056179775281,0.008591754859499146,1
JVS_JVSMuSiC,wavlm_l12,12,89,60_20_20_speaker_disjoint,True,single_group_duration,mean_preserving,duration_s,G->S,20,0.05,11,20,0.55,0.35,0.75,0.6,0.95,0.5010250946969698,0.8254308712121212,0.0020926797592820214,0.00326420788203466,0.8,0.6701704545454545,1.0,0.002753770895133889,0.35000000000000003,0.5955056179775281,0.008591754859499146,1
JVS_JVSMuSiC,wavlm_l12,12,89,60_20_20_speaker_disjoint,True,single_group_voicing,mean_preserving,voiced_rate,S->G,20,0.05,3,20,0.15,0.0,0.3,0.4,0.8,0.20071584145021645,0.4870776515151514,0.00027874989579663144,0.004598647422730562,0.6,0.3268668831168831,5.0,0.0025944870173909896,0.0,1.0,0.0,0
JVS_JVSMuSiC,wavlm_l12,12,89,60_20_20_speaker_disjoint,True,single_group_voicing,mean_preserving,voiced_rate,G->S,20,0.05,4,20,0.2,0.05,0.4,0.25,0.65,0.23141272095959592,0.544470486111111,0.0010883463052460973,0.004100497658564187,0.45,0.3733648989898989,7.0,0.0025944870173909952,0.0,1.0,0.0,0
JVS_JVSMuSiC,wavlm_l12,12,89,60_20_20_speaker_disjoint,True,full_minus_f0,mean_preserving,rms_mean;rms_std;duration_s;voiced_rate;energy_mean;energy_std,S->G,20,0.05,9,20,0.45,0.25,0.65,0.55,0.9,0.4088050595238095,0.7602477678571429,0.0013271564233885815,0.002837763058888295,0.75,0.5858630952380952,2.0,0.00215414528543405,0.30000000000000004,0.5674157303370787,0.01047817679491092,4
JVS_JVSMuSiC,wavlm_l12,12,89,60_20_20_speaker_disjoint,True,full_minus_f0,mean_preserving,rms_mean;rms_std;duration_s;voiced_rate;energy_mean;energy_std,G->S,20,0.05,11,20,0.55,0.35,0.75,0.5,0.9,0.45423800505050493,0.8154261363636364,0.0013912776764287834,0.00287175274862689,0.7,0.6335732323232324,1.0,0.0021541452854340727,0.35000000000000003,0.5674157303370787,0.01047817679491092,4
JVS_JVSMuSiC,wavlm_l12,12,89,60_20_20_speaker_disjoint,True,full_minus_energy,mean_preserving,logf0_mean;logf0_std;logf0_p05;logf0_p50;logf0_p95;logf0_range;duration_s;voiced_rate,S->G,20,0.05,8,20,0.4,0.2,0.6,0.45,0.85,0.36165624999999996,0.700755876068376,0.0012711849732594746,0.002646722138552974,0.65,0.5260887723387724,2.5,0.001928569518806461,0.25,0.6005617977528089,0.010179907431301038,6
JVS_JVSMuSiC,wavlm_l12,12,89,60_20_20_speaker_disjoint,True,full_minus_energy,mean_preserving,logf0_mean;logf0_std;logf0_p05;logf0_p50;logf0_p95;logf0_range;duration_s;voiced_rate,G->S,20,0.05,8,20,0.4,0.2,0.6,0.5,0.9,0.3957706529581529,0.7252121663059163,0.0013362543300683629,0.0024486194643047817,0.7,0.5576208513708514,2.0,0.0019285695188064444,0.2,0.6005617977528089,0.010179907431301038,6
JVS_JVSMuSiC,wavlm_l12,12,89,60_20_20_speaker_disjoint,True,full_minus_duration,mean_preserving,logf0_mean;logf0_std;logf0_p05;logf0_p50;logf0_p95;logf0_range;rms_mean;rms_std;voiced_rate;energy_mean;energy_std,S->G,20,0.05,6,20,0.3,0.1,0.5,0.25,0.65,0.23351904345654345,0.5869924658674659,0.0009164141945056362,0.003385085507710291,0.45,0.3992224442224442,6.5,0.002156614556054248,0.15,0.9078651685393259,0.00853904873586031,8
JVS_JVSMuSiC,wavlm_l12,12,89,60_20_20_speaker_disjoint,True,full_minus_duration,mean_preserving,logf0_mean;logf0_std;logf0_p05;logf0_p50;logf0_p95;logf0_range;rms_mean;rms_std;voiced_rate;energy_mean;energy_std,G->S,20,0.05,6,20,0.3,0.1,0.5,0.34875000000000006,0.8,0.28949870770676694,0.6159028003246751,0.0011120922863980247,0.0033147004339453266,0.55,0.44077822396901345,4.5,0.002156614556054287,0.09999999999999998,0.9078651685393259,0.00853904873586031,8
JVS_JVSMuSiC,wavlm_l12,12,89,60_20_20_speaker_disjoint,True,full_minus_voicing,mean_preserving,logf0_mean;logf0_std;logf0_p05;logf0_p50;logf0_p95;logf0_range;rms_mean;rms_std;duration_s;energy_mean;energy_std,S->G,20,0.05,8,20,0.4,0.2,0.6,0.5,0.9,0.34992897727272726,0.7203901515151516,0.0005952489735389083,0.002099266691991962,0.7,0.536003787878788,2.0,0.0013690216045649183,0.25,0.5696629213483146,0.011816891728324452,9
JVS_JVSMuSiC,wavlm_l12,12,89,60_20_20_speaker_disjoint,True,full_minus_voicing,mean_preserving,logf0_mean;logf0_std;logf0_p05;logf0_p50;logf0_p95;logf0_range;rms_mean;rms_std;duration_s;energy_mean;energy_std,G->S,20,0.05,8,20,0.4,0.2,0.6,0.55,0.9,0.3817464293747188,0.7099744433198381,0.0007646858780357581,0.0019217675709763606,0.75,0.5503666216824111,2.0,0.0013690216045648851,0.2,0.5696629213483146,0.011816891728324452,9
JVS_JVSMuSiC,wavlm_l12,12,89,60_20_20_speaker_disjoint,True,row_shuffled_nuisance,mean_preserving,logf0_mean;logf0_std;logf0_p05;logf0_p50;logf0_p95;logf0_range;rms_mean;rms_std;duration_s;voiced_rate;energy_mean;energy_std,S->G,20,0.05,1,20,0.05,0.0,0.15,0.2,0.6,0.14952755761395467,0.3381764785459638,-3.52596292778853e-05,0.005379969258356286,0.4,0.2343684991479109,6.5,0.002714225154528532,-0.09999999999999999,1.0,-0.0001992719736771953,9
JVS_JVSMuSiC,wavlm_l12,12,89,60_20_20_speaker_disjoint,True,row_shuffled_nuisance,mean_preserving,logf0_mean;logf0_std;logf0_p05;logf0_p50;logf0_p95;logf0_range;rms_mean;rms_std;duration_s;voiced_rate;energy_mean;energy_std,G->S,20,0.05,3,20,0.15,0.0,0.3,0.25,0.65,0.18838829185520364,0.46948397435897427,0.0008231938789472417,0.004674492767244276,0.45,0.3100597033685269,8.5,0.002714225154528499,-0.05000000000000002,1.0,-0.0001992719736771953,9
JVS_JVSMuSiC,wavlm_l12,12,89,60_20_20_speaker_disjoint,True,random_gaussian_nuisance,mean_preserving,logf0_mean;logf0_std;logf0_p05;logf0_p50;logf0_p95;logf0_range;rms_mean;rms_std;duration_s;voiced_rate;energy_mean;energy_std,S->G,20,0.05,3,20,0.15,0.0,0.3,0.2,0.6,0.1826017713903743,0.467366708046855,0.0003765890948292068,0.0047976091460333005,0.4,0.3111013496307614,7.5,0.0026367375878221964,0.0,1.0,0.00014632211518206262,12
JVS_JVSMuSiC,wavlm_l12,12,89,60_20_20_speaker_disjoint,True,random_gaussian_nuisance,mean_preserving,logf0_mean;logf0_std;logf0_p05;logf0_p50;logf0_p95;logf0_range;rms_mean;rms_std;duration_s;voiced_rate;energy_mean;energy_std,G->S,20,0.05,2,20,0.1,0.0,0.25,0.25,0.65,0.173648538961039,0.4128049242424242,0.0009152363788553279,0.004166387347157149,0.45,0.28494588744588745,6.5,0.002636737587822219,-0.1,1.0,0.00014632211518206262,12
JVS_JVSMuSiC,wavlm_l12,12,89,60_20_20_speaker_disjoint,True,random_low_rank_projection,mean_preserving,random_dir_0;random_dir_1;random_dir_2;random_dir_3;random_dir_4;random_dir_5;random_dir_6;random_dir_7;random_dir_8;random_dir_9;random_dir_10;random_dir_11,S->G,20,0.05,3,20,0.15,0.0,0.3,0.3987500000000001,0.8,0.19311688311688313,0.4718634334415584,0.00019959455011320365,0.004596882987359012,0.6,0.3270752164502164,5.0,0.0025711128077255453,0.0,1.0,0.00022060850513483388,12
JVS_JVSMuSiC,wavlm_l12,12,89,60_20_20_speaker_disjoint,True,random_low_rank_projection,mean_preserving,random_dir_0;random_dir_1;random_dir_2;random_dir_3;random_dir_4;random_dir_5;random_dir_6;random_dir_7;random_dir_8;random_dir_9;random_dir_10;random_dir_11,G->S,20,0.05,4,20,0.2,0.05,0.4,0.25,0.7,0.23511868686868684,0.5344460227272727,0.0011135119590226354,0.004009937692977958,0.45,0.3733648989898989,7.0,0.002571112807725551,0.0,1.0,0.00022060850513483388,12
JVS_JVSMuSiC,wavlm_l12,12,97,60_20_20_speaker_disjoint,True,raw,raw,,S->G,20,0.05,2,20,0.1,0.0,0.25,0.15,0.55,0.13633689543170965,0.3786114169950277,0.0001004748569196684,0.0044853578857846025,0.35,0.24461912571432692,7.0,0.0022746484595673353,0.0,1.0,0.0,0
JVS_JVSMuSiC,wavlm_l12,12,97,60_20_20_speaker_disjoint,True,raw,raw,,G->S,20,0.05,5,20,0.25,0.1,0.45,0.2,0.65,0.19754152526395172,0.5393398041909069,0.0005352181349975008,0.004027772973461918,0.4,0.35824202758026286,6.5,0.002274648459567319,0.0,1.0,0.0,0
JVS_JVSMuSiC,wavlm_l12,12,97,60_20_20_speaker_disjoint,True,center_only_classic,classic,,S->G,20,0.05,11,20,0.55,0.35,0.75,0.75,1.0,0.5529761904761905,0.8500347222222222,0.11513215694280851,0.17846295844617382,0.9,0.7085317460317461,1.0,0.14512175458786464,0.45000000000000007,1.0,0.9737341159857509,0
JVS_JVSMuSiC,wavlm_l12,12,97,60_20_20_speaker_disjoint,True,center_only_classic,classic,,G->S,20,0.05,1,20,0.05,0.0,0.15,0.25,0.7,0.2057032967032967,0.40352770146520145,0.07731021853217973,0.23512179568064087,0.5,0.29497710622710616,5.5,0.14512175458786467,-0.2,1.0,0.9737341159857509,0
JVS_JVSMuSiC,wavlm_l12,12,97,60_20_20_speaker_disjoint,True,mode_dummy_only,mean_preserving,mode_dummy,S->G,20,0.05,7,20,0.35,0.15,0.6,0.55,0.95,0.3755631868131868,0.7035714285714285,0.0016790550281459544,0.0029579575756810547,0.75,0.5362637362637361,2.0,0.0023310866197537696,0.24999999999999997,0.5529411764705883,0.00895062050837736,1
JVS_JVSMuSiC,wavlm_l12,12,97,60_20_20_speaker_disjoint,True,mode_dummy_only,mean_preserving,mode_dummy,G->S,20,0.05,12,20,0.6,0.4,0.8,0.64875,0.95,0.5177434752747252,0.8734151785714285,0.0017783846693914347,0.0028691371626070445,0.8,0.6943818681318682,1.0,0.002331086619753703,0.35,0.5529411764705883,0.00895062050837736,1
JVS_JVSMuSiC,wavlm_l12,12,97,60_20_20_speaker_disjoint,True,mode_dummy_only,classic,mode_dummy,S->G,20,0.05,10,20,0.5,0.3,0.7,0.75,1.0,0.5180208333333333,0.8097569444444443,0.2812815873102849,0.392242352955683,0.9,0.6680555555555555,1.5,0.3389293537693082,0.4,0.5529411764705883,0.9826560047927305,1
JVS_JVSMuSiC,wavlm_l12,12,97,60_20_20_speaker_disjoint,True,mode_dummy_only,classic,mode_dummy,G->S,20,0.05,10,20,0.5,0.3,0.75,0.85,1.0,0.5250000000000001,0.8208333333333332,0.28242025492031114,0.39607269278248103,0.95,0.6791666666666666,1.5,0.3389293537693082,0.25,0.5529411764705883,0.9826560047927305,1
JVS_JVSMuSiC,wavlm_l12,12,97,60_20_20_speaker_disjoint,True,acoustic_full_no_mode,mean_preserving,logf0_mean;logf0_std;logf0_p05;logf0_p50;logf0_p95;logf0_range;rms_mean;rms_std;duration_s;voiced_rate;energy_mean;energy_std,S->G,20,0.05,4,20,0.2,0.05,0.4,0.35,0.8,0.23789632936507935,0.530844990079365,0.0008486844790356511,0.002262949434136433,0.55,0.3768154761904762,4.5,0.0015456925571563252,0.1,0.5835294117647059,0.01150492776173695,9
JVS_JVSMuSiC,wavlm_l12,12,97,60_20_20_speaker_disjoint,True,acoustic_full_no_mode,mean_preserving,logf0_mean;logf0_std;logf0_p05;logf0_p50;logf0_p95;logf0_range;rms_mean;rms_std;duration_s;voiced_rate;energy_mean;energy_std,G->S,20,0.05,7,20,0.35,0.15,0.55,0.5,0.9,0.3487148268398269,0.6829020562770562,0.0008930867694445971,0.002215240838296236,0.7,0.5175216450216451,2.5,0.0015456925571562807,0.09999999999999998,0.5835294117647059,0.01150492776173695,9
JVS_JVSMuSiC,wavlm_l12,12,97,60_20_20_speaker_disjoint,True,acoustic_full_no_mode,classic,logf0_mean;logf0_std;logf0_p05;logf0_p50;logf0_p95;logf0_range;rms_mean;rms_std;duration_s;voiced_rate;energy_mean;energy_std,S->G,20,0.05,9,20,0.45,0.25,0.7,0.6,0.95,0.4484047619047618,0.7821428571428571,0.1644571469268387,0.312740321853105,0.8,0.617936507936508,2.0,0.24275312863317594,0.35,0.5835294117647059,0.9852731054888595,9
JVS_JVSMuSiC,wavlm_l12,12,97,60_20_20_speaker_disjoint,True,acoustic_full_no_mode,classic,logf0_mean;logf0_std;logf0_p05;logf0_p50;logf0_p95;logf0_range;rms_mean;rms_std;duration_s;voiced_rate;energy_mean;energy_std,G->S,20,0.05,7,20,0.35,0.15,0.55,0.7,1.0,0.38160416666666663,0.6959375,0.16920791332826032,0.31878816232402174,0.85,0.54,3.0,0.24275312863317594,0.09999999999999998,0.5835294117647059,0.9852731054888595,9
JVS_JVSMuSiC,wavlm_l12,12,97,60_20_20_speaker_disjoint,True,acoustic_full_plus_mode,mean_preserving,logf0_mean;logf0_std;logf0_p05;logf0_p50;logf0_p95;logf0_range;rms_mean;rms_std;duration_s;voiced_rate;energy_mean;energy_std;mode_dummy,S->G,20,0.05,2,20,0.1,0.0,0.25,0.4,0.8,0.20614937850140055,0.4550686274509804,0.000872695268628437,0.0023498668671025056,0.6,0.32338760504201686,4.5,0.0016415626977068164,0.0,0.5276470588235294,0.012424813028361181,10
JVS_JVSMuSiC,wavlm_l12,12,97,60_20_20_speaker_disjoint,True,acoustic_full_plus_mode,mean_preserving,logf0_mean;logf0_std;logf0_p05;logf0_p50;logf0_p95;logf0_range;rms_mean;rms_std;duration_s;voiced_rate;energy_mean;energy_std;mode_dummy,G->S,20,0.05,6,20,0.3,0.1,0.5,0.5,0.9,0.356001879699248,0.6605613251879698,0.0010344946986162304,0.002273495335956599,0.7,0.4993577694235588,2.0,0.0016415626977068609,0.04999999999999999,0.5276470588235294,0.012424813028361181,10
JVS_JVSMuSiC,wavlm_l12,12,97,60_20_20_speaker_disjoint,True,acoustic_full_plus_mode,classic,logf0_mean;logf0_std;logf0_p05;logf0_p50;logf0_p95;logf0_range;rms_mean;rms_std;duration_s;voiced_rate;energy_mean;energy_std;mode_dummy,S->G,20,0.05,12,20,0.6,0.3987500000000001,0.8,0.7,1.0,0.5359186507936508,0.8655833333333333,0.19185409579966903,0.33357588236584035,0.85,0.7124603174603175,1.0,0.26416940630567864,0.5,0.5276470588235294,0.9861691080729311,10
JVS_JVSMuSiC,wavlm_l12,12,97,60_20_20_speaker_disjoint,True,acoustic_full_plus_mode,classic,logf0_mean;logf0_std;logf0_p05;logf0_p50;logf0_p95;logf0_range;rms_mean;rms_std;duration_s;voiced_rate;energy_mean;energy_std;mode_dummy,G->S,20,0.05,9,20,0.45,0.25,0.65,0.85,1.0,0.4571944444444444,0.7766736111111111,0.17648886172934541,0.3375375620210413,0.95,0.6211111111111111,2.0,0.26416940630567864,0.2,0.5276470588235294,0.9861691080729311,10
JVS_JVSMuSiC,wavlm_l12,12,97,60_20_20_speaker_disjoint,True,single_group_f0,mean_preserving,logf0_mean;logf0_std;logf0_p05;logf0_p50;logf0_p95;logf0_range,S->G,20,0.05,2,20,0.1,0.0,0.25,0.1,0.45,0.1246748702686203,0.3604325396825397,-0.0007718141058496521,0.003909763433061328,0.25,0.22451770451770453,8.0,0.0015205900466197298,0.0,1.0,0.00131633359416361,5
JVS_JVSMuSiC,wavlm_l12,12,97,60_20_20_speaker_disjoint,True,single_group_f0,mean_preserving,logf0_mean;logf0_std;logf0_p05;logf0_p50;logf0_p95;logf0_range,G->S,20,0.05,3,20,0.15,0.0,0.3,0.25,0.65,0.1375653594771242,0.42528380310457514,-0.00011058779282583461,0.0033152514613966513,0.45,0.2682434640522876,7.5,0.0015205900466196908,-0.1,1.0,0.00131633359416361,5
JVS_JVSMuSiC,wavlm_l12,12,97,60_20_20_speaker_disjoint,True,single_group_energy,mean_preserving,rms_mean;rms_std;energy_mean;energy_std,S->G,20,0.05,3,20,0.15,0.0,0.3,0.2,0.6,0.16898262547028994,0.44683533526049957,0.0007676684899691643,0.004698870619382778,0.4,0.2936863319429109,7.0,0.002750966703155888,0.04999999999999999,0.8929411764705882,0.006736705997230752,3
JVS_JVSMuSiC,wavlm_l12,12,97,60_20_20_speaker_disjoint,True,single_group_energy,mean_preserving,rms_mean;rms_std;energy_mean;energy_std,G->S,20,0.05,5,20,0.25,0.1,0.45,0.45,0.85,0.27479562431033017,0.5837840657096172,0.001599804416791332,0.0038594127665956797,0.65,0.41914337704778876,3.5,0.0027509667031558604,0.0,0.8929411764705882,0.006736705997230752,3
JVS_JVSMuSiC,wavlm_l12,12,97,60_20_20_speaker_disjoint,True,single_group_duration,mean_preserving,duration_s,S->G,20,0.05,6,20,0.3,0.1,0.5,0.6,0.95,0.3639845467032967,0.6737946428571427,0.0016820858014389294,0.002903985753682761,0.8,0.5061675824175824,2.5,0.002317798896471196,0.19999999999999998,0.6847058823529412,0.00865218269797019,1
JVS_JVSMuSiC,wavlm_l12,12,97,60_20_20_speaker_disjoint,True,single_group_duration,mean_preserving,duration_s,G->S,20,0.05,9,20,0.45,0.25,0.7,0.6,0.95,0.43411755952380954,0.7581458333333333,0.001632944030934545,0.0029800769039631516,0.8,0.6044345238095238,2.0,0.002317798896471196,0.2,0.6847058823529412,0.00865218269797019,1
JVS_JVSMuSiC,wavlm_l12,12,97,60_20_20_speaker_disjoint,True,single_group_voicing,mean_preserving,voiced_rate,S->G,20,0.05,2,20,0.1,0.0,0.25,0.15,0.55,0.13494510256255615,0.37123438545458665,-1.889309157886832e-05,0.004480023004279914,0.35,0.24461912571432692,7.0,0.0022746484595673353,0.0,1.0,0.0,0
JVS_JVSMuSiC,wavlm_l12,12,97,60_20_20_speaker_disjoint,True,single_group_voicing,mean_preserving,voiced_rate,G->S,20,0.05,5,20,0.25,0.1,0.45,0.2,0.6,0.20215693681318678,0.5365117296918765,0.0005453903857204789,0.00422606265453976,0.4,0.35824202758026286,6.5,0.002274648459567319,0.0,1.0,0.0,0
JVS_JVSMuSiC,wavlm_l12,12,97,60_20_20_speaker_disjoint,True,full_minus_f0,mean_preserving,rms_mean;rms_std;duration_s;voiced_rate;energy_mean;energy_std,S->G,20,0.05,5,20,0.25,0.05,0.45,0.55,0.9,0.3068465232683983,0.6067265286796536,0.0014642376938605614,0.0028327382204693706,0.75,0.45338474025974024,3.0,0.0021784243274756087,0.15,0.6005882352941176,0.010175496977073206,4
JVS_JVSMuSiC,wavlm_l12,12,97,60_20_20_speaker_disjoint,True,full_minus_f0,mean_preserving,rms_mean;rms_std;duration_s;voiced_rate;energy_mean;energy_std,G->S,20,0.05,7,20,0.35,0.15,0.55,0.75,1.0,0.43955482456140343,0.7500416666666666,0.0015004250427833646,0.0028499550428328553,0.9,0.589298245614035,2.0,0.002178424327475631,0.09999999999999998,0.6005882352941176,0.010175496977073206,4
JVS_JVSMuSiC,wavlm_l12,12,97,60_20_20_speaker_disjoint,True,full_minus_energy,mean_preserving,logf0_mean;logf0_std;logf0_p05;logf0_p50;logf0_p95;logf0_range;duration_s;voiced_rate,S->G,20,0.05,5,20,0.25,0.1,0.45,0.35,0.8,0.26712043128654966,0.5788952850877194,0.0008324760631784007,0.0020791541064293165,0.6,0.42415935672514615,3.0,0.0014924005197884005,0.15,0.6911764705882353,0.009959530480552092,6
JVS_JVSMuSiC,wavlm_l12,12,97,60_20_20_speaker_disjoint,True,full_minus_energy,mean_preserving,logf0_mean;logf0_std;logf0_p05;logf0_p50;logf0_p95;logf0_range;duration_s;voiced_rate,G->S,20,0.05,7,20,0.35,0.15,0.55,0.5,0.9,0.34707741308399204,0.6924715434419382,0.000827276076283367,0.0021619866475458896,0.7,0.5089380502538398,2.5,0.001492400519788345,0.09999999999999998,0.6911764705882353,0.009959530480552092,6
JVS_JVSMuSiC,wavlm_l12,12,97,60_20_20_speaker_disjoint,True,full_minus_duration,mean_preserving,logf0_mean;logf0_std;logf0_p05;logf0_p50;logf0_p95;logf0_range;rms_mean;rms_std;voiced_rate;energy_mean;energy_std,S->G,20,0.05,2,20,0.1,0.0,0.25,0.1,0.5,0.13718131719394297,0.39544113249366725,0.00018394667795920694,0.003695033581076669,0.3,0.24922976726575802,9.0,0.001980440283410051,0.0,0.89,0.008203686839740043,8
JVS_JVSMuSiC,wavlm_l12,12,97,60_20_20_speaker_disjoint,True,full_minus_duration,mean_preserving,logf0_mean;logf0_std;logf0_p05;logf0_p50;logf0_p95;logf0_range;rms_mean;rms_std;voiced_rate;energy_mean;energy_std,G->S,20,0.05,3,20,0.15,0.0,0.3,0.25,0.65,0.21112518965919702,0.49133431213394446,0.001076196563645949,0.0029273699561119743,0.45,0.33122671038112217,6.0,0.001980440283410101,-0.1,0.89,0.008203686839740043,8
JVS_JVSMuSiC,wavlm_l12,12,97,60_20_20_speaker_disjoint,True,full_minus_voicing,mean_preserving,logf0_mean;logf0_std;logf0_p05;logf0_p50;logf0_p95;logf0_range;rms_mean;rms_std;duration_s;energy_mean;energy_std,S->G,20,0.05,4,20,0.2,0.05,0.4,0.35,0.75,0.24384077380952382,0.5318695436507935,0.0008580179303904794,0.002226300051401438,0.55,0.3768154761904762,4.5,0.0015456925571563029,0.1,0.5835294117647059,0.01150492776173695,9
JVS_JVSMuSiC,wavlm_l12,12,97,60_20_20_speaker_disjoint,True,full_minus_voicing,mean_preserving,logf0_mean;logf0_std;logf0_p05;logf0_p50;logf0_p95;logf0_range;rms_mean;rms_std;duration_s;energy_mean;energy_std,G->S,20,0.05,7,20,0.35,0.15,0.55,0.5,0.9,0.35871266233766236,0.6838720238095237,0.0007931306313420014,0.002155354291148208,0.7,0.5175216450216451,2.5,0.0015456925571563141,0.09999999999999998,0.5835294117647059,0.01150492776173695,9
JVS_JVSMuSiC,wavlm_l12,12,97,60_20_20_speaker_disjoint,True,row_shuffled_nuisance,mean_preserving,logf0_mean;logf0_std;logf0_p05;logf0_p50;logf0_p95;logf0_range;rms_mean;rms_std;duration_s;voiced_rate;energy_mean;energy_std,S->G,20,0.05,2,20,0.1,0.0,0.25,0.1,0.5,0.1331464686253289,0.37597105508870204,0.00024580182129705627,0.004635818207106505,0.3,0.23293772812155167,8.5,0.002347479951543785,0.0,1.0,0.0005666101972594539,9
JVS_JVSMuSiC,wavlm_l12,12,97,60_20_20_speaker_disjoint,True,row_shuffled_nuisance,mean_preserving,logf0_mean;logf0_std;logf0_p05;logf0_p50;logf0_p95;logf0_range;rms_mean;rms_std;duration_s;voiced_rate;energy_mean;energy_std,G->S,20,0.05,2,20,0.1,0.0,0.25,0.25,0.65,0.1769891456582633,0.4195864845938375,0.00033308207464689826,0.004474250984195314,0.45,0.28683940242763767,8.0,0.0023474799515438073,-0.15,1.0,0.0005666101972594539,9
JVS_JVSMuSiC,wavlm_l12,12,97,60_20_20_speaker_disjoint,True,random_gaussian_nuisance,mean_preserving,logf0_mean;logf0_std;logf0_p05;logf0_p50;logf0_p95;logf0_range;rms_mean;rms_std;duration_s;voiced_rate;energy_mean;energy_std,S->G,20,0.05,2,20,0.1,0.0,0.25,0.25,0.65,0.18266693722943722,0.42112779581529586,0.00037355079224987735,0.003961767144545427,0.45,0.2950847763347763,7.5,0.002299607622461286,0.0,1.0,0.0002996083742722311,12
JVS_JVSMuSiC,wavlm_l12,12,97,60_20_20_speaker_disjoint,True,random_gaussian_nuisance,mean_preserving,logf0_mean;logf0_std;logf0_p05;logf0_p50;logf0_p95;logf0_range;rms_mean;rms_std;duration_s;voiced_rate;energy_mean;energy_std,G->S,20,0.05,3,20,0.15,0.0,0.35,0.2,0.6,0.16901681286549708,0.4450798390206284,0.0007115054322632212,0.004301496752960534,0.4,0.3049697962855858,6.5,0.0022996076224612804,-0.1,1.0,0.0002996083742722311,12
JVS_JVSMuSiC,wavlm_l12,12,97,60_20_20_speaker_disjoint,True,random_low_rank_projection,mean_preserving,random_dir_0;random_dir_1;random_dir_2;random_dir_3;random_dir_4;random_dir_5;random_dir_6;random_dir_7;random_dir_8;random_dir_9;random_dir_10;random_dir_11,S->G,20,0.05,2,20,0.1,0.0,0.25,0.15,0.55,0.14039207580345353,0.36913861330018444,6.245299235445537e-05,0.004391552772708518,0.35,0.24392468126988248,7.5,0.0022576765370937502,0.0,1.0,0.00018182273205735733,12
JVS_JVSMuSiC,wavlm_l12,12,97,60_20_20_speaker_disjoint,True,random_low_rank_projection,mean_preserving,random_dir_0;random_dir_1;random_dir_2;random_dir_3;random_dir_4;random_dir_5;random_dir_6;random_dir_7;random_dir_8;random_dir_9;random_dir_10;random_dir_11,G->S,20,0.05,5,20,0.25,0.09875000000000007,0.45,0.2,0.6,0.20365620286576172,0.5250839864792071,0.0005659687373689818,0.004012918432512394,0.4,0.35856254040077573,6.5,0.0022576765370937667,0.0,1.0,0.00018182273205735733,12
JVS_JVSMuSiC,mert_l3,3,13,60_20_20_speaker_disjoint,True,raw,raw,,S->G,20,0.05,10,20,0.5,0.3,0.7,0.65,1.0,0.4701923076923077,0.7955208333333333,0.008143477209299088,0.01330586031710214,0.85,0.6371794871794872,1.5,0.010736458645623498,0.0,1.0,0.0,0
JVS_JVSMuSiC,mert_l3,3,13,60_20_20_speaker_disjoint,True,raw,raw,,G->S,20,0.05,10,20,0.5,0.25,0.75,0.65,1.0,0.47036732456140345,0.7876041666666665,0.007870061433196825,0.013154208086156359,0.85,0.631798245614035,1.5,0.010736458645623564,0.0,1.0,0.0,0
JVS_JVSMuSiC,mert_l3,3,13,60_20_20_speaker_disjoint,True,center_only_classic,classic,,S->G,20,0.05,13,20,0.65,0.45,0.85,1.0,1.0,0.6666666666666666,0.9125,0.3360353601672422,0.43726507707101425,1.0,0.7958333333333333,1.0,0.3834845594590814,0.15000000000000002,1.0,0.9616109138478982,0
JVS_JVSMuSiC,mert_l3,3,13,60_20_20_speaker_disjoint,True,center_only_classic,classic,,G->S,20,0.05,11,20,0.55,0.34875000000000006,0.75,0.85,1.0,0.5158809523809522,0.8300000000000001,0.3161009870739032,0.44492445237211803,0.95,0.6763095238095238,1.0,0.38348455945908144,0.050000000000000044,1.0,0.9616109138478982,0
JVS_JVSMuSiC,mert_l3,3,13,60_20_20_speaker_disjoint,True,mode_dummy_only,mean_preserving,mode_dummy,S->G,20,0.05,16,20,0.8,0.6,0.95,1.0,1.0,0.7332291666666666,0.975,0.009147928276695704,0.012116324608711704,1.0,0.8666666666666666,1.0,0.010735860982394974,0.30000000000000004,0.45235294117647057,0.00712085778424254,1
JVS_JVSMuSiC,mert_l3,3,13,60_20_20_speaker_disjoint,True,mode_dummy_only,mean_preserving,mode_dummy,G->S,20,0.05,18,20,0.9,0.75,1.0,0.85,1.0,0.8125,1.0,0.00941155747397567,0.012026763218521171,0.95,0.9229166666666666,1.0,0.010735860982394967,0.4,0.45235294117647057,0.00712085778424254,1
JVS_JVSMuSiC,mert_l3,3,13,60_20_20_speaker_disjoint,True,mode_dummy_only,classic,mode_dummy,S->G,20,0.05,18,20,0.9,0.75,1.0,1.0,1.0,0.8583333333333332,1.0,0.4861557577386319,0.5794285668023476,1.0,0.9416666666666667,1.0,0.5322658914494428,0.4,0.45235294117647057,0.9687337564386399,1
JVS_JVSMuSiC,mert_l3,3,13,60_20_20_speaker_disjoint,True,mode_dummy_only,classic,mode_dummy,G->S,20,0.05,16,20,0.8,0.64875,0.95,1.0,1.0,0.7666666666666667,0.975,0.4833293084826775,0.5767684843584729,1.0,0.8833333333333332,1.0,0.5322658914494429,0.30000000000000004,0.45235294117647057,0.9687337564386399,1
JVS_JVSMuSiC,mert_l3,3,13,60_20_20_speaker_disjoint,True,acoustic_full_no_mode,mean_preserving,logf0_mean;logf0_std;logf0_p05;logf0_p50;logf0_p95;logf0_range;rms_mean;rms_std;duration_s;voiced_rate;energy_mean;energy_std,S->G,20,0.05,16,20,0.8,0.6,0.95,0.6,0.95,0.6388202838827839,0.9550000000000001,0.005044860099509932,0.007574391952136343,0.8,0.8201556776556778,1.0,0.0063790608909300665,0.30000000000000004,0.6764705882352942,0.014966276953992441,9
JVS_JVSMuSiC,mert_l3,3,13,60_20_20_speaker_disjoint,True,acoustic_full_no_mode,mean_preserving,logf0_mean;logf0_std;logf0_p05;logf0_p50;logf0_p95;logf0_range;rms_mean;rms_std;duration_s;voiced_rate;energy_mean;energy_std,G->S,20,0.05,17,20,0.85,0.7,1.0,0.75,1.0,0.7308333333333333,1.0,0.005182163465136976,0.00751822278159173,0.9,0.8708333333333332,1.0,0.006379060890930044,0.35,0.6764705882352942,0.014966276953992441,9
JVS_JVSMuSiC,mert_l3,3,13,60_20_20_speaker_disjoint,True,acoustic_full_no_mode,classic,logf0_mean;logf0_std;logf0_p05;logf0_p50;logf0_p95;logf0_range;rms_mean;rms_std;duration_s;voiced_rate;energy_mean;energy_std,S->G,20,0.05,17,20,0.85,0.69875,1.0,0.85,1.0,0.7566666666666666,1.0,0.32556078374892794,0.4572352791523693,0.95,0.8841666666666667,1.0,0.39718552147543285,0.35,0.6764705882352942,0.9771109500755591,9
JVS_JVSMuSiC,mert_l3,3,13,60_20_20_speaker_disjoint,True,acoustic_full_no_mode,classic,logf0_mean;logf0_std;logf0_p05;logf0_p50;logf0_p95;logf0_range;rms_mean;rms_std;duration_s;voiced_rate;energy_mean;energy_std,G->S,20,0.05,15,20,0.75,0.55,0.9,0.85,1.0,0.669375,0.9333333333333332,0.33468252535633536,0.45549349431564823,0.95,0.8180555555555555,1.0,0.3971855214754328,0.25,0.6764705882352942,0.9771109500755591,9
JVS_JVSMuSiC,mert_l3,3,13,60_20_20_speaker_disjoint,True,acoustic_full_plus_mode,mean_preserving,logf0_mean;logf0_std;logf0_p05;logf0_p50;logf0_p95;logf0_range;rms_mean;rms_std;duration_s;voiced_rate;energy_mean;energy_std;mode_dummy,S->G,20,0.05,16,20,0.8,0.6,0.95,0.6,0.95,0.6403113553113553,0.9571428571428571,0.005114877755293279,0.007613216333180213,0.8,0.8201556776556777,1.0,0.006381493153901757,0.30000000000000004,0.43823529411764706,0.015339737216614302,10
JVS_JVSMuSiC,mert_l3,3,13,60_20_20_speaker_disjoint,True,acoustic_full_plus_mode,mean_preserving,logf0_mean;logf0_std;logf0_p05;logf0_p50;logf0_p95;logf0_range;rms_mean;rms_std;duration_s;voiced_rate;energy_mean;energy_std;mode_dummy,G->S,20,0.05,17,20,0.85,0.7,1.0,0.75,1.0,0.7320833333333333,1.0,0.004976311779114847,0.0074736033095780625,0.9,0.8720833333333333,1.0,0.006381493153901796,0.35,0.43823529411764706,0.015339737216614302,10
JVS_JVSMuSiC,mert_l3,3,13,60_20_20_speaker_disjoint,True,acoustic_full_plus_mode,classic,logf0_mean;logf0_std;logf0_p05;logf0_p50;logf0_p95;logf0_range;rms_mean;rms_std;duration_s;voiced_rate;energy_mean;energy_std;mode_dummy,S->G,20,0.05,16,20,0.8,0.65,0.95,0.85,1.0,0.7386363636363636,0.9666666666666666,0.3320414352175406,0.4617984843508234,0.95,0.8628787878787879,1.0,0.39887852648168437,0.30000000000000004,0.43823529411764706,0.9774808103298431,10
JVS_JVSMuSiC,mert_l3,3,13,60_20_20_speaker_disjoint,True,acoustic_full_plus_mode,classic,logf0_mean;logf0_std;logf0_p05;logf0_p50;logf0_p95;logf0_range;rms_mean;rms_std;duration_s;voiced_rate;energy_mean;energy_std;mode_dummy,G->S,20,0.05,16,20,0.8,0.65,0.95,0.85,1.0,0.7111111111111111,0.9666666666666666,0.3343644348708955,0.46145147652401813,0.95,0.8555555555555555,1.0,0.3988785264816844,0.30000000000000004,0.43823529411764706,0.9774808103298431,10
JVS_JVSMuSiC,mert_l3,3,13,60_20_20_speaker_disjoint,True,single_group_f0,mean_preserving,logf0_mean;logf0_std;logf0_p05;logf0_p50;logf0_p95;logf0_range,S->G,20,0.05,8,20,0.4,0.2,0.65,0.5,0.9,0.37213568376068373,0.7363888888888888,0.0034170180624789434,0.008794031764828498,0.7,0.5378044871794871,2.5,0.0062054729853155965,-0.09999999999999998,1.0,0.006103852587323599,5
JVS_JVSMuSiC,mert_l3,3,13,60_20_20_speaker_disjoint,True,single_group_f0,mean_preserving,logf0_mean;logf0_std;logf0_p05;logf0_p50;logf0_p95;logf0_range,G->S,20,0.05,8,20,0.4,0.2,0.6,0.55,0.95,0.3767157738095238,0.7084226190476189,0.003700987170458751,0.008422851235482077,0.75,0.5414880952380953,2.5,0.006205472985315663,-0.09999999999999998,1.0,0.006103852587323599,5
JVS_JVSMuSiC,mert_l3,3,13,60_20_20_speaker_disjoint,True,single_group_energy,mean_preserving,rms_mean;rms_std;energy_mean;energy_std,S->G,20,0.05,13,20,0.65,0.45,0.85,0.75,1.0,0.6441964285714286,0.9050535714285715,0.008682265553521827,0.012705888087961942,0.9,0.7871428571428571,1.0,0.010847956419724447,0.15000000000000002,0.9305882352941176,0.007624253465542075,3
JVS_JVSMuSiC,mert_l3,3,13,60_20_20_speaker_disjoint,True,single_group_energy,mean_preserving,rms_mean;rms_std;energy_mean;energy_std,G->S,20,0.05,17,20,0.85,0.7,1.0,0.85,1.0,0.8,1.0,0.009705136620544518,0.012083086918461413,0.95,0.9083333333333334,1.0,0.010847956419724492,0.35,0.9305882352941176,0.007624253465542075,3
JVS_JVSMuSiC,mert_l3,3,13,60_20_20_speaker_disjoint,True,single_group_duration,mean_preserving,duration_s,S->G,20,0.05,16,20,0.8,0.6,0.95,1.0,1.0,0.7333333333333333,0.975,0.009348178194642787,0.01238125568941438,1.0,0.8666666666666666,1.0,0.010906816803982339,0.30000000000000004,0.691764705882353,0.006665150844289203,1
JVS_JVSMuSiC,mert_l3,3,13,60_20_20_speaker_disjoint,True,single_group_duration,mean_preserving,duration_s,G->S,20,0.05,17,20,0.85,0.7,1.0,0.85,1.0,0.7714285714285714,1.0,0.009577074718873577,0.012102917814146498,0.95,0.8904761904761905,1.0,0.0109068168039823,0.35,0.691764705882353,0.006665150844289203,1
JVS_JVSMuSiC,mert_l3,3,13,60_20_20_speaker_disjoint,True,single_group_voicing,mean_preserving,voiced_rate,S->G,20,0.05,10,20,0.5,0.3,0.7,0.65,1.0,0.4784375,0.8038461538461539,0.008390908086840393,0.013133645869602462,0.85,0.6371794871794872,1.5,0.010736458645623498,0.0,1.0,0.0,0
JVS_JVSMuSiC,mert_l3,3,13,60_20_20_speaker_disjoint,True,single_group_voicing,mean_preserving,voiced_rate,G->S,20,0.05,10,20,0.5,0.25,0.7,0.7,1.0,0.4677631578947368,0.7918366228070175,0.007798780786915074,0.013399336704332819,0.85,0.631798245614035,1.5,0.010736458645623564,0.0,1.0,0.0,0
JVS_JVSMuSiC,mert_l3,3,13,60_20_20_speaker_disjoint,True,full_minus_f0,mean_preserving,rms_mean;rms_std;duration_s;voiced_rate;energy_mean;energy_std,S->G,20,0.05,16,20,0.8,0.6,0.95,0.85,1.0,0.7414285714285714,0.975,0.00896256968010062,0.012048718952115994,0.95,0.8671428571428571,1.0,0.01060194182307585,0.30000000000000004,0.6858823529411765,0.009258675829560081,4
JVS_JVSMuSiC,mert_l3,3,13,60_20_20_speaker_disjoint,True,full_minus_f0,mean_preserving,rms_mean;rms_std;duration_s;voiced_rate;energy_mean;energy_std,G->S,20,0.05,17,20,0.85,0.7,1.0,1.0,1.0,0.8125,1.0,0.00962744544586977,0.011700332381420528,1.0,0.9125,1.0,0.010601941823075856,0.35,0.6858823529411765,0.009258675829560081,4
JVS_JVSMuSiC,mert_l3,3,13,60_20_20_speaker_disjoint,True,full_minus_energy,mean_preserving,logf0_mean;logf0_std;logf0_p05;logf0_p50;logf0_p95;logf0_range;duration_s;voiced_rate,S->G,20,0.05,16,20,0.8,0.6,0.95,0.6,0.95,0.643627840909091,0.95503125,0.004939571697141776,0.007516197061430385,0.8,0.8207954545454544,1.0,0.00627850555405563,0.30000000000000004,0.68,0.012746454418040565,6
JVS_JVSMuSiC,mert_l3,3,13,60_20_20_speaker_disjoint,True,full_minus_energy,mean_preserving,logf0_mean;logf0_std;logf0_p05;logf0_p50;logf0_p95;logf0_range;duration_s;voiced_rate,G->S,20,0.05,15,20,0.75,0.55,0.9,0.65,0.95,0.6439374999999999,0.95625,0.0047765001072019395,0.007689155742183851,0.8,0.7960416666666668,1.0,0.006278505554055652,0.25,0.68,0.012746454418040565,6
JVS_JVSMuSiC,mert_l3,3,13,60_20_20_speaker_disjoint,True,full_minus_duration,mean_preserving,logf0_mean;logf0_std;logf0_p05;logf0_p50;logf0_p95;logf0_range;rms_mean;rms_std;voiced_rate;energy_mean;energy_std,S->G,20,0.05,13,20,0.65,0.45,0.85,0.55,0.9,0.5454635416666667,0.884375,0.004960311584227797,0.008489602738700764,0.75,0.7164583333333333,1.0,0.006672487859130366,0.15000000000000002,0.9152941176470588,0.013180321117837623,8
JVS_JVSMuSiC,mert_l3,3,13,60_20_20_speaker_disjoint,True,full_minus_duration,mean_preserving,logf0_mean;logf0_std;logf0_p05;logf0_p50;logf0_p95;logf0_range;rms_mean;rms_std;voiced_rate;energy_mean;energy_std,G->S,20,0.05,15,20,0.75,0.55,0.9,0.75,1.0,0.6700694444444445,0.9416666666666667,0.005195094743945825,0.007979436441662224,0.9,0.8173611111111111,1.0,0.006672487859130371,0.25,0.9152941176470588,0.013180321117837623,8
JVS_JVSMuSiC,mert_l3,3,13,60_20_20_speaker_disjoint,True,full_minus_voicing,mean_preserving,logf0_mean;logf0_std;logf0_p05;logf0_p50;logf0_p95;logf0_range;rms_mean;rms_std;duration_s;energy_mean;energy_std,S->G,20,0.05,16,20,0.8,0.65,0.95,0.6,0.95,0.6414571886446886,0.9571428571428571,0.005069581442128755,0.007554183645209148,0.8,0.8201556776556778,1.0,0.006379060890930188,0.30000000000000004,0.6764705882352942,0.014966276953988888,9
JVS_JVSMuSiC,mert_l3,3,13,60_20_20_speaker_disjoint,True,full_minus_voicing,mean_preserving,logf0_mean;logf0_std;logf0_p05;logf0_p50;logf0_p95;logf0_range;rms_mean;rms_std;duration_s;energy_mean;energy_std,G->S,20,0.05,17,20,0.85,0.7,1.0,0.75,1.0,0.7340833333333333,1.0,0.00523446224125311,0.00746759946704189,0.9,0.8708333333333332,1.0,0.00637906089093015,0.35,0.6764705882352942,0.014966276953988888,9
JVS_JVSMuSiC,mert_l3,3,13,60_20_20_speaker_disjoint,True,row_shuffled_nuisance,mean_preserving,logf0_mean;logf0_std;logf0_p05;logf0_p50;logf0_p95;logf0_range;rms_mean;rms_std;duration_s;voiced_rate;energy_mean;energy_std,S->G,20,0.05,11,20,0.55,0.35,0.75,0.75,1.0,0.5082708333333333,0.8291666666666666,0.009935821824861609,0.01481305753588571,0.9,0.6775,1.0,0.012375792128874658,0.050000000000000044,1.0,-1.9934802191201584e-05,9
JVS_JVSMuSiC,mert_l3,3,13,60_20_20_speaker_disjoint,True,row_shuffled_nuisance,mean_preserving,logf0_mean;logf0_std;logf0_p05;logf0_p50;logf0_p95;logf0_range;rms_mean;rms_std;duration_s;voiced_rate;energy_mean;energy_std,G->S,20,0.05,9,20,0.45,0.25,0.65,0.85,1.0,0.4834232456140351,0.7819649122807016,0.009408574156000432,0.014871788669296742,0.95,0.6351315789473684,2.0,0.012375792128874663,-0.04999999999999999,1.0,-1.9934802191201584e-05,9
JVS_JVSMuSiC,mert_l3,3,13,60_20_20_speaker_disjoint,True,random_gaussian_nuisance,mean_preserving,logf0_mean;logf0_std;logf0_p05;logf0_p50;logf0_p95;logf0_range;rms_mean;rms_std;duration_s;voiced_rate;energy_mean;energy_std,S->G,20,0.05,5,20,0.25,0.1,0.45,0.7,1.0,0.35552083333333323,0.6375,0.007846242026341502,0.013632258568285932,0.85,0.4930555555555555,3.0,0.010745425442668505,-0.25,1.0,0.0004994208972248781,12
JVS_JVSMuSiC,mert_l3,3,13,60_20_20_speaker_disjoint,True,random_gaussian_nuisance,mean_preserving,logf0_mean;logf0_std;logf0_p05;logf0_p50;logf0_p95;logf0_range;rms_mean;rms_std;duration_s;voiced_rate;energy_mean;energy_std,G->S,20,0.05,10,20,0.5,0.29875000000000007,0.7,0.75,1.0,0.5041041666666667,0.8183541666666667,0.00778612105573855,0.013306490194467342,0.9,0.6575,1.5,0.010745425442668549,0.0,1.0,0.0004994208972248781,12
JVS_JVSMuSiC,mert_l3,3,13,60_20_20_speaker_disjoint,True,random_low_rank_projection,mean_preserving,random_dir_0;random_dir_1;random_dir_2;random_dir_3;random_dir_4;random_dir_5;random_dir_6;random_dir_7;random_dir_8;random_dir_9;random_dir_10;random_dir_11,S->G,20,0.05,10,20,0.5,0.3,0.7,0.7,1.0,0.47915865384615386,0.800088141025641,0.008342446657461923,0.013109540781662137,0.85,0.6413461538461538,1.5,0.010671665775208727,0.0,1.0,0.00030370589462336284,12
JVS_JVSMuSiC,mert_l3,3,13,60_20_20_speaker_disjoint,True,random_low_rank_projection,mean_preserving,random_dir_0;random_dir_1;random_dir_2;random_dir_3;random_dir_4;random_dir_5;random_dir_6;random_dir_7;random_dir_8;random_dir_9;random_dir_10;random_dir_11,G->S,20,0.05,10,20,0.5,0.3,0.7,0.7,1.0,0.4771655701754386,0.8068366228070175,0.008056588644555591,0.01300912325663424,0.85,0.6401315789473684,1.5,0.01067166577520875,0.0,1.0,0.00030370589462336284,12
JVS_JVSMuSiC,mert_l3,3,17,60_20_20_speaker_disjoint,True,raw,raw,,S->G,20,0.05,10,20,0.5,0.3,0.7,0.55,0.95,0.47136309523809516,0.792172619047619,0.007375683423384712,0.01472163537667424,0.75,0.6338095238095238,1.5,0.010679145210804163,0.0,1.0,0.0,0
JVS_JVSMuSiC,mert_l3,3,17,60_20_20_speaker_disjoint,True,raw,raw,,G->S,20,0.05,6,20,0.3,0.15,0.5,0.6,0.95,0.37266815476190474,0.655485119047619,0.008775262166850114,0.01284537492364508,0.8,0.5083928571428571,2.5,0.010679145210804175,0.0,1.0,0.0,0
JVS_JVSMuSiC,mert_l3,3,17,60_20_20_speaker_disjoint,True,center_only_classic,classic,,S->G,20,0.05,10,20,0.5,0.3,0.7,1.0,1.0,0.5933333333333334,0.8416666666666668,0.31905676193078203,0.44867246274300127,1.0,0.7183333333333334,1.5,0.3759850879229132,0.0,1.0,0.9616171565539423,0
JVS_JVSMuSiC,mert_l3,3,17,60_20_20_speaker_disjoint,True,center_only_classic,classic,,G->S,20,0.05,7,20,0.35,0.15,0.55,0.6,0.95,0.41763392857142856,0.7129761904761904,0.29646263382550114,0.45370837538288916,0.8,0.5701190476190476,2.0,0.3759850879229132,0.04999999999999999,1.0,0.9616171565539423,0
JVS_JVSMuSiC,mert_l3,3,17,60_20_20_speaker_disjoint,True,mode_dummy_only,mean_preserving,mode_dummy,S->G,20,0.05,15,20,0.75,0.55,0.9,0.75,1.0,0.6753787878787879,0.95,0.008970983415968565,0.012380413560979174,0.9,0.8274621212121211,1.0,0.010670074259920082,0.25,0.3855421686746988,0.0071101481629290975,1
JVS_JVSMuSiC,mert_l3,3,17,60_20_20_speaker_disjoint,True,mode_dummy_only,mean_preserving,mode_dummy,G->S,20,0.05,16,20,0.8,0.6,0.95,0.85,1.0,0.7547619047619047,0.975,0.009032139154501913,0.012703791978335438,0.95,0.8738095238095237,1.0,0.010670074259920065,0.5,0.3855421686746988,0.0071101481629290975,1
JVS_JVSMuSiC,mert_l3,3,17,60_20_20_speaker_disjoint,True,mode_dummy_only,classic,mode_dummy,S->G,20,0.05,15,20,0.75,0.55,0.9,1.0,1.0,0.7083333333333333,0.9503124999999997,0.45643997005019293,0.5733015686293478,1.0,0.8416666666666668,1.0,0.5184743882775457,0.25,0.3855421686746988,0.9687425818144495,1
JVS_JVSMuSiC,mert_l3,3,17,60_20_20_speaker_disjoint,True,mode_dummy_only,classic,mode_dummy,G->S,20,0.05,17,20,0.85,0.7,1.0,1.0,1.0,0.7716666666666667,1.0,0.46079473090838885,0.5763899682155648,1.0,0.8891666666666668,1.0,0.5184743882775457,0.55,0.3855421686746988,0.9687425818144495,1
JVS_JVSMuSiC,mert_l3,3,17,60_20_20_speaker_disjoint,True,acoustic_full_no_mode,mean_preserving,logf0_mean;logf0_std;logf0_p05;logf0_p50;logf0_p95;logf0_range;rms_mean;rms_std;duration_s;voiced_rate;energy_mean;energy_std,S->G,20,0.05,12,20,0.6,0.4,0.8,0.6,0.95,0.5278314393939394,0.8503787878787878,0.004158472849614741,0.006867622187159005,0.8,0.6993371212121212,1.0,0.00554006503294171,0.09999999999999998,0.6048192771084338,0.016019120985780066,9
JVS_JVSMuSiC,mert_l3,3,17,60_20_20_speaker_disjoint,True,acoustic_full_no_mode,mean_preserving,logf0_mean;logf0_std;logf0_p05;logf0_p50;logf0_p95;logf0_range;rms_mean;rms_std;duration_s;voiced_rate;energy_mean;energy_std,G->S,20,0.05,14,20,0.7,0.5,0.9,0.75,1.0,0.6113472222222222,0.9222222222222222,0.004489647392306682,0.006563626669542512,0.9,0.7688888888888888,1.0,0.0055400650329416766,0.39999999999999997,0.6048192771084338,0.016019120985780066,9
JVS_JVSMuSiC,mert_l3,3,17,60_20_20_speaker_disjoint,True,acoustic_full_no_mode,classic,logf0_mean;logf0_std;logf0_p05;logf0_p50;logf0_p95;logf0_range;rms_mean;rms_std;duration_s;voiced_rate;energy_mean;energy_std,S->G,20,0.05,14,20,0.7,0.5,0.9,0.75,1.0,0.6154761904761905,0.9166666666666666,0.2799720257688393,0.4317295877706502,0.9,0.7821428571428573,1.0,0.3568898895761966,0.19999999999999996,0.6048192771084338,0.9772839127121133,9
JVS_JVSMuSiC,mert_l3,3,17,60_20_20_speaker_disjoint,True,acoustic_full_no_mode,classic,logf0_mean;logf0_std;logf0_p05;logf0_p50;logf0_p95;logf0_range;rms_mean;rms_std;duration_s;voiced_rate;energy_mean;energy_std,G->S,20,0.05,14,20,0.7,0.5,0.9,0.85,1.0,0.6116562499999999,0.9200624999999999,0.2871206053302139,0.42604778123255066,0.95,0.7720833333333335,1.0,0.3568898895761967,0.39999999999999997,0.6048192771084338,0.9772839127121133,9
JVS_JVSMuSiC,mert_l3,3,17,60_20_20_speaker_disjoint,True,acoustic_full_plus_mode,mean_preserving,logf0_mean;logf0_std;logf0_p05;logf0_p50;logf0_p95;logf0_range;rms_mean;rms_std;duration_s;voiced_rate;energy_mean;energy_std;mode_dummy,S->G,20,0.05,14,20,0.7,0.5,0.9,0.7,1.0,0.5915677083333333,0.9183333333333333,0.004113805275662994,0.006968135095971575,0.85,0.7597916666666666,1.0,0.005649397620866592,0.19999999999999996,0.258433734939759,0.016358554117736235,10
JVS_JVSMuSiC,mert_l3,3,17,60_20_20_speaker_disjoint,True,acoustic_full_plus_mode,mean_preserving,logf0_mean;logf0_std;logf0_p05;logf0_p50;logf0_p95;logf0_range;rms_mean;rms_std;duration_s;voiced_rate;energy_mean;energy_std;mode_dummy,G->S,20,0.05,14,20,0.7,0.45,0.9,0.75,1.0,0.6207916666666666,0.9175000000000001,0.004563095974227228,0.006760419620473267,0.9,0.7779166666666667,1.0,0.005649397620866586,0.39999999999999997,0.258433734939759,0.016358554117736235,10
JVS_JVSMuSiC,mert_l3,3,17,60_20_20_speaker_disjoint,True,acoustic_full_plus_mode,classic,logf0_mean;logf0_std;logf0_p05;logf0_p50;logf0_p95;logf0_range;rms_mean;rms_std;duration_s;voiced_rate;energy_mean;energy_std;mode_dummy,S->G,20,0.05,14,20,0.7,0.5,0.9,0.85,1.0,0.6410256410256411,0.9333333333333332,0.27711190935798835,0.429868968017709,0.95,0.7913461538461538,1.0,0.3627109170344565,0.19999999999999996,0.258433734939759,0.9776544181567608,10
JVS_JVSMuSiC,mert_l3,3,17,60_20_20_speaker_disjoint,True,acoustic_full_plus_mode,classic,logf0_mean;logf0_std;logf0_p05;logf0_p50;logf0_p95;logf0_range;rms_mean;rms_std;duration_s;voiced_rate;energy_mean;energy_std;mode_dummy,G->S,20,0.05,14,20,0.7,0.5,0.9,0.85,1.0,0.6361111111111112,0.9223958333333331,0.29089141035358346,0.4315645479819733,0.95,0.7847222222222223,1.0,0.3627109170344565,0.39999999999999997,0.258433734939759,0.9776544181567608,10
JVS_JVSMuSiC,mert_l3,3,17,60_20_20_speaker_disjoint,True,single_group_f0,mean_preserving,logf0_mean;logf0_std;logf0_p05;logf0_p50;logf0_p95;logf0_range,S->G,20,0.05,6,20,0.3,0.1,0.5,0.45,0.85,0.33328281641604,0.6562041823308271,0.0032473548338541676,0.008954159935740719,0.65,0.48284372790951735,2.5,0.006053160596727281,-0.2,1.0,0.006793569431279067,5
JVS_JVSMuSiC,mert_l3,3,17,60_20_20_speaker_disjoint,True,single_group_f0,mean_preserving,logf0_mean;logf0_std;logf0_p05;logf0_p50;logf0_p95;logf0_range,G->S,20,0.05,4,20,0.2,0.05,0.4,0.5,0.9,0.28778409090909085,0.5595568181818181,0.00427130555020283,0.007561826989452893,0.7,0.41871212121212126,3.5,0.0060531605967273135,-0.09999999999999998,1.0,0.006793569431279067,5
JVS_JVSMuSiC,mert_l3,3,17,60_20_20_speaker_disjoint,True,single_group_energy,mean_preserving,rms_mean;rms_std;energy_mean;energy_std,S->G,20,0.05,13,20,0.65,0.45,0.85,0.7,1.0,0.6144027777777777,0.9055555555555556,0.00806461777999064,0.011719220743295252,0.85,0.768888888888889,1.0,0.009942103270664693,0.15000000000000002,0.8933734939759036,0.0077432845738848455,3
JVS_JVSMuSiC,mert_l3,3,17,60_20_20_speaker_disjoint,True,single_group_energy,mean_preserving,rms_mean;rms_std;energy_mean;energy_std,G->S,20,0.05,16,20,0.8,0.6,0.95,1.0,1.0,0.7425,0.975,0.008470154125042184,0.011489885788226172,1.0,0.8724999999999999,1.0,0.00994210327066471,0.5,0.8933734939759036,0.0077432845738848455,3
JVS_JVSMuSiC,mert_l3,3,17,60_20_20_speaker_disjoint,True,single_group_duration,mean_preserving,duration_s,S->G,20,0.05,16,20,0.8,0.6,0.95,0.7,1.0,0.6974025974025974,0.975,0.008712924122161604,0.012622109737081354,0.85,0.8438311688311689,1.0,0.010746351111536222,0.30000000000000004,0.6198795180722891,0.006691975334105926,1
JVS_JVSMuSiC,mert_l3,3,17,60_20_20_speaker_disjoint,True,single_group_duration,mean_preserving,duration_s,G->S,20,0.05,17,20,0.85,0.7,1.0,0.85,1.0,0.7666666666666666,1.0,0.009263354576895198,0.012826259021691091,0.95,0.8979166666666668,1.0,0.010746351111536273,0.55,0.6198795180722891,0.006691975334105926,1
JVS_JVSMuSiC,mert_l3,3,17,60_20_20_speaker_disjoint,True,single_group_voicing,mean_preserving,voiced_rate,S->G,20,0.05,10,20,0.5,0.25,0.7,0.55,0.9,0.46091071428571423,0.7988095238095239,0.007617454699247853,0.014405315620855922,0.75,0.6338095238095238,1.5,0.010679145210804163,0.0,1.0,0.0,0
JVS_JVSMuSiC,mert_l3,3,17,60_20_20_speaker_disjoint,True,single_group_voicing,mean_preserving,voiced_rate,G->S,20,0.05,6,20,0.3,0.1,0.5,0.6,0.95,0.3600744047619047,0.6600104166666666,0.008754966472947557,0.012659829340960212,0.8,0.5083928571428571,2.5,0.010679145210804175,0.0,1.0,0.0,0
JVS_JVSMuSiC,mert_l3,3,17,60_20_20_speaker_disjoint,True,full_minus_f0,mean_preserving,rms_mean;rms_std;duration_s;voiced_rate;energy_mean;energy_std,S->G,20,0.05,13,20,0.65,0.4,0.85,0.75,1.0,0.5989898989898991,0.9083333333333332,0.007915506382882674,0.011529379601466336,0.9,0.7601010101010102,1.0,0.009705104688746174,0.15000000000000002,0.6036144578313253,0.009917503299126995,4
JVS_JVSMuSiC,mert_l3,3,17,60_20_20_speaker_disjoint,True,full_minus_f0,mean_preserving,rms_mean;rms_std;duration_s;voiced_rate;energy_mean;energy_std,G->S,20,0.05,16,20,0.8,0.6,0.95,0.85,1.0,0.7125000000000001,0.9666666666666666,0.008484680757435557,0.0111560200929559,0.95,0.8541666666666666,1.0,0.009705104688746196,0.5,0.6036144578313253,0.009917503299126995,4
JVS_JVSMuSiC,mert_l3,3,17,60_20_20_speaker_disjoint,True,full_minus_energy,mean_preserving,logf0_mean;logf0_std;logf0_p05;logf0_p50;logf0_p95;logf0_range;duration_s;voiced_rate,S->G,20,0.05,12,20,0.6,0.4,0.8,0.7,1.0,0.559875,0.8785714285714284,0.004591290628769379,0.007530709741059789,0.85,0.7227380952380953,1.0,0.006114575582509335,0.09999999999999998,0.6114457831325302,0.01347913438457049,6
JVS_JVSMuSiC,mert_l3,3,17,60_20_20_speaker_disjoint,True,full_minus_energy,mean_preserving,logf0_mean;logf0_std;logf0_p05;logf0_p50;logf0_p95;logf0_range;duration_s;voiced_rate,G->S,20,0.05,14,20,0.7,0.5,0.9,0.85,1.0,0.5974999999999999,0.9199999999999999,0.004950901816026499,0.007194511554941137,0.95,0.7725,1.0,0.0061145755825093625,0.39999999999999997,0.6114457831325302,0.01347913438457049,6
JVS_JVSMuSiC,mert_l3,3,17,60_20_20_speaker_disjoint,True,full_minus_duration,mean_preserving,logf0_mean;logf0_std;logf0_p05;logf0_p50;logf0_p95;logf0_range;rms_mean;rms_std;voiced_rate;energy_mean;energy_std,S->G,20,0.05,8,20,0.4,0.2,0.65,0.7,1.0,0.42056308275058274,0.7410336538461537,0.004297588348889509,0.007353266663307559,0.85,0.5771416083916084,2.0,0.005812026931342596,-0.09999999999999998,0.8819277108433735,0.013901541703603915,8
JVS_JVSMuSiC,mert_l3,3,17,60_20_20_speaker_disjoint,True,full_minus_duration,mean_preserving,logf0_mean;logf0_std;logf0_p05;logf0_p50;logf0_p95;logf0_range;rms_mean;rms_std;voiced_rate;energy_mean;energy_std,G->S,20,0.05,14,20,0.7,0.5,0.9,0.7,1.0,0.6107142857142857,0.9196428571428571,0.004776569472518265,0.006929162563102126,0.85,0.7726190476190476,1.0,0.0058120269313425895,0.39999999999999997,0.8819277108433735,0.013901541703603915,8
JVS_JVSMuSiC,mert_l3,3,17,60_20_20_speaker_disjoint,True,full_minus_voicing,mean_preserving,logf0_mean;logf0_std;logf0_p05;logf0_p50;logf0_p95;logf0_range;rms_mean;rms_std;duration_s;energy_mean;energy_std,S->G,20,0.05,12,20,0.6,0.4,0.8,0.6,0.95,0.5222301136363637,0.8671401515151513,0.004078698196205878,0.006872641933054107,0.8,0.6993371212121212,1.0,0.005540065032941732,0.09999999999999998,0.6048192771084338,0.0160191209857794,9
JVS_JVSMuSiC,mert_l3,3,17,60_20_20_speaker_disjoint,True,full_minus_voicing,mean_preserving,logf0_mean;logf0_std;logf0_p05;logf0_p50;logf0_p95;logf0_range;rms_mean;rms_std;duration_s;energy_mean;energy_std,G->S,20,0.05,14,20,0.7,0.5,0.9,0.75,1.0,0.6096944444444444,0.925,0.004460149152575182,0.006574916864730914,0.9,0.7688888888888888,1.0,0.005540065032941727,0.39999999999999997,0.6048192771084338,0.0160191209857794,9
JVS_JVSMuSiC,mert_l3,3,17,60_20_20_speaker_disjoint,True,row_shuffled_nuisance,mean_preserving,logf0_mean;logf0_std;logf0_p05;logf0_p50;logf0_p95;logf0_range;rms_mean;rms_std;duration_s;voiced_rate;energy_mean;energy_std,S->G,20,0.05,12,20,0.6,0.4,0.8,0.65,1.0,0.5404681776556777,0.8583997252747253,0.00838727327559613,0.014334006819187565,0.85,0.698489010989011,1.0,0.011290378429283631,0.09999999999999998,1.0,0.00041692228103107354,9
JVS_JVSMuSiC,mert_l3,3,17,60_20_20_speaker_disjoint,True,row_shuffled_nuisance,mean_preserving,logf0_mean;logf0_std;logf0_p05;logf0_p50;logf0_p95;logf0_range;rms_mean;rms_std;duration_s;voiced_rate;energy_mean;energy_std,G->S,20,0.05,9,20,0.45,0.25,0.65,0.7,1.0,0.4609404761904761,0.7725624999999999,0.009556469232181406,0.013058181680411209,0.85,0.6213095238095236,2.0,0.011290378429283616,0.15000000000000002,1.0,0.00041692228103107354,9
JVS_JVSMuSiC,mert_l3,3,17,60_20_20_speaker_disjoint,True,random_gaussian_nuisance,mean_preserving,logf0_mean;logf0_std;logf0_p05;logf0_p50;logf0_p95;logf0_range;rms_mean;rms_std;duration_s;voiced_rate;energy_mean;energy_std,S->G,20,0.05,7,20,0.35,0.15,0.55,0.75,1.0,0.4307490530303031,0.7254109848484848,0.007818642298574369,0.01460360760808957,0.9,0.5707954545454547,2.0,0.011149272718018471,-0.15000000000000002,1.0,0.0002488682964097988,12
JVS_JVSMuSiC,mert_l3,3,17,60_20_20_speaker_disjoint,True,random_gaussian_nuisance,mean_preserving,logf0_mean;logf0_std;logf0_p05;logf0_p50;logf0_p95;logf0_range;rms_mean;rms_std;duration_s;voiced_rate;energy_mean;energy_std,G->S,20,0.05,7,20,0.35,0.15,0.55,0.6,0.95,0.38592113095238095,0.69334375,0.00904825137119798,0.013381551407442674,0.8,0.539739010989011,2.5,0.011149272718018483,0.04999999999999999,1.0,0.0002488682964097988,12
JVS_JVSMuSiC,mert_l3,3,17,60_20_20_speaker_disjoint,True,random_low_rank_projection,mean_preserving,random_dir_0;random_dir_1;random_dir_2;random_dir_3;random_dir_4;random_dir_5;random_dir_6;random_dir_7;random_dir_8;random_dir_9;random_dir_10;random_dir_11,S->G,20,0.05,11,20,0.55,0.35,0.75,0.5,0.9,0.4854642857142857,0.8122261904761906,0.007310497585934077,0.014254553595733382,0.7,0.6571428571428571,1.0,0.010593301219800056,0.050000000000000044,1.0,0.00033002911592783235,12
JVS_JVSMuSiC,mert_l3,3,17,60_20_20_speaker_disjoint,True,random_low_rank_projection,mean_preserving,random_dir_0;random_dir_1;random_dir_2;random_dir_3;random_dir_4;random_dir_5;random_dir_6;random_dir_7;random_dir_8;random_dir_9;random_dir_10;random_dir_11,G->S,20,0.05,6,20,0.3,0.1,0.5,0.6,0.95,0.36461309523809526,0.6758437500000001,0.008631180537829063,0.012558389036081032,0.8,0.5083928571428571,2.5,0.010593301219800016,0.0,1.0,0.00033002911592783235,12
JVS_JVSMuSiC,mert_l3,3,19,60_20_20_speaker_disjoint,True,raw,raw,,S->G,20,0.05,6,20,0.3,0.1,0.5,0.6,0.95,0.3696428571428571,0.6584374999999999,0.006610136638929741,0.012164461476235787,0.8,0.5035714285714287,3.0,0.009402402696446498,0.0,1.0,0.0,0
JVS_JVSMuSiC,mert_l3,3,19,60_20_20_speaker_disjoint,True,raw,raw,,G->S,20,0.05,4,20,0.2,0.05,0.4,0.55,0.9,0.2875,0.56875,0.005364509996673182,0.012445142229190381,0.75,0.4179166666666667,3.0,0.00940240269644651,0.0,1.0,0.0,0
JVS_JVSMuSiC,mert_l3,3,19,60_20_20_speaker_disjoint,True,center_only_classic,classic,,S->G,20,0.05,8,20,0.4,0.2,0.65,0.85,1.0,0.5083333333333333,0.7813020833333333,0.2736187461216318,0.39332703677665626,0.95,0.6395833333333334,2.0,0.3319682921929608,0.10000000000000003,1.0,0.9616087520927313,0
JVS_JVSMuSiC,mert_l3,3,19,60_20_20_speaker_disjoint,True,center_only_classic,classic,,G->S,20,0.05,6,20,0.3,0.1,0.5,0.65,1.0,0.36725694444444434,0.6626984126984128,0.25673905541403963,0.4102576362641115,0.85,0.5168650793650794,3.0,0.33196829219296076,0.09999999999999998,1.0,0.9616087520927313,0
JVS_JVSMuSiC,mert_l3,3,19,60_20_20_speaker_disjoint,True,mode_dummy_only,mean_preserving,mode_dummy,S->G,20,0.05,15,20,0.75,0.55,0.9,0.85,1.0,0.6590909090909091,0.9375,0.008121177244190595,0.010782924949069836,0.95,0.8170454545454545,1.0,0.009427283960330162,0.45,0.5994252873563218,0.007111606799613757,1
JVS_JVSMuSiC,mert_l3,3,19,60_20_20_speaker_disjoint,True,mode_dummy_only,mean_preserving,mode_dummy,G->S,20,0.05,15,20,0.75,0.55,0.95,0.75,1.0,0.6773511904761905,0.95,0.007588184213578396,0.011219928368722315,0.9,0.8285714285714285,1.0,0.009427283960330157,0.55,0.5994252873563218,0.007111606799613757,1
JVS_JVSMuSiC,mert_l3,3,19,60_20_20_speaker_disjoint,True,mode_dummy_only,classic,mode_dummy,S->G,20,0.05,14,20,0.7,0.5,0.9,1.0,1.0,0.685,0.9416666666666667,0.4147477711050205,0.5232271099096245,1.0,0.8099999999999999,1.0,0.47080477973023493,0.39999999999999997,0.5994252873563218,0.9687270010020088,1
JVS_JVSMuSiC,mert_l3,3,19,60_20_20_speaker_disjoint,True,mode_dummy_only,classic,mode_dummy,G->S,20,0.05,14,20,0.7,0.5,0.9,1.0,1.0,0.7015833333333333,0.9416666666666667,0.41560941583224204,0.5292005616915855,1.0,0.8266666666666665,1.0,0.470804779730235,0.49999999999999994,0.5994252873563218,0.9687270010020088,1
JVS_JVSMuSiC,mert_l3,3,19,60_20_20_speaker_disjoint,True,acoustic_full_no_mode,mean_preserving,logf0_mean;logf0_std;logf0_p05;logf0_p50;logf0_p95;logf0_range;rms_mean;rms_std;duration_s;voiced_rate;energy_mean;energy_std,S->G,20,0.05,10,20,0.5,0.3,0.7,0.7,1.0,0.4783000398724083,0.8067982456140351,0.0031819230059504746,0.006114782844076796,0.85,0.6421770334928231,1.5,0.004782629200349847,0.2,0.6494252873563219,0.015511594709010201,9
JVS_JVSMuSiC,mert_l3,3,19,60_20_20_speaker_disjoint,True,acoustic_full_no_mode,mean_preserving,logf0_mean;logf0_std;logf0_p05;logf0_p50;logf0_p95;logf0_range;rms_mean;rms_std;duration_s;voiced_rate;energy_mean;energy_std,G->S,20,0.05,14,20,0.7,0.5,0.9,0.85,1.0,0.6632708333333334,0.9333333333333332,0.0034159320073975413,0.005887672835009451,0.95,0.8025,1.0,0.0047826292003498635,0.49999999999999994,0.6494252873563219,0.015511594709010201,9
JVS_JVSMuSiC,mert_l3,3,19,60_20_20_speaker_disjoint,True,acoustic_full_no_mode,classic,logf0_mean;logf0_std;logf0_p05;logf0_p50;logf0_p95;logf0_range;rms_mean;rms_std;duration_s;voiced_rate;energy_mean;energy_std,S->G,20,0.05,15,20,0.75,0.55,0.9,0.85,1.0,0.6367857142857142,0.9571428571428571,0.2560698917216804,0.36076849600190014,0.95,0.7996428571428572,1.0,0.31102871601737575,0.45,0.6494252873563219,0.9772435544464656,9
JVS_JVSMuSiC,mert_l3,3,19,60_20_20_speaker_disjoint,True,acoustic_full_no_mode,classic,logf0_mean;logf0_std;logf0_p05;logf0_p50;logf0_p95;logf0_range;rms_mean;rms_std;duration_s;voiced_rate;energy_mean;energy_std,G->S,20,0.05,12,20,0.6,0.4,0.8,0.85,1.0,0.63125,0.9,0.25581383479519076,0.36813304816083936,0.95,0.7729166666666666,1.0,0.31102871601737575,0.39999999999999997,0.6494252873563219,0.9772435544464656,9
JVS_JVSMuSiC,mert_l3,3,19,60_20_20_speaker_disjoint,True,acoustic_full_plus_mode,mean_preserving,logf0_mean;logf0_std;logf0_p05;logf0_p50;logf0_p95;logf0_range;rms_mean;rms_std;duration_s;voiced_rate;energy_mean;energy_std;mode_dummy,S->G,20,0.05,11,20,0.55,0.35,0.75,0.6,0.95,0.5122266746411483,0.8283991228070176,0.0028320128083995965,0.006320512957073915,0.8,0.6788437001594897,1.0,0.004716507330242986,0.25000000000000006,0.6091954022988506,0.015891489494081035,10
JVS_JVSMuSiC,mert_l3,3,19,60_20_20_speaker_disjoint,True,acoustic_full_plus_mode,mean_preserving,logf0_mean;logf0_std;logf0_p05;logf0_p50;logf0_p95;logf0_range;rms_mean;rms_std;duration_s;voiced_rate;energy_mean;energy_std;mode_dummy,G->S,20,0.05,15,20,0.75,0.55,0.95,0.7,1.0,0.6390617167919799,0.9500657894736841,0.0033830165885112853,0.005813599389045188,0.85,0.8085839598997493,1.0,0.004716507330242936,0.55,0.6091954022988506,0.015891489494081035,10
JVS_JVSMuSiC,mert_l3,3,19,60_20_20_speaker_disjoint,True,acoustic_full_plus_mode,classic,logf0_mean;logf0_std;logf0_p05;logf0_p50;logf0_p95;logf0_range;rms_mean;rms_std;duration_s;voiced_rate;energy_mean;energy_std;mode_dummy,S->G,20,0.05,15,20,0.75,0.55,0.9,0.7,1.0,0.6404613095238094,0.9291666666666666,0.2417336105537291,0.36721274747888566,0.85,0.7994047619047618,1.0,0.3062813345329999,0.45,0.6091954022988506,0.977626060030327,10
JVS_JVSMuSiC,mert_l3,3,19,60_20_20_speaker_disjoint,True,acoustic_full_plus_mode,classic,logf0_mean;logf0_std;logf0_p05;logf0_p50;logf0_p95;logf0_range;rms_mean;rms_std;duration_s;voiced_rate;energy_mean;energy_std;mode_dummy,G->S,20,0.05,14,20,0.7,0.5,0.9,0.75,1.0,0.6429062499999999,0.9305555555555556,0.24664689628611955,0.3678961772233631,0.9,0.7968055555555555,1.0,0.3062813345329999,0.49999999999999994,0.6091954022988506,0.977626060030327,10
JVS_JVSMuSiC,mert_l3,3,19,60_20_20_speaker_disjoint,True,single_group_f0,mean_preserving,logf0_mean;logf0_std;logf0_p05;logf0_p50;logf0_p95;logf0_range,S->G,20,0.05,3,20,0.15,0.0,0.30124999999999885,0.4,0.8,0.2163436550656945,0.48043902606896033,0.002422328981470672,0.008124935129856192,0.6,0.3402921128579023,4.0,0.005249090112211252,-0.15,1.0,0.006575730156921478,5
JVS_JVSMuSiC,mert_l3,3,19,60_20_20_speaker_disjoint,True,single_group_f0,mean_preserving,logf0_mean;logf0_std;logf0_p05;logf0_p50;logf0_p95;logf0_range,G->S,20,0.05,3,20,0.15,0.0,0.35,0.5,0.9,0.2215147456709957,0.47923421717171705,0.0012114656169798835,0.008378548502031392,0.7,0.34617243867243863,4.0,0.005249090112211285,-0.05000000000000002,1.0,0.006575730156921478,5
JVS_JVSMuSiC,mert_l3,3,19,60_20_20_speaker_disjoint,True,single_group_energy,mean_preserving,rms_mean;rms_std;energy_mean;energy_std,S->G,20,0.05,11,20,0.55,0.35,0.75,0.7,1.0,0.5511111111111111,0.8500624999999999,0.00633904517185936,0.0116292923488276,0.85,0.7130555555555556,1.0,0.00941095034311446,0.25000000000000006,0.9155172413793103,0.007922395628634948,3
JVS_JVSMuSiC,mert_l3,3,19,60_20_20_speaker_disjoint,True,single_group_energy,mean_preserving,rms_mean;rms_std;energy_mean;energy_std,G->S,20,0.05,11,20,0.55,0.3,0.75,0.75,1.0,0.5698295454545454,0.8517386363636362,0.007434905011446994,0.011707167923122203,0.9,0.7178787878787879,1.0,0.00941095034311441,0.35000000000000003,0.9155172413793103,0.007922395628634948,3
JVS_JVSMuSiC,mert_l3,3,19,60_20_20_speaker_disjoint,True,single_group_duration,mean_preserving,duration_s,S->G,20,0.05,14,20,0.7,0.5,0.9,0.75,1.0,0.6252746212121212,0.9212121212121211,0.008358058672460412,0.01097251685968125,0.9,0.7837121212121212,1.0,0.009600718772452266,0.39999999999999997,0.6614942528735632,0.006630295591857571,1
JVS_JVSMuSiC,mert_l3,3,19,60_20_20_speaker_disjoint,True,single_group_duration,mean_preserving,duration_s,G->S,20,0.05,16,20,0.8,0.6,0.95,0.85,1.0,0.7385197368421053,0.975,0.007196734667250774,0.0114970700567666,0.95,0.8692982456140351,1.0,0.009600718772452327,0.6000000000000001,0.6614942528735632,0.006630295591857571,1
JVS_JVSMuSiC,mert_l3,3,19,60_20_20_speaker_disjoint,True,single_group_voicing,mean_preserving,voiced_rate,S->G,20,0.05,6,20,0.3,0.1,0.5,0.6,0.95,0.36605654761904755,0.6583333333333333,0.006834712401670725,0.012207830684435383,0.8,0.5035714285714287,3.0,0.009402402696446498,0.0,1.0,0.0,0
JVS_JVSMuSiC,mert_l3,3,19,60_20_20_speaker_disjoint,True,single_group_voicing,mean_preserving,voiced_rate,G->S,20,0.05,4,20,0.2,0.05,0.4,0.55,0.9,0.29416666666666663,0.5670937500000001,0.005507814310725051,0.012389522783756745,0.75,0.4179166666666667,3.0,0.00940240269644651,0.0,1.0,0.0,0
JVS_JVSMuSiC,mert_l3,3,19,60_20_20_speaker_disjoint,True,full_minus_f0,mean_preserving,rms_mean;rms_std;duration_s;voiced_rate;energy_mean;energy_std,S->G,20,0.05,13,20,0.65,0.45,0.85,0.75,1.0,0.6385972222222223,0.9055555555555556,0.006464009302422988,0.010619260368391273,0.9,0.7830555555555556,1.0,0.008788476525779054,0.35000000000000003,0.656896551724138,0.009499828669346733,4
JVS_JVSMuSiC,mert_l3,3,19,60_20_20_speaker_disjoint,True,full_minus_f0,mean_preserving,rms_mean;rms_std;duration_s;voiced_rate;energy_mean;energy_std,G->S,20,0.05,16,20,0.8,0.6,0.95,0.75,1.0,0.7151228632478631,0.975,0.00680199962656311,0.010518170346778074,0.9,0.8594017094017093,1.0,0.008788476525779038,0.6000000000000001,0.656896551724138,0.009499828669346733,4
JVS_JVSMuSiC,mert_l3,3,19,60_20_20_speaker_disjoint,True,full_minus_energy,mean_preserving,logf0_mean;logf0_std;logf0_p05;logf0_p50;logf0_p95;logf0_range;duration_s;voiced_rate,S->G,20,0.05,11,20,0.55,0.35,0.75,0.55,0.9,0.4668472222222222,0.8188878205128205,0.003986273721767276,0.007012835487172229,0.75,0.6485683760683761,1.0,0.005447253518027223,0.25000000000000006,0.6454022988505748,0.01318875635003558,6
JVS_JVSMuSiC,mert_l3,3,19,60_20_20_speaker_disjoint,True,full_minus_energy,mean_preserving,logf0_mean;logf0_std;logf0_p05;logf0_p50;logf0_p95;logf0_range;duration_s;voiced_rate,G->S,20,0.05,14,20,0.7,0.5,0.9,0.75,1.0,0.6574375,0.9333333333333333,0.003471106284065005,0.00694175621967385,0.9,0.8025,1.0,0.005447253518027212,0.49999999999999994,0.6454022988505748,0.01318875635003558,6
JVS_JVSMuSiC,mert_l3,3,19,60_20_20_speaker_disjoint,True,full_minus_duration,mean_preserving,logf0_mean;logf0_std;logf0_p05;logf0_p50;logf0_p95;logf0_range;rms_mean;rms_std;voiced_rate;energy_mean;energy_std,S->G,20,0.05,9,20,0.45,0.25,0.7,0.6,0.95,0.4795345643939395,0.7858547077922078,0.0029649468396933023,0.007521888523950416,0.8,0.6339799783549783,2.0,0.005529802222266555,0.15000000000000002,0.896551724137931,0.013851784911016352,8
JVS_JVSMuSiC,mert_l3,3,19,60_20_20_speaker_disjoint,True,full_minus_duration,mean_preserving,logf0_mean;logf0_std;logf0_p05;logf0_p50;logf0_p95;logf0_range;rms_mean;rms_std;voiced_rate;energy_mean;energy_std,G->S,20,0.05,12,20,0.6,0.4,0.8,0.6,0.95,0.5322916666666667,0.8541666666666666,0.0037766814718424926,0.007212448427283259,0.8,0.696875,1.0,0.005529802222266561,0.39999999999999997,0.896551724137931,0.013851784911016352,8
JVS_JVSMuSiC,mert_l3,3,19,60_20_20_speaker_disjoint,True,full_minus_voicing,mean_preserving,logf0_mean;logf0_std;logf0_p05;logf0_p50;logf0_p95;logf0_range;rms_mean;rms_std;duration_s;energy_mean;energy_std,S->G,20,0.05,10,20,0.5,0.3,0.7,0.7,1.0,0.4739610247208931,0.787703548644338,0.0029706444343743175,0.006248268678439526,0.85,0.6421770334928231,1.5,0.004782629200349725,0.2,0.6494252873563219,0.015511594709009646,9
JVS_JVSMuSiC,mert_l3,3,19,60_20_20_speaker_disjoint,True,full_minus_voicing,mean_preserving,logf0_mean;logf0_std;logf0_p05;logf0_p50;logf0_p95;logf0_range;rms_mean;rms_std;duration_s;energy_mean;energy_std,G->S,20,0.05,14,20,0.7,0.5,0.9,0.85,1.0,0.6525000000000001,0.9250625,0.0031722173067823467,0.005977661281592057,0.95,0.8025,1.0,0.004782629200349703,0.49999999999999994,0.6494252873563219,0.015511594709009646,9
JVS_JVSMuSiC,mert_l3,3,19,60_20_20_speaker_disjoint,True,row_shuffled_nuisance,mean_preserving,logf0_mean;logf0_std;logf0_p05;logf0_p50;logf0_p95;logf0_range;rms_mean;rms_std;duration_s;voiced_rate;energy_mean;energy_std,S->G,20,0.05,4,20,0.2,0.05,0.4,0.55,0.9,0.2862409812409812,0.5640922619047619,0.006133766832154853,0.013069612895498942,0.75,0.41803751803751804,3.0,0.009650751901477472,-0.09999999999999998,1.0,-0.0008937109652644715,9
JVS_JVSMuSiC,mert_l3,3,19,60_20_20_speaker_disjoint,True,row_shuffled_nuisance,mean_preserving,logf0_mean;logf0_std;logf0_p05;logf0_p50;logf0_p95;logf0_range;rms_mean;rms_std;duration_s;voiced_rate;energy_mean;energy_std,G->S,20,0.05,3,20,0.15,0.0,0.35,0.55,0.9,0.24011631944444445,0.4791609623015872,0.005500758285112068,0.013273640873634706,0.75,0.3549900793650793,4.0,0.009650751901477428,-0.05000000000000002,1.0,-0.0008937109652644715,9
JVS_JVSMuSiC,mert_l3,3,19,60_20_20_speaker_disjoint,True,random_gaussian_nuisance,mean_preserving,logf0_mean;logf0_std;logf0_p05;logf0_p50;logf0_p95;logf0_range;rms_mean;rms_std;duration_s;voiced_rate;energy_mean;energy_std,S->G,20,0.05,3,20,0.15,0.0,0.3,0.4,0.8,0.24746094877344876,0.5062971681096681,0.006139414210388829,0.01239925760312054,0.6,0.3677200577200577,4.0,0.00928509739593073,-0.15,1.0,0.0004151445222214667,12
JVS_JVSMuSiC,mert_l3,3,19,60_20_20_speaker_disjoint,True,random_gaussian_nuisance,mean_preserving,logf0_mean;logf0_std;logf0_p05;logf0_p50;logf0_p95;logf0_range;rms_mean;rms_std;duration_s;voiced_rate;energy_mean;energy_std,G->S,20,0.05,3,20,0.15,0.0,0.35,0.5,0.9,0.3026071428571429,0.5538392857142856,0.005740213040379437,0.012136278424911433,0.7,0.41464285714285704,3.0,0.009285097395930742,-0.05000000000000002,1.0,0.0004151445222214667,12
JVS_JVSMuSiC,mert_l3,3,19,60_20_20_speaker_disjoint,True,random_low_rank_projection,mean_preserving,random_dir_0;random_dir_1;random_dir_2;random_dir_3;random_dir_4;random_dir_5;random_dir_6;random_dir_7;random_dir_8;random_dir_9;random_dir_10;random_dir_11,S->G,20,0.05,6,20,0.3,0.1,0.5,0.7,1.0,0.3677113095238095,0.6511339285714286,0.006506502056558986,0.012099167852907294,0.85,0.5052380952380953,3.0,0.009324363028977777,0.0,1.0,0.0003043385646578356,12
JVS_JVSMuSiC,mert_l3,3,19,60_20_20_speaker_disjoint,True,random_low_rank_projection,mean_preserving,random_dir_0;random_dir_1;random_dir_2;random_dir_3;random_dir_4;random_dir_5;random_dir_6;random_dir_7;random_dir_8;random_dir_9;random_dir_10;random_dir_11,G->S,20,0.05,4,20,0.2,0.05,0.4,0.55,0.9,0.2870833333333333,0.5625208333333335,0.005552540225099522,0.012440122203355195,0.75,0.4179166666666667,3.0,0.00932436302897784,0.0,1.0,0.0003043385646578356,12
JVS_JVSMuSiC,mert_l3,3,23,60_20_20_speaker_disjoint,True,raw,raw,,S->G,20,0.05,9,20,0.45,0.25,0.7,0.5,0.9,0.37945792748917745,0.7296498917748917,0.008243089260872015,0.015424760026009067,0.7,0.5633549783549784,2.5,0.011456536269378963,0.0,1.0,0.0,0
JVS_JVSMuSiC,mert_l3,3,23,60_20_20_speaker_disjoint,True,raw,raw,,G->S,20,0.05,6,20,0.3,0.1,0.5,0.7,1.0,0.37458026960784313,0.6612745098039216,0.008783728540848074,0.014096594594281135,0.85,0.5091911764705882,3.0,0.011456536269378986,0.0,1.0,0.0,0
JVS_JVSMuSiC,mert_l3,3,23,60_20_20_speaker_disjoint,True,center_only_classic,classic,,S->G,20,0.05,13,20,0.65,0.45,0.85,1.0,1.0,0.6916666666666667,0.9166666666666666,0.3095731436441148,0.4443206193724108,1.0,0.8083333333333332,1.0,0.3741696068155802,0.2,1.0,0.96162878808215,0
JVS_JVSMuSiC,mert_l3,3,23,60_20_20_speaker_disjoint,True,center_only_classic,classic,,G->S,20,0.05,6,20,0.3,0.1,0.5,0.55,0.95,0.351328869047619,0.6580967261904761,0.2849769665425355,0.46703928248637017,0.75,0.5076190476190475,2.5,0.3741696068155802,0.0,1.0,0.96162878808215,0
JVS_JVSMuSiC,mert_l3,3,23,60_20_20_speaker_disjoint,True,mode_dummy_only,mean_preserving,mode_dummy,S->G,20,0.05,15,20,0.75,0.55,0.9,1.0,1.0,0.7248958333333333,0.95,0.010044542930061965,0.013174415605722368,1.0,0.8458333333333332,1.0,0.011467648817259857,0.3,0.5505434782608696,0.007126759555917461,1
JVS_JVSMuSiC,mert_l3,3,23,60_20_20_speaker_disjoint,True,mode_dummy_only,mean_preserving,mode_dummy,G->S,20,0.05,15,20,0.75,0.55,0.95,1.0,1.0,0.75,0.975,0.009675777186125872,0.013927018842755377,1.0,0.8583333333333332,1.0,0.011467648817259845,0.45,0.5505434782608696,0.007126759555917461,1
JVS_JVSMuSiC,mert_l3,3,23,60_20_20_speaker_disjoint,True,mode_dummy_only,classic,mode_dummy,S->G,20,0.05,17,20,0.85,0.7,1.0,1.0,1.0,0.825,1.0,0.44684340014006557,0.5733445352213457,1.0,0.9166666666666666,1.0,0.5103906163662835,0.39999999999999997,0.5505434782608696,0.9687464850638268,1
JVS_JVSMuSiC,mert_l3,3,23,60_20_20_speaker_disjoint,True,mode_dummy_only,classic,mode_dummy,G->S,20,0.05,15,20,0.75,0.55,0.9,1.0,1.0,0.72,0.95,0.4441404985766849,0.581480022938462,1.0,0.8433333333333334,1.0,0.5103906163662836,0.45,0.5505434782608696,0.9687464850638268,1
JVS_JVSMuSiC,mert_l3,3,23,60_20_20_speaker_disjoint,True,acoustic_full_no_mode,mean_preserving,logf0_mean;logf0_std;logf0_p05;logf0_p50;logf0_p95;logf0_range;rms_mean;rms_std;duration_s;voiced_rate;energy_mean;energy_std,S->G,20,0.05,13,20,0.65,0.45,0.85,0.75,1.0,0.5644924242424243,0.8892291666666665,0.004828914857712679,0.007543154815945821,0.9,0.7374621212121213,1.0,0.006182008007644046,0.2,0.5809782608695652,0.015842764602752912,9
JVS_JVSMuSiC,mert_l3,3,23,60_20_20_speaker_disjoint,True,acoustic_full_no_mode,mean_preserving,logf0_mean;logf0_std;logf0_p05;logf0_p50;logf0_p95;logf0_range;rms_mean;rms_std;duration_s;voiced_rate;energy_mean;energy_std,G->S,20,0.05,15,20,0.75,0.55,0.9,1.0,1.0,0.72,0.9625,0.005199542715263104,0.007286785207290945,1.0,0.8474999999999999,1.0,0.006182008007644096,0.45,0.5809782608695652,0.015842764602752912,9
JVS_JVSMuSiC,mert_l3,3,23,60_20_20_speaker_disjoint,True,acoustic_full_no_mode,classic,logf0_mean;logf0_std;logf0_p05;logf0_p50;logf0_p95;logf0_range;rms_mean;rms_std;duration_s;voiced_rate;energy_mean;energy_std,S->G,20,0.05,13,20,0.65,0.45,0.85,0.75,1.0,0.5878257575757576,0.8876136363636362,0.2727464344468004,0.4362744489824009,0.9,0.7487121212121213,1.0,0.3571518541831014,0.2,0.5809782608695652,0.9770616547989277,9
JVS_JVSMuSiC,mert_l3,3,23,60_20_20_speaker_disjoint,True,acoustic_full_no_mode,classic,logf0_mean;logf0_std;logf0_p05;logf0_p50;logf0_p95;logf0_range;rms_mean;rms_std;duration_s;voiced_rate;energy_mean;energy_std,G->S,20,0.05,14,20,0.7,0.5,0.9,0.75,1.0,0.6162465277777778,0.9199999999999999,0.27901677440462397,0.4309259415199853,0.9,0.7718055555555555,1.0,0.3571518541831014,0.39999999999999997,0.5809782608695652,0.9770616547989277,9
JVS_JVSMuSiC,mert_l3,3,23,60_20_20_speaker_disjoint,True,acoustic_full_plus_mode,mean_preserving,logf0_mean;logf0_std;logf0_p05;logf0_p50;logf0_p95;logf0_range;rms_mean;rms_std;duration_s;voiced_rate;energy_mean;energy_std;mode_dummy,S->G,20,0.05,14,20,0.7,0.5,0.8512499999999988,0.7,1.0,0.6152982954545455,0.9146354166666667,0.0047601335361706736,0.0073242913939177675,0.85,0.7732954545454545,1.0,0.0060499763129032045,0.24999999999999994,0.48532608695652174,0.016210828293669488,10
JVS_JVSMuSiC,mert_l3,3,23,60_20_20_speaker_disjoint,True,acoustic_full_plus_mode,mean_preserving,logf0_mean;logf0_std;logf0_p05;logf0_p50;logf0_p95;logf0_range;rms_mean;rms_std;duration_s;voiced_rate;energy_mean;energy_std;mode_dummy,G->S,20,0.05,15,20,0.75,0.55,0.9,0.85,1.0,0.706375,0.95,0.005076095557218045,0.00708542037162032,0.95,0.8421428571428571,1.0,0.0060499763129031655,0.45,0.48532608695652174,0.016210828293669488,10
JVS_JVSMuSiC,mert_l3,3,23,60_20_20_speaker_disjoint,True,acoustic_full_plus_mode,classic,logf0_mean;logf0_std;logf0_p05;logf0_p50;logf0_p95;logf0_range;rms_mean;rms_std;duration_s;voiced_rate;energy_mean;energy_std;mode_dummy,S->G,20,0.05,13,20,0.65,0.45,0.85,0.7,1.0,0.5998778409090909,0.90625,0.2750507596773901,0.4318315302050342,0.85,0.7541287878787879,1.0,0.35334344941436713,0.2,0.48532608695652174,0.9774296728837589,10
JVS_JVSMuSiC,mert_l3,3,23,60_20_20_speaker_disjoint,True,acoustic_full_plus_mode,classic,logf0_mean;logf0_std;logf0_p05;logf0_p50;logf0_p95;logf0_range;rms_mean;rms_std;duration_s;voiced_rate;energy_mean;energy_std;mode_dummy,G->S,20,0.05,14,20,0.7,0.5,0.9,0.7,1.0,0.616641865079365,0.9134469246031746,0.27629435326207646,0.4292347976596311,0.85,0.7664484126984126,1.0,0.35334344941436713,0.39999999999999997,0.48532608695652174,0.9774296728837589,10
JVS_JVSMuSiC,mert_l3,3,23,60_20_20_speaker_disjoint,True,single_group_f0,mean_preserving,logf0_mean;logf0_std;logf0_p05;logf0_p50;logf0_p95;logf0_range,S->G,20,0.05,8,20,0.4,0.2,0.6,0.35,0.75,0.287880307090785,0.6773239087301587,0.0028696120999895294,0.009832382085921893,0.55,0.47626153666594845,4.0,0.006209357087693973,-0.04999999999999999,1.0,0.006407635889020935,5
JVS_JVSMuSiC,mert_l3,3,23,60_20_20_speaker_disjoint,True,single_group_f0,mean_preserving,logf0_mean;logf0_std;logf0_p05;logf0_p50;logf0_p95;logf0_range,G->S,20,0.05,5,20,0.25,0.1,0.45,0.5,0.9,0.30956412337662337,0.6114635416666667,0.0036237651304109465,0.008514772640612036,0.7,0.4562418831168831,3.0,0.006209357087693962,-0.04999999999999999,1.0,0.006407635889020935,5
JVS_JVSMuSiC,mert_l3,3,23,60_20_20_speaker_disjoint,True,single_group_energy,mean_preserving,rms_mean;rms_std;energy_mean;energy_std,S->G,20,0.05,13,20,0.65,0.4487500000000001,0.85,0.75,1.0,0.5775773809523809,0.8904761904761903,0.008932069861961598,0.01332123837530189,0.9,0.7371428571428572,1.0,0.011209051651779161,0.2,0.9103260869565217,0.007710938300046877,3
JVS_JVSMuSiC,mert_l3,3,23,60_20_20_speaker_disjoint,True,single_group_energy,mean_preserving,rms_mean;rms_std;energy_mean;energy_std,G->S,20,0.05,17,20,0.85,0.7,1.0,1.0,1.0,0.8,1.0,0.009517082328230581,0.012993763543617894,1.0,0.8999999999999998,1.0,0.011209051651779212,0.55,0.9103260869565217,0.007710938300046877,3
JVS_JVSMuSiC,mert_l3,3,23,60_20_20_speaker_disjoint,True,single_group_duration,mean_preserving,duration_s,S->G,20,0.05,14,20,0.7,0.5,0.9,1.0,1.0,0.6623958333333333,0.9333333333333332,0.010460197382146175,0.013472877485440179,1.0,0.8083333333333332,1.0,0.011873758728225348,0.24999999999999994,0.6489130434782608,0.006681155719379994,1
JVS_JVSMuSiC,mert_l3,3,23,60_20_20_speaker_disjoint,True,single_group_duration,mean_preserving,duration_s,G->S,20,0.05,16,20,0.8,0.6,0.95,1.0,1.0,0.8,0.975,0.009999024697158791,0.014250691839414974,1.0,0.9,1.0,0.01187375872822528,0.5,0.6489130434782608,0.006681155719379994,1
JVS_JVSMuSiC,mert_l3,3,23,60_20_20_speaker_disjoint,True,single_group_voicing,mean_preserving,voiced_rate,S->G,20,0.05,9,20,0.45,0.25,0.7,0.5,0.9,0.4030165043290043,0.7358049242424243,0.008041571522670498,0.015455049089345982,0.7,0.5633549783549784,2.5,0.011456536269378963,0.0,1.0,0.0,0
JVS_JVSMuSiC,mert_l3,3,23,60_20_20_speaker_disjoint,True,single_group_voicing,mean_preserving,voiced_rate,G->S,20,0.05,6,20,0.3,0.1,0.5,0.7,1.0,0.36838235294117644,0.6550551470588235,0.008917479367238535,0.014186271654676643,0.85,0.5091911764705882,3.0,0.011456536269378986,0.0,1.0,0.0,0
JVS_JVSMuSiC,mert_l3,3,23,60_20_20_speaker_disjoint,True,full_minus_f0,mean_preserving,rms_mean;rms_std;duration_s;voiced_rate;energy_mean;energy_std,S->G,20,0.05,15,20,0.75,0.55,0.9,1.0,1.0,0.6974375,0.9502499999999997,0.009310263143547503,0.01257836545512478,1.0,0.835,1.0,0.010918649999223911,0.3,0.6038043478260869,0.00989197152877963,4
JVS_JVSMuSiC,mert_l3,3,23,60_20_20_speaker_disjoint,True,full_minus_f0,mean_preserving,rms_mean;rms_std;duration_s;voiced_rate;energy_mean;energy_std,G->S,20,0.05,19,20,0.95,0.85,1.0,1.0,1.0,0.8999999999999998,1.0,0.009192121179853753,0.013268257581155364,1.0,0.9666666666666666,1.0,0.010918649999223923,0.6499999999999999,0.6038043478260869,0.00989197152877963,4
JVS_JVSMuSiC,mert_l3,3,23,60_20_20_speaker_disjoint,True,full_minus_energy,mean_preserving,logf0_mean;logf0_std;logf0_p05;logf0_p50;logf0_p95;logf0_range;duration_s;voiced_rate,S->G,20,0.05,13,20,0.65,0.45,0.85,0.75,1.0,0.5949375,0.8875,0.00527530758273282,0.007782484018695039,0.9,0.7516666666666667,1.0,0.006563227876526861,0.2,0.6472826086956521,0.013082958852759674,6
JVS_JVSMuSiC,mert_l3,3,23,60_20_20_speaker_disjoint,True,full_minus_energy,mean_preserving,logf0_mean;logf0_std;logf0_p05;logf0_p50;logf0_p95;logf0_range;duration_s;voiced_rate,G->S,20,0.05,16,20,0.8,0.6,0.95,0.7,1.0,0.6633333333333333,0.9583333333333334,0.005074539215304249,0.008015505218067693,0.85,0.8274999999999999,1.0,0.006563227876526861,0.5,0.6472826086956521,0.013082958852759674,6
JVS_JVSMuSiC,mert_l3,3,23,60_20_20_speaker_disjoint,True,full_minus_duration,mean_preserving,logf0_mean;logf0_std;logf0_p05;logf0_p50;logf0_p95;logf0_range;rms_mean;rms_std;voiced_rate;energy_mean;energy_std,S->G,20,0.05,11,20,0.55,0.35,0.75,0.6,0.95,0.4803993055555556,0.8292083333333334,0.004683501417332626,0.008333898992012815,0.8,0.6620833333333334,1.0,0.006477676141578714,0.10000000000000003,0.8967391304347826,0.013605256160713619,8
JVS_JVSMuSiC,mert_l3,3,23,60_20_20_speaker_disjoint,True,full_minus_duration,mean_preserving,logf0_mean;logf0_std;logf0_p05;logf0_p50;logf0_p95;logf0_range;rms_mean;rms_std;voiced_rate;energy_mean;energy_std,G->S,20,0.05,13,20,0.65,0.45,0.85,1.0,1.0,0.6407916666666666,0.9125,0.0054576788732679385,0.007516134861640424,1.0,0.7808333333333334,1.0,0.006477676141578709,0.35000000000000003,0.8967391304347826,0.013605256160713619,8
JVS_JVSMuSiC,mert_l3,3,23,60_20_20_speaker_disjoint,True,full_minus_voicing,mean_preserving,logf0_mean;logf0_std;logf0_p05;logf0_p50;logf0_p95;logf0_range;rms_mean;rms_std;duration_s;energy_mean;energy_std,S->G,20,0.05,13,20,0.65,0.45,0.85,0.75,1.0,0.574034090909091,0.8916666666666666,0.004899760466881156,0.007505995405296215,0.9,0.7374621212121213,1.0,0.00618200800764408,0.2,0.5809782608695652,0.015842764602753245,9
JVS_JVSMuSiC,mert_l3,3,23,60_20_20_speaker_disjoint,True,full_minus_voicing,mean_preserving,logf0_mean;logf0_std;logf0_p05;logf0_p50;logf0_p95;logf0_range;rms_mean;rms_std;duration_s;energy_mean;energy_std,G->S,20,0.05,15,20,0.75,0.55,0.9,1.0,1.0,0.7325,0.95,0.005144242258586174,0.007233541607076067,1.0,0.8474999999999999,1.0,0.006182008007644074,0.45,0.5809782608695652,0.015842764602753245,9
JVS_JVSMuSiC,mert_l3,3,23,60_20_20_speaker_disjoint,True,row_shuffled_nuisance,mean_preserving,logf0_mean;logf0_std;logf0_p05;logf0_p50;logf0_p95;logf0_range;rms_mean;rms_std;duration_s;voiced_rate;energy_mean;energy_std,S->G,20,0.05,9,20,0.45,0.2,0.65,0.6,0.95,0.4213784722222222,0.7484999999999998,0.009347987656388527,0.016961103863132973,0.8,0.5893055555555555,2.0,0.012916136500128489,0.0,1.0,-0.001068797434662594,9
JVS_JVSMuSiC,mert_l3,3,23,60_20_20_speaker_disjoint,True,row_shuffled_nuisance,mean_preserving,logf0_mean;logf0_std;logf0_p05;logf0_p50;logf0_p95;logf0_range;rms_mean;rms_std;duration_s;voiced_rate;energy_mean;energy_std,G->S,20,0.05,5,20,0.25,0.05,0.45,0.55,0.9,0.3123380018674136,0.6174751984126984,0.009274478517454192,0.016465719442166137,0.75,0.4595681605975724,3.0,0.012916136500128506,-0.04999999999999999,1.0,-0.001068797434662594,9
JVS_JVSMuSiC,mert_l3,3,23,60_20_20_speaker_disjoint,True,random_gaussian_nuisance,mean_preserving,logf0_mean;logf0_std;logf0_p05;logf0_p50;logf0_p95;logf0_range;rms_mean;rms_std;duration_s;voiced_rate;energy_mean;energy_std,S->G,20,0.05,7,20,0.35,0.15,0.55,0.5,0.9,0.34969345238095234,0.6630059523809524,0.007639392703520274,0.01592293557558995,0.7,0.49886904761904766,3.0,0.011587548771637562,-0.10000000000000003,1.0,0.000168752609976619,12
JVS_JVSMuSiC,mert_l3,3,23,60_20_20_speaker_disjoint,True,random_gaussian_nuisance,mean_preserving,logf0_mean;logf0_std;logf0_p05;logf0_p50;logf0_p95;logf0_range;rms_mean;rms_std;duration_s;voiced_rate;energy_mean;energy_std,G->S,20,0.05,6,20,0.3,0.1,0.5,0.65,1.0,0.38213515406162457,0.6635849089635852,0.008713089689421473,0.014527423008918443,0.85,0.5200840336134454,2.5,0.011587548771637623,0.0,1.0,0.000168752609976619,12
JVS_JVSMuSiC,mert_l3,3,23,60_20_20_speaker_disjoint,True,random_low_rank_projection,mean_preserving,random_dir_0;random_dir_1;random_dir_2;random_dir_3;random_dir_4;random_dir_5;random_dir_6;random_dir_7;random_dir_8;random_dir_9;random_dir_10;random_dir_11,S->G,20,0.05,9,20,0.45,0.25,0.7,0.5,0.9,0.3915546536796537,0.7367275432900433,0.007903916883513109,0.015387100617931426,0.7,0.5633549783549784,2.5,0.01134910962424176,0.0,1.0,0.0003107201251260072,12
JVS_JVSMuSiC,mert_l3,3,23,60_20_20_speaker_disjoint,True,random_low_rank_projection,mean_preserving,random_dir_0;random_dir_1;random_dir_2;random_dir_3;random_dir_4;random_dir_5;random_dir_6;random_dir_7;random_dir_8;random_dir_9;random_dir_10;random_dir_11,G->S,20,0.05,6,20,0.3,0.1,0.5,0.7,1.0,0.36952512254901954,0.6500735294117647,0.008689547380385918,0.014206288782779153,0.85,0.5050245098039216,3.0,0.011349109624241733,0.0,1.0,0.0003107201251260072,12
JVS_JVSMuSiC,mert_l3,3,29,60_20_20_speaker_disjoint,True,raw,raw,,S->G,20,0.05,9,20,0.45,0.25,0.65,0.6,0.95,0.41634301900584797,0.7711458333333333,0.007448871773911281,0.013182278846348624,0.8,0.5886038011695908,2.0,0.010574266197978993,0.0,1.0,0.0,0
JVS_JVSMuSiC,mert_l3,3,29,60_20_20_speaker_disjoint,True,raw,raw,,G->S,20,0.05,11,20,0.55,0.35,0.75,0.7,1.0,0.513327380952381,0.8350535714285714,0.008427286559475219,0.01280057029620999,0.85,0.6804761904761905,1.0,0.010574266197978993,0.0,1.0,0.0,0
JVS_JVSMuSiC,mert_l3,3,29,60_20_20_speaker_disjoint,True,center_only_classic,classic,,S->G,20,0.05,17,20,0.85,0.65,1.0,1.0,1.0,0.8166666666666667,1.0,0.34165328906236836,0.43474585284768075,1.0,0.9166666666666666,1.0,0.38717687948786417,0.39999999999999997,1.0,0.9616430276161391,0
JVS_JVSMuSiC,mert_l3,3,29,60_20_20_speaker_disjoint,True,center_only_classic,classic,,G->S,20,0.05,12,20,0.6,0.4,0.8,0.7,1.0,0.5483229166666667,0.8675,0.30856469517714835,0.46037118644588954,0.85,0.7154166666666667,1.0,0.38717687948786417,0.04999999999999993,1.0,0.9616430276161391,0
JVS_JVSMuSiC,mert_l3,3,29,60_20_20_speaker_disjoint,True,mode_dummy_only,mean_preserving,mode_dummy,S->G,20,0.05,16,20,0.8,0.6,0.95,0.75,1.0,0.6789940476190476,0.975,0.008635515020670115,0.012408249790027423,0.9,0.8502380952380951,1.0,0.010588816316922378,0.35000000000000003,0.3547058823529412,0.007099807109521072,1
JVS_JVSMuSiC,mert_l3,3,29,60_20_20_speaker_disjoint,True,mode_dummy_only,mean_preserving,mode_dummy,G->S,20,0.05,15,20,0.75,0.55,0.9,0.85,1.0,0.7104166666666667,0.95625,0.009148932500337279,0.012292016346634096,0.95,0.8395833333333332,1.0,0.0105888163169224,0.19999999999999996,0.3547058823529412,0.007099807109521072,1
JVS_JVSMuSiC,mert_l3,3,29,60_20_20_speaker_disjoint,True,mode_dummy_only,classic,mode_dummy,S->G,20,0.05,19,20,0.95,0.85,1.0,1.0,1.0,0.925,1.0,0.4627775833888132,0.5788656677338676,1.0,0.975,1.0,0.5216765925608268,0.49999999999999994,0.3547058823529412,0.968755101406019,1
JVS_JVSMuSiC,mert_l3,3,29,60_20_20_speaker_disjoint,True,mode_dummy_only,classic,mode_dummy,G->S,20,0.05,16,20,0.8,0.6,0.95,0.75,1.0,0.7353645833333333,0.975,0.46238695945018654,0.576825034092822,0.9,0.8645833333333334,1.0,0.5216765925608268,0.25,0.3547058823529412,0.968755101406019,1
JVS_JVSMuSiC,mert_l3,3,29,60_20_20_speaker_disjoint,True,acoustic_full_no_mode,mean_preserving,logf0_mean;logf0_std;logf0_p05;logf0_p50;logf0_p95;logf0_range;rms_mean;rms_std;duration_s;voiced_rate;energy_mean;energy_std,S->G,20,0.05,14,20,0.7,0.5,0.9,0.6,0.95,0.6083124999999999,0.9305555555555556,0.004430803375716047,0.007633303595710158,0.8,0.7719444444444445,1.0,0.006166020544525952,0.24999999999999994,0.6211764705882353,0.01586783209084275,9
JVS_JVSMuSiC,mert_l3,3,29,60_20_20_speaker_disjoint,True,acoustic_full_no_mode,mean_preserving,logf0_mean;logf0_std;logf0_p05;logf0_p50;logf0_p95;logf0_range;rms_mean;rms_std;duration_s;voiced_rate;energy_mean;energy_std,G->S,20,0.05,15,20,0.75,0.55,0.9,0.75,1.0,0.6649791666666666,0.9375,0.005118058463508744,0.007202658658738664,0.9,0.8175000000000001,1.0,0.006166020544526013,0.19999999999999996,0.6211764705882353,0.01586783209084275,9
JVS_JVSMuSiC,mert_l3,3,29,60_20_20_speaker_disjoint,True,acoustic_full_no_mode,classic,logf0_mean;logf0_std;logf0_p05;logf0_p50;logf0_p95;logf0_range;rms_mean;rms_std;duration_s;voiced_rate;energy_mean;energy_std,S->G,20,0.05,15,20,0.75,0.55,0.9,0.75,1.0,0.684332264957265,0.95,0.30838975625142756,0.4426943222856894,0.9,0.826068376068376,1.0,0.3806371887148058,0.3,0.6211764705882353,0.9771488974002256,9
JVS_JVSMuSiC,mert_l3,3,29,60_20_20_speaker_disjoint,True,acoustic_full_no_mode,classic,logf0_mean;logf0_std;logf0_p05;logf0_p50;logf0_p95;logf0_range;rms_mean;rms_std;duration_s;voiced_rate;energy_mean;energy_std,G->S,20,0.05,15,20,0.75,0.55,0.95,0.7,1.0,0.6358779761904761,0.9291666666666666,0.3060964081744871,0.4528655736911985,0.85,0.7954761904761904,1.0,0.3806371887148058,0.19999999999999996,0.6211764705882353,0.9771488974002256,9
JVS_JVSMuSiC,mert_l3,3,29,60_20_20_speaker_disjoint,True,acoustic_full_plus_mode,mean_preserving,logf0_mean;logf0_std;logf0_p05;logf0_p50;logf0_p95;logf0_range;rms_mean;rms_std;duration_s;voiced_rate;energy_mean;energy_std;mode_dummy,S->G,20,0.05,13,20,0.65,0.45,0.85,0.7,1.0,0.6022222222222222,0.9056666666666666,0.0042141691642410975,0.007785678855057833,0.85,0.7486111111111111,1.0,0.006175541694305125,0.2,0.39176470588235296,0.016245830977433484,10
JVS_JVSMuSiC,mert_l3,3,29,60_20_20_speaker_disjoint,True,acoustic_full_plus_mode,mean_preserving,logf0_mean;logf0_std;logf0_p05;logf0_p50;logf0_p95;logf0_range;rms_mean;rms_std;duration_s;voiced_rate;energy_mean;energy_std;mode_dummy,G->S,20,0.05,15,20,0.75,0.55,0.9,0.7,1.0,0.6638528138528138,0.9545454545454545,0.005088457051947758,0.007201589183452331,0.85,0.8116883116883116,1.0,0.006175541694305187,0.19999999999999996,0.39176470588235296,0.016245830977433484,10
JVS_JVSMuSiC,mert_l3,3,29,60_20_20_speaker_disjoint,True,acoustic_full_plus_mode,classic,logf0_mean;logf0_std;logf0_p05;logf0_p50;logf0_p95;logf0_range;rms_mean;rms_std;duration_s;voiced_rate;energy_mean;energy_std;mode_dummy,S->G,20,0.05,16,20,0.8,0.6,0.95,0.75,1.0,0.6982478632478633,0.975,0.30133380814829447,0.4404764957781128,0.9,0.8510683760683759,1.0,0.3779752874377459,0.35000000000000003,0.39176470588235296,0.9775256685624908,10
JVS_JVSMuSiC,mert_l3,3,29,60_20_20_speaker_disjoint,True,acoustic_full_plus_mode,classic,logf0_mean;logf0_std;logf0_p05;logf0_p50;logf0_p95;logf0_range;rms_mean;rms_std;duration_s;voiced_rate;energy_mean;energy_std;mode_dummy,G->S,20,0.05,15,20,0.75,0.55,0.9,0.7,1.0,0.6174910714285715,0.9550000000000001,0.28997914422982474,0.4568116730741375,0.85,0.7888095238095237,1.0,0.3779752874377459,0.19999999999999996,0.39176470588235296,0.9775256685624908,10
JVS_JVSMuSiC,mert_l3,3,29,60_20_20_speaker_disjoint,True,single_group_f0,mean_preserving,logf0_mean;logf0_std;logf0_p05;logf0_p50;logf0_p95;logf0_range,S->G,20,0.05,6,20,0.3,0.1,0.5,0.35,0.8,0.2741896645021644,0.6153093885281384,0.0037399499811092895,0.008670288297783834,0.6,0.43583874458874455,4.5,0.006312201779872578,-0.15000000000000002,1.0,0.0065426745387717755,5
JVS_JVSMuSiC,mert_l3,3,29,60_20_20_speaker_disjoint,True,single_group_f0,mean_preserving,logf0_mean;logf0_std;logf0_p05;logf0_p50;logf0_p95;logf0_range,G->S,20,0.05,10,20,0.5,0.3,0.7,0.6,0.95,0.4583235294117647,0.8046495098039216,0.004406564627535961,0.008490405834531225,0.8,0.6329411764705882,1.5,0.00631220177987255,-0.050000000000000044,1.0,0.0065426745387717755,5
JVS_JVSMuSiC,mert_l3,3,29,60_20_20_speaker_disjoint,True,single_group_energy,mean_preserving,rms_mean;rms_std;energy_mean;energy_std,S->G,20,0.05,14,20,0.7,0.5,0.9,0.7,1.0,0.6051755952380953,0.9183333333333333,0.008916093930394338,0.01302971571409711,0.85,0.7677380952380952,1.0,0.011030092343319359,0.24999999999999994,0.8452941176470589,0.00782367406008444,3
JVS_JVSMuSiC,mert_l3,3,29,60_20_20_speaker_disjoint,True,single_group_energy,mean_preserving,rms_mean;rms_std;energy_mean;energy_std,G->S,20,0.05,17,20,0.85,0.7,1.0,1.0,1.0,0.8083333333333332,1.0,0.0094621175148137,0.012698969975200643,1.0,0.9083333333333332,1.0,0.011030092343319375,0.29999999999999993,0.8452941176470589,0.00782367406008444,3
JVS_JVSMuSiC,mert_l3,3,29,60_20_20_speaker_disjoint,True,single_group_duration,mean_preserving,duration_s,S->G,20,0.05,15,20,0.75,0.55,0.9,0.69875,1.0,0.6802524038461538,0.9539062499999998,0.00889426503897178,0.012646261878964862,0.85,0.8184294871794873,1.0,0.010815615923732425,0.3,0.5794117647058824,0.006660062934869648,1
JVS_JVSMuSiC,mert_l3,3,29,60_20_20_speaker_disjoint,True,single_group_duration,mean_preserving,duration_s,G->S,20,0.05,15,20,0.75,0.55,0.9,1.0,1.0,0.7496875000000001,0.9625,0.009443027440593155,0.012339210275943587,1.0,0.8625,1.0,0.010815615923732414,0.19999999999999996,0.5794117647058824,0.006660062934869648,1
JVS_JVSMuSiC,mert_l3,3,29,60_20_20_speaker_disjoint,True,single_group_voicing,mean_preserving,voiced_rate,S->G,20,0.05,9,20,0.45,0.25,0.65,0.6,0.95,0.4153713450292398,0.7594404239766082,0.007479775397054901,0.013431260956571553,0.8,0.5886038011695908,2.0,0.010574266197978993,0.0,1.0,0.0,0
JVS_JVSMuSiC,mert_l3,3,29,60_20_20_speaker_disjoint,True,single_group_voicing,mean_preserving,voiced_rate,G->S,20,0.05,11,20,0.55,0.35,0.75,0.7,1.0,0.5250238095238096,0.8405267857142856,0.008495801031895544,0.01264474767726535,0.85,0.6804761904761905,1.0,0.010574266197978993,0.0,1.0,0.0,0
JVS_JVSMuSiC,mert_l3,3,29,60_20_20_speaker_disjoint,True,full_minus_f0,mean_preserving,rms_mean;rms_std;duration_s;voiced_rate;energy_mean;energy_std,S->G,20,0.05,15,20,0.75,0.55,0.95,0.85,1.0,0.6721160714285713,0.96,0.008443276441163109,0.012048747039757387,0.95,0.8260714285714286,1.0,0.010409525751198283,0.3,0.5952941176470589,0.00983904768813737,4
JVS_JVSMuSiC,mert_l3,3,29,60_20_20_speaker_disjoint,True,full_minus_f0,mean_preserving,rms_mean;rms_std;duration_s;voiced_rate;energy_mean;energy_std,G->S,20,0.05,17,20,0.85,0.7,1.0,1.0,1.0,0.7958333333333333,1.0,0.009221372104992322,0.011627304890797998,1.0,0.9041666666666666,1.0,0.010409525751198318,0.29999999999999993,0.5952941176470589,0.00983904768813737,4
JVS_JVSMuSiC,mert_l3,3,29,60_20_20_speaker_disjoint,True,full_minus_energy,mean_preserving,logf0_mean;logf0_std;logf0_p05;logf0_p50;logf0_p95;logf0_range;duration_s;voiced_rate,S->G,20,0.05,13,20,0.65,0.45,0.85,0.65,1.0,0.5738322368421052,0.9041666666666666,0.004819187054324146,0.007997512846199338,0.85,0.7409649122807018,1.0,0.006495525471057945,0.2,0.5829411764705882,0.013195505494140947,6
JVS_JVSMuSiC,mert_l3,3,29,60_20_20_speaker_disjoint,True,full_minus_energy,mean_preserving,logf0_mean;logf0_std;logf0_p05;logf0_p50;logf0_p95;logf0_range;duration_s;voiced_rate,G->S,20,0.05,16,20,0.8,0.65,0.95,0.85,1.0,0.6874583333333332,0.9625,0.005341695141670056,0.0076581226861028515,0.95,0.8408333333333333,1.0,0.006495525471057956,0.25,0.5829411764705882,0.013195505494140947,6
JVS_JVSMuSiC,mert_l3,3,29,60_20_20_speaker_disjoint,True,full_minus_duration,mean_preserving,logf0_mean;logf0_std;logf0_p05;logf0_p50;logf0_p95;logf0_range;rms_mean;rms_std;voiced_rate;energy_mean;energy_std,S->G,20,0.05,10,20,0.5,0.3,0.7,0.7,1.0,0.49522727272727274,0.8125,0.004682957002035588,0.008576229771907157,0.85,0.6590909090909091,1.5,0.006866539410908967,0.04999999999999999,0.8523529411764705,0.013806898033565607,8
JVS_JVSMuSiC,mert_l3,3,29,60_20_20_speaker_disjoint,True,full_minus_duration,mean_preserving,logf0_mean;logf0_std;logf0_p05;logf0_p50;logf0_p95;logf0_range;rms_mean;rms_std;voiced_rate;energy_mean;energy_std,G->S,20,0.05,16,20,0.8,0.6,0.95,0.7,1.0,0.7020892857142857,0.9666666666666666,0.0055790932188644424,0.008300407176910074,0.85,0.8371428571428572,1.0,0.006866539410909001,0.25,0.8523529411764705,0.013806898033565607,8
JVS_JVSMuSiC,mert_l3,3,29,60_20_20_speaker_disjoint,True,full_minus_voicing,mean_preserving,logf0_mean;logf0_std;logf0_p05;logf0_p50;logf0_p95;logf0_range;rms_mean;rms_std;duration_s;energy_mean;energy_std,S->G,20,0.05,14,20,0.7,0.5,0.9,0.6,0.95,0.5993819444444445,0.9111111111111111,0.004582530648458532,0.0075425627921928,0.8,0.7719444444444445,1.0,0.006166020544525952,0.24999999999999994,0.6211764705882353,0.015867832090842637,9
JVS_JVSMuSiC,mert_l3,3,29,60_20_20_speaker_disjoint,True,full_minus_voicing,mean_preserving,logf0_mean;logf0_std;logf0_p05;logf0_p50;logf0_p95;logf0_range;rms_mean;rms_std;duration_s;energy_mean;energy_std,G->S,20,0.05,15,20,0.75,0.55,0.9012499999999989,0.75,1.0,0.6624374999999999,0.9416666666666667,0.00501534879000393,0.007077530895466966,0.9,0.8175000000000001,1.0,0.006166020544525974,0.19999999999999996,0.6211764705882353,0.015867832090842637,9
JVS_JVSMuSiC,mert_l3,3,29,60_20_20_speaker_disjoint,True,row_shuffled_nuisance,mean_preserving,logf0_mean;logf0_std;logf0_p05;logf0_p50;logf0_p95;logf0_range;rms_mean;rms_std;duration_s;voiced_rate;energy_mean;energy_std,S->G,20,0.05,9,20,0.45,0.25,0.65,0.6,0.95,0.4171284722222222,0.7667013888888888,0.00899104088252436,0.014779844173822311,0.8,0.5828472222222223,2.5,0.011907398704501998,0.0,1.0,-5.215368910960194e-05,9
JVS_JVSMuSiC,mert_l3,3,29,60_20_20_speaker_disjoint,True,row_shuffled_nuisance,mean_preserving,logf0_mean;logf0_std;logf0_p05;logf0_p50;logf0_p95;logf0_range;rms_mean;rms_std;duration_s;voiced_rate;energy_mean;energy_std,G->S,20,0.05,10,20,0.5,0.29875000000000007,0.7,0.7,1.0,0.5283139880952381,0.8183333333333334,0.00961228753641617,0.014028629028026922,0.85,0.6650595238095237,1.5,0.011907398704502003,-0.050000000000000044,1.0,-5.215368910960194e-05,9
JVS_JVSMuSiC,mert_l3,3,29,60_20_20_speaker_disjoint,True,random_gaussian_nuisance,mean_preserving,logf0_mean;logf0_std;logf0_p05;logf0_p50;logf0_p95;logf0_range;rms_mean;rms_std;duration_s;voiced_rate;energy_mean;energy_std,S->G,20,0.05,8,20,0.4,0.2,0.6,0.55,0.9,0.36674488705738706,0.7196994047619047,0.0076053498091464165,0.01364438007761584,0.75,0.548489010989011,2.0,0.010522878136764845,-0.04999999999999999,1.0,0.0002587003819481959,12
JVS_JVSMuSiC,mert_l3,3,29,60_20_20_speaker_disjoint,True,random_gaussian_nuisance,mean_preserving,logf0_mean;logf0_std;logf0_p05;logf0_p50;logf0_p95;logf0_range;rms_mean;rms_std;duration_s;voiced_rate;energy_mean;energy_std,G->S,20,0.05,9,20,0.45,0.25,0.7,0.6,0.95,0.4536874999999999,0.7812723214285714,0.00806771195130324,0.01273031035553419,0.8,0.6260485347985348,2.0,0.010522878136764802,-0.10000000000000003,1.0,0.0002587003819481959,12
JVS_JVSMuSiC,mert_l3,3,29,60_20_20_speaker_disjoint,True,random_low_rank_projection,mean_preserving,random_dir_0;random_dir_1;random_dir_2;random_dir_3;random_dir_4;random_dir_5;random_dir_6;random_dir_7;random_dir_8;random_dir_9;random_dir_10;random_dir_11,S->G,20,0.05,9,20,0.45,0.25,0.65,0.6,0.95,0.42440186403508756,0.7688919956140351,0.0073920581840932545,0.013269529151906054,0.8,0.5886038011695908,2.0,0.010504597383585734,0.0,1.0,0.0003443532776060687,12
JVS_JVSMuSiC,mert_l3,3,29,60_20_20_speaker_disjoint,True,random_low_rank_projection,mean_preserving,random_dir_0;random_dir_1;random_dir_2;random_dir_3;random_dir_4;random_dir_5;random_dir_6;random_dir_7;random_dir_8;random_dir_9;random_dir_10;random_dir_11,G->S,20,0.05,10,20,0.5,0.3,0.7,0.7,1.0,0.5029017857142857,0.8126160714285713,0.008333664183762357,0.01258257496459673,0.85,0.6554761904761904,1.5,0.010504597383585713,-0.050000000000000044,1.0,0.0003443532776060687,12
JVS_JVSMuSiC,mert_l3,3,31,60_20_20_speaker_disjoint,True,raw,raw,,S->G,20,0.05,7,20,0.35,0.15,0.55,0.69875,1.0,0.38462103174603174,0.6838948412698412,0.008862397803491047,0.015252097338329768,0.85,0.5349603174603175,2.5,0.011928124667859813,0.0,1.0,0.0,0
JVS_JVSMuSiC,mert_l3,3,31,60_20_20_speaker_disjoint,True,raw,raw,,G->S,20,0.05,8,20,0.4,0.2,0.6,0.65,0.95,0.37766756379585326,0.7087684409888357,0.007457730793803608,0.01591200890036539,0.8,0.5459270334928229,2.5,0.011928124667859797,0.0,1.0,0.0,0
JVS_JVSMuSiC,mert_l3,3,31,60_20_20_speaker_disjoint,True,center_only_classic,classic,,S->G,20,0.05,11,20,0.55,0.35,0.75,0.85,1.0,0.5432291666666667,0.8375,0.3176647031866639,0.4252227556975292,0.95,0.6975,1.0,0.3716285722021295,0.20000000000000007,1.0,0.961563407128622,0
JVS_JVSMuSiC,mert_l3,3,31,60_20_20_speaker_disjoint,True,center_only_classic,classic,,G->S,20,0.05,8,20,0.4,0.2,0.6,0.75,1.0,0.4408154761904762,0.7395848214285714,0.3041321252175821,0.43705788856944167,0.9,0.5917261904761905,2.0,0.3716285722021295,0.0,1.0,0.961563407128622,0
JVS_JVSMuSiC,mert_l3,3,31,60_20_20_speaker_disjoint,True,mode_dummy_only,mean_preserving,mode_dummy,S->G,20,0.05,17,20,0.85,0.7,1.0,0.85,1.0,0.7855357142857143,1.0,0.010240517693077518,0.01344471111490638,0.95,0.9071428571428571,1.0,0.011967282683985503,0.5,0.5522727272727272,0.007107881463749188,1
JVS_JVSMuSiC,mert_l3,3,31,60_20_20_speaker_disjoint,True,mode_dummy_only,mean_preserving,mode_dummy,G->S,20,0.05,14,20,0.7,0.5,0.9,0.75,1.0,0.6266666666666667,0.9199999999999999,0.009729894813517425,0.013940327138482402,0.9,0.7825,1.0,0.01196728268398548,0.29999999999999993,0.5522727272727272,0.007107881463749188,1
JVS_JVSMuSiC,mert_l3,3,31,60_20_20_speaker_disjoint,True,mode_dummy_only,classic,mode_dummy,S->G,20,0.05,14,20,0.7,0.5,0.9,0.85,1.0,0.6880208333333333,0.9375,0.4677742082549266,0.5650561748647269,0.95,0.8113095238095237,1.0,0.5176168961231917,0.35,0.5522727272727272,0.9686781360205053,1
JVS_JVSMuSiC,mert_l3,3,31,60_20_20_speaker_disjoint,True,mode_dummy_only,classic,mode_dummy,G->S,20,0.05,16,20,0.8,0.65,0.95,1.0,1.0,0.7573749999999999,0.975,0.4682748265692983,0.5659414302024192,1.0,0.8724999999999999,1.0,0.5176168961231917,0.4,0.5522727272727272,0.9686781360205053,1
JVS_JVSMuSiC,mert_l3,3,31,60_20_20_speaker_disjoint,True,acoustic_full_no_mode,mean_preserving,logf0_mean;logf0_std;logf0_p05;logf0_p50;logf0_p95;logf0_range;rms_mean;rms_std;duration_s;voiced_rate;energy_mean;energy_std,S->G,20,0.05,8,20,0.4,0.2,0.6,0.65,1.0,0.4416315789473684,0.74796875,0.003711344626166903,0.0070313998105474285,0.85,0.5888815789473684,2.0,0.005543238831557962,0.050000000000000044,0.6596590909090909,0.015412072241237973,9
JVS_JVSMuSiC,mert_l3,3,31,60_20_20_speaker_disjoint,True,acoustic_full_no_mode,mean_preserving,logf0_mean;logf0_std;logf0_p05;logf0_p50;logf0_p95;logf0_range;rms_mean;rms_std;duration_s;voiced_rate;energy_mean;energy_std,G->S,20,0.05,13,20,0.65,0.45,0.85,0.7,1.0,0.6054099264705882,0.9054411764705883,0.0034778470672627046,0.0071432203517996845,0.85,0.7616911764705883,1.0,0.005543238831557984,0.25,0.6596590909090909,0.015412072241237973,9
JVS_JVSMuSiC,mert_l3,3,31,60_20_20_speaker_disjoint,True,acoustic_full_no_mode,classic,logf0_mean;logf0_std;logf0_p05;logf0_p50;logf0_p95;logf0_range;rms_mean;rms_std;duration_s;voiced_rate;energy_mean;energy_std,S->G,20,0.05,14,20,0.7,0.45,0.9,0.75,1.0,0.65,0.9292708333333332,0.2751217319338022,0.3819383176535477,0.9,0.7958333333333334,1.0,0.3280830400894629,0.35,0.6596590909090909,0.9772083452473048,9
JVS_JVSMuSiC,mert_l3,3,31,60_20_20_speaker_disjoint,True,acoustic_full_no_mode,classic,logf0_mean;logf0_std;logf0_p05;logf0_p50;logf0_p95;logf0_range;rms_mean;rms_std;duration_s;voiced_rate;energy_mean;energy_std,G->S,20,0.05,15,20,0.75,0.55,0.95,0.7,1.0,0.6350446428571428,0.9333333333333332,0.261450309034146,0.39117908048207717,0.85,0.8050595238095237,1.0,0.32808304008946293,0.35,0.6596590909090909,0.9772083452473048,9
JVS_JVSMuSiC,mert_l3,3,31,60_20_20_speaker_disjoint,True,acoustic_full_plus_mode,mean_preserving,logf0_mean;logf0_std;logf0_p05;logf0_p50;logf0_p95;logf0_range;rms_mean;rms_std;duration_s;voiced_rate;energy_mean;energy_std;mode_dummy,S->G,20,0.05,8,20,0.4,0.2,0.6,0.7,1.0,0.4371805555555556,0.7500104166666667,0.0034886222768990417,0.007345736920924986,0.85,0.5893055555555555,2.0,0.005673083136249246,0.050000000000000044,0.55625,0.015782666637174203,10
JVS_JVSMuSiC,mert_l3,3,31,60_20_20_speaker_disjoint,True,acoustic_full_plus_mode,mean_preserving,logf0_mean;logf0_std;logf0_p05;logf0_p50;logf0_p95;logf0_range;rms_mean;rms_std;duration_s;voiced_rate;energy_mean;energy_std;mode_dummy,G->S,20,0.05,14,20,0.7,0.4987500000000001,0.9,0.7,1.0,0.5995581140350877,0.9125,0.0037942221195527187,0.00722177924615846,0.85,0.7740204678362572,1.0,0.005673083136249252,0.29999999999999993,0.55625,0.015782666637174203,10
JVS_JVSMuSiC,mert_l3,3,31,60_20_20_speaker_disjoint,True,acoustic_full_plus_mode,classic,logf0_mean;logf0_std;logf0_p05;logf0_p50;logf0_p95;logf0_range;rms_mean;rms_std;duration_s;voiced_rate;energy_mean;energy_std;mode_dummy,S->G,20,0.05,14,20,0.7,0.5,0.9,1.0,1.0,0.6625,0.925,0.2814256269833835,0.39455346278864845,1.0,0.8125,1.0,0.33753829304663163,0.35,0.55625,0.9775792095668777,10
JVS_JVSMuSiC,mert_l3,3,31,60_20_20_speaker_disjoint,True,acoustic_full_plus_mode,classic,logf0_mean;logf0_std;logf0_p05;logf0_p50;logf0_p95;logf0_range;rms_mean;rms_std;duration_s;voiced_rate;energy_mean;energy_std;mode_dummy,G->S,20,0.05,14,20,0.7,0.5,0.9,0.85,1.0,0.6509642857142857,0.9321428571428572,0.27568785299374265,0.3991292932657945,0.95,0.8046428571428571,1.0,0.33753829304663163,0.29999999999999993,0.55625,0.9775792095668777,10
JVS_JVSMuSiC,mert_l3,3,31,60_20_20_speaker_disjoint,True,single_group_f0,mean_preserving,logf0_mean;logf0_std;logf0_p05;logf0_p50;logf0_p95;logf0_range,S->G,20,0.05,3,20,0.15,0.0,0.3,0.25,0.7,0.1737718253968254,0.4401488095238095,0.003175830568030391,0.009760812281750113,0.45,0.29924603174603176,6.0,0.006526617159504949,-0.19999999999999998,1.0,0.006468488852597543,5
JVS_JVSMuSiC,mert_l3,3,31,60_20_20_speaker_disjoint,True,single_group_f0,mean_preserving,logf0_mean;logf0_std;logf0_p05;logf0_p50;logf0_p95;logf0_range,G->S,20,0.05,6,20,0.3,0.1,0.5,0.4,0.8,0.27720449561403504,0.6084786184210527,0.002082874455920578,0.01032325890351763,0.6,0.4401315789473685,4.0,0.006526617159504988,-0.10000000000000003,1.0,0.006468488852597543,5
JVS_JVSMuSiC,mert_l3,3,31,60_20_20_speaker_disjoint,True,single_group_energy,mean_preserving,rms_mean;rms_std;energy_mean;energy_std,S->G,20,0.05,12,20,0.6,0.4,0.8,0.69875,1.0,0.5734077380952382,0.8775000000000001,0.007712537441482675,0.014362305189789818,0.85,0.7276984126984127,1.0,0.011373222759686963,0.25,0.852840909090909,0.00789101599276787,3
JVS_JVSMuSiC,mert_l3,3,31,60_20_20_speaker_disjoint,True,single_group_energy,mean_preserving,rms_mean;rms_std;energy_mean;energy_std,G->S,20,0.05,16,20,0.8,0.6,0.95,0.75,1.0,0.7187606837606837,0.975,0.00969224819847488,0.013163896328902122,0.9,0.8594017094017093,1.0,0.011373222759686935,0.4,0.852840909090909,0.00789101599276787,3
JVS_JVSMuSiC,mert_l3,3,31,60_20_20_speaker_disjoint,True,single_group_duration,mean_preserving,duration_s,S->G,20,0.05,15,20,0.75,0.55,0.9,0.85,1.0,0.7213988095238094,0.95,0.010549567372826914,0.013762795911425204,0.95,0.8488095238095237,1.0,0.012140699747470252,0.4,0.6852272727272727,0.006642482762447055,1
JVS_JVSMuSiC,mert_l3,3,31,60_20_20_speaker_disjoint,True,single_group_duration,mean_preserving,duration_s,G->S,20,0.05,15,20,0.75,0.55,0.9012499999999989,0.75,1.0,0.6580367647058822,0.96,0.009532727140258934,0.014241971577149478,0.9,0.8129411764705882,1.0,0.012140699747470252,0.35,0.6852272727272727,0.006642482762447055,1
JVS_JVSMuSiC,mert_l3,3,31,60_20_20_speaker_disjoint,True,single_group_voicing,mean_preserving,voiced_rate,S->G,20,0.05,7,20,0.35,0.15,0.6,0.7,1.0,0.37608829365079366,0.6838948412698413,0.008801391721940853,0.015171663215518409,0.85,0.5349603174603175,2.5,0.011928124667859813,0.0,1.0,0.0,0
JVS_JVSMuSiC,mert_l3,3,31,60_20_20_speaker_disjoint,True,single_group_voicing,mean_preserving,voiced_rate,G->S,20,0.05,8,20,0.4,0.2,0.6,0.6,0.95,0.3840927033492823,0.6989038576555023,0.007283857736132332,0.01592922403076048,0.8,0.5459270334928229,2.5,0.011928124667859797,0.0,1.0,0.0,0
JVS_JVSMuSiC,mert_l3,3,31,60_20_20_speaker_disjoint,True,full_minus_f0,mean_preserving,rms_mean;rms_std;duration_s;voiced_rate;energy_mean;energy_std,S->G,20,0.05,12,20,0.6,0.3987500000000001,0.8,0.75,1.0,0.5716145833333334,0.8833333333333332,0.007651339901190125,0.012693695055810493,0.9,0.7337499999999999,1.0,0.010382536077256787,0.25,0.6926136363636364,0.009467188905207147,4
JVS_JVSMuSiC,mert_l3,3,31,60_20_20_speaker_disjoint,True,full_minus_f0,mean_preserving,rms_mean;rms_std;duration_s;voiced_rate;energy_mean;energy_std,G->S,20,0.05,15,20,0.75,0.55,0.9,0.65,1.0,0.6425396825396825,0.9500892857142856,0.008514957256800878,0.012164588709589528,0.85,0.8012698412698412,1.0,0.010382536077256716,0.35,0.6926136363636364,0.009467188905207147,4
JVS_JVSMuSiC,mert_l3,3,31,60_20_20_speaker_disjoint,True,full_minus_energy,mean_preserving,logf0_mean;logf0_std;logf0_p05;logf0_p50;logf0_p95;logf0_range;duration_s;voiced_rate,S->G,20,0.05,8,20,0.4,0.2,0.6,0.85,1.0,0.45793055555555556,0.7583472222222222,0.0051051136559983855,0.008133230651418123,0.95,0.6063888888888889,2.0,0.006578974286707634,0.050000000000000044,0.6767045454545455,0.013094386978317996,6
JVS_JVSMuSiC,mert_l3,3,31,60_20_20_speaker_disjoint,True,full_minus_energy,mean_preserving,logf0_mean;logf0_std;logf0_p05;logf0_p50;logf0_p95;logf0_range;duration_s;voiced_rate,G->S,20,0.05,14,20,0.7,0.5,0.9,0.65,0.95,0.5767058823529412,0.9145833333333332,0.003764394819734084,0.008748286191339744,0.8,0.753357843137255,1.0,0.006578974286707695,0.29999999999999993,0.6767045454545455,0.013094386978317996,6
JVS_JVSMuSiC,mert_l3,3,31,60_20_20_speaker_disjoint,True,full_minus_duration,mean_preserving,logf0_mean;logf0_std;logf0_p05;logf0_p50;logf0_p95;logf0_range;rms_mean;rms_std;voiced_rate;energy_mean;energy_std,S->G,20,0.05,10,20,0.5,0.3,0.7,0.6,0.95,0.47370107323232324,0.8055928030303031,0.003774150431440466,0.008782806065882576,0.8,0.6438510101010102,1.5,0.006572252028938902,0.15000000000000002,0.8482954545454545,0.013728498195170968,8
JVS_JVSMuSiC,mert_l3,3,31,60_20_20_speaker_disjoint,True,full_minus_duration,mean_preserving,logf0_mean;logf0_std;logf0_p05;logf0_p50;logf0_p95;logf0_range;rms_mean;rms_std;voiced_rate;energy_mean;energy_std,G->S,20,0.05,12,20,0.6,0.4,0.8,0.75,1.0,0.5986572128851539,0.878629201680672,0.004820318374658883,0.008309324023816057,0.9,0.7481792717086835,1.0,0.0065722520289389075,0.19999999999999996,0.8482954545454545,0.013728498195170968,8
JVS_JVSMuSiC,mert_l3,3,31,60_20_20_speaker_disjoint,True,full_minus_voicing,mean_preserving,logf0_mean;logf0_std;logf0_p05;logf0_p50;logf0_p95;logf0_range;rms_mean;rms_std;duration_s;energy_mean;energy_std,S->G,20,0.05,8,20,0.4,0.2,0.6,0.7,1.0,0.4310718201754385,0.7301041666666666,0.003618923558136222,0.0071222024761496885,0.85,0.5888815789473684,2.0,0.0055432388315579005,0.050000000000000044,0.6596590909090909,0.01541207224123875,9
JVS_JVSMuSiC,mert_l3,3,31,60_20_20_speaker_disjoint,True,full_minus_voicing,mean_preserving,logf0_mean;logf0_std;logf0_p05;logf0_p50;logf0_p95;logf0_range;rms_mean;rms_std;duration_s;energy_mean;energy_std,G->S,20,0.05,13,20,0.65,0.45,0.85,0.7,1.0,0.5983621323529412,0.9,0.003608801480404263,0.007196771212701554,0.85,0.7616911764705883,1.0,0.005543238831557917,0.25,0.6596590909090909,0.01541207224123875,9
JVS_JVSMuSiC,mert_l3,3,31,60_20_20_speaker_disjoint,True,row_shuffled_nuisance,mean_preserving,logf0_mean;logf0_std;logf0_p05;logf0_p50;logf0_p95;logf0_range;rms_mean;rms_std;duration_s;voiced_rate;energy_mean;energy_std,S->G,20,0.05,5,20,0.25,0.05,0.45,0.7,1.0,0.3362482638888889,0.6228906249999999,0.009128841938304351,0.01626940645748303,0.85,0.47451388888888885,3.0,0.01259138778211143,-0.09999999999999998,1.0,-9.356856046283113e-05,9
JVS_JVSMuSiC,mert_l3,3,31,60_20_20_speaker_disjoint,True,row_shuffled_nuisance,mean_preserving,logf0_mean;logf0_std;logf0_p05;logf0_p50;logf0_p95;logf0_range;rms_mean;rms_std;duration_s;voiced_rate;energy_mean;energy_std,G->S,20,0.05,5,20,0.25,0.1,0.45,0.65,1.0,0.31846162280701756,0.6126491228070176,0.007537857297241524,0.016701783413827474,0.85,0.46346491228070164,3.0,0.01259138778211143,-0.15000000000000002,1.0,-9.356856046283113e-05,9
JVS_JVSMuSiC,mert_l3,3,31,60_20_20_speaker_disjoint,True,random_gaussian_nuisance,mean_preserving,logf0_mean;logf0_std;logf0_p05;logf0_p50;logf0_p95;logf0_range;rms_mean;rms_std;duration_s;voiced_rate;energy_mean;energy_std,S->G,20,0.05,6,20,0.3,0.1,0.5,0.6,0.95,0.3487152777777778,0.6589166666666666,0.008266819999058803,0.014948878876833506,0.8,0.5070138888888888,2.0,0.011784767272127721,-0.04999999999999999,1.0,0.0002992715835841153,12
JVS_JVSMuSiC,mert_l3,3,31,60_20_20_speaker_disjoint,True,random_gaussian_nuisance,mean_preserving,logf0_mean;logf0_std;logf0_p05;logf0_p50;logf0_p95;logf0_range;rms_mean;rms_std;duration_s;voiced_rate;energy_mean;energy_std,G->S,20,0.05,7,20,0.35,0.15,0.55,0.5,0.9,0.35662450396825396,0.6836458333333334,0.007507324502923991,0.015743016083903726,0.7,0.5114880952380952,2.5,0.011784767272127749,-0.050000000000000044,1.0,0.0002992715835841153,12
JVS_JVSMuSiC,mert_l3,3,31,60_20_20_speaker_disjoint,True,random_low_rank_projection,mean_preserving,random_dir_0;random_dir_1;random_dir_2;random_dir_3;random_dir_4;random_dir_5;random_dir_6;random_dir_7;random_dir_8;random_dir_9;random_dir_10;random_dir_11,S->G,20,0.05,7,20,0.35,0.15,0.55,0.7,1.0,0.3773789682539682,0.686172619047619,0.00835622581901216,0.014852592956152478,0.85,0.5349603174603175,2.5,0.011835188260090907,0.0,1.0,0.00031819933259624733,12
JVS_JVSMuSiC,mert_l3,3,31,60_20_20_speaker_disjoint,True,random_low_rank_projection,mean_preserving,random_dir_0;random_dir_1;random_dir_2;random_dir_3;random_dir_4;random_dir_5;random_dir_6;random_dir_7;random_dir_8;random_dir_9;random_dir_10;random_dir_11,G->S,20,0.05,8,20,0.4,0.2,0.6,0.6,0.95,0.37372672448165867,0.7192613137958533,0.0074463279056267255,0.015645411893826774,0.8,0.5459270334928229,2.5,0.01183518826009088,0.0,1.0,0.00031819933259624733,12
JVS_JVSMuSiC,mert_l3,3,37,60_20_20_speaker_disjoint,True,raw,raw,,S->G,20,0.05,11,20,0.55,0.35,0.75,0.5,0.9,0.4525550595238094,0.8135604395604392,0.0083073416195717,0.01441039109954843,0.7,0.6220009157509157,1.0,0.011449312931726258,0.0,1.0,0.0,0
JVS_JVSMuSiC,mert_l3,3,37,60_20_20_speaker_disjoint,True,raw,raw,,G->S,20,0.05,12,20,0.6,0.4,0.8,0.75,1.0,0.5814732142857142,0.8738095238095237,0.009060904710879445,0.013917435018629524,0.9,0.7351190476190477,1.0,0.011449312931726302,0.0,1.0,0.0,0
JVS_JVSMuSiC,mert_l3,3,37,60_20_20_speaker_disjoint,True,center_only_classic,classic,,S->G,20,0.05,11,20,0.55,0.34875000000000006,0.75,1.0,1.0,0.5958333333333334,0.85,0.3248433554698275,0.4542316434822117,1.0,0.7291666666666667,1.0,0.3886798409715122,0.0,1.0,0.9615855155984903,0
JVS_JVSMuSiC,mert_l3,3,37,60_20_20_speaker_disjoint,True,center_only_classic,classic,,G->S,20,0.05,9,20,0.45,0.25,0.7,0.75,1.0,0.49940476190476196,0.7976488095238096,0.3078647405096722,0.47025255738377425,0.9,0.6446428571428572,2.0,0.3886798409715121,-0.14999999999999997,1.0,0.9615855155984903,0
JVS_JVSMuSiC,mert_l3,3,37,60_20_20_speaker_disjoint,True,mode_dummy_only,mean_preserving,mode_dummy,S->G,20,0.05,15,20,0.75,0.55,0.9,0.75,1.0,0.6687291666666666,0.9416666666666667,0.009713779410779293,0.013121679096603885,0.9,0.8162499999999999,1.0,0.011461916659010496,0.19999999999999996,0.4045977011494253,0.00711832417887559,1
JVS_JVSMuSiC,mert_l3,3,37,60_20_20_speaker_disjoint,True,mode_dummy_only,mean_preserving,mode_dummy,G->S,20,0.05,18,20,0.9,0.75,1.0,1.0,1.0,0.875,1.0,0.010020140925940177,0.012964979841123032,1.0,0.95,1.0,0.011461916659010479,0.30000000000000004,0.4045977011494253,0.00711832417887559,1
JVS_JVSMuSiC,mert_l3,3,37,60_20_20_speaker_disjoint,True,mode_dummy_only,classic,mode_dummy,S->G,20,0.05,17,20,0.85,0.69875,1.0,1.0,1.0,0.85,1.0,0.466983584317188,0.5714537131516395,1.0,0.925,1.0,0.5190720037213665,0.29999999999999993,0.4045977011494253,0.9687026420307094,1
JVS_JVSMuSiC,mert_l3,3,37,60_20_20_speaker_disjoint,True,mode_dummy_only,classic,mode_dummy,G->S,20,0.05,20,20,1.0,1.0,1.0,1.0,1.0,1.0,1.0,0.46066313277892823,0.5734908887515984,1.0,1.0,1.0,0.5190720037213669,0.4,0.4045977011494253,0.9687026420307094,1
JVS_JVSMuSiC,mert_l3,3,37,60_20_20_speaker_disjoint,True,acoustic_full_no_mode,mean_preserving,logf0_mean;logf0_std;logf0_p05;logf0_p50;logf0_p95;logf0_range;rms_mean;rms_std;duration_s;voiced_rate;energy_mean;energy_std,S->G,20,0.05,10,20,0.5,0.25,0.7,0.69875,1.0,0.48023310023310023,0.8042651515151515,0.004126984347026529,0.006894646512724669,0.85,0.6433916083916084,1.5,0.005546237573565771,-0.050000000000000044,0.5551724137931034,0.016036409991560197,9
JVS_JVSMuSiC,mert_l3,3,37,60_20_20_speaker_disjoint,True,acoustic_full_no_mode,mean_preserving,logf0_mean;logf0_std;logf0_p05;logf0_p50;logf0_p95;logf0_range;rms_mean;rms_std;duration_s;voiced_rate;energy_mean;energy_std,G->S,20,0.05,13,20,0.65,0.45,0.85,0.75,1.0,0.5942261904761904,0.9,0.00453932141263715,0.006494915085812004,0.9,0.7604761904761904,1.0,0.005546237573565782,0.050000000000000044,0.5551724137931034,0.016036409991560197,9
JVS_JVSMuSiC,mert_l3,3,37,60_20_20_speaker_disjoint,True,acoustic_full_no_mode,classic,logf0_mean;logf0_std;logf0_p05;logf0_p50;logf0_p95;logf0_range;rms_mean;rms_std;duration_s;voiced_rate;energy_mean;energy_std,S->G,20,0.05,12,20,0.6,0.3987500000000001,0.8,0.85,1.0,0.5730416666666667,0.8642291666666665,0.27166961254966226,0.4086125514082833,0.95,0.7254761904761905,1.0,0.3372020528387624,0.04999999999999993,0.5551724137931034,0.9771302344536883,9
JVS_JVSMuSiC,mert_l3,3,37,60_20_20_speaker_disjoint,True,acoustic_full_no_mode,classic,logf0_mean;logf0_std;logf0_p05;logf0_p50;logf0_p95;logf0_range;rms_mean;rms_std;duration_s;voiced_rate;energy_mean;energy_std,G->S,20,0.05,14,20,0.7,0.5,0.9,0.85,1.0,0.6433333333333333,0.9291666666666666,0.27216086303706916,0.4017468244351644,0.95,0.7975,1.0,0.33720205283876237,0.09999999999999998,0.5551724137931034,0.9771302344536883,9
JVS_JVSMuSiC,mert_l3,3,37,60_20_20_speaker_disjoint,True,acoustic_full_plus_mode,mean_preserving,logf0_mean;logf0_std;logf0_p05;logf0_p50;logf0_p95;logf0_range;rms_mean;rms_std;duration_s;voiced_rate;energy_mean;energy_std;mode_dummy,S->G,20,0.05,12,20,0.6,0.4,0.8,0.7,1.0,0.5482019230769231,0.8688878205128204,0.004090337657558782,0.006852783135816349,0.85,0.7143589743589743,1.0,0.005595703977956196,0.04999999999999993,0.40804597701149425,0.01643323777117567,10
JVS_JVSMuSiC,mert_l3,3,37,60_20_20_speaker_disjoint,True,acoustic_full_plus_mode,mean_preserving,logf0_mean;logf0_std;logf0_p05;logf0_p50;logf0_p95;logf0_range;rms_mean;rms_std;duration_s;voiced_rate;energy_mean;energy_std;mode_dummy,G->S,20,0.05,13,20,0.65,0.45,0.85,0.85,1.0,0.6049821428571427,0.9,0.004582188169381889,0.006514843034449592,0.95,0.7621428571428571,1.0,0.005595703977956212,0.050000000000000044,0.40804597701149425,0.01643323777117567,10
JVS_JVSMuSiC,mert_l3,3,37,60_20_20_speaker_disjoint,True,acoustic_full_plus_mode,classic,logf0_mean;logf0_std;logf0_p05;logf0_p50;logf0_p95;logf0_range;rms_mean;rms_std;duration_s;voiced_rate;energy_mean;energy_std;mode_dummy,S->G,20,0.05,12,20,0.6,0.4,0.8,0.85,1.0,0.5710178571428571,0.8700624999999998,0.2791151151928836,0.4039067732238258,0.95,0.729642857142857,1.0,0.34067918620596127,0.04999999999999993,0.40804597701149425,0.9775242572943881,10
JVS_JVSMuSiC,mert_l3,3,37,60_20_20_speaker_disjoint,True,acoustic_full_plus_mode,classic,logf0_mean;logf0_std;logf0_p05;logf0_p50;logf0_p95;logf0_range;rms_mean;rms_std;duration_s;voiced_rate;energy_mean;energy_std;mode_dummy,G->S,20,0.05,14,20,0.7,0.5,0.9,0.75,1.0,0.6541666666666667,0.9333333333333332,0.2748936381639739,0.40524817380442707,0.9,0.7958333333333334,1.0,0.3406791862059613,0.09999999999999998,0.40804597701149425,0.9775242572943881,10
JVS_JVSMuSiC,mert_l3,3,37,60_20_20_speaker_disjoint,True,single_group_f0,mean_preserving,logf0_mean;logf0_std;logf0_p05;logf0_p50;logf0_p95;logf0_range,S->G,20,0.05,10,20,0.5,0.3,0.7,0.35,0.75,0.37824711134453776,0.7382879430618401,0.0034038376955554,0.009765680910126733,0.55,0.5578389176183294,2.5,0.006563657994724964,-0.050000000000000044,1.0,0.006395350564429747,5
JVS_JVSMuSiC,mert_l3,3,37,60_20_20_speaker_disjoint,True,single_group_f0,mean_preserving,logf0_mean;logf0_std;logf0_p05;logf0_p50;logf0_p95;logf0_range,G->S,20,0.05,6,20,0.3,0.1,0.5,0.6,0.95,0.35414880952380956,0.6556622023809524,0.004595986491419414,0.008608786315903524,0.8,0.5013690476190475,2.5,0.006563657994724942,-0.3,1.0,0.006395350564429747,5
JVS_JVSMuSiC,mert_l3,3,37,60_20_20_speaker_disjoint,True,single_group_energy,mean_preserving,rms_mean;rms_std;energy_mean;energy_std,S->G,20,0.05,10,20,0.5,0.3,0.7,0.7,1.0,0.5116477272727272,0.7988392857142858,0.009565052589270965,0.014227275464129585,0.85,0.6616883116883118,1.5,0.011821912282160613,-0.050000000000000044,0.8764367816091954,0.007699833556933933,3
JVS_JVSMuSiC,mert_l3,3,37,60_20_20_speaker_disjoint,True,single_group_energy,mean_preserving,rms_mean;rms_std;energy_mean;energy_std,G->S,20,0.05,16,20,0.8,0.6,0.95,1.0,1.0,0.7833333333333333,0.975,0.00981811214843457,0.013916633922557847,1.0,0.8916666666666668,1.0,0.011821912282160636,0.20000000000000007,0.8764367816091954,0.007699833556933933,3
JVS_JVSMuSiC,mert_l3,3,37,60_20_20_speaker_disjoint,True,single_group_duration,mean_preserving,duration_s,S->G,20,0.05,15,20,0.75,0.55,0.95,0.7,1.0,0.6329374999999999,0.9266666666666665,0.009753832110486856,0.013482207769074809,0.85,0.7983928571428571,1.0,0.011607951230039548,0.19999999999999996,0.5603448275862069,0.006676342730972729,1
JVS_JVSMuSiC,mert_l3,3,37,60_20_20_speaker_disjoint,True,single_group_duration,mean_preserving,duration_s,G->S,20,0.05,17,20,0.85,0.7,1.0,1.0,1.0,0.825,1.0,0.010027713047975268,0.01338472427673875,1.0,0.9166666666666666,1.0,0.011607951230039559,0.25,0.5603448275862069,0.006676342730972729,1
JVS_JVSMuSiC,mert_l3,3,37,60_20_20_speaker_disjoint,True,single_group_voicing,mean_preserving,voiced_rate,S->G,20,0.05,11,20,0.55,0.35,0.75,0.5,0.9,0.4341837225274725,0.7912604166666667,0.008209368242691242,0.01485258879019176,0.7,0.6220009157509157,1.0,0.011449312931726258,0.0,1.0,0.0,0
JVS_JVSMuSiC,mert_l3,3,37,60_20_20_speaker_disjoint,True,single_group_voicing,mean_preserving,voiced_rate,G->S,20,0.05,12,20,0.6,0.4,0.8,0.75,1.0,0.5827083333333333,0.8738095238095237,0.008938437050773646,0.013837571762735356,0.9,0.7351190476190477,1.0,0.011449312931726302,0.0,1.0,0.0,0
JVS_JVSMuSiC,mert_l3,3,37,60_20_20_speaker_disjoint,True,full_minus_f0,mean_preserving,rms_mean;rms_std;duration_s;voiced_rate;energy_mean;energy_std,S->G,20,0.05,14,20,0.7,0.5,0.9,0.75,1.0,0.617955357142857,0.9225625,0.00940378499471179,0.013220722219541098,0.9,0.7754761904761904,1.0,0.011136746073789488,0.1499999999999999,0.5747126436781609,0.009969869526798347,4
JVS_JVSMuSiC,mert_l3,3,37,60_20_20_speaker_disjoint,True,full_minus_f0,mean_preserving,rms_mean;rms_std;duration_s;voiced_rate;energy_mean;energy_std,G->S,20,0.05,17,20,0.85,0.7,1.0,1.0,1.0,0.825,1.0,0.0096490187746071,0.0127162134014326,1.0,0.925,1.0,0.011136746073789472,0.25,0.5747126436781609,0.009969869526798347,4
JVS_JVSMuSiC,mert_l3,3,37,60_20_20_speaker_disjoint,True,full_minus_energy,mean_preserving,logf0_mean;logf0_std;logf0_p05;logf0_p50;logf0_p95;logf0_range;duration_s;voiced_rate,S->G,20,0.05,11,20,0.55,0.35,0.75,0.6,0.95,0.5249166666666667,0.8277777777777778,0.004983825639771604,0.008220958225736036,0.8,0.6694444444444445,1.0,0.006599259680773106,0.0,0.542528735632184,0.01306008498418021,6
JVS_JVSMuSiC,mert_l3,3,37,60_20_20_speaker_disjoint,True,full_minus_energy,mean_preserving,logf0_mean;logf0_std;logf0_p05;logf0_p50;logf0_p95;logf0_range;duration_s;voiced_rate,G->S,20,0.05,13,20,0.65,0.45,0.85,1.0,1.0,0.5866458333333333,0.8949999999999999,0.005474388968442321,0.007886162010815507,1.0,0.7466666666666667,1.0,0.006599259680773145,0.050000000000000044,0.542528735632184,0.01306008498418021,6
JVS_JVSMuSiC,mert_l3,3,37,60_20_20_speaker_disjoint,True,full_minus_duration,mean_preserving,logf0_mean;logf0_std;logf0_p05;logf0_p50;logf0_p95;logf0_range;rms_mean;rms_std;voiced_rate;energy_mean;energy_std,S->G,20,0.05,8,20,0.4,0.2,0.6,0.55,0.9,0.3684427083333333,0.7070662878787879,0.004371358485323377,0.008313919398529325,0.75,0.5293371212121213,3.0,0.006260364773375904,-0.15000000000000002,0.8735632183908046,0.013694522485508953,8
JVS_JVSMuSiC,mert_l3,3,37,60_20_20_speaker_disjoint,True,full_minus_duration,mean_preserving,logf0_mean;logf0_std;logf0_p05;logf0_p50;logf0_p95;logf0_range;rms_mean;rms_std;voiced_rate;energy_mean;energy_std,G->S,20,0.05,13,20,0.65,0.45,0.85,1.0,1.0,0.6041249999999999,0.8933333333333333,0.005154604463533409,0.0074233783352069755,1.0,0.7575000000000001,1.0,0.006260364773375954,0.050000000000000044,0.8735632183908046,0.013694522485508953,8
JVS_JVSMuSiC,mert_l3,3,37,60_20_20_speaker_disjoint,True,full_minus_voicing,mean_preserving,logf0_mean;logf0_std;logf0_p05;logf0_p50;logf0_p95;logf0_range;rms_mean;rms_std;duration_s;energy_mean;energy_std,S->G,20,0.05,10,20,0.5,0.3,0.75,0.7,1.0,0.46693473193473195,0.795842803030303,0.004074805109796138,0.006848981538657041,0.85,0.6433916083916084,1.5,0.00554623757356581,-0.050000000000000044,0.5551724137931034,0.016036409991561418,9
JVS_JVSMuSiC,mert_l3,3,37,60_20_20_speaker_disjoint,True,full_minus_voicing,mean_preserving,logf0_mean;logf0_std;logf0_p05;logf0_p50;logf0_p95;logf0_range;rms_mean;rms_std;duration_s;energy_mean;energy_std,G->S,20,0.05,13,20,0.65,0.45,0.85,0.75,1.0,0.5942559523809524,0.9,0.004578277030262348,0.006518833875089234,0.9,0.7604761904761904,1.0,0.005546237573565838,0.050000000000000044,0.5551724137931034,0.016036409991561418,9
JVS_JVSMuSiC,mert_l3,3,37,60_20_20_speaker_disjoint,True,row_shuffled_nuisance,mean_preserving,logf0_mean;logf0_std;logf0_p05;logf0_p50;logf0_p95;logf0_range;rms_mean;rms_std;duration_s;voiced_rate;energy_mean;energy_std,S->G,20,0.05,8,20,0.4,0.2,0.6,0.6,0.95,0.3739986263736264,0.7189464285714284,0.008213657250818199,0.01414349993024121,0.8,0.5458699633699633,2.5,0.011112192384484026,-0.15000000000000002,1.0,0.00032036624461939667,9
JVS_JVSMuSiC,mert_l3,3,37,60_20_20_speaker_disjoint,True,row_shuffled_nuisance,mean_preserving,logf0_mean;logf0_std;logf0_p05;logf0_p50;logf0_p95;logf0_range;rms_mean;rms_std;duration_s;voiced_rate;energy_mean;energy_std,G->S,20,0.05,11,20,0.55,0.3,0.75,0.65,1.0,0.5222291666666667,0.8488095238095237,0.008679318942504096,0.013649309121172865,0.85,0.6900595238095237,1.0,0.011112192384484059,-0.04999999999999993,1.0,0.00032036624461939667,9
JVS_JVSMuSiC,mert_l3,3,37,60_20_20_speaker_disjoint,True,random_gaussian_nuisance,mean_preserving,logf0_mean;logf0_std;logf0_p05;logf0_p50;logf0_p95;logf0_range;rms_mean;rms_std;duration_s;voiced_rate;energy_mean;energy_std,S->G,20,0.05,7,20,0.35,0.15,0.55,0.5,0.9,0.3541298076923077,0.6762628205128204,0.008350146549564863,0.015132009909407685,0.7,0.5163461538461538,2.5,0.0114543444591721,-0.20000000000000007,1.0,0.0003422767896278378,12
JVS_JVSMuSiC,mert_l3,3,37,60_20_20_speaker_disjoint,True,random_gaussian_nuisance,mean_preserving,logf0_mean;logf0_std;logf0_p05;logf0_p50;logf0_p95;logf0_range;rms_mean;rms_std;duration_s;voiced_rate;energy_mean;energy_std,G->S,20,0.05,10,20,0.5,0.3,0.7,0.7,1.0,0.4791666666666667,0.8042708333333332,0.008858603250267043,0.014229952188440894,0.85,0.6433333333333334,1.5,0.011454344459172117,-0.09999999999999998,1.0,0.0003422767896278378,12
JVS_JVSMuSiC,mert_l3,3,37,60_20_20_speaker_disjoint,True,random_low_rank_projection,mean_preserving,random_dir_0;random_dir_1;random_dir_2;random_dir_3;random_dir_4;random_dir_5;random_dir_6;random_dir_7;random_dir_8;random_dir_9;random_dir_10;random_dir_11,S->G,20,0.05,11,20,0.55,0.35,0.75,0.5,0.9,0.4406625457875459,0.8005312499999999,0.008127675443804917,0.014732323370827905,0.7,0.6220009157509157,1.0,0.011350683490382336,0.0,1.0,0.00039614469963944465,12
JVS_JVSMuSiC,mert_l3,3,37,60_20_20_speaker_disjoint,True,random_low_rank_projection,mean_preserving,random_dir_0;random_dir_1;random_dir_2;random_dir_3;random_dir_4;random_dir_5;random_dir_6;random_dir_7;random_dir_8;random_dir_9;random_dir_10;random_dir_11,G->S,20,0.05,13,20,0.65,0.45,0.85,0.75,1.0,0.6118303571428572,0.8988095238095237,0.009104630219850803,0.013889646947048764,0.9,0.7601190476190476,1.0,0.011350683490382341,0.050000000000000044,1.0,0.00039614469963944465,12
JVS_JVSMuSiC,mert_l3,3,41,60_20_20_speaker_disjoint,True,raw,raw,,S->G,20,0.05,7,20,0.35,0.15,0.55,0.5,0.9,0.3261647727272727,0.6754270833333333,0.0076600996104050035,0.013155422620405444,0.7,0.501628787878788,3.0,0.010445656053379543,0.0,1.0,0.0,0
JVS_JVSMuSiC,mert_l3,3,41,60_20_20_speaker_disjoint,True,raw,raw,,G->S,20,0.05,6,20,0.3,0.1,0.5,0.55,0.9,0.3491458333333333,0.6596354166666666,0.00769096257084431,0.013685811177609628,0.75,0.49833333333333335,2.5,0.010445656053379599,0.0,1.0,0.0,0
JVS_JVSMuSiC,mert_l3,3,41,60_20_20_speaker_disjoint,True,center_only_classic,classic,,S->G,20,0.05,16,20,0.8,0.65,0.95,0.75,1.0,0.6997916666666666,0.9666666666666666,0.300125354037657,0.3913224637751178,0.9,0.85,1.0,0.34587600256374806,0.45000000000000007,1.0,0.9615871793794353,0
JVS_JVSMuSiC,mert_l3,3,41,60_20_20_speaker_disjoint,True,center_only_classic,classic,,G->S,20,0.05,7,20,0.35,0.15,0.55,0.75,1.0,0.3696369949494949,0.6808333333333333,0.2561447059458228,0.42856918642827146,0.9,0.51760101010101,3.0,0.34587600256374806,0.04999999999999999,1.0,0.9615871793794353,0
JVS_JVSMuSiC,mert_l3,3,41,60_20_20_speaker_disjoint,True,mode_dummy_only,mean_preserving,mode_dummy,S->G,20,0.05,15,20,0.75,0.55,0.95,0.75,1.0,0.655,0.95625,0.00905265513719803,0.011884490855835065,0.9,0.80625,1.0,0.010489599710991115,0.4,0.6659340659340659,0.007129529405627499,1
JVS_JVSMuSiC,mert_l3,3,41,60_20_20_speaker_disjoint,True,mode_dummy_only,mean_preserving,mode_dummy,G->S,20,0.05,14,20,0.7,0.5,0.9,0.85,1.0,0.645,0.925,0.008992573106923704,0.011951957561501275,0.95,0.7975,1.0,0.01048959971099112,0.39999999999999997,0.6659340659340659,0.007129529405627499,1
JVS_JVSMuSiC,mert_l3,3,41,60_20_20_speaker_disjoint,True,mode_dummy_only,classic,mode_dummy,S->G,20,0.05,15,20,0.75,0.55,0.9,0.85,1.0,0.7021130952380952,0.95,0.4339852054107536,0.5464463322065304,0.95,0.8338095238095237,1.0,0.4906776273204828,0.4,0.6659340659340659,0.9687044168622952,1
JVS_JVSMuSiC,mert_l3,3,41,60_20_20_speaker_disjoint,True,mode_dummy_only,classic,mode_dummy,G->S,20,0.05,15,20,0.75,0.55,0.9,1.0,1.0,0.6858333333333333,0.9625,0.42601035661956765,0.5472578813313557,1.0,0.8241666666666665,1.0,0.4906776273204828,0.45,0.6659340659340659,0.9687044168622952,1
JVS_JVSMuSiC,mert_l3,3,41,60_20_20_speaker_disjoint,True,acoustic_full_no_mode,mean_preserving,logf0_mean;logf0_std;logf0_p05;logf0_p50;logf0_p95;logf0_range;rms_mean;rms_std;duration_s;voiced_rate;energy_mean;energy_std,S->G,20,0.05,10,20,0.5,0.3,0.7,0.55,0.95,0.4453906216332687,0.7976785714285715,0.004051238269773818,0.0073086038105555215,0.75,0.6194430079724198,1.5,0.005812369260446909,0.15000000000000002,0.5901098901098901,0.015371802120756062,9
JVS_JVSMuSiC,mert_l3,3,41,60_20_20_speaker_disjoint,True,acoustic_full_no_mode,mean_preserving,logf0_mean;logf0_std;logf0_p05;logf0_p50;logf0_p95;logf0_range;rms_mean;rms_std;duration_s;voiced_rate;energy_mean;energy_std,G->S,20,0.05,13,20,0.65,0.45,0.85,0.7,1.0,0.5528075396825396,0.8944494047619048,0.004345492691126445,0.007143756010884957,0.85,0.7315873015873016,1.0,0.005812369260446909,0.35000000000000003,0.5901098901098901,0.015371802120756062,9
JVS_JVSMuSiC,mert_l3,3,41,60_20_20_speaker_disjoint,True,acoustic_full_no_mode,classic,logf0_mean;logf0_std;logf0_p05;logf0_p50;logf0_p95;logf0_range;rms_mean;rms_std;duration_s;voiced_rate;energy_mean;energy_std,S->G,20,0.05,14,20,0.7,0.5,0.9,0.75,1.0,0.6326634615384615,0.9288461538461539,0.2681708637205072,0.42572103654208965,0.9,0.7938461538461539,1.0,0.3461110823333942,0.35,0.5901098901098901,0.977089440452811,9
JVS_JVSMuSiC,mert_l3,3,41,60_20_20_speaker_disjoint,True,acoustic_full_no_mode,classic,logf0_mean;logf0_std;logf0_p05;logf0_p50;logf0_p95;logf0_range;rms_mean;rms_std;duration_s;voiced_rate;energy_mean;energy_std,G->S,20,0.05,13,20,0.65,0.45,0.85,0.85,1.0,0.6058333333333333,0.9083333333333332,0.27916744211033195,0.41869173986178254,0.95,0.7608333333333334,1.0,0.3461110823333942,0.35000000000000003,0.5901098901098901,0.977089440452811,9
JVS_JVSMuSiC,mert_l3,3,41,60_20_20_speaker_disjoint,True,acoustic_full_plus_mode,mean_preserving,logf0_mean;logf0_std;logf0_p05;logf0_p50;logf0_p95;logf0_range;rms_mean;rms_std;duration_s;voiced_rate;energy_mean;energy_std;mode_dummy,S->G,20,0.05,9,20,0.45,0.25,0.65,0.55,0.9,0.46594017094017093,0.7844444444444444,0.0036556859850007456,0.007365548042939982,0.75,0.6243589743589744,2.0,0.0056572497364246795,0.10000000000000003,0.5076923076923077,0.015767014533357826,10
JVS_JVSMuSiC,mert_l3,3,41,60_20_20_speaker_disjoint,True,acoustic_full_plus_mode,mean_preserving,logf0_mean;logf0_std;logf0_p05;logf0_p50;logf0_p95;logf0_range;rms_mean;rms_std;duration_s;voiced_rate;energy_mean;energy_std;mode_dummy,G->S,20,0.05,13,20,0.65,0.4487500000000001,0.85,0.65,1.0,0.5832480158730159,0.8892857142857142,0.004357377389355081,0.007059925316398314,0.85,0.7426984126984126,1.0,0.005657249736424758,0.35000000000000003,0.5076923076923077,0.015767014533357826,10
JVS_JVSMuSiC,mert_l3,3,41,60_20_20_speaker_disjoint,True,acoustic_full_plus_mode,classic,logf0_mean;logf0_std;logf0_p05;logf0_p50;logf0_p95;logf0_range;rms_mean;rms_std;duration_s;voiced_rate;energy_mean;energy_std;mode_dummy,S->G,20,0.05,14,20,0.7,0.5,0.9,0.7,1.0,0.6411111111111112,0.93,0.2622565441911567,0.4113588429249492,0.85,0.7918055555555557,1.0,0.33776770517573096,0.35,0.5076923076923077,0.9774706738040833,10
JVS_JVSMuSiC,mert_l3,3,41,60_20_20_speaker_disjoint,True,acoustic_full_plus_mode,classic,logf0_mean;logf0_std;logf0_p05;logf0_p50;logf0_p95;logf0_range;rms_mean;rms_std;duration_s;voiced_rate;energy_mean;energy_std;mode_dummy,G->S,20,0.05,13,20,0.65,0.45,0.85,0.75,1.0,0.5980952380952381,0.8988392857142856,0.2657676981046246,0.40780176464408596,0.9,0.7638095238095237,1.0,0.3377677051757309,0.35000000000000003,0.5076923076923077,0.9774706738040833,10
JVS_JVSMuSiC,mert_l3,3,41,60_20_20_speaker_disjoint,True,single_group_f0,mean_preserving,logf0_mean;logf0_std;logf0_p05;logf0_p50;logf0_p95;logf0_range,S->G,20,0.05,5,20,0.25,0.1,0.45,0.35,0.75,0.21766386217948713,0.5363850160256409,0.0029081878581374847,0.008489048339795672,0.55,0.3698878205128205,4.5,0.0056287604904124156,-0.09999999999999998,1.0,0.00637445438135309,5
JVS_JVSMuSiC,mert_l3,3,41,60_20_20_speaker_disjoint,True,single_group_f0,mean_preserving,logf0_mean;logf0_std;logf0_p05;logf0_p50;logf0_p95;logf0_range,G->S,20,0.05,5,20,0.25,0.1,0.45,0.45,0.85,0.2591820144724556,0.5689028944911297,0.003115635530848825,0.00831985420430398,0.65,0.4095284780578898,4.5,0.005628760490412427,-0.04999999999999999,1.0,0.00637445438135309,5
JVS_JVSMuSiC,mert_l3,3,41,60_20_20_speaker_disjoint,True,single_group_energy,mean_preserving,rms_mean;rms_std;energy_mean;energy_std,S->G,20,0.05,9,20,0.45,0.2,0.65,0.55,0.9,0.45257440476190486,0.7693749999999999,0.008269215185341629,0.012520128676662254,0.75,0.6091666666666666,2.0,0.010422650467318283,0.10000000000000003,0.9164835164835164,0.007618434897656012,3
JVS_JVSMuSiC,mert_l3,3,41,60_20_20_speaker_disjoint,True,single_group_energy,mean_preserving,rms_mean;rms_std;energy_mean;energy_std,G->S,20,0.05,11,20,0.55,0.35,0.75,0.75,1.0,0.5916666666666666,0.8583333333333334,0.008520609766301498,0.012345408348620314,0.9,0.7305555555555556,1.0,0.010422650467318217,0.25000000000000006,0.9164835164835164,0.007618434897656012,3
JVS_JVSMuSiC,mert_l3,3,41,60_20_20_speaker_disjoint,True,single_group_duration,mean_preserving,duration_s,S->G,20,0.05,16,20,0.8,0.65,0.95,0.75,1.0,0.6708333333333333,0.96,0.009315471315088596,0.011962826608246678,0.9,0.8345833333333333,1.0,0.010736486059614104,0.45000000000000007,0.6258241758241758,0.006653659033316051,1
JVS_JVSMuSiC,mert_l3,3,41,60_20_20_speaker_disjoint,True,single_group_duration,mean_preserving,duration_s,G->S,20,0.05,16,20,0.8,0.6,0.95,0.75,1.0,0.7054166666666666,0.975,0.00911561087984536,0.012311910933120063,0.9,0.8495833333333331,1.0,0.010736486059614131,0.5,0.6258241758241758,0.006653659033316051,1
JVS_JVSMuSiC,mert_l3,3,41,60_20_20_speaker_disjoint,True,single_group_voicing,mean_preserving,voiced_rate,S->G,20,0.05,7,20,0.35,0.15,0.55,0.5,0.9,0.343717803030303,0.6658854166666666,0.007640108698023212,0.013393539748016442,0.7,0.501628787878788,3.0,0.010445656053379543,0.0,1.0,0.0,0
JVS_JVSMuSiC,mert_l3,3,41,60_20_20_speaker_disjoint,True,single_group_voicing,mean_preserving,voiced_rate,G->S,20,0.05,6,20,0.3,0.1,0.5,0.55,0.95,0.3545416666666667,0.6529479166666665,0.0075463877721328515,0.013282635107806251,0.75,0.49833333333333335,2.5,0.010445656053379599,0.0,1.0,0.0,0
JVS_JVSMuSiC,mert_l3,3,41,60_20_20_speaker_disjoint,True,full_minus_f0,mean_preserving,rms_mean;rms_std;duration_s;voiced_rate;energy_mean;energy_std,S->G,20,0.05,14,20,0.7,0.45,0.8512499999999988,0.7,1.0,0.6136473214285715,0.9196428571428571,0.008829792883123634,0.011476039160926073,0.85,0.780892857142857,1.0,0.010165998265234117,0.35,0.6148351648351649,0.009440152530229229,4
JVS_JVSMuSiC,mert_l3,3,41,60_20_20_speaker_disjoint,True,full_minus_f0,mean_preserving,rms_mean;rms_std;duration_s;voiced_rate;energy_mean;energy_std,G->S,20,0.05,14,20,0.7,0.5,0.9,0.85,1.0,0.6528854166666667,0.9267812499999998,0.008575931850819209,0.011763050002065036,0.95,0.7995833333333333,1.0,0.010165998265234132,0.39999999999999997,0.6148351648351649,0.009440152530229229,4
JVS_JVSMuSiC,mert_l3,3,41,60_20_20_speaker_disjoint,True,full_minus_energy,mean_preserving,logf0_mean;logf0_std;logf0_p05;logf0_p50;logf0_p95;logf0_range;duration_s;voiced_rate,S->G,20,0.05,12,20,0.6,0.4,0.8,0.55,0.9,0.5163560606060608,0.8546590909090908,0.004467499021527915,0.007473604200214407,0.75,0.6936363636363636,1.0,0.006038925515972582,0.25,0.6247252747252747,0.01301595177949355,6
JVS_JVSMuSiC,mert_l3,3,41,60_20_20_speaker_disjoint,True,full_minus_energy,mean_preserving,logf0_mean;logf0_std;logf0_p05;logf0_p50;logf0_p95;logf0_range;duration_s;voiced_rate,G->S,20,0.05,13,20,0.65,0.45,0.85,0.69875,1.0,0.5891753472222222,0.903125,0.0045535940381003,0.007548658520255835,0.85,0.7559027777777777,1.0,0.006038925515972543,0.35000000000000003,0.6247252747252747,0.01301595177949355,6
JVS_JVSMuSiC,mert_l3,3,41,60_20_20_speaker_disjoint,True,full_minus_duration,mean_preserving,logf0_mean;logf0_std;logf0_p05;logf0_p50;logf0_p95;logf0_range;rms_mean;rms_std;voiced_rate;energy_mean;energy_std,S->G,20,0.05,6,20,0.3,0.1,0.5,0.5,0.9,0.34816099071207424,0.6594093137254902,0.0035643717829497673,0.008489552444903662,0.7,0.49390608875129,2.0,0.006135702918340241,-0.04999999999999999,0.8978021978021978,0.013473050318704383,8
JVS_JVSMuSiC,mert_l3,3,41,60_20_20_speaker_disjoint,True,full_minus_duration,mean_preserving,logf0_mean;logf0_std;logf0_p05;logf0_p50;logf0_p95;logf0_range;rms_mean;rms_std;voiced_rate;energy_mean;energy_std,G->S,20,0.05,11,20,0.55,0.3,0.75,0.7,1.0,0.507327380952381,0.8361160714285714,0.004601963126143009,0.007894239234282197,0.85,0.681031746031746,1.0,0.006135702918340241,0.25000000000000006,0.8978021978021978,0.013473050318704383,8
JVS_JVSMuSiC,mert_l3,3,41,60_20_20_speaker_disjoint,True,full_minus_voicing,mean_preserving,logf0_mean;logf0_std;logf0_p05;logf0_p50;logf0_p95;logf0_range;rms_mean;rms_std;duration_s;energy_mean;energy_std,S->G,20,0.05,10,20,0.5,0.25,0.7,0.55,0.9,0.44253832686920913,0.7918781512605042,0.004188468026346292,0.007381396868222487,0.75,0.6194430079724198,1.5,0.005812369260446837,0.15000000000000002,0.5901098901098901,0.015371802120755285,9
JVS_JVSMuSiC,mert_l3,3,41,60_20_20_speaker_disjoint,True,full_minus_voicing,mean_preserving,logf0_mean;logf0_std;logf0_p05;logf0_p50;logf0_p95;logf0_range;rms_mean;rms_std;duration_s;energy_mean;energy_std,G->S,20,0.05,13,20,0.65,0.45,0.85,0.7,1.0,0.5696587301587301,0.8903333333333333,0.004325526263730524,0.00725604487460508,0.85,0.7315873015873016,1.0,0.005812369260446837,0.35000000000000003,0.5901098901098901,0.015371802120755285,9
JVS_JVSMuSiC,mert_l3,3,41,60_20_20_speaker_disjoint,True,row_shuffled_nuisance,mean_preserving,logf0_mean;logf0_std;logf0_p05;logf0_p50;logf0_p95;logf0_range;rms_mean;rms_std;duration_s;voiced_rate;energy_mean;energy_std,S->G,20,0.05,6,20,0.3,0.1,0.5,0.5,0.9,0.3267901785714285,0.640982142857143,0.007656367014049456,0.013135914094727676,0.7,0.4737667887667888,3.0,0.010304408706809093,-0.04999999999999999,1.0,0.0005325482313572882,9
JVS_JVSMuSiC,mert_l3,3,41,60_20_20_speaker_disjoint,True,row_shuffled_nuisance,mean_preserving,logf0_mean;logf0_std;logf0_p05;logf0_p50;logf0_p95;logf0_range;rms_mean;rms_std;duration_s;voiced_rate;energy_mean;energy_std,G->S,20,0.05,6,20,0.3,0.1,0.5,0.55,0.9,0.3619375,0.6679394841269841,0.007772525220893561,0.013017663697358526,0.75,0.512579365079365,2.0,0.010304408706809081,0.0,1.0,0.0005325482313572882,9
JVS_JVSMuSiC,mert_l3,3,41,60_20_20_speaker_disjoint,True,random_gaussian_nuisance,mean_preserving,logf0_mean;logf0_std;logf0_p05;logf0_p50;logf0_p95;logf0_range;rms_mean;rms_std;duration_s;voiced_rate;energy_mean;energy_std,S->G,20,0.05,4,20,0.2,0.05,0.4,0.4,0.85,0.27907196969696973,0.5583570075757575,0.00814941786653022,0.012873543127976412,0.65,0.4141287878787878,4.0,0.010464448304291496,-0.14999999999999997,1.0,0.00010675633565371268,12
JVS_JVSMuSiC,mert_l3,3,41,60_20_20_speaker_disjoint,True,random_gaussian_nuisance,mean_preserving,logf0_mean;logf0_std;logf0_p05;logf0_p50;logf0_p95;logf0_range;rms_mean;rms_std;duration_s;voiced_rate;energy_mean;energy_std,G->S,20,0.05,5,20,0.25,0.1,0.45,0.65,0.95,0.2954077380952381,0.5904866071428572,0.00783937479145548,0.013348449440982419,0.85,0.4367261904761904,4.0,0.010464448304291562,-0.04999999999999999,1.0,0.00010675633565371268,12
JVS_JVSMuSiC,mert_l3,3,41,60_20_20_speaker_disjoint,True,random_low_rank_projection,mean_preserving,random_dir_0;random_dir_1;random_dir_2;random_dir_3;random_dir_4;random_dir_5;random_dir_6;random_dir_7;random_dir_8;random_dir_9;random_dir_10;random_dir_11,S->G,20,0.05,7,20,0.35,0.15,0.55,0.5,0.9,0.3369640151515151,0.6687272727272727,0.0076684946172126895,0.013143894968014871,0.7,0.501628787878788,3.0,0.010385243871823529,0.0,1.0,0.0002858294546940199,12
JVS_JVSMuSiC,mert_l3,3,41,60_20_20_speaker_disjoint,True,random_low_rank_projection,mean_preserving,random_dir_0;random_dir_1;random_dir_2;random_dir_3;random_dir_4;random_dir_5;random_dir_6;random_dir_7;random_dir_8;random_dir_9;random_dir_10;random_dir_11,G->S,20,0.05,6,20,0.3,0.1,0.5,0.55,0.9,0.3533124999999999,0.6525833333333333,0.007487864383511577,0.013364896786682448,0.75,0.49833333333333335,2.5,0.010385243871823536,0.0,1.0,0.0002858294546940199,12
JVS_JVSMuSiC,mert_l3,3,43,60_20_20_speaker_disjoint,True,raw,raw,,S->G,20,0.05,6,20,0.3,0.1,0.5,0.4,0.8,0.2840176282051282,0.6019791666666665,0.006804832546799951,0.014998966496625759,0.6,0.4411080586080586,4.0,0.010628368510080793,0.0,1.0,0.0,0
JVS_JVSMuSiC,mert_l3,3,43,60_20_20_speaker_disjoint,True,raw,raw,,G->S,20,0.05,8,20,0.4,0.2,0.6012499999999988,0.45,0.9,0.3663347288676236,0.7013374344953293,0.00724600456515501,0.013623480125415907,0.7,0.5389032239690134,2.5,0.0106283685100808,0.0,1.0,0.0,0
JVS_JVSMuSiC,mert_l3,3,43,60_20_20_speaker_disjoint,True,center_only_classic,classic,,S->G,20,0.05,10,20,0.5,0.3,0.7,0.85,1.0,0.5030416666666666,0.8013888888888889,0.2712923921767018,0.4227512024616898,0.95,0.6588888888888889,1.5,0.3425681546989963,0.2,1.0,0.9615855101947707,0
JVS_JVSMuSiC,mert_l3,3,43,60_20_20_speaker_disjoint,True,center_only_classic,classic,,G->S,20,0.05,6,20,0.3,0.1,0.5,0.55,0.9,0.332472641941392,0.6589577609890109,0.23898449147356612,0.4436823191307562,0.75,0.4852152014652015,3.0,0.3425681546989963,-0.10000000000000003,1.0,0.9615855101947707,0
JVS_JVSMuSiC,mert_l3,3,43,60_20_20_speaker_disjoint,True,mode_dummy_only,mean_preserving,mode_dummy,S->G,20,0.05,10,20,0.5,0.3,0.7,0.85,1.0,0.4988819444444444,0.8097222222222221,0.008637666323461737,0.012808797643042321,0.95,0.6572222222222222,1.5,0.010653883542975922,0.2,0.5153409090909091,0.007117878926213184,1
JVS_JVSMuSiC,mert_l3,3,43,60_20_20_speaker_disjoint,True,mode_dummy_only,mean_preserving,mode_dummy,G->S,20,0.05,11,20,0.55,0.35,0.75,0.85,1.0,0.5247083333333332,0.8504761904761905,0.008781135364999347,0.012497013569972843,0.95,0.6854761904761906,1.0,0.01065388354297594,0.15000000000000002,0.5153409090909091,0.007117878926213184,1
JVS_JVSMuSiC,mert_l3,3,43,60_20_20_speaker_disjoint,True,mode_dummy_only,classic,mode_dummy,S->G,20,0.05,12,20,0.6,0.4,0.8,0.85,1.0,0.5457500000000001,0.8579166666666665,0.39298844602301136,0.5300627046299784,0.95,0.7137499999999999,1.0,0.4588825385516054,0.3,0.5153409090909091,0.9686982853076465,1
JVS_JVSMuSiC,mert_l3,3,43,60_20_20_speaker_disjoint,True,mode_dummy_only,classic,mode_dummy,G->S,20,0.05,11,20,0.55,0.35,0.75,0.75,1.0,0.5076190476190476,0.819672619047619,0.39066748018075387,0.5250946253053375,0.9,0.6754761904761903,1.0,0.45888253855160527,0.15000000000000002,0.5153409090909091,0.9686982853076465,1
JVS_JVSMuSiC,mert_l3,3,43,60_20_20_speaker_disjoint,True,acoustic_full_no_mode,mean_preserving,logf0_mean;logf0_std;logf0_p05;logf0_p50;logf0_p95;logf0_range;rms_mean;rms_std;duration_s;voiced_rate;energy_mean;energy_std,S->G,20,0.05,7,20,0.35,0.15,0.6,0.5,0.9,0.3431007819794584,0.6906702264239029,0.0018576250260765302,0.007877972328144075,0.7,0.5114729225023342,2.5,0.005135379153810571,0.04999999999999999,0.634090909090909,0.015815322059820724,9
JVS_JVSMuSiC,mert_l3,3,43,60_20_20_speaker_disjoint,True,acoustic_full_no_mode,mean_preserving,logf0_mean;logf0_std;logf0_p05;logf0_p50;logf0_p95;logf0_range;rms_mean;rms_std;duration_s;voiced_rate;energy_mean;energy_std,G->S,20,0.05,10,20,0.5,0.3,0.7,0.5,0.9,0.4596428571428571,0.7976488095238096,0.003852606921997665,0.006397512088624341,0.7,0.6281746031746032,1.5,0.005135379153810554,0.09999999999999998,0.634090909090909,0.015815322059820724,9
JVS_JVSMuSiC,mert_l3,3,43,60_20_20_speaker_disjoint,True,acoustic_full_no_mode,classic,logf0_mean;logf0_std;logf0_p05;logf0_p50;logf0_p95;logf0_range;rms_mean;rms_std;duration_s;voiced_rate;energy_mean;energy_std,S->G,20,0.05,9,20,0.45,0.25,0.65,0.6,0.95,0.43559523809523815,0.7594300595238094,0.19072874474256662,0.35584881283365505,0.8,0.6023214285714286,2.0,0.2706780179169307,0.15000000000000002,0.634090909090909,0.9769407594411658,9
JVS_JVSMuSiC,mert_l3,3,43,60_20_20_speaker_disjoint,True,acoustic_full_no_mode,classic,logf0_mean;logf0_std;logf0_p05;logf0_p50;logf0_p95;logf0_range;rms_mean;rms_std;duration_s;voiced_rate;energy_mean;energy_std,G->S,20,0.05,10,20,0.5,0.3,0.7,0.55,0.95,0.4054568452380952,0.7871428571428571,0.18669054215423056,0.3476371902375269,0.75,0.6052976190476189,1.5,0.2706780179169307,0.09999999999999998,0.634090909090909,0.9769407594411658,9
JVS_JVSMuSiC,mert_l3,3,43,60_20_20_speaker_disjoint,True,acoustic_full_plus_mode,mean_preserving,logf0_mean;logf0_std;logf0_p05;logf0_p50;logf0_p95;logf0_range;rms_mean;rms_std;duration_s;voiced_rate;energy_mean;energy_std;mode_dummy,S->G,20,0.05,8,20,0.4,0.2,0.65,0.5,0.9,0.37574591503267973,0.7205972222222222,0.0023874066586697645,0.0074733171949747075,0.7,0.5378618113912232,2.5,0.005127574071009611,0.10000000000000003,0.5045454545454545,0.01625949295996021,10
JVS_JVSMuSiC,mert_l3,3,43,60_20_20_speaker_disjoint,True,acoustic_full_plus_mode,mean_preserving,logf0_mean;logf0_std;logf0_p05;logf0_p50;logf0_p95;logf0_range;rms_mean;rms_std;duration_s;voiced_rate;energy_mean;energy_std;mode_dummy,G->S,20,0.05,10,20,0.5,0.3,0.7,0.5,0.9,0.43390228174603174,0.7648660714285713,0.0038364805342640082,0.006469844936758423,0.7,0.6060912698412698,1.5,0.00512757407100965,0.09999999999999998,0.5045454545454545,0.01625949295996021,10
JVS_JVSMuSiC,mert_l3,3,43,60_20_20_speaker_disjoint,True,acoustic_full_plus_mode,classic,logf0_mean;logf0_std;logf0_p05;logf0_p50;logf0_p95;logf0_range;rms_mean;rms_std;duration_s;voiced_rate;energy_mean;energy_std;mode_dummy,S->G,20,0.05,10,20,0.5,0.3,0.7,0.6,0.95,0.44356845238095244,0.7876101190476189,0.1924995457479288,0.35865804179781,0.8,0.6127380952380952,2.0,0.2722914859793892,0.2,0.5045454545454545,0.9773539485005762,10
JVS_JVSMuSiC,mert_l3,3,43,60_20_20_speaker_disjoint,True,acoustic_full_plus_mode,classic,logf0_mean;logf0_std;logf0_p05;logf0_p50;logf0_p95;logf0_range;rms_mean;rms_std;duration_s;voiced_rate;energy_mean;energy_std;mode_dummy,G->S,20,0.05,11,20,0.55,0.35,0.75,0.55,0.9,0.4559345238095237,0.8012202380952381,0.1978758857665103,0.3481431156415198,0.75,0.6358333333333334,1.0,0.27229148597938924,0.15000000000000002,0.5045454545454545,0.9773539485005762,10
JVS_JVSMuSiC,mert_l3,3,43,60_20_20_speaker_disjoint,True,single_group_f0,mean_preserving,logf0_mean;logf0_std;logf0_p05;logf0_p50;logf0_p95;logf0_range,S->G,20,0.05,4,20,0.2,0.05,0.4,0.25,0.7,0.2083670707034194,0.5262669279733423,0.0013064237399789452,0.008515498452991743,0.45,0.3537061732127521,6.5,0.00485716476527071,-0.09999999999999998,1.0,0.006585487401555623,5
JVS_JVSMuSiC,mert_l3,3,43,60_20_20_speaker_disjoint,True,single_group_f0,mean_preserving,logf0_mean;logf0_std;logf0_p05;logf0_p50;logf0_p95;logf0_range,G->S,20,0.05,6,20,0.3,0.1,0.5,0.5,0.9,0.29273193993506497,0.6222939664502165,0.002419705277001214,0.0075567582320936605,0.7,0.4568668831168831,3.5,0.004857164765270728,-0.10000000000000003,1.0,0.006585487401555623,5
JVS_JVSMuSiC,mert_l3,3,43,60_20_20_speaker_disjoint,True,single_group_energy,mean_preserving,rms_mean;rms_std;energy_mean;energy_std,S->G,20,0.05,9,20,0.45,0.25,0.7,0.64875,0.95,0.4007926587301588,0.7601696428571427,0.005977602610538758,0.013622725559501272,0.8,0.5801984126984128,2.5,0.010144643597222641,0.15000000000000002,0.7664772727272727,0.007525999091836821,3
JVS_JVSMuSiC,mert_l3,3,43,60_20_20_speaker_disjoint,True,single_group_energy,mean_preserving,rms_mean;rms_std;energy_mean;energy_std,G->S,20,0.05,14,20,0.7,0.5,0.9,0.75,1.0,0.6053125,0.9196428571428571,0.00855169436281618,0.011725943586530905,0.9,0.7684523809523809,1.0,0.010144643597222664,0.29999999999999993,0.7664772727272727,0.007525999091836821,3
JVS_JVSMuSiC,mert_l3,3,43,60_20_20_speaker_disjoint,True,single_group_duration,mean_preserving,duration_s,S->G,20,0.05,10,20,0.5,0.25,0.7,0.8,1.0,0.5086111111111111,0.8098333333333332,0.008895574105486071,0.012993379049957081,0.95,0.6613888888888889,1.5,0.010857198548991965,0.2,0.6795454545454546,0.006679525551076426,1
JVS_JVSMuSiC,mert_l3,3,43,60_20_20_speaker_disjoint,True,single_group_duration,mean_preserving,duration_s,G->S,20,0.05,11,20,0.55,0.35,0.75,0.65,1.0,0.5228958333333334,0.83084375,0.008888495153500328,0.012948184587624733,0.85,0.6870833333333334,1.0,0.01085719854899197,0.15000000000000002,0.6795454545454546,0.006679525551076426,1
JVS_JVSMuSiC,mert_l3,3,43,60_20_20_speaker_disjoint,True,single_group_voicing,mean_preserving,voiced_rate,S->G,20,0.05,6,20,0.3,0.1,0.5,0.4,0.8,0.28498603479853485,0.6171467490842492,0.006846174486040034,0.014820383923965565,0.6,0.4411080586080586,4.0,0.010628368510080793,0.0,1.0,0.0,0
JVS_JVSMuSiC,mert_l3,3,43,60_20_20_speaker_disjoint,True,single_group_voicing,mean_preserving,voiced_rate,G->S,20,0.05,8,20,0.4,0.2,0.6,0.5,0.9,0.37014311346548184,0.7116770833333333,0.0073899652621902765,0.013717499018325904,0.7,0.5389032239690134,2.5,0.0106283685100808,0.0,1.0,0.0,0
JVS_JVSMuSiC,mert_l3,3,43,60_20_20_speaker_disjoint,True,full_minus_f0,mean_preserving,rms_mean;rms_std;duration_s;voiced_rate;energy_mean;energy_std,S->G,20,0.05,10,20,0.5,0.25,0.7,0.7,1.0,0.49041666666666667,0.8192604166666665,0.006202075905113144,0.012924678817619368,0.85,0.6504166666666666,1.5,0.009862478814819909,0.2,0.5238636363636363,0.009779533887137704,4
JVS_JVSMuSiC,mert_l3,3,43,60_20_20_speaker_disjoint,True,full_minus_f0,mean_preserving,rms_mean;rms_std;duration_s;voiced_rate;energy_mean;energy_std,G->S,20,0.05,12,20,0.6,0.4,0.8,0.85,1.0,0.5729345238095238,0.8791666666666667,0.00829972091230526,0.011242669103832205,0.95,0.7254761904761905,1.0,0.009862478814819891,0.19999999999999996,0.5238636363636363,0.009779533887137704,4
JVS_JVSMuSiC,mert_l3,3,43,60_20_20_speaker_disjoint,True,full_minus_energy,mean_preserving,logf0_mean;logf0_std;logf0_p05;logf0_p50;logf0_p95;logf0_range;duration_s;voiced_rate,S->G,20,0.05,8,20,0.4,0.2,0.6,0.5,0.9,0.36424231150793657,0.7209040178571429,0.003510337680032686,0.006571583789596754,0.7,0.531795634920635,3.0,0.004926211194950725,0.10000000000000003,0.6829545454545455,0.013246255659838613,6
JVS_JVSMuSiC,mert_l3,3,43,60_20_20_speaker_disjoint,True,full_minus_energy,mean_preserving,logf0_mean;logf0_std;logf0_p05;logf0_p50;logf0_p95;logf0_range;duration_s;voiced_rate,G->S,20,0.05,11,20,0.55,0.3,0.75,0.5,0.9,0.4377368152680653,0.8138323863636363,0.003410265407737955,0.006477426631939136,0.7,0.6293210955710955,1.0,0.004926211194950708,0.15000000000000002,0.6829545454545455,0.013246255659838613,6
JVS_JVSMuSiC,mert_l3,3,43,60_20_20_speaker_disjoint,True,full_minus_duration,mean_preserving,logf0_mean;logf0_std;logf0_p05;logf0_p50;logf0_p95;logf0_range;rms_mean;rms_std;voiced_rate;energy_mean;energy_std,S->G,20,0.05,6,20,0.3,0.1,0.5,0.35,0.75,0.28159334935897434,0.6130520833333333,0.000968696744084017,0.008584880970293208,0.55,0.43738782051282055,3.5,0.0053111427595489424,0.0,0.8153409090909091,0.013507964316490595,8
JVS_JVSMuSiC,mert_l3,3,43,60_20_20_speaker_disjoint,True,full_minus_duration,mean_preserving,logf0_mean;logf0_std;logf0_p05;logf0_p50;logf0_p95;logf0_range;rms_mean;rms_std;voiced_rate;energy_mean;energy_std,G->S,20,0.05,9,20,0.45,0.25,0.65,0.6,0.95,0.4215058760683761,0.7487152777777777,0.0040062248783178335,0.006666443642898349,0.8,0.5949572649572649,2.0,0.005311142759548887,0.04999999999999999,0.8153409090909091,0.013507964316490595,8
JVS_JVSMuSiC,mert_l3,3,43,60_20_20_speaker_disjoint,True,full_minus_voicing,mean_preserving,logf0_mean;logf0_std;logf0_p05;logf0_p50;logf0_p95;logf0_range;rms_mean;rms_std;duration_s;energy_mean;energy_std,S->G,20,0.05,7,20,0.35,0.15,0.55,0.5,0.9,0.33384990662931835,0.6805744047619048,0.002135728776078655,0.007871721027176919,0.7,0.5114729225023342,2.5,0.005135379153810587,0.04999999999999999,0.634090909090909,0.01581532205982139,9
JVS_JVSMuSiC,mert_l3,3,43,60_20_20_speaker_disjoint,True,full_minus_voicing,mean_preserving,logf0_mean;logf0_std;logf0_p05;logf0_p50;logf0_p95;logf0_range;rms_mean;rms_std;duration_s;energy_mean;energy_std,G->S,20,0.05,10,20,0.5,0.3,0.7,0.45,0.9,0.4569742063492063,0.8022460317460317,0.0038065700046689926,0.006417958568378319,0.7,0.6281746031746032,1.5,0.005135379153810532,0.09999999999999998,0.634090909090909,0.01581532205982139,9
JVS_JVSMuSiC,mert_l3,3,43,60_20_20_speaker_disjoint,True,row_shuffled_nuisance,mean_preserving,logf0_mean;logf0_std;logf0_p05;logf0_p50;logf0_p95;logf0_range;rms_mean;rms_std;duration_s;voiced_rate;energy_mean;energy_std,S->G,20,0.05,2,20,0.1,0.0,0.25,0.35,0.75,0.23555411255411252,0.47147772366522356,0.0068564695689972,0.018880390719465245,0.55,0.34684704184704185,4.0,0.01236706024197302,-0.19999999999999998,1.0,-0.0012415765671760504,9
JVS_JVSMuSiC,mert_l3,3,43,60_20_20_speaker_disjoint,True,row_shuffled_nuisance,mean_preserving,logf0_mean;logf0_std;logf0_p05;logf0_p50;logf0_p95;logf0_range;rms_mean;rms_std;duration_s;voiced_rate;energy_mean;energy_std,G->S,20,0.05,4,20,0.2,0.05,0.35,0.4,0.8,0.2510268533549784,0.5453973665223666,0.007768846798487997,0.016654115563786903,0.6,0.39812680375180376,4.0,0.012367060241973015,-0.2,1.0,-0.0012415765671760504,9
JVS_JVSMuSiC,mert_l3,3,43,60_20_20_speaker_disjoint,True,random_gaussian_nuisance,mean_preserving,logf0_mean;logf0_std;logf0_p05;logf0_p50;logf0_p95;logf0_range;rms_mean;rms_std;duration_s;voiced_rate;energy_mean;energy_std,S->G,20,0.05,5,20,0.25,0.1,0.45,0.35,0.75,0.27176406926406926,0.5886873196248196,0.0069174281268749305,0.015267966249386932,0.55,0.42655122655122657,4.0,0.010886960968824022,-0.04999999999999999,1.0,0.00015192087185433856,12
JVS_JVSMuSiC,mert_l3,3,43,60_20_20_speaker_disjoint,True,random_gaussian_nuisance,mean_preserving,logf0_mean;logf0_std;logf0_p05;logf0_p50;logf0_p95;logf0_range;rms_mean;rms_std;duration_s;voiced_rate;energy_mean;energy_std,G->S,20,0.05,5,20,0.25,0.1,0.45,0.5,0.9,0.2965572585309427,0.6019426209755158,0.007267633197588483,0.014223316132355385,0.7,0.43960960092539036,3.0,0.010886960968824032,-0.15000000000000002,1.0,0.00015192087185433856,12
JVS_JVSMuSiC,mert_l3,3,43,60_20_20_speaker_disjoint,True,random_low_rank_projection,mean_preserving,random_dir_0;random_dir_1;random_dir_2;random_dir_3;random_dir_4;random_dir_5;random_dir_6;random_dir_7;random_dir_8;random_dir_9;random_dir_10;random_dir_11,S->G,20,0.05,6,20,0.3,0.1,0.5,0.3987500000000001,0.8,0.2771011904761905,0.6151547619047618,0.006759450380594761,0.014731021251548139,0.6,0.4408333333333333,4.0,0.010560938468034903,0.0,1.0,0.00024265488983588046,12
JVS_JVSMuSiC,mert_l3,3,43,60_20_20_speaker_disjoint,True,random_low_rank_projection,mean_preserving,random_dir_0;random_dir_1;random_dir_2;random_dir_3;random_dir_4;random_dir_5;random_dir_6;random_dir_7;random_dir_8;random_dir_9;random_dir_10;random_dir_11,G->S,20,0.05,8,20,0.4,0.2,0.6012499999999988,0.5,0.9,0.37897947282980177,0.699735432330827,0.007307425254031463,0.013581838152475814,0.7,0.5389032239690134,2.5,0.010560938468034842,0.0,1.0,0.00024265488983588046,12
JVS_JVSMuSiC,mert_l3,3,47,60_20_20_speaker_disjoint,True,raw,raw,,S->G,20,0.05,13,20,0.65,0.45,0.85,0.55,0.9012499999999989,0.5452219416612799,0.8831430288461539,0.007937284261469666,0.01580949574850317,0.75,0.7220551874595993,1.0,0.011995915653216555,0.0,1.0,0.0,0
JVS_JVSMuSiC,mert_l3,3,47,60_20_20_speaker_disjoint,True,raw,raw,,G->S,20,0.05,8,20,0.4,0.2,0.65,0.55,0.9,0.42679464285714286,0.7518452380952381,0.007420923274372021,0.01550701431570104,0.75,0.5848412698412698,2.0,0.01199591565321656,0.0,1.0,0.0,0
JVS_JVSMuSiC,mert_l3,3,47,60_20_20_speaker_disjoint,True,center_only_classic,classic,,S->G,20,0.05,17,20,0.85,0.7,1.0,0.85,1.0,0.7964285714285714,1.0,0.32112415166668634,0.4408036062220418,0.95,0.9071428571428571,1.0,0.3802648873488602,0.19999999999999996,1.0,0.961436130478091,0
JVS_JVSMuSiC,mert_l3,3,47,60_20_20_speaker_disjoint,True,center_only_classic,classic,,G->S,20,0.05,8,20,0.4,0.2,0.6,0.5,0.9,0.41007440476190476,0.7423834325396824,0.2944879434425847,0.47062027219734476,0.7,0.5870039682539683,2.0,0.3802648873488602,0.0,1.0,0.961436130478091,0
JVS_JVSMuSiC,mert_l3,3,47,60_20_20_speaker_disjoint,True,mode_dummy_only,mean_preserving,mode_dummy,S->G,20,0.05,15,20,0.75,0.55,0.9,0.85,1.0,0.6799999999999999,0.9550000000000001,0.00971989935579942,0.014762531136558189,0.95,0.8316666666666667,1.0,0.012030920317914173,0.09999999999999998,0.2957831325301205,0.007078891971657231,1
JVS_JVSMuSiC,mert_l3,3,47,60_20_20_speaker_disjoint,True,mode_dummy_only,mean_preserving,mode_dummy,G->S,20,0.05,16,20,0.8,0.6,0.95,0.65,1.0,0.6910096153846154,0.9583333333333334,0.009804607324345195,0.01428774421596286,0.85,0.8434294871794872,1.0,0.01203092031791414,0.4,0.2957831325301205,0.007078891971657231,1
JVS_JVSMuSiC,mert_l3,3,47,60_20_20_speaker_disjoint,True,mode_dummy_only,classic,mode_dummy,S->G,20,0.05,18,20,0.9,0.75,1.0,1.0,1.0,0.845,1.0,0.44943687536018895,0.5872607853199486,1.0,0.9349999999999999,1.0,0.5160095625429444,0.25,0.2957831325301205,0.9685217849329301,1
JVS_JVSMuSiC,mert_l3,3,47,60_20_20_speaker_disjoint,True,mode_dummy_only,classic,mode_dummy,G->S,20,0.05,16,20,0.8,0.6,0.95,0.75,1.0,0.7333333333333334,0.975,0.44778469938718085,0.5813941903376969,0.9,0.8666666666666668,1.0,0.5160095625429444,0.4,0.2957831325301205,0.9685217849329301,1
JVS_JVSMuSiC,mert_l3,3,47,60_20_20_speaker_disjoint,True,acoustic_full_no_mode,mean_preserving,logf0_mean;logf0_std;logf0_p05;logf0_p50;logf0_p95;logf0_range;rms_mean;rms_std;duration_s;voiced_rate;energy_mean;energy_std,S->G,20,0.05,10,20,0.5,0.3,0.7,0.55,0.9012499999999989,0.47703124999999996,0.8104166666666668,0.004940505811629643,0.008505273142978689,0.75,0.6385416666666667,1.5,0.006855220633361014,-0.15000000000000002,0.6271084337349397,0.016252834712335296,9
JVS_JVSMuSiC,mert_l3,3,47,60_20_20_speaker_disjoint,True,acoustic_full_no_mode,mean_preserving,logf0_mean;logf0_std;logf0_p05;logf0_p50;logf0_p95;logf0_range;rms_mean;rms_std;duration_s;voiced_rate;energy_mean;energy_std,G->S,20,0.05,13,20,0.65,0.4,0.85,0.65,1.0,0.5846805555555555,0.9025000000000001,0.004704938985945538,0.008624196309645839,0.85,0.7472222222222222,1.0,0.006855220633361053,0.25,0.6271084337349397,0.016252834712335296,9
JVS_JVSMuSiC,mert_l3,3,47,60_20_20_speaker_disjoint,True,acoustic_full_no_mode,classic,logf0_mean;logf0_std;logf0_p05;logf0_p50;logf0_p95;logf0_range;rms_mean;rms_std;duration_s;voiced_rate;energy_mean;energy_std,S->G,20,0.05,13,20,0.65,0.45,0.85,0.85,1.0,0.6514962121212122,0.9166666666666666,0.3163253675367251,0.47120729911546555,0.95,0.7962121212121211,1.0,0.39423416337232287,0.0,0.6271084337349397,0.977034842834303,9
JVS_JVSMuSiC,mert_l3,3,47,60_20_20_speaker_disjoint,True,acoustic_full_no_mode,classic,logf0_mean;logf0_std;logf0_p05;logf0_p50;logf0_p95;logf0_range;rms_mean;rms_std;duration_s;voiced_rate;energy_mean;energy_std,G->S,20,0.05,14,20,0.7,0.5,0.9,0.85,1.0,0.6444097222222223,0.925,0.3149943758742055,0.4631522854312332,0.95,0.7972222222222222,1.0,0.39423416337232287,0.29999999999999993,0.6271084337349397,0.977034842834303,9
JVS_JVSMuSiC,mert_l3,3,47,60_20_20_speaker_disjoint,True,acoustic_full_plus_mode,mean_preserving,logf0_mean;logf0_std;logf0_p05;logf0_p50;logf0_p95;logf0_range;rms_mean;rms_std;duration_s;voiced_rate;energy_mean;energy_std;mode_dummy,S->G,20,0.05,11,20,0.55,0.35,0.75,0.6,0.95,0.5261069139194138,0.8417330586080587,0.00528272803226452,0.008532976003069554,0.8,0.6839056776556777,1.0,0.006999248951864445,-0.09999999999999998,0.4271084337349398,0.016649349727514196,10
JVS_JVSMuSiC,mert_l3,3,47,60_20_20_speaker_disjoint,True,acoustic_full_plus_mode,mean_preserving,logf0_mean;logf0_std;logf0_p05;logf0_p50;logf0_p95;logf0_range;rms_mean;rms_std;duration_s;voiced_rate;energy_mean;energy_std;mode_dummy,G->S,20,0.05,13,20,0.65,0.45,0.85,0.6,0.95,0.5842450657894735,0.90625,0.004993670116516419,0.008732970893092126,0.8,0.7451315789473684,1.0,0.006999248951864462,0.25,0.4271084337349398,0.016649349727514196,10
JVS_JVSMuSiC,mert_l3,3,47,60_20_20_speaker_disjoint,True,acoustic_full_plus_mode,classic,logf0_mean;logf0_std;logf0_p05;logf0_p50;logf0_p95;logf0_range;rms_mean;rms_std;duration_s;voiced_rate;energy_mean;energy_std;mode_dummy,S->G,20,0.05,15,20,0.75,0.55,0.9012499999999989,0.85,1.0,0.7086136363636364,0.9545454545454545,0.32151142374487357,0.4722043378343304,0.95,0.8395454545454545,1.0,0.4014926381985234,0.09999999999999998,0.4271084337349398,0.9774027476361172,10
JVS_JVSMuSiC,mert_l3,3,47,60_20_20_speaker_disjoint,True,acoustic_full_plus_mode,classic,logf0_mean;logf0_std;logf0_p05;logf0_p50;logf0_p95;logf0_range;rms_mean;rms_std;duration_s;voiced_rate;energy_mean;energy_std;mode_dummy,G->S,20,0.05,15,20,0.75,0.55,0.9,0.85,1.0,0.70828125,0.95625,0.32906024936541983,0.4714680625562425,0.95,0.8354166666666666,1.0,0.40149263819852343,0.35,0.4271084337349398,0.9774027476361172,10
JVS_JVSMuSiC,mert_l3,3,47,60_20_20_speaker_disjoint,True,single_group_f0,mean_preserving,logf0_mean;logf0_std;logf0_p05;logf0_p50;logf0_p95;logf0_range,S->G,20,0.05,9,20,0.45,0.25,0.65,0.35,0.8,0.3820381446039341,0.7494056163135109,0.004224874863514631,0.010720674389572755,0.6,0.5590619541277435,2.0,0.007642473317110881,-0.2,1.0,0.006977967952720321,5
JVS_JVSMuSiC,mert_l3,3,47,60_20_20_speaker_disjoint,True,single_group_f0,mean_preserving,logf0_mean;logf0_std;logf0_p05;logf0_p50;logf0_p95;logf0_range,G->S,20,0.05,6,20,0.3,0.1,0.5,0.55,0.95,0.3805347222222222,0.6872291666666667,0.003382215546783788,0.010834535868181137,0.75,0.5334343434343435,2.0,0.007642473317110881,-0.10000000000000003,1.0,0.006977967952720321,5
JVS_JVSMuSiC,mert_l3,3,47,60_20_20_speaker_disjoint,True,single_group_energy,mean_preserving,rms_mean;rms_std;energy_mean;energy_std,S->G,20,0.05,14,20,0.7,0.5,0.9,0.55,0.9,0.5644582708957708,0.910989010989011,0.008756658798996685,0.01518978254094939,0.75,0.7401177988677989,1.0,0.011887227285512619,0.04999999999999993,0.8620481927710844,0.008013650046354348,3
JVS_JVSMuSiC,mert_l3,3,47,60_20_20_speaker_disjoint,True,single_group_energy,mean_preserving,rms_mean;rms_std;energy_mean;energy_std,G->S,20,0.05,13,20,0.65,0.45,0.85,0.75,1.0,0.6115729166666666,0.90625,0.009442143808673186,0.014462792456241975,0.9,0.7704166666666666,1.0,0.011887227285512563,0.25,0.8620481927710844,0.008013650046354348,3
JVS_JVSMuSiC,mert_l3,3,47,60_20_20_speaker_disjoint,True,single_group_duration,mean_preserving,duration_s,S->G,20,0.05,17,20,0.85,0.69875,1.0,0.85,1.0,0.7366666666666666,1.0,0.009628996466578369,0.014422399477516184,0.95,0.8741666666666668,1.0,0.01201894246500565,0.19999999999999996,0.5433734939759036,0.00660461027743553,1
JVS_JVSMuSiC,mert_l3,3,47,60_20_20_speaker_disjoint,True,single_group_duration,mean_preserving,duration_s,G->S,20,0.05,17,20,0.85,0.7,1.0,0.7,1.0,0.7263480392156862,1.0,0.009322151346999251,0.014277776164749968,0.85,0.8675245098039216,1.0,0.012018942465005705,0.44999999999999996,0.5433734939759036,0.00660461027743553,1
JVS_JVSMuSiC,mert_l3,3,47,60_20_20_speaker_disjoint,True,single_group_voicing,mean_preserving,voiced_rate,S->G,20,0.05,13,20,0.65,0.4,0.85,0.55,0.9,0.5482776139301874,0.8850840336134453,0.008149568678872848,0.015706711558248872,0.75,0.7220551874595993,1.0,0.011995915653216555,0.0,1.0,0.0,0
JVS_JVSMuSiC,mert_l3,3,47,60_20_20_speaker_disjoint,True,single_group_voicing,mean_preserving,voiced_rate,G->S,20,0.05,8,20,0.4,0.2,0.6,0.55,0.9,0.4243065476190477,0.7488392857142858,0.007423691166803546,0.01564427280652056,0.75,0.5848412698412698,2.0,0.01199591565321656,0.0,1.0,0.0,0
JVS_JVSMuSiC,mert_l3,3,47,60_20_20_speaker_disjoint,True,full_minus_f0,mean_preserving,rms_mean;rms_std;duration_s;voiced_rate;energy_mean;energy_std,S->G,20,0.05,12,20,0.6,0.3987500000000001,0.8,0.7,1.0,0.5513358134920635,0.8643154761904761,0.008810979389526003,0.014431804996582804,0.85,0.7081150793650793,1.0,0.011442299771602538,-0.050000000000000044,0.5506024096385542,0.010174955742865976,4
JVS_JVSMuSiC,mert_l3,3,47,60_20_20_speaker_disjoint,True,full_minus_f0,mean_preserving,rms_mean;rms_std;duration_s;voiced_rate;energy_mean;energy_std,G->S,20,0.05,14,20,0.7,0.5,0.9,0.7,1.0,0.645,0.93,0.009004813263961253,0.013631582847459309,0.85,0.7916666666666666,1.0,0.011442299771602544,0.29999999999999993,0.5506024096385542,0.010174955742865976,4
JVS_JVSMuSiC,mert_l3,3,47,60_20_20_speaker_disjoint,True,full_minus_energy,mean_preserving,logf0_mean;logf0_std;logf0_p05;logf0_p50;logf0_p95;logf0_range;duration_s;voiced_rate,S->G,20,0.05,15,20,0.75,0.55,0.95,0.75,1.0,0.6688095238095239,0.9571428571428571,0.0058197955742106495,0.009525049953514664,0.9,0.8204761904761906,1.0,0.0077270010614980955,0.09999999999999998,0.5475903614457831,0.013563106387387447,6
JVS_JVSMuSiC,mert_l3,3,47,60_20_20_speaker_disjoint,True,full_minus_energy,mean_preserving,logf0_mean;logf0_std;logf0_p05;logf0_p50;logf0_p95;logf0_range;duration_s;voiced_rate,G->S,20,0.05,16,20,0.8,0.6,0.95,0.7,1.0,0.6610964912280701,0.9666666666666666,0.005474164555410211,0.009582815587253593,0.85,0.830548245614035,1.0,0.007727001061498079,0.4,0.5475903614457831,0.013563106387387447,6
JVS_JVSMuSiC,mert_l3,3,47,60_20_20_speaker_disjoint,True,full_minus_duration,mean_preserving,logf0_mean;logf0_std;logf0_p05;logf0_p50;logf0_p95;logf0_range;rms_mean;rms_std;voiced_rate;energy_mean;energy_std,S->G,20,0.05,10,20,0.5,0.3,0.7,0.5,0.9,0.4395524267399268,0.7828878205128205,0.004727513564326605,0.009912018494016007,0.7,0.6138064713064713,1.5,0.007432706877911516,-0.15000000000000002,0.8783132530120482,0.014264753406738162,8
JVS_JVSMuSiC,mert_l3,3,47,60_20_20_speaker_disjoint,True,full_minus_duration,mean_preserving,logf0_mean;logf0_std;logf0_p05;logf0_p50;logf0_p95;logf0_range;rms_mean;rms_std;voiced_rate;energy_mean;energy_std,G->S,20,0.05,10,20,0.5,0.3,0.75,0.6,0.95,0.49319240196078423,0.8125,0.005457429895601868,0.00929447694175243,0.8,0.6584967320261439,1.5,0.007432706877911532,0.09999999999999998,0.8783132530120482,0.014264753406738162,8
JVS_JVSMuSiC,mert_l3,3,47,60_20_20_speaker_disjoint,True,full_minus_voicing,mean_preserving,logf0_mean;logf0_std;logf0_p05;logf0_p50;logf0_p95;logf0_range;rms_mean;rms_std;duration_s;energy_mean;energy_std,S->G,20,0.05,10,20,0.5,0.3,0.7,0.55,0.9,0.46765624999999994,0.7917708333333332,0.005163058684856138,0.008610129462851212,0.75,0.6385416666666667,1.5,0.006855220633361003,-0.15000000000000002,0.6271084337349397,0.016252834712333852,9
JVS_JVSMuSiC,mert_l3,3,47,60_20_20_speaker_disjoint,True,full_minus_voicing,mean_preserving,logf0_mean;logf0_std;logf0_p05;logf0_p50;logf0_p95;logf0_range;rms_mean;rms_std;duration_s;energy_mean;energy_std,G->S,20,0.05,13,20,0.65,0.45,0.85,0.7,1.0,0.5846111111111112,0.8847291666666667,0.004927244516384384,0.00875804743659396,0.85,0.7472222222222222,1.0,0.0068552206333610255,0.25,0.6271084337349397,0.016252834712333852,9
JVS_JVSMuSiC,mert_l3,3,47,60_20_20_speaker_disjoint,True,row_shuffled_nuisance,mean_preserving,logf0_mean;logf0_std;logf0_p05;logf0_p50;logf0_p95;logf0_range;rms_mean;rms_std;duration_s;voiced_rate;energy_mean;energy_std,S->G,20,0.05,9,20,0.45,0.24875000000000008,0.65,0.55,0.95,0.4253971636002886,0.7555997474747475,0.008132279933875672,0.015979215136743073,0.75,0.5971365440115439,2.0,0.012280041966811029,-0.2,1.0,-4.895510452862517e-05,9
JVS_JVSMuSiC,mert_l3,3,47,60_20_20_speaker_disjoint,True,row_shuffled_nuisance,mean_preserving,logf0_mean;logf0_std;logf0_p05;logf0_p50;logf0_p95;logf0_range;rms_mean;rms_std;duration_s;voiced_rate;energy_mean;energy_std,G->S,20,0.05,8,20,0.4,0.2,0.6,0.65,1.0,0.4405277777777777,0.7530833333333332,0.0074506912240697816,0.016458846865801548,0.85,0.5905555555555555,2.0,0.012280041966811017,0.0,1.0,-4.895510452862517e-05,9
JVS_JVSMuSiC,mert_l3,3,47,60_20_20_speaker_disjoint,True,random_gaussian_nuisance,mean_preserving,logf0_mean;logf0_std;logf0_p05;logf0_p50;logf0_p95;logf0_range;rms_mean;rms_std;duration_s;voiced_rate;energy_mean;energy_std,S->G,20,0.05,8,20,0.4,0.2,0.6,0.6,0.95,0.41820627289377293,0.7384294871794871,0.00795776919759567,0.01550636069047973,0.8,0.5798382173382173,2.0,0.011764590462435238,-0.25,1.0,0.0005722395515602718,12
JVS_JVSMuSiC,mert_l3,3,47,60_20_20_speaker_disjoint,True,random_gaussian_nuisance,mean_preserving,logf0_mean;logf0_std;logf0_p05;logf0_p50;logf0_p95;logf0_range;rms_mean;rms_std;duration_s;voiced_rate;energy_mean;energy_std,G->S,20,0.05,9,20,0.45,0.2,0.6512499999999989,0.7,1.0,0.43749652777777776,0.7456041666666666,0.007037484347266666,0.01557065647699475,0.85,0.5968055555555556,2.0,0.011764590462435193,0.04999999999999999,1.0,0.0005722395515602718,12
JVS_JVSMuSiC,mert_l3,3,47,60_20_20_speaker_disjoint,True,random_low_rank_projection,mean_preserving,random_dir_0;random_dir_1;random_dir_2;random_dir_3;random_dir_4;random_dir_5;random_dir_6;random_dir_7;random_dir_8;random_dir_9;random_dir_10;random_dir_11,S->G,20,0.05,13,20,0.65,0.45,0.85,0.55,0.9012499999999989,0.5437451317065287,0.8800220588235295,0.008178941707066614,0.015607382724053287,0.75,0.7220551874595993,1.0,0.011914707018294547,0.0,1.0,0.00027650742454088384,12
JVS_JVSMuSiC,mert_l3,3,47,60_20_20_speaker_disjoint,True,random_low_rank_projection,mean_preserving,random_dir_0;random_dir_1;random_dir_2;random_dir_3;random_dir_4;random_dir_5;random_dir_6;random_dir_7;random_dir_8;random_dir_9;random_dir_10;random_dir_11,G->S,20,0.05,8,20,0.4,0.2,0.6,0.55,0.9,0.4182996031746032,0.7383571428571428,0.007532102627967884,0.015255958220350172,0.75,0.5848412698412698,2.0,0.01191470701829454,0.0,1.0,0.00027650742454088384,12
JVS_JVSMuSiC,mert_l3,3,53,60_20_20_speaker_disjoint,True,raw,raw,,S->G,20,0.05,10,20,0.5,0.25,0.7,0.6,0.95,0.4794349747474749,0.786935606060606,0.008249444028916902,0.014325057338332553,0.8,0.6343686868686869,1.5,0.011445207461515894,0.0,1.0,0.0,0
JVS_JVSMuSiC,mert_l3,3,53,60_20_20_speaker_disjoint,True,raw,raw,,G->S,20,0.05,7,20,0.35,0.15,0.55,0.75,1.0,0.39203125,0.6837812499999999,0.00727410539661008,0.014850445240843804,0.9,0.54125,2.5,0.011445207461515866,0.0,1.0,0.0,0
JVS_JVSMuSiC,mert_l3,3,53,60_20_20_speaker_disjoint,True,center_only_classic,classic,,S->G,20,0.05,12,20,0.6,0.35,0.8,1.0,1.0,0.6132916666666666,0.8833749999999998,0.32217351190017807,0.43439142135021924,1.0,0.76,1.0,0.37759408161336866,0.09999999999999998,1.0,0.9616186136173508,0
JVS_JVSMuSiC,mert_l3,3,53,60_20_20_speaker_disjoint,True,center_only_classic,classic,,G->S,20,0.05,9,20,0.45,0.25,0.65,0.55,0.9,0.4453075396825397,0.7756458333333331,0.2877018687711111,0.4670532224712734,0.75,0.5990873015873015,2.0,0.3775940816133686,0.10000000000000003,1.0,0.9616186136173508,0
JVS_JVSMuSiC,mert_l3,3,53,60_20_20_speaker_disjoint,True,mode_dummy_only,mean_preserving,mode_dummy,S->G,20,0.05,14,20,0.7,0.5,0.9,0.65,1.0,0.6098409090909092,0.9091761363636364,0.00955754298960967,0.013304049863769173,0.85,0.7720454545454546,1.0,0.01146719479322288,0.19999999999999996,0.3958333333333333,0.007103057764453302,1
JVS_JVSMuSiC,mert_l3,3,53,60_20_20_speaker_disjoint,True,mode_dummy_only,mean_preserving,mode_dummy,G->S,20,0.05,15,20,0.75,0.55,0.9,0.85,1.0,0.6903846153846154,0.95,0.009462066543515545,0.013315753016032028,0.95,0.8388461538461538,1.0,0.011467194793222862,0.4,0.3958333333333333,0.007103057764453302,1
JVS_JVSMuSiC,mert_l3,3,53,60_20_20_speaker_disjoint,True,mode_dummy_only,classic,mode_dummy,S->G,20,0.05,15,20,0.75,0.55,0.95,1.0,1.0,0.7333333333333334,0.9666666666666666,0.46111320658061866,0.5647748618824964,1.0,0.8583333333333332,1.0,0.5113972764449299,0.25,0.3958333333333333,0.9687390999054327,1
JVS_JVSMuSiC,mert_l3,3,53,60_20_20_speaker_disjoint,True,mode_dummy_only,classic,mode_dummy,G->S,20,0.05,15,20,0.75,0.55,0.9,0.85,1.0,0.7166666666666667,0.9583333333333334,0.4555634586353227,0.5704007830321591,0.95,0.85,1.0,0.5113972764449299,0.4,0.3958333333333333,0.9687390999054327,1
JVS_JVSMuSiC,mert_l3,3,53,60_20_20_speaker_disjoint,True,acoustic_full_no_mode,mean_preserving,logf0_mean;logf0_std;logf0_p05;logf0_p50;logf0_p95;logf0_range;rms_mean;rms_std;duration_s;voiced_rate;energy_mean;energy_std,S->G,20,0.05,12,20,0.6,0.4,0.8,0.7,1.0,0.5438190291068581,0.8626794258373205,0.004495469801677626,0.00766123814579032,0.85,0.7150937001594896,1.0,0.00619240269722332,0.09999999999999998,0.5333333333333333,0.01543343077806092,9
JVS_JVSMuSiC,mert_l3,3,53,60_20_20_speaker_disjoint,True,acoustic_full_no_mode,mean_preserving,logf0_mean;logf0_std;logf0_p05;logf0_p50;logf0_p95;logf0_range;rms_mean;rms_std;duration_s;voiced_rate;energy_mean;energy_std,G->S,20,0.05,16,20,0.8,0.6,0.95,0.85,1.0,0.72,0.975,0.004567364652687074,0.007529074124383231,0.95,0.8566666666666667,1.0,0.00619240269722327,0.45000000000000007,0.5333333333333333,0.01543343077806092,9
JVS_JVSMuSiC,mert_l3,3,53,60_20_20_speaker_disjoint,True,acoustic_full_no_mode,classic,logf0_mean;logf0_std;logf0_p05;logf0_p50;logf0_p95;logf0_range;rms_mean;rms_std;duration_s;voiced_rate;energy_mean;energy_std,S->G,20,0.05,15,20,0.75,0.55,0.95,1.0,1.0,0.6883333333333334,0.95,0.30044451361198743,0.42737250439497754,1.0,0.8283333333333334,1.0,0.3640040075120514,0.25,0.5333333333333333,0.9771482870188359,9
JVS_JVSMuSiC,mert_l3,3,53,60_20_20_speaker_disjoint,True,acoustic_full_no_mode,classic,logf0_mean;logf0_std;logf0_p05;logf0_p50;logf0_p95;logf0_range;rms_mean;rms_std;duration_s;voiced_rate;energy_mean;energy_std,G->S,20,0.05,15,20,0.75,0.55,0.95,0.84875,1.0,0.7208333333333334,0.9584374999999999,0.2992308393513274,0.4257526932712718,0.95,0.8458333333333334,1.0,0.3640040075120514,0.4,0.5333333333333333,0.9771482870188359,9
JVS_JVSMuSiC,mert_l3,3,53,60_20_20_speaker_disjoint,True,acoustic_full_plus_mode,mean_preserving,logf0_mean;logf0_std;logf0_p05;logf0_p50;logf0_p95;logf0_range;rms_mean;rms_std;duration_s;voiced_rate;energy_mean;energy_std;mode_dummy,S->G,20,0.05,13,20,0.65,0.45,0.85,0.7,1.0,0.598452380952381,0.8941666666666667,0.004525646758414242,0.007740270420767915,0.85,0.7554761904761904,1.0,0.006327866715438601,0.15000000000000002,0.32083333333333336,0.015794099264496597,10
JVS_JVSMuSiC,mert_l3,3,53,60_20_20_speaker_disjoint,True,acoustic_full_plus_mode,mean_preserving,logf0_mean;logf0_std;logf0_p05;logf0_p50;logf0_p95;logf0_range;rms_mean;rms_std;duration_s;voiced_rate;energy_mean;energy_std;mode_dummy,G->S,20,0.05,17,20,0.85,0.7,1.0,0.85,1.0,0.7494572368421052,1.0,0.00480448149835389,0.007549906344332149,0.95,0.8817982456140351,1.0,0.006327866715438635,0.5,0.32083333333333336,0.015794099264496597,10
JVS_JVSMuSiC,mert_l3,3,53,60_20_20_speaker_disjoint,True,acoustic_full_plus_mode,classic,logf0_mean;logf0_std;logf0_p05;logf0_p50;logf0_p95;logf0_range;rms_mean;rms_std;duration_s;voiced_rate;energy_mean;energy_std;mode_dummy,S->G,20,0.05,17,20,0.85,0.7,1.0,1.0,1.0,0.775,1.0,0.3119697719214234,0.42629139858684895,1.0,0.8949999999999999,1.0,0.36942677783592587,0.35,0.32083333333333336,0.97751170576382,10
JVS_JVSMuSiC,mert_l3,3,53,60_20_20_speaker_disjoint,True,acoustic_full_plus_mode,classic,logf0_mean;logf0_std;logf0_p05;logf0_p50;logf0_p95;logf0_range;rms_mean;rms_std;duration_s;voiced_rate;energy_mean;energy_std;mode_dummy,G->S,20,0.05,16,20,0.8,0.6,0.95,1.0,1.0,0.7583333333333333,0.9666666666666666,0.3104877985605717,0.42488520551796577,1.0,0.875,1.0,0.36942677783592587,0.45000000000000007,0.32083333333333336,0.97751170576382,10
JVS_JVSMuSiC,mert_l3,3,53,60_20_20_speaker_disjoint,True,single_group_f0,mean_preserving,logf0_mean;logf0_std;logf0_p05;logf0_p50;logf0_p95;logf0_range,S->G,20,0.05,6,20,0.3,0.1,0.5,0.4,0.8,0.2880499544315334,0.617611607142857,0.0036869273447136266,0.010032226716636393,0.6,0.4559865573023467,3.0,0.006762906664670987,-0.2,1.0,0.006619970145799181,5
JVS_JVSMuSiC,mert_l3,3,53,60_20_20_speaker_disjoint,True,single_group_f0,mean_preserving,logf0_mean;logf0_std;logf0_p05;logf0_p50;logf0_p95;logf0_range,G->S,20,0.05,8,20,0.4,0.2,0.6,0.6,0.95,0.37621875,0.7225416666666665,0.0024903738042817225,0.009873153350320615,0.8,0.5445833333333334,2.5,0.006762906664670965,0.050000000000000044,1.0,0.006619970145799181,5
JVS_JVSMuSiC,mert_l3,3,53,60_20_20_speaker_disjoint,True,single_group_energy,mean_preserving,rms_mean;rms_std;energy_mean;energy_std,S->G,20,0.05,13,20,0.65,0.45,0.85,0.7,1.0,0.6074089972527471,0.8875223214285713,0.009110278819930958,0.013254714808190668,0.85,0.754739010989011,1.0,0.01131281407446506,0.15000000000000002,0.8660714285714286,0.007455339700847108,3
JVS_JVSMuSiC,mert_l3,3,53,60_20_20_speaker_disjoint,True,single_group_energy,mean_preserving,rms_mean;rms_std;energy_mean;energy_std,G->S,20,0.05,18,20,0.9,0.75,1.0,0.85,1.0,0.798611111111111,1.0,0.009437382124039944,0.013036019676267404,0.95,0.9180555555555555,1.0,0.011312814074465083,0.55,0.8660714285714286,0.007455339700847108,3
JVS_JVSMuSiC,mert_l3,3,53,60_20_20_speaker_disjoint,True,single_group_duration,mean_preserving,duration_s,S->G,20,0.05,13,20,0.65,0.4,0.85,0.55,0.95,0.5577465277777777,0.88890625,0.009545273056125302,0.013546576962792203,0.75,0.7313888888888889,1.0,0.011757217883705784,0.15000000000000002,0.5369047619047619,0.006644386913591704,1
JVS_JVSMuSiC,mert_l3,3,53,60_20_20_speaker_disjoint,True,single_group_duration,mean_preserving,duration_s,G->S,20,0.05,16,20,0.8,0.6,0.95,0.85,1.0,0.7333333333333333,0.9666666666666666,0.009417518939676581,0.013720105257724987,0.95,0.861111111111111,1.0,0.011757217883705795,0.45000000000000007,0.5369047619047619,0.006644386913591704,1
JVS_JVSMuSiC,mert_l3,3,53,60_20_20_speaker_disjoint,True,single_group_voicing,mean_preserving,voiced_rate,S->G,20,0.05,10,20,0.5,0.3,0.7,0.6,0.95,0.4745340909090909,0.7986704545454546,0.008063346713532444,0.014215991085541228,0.8,0.6343686868686869,1.5,0.011445207461515894,0.0,1.0,0.0,0
JVS_JVSMuSiC,mert_l3,3,53,60_20_20_speaker_disjoint,True,single_group_voicing,mean_preserving,voiced_rate,G->S,20,0.05,7,20,0.35,0.15,0.55,0.75,1.0,0.38625,0.7075104166666667,0.0071587165495607405,0.014970218515077278,0.9,0.54125,2.5,0.011445207461515866,0.0,1.0,0.0,0
JVS_JVSMuSiC,mert_l3,3,53,60_20_20_speaker_disjoint,True,full_minus_f0,mean_preserving,rms_mean;rms_std;duration_s;voiced_rate;energy_mean;energy_std,S->G,20,0.05,13,20,0.65,0.4,0.85,0.75,1.0,0.5983194444444445,0.905,0.00884433858919596,0.012161987198473763,0.9,0.7622222222222221,1.0,0.010571345189877051,0.15000000000000002,0.5369047619047619,0.009248686615844659,4
JVS_JVSMuSiC,mert_l3,3,53,60_20_20_speaker_disjoint,True,full_minus_f0,mean_preserving,rms_mean;rms_std;duration_s;voiced_rate;energy_mean;energy_std,G->S,20,0.05,16,20,0.8,0.6,0.95,0.85,1.0,0.7083333333333333,0.9666666666666666,0.008704925321698174,0.011894732473964173,0.95,0.8541666666666667,1.0,0.010571345189877079,0.45000000000000007,0.5369047619047619,0.009248686615844659,4
JVS_JVSMuSiC,mert_l3,3,53,60_20_20_speaker_disjoint,True,full_minus_energy,mean_preserving,logf0_mean;logf0_std;logf0_p05;logf0_p50;logf0_p95;logf0_range;duration_s;voiced_rate,S->G,20,0.05,13,20,0.65,0.45,0.85,0.5,0.9,0.5044270833333334,0.875,0.004925933430671836,0.008968905081036897,0.7,0.6973214285714284,1.0,0.0070151981094743795,0.15000000000000002,0.5369047619047619,0.013249731989562363,6
JVS_JVSMuSiC,mert_l3,3,53,60_20_20_speaker_disjoint,True,full_minus_energy,mean_preserving,logf0_mean;logf0_std;logf0_p05;logf0_p50;logf0_p95;logf0_range;duration_s;voiced_rate,G->S,20,0.05,14,20,0.7,0.5,0.9,0.85,1.0,0.6040416666666666,0.9199999999999999,0.00475293596583138,0.008833890728433496,0.95,0.7658333333333334,1.0,0.007015198109474374,0.35,0.5369047619047619,0.013249731989562363,6
JVS_JVSMuSiC,mert_l3,3,53,60_20_20_speaker_disjoint,True,full_minus_duration,mean_preserving,logf0_mean;logf0_std;logf0_p05;logf0_p50;logf0_p95;logf0_range;rms_mean;rms_std;voiced_rate;energy_mean;energy_std,S->G,20,0.05,12,20,0.6,0.4,0.8,0.6,0.95,0.5516784951159951,0.861130876068376,0.004771375387479536,0.008673597072590982,0.8,0.7190445665445665,1.0,0.006894925953281316,0.09999999999999998,0.8422619047619048,0.013637750583337716,8
JVS_JVSMuSiC,mert_l3,3,53,60_20_20_speaker_disjoint,True,full_minus_duration,mean_preserving,logf0_mean;logf0_std;logf0_p05;logf0_p50;logf0_p95;logf0_range;rms_mean;rms_std;voiced_rate;energy_mean;energy_std,G->S,20,0.05,17,20,0.85,0.7,1.0,0.75,1.0,0.7666053921568629,1.0,0.005250580728518473,0.008449486379207918,0.9,0.8862745098039216,1.0,0.006894925953281328,0.5,0.8422619047619048,0.013637750583337716,8
JVS_JVSMuSiC,mert_l3,3,53,60_20_20_speaker_disjoint,True,full_minus_voicing,mean_preserving,logf0_mean;logf0_std;logf0_p05;logf0_p50;logf0_p95;logf0_range;rms_mean;rms_std;duration_s;energy_mean;energy_std,S->G,20,0.05,12,20,0.6,0.4,0.8,0.65,1.0,0.5520173444976076,0.8645984848484848,0.004549078858743266,0.0076170738726189504,0.85,0.7150937001594896,1.0,0.006192402697223337,0.09999999999999998,0.5333333333333333,0.01543343077806092,9
JVS_JVSMuSiC,mert_l3,3,53,60_20_20_speaker_disjoint,True,full_minus_voicing,mean_preserving,logf0_mean;logf0_std;logf0_p05;logf0_p50;logf0_p95;logf0_range;rms_mean;rms_std;duration_s;energy_mean;energy_std,G->S,20,0.05,16,20,0.8,0.65,0.95,0.85,1.0,0.7074583333333333,0.975,0.0046641241593440306,0.007588869362546561,0.95,0.8566666666666667,1.0,0.00619240269722326,0.45000000000000007,0.5333333333333333,0.01543343077806092,9
JVS_JVSMuSiC,mert_l3,3,53,60_20_20_speaker_disjoint,True,row_shuffled_nuisance,mean_preserving,logf0_mean;logf0_std;logf0_p05;logf0_p50;logf0_p95;logf0_range;rms_mean;rms_std;duration_s;voiced_rate;energy_mean;energy_std,S->G,20,0.05,8,20,0.4,0.2,0.6,0.55,0.9,0.4117974386724388,0.7338041125541125,0.008042872555404266,0.014512625216610377,0.75,0.5844877344877345,2.0,0.011400835803250747,-0.09999999999999998,1.0,0.0003661141057599293,9
JVS_JVSMuSiC,mert_l3,3,53,60_20_20_speaker_disjoint,True,row_shuffled_nuisance,mean_preserving,logf0_mean;logf0_std;logf0_p05;logf0_p50;logf0_p95;logf0_range;rms_mean;rms_std;duration_s;voiced_rate;energy_mean;energy_std,G->S,20,0.05,7,20,0.35,0.15,0.55,0.7,1.0,0.41261011904761896,0.7125327380952381,0.0068316010667967405,0.015086926982477163,0.85,0.5542857142857143,2.0,0.011400835803250775,0.0,1.0,0.0003661141057599293,9
JVS_JVSMuSiC,mert_l3,3,53,60_20_20_speaker_disjoint,True,random_gaussian_nuisance,mean_preserving,logf0_mean;logf0_std;logf0_p05;logf0_p50;logf0_p95;logf0_range;rms_mean;rms_std;duration_s;voiced_rate;energy_mean;energy_std,S->G,20,0.05,7,20,0.35,0.15,0.55,0.55,0.9,0.36274025974025975,0.6863392857142857,0.007744084586294362,0.014526655129784157,0.75,0.5239799783549783,2.5,0.011251771574983827,-0.15000000000000002,1.0,0.0002947544013073289,12
JVS_JVSMuSiC,mert_l3,3,53,60_20_20_speaker_disjoint,True,random_gaussian_nuisance,mean_preserving,logf0_mean;logf0_std;logf0_p05;logf0_p50;logf0_p95;logf0_range;rms_mean;rms_std;duration_s;voiced_rate;energy_mean;energy_std,G->S,20,0.05,8,20,0.4,0.2,0.6,0.65,0.95,0.3729345238095238,0.6984791666666664,0.007009484058452436,0.014962959514873142,0.8,0.5304761904761904,3.0,0.011251771574983777,0.050000000000000044,1.0,0.0002947544013073289,12
JVS_JVSMuSiC,mert_l3,3,53,60_20_20_speaker_disjoint,True,random_low_rank_projection,mean_preserving,random_dir_0;random_dir_1;random_dir_2;random_dir_3;random_dir_4;random_dir_5;random_dir_6;random_dir_7;random_dir_8;random_dir_9;random_dir_10;random_dir_11,S->G,20,0.05,9,20,0.45,0.25,0.7,0.6,0.95,0.43855366161616155,0.7750883838383837,0.00826644983297491,0.014280649414872478,0.8,0.6093686868686868,2.0,0.011326917281099125,-0.04999999999999999,1.0,0.0003851011857292086,12
JVS_JVSMuSiC,mert_l3,3,53,60_20_20_speaker_disjoint,True,random_low_rank_projection,mean_preserving,random_dir_0;random_dir_1;random_dir_2;random_dir_3;random_dir_4;random_dir_5;random_dir_6;random_dir_7;random_dir_8;random_dir_9;random_dir_10;random_dir_11,G->S,20,0.05,7,20,0.35,0.15,0.55,0.75,1.0,0.3874791666666666,0.70546875,0.006865552389747675,0.014711967150948772,0.9,0.5370833333333332,2.5,0.011326917281099042,0.0,1.0,0.0003851011857292086,12
JVS_JVSMuSiC,mert_l3,3,59,60_20_20_speaker_disjoint,True,raw,raw,,S->G,20,0.05,10,20,0.5,0.3,0.7,0.55,0.9,0.46176062091503267,0.7946173128342247,0.0065118205326736055,0.012640674939408346,0.75,0.6217543077837195,1.5,0.009572836128641155,0.0,1.0,0.0,0
JVS_JVSMuSiC,mert_l3,3,59,60_20_20_speaker_disjoint,True,raw,raw,,G->S,20,0.05,8,20,0.4,0.2,0.6,0.55,0.95,0.41590976731601725,0.7286972402597401,0.006764832874952053,0.012466260023213802,0.75,0.575676406926407,2.0,0.0095728361286412,0.0,1.0,0.0,0
JVS_JVSMuSiC,mert_l3,3,59,60_20_20_speaker_disjoint,True,center_only_classic,classic,,S->G,20,0.05,11,20,0.55,0.35,0.75,0.75,1.0,0.541875,0.8417083333333332,0.2862675455158371,0.4260132071409173,0.9,0.7030555555555555,1.0,0.3558774385399316,0.050000000000000044,1.0,0.9616453797708641,0
JVS_JVSMuSiC,mert_l3,3,59,60_20_20_speaker_disjoint,True,center_only_classic,classic,,G->S,20,0.05,8,20,0.4,0.2,0.6,0.75,1.0,0.44691666666666663,0.7458333333333333,0.2553176450628776,0.4615900957649296,0.9,0.5980555555555556,2.0,0.35587743853993153,0.0,1.0,0.9616453797708641,0
JVS_JVSMuSiC,mert_l3,3,59,60_20_20_speaker_disjoint,True,mode_dummy_only,mean_preserving,mode_dummy,S->G,20,0.05,14,20,0.7,0.5,0.9,0.85,1.0,0.6527777777777778,0.9307291666666665,0.008239276373173494,0.011032391409084168,0.95,0.7972222222222222,1.0,0.00957468165580887,0.19999999999999996,0.49772727272727274,0.007116329359330598,1
JVS_JVSMuSiC,mert_l3,3,59,60_20_20_speaker_disjoint,True,mode_dummy_only,mean_preserving,mode_dummy,G->S,20,0.05,16,20,0.8,0.6,0.95,1.0,1.0,0.7183333333333334,0.9666666666666666,0.008048979525294675,0.01096356887102796,1.0,0.8558333333333332,1.0,0.009574681655808926,0.4,0.49772727272727274,0.007116329359330598,1
JVS_JVSMuSiC,mert_l3,3,59,60_20_20_speaker_disjoint,True,mode_dummy_only,classic,mode_dummy,S->G,20,0.05,13,20,0.65,0.45,0.85,0.85,1.0,0.6283333333333333,0.9099999999999999,0.41094450016093453,0.5461873285203411,0.95,0.7725,1.0,0.47972530088513327,0.15000000000000002,0.49772727272727274,0.9687549898452938,1
JVS_JVSMuSiC,mert_l3,3,59,60_20_20_speaker_disjoint,True,mode_dummy_only,classic,mode_dummy,G->S,20,0.05,14,20,0.7,0.5,0.9,1.0,1.0,0.65,0.9416666666666667,0.40714661682820463,0.5501495427736082,1.0,0.8033333333333333,1.0,0.47972530088513327,0.29999999999999993,0.49772727272727274,0.9687549898452938,1
JVS_JVSMuSiC,mert_l3,3,59,60_20_20_speaker_disjoint,True,acoustic_full_no_mode,mean_preserving,logf0_mean;logf0_std;logf0_p05;logf0_p50;logf0_p95;logf0_range;rms_mean;rms_std;duration_s;voiced_rate;energy_mean;energy_std,S->G,20,0.05,9,20,0.45,0.25,0.7,0.7,1.0,0.4320128205128206,0.7538541666666666,0.003054417875107106,0.0073703715058399955,0.85,0.5955128205128205,2.5,0.00546059210309946,-0.04999999999999999,0.5602272727272727,0.014986378232601294,9
JVS_JVSMuSiC,mert_l3,3,59,60_20_20_speaker_disjoint,True,acoustic_full_no_mode,mean_preserving,logf0_mean;logf0_std;logf0_p05;logf0_p50;logf0_p95;logf0_range;rms_mean;rms_std;duration_s;voiced_rate;energy_mean;energy_std,G->S,20,0.05,13,20,0.65,0.4,0.85,0.7,1.0,0.5988095238095238,0.8958333333333333,0.004271728202105293,0.006652023014280361,0.85,0.7529761904761905,1.0,0.005460592103099515,0.25,0.5602272727272727,0.014986378232601294,9
JVS_JVSMuSiC,mert_l3,3,59,60_20_20_speaker_disjoint,True,acoustic_full_no_mode,classic,logf0_mean;logf0_std;logf0_p05;logf0_p50;logf0_p95;logf0_range;rms_mean;rms_std;duration_s;voiced_rate;energy_mean;energy_std,S->G,20,0.05,13,20,0.65,0.45,0.85,0.7,1.0,0.5566249999999999,0.8883333333333333,0.24424689924326123,0.4252976625832044,0.85,0.74,1.0,0.338558876354554,0.15000000000000002,0.5602272727272727,0.9771408436577039,9
JVS_JVSMuSiC,mert_l3,3,59,60_20_20_speaker_disjoint,True,acoustic_full_no_mode,classic,logf0_mean;logf0_std;logf0_p05;logf0_p50;logf0_p95;logf0_range;rms_mean;rms_std;duration_s;voiced_rate;energy_mean;energy_std,G->S,20,0.05,13,20,0.65,0.45,0.85,0.85,1.0,0.6040625,0.9041666666666666,0.2593649592006909,0.417001753876462,0.95,0.7583333333333333,1.0,0.3385588763545539,0.25,0.5602272727272727,0.9771408436577039,9
JVS_JVSMuSiC,mert_l3,3,59,60_20_20_speaker_disjoint,True,acoustic_full_plus_mode,mean_preserving,logf0_mean;logf0_std;logf0_p05;logf0_p50;logf0_p95;logf0_range;rms_mean;rms_std;duration_s;voiced_rate;energy_mean;energy_std;mode_dummy,S->G,20,0.05,8,20,0.4,0.2,0.6,0.7,1.0,0.4295340909090909,0.7334374999999999,0.003098759479970331,0.007587373739541684,0.85,0.5870454545454546,2.0,0.005526996234287479,-0.09999999999999998,0.4642045454545455,0.015341442346460621,10
JVS_JVSMuSiC,mert_l3,3,59,60_20_20_speaker_disjoint,True,acoustic_full_plus_mode,mean_preserving,logf0_mean;logf0_std;logf0_p05;logf0_p50;logf0_p95;logf0_range;rms_mean;rms_std;duration_s;voiced_rate;energy_mean;energy_std;mode_dummy,G->S,20,0.05,13,20,0.65,0.45,0.85,0.75,1.0,0.5934077380952381,0.8917708333333332,0.0042589109862110714,0.0067835516305532655,0.9,0.7488095238095238,1.0,0.0055269962342874845,0.25,0.4642045454545455,0.015341442346460621,10
JVS_JVSMuSiC,mert_l3,3,59,60_20_20_speaker_disjoint,True,acoustic_full_plus_mode,classic,logf0_mean;logf0_std;logf0_p05;logf0_p50;logf0_p95;logf0_range;rms_mean;rms_std;duration_s;voiced_rate;energy_mean;energy_std;mode_dummy,S->G,20,0.05,14,20,0.7,0.5,0.9,0.75,1.0,0.62225,0.928125,0.25949797788491885,0.42846188157728454,0.9,0.7839583333333333,1.0,0.3433475206683321,0.19999999999999996,0.4642045454545455,0.9775013450420764,10
JVS_JVSMuSiC,mert_l3,3,59,60_20_20_speaker_disjoint,True,acoustic_full_plus_mode,classic,logf0_mean;logf0_std;logf0_p05;logf0_p50;logf0_p95;logf0_range;rms_mean;rms_std;duration_s;voiced_rate;energy_mean;energy_std;mode_dummy,G->S,20,0.05,13,20,0.65,0.45,0.85,0.85,1.0,0.6166249999999999,0.9083333333333332,0.2691618784590858,0.4209758306314464,0.95,0.765,1.0,0.343347520668332,0.25,0.4642045454545455,0.9775013450420764,10
JVS_JVSMuSiC,mert_l3,3,59,60_20_20_speaker_disjoint,True,single_group_f0,mean_preserving,logf0_mean;logf0_std;logf0_p05;logf0_p50;logf0_p95;logf0_range,S->G,20,0.05,7,20,0.35,0.15,0.55,0.3,0.7,0.2658932709447415,0.6187155934343433,0.002087029334377213,0.009380446257907444,0.5,0.438837641117053,6.5,0.005656043843884845,-0.15000000000000002,1.0,0.006397215901056796,5
JVS_JVSMuSiC,mert_l3,3,59,60_20_20_speaker_disjoint,True,single_group_f0,mean_preserving,logf0_mean;logf0_std;logf0_p05;logf0_p50;logf0_p95;logf0_range,G->S,20,0.05,8,20,0.4,0.2,0.6,0.55,0.95,0.3855437062937062,0.7376321386946385,0.0037468388184465143,0.007569335293525052,0.75,0.561404428904429,2.0,0.005656043843884867,0.0,1.0,0.006397215901056796,5
JVS_JVSMuSiC,mert_l3,3,59,60_20_20_speaker_disjoint,True,single_group_energy,mean_preserving,rms_mean;rms_std;energy_mean;energy_std,S->G,20,0.05,11,20,0.55,0.35,0.75,0.7,1.0,0.5002291666666666,0.8275416666666666,0.005671843831723064,0.012504201830310539,0.85,0.6752380952380952,1.0,0.00950787969181131,0.050000000000000044,0.8329545454545455,0.007676939298265517,3
JVS_JVSMuSiC,mert_l3,3,59,60_20_20_speaker_disjoint,True,single_group_energy,mean_preserving,rms_mean;rms_std;energy_mean;energy_std,G->S,20,0.05,14,20,0.7,0.5,0.9,0.85,1.0,0.6486378205128206,0.9291666666666666,0.007767253038234755,0.011120419120260966,0.95,0.7913461538461538,1.0,0.009507879691811317,0.29999999999999993,0.8329545454545455,0.007676939298265517,3
JVS_JVSMuSiC,mert_l3,3,59,60_20_20_speaker_disjoint,True,single_group_duration,mean_preserving,duration_s,S->G,20,0.05,12,20,0.6,0.4,0.8,0.85,1.0,0.6017261904761906,0.875,0.008180398192977743,0.01107354365481685,0.95,0.7404761904761904,1.0,0.009576985202813665,0.09999999999999998,0.5982954545454545,0.006627618514268074,1
JVS_JVSMuSiC,mert_l3,3,59,60_20_20_speaker_disjoint,True,single_group_duration,mean_preserving,duration_s,G->S,20,0.05,15,20,0.75,0.55,0.9,1.0,1.0,0.6733333333333333,0.9333333333333332,0.008003223908559521,0.011043438673867874,1.0,0.8200000000000001,1.0,0.009576985202813675,0.35,0.5982954545454545,0.006627618514268074,1
JVS_JVSMuSiC,mert_l3,3,59,60_20_20_speaker_disjoint,True,single_group_voicing,mean_preserving,voiced_rate,S->G,20,0.05,10,20,0.5,0.3,0.75,0.55,0.9,0.4524892305407011,0.7880475713012477,0.006440807147145247,0.012369100264035612,0.75,0.6217543077837195,1.5,0.009572836128641155,0.0,1.0,0.0,0
JVS_JVSMuSiC,mert_l3,3,59,60_20_20_speaker_disjoint,True,single_group_voicing,mean_preserving,voiced_rate,G->S,20,0.05,8,20,0.4,0.2,0.65,0.55,0.9,0.41242153679653676,0.7453794642857142,0.0068133343839931046,0.012377740753266092,0.75,0.575676406926407,2.0,0.0095728361286412,0.0,1.0,0.0,0
JVS_JVSMuSiC,mert_l3,3,59,60_20_20_speaker_disjoint,True,full_minus_f0,mean_preserving,rms_mean;rms_std;duration_s;voiced_rate;energy_mean;energy_std,S->G,20,0.05,13,20,0.65,0.45,0.85,0.7,1.0,0.5589363553113553,0.8941785714285714,0.005550698375736162,0.011479529694367389,0.85,0.7343223443223443,1.0,0.008883456285901075,0.15000000000000002,0.5278409090909091,0.009103760159883234,4
JVS_JVSMuSiC,mert_l3,3,59,60_20_20_speaker_disjoint,True,full_minus_f0,mean_preserving,rms_mean;rms_std;duration_s;voiced_rate;energy_mean;energy_std,G->S,20,0.05,13,20,0.65,0.4,0.85,0.75,1.0,0.6138221153846154,0.9039062499999999,0.007064021430462553,0.010716771580809428,0.9,0.7575961538461538,1.0,0.008883456285901087,0.25,0.5278409090909091,0.009103760159883234,4
JVS_JVSMuSiC,mert_l3,3,59,60_20_20_speaker_disjoint,True,full_minus_energy,mean_preserving,logf0_mean;logf0_std;logf0_p05;logf0_p50;logf0_p95;logf0_range;duration_s;voiced_rate,S->G,20,0.05,9,20,0.45,0.25,0.65,0.55,0.95,0.4351082251082251,0.7587770562770562,0.003963709641614374,0.007160213565779311,0.75,0.5938311688311687,2.0,0.005628628506050953,-0.04999999999999999,0.6045454545454545,0.013010448922713191,6
JVS_JVSMuSiC,mert_l3,3,59,60_20_20_speaker_disjoint,True,full_minus_energy,mean_preserving,logf0_mean;logf0_std;logf0_p05;logf0_p50;logf0_p95;logf0_range;duration_s;voiced_rate,G->S,20,0.05,14,20,0.7,0.5,0.9,0.6,0.95,0.5867566287878788,0.9212121212121211,0.0044628770236812285,0.006798111115914974,0.8,0.7596049783549784,1.0,0.005628628506050909,0.29999999999999993,0.6045454545454545,0.013010448922713191,6
JVS_JVSMuSiC,mert_l3,3,59,60_20_20_speaker_disjoint,True,full_minus_duration,mean_preserving,logf0_mean;logf0_std;logf0_p05;logf0_p50;logf0_p95;logf0_range;rms_mean;rms_std;voiced_rate;energy_mean;energy_std,S->G,20,0.05,9,20,0.45,0.25,0.65,0.65,1.0,0.4710972222222223,0.7817083333333332,0.0030454164908672336,0.008579357888008466,0.85,0.6236111111111111,2.0,0.006158989179538643,-0.04999999999999999,0.8460227272727273,0.01347532890047387,8
JVS_JVSMuSiC,mert_l3,3,59,60_20_20_speaker_disjoint,True,full_minus_duration,mean_preserving,logf0_mean;logf0_std;logf0_p05;logf0_p50;logf0_p95;logf0_range;rms_mean;rms_std;voiced_rate;energy_mean;energy_std,G->S,20,0.05,10,20,0.5,0.25,0.7,0.75,1.0,0.5471634615384615,0.8250416666666666,0.004707488041954464,0.00794472715117594,0.9,0.6888461538461539,1.5,0.006158989179538593,0.09999999999999998,0.8460227272727273,0.01347532890047387,8
JVS_JVSMuSiC,mert_l3,3,59,60_20_20_speaker_disjoint,True,full_minus_voicing,mean_preserving,logf0_mean;logf0_std;logf0_p05;logf0_p50;logf0_p95;logf0_range;rms_mean;rms_std;duration_s;energy_mean;energy_std,S->G,20,0.05,9,20,0.45,0.25,0.65,0.7,1.0,0.42852564102564106,0.7621874999999999,0.0030454235987543835,0.007482875015712445,0.85,0.5955128205128205,2.5,0.005460592103099465,-0.04999999999999999,0.5602272727272727,0.014986378232601627,9
JVS_JVSMuSiC,mert_l3,3,59,60_20_20_speaker_disjoint,True,full_minus_voicing,mean_preserving,logf0_mean;logf0_std;logf0_p05;logf0_p50;logf0_p95;logf0_range;rms_mean;rms_std;duration_s;energy_mean;energy_std,G->S,20,0.05,13,20,0.65,0.45,0.85,0.7,1.0,0.5916369047619048,0.907172619047619,0.004247126548149002,0.006764871115391215,0.85,0.7529761904761905,1.0,0.005460592103099504,0.25,0.5602272727272727,0.014986378232601627,9
JVS_JVSMuSiC,mert_l3,3,59,60_20_20_speaker_disjoint,True,row_shuffled_nuisance,mean_preserving,logf0_mean;logf0_std;logf0_p05;logf0_p50;logf0_p95;logf0_range;rms_mean;rms_std;duration_s;voiced_rate;energy_mean;energy_std,S->G,20,0.05,11,20,0.55,0.35,0.75,0.55,0.95,0.46484375,0.8078402777777777,0.006638537546969714,0.01354824873788575,0.75,0.6393055555555556,1.0,0.010289573442383348,0.050000000000000044,1.0,0.0004588732649268845,9
JVS_JVSMuSiC,mert_l3,3,59,60_20_20_speaker_disjoint,True,row_shuffled_nuisance,mean_preserving,logf0_mean;logf0_std;logf0_p05;logf0_p50;logf0_p95;logf0_range;rms_mean;rms_std;duration_s;voiced_rate;energy_mean;energy_std,G->S,20,0.05,10,20,0.5,0.3,0.7,0.55,0.95,0.4857688492063493,0.8146056547619046,0.00787821652294726,0.012706902345667829,0.75,0.6501984126984126,1.5,0.010289573442383421,0.09999999999999998,1.0,0.0004588732649268845,9
JVS_JVSMuSiC,mert_l3,3,59,60_20_20_speaker_disjoint,True,random_gaussian_nuisance,mean_preserving,logf0_mean;logf0_std;logf0_p05;logf0_p50;logf0_p95;logf0_range;rms_mean;rms_std;duration_s;voiced_rate;energy_mean;energy_std,S->G,20,0.05,9,20,0.45,0.2,0.65,0.55,0.9012499999999989,0.3748666415284062,0.7330265522875814,0.005722967728280142,0.012707069361540198,0.75,0.554287330316742,2.5,0.009444339931873935,-0.04999999999999999,1.0,0.0004122604708167721,12
JVS_JVSMuSiC,mert_l3,3,59,60_20_20_speaker_disjoint,True,random_gaussian_nuisance,mean_preserving,logf0_mean;logf0_std;logf0_p05;logf0_p50;logf0_p95;logf0_range;rms_mean;rms_std;duration_s;voiced_rate;energy_mean;energy_std,G->S,20,0.05,10,20,0.5,0.3,0.7,0.6,0.95,0.4394332664884135,0.7804140485739751,0.0066367460370590405,0.012012615384930366,0.8,0.6116154188948306,1.5,0.009444339931873946,0.09999999999999998,1.0,0.0004122604708167721,12
JVS_JVSMuSiC,mert_l3,3,59,60_20_20_speaker_disjoint,True,random_low_rank_projection,mean_preserving,random_dir_0;random_dir_1;random_dir_2;random_dir_3;random_dir_4;random_dir_5;random_dir_6;random_dir_7;random_dir_8;random_dir_9;random_dir_10;random_dir_11,S->G,20,0.05,10,20,0.5,0.3,0.75,0.55,0.9,0.44431929590017827,0.7882733585858587,0.006268340407253045,0.012465938543374695,0.75,0.6217543077837195,1.5,0.00951578975011368,0.0,1.0,0.00023844040800946598,12
JVS_JVSMuSiC,mert_l3,3,59,60_20_20_speaker_disjoint,True,random_low_rank_projection,mean_preserving,random_dir_0;random_dir_1;random_dir_2;random_dir_3;random_dir_4;random_dir_5;random_dir_6;random_dir_7;random_dir_8;random_dir_9;random_dir_10;random_dir_11,G->S,20,0.05,8,20,0.4,0.2,0.6,0.55,0.95,0.42100311147186137,0.7405248917748918,0.006515459577147423,0.012374253702453113,0.75,0.5760551948051948,2.0,0.009515789750113668,0.0,1.0,0.00023844040800946598,12
JVS_JVSMuSiC,mert_l3,3,61,60_20_20_speaker_disjoint,True,raw,raw,,S->G,20,0.05,9,20,0.45,0.24875000000000008,0.7,0.45,0.85,0.38654312354312353,0.7473404720279719,0.0067398182918746805,0.012947437258208672,0.65,0.5640860528360528,2.5,0.009731674996959917,0.0,1.0,0.0,0
JVS_JVSMuSiC,mert_l3,3,61,60_20_20_speaker_disjoint,True,raw,raw,,G->S,20,0.05,7,20,0.35,0.15,0.55,0.7,1.0,0.3967807017543859,0.7109824561403508,0.006901443298028081,0.012302208740548234,0.85,0.5434649122807017,2.0,0.00973167499695991,0.0,1.0,0.0,0
JVS_JVSMuSiC,mert_l3,3,61,60_20_20_speaker_disjoint,True,center_only_classic,classic,,S->G,20,0.05,11,20,0.55,0.35,0.75,0.75,1.0,0.5411770833333334,0.8445833333333332,0.273086511801868,0.39879060920074616,0.9,0.6904166666666668,1.0,0.3370338115947904,0.10000000000000003,1.0,0.9616488429783654,0
JVS_JVSMuSiC,mert_l3,3,61,60_20_20_speaker_disjoint,True,center_only_classic,classic,,G->S,20,0.05,9,20,0.45,0.25,0.7,0.75,1.0,0.45486111111111116,0.7722395833333332,0.2679758440082795,0.4059377309029591,0.9,0.6118055555555555,2.0,0.3370338115947904,0.10000000000000003,1.0,0.9616488429783654,0
JVS_JVSMuSiC,mert_l3,3,61,60_20_20_speaker_disjoint,True,mode_dummy_only,mean_preserving,mode_dummy,S->G,20,0.05,10,20,0.5,0.3,0.7,0.85,1.0,0.5032916666666667,0.8033541666666665,0.00859472143935844,0.0109499930163909,0.95,0.6649999999999999,1.5,0.009768578130803007,0.04999999999999999,0.6662921348314607,0.007114998150251628,1
JVS_JVSMuSiC,mert_l3,3,61,60_20_20_speaker_disjoint,True,mode_dummy_only,mean_preserving,mode_dummy,G->S,20,0.05,14,20,0.7,0.5,0.9,0.85,1.0,0.6615625,0.9333333333333333,0.008068009708721771,0.011515689219888669,0.95,0.8058333333333334,1.0,0.00976857813080303,0.35,0.6662921348314607,0.007114998150251628,1
JVS_JVSMuSiC,mert_l3,3,61,60_20_20_speaker_disjoint,True,mode_dummy_only,classic,mode_dummy,S->G,20,0.05,11,20,0.55,0.35,0.75,0.75,1.0,0.5446130952380953,0.8458333333333332,0.3987299363433456,0.5284314821043311,0.9,0.6946428571428572,1.0,0.4624613023607068,0.10000000000000003,0.6662921348314607,0.9687695725384136,1
JVS_JVSMuSiC,mert_l3,3,61,60_20_20_speaker_disjoint,True,mode_dummy_only,classic,mode_dummy,G->S,20,0.05,13,20,0.65,0.45,0.85,1.0,1.0,0.6623958333333333,0.925,0.40049169850993954,0.524076146402903,1.0,0.7916666666666666,1.0,0.4624613023607068,0.30000000000000004,0.6662921348314607,0.9687695725384136,1
JVS_JVSMuSiC,mert_l3,3,61,60_20_20_speaker_disjoint,True,acoustic_full_no_mode,mean_preserving,logf0_mean;logf0_std;logf0_p05;logf0_p50;logf0_p95;logf0_range;rms_mean;rms_std;duration_s;voiced_rate;energy_mean;energy_std,S->G,20,0.05,7,20,0.35,0.15,0.55,0.55,0.95,0.4131845238095239,0.7167291666666665,0.0034905616323155047,0.005807652171983256,0.75,0.5614285714285714,2.0,0.0046827068087737286,-0.10000000000000003,0.5662921348314607,0.015366042366204646,9
JVS_JVSMuSiC,mert_l3,3,61,60_20_20_speaker_disjoint,True,acoustic_full_no_mode,mean_preserving,logf0_mean;logf0_std;logf0_p05;logf0_p50;logf0_p95;logf0_range;rms_mean;rms_std;duration_s;voiced_rate;energy_mean;energy_std,G->S,20,0.05,13,20,0.65,0.45,0.85,0.75,1.0,0.5426277412280702,0.8731249999999999,0.0033055548115061813,0.006038135031374834,0.9,0.7215899122807017,1.0,0.004682706808773701,0.30000000000000004,0.5662921348314607,0.015366042366204646,9
JVS_JVSMuSiC,mert_l3,3,61,60_20_20_speaker_disjoint,True,acoustic_full_no_mode,classic,logf0_mean;logf0_std;logf0_p05;logf0_p50;logf0_p95;logf0_range;rms_mean;rms_std;duration_s;voiced_rate;energy_mean;energy_std,S->G,20,0.05,13,20,0.65,0.45,0.85,0.6,0.95,0.5536363636363636,0.8783333333333333,0.21848802466946837,0.35761879406628677,0.8,0.7245454545454545,1.0,0.28952978840563165,0.2,0.5662921348314607,0.9772786411478653,9
JVS_JVSMuSiC,mert_l3,3,61,60_20_20_speaker_disjoint,True,acoustic_full_no_mode,classic,logf0_mean;logf0_std;logf0_p05;logf0_p50;logf0_p95;logf0_range;rms_mean;rms_std;duration_s;voiced_rate;energy_mean;energy_std,G->S,20,0.05,13,20,0.65,0.45,0.85,0.7,1.0,0.5691562499999999,0.89334375,0.21687704076198255,0.35554709416086844,0.85,0.73375,1.0,0.2895297884056316,0.30000000000000004,0.5662921348314607,0.9772786411478653,9
JVS_JVSMuSiC,mert_l3,3,61,60_20_20_speaker_disjoint,True,acoustic_full_plus_mode,mean_preserving,logf0_mean;logf0_std;logf0_p05;logf0_p50;logf0_p95;logf0_range;rms_mean;rms_std;duration_s;voiced_rate;energy_mean;energy_std;mode_dummy,S->G,20,0.05,8,20,0.4,0.2,0.6,0.5,0.8512499999999988,0.4136592261904761,0.7333680555555555,0.003082931760092607,0.005659984583171389,0.7,0.5672817460317461,2.0,0.004504940949896857,-0.04999999999999999,0.505056179775281,0.015731804634463997,10
JVS_JVSMuSiC,mert_l3,3,61,60_20_20_speaker_disjoint,True,acoustic_full_plus_mode,mean_preserving,logf0_mean;logf0_std;logf0_p05;logf0_p50;logf0_p95;logf0_range;rms_mean;rms_std;duration_s;voiced_rate;energy_mean;energy_std;mode_dummy,G->S,20,0.05,13,20,0.65,0.45,0.85,0.7,1.0,0.537484375,0.8797968749999998,0.0030482449210230502,0.0059206845845288306,0.85,0.713125,1.0,0.004504940949896846,0.30000000000000004,0.505056179775281,0.015731804634463997,10
JVS_JVSMuSiC,mert_l3,3,61,60_20_20_speaker_disjoint,True,acoustic_full_plus_mode,classic,logf0_mean;logf0_std;logf0_p05;logf0_p50;logf0_p95;logf0_range;rms_mean;rms_std;duration_s;voiced_rate;energy_mean;energy_std;mode_dummy,S->G,20,0.05,13,20,0.65,0.45,0.85,0.6,0.95,0.5433044871794871,0.8916666666666666,0.2004855803898954,0.3509551023236398,0.8,0.7221794871794872,1.0,0.27745266227087284,0.2,0.505056179775281,0.9776470582538624,10
JVS_JVSMuSiC,mert_l3,3,61,60_20_20_speaker_disjoint,True,acoustic_full_plus_mode,classic,logf0_mean;logf0_std;logf0_p05;logf0_p50;logf0_p95;logf0_range;rms_mean;rms_std;duration_s;voiced_rate;energy_mean;energy_std;mode_dummy,G->S,20,0.05,13,20,0.65,0.45,0.85,0.65,1.0,0.5749652777777777,0.8916666666666666,0.20273959053512347,0.3490688077305647,0.85,0.7430555555555556,1.0,0.2774526622708729,0.30000000000000004,0.505056179775281,0.9776470582538624,10
JVS_JVSMuSiC,mert_l3,3,61,60_20_20_speaker_disjoint,True,single_group_f0,mean_preserving,logf0_mean;logf0_std;logf0_p05;logf0_p50;logf0_p95;logf0_range,S->G,20,0.05,2,20,0.1,0.0,0.25,0.3,0.7,0.16127791571173922,0.390862625732111,0.0014817866689312504,0.007883594235092117,0.5,0.26354002206943383,6.0,0.00468877969153107,-0.35,1.0,0.006620446407755054,5
JVS_JVSMuSiC,mert_l3,3,61,60_20_20_speaker_disjoint,True,single_group_f0,mean_preserving,logf0_mean;logf0_std;logf0_p05;logf0_p50;logf0_p95;logf0_range,G->S,20,0.05,4,20,0.2,0.05,0.4,0.6,0.95,0.29580357142857144,0.5642291666666667,0.0022648727784683937,0.006925217751431524,0.8,0.42940476190476184,3.0,0.004688779691531114,-0.14999999999999997,1.0,0.006620446407755054,5
JVS_JVSMuSiC,mert_l3,3,61,60_20_20_speaker_disjoint,True,single_group_energy,mean_preserving,rms_mean;rms_std;energy_mean;energy_std,S->G,20,0.05,7,20,0.35,0.15,0.55,0.6,0.95,0.3799232954545454,0.6970350378787878,0.007776208461104832,0.011776365824687884,0.8,0.5353409090909091,2.5,0.009795679268572333,-0.10000000000000003,0.9095505617977528,0.007778788133497971,3
JVS_JVSMuSiC,mert_l3,3,61,60_20_20_speaker_disjoint,True,single_group_energy,mean_preserving,rms_mean;rms_std;energy_mean;energy_std,G->S,20,0.05,14,20,0.7,0.5,0.9,0.7,1.0,0.6004145299145299,0.9200128205128204,0.00751283767754795,0.011947518304213277,0.85,0.7694017094017094,1.0,0.009795679268572294,0.35,0.9095505617977528,0.007778788133497971,3
JVS_JVSMuSiC,mert_l3,3,61,60_20_20_speaker_disjoint,True,single_group_duration,mean_preserving,duration_s,S->G,20,0.05,12,20,0.6,0.4,0.8,0.85,1.0,0.6182916666666666,0.8833333333333332,0.008695689603053633,0.011037090096314654,0.95,0.755,1.0,0.009882718887145498,0.14999999999999997,0.6365168539325843,0.006635526536943881,1
JVS_JVSMuSiC,mert_l3,3,61,60_20_20_speaker_disjoint,True,single_group_duration,mean_preserving,duration_s,G->S,20,0.05,14,20,0.7,0.5,0.9,0.85,1.0,0.6833333333333333,0.9251041666666666,0.008388728782527473,0.011463752601797451,0.95,0.8125,1.0,0.009882718887145498,0.35,0.6365168539325843,0.006635526536943881,1
JVS_JVSMuSiC,mert_l3,3,61,60_20_20_speaker_disjoint,True,single_group_voicing,mean_preserving,voiced_rate,S->G,20,0.05,9,20,0.45,0.25,0.65,0.45,0.85,0.4034019036519036,0.7384054972804973,0.006910353618641647,0.012845070486660849,0.65,0.5640860528360528,2.5,0.009731674996959917,0.0,1.0,0.0,0
JVS_JVSMuSiC,mert_l3,3,61,60_20_20_speaker_disjoint,True,single_group_voicing,mean_preserving,voiced_rate,G->S,20,0.05,7,20,0.35,0.15,0.55,0.69875,1.0,0.39120394736842107,0.7016699561403509,0.0067629196694750735,0.012219707256690325,0.85,0.5434649122807017,2.0,0.00973167499695991,0.0,1.0,0.0,0
JVS_JVSMuSiC,mert_l3,3,61,60_20_20_speaker_disjoint,True,full_minus_f0,mean_preserving,rms_mean;rms_std;duration_s;voiced_rate;energy_mean;energy_std,S->G,20,0.05,11,20,0.55,0.35,0.75,0.75,1.0,0.5707986111111111,0.8541666666666666,0.007928400816361628,0.010445333508700206,0.9,0.7180555555555556,1.0,0.009244320932874112,0.10000000000000003,0.5820224719101124,0.00941319960556175,4
JVS_JVSMuSiC,mert_l3,3,61,60_20_20_speaker_disjoint,True,full_minus_f0,mean_preserving,rms_mean;rms_std;duration_s;voiced_rate;energy_mean;energy_std,G->S,20,0.05,13,20,0.65,0.45,0.85,0.75,1.0,0.6196279761904762,0.9084375,0.007552872625739506,0.010832897053439075,0.9,0.7660714285714285,1.0,0.009244320932874067,0.30000000000000004,0.5820224719101124,0.00941319960556175,4
JVS_JVSMuSiC,mert_l3,3,61,60_20_20_speaker_disjoint,True,full_minus_energy,mean_preserving,logf0_mean;logf0_std;logf0_p05;logf0_p50;logf0_p95;logf0_range;duration_s;voiced_rate,S->G,20,0.05,8,20,0.4,0.2,0.65,0.55,0.9,0.43096241830065357,0.7468398692810457,0.00362648994036142,0.005982075348296642,0.75,0.5940522875816994,2.0,0.004844740717480839,-0.04999999999999999,0.6370786516853932,0.013243113560450381,6
JVS_JVSMuSiC,mert_l3,3,61,60_20_20_speaker_disjoint,True,full_minus_energy,mean_preserving,logf0_mean;logf0_std;logf0_p05;logf0_p50;logf0_p95;logf0_range;duration_s;voiced_rate,G->S,20,0.05,14,20,0.7,0.5,0.9,0.65,0.95,0.5781638655462186,0.9166666666666667,0.003524143007979584,0.006023048884297712,0.8,0.7581792717086835,1.0,0.004844740717480861,0.35,0.6370786516853932,0.013243113560450381,6
JVS_JVSMuSiC,mert_l3,3,61,60_20_20_speaker_disjoint,True,full_minus_duration,mean_preserving,logf0_mean;logf0_std;logf0_p05;logf0_p50;logf0_p95;logf0_range;rms_mean;rms_std;voiced_rate;energy_mean;energy_std,S->G,20,0.05,4,20,0.2,0.05,0.4,0.5,0.9,0.27619684829059826,0.5596794871794872,0.003516447332390998,0.007138683941546126,0.7,0.41231837606837607,3.0,0.005310391803875036,-0.25,0.902247191011236,0.013742352052808049,8
JVS_JVSMuSiC,mert_l3,3,61,60_20_20_speaker_disjoint,True,full_minus_duration,mean_preserving,logf0_mean;logf0_std;logf0_p05;logf0_p50;logf0_p95;logf0_range;rms_mean;rms_std;voiced_rate;energy_mean;energy_std,G->S,20,0.05,12,20,0.6,0.35,0.8,0.65,0.95,0.49790625,0.8448072916666668,0.003252102830624031,0.007384690468128973,0.8,0.6802083333333333,1.0,0.005310391803874981,0.25,0.902247191011236,0.013742352052808049,8
JVS_JVSMuSiC,mert_l3,3,61,60_20_20_speaker_disjoint,True,full_minus_voicing,mean_preserving,logf0_mean;logf0_std;logf0_p05;logf0_p50;logf0_p95;logf0_range;rms_mean;rms_std;duration_s;energy_mean;energy_std,S->G,20,0.05,7,20,0.35,0.15,0.5512499999999989,0.55,0.9,0.4061577380952381,0.6988095238095238,0.0034257579788390296,0.0057450942095665205,0.75,0.5614285714285714,2.0,0.004682706808773718,-0.10000000000000003,0.5662921348314607,0.015366042366204646,9
JVS_JVSMuSiC,mert_l3,3,61,60_20_20_speaker_disjoint,True,full_minus_voicing,mean_preserving,logf0_mean;logf0_std;logf0_p05;logf0_p50;logf0_p95;logf0_range;rms_mean;rms_std;duration_s;energy_mean;energy_std,G->S,20,0.05,13,20,0.65,0.45,0.85,0.75,1.0,0.5485529057017543,0.8859824561403509,0.0031525885482035962,0.006103835838146995,0.9,0.7215899122807017,1.0,0.004682706808773673,0.30000000000000004,0.5662921348314607,0.015366042366204646,9
JVS_JVSMuSiC,mert_l3,3,61,60_20_20_speaker_disjoint,True,row_shuffled_nuisance,mean_preserving,logf0_mean;logf0_std;logf0_p05;logf0_p50;logf0_p95;logf0_range;rms_mean;rms_std;duration_s;voiced_rate;energy_mean;energy_std,S->G,20,0.05,9,20,0.45,0.25,0.65,0.4,0.85,0.3608058712121212,0.7226778499278498,0.007236166292393916,0.012812792149941632,0.65,0.5473827561327561,3.0,0.009866805925751282,0.0,1.0,0.0005522508155867412,9
JVS_JVSMuSiC,mert_l3,3,61,60_20_20_speaker_disjoint,True,row_shuffled_nuisance,mean_preserving,logf0_mean;logf0_std;logf0_p05;logf0_p50;logf0_p95;logf0_range;rms_mean;rms_std;duration_s;voiced_rate;energy_mean;energy_std,G->S,20,0.05,7,20,0.35,0.15,0.55,0.65,1.0,0.3879836309523809,0.7117857142857142,0.00727331661596648,0.012136996582577875,0.85,0.5492261904761906,2.0,0.009866805925751265,0.0,1.0,0.0005522508155867412,9
JVS_JVSMuSiC,mert_l3,3,61,60_20_20_speaker_disjoint,True,random_gaussian_nuisance,mean_preserving,logf0_mean;logf0_std;logf0_p05;logf0_p50;logf0_p95;logf0_range;rms_mean;rms_std;duration_s;voiced_rate;energy_mean;energy_std,S->G,20,0.05,5,20,0.25,0.1,0.45,0.45,0.85,0.26756358745421244,0.5734116300366299,0.00562488510495996,0.013011402029751191,0.65,0.41554258241758235,3.5,0.009564633328399796,-0.2,0.999438202247191,0.0005274081261598118,12
JVS_JVSMuSiC,mert_l3,3,61,60_20_20_speaker_disjoint,True,random_gaussian_nuisance,mean_preserving,logf0_mean;logf0_std;logf0_p05;logf0_p50;logf0_p95;logf0_range;rms_mean;rms_std;duration_s;voiced_rate;energy_mean;energy_std,G->S,20,0.05,8,20,0.4,0.2,0.6,0.7,1.0,0.40793452380952383,0.7267083333333333,0.006398902927123393,0.012096350777803076,0.85,0.5646428571428571,2.0,0.009564633328399814,0.050000000000000044,0.999438202247191,0.0005274081261598118,12
JVS_JVSMuSiC,mert_l3,3,61,60_20_20_speaker_disjoint,True,random_low_rank_projection,mean_preserving,random_dir_0;random_dir_1;random_dir_2;random_dir_3;random_dir_4;random_dir_5;random_dir_6;random_dir_7;random_dir_8;random_dir_9;random_dir_10;random_dir_11,S->G,20,0.05,9,20,0.45,0.25,0.65,0.45,0.85,0.39165991647241644,0.7434330808080808,0.0067874295238156785,0.012695889305426889,0.65,0.5640860528360528,2.5,0.00966287803846098,0.0,1.0,0.0003445325399686894,12
JVS_JVSMuSiC,mert_l3,3,61,60_20_20_speaker_disjoint,True,random_low_rank_projection,mean_preserving,random_dir_0;random_dir_1;random_dir_2;random_dir_3;random_dir_4;random_dir_5;random_dir_6;random_dir_7;random_dir_8;random_dir_9;random_dir_10;random_dir_11,G->S,20,0.05,7,20,0.35,0.15,0.55,0.7,1.0,0.39249999999999996,0.7016907894736841,0.006863158609909975,0.012147442909162488,0.85,0.5434649122807017,2.0,0.009662878038461031,0.0,1.0,0.0003445325399686894,12
JVS_JVSMuSiC,mert_l3,3,67,60_20_20_speaker_disjoint,True,raw,raw,,S->G,20,0.05,9,20,0.45,0.25,0.65,0.6,0.95,0.4074618055555556,0.7522638888888887,0.007798787873072527,0.014915962592539715,0.8,0.5818055555555556,2.0,0.011393174982488036,0.0,1.0,0.0,0
JVS_JVSMuSiC,mert_l3,3,67,60_20_20_speaker_disjoint,True,raw,raw,,G->S,20,0.05,9,20,0.45,0.25,0.7,0.6,0.95,0.4758566468253968,0.7900138888888888,0.008484490230930883,0.01419036035898709,0.8,0.6256150793650794,2.0,0.011393174982488024,0.0,1.0,0.0,0
JVS_JVSMuSiC,mert_l3,3,67,60_20_20_speaker_disjoint,True,center_only_classic,classic,,S->G,20,0.05,12,20,0.6,0.4,0.8,0.75,1.0,0.5478928571428571,0.8683333333333334,0.2939439759363012,0.4468937956812976,0.9,0.7129761904761904,1.0,0.36971391344628257,0.14999999999999997,1.0,0.9615978692521464,0
JVS_JVSMuSiC,mert_l3,3,67,60_20_20_speaker_disjoint,True,center_only_classic,classic,,G->S,20,0.05,7,20,0.35,0.15,0.55,1.0,1.0,0.48662500000000003,0.735,0.29440793280788535,0.4481339930225836,1.0,0.61,2.0,0.36971391344628257,-0.10000000000000003,1.0,0.9615978692521464,0
JVS_JVSMuSiC,mert_l3,3,67,60_20_20_speaker_disjoint,True,mode_dummy_only,mean_preserving,mode_dummy,S->G,20,0.05,12,20,0.6,0.4,0.8,1.0,1.0,0.5891666666666667,0.8833333333333332,0.009456894159210156,0.013210741387045193,1.0,0.7391666666666666,1.0,0.011397233759739223,0.14999999999999997,0.49382022471910114,0.007103481002405321,1
JVS_JVSMuSiC,mert_l3,3,67,60_20_20_speaker_disjoint,True,mode_dummy_only,mean_preserving,mode_dummy,G->S,20,0.05,14,20,0.7,0.5,0.9,1.0,1.0,0.6583333333333333,0.9375,0.009812636526383664,0.013020013693096263,1.0,0.8041666666666668,1.0,0.01139723375973919,0.24999999999999994,0.49382022471910114,0.007103481002405321,1
JVS_JVSMuSiC,mert_l3,3,67,60_20_20_speaker_disjoint,True,mode_dummy_only,classic,mode_dummy,S->G,20,0.05,15,20,0.75,0.55,0.95,0.75,1.0,0.6733125,0.95,0.41987087508244214,0.5676771951255577,0.9,0.8258333333333333,1.0,0.49015742423964664,0.3,0.49382022471910114,0.968702943256315,1
JVS_JVSMuSiC,mert_l3,3,67,60_20_20_speaker_disjoint,True,mode_dummy_only,classic,mode_dummy,G->S,20,0.05,17,20,0.85,0.7,1.0,1.0,1.0,0.7998958333333334,1.0,0.43378334086484605,0.5451519926879205,1.0,0.9041666666666668,1.0,0.4901574242396468,0.39999999999999997,0.49382022471910114,0.968702943256315,1
JVS_JVSMuSiC,mert_l3,3,67,60_20_20_speaker_disjoint,True,acoustic_full_no_mode,mean_preserving,logf0_mean;logf0_std;logf0_p05;logf0_p50;logf0_p95;logf0_range;rms_mean;rms_std;duration_s;voiced_rate;energy_mean;energy_std,S->G,20,0.05,11,20,0.55,0.35,0.75,0.55,0.95,0.4717944078947369,0.8250360275689222,0.002763676454629315,0.00892641692703764,0.75,0.646500626566416,1.0,0.006170714718824332,0.10000000000000003,0.5112359550561798,0.015167224431757442,9
JVS_JVSMuSiC,mert_l3,3,67,60_20_20_speaker_disjoint,True,acoustic_full_no_mode,mean_preserving,logf0_mean;logf0_std;logf0_p05;logf0_p50;logf0_p95;logf0_range;rms_mean;rms_std;duration_s;voiced_rate;energy_mean;energy_std,G->S,20,0.05,14,20,0.7,0.5,0.85,0.6,0.95,0.5676039377289378,0.915,0.004836293288244171,0.007455560107444177,0.8,0.7509890109890109,1.0,0.0061707147188243385,0.24999999999999994,0.5112359550561798,0.015167224431757442,9
JVS_JVSMuSiC,mert_l3,3,67,60_20_20_speaker_disjoint,True,acoustic_full_no_mode,classic,logf0_mean;logf0_std;logf0_p05;logf0_p50;logf0_p95;logf0_range;rms_mean;rms_std;duration_s;voiced_rate;energy_mean;energy_std,S->G,20,0.05,13,20,0.65,0.4487500000000001,0.85,0.75,1.0,0.5836363636363636,0.8875,0.26050963313453523,0.42805522543414815,0.9,0.7545454545454546,1.0,0.34526023537954564,0.2,0.5112359550561798,0.9770108634841373,9
JVS_JVSMuSiC,mert_l3,3,67,60_20_20_speaker_disjoint,True,acoustic_full_no_mode,classic,logf0_mean;logf0_std;logf0_p05;logf0_p50;logf0_p95;logf0_range;rms_mean;rms_std;duration_s;voiced_rate;energy_mean;energy_std,G->S,20,0.05,14,20,0.7,0.5,0.9,0.75,1.0,0.6522537878787878,0.9295454545454545,0.27152636280043063,0.416639258079468,0.9,0.8007575757575758,1.0,0.34526023537954564,0.24999999999999994,0.5112359550561798,0.9770108634841373,9
JVS_JVSMuSiC,mert_l3,3,67,60_20_20_speaker_disjoint,True,acoustic_full_plus_mode,mean_preserving,logf0_mean;logf0_std;logf0_p05;logf0_p50;logf0_p95;logf0_range;rms_mean;rms_std;duration_s;voiced_rate;energy_mean;energy_std;mode_dummy,S->G,20,0.05,11,20,0.55,0.35,0.75,0.6,0.95,0.5091679197994987,0.8433541666666667,0.003392001379089387,0.008515553321860598,0.8,0.6722744360902256,1.0,0.00608157377044774,0.10000000000000003,0.4067415730337079,0.015550336297785683,10
JVS_JVSMuSiC,mert_l3,3,67,60_20_20_speaker_disjoint,True,acoustic_full_plus_mode,mean_preserving,logf0_mean;logf0_std;logf0_p05;logf0_p50;logf0_p95;logf0_range;rms_mean;rms_std;duration_s;voiced_rate;energy_mean;energy_std;mode_dummy,G->S,20,0.05,14,20,0.7,0.5,0.9,0.7,1.0,0.5858333333333333,0.9094190705128204,0.004616161230659395,0.007367979551993171,0.85,0.752318376068376,1.0,0.006081573770447757,0.24999999999999994,0.4067415730337079,0.015550336297785683,10
JVS_JVSMuSiC,mert_l3,3,67,60_20_20_speaker_disjoint,True,acoustic_full_plus_mode,classic,logf0_mean;logf0_std;logf0_p05;logf0_p50;logf0_p95;logf0_range;rms_mean;rms_std;duration_s;voiced_rate;energy_mean;energy_std;mode_dummy,S->G,20,0.05,13,20,0.65,0.45,0.85,0.75,1.0,0.5916586538461539,0.8916666666666666,0.2566791401736846,0.4299384658339886,0.9,0.7413461538461539,1.0,0.34359040134936747,0.2,0.4067415730337079,0.9774013083948728,10
JVS_JVSMuSiC,mert_l3,3,67,60_20_20_speaker_disjoint,True,acoustic_full_plus_mode,classic,logf0_mean;logf0_std;logf0_p05;logf0_p50;logf0_p95;logf0_range;rms_mean;rms_std;duration_s;voiced_rate;energy_mean;energy_std;mode_dummy,G->S,20,0.05,14,20,0.7,0.5,0.9,0.75,1.0,0.6210972222222223,0.93,0.2628152335886657,0.41786419660528773,0.9,0.7855555555555556,1.0,0.34359040134936747,0.24999999999999994,0.4067415730337079,0.9774013083948728,10
JVS_JVSMuSiC,mert_l3,3,67,60_20_20_speaker_disjoint,True,single_group_f0,mean_preserving,logf0_mean;logf0_std;logf0_p05;logf0_p50;logf0_p95;logf0_range,S->G,20,0.05,6,20,0.3,0.1,0.5,0.25,0.65,0.2480874155460552,0.598427955316742,0.0031354510295992927,0.010324968189297738,0.45,0.4175973740311975,6.0,0.006589516757421898,-0.15000000000000002,1.0,0.006134218283647241,5
JVS_JVSMuSiC,mert_l3,3,67,60_20_20_speaker_disjoint,True,single_group_f0,mean_preserving,logf0_mean;logf0_std;logf0_p05;logf0_p50;logf0_p95;logf0_range,G->S,20,0.05,11,20,0.55,0.35,0.75,0.5,0.9,0.4583647186147186,0.8145568181818181,0.004454926572783501,0.008910858677471751,0.7,0.6395670995670996,1.0,0.006589516757421915,0.10000000000000003,1.0,0.006134218283647241,5
JVS_JVSMuSiC,mert_l3,3,67,60_20_20_speaker_disjoint,True,single_group_energy,mean_preserving,rms_mean;rms_std;energy_mean;energy_std,S->G,20,0.05,10,20,0.5,0.3,0.7,0.6,0.95,0.44734563737775807,0.8028036359280553,0.007080215733607772,0.015404884949779629,0.8,0.6241045014497028,1.5,0.011628744467524755,0.04999999999999999,0.8067415730337079,0.0074805201757343065,3
JVS_JVSMuSiC,mert_l3,3,67,60_20_20_speaker_disjoint,True,single_group_energy,mean_preserving,rms_mean;rms_std;energy_mean;energy_std,G->S,20,0.05,12,20,0.6,0.4,0.8,0.75,1.0,0.6029761904761906,0.8833333333333332,0.009445120016347282,0.013775292503009328,0.9,0.7529761904761905,1.0,0.01162874446752482,0.14999999999999997,0.8067415730337079,0.0074805201757343065,3
JVS_JVSMuSiC,mert_l3,3,67,60_20_20_speaker_disjoint,True,single_group_duration,mean_preserving,duration_s,S->G,20,0.05,12,20,0.6,0.3987500000000001,0.8,1.0,1.0,0.611625,0.8766666666666666,0.009447836008259743,0.013283806542334102,1.0,0.7516666666666667,1.0,0.011396910820301687,0.14999999999999997,0.5629213483146067,0.006659626280513864,1
JVS_JVSMuSiC,mert_l3,3,67,60_20_20_speaker_disjoint,True,single_group_duration,mean_preserving,duration_s,G->S,20,0.05,14,20,0.7,0.5,0.9,1.0,1.0,0.6791666666666667,0.9376041666666666,0.009864208463505443,0.013075218761458686,1.0,0.8083333333333332,1.0,0.011396910820301726,0.24999999999999994,0.5629213483146067,0.006659626280513864,1
JVS_JVSMuSiC,mert_l3,3,67,60_20_20_speaker_disjoint,True,single_group_voicing,mean_preserving,voiced_rate,S->G,20,0.05,9,20,0.45,0.2,0.65,0.6,0.95,0.4075763888888888,0.7472499999999999,0.00802692614372183,0.01488609852415434,0.8,0.5818055555555556,2.0,0.011393174982488036,0.0,1.0,0.0,0
JVS_JVSMuSiC,mert_l3,3,67,60_20_20_speaker_disjoint,True,single_group_voicing,mean_preserving,voiced_rate,G->S,20,0.05,9,20,0.45,0.2,0.65,0.6,0.95,0.47059375000000003,0.7883472222222222,0.008644339326293762,0.014293690695296133,0.8,0.6256150793650794,2.0,0.011393174982488024,0.0,1.0,0.0,0
JVS_JVSMuSiC,mert_l3,3,67,60_20_20_speaker_disjoint,True,full_minus_f0,mean_preserving,rms_mean;rms_std;duration_s;voiced_rate;energy_mean;energy_std,S->G,20,0.05,11,20,0.55,0.35,0.75,0.75,1.0,0.5109821336429309,0.829169956140351,0.007219636185019112,0.01490536438183608,0.9,0.6780727554179566,1.0,0.011436315893509885,0.10000000000000003,0.4949438202247191,0.009245002425354754,4
JVS_JVSMuSiC,mert_l3,3,67,60_20_20_speaker_disjoint,True,full_minus_f0,mean_preserving,rms_mean;rms_std;duration_s;voiced_rate;energy_mean;energy_std,G->S,20,0.05,14,20,0.7,0.5,0.9,0.85,1.0,0.6799999999999999,0.9375,0.009596690193793648,0.013296098858877062,0.95,0.8175000000000001,1.0,0.01143631589350983,0.24999999999999994,0.4949438202247191,0.009245002425354754,4
JVS_JVSMuSiC,mert_l3,3,67,60_20_20_speaker_disjoint,True,full_minus_energy,mean_preserving,logf0_mean;logf0_std;logf0_p05;logf0_p50;logf0_p95;logf0_range;duration_s;voiced_rate,S->G,20,0.05,10,20,0.5,0.3,0.7,0.7,0.95,0.48708333333333337,0.7988020833333332,0.004825263039908885,0.00822408147167683,0.85,0.6508333333333333,1.5,0.006522119404111698,0.04999999999999999,0.5646067415730337,0.012781718491283733,6
JVS_JVSMuSiC,mert_l3,3,67,60_20_20_speaker_disjoint,True,full_minus_energy,mean_preserving,logf0_mean;logf0_std;logf0_p05;logf0_p50;logf0_p95;logf0_range;duration_s;voiced_rate,G->S,20,0.05,13,20,0.65,0.45,0.85,0.55,0.95,0.5466354166666666,0.8771354166666667,0.005231516827382431,0.007774682567447185,0.75,0.7209722222222221,1.0,0.006522119404111742,0.2,0.5646067415730337,0.012781718491283733,6
JVS_JVSMuSiC,mert_l3,3,67,60_20_20_speaker_disjoint,True,full_minus_duration,mean_preserving,logf0_mean;logf0_std;logf0_p05;logf0_p50;logf0_p95;logf0_range;rms_mean;rms_std;voiced_rate;energy_mean;energy_std,S->G,20,0.05,6,20,0.3,0.1,0.5,0.55,0.9,0.3593492647058823,0.6612928364527629,0.0031204161678747427,0.010465635470267437,0.75,0.5141154188948308,2.0,0.0069894998560484315,-0.15000000000000002,0.7797752808988764,0.013116946835598942,8
JVS_JVSMuSiC,mert_l3,3,67,60_20_20_speaker_disjoint,True,full_minus_duration,mean_preserving,logf0_mean;logf0_std;logf0_p05;logf0_p50;logf0_p95;logf0_range;rms_mean;rms_std;voiced_rate;energy_mean;energy_std,G->S,20,0.05,9,20,0.45,0.25,0.65,0.6,0.95,0.47479464285714285,0.7914062499999999,0.005283574703079712,0.008605968250568224,0.8,0.6264056776556777,2.0,0.0069894998560484254,0.0,0.7797752808988764,0.013116946835598942,8
JVS_JVSMuSiC,mert_l3,3,67,60_20_20_speaker_disjoint,True,full_minus_voicing,mean_preserving,logf0_mean;logf0_std;logf0_p05;logf0_p50;logf0_p95;logf0_range;rms_mean;rms_std;duration_s;energy_mean;energy_std,S->G,20,0.05,11,20,0.55,0.3,0.7512499999999989,0.55,0.9,0.4700101817042606,0.8209077380952379,0.0029614954786444697,0.0091640490008455,0.75,0.646500626566416,1.0,0.006170714718824322,0.10000000000000003,0.5112359550561798,0.015167224431757886,9
JVS_JVSMuSiC,mert_l3,3,67,60_20_20_speaker_disjoint,True,full_minus_voicing,mean_preserving,logf0_mean;logf0_std;logf0_p05;logf0_p50;logf0_p95;logf0_range;rms_mean;rms_std;duration_s;energy_mean;energy_std,G->S,20,0.05,14,20,0.7,0.5,0.9,0.6,0.95,0.5803214285714285,0.9122083333333334,0.004677130926608863,0.007533647413444221,0.8,0.7509890109890109,1.0,0.006170714718824316,0.24999999999999994,0.5112359550561798,0.015167224431757886,9
JVS_JVSMuSiC,mert_l3,3,67,60_20_20_speaker_disjoint,True,row_shuffled_nuisance,mean_preserving,logf0_mean;logf0_std;logf0_p05;logf0_p50;logf0_p95;logf0_range;rms_mean;rms_std;duration_s;voiced_rate;energy_mean;energy_std,S->G,20,0.05,9,20,0.45,0.25,0.65,0.5,0.9,0.38922774621212114,0.72921875,0.006499298681617659,0.014290223398450494,0.7,0.5598133116883117,2.5,0.010545286833873102,0.0,1.0,0.00030644133881607694,9
JVS_JVSMuSiC,mert_l3,3,67,60_20_20_speaker_disjoint,True,row_shuffled_nuisance,mean_preserving,logf0_mean;logf0_std;logf0_p05;logf0_p50;logf0_p95;logf0_range;rms_mean;rms_std;duration_s;voiced_rate;energy_mean;energy_std,G->S,20,0.05,8,20,0.4,0.2,0.6,0.5,0.9,0.40606304112554104,0.7297502705627705,0.007530549487638888,0.013442488518862239,0.7,0.5704581529581529,2.0,0.01054528683387313,-0.04999999999999999,1.0,0.00030644133881607694,9
JVS_JVSMuSiC,mert_l3,3,67,60_20_20_speaker_disjoint,True,random_gaussian_nuisance,mean_preserving,logf0_mean;logf0_std;logf0_p05;logf0_p50;logf0_p95;logf0_range;rms_mean;rms_std;duration_s;voiced_rate;energy_mean;energy_std,S->G,20,0.05,9,20,0.45,0.25,0.6512499999999989,0.55,0.9,0.3823526785714285,0.733547619047619,0.00721249089740174,0.0148221860060138,0.75,0.5586706349206348,3.0,0.010946825088173734,0.0,1.0,0.00046550111655241366,12
JVS_JVSMuSiC,mert_l3,3,67,60_20_20_speaker_disjoint,True,random_gaussian_nuisance,mean_preserving,logf0_mean;logf0_std;logf0_p05;logf0_p50;logf0_p95;logf0_range;rms_mean;rms_std;duration_s;voiced_rate;energy_mean;energy_std,G->S,20,0.05,8,20,0.4,0.2,0.6,0.7,1.0,0.43231376262626264,0.7267929292929293,0.0081916644447302,0.01368014894348536,0.85,0.586489898989899,2.0,0.010946825088173734,-0.04999999999999999,1.0,0.00046550111655241366,12
JVS_JVSMuSiC,mert_l3,3,67,60_20_20_speaker_disjoint,True,random_low_rank_projection,mean_preserving,random_dir_0;random_dir_1;random_dir_2;random_dir_3;random_dir_4;random_dir_5;random_dir_6;random_dir_7;random_dir_8;random_dir_9;random_dir_10;random_dir_11,S->G,20,0.05,9,20,0.45,0.25,0.65,0.6,0.95,0.40622916666666664,0.7558541666666667,0.007757225343234937,0.014648678026428023,0.8,0.5818055555555556,2.0,0.011287621792913404,0.0,1.0,0.00037410067984011697,12
JVS_JVSMuSiC,mert_l3,3,67,60_20_20_speaker_disjoint,True,random_low_rank_projection,mean_preserving,random_dir_0;random_dir_1;random_dir_2;random_dir_3;random_dir_4;random_dir_5;random_dir_6;random_dir_7;random_dir_8;random_dir_9;random_dir_10;random_dir_11,G->S,20,0.05,9,20,0.45,0.25,0.65,0.6,0.95,0.4587470238095238,0.7779166666666667,0.008591075841715472,0.014127077442385842,0.8,0.6256150793650794,2.0,0.01128762179291345,0.0,1.0,0.00037410067984011697,12
JVS_JVSMuSiC,mert_l3,3,71,60_20_20_speaker_disjoint,True,raw,raw,,S->G,20,0.05,10,20,0.5,0.3,0.7,0.5,0.9,0.41456446678321673,0.7801169871794872,0.008110170391663304,0.015375833789578455,0.7,0.6014044289044289,1.5,0.011850296583895881,0.0,1.0,0.0,0
JVS_JVSMuSiC,mert_l3,3,71,60_20_20_speaker_disjoint,True,raw,raw,,G->S,20,0.05,10,20,0.5,0.25,0.7,0.5,0.9,0.41761904761904767,0.7682589285714285,0.009134559222587343,0.014716301159525888,0.7,0.5974969474969475,2.0,0.01185029658389583,0.0,1.0,0.0,0
JVS_JVSMuSiC,mert_l3,3,71,60_20_20_speaker_disjoint,True,center_only_classic,classic,,S->G,20,0.05,13,20,0.65,0.45,0.85,0.85,1.0,0.6266666666666667,0.9,0.31518869897870044,0.4270030574480021,0.95,0.7766666666666666,1.0,0.37252399666253594,0.15000000000000002,1.0,0.9615334190794732,0
JVS_JVSMuSiC,mert_l3,3,71,60_20_20_speaker_disjoint,True,center_only_classic,classic,,G->S,20,0.05,9,20,0.45,0.25,0.65,0.65,0.95,0.4332111742424242,0.770436553030303,0.2921988314229017,0.45876158867848943,0.8,0.6007954545454546,2.0,0.37252399666253594,-0.04999999999999999,1.0,0.9615334190794732,0
JVS_JVSMuSiC,mert_l3,3,71,60_20_20_speaker_disjoint,True,mode_dummy_only,mean_preserving,mode_dummy,S->G,20,0.05,15,20,0.75,0.55,0.95,0.85,1.0,0.6906875,0.95,0.0100371838531068,0.013825405171436081,0.95,0.8329166666666665,1.0,0.011902088717778776,0.25,0.44285714285714284,0.007111246825223239,1
JVS_JVSMuSiC,mert_l3,3,71,60_20_20_speaker_disjoint,True,mode_dummy_only,mean_preserving,mode_dummy,G->S,20,0.05,15,20,0.75,0.55,0.95,0.85,1.0,0.6832291666666667,0.9584374999999999,0.010429410294029039,0.013531287203641275,0.95,0.8291666666666668,1.0,0.011902088717778758,0.25,0.44285714285714284,0.007111246825223239,1
JVS_JVSMuSiC,mert_l3,3,71,60_20_20_speaker_disjoint,True,mode_dummy_only,classic,mode_dummy,S->G,20,0.05,16,20,0.8,0.6,0.95,1.0,1.0,0.77,0.975,0.44894958578182703,0.5596581999947519,1.0,0.885,1.0,0.5043090691523446,0.30000000000000004,0.44285714285714284,0.9686437127778199,1
JVS_JVSMuSiC,mert_l3,3,71,60_20_20_speaker_disjoint,True,mode_dummy_only,classic,mode_dummy,G->S,20,0.05,14,20,0.7,0.5,0.9,0.85,1.0,0.6844940476190476,0.925,0.4378859903401892,0.5730048332506837,0.95,0.8154761904761905,1.0,0.5043090691523447,0.19999999999999996,0.44285714285714284,0.9686437127778199,1
JVS_JVSMuSiC,mert_l3,3,71,60_20_20_speaker_disjoint,True,acoustic_full_no_mode,mean_preserving,logf0_mean;logf0_std;logf0_p05;logf0_p50;logf0_p95;logf0_range;rms_mean;rms_std;duration_s;voiced_rate;energy_mean;energy_std,S->G,20,0.05,11,20,0.55,0.35,0.75,0.55,0.95,0.4932926065162907,0.8250260416666666,0.0031987680087239858,0.007514972810376567,0.75,0.658732769423559,1.0,0.005574844694988606,0.050000000000000044,0.6583333333333333,0.015500088956073133,9
JVS_JVSMuSiC,mert_l3,3,71,60_20_20_speaker_disjoint,True,acoustic_full_no_mode,mean_preserving,logf0_mean;logf0_std;logf0_p05;logf0_p50;logf0_p95;logf0_range;rms_mean;rms_std;duration_s;voiced_rate;energy_mean;energy_std,G->S,20,0.05,15,20,0.75,0.55,0.9,0.75,1.0,0.6480381944444444,0.9349999999999999,0.0040759876261168065,0.006972865778655891,0.9,0.8040277777777778,1.0,0.00557484469498864,0.25,0.6583333333333333,0.015500088956073133,9
JVS_JVSMuSiC,mert_l3,3,71,60_20_20_speaker_disjoint,True,acoustic_full_no_mode,classic,logf0_mean;logf0_std;logf0_p05;logf0_p50;logf0_p95;logf0_range;rms_mean;rms_std;duration_s;voiced_rate;energy_mean;energy_std,S->G,20,0.05,13,20,0.65,0.45,0.85,0.6,0.95,0.5638888888888889,0.8918055555555556,0.23940520423938372,0.38699901901502654,0.8,0.7347222222222223,1.0,0.3155350501214194,0.15000000000000002,0.6583333333333333,0.9771685360609027,9
JVS_JVSMuSiC,mert_l3,3,71,60_20_20_speaker_disjoint,True,acoustic_full_no_mode,classic,logf0_mean;logf0_std;logf0_p05;logf0_p50;logf0_p95;logf0_range;rms_mean;rms_std;duration_s;voiced_rate;energy_mean;energy_std,G->S,20,0.05,15,20,0.75,0.55,0.95,0.7,1.0,0.6278645833333333,0.9550000000000001,0.23026019879056817,0.39386706106985087,0.85,0.8004166666666667,1.0,0.31553505012141936,0.25,0.6583333333333333,0.9771685360609027,9
JVS_JVSMuSiC,mert_l3,3,71,60_20_20_speaker_disjoint,True,acoustic_full_plus_mode,mean_preserving,logf0_mean;logf0_std;logf0_p05;logf0_p50;logf0_p95;logf0_range;rms_mean;rms_std;duration_s;voiced_rate;energy_mean;energy_std;mode_dummy,S->G,20,0.05,11,20,0.55,0.35,0.75,0.6,0.95,0.47171726190476193,0.8143348214285714,0.003596324586660653,0.007695979727354225,0.8,0.6542261904761906,1.0,0.005717739690683427,0.050000000000000044,0.5333333333333333,0.01589655666406642,10
JVS_JVSMuSiC,mert_l3,3,71,60_20_20_speaker_disjoint,True,acoustic_full_plus_mode,mean_preserving,logf0_mean;logf0_std;logf0_p05;logf0_p50;logf0_p95;logf0_range;rms_mean;rms_std;duration_s;voiced_rate;energy_mean;energy_std;mode_dummy,G->S,20,0.05,14,20,0.7,0.5,0.9,0.75,1.0,0.6145919117647058,0.925,0.0043213700565472276,0.0070714199608730545,0.9,0.7791911764705882,1.0,0.005717739690683466,0.19999999999999996,0.5333333333333333,0.01589655666406642,10
JVS_JVSMuSiC,mert_l3,3,71,60_20_20_speaker_disjoint,True,acoustic_full_plus_mode,classic,logf0_mean;logf0_std;logf0_p05;logf0_p50;logf0_p95;logf0_range;rms_mean;rms_std;duration_s;voiced_rate;energy_mean;energy_std;mode_dummy,S->G,20,0.05,13,20,0.65,0.45,0.85,0.7,1.0,0.5749791666666666,0.8917083333333334,0.2493647606598627,0.39585713288188645,0.85,0.7433333333333334,1.0,0.322782794836237,0.15000000000000002,0.5333333333333333,0.9775561672052859,10
JVS_JVSMuSiC,mert_l3,3,71,60_20_20_speaker_disjoint,True,acoustic_full_plus_mode,classic,logf0_mean;logf0_std;logf0_p05;logf0_p50;logf0_p95;logf0_range;rms_mean;rms_std;duration_s;voiced_rate;energy_mean;energy_std;mode_dummy,G->S,20,0.05,14,20,0.7,0.5,0.9,0.65,1.0,0.594,0.9229687499999999,0.24703708030438626,0.3933139319475791,0.85,0.7674621212121212,1.0,0.322782794836237,0.19999999999999996,0.5333333333333333,0.9775561672052859,10
JVS_JVSMuSiC,mert_l3,3,71,60_20_20_speaker_disjoint,True,single_group_f0,mean_preserving,logf0_mean;logf0_std;logf0_p05;logf0_p50;logf0_p95;logf0_range,S->G,20,0.05,5,20,0.25,0.05,0.45,0.2,0.6,0.23377108134920632,0.5603240254435108,0.0028563547648122398,0.010375124556118108,0.4,0.377906162464986,7.0,0.0064015891254758876,-0.25,1.0,0.00608528245458384,5
JVS_JVSMuSiC,mert_l3,3,71,60_20_20_speaker_disjoint,True,single_group_f0,mean_preserving,logf0_mean;logf0_std;logf0_p05;logf0_p50;logf0_p95;logf0_range,G->S,20,0.05,9,20,0.45,0.25,0.7,0.55,0.9,0.37491125541125536,0.7258279220779221,0.0033106718110060573,0.00940165290986861,0.75,0.5526623376623376,3.0,0.00640158912547587,-0.04999999999999999,1.0,0.00608528245458384,5
JVS_JVSMuSiC,mert_l3,3,71,60_20_20_speaker_disjoint,True,single_group_energy,mean_preserving,rms_mean;rms_std;energy_mean;energy_std,S->G,20,0.05,13,20,0.65,0.45,0.85,0.7,1.0,0.5796557017543861,0.8916875,0.008391561989790432,0.014260149399039227,0.85,0.743048245614035,1.0,0.011366210388022819,0.15000000000000002,0.8583333333333333,0.00810611779087933,3
JVS_JVSMuSiC,mert_l3,3,71,60_20_20_speaker_disjoint,True,single_group_energy,mean_preserving,rms_mean;rms_std;energy_mean;energy_std,G->S,20,0.05,15,20,0.75,0.55,0.95,0.75,1.0,0.661904761904762,0.9333333333333332,0.00941605764696323,0.01345526933120076,0.9,0.8142857142857143,1.0,0.011366210388022869,0.25,0.8583333333333333,0.00810611779087933,3
JVS_JVSMuSiC,mert_l3,3,71,60_20_20_speaker_disjoint,True,single_group_duration,mean_preserving,duration_s,S->G,20,0.05,16,20,0.8,0.6,0.95,0.85,1.0,0.7355555555555556,0.975,0.01025568215645973,0.01383736590400302,0.95,0.8655555555555555,1.0,0.012166861103261633,0.30000000000000004,0.631547619047619,0.006637070885869956,1
JVS_JVSMuSiC,mert_l3,3,71,60_20_20_speaker_disjoint,True,single_group_duration,mean_preserving,duration_s,G->S,20,0.05,17,20,0.85,0.65,1.0,0.75,1.0,0.7475892857142856,1.0,0.0107374398218947,0.013834294113777982,0.9,0.8779761904761905,1.0,0.012166861103261628,0.35,0.631547619047619,0.006637070885869956,1
JVS_JVSMuSiC,mert_l3,3,71,60_20_20_speaker_disjoint,True,single_group_voicing,mean_preserving,voiced_rate,S->G,20,0.05,10,20,0.5,0.3,0.7,0.5,0.9,0.42148120629370633,0.7745833333333333,0.008212105996478508,0.015632357589230667,0.7,0.6014044289044289,1.5,0.011850296583895881,0.0,1.0,0.0,0
JVS_JVSMuSiC,mert_l3,3,71,60_20_20_speaker_disjoint,True,single_group_voicing,mean_preserving,voiced_rate,G->S,20,0.05,10,20,0.5,0.25,0.7012499999999988,0.5,0.9,0.4184214743589743,0.7590811965811965,0.008926276892684607,0.01501780513829506,0.7,0.5974969474969475,2.0,0.01185029658389583,0.0,1.0,0.0,0
JVS_JVSMuSiC,mert_l3,3,71,60_20_20_speaker_disjoint,True,full_minus_f0,mean_preserving,rms_mean;rms_std;duration_s;voiced_rate;energy_mean;energy_std,S->G,20,0.05,13,20,0.65,0.45,0.85,0.75,1.0,0.5719122807017544,0.8967499999999999,0.008297127123672011,0.013252325295186478,0.9,0.7426315789473683,1.0,0.010775681202342735,0.15000000000000002,0.6464285714285715,0.00998520967437555,4
JVS_JVSMuSiC,mert_l3,3,71,60_20_20_speaker_disjoint,True,full_minus_f0,mean_preserving,rms_mean;rms_std;duration_s;voiced_rate;energy_mean;energy_std,G->S,20,0.05,15,20,0.75,0.55,0.9,0.85,1.0,0.6806577380952381,0.9376041666666666,0.009047124099782524,0.012662769080280753,0.95,0.8213095238095238,1.0,0.010775681202342697,0.25,0.6464285714285715,0.00998520967437555,4
JVS_JVSMuSiC,mert_l3,3,71,60_20_20_speaker_disjoint,True,full_minus_energy,mean_preserving,logf0_mean;logf0_std;logf0_p05;logf0_p50;logf0_p95;logf0_range;duration_s;voiced_rate,S->G,20,0.05,9,20,0.45,0.25,0.65,0.7,1.0,0.4957142857142857,0.8025047348484847,0.004825030416051592,0.008046200670628114,0.85,0.6429383116883116,2.0,0.006513217783256103,-0.04999999999999999,0.6244047619047619,0.0127140391138848,6
JVS_JVSMuSiC,mert_l3,3,71,60_20_20_speaker_disjoint,True,full_minus_energy,mean_preserving,logf0_mean;logf0_std;logf0_p05;logf0_p50;logf0_p95;logf0_range;duration_s;voiced_rate,G->S,20,0.05,16,20,0.8,0.65,0.95,0.75,1.0,0.6969419934640523,0.975,0.004824051419810373,0.008072075492573046,0.9,0.8434967320261437,1.0,0.0065132177832560815,0.30000000000000004,0.6244047619047619,0.0127140391138848,6
JVS_JVSMuSiC,mert_l3,3,71,60_20_20_speaker_disjoint,True,full_minus_duration,mean_preserving,logf0_mean;logf0_std;logf0_p05;logf0_p50;logf0_p95;logf0_range;rms_mean;rms_std;voiced_rate;energy_mean;energy_std,S->G,20,0.05,10,20,0.5,0.3,0.7,0.55,0.95,0.4539067460317461,0.8049424603174602,0.0034314182734470657,0.008613976621359511,0.75,0.6271031746031747,1.5,0.006143476150320504,0.0,0.8803571428571428,0.013562204289398916,8
JVS_JVSMuSiC,mert_l3,3,71,60_20_20_speaker_disjoint,True,full_minus_duration,mean_preserving,logf0_mean;logf0_std;logf0_p05;logf0_p50;logf0_p95;logf0_range;rms_mean;rms_std;voiced_rate;energy_mean;energy_std,G->S,20,0.05,14,20,0.7,0.5,0.8512499999999988,0.6,0.95,0.5764369019138756,0.9151699561403509,0.004219808224281785,0.00808021517043766,0.8,0.7488437001594896,1.0,0.006143476150320565,0.19999999999999996,0.8803571428571428,0.013562204289398916,8
JVS_JVSMuSiC,mert_l3,3,71,60_20_20_speaker_disjoint,True,full_minus_voicing,mean_preserving,logf0_mean;logf0_std;logf0_p05;logf0_p50;logf0_p95;logf0_range;rms_mean;rms_std;duration_s;energy_mean;energy_std,S->G,20,0.05,11,20,0.55,0.35,0.8,0.55,0.9,0.46829143170426063,0.8372198073308271,0.0036554548089349713,0.007480127861569682,0.75,0.658732769423559,1.0,0.005574844694988657,0.050000000000000044,0.6583333333333333,0.01550008895607291,9
JVS_JVSMuSiC,mert_l3,3,71,60_20_20_speaker_disjoint,True,full_minus_voicing,mean_preserving,logf0_mean;logf0_std;logf0_p05;logf0_p50;logf0_p95;logf0_range;rms_mean;rms_std;duration_s;energy_mean;energy_std,G->S,20,0.05,15,20,0.75,0.55,0.9,0.75,1.0,0.6415173611111111,0.9527777777777778,0.0039029996139798464,0.006888003609087061,0.9,0.8040277777777778,1.0,0.005574844694988651,0.25,0.6583333333333333,0.01550008895607291,9
JVS_JVSMuSiC,mert_l3,3,71,60_20_20_speaker_disjoint,True,row_shuffled_nuisance,mean_preserving,logf0_mean;logf0_std;logf0_p05;logf0_p50;logf0_p95;logf0_range;rms_mean;rms_std;duration_s;voiced_rate;energy_mean;energy_std,S->G,20,0.05,10,20,0.5,0.25,0.7,0.55,0.95,0.4261586538461538,0.7839294871794871,0.008327833345902872,0.015801632489350115,0.75,0.6035256410256411,1.5,0.012096002717262905,0.0,1.0,0.0008516442670322144,9
JVS_JVSMuSiC,mert_l3,3,71,60_20_20_speaker_disjoint,True,row_shuffled_nuisance,mean_preserving,logf0_mean;logf0_std;logf0_p05;logf0_p50;logf0_p95;logf0_range;rms_mean;rms_std;duration_s;voiced_rate;energy_mean;energy_std,G->S,20,0.05,9,20,0.45,0.2,0.65,0.5,0.9,0.41293154761904755,0.7464657738095237,0.009450560921776173,0.014702162066056354,0.7,0.5810912698412698,2.5,0.012096002717262948,-0.04999999999999999,1.0,0.0008516442670322144,9
JVS_JVSMuSiC,mert_l3,3,71,60_20_20_speaker_disjoint,True,random_gaussian_nuisance,mean_preserving,logf0_mean;logf0_std;logf0_p05;logf0_p50;logf0_p95;logf0_range;rms_mean;rms_std;duration_s;voiced_rate;energy_mean;energy_std,S->G,20,0.05,8,20,0.4,0.2,0.6,0.4,0.8,0.340343501984127,0.6966175595238094,0.007863715548036327,0.01659637023247955,0.6,0.5122718253968255,3.0,0.012256888140415501,-0.09999999999999998,1.0,6.62842205703118e-05,12
JVS_JVSMuSiC,mert_l3,3,71,60_20_20_speaker_disjoint,True,random_gaussian_nuisance,mean_preserving,logf0_mean;logf0_std;logf0_p05;logf0_p50;logf0_p95;logf0_range;rms_mean;rms_std;duration_s;voiced_rate;energy_mean;energy_std,G->S,20,0.05,11,20,0.55,0.35,0.75,0.55,0.95,0.4818645833333332,0.8188020833333333,0.00914919896390706,0.015510137865782736,0.75,0.6547916666666667,1.0,0.012256888140415501,0.050000000000000044,1.0,6.62842205703118e-05,12
JVS_JVSMuSiC,mert_l3,3,71,60_20_20_speaker_disjoint,True,random_low_rank_projection,mean_preserving,random_dir_0;random_dir_1;random_dir_2;random_dir_3;random_dir_4;random_dir_5;random_dir_6;random_dir_7;random_dir_8;random_dir_9;random_dir_10;random_dir_11,S->G,20,0.05,10,20,0.5,0.3,0.7,0.5,0.9,0.4241973443223444,0.7814374999999999,0.008293937363370274,0.015317741956875094,0.7,0.601584249084249,1.5,0.01177385068896918,0.0,1.0,0.00028893738714930173,12
JVS_JVSMuSiC,mert_l3,3,71,60_20_20_speaker_disjoint,True,random_low_rank_projection,mean_preserving,random_dir_0;random_dir_1;random_dir_2;random_dir_3;random_dir_4;random_dir_5;random_dir_6;random_dir_7;random_dir_8;random_dir_9;random_dir_10;random_dir_11,G->S,20,0.05,10,20,0.5,0.3,0.7,0.5,0.9,0.4195276251526251,0.7710714285714285,0.009065886333415778,0.01460813358851994,0.7,0.5974969474969475,2.0,0.01177385068896918,0.0,1.0,0.00028893738714930173,12
JVS_JVSMuSiC,mert_l3,3,73,60_20_20_speaker_disjoint,True,raw,raw,,S->G,20,0.05,7,20,0.35,0.15,0.55,0.6,0.95,0.31997767857142856,0.6659613095238095,0.007068222699920843,0.012019862711350379,0.8,0.49418650793650787,3.0,0.009544538496842624,0.0,1.0,0.0,0
JVS_JVSMuSiC,mert_l3,3,73,60_20_20_speaker_disjoint,True,raw,raw,,G->S,20,0.05,7,20,0.35,0.15,0.55,0.64875,0.95,0.38349702380952383,0.6984047619047618,0.007724384274895261,0.011300226918159533,0.8,0.5388095238095238,2.5,0.009544538496842642,0.0,1.0,0.0,0
JVS_JVSMuSiC,mert_l3,3,73,60_20_20_speaker_disjoint,True,center_only_classic,classic,,S->G,20,0.05,14,20,0.7,0.5,0.9,0.75,1.0,0.6230833333333333,0.925,0.27695588991895687,0.3929864712727015,0.9,0.7754761904761904,1.0,0.32936962959366334,0.35,1.0,0.9615992714852872,0
JVS_JVSMuSiC,mert_l3,3,73,60_20_20_speaker_disjoint,True,center_only_classic,classic,,G->S,20,0.05,7,20,0.35,0.15,0.55,0.55,0.95,0.3980868506493507,0.6960105519480518,0.257125527612256,0.40097828165352245,0.75,0.5377597402597402,2.0,0.3293696295936634,0.0,1.0,0.9615992714852872,0
JVS_JVSMuSiC,mert_l3,3,73,60_20_20_speaker_disjoint,True,mode_dummy_only,mean_preserving,mode_dummy,S->G,20,0.05,13,20,0.65,0.45,0.85,0.85,1.0,0.6583333333333334,0.9168749999999999,0.008621729036308527,0.010665145911037666,0.95,0.7916666666666667,1.0,0.00958389079042915,0.30000000000000004,0.6554945054945055,0.007121386410481767,1
JVS_JVSMuSiC,mert_l3,3,73,60_20_20_speaker_disjoint,True,mode_dummy_only,mean_preserving,mode_dummy,G->S,20,0.05,17,20,0.85,0.69875,1.0,1.0,1.0,0.85,1.0,0.008069387305860052,0.011171881786757758,1.0,0.925,1.0,0.009583890790429216,0.5,0.6554945054945055,0.007121386410481767,1
JVS_JVSMuSiC,mert_l3,3,73,60_20_20_speaker_disjoint,True,mode_dummy_only,classic,mode_dummy,S->G,20,0.05,16,20,0.8,0.6,0.95,0.85,1.0,0.75,0.975,0.4118587435704642,0.5174923231683404,0.95,0.875,1.0,0.4620690075899058,0.45000000000000007,0.6554945054945055,0.9687111960823929,1
JVS_JVSMuSiC,mert_l3,3,73,60_20_20_speaker_disjoint,True,mode_dummy_only,classic,mode_dummy,G->S,20,0.05,16,20,0.8,0.6,0.95,1.0,1.0,0.7833333333333334,0.975,0.40212017473331335,0.5266015131013175,1.0,0.8916666666666666,1.0,0.4620690075899058,0.45000000000000007,0.6554945054945055,0.9687111960823929,1
JVS_JVSMuSiC,mert_l3,3,73,60_20_20_speaker_disjoint,True,acoustic_full_no_mode,mean_preserving,logf0_mean;logf0_std;logf0_p05;logf0_p50;logf0_p95;logf0_range;rms_mean;rms_std;duration_s;voiced_rate;energy_mean;energy_std,S->G,20,0.05,7,20,0.35,0.15,0.55,0.75,1.0,0.43833333333333335,0.7209374999999999,0.0017731814683294245,0.00723547073365966,0.9,0.5816666666666668,2.0,0.005064427804676202,0.0,0.5373626373626373,0.016735107849544684,9
JVS_JVSMuSiC,mert_l3,3,73,60_20_20_speaker_disjoint,True,acoustic_full_no_mode,mean_preserving,logf0_mean;logf0_std;logf0_p05;logf0_p50;logf0_p95;logf0_range;rms_mean;rms_std;duration_s;voiced_rate;energy_mean;energy_std,G->S,20,0.05,14,20,0.7,0.5,0.9,0.75,1.0,0.6501923076923076,0.9288461538461539,0.0038940565281198806,0.006138047823202062,0.9,0.7950961538461538,1.0,0.00506442780467623,0.35,0.5373626373626373,0.016735107849544684,9
JVS_JVSMuSiC,mert_l3,3,73,60_20_20_speaker_disjoint,True,acoustic_full_no_mode,classic,logf0_mean;logf0_std;logf0_p05;logf0_p50;logf0_p95;logf0_range;rms_mean;rms_std;duration_s;voiced_rate;energy_mean;energy_std,S->G,20,0.05,14,20,0.7,0.5,0.8512499999999988,0.7,1.0,0.6399999999999999,0.9217499999999998,0.24489817068008063,0.3781965229306151,0.85,0.7883333333333333,1.0,0.31613277813880425,0.35,0.5373626373626373,0.9769171806885686,9
JVS_JVSMuSiC,mert_l3,3,73,60_20_20_speaker_disjoint,True,acoustic_full_no_mode,classic,logf0_mean;logf0_std;logf0_p05;logf0_p50;logf0_p95;logf0_range;rms_mean;rms_std;duration_s;voiced_rate;energy_mean;energy_std,G->S,20,0.05,12,20,0.6,0.4,0.8,0.7,1.0,0.5727083333333334,0.8751136363636363,0.24138181955887736,0.3818148301998979,0.85,0.7295454545454546,1.0,0.3161327781388043,0.25,0.5373626373626373,0.9769171806885686,9
JVS_JVSMuSiC,mert_l3,3,73,60_20_20_speaker_disjoint,True,acoustic_full_plus_mode,mean_preserving,logf0_mean;logf0_std;logf0_p05;logf0_p50;logf0_p95;logf0_range;rms_mean;rms_std;duration_s;voiced_rate;energy_mean;energy_std;mode_dummy,S->G,20,0.05,7,20,0.35,0.15,0.5512499999999989,0.75,1.0,0.43747916666666664,0.7392083333333332,0.001916972281468553,0.0068493452248954085,0.9,0.5758333333333333,2.0,0.004859719359622938,0.0,0.4901098901098901,0.017199674845234658,10
JVS_JVSMuSiC,mert_l3,3,73,60_20_20_speaker_disjoint,True,acoustic_full_plus_mode,mean_preserving,logf0_mean;logf0_std;logf0_p05;logf0_p50;logf0_p95;logf0_range;rms_mean;rms_std;duration_s;voiced_rate;energy_mean;energy_std;mode_dummy,G->S,20,0.05,14,20,0.7,0.5,0.9,0.7,1.0,0.6452380952380953,0.9285714285714285,0.0037957056733321634,0.005871022493965643,0.85,0.7940476190476191,1.0,0.004859719359622971,0.35,0.4901098901098901,0.017199674845234658,10
JVS_JVSMuSiC,mert_l3,3,73,60_20_20_speaker_disjoint,True,acoustic_full_plus_mode,classic,logf0_mean;logf0_std;logf0_p05;logf0_p50;logf0_p95;logf0_range;rms_mean;rms_std;duration_s;voiced_rate;energy_mean;energy_std;mode_dummy,S->G,20,0.05,14,20,0.7,0.5,0.9,0.75,1.0,0.6305555555555555,0.925,0.23846964981036475,0.3720441943886985,0.9,0.7905555555555555,1.0,0.3089529456388843,0.35,0.4901098901098901,0.9773103258230275,10
JVS_JVSMuSiC,mert_l3,3,73,60_20_20_speaker_disjoint,True,acoustic_full_plus_mode,classic,logf0_mean;logf0_std;logf0_p05;logf0_p50;logf0_p95;logf0_range;rms_mean;rms_std;duration_s;voiced_rate;energy_mean;energy_std;mode_dummy,G->S,20,0.05,12,20,0.6,0.4,0.8,0.7,1.0,0.5753787878787879,0.8795880681818181,0.2413653917162893,0.3707740748843433,0.85,0.7274621212121212,1.0,0.3089529456388843,0.25,0.4901098901098901,0.9773103258230275,10
JVS_JVSMuSiC,mert_l3,3,73,60_20_20_speaker_disjoint,True,single_group_f0,mean_preserving,logf0_mean;logf0_std;logf0_p05;logf0_p50;logf0_p95;logf0_range,S->G,20,0.05,5,20,0.25,0.1,0.45,0.4,0.8,0.2260916132478632,0.536454861111111,0.002353596276741457,0.007684705799130288,0.6,0.37940170940170936,4.5,0.0050956082577313985,-0.09999999999999998,1.0,0.0074737936667506055,5
JVS_JVSMuSiC,mert_l3,3,73,60_20_20_speaker_disjoint,True,single_group_f0,mean_preserving,logf0_mean;logf0_std;logf0_p05;logf0_p50;logf0_p95;logf0_range,G->S,20,0.05,6,20,0.3,0.1,0.5,0.5,0.9,0.30019818376068375,0.6335336538461538,0.003129370281185196,0.007246411311158517,0.7,0.46449786324786313,3.0,0.005095608257731388,-0.04999999999999999,1.0,0.0074737936667506055,5
JVS_JVSMuSiC,mert_l3,3,73,60_20_20_speaker_disjoint,True,single_group_energy,mean_preserving,rms_mean;rms_std;energy_mean;energy_std,S->G,20,0.05,9,20,0.45,0.25,0.65,0.7,1.0,0.5066666666666666,0.8000625,0.005545896631206057,0.011509858878840868,0.85,0.6483333333333334,2.0,0.009128806182681137,0.10000000000000003,0.8912087912087913,0.007682674227288411,3
JVS_JVSMuSiC,mert_l3,3,73,60_20_20_speaker_disjoint,True,single_group_energy,mean_preserving,rms_mean;rms_std;energy_mean;energy_std,G->S,20,0.05,15,20,0.75,0.55,0.9,0.85,1.0,0.6979166666666667,0.95,0.006949994862015384,0.011415970658367533,0.95,0.8354166666666666,1.0,0.009128806182681143,0.4,0.8912087912087913,0.007682674227288411,3
JVS_JVSMuSiC,mert_l3,3,73,60_20_20_speaker_disjoint,True,single_group_duration,mean_preserving,duration_s,S->G,20,0.05,12,20,0.6,0.4,0.8,1.0,1.0,0.6375,0.8916666666666666,0.008900425121442481,0.010782936721065667,1.0,0.7708333333333333,1.0,0.009771543068975864,0.25,0.6384615384615384,0.006649745008978636,1
JVS_JVSMuSiC,mert_l3,3,73,60_20_20_speaker_disjoint,True,single_group_duration,mean_preserving,duration_s,G->S,20,0.05,16,20,0.8,0.6,0.95,1.0,1.0,0.8,0.975,0.008239075031770628,0.01153378372080224,1.0,0.9,1.0,0.009771543068975796,0.45000000000000007,0.6384615384615384,0.006649745008978636,1
JVS_JVSMuSiC,mert_l3,3,73,60_20_20_speaker_disjoint,True,single_group_voicing,mean_preserving,voiced_rate,S->G,20,0.05,7,20,0.35,0.15,0.55,0.6,0.95,0.32456894841269834,0.6551785714285714,0.007070881053022475,0.01199095363626745,0.8,0.49418650793650787,3.0,0.009544538496842624,0.0,1.0,0.0,0
JVS_JVSMuSiC,mert_l3,3,73,60_20_20_speaker_disjoint,True,single_group_voicing,mean_preserving,voiced_rate,G->S,20,0.05,7,20,0.35,0.15,0.55,0.6,0.95,0.38290178571428574,0.6984226190476189,0.007751941035770072,0.011421036860885381,0.8,0.5388095238095238,2.5,0.009544538496842642,0.0,1.0,0.0,0
JVS_JVSMuSiC,mert_l3,3,73,60_20_20_speaker_disjoint,True,full_minus_f0,mean_preserving,rms_mean;rms_std;duration_s;voiced_rate;energy_mean;energy_std,S->G,20,0.05,11,20,0.55,0.35,0.75,0.75,1.0,0.5507738095238095,0.8668452380952381,0.005633449643403276,0.011174524744607738,0.9,0.7113095238095238,1.0,0.008959273513617777,0.20000000000000007,0.5879120879120879,0.010332136210880138,4
JVS_JVSMuSiC,mert_l3,3,73,60_20_20_speaker_disjoint,True,full_minus_f0,mean_preserving,rms_mean;rms_std;duration_s;voiced_rate;energy_mean;energy_std,G->S,20,0.05,14,20,0.7,0.5,0.9,1.0,1.0,0.7015833333333333,0.9349999999999999,0.007177878168039144,0.010988195771851526,1.0,0.8266666666666665,1.0,0.00895927351361775,0.35,0.5879120879120879,0.010332136210880138,4
JVS_JVSMuSiC,mert_l3,3,73,60_20_20_speaker_disjoint,True,full_minus_energy,mean_preserving,logf0_mean;logf0_std;logf0_p05;logf0_p50;logf0_p95;logf0_range;duration_s;voiced_rate,S->G,20,0.05,10,20,0.5,0.3,0.7,0.75,1.0,0.4912102272727274,0.7967178030303029,0.004051053450525819,0.006141681193969275,0.9,0.6495454545454545,1.5,0.005125140083636482,0.15000000000000002,0.634065934065934,0.01410572594923376,6
JVS_JVSMuSiC,mert_l3,3,73,60_20_20_speaker_disjoint,True,full_minus_energy,mean_preserving,logf0_mean;logf0_std;logf0_p05;logf0_p50;logf0_p95;logf0_range;duration_s;voiced_rate,G->S,20,0.05,15,20,0.75,0.55,0.9012499999999989,0.85,1.0,0.7076923076923076,0.95,0.003851250843741149,0.006354825174362169,0.95,0.8413461538461539,1.0,0.005125140083636459,0.4,0.634065934065934,0.01410572594923376,6
JVS_JVSMuSiC,mert_l3,3,73,60_20_20_speaker_disjoint,True,full_minus_duration,mean_preserving,logf0_mean;logf0_std;logf0_p05;logf0_p50;logf0_p95;logf0_range;rms_mean;rms_std;voiced_rate;energy_mean;energy_std,S->G,20,0.05,10,20,0.5,0.3,0.7,0.75,1.0,0.5057708333333332,0.8108333333333333,0.0019328748818916888,0.007580725797845293,0.9,0.6675000000000001,1.5,0.005361484417964396,0.15000000000000002,0.8857142857142857,0.014287297943017752,8
JVS_JVSMuSiC,mert_l3,3,73,60_20_20_speaker_disjoint,True,full_minus_duration,mean_preserving,logf0_mean;logf0_std;logf0_p05;logf0_p50;logf0_p95;logf0_range;rms_mean;rms_std;voiced_rate;energy_mean;energy_std,G->S,20,0.05,13,20,0.65,0.4,0.85,0.85,1.0,0.617150641025641,0.8999999999999998,0.004079358444992969,0.006729046351200759,0.95,0.7638461538461538,1.0,0.005361484417964357,0.30000000000000004,0.8857142857142857,0.014287297943017752,8
JVS_JVSMuSiC,mert_l3,3,73,60_20_20_speaker_disjoint,True,full_minus_voicing,mean_preserving,logf0_mean;logf0_std;logf0_p05;logf0_p50;logf0_p95;logf0_range;rms_mean;rms_std;duration_s;energy_mean;energy_std,S->G,20,0.05,7,20,0.35,0.15,0.55,0.75,1.0,0.44245833333333334,0.7292708333333332,0.0015353645893324058,0.007250199063506882,0.9,0.5816666666666668,2.0,0.005064427804676236,0.0,0.5373626373626373,0.01673510784954535,9
JVS_JVSMuSiC,mert_l3,3,73,60_20_20_speaker_disjoint,True,full_minus_voicing,mean_preserving,logf0_mean;logf0_std;logf0_p05;logf0_p50;logf0_p95;logf0_range;rms_mean;rms_std;duration_s;energy_mean;energy_std,G->S,20,0.05,14,20,0.7,0.5,0.9,0.75,1.0,0.6514399038461539,0.925,0.0039235097168786506,0.006311598767633991,0.9,0.7950961538461538,1.0,0.005064427804676208,0.35,0.5373626373626373,0.01673510784954535,9
JVS_JVSMuSiC,mert_l3,3,73,60_20_20_speaker_disjoint,True,row_shuffled_nuisance,mean_preserving,logf0_mean;logf0_std;logf0_p05;logf0_p50;logf0_p95;logf0_range;rms_mean;rms_std;duration_s;voiced_rate;energy_mean;energy_std,S->G,20,0.05,6,20,0.3,0.1,0.5,0.45,0.85,0.33916666666666667,0.6345684523809524,0.006407441860672614,0.011867345088446954,0.65,0.48571428571428565,3.0,0.009061696944518699,-0.04999999999999999,1.0,-1.984579872704728e-05,9
JVS_JVSMuSiC,mert_l3,3,73,60_20_20_speaker_disjoint,True,row_shuffled_nuisance,mean_preserving,logf0_mean;logf0_std;logf0_p05;logf0_p50;logf0_p95;logf0_range;rms_mean;rms_std;duration_s;voiced_rate;energy_mean;energy_std,G->S,20,0.05,4,20,0.2,0.05,0.4,0.45,0.85,0.2612599206349206,0.5477123015873017,0.0065376686163633015,0.011491627151706159,0.65,0.39253968253968247,4.5,0.009061696944518716,-0.14999999999999997,1.0,-1.984579872704728e-05,9
JVS_JVSMuSiC,mert_l3,3,73,60_20_20_speaker_disjoint,True,random_gaussian_nuisance,mean_preserving,logf0_mean;logf0_std;logf0_p05;logf0_p50;logf0_p95;logf0_range;rms_mean;rms_std;duration_s;voiced_rate;energy_mean;energy_std,S->G,20,0.05,7,20,0.35,0.15,0.6,0.5,0.9,0.35013694638694637,0.6688508886946386,0.006580130963598375,0.011747029550173019,0.7,0.5088082750582751,3.0,0.009177423129953111,0.0,1.0,0.0005299106552156818,12
JVS_JVSMuSiC,mert_l3,3,73,60_20_20_speaker_disjoint,True,random_gaussian_nuisance,mean_preserving,logf0_mean;logf0_std;logf0_p05;logf0_p50;logf0_p95;logf0_range;rms_mean;rms_std;duration_s;voiced_rate;energy_mean;energy_std,G->S,20,0.05,5,20,0.25,0.1,0.45,0.45,0.85,0.2984257305194805,0.583938041125541,0.007376829499082573,0.011277601903613398,0.65,0.4380573593073594,3.0,0.009177423129953132,-0.09999999999999998,1.0,0.0005299106552156818,12
JVS_JVSMuSiC,mert_l3,3,73,60_20_20_speaker_disjoint,True,random_low_rank_projection,mean_preserving,random_dir_0;random_dir_1;random_dir_2;random_dir_3;random_dir_4;random_dir_5;random_dir_6;random_dir_7;random_dir_8;random_dir_9;random_dir_10;random_dir_11,S->G,20,0.05,7,20,0.35,0.15,0.55,0.65,0.95,0.3388333333333333,0.6618650793650793,0.007226706391776485,0.011833943827781227,0.8,0.49418650793650787,3.0,0.009462339111769769,0.0,1.0,0.0002462141156494013,12
JVS_JVSMuSiC,mert_l3,3,73,60_20_20_speaker_disjoint,True,random_low_rank_projection,mean_preserving,random_dir_0;random_dir_1;random_dir_2;random_dir_3;random_dir_4;random_dir_5;random_dir_6;random_dir_7;random_dir_8;random_dir_9;random_dir_10;random_dir_11,G->S,20,0.05,7,20,0.35,0.15,0.55,0.6,0.95,0.3803883928571429,0.6900684523809524,0.007648933768812814,0.011264763488336525,0.8,0.5388095238095238,2.5,0.009462339111769757,0.0,1.0,0.0002462141156494013,12
JVS_JVSMuSiC,mert_l3,3,79,60_20_20_speaker_disjoint,True,raw,raw,,S->G,20,0.05,9,20,0.45,0.25,0.65,0.65,0.95,0.41117126623376626,0.7645454545454544,0.008844078024768767,0.015166612990139817,0.8,0.5906168831168831,2.0,0.012080605472065298,0.0,1.0,0.0,0
JVS_JVSMuSiC,mert_l3,3,79,60_20_20_speaker_disjoint,True,raw,raw,,G->S,20,0.05,10,20,0.5,0.25,0.75,0.65,1.0,0.47172470238095227,0.8000119047619048,0.0098367053798282,0.014245026866274204,0.85,0.6375595238095239,1.5,0.01208060547206532,0.0,1.0,0.0,0
JVS_JVSMuSiC,mert_l3,3,79,60_20_20_speaker_disjoint,True,center_only_classic,classic,,S->G,20,0.05,13,20,0.65,0.45,0.85,1.0,1.0,0.6632916666666666,0.9166666666666666,0.3337208108251477,0.4299880052769006,1.0,0.8016666666666665,1.0,0.37882807027891247,0.2,1.0,0.9616082548208168,0
JVS_JVSMuSiC,mert_l3,3,79,60_20_20_speaker_disjoint,True,center_only_classic,classic,,G->S,20,0.05,11,20,0.55,0.35,0.75,0.85,1.0,0.5647589285714286,0.8542410714285713,0.33569932584237455,0.4255081573866373,0.95,0.7088095238095238,1.0,0.3788280702789125,0.050000000000000044,1.0,0.9616082548208168,0
JVS_JVSMuSiC,mert_l3,3,79,60_20_20_speaker_disjoint,True,mode_dummy_only,mean_preserving,mode_dummy,S->G,20,0.05,17,20,0.85,0.7,1.0,0.85,1.0,0.7571428571428572,1.0,0.010683212800510948,0.013464881475317783,0.95,0.8904761904761903,1.0,0.01213553822401497,0.39999999999999997,0.5156976744186047,0.007122793192332444,1
JVS_JVSMuSiC,mert_l3,3,79,60_20_20_speaker_disjoint,True,mode_dummy_only,mean_preserving,mode_dummy,G->S,20,0.05,17,20,0.85,0.65,1.0,0.85,1.0,0.761904761904762,1.0,0.010636657688700372,0.013814785385745227,0.95,0.8904761904761903,1.0,0.01213553822401498,0.35,0.5156976744186047,0.007122793192332444,1
JVS_JVSMuSiC,mert_l3,3,79,60_20_20_speaker_disjoint,True,mode_dummy_only,classic,mode_dummy,S->G,20,0.05,17,20,0.85,0.7,1.0,1.0,1.0,0.8166666666666668,1.0,0.4664158010316383,0.5678395201385898,1.0,0.9166666666666666,1.0,0.5157227679657703,0.39999999999999997,0.5156976744186047,0.9687301411144037,1
JVS_JVSMuSiC,mert_l3,3,79,60_20_20_speaker_disjoint,True,mode_dummy_only,classic,mode_dummy,G->S,20,0.05,17,20,0.85,0.65,1.0,0.85,1.0,0.7880952380952381,1.0,0.4574802067940693,0.5768330968118387,0.95,0.8988095238095237,1.0,0.5157227679657701,0.35,0.5156976744186047,0.9687301411144037,1
JVS_JVSMuSiC,mert_l3,3,79,60_20_20_speaker_disjoint,True,acoustic_full_no_mode,mean_preserving,logf0_mean;logf0_std;logf0_p05;logf0_p50;logf0_p95;logf0_range;rms_mean;rms_std;duration_s;voiced_rate;energy_mean;energy_std,S->G,20,0.05,14,20,0.7,0.5,0.9,0.75,1.0,0.6299791666666666,0.9251041666666666,0.004940808322850802,0.007251308059372482,0.9,0.7772222222222221,1.0,0.006093568399364957,0.24999999999999994,0.5145348837209303,0.015950490492754432,9
JVS_JVSMuSiC,mert_l3,3,79,60_20_20_speaker_disjoint,True,acoustic_full_no_mode,mean_preserving,logf0_mean;logf0_std;logf0_p05;logf0_p50;logf0_p95;logf0_range;rms_mean;rms_std;duration_s;voiced_rate;energy_mean;energy_std,G->S,20,0.05,17,20,0.85,0.65,1.0,0.75,1.0,0.7097222222222223,1.0,0.00459028370159107,0.007267537679143528,0.9,0.8736111111111112,1.0,0.006093568399364996,0.35,0.5145348837209303,0.015950490492754432,9
JVS_JVSMuSiC,mert_l3,3,79,60_20_20_speaker_disjoint,True,acoustic_full_no_mode,classic,logf0_mean;logf0_std;logf0_p05;logf0_p50;logf0_p95;logf0_range;rms_mean;rms_std;duration_s;voiced_rate;energy_mean;energy_std,S->G,20,0.05,18,20,0.9,0.75,1.0,0.85,1.0,0.8166666666666668,1.0,0.31106544299413286,0.4284799499629428,0.95,0.9305555555555556,1.0,0.37262166509815564,0.45,0.5145348837209303,0.9772348690600734,9
JVS_JVSMuSiC,mert_l3,3,79,60_20_20_speaker_disjoint,True,acoustic_full_no_mode,classic,logf0_mean;logf0_std;logf0_p05;logf0_p50;logf0_p95;logf0_range;rms_mean;rms_std;duration_s;voiced_rate;energy_mean;energy_std,G->S,20,0.05,16,20,0.8,0.6,0.95,0.85,1.0,0.7542613636363636,0.975,0.3125430659983049,0.42216546344907147,0.95,0.8795454545454545,1.0,0.37262166509815553,0.30000000000000004,0.5145348837209303,0.9772348690600734,9
JVS_JVSMuSiC,mert_l3,3,79,60_20_20_speaker_disjoint,True,acoustic_full_plus_mode,mean_preserving,logf0_mean;logf0_std;logf0_p05;logf0_p50;logf0_p95;logf0_range;rms_mean;rms_std;duration_s;voiced_rate;energy_mean;energy_std;mode_dummy,S->G,20,0.05,14,20,0.7,0.5,0.9,0.75,1.0,0.6021805555555555,0.9216666666666666,0.004783179645067266,0.007291516251412666,0.9,0.7705555555555554,1.0,0.006047673295604678,0.24999999999999994,0.4232558139534884,0.016337424635502695,10
JVS_JVSMuSiC,mert_l3,3,79,60_20_20_speaker_disjoint,True,acoustic_full_plus_mode,mean_preserving,logf0_mean;logf0_std;logf0_p05;logf0_p50;logf0_p95;logf0_range;rms_mean;rms_std;duration_s;voiced_rate;energy_mean;energy_std;mode_dummy,G->S,20,0.05,17,20,0.85,0.7,1.0,0.75,1.0,0.7145052083333333,1.0,0.00465354327540996,0.007080752712809523,0.9,0.8739583333333334,1.0,0.006047673295604716,0.35,0.4232558139534884,0.016337424635502695,10
JVS_JVSMuSiC,mert_l3,3,79,60_20_20_speaker_disjoint,True,acoustic_full_plus_mode,classic,logf0_mean;logf0_std;logf0_p05;logf0_p50;logf0_p95;logf0_range;rms_mean;rms_std;duration_s;voiced_rate;energy_mean;energy_std;mode_dummy,S->G,20,0.05,18,20,0.9,0.75,1.0,1.0,1.0,0.82,1.0,0.31126150077376763,0.4237964992215434,1.0,0.9266666666666665,1.0,0.3704401457353886,0.45,0.4232558139534884,0.9776046172602635,10
JVS_JVSMuSiC,mert_l3,3,79,60_20_20_speaker_disjoint,True,acoustic_full_plus_mode,classic,logf0_mean;logf0_std;logf0_p05;logf0_p50;logf0_p95;logf0_range;rms_mean;rms_std;duration_s;voiced_rate;energy_mean;energy_std;mode_dummy,G->S,20,0.05,16,20,0.8,0.6,0.95,0.85,1.0,0.7472222222222222,0.975,0.31535078160623764,0.41907633313049847,0.95,0.8805555555555555,1.0,0.3704401457353885,0.30000000000000004,0.4232558139534884,0.9776046172602635,10
JVS_JVSMuSiC,mert_l3,3,79,60_20_20_speaker_disjoint,True,single_group_f0,mean_preserving,logf0_mean;logf0_std;logf0_p05;logf0_p50;logf0_p95;logf0_range,S->G,20,0.05,4,20,0.2,0.05,0.4,0.3,0.7,0.20192185245310243,0.5138084415584414,0.003173455281130809,0.00974504306202766,0.5,0.3484361471861472,5.5,0.0066447090518930215,-0.25,1.0,0.0065776444560738945,5
JVS_JVSMuSiC,mert_l3,3,79,60_20_20_speaker_disjoint,True,single_group_f0,mean_preserving,logf0_mean;logf0_std;logf0_p05;logf0_p50;logf0_p95;logf0_range,G->S,20,0.05,7,20,0.35,0.15,0.55,0.6,0.95,0.34115624999999994,0.6647235576923077,0.003729960862601261,0.009094895008469104,0.8,0.5009294871794872,3.0,0.006644709051893039,-0.15000000000000002,1.0,0.0065776444560738945,5
JVS_JVSMuSiC,mert_l3,3,79,60_20_20_speaker_disjoint,True,single_group_energy,mean_preserving,rms_mean;rms_std;energy_mean;energy_std,S->G,20,0.05,12,20,0.6,0.35,0.8,1.0,1.0,0.6332291666666666,0.8833333333333332,0.010199851334907072,0.013525238719461952,1.0,0.7625,1.0,0.01166339509748785,0.14999999999999997,0.8465116279069768,0.007991892519865207,3
JVS_JVSMuSiC,mert_l3,3,79,60_20_20_speaker_disjoint,True,single_group_energy,mean_preserving,rms_mean;rms_std;energy_mean;energy_std,G->S,20,0.05,17,20,0.85,0.7,1.0,0.85,1.0,0.7599583333333333,1.0,0.009805691619443118,0.013896113024338366,0.95,0.885,1.0,0.011663395097487827,0.35,0.8465116279069768,0.007991892519865207,3
JVS_JVSMuSiC,mert_l3,3,79,60_20_20_speaker_disjoint,True,single_group_duration,mean_preserving,duration_s,S->G,20,0.05,18,20,0.9,0.75,1.0,0.85,1.0,0.825,1.0,0.011107371920201477,0.013785187813699359,0.95,0.9333333333333333,1.0,0.012410599560113273,0.45,0.5744186046511628,0.006656975420909594,1
JVS_JVSMuSiC,mert_l3,3,79,60_20_20_speaker_disjoint,True,single_group_duration,mean_preserving,duration_s,G->S,20,0.05,17,20,0.85,0.7,1.0,0.75,1.0,0.7604166666666667,1.0,0.010931131147557066,0.014151657695376975,0.9,0.8895833333333334,1.0,0.01241059956011325,0.35,0.5744186046511628,0.006656975420909594,1
JVS_JVSMuSiC,mert_l3,3,79,60_20_20_speaker_disjoint,True,single_group_voicing,mean_preserving,voiced_rate,S->G,20,0.05,9,20,0.45,0.25,0.65,0.6,0.95,0.41577353896103897,0.7700624999999999,0.00877053640537388,0.015089887805535716,0.8,0.5906168831168831,2.0,0.012080605472065298,0.0,1.0,0.0,0
JVS_JVSMuSiC,mert_l3,3,79,60_20_20_speaker_disjoint,True,single_group_voicing,mean_preserving,voiced_rate,G->S,20,0.05,10,20,0.5,0.3,0.7,0.69875,1.0,0.47136607142857145,0.7850327380952381,0.009725111476048357,0.01439569683782456,0.85,0.6375595238095239,1.5,0.01208060547206532,0.0,1.0,0.0,0
JVS_JVSMuSiC,mert_l3,3,79,60_20_20_speaker_disjoint,True,full_minus_f0,mean_preserving,rms_mean;rms_std;duration_s;voiced_rate;energy_mean;energy_std,S->G,20,0.05,14,20,0.7,0.5,0.9,0.85,1.0,0.7,0.9333333333333333,0.009948192567914006,0.012752574776246616,0.95,0.825,1.0,0.011350446874058135,0.24999999999999994,0.5494186046511628,0.010085307917705011,4
JVS_JVSMuSiC,mert_l3,3,79,60_20_20_speaker_disjoint,True,full_minus_f0,mean_preserving,rms_mean;rms_std;duration_s;voiced_rate;energy_mean;energy_std,G->S,20,0.05,18,20,0.9,0.75,1.0,0.75,1.0,0.7916666666666667,1.0,0.00975026082087538,0.01306215549900735,0.9,0.9166666666666667,1.0,0.01135044687405815,0.4,0.5494186046511628,0.010085307917705011,4
JVS_JVSMuSiC,mert_l3,3,79,60_20_20_speaker_disjoint,True,full_minus_energy,mean_preserving,logf0_mean;logf0_std;logf0_p05;logf0_p50;logf0_p95;logf0_range;duration_s;voiced_rate,S->G,20,0.05,15,20,0.75,0.55,0.9,0.75,1.0,0.6457142857142857,0.9333333333333332,0.005352633686236741,0.008030196319055402,0.9,0.8076190476190476,1.0,0.006756224400849326,0.3,0.5802325581395349,0.013227275400848004,6
JVS_JVSMuSiC,mert_l3,3,79,60_20_20_speaker_disjoint,True,full_minus_energy,mean_preserving,logf0_mean;logf0_std;logf0_p05;logf0_p50;logf0_p95;logf0_range;duration_s;voiced_rate,G->S,20,0.05,15,20,0.75,0.55,0.9,0.69875,1.0,0.6306646825396826,0.9333333333333332,0.004792550097254424,0.008200738388915656,0.85,0.8057539682539682,1.0,0.0067562244008493085,0.25,0.5802325581395349,0.013227275400848004,6
JVS_JVSMuSiC,mert_l3,3,79,60_20_20_speaker_disjoint,True,full_minus_duration,mean_preserving,logf0_mean;logf0_std;logf0_p05;logf0_p50;logf0_p95;logf0_range;rms_mean;rms_std;voiced_rate;energy_mean;energy_std,S->G,20,0.05,13,20,0.65,0.45,0.85,0.75,1.0,0.5813819444444445,0.8905833333333333,0.004869424840246052,0.007968953365570937,0.9,0.746388888888889,1.0,0.006357942738322542,0.2,0.8563953488372092,0.013902471225129776,8
JVS_JVSMuSiC,mert_l3,3,79,60_20_20_speaker_disjoint,True,full_minus_duration,mean_preserving,logf0_mean;logf0_std;logf0_p05;logf0_p50;logf0_p95;logf0_range;rms_mean;rms_std;voiced_rate;energy_mean;energy_std,G->S,20,0.05,16,20,0.8,0.6,0.95,0.75,1.0,0.6811813725490194,0.96,0.004852088014034801,0.007714776820567383,0.9,0.8462745098039216,1.0,0.0063579427383225915,0.30000000000000004,0.8563953488372092,0.013902471225129776,8
JVS_JVSMuSiC,mert_l3,3,79,60_20_20_speaker_disjoint,True,full_minus_voicing,mean_preserving,logf0_mean;logf0_std;logf0_p05;logf0_p50;logf0_p95;logf0_range;rms_mean;rms_std;duration_s;energy_mean;energy_std,S->G,20,0.05,14,20,0.7,0.5,0.9,0.75,1.0,0.6005486111111111,0.9251041666666666,0.004718439944596732,0.007352452632477416,0.9,0.7772222222222221,1.0,0.006093568399364901,0.24999999999999994,0.5145348837209303,0.015950490492753877,9
JVS_JVSMuSiC,mert_l3,3,79,60_20_20_speaker_disjoint,True,full_minus_voicing,mean_preserving,logf0_mean;logf0_std;logf0_p05;logf0_p50;logf0_p95;logf0_range;rms_mean;rms_std;duration_s;energy_mean;energy_std,G->S,20,0.05,17,20,0.85,0.7,1.0,0.75,1.0,0.7375,1.0,0.004671276600711751,0.0072737759502211315,0.9,0.8736111111111112,1.0,0.006093568399364924,0.35,0.5145348837209303,0.015950490492753877,9
JVS_JVSMuSiC,mert_l3,3,79,60_20_20_speaker_disjoint,True,row_shuffled_nuisance,mean_preserving,logf0_mean;logf0_std;logf0_p05;logf0_p50;logf0_p95;logf0_range;rms_mean;rms_std;duration_s;voiced_rate;energy_mean;energy_std,S->G,20,0.05,8,20,0.4,0.2,0.6,0.55,0.9012499999999989,0.36219994588744586,0.7128977272727273,0.00894629800240924,0.015885966395638846,0.75,0.5355411255411255,3.0,0.01231988805826908,-0.04999999999999999,0.9994186046511628,-0.00014158402816089044,9
JVS_JVSMuSiC,mert_l3,3,79,60_20_20_speaker_disjoint,True,row_shuffled_nuisance,mean_preserving,logf0_mean;logf0_std;logf0_p05;logf0_p50;logf0_p95;logf0_range;rms_mean;rms_std;duration_s;voiced_rate;energy_mean;energy_std,G->S,20,0.05,6,20,0.3,0.1,0.5,0.6,0.95,0.3692440476190476,0.660875,0.010007379944172543,0.01487476731636877,0.8,0.5138095238095237,2.5,0.01231988805826904,-0.2,0.9994186046511628,-0.00014158402816089044,9
JVS_JVSMuSiC,mert_l3,3,79,60_20_20_speaker_disjoint,True,random_gaussian_nuisance,mean_preserving,logf0_mean;logf0_std;logf0_p05;logf0_p50;logf0_p95;logf0_range;rms_mean;rms_std;duration_s;voiced_rate;energy_mean;energy_std,S->G,20,0.05,6,20,0.3,0.1,0.5,0.5,0.9,0.3186704545454545,0.6279318181818181,0.008952185962324884,0.015484107190814484,0.7,0.4753787878787879,3.5,0.011977715607418199,-0.15000000000000002,1.0,0.0003393302306985424,12
JVS_JVSMuSiC,mert_l3,3,79,60_20_20_speaker_disjoint,True,random_gaussian_nuisance,mean_preserving,logf0_mean;logf0_std;logf0_p05;logf0_p50;logf0_p95;logf0_range;rms_mean;rms_std;duration_s;voiced_rate;energy_mean;energy_std,G->S,20,0.05,9,20,0.45,0.25,0.65,0.65,1.0,0.45353472222222224,0.7711458333333333,0.009702946546840655,0.014425564126795687,0.85,0.6193055555555556,2.0,0.011977715607418232,-0.04999999999999999,1.0,0.0003393302306985424,12
JVS_JVSMuSiC,mert_l3,3,79,60_20_20_speaker_disjoint,True,random_low_rank_projection,mean_preserving,random_dir_0;random_dir_1;random_dir_2;random_dir_3;random_dir_4;random_dir_5;random_dir_6;random_dir_7;random_dir_8;random_dir_9;random_dir_10;random_dir_11,S->G,20,0.05,9,20,0.45,0.25,0.65,0.6,0.95,0.42836756993006986,0.7625624999999999,0.008786871959618007,0.01511968712742921,0.8,0.5908916083916084,2.0,0.012001053798594752,0.0,1.0,0.0001999389181461808,12
JVS_JVSMuSiC,mert_l3,3,79,60_20_20_speaker_disjoint,True,random_low_rank_projection,mean_preserving,random_dir_0;random_dir_1;random_dir_2;random_dir_3;random_dir_4;random_dir_5;random_dir_6;random_dir_7;random_dir_8;random_dir_9;random_dir_10;random_dir_11,G->S,20,0.05,10,20,0.5,0.3,0.7,0.7,1.0,0.4808065476190476,0.8029955357142857,0.00966731641758118,0.014338670887654354,0.85,0.6375595238095239,1.5,0.01200105379859478,0.0,1.0,0.0001999389181461808,12
JVS_JVSMuSiC,mert_l3,3,83,60_20_20_speaker_disjoint,True,raw,raw,,S->G,20,0.05,8,20,0.4,0.2,0.6,0.5,0.9,0.3772321428571429,0.7276711309523809,0.008438325595851942,0.015118632364352208,0.7,0.5526190476190476,2.0,0.011807929705657416,0.0,1.0,0.0,0
JVS_JVSMuSiC,mert_l3,3,83,60_20_20_speaker_disjoint,True,raw,raw,,G->S,20,0.05,9,20,0.45,0.25,0.65,0.4,0.8,0.36611733058608054,0.7341906478937728,0.00769413770200941,0.015503249702115567,0.6,0.5629601648351648,2.0,0.011807929705657439,0.0,1.0,0.0,0
JVS_JVSMuSiC,mert_l3,3,83,60_20_20_speaker_disjoint,True,center_only_classic,classic,,S->G,20,0.05,14,20,0.7,0.5,0.9,1.0,1.0,0.645,0.9225,0.3296734923843882,0.45039933162210305,1.0,0.7825,1.0,0.3908298374142949,0.29999999999999993,1.0,0.9616364334839085,0
JVS_JVSMuSiC,mert_l3,3,83,60_20_20_speaker_disjoint,True,center_only_classic,classic,,G->S,20,0.05,10,20,0.5,0.3,0.75,0.6,0.95,0.4337519841269842,0.7910714285714284,0.2982478478829572,0.4860320211186659,0.8,0.608174603174603,2.0,0.39082983741429483,0.04999999999999999,1.0,0.9616364334839085,0
JVS_JVSMuSiC,mert_l3,3,83,60_20_20_speaker_disjoint,True,mode_dummy_only,mean_preserving,mode_dummy,S->G,20,0.05,14,20,0.7,0.5,0.85,1.0,1.0,0.672375,0.925,0.010041344294879028,0.013669871718048567,1.0,0.8141666666666666,1.0,0.011835124723880763,0.29999999999999993,0.4647058823529412,0.0071329944807821954,1
JVS_JVSMuSiC,mert_l3,3,83,60_20_20_speaker_disjoint,True,mode_dummy_only,mean_preserving,mode_dummy,G->S,20,0.05,15,20,0.75,0.55,0.9,0.85,1.0,0.6582708333333334,0.9291666666666666,0.010299973462653818,0.013268910367219664,0.95,0.8099999999999999,1.0,0.011835124723880774,0.3,0.4647058823529412,0.0071329944807821954,1
JVS_JVSMuSiC,mert_l3,3,83,60_20_20_speaker_disjoint,True,mode_dummy_only,classic,mode_dummy,S->G,20,0.05,15,20,0.75,0.55,0.9,0.85,1.0,0.6708333333333334,0.9376041666666666,0.4620304265932389,0.5783360124893764,0.95,0.8291666666666666,1.0,0.5233908965710384,0.35,0.4647058823529412,0.9687575097254147,1
JVS_JVSMuSiC,mert_l3,3,83,60_20_20_speaker_disjoint,True,mode_dummy_only,classic,mode_dummy,G->S,20,0.05,13,20,0.65,0.45,0.85,1.0,1.0,0.6583333333333333,0.9125,0.4601433536521833,0.5821879642205848,1.0,0.7916666666666667,1.0,0.5233908965710384,0.2,0.4647058823529412,0.9687575097254147,1
JVS_JVSMuSiC,mert_l3,3,83,60_20_20_speaker_disjoint,True,acoustic_full_no_mode,mean_preserving,logf0_mean;logf0_std;logf0_p05;logf0_p50;logf0_p95;logf0_range;rms_mean;rms_std;duration_s;voiced_rate;energy_mean;energy_std,S->G,20,0.05,11,20,0.55,0.35,0.75,0.5,0.9,0.4217537878787878,0.80003125,0.003345942982064398,0.007890379295571409,0.7,0.6188510101010101,1.0,0.005797925769940426,0.15000000000000002,0.6605882352941177,0.015699297725044303,9
JVS_JVSMuSiC,mert_l3,3,83,60_20_20_speaker_disjoint,True,acoustic_full_no_mode,mean_preserving,logf0_mean;logf0_std;logf0_p05;logf0_p50;logf0_p95;logf0_range;rms_mean;rms_std;duration_s;voiced_rate;energy_mean;energy_std,G->S,20,0.05,14,20,0.7,0.5,0.9,0.65,1.0,0.609325311942959,0.9154509803921568,0.004074836778116592,0.007319394939504079,0.85,0.7733199643493761,1.0,0.005797925769940487,0.24999999999999994,0.6605882352941177,0.015699297725044303,9
JVS_JVSMuSiC,mert_l3,3,83,60_20_20_speaker_disjoint,True,acoustic_full_no_mode,classic,logf0_mean;logf0_std;logf0_p05;logf0_p50;logf0_p95;logf0_range;rms_mean;rms_std;duration_s;voiced_rate;energy_mean;energy_std,S->G,20,0.05,15,20,0.75,0.55,0.9,0.85,1.0,0.6699791666666667,0.9541666666666666,0.2627074082289277,0.40913549577012986,0.95,0.8225,1.0,0.33675759816090356,0.35,0.6605882352941177,0.9771174340247253,9
JVS_JVSMuSiC,mert_l3,3,83,60_20_20_speaker_disjoint,True,acoustic_full_no_mode,classic,logf0_mean;logf0_std;logf0_p05;logf0_p50;logf0_p95;logf0_range;rms_mean;rms_std;duration_s;voiced_rate;energy_mean;energy_std,G->S,20,0.05,14,20,0.7,0.5,0.9,0.65,1.0,0.6428035714285715,0.9300535714285715,0.26534970158126503,0.40751571728889874,0.85,0.7942857142857143,1.0,0.33675759816090356,0.24999999999999994,0.6605882352941177,0.9771174340247253,9
JVS_JVSMuSiC,mert_l3,3,83,60_20_20_speaker_disjoint,True,acoustic_full_plus_mode,mean_preserving,logf0_mean;logf0_std;logf0_p05;logf0_p50;logf0_p95;logf0_range;rms_mean;rms_std;duration_s;voiced_rate;energy_mean;energy_std;mode_dummy,S->G,20,0.05,12,20,0.6,0.3987500000000001,0.8,0.5,0.9,0.4696577380952381,0.8275803571428573,0.003514084413816398,0.007809474434950115,0.7,0.6500595238095237,1.0,0.005913615411950346,0.19999999999999996,0.47705882352941176,0.016084651876777878,10
JVS_JVSMuSiC,mert_l3,3,83,60_20_20_speaker_disjoint,True,acoustic_full_plus_mode,mean_preserving,logf0_mean;logf0_std;logf0_p05;logf0_p50;logf0_p95;logf0_range;rms_mean;rms_std;duration_s;voiced_rate;energy_mean;energy_std;mode_dummy,G->S,20,0.05,15,20,0.75,0.55,0.95,0.65,1.0,0.6224491978609626,0.9333333333333332,0.004247686143335035,0.007432805664314839,0.85,0.7941532976827095,1.0,0.005913615411950385,0.3,0.47705882352941176,0.016084651876777878,10
JVS_JVSMuSiC,mert_l3,3,83,60_20_20_speaker_disjoint,True,acoustic_full_plus_mode,classic,logf0_mean;logf0_std;logf0_p05;logf0_p50;logf0_p95;logf0_range;rms_mean;rms_std;duration_s;voiced_rate;energy_mean;energy_std;mode_dummy,S->G,20,0.05,15,20,0.75,0.55,0.95,0.75,1.0,0.6558333333333334,0.9333333333333332,0.2713963399700061,0.42215190626903426,0.9,0.8091666666666668,1.0,0.3459876480188337,0.35,0.47705882352941176,0.9774941176355063,10
JVS_JVSMuSiC,mert_l3,3,83,60_20_20_speaker_disjoint,True,acoustic_full_plus_mode,classic,logf0_mean;logf0_std;logf0_p05;logf0_p50;logf0_p95;logf0_range;rms_mean;rms_std;duration_s;voiced_rate;energy_mean;energy_std;mode_dummy,G->S,20,0.05,14,20,0.7,0.5,0.9,0.7,1.0,0.6439285714285714,0.9166666666666666,0.27861664247955226,0.41358053277093465,0.85,0.7892857142857141,1.0,0.3459876480188337,0.24999999999999994,0.47705882352941176,0.9774941176355063,10
JVS_JVSMuSiC,mert_l3,3,83,60_20_20_speaker_disjoint,True,single_group_f0,mean_preserving,logf0_mean;logf0_std;logf0_p05;logf0_p50;logf0_p95;logf0_range,S->G,20,0.05,6,20,0.3,0.1,0.5,0.2,0.6,0.24950878318984934,0.5921335114028129,0.0025525073663331217,0.009861117071553165,0.4,0.41481492771933953,6.5,0.006268962585234417,-0.10000000000000003,1.0,0.006273012322321914,5
JVS_JVSMuSiC,mert_l3,3,83,60_20_20_speaker_disjoint,True,single_group_f0,mean_preserving,logf0_mean;logf0_std;logf0_p05;logf0_p50;logf0_p95;logf0_range,G->S,20,0.05,8,20,0.4,0.2,0.6,0.45,0.85,0.345077230335454,0.6983928571428571,0.0024013497475794624,0.009967432044050244,0.65,0.5161801137459032,3.0,0.006268962585234461,-0.04999999999999999,1.0,0.006273012322321914,5
JVS_JVSMuSiC,mert_l3,3,83,60_20_20_speaker_disjoint,True,single_group_energy,mean_preserving,rms_mean;rms_std;energy_mean;energy_std,S->G,20,0.05,10,20,0.5,0.3,0.7,0.55,0.95,0.43273809523809526,0.7784821428571429,0.00802333646953677,0.015683158389752934,0.75,0.6097023809523809,1.5,0.012079383237366492,0.09999999999999998,0.8494117647058823,0.007958053826898848,3
JVS_JVSMuSiC,mert_l3,3,83,60_20_20_speaker_disjoint,True,single_group_energy,mean_preserving,rms_mean;rms_std;energy_mean;energy_std,G->S,20,0.05,15,20,0.75,0.55,0.9012499999999989,0.85,1.0,0.6999479166666667,0.95625,0.01060966136247853,0.013809760838197002,0.95,0.8354166666666666,1.0,0.012079383237366537,0.3,0.8494117647058823,0.007958053826898848,3
JVS_JVSMuSiC,mert_l3,3,83,60_20_20_speaker_disjoint,True,single_group_duration,mean_preserving,duration_s,S->G,20,0.05,13,20,0.65,0.45,0.85,1.0,1.0,0.6574791666666666,0.9099999999999999,0.010527931682996889,0.013990943839439522,1.0,0.7891666666666666,1.0,0.012264289133642442,0.25,0.62,0.006679025512212888,1
JVS_JVSMuSiC,mert_l3,3,83,60_20_20_speaker_disjoint,True,single_group_duration,mean_preserving,duration_s,G->S,20,0.05,15,20,0.75,0.55,0.9,0.85,1.0,0.6458124999999999,0.9583333333333334,0.010642183494315186,0.013810884296458806,0.95,0.8033333333333333,1.0,0.012264289133642465,0.3,0.62,0.006679025512212888,1
JVS_JVSMuSiC,mert_l3,3,83,60_20_20_speaker_disjoint,True,single_group_voicing,mean_preserving,voiced_rate,S->G,20,0.05,8,20,0.4,0.2,0.65,0.5,0.9,0.3910386904761905,0.7188675595238095,0.008604556992202275,0.015033123360166517,0.7,0.5526190476190476,2.0,0.011807929705657416,0.0,1.0,0.0,0
JVS_JVSMuSiC,mert_l3,3,83,60_20_20_speaker_disjoint,True,single_group_voicing,mean_preserving,voiced_rate,G->S,20,0.05,9,20,0.45,0.25,0.65,0.4,0.8,0.38734964514652015,0.7458206845238093,0.007904484243748271,0.015630754595708132,0.6,0.5629601648351648,2.0,0.011807929705657439,0.0,1.0,0.0,0
JVS_JVSMuSiC,mert_l3,3,83,60_20_20_speaker_disjoint,True,full_minus_f0,mean_preserving,rms_mean;rms_std;duration_s;voiced_rate;energy_mean;energy_std,S->G,20,0.05,11,20,0.55,0.35,0.75,0.7,1.0,0.5042842261904761,0.8216785714285714,0.0077183058172753905,0.01403612293760845,0.85,0.6650595238095237,1.0,0.011206343541081914,0.15000000000000002,0.6282352941176471,0.009826043702737763,4
JVS_JVSMuSiC,mert_l3,3,83,60_20_20_speaker_disjoint,True,full_minus_f0,mean_preserving,rms_mean;rms_std;duration_s;voiced_rate;energy_mean;energy_std,G->S,20,0.05,16,20,0.8,0.6,0.95,0.75,1.0,0.6619305555555556,0.9625,0.009470157017877191,0.013016476518756096,0.9,0.8397222222222223,1.0,0.011206343541081937,0.35000000000000003,0.6282352941176471,0.009826043702737763,4
JVS_JVSMuSiC,mert_l3,3,83,60_20_20_speaker_disjoint,True,full_minus_energy,mean_preserving,logf0_mean;logf0_std;logf0_p05;logf0_p50;logf0_p95;logf0_range;duration_s;voiced_rate,S->G,20,0.05,10,20,0.5,0.3,0.7,0.55,0.9,0.4711345598845597,0.8117597402597401,0.004863645386206639,0.00813366163665802,0.75,0.6373448773448774,1.5,0.006505325865577688,0.09999999999999998,0.6111764705882353,0.012933754050941215,6
JVS_JVSMuSiC,mert_l3,3,83,60_20_20_speaker_disjoint,True,full_minus_energy,mean_preserving,logf0_mean;logf0_std;logf0_p05;logf0_p50;logf0_p95;logf0_range;duration_s;voiced_rate,G->S,20,0.05,15,20,0.75,0.55,0.95,0.6,0.95,0.5930115546218486,0.9535714285714285,0.004606739363661991,0.008325231444832866,0.8,0.7786554621848739,1.0,0.006505325865577644,0.3,0.6111764705882353,0.012933754050941215,6
JVS_JVSMuSiC,mert_l3,3,83,60_20_20_speaker_disjoint,True,full_minus_duration,mean_preserving,logf0_mean;logf0_std;logf0_p05;logf0_p50;logf0_p95;logf0_range;rms_mean;rms_std;voiced_rate;energy_mean;energy_std,S->G,20,0.05,8,20,0.4,0.2,0.65,0.4,0.8,0.34111378205128207,0.7108461538461538,0.003349944408553099,0.00953229255648304,0.6,0.5176923076923077,3.0,0.006590232242269095,0.0,0.8547058823529412,0.013679964216572693,8
JVS_JVSMuSiC,mert_l3,3,83,60_20_20_speaker_disjoint,True,full_minus_duration,mean_preserving,logf0_mean;logf0_std;logf0_p05;logf0_p50;logf0_p95;logf0_range;rms_mean;rms_std;voiced_rate;energy_mean;energy_std,G->S,20,0.05,13,20,0.65,0.45,0.85,0.7,1.0,0.5696170112781954,0.8847979323308269,0.004637147722225623,0.00851140559949494,0.85,0.7341791979949874,1.0,0.006590232242269062,0.2,0.8547058823529412,0.013679964216572693,8
JVS_JVSMuSiC,mert_l3,3,83,60_20_20_speaker_disjoint,True,full_minus_voicing,mean_preserving,logf0_mean;logf0_std;logf0_p05;logf0_p50;logf0_p95;logf0_range;rms_mean;rms_std;duration_s;energy_mean;energy_std,S->G,20,0.05,11,20,0.55,0.35,0.75,0.5,0.9,0.4233626893939395,0.7904005681818181,0.0037182016671758883,0.007719386491314966,0.7,0.6188510101010101,1.0,0.005797925769940371,0.15000000000000002,0.6605882352941177,0.015699297725043748,9
JVS_JVSMuSiC,mert_l3,3,83,60_20_20_speaker_disjoint,True,full_minus_voicing,mean_preserving,logf0_mean;logf0_std;logf0_p05;logf0_p50;logf0_p95;logf0_range;rms_mean;rms_std;duration_s;energy_mean;energy_std,G->S,20,0.05,14,20,0.7,0.5,0.9,0.65,1.0,0.6148270944741533,0.9283636363636364,0.004026441869000798,0.007373904433985436,0.85,0.7733199643493761,1.0,0.005797925769940382,0.24999999999999994,0.6605882352941177,0.015699297725043748,9
JVS_JVSMuSiC,mert_l3,3,83,60_20_20_speaker_disjoint,True,row_shuffled_nuisance,mean_preserving,logf0_mean;logf0_std;logf0_p05;logf0_p50;logf0_p95;logf0_range;rms_mean;rms_std;duration_s;voiced_rate;energy_mean;energy_std,S->G,20,0.05,7,20,0.35,0.15,0.55,0.45,0.9,0.3607876984126984,0.6911309523809523,0.00797635995878416,0.015747021442749164,0.7,0.526547619047619,2.0,0.012014961913708233,-0.050000000000000044,1.0,0.00020006709942810286,9
JVS_JVSMuSiC,mert_l3,3,83,60_20_20_speaker_disjoint,True,row_shuffled_nuisance,mean_preserving,logf0_mean;logf0_std;logf0_p05;logf0_p50;logf0_p95;logf0_range;rms_mean;rms_std;duration_s;voiced_rate;energy_mean;energy_std,G->S,20,0.05,10,20,0.5,0.29875000000000007,0.7,0.55,0.95,0.42942147435897443,0.7877604166666666,0.00797712008718142,0.01619486773077247,0.75,0.6087072649572649,1.5,0.012014961913708188,0.04999999999999999,1.0,0.00020006709942810286,9
JVS_JVSMuSiC,mert_l3,3,83,60_20_20_speaker_disjoint,True,random_gaussian_nuisance,mean_preserving,logf0_mean;logf0_std;logf0_p05;logf0_p50;logf0_p95;logf0_range;rms_mean;rms_std;duration_s;voiced_rate;energy_mean;energy_std,S->G,20,0.05,4,20,0.2,0.05,0.4,0.55,0.9,0.2812511238761239,0.560974025974026,0.008093462476512174,0.015076963259558143,0.75,0.41101065601065595,4.0,0.011632358671344555,-0.2,1.0,0.00019784761798591344,12
JVS_JVSMuSiC,mert_l3,3,83,60_20_20_speaker_disjoint,True,random_gaussian_nuisance,mean_preserving,logf0_mean;logf0_std;logf0_p05;logf0_p50;logf0_p95;logf0_range;rms_mean;rms_std;duration_s;voiced_rate;energy_mean;energy_std,G->S,20,0.05,9,20,0.45,0.24875000000000008,0.65,0.4,0.8,0.35188349671162167,0.750482886904762,0.007904474536280395,0.01548325920946329,0.6,0.5555939893439892,2.0,0.011632358671344578,0.0,1.0,0.00019784761798591344,12
JVS_JVSMuSiC,mert_l3,3,83,60_20_20_speaker_disjoint,True,random_low_rank_projection,mean_preserving,random_dir_0;random_dir_1;random_dir_2;random_dir_3;random_dir_4;random_dir_5;random_dir_6;random_dir_7;random_dir_8;random_dir_9;random_dir_10;random_dir_11,S->G,20,0.05,8,20,0.4,0.2,0.65,0.5,0.9,0.3792946428571428,0.7145982142857142,0.008499998892142242,0.014991021416842014,0.7,0.5442857142857143,2.5,0.011723272868384588,0.0,1.0,0.0003422730242690353,12
JVS_JVSMuSiC,mert_l3,3,83,60_20_20_speaker_disjoint,True,random_low_rank_projection,mean_preserving,random_dir_0;random_dir_1;random_dir_2;random_dir_3;random_dir_4;random_dir_5;random_dir_6;random_dir_7;random_dir_8;random_dir_9;random_dir_10;random_dir_11,G->S,20,0.05,9,20,0.45,0.25,0.65,0.4,0.8,0.3813636103479853,0.7521674107142856,0.007814078288084482,0.015472525204517418,0.6,0.5629601648351648,2.0,0.011723272868384588,0.0,1.0,0.0003422730242690353,12
JVS_JVSMuSiC,mert_l3,3,89,60_20_20_speaker_disjoint,True,raw,raw,,S->G,20,0.05,6,20,0.3,0.1,0.5,0.6,0.95,0.33980153508771926,0.633906067251462,0.005911604561831307,0.011618163158507569,0.8,0.4870760233918129,3.0,0.009030125587378018,0.0,1.0,0.0,0
JVS_JVSMuSiC,mert_l3,3,89,60_20_20_speaker_disjoint,True,raw,raw,,G->S,20,0.05,9,20,0.45,0.25,0.65,0.55,0.9,0.40692063492063485,0.7482608363858363,0.005732513201626332,0.012203165110333708,0.75,0.5754334554334555,2.0,0.009030125587378073,0.0,1.0,0.0,0
JVS_JVSMuSiC,mert_l3,3,89,60_20_20_speaker_disjoint,True,center_only_classic,classic,,S->G,20,0.05,14,20,0.7,0.5,0.9,1.0,1.0,0.65,0.9291666666666666,0.2720328087537957,0.37297039879607635,1.0,0.7958333333333333,1.0,0.3244804205245561,0.39999999999999997,1.0,0.9616404747489238,0
JVS_JVSMuSiC,mert_l3,3,89,60_20_20_speaker_disjoint,True,center_only_classic,classic,,G->S,20,0.05,9,20,0.45,0.25,0.65,0.6,0.95,0.4388586309523809,0.7495937500000001,0.2472855552194077,0.4043364873522551,0.8,0.5958928571428571,2.0,0.3244804205245561,0.0,1.0,0.9616404747489238,0
JVS_JVSMuSiC,mert_l3,3,89,60_20_20_speaker_disjoint,True,mode_dummy_only,mean_preserving,mode_dummy,S->G,20,0.05,13,20,0.65,0.45,0.85,0.85,1.0,0.625,0.9125,0.007717438782323286,0.010348892935566385,0.95,0.76875,1.0,0.009065809137422571,0.35000000000000003,0.5606741573033708,0.007132958124661193,1
JVS_JVSMuSiC,mert_l3,3,89,60_20_20_speaker_disjoint,True,mode_dummy_only,mean_preserving,mode_dummy,G->S,20,0.05,14,20,0.7,0.5,0.9,0.85,1.0,0.6316388888888889,0.9199999999999999,0.007740082007646334,0.010393090903954603,0.95,0.7880555555555556,1.0,0.009065809137422564,0.24999999999999994,0.5606741573033708,0.007132958124661193,1
JVS_JVSMuSiC,mert_l3,3,89,60_20_20_speaker_disjoint,True,mode_dummy_only,classic,mode_dummy,S->G,20,0.05,14,20,0.7,0.45,0.9,1.0,1.0,0.6866666666666668,0.9333749999999998,0.4091223305506843,0.5261054898749887,1.0,0.8183333333333334,1.0,0.46645719390133317,0.39999999999999997,0.5606741573033708,0.9687612625285524,1
JVS_JVSMuSiC,mert_l3,3,89,60_20_20_speaker_disjoint,True,mode_dummy_only,classic,mode_dummy,G->S,20,0.05,13,20,0.65,0.45,0.85,1.0,1.0,0.6541666666666667,0.9166666666666666,0.4150460660913709,0.5206077094966292,1.0,0.7958333333333333,1.0,0.46645719390133317,0.2,0.5606741573033708,0.9687612625285524,1
JVS_JVSMuSiC,mert_l3,3,89,60_20_20_speaker_disjoint,True,acoustic_full_no_mode,mean_preserving,logf0_mean;logf0_std;logf0_p05;logf0_p50;logf0_p95;logf0_range;rms_mean;rms_std;duration_s;voiced_rate;energy_mean;energy_std,S->G,20,0.05,9,20,0.45,0.25,0.65,0.5,0.9,0.42795386904761906,0.7467559523809523,0.003827303321574379,0.006208045190658325,0.7,0.5842261904761904,2.0,0.005048613823325565,0.15000000000000002,0.5286516853932585,0.015752477499317297,9
JVS_JVSMuSiC,mert_l3,3,89,60_20_20_speaker_disjoint,True,acoustic_full_no_mode,mean_preserving,logf0_mean;logf0_std;logf0_p05;logf0_p50;logf0_p95;logf0_range;rms_mean;rms_std;duration_s;voiced_rate;energy_mean;energy_std,G->S,20,0.05,11,20,0.55,0.35,0.75,0.6,0.95,0.49995833333333334,0.8291666666666666,0.003802529409615618,0.006297212385482746,0.8,0.6583333333333333,1.0,0.005048613823325587,0.10000000000000003,0.5286516853932585,0.015752477499317297,9
JVS_JVSMuSiC,mert_l3,3,89,60_20_20_speaker_disjoint,True,acoustic_full_no_mode,classic,logf0_mean;logf0_std;logf0_p05;logf0_p50;logf0_p95;logf0_range;rms_mean;rms_std;duration_s;voiced_rate;energy_mean;energy_std,S->G,20,0.05,13,20,0.65,0.45,0.85,0.85,1.0,0.5991249999999999,0.8975,0.24048442173024123,0.38513937741333115,0.95,0.755,1.0,0.3154136270592625,0.35000000000000003,0.5286516853932585,0.9771098163584014,9
JVS_JVSMuSiC,mert_l3,3,89,60_20_20_speaker_disjoint,True,acoustic_full_no_mode,classic,logf0_mean;logf0_std;logf0_p05;logf0_p50;logf0_p95;logf0_range;rms_mean;rms_std;duration_s;voiced_rate;energy_mean;energy_std,G->S,20,0.05,10,20,0.5,0.3,0.7,0.75,1.0,0.4885833333333333,0.804201388888889,0.2423958913315936,0.3943600555668262,0.9,0.6522222222222223,1.5,0.3154136270592625,0.04999999999999999,0.5286516853932585,0.9771098163584014,9
JVS_JVSMuSiC,mert_l3,3,89,60_20_20_speaker_disjoint,True,acoustic_full_plus_mode,mean_preserving,logf0_mean;logf0_std;logf0_p05;logf0_p50;logf0_p95;logf0_range;rms_mean;rms_std;duration_s;voiced_rate;energy_mean;energy_std;mode_dummy,S->G,20,0.05,7,20,0.35,0.15,0.55,0.55,0.9012499999999989,0.38645337301587296,0.7015029761904761,0.003964144319648007,0.006108876149219011,0.75,0.5362103174603174,2.5,0.004996549340864687,0.04999999999999999,0.49382022471910114,0.016148770025270598,10
JVS_JVSMuSiC,mert_l3,3,89,60_20_20_speaker_disjoint,True,acoustic_full_plus_mode,mean_preserving,logf0_mean;logf0_std;logf0_p05;logf0_p50;logf0_p95;logf0_range;rms_mean;rms_std;duration_s;voiced_rate;energy_mean;energy_std;mode_dummy,G->S,20,0.05,11,20,0.55,0.34875000000000006,0.75,0.65,1.0,0.4749791666666666,0.8267083333333332,0.003708384350812065,0.0062822302974370635,0.85,0.6575,1.0,0.004996549340864698,0.10000000000000003,0.49382022471910114,0.016148770025270598,10
JVS_JVSMuSiC,mert_l3,3,89,60_20_20_speaker_disjoint,True,acoustic_full_plus_mode,classic,logf0_mean;logf0_std;logf0_p05;logf0_p50;logf0_p95;logf0_range;rms_mean;rms_std;duration_s;voiced_rate;energy_mean;energy_std;mode_dummy,S->G,20,0.05,13,20,0.65,0.45,0.85,0.85,1.0,0.5933779761904763,0.8933749999999999,0.23703790280013456,0.38506652165062205,0.95,0.746904761904762,1.0,0.3131730148869994,0.35000000000000003,0.49382022471910114,0.9774979607013484,10
JVS_JVSMuSiC,mert_l3,3,89,60_20_20_speaker_disjoint,True,acoustic_full_plus_mode,classic,logf0_mean;logf0_std;logf0_p05;logf0_p50;logf0_p95;logf0_range;rms_mean;rms_std;duration_s;voiced_rate;energy_mean;energy_std;mode_dummy,G->S,20,0.05,10,20,0.5,0.3,0.7,0.75,1.0,0.4991319444444444,0.8116666666666668,0.2377044544192934,0.39034139917193234,0.9,0.6588888888888889,1.5,0.31317301488699945,0.04999999999999999,0.49382022471910114,0.9774979607013484,10
JVS_JVSMuSiC,mert_l3,3,89,60_20_20_speaker_disjoint,True,single_group_f0,mean_preserving,logf0_mean;logf0_std;logf0_p05;logf0_p50;logf0_p95;logf0_range,S->G,20,0.05,5,20,0.25,0.1,0.45,0.25,0.7,0.23120517676767677,0.5534204545454545,0.0024134320973253813,0.008044806638213072,0.5,0.38658605283605285,5.5,0.00513744430731417,-0.04999999999999999,1.0,0.006473263439259691,5
JVS_JVSMuSiC,mert_l3,3,89,60_20_20_speaker_disjoint,True,single_group_f0,mean_preserving,logf0_mean;logf0_std;logf0_p05;logf0_p50;logf0_p95;logf0_range,G->S,20,0.05,7,20,0.35,0.15,0.55,0.45,0.85,0.33516666666666667,0.6805614316239317,0.0025145364875643057,0.0074555831541503635,0.65,0.48967948717948717,3.0,0.00513744430731416,-0.10000000000000003,1.0,0.006473263439259691,5
JVS_JVSMuSiC,mert_l3,3,89,60_20_20_speaker_disjoint,True,single_group_energy,mean_preserving,rms_mean;rms_std;energy_mean;energy_std,S->G,20,0.05,9,20,0.45,0.25,0.65,0.85,1.0,0.5314196428571428,0.8,0.007687789109585831,0.010717085691947088,0.95,0.667142857142857,2.0,0.0091557845687243,0.15000000000000002,0.851123595505618,0.007636049871132311,3
JVS_JVSMuSiC,mert_l3,3,89,60_20_20_speaker_disjoint,True,single_group_energy,mean_preserving,rms_mean;rms_std;energy_mean;energy_std,G->S,20,0.05,13,20,0.65,0.45,0.85,0.85,1.0,0.6430833333333333,0.9018035714285713,0.0078847011916306,0.010551053074321805,0.95,0.7838095238095238,1.0,0.009155784568724313,0.2,0.851123595505618,0.007636049871132311,3
JVS_JVSMuSiC,mert_l3,3,89,60_20_20_speaker_disjoint,True,single_group_duration,mean_preserving,duration_s,S->G,20,0.05,15,20,0.75,0.55,0.95,0.85,1.0,0.6666458333333334,0.9375,0.008087596189896963,0.01061068342074711,0.95,0.8225,1.0,0.009330561836847296,0.45,0.6460674157303371,0.006674706660018015,1
JVS_JVSMuSiC,mert_l3,3,89,60_20_20_speaker_disjoint,True,single_group_duration,mean_preserving,duration_s,G->S,20,0.05,13,20,0.65,0.45,0.85,0.85,1.0,0.6197152777777778,0.9125763888888888,0.007983736822290168,0.010611735325505153,0.95,0.7697222222222222,1.0,0.00933056183684724,0.2,0.6460674157303371,0.006674706660018015,1
JVS_JVSMuSiC,mert_l3,3,89,60_20_20_speaker_disjoint,True,single_group_voicing,mean_preserving,voiced_rate,S->G,20,0.05,6,20,0.3,0.1,0.5,0.64875,0.95,0.3424930555555555,0.649954678362573,0.005810938236729217,0.011735603529819451,0.8,0.4870760233918129,3.0,0.009030125587378018,0.0,1.0,0.0,0
JVS_JVSMuSiC,mert_l3,3,89,60_20_20_speaker_disjoint,True,single_group_voicing,mean_preserving,voiced_rate,G->S,20,0.05,9,20,0.45,0.25,0.65,0.55,0.95,0.3986120268620269,0.753254884004884,0.005877753273432213,0.012110913670547516,0.75,0.5754334554334555,2.0,0.009030125587378073,0.0,1.0,0.0,0
JVS_JVSMuSiC,mert_l3,3,89,60_20_20_speaker_disjoint,True,full_minus_f0,mean_preserving,rms_mean;rms_std;duration_s;voiced_rate;energy_mean;energy_std,S->G,20,0.05,11,20,0.55,0.3,0.75,0.85,1.0,0.5825952380952379,0.8668452380952378,0.007247009771221898,0.010185634946478627,0.95,0.7254761904761905,1.0,0.008727725235648177,0.25000000000000006,0.5162921348314606,0.009669094951203383,4
JVS_JVSMuSiC,mert_l3,3,89,60_20_20_speaker_disjoint,True,full_minus_f0,mean_preserving,rms_mean;rms_std;duration_s;voiced_rate;energy_mean;energy_std,G->S,20,0.05,11,20,0.55,0.35,0.75,0.85,1.0,0.5991249999999999,0.8626041666666666,0.007560886573038839,0.009837472451370694,0.95,0.7308333333333333,1.0,0.00872772523564822,0.10000000000000003,0.5162921348314606,0.009669094951203383,4
JVS_JVSMuSiC,mert_l3,3,89,60_20_20_speaker_disjoint,True,full_minus_energy,mean_preserving,logf0_mean;logf0_std;logf0_p05;logf0_p50;logf0_p95;logf0_range;duration_s;voiced_rate,S->G,20,0.05,11,20,0.55,0.35,0.75,0.5,0.9,0.46659090909090906,0.8128787878787879,0.004005963305602847,0.006749726027602531,0.7,0.6462121212121212,1.0,0.005406178115337673,0.25000000000000006,0.6584269662921348,0.013143384972644778,6
JVS_JVSMuSiC,mert_l3,3,89,60_20_20_speaker_disjoint,True,full_minus_energy,mean_preserving,logf0_mean;logf0_std;logf0_p05;logf0_p50;logf0_p95;logf0_range;duration_s;voiced_rate,G->S,20,0.05,11,20,0.55,0.35,0.75,0.5487500000000001,0.9,0.4878234265734266,0.8395833333333332,0.003986715951810336,0.006814667086308905,0.75,0.6696416083916084,1.0,0.005406178115337612,0.10000000000000003,0.6584269662921348,0.013143384972644778,6
JVS_JVSMuSiC,mert_l3,3,89,60_20_20_speaker_disjoint,True,full_minus_duration,mean_preserving,logf0_mean;logf0_std;logf0_p05;logf0_p50;logf0_p95;logf0_range;rms_mean;rms_std;voiced_rate;energy_mean;energy_std,S->G,20,0.05,7,20,0.35,0.15,0.55,0.55,0.9,0.35608333333333336,0.6808799603174603,0.004192713674831681,0.006930229319798746,0.75,0.512281746031746,3.0,0.0055960856896940915,0.04999999999999999,0.8522471910112359,0.013696111835188929,8
JVS_JVSMuSiC,mert_l3,3,89,60_20_20_speaker_disjoint,True,full_minus_duration,mean_preserving,logf0_mean;logf0_std;logf0_p05;logf0_p50;logf0_p95;logf0_range;rms_mean;rms_std;voiced_rate;energy_mean;energy_std,G->S,20,0.05,10,20,0.5,0.3,0.75,0.65,1.0,0.4711979166666666,0.80625,0.004041814644896285,0.0071223224564204235,0.85,0.64375,1.5,0.005596085689694113,0.04999999999999999,0.8522471910112359,0.013696111835188929,8
JVS_JVSMuSiC,mert_l3,3,89,60_20_20_speaker_disjoint,True,full_minus_voicing,mean_preserving,logf0_mean;logf0_std;logf0_p05;logf0_p50;logf0_p95;logf0_range;rms_mean;rms_std;duration_s;energy_mean;energy_std,S->G,20,0.05,9,20,0.45,0.25,0.65,0.5,0.9,0.4255729166666666,0.7455431547619047,0.0036266264621119095,0.006311300484198992,0.7,0.5842261904761904,2.0,0.005048613823325598,0.15000000000000002,0.5286516853932585,0.015752477499316964,9
JVS_JVSMuSiC,mert_l3,3,89,60_20_20_speaker_disjoint,True,full_minus_voicing,mean_preserving,logf0_mean;logf0_std;logf0_p05;logf0_p50;logf0_p95;logf0_range;rms_mean;rms_std;duration_s;energy_mean;energy_std,G->S,20,0.05,11,20,0.55,0.35,0.75,0.6,0.95,0.48249999999999993,0.8292708333333332,0.00378465601735081,0.006289672722479228,0.8,0.6583333333333333,1.0,0.005048613823325637,0.10000000000000003,0.5286516853932585,0.015752477499316964,9
JVS_JVSMuSiC,mert_l3,3,89,60_20_20_speaker_disjoint,True,row_shuffled_nuisance,mean_preserving,logf0_mean;logf0_std;logf0_p05;logf0_p50;logf0_p95;logf0_range;rms_mean;rms_std;duration_s;voiced_rate;energy_mean;energy_std,S->G,20,0.05,3,20,0.15,0.0,0.35,0.55,0.9012499999999989,0.26654211760461755,0.514836084054834,0.005760446689134621,0.011369765290794174,0.75,0.3770256132756133,4.0,0.00854497112670945,-0.15,1.0,-0.0001982470837929018,9
JVS_JVSMuSiC,mert_l3,3,89,60_20_20_speaker_disjoint,True,row_shuffled_nuisance,mean_preserving,logf0_mean;logf0_std;logf0_p05;logf0_p50;logf0_p95;logf0_range;rms_mean;rms_std;duration_s;voiced_rate;energy_mean;energy_std,G->S,20,0.05,7,20,0.35,0.15,0.6,0.45,0.85,0.3365767021720969,0.6756029995331466,0.0045339251851774015,0.01213230248067507,0.65,0.4945211681163693,3.0,0.00854497112670946,-0.10000000000000003,1.0,-0.0001982470837929018,9
JVS_JVSMuSiC,mert_l3,3,89,60_20_20_speaker_disjoint,True,random_gaussian_nuisance,mean_preserving,logf0_mean;logf0_std;logf0_p05;logf0_p50;logf0_p95;logf0_range;rms_mean;rms_std;duration_s;voiced_rate;energy_mean;energy_std,S->G,20,0.05,9,20,0.45,0.25,0.65,0.55,0.95,0.39550983177361854,0.7354491421568627,0.00603220843420486,0.012114670585317431,0.75,0.5685282976827095,2.5,0.008925213766134598,0.15000000000000002,1.0,0.00041289800189003856,12
JVS_JVSMuSiC,mert_l3,3,89,60_20_20_speaker_disjoint,True,random_gaussian_nuisance,mean_preserving,logf0_mean;logf0_std;logf0_p05;logf0_p50;logf0_p95;logf0_range;rms_mean;rms_std;duration_s;voiced_rate;energy_mean;energy_std,G->S,20,0.05,6,20,0.3,0.1,0.5,0.5,0.9,0.30755605158730154,0.6286341765873016,0.005452904372563824,0.012132438404284442,0.7,0.45457341269841256,4.0,0.008925213766134626,-0.15000000000000002,1.0,0.00041289800189003856,12
JVS_JVSMuSiC,mert_l3,3,89,60_20_20_speaker_disjoint,True,random_low_rank_projection,mean_preserving,random_dir_0;random_dir_1;random_dir_2;random_dir_3;random_dir_4;random_dir_5;random_dir_6;random_dir_7;random_dir_8;random_dir_9;random_dir_10;random_dir_11,S->G,20,0.05,6,20,0.3,0.1,0.5,0.6,0.95,0.33371820175438593,0.6373815789473684,0.006214948851587047,0.011788824450011256,0.8,0.4870760233918129,3.0,0.008952991249664621,0.0,1.0,0.0002714295966719238,12
JVS_JVSMuSiC,mert_l3,3,89,60_20_20_speaker_disjoint,True,random_low_rank_projection,mean_preserving,random_dir_0;random_dir_1;random_dir_2;random_dir_3;random_dir_4;random_dir_5;random_dir_6;random_dir_7;random_dir_8;random_dir_9;random_dir_10;random_dir_11,G->S,20,0.05,9,20,0.45,0.2,0.65,0.55,0.9,0.4030972222222223,0.7461666666666665,0.005746291458588382,0.01200454661628149,0.75,0.5766239316239316,2.0,0.008952991249664621,0.0,1.0,0.0002714295966719238,12
JVS_JVSMuSiC,mert_l3,3,97,60_20_20_speaker_disjoint,True,raw,raw,,S->G,20,0.05,8,20,0.4,0.2,0.65,0.7,1.0,0.38338541666666665,0.7316979166666666,0.00770159597122273,0.013815654605173037,0.85,0.5551388888888888,2.5,0.010682217982593379,0.0,1.0,0.0,0
JVS_JVSMuSiC,mert_l3,3,97,60_20_20_speaker_disjoint,True,raw,raw,,G->S,20,0.05,7,20,0.35,0.15,0.55,0.5,0.9,0.35609722222222223,0.6746493055555555,0.007820513796317848,0.013845954468039913,0.7,0.5159722222222222,2.5,0.010682217982593356,0.0,1.0,0.0,0
JVS_JVSMuSiC,mert_l3,3,97,60_20_20_speaker_disjoint,True,center_only_classic,classic,,S->G,20,0.05,12,20,0.6,0.4,0.8,0.65,1.0,0.5915624999999999,0.8833333333333334,0.28841167115640204,0.4192315929688351,0.85,0.7375,1.0,0.35742073739511926,0.19999999999999996,1.0,0.9615957435760808,0
JVS_JVSMuSiC,mert_l3,3,97,60_20_20_speaker_disjoint,True,center_only_classic,classic,,G->S,20,0.05,5,20,0.25,0.1,0.45,0.75,1.0,0.3612291666666666,0.6471458333333333,0.2777423721834281,0.437248699852243,0.9,0.4924999999999999,2.5,0.35742073739511937,-0.09999999999999998,1.0,0.9615957435760808,0
JVS_JVSMuSiC,mert_l3,3,97,60_20_20_speaker_disjoint,True,mode_dummy_only,mean_preserving,mode_dummy,S->G,20,0.05,13,20,0.65,0.45,0.85,0.7,1.0,0.5666666666666667,0.8895833333333332,0.008995243842807938,0.012411089457379483,0.85,0.74375,1.0,0.010707878835076673,0.25,0.5264705882352941,0.0071179520859432355,1
JVS_JVSMuSiC,mert_l3,3,97,60_20_20_speaker_disjoint,True,mode_dummy_only,mean_preserving,mode_dummy,G->S,20,0.05,14,20,0.7,0.5,0.9,0.85,1.0,0.6174999999999999,0.9333333333333333,0.009281823794183084,0.012327214679559799,0.95,0.7825,1.0,0.010707878835076613,0.35,0.5264705882352941,0.0071179520859432355,1
JVS_JVSMuSiC,mert_l3,3,97,60_20_20_speaker_disjoint,True,mode_dummy_only,classic,mode_dummy,S->G,20,0.05,14,20,0.7,0.5,0.9,0.75,1.0,0.6383333333333334,0.9167083333333333,0.4135950547896096,0.5445139809945659,0.9,0.7899999999999999,1.0,0.48175459910274154,0.29999999999999993,0.5264705882352941,0.9687172522027633,1
JVS_JVSMuSiC,mert_l3,3,97,60_20_20_speaker_disjoint,True,mode_dummy_only,classic,mode_dummy,G->S,20,0.05,15,20,0.75,0.55,0.95,0.85,1.0,0.6458898809523809,0.9339285714285708,0.41770012998324096,0.5413249143242447,0.95,0.8063095238095238,1.0,0.48175459910274154,0.4,0.5264705882352941,0.9687172522027633,1
JVS_JVSMuSiC,mert_l3,3,97,60_20_20_speaker_disjoint,True,acoustic_full_no_mode,mean_preserving,logf0_mean;logf0_std;logf0_p05;logf0_p50;logf0_p95;logf0_range;rms_mean;rms_std;duration_s;voiced_rate;energy_mean;energy_std,S->G,20,0.05,11,20,0.55,0.35,0.75,0.6,0.95,0.5056964285714285,0.8271428571428572,0.00428547185474339,0.0073774227273739525,0.8,0.6714285714285715,1.0,0.005760710517298079,0.15000000000000002,0.7052941176470588,0.01506036376634523,9
JVS_JVSMuSiC,mert_l3,3,97,60_20_20_speaker_disjoint,True,acoustic_full_no_mode,mean_preserving,logf0_mean;logf0_std;logf0_p05;logf0_p50;logf0_p95;logf0_range;rms_mean;rms_std;duration_s;voiced_rate;energy_mean;energy_std,G->S,20,0.05,14,20,0.7,0.5,0.9,0.65,1.0,0.5728645833333333,0.9167187499999999,0.004205825578731071,0.00704659489604432,0.85,0.7529166666666667,1.0,0.005760710517298084,0.35,0.7052941176470588,0.01506036376634523,9
JVS_JVSMuSiC,mert_l3,3,97,60_20_20_speaker_disjoint,True,acoustic_full_no_mode,classic,logf0_mean;logf0_std;logf0_p05;logf0_p50;logf0_p95;logf0_range;rms_mean;rms_std;duration_s;voiced_rate;energy_mean;energy_std,S->G,20,0.05,10,20,0.5,0.3,0.7,0.75,1.0,0.4753030303030302,0.7950189393939394,0.2532335587886716,0.40566191917050215,0.9,0.630378787878788,1.5,0.3307826428516689,0.09999999999999998,0.7052941176470588,0.9771650952590978,9
JVS_JVSMuSiC,mert_l3,3,97,60_20_20_speaker_disjoint,True,acoustic_full_no_mode,classic,logf0_mean;logf0_std;logf0_p05;logf0_p50;logf0_p95;logf0_range;rms_mean;rms_std;duration_s;voiced_rate;energy_mean;energy_std,G->S,20,0.05,14,20,0.7,0.5,0.9,0.65,1.0,0.6023511904761905,0.925,0.2651818007729107,0.40026724681188985,0.85,0.7726190476190476,1.0,0.3307826428516689,0.35,0.7052941176470588,0.9771650952590978,9
JVS_JVSMuSiC,mert_l3,3,97,60_20_20_speaker_disjoint,True,acoustic_full_plus_mode,mean_preserving,logf0_mean;logf0_std;logf0_p05;logf0_p50;logf0_p95;logf0_range;rms_mean;rms_std;duration_s;voiced_rate;energy_mean;energy_std;mode_dummy,S->G,20,0.05,11,20,0.55,0.35,0.75,0.6,0.95,0.48504103535353527,0.8333522727272727,0.004143164873325037,0.007121615647505429,0.8,0.6614898989898991,1.0,0.005655602824219485,0.15000000000000002,0.6011764705882353,0.015427287234216935,10
JVS_JVSMuSiC,mert_l3,3,97,60_20_20_speaker_disjoint,True,acoustic_full_plus_mode,mean_preserving,logf0_mean;logf0_std;logf0_p05;logf0_p50;logf0_p95;logf0_range;rms_mean;rms_std;duration_s;voiced_rate;energy_mean;energy_std;mode_dummy,G->S,20,0.05,14,20,0.7,0.5,0.9,0.7,1.0,0.5690825216450216,0.9145454545454544,0.004254537944939624,0.006908113780581332,0.85,0.747521645021645,1.0,0.00565560282421943,0.35,0.6011764705882353,0.015427287234216935,10
JVS_JVSMuSiC,mert_l3,3,97,60_20_20_speaker_disjoint,True,acoustic_full_plus_mode,classic,logf0_mean;logf0_std;logf0_p05;logf0_p50;logf0_p95;logf0_range;rms_mean;rms_std;duration_s;voiced_rate;energy_mean;energy_std;mode_dummy,S->G,20,0.05,10,20,0.5,0.3,0.7,0.7,1.0,0.4643630952380952,0.7866994047619047,0.2631331324730187,0.398540791258682,0.85,0.6313095238095239,1.5,0.3315372754634106,0.09999999999999998,0.6011764705882353,0.9775553942092092,10
JVS_JVSMuSiC,mert_l3,3,97,60_20_20_speaker_disjoint,True,acoustic_full_plus_mode,classic,logf0_mean;logf0_std;logf0_p05;logf0_p50;logf0_p95;logf0_range;rms_mean;rms_std;duration_s;voiced_rate;energy_mean;energy_std;mode_dummy,G->S,20,0.05,14,20,0.7,0.4987500000000001,0.9,0.75,1.0,0.6114285714285714,0.9238095238095237,0.25751068770045343,0.403268973720532,0.9,0.7742857142857142,1.0,0.33153727546341066,0.35,0.6011764705882353,0.9775553942092092,10
JVS_JVSMuSiC,mert_l3,3,97,60_20_20_speaker_disjoint,True,single_group_f0,mean_preserving,logf0_mean;logf0_std;logf0_p05;logf0_p50;logf0_p95;logf0_range,S->G,20,0.05,5,20,0.25,0.05,0.45,0.25,0.65,0.21718097792730143,0.5326339848876612,0.0025435391413617583,0.008068607115930132,0.45,0.3743883404177522,6.0,0.005273275324779847,-0.15000000000000002,1.0,0.00601739633110876,5
JVS_JVSMuSiC,mert_l3,3,97,60_20_20_speaker_disjoint,True,single_group_f0,mean_preserving,logf0_mean;logf0_std;logf0_p05;logf0_p50;logf0_p95;logf0_range,G->S,20,0.05,5,20,0.25,0.1,0.45,0.3,0.7,0.23969505841380837,0.570675505050505,0.003114653698402894,0.007851265865737726,0.5,0.3962685925185926,5.0,0.005273275324779813,-0.09999999999999998,1.0,0.00601739633110876,5
JVS_JVSMuSiC,mert_l3,3,97,60_20_20_speaker_disjoint,True,single_group_energy,mean_preserving,rms_mean;rms_std;energy_mean;energy_std,S->G,20,0.05,13,20,0.65,0.45,0.85,0.75,1.0,0.5948169642857143,0.8979166666666666,0.008549134620988316,0.013672913762797875,0.9,0.7614880952380952,1.0,0.011303893922503323,0.25,0.8064705882352942,0.00762305448706746,3
JVS_JVSMuSiC,mert_l3,3,97,60_20_20_speaker_disjoint,True,single_group_energy,mean_preserving,rms_mean;rms_std;energy_mean;energy_std,G->S,20,0.05,16,20,0.8,0.6,0.95,0.85,1.0,0.7092440476190476,0.975,0.009478322669762859,0.012832754736643023,0.95,0.8552380952380952,1.0,0.011303893922503288,0.45000000000000007,0.8064705882352942,0.00762305448706746,3
JVS_JVSMuSiC,mert_l3,3,97,60_20_20_speaker_disjoint,True,single_group_duration,mean_preserving,duration_s,S->G,20,0.05,12,20,0.6,0.4,0.8,0.85,1.0,0.5674791666666666,0.8708333333333332,0.009313742975596825,0.012618281385055542,0.95,0.7183333333333334,1.0,0.01088685306818255,0.19999999999999996,0.7258823529411764,0.006656182453521731,1
JVS_JVSMuSiC,mert_l3,3,97,60_20_20_speaker_disjoint,True,single_group_duration,mean_preserving,duration_s,G->S,20,0.05,14,20,0.7,0.5,0.9,0.85,1.0,0.63475,0.920095238095238,0.00935041927663494,0.01260404606690903,0.95,0.7854761904761905,1.0,0.010886853068182512,0.35,0.7258823529411764,0.006656182453521731,1
JVS_JVSMuSiC,mert_l3,3,97,60_20_20_speaker_disjoint,True,single_group_voicing,mean_preserving,voiced_rate,S->G,20,0.05,8,20,0.4,0.2,0.65,0.7,1.0,0.3966631944444444,0.7204201388888889,0.007642233716374129,0.013786590071536752,0.85,0.5551388888888888,2.5,0.010682217982593379,0.0,1.0,0.0,0
JVS_JVSMuSiC,mert_l3,3,97,60_20_20_speaker_disjoint,True,single_group_voicing,mean_preserving,voiced_rate,G->S,20,0.05,7,20,0.35,0.15,0.6,0.5,0.9,0.3523055555555556,0.6800034722222221,0.007758911296762332,0.013473334395423699,0.7,0.5159722222222222,2.5,0.010682217982593356,0.0,1.0,0.0,0
JVS_JVSMuSiC,mert_l3,3,97,60_20_20_speaker_disjoint,True,full_minus_f0,mean_preserving,rms_mean;rms_std;duration_s;voiced_rate;energy_mean;energy_std,S->G,20,0.05,13,20,0.65,0.45,0.85,0.85,1.0,0.5924147727272727,0.8962121212121211,0.008739936856516183,0.01241040614800019,0.95,0.7587121212121212,1.0,0.01052888570439115,0.25,0.6264705882352941,0.009328149425069987,4
JVS_JVSMuSiC,mert_l3,3,97,60_20_20_speaker_disjoint,True,full_minus_f0,mean_preserving,rms_mean;rms_std;duration_s;voiced_rate;energy_mean;energy_std,G->S,20,0.05,16,20,0.8,0.6,0.95,0.75,1.0,0.7238095238095237,0.9668749999999997,0.008957038924248178,0.011997013762906144,0.9,0.8523809523809524,1.0,0.01052888570439114,0.45000000000000007,0.6264705882352941,0.009328149425069987,4
JVS_JVSMuSiC,mert_l3,3,97,60_20_20_speaker_disjoint,True,full_minus_energy,mean_preserving,logf0_mean;logf0_std;logf0_p05;logf0_p50;logf0_p95;logf0_range;duration_s;voiced_rate,S->G,20,0.05,9,20,0.45,0.25,0.65,0.6,0.95,0.42650459956709946,0.7488511904761904,0.00387181955421139,0.006897216577741774,0.8,0.5975216450216451,2.0,0.005349569221778755,0.04999999999999999,0.7323529411764705,0.012664290240743337,6
JVS_JVSMuSiC,mert_l3,3,97,60_20_20_speaker_disjoint,True,full_minus_energy,mean_preserving,logf0_mean;logf0_std;logf0_p05;logf0_p50;logf0_p95;logf0_range;duration_s;voiced_rate,G->S,20,0.05,13,20,0.65,0.45,0.85,0.55,0.95,0.5242343073593072,0.8750094696969697,0.003984471602629544,0.006742739315210531,0.75,0.7054383116883117,1.0,0.005349569221778777,0.30000000000000004,0.7323529411764705,0.012664290240743337,6
JVS_JVSMuSiC,mert_l3,3,97,60_20_20_speaker_disjoint,True,full_minus_duration,mean_preserving,logf0_mean;logf0_std;logf0_p05;logf0_p50;logf0_p95;logf0_range;rms_mean;rms_std;voiced_rate;energy_mean;energy_std,S->G,20,0.05,9,20,0.45,0.25,0.65,0.55,0.9,0.42368898097516516,0.7655189821143769,0.00415486538658112,0.00874022164869022,0.75,0.589698678514468,2.0,0.006521961372223828,0.04999999999999999,0.8294117647058824,0.013243568984973586,8
JVS_JVSMuSiC,mert_l3,3,97,60_20_20_speaker_disjoint,True,full_minus_duration,mean_preserving,logf0_mean;logf0_std;logf0_p05;logf0_p50;logf0_p95;logf0_range;rms_mean;rms_std;voiced_rate;energy_mean;energy_std,G->S,20,0.05,11,20,0.55,0.35,0.75,0.75,1.0,0.5421160714285714,0.8470238095238093,0.005065793554530897,0.007960788210250152,0.9,0.6927380952380953,1.0,0.006521961372223833,0.20000000000000007,0.8294117647058824,0.013243568984973586,8
JVS_JVSMuSiC,mert_l3,3,97,60_20_20_speaker_disjoint,True,full_minus_voicing,mean_preserving,logf0_mean;logf0_std;logf0_p05;logf0_p50;logf0_p95;logf0_range;rms_mean;rms_std;duration_s;energy_mean;energy_std,S->G,20,0.05,11,20,0.55,0.35,0.75,0.65,0.95,0.5014285714285713,0.8272499999999998,0.004335316430575248,0.0072636965315589315,0.8,0.6714285714285715,1.0,0.00576071051729809,0.15000000000000002,0.7052941176470588,0.01506036376634401,9
JVS_JVSMuSiC,mert_l3,3,97,60_20_20_speaker_disjoint,True,full_minus_voicing,mean_preserving,logf0_mean;logf0_std;logf0_p05;logf0_p50;logf0_p95;logf0_range;rms_mean;rms_std;duration_s;energy_mean;energy_std,G->S,20,0.05,14,20,0.7,0.5,0.9,0.65,1.0,0.5865104166666667,0.9166666666666666,0.004302960428939626,0.007034300853563442,0.85,0.7529166666666667,1.0,0.005760710517298073,0.35,0.7052941176470588,0.01506036376634401,9
JVS_JVSMuSiC,mert_l3,3,97,60_20_20_speaker_disjoint,True,row_shuffled_nuisance,mean_preserving,logf0_mean;logf0_std;logf0_p05;logf0_p50;logf0_p95;logf0_range;rms_mean;rms_std;duration_s;voiced_rate;energy_mean;energy_std,S->G,20,0.05,8,20,0.4,0.2,0.65,0.55,0.9,0.37645684523809525,0.7060238095238095,0.007526575078325559,0.013409346317737726,0.75,0.5430357142857143,3.0,0.010371582861484558,0.0,1.0,0.0005772431780173282,9
JVS_JVSMuSiC,mert_l3,3,97,60_20_20_speaker_disjoint,True,row_shuffled_nuisance,mean_preserving,logf0_mean;logf0_std;logf0_p05;logf0_p50;logf0_p95;logf0_range;rms_mean;rms_std;duration_s;voiced_rate;energy_mean;energy_std,G->S,20,0.05,7,20,0.35,0.15,0.6,0.4487500000000001,0.85,0.3638343253968254,0.6750049603174604,0.00775751688725672,0.012953407058114477,0.65,0.5182539682539682,2.5,0.010371582861484546,0.0,1.0,0.0005772431780173282,9
JVS_JVSMuSiC,mert_l3,3,97,60_20_20_speaker_disjoint,True,random_gaussian_nuisance,mean_preserving,logf0_mean;logf0_std;logf0_p05;logf0_p50;logf0_p95;logf0_range;rms_mean;rms_std;duration_s;voiced_rate;energy_mean;energy_std,S->G,20,0.05,7,20,0.35,0.15,0.55,0.7,1.0,0.388764880952381,0.7034404761904761,0.008156595024202752,0.013414018367658596,0.85,0.536547619047619,2.5,0.010682070258359638,-0.050000000000000044,1.0,0.0004301040210156204,12
JVS_JVSMuSiC,mert_l3,3,97,60_20_20_speaker_disjoint,True,random_gaussian_nuisance,mean_preserving,logf0_mean;logf0_std;logf0_p05;logf0_p50;logf0_p95;logf0_range;rms_mean;rms_std;duration_s;voiced_rate;energy_mean;energy_std,G->S,20,0.05,8,20,0.4,0.2,0.65,0.5,0.9,0.37450145687645686,0.725899621212121,0.0075660014983165175,0.013761234537237824,0.7,0.5488082750582751,2.5,0.010682070258359645,0.050000000000000044,1.0,0.0004301040210156204,12
JVS_JVSMuSiC,mert_l3,3,97,60_20_20_speaker_disjoint,True,random_low_rank_projection,mean_preserving,random_dir_0;random_dir_1;random_dir_2;random_dir_3;random_dir_4;random_dir_5;random_dir_6;random_dir_7;random_dir_8;random_dir_9;random_dir_10;random_dir_11,S->G,20,0.05,8,20,0.4,0.2,0.6,0.7,1.0,0.39193749999999994,0.7305729166666665,0.0076210239977086225,0.013569462202920992,0.85,0.5509722222222222,2.5,0.010614555011919758,0.0,1.0,0.0003034803089360105,12
JVS_JVSMuSiC,mert_l3,3,97,60_20_20_speaker_disjoint,True,random_low_rank_projection,mean_preserving,random_dir_0;random_dir_1;random_dir_2;random_dir_3;random_dir_4;random_dir_5;random_dir_6;random_dir_7;random_dir_8;random_dir_9;random_dir_10;random_dir_11,G->S,20,0.05,7,20,0.35,0.15,0.55,0.5,0.9,0.35970436507936504,0.687282738095238,0.007737938224334026,0.013585508168578982,0.7,0.5140873015873015,2.5,0.010614555011919819,0.0,1.0,0.0003034803089360105,12
