dataset,model,layer,split_seed,condition_id,score_family,origin,alignment,covariance_method,shrinkage,lda_dim,train_speakers,dev_speakers,test_speakers,transform_hash,pair_group,is_corrected,R1,R5,MRR,mean_rank,median_rank,ROC_AUC,EER,genuine_mean,genuine_sd,impostor_mean,impostor_sd,margin,n_genuine,n_impostor,calibration_source,calibration_threshold,achieved_calibration_FMR,TMR_FMR1
JVS_JVSMuSiC,wavlm_l12,12,13,cos_o0_none,cosine,zero,none,none,,,jvs001;jvs002;jvs007;jvs008;jvs014;jvs016;jvs017;jvs018;jvs021;jvs023;jvs024;jvs026;jvs028;jvs029;jvs030;jvs031;jvs033;jvs034;jvs035;jvs037;jvs038;jvs039;jvs040;jvs045;jvs046;jvs048;jvs050;jvs052;jvs053;jvs054;jvs055;jvs056;jvs060;jvs062;jvs064;jvs065;jvs066;jvs067;jvs069;jvs070;jvs073;jvs074;jvs077;jvs078;jvs079;jvs081;jvs082;jvs084;jvs085;jvs087;jvs088;jvs090;jvs091;jvs092;jvs093;jvs094;jvs096;jvs098;jvs099;jvs100,jvs003;jvs004;jvs009;jvs011;jvs012;jvs013;jvs015;jvs025;jvs036;jvs043;jvs047;jvs049;jvs051;jvs059;jvs068;jvs071;jvs075;jvs080;jvs083;jvs089,jvs005;jvs006;jvs010;jvs019;jvs020;jvs022;jvs027;jvs032;jvs041;jvs042;jvs044;jvs057;jvs058;jvs061;jvs063;jvs072;jvs076;jvs086;jvs095;jvs097,613a6f1ca8917eff7243,m1_o0,0,0.15,0.6,0.2882983193277311,7.4,5.0,0.6525,0.38815789473684215,0.9727622289426059,0.003998066710496764,0.970121518134044,0.0055040565788694665,0.0026407108085618747,20,380,dev_speakers,0.9799859856204487,0.007894736842105263,0.0
JVS_JVSMuSiC,wavlm_l12,12,13,cos_o0_query,cosine,zero,query,none,,,jvs001;jvs002;jvs007;jvs008;jvs014;jvs016;jvs017;jvs018;jvs021;jvs023;jvs024;jvs026;jvs028;jvs029;jvs030;jvs031;jvs033;jvs034;jvs035;jvs037;jvs038;jvs039;jvs040;jvs045;jvs046;jvs048;jvs050;jvs052;jvs053;jvs054;jvs055;jvs056;jvs060;jvs062;jvs064;jvs065;jvs066;jvs067;jvs069;jvs070;jvs073;jvs074;jvs077;jvs078;jvs079;jvs081;jvs082;jvs084;jvs085;jvs087;jvs088;jvs090;jvs091;jvs092;jvs093;jvs094;jvs096;jvs098;jvs099;jvs100,jvs003;jvs004;jvs009;jvs011;jvs012;jvs013;jvs015;jvs025;jvs036;jvs043;jvs047;jvs049;jvs051;jvs059;jvs068;jvs071;jvs075;jvs080;jvs083;jvs089,jvs005;jvs006;jvs010;jvs019;jvs020;jvs022;jvs027;jvs032;jvs041;jvs042;jvs044;jvs057;jvs058;jvs061;jvs063;jvs072;jvs076;jvs086;jvs095;jvs097,613a6f1ca8917eff7243,m1_o0,1,0.45,0.85,0.6128739316239316,3.55,2.0,0.8428947368421053,0.1986842105263158,0.9957489962635749,0.001582867678452074,0.9931830291408679,0.0025104825522392713,0.002565967122707069,20,380,dev_speakers,0.9973375739745692,0.007894736842105263,0.15
JVS_JVSMuSiC,wavlm_l12,12,13,cos_o0_sym,cosine,zero,symmetric,none,,,jvs001;jvs002;jvs007;jvs008;jvs014;jvs016;jvs017;jvs018;jvs021;jvs023;jvs024;jvs026;jvs028;jvs029;jvs030;jvs031;jvs033;jvs034;jvs035;jvs037;jvs038;jvs039;jvs040;jvs045;jvs046;jvs048;jvs050;jvs052;jvs053;jvs054;jvs055;jvs056;jvs060;jvs062;jvs064;jvs065;jvs066;jvs067;jvs069;jvs070;jvs073;jvs074;jvs077;jvs078;jvs079;jvs081;jvs082;jvs084;jvs085;jvs087;jvs088;jvs090;jvs091;jvs092;jvs093;jvs094;jvs096;jvs098;jvs099;jvs100,jvs003;jvs004;jvs009;jvs011;jvs012;jvs013;jvs015;jvs025;jvs036;jvs043;jvs047;jvs049;jvs051;jvs059;jvs068;jvs071;jvs075;jvs080;jvs083;jvs089,jvs005;jvs006;jvs010;jvs019;jvs020;jvs022;jvs027;jvs032;jvs041;jvs042;jvs044;jvs057;jvs058;jvs061;jvs063;jvs072;jvs076;jvs086;jvs095;jvs097,613a6f1ca8917eff7243,m1_o0_sym,1,0.45,0.85,0.6038461538461539,3.65,2.0,0.8442105263157895,0.2,0.9955693821162971,0.0016399842214914683,0.9928915638582685,0.002602249452464922,0.002677818258028597,20,380,dev_speakers,0.9972198786119041,0.007894736842105263,0.15
JVS_JVSMuSiC,wavlm_l12,12,13,cos_om_none,cosine,pooled_train_midpoint,none,none,,,jvs001;jvs002;jvs007;jvs008;jvs014;jvs016;jvs017;jvs018;jvs021;jvs023;jvs024;jvs026;jvs028;jvs029;jvs030;jvs031;jvs033;jvs034;jvs035;jvs037;jvs038;jvs039;jvs040;jvs045;jvs046;jvs048;jvs050;jvs052;jvs053;jvs054;jvs055;jvs056;jvs060;jvs062;jvs064;jvs065;jvs066;jvs067;jvs069;jvs070;jvs073;jvs074;jvs077;jvs078;jvs079;jvs081;jvs082;jvs084;jvs085;jvs087;jvs088;jvs090;jvs091;jvs092;jvs093;jvs094;jvs096;jvs098;jvs099;jvs100,jvs003;jvs004;jvs009;jvs011;jvs012;jvs013;jvs015;jvs025;jvs036;jvs043;jvs047;jvs049;jvs051;jvs059;jvs068;jvs071;jvs075;jvs080;jvs083;jvs089,jvs005;jvs006;jvs010;jvs019;jvs020;jvs022;jvs027;jvs032;jvs041;jvs042;jvs044;jvs057;jvs058;jvs061;jvs063;jvs072;jvs076;jvs086;jvs095;jvs097,613a6f1ca8917eff7243,m1_om,0,0.1,0.55,0.3297268907563025,5.45,5.0,0.7764473684210527,0.3,-0.49812152819323946,0.13418476842969917,-0.6320076058924317,0.12644359599599153,0.1338860776991922,20,380,dev_speakers,0.16067715322133896,0.007894736842105263,0.0
JVS_JVSMuSiC,wavlm_l12,12,13,cos_om_query,cosine,pooled_train_midpoint,query,none,,,jvs001;jvs002;jvs007;jvs008;jvs014;jvs016;jvs017;jvs018;jvs021;jvs023;jvs024;jvs026;jvs028;jvs029;jvs030;jvs031;jvs033;jvs034;jvs035;jvs037;jvs038;jvs039;jvs040;jvs045;jvs046;jvs048;jvs050;jvs052;jvs053;jvs054;jvs055;jvs056;jvs060;jvs062;jvs064;jvs065;jvs066;jvs067;jvs069;jvs070;jvs073;jvs074;jvs077;jvs078;jvs079;jvs081;jvs082;jvs084;jvs085;jvs087;jvs088;jvs090;jvs091;jvs092;jvs093;jvs094;jvs096;jvs098;jvs099;jvs100,jvs003;jvs004;jvs009;jvs011;jvs012;jvs013;jvs015;jvs025;jvs036;jvs043;jvs047;jvs049;jvs051;jvs059;jvs068;jvs071;jvs075;jvs080;jvs083;jvs089,jvs005;jvs006;jvs010;jvs019;jvs020;jvs022;jvs027;jvs032;jvs041;jvs042;jvs044;jvs057;jvs058;jvs061;jvs063;jvs072;jvs076;jvs086;jvs095;jvs097,613a6f1ca8917eff7243,m1_om,1,0.5,0.7,0.6031250000000001,4.25,1.5,0.8178947368421052,0.2618421052631579,0.7606972609261218,0.08423704902442386,0.6219789209697154,0.12726822176038965,0.13871833995640637,20,380,dev_speakers,0.8655493833648076,0.007894736842105263,0.15
JVS_JVSMuSiC,wavlm_l12,12,13,cos_om_sym,cosine,pooled_train_midpoint,symmetric,none,,,jvs001;jvs002;jvs007;jvs008;jvs014;jvs016;jvs017;jvs018;jvs021;jvs023;jvs024;jvs026;jvs028;jvs029;jvs030;jvs031;jvs033;jvs034;jvs035;jvs037;jvs038;jvs039;jvs040;jvs045;jvs046;jvs048;jvs050;jvs052;jvs053;jvs054;jvs055;jvs056;jvs060;jvs062;jvs064;jvs065;jvs066;jvs067;jvs069;jvs070;jvs073;jvs074;jvs077;jvs078;jvs079;jvs081;jvs082;jvs084;jvs085;jvs087;jvs088;jvs090;jvs091;jvs092;jvs093;jvs094;jvs096;jvs098;jvs099;jvs100,jvs003;jvs004;jvs009;jvs011;jvs012;jvs013;jvs015;jvs025;jvs036;jvs043;jvs047;jvs049;jvs051;jvs059;jvs068;jvs071;jvs075;jvs080;jvs083;jvs089,jvs005;jvs006;jvs010;jvs019;jvs020;jvs022;jvs027;jvs032;jvs041;jvs042;jvs044;jvs057;jvs058;jvs061;jvs063;jvs072;jvs076;jvs086;jvs095;jvs097,613a6f1ca8917eff7243,m1_om_sym,1,0.75,0.95,0.8466666666666667,1.7,1.0,0.9615789473684211,0.1,0.4097418627311303,0.11544359404242407,-0.004017639237594186,0.19036022408832903,0.41375950196872446,20,380,dev_speakers,0.646127708815287,0.007894736842105263,0.0
JVS_JVSMuSiC,wavlm_l12,12,13,euclidean_raw,euclidean,origin_invariant,none,none,,,jvs001;jvs002;jvs007;jvs008;jvs014;jvs016;jvs017;jvs018;jvs021;jvs023;jvs024;jvs026;jvs028;jvs029;jvs030;jvs031;jvs033;jvs034;jvs035;jvs037;jvs038;jvs039;jvs040;jvs045;jvs046;jvs048;jvs050;jvs052;jvs053;jvs054;jvs055;jvs056;jvs060;jvs062;jvs064;jvs065;jvs066;jvs067;jvs069;jvs070;jvs073;jvs074;jvs077;jvs078;jvs079;jvs081;jvs082;jvs084;jvs085;jvs087;jvs088;jvs090;jvs091;jvs092;jvs093;jvs094;jvs096;jvs098;jvs099;jvs100,jvs003;jvs004;jvs009;jvs011;jvs012;jvs013;jvs015;jvs025;jvs036;jvs043;jvs047;jvs049;jvs051;jvs059;jvs068;jvs071;jvs075;jvs080;jvs083;jvs089,jvs005;jvs006;jvs010;jvs019;jvs020;jvs022;jvs027;jvs032;jvs041;jvs042;jvs044;jvs057;jvs058;jvs061;jvs063;jvs072;jvs076;jvs086;jvs095;jvs097,613a6f1ca8917eff7243,m3_euclidean,0,0.1,0.6,0.2597916666666667,7.6,5.0,0.6486842105263158,0.4,-1.9836765462296015,0.29633666128043556,-2.173217112080813,0.41026224407800593,0.18954056585121126,20,380,dev_speakers,-1.4419509386231653,0.007894736842105263,0.0
JVS_JVSMuSiC,wavlm_l12,12,13,euclidean_query,euclidean,origin_invariant,query,none,,,jvs001;jvs002;jvs007;jvs008;jvs014;jvs016;jvs017;jvs018;jvs021;jvs023;jvs024;jvs026;jvs028;jvs029;jvs030;jvs031;jvs033;jvs034;jvs035;jvs037;jvs038;jvs039;jvs040;jvs045;jvs046;jvs048;jvs050;jvs052;jvs053;jvs054;jvs055;jvs056;jvs060;jvs062;jvs064;jvs065;jvs066;jvs067;jvs069;jvs070;jvs073;jvs074;jvs077;jvs078;jvs079;jvs081;jvs082;jvs084;jvs085;jvs087;jvs088;jvs090;jvs091;jvs092;jvs093;jvs094;jvs096;jvs098;jvs099;jvs100,jvs003;jvs004;jvs009;jvs011;jvs012;jvs013;jvs015;jvs025;jvs036;jvs043;jvs047;jvs049;jvs051;jvs059;jvs068;jvs071;jvs075;jvs080;jvs083;jvs089,jvs005;jvs006;jvs010;jvs019;jvs020;jvs022;jvs027;jvs032;jvs041;jvs042;jvs044;jvs057;jvs058;jvs061;jvs063;jvs072;jvs076;jvs086;jvs095;jvs097,613a6f1ca8917eff7243,m3_euclidean,1,0.45,0.85,0.5996794871794872,3.7,2.0,0.8435526315789473,0.2,-0.3164697876513124,0.11641128224582137,-0.5060103535025307,0.18532208811384895,0.18954056585121826,20,380,dev_speakers,-0.1986092286947212,0.007894736842105263,0.15
JVS_JVSMuSiC,wavlm_l12,12,13,oas_whitened_cosine_raw,oas_whitened_cosine,pooled_train_midpoint,none,OAS,0.02759659514158008,,jvs001;jvs002;jvs007;jvs008;jvs014;jvs016;jvs017;jvs018;jvs021;jvs023;jvs024;jvs026;jvs028;jvs029;jvs030;jvs031;jvs033;jvs034;jvs035;jvs037;jvs038;jvs039;jvs040;jvs045;jvs046;jvs048;jvs050;jvs052;jvs053;jvs054;jvs055;jvs056;jvs060;jvs062;jvs064;jvs065;jvs066;jvs067;jvs069;jvs070;jvs073;jvs074;jvs077;jvs078;jvs079;jvs081;jvs082;jvs084;jvs085;jvs087;jvs088;jvs090;jvs091;jvs092;jvs093;jvs094;jvs096;jvs098;jvs099;jvs100,jvs003;jvs004;jvs009;jvs011;jvs012;jvs013;jvs015;jvs025;jvs036;jvs043;jvs047;jvs049;jvs051;jvs059;jvs068;jvs071;jvs075;jvs080;jvs083;jvs089,jvs005;jvs006;jvs010;jvs019;jvs020;jvs022;jvs027;jvs032;jvs041;jvs042;jvs044;jvs057;jvs058;jvs061;jvs063;jvs072;jvs076;jvs086;jvs095;jvs097,bb482cedb68072420ee2,m2_oas_whitened_cosine,0,0.8,1.0,0.8666666666666668,1.45,1.0,0.9793421052631579,0.09605263157894736,0.20558971701828632,0.06744457953403721,0.004113256699165507,0.07642783867765293,0.2014764603191208,20,380,dev_speakers,0.2328229535839474,0.007894736842105263,0.35
JVS_JVSMuSiC,wavlm_l12,12,13,oas_whitened_cosine_query,oas_whitened_cosine,pooled_train_midpoint,query,OAS,0.02759659514158008,,jvs001;jvs002;jvs007;jvs008;jvs014;jvs016;jvs017;jvs018;jvs021;jvs023;jvs024;jvs026;jvs028;jvs029;jvs030;jvs031;jvs033;jvs034;jvs035;jvs037;jvs038;jvs039;jvs040;jvs045;jvs046;jvs048;jvs050;jvs052;jvs053;jvs054;jvs055;jvs056;jvs060;jvs062;jvs064;jvs065;jvs066;jvs067;jvs069;jvs070;jvs073;jvs074;jvs077;jvs078;jvs079;jvs081;jvs082;jvs084;jvs085;jvs087;jvs088;jvs090;jvs091;jvs092;jvs093;jvs094;jvs096;jvs098;jvs099;jvs100,jvs003;jvs004;jvs009;jvs011;jvs012;jvs013;jvs015;jvs025;jvs036;jvs043;jvs047;jvs049;jvs051;jvs059;jvs068;jvs071;jvs075;jvs080;jvs083;jvs089,jvs005;jvs006;jvs010;jvs019;jvs020;jvs022;jvs027;jvs032;jvs041;jvs042;jvs044;jvs057;jvs058;jvs061;jvs063;jvs072;jvs076;jvs086;jvs095;jvs097,bb482cedb68072420ee2,m2_oas_whitened_cosine,1,0.8,1.0,0.8666666666666668,1.45,1.0,0.979078947368421,0.09605263157894736,0.20682120314339764,0.06735751296576224,0.005351024305144675,0.07640129122653687,0.20147017883825297,20,380,dev_speakers,0.23350142299228685,0.007894736842105263,0.35
JVS_JVSMuSiC,wavlm_l12,12,13,oas_mahalanobis_raw,oas_mahalanobis,origin_invariant,none,OAS,0.02759659514158008,,jvs001;jvs002;jvs007;jvs008;jvs014;jvs016;jvs017;jvs018;jvs021;jvs023;jvs024;jvs026;jvs028;jvs029;jvs030;jvs031;jvs033;jvs034;jvs035;jvs037;jvs038;jvs039;jvs040;jvs045;jvs046;jvs048;jvs050;jvs052;jvs053;jvs054;jvs055;jvs056;jvs060;jvs062;jvs064;jvs065;jvs066;jvs067;jvs069;jvs070;jvs073;jvs074;jvs077;jvs078;jvs079;jvs081;jvs082;jvs084;jvs085;jvs087;jvs088;jvs090;jvs091;jvs092;jvs093;jvs094;jvs096;jvs098;jvs099;jvs100,jvs003;jvs004;jvs009;jvs011;jvs012;jvs013;jvs015;jvs025;jvs036;jvs043;jvs047;jvs049;jvs051;jvs059;jvs068;jvs071;jvs075;jvs080;jvs083;jvs089,jvs005;jvs006;jvs010;jvs019;jvs020;jvs022;jvs027;jvs032;jvs041;jvs042;jvs044;jvs057;jvs058;jvs061;jvs063;jvs072;jvs076;jvs086;jvs095;jvs097,bb482cedb68072420ee2,m4_oas_mahalanobis,0,0.3,0.4,0.3944233544233544,7.55,8.0,0.6730263157894737,0.4,-3693.3787148643287,1314.193675833407,-4409.005814475046,1523.536962010452,715.6270996107169,20,380,dev_speakers,-2837.5946744200774,0.007894736842105263,0.3
JVS_JVSMuSiC,wavlm_l12,12,13,oas_mahalanobis_query,oas_mahalanobis,origin_invariant,query,OAS,0.02759659514158008,,jvs001;jvs002;jvs007;jvs008;jvs014;jvs016;jvs017;jvs018;jvs021;jvs023;jvs024;jvs026;jvs028;jvs029;jvs030;jvs031;jvs033;jvs034;jvs035;jvs037;jvs038;jvs039;jvs040;jvs045;jvs046;jvs048;jvs050;jvs052;jvs053;jvs054;jvs055;jvs056;jvs060;jvs062;jvs064;jvs065;jvs066;jvs067;jvs069;jvs070;jvs073;jvs074;jvs077;jvs078;jvs079;jvs081;jvs082;jvs084;jvs085;jvs087;jvs088;jvs090;jvs091;jvs092;jvs093;jvs094;jvs096;jvs098;jvs099;jvs100,jvs003;jvs004;jvs009;jvs011;jvs012;jvs013;jvs015;jvs025;jvs036;jvs043;jvs047;jvs049;jvs051;jvs059;jvs068;jvs071;jvs075;jvs080;jvs083;jvs089,jvs005;jvs006;jvs010;jvs019;jvs020;jvs022;jvs027;jvs032;jvs041;jvs042;jvs044;jvs057;jvs058;jvs061;jvs063;jvs072;jvs076;jvs086;jvs095;jvs097,bb482cedb68072420ee2,m4_oas_mahalanobis,1,0.3,0.4,0.3944233544233544,7.55,8.0,0.6727631578947368,0.4,-3689.3461641090457,1314.3829057845185,-4404.973263720019,1523.8003244984757,715.6270996109729,20,380,dev_speakers,-2833.3771521523595,0.007894736842105263,0.3
JVS_JVSMuSiC,wavlm_l12,12,13,lda_cosine_raw,lda_cosine,lda_internal_centering,none,LDA_analytic_OAS_shrinkage,1.0,59,jvs001;jvs002;jvs007;jvs008;jvs014;jvs016;jvs017;jvs018;jvs021;jvs023;jvs024;jvs026;jvs028;jvs029;jvs030;jvs031;jvs033;jvs034;jvs035;jvs037;jvs038;jvs039;jvs040;jvs045;jvs046;jvs048;jvs050;jvs052;jvs053;jvs054;jvs055;jvs056;jvs060;jvs062;jvs064;jvs065;jvs066;jvs067;jvs069;jvs070;jvs073;jvs074;jvs077;jvs078;jvs079;jvs081;jvs082;jvs084;jvs085;jvs087;jvs088;jvs090;jvs091;jvs092;jvs093;jvs094;jvs096;jvs098;jvs099;jvs100,jvs003;jvs004;jvs009;jvs011;jvs012;jvs013;jvs015;jvs025;jvs036;jvs043;jvs047;jvs049;jvs051;jvs059;jvs068;jvs071;jvs075;jvs080;jvs083;jvs089,jvs005;jvs006;jvs010;jvs019;jvs020;jvs022;jvs027;jvs032;jvs041;jvs042;jvs044;jvs057;jvs058;jvs061;jvs063;jvs072;jvs076;jvs086;jvs095;jvs097,013bfbeccaedc39f6188,m5_lda_cosine_k59,0,0.35,0.75,0.5405555555555555,4.2,2.0,0.8243421052631579,0.25,0.22708056411470282,0.16616234636088253,0.00924758942041913,0.1620600031590726,0.2178329746942837,20,380,dev_speakers,0.3638024731177147,0.007894736842105263,0.2
JVS_JVSMuSiC,wavlm_l12,12,13,lda_cosine_query,lda_cosine,lda_internal_centering,query,LDA_analytic_OAS_shrinkage,1.0,59,jvs001;jvs002;jvs007;jvs008;jvs014;jvs016;jvs017;jvs018;jvs021;jvs023;jvs024;jvs026;jvs028;jvs029;jvs030;jvs031;jvs033;jvs034;jvs035;jvs037;jvs038;jvs039;jvs040;jvs045;jvs046;jvs048;jvs050;jvs052;jvs053;jvs054;jvs055;jvs056;jvs060;jvs062;jvs064;jvs065;jvs066;jvs067;jvs069;jvs070;jvs073;jvs074;jvs077;jvs078;jvs079;jvs081;jvs082;jvs084;jvs085;jvs087;jvs088;jvs090;jvs091;jvs092;jvs093;jvs094;jvs096;jvs098;jvs099;jvs100,jvs003;jvs004;jvs009;jvs011;jvs012;jvs013;jvs015;jvs025;jvs036;jvs043;jvs047;jvs049;jvs051;jvs059;jvs068;jvs071;jvs075;jvs080;jvs083;jvs089,jvs005;jvs006;jvs010;jvs019;jvs020;jvs022;jvs027;jvs032;jvs041;jvs042;jvs044;jvs057;jvs058;jvs061;jvs063;jvs072;jvs076;jvs086;jvs095;jvs097,013bfbeccaedc39f6188,m5_lda_cosine_k59,1,0.35,0.75,0.5405555555555555,4.2,2.0,0.8248684210526316,0.25,0.22718139780176544,0.1659465717219475,0.009280499998588593,0.1620594243819869,0.21790089780317684,20,380,dev_speakers,0.3627780991273565,0.007894736842105263,0.2
JVS_JVSMuSiC,wavlm_l12,12,17,cos_o0_none,cosine,zero,none,none,,,jvs003;jvs006;jvs008;jvs012;jvs013;jvs014;jvs015;jvs016;jvs017;jvs018;jvs019;jvs020;jvs021;jvs022;jvs023;jvs024;jvs027;jvs028;jvs029;jvs031;jvs032;jvs033;jvs035;jvs036;jvs039;jvs041;jvs043;jvs044;jvs046;jvs047;jvs049;jvs051;jvs052;jvs053;jvs054;jvs055;jvs058;jvs059;jvs061;jvs062;jvs064;jvs066;jvs067;jvs068;jvs070;jvs071;jvs072;jvs074;jvs077;jvs078;jvs079;jvs081;jvs084;jvs085;jvs088;jvs094;jvs095;jvs098;jvs099;jvs100,jvs001;jvs004;jvs005;jvs007;jvs009;jvs010;jvs025;jvs026;jvs034;jvs037;jvs038;jvs045;jvs057;jvs060;jvs082;jvs087;jvs089;jvs092;jvs093;jvs096,jvs002;jvs011;jvs030;jvs040;jvs042;jvs048;jvs050;jvs056;jvs063;jvs065;jvs069;jvs073;jvs075;jvs076;jvs080;jvs083;jvs086;jvs090;jvs091;jvs097,2ef53cb89f57977351c1,m1_o0,0,0.3,0.45,0.3956944137304043,8.2,8.0,0.6082894736842105,0.4052631578947369,0.9741804049882713,0.004294138178818209,0.9715614245443679,0.006674662353986801,0.002618980443903407,20,380,dev_speakers,0.9830743810735336,0.007894736842105263,0.0
JVS_JVSMuSiC,wavlm_l12,12,17,cos_o0_query,cosine,zero,query,none,,,jvs003;jvs006;jvs008;jvs012;jvs013;jvs014;jvs015;jvs016;jvs017;jvs018;jvs019;jvs020;jvs021;jvs022;jvs023;jvs024;jvs027;jvs028;jvs029;jvs031;jvs032;jvs033;jvs035;jvs036;jvs039;jvs041;jvs043;jvs044;jvs046;jvs047;jvs049;jvs051;jvs052;jvs053;jvs054;jvs055;jvs058;jvs059;jvs061;jvs062;jvs064;jvs066;jvs067;jvs068;jvs070;jvs071;jvs072;jvs074;jvs077;jvs078;jvs079;jvs081;jvs084;jvs085;jvs088;jvs094;jvs095;jvs098;jvs099;jvs100,jvs001;jvs004;jvs005;jvs007;jvs009;jvs010;jvs025;jvs026;jvs034;jvs037;jvs038;jvs045;jvs057;jvs060;jvs082;jvs087;jvs089;jvs092;jvs093;jvs096,jvs002;jvs011;jvs030;jvs040;jvs042;jvs048;jvs050;jvs056;jvs063;jvs065;jvs069;jvs073;jvs075;jvs076;jvs080;jvs083;jvs086;jvs090;jvs091;jvs097,2ef53cb89f57977351c1,m1_o0,1,0.45,0.65,0.5736011904761905,4.15,2.0,0.7940789473684211,0.25,0.9958494663996096,0.0017227445190482222,0.9933099332908464,0.002922342591280859,0.0025395331087632034,20,380,dev_speakers,0.9972853495367553,0.007894736842105263,0.25
JVS_JVSMuSiC,wavlm_l12,12,17,cos_o0_sym,cosine,zero,symmetric,none,,,jvs003;jvs006;jvs008;jvs012;jvs013;jvs014;jvs015;jvs016;jvs017;jvs018;jvs019;jvs020;jvs021;jvs022;jvs023;jvs024;jvs027;jvs028;jvs029;jvs031;jvs032;jvs033;jvs035;jvs036;jvs039;jvs041;jvs043;jvs044;jvs046;jvs047;jvs049;jvs051;jvs052;jvs053;jvs054;jvs055;jvs058;jvs059;jvs061;jvs062;jvs064;jvs066;jvs067;jvs068;jvs070;jvs071;jvs072;jvs074;jvs077;jvs078;jvs079;jvs081;jvs084;jvs085;jvs088;jvs094;jvs095;jvs098;jvs099;jvs100,jvs001;jvs004;jvs005;jvs007;jvs009;jvs010;jvs025;jvs026;jvs034;jvs037;jvs038;jvs045;jvs057;jvs060;jvs082;jvs087;jvs089;jvs092;jvs093;jvs096,jvs002;jvs011;jvs030;jvs040;jvs042;jvs048;jvs050;jvs056;jvs063;jvs065;jvs069;jvs073;jvs075;jvs076;jvs080;jvs083;jvs086;jvs090;jvs091;jvs097,2ef53cb89f57977351c1,m1_o0_sym,1,0.45,0.65,0.5736011904761905,4.15,2.0,0.7938157894736843,0.25,0.9956586440833141,0.0018009421348819644,0.9930048205549312,0.0030495403260832913,0.002653823528382837,20,380,dev_speakers,0.9971589485002976,0.007894736842105263,0.25
JVS_JVSMuSiC,wavlm_l12,12,17,cos_om_none,cosine,pooled_train_midpoint,none,none,,,jvs003;jvs006;jvs008;jvs012;jvs013;jvs014;jvs015;jvs016;jvs017;jvs018;jvs019;jvs020;jvs021;jvs022;jvs023;jvs024;jvs027;jvs028;jvs029;jvs031;jvs032;jvs033;jvs035;jvs036;jvs039;jvs041;jvs043;jvs044;jvs046;jvs047;jvs049;jvs051;jvs052;jvs053;jvs054;jvs055;jvs058;jvs059;jvs061;jvs062;jvs064;jvs066;jvs067;jvs068;jvs070;jvs071;jvs072;jvs074;jvs077;jvs078;jvs079;jvs081;jvs084;jvs085;jvs088;jvs094;jvs095;jvs098;jvs099;jvs100,jvs001;jvs004;jvs005;jvs007;jvs009;jvs010;jvs025;jvs026;jvs034;jvs037;jvs038;jvs045;jvs057;jvs060;jvs082;jvs087;jvs089;jvs092;jvs093;jvs096,jvs002;jvs011;jvs030;jvs040;jvs042;jvs048;jvs050;jvs056;jvs063;jvs065;jvs069;jvs073;jvs075;jvs076;jvs080;jvs083;jvs086;jvs090;jvs091;jvs097,2ef53cb89f57977351c1,m1_om,0,0.2,0.45,0.34987364243943186,6.45,6.5,0.7086842105263158,0.3960526315789474,-0.495047578460734,0.194117227717393,-0.623143322766674,0.12275944357763183,0.12809574430593995,20,380,dev_speakers,-0.0784269717263523,0.007894736842105263,0.05
JVS_JVSMuSiC,wavlm_l12,12,17,cos_om_query,cosine,pooled_train_midpoint,query,none,,,jvs003;jvs006;jvs008;jvs012;jvs013;jvs014;jvs015;jvs016;jvs017;jvs018;jvs019;jvs020;jvs021;jvs022;jvs023;jvs024;jvs027;jvs028;jvs029;jvs031;jvs032;jvs033;jvs035;jvs036;jvs039;jvs041;jvs043;jvs044;jvs046;jvs047;jvs049;jvs051;jvs052;jvs053;jvs054;jvs055;jvs058;jvs059;jvs061;jvs062;jvs064;jvs066;jvs067;jvs068;jvs070;jvs071;jvs072;jvs074;jvs077;jvs078;jvs079;jvs081;jvs084;jvs085;jvs088;jvs094;jvs095;jvs098;jvs099;jvs100,jvs001;jvs004;jvs005;jvs007;jvs009;jvs010;jvs025;jvs026;jvs034;jvs037;jvs038;jvs045;jvs057;jvs060;jvs082;jvs087;jvs089;jvs092;jvs093;jvs096,jvs002;jvs011;jvs030;jvs040;jvs042;jvs048;jvs050;jvs056;jvs063;jvs065;jvs069;jvs073;jvs075;jvs076;jvs080;jvs083;jvs086;jvs090;jvs091;jvs097,2ef53cb89f57977351c1,m1_om,1,0.5,0.6,0.5793638306138307,4.45,2.0,0.7928947368421052,0.30657894736842106,0.7673207605500849,0.085996643073093,0.6240923974314998,0.1496414249606569,0.1432283631185851,20,380,dev_speakers,0.8621174222784616,0.007894736842105263,0.15
JVS_JVSMuSiC,wavlm_l12,12,17,cos_om_sym,cosine,pooled_train_midpoint,symmetric,none,,,jvs003;jvs006;jvs008;jvs012;jvs013;jvs014;jvs015;jvs016;jvs017;jvs018;jvs019;jvs020;jvs021;jvs022;jvs023;jvs024;jvs027;jvs028;jvs029;jvs031;jvs032;jvs033;jvs035;jvs036;jvs039;jvs041;jvs043;jvs044;jvs046;jvs047;jvs049;jvs051;jvs052;jvs053;jvs054;jvs055;jvs058;jvs059;jvs061;jvs062;jvs064;jvs066;jvs067;jvs068;jvs070;jvs071;jvs072;jvs074;jvs077;jvs078;jvs079;jvs081;jvs084;jvs085;jvs088;jvs094;jvs095;jvs098;jvs099;jvs100,jvs001;jvs004;jvs005;jvs007;jvs009;jvs010;jvs025;jvs026;jvs034;jvs037;jvs038;jvs045;jvs057;jvs060;jvs082;jvs087;jvs089;jvs092;jvs093;jvs096,jvs002;jvs011;jvs030;jvs040;jvs042;jvs048;jvs050;jvs056;jvs063;jvs065;jvs069;jvs073;jvs075;jvs076;jvs080;jvs083;jvs086;jvs090;jvs091;jvs097,2ef53cb89f57977351c1,m1_om_sym,1,0.8,0.85,0.845021645021645,2.1,1.0,0.9423684210526316,0.1,0.3764154048235043,0.1394782270328255,0.0030810802968637887,0.1921723224678592,0.3733343245266405,20,380,dev_speakers,0.49376806250338984,0.007894736842105263,0.2
JVS_JVSMuSiC,wavlm_l12,12,17,euclidean_raw,euclidean,origin_invariant,none,none,,,jvs003;jvs006;jvs008;jvs012;jvs013;jvs014;jvs015;jvs016;jvs017;jvs018;jvs019;jvs020;jvs021;jvs022;jvs023;jvs024;jvs027;jvs028;jvs029;jvs031;jvs032;jvs033;jvs035;jvs036;jvs039;jvs041;jvs043;jvs044;jvs046;jvs047;jvs049;jvs051;jvs052;jvs053;jvs054;jvs055;jvs058;jvs059;jvs061;jvs062;jvs064;jvs066;jvs067;jvs068;jvs070;jvs071;jvs072;jvs074;jvs077;jvs078;jvs079;jvs081;jvs084;jvs085;jvs088;jvs094;jvs095;jvs098;jvs099;jvs100,jvs001;jvs004;jvs005;jvs007;jvs009;jvs010;jvs025;jvs026;jvs034;jvs037;jvs038;jvs045;jvs057;jvs060;jvs082;jvs087;jvs089;jvs092;jvs093;jvs096,jvs002;jvs011;jvs030;jvs040;jvs042;jvs048;jvs050;jvs056;jvs063;jvs065;jvs069;jvs073;jvs075;jvs076;jvs080;jvs083;jvs086;jvs090;jvs091;jvs097,2ef53cb89f57977351c1,m3_euclidean,0,0.25,0.45,0.3688888581748488,8.25,7.5,0.6042105263157894,0.4039473684210526,-1.8784593884827756,0.32603706649191894,-2.0657834430341686,0.49582850955183067,0.187324054551393,20,380,dev_speakers,-1.1980781861090293,0.007894736842105263,0.0
JVS_JVSMuSiC,wavlm_l12,12,17,euclidean_query,euclidean,origin_invariant,query,none,,,jvs003;jvs006;jvs008;jvs012;jvs013;jvs014;jvs015;jvs016;jvs017;jvs018;jvs019;jvs020;jvs021;jvs022;jvs023;jvs024;jvs027;jvs028;jvs029;jvs031;jvs032;jvs033;jvs035;jvs036;jvs039;jvs041;jvs043;jvs044;jvs046;jvs047;jvs049;jvs051;jvs052;jvs053;jvs054;jvs055;jvs058;jvs059;jvs061;jvs062;jvs064;jvs066;jvs067;jvs068;jvs070;jvs071;jvs072;jvs074;jvs077;jvs078;jvs079;jvs081;jvs084;jvs085;jvs088;jvs094;jvs095;jvs098;jvs099;jvs100,jvs001;jvs004;jvs005;jvs007;jvs009;jvs010;jvs025;jvs026;jvs034;jvs037;jvs038;jvs045;jvs057;jvs060;jvs082;jvs087;jvs089;jvs092;jvs093;jvs096,jvs002;jvs011;jvs030;jvs040;jvs042;jvs048;jvs050;jvs056;jvs063;jvs065;jvs069;jvs073;jvs075;jvs076;jvs080;jvs083;jvs086;jvs090;jvs091;jvs097,2ef53cb89f57977351c1,m3_euclidean,1,0.45,0.65,0.5711011904761906,4.2,2.0,0.7905263157894736,0.25,-0.31040030605622987,0.1304100404299036,-0.49772436060762093,0.21708188634717274,0.18732405455139106,20,380,dev_speakers,-0.20069696917373392,0.007894736842105263,0.2
JVS_JVSMuSiC,wavlm_l12,12,17,oas_whitened_cosine_raw,oas_whitened_cosine,pooled_train_midpoint,none,OAS,0.028381775369222546,,jvs003;jvs006;jvs008;jvs012;jvs013;jvs014;jvs015;jvs016;jvs017;jvs018;jvs019;jvs020;jvs021;jvs022;jvs023;jvs024;jvs027;jvs028;jvs029;jvs031;jvs032;jvs033;jvs035;jvs036;jvs039;jvs041;jvs043;jvs044;jvs046;jvs047;jvs049;jvs051;jvs052;jvs053;jvs054;jvs055;jvs058;jvs059;jvs061;jvs062;jvs064;jvs066;jvs067;jvs068;jvs070;jvs071;jvs072;jvs074;jvs077;jvs078;jvs079;jvs081;jvs084;jvs085;jvs088;jvs094;jvs095;jvs098;jvs099;jvs100,jvs001;jvs004;jvs005;jvs007;jvs009;jvs010;jvs025;jvs026;jvs034;jvs037;jvs038;jvs045;jvs057;jvs060;jvs082;jvs087;jvs089;jvs092;jvs093;jvs096,jvs002;jvs011;jvs030;jvs040;jvs042;jvs048;jvs050;jvs056;jvs063;jvs065;jvs069;jvs073;jvs075;jvs076;jvs080;jvs083;jvs086;jvs090;jvs091;jvs097,857600e5e8d77a661d4b,m2_oas_whitened_cosine,0,0.8,0.95,0.8612745098039216,2.05,1.0,0.9542105263157895,0.1,0.18750451286780595,0.07309850098194114,0.004898959451814982,0.07132861771280026,0.18260555341599097,20,380,dev_speakers,0.2033282414951489,0.007894736842105263,0.45
JVS_JVSMuSiC,wavlm_l12,12,17,oas_whitened_cosine_query,oas_whitened_cosine,pooled_train_midpoint,query,OAS,0.028381775369222546,,jvs003;jvs006;jvs008;jvs012;jvs013;jvs014;jvs015;jvs016;jvs017;jvs018;jvs019;jvs020;jvs021;jvs022;jvs023;jvs024;jvs027;jvs028;jvs029;jvs031;jvs032;jvs033;jvs035;jvs036;jvs039;jvs041;jvs043;jvs044;jvs046;jvs047;jvs049;jvs051;jvs052;jvs053;jvs054;jvs055;jvs058;jvs059;jvs061;jvs062;jvs064;jvs066;jvs067;jvs068;jvs070;jvs071;jvs072;jvs074;jvs077;jvs078;jvs079;jvs081;jvs084;jvs085;jvs088;jvs094;jvs095;jvs098;jvs099;jvs100,jvs001;jvs004;jvs005;jvs007;jvs009;jvs010;jvs025;jvs026;jvs034;jvs037;jvs038;jvs045;jvs057;jvs060;jvs082;jvs087;jvs089;jvs092;jvs093;jvs096,jvs002;jvs011;jvs030;jvs040;jvs042;jvs048;jvs050;jvs056;jvs063;jvs065;jvs069;jvs073;jvs075;jvs076;jvs080;jvs083;jvs086;jvs090;jvs091;jvs097,857600e5e8d77a661d4b,m2_oas_whitened_cosine,1,0.8,0.95,0.8612745098039216,2.05,1.0,0.9542105263157895,0.1,0.18878140463656043,0.07299210491460867,0.006176565416518983,0.07133056793186507,0.18260483922004145,20,380,dev_speakers,0.2035043685153271,0.007894736842105263,0.45
JVS_JVSMuSiC,wavlm_l12,12,17,oas_mahalanobis_raw,oas_mahalanobis,origin_invariant,none,OAS,0.028381775369222546,,jvs003;jvs006;jvs008;jvs012;jvs013;jvs014;jvs015;jvs016;jvs017;jvs018;jvs019;jvs020;jvs021;jvs022;jvs023;jvs024;jvs027;jvs028;jvs029;jvs031;jvs032;jvs033;jvs035;jvs036;jvs039;jvs041;jvs043;jvs044;jvs046;jvs047;jvs049;jvs051;jvs052;jvs053;jvs054;jvs055;jvs058;jvs059;jvs061;jvs062;jvs064;jvs066;jvs067;jvs068;jvs070;jvs071;jvs072;jvs074;jvs077;jvs078;jvs079;jvs081;jvs084;jvs085;jvs088;jvs094;jvs095;jvs098;jvs099;jvs100,jvs001;jvs004;jvs005;jvs007;jvs009;jvs010;jvs025;jvs026;jvs034;jvs037;jvs038;jvs045;jvs057;jvs060;jvs082;jvs087;jvs089;jvs092;jvs093;jvs096,jvs002;jvs011;jvs030;jvs040;jvs042;jvs048;jvs050;jvs056;jvs063;jvs065;jvs069;jvs073;jvs075;jvs076;jvs080;jvs083;jvs086;jvs090;jvs091;jvs097,857600e5e8d77a661d4b,m4_oas_mahalanobis,0,0.25,0.5,0.39567927170868344,6.85,5.5,0.6926315789473684,0.3605263157894737,-3251.4621817657726,761.0575741435154,-3855.3594365660397,944.7511905102599,603.8972548002671,20,380,dev_speakers,-2554.5524141951464,0.007894736842105263,0.15
JVS_JVSMuSiC,wavlm_l12,12,17,oas_mahalanobis_query,oas_mahalanobis,origin_invariant,query,OAS,0.028381775369222546,,jvs003;jvs006;jvs008;jvs012;jvs013;jvs014;jvs015;jvs016;jvs017;jvs018;jvs019;jvs020;jvs021;jvs022;jvs023;jvs024;jvs027;jvs028;jvs029;jvs031;jvs032;jvs033;jvs035;jvs036;jvs039;jvs041;jvs043;jvs044;jvs046;jvs047;jvs049;jvs051;jvs052;jvs053;jvs054;jvs055;jvs058;jvs059;jvs061;jvs062;jvs064;jvs066;jvs067;jvs068;jvs070;jvs071;jvs072;jvs074;jvs077;jvs078;jvs079;jvs081;jvs084;jvs085;jvs088;jvs094;jvs095;jvs098;jvs099;jvs100,jvs001;jvs004;jvs005;jvs007;jvs009;jvs010;jvs025;jvs026;jvs034;jvs037;jvs038;jvs045;jvs057;jvs060;jvs082;jvs087;jvs089;jvs092;jvs093;jvs096,jvs002;jvs011;jvs030;jvs040;jvs042;jvs048;jvs050;jvs056;jvs063;jvs065;jvs069;jvs073;jvs075;jvs076;jvs080;jvs083;jvs086;jvs090;jvs091;jvs097,857600e5e8d77a661d4b,m4_oas_mahalanobis,1,0.25,0.5,0.39567927170868344,6.85,5.5,0.6925,0.3605263157894737,-3247.5508957223037,761.1473879191161,-3851.4481505225117,944.8678972966325,603.897254800208,20,380,dev_speakers,-2550.396072572563,0.007894736842105263,0.15
JVS_JVSMuSiC,wavlm_l12,12,17,lda_cosine_raw,lda_cosine,lda_internal_centering,none,LDA_analytic_OAS_shrinkage,1.0,59,jvs003;jvs006;jvs008;jvs012;jvs013;jvs014;jvs015;jvs016;jvs017;jvs018;jvs019;jvs020;jvs021;jvs022;jvs023;jvs024;jvs027;jvs028;jvs029;jvs031;jvs032;jvs033;jvs035;jvs036;jvs039;jvs041;jvs043;jvs044;jvs046;jvs047;jvs049;jvs051;jvs052;jvs053;jvs054;jvs055;jvs058;jvs059;jvs061;jvs062;jvs064;jvs066;jvs067;jvs068;jvs070;jvs071;jvs072;jvs074;jvs077;jvs078;jvs079;jvs081;jvs084;jvs085;jvs088;jvs094;jvs095;jvs098;jvs099;jvs100,jvs001;jvs004;jvs005;jvs007;jvs009;jvs010;jvs025;jvs026;jvs034;jvs037;jvs038;jvs045;jvs057;jvs060;jvs082;jvs087;jvs089;jvs092;jvs093;jvs096,jvs002;jvs011;jvs030;jvs040;jvs042;jvs048;jvs050;jvs056;jvs063;jvs065;jvs069;jvs073;jvs075;jvs076;jvs080;jvs083;jvs086;jvs090;jvs091;jvs097,0268bdacd4664d350299,m5_lda_cosine_k59,0,0.3,0.6,0.44908730158730154,5.2,4.0,0.7726315789473684,0.34342105263157896,0.1971822913685639,0.17952285053844858,0.011408531782988576,0.15370622947155302,0.18577375958557535,20,380,dev_speakers,0.35393848223606855,0.007894736842105263,0.3
JVS_JVSMuSiC,wavlm_l12,12,17,lda_cosine_query,lda_cosine,lda_internal_centering,query,LDA_analytic_OAS_shrinkage,1.0,59,jvs003;jvs006;jvs008;jvs012;jvs013;jvs014;jvs015;jvs016;jvs017;jvs018;jvs019;jvs020;jvs021;jvs022;jvs023;jvs024;jvs027;jvs028;jvs029;jvs031;jvs032;jvs033;jvs035;jvs036;jvs039;jvs041;jvs043;jvs044;jvs046;jvs047;jvs049;jvs051;jvs052;jvs053;jvs054;jvs055;jvs058;jvs059;jvs061;jvs062;jvs064;jvs066;jvs067;jvs068;jvs070;jvs071;jvs072;jvs074;jvs077;jvs078;jvs079;jvs081;jvs084;jvs085;jvs088;jvs094;jvs095;jvs098;jvs099;jvs100,jvs001;jvs004;jvs005;jvs007;jvs009;jvs010;jvs025;jvs026;jvs034;jvs037;jvs038;jvs045;jvs057;jvs060;jvs082;jvs087;jvs089;jvs092;jvs093;jvs096,jvs002;jvs011;jvs030;jvs040;jvs042;jvs048;jvs050;jvs056;jvs063;jvs065;jvs069;jvs073;jvs075;jvs076;jvs080;jvs083;jvs086;jvs090;jvs091;jvs097,0268bdacd4664d350299,m5_lda_cosine_k59,1,0.3,0.6,0.44908730158730154,5.2,4.0,0.7732894736842105,0.34342105263157896,0.19724008072303012,0.17932356500336094,0.011418919301312079,0.15374489305782524,0.18582116142171803,20,380,dev_speakers,0.3535536484126982,0.007894736842105263,0.3
JVS_JVSMuSiC,wavlm_l12,12,19,cos_o0_none,cosine,zero,none,none,,,jvs001;jvs002;jvs004;jvs005;jvs006;jvs007;jvs008;jvs011;jvs016;jvs017;jvs018;jvs019;jvs020;jvs022;jvs025;jvs026;jvs027;jvs029;jvs031;jvs032;jvs033;jvs035;jvs036;jvs037;jvs038;jvs041;jvs043;jvs045;jvs047;jvs048;jvs053;jvs054;jvs058;jvs060;jvs061;jvs063;jvs064;jvs066;jvs067;jvs068;jvs069;jvs070;jvs071;jvs074;jvs076;jvs078;jvs079;jvs081;jvs082;jvs085;jvs087;jvs089;jvs091;jvs093;jvs094;jvs095;jvs096;jvs097;jvs098;jvs100,jvs010;jvs012;jvs013;jvs014;jvs015;jvs021;jvs024;jvs028;jvs034;jvs042;jvs044;jvs049;jvs050;jvs057;jvs059;jvs072;jvs075;jvs077;jvs086;jvs090,jvs003;jvs009;jvs023;jvs030;jvs039;jvs040;jvs046;jvs051;jvs052;jvs055;jvs056;jvs062;jvs065;jvs073;jvs080;jvs083;jvs084;jvs088;jvs092;jvs099,4ce1f5cc9e6db5a506d3,m1_o0,0,0.1,0.4,0.23381860678880803,8.85,8.5,0.5902631578947368,0.4421052631578948,0.9701998862642132,0.0072809059196760955,0.9670274736501654,0.011253434069526544,0.0031724126140477704,20,380,dev_speakers,0.9817831674296515,0.007894736842105263,0.0
JVS_JVSMuSiC,wavlm_l12,12,19,cos_o0_query,cosine,zero,query,none,,,jvs001;jvs002;jvs004;jvs005;jvs006;jvs007;jvs008;jvs011;jvs016;jvs017;jvs018;jvs019;jvs020;jvs022;jvs025;jvs026;jvs027;jvs029;jvs031;jvs032;jvs033;jvs035;jvs036;jvs037;jvs038;jvs041;jvs043;jvs045;jvs047;jvs048;jvs053;jvs054;jvs058;jvs060;jvs061;jvs063;jvs064;jvs066;jvs067;jvs068;jvs069;jvs070;jvs071;jvs074;jvs076;jvs078;jvs079;jvs081;jvs082;jvs085;jvs087;jvs089;jvs091;jvs093;jvs094;jvs095;jvs096;jvs097;jvs098;jvs100,jvs010;jvs012;jvs013;jvs014;jvs015;jvs021;jvs024;jvs028;jvs034;jvs042;jvs044;jvs049;jvs050;jvs057;jvs059;jvs072;jvs075;jvs077;jvs086;jvs090,jvs003;jvs009;jvs023;jvs030;jvs039;jvs040;jvs046;jvs051;jvs052;jvs055;jvs056;jvs062;jvs065;jvs073;jvs080;jvs083;jvs084;jvs088;jvs092;jvs099,4ce1f5cc9e6db5a506d3,m1_o0,1,0.45,0.85,0.6171428571428571,3.6,2.0,0.7885526315789474,0.3013157894736842,0.9947001797793533,0.004409234622797182,0.9916441063418411,0.006893050016231605,0.003056073437512241,20,380,dev_speakers,0.9970592242963903,0.007894736842105263,0.2
JVS_JVSMuSiC,wavlm_l12,12,19,cos_o0_sym,cosine,zero,symmetric,none,,,jvs001;jvs002;jvs004;jvs005;jvs006;jvs007;jvs008;jvs011;jvs016;jvs017;jvs018;jvs019;jvs020;jvs022;jvs025;jvs026;jvs027;jvs029;jvs031;jvs032;jvs033;jvs035;jvs036;jvs037;jvs038;jvs041;jvs043;jvs045;jvs047;jvs048;jvs053;jvs054;jvs058;jvs060;jvs061;jvs063;jvs064;jvs066;jvs067;jvs068;jvs069;jvs070;jvs071;jvs074;jvs076;jvs078;jvs079;jvs081;jvs082;jvs085;jvs087;jvs089;jvs091;jvs093;jvs094;jvs095;jvs096;jvs097;jvs098;jvs100,jvs010;jvs012;jvs013;jvs014;jvs015;jvs021;jvs024;jvs028;jvs034;jvs042;jvs044;jvs049;jvs050;jvs057;jvs059;jvs072;jvs075;jvs077;jvs086;jvs090,jvs003;jvs009;jvs023;jvs030;jvs039;jvs040;jvs046;jvs051;jvs052;jvs055;jvs056;jvs062;jvs065;jvs073;jvs080;jvs083;jvs084;jvs088;jvs092;jvs099,4ce1f5cc9e6db5a506d3,m1_o0_sym,1,0.45,0.85,0.6168223443223443,3.65,2.0,0.7885526315789474,0.3026315789473684,0.9944829604578169,0.004564380966580728,0.991279567407616,0.0072116004127718725,0.003203393050200898,20,380,dev_speakers,0.9968878021193205,0.007894736842105263,0.2
JVS_JVSMuSiC,wavlm_l12,12,19,cos_om_none,cosine,pooled_train_midpoint,none,none,,,jvs001;jvs002;jvs004;jvs005;jvs006;jvs007;jvs008;jvs011;jvs016;jvs017;jvs018;jvs019;jvs020;jvs022;jvs025;jvs026;jvs027;jvs029;jvs031;jvs032;jvs033;jvs035;jvs036;jvs037;jvs038;jvs041;jvs043;jvs045;jvs047;jvs048;jvs053;jvs054;jvs058;jvs060;jvs061;jvs063;jvs064;jvs066;jvs067;jvs068;jvs069;jvs070;jvs071;jvs074;jvs076;jvs078;jvs079;jvs081;jvs082;jvs085;jvs087;jvs089;jvs091;jvs093;jvs094;jvs095;jvs096;jvs097;jvs098;jvs100,jvs010;jvs012;jvs013;jvs014;jvs015;jvs021;jvs024;jvs028;jvs034;jvs042;jvs044;jvs049;jvs050;jvs057;jvs059;jvs072;jvs075;jvs077;jvs086;jvs090,jvs003;jvs009;jvs023;jvs030;jvs039;jvs040;jvs046;jvs051;jvs052;jvs055;jvs056;jvs062;jvs065;jvs073;jvs080;jvs083;jvs084;jvs088;jvs092;jvs099,4ce1f5cc9e6db5a506d3,m1_om,0,0.1,0.5,0.29620300751879697,5.75,5.5,0.7139473684210527,0.31052631578947365,-0.48059379219698845,0.22235715753428875,-0.6194947842531641,0.164562847345315,0.13890099205617562,20,380,dev_speakers,-0.21822237709137293,0.007894736842105263,0.15
JVS_JVSMuSiC,wavlm_l12,12,19,cos_om_query,cosine,pooled_train_midpoint,query,none,,,jvs001;jvs002;jvs004;jvs005;jvs006;jvs007;jvs008;jvs011;jvs016;jvs017;jvs018;jvs019;jvs020;jvs022;jvs025;jvs026;jvs027;jvs029;jvs031;jvs032;jvs033;jvs035;jvs036;jvs037;jvs038;jvs041;jvs043;jvs045;jvs047;jvs048;jvs053;jvs054;jvs058;jvs060;jvs061;jvs063;jvs064;jvs066;jvs067;jvs068;jvs069;jvs070;jvs071;jvs074;jvs076;jvs078;jvs079;jvs081;jvs082;jvs085;jvs087;jvs089;jvs091;jvs093;jvs094;jvs095;jvs096;jvs097;jvs098;jvs100,jvs010;jvs012;jvs013;jvs014;jvs015;jvs021;jvs024;jvs028;jvs034;jvs042;jvs044;jvs049;jvs050;jvs057;jvs059;jvs072;jvs075;jvs077;jvs086;jvs090,jvs003;jvs009;jvs023;jvs030;jvs039;jvs040;jvs046;jvs051;jvs052;jvs055;jvs056;jvs062;jvs065;jvs073;jvs080;jvs083;jvs084;jvs088;jvs092;jvs099,4ce1f5cc9e6db5a506d3,m1_om,1,0.4,0.7,0.5785244360902255,3.95,2.0,0.8167105263157894,0.25,0.7692732452210518,0.09891683104197915,0.610381552352817,0.1628974557268899,0.1588916928682348,20,380,dev_speakers,0.8452439626939444,0.007894736842105263,0.25
JVS_JVSMuSiC,wavlm_l12,12,19,cos_om_sym,cosine,pooled_train_midpoint,symmetric,none,,,jvs001;jvs002;jvs004;jvs005;jvs006;jvs007;jvs008;jvs011;jvs016;jvs017;jvs018;jvs019;jvs020;jvs022;jvs025;jvs026;jvs027;jvs029;jvs031;jvs032;jvs033;jvs035;jvs036;jvs037;jvs038;jvs041;jvs043;jvs045;jvs047;jvs048;jvs053;jvs054;jvs058;jvs060;jvs061;jvs063;jvs064;jvs066;jvs067;jvs068;jvs069;jvs070;jvs071;jvs074;jvs076;jvs078;jvs079;jvs081;jvs082;jvs085;jvs087;jvs089;jvs091;jvs093;jvs094;jvs095;jvs096;jvs097;jvs098;jvs100,jvs010;jvs012;jvs013;jvs014;jvs015;jvs021;jvs024;jvs028;jvs034;jvs042;jvs044;jvs049;jvs050;jvs057;jvs059;jvs072;jvs075;jvs077;jvs086;jvs090,jvs003;jvs009;jvs023;jvs030;jvs039;jvs040;jvs046;jvs051;jvs052;jvs055;jvs056;jvs062;jvs065;jvs073;jvs080;jvs083;jvs084;jvs088;jvs092;jvs099,4ce1f5cc9e6db5a506d3,m1_om_sym,1,0.6,0.95,0.7583333333333333,2.05,1.0,0.9375,0.10526315789473684,0.40753228790204143,0.14758819352360628,0.010395810588222266,0.21064251705573286,0.3971364773138192,20,380,dev_speakers,0.5168810078871471,0.007894736842105263,0.2
JVS_JVSMuSiC,wavlm_l12,12,19,euclidean_raw,euclidean,origin_invariant,none,none,,,jvs001;jvs002;jvs004;jvs005;jvs006;jvs007;jvs008;jvs011;jvs016;jvs017;jvs018;jvs019;jvs020;jvs022;jvs025;jvs026;jvs027;jvs029;jvs031;jvs032;jvs033;jvs035;jvs036;jvs037;jvs038;jvs041;jvs043;jvs045;jvs047;jvs048;jvs053;jvs054;jvs058;jvs060;jvs061;jvs063;jvs064;jvs066;jvs067;jvs068;jvs069;jvs070;jvs071;jvs074;jvs076;jvs078;jvs079;jvs081;jvs082;jvs085;jvs087;jvs089;jvs091;jvs093;jvs094;jvs095;jvs096;jvs097;jvs098;jvs100,jvs010;jvs012;jvs013;jvs014;jvs015;jvs021;jvs024;jvs028;jvs034;jvs042;jvs044;jvs049;jvs050;jvs057;jvs059;jvs072;jvs075;jvs077;jvs086;jvs090,jvs003;jvs009;jvs023;jvs030;jvs039;jvs040;jvs046;jvs051;jvs052;jvs055;jvs056;jvs062;jvs065;jvs073;jvs080;jvs083;jvs084;jvs088;jvs092;jvs099,4ce1f5cc9e6db5a506d3,m3_euclidean,0,0.1,0.4,0.22670290085731262,9.0,8.5,0.5852631578947368,0.45,-2.1669739456868085,0.5340440404736491,-2.3930038781703082,0.8154072934537636,0.22602993248349978,20,380,dev_speakers,-1.3265934527279342,0.007894736842105263,0.0
JVS_JVSMuSiC,wavlm_l12,12,19,euclidean_query,euclidean,origin_invariant,query,none,,,jvs001;jvs002;jvs004;jvs005;jvs006;jvs007;jvs008;jvs011;jvs016;jvs017;jvs018;jvs019;jvs020;jvs022;jvs025;jvs026;jvs027;jvs029;jvs031;jvs032;jvs033;jvs035;jvs036;jvs037;jvs038;jvs041;jvs043;jvs045;jvs047;jvs048;jvs053;jvs054;jvs058;jvs060;jvs061;jvs063;jvs064;jvs066;jvs067;jvs068;jvs069;jvs070;jvs071;jvs074;jvs076;jvs078;jvs079;jvs081;jvs082;jvs085;jvs087;jvs089;jvs091;jvs093;jvs094;jvs095;jvs096;jvs097;jvs098;jvs100,jvs010;jvs012;jvs013;jvs014;jvs015;jvs021;jvs024;jvs028;jvs034;jvs042;jvs044;jvs049;jvs050;jvs057;jvs059;jvs072;jvs075;jvs077;jvs086;jvs090,jvs003;jvs009;jvs023;jvs030;jvs039;jvs040;jvs046;jvs051;jvs052;jvs055;jvs056;jvs062;jvs065;jvs073;jvs080;jvs083;jvs084;jvs088;jvs092;jvs099,4ce1f5cc9e6db5a506d3,m3_euclidean,1,0.5,0.8,0.6396428571428571,3.75,1.5,0.7856578947368421,0.30526315789473685,-0.39130635661209395,0.3189817698510416,-0.6173362890955914,0.5049669333130429,0.2260299324834974,20,380,dev_speakers,-0.22791274129141925,0.007894736842105263,0.2
JVS_JVSMuSiC,wavlm_l12,12,19,oas_whitened_cosine_raw,oas_whitened_cosine,pooled_train_midpoint,none,OAS,0.02745077421435417,,jvs001;jvs002;jvs004;jvs005;jvs006;jvs007;jvs008;jvs011;jvs016;jvs017;jvs018;jvs019;jvs020;jvs022;jvs025;jvs026;jvs027;jvs029;jvs031;jvs032;jvs033;jvs035;jvs036;jvs037;jvs038;jvs041;jvs043;jvs045;jvs047;jvs048;jvs053;jvs054;jvs058;jvs060;jvs061;jvs063;jvs064;jvs066;jvs067;jvs068;jvs069;jvs070;jvs071;jvs074;jvs076;jvs078;jvs079;jvs081;jvs082;jvs085;jvs087;jvs089;jvs091;jvs093;jvs094;jvs095;jvs096;jvs097;jvs098;jvs100,jvs010;jvs012;jvs013;jvs014;jvs015;jvs021;jvs024;jvs028;jvs034;jvs042;jvs044;jvs049;jvs050;jvs057;jvs059;jvs072;jvs075;jvs077;jvs086;jvs090,jvs003;jvs009;jvs023;jvs030;jvs039;jvs040;jvs046;jvs051;jvs052;jvs055;jvs056;jvs062;jvs065;jvs073;jvs080;jvs083;jvs084;jvs088;jvs092;jvs099,4ea75c17c14b129c412d,m2_oas_whitened_cosine,0,0.8,0.8,0.8220057720057721,2.8,1.0,0.8990789473684211,0.2,0.15886749876462422,0.08486361241891273,0.007283149603268765,0.07520053175113865,0.15158434916135546,20,380,dev_speakers,0.23123839227718399,0.007894736842105263,0.2
JVS_JVSMuSiC,wavlm_l12,12,19,oas_whitened_cosine_query,oas_whitened_cosine,pooled_train_midpoint,query,OAS,0.02745077421435417,,jvs001;jvs002;jvs004;jvs005;jvs006;jvs007;jvs008;jvs011;jvs016;jvs017;jvs018;jvs019;jvs020;jvs022;jvs025;jvs026;jvs027;jvs029;jvs031;jvs032;jvs033;jvs035;jvs036;jvs037;jvs038;jvs041;jvs043;jvs045;jvs047;jvs048;jvs053;jvs054;jvs058;jvs060;jvs061;jvs063;jvs064;jvs066;jvs067;jvs068;jvs069;jvs070;jvs071;jvs074;jvs076;jvs078;jvs079;jvs081;jvs082;jvs085;jvs087;jvs089;jvs091;jvs093;jvs094;jvs095;jvs096;jvs097;jvs098;jvs100,jvs010;jvs012;jvs013;jvs014;jvs015;jvs021;jvs024;jvs028;jvs034;jvs042;jvs044;jvs049;jvs050;jvs057;jvs059;jvs072;jvs075;jvs077;jvs086;jvs090,jvs003;jvs009;jvs023;jvs030;jvs039;jvs040;jvs046;jvs051;jvs052;jvs055;jvs056;jvs062;jvs065;jvs073;jvs080;jvs083;jvs084;jvs088;jvs092;jvs099,4ea75c17c14b129c412d,m2_oas_whitened_cosine,1,0.8,0.8,0.8220057720057721,2.8,1.0,0.8989473684210526,0.2,0.16004906102685096,0.08487923986161303,0.008457055427873407,0.0752304274036818,0.15159200559897756,20,380,dev_speakers,0.23271107677236735,0.007894736842105263,0.2
JVS_JVSMuSiC,wavlm_l12,12,19,oas_mahalanobis_raw,oas_mahalanobis,origin_invariant,none,OAS,0.02745077421435417,,jvs001;jvs002;jvs004;jvs005;jvs006;jvs007;jvs008;jvs011;jvs016;jvs017;jvs018;jvs019;jvs020;jvs022;jvs025;jvs026;jvs027;jvs029;jvs031;jvs032;jvs033;jvs035;jvs036;jvs037;jvs038;jvs041;jvs043;jvs045;jvs047;jvs048;jvs053;jvs054;jvs058;jvs060;jvs061;jvs063;jvs064;jvs066;jvs067;jvs068;jvs069;jvs070;jvs071;jvs074;jvs076;jvs078;jvs079;jvs081;jvs082;jvs085;jvs087;jvs089;jvs091;jvs093;jvs094;jvs095;jvs096;jvs097;jvs098;jvs100,jvs010;jvs012;jvs013;jvs014;jvs015;jvs021;jvs024;jvs028;jvs034;jvs042;jvs044;jvs049;jvs050;jvs057;jvs059;jvs072;jvs075;jvs077;jvs086;jvs090,jvs003;jvs009;jvs023;jvs030;jvs039;jvs040;jvs046;jvs051;jvs052;jvs055;jvs056;jvs062;jvs065;jvs073;jvs080;jvs083;jvs084;jvs088;jvs092;jvs099,4ea75c17c14b129c412d,m4_oas_mahalanobis,0,0.2,0.45,0.33350015180897535,7.15,6.0,0.6611842105263158,0.4,-3976.879083784041,1651.1050010153572,-4528.044671530599,1706.952049420036,551.1655877465578,20,380,dev_speakers,-2988.595019771252,0.007894736842105263,0.15
JVS_JVSMuSiC,wavlm_l12,12,19,oas_mahalanobis_query,oas_mahalanobis,origin_invariant,query,OAS,0.02745077421435417,,jvs001;jvs002;jvs004;jvs005;jvs006;jvs007;jvs008;jvs011;jvs016;jvs017;jvs018;jvs019;jvs020;jvs022;jvs025;jvs026;jvs027;jvs029;jvs031;jvs032;jvs033;jvs035;jvs036;jvs037;jvs038;jvs041;jvs043;jvs045;jvs047;jvs048;jvs053;jvs054;jvs058;jvs060;jvs061;jvs063;jvs064;jvs066;jvs067;jvs068;jvs069;jvs070;jvs071;jvs074;jvs076;jvs078;jvs079;jvs081;jvs082;jvs085;jvs087;jvs089;jvs091;jvs093;jvs094;jvs095;jvs096;jvs097;jvs098;jvs100,jvs010;jvs012;jvs013;jvs014;jvs015;jvs021;jvs024;jvs028;jvs034;jvs042;jvs044;jvs049;jvs050;jvs057;jvs059;jvs072;jvs075;jvs077;jvs086;jvs090,jvs003;jvs009;jvs023;jvs030;jvs039;jvs040;jvs046;jvs051;jvs052;jvs055;jvs056;jvs062;jvs065;jvs073;jvs080;jvs083;jvs084;jvs088;jvs092;jvs099,4ea75c17c14b129c412d,m4_oas_mahalanobis,1,0.2,0.45,0.33350015180897535,7.15,6.0,0.6614473684210527,0.4,-3972.766974433279,1651.205731046731,-4523.932562179517,1707.0216591821788,551.1655877462381,20,380,dev_speakers,-2984.308269898873,0.007894736842105263,0.15
JVS_JVSMuSiC,wavlm_l12,12,19,lda_cosine_raw,lda_cosine,lda_internal_centering,none,LDA_analytic_OAS_shrinkage,1.0,59,jvs001;jvs002;jvs004;jvs005;jvs006;jvs007;jvs008;jvs011;jvs016;jvs017;jvs018;jvs019;jvs020;jvs022;jvs025;jvs026;jvs027;jvs029;jvs031;jvs032;jvs033;jvs035;jvs036;jvs037;jvs038;jvs041;jvs043;jvs045;jvs047;jvs048;jvs053;jvs054;jvs058;jvs060;jvs061;jvs063;jvs064;jvs066;jvs067;jvs068;jvs069;jvs070;jvs071;jvs074;jvs076;jvs078;jvs079;jvs081;jvs082;jvs085;jvs087;jvs089;jvs091;jvs093;jvs094;jvs095;jvs096;jvs097;jvs098;jvs100,jvs010;jvs012;jvs013;jvs014;jvs015;jvs021;jvs024;jvs028;jvs034;jvs042;jvs044;jvs049;jvs050;jvs057;jvs059;jvs072;jvs075;jvs077;jvs086;jvs090,jvs003;jvs009;jvs023;jvs030;jvs039;jvs040;jvs046;jvs051;jvs052;jvs055;jvs056;jvs062;jvs065;jvs073;jvs080;jvs083;jvs084;jvs088;jvs092;jvs099,b8a477ec1ef4d9e9be1c,m5_lda_cosine_k59,0,0.35,0.9,0.5603472222222221,3.25,2.0,0.8860526315789473,0.15,0.23357506085537127,0.13197168326181696,-0.007964858883064155,0.14872495569563346,0.24153991973843542,20,380,dev_speakers,0.39825726529892524,0.007894736842105263,0.05
JVS_JVSMuSiC,wavlm_l12,12,19,lda_cosine_query,lda_cosine,lda_internal_centering,query,LDA_analytic_OAS_shrinkage,1.0,59,jvs001;jvs002;jvs004;jvs005;jvs006;jvs007;jvs008;jvs011;jvs016;jvs017;jvs018;jvs019;jvs020;jvs022;jvs025;jvs026;jvs027;jvs029;jvs031;jvs032;jvs033;jvs035;jvs036;jvs037;jvs038;jvs041;jvs043;jvs045;jvs047;jvs048;jvs053;jvs054;jvs058;jvs060;jvs061;jvs063;jvs064;jvs066;jvs067;jvs068;jvs069;jvs070;jvs071;jvs074;jvs076;jvs078;jvs079;jvs081;jvs082;jvs085;jvs087;jvs089;jvs091;jvs093;jvs094;jvs095;jvs096;jvs097;jvs098;jvs100,jvs010;jvs012;jvs013;jvs014;jvs015;jvs021;jvs024;jvs028;jvs034;jvs042;jvs044;jvs049;jvs050;jvs057;jvs059;jvs072;jvs075;jvs077;jvs086;jvs090,jvs003;jvs009;jvs023;jvs030;jvs039;jvs040;jvs046;jvs051;jvs052;jvs055;jvs056;jvs062;jvs065;jvs073;jvs080;jvs083;jvs084;jvs088;jvs092;jvs099,b8a477ec1ef4d9e9be1c,m5_lda_cosine_k59,1,0.4,0.9,0.5828472222222221,3.25,2.0,0.8860526315789473,0.15,0.23352387833868066,0.13197607594489438,-0.008024871068723329,0.14876516619113464,0.24154874940740398,20,380,dev_speakers,0.3996532061153022,0.007894736842105263,0.05
JVS_JVSMuSiC,wavlm_l12,12,23,cos_o0_none,cosine,zero,none,none,,,jvs001;jvs002;jvs003;jvs008;jvs009;jvs010;jvs011;jvs014;jvs016;jvs019;jvs022;jvs023;jvs024;jvs025;jvs026;jvs027;jvs028;jvs029;jvs030;jvs031;jvs036;jvs037;jvs039;jvs040;jvs041;jvs042;jvs043;jvs045;jvs046;jvs047;jvs049;jvs050;jvs052;jvs056;jvs062;jvs064;jvs067;jvs071;jvs072;jvs075;jvs076;jvs077;jvs079;jvs080;jvs081;jvs082;jvs083;jvs084;jvs085;jvs086;jvs087;jvs089;jvs091;jvs093;jvs094;jvs096;jvs097;jvs098;jvs099;jvs100,jvs004;jvs006;jvs007;jvs013;jvs017;jvs021;jvs034;jvs038;jvs054;jvs058;jvs059;jvs060;jvs065;jvs066;jvs068;jvs073;jvs074;jvs078;jvs088;jvs090,jvs005;jvs012;jvs015;jvs018;jvs020;jvs032;jvs033;jvs035;jvs044;jvs048;jvs051;jvs053;jvs055;jvs057;jvs061;jvs063;jvs069;jvs070;jvs092;jvs095,81c10a985af95dcd218e,m1_o0,0,0.15,0.45,0.28610111594631715,8.0,7.5,0.6257894736842106,0.40921052631578947,0.971018510840697,0.005684504206869439,0.9681829275558369,0.006151847667360348,0.0028355832848601104,20,380,dev_speakers,0.9772969724065381,0.007894736842105263,0.25
JVS_JVSMuSiC,wavlm_l12,12,23,cos_o0_query,cosine,zero,query,none,,,jvs001;jvs002;jvs003;jvs008;jvs009;jvs010;jvs011;jvs014;jvs016;jvs019;jvs022;jvs023;jvs024;jvs025;jvs026;jvs027;jvs028;jvs029;jvs030;jvs031;jvs036;jvs037;jvs039;jvs040;jvs041;jvs042;jvs043;jvs045;jvs046;jvs047;jvs049;jvs050;jvs052;jvs056;jvs062;jvs064;jvs067;jvs071;jvs072;jvs075;jvs076;jvs077;jvs079;jvs080;jvs081;jvs082;jvs083;jvs084;jvs085;jvs086;jvs087;jvs089;jvs091;jvs093;jvs094;jvs096;jvs097;jvs098;jvs099;jvs100,jvs004;jvs006;jvs007;jvs013;jvs017;jvs021;jvs034;jvs038;jvs054;jvs058;jvs059;jvs060;jvs065;jvs066;jvs068;jvs073;jvs074;jvs078;jvs088;jvs090,jvs005;jvs012;jvs015;jvs018;jvs020;jvs032;jvs033;jvs035;jvs044;jvs048;jvs051;jvs053;jvs055;jvs057;jvs061;jvs063;jvs069;jvs070;jvs092;jvs095,81c10a985af95dcd218e,m1_o0,1,0.45,0.9,0.6475,2.45,2.0,0.8855263157894737,0.16052631578947368,0.9958995195110549,0.0011482290003680235,0.9931401831065316,0.00234195882305867,0.002759336404523305,20,380,dev_speakers,0.9971625814367041,0.007894736842105263,0.1
JVS_JVSMuSiC,wavlm_l12,12,23,cos_o0_sym,cosine,zero,symmetric,none,,,jvs001;jvs002;jvs003;jvs008;jvs009;jvs010;jvs011;jvs014;jvs016;jvs019;jvs022;jvs023;jvs024;jvs025;jvs026;jvs027;jvs028;jvs029;jvs030;jvs031;jvs036;jvs037;jvs039;jvs040;jvs041;jvs042;jvs043;jvs045;jvs046;jvs047;jvs049;jvs050;jvs052;jvs056;jvs062;jvs064;jvs067;jvs071;jvs072;jvs075;jvs076;jvs077;jvs079;jvs080;jvs081;jvs082;jvs083;jvs084;jvs085;jvs086;jvs087;jvs089;jvs091;jvs093;jvs094;jvs096;jvs097;jvs098;jvs099;jvs100,jvs004;jvs006;jvs007;jvs013;jvs017;jvs021;jvs034;jvs038;jvs054;jvs058;jvs059;jvs060;jvs065;jvs066;jvs068;jvs073;jvs074;jvs078;jvs088;jvs090,jvs005;jvs012;jvs015;jvs018;jvs020;jvs032;jvs033;jvs035;jvs044;jvs048;jvs051;jvs053;jvs055;jvs057;jvs061;jvs063;jvs069;jvs070;jvs092;jvs095,81c10a985af95dcd218e,m1_o0_sym,1,0.45,0.9,0.6475,2.45,2.0,0.8848684210526315,0.16052631578947368,0.9957139265409263,0.0012012486089960136,0.9928381642331993,0.002440723827955124,0.0028757623077270145,20,380,dev_speakers,0.9970341945722807,0.007894736842105263,0.05
JVS_JVSMuSiC,wavlm_l12,12,23,cos_om_none,cosine,pooled_train_midpoint,none,none,,,jvs001;jvs002;jvs003;jvs008;jvs009;jvs010;jvs011;jvs014;jvs016;jvs019;jvs022;jvs023;jvs024;jvs025;jvs026;jvs027;jvs028;jvs029;jvs030;jvs031;jvs036;jvs037;jvs039;jvs040;jvs041;jvs042;jvs043;jvs045;jvs046;jvs047;jvs049;jvs050;jvs052;jvs056;jvs062;jvs064;jvs067;jvs071;jvs072;jvs075;jvs076;jvs077;jvs079;jvs080;jvs081;jvs082;jvs083;jvs084;jvs085;jvs086;jvs087;jvs089;jvs091;jvs093;jvs094;jvs096;jvs097;jvs098;jvs099;jvs100,jvs004;jvs006;jvs007;jvs013;jvs017;jvs021;jvs034;jvs038;jvs054;jvs058;jvs059;jvs060;jvs065;jvs066;jvs068;jvs073;jvs074;jvs078;jvs088;jvs090,jvs005;jvs012;jvs015;jvs018;jvs020;jvs032;jvs033;jvs035;jvs044;jvs048;jvs051;jvs053;jvs055;jvs057;jvs061;jvs063;jvs069;jvs070;jvs092;jvs095,81c10a985af95dcd218e,m1_om,0,0.2,0.7,0.4219612332112332,4.5,3.5,0.780921052631579,0.2881578947368421,-0.5062129855840192,0.15587199957527134,-0.6480335283856502,0.1123436717132144,0.14182054280163103,20,380,dev_speakers,-0.466090155111757,0.007894736842105263,0.3
JVS_JVSMuSiC,wavlm_l12,12,23,cos_om_query,cosine,pooled_train_midpoint,query,none,,,jvs001;jvs002;jvs003;jvs008;jvs009;jvs010;jvs011;jvs014;jvs016;jvs019;jvs022;jvs023;jvs024;jvs025;jvs026;jvs027;jvs028;jvs029;jvs030;jvs031;jvs036;jvs037;jvs039;jvs040;jvs041;jvs042;jvs043;jvs045;jvs046;jvs047;jvs049;jvs050;jvs052;jvs056;jvs062;jvs064;jvs067;jvs071;jvs072;jvs075;jvs076;jvs077;jvs079;jvs080;jvs081;jvs082;jvs083;jvs084;jvs085;jvs086;jvs087;jvs089;jvs091;jvs093;jvs094;jvs096;jvs097;jvs098;jvs099;jvs100,jvs004;jvs006;jvs007;jvs013;jvs017;jvs021;jvs034;jvs038;jvs054;jvs058;jvs059;jvs060;jvs065;jvs066;jvs068;jvs073;jvs074;jvs078;jvs088;jvs090,jvs005;jvs012;jvs015;jvs018;jvs020;jvs032;jvs033;jvs035;jvs044;jvs048;jvs051;jvs053;jvs055;jvs057;jvs061;jvs063;jvs069;jvs070;jvs092;jvs095,81c10a985af95dcd218e,m1_om,1,0.55,0.75,0.644702380952381,3.35,1.0,0.85,0.24473684210526314,0.790673885559775,0.06913825259462027,0.6441392283887202,0.1253630652974619,0.14653465717105485,20,380,dev_speakers,0.8550954838397747,0.007894736842105263,0.25
JVS_JVSMuSiC,wavlm_l12,12,23,cos_om_sym,cosine,pooled_train_midpoint,symmetric,none,,,jvs001;jvs002;jvs003;jvs008;jvs009;jvs010;jvs011;jvs014;jvs016;jvs019;jvs022;jvs023;jvs024;jvs025;jvs026;jvs027;jvs028;jvs029;jvs030;jvs031;jvs036;jvs037;jvs039;jvs040;jvs041;jvs042;jvs043;jvs045;jvs046;jvs047;jvs049;jvs050;jvs052;jvs056;jvs062;jvs064;jvs067;jvs071;jvs072;jvs075;jvs076;jvs077;jvs079;jvs080;jvs081;jvs082;jvs083;jvs084;jvs085;jvs086;jvs087;jvs089;jvs091;jvs093;jvs094;jvs096;jvs097;jvs098;jvs099;jvs100,jvs004;jvs006;jvs007;jvs013;jvs017;jvs021;jvs034;jvs038;jvs054;jvs058;jvs059;jvs060;jvs065;jvs066;jvs068;jvs073;jvs074;jvs078;jvs088;jvs090,jvs005;jvs012;jvs015;jvs018;jvs020;jvs032;jvs033;jvs035;jvs044;jvs048;jvs051;jvs053;jvs055;jvs057;jvs061;jvs063;jvs069;jvs070;jvs092;jvs095,81c10a985af95dcd218e,m1_om_sym,1,0.7,0.95,0.8004761904761905,1.8,1.0,0.9528947368421052,0.1105263157894737,0.4149952553535895,0.13088381156755616,0.007401838881277124,0.19665391553088118,0.4075934164723124,20,380,dev_speakers,0.4643582909342402,0.007894736842105263,0.25
JVS_JVSMuSiC,wavlm_l12,12,23,euclidean_raw,euclidean,origin_invariant,none,none,,,jvs001;jvs002;jvs003;jvs008;jvs009;jvs010;jvs011;jvs014;jvs016;jvs019;jvs022;jvs023;jvs024;jvs025;jvs026;jvs027;jvs028;jvs029;jvs030;jvs031;jvs036;jvs037;jvs039;jvs040;jvs041;jvs042;jvs043;jvs045;jvs046;jvs047;jvs049;jvs050;jvs052;jvs056;jvs062;jvs064;jvs067;jvs071;jvs072;jvs075;jvs076;jvs077;jvs079;jvs080;jvs081;jvs082;jvs083;jvs084;jvs085;jvs086;jvs087;jvs089;jvs091;jvs093;jvs094;jvs096;jvs097;jvs098;jvs099;jvs100,jvs004;jvs006;jvs007;jvs013;jvs017;jvs021;jvs034;jvs038;jvs054;jvs058;jvs059;jvs060;jvs065;jvs066;jvs068;jvs073;jvs074;jvs078;jvs088;jvs090,jvs005;jvs012;jvs015;jvs018;jvs020;jvs032;jvs033;jvs035;jvs044;jvs048;jvs051;jvs053;jvs055;jvs057;jvs061;jvs063;jvs069;jvs070;jvs092;jvs095,81c10a985af95dcd218e,m3_euclidean,0,0.2,0.5,0.31153600785179736,8.05,7.0,0.625,0.4118421052631579,-2.1125065663690457,0.41885916021455066,-2.3164387812189657,0.45209042672134925,0.20393221484992008,20,380,dev_speakers,-1.6416920179512573,0.007894736842105263,0.2
JVS_JVSMuSiC,wavlm_l12,12,23,euclidean_query,euclidean,origin_invariant,query,none,,,jvs001;jvs002;jvs003;jvs008;jvs009;jvs010;jvs011;jvs014;jvs016;jvs019;jvs022;jvs023;jvs024;jvs025;jvs026;jvs027;jvs028;jvs029;jvs030;jvs031;jvs036;jvs037;jvs039;jvs040;jvs041;jvs042;jvs043;jvs045;jvs046;jvs047;jvs049;jvs050;jvs052;jvs056;jvs062;jvs064;jvs067;jvs071;jvs072;jvs075;jvs076;jvs077;jvs079;jvs080;jvs081;jvs082;jvs083;jvs084;jvs085;jvs086;jvs087;jvs089;jvs091;jvs093;jvs094;jvs096;jvs097;jvs098;jvs099;jvs100,jvs004;jvs006;jvs007;jvs013;jvs017;jvs021;jvs034;jvs038;jvs054;jvs058;jvs059;jvs060;jvs065;jvs066;jvs068;jvs073;jvs074;jvs078;jvs088;jvs090,jvs005;jvs012;jvs015;jvs018;jvs020;jvs032;jvs033;jvs035;jvs044;jvs048;jvs051;jvs053;jvs055;jvs057;jvs061;jvs063;jvs069;jvs070;jvs092;jvs095,81c10a985af95dcd218e,m3_euclidean,1,0.45,0.9,0.6475,2.45,2.0,0.8844736842105263,0.15789473684210525,-0.3056463370758678,0.08614082152582944,-0.5095785519257857,0.1727180040055962,0.20393221484991791,20,380,dev_speakers,-0.21212822570041112,0.007894736842105263,0.1
JVS_JVSMuSiC,wavlm_l12,12,23,oas_whitened_cosine_raw,oas_whitened_cosine,pooled_train_midpoint,none,OAS,0.02902580200512657,,jvs001;jvs002;jvs003;jvs008;jvs009;jvs010;jvs011;jvs014;jvs016;jvs019;jvs022;jvs023;jvs024;jvs025;jvs026;jvs027;jvs028;jvs029;jvs030;jvs031;jvs036;jvs037;jvs039;jvs040;jvs041;jvs042;jvs043;jvs045;jvs046;jvs047;jvs049;jvs050;jvs052;jvs056;jvs062;jvs064;jvs067;jvs071;jvs072;jvs075;jvs076;jvs077;jvs079;jvs080;jvs081;jvs082;jvs083;jvs084;jvs085;jvs086;jvs087;jvs089;jvs091;jvs093;jvs094;jvs096;jvs097;jvs098;jvs099;jvs100,jvs004;jvs006;jvs007;jvs013;jvs017;jvs021;jvs034;jvs038;jvs054;jvs058;jvs059;jvs060;jvs065;jvs066;jvs068;jvs073;jvs074;jvs078;jvs088;jvs090,jvs005;jvs012;jvs015;jvs018;jvs020;jvs032;jvs033;jvs035;jvs044;jvs048;jvs051;jvs053;jvs055;jvs057;jvs061;jvs063;jvs069;jvs070;jvs092;jvs095,2dc6ec32e6fbb1d3b692,m2_oas_whitened_cosine,0,0.7,1.0,0.8141666666666666,1.6,1.0,0.9693421052631579,0.10657894736842105,0.18307240028843702,0.06739925992307814,-0.0014813695648245233,0.07304726433635762,0.18455376985326155,20,380,dev_speakers,0.1745974325228841,0.007894736842105263,0.55
JVS_JVSMuSiC,wavlm_l12,12,23,oas_whitened_cosine_query,oas_whitened_cosine,pooled_train_midpoint,query,OAS,0.02902580200512657,,jvs001;jvs002;jvs003;jvs008;jvs009;jvs010;jvs011;jvs014;jvs016;jvs019;jvs022;jvs023;jvs024;jvs025;jvs026;jvs027;jvs028;jvs029;jvs030;jvs031;jvs036;jvs037;jvs039;jvs040;jvs041;jvs042;jvs043;jvs045;jvs046;jvs047;jvs049;jvs050;jvs052;jvs056;jvs062;jvs064;jvs067;jvs071;jvs072;jvs075;jvs076;jvs077;jvs079;jvs080;jvs081;jvs082;jvs083;jvs084;jvs085;jvs086;jvs087;jvs089;jvs091;jvs093;jvs094;jvs096;jvs097;jvs098;jvs099;jvs100,jvs004;jvs006;jvs007;jvs013;jvs017;jvs021;jvs034;jvs038;jvs054;jvs058;jvs059;jvs060;jvs065;jvs066;jvs068;jvs073;jvs074;jvs078;jvs088;jvs090,jvs005;jvs012;jvs015;jvs018;jvs020;jvs032;jvs033;jvs035;jvs044;jvs048;jvs051;jvs053;jvs055;jvs057;jvs061;jvs063;jvs069;jvs070;jvs092;jvs095,2dc6ec32e6fbb1d3b692,m2_oas_whitened_cosine,1,0.7,1.0,0.8141666666666666,1.6,1.0,0.9696052631578947,0.10657894736842105,0.18433535915103147,0.06734027157480386,-0.0002359620040005962,0.07307406815151032,0.18457132115503205,20,380,dev_speakers,0.17599365513623313,0.007894736842105263,0.55
JVS_JVSMuSiC,wavlm_l12,12,23,oas_mahalanobis_raw,oas_mahalanobis,origin_invariant,none,OAS,0.02902580200512657,,jvs001;jvs002;jvs003;jvs008;jvs009;jvs010;jvs011;jvs014;jvs016;jvs019;jvs022;jvs023;jvs024;jvs025;jvs026;jvs027;jvs028;jvs029;jvs030;jvs031;jvs036;jvs037;jvs039;jvs040;jvs041;jvs042;jvs043;jvs045;jvs046;jvs047;jvs049;jvs050;jvs052;jvs056;jvs062;jvs064;jvs067;jvs071;jvs072;jvs075;jvs076;jvs077;jvs079;jvs080;jvs081;jvs082;jvs083;jvs084;jvs085;jvs086;jvs087;jvs089;jvs091;jvs093;jvs094;jvs096;jvs097;jvs098;jvs099;jvs100,jvs004;jvs006;jvs007;jvs013;jvs017;jvs021;jvs034;jvs038;jvs054;jvs058;jvs059;jvs060;jvs065;jvs066;jvs068;jvs073;jvs074;jvs078;jvs088;jvs090,jvs005;jvs012;jvs015;jvs018;jvs020;jvs032;jvs033;jvs035;jvs044;jvs048;jvs051;jvs053;jvs055;jvs057;jvs061;jvs063;jvs069;jvs070;jvs092;jvs095,2dc6ec32e6fbb1d3b692,m4_oas_mahalanobis,0,0.2,0.45,0.3317628205128205,7.15,6.0,0.6776315789473685,0.39342105263157895,-3532.1749530637403,870.9233470220752,-4173.3830244967485,1032.5626474521753,641.2080714330082,20,380,dev_speakers,-2741.174953594338,0.007894736842105263,0.2
JVS_JVSMuSiC,wavlm_l12,12,23,oas_mahalanobis_query,oas_mahalanobis,origin_invariant,query,OAS,0.02902580200512657,,jvs001;jvs002;jvs003;jvs008;jvs009;jvs010;jvs011;jvs014;jvs016;jvs019;jvs022;jvs023;jvs024;jvs025;jvs026;jvs027;jvs028;jvs029;jvs030;jvs031;jvs036;jvs037;jvs039;jvs040;jvs041;jvs042;jvs043;jvs045;jvs046;jvs047;jvs049;jvs050;jvs052;jvs056;jvs062;jvs064;jvs067;jvs071;jvs072;jvs075;jvs076;jvs077;jvs079;jvs080;jvs081;jvs082;jvs083;jvs084;jvs085;jvs086;jvs087;jvs089;jvs091;jvs093;jvs094;jvs096;jvs097;jvs098;jvs099;jvs100,jvs004;jvs006;jvs007;jvs013;jvs017;jvs021;jvs034;jvs038;jvs054;jvs058;jvs059;jvs060;jvs065;jvs066;jvs068;jvs073;jvs074;jvs078;jvs088;jvs090,jvs005;jvs012;jvs015;jvs018;jvs020;jvs032;jvs033;jvs035;jvs044;jvs048;jvs051;jvs053;jvs055;jvs057;jvs061;jvs063;jvs069;jvs070;jvs092;jvs095,2dc6ec32e6fbb1d3b692,m4_oas_mahalanobis,1,0.2,0.45,0.3317628205128205,7.15,6.0,0.6776315789473685,0.39342105263157895,-3528.142589213443,871.1828232119238,-4169.35066064638,1032.8894237346442,641.2080714329368,20,380,dev_speakers,-2737.3922064644285,0.007894736842105263,0.2
JVS_JVSMuSiC,wavlm_l12,12,23,lda_cosine_raw,lda_cosine,lda_internal_centering,none,LDA_analytic_OAS_shrinkage,1.0,59,jvs001;jvs002;jvs003;jvs008;jvs009;jvs010;jvs011;jvs014;jvs016;jvs019;jvs022;jvs023;jvs024;jvs025;jvs026;jvs027;jvs028;jvs029;jvs030;jvs031;jvs036;jvs037;jvs039;jvs040;jvs041;jvs042;jvs043;jvs045;jvs046;jvs047;jvs049;jvs050;jvs052;jvs056;jvs062;jvs064;jvs067;jvs071;jvs072;jvs075;jvs076;jvs077;jvs079;jvs080;jvs081;jvs082;jvs083;jvs084;jvs085;jvs086;jvs087;jvs089;jvs091;jvs093;jvs094;jvs096;jvs097;jvs098;jvs099;jvs100,jvs004;jvs006;jvs007;jvs013;jvs017;jvs021;jvs034;jvs038;jvs054;jvs058;jvs059;jvs060;jvs065;jvs066;jvs068;jvs073;jvs074;jvs078;jvs088;jvs090,jvs005;jvs012;jvs015;jvs018;jvs020;jvs032;jvs033;jvs035;jvs044;jvs048;jvs051;jvs053;jvs055;jvs057;jvs061;jvs063;jvs069;jvs070;jvs092;jvs095,a953df29c37db679e7c0,m5_lda_cosine_k59,0,0.6,0.75,0.6857539682539682,3.4,1.0,0.8776315789473684,0.1881578947368421,0.26611014497534546,0.16274544574132968,-0.006055016629732497,0.15824174261916016,0.272165161605078,20,380,dev_speakers,0.4104957848947223,0.007894736842105263,0.2
JVS_JVSMuSiC,wavlm_l12,12,23,lda_cosine_query,lda_cosine,lda_internal_centering,query,LDA_analytic_OAS_shrinkage,1.0,59,jvs001;jvs002;jvs003;jvs008;jvs009;jvs010;jvs011;jvs014;jvs016;jvs019;jvs022;jvs023;jvs024;jvs025;jvs026;jvs027;jvs028;jvs029;jvs030;jvs031;jvs036;jvs037;jvs039;jvs040;jvs041;jvs042;jvs043;jvs045;jvs046;jvs047;jvs049;jvs050;jvs052;jvs056;jvs062;jvs064;jvs067;jvs071;jvs072;jvs075;jvs076;jvs077;jvs079;jvs080;jvs081;jvs082;jvs083;jvs084;jvs085;jvs086;jvs087;jvs089;jvs091;jvs093;jvs094;jvs096;jvs097;jvs098;jvs099;jvs100,jvs004;jvs006;jvs007;jvs013;jvs017;jvs021;jvs034;jvs038;jvs054;jvs058;jvs059;jvs060;jvs065;jvs066;jvs068;jvs073;jvs074;jvs078;jvs088;jvs090,jvs005;jvs012;jvs015;jvs018;jvs020;jvs032;jvs033;jvs035;jvs044;jvs048;jvs051;jvs053;jvs055;jvs057;jvs061;jvs063;jvs069;jvs070;jvs092;jvs095,a953df29c37db679e7c0,m5_lda_cosine_k59,1,0.55,0.75,0.6607539682539681,3.45,1.0,0.8773684210526316,0.1881578947368421,0.2660265159781695,0.16293305751632195,-0.006006414313330577,0.15829493725834992,0.2720329302915001,20,380,dev_speakers,0.41044291210667255,0.007894736842105263,0.2
JVS_JVSMuSiC,wavlm_l12,12,29,cos_o0_none,cosine,zero,none,none,,,jvs001;jvs005;jvs007;jvs008;jvs009;jvs010;jvs011;jvs014;jvs015;jvs016;jvs017;jvs019;jvs020;jvs021;jvs022;jvs025;jvs026;jvs028;jvs029;jvs030;jvs031;jvs033;jvs035;jvs036;jvs038;jvs039;jvs040;jvs041;jvs044;jvs046;jvs048;jvs049;jvs053;jvs054;jvs057;jvs058;jvs060;jvs064;jvs066;jvs067;jvs068;jvs070;jvs071;jvs072;jvs073;jvs074;jvs078;jvs079;jvs080;jvs081;jvs084;jvs086;jvs089;jvs091;jvs093;jvs095;jvs096;jvs097;jvs098;jvs099,jvs002;jvs006;jvs012;jvs013;jvs023;jvs034;jvs037;jvs043;jvs047;jvs056;jvs061;jvs063;jvs065;jvs082;jvs083;jvs087;jvs088;jvs092;jvs094;jvs100,jvs003;jvs004;jvs018;jvs024;jvs027;jvs032;jvs042;jvs045;jvs050;jvs051;jvs052;jvs055;jvs059;jvs062;jvs069;jvs075;jvs076;jvs077;jvs085;jvs090,bfcb817a138298fc42a8,m1_o0,0,0.15,0.5,0.2696971288515407,8.4,6.0,0.6126315789473684,0.4,0.9727686563124394,0.008418648983810565,0.9708015804605096,0.007728157921119799,0.0019670758519297893,20,380,dev_speakers,0.9812753229142108,0.007894736842105263,0.05
JVS_JVSMuSiC,wavlm_l12,12,29,cos_o0_query,cosine,zero,query,none,,,jvs001;jvs005;jvs007;jvs008;jvs009;jvs010;jvs011;jvs014;jvs015;jvs016;jvs017;jvs019;jvs020;jvs021;jvs022;jvs025;jvs026;jvs028;jvs029;jvs030;jvs031;jvs033;jvs035;jvs036;jvs038;jvs039;jvs040;jvs041;jvs044;jvs046;jvs048;jvs049;jvs053;jvs054;jvs057;jvs058;jvs060;jvs064;jvs066;jvs067;jvs068;jvs070;jvs071;jvs072;jvs073;jvs074;jvs078;jvs079;jvs080;jvs081;jvs084;jvs086;jvs089;jvs091;jvs093;jvs095;jvs096;jvs097;jvs098;jvs099,jvs002;jvs006;jvs012;jvs013;jvs023;jvs034;jvs037;jvs043;jvs047;jvs056;jvs061;jvs063;jvs065;jvs082;jvs083;jvs087;jvs088;jvs092;jvs094;jvs100,jvs003;jvs004;jvs018;jvs024;jvs027;jvs032;jvs042;jvs045;jvs050;jvs051;jvs052;jvs055;jvs059;jvs062;jvs069;jvs075;jvs076;jvs077;jvs085;jvs090,bfcb817a138298fc42a8,m1_o0,1,0.4,0.85,0.5484649122807017,4.5,2.5,0.7610526315789473,0.2618421052631579,0.9950709537604243,0.003008579623857459,0.9931552460017542,0.003268165792768026,0.0019157077586701154,20,380,dev_speakers,0.9967336668400775,0.007894736842105263,0.3
JVS_JVSMuSiC,wavlm_l12,12,29,cos_o0_sym,cosine,zero,symmetric,none,,,jvs001;jvs005;jvs007;jvs008;jvs009;jvs010;jvs011;jvs014;jvs015;jvs016;jvs017;jvs019;jvs020;jvs021;jvs022;jvs025;jvs026;jvs028;jvs029;jvs030;jvs031;jvs033;jvs035;jvs036;jvs038;jvs039;jvs040;jvs041;jvs044;jvs046;jvs048;jvs049;jvs053;jvs054;jvs057;jvs058;jvs060;jvs064;jvs066;jvs067;jvs068;jvs070;jvs071;jvs072;jvs073;jvs074;jvs078;jvs079;jvs080;jvs081;jvs084;jvs086;jvs089;jvs091;jvs093;jvs095;jvs096;jvs097;jvs098;jvs099,jvs002;jvs006;jvs012;jvs013;jvs023;jvs034;jvs037;jvs043;jvs047;jvs056;jvs061;jvs063;jvs065;jvs082;jvs083;jvs087;jvs088;jvs092;jvs094;jvs100,jvs003;jvs004;jvs018;jvs024;jvs027;jvs032;jvs042;jvs045;jvs050;jvs051;jvs052;jvs055;jvs059;jvs062;jvs069;jvs075;jvs076;jvs077;jvs085;jvs090,bfcb817a138298fc42a8,m1_o0_sym,1,0.4,0.85,0.5484649122807017,4.5,2.5,0.7606578947368421,0.2618421052631579,0.9948204620157796,0.003189829187007656,0.9928267482327661,0.003445342173900889,0.0019937137830134954,20,380,dev_speakers,0.99654020999586,0.007894736842105263,0.3
JVS_JVSMuSiC,wavlm_l12,12,29,cos_om_none,cosine,pooled_train_midpoint,none,none,,,jvs001;jvs005;jvs007;jvs008;jvs009;jvs010;jvs011;jvs014;jvs015;jvs016;jvs017;jvs019;jvs020;jvs021;jvs022;jvs025;jvs026;jvs028;jvs029;jvs030;jvs031;jvs033;jvs035;jvs036;jvs038;jvs039;jvs040;jvs041;jvs044;jvs046;jvs048;jvs049;jvs053;jvs054;jvs057;jvs058;jvs060;jvs064;jvs066;jvs067;jvs068;jvs070;jvs071;jvs072;jvs073;jvs074;jvs078;jvs079;jvs080;jvs081;jvs084;jvs086;jvs089;jvs091;jvs093;jvs095;jvs096;jvs097;jvs098;jvs099,jvs002;jvs006;jvs012;jvs013;jvs023;jvs034;jvs037;jvs043;jvs047;jvs056;jvs061;jvs063;jvs065;jvs082;jvs083;jvs087;jvs088;jvs092;jvs094;jvs100,jvs003;jvs004;jvs018;jvs024;jvs027;jvs032;jvs042;jvs045;jvs050;jvs051;jvs052;jvs055;jvs059;jvs062;jvs069;jvs075;jvs076;jvs077;jvs085;jvs090,bfcb817a138298fc42a8,m1_om,0,0.15,0.55,0.3186374246668364,6.1,5.0,0.7538157894736842,0.3,-0.5125328924949138,0.12705209728838227,-0.6300198476868126,0.11484236682121364,0.11748695519189878,20,380,dev_speakers,-0.2344172288562501,0.007894736842105263,0.05
JVS_JVSMuSiC,wavlm_l12,12,29,cos_om_query,cosine,pooled_train_midpoint,query,none,,,jvs001;jvs005;jvs007;jvs008;jvs009;jvs010;jvs011;jvs014;jvs015;jvs016;jvs017;jvs019;jvs020;jvs021;jvs022;jvs025;jvs026;jvs028;jvs029;jvs030;jvs031;jvs033;jvs035;jvs036;jvs038;jvs039;jvs040;jvs041;jvs044;jvs046;jvs048;jvs049;jvs053;jvs054;jvs057;jvs058;jvs060;jvs064;jvs066;jvs067;jvs068;jvs070;jvs071;jvs072;jvs073;jvs074;jvs078;jvs079;jvs080;jvs081;jvs084;jvs086;jvs089;jvs091;jvs093;jvs095;jvs096;jvs097;jvs098;jvs099,jvs002;jvs006;jvs012;jvs013;jvs023;jvs034;jvs037;jvs043;jvs047;jvs056;jvs061;jvs063;jvs065;jvs082;jvs083;jvs087;jvs088;jvs092;jvs094;jvs100,jvs003;jvs004;jvs018;jvs024;jvs027;jvs032;jvs042;jvs045;jvs050;jvs051;jvs052;jvs055;jvs059;jvs062;jvs069;jvs075;jvs076;jvs077;jvs085;jvs090,bfcb817a138298fc42a8,m1_om,1,0.25,0.7,0.4198705899363794,5.35,3.5,0.7489473684210526,0.3118421052631579,0.7520702228957917,0.10748601670595337,0.64042488340746,0.1379277110044136,0.11164533948833177,20,380,dev_speakers,0.8451146239520569,0.007894736842105263,0.2
JVS_JVSMuSiC,wavlm_l12,12,29,cos_om_sym,cosine,pooled_train_midpoint,symmetric,none,,,jvs001;jvs005;jvs007;jvs008;jvs009;jvs010;jvs011;jvs014;jvs015;jvs016;jvs017;jvs019;jvs020;jvs021;jvs022;jvs025;jvs026;jvs028;jvs029;jvs030;jvs031;jvs033;jvs035;jvs036;jvs038;jvs039;jvs040;jvs041;jvs044;jvs046;jvs048;jvs049;jvs053;jvs054;jvs057;jvs058;jvs060;jvs064;jvs066;jvs067;jvs068;jvs070;jvs071;jvs072;jvs073;jvs074;jvs078;jvs079;jvs080;jvs081;jvs084;jvs086;jvs089;jvs091;jvs093;jvs095;jvs096;jvs097;jvs098;jvs099,jvs002;jvs006;jvs012;jvs013;jvs023;jvs034;jvs037;jvs043;jvs047;jvs056;jvs061;jvs063;jvs065;jvs082;jvs083;jvs087;jvs088;jvs092;jvs094;jvs100,jvs003;jvs004;jvs018;jvs024;jvs027;jvs032;jvs042;jvs045;jvs050;jvs051;jvs052;jvs055;jvs059;jvs062;jvs069;jvs075;jvs076;jvs077;jvs085;jvs090,bfcb817a138298fc42a8,m1_om_sym,1,0.45,0.8,0.6364652014652015,2.95,2.0,0.8756578947368421,0.2,0.3295895530088198,0.154797386015401,0.0007955004923172705,0.22318716797748517,0.32879405251650257,20,380,dev_speakers,0.5389689342273092,0.007894736842105263,0.05
JVS_JVSMuSiC,wavlm_l12,12,29,euclidean_raw,euclidean,origin_invariant,none,none,,,jvs001;jvs005;jvs007;jvs008;jvs009;jvs010;jvs011;jvs014;jvs015;jvs016;jvs017;jvs019;jvs020;jvs021;jvs022;jvs025;jvs026;jvs028;jvs029;jvs030;jvs031;jvs033;jvs035;jvs036;jvs038;jvs039;jvs040;jvs041;jvs044;jvs046;jvs048;jvs049;jvs053;jvs054;jvs057;jvs058;jvs060;jvs064;jvs066;jvs067;jvs068;jvs070;jvs071;jvs072;jvs073;jvs074;jvs078;jvs079;jvs080;jvs081;jvs084;jvs086;jvs089;jvs091;jvs093;jvs095;jvs096;jvs097;jvs098;jvs099,jvs002;jvs006;jvs012;jvs013;jvs023;jvs034;jvs037;jvs043;jvs047;jvs056;jvs061;jvs063;jvs065;jvs082;jvs083;jvs087;jvs088;jvs092;jvs094;jvs100,jvs003;jvs004;jvs018;jvs024;jvs027;jvs032;jvs042;jvs045;jvs050;jvs051;jvs052;jvs055;jvs059;jvs062;jvs069;jvs075;jvs076;jvs077;jvs085;jvs090,bfcb817a138298fc42a8,m3_euclidean,0,0.15,0.45,0.2678686795230913,8.4,7.0,0.6109210526315789,0.4,-1.977475299107104,0.632493470102021,-2.11855280803471,0.5836219776269136,0.14107750892760595,20,380,dev_speakers,-1.3229700529239494,0.007894736842105263,0.0
JVS_JVSMuSiC,wavlm_l12,12,29,euclidean_query,euclidean,origin_invariant,query,none,,,jvs001;jvs005;jvs007;jvs008;jvs009;jvs010;jvs011;jvs014;jvs015;jvs016;jvs017;jvs019;jvs020;jvs021;jvs022;jvs025;jvs026;jvs028;jvs029;jvs030;jvs031;jvs033;jvs035;jvs036;jvs038;jvs039;jvs040;jvs041;jvs044;jvs046;jvs048;jvs049;jvs053;jvs054;jvs057;jvs058;jvs060;jvs064;jvs066;jvs067;jvs068;jvs070;jvs071;jvs072;jvs073;jvs074;jvs078;jvs079;jvs080;jvs081;jvs084;jvs086;jvs089;jvs091;jvs093;jvs095;jvs096;jvs097;jvs098;jvs099,jvs002;jvs006;jvs012;jvs013;jvs023;jvs034;jvs037;jvs043;jvs047;jvs056;jvs061;jvs063;jvs065;jvs082;jvs083;jvs087;jvs088;jvs092;jvs094;jvs100,jvs003;jvs004;jvs018;jvs024;jvs027;jvs032;jvs042;jvs045;jvs050;jvs051;jvs052;jvs055;jvs059;jvs062;jvs069;jvs075;jvs076;jvs077;jvs085;jvs090,bfcb817a138298fc42a8,m3_euclidean,1,0.4,0.85,0.5484649122807017,4.5,2.5,0.7538157894736842,0.3,-0.3699499508944612,0.2266350112319442,-0.5110274598220783,0.24618320099060279,0.1410775089276171,20,380,dev_speakers,-0.24914928913023004,0.007894736842105263,0.3
JVS_JVSMuSiC,wavlm_l12,12,29,oas_whitened_cosine_raw,oas_whitened_cosine,pooled_train_midpoint,none,OAS,0.02807120310963926,,jvs001;jvs005;jvs007;jvs008;jvs009;jvs010;jvs011;jvs014;jvs015;jvs016;jvs017;jvs019;jvs020;jvs021;jvs022;jvs025;jvs026;jvs028;jvs029;jvs030;jvs031;jvs033;jvs035;jvs036;jvs038;jvs039;jvs040;jvs041;jvs044;jvs046;jvs048;jvs049;jvs053;jvs054;jvs057;jvs058;jvs060;jvs064;jvs066;jvs067;jvs068;jvs070;jvs071;jvs072;jvs073;jvs074;jvs078;jvs079;jvs080;jvs081;jvs084;jvs086;jvs089;jvs091;jvs093;jvs095;jvs096;jvs097;jvs098;jvs099,jvs002;jvs006;jvs012;jvs013;jvs023;jvs034;jvs037;jvs043;jvs047;jvs056;jvs061;jvs063;jvs065;jvs082;jvs083;jvs087;jvs088;jvs092;jvs094;jvs100,jvs003;jvs004;jvs018;jvs024;jvs027;jvs032;jvs042;jvs045;jvs050;jvs051;jvs052;jvs055;jvs059;jvs062;jvs069;jvs075;jvs076;jvs077;jvs085;jvs090,f76a016fc6c9b41af02f,m2_oas_whitened_cosine,0,0.8,0.95,0.8538461538461538,1.95,1.0,0.9577631578947369,0.1394736842105263,0.19074292529400627,0.06991175063143136,0.004316566355485053,0.07131302398216995,0.18642635893852122,20,380,dev_speakers,0.20794672411742882,0.007894736842105263,0.45
JVS_JVSMuSiC,wavlm_l12,12,29,oas_whitened_cosine_query,oas_whitened_cosine,pooled_train_midpoint,query,OAS,0.02807120310963926,,jvs001;jvs005;jvs007;jvs008;jvs009;jvs010;jvs011;jvs014;jvs015;jvs016;jvs017;jvs019;jvs020;jvs021;jvs022;jvs025;jvs026;jvs028;jvs029;jvs030;jvs031;jvs033;jvs035;jvs036;jvs038;jvs039;jvs040;jvs041;jvs044;jvs046;jvs048;jvs049;jvs053;jvs054;jvs057;jvs058;jvs060;jvs064;jvs066;jvs067;jvs068;jvs070;jvs071;jvs072;jvs073;jvs074;jvs078;jvs079;jvs080;jvs081;jvs084;jvs086;jvs089;jvs091;jvs093;jvs095;jvs096;jvs097;jvs098;jvs099,jvs002;jvs006;jvs012;jvs013;jvs023;jvs034;jvs037;jvs043;jvs047;jvs056;jvs061;jvs063;jvs065;jvs082;jvs083;jvs087;jvs088;jvs092;jvs094;jvs100,jvs003;jvs004;jvs018;jvs024;jvs027;jvs032;jvs042;jvs045;jvs050;jvs051;jvs052;jvs055;jvs059;jvs062;jvs069;jvs075;jvs076;jvs077;jvs085;jvs090,f76a016fc6c9b41af02f,m2_oas_whitened_cosine,1,0.8,0.95,0.8538461538461538,1.95,1.0,0.9577631578947369,0.1394736842105263,0.19203353460306094,0.0698439980478395,0.005607952227824842,0.07130160331403305,0.1864255823752361,20,380,dev_speakers,0.2097433490813663,0.007894736842105263,0.45
JVS_JVSMuSiC,wavlm_l12,12,29,oas_mahalanobis_raw,oas_mahalanobis,origin_invariant,none,OAS,0.02807120310963926,,jvs001;jvs005;jvs007;jvs008;jvs009;jvs010;jvs011;jvs014;jvs015;jvs016;jvs017;jvs019;jvs020;jvs021;jvs022;jvs025;jvs026;jvs028;jvs029;jvs030;jvs031;jvs033;jvs035;jvs036;jvs038;jvs039;jvs040;jvs041;jvs044;jvs046;jvs048;jvs049;jvs053;jvs054;jvs057;jvs058;jvs060;jvs064;jvs066;jvs067;jvs068;jvs070;jvs071;jvs072;jvs073;jvs074;jvs078;jvs079;jvs080;jvs081;jvs084;jvs086;jvs089;jvs091;jvs093;jvs095;jvs096;jvs097;jvs098;jvs099,jvs002;jvs006;jvs012;jvs013;jvs023;jvs034;jvs037;jvs043;jvs047;jvs056;jvs061;jvs063;jvs065;jvs082;jvs083;jvs087;jvs088;jvs092;jvs094;jvs100,jvs003;jvs004;jvs018;jvs024;jvs027;jvs032;jvs042;jvs045;jvs050;jvs051;jvs052;jvs055;jvs059;jvs062;jvs069;jvs075;jvs076;jvs077;jvs085;jvs090,f76a016fc6c9b41af02f,m4_oas_mahalanobis,0,0.45,0.6,0.5589439237233356,6.0,2.0,0.7438157894736842,0.35,-3370.3961303634105,1182.3627364439706,-3963.9517556523206,1300.610399546657,593.55562528891,20,380,dev_speakers,-2913.9091534367763,0.007894736842105263,0.4
JVS_JVSMuSiC,wavlm_l12,12,29,oas_mahalanobis_query,oas_mahalanobis,origin_invariant,query,OAS,0.02807120310963926,,jvs001;jvs005;jvs007;jvs008;jvs009;jvs010;jvs011;jvs014;jvs015;jvs016;jvs017;jvs019;jvs020;jvs021;jvs022;jvs025;jvs026;jvs028;jvs029;jvs030;jvs031;jvs033;jvs035;jvs036;jvs038;jvs039;jvs040;jvs041;jvs044;jvs046;jvs048;jvs049;jvs053;jvs054;jvs057;jvs058;jvs060;jvs064;jvs066;jvs067;jvs068;jvs070;jvs071;jvs072;jvs073;jvs074;jvs078;jvs079;jvs080;jvs081;jvs084;jvs086;jvs089;jvs091;jvs093;jvs095;jvs096;jvs097;jvs098;jvs099,jvs002;jvs006;jvs012;jvs013;jvs023;jvs034;jvs037;jvs043;jvs047;jvs056;jvs061;jvs063;jvs065;jvs082;jvs083;jvs087;jvs088;jvs092;jvs094;jvs100,jvs003;jvs004;jvs018;jvs024;jvs027;jvs032;jvs042;jvs045;jvs050;jvs051;jvs052;jvs055;jvs059;jvs062;jvs069;jvs075;jvs076;jvs077;jvs085;jvs090,f76a016fc6c9b41af02f,m4_oas_mahalanobis,1,0.45,0.6,0.5589439237233356,6.0,2.0,0.7438157894736842,0.35,-3366.4550525625937,1182.4578548233876,-3960.010677851749,1300.7697053385125,593.5556252891552,20,380,dev_speakers,-2909.7040028003976,0.007894736842105263,0.4
JVS_JVSMuSiC,wavlm_l12,12,29,lda_cosine_raw,lda_cosine,lda_internal_centering,none,LDA_analytic_OAS_shrinkage,1.0,59,jvs001;jvs005;jvs007;jvs008;jvs009;jvs010;jvs011;jvs014;jvs015;jvs016;jvs017;jvs019;jvs020;jvs021;jvs022;jvs025;jvs026;jvs028;jvs029;jvs030;jvs031;jvs033;jvs035;jvs036;jvs038;jvs039;jvs040;jvs041;jvs044;jvs046;jvs048;jvs049;jvs053;jvs054;jvs057;jvs058;jvs060;jvs064;jvs066;jvs067;jvs068;jvs070;jvs071;jvs072;jvs073;jvs074;jvs078;jvs079;jvs080;jvs081;jvs084;jvs086;jvs089;jvs091;jvs093;jvs095;jvs096;jvs097;jvs098;jvs099,jvs002;jvs006;jvs012;jvs013;jvs023;jvs034;jvs037;jvs043;jvs047;jvs056;jvs061;jvs063;jvs065;jvs082;jvs083;jvs087;jvs088;jvs092;jvs094;jvs100,jvs003;jvs004;jvs018;jvs024;jvs027;jvs032;jvs042;jvs045;jvs050;jvs051;jvs052;jvs055;jvs059;jvs062;jvs069;jvs075;jvs076;jvs077;jvs085;jvs090,8f6038eaaf5cde36a1b4,m5_lda_cosine_k59,0,0.45,0.9,0.6048538011695906,3.45,2.0,0.8613157894736843,0.2118421052631579,0.27543469994743586,0.18625620844092702,0.021809744039375006,0.156343522445153,0.25362495590806083,20,380,dev_speakers,0.3463558761419843,0.007894736842105263,0.35
JVS_JVSMuSiC,wavlm_l12,12,29,lda_cosine_query,lda_cosine,lda_internal_centering,query,LDA_analytic_OAS_shrinkage,1.0,59,jvs001;jvs005;jvs007;jvs008;jvs009;jvs010;jvs011;jvs014;jvs015;jvs016;jvs017;jvs019;jvs020;jvs021;jvs022;jvs025;jvs026;jvs028;jvs029;jvs030;jvs031;jvs033;jvs035;jvs036;jvs038;jvs039;jvs040;jvs041;jvs044;jvs046;jvs048;jvs049;jvs053;jvs054;jvs057;jvs058;jvs060;jvs064;jvs066;jvs067;jvs068;jvs070;jvs071;jvs072;jvs073;jvs074;jvs078;jvs079;jvs080;jvs081;jvs084;jvs086;jvs089;jvs091;jvs093;jvs095;jvs096;jvs097;jvs098;jvs099,jvs002;jvs006;jvs012;jvs013;jvs023;jvs034;jvs037;jvs043;jvs047;jvs056;jvs061;jvs063;jvs065;jvs082;jvs083;jvs087;jvs088;jvs092;jvs094;jvs100,jvs003;jvs004;jvs018;jvs024;jvs027;jvs032;jvs042;jvs045;jvs050;jvs051;jvs052;jvs055;jvs059;jvs062;jvs069;jvs075;jvs076;jvs077;jvs085;jvs090,8f6038eaaf5cde36a1b4,m5_lda_cosine_k59,1,0.45,0.9,0.6055482456140351,3.4,2.0,0.8621052631578947,0.23815789473684212,0.27585603657399416,0.18603553593378488,0.022145200625726377,0.1562889656293305,0.25371083594826777,20,380,dev_speakers,0.3456575439959276,0.007894736842105263,0.35
JVS_JVSMuSiC,wavlm_l12,12,31,cos_o0_none,cosine,zero,none,none,,,jvs001;jvs002;jvs004;jvs005;jvs006;jvs007;jvs008;jvs011;jvs016;jvs018;jvs021;jvs022;jvs023;jvs024;jvs025;jvs026;jvs028;jvs029;jvs033;jvs035;jvs037;jvs038;jvs039;jvs041;jvs043;jvs047;jvs048;jvs050;jvs051;jvs053;jvs054;jvs055;jvs056;jvs057;jvs058;jvs059;jvs060;jvs061;jvs062;jvs063;jvs064;jvs068;jvs070;jvs074;jvs075;jvs077;jvs078;jvs080;jvs081;jvs083;jvs085;jvs087;jvs089;jvs091;jvs092;jvs093;jvs094;jvs096;jvs097;jvs099,jvs003;jvs012;jvs013;jvs014;jvs020;jvs030;jvs034;jvs040;jvs044;jvs049;jvs067;jvs069;jvs072;jvs073;jvs076;jvs079;jvs082;jvs090;jvs095;jvs100,jvs009;jvs010;jvs015;jvs017;jvs019;jvs027;jvs031;jvs032;jvs036;jvs042;jvs045;jvs046;jvs052;jvs065;jvs066;jvs071;jvs084;jvs086;jvs088;jvs098,d18fef502530e28c0b7e,m1_o0,0,0.1,0.45,0.2400694444444444,8.85,8.0,0.5775,0.45,0.9688858402911439,0.006961447532546713,0.9651854286843363,0.012432762829805492,0.003700411606807563,20,380,dev_speakers,0.9826326439713149,0.007894736842105263,0.0
JVS_JVSMuSiC,wavlm_l12,12,31,cos_o0_query,cosine,zero,query,none,,,jvs001;jvs002;jvs004;jvs005;jvs006;jvs007;jvs008;jvs011;jvs016;jvs018;jvs021;jvs022;jvs023;jvs024;jvs025;jvs026;jvs028;jvs029;jvs033;jvs035;jvs037;jvs038;jvs039;jvs041;jvs043;jvs047;jvs048;jvs050;jvs051;jvs053;jvs054;jvs055;jvs056;jvs057;jvs058;jvs059;jvs060;jvs061;jvs062;jvs063;jvs064;jvs068;jvs070;jvs074;jvs075;jvs077;jvs078;jvs080;jvs081;jvs083;jvs085;jvs087;jvs089;jvs091;jvs092;jvs093;jvs094;jvs096;jvs097;jvs099,jvs003;jvs012;jvs013;jvs014;jvs020;jvs030;jvs034;jvs040;jvs044;jvs049;jvs067;jvs069;jvs072;jvs073;jvs076;jvs079;jvs082;jvs090;jvs095;jvs100,jvs009;jvs010;jvs015;jvs017;jvs019;jvs027;jvs031;jvs032;jvs036;jvs042;jvs045;jvs046;jvs052;jvs065;jvs066;jvs071;jvs084;jvs086;jvs088;jvs098,d18fef502530e28c0b7e,m1_o0,1,0.4,0.75,0.5855800653594772,3.8,2.0,0.7647368421052632,0.3,0.9937968311324645,0.004718859612929693,0.9902471197021444,0.007702633081432063,0.003549711430320124,20,380,dev_speakers,0.9972998840913578,0.007894736842105263,0.05
JVS_JVSMuSiC,wavlm_l12,12,31,cos_o0_sym,cosine,zero,symmetric,none,,,jvs001;jvs002;jvs004;jvs005;jvs006;jvs007;jvs008;jvs011;jvs016;jvs018;jvs021;jvs022;jvs023;jvs024;jvs025;jvs026;jvs028;jvs029;jvs033;jvs035;jvs037;jvs038;jvs039;jvs041;jvs043;jvs047;jvs048;jvs050;jvs051;jvs053;jvs054;jvs055;jvs056;jvs057;jvs058;jvs059;jvs060;jvs061;jvs062;jvs063;jvs064;jvs068;jvs070;jvs074;jvs075;jvs077;jvs078;jvs080;jvs081;jvs083;jvs085;jvs087;jvs089;jvs091;jvs092;jvs093;jvs094;jvs096;jvs097;jvs099,jvs003;jvs012;jvs013;jvs014;jvs020;jvs030;jvs034;jvs040;jvs044;jvs049;jvs067;jvs069;jvs072;jvs073;jvs076;jvs079;jvs082;jvs090;jvs095;jvs100,jvs009;jvs010;jvs015;jvs017;jvs019;jvs027;jvs031;jvs032;jvs036;jvs042;jvs045;jvs046;jvs052;jvs065;jvs066;jvs071;jvs084;jvs086;jvs088;jvs098,d18fef502530e28c0b7e,m1_o0_sym,1,0.4,0.75,0.5864729225023344,3.75,2.0,0.7660526315789473,0.3,0.9935581885083546,0.004876584361015406,0.9898223120552887,0.008050953961937963,0.003735876453065945,20,380,dev_speakers,0.9971669980423155,0.007894736842105263,0.05
JVS_JVSMuSiC,wavlm_l12,12,31,cos_om_none,cosine,pooled_train_midpoint,none,none,,,jvs001;jvs002;jvs004;jvs005;jvs006;jvs007;jvs008;jvs011;jvs016;jvs018;jvs021;jvs022;jvs023;jvs024;jvs025;jvs026;jvs028;jvs029;jvs033;jvs035;jvs037;jvs038;jvs039;jvs041;jvs043;jvs047;jvs048;jvs050;jvs051;jvs053;jvs054;jvs055;jvs056;jvs057;jvs058;jvs059;jvs060;jvs061;jvs062;jvs063;jvs064;jvs068;jvs070;jvs074;jvs075;jvs077;jvs078;jvs080;jvs081;jvs083;jvs085;jvs087;jvs089;jvs091;jvs092;jvs093;jvs094;jvs096;jvs097;jvs099,jvs003;jvs012;jvs013;jvs014;jvs020;jvs030;jvs034;jvs040;jvs044;jvs049;jvs067;jvs069;jvs072;jvs073;jvs076;jvs079;jvs082;jvs090;jvs095;jvs100,jvs009;jvs010;jvs015;jvs017;jvs019;jvs027;jvs031;jvs032;jvs036;jvs042;jvs045;jvs046;jvs052;jvs065;jvs066;jvs071;jvs084;jvs086;jvs088;jvs098,d18fef502530e28c0b7e,m1_om,0,0.15,0.55,0.33931022408963585,5.35,5.0,0.7246052631578948,0.35,-0.4413605719966678,0.20857020329732748,-0.5883302725589024,0.15094872033719736,0.14696970056223457,20,380,dev_speakers,-0.15459938773769816,0.007894736842105263,0.15
JVS_JVSMuSiC,wavlm_l12,12,31,cos_om_query,cosine,pooled_train_midpoint,query,none,,,jvs001;jvs002;jvs004;jvs005;jvs006;jvs007;jvs008;jvs011;jvs016;jvs018;jvs021;jvs022;jvs023;jvs024;jvs025;jvs026;jvs028;jvs029;jvs033;jvs035;jvs037;jvs038;jvs039;jvs041;jvs043;jvs047;jvs048;jvs050;jvs051;jvs053;jvs054;jvs055;jvs056;jvs057;jvs058;jvs059;jvs060;jvs061;jvs062;jvs063;jvs064;jvs068;jvs070;jvs074;jvs075;jvs077;jvs078;jvs080;jvs081;jvs083;jvs085;jvs087;jvs089;jvs091;jvs092;jvs093;jvs094;jvs096;jvs097;jvs099,jvs003;jvs012;jvs013;jvs014;jvs020;jvs030;jvs034;jvs040;jvs044;jvs049;jvs067;jvs069;jvs072;jvs073;jvs076;jvs079;jvs082;jvs090;jvs095;jvs100,jvs009;jvs010;jvs015;jvs017;jvs019;jvs027;jvs031;jvs032;jvs036;jvs042;jvs045;jvs046;jvs052;jvs065;jvs066;jvs071;jvs084;jvs086;jvs088;jvs098,d18fef502530e28c0b7e,m1_om,1,0.5,0.65,0.5969642857142856,4.1,1.5,0.8035526315789474,0.25,0.7398670426382178,0.12001267890249193,0.5777240629686952,0.16703789782361025,0.16214297966952262,20,380,dev_speakers,0.854470359871177,0.007894736842105263,0.15
JVS_JVSMuSiC,wavlm_l12,12,31,cos_om_sym,cosine,pooled_train_midpoint,symmetric,none,,,jvs001;jvs002;jvs004;jvs005;jvs006;jvs007;jvs008;jvs011;jvs016;jvs018;jvs021;jvs022;jvs023;jvs024;jvs025;jvs026;jvs028;jvs029;jvs033;jvs035;jvs037;jvs038;jvs039;jvs041;jvs043;jvs047;jvs048;jvs050;jvs051;jvs053;jvs054;jvs055;jvs056;jvs057;jvs058;jvs059;jvs060;jvs061;jvs062;jvs063;jvs064;jvs068;jvs070;jvs074;jvs075;jvs077;jvs078;jvs080;jvs081;jvs083;jvs085;jvs087;jvs089;jvs091;jvs092;jvs093;jvs094;jvs096;jvs097;jvs099,jvs003;jvs012;jvs013;jvs014;jvs020;jvs030;jvs034;jvs040;jvs044;jvs049;jvs067;jvs069;jvs072;jvs073;jvs076;jvs079;jvs082;jvs090;jvs095;jvs100,jvs009;jvs010;jvs015;jvs017;jvs019;jvs027;jvs031;jvs032;jvs036;jvs042;jvs045;jvs046;jvs052;jvs065;jvs066;jvs071;jvs084;jvs086;jvs088;jvs098,d18fef502530e28c0b7e,m1_om_sym,1,0.65,0.9,0.7695454545454545,2.35,1.0,0.9260526315789473,0.15,0.4118302913908808,0.162782793304507,0.013043849691072026,0.2112207782357892,0.39878644169980876,20,380,dev_speakers,0.41809501695254797,0.007894736842105263,0.6
JVS_JVSMuSiC,wavlm_l12,12,31,euclidean_raw,euclidean,origin_invariant,none,none,,,jvs001;jvs002;jvs004;jvs005;jvs006;jvs007;jvs008;jvs011;jvs016;jvs018;jvs021;jvs022;jvs023;jvs024;jvs025;jvs026;jvs028;jvs029;jvs033;jvs035;jvs037;jvs038;jvs039;jvs041;jvs043;jvs047;jvs048;jvs050;jvs051;jvs053;jvs054;jvs055;jvs056;jvs057;jvs058;jvs059;jvs060;jvs061;jvs062;jvs063;jvs064;jvs068;jvs070;jvs074;jvs075;jvs077;jvs078;jvs080;jvs081;jvs083;jvs085;jvs087;jvs089;jvs091;jvs092;jvs093;jvs094;jvs096;jvs097;jvs099,jvs003;jvs012;jvs013;jvs014;jvs020;jvs030;jvs034;jvs040;jvs044;jvs049;jvs067;jvs069;jvs072;jvs073;jvs076;jvs079;jvs082;jvs090;jvs095;jvs100,jvs009;jvs010;jvs015;jvs017;jvs019;jvs027;jvs031;jvs032;jvs036;jvs042;jvs045;jvs046;jvs052;jvs065;jvs066;jvs071;jvs084;jvs086;jvs088;jvs098,d18fef502530e28c0b7e,m3_euclidean,0,0.15,0.45,0.2700694444444444,8.7,8.0,0.5726315789473684,0.45,-2.2680116541707696,0.5035686398113423,-2.5304658340906085,0.8952490674049927,0.262454179919839,20,380,dev_speakers,-1.2356681509290723,0.007894736842105263,0.0
JVS_JVSMuSiC,wavlm_l12,12,31,euclidean_query,euclidean,origin_invariant,query,none,,,jvs001;jvs002;jvs004;jvs005;jvs006;jvs007;jvs008;jvs011;jvs016;jvs018;jvs021;jvs022;jvs023;jvs024;jvs025;jvs026;jvs028;jvs029;jvs033;jvs035;jvs037;jvs038;jvs039;jvs041;jvs043;jvs047;jvs048;jvs050;jvs051;jvs053;jvs054;jvs055;jvs056;jvs057;jvs058;jvs059;jvs060;jvs061;jvs062;jvs063;jvs064;jvs068;jvs070;jvs074;jvs075;jvs077;jvs078;jvs080;jvs081;jvs083;jvs085;jvs087;jvs089;jvs091;jvs092;jvs093;jvs094;jvs096;jvs097;jvs099,jvs003;jvs012;jvs013;jvs014;jvs020;jvs030;jvs034;jvs040;jvs044;jvs049;jvs067;jvs069;jvs072;jvs073;jvs076;jvs079;jvs082;jvs090;jvs095;jvs100,jvs009;jvs010;jvs015;jvs017;jvs019;jvs027;jvs031;jvs032;jvs036;jvs042;jvs045;jvs046;jvs052;jvs065;jvs066;jvs071;jvs084;jvs086;jvs088;jvs098,d18fef502530e28c0b7e,m3_euclidean,1,0.4,0.75,0.5843300653594772,3.9,2.0,0.761578947368421,0.3,-0.45962926154190953,0.3450839345534033,-0.7220834414617527,0.5632806728550956,0.2624541799198432,20,380,dev_speakers,-0.20449471074557835,0.007894736842105263,0.05
JVS_JVSMuSiC,wavlm_l12,12,31,oas_whitened_cosine_raw,oas_whitened_cosine,pooled_train_midpoint,none,OAS,0.026782747857701475,,jvs001;jvs002;jvs004;jvs005;jvs006;jvs007;jvs008;jvs011;jvs016;jvs018;jvs021;jvs022;jvs023;jvs024;jvs025;jvs026;jvs028;jvs029;jvs033;jvs035;jvs037;jvs038;jvs039;jvs041;jvs043;jvs047;jvs048;jvs050;jvs051;jvs053;jvs054;jvs055;jvs056;jvs057;jvs058;jvs059;jvs060;jvs061;jvs062;jvs063;jvs064;jvs068;jvs070;jvs074;jvs075;jvs077;jvs078;jvs080;jvs081;jvs083;jvs085;jvs087;jvs089;jvs091;jvs092;jvs093;jvs094;jvs096;jvs097;jvs099,jvs003;jvs012;jvs013;jvs014;jvs020;jvs030;jvs034;jvs040;jvs044;jvs049;jvs067;jvs069;jvs072;jvs073;jvs076;jvs079;jvs082;jvs090;jvs095;jvs100,jvs009;jvs010;jvs015;jvs017;jvs019;jvs027;jvs031;jvs032;jvs036;jvs042;jvs045;jvs046;jvs052;jvs065;jvs066;jvs071;jvs084;jvs086;jvs088;jvs098,dae10bcffdaa348f1b92,m2_oas_whitened_cosine,0,0.7,0.85,0.7615445665445664,2.75,1.0,0.9257894736842105,0.19078947368421054,0.17981825284969907,0.09836988724885216,0.0019513231538799492,0.0751490747883226,0.17786692969581913,20,380,dev_speakers,0.2036627202837544,0.007894736842105263,0.4
JVS_JVSMuSiC,wavlm_l12,12,31,oas_whitened_cosine_query,oas_whitened_cosine,pooled_train_midpoint,query,OAS,0.026782747857701475,,jvs001;jvs002;jvs004;jvs005;jvs006;jvs007;jvs008;jvs011;jvs016;jvs018;jvs021;jvs022;jvs023;jvs024;jvs025;jvs026;jvs028;jvs029;jvs033;jvs035;jvs037;jvs038;jvs039;jvs041;jvs043;jvs047;jvs048;jvs050;jvs051;jvs053;jvs054;jvs055;jvs056;jvs057;jvs058;jvs059;jvs060;jvs061;jvs062;jvs063;jvs064;jvs068;jvs070;jvs074;jvs075;jvs077;jvs078;jvs080;jvs081;jvs083;jvs085;jvs087;jvs089;jvs091;jvs092;jvs093;jvs094;jvs096;jvs097;jvs099,jvs003;jvs012;jvs013;jvs014;jvs020;jvs030;jvs034;jvs040;jvs044;jvs049;jvs067;jvs069;jvs072;jvs073;jvs076;jvs079;jvs082;jvs090;jvs095;jvs100,jvs009;jvs010;jvs015;jvs017;jvs019;jvs027;jvs031;jvs032;jvs036;jvs042;jvs045;jvs046;jvs052;jvs065;jvs066;jvs071;jvs084;jvs086;jvs088;jvs098,dae10bcffdaa348f1b92,m2_oas_whitened_cosine,1,0.7,0.85,0.7615445665445664,2.75,1.0,0.9252631578947368,0.19605263157894737,0.18085003757901438,0.09833622508032949,0.0029846902668646557,0.07514914630498597,0.17786534731214973,20,380,dev_speakers,0.20475642576470524,0.007894736842105263,0.4
JVS_JVSMuSiC,wavlm_l12,12,31,oas_mahalanobis_raw,oas_mahalanobis,origin_invariant,none,OAS,0.026782747857701475,,jvs001;jvs002;jvs004;jvs005;jvs006;jvs007;jvs008;jvs011;jvs016;jvs018;jvs021;jvs022;jvs023;jvs024;jvs025;jvs026;jvs028;jvs029;jvs033;jvs035;jvs037;jvs038;jvs039;jvs041;jvs043;jvs047;jvs048;jvs050;jvs051;jvs053;jvs054;jvs055;jvs056;jvs057;jvs058;jvs059;jvs060;jvs061;jvs062;jvs063;jvs064;jvs068;jvs070;jvs074;jvs075;jvs077;jvs078;jvs080;jvs081;jvs083;jvs085;jvs087;jvs089;jvs091;jvs092;jvs093;jvs094;jvs096;jvs097;jvs099,jvs003;jvs012;jvs013;jvs014;jvs020;jvs030;jvs034;jvs040;jvs044;jvs049;jvs067;jvs069;jvs072;jvs073;jvs076;jvs079;jvs082;jvs090;jvs095;jvs100,jvs009;jvs010;jvs015;jvs017;jvs019;jvs027;jvs031;jvs032;jvs036;jvs042;jvs045;jvs046;jvs052;jvs065;jvs066;jvs071;jvs084;jvs086;jvs088;jvs098,dae10bcffdaa348f1b92,m4_oas_mahalanobis,0,0.2,0.5,0.35336184648684643,7.35,5.5,0.6288157894736842,0.45263157894736844,-4483.567999147437,1889.0637282181767,-5228.713290811786,2403.239177524559,745.1452916643484,20,380,dev_speakers,-2880.817436755635,0.007894736842105263,0.1
JVS_JVSMuSiC,wavlm_l12,12,31,oas_mahalanobis_query,oas_mahalanobis,origin_invariant,query,OAS,0.026782747857701475,,jvs001;jvs002;jvs004;jvs005;jvs006;jvs007;jvs008;jvs011;jvs016;jvs018;jvs021;jvs022;jvs023;jvs024;jvs025;jvs026;jvs028;jvs029;jvs033;jvs035;jvs037;jvs038;jvs039;jvs041;jvs043;jvs047;jvs048;jvs050;jvs051;jvs053;jvs054;jvs055;jvs056;jvs057;jvs058;jvs059;jvs060;jvs061;jvs062;jvs063;jvs064;jvs068;jvs070;jvs074;jvs075;jvs077;jvs078;jvs080;jvs081;jvs083;jvs085;jvs087;jvs089;jvs091;jvs092;jvs093;jvs094;jvs096;jvs097;jvs099,jvs003;jvs012;jvs013;jvs014;jvs020;jvs030;jvs034;jvs040;jvs044;jvs049;jvs067;jvs069;jvs072;jvs073;jvs076;jvs079;jvs082;jvs090;jvs095;jvs100,jvs009;jvs010;jvs015;jvs017;jvs019;jvs027;jvs031;jvs032;jvs036;jvs042;jvs045;jvs046;jvs052;jvs065;jvs066;jvs071;jvs084;jvs086;jvs088;jvs098,dae10bcffdaa348f1b92,m4_oas_mahalanobis,1,0.2,0.5,0.35336184648684643,7.35,5.5,0.6288157894736842,0.45263157894736844,-4479.622074375162,1889.3366360275695,-5224.767366039495,2403.440641474955,745.145291664333,20,380,dev_speakers,-2876.3413575440645,0.007894736842105263,0.1
JVS_JVSMuSiC,wavlm_l12,12,31,lda_cosine_raw,lda_cosine,lda_internal_centering,none,LDA_analytic_OAS_shrinkage,1.0,59,jvs001;jvs002;jvs004;jvs005;jvs006;jvs007;jvs008;jvs011;jvs016;jvs018;jvs021;jvs022;jvs023;jvs024;jvs025;jvs026;jvs028;jvs029;jvs033;jvs035;jvs037;jvs038;jvs039;jvs041;jvs043;jvs047;jvs048;jvs050;jvs051;jvs053;jvs054;jvs055;jvs056;jvs057;jvs058;jvs059;jvs060;jvs061;jvs062;jvs063;jvs064;jvs068;jvs070;jvs074;jvs075;jvs077;jvs078;jvs080;jvs081;jvs083;jvs085;jvs087;jvs089;jvs091;jvs092;jvs093;jvs094;jvs096;jvs097;jvs099,jvs003;jvs012;jvs013;jvs014;jvs020;jvs030;jvs034;jvs040;jvs044;jvs049;jvs067;jvs069;jvs072;jvs073;jvs076;jvs079;jvs082;jvs090;jvs095;jvs100,jvs009;jvs010;jvs015;jvs017;jvs019;jvs027;jvs031;jvs032;jvs036;jvs042;jvs045;jvs046;jvs052;jvs065;jvs066;jvs071;jvs084;jvs086;jvs088;jvs098,32689f802e6790e01b6d,m5_lda_cosine_k59,0,0.4,0.6,0.5217628205128204,4.85,3.0,0.8005263157894736,0.256578947368421,0.23853736032092945,0.21190028145848144,0.003066223265847526,0.16603700753236975,0.23547113705508194,20,380,dev_speakers,0.4210729846039321,0.007894736842105263,0.15
JVS_JVSMuSiC,wavlm_l12,12,31,lda_cosine_query,lda_cosine,lda_internal_centering,query,LDA_analytic_OAS_shrinkage,1.0,59,jvs001;jvs002;jvs004;jvs005;jvs006;jvs007;jvs008;jvs011;jvs016;jvs018;jvs021;jvs022;jvs023;jvs024;jvs025;jvs026;jvs028;jvs029;jvs033;jvs035;jvs037;jvs038;jvs039;jvs041;jvs043;jvs047;jvs048;jvs050;jvs051;jvs053;jvs054;jvs055;jvs056;jvs057;jvs058;jvs059;jvs060;jvs061;jvs062;jvs063;jvs064;jvs068;jvs070;jvs074;jvs075;jvs077;jvs078;jvs080;jvs081;jvs083;jvs085;jvs087;jvs089;jvs091;jvs092;jvs093;jvs094;jvs096;jvs097;jvs099,jvs003;jvs012;jvs013;jvs014;jvs020;jvs030;jvs034;jvs040;jvs044;jvs049;jvs067;jvs069;jvs072;jvs073;jvs076;jvs079;jvs082;jvs090;jvs095;jvs100,jvs009;jvs010;jvs015;jvs017;jvs019;jvs027;jvs031;jvs032;jvs036;jvs042;jvs045;jvs046;jvs052;jvs065;jvs066;jvs071;jvs084;jvs086;jvs088;jvs098,32689f802e6790e01b6d,m5_lda_cosine_k59,1,0.4,0.6,0.5217628205128204,4.85,3.0,0.800921052631579,0.256578947368421,0.23861479202370012,0.2118131000941008,0.0030657768050151,0.16604387986554622,0.23554901521868502,20,380,dev_speakers,0.4213916456972572,0.007894736842105263,0.15
JVS_JVSMuSiC,wavlm_l12,12,37,cos_o0_none,cosine,zero,none,none,,,jvs001;jvs002;jvs004;jvs006;jvs007;jvs009;jvs011;jvs012;jvs014;jvs016;jvs017;jvs018;jvs019;jvs020;jvs021;jvs023;jvs024;jvs025;jvs026;jvs030;jvs031;jvs032;jvs034;jvs035;jvs037;jvs039;jvs040;jvs041;jvs043;jvs044;jvs046;jvs048;jvs051;jvs052;jvs054;jvs055;jvs058;jvs059;jvs062;jvs063;jvs065;jvs066;jvs067;jvs068;jvs069;jvs071;jvs072;jvs073;jvs078;jvs079;jvs080;jvs084;jvs085;jvs091;jvs093;jvs094;jvs097;jvs098;jvs099;jvs100,jvs008;jvs022;jvs027;jvs033;jvs036;jvs042;jvs045;jvs047;jvs049;jvs057;jvs061;jvs064;jvs070;jvs074;jvs076;jvs077;jvs081;jvs082;jvs088;jvs090,jvs003;jvs005;jvs010;jvs013;jvs015;jvs028;jvs029;jvs038;jvs050;jvs053;jvs056;jvs060;jvs075;jvs083;jvs086;jvs087;jvs089;jvs092;jvs095;jvs096,ea503d73af50d947808e,m1_o0,0,0.25,0.35,0.35203108875128997,8.0,7.0,0.6353947368421052,0.4,0.972427280717435,0.005543909802423361,0.9689354184152512,0.007574768858252489,0.0034918623021837902,20,380,dev_speakers,0.9817069616841512,0.007894736842105263,0.0
JVS_JVSMuSiC,wavlm_l12,12,37,cos_o0_query,cosine,zero,query,none,,,jvs001;jvs002;jvs004;jvs006;jvs007;jvs009;jvs011;jvs012;jvs014;jvs016;jvs017;jvs018;jvs019;jvs020;jvs021;jvs023;jvs024;jvs025;jvs026;jvs030;jvs031;jvs032;jvs034;jvs035;jvs037;jvs039;jvs040;jvs041;jvs043;jvs044;jvs046;jvs048;jvs051;jvs052;jvs054;jvs055;jvs058;jvs059;jvs062;jvs063;jvs065;jvs066;jvs067;jvs068;jvs069;jvs071;jvs072;jvs073;jvs078;jvs079;jvs080;jvs084;jvs085;jvs091;jvs093;jvs094;jvs097;jvs098;jvs099;jvs100,jvs008;jvs022;jvs027;jvs033;jvs036;jvs042;jvs045;jvs047;jvs049;jvs057;jvs061;jvs064;jvs070;jvs074;jvs076;jvs077;jvs081;jvs082;jvs088;jvs090,jvs003;jvs005;jvs010;jvs013;jvs015;jvs028;jvs029;jvs038;jvs050;jvs053;jvs056;jvs060;jvs075;jvs083;jvs086;jvs087;jvs089;jvs092;jvs095;jvs096,ea503d73af50d947808e,m1_o0,1,0.4,0.8,0.5867089598997494,3.9,2.0,0.8077631578947368,0.3,0.9952238758408685,0.0023898723007093506,0.9918501038393375,0.0038063041473838633,0.0033737720015309947,20,380,dev_speakers,0.9974243449665445,0.007894736842105263,0.05
JVS_JVSMuSiC,wavlm_l12,12,37,cos_o0_sym,cosine,zero,symmetric,none,,,jvs001;jvs002;jvs004;jvs006;jvs007;jvs009;jvs011;jvs012;jvs014;jvs016;jvs017;jvs018;jvs019;jvs020;jvs021;jvs023;jvs024;jvs025;jvs026;jvs030;jvs031;jvs032;jvs034;jvs035;jvs037;jvs039;jvs040;jvs041;jvs043;jvs044;jvs046;jvs048;jvs051;jvs052;jvs054;jvs055;jvs058;jvs059;jvs062;jvs063;jvs065;jvs066;jvs067;jvs068;jvs069;jvs071;jvs072;jvs073;jvs078;jvs079;jvs080;jvs084;jvs085;jvs091;jvs093;jvs094;jvs097;jvs098;jvs099;jvs100,jvs008;jvs022;jvs027;jvs033;jvs036;jvs042;jvs045;jvs047;jvs049;jvs057;jvs061;jvs064;jvs070;jvs074;jvs076;jvs077;jvs081;jvs082;jvs088;jvs090,jvs003;jvs005;jvs010;jvs013;jvs015;jvs028;jvs029;jvs038;jvs050;jvs053;jvs056;jvs060;jvs075;jvs083;jvs086;jvs087;jvs089;jvs092;jvs095;jvs096,ea503d73af50d947808e,m1_o0_sym,1,0.4,0.8,0.5869172932330826,3.85,2.0,0.8078947368421052,0.3,0.9950076566994126,0.0024984179124781544,0.9914762118324183,0.003982500636076155,0.0035314448669943044,20,380,dev_speakers,0.9973155177448323,0.007894736842105263,0.05
JVS_JVSMuSiC,wavlm_l12,12,37,cos_om_none,cosine,pooled_train_midpoint,none,none,,,jvs001;jvs002;jvs004;jvs006;jvs007;jvs009;jvs011;jvs012;jvs014;jvs016;jvs017;jvs018;jvs019;jvs020;jvs021;jvs023;jvs024;jvs025;jvs026;jvs030;jvs031;jvs032;jvs034;jvs035;jvs037;jvs039;jvs040;jvs041;jvs043;jvs044;jvs046;jvs048;jvs051;jvs052;jvs054;jvs055;jvs058;jvs059;jvs062;jvs063;jvs065;jvs066;jvs067;jvs068;jvs069;jvs071;jvs072;jvs073;jvs078;jvs079;jvs080;jvs084;jvs085;jvs091;jvs093;jvs094;jvs097;jvs098;jvs099;jvs100,jvs008;jvs022;jvs027;jvs033;jvs036;jvs042;jvs045;jvs047;jvs049;jvs057;jvs061;jvs064;jvs070;jvs074;jvs076;jvs077;jvs081;jvs082;jvs088;jvs090,jvs003;jvs005;jvs010;jvs013;jvs015;jvs028;jvs029;jvs038;jvs050;jvs053;jvs056;jvs060;jvs075;jvs083;jvs086;jvs087;jvs089;jvs092;jvs095;jvs096,ea503d73af50d947808e,m1_om,0,0.2,0.55,0.3791636141636141,5.75,4.5,0.7248684210526316,0.35,-0.4380991736141723,0.22013149212733407,-0.6022457078092551,0.14967511314604157,0.16414653419508285,20,380,dev_speakers,-0.30371725634859287,0.007894736842105263,0.25
JVS_JVSMuSiC,wavlm_l12,12,37,cos_om_query,cosine,pooled_train_midpoint,query,none,,,jvs001;jvs002;jvs004;jvs006;jvs007;jvs009;jvs011;jvs012;jvs014;jvs016;jvs017;jvs018;jvs019;jvs020;jvs021;jvs023;jvs024;jvs025;jvs026;jvs030;jvs031;jvs032;jvs034;jvs035;jvs037;jvs039;jvs040;jvs041;jvs043;jvs044;jvs046;jvs048;jvs051;jvs052;jvs054;jvs055;jvs058;jvs059;jvs062;jvs063;jvs065;jvs066;jvs067;jvs068;jvs069;jvs071;jvs072;jvs073;jvs078;jvs079;jvs080;jvs084;jvs085;jvs091;jvs093;jvs094;jvs097;jvs098;jvs099;jvs100,jvs008;jvs022;jvs027;jvs033;jvs036;jvs042;jvs045;jvs047;jvs049;jvs057;jvs061;jvs064;jvs070;jvs074;jvs076;jvs077;jvs081;jvs082;jvs088;jvs090,jvs003;jvs005;jvs010;jvs013;jvs015;jvs028;jvs029;jvs038;jvs050;jvs053;jvs056;jvs060;jvs075;jvs083;jvs086;jvs087;jvs089;jvs092;jvs095;jvs096,ea503d73af50d947808e,m1_om,1,0.55,0.75,0.6458333333333333,4.0,1.0,0.8098684210526316,0.25394736842105264,0.7641318929066092,0.11001269173706911,0.5963878913508748,0.16570313059061284,0.16774400155573443,20,380,dev_speakers,0.8567817153665132,0.007894736842105263,0.25
JVS_JVSMuSiC,wavlm_l12,12,37,cos_om_sym,cosine,pooled_train_midpoint,symmetric,none,,,jvs001;jvs002;jvs004;jvs006;jvs007;jvs009;jvs011;jvs012;jvs014;jvs016;jvs017;jvs018;jvs019;jvs020;jvs021;jvs023;jvs024;jvs025;jvs026;jvs030;jvs031;jvs032;jvs034;jvs035;jvs037;jvs039;jvs040;jvs041;jvs043;jvs044;jvs046;jvs048;jvs051;jvs052;jvs054;jvs055;jvs058;jvs059;jvs062;jvs063;jvs065;jvs066;jvs067;jvs068;jvs069;jvs071;jvs072;jvs073;jvs078;jvs079;jvs080;jvs084;jvs085;jvs091;jvs093;jvs094;jvs097;jvs098;jvs099;jvs100,jvs008;jvs022;jvs027;jvs033;jvs036;jvs042;jvs045;jvs047;jvs049;jvs057;jvs061;jvs064;jvs070;jvs074;jvs076;jvs077;jvs081;jvs082;jvs088;jvs090,jvs003;jvs005;jvs010;jvs013;jvs015;jvs028;jvs029;jvs038;jvs050;jvs053;jvs056;jvs060;jvs075;jvs083;jvs086;jvs087;jvs089;jvs092;jvs095;jvs096,ea503d73af50d947808e,m1_om_sym,1,0.7,0.95,0.7902380952380953,2.25,1.0,0.9472368421052632,0.1,0.4232547454496648,0.16104216601657473,-0.013891989834263244,0.20592619082126104,0.43714673528392806,20,380,dev_speakers,0.5008260832860723,0.007894736842105263,0.35
JVS_JVSMuSiC,wavlm_l12,12,37,euclidean_raw,euclidean,origin_invariant,none,none,,,jvs001;jvs002;jvs004;jvs006;jvs007;jvs009;jvs011;jvs012;jvs014;jvs016;jvs017;jvs018;jvs019;jvs020;jvs021;jvs023;jvs024;jvs025;jvs026;jvs030;jvs031;jvs032;jvs034;jvs035;jvs037;jvs039;jvs040;jvs041;jvs043;jvs044;jvs046;jvs048;jvs051;jvs052;jvs054;jvs055;jvs058;jvs059;jvs062;jvs063;jvs065;jvs066;jvs067;jvs068;jvs069;jvs071;jvs072;jvs073;jvs078;jvs079;jvs080;jvs084;jvs085;jvs091;jvs093;jvs094;jvs097;jvs098;jvs099;jvs100,jvs008;jvs022;jvs027;jvs033;jvs036;jvs042;jvs045;jvs047;jvs049;jvs057;jvs061;jvs064;jvs070;jvs074;jvs076;jvs077;jvs081;jvs082;jvs088;jvs090,jvs003;jvs005;jvs010;jvs013;jvs015;jvs028;jvs029;jvs038;jvs050;jvs053;jvs056;jvs060;jvs075;jvs083;jvs086;jvs087;jvs089;jvs092;jvs095;jvs096,ea503d73af50d947808e,m3_euclidean,0,0.2,0.35,0.3186977554179567,8.1,7.0,0.6327631578947368,0.4,-2.008758474110704,0.4124200023107132,-2.2596050207745417,0.5606476455126108,0.2508465466638379,20,380,dev_speakers,-1.2921074539617194,0.007894736842105263,0.0
JVS_JVSMuSiC,wavlm_l12,12,37,euclidean_query,euclidean,origin_invariant,query,none,,,jvs001;jvs002;jvs004;jvs006;jvs007;jvs009;jvs011;jvs012;jvs014;jvs016;jvs017;jvs018;jvs019;jvs020;jvs021;jvs023;jvs024;jvs025;jvs026;jvs030;jvs031;jvs032;jvs034;jvs035;jvs037;jvs039;jvs040;jvs041;jvs043;jvs044;jvs046;jvs048;jvs051;jvs052;jvs054;jvs055;jvs058;jvs059;jvs062;jvs063;jvs065;jvs066;jvs067;jvs068;jvs069;jvs071;jvs072;jvs073;jvs078;jvs079;jvs080;jvs084;jvs085;jvs091;jvs093;jvs094;jvs097;jvs098;jvs099;jvs100,jvs008;jvs022;jvs027;jvs033;jvs036;jvs042;jvs045;jvs047;jvs049;jvs057;jvs061;jvs064;jvs070;jvs074;jvs076;jvs077;jvs081;jvs082;jvs088;jvs090,jvs003;jvs005;jvs010;jvs013;jvs015;jvs028;jvs029;jvs038;jvs050;jvs053;jvs056;jvs060;jvs075;jvs083;jvs086;jvs087;jvs089;jvs092;jvs095;jvs096,ea503d73af50d947808e,m3_euclidean,1,0.4,0.8,0.5867089598997494,3.9,2.0,0.8021052631578948,0.3,-0.35686387797871716,0.17721190838329987,-0.6077104246425507,0.284809411660805,0.2508465466638335,20,380,dev_speakers,-0.18844588496440906,0.007894736842105263,0.05
JVS_JVSMuSiC,wavlm_l12,12,37,oas_whitened_cosine_raw,oas_whitened_cosine,pooled_train_midpoint,none,OAS,0.027841909513888787,,jvs001;jvs002;jvs004;jvs006;jvs007;jvs009;jvs011;jvs012;jvs014;jvs016;jvs017;jvs018;jvs019;jvs020;jvs021;jvs023;jvs024;jvs025;jvs026;jvs030;jvs031;jvs032;jvs034;jvs035;jvs037;jvs039;jvs040;jvs041;jvs043;jvs044;jvs046;jvs048;jvs051;jvs052;jvs054;jvs055;jvs058;jvs059;jvs062;jvs063;jvs065;jvs066;jvs067;jvs068;jvs069;jvs071;jvs072;jvs073;jvs078;jvs079;jvs080;jvs084;jvs085;jvs091;jvs093;jvs094;jvs097;jvs098;jvs099;jvs100,jvs008;jvs022;jvs027;jvs033;jvs036;jvs042;jvs045;jvs047;jvs049;jvs057;jvs061;jvs064;jvs070;jvs074;jvs076;jvs077;jvs081;jvs082;jvs088;jvs090,jvs003;jvs005;jvs010;jvs013;jvs015;jvs028;jvs029;jvs038;jvs050;jvs053;jvs056;jvs060;jvs075;jvs083;jvs086;jvs087;jvs089;jvs092;jvs095;jvs096,db449073926feca927e2,m2_oas_whitened_cosine,0,0.9,1.0,0.9416666666666667,1.15,1.0,0.9851315789473685,0.0881578947368421,0.22247502798915475,0.07241888993123137,0.0009223857235741193,0.07273885179200024,0.22155264226558063,20,380,dev_speakers,0.20044594557319065,0.007894736842105263,0.65
JVS_JVSMuSiC,wavlm_l12,12,37,oas_whitened_cosine_query,oas_whitened_cosine,pooled_train_midpoint,query,OAS,0.027841909513888787,,jvs001;jvs002;jvs004;jvs006;jvs007;jvs009;jvs011;jvs012;jvs014;jvs016;jvs017;jvs018;jvs019;jvs020;jvs021;jvs023;jvs024;jvs025;jvs026;jvs030;jvs031;jvs032;jvs034;jvs035;jvs037;jvs039;jvs040;jvs041;jvs043;jvs044;jvs046;jvs048;jvs051;jvs052;jvs054;jvs055;jvs058;jvs059;jvs062;jvs063;jvs065;jvs066;jvs067;jvs068;jvs069;jvs071;jvs072;jvs073;jvs078;jvs079;jvs080;jvs084;jvs085;jvs091;jvs093;jvs094;jvs097;jvs098;jvs099;jvs100,jvs008;jvs022;jvs027;jvs033;jvs036;jvs042;jvs045;jvs047;jvs049;jvs057;jvs061;jvs064;jvs070;jvs074;jvs076;jvs077;jvs081;jvs082;jvs088;jvs090,jvs003;jvs005;jvs010;jvs013;jvs015;jvs028;jvs029;jvs038;jvs050;jvs053;jvs056;jvs060;jvs075;jvs083;jvs086;jvs087;jvs089;jvs092;jvs095;jvs096,db449073926feca927e2,m2_oas_whitened_cosine,1,0.85,1.0,0.9166666666666666,1.2,1.0,0.9852631578947368,0.0881578947368421,0.2236601728032494,0.07224693721958154,0.002089402991656158,0.07274510979239052,0.22157076981159324,20,380,dev_speakers,0.2018586892082945,0.007894736842105263,0.65
JVS_JVSMuSiC,wavlm_l12,12,37,oas_mahalanobis_raw,oas_mahalanobis,origin_invariant,none,OAS,0.027841909513888787,,jvs001;jvs002;jvs004;jvs006;jvs007;jvs009;jvs011;jvs012;jvs014;jvs016;jvs017;jvs018;jvs019;jvs020;jvs021;jvs023;jvs024;jvs025;jvs026;jvs030;jvs031;jvs032;jvs034;jvs035;jvs037;jvs039;jvs040;jvs041;jvs043;jvs044;jvs046;jvs048;jvs051;jvs052;jvs054;jvs055;jvs058;jvs059;jvs062;jvs063;jvs065;jvs066;jvs067;jvs068;jvs069;jvs071;jvs072;jvs073;jvs078;jvs079;jvs080;jvs084;jvs085;jvs091;jvs093;jvs094;jvs097;jvs098;jvs099;jvs100,jvs008;jvs022;jvs027;jvs033;jvs036;jvs042;jvs045;jvs047;jvs049;jvs057;jvs061;jvs064;jvs070;jvs074;jvs076;jvs077;jvs081;jvs082;jvs088;jvs090,jvs003;jvs005;jvs010;jvs013;jvs015;jvs028;jvs029;jvs038;jvs050;jvs053;jvs056;jvs060;jvs075;jvs083;jvs086;jvs087;jvs089;jvs092;jvs095;jvs096,db449073926feca927e2,m4_oas_mahalanobis,0,0.25,0.6,0.3876103471691707,6.9,5.0,0.695,0.35,-3810.082211476029,1404.2954804197143,-4707.795300129331,1712.5658347258066,897.7130886533018,20,380,dev_speakers,-2708.7719782507047,0.007894736842105263,0.2
JVS_JVSMuSiC,wavlm_l12,12,37,oas_mahalanobis_query,oas_mahalanobis,origin_invariant,query,OAS,0.027841909513888787,,jvs001;jvs002;jvs004;jvs006;jvs007;jvs009;jvs011;jvs012;jvs014;jvs016;jvs017;jvs018;jvs019;jvs020;jvs021;jvs023;jvs024;jvs025;jvs026;jvs030;jvs031;jvs032;jvs034;jvs035;jvs037;jvs039;jvs040;jvs041;jvs043;jvs044;jvs046;jvs048;jvs051;jvs052;jvs054;jvs055;jvs058;jvs059;jvs062;jvs063;jvs065;jvs066;jvs067;jvs068;jvs069;jvs071;jvs072;jvs073;jvs078;jvs079;jvs080;jvs084;jvs085;jvs091;jvs093;jvs094;jvs097;jvs098;jvs099;jvs100,jvs008;jvs022;jvs027;jvs033;jvs036;jvs042;jvs045;jvs047;jvs049;jvs057;jvs061;jvs064;jvs070;jvs074;jvs076;jvs077;jvs081;jvs082;jvs088;jvs090,jvs003;jvs005;jvs010;jvs013;jvs015;jvs028;jvs029;jvs038;jvs050;jvs053;jvs056;jvs060;jvs075;jvs083;jvs086;jvs087;jvs089;jvs092;jvs095;jvs096,db449073926feca927e2,m4_oas_mahalanobis,1,0.25,0.6,0.3876103471691707,6.9,5.0,0.695,0.35,-3806.0754295891616,1404.4455628363123,-4703.788518242764,1712.6512149391933,897.7130886536029,20,380,dev_speakers,-2704.5786581439897,0.007894736842105263,0.2
JVS_JVSMuSiC,wavlm_l12,12,37,lda_cosine_raw,lda_cosine,lda_internal_centering,none,LDA_analytic_OAS_shrinkage,1.0,59,jvs001;jvs002;jvs004;jvs006;jvs007;jvs009;jvs011;jvs012;jvs014;jvs016;jvs017;jvs018;jvs019;jvs020;jvs021;jvs023;jvs024;jvs025;jvs026;jvs030;jvs031;jvs032;jvs034;jvs035;jvs037;jvs039;jvs040;jvs041;jvs043;jvs044;jvs046;jvs048;jvs051;jvs052;jvs054;jvs055;jvs058;jvs059;jvs062;jvs063;jvs065;jvs066;jvs067;jvs068;jvs069;jvs071;jvs072;jvs073;jvs078;jvs079;jvs080;jvs084;jvs085;jvs091;jvs093;jvs094;jvs097;jvs098;jvs099;jvs100,jvs008;jvs022;jvs027;jvs033;jvs036;jvs042;jvs045;jvs047;jvs049;jvs057;jvs061;jvs064;jvs070;jvs074;jvs076;jvs077;jvs081;jvs082;jvs088;jvs090,jvs003;jvs005;jvs010;jvs013;jvs015;jvs028;jvs029;jvs038;jvs050;jvs053;jvs056;jvs060;jvs075;jvs083;jvs086;jvs087;jvs089;jvs092;jvs095;jvs096,792a0b78241bccac3644,m5_lda_cosine_k59,0,0.55,0.85,0.6767857142857142,2.45,1.0,0.9278947368421052,0.16052631578947368,0.279234077452871,0.11762235503328944,-0.004930140465272456,0.1506520710817416,0.28416421791814345,20,380,dev_speakers,0.38349869294525724,0.007894736842105263,0.15
JVS_JVSMuSiC,wavlm_l12,12,37,lda_cosine_query,lda_cosine,lda_internal_centering,query,LDA_analytic_OAS_shrinkage,1.0,59,jvs001;jvs002;jvs004;jvs006;jvs007;jvs009;jvs011;jvs012;jvs014;jvs016;jvs017;jvs018;jvs019;jvs020;jvs021;jvs023;jvs024;jvs025;jvs026;jvs030;jvs031;jvs032;jvs034;jvs035;jvs037;jvs039;jvs040;jvs041;jvs043;jvs044;jvs046;jvs048;jvs051;jvs052;jvs054;jvs055;jvs058;jvs059;jvs062;jvs063;jvs065;jvs066;jvs067;jvs068;jvs069;jvs071;jvs072;jvs073;jvs078;jvs079;jvs080;jvs084;jvs085;jvs091;jvs093;jvs094;jvs097;jvs098;jvs099;jvs100,jvs008;jvs022;jvs027;jvs033;jvs036;jvs042;jvs045;jvs047;jvs049;jvs057;jvs061;jvs064;jvs070;jvs074;jvs076;jvs077;jvs081;jvs082;jvs088;jvs090,jvs003;jvs005;jvs010;jvs013;jvs015;jvs028;jvs029;jvs038;jvs050;jvs053;jvs056;jvs060;jvs075;jvs083;jvs086;jvs087;jvs089;jvs092;jvs095;jvs096,792a0b78241bccac3644,m5_lda_cosine_k59,1,0.55,0.85,0.6767857142857142,2.45,1.0,0.9281578947368421,0.16052631578947368,0.2791328610181921,0.11771464943103609,-0.004897905063358894,0.1505159472657368,0.28403076608155103,20,380,dev_speakers,0.38378449427205663,0.007894736842105263,0.15
JVS_JVSMuSiC,wavlm_l12,12,41,cos_o0_none,cosine,zero,none,none,,,jvs001;jvs003;jvs004;jvs005;jvs006;jvs007;jvs009;jvs010;jvs011;jvs012;jvs016;jvs017;jvs019;jvs022;jvs023;jvs025;jvs026;jvs028;jvs029;jvs030;jvs031;jvs036;jvs037;jvs038;jvs042;jvs043;jvs044;jvs045;jvs049;jvs051;jvs054;jvs055;jvs058;jvs059;jvs060;jvs061;jvs062;jvs063;jvs065;jvs066;jvs067;jvs068;jvs069;jvs070;jvs071;jvs072;jvs073;jvs074;jvs075;jvs078;jvs080;jvs084;jvs085;jvs086;jvs090;jvs094;jvs095;jvs096;jvs098;jvs099,jvs002;jvs008;jvs013;jvs014;jvs018;jvs033;jvs035;jvs041;jvs047;jvs048;jvs057;jvs076;jvs082;jvs083;jvs087;jvs088;jvs089;jvs091;jvs093;jvs097,jvs015;jvs020;jvs021;jvs024;jvs027;jvs032;jvs034;jvs039;jvs040;jvs046;jvs050;jvs052;jvs053;jvs056;jvs064;jvs077;jvs079;jvs081;jvs092;jvs100,bb54f1da475ce7269615,m1_o0,0,0.1,0.35,0.2459272875816993,8.9,7.0,0.5878947368421052,0.4421052631578948,0.9693508346481217,0.00896217443106726,0.9672755032107121,0.00874019403038534,0.0020753314374095666,20,380,dev_speakers,0.9822505256273115,0.007894736842105263,0.0
JVS_JVSMuSiC,wavlm_l12,12,41,cos_o0_query,cosine,zero,query,none,,,jvs001;jvs003;jvs004;jvs005;jvs006;jvs007;jvs009;jvs010;jvs011;jvs012;jvs016;jvs017;jvs019;jvs022;jvs023;jvs025;jvs026;jvs028;jvs029;jvs030;jvs031;jvs036;jvs037;jvs038;jvs042;jvs043;jvs044;jvs045;jvs049;jvs051;jvs054;jvs055;jvs058;jvs059;jvs060;jvs061;jvs062;jvs063;jvs065;jvs066;jvs067;jvs068;jvs069;jvs070;jvs071;jvs072;jvs073;jvs074;jvs075;jvs078;jvs080;jvs084;jvs085;jvs086;jvs090;jvs094;jvs095;jvs096;jvs098;jvs099,jvs002;jvs008;jvs013;jvs014;jvs018;jvs033;jvs035;jvs041;jvs047;jvs048;jvs057;jvs076;jvs082;jvs083;jvs087;jvs088;jvs089;jvs091;jvs093;jvs097,jvs015;jvs020;jvs021;jvs024;jvs027;jvs032;jvs034;jvs039;jvs040;jvs046;jvs050;jvs052;jvs053;jvs056;jvs064;jvs077;jvs079;jvs081;jvs092;jvs100,bb54f1da475ce7269615,m1_o0,1,0.3,0.7,0.4686706349206348,5.35,3.0,0.7802631578947369,0.3,0.9950459406051035,0.00266448524685064,0.9930178751261428,0.0028795260567302237,0.0020280654789607278,20,380,dev_speakers,0.9966437114013362,0.007894736842105263,0.25
JVS_JVSMuSiC,wavlm_l12,12,41,cos_o0_sym,cosine,zero,symmetric,none,,,jvs001;jvs003;jvs004;jvs005;jvs006;jvs007;jvs009;jvs010;jvs011;jvs012;jvs016;jvs017;jvs019;jvs022;jvs023;jvs025;jvs026;jvs028;jvs029;jvs030;jvs031;jvs036;jvs037;jvs038;jvs042;jvs043;jvs044;jvs045;jvs049;jvs051;jvs054;jvs055;jvs058;jvs059;jvs060;jvs061;jvs062;jvs063;jvs065;jvs066;jvs067;jvs068;jvs069;jvs070;jvs071;jvs072;jvs073;jvs074;jvs075;jvs078;jvs080;jvs084;jvs085;jvs086;jvs090;jvs094;jvs095;jvs096;jvs098;jvs099,jvs002;jvs008;jvs013;jvs014;jvs018;jvs033;jvs035;jvs041;jvs047;jvs048;jvs057;jvs076;jvs082;jvs083;jvs087;jvs088;jvs089;jvs091;jvs093;jvs097,jvs015;jvs020;jvs021;jvs024;jvs027;jvs032;jvs034;jvs039;jvs040;jvs046;jvs050;jvs052;jvs053;jvs056;jvs064;jvs077;jvs079;jvs081;jvs092;jvs100,bb54f1da475ce7269615,m1_o0_sym,1,0.3,0.7,0.46805897533838703,5.4,3.0,0.7767105263157895,0.3,0.9947934242328319,0.0028418702192097777,0.9926852573020181,0.003046166495797035,0.0021081669308138373,20,380,dev_speakers,0.9965046049841396,0.007894736842105263,0.25
JVS_JVSMuSiC,wavlm_l12,12,41,cos_om_none,cosine,pooled_train_midpoint,none,none,,,jvs001;jvs003;jvs004;jvs005;jvs006;jvs007;jvs009;jvs010;jvs011;jvs012;jvs016;jvs017;jvs019;jvs022;jvs023;jvs025;jvs026;jvs028;jvs029;jvs030;jvs031;jvs036;jvs037;jvs038;jvs042;jvs043;jvs044;jvs045;jvs049;jvs051;jvs054;jvs055;jvs058;jvs059;jvs060;jvs061;jvs062;jvs063;jvs065;jvs066;jvs067;jvs068;jvs069;jvs070;jvs071;jvs072;jvs073;jvs074;jvs075;jvs078;jvs080;jvs084;jvs085;jvs086;jvs090;jvs094;jvs095;jvs096;jvs098;jvs099,jvs002;jvs008;jvs013;jvs014;jvs018;jvs033;jvs035;jvs041;jvs047;jvs048;jvs057;jvs076;jvs082;jvs083;jvs087;jvs088;jvs089;jvs091;jvs093;jvs097,jvs015;jvs020;jvs021;jvs024;jvs027;jvs032;jvs034;jvs039;jvs040;jvs046;jvs050;jvs052;jvs053;jvs056;jvs064;jvs077;jvs079;jvs081;jvs092;jvs100,bb54f1da475ce7269615,m1_om,0,0.15,0.6,0.3598596746390864,5.55,4.0,0.7364473684210526,0.30526315789473685,-0.5452060706903514,0.1392657918136556,-0.6573295605750793,0.11056102255939856,0.11212348988472787,20,380,dev_speakers,-0.19329648298766883,0.007894736842105263,0.0
JVS_JVSMuSiC,wavlm_l12,12,41,cos_om_query,cosine,pooled_train_midpoint,query,none,,,jvs001;jvs003;jvs004;jvs005;jvs006;jvs007;jvs009;jvs010;jvs011;jvs012;jvs016;jvs017;jvs019;jvs022;jvs023;jvs025;jvs026;jvs028;jvs029;jvs030;jvs031;jvs036;jvs037;jvs038;jvs042;jvs043;jvs044;jvs045;jvs049;jvs051;jvs054;jvs055;jvs058;jvs059;jvs060;jvs061;jvs062;jvs063;jvs065;jvs066;jvs067;jvs068;jvs069;jvs070;jvs071;jvs072;jvs073;jvs074;jvs075;jvs078;jvs080;jvs084;jvs085;jvs086;jvs090;jvs094;jvs095;jvs096;jvs098;jvs099,jvs002;jvs008;jvs013;jvs014;jvs018;jvs033;jvs035;jvs041;jvs047;jvs048;jvs057;jvs076;jvs082;jvs083;jvs087;jvs088;jvs089;jvs091;jvs093;jvs097,jvs015;jvs020;jvs021;jvs024;jvs027;jvs032;jvs034;jvs039;jvs040;jvs046;jvs050;jvs052;jvs053;jvs056;jvs064;jvs077;jvs079;jvs081;jvs092;jvs100,bb54f1da475ce7269615,m1_om,1,0.4,0.65,0.508888888888889,4.75,3.0,0.7934210526315789,0.3,0.7715819417995385,0.07370991036777326,0.6581267458340448,0.10866972758834001,0.1134551959654937,20,380,dev_speakers,0.8385673874140838,0.007894736842105263,0.3
JVS_JVSMuSiC,wavlm_l12,12,41,cos_om_sym,cosine,pooled_train_midpoint,symmetric,none,,,jvs001;jvs003;jvs004;jvs005;jvs006;jvs007;jvs009;jvs010;jvs011;jvs012;jvs016;jvs017;jvs019;jvs022;jvs023;jvs025;jvs026;jvs028;jvs029;jvs030;jvs031;jvs036;jvs037;jvs038;jvs042;jvs043;jvs044;jvs045;jvs049;jvs051;jvs054;jvs055;jvs058;jvs059;jvs060;jvs061;jvs062;jvs063;jvs065;jvs066;jvs067;jvs068;jvs069;jvs070;jvs071;jvs072;jvs073;jvs074;jvs075;jvs078;jvs080;jvs084;jvs085;jvs086;jvs090;jvs094;jvs095;jvs096;jvs098;jvs099,jvs002;jvs008;jvs013;jvs014;jvs018;jvs033;jvs035;jvs041;jvs047;jvs048;jvs057;jvs076;jvs082;jvs083;jvs087;jvs088;jvs089;jvs091;jvs093;jvs097,jvs015;jvs020;jvs021;jvs024;jvs027;jvs032;jvs034;jvs039;jvs040;jvs046;jvs050;jvs052;jvs053;jvs056;jvs064;jvs077;jvs079;jvs081;jvs092;jvs100,bb54f1da475ce7269615,m1_om_sym,1,0.5,0.8,0.5995634920634921,3.35,2.0,0.8876315789473684,0.16052631578947368,0.3288560801326247,0.1640230598517149,0.0034017466310697856,0.1956013144431032,0.3254543335015549,20,380,dev_speakers,0.4641082415084523,0.007894736842105263,0.25
JVS_JVSMuSiC,wavlm_l12,12,41,euclidean_raw,euclidean,origin_invariant,none,none,,,jvs001;jvs003;jvs004;jvs005;jvs006;jvs007;jvs009;jvs010;jvs011;jvs012;jvs016;jvs017;jvs019;jvs022;jvs023;jvs025;jvs026;jvs028;jvs029;jvs030;jvs031;jvs036;jvs037;jvs038;jvs042;jvs043;jvs044;jvs045;jvs049;jvs051;jvs054;jvs055;jvs058;jvs059;jvs060;jvs061;jvs062;jvs063;jvs065;jvs066;jvs067;jvs068;jvs069;jvs070;jvs071;jvs072;jvs073;jvs074;jvs075;jvs078;jvs080;jvs084;jvs085;jvs086;jvs090;jvs094;jvs095;jvs096;jvs098;jvs099,jvs002;jvs008;jvs013;jvs014;jvs018;jvs033;jvs035;jvs041;jvs047;jvs048;jvs057;jvs076;jvs082;jvs083;jvs087;jvs088;jvs089;jvs091;jvs093;jvs097,jvs015;jvs020;jvs021;jvs024;jvs027;jvs032;jvs034;jvs039;jvs040;jvs046;jvs050;jvs052;jvs053;jvs056;jvs064;jvs077;jvs079;jvs081;jvs092;jvs100,bb54f1da475ce7269615,m3_euclidean,0,0.1,0.35,0.23403200450220568,9.2,7.0,0.5843421052631579,0.4473684210526316,-2.2446480185920508,0.680457015310552,-2.393416595508912,0.66398665487052,0.1487685769168614,20,380,dev_speakers,-1.253481272707262,0.007894736842105263,0.0
JVS_JVSMuSiC,wavlm_l12,12,41,euclidean_query,euclidean,origin_invariant,query,none,,,jvs001;jvs003;jvs004;jvs005;jvs006;jvs007;jvs009;jvs010;jvs011;jvs012;jvs016;jvs017;jvs019;jvs022;jvs023;jvs025;jvs026;jvs028;jvs029;jvs030;jvs031;jvs036;jvs037;jvs038;jvs042;jvs043;jvs044;jvs045;jvs049;jvs051;jvs054;jvs055;jvs058;jvs059;jvs060;jvs061;jvs062;jvs063;jvs065;jvs066;jvs067;jvs068;jvs069;jvs070;jvs071;jvs072;jvs073;jvs074;jvs075;jvs078;jvs080;jvs084;jvs085;jvs086;jvs090;jvs094;jvs095;jvs096;jvs098;jvs099,jvs002;jvs008;jvs013;jvs014;jvs018;jvs033;jvs035;jvs041;jvs047;jvs048;jvs057;jvs076;jvs082;jvs083;jvs087;jvs088;jvs089;jvs091;jvs093;jvs097,jvs015;jvs020;jvs021;jvs024;jvs027;jvs032;jvs034;jvs039;jvs040;jvs046;jvs050;jvs052;jvs053;jvs056;jvs064;jvs077;jvs079;jvs081;jvs092;jvs100,bb54f1da475ce7269615,m3_euclidean,1,0.35,0.7,0.49470113220113215,5.4,3.0,0.771578947368421,0.3,-0.37379020450901945,0.20411422402430404,-0.5225587814258911,0.21911925788342804,0.14876857691687162,20,380,dev_speakers,-0.24456194711189028,0.007894736842105263,0.2
JVS_JVSMuSiC,wavlm_l12,12,41,oas_whitened_cosine_raw,oas_whitened_cosine,pooled_train_midpoint,none,OAS,0.0283551324484398,,jvs001;jvs003;jvs004;jvs005;jvs006;jvs007;jvs009;jvs010;jvs011;jvs012;jvs016;jvs017;jvs019;jvs022;jvs023;jvs025;jvs026;jvs028;jvs029;jvs030;jvs031;jvs036;jvs037;jvs038;jvs042;jvs043;jvs044;jvs045;jvs049;jvs051;jvs054;jvs055;jvs058;jvs059;jvs060;jvs061;jvs062;jvs063;jvs065;jvs066;jvs067;jvs068;jvs069;jvs070;jvs071;jvs072;jvs073;jvs074;jvs075;jvs078;jvs080;jvs084;jvs085;jvs086;jvs090;jvs094;jvs095;jvs096;jvs098;jvs099,jvs002;jvs008;jvs013;jvs014;jvs018;jvs033;jvs035;jvs041;jvs047;jvs048;jvs057;jvs076;jvs082;jvs083;jvs087;jvs088;jvs089;jvs091;jvs093;jvs097,jvs015;jvs020;jvs021;jvs024;jvs027;jvs032;jvs034;jvs039;jvs040;jvs046;jvs050;jvs052;jvs053;jvs056;jvs064;jvs077;jvs079;jvs081;jvs092;jvs100,551b1c3f37bd8fb90033,m2_oas_whitened_cosine,0,0.7,0.9,0.8008928571428571,1.95,1.0,0.9503947368421053,0.1394736842105263,0.1619585456224711,0.07485482296800788,-0.006071160919061895,0.07366873190359136,0.168029706541533,20,380,dev_speakers,0.2161802750472338,0.007894736842105263,0.2
JVS_JVSMuSiC,wavlm_l12,12,41,oas_whitened_cosine_query,oas_whitened_cosine,pooled_train_midpoint,query,OAS,0.0283551324484398,,jvs001;jvs003;jvs004;jvs005;jvs006;jvs007;jvs009;jvs010;jvs011;jvs012;jvs016;jvs017;jvs019;jvs022;jvs023;jvs025;jvs026;jvs028;jvs029;jvs030;jvs031;jvs036;jvs037;jvs038;jvs042;jvs043;jvs044;jvs045;jvs049;jvs051;jvs054;jvs055;jvs058;jvs059;jvs060;jvs061;jvs062;jvs063;jvs065;jvs066;jvs067;jvs068;jvs069;jvs070;jvs071;jvs072;jvs073;jvs074;jvs075;jvs078;jvs080;jvs084;jvs085;jvs086;jvs090;jvs094;jvs095;jvs096;jvs098;jvs099,jvs002;jvs008;jvs013;jvs014;jvs018;jvs033;jvs035;jvs041;jvs047;jvs048;jvs057;jvs076;jvs082;jvs083;jvs087;jvs088;jvs089;jvs091;jvs093;jvs097,jvs015;jvs020;jvs021;jvs024;jvs027;jvs032;jvs034;jvs039;jvs040;jvs046;jvs050;jvs052;jvs053;jvs056;jvs064;jvs077;jvs079;jvs081;jvs092;jvs100,551b1c3f37bd8fb90033,m2_oas_whitened_cosine,1,0.7,0.9,0.8008928571428571,1.95,1.0,0.9505263157894737,0.1381578947368421,0.16316833298520053,0.0748340123689944,-0.004866693141288812,0.07367744346404227,0.16803502612648935,20,380,dev_speakers,0.21740159421242247,0.007894736842105263,0.2
JVS_JVSMuSiC,wavlm_l12,12,41,oas_mahalanobis_raw,oas_mahalanobis,origin_invariant,none,OAS,0.0283551324484398,,jvs001;jvs003;jvs004;jvs005;jvs006;jvs007;jvs009;jvs010;jvs011;jvs012;jvs016;jvs017;jvs019;jvs022;jvs023;jvs025;jvs026;jvs028;jvs029;jvs030;jvs031;jvs036;jvs037;jvs038;jvs042;jvs043;jvs044;jvs045;jvs049;jvs051;jvs054;jvs055;jvs058;jvs059;jvs060;jvs061;jvs062;jvs063;jvs065;jvs066;jvs067;jvs068;jvs069;jvs070;jvs071;jvs072;jvs073;jvs074;jvs075;jvs078;jvs080;jvs084;jvs085;jvs086;jvs090;jvs094;jvs095;jvs096;jvs098;jvs099,jvs002;jvs008;jvs013;jvs014;jvs018;jvs033;jvs035;jvs041;jvs047;jvs048;jvs057;jvs076;jvs082;jvs083;jvs087;jvs088;jvs089;jvs091;jvs093;jvs097,jvs015;jvs020;jvs021;jvs024;jvs027;jvs032;jvs034;jvs039;jvs040;jvs046;jvs050;jvs052;jvs053;jvs056;jvs064;jvs077;jvs079;jvs081;jvs092;jvs100,551b1c3f37bd8fb90033,m4_oas_mahalanobis,0,0.25,0.45,0.37585821041703393,7.75,7.5,0.6482894736842105,0.40657894736842104,-3923.4174096046945,1288.7829719127374,-4535.6267818270835,1438.9191338094006,612.209372222389,20,380,dev_speakers,-2901.6729959649965,0.007894736842105263,0.3
JVS_JVSMuSiC,wavlm_l12,12,41,oas_mahalanobis_query,oas_mahalanobis,origin_invariant,query,OAS,0.0283551324484398,,jvs001;jvs003;jvs004;jvs005;jvs006;jvs007;jvs009;jvs010;jvs011;jvs012;jvs016;jvs017;jvs019;jvs022;jvs023;jvs025;jvs026;jvs028;jvs029;jvs030;jvs031;jvs036;jvs037;jvs038;jvs042;jvs043;jvs044;jvs045;jvs049;jvs051;jvs054;jvs055;jvs058;jvs059;jvs060;jvs061;jvs062;jvs063;jvs065;jvs066;jvs067;jvs068;jvs069;jvs070;jvs071;jvs072;jvs073;jvs074;jvs075;jvs078;jvs080;jvs084;jvs085;jvs086;jvs090;jvs094;jvs095;jvs096;jvs098;jvs099,jvs002;jvs008;jvs013;jvs014;jvs018;jvs033;jvs035;jvs041;jvs047;jvs048;jvs057;jvs076;jvs082;jvs083;jvs087;jvs088;jvs089;jvs091;jvs093;jvs097,jvs015;jvs020;jvs021;jvs024;jvs027;jvs032;jvs034;jvs039;jvs040;jvs046;jvs050;jvs052;jvs053;jvs056;jvs064;jvs077;jvs079;jvs081;jvs092;jvs100,551b1c3f37bd8fb90033,m4_oas_mahalanobis,1,0.25,0.45,0.37585821041703393,7.75,7.5,0.6484210526315789,0.40657894736842104,-3919.2004232173786,1288.915777933469,-4531.40979543993,1439.1333416566097,612.2093722225518,20,380,dev_speakers,-2897.4883990697563,0.007894736842105263,0.3
JVS_JVSMuSiC,wavlm_l12,12,41,lda_cosine_raw,lda_cosine,lda_internal_centering,none,LDA_analytic_OAS_shrinkage,1.0,59,jvs001;jvs003;jvs004;jvs005;jvs006;jvs007;jvs009;jvs010;jvs011;jvs012;jvs016;jvs017;jvs019;jvs022;jvs023;jvs025;jvs026;jvs028;jvs029;jvs030;jvs031;jvs036;jvs037;jvs038;jvs042;jvs043;jvs044;jvs045;jvs049;jvs051;jvs054;jvs055;jvs058;jvs059;jvs060;jvs061;jvs062;jvs063;jvs065;jvs066;jvs067;jvs068;jvs069;jvs070;jvs071;jvs072;jvs073;jvs074;jvs075;jvs078;jvs080;jvs084;jvs085;jvs086;jvs090;jvs094;jvs095;jvs096;jvs098;jvs099,jvs002;jvs008;jvs013;jvs014;jvs018;jvs033;jvs035;jvs041;jvs047;jvs048;jvs057;jvs076;jvs082;jvs083;jvs087;jvs088;jvs089;jvs091;jvs093;jvs097,jvs015;jvs020;jvs021;jvs024;jvs027;jvs032;jvs034;jvs039;jvs040;jvs046;jvs050;jvs052;jvs053;jvs056;jvs064;jvs077;jvs079;jvs081;jvs092;jvs100,6fecfea84f5ad9494ab1,m5_lda_cosine_k59,0,0.4,0.85,0.583489010989011,3.1,2.0,0.8977631578947368,0.2,0.259391844009458,0.14185993448871392,0.006037022534391361,0.14537320872414933,0.2533548214750666,20,380,dev_speakers,0.37389666469528593,0.007894736842105263,0.15
JVS_JVSMuSiC,wavlm_l12,12,41,lda_cosine_query,lda_cosine,lda_internal_centering,query,LDA_analytic_OAS_shrinkage,1.0,59,jvs001;jvs003;jvs004;jvs005;jvs006;jvs007;jvs009;jvs010;jvs011;jvs012;jvs016;jvs017;jvs019;jvs022;jvs023;jvs025;jvs026;jvs028;jvs029;jvs030;jvs031;jvs036;jvs037;jvs038;jvs042;jvs043;jvs044;jvs045;jvs049;jvs051;jvs054;jvs055;jvs058;jvs059;jvs060;jvs061;jvs062;jvs063;jvs065;jvs066;jvs067;jvs068;jvs069;jvs070;jvs071;jvs072;jvs073;jvs074;jvs075;jvs078;jvs080;jvs084;jvs085;jvs086;jvs090;jvs094;jvs095;jvs096;jvs098;jvs099,jvs002;jvs008;jvs013;jvs014;jvs018;jvs033;jvs035;jvs041;jvs047;jvs048;jvs057;jvs076;jvs082;jvs083;jvs087;jvs088;jvs089;jvs091;jvs093;jvs097,jvs015;jvs020;jvs021;jvs024;jvs027;jvs032;jvs034;jvs039;jvs040;jvs046;jvs050;jvs052;jvs053;jvs056;jvs064;jvs077;jvs079;jvs081;jvs092;jvs100,6fecfea84f5ad9494ab1,m5_lda_cosine_k59,1,0.4,0.85,0.583489010989011,3.1,2.0,0.8971052631578947,0.2,0.2596269605196873,0.14184794548614035,0.0062675611758767,0.14538407826322783,0.25335939934381063,20,380,dev_speakers,0.37596741670184086,0.007894736842105263,0.1
JVS_JVSMuSiC,wavlm_l12,12,43,cos_o0_none,cosine,zero,none,none,,,jvs002;jvs003;jvs004;jvs006;jvs007;jvs008;jvs009;jvs011;jvs013;jvs014;jvs015;jvs018;jvs022;jvs023;jvs024;jvs025;jvs026;jvs027;jvs034;jvs035;jvs036;jvs037;jvs038;jvs039;jvs040;jvs042;jvs043;jvs044;jvs045;jvs046;jvs049;jvs051;jvs054;jvs056;jvs058;jvs061;jvs062;jvs063;jvs065;jvs066;jvs067;jvs070;jvs071;jvs073;jvs076;jvs077;jvs078;jvs079;jvs083;jvs084;jvs086;jvs088;jvs089;jvs092;jvs093;jvs094;jvs096;jvs097;jvs099;jvs100,jvs010;jvs017;jvs019;jvs020;jvs021;jvs029;jvs030;jvs031;jvs032;jvs050;jvs052;jvs057;jvs059;jvs072;jvs075;jvs081;jvs087;jvs091;jvs095;jvs098,jvs001;jvs005;jvs012;jvs016;jvs028;jvs033;jvs041;jvs047;jvs048;jvs053;jvs055;jvs060;jvs064;jvs068;jvs069;jvs074;jvs080;jvs082;jvs085;jvs090,a333b50aa07e243c16e2,m1_o0,0,0.1,0.25,0.24355214230214234,8.7,9.5,0.5976315789473684,0.45,0.9707472094459186,0.006647739764931341,0.9684959138794932,0.006324795848414054,0.0022512955664254486,20,380,dev_speakers,0.9800205633025396,0.007894736842105263,0.1
JVS_JVSMuSiC,wavlm_l12,12,43,cos_o0_query,cosine,zero,query,none,,,jvs002;jvs003;jvs004;jvs006;jvs007;jvs008;jvs009;jvs011;jvs013;jvs014;jvs015;jvs018;jvs022;jvs023;jvs024;jvs025;jvs026;jvs027;jvs034;jvs035;jvs036;jvs037;jvs038;jvs039;jvs040;jvs042;jvs043;jvs044;jvs045;jvs046;jvs049;jvs051;jvs054;jvs056;jvs058;jvs061;jvs062;jvs063;jvs065;jvs066;jvs067;jvs070;jvs071;jvs073;jvs076;jvs077;jvs078;jvs079;jvs083;jvs084;jvs086;jvs088;jvs089;jvs092;jvs093;jvs094;jvs096;jvs097;jvs099;jvs100,jvs010;jvs017;jvs019;jvs020;jvs021;jvs029;jvs030;jvs031;jvs032;jvs050;jvs052;jvs057;jvs059;jvs072;jvs075;jvs081;jvs087;jvs091;jvs095;jvs098,jvs001;jvs005;jvs012;jvs016;jvs028;jvs033;jvs041;jvs047;jvs048;jvs053;jvs055;jvs060;jvs064;jvs068;jvs069;jvs074;jvs080;jvs082;jvs085;jvs090,a333b50aa07e243c16e2,m1_o0,1,0.3,0.7,0.49223901098901096,4.3,3.0,0.8010526315789473,0.25,0.9955491271321101,0.0014314024773195682,0.9933649420742094,0.0021493087007555256,0.002184185057900634,20,380,dev_speakers,0.9971388283827165,0.007894736842105263,0.1
JVS_JVSMuSiC,wavlm_l12,12,43,cos_o0_sym,cosine,zero,symmetric,none,,,jvs002;jvs003;jvs004;jvs006;jvs007;jvs008;jvs009;jvs011;jvs013;jvs014;jvs015;jvs018;jvs022;jvs023;jvs024;jvs025;jvs026;jvs027;jvs034;jvs035;jvs036;jvs037;jvs038;jvs039;jvs040;jvs042;jvs043;jvs044;jvs045;jvs046;jvs049;jvs051;jvs054;jvs056;jvs058;jvs061;jvs062;jvs063;jvs065;jvs066;jvs067;jvs070;jvs071;jvs073;jvs076;jvs077;jvs078;jvs079;jvs083;jvs084;jvs086;jvs088;jvs089;jvs092;jvs093;jvs094;jvs096;jvs097;jvs099;jvs100,jvs010;jvs017;jvs019;jvs020;jvs021;jvs029;jvs030;jvs031;jvs032;jvs050;jvs052;jvs057;jvs059;jvs072;jvs075;jvs081;jvs087;jvs091;jvs095;jvs098,jvs001;jvs005;jvs012;jvs016;jvs028;jvs033;jvs041;jvs047;jvs048;jvs053;jvs055;jvs060;jvs064;jvs068;jvs069;jvs074;jvs080;jvs082;jvs085;jvs090,a333b50aa07e243c16e2,m1_o0_sym,1,0.3,0.7,0.4998778998778999,4.3,2.5,0.8007894736842105,0.25,0.9953336478207117,0.001501678502498184,0.993052536142051,0.0022469461614881042,0.00228111167866063,20,380,dev_speakers,0.9970216640114691,0.007894736842105263,0.1
JVS_JVSMuSiC,wavlm_l12,12,43,cos_om_none,cosine,pooled_train_midpoint,none,none,,,jvs002;jvs003;jvs004;jvs006;jvs007;jvs008;jvs009;jvs011;jvs013;jvs014;jvs015;jvs018;jvs022;jvs023;jvs024;jvs025;jvs026;jvs027;jvs034;jvs035;jvs036;jvs037;jvs038;jvs039;jvs040;jvs042;jvs043;jvs044;jvs045;jvs046;jvs049;jvs051;jvs054;jvs056;jvs058;jvs061;jvs062;jvs063;jvs065;jvs066;jvs067;jvs070;jvs071;jvs073;jvs076;jvs077;jvs078;jvs079;jvs083;jvs084;jvs086;jvs088;jvs089;jvs092;jvs093;jvs094;jvs096;jvs097;jvs099;jvs100,jvs010;jvs017;jvs019;jvs020;jvs021;jvs029;jvs030;jvs031;jvs032;jvs050;jvs052;jvs057;jvs059;jvs072;jvs075;jvs081;jvs087;jvs091;jvs095;jvs098,jvs001;jvs005;jvs012;jvs016;jvs028;jvs033;jvs041;jvs047;jvs048;jvs053;jvs055;jvs060;jvs064;jvs068;jvs069;jvs074;jvs080;jvs082;jvs085;jvs090,a333b50aa07e243c16e2,m1_om,0,0.15,0.6,0.3358302808302808,5.45,5.0,0.7007894736842105,0.35,-0.5246611846586987,0.18545174673612042,-0.641549207580961,0.13463746306253058,0.1168880229222623,20,380,dev_speakers,-0.2272869954755089,0.007894736842105263,0.1
JVS_JVSMuSiC,wavlm_l12,12,43,cos_om_query,cosine,pooled_train_midpoint,query,none,,,jvs002;jvs003;jvs004;jvs006;jvs007;jvs008;jvs009;jvs011;jvs013;jvs014;jvs015;jvs018;jvs022;jvs023;jvs024;jvs025;jvs026;jvs027;jvs034;jvs035;jvs036;jvs037;jvs038;jvs039;jvs040;jvs042;jvs043;jvs044;jvs045;jvs046;jvs049;jvs051;jvs054;jvs056;jvs058;jvs061;jvs062;jvs063;jvs065;jvs066;jvs067;jvs070;jvs071;jvs073;jvs076;jvs077;jvs078;jvs079;jvs083;jvs084;jvs086;jvs088;jvs089;jvs092;jvs093;jvs094;jvs096;jvs097;jvs099;jvs100,jvs010;jvs017;jvs019;jvs020;jvs021;jvs029;jvs030;jvs031;jvs032;jvs050;jvs052;jvs057;jvs059;jvs072;jvs075;jvs081;jvs087;jvs091;jvs095;jvs098,jvs001;jvs005;jvs012;jvs016;jvs028;jvs033;jvs041;jvs047;jvs048;jvs053;jvs055;jvs060;jvs064;jvs068;jvs069;jvs074;jvs080;jvs082;jvs085;jvs090,a333b50aa07e243c16e2,m1_om,1,0.4,0.7,0.5382936507936508,4.5,2.5,0.7948684210526316,0.24210526315789474,0.7856275986130639,0.06945922053706159,0.6771508360299753,0.112563367312239,0.10847676258308858,20,380,dev_speakers,0.8373040701121257,0.007894736842105263,0.25
JVS_JVSMuSiC,wavlm_l12,12,43,cos_om_sym,cosine,pooled_train_midpoint,symmetric,none,,,jvs002;jvs003;jvs004;jvs006;jvs007;jvs008;jvs009;jvs011;jvs013;jvs014;jvs015;jvs018;jvs022;jvs023;jvs024;jvs025;jvs026;jvs027;jvs034;jvs035;jvs036;jvs037;jvs038;jvs039;jvs040;jvs042;jvs043;jvs044;jvs045;jvs046;jvs049;jvs051;jvs054;jvs056;jvs058;jvs061;jvs062;jvs063;jvs065;jvs066;jvs067;jvs070;jvs071;jvs073;jvs076;jvs077;jvs078;jvs079;jvs083;jvs084;jvs086;jvs088;jvs089;jvs092;jvs093;jvs094;jvs096;jvs097;jvs099;jvs100,jvs010;jvs017;jvs019;jvs020;jvs021;jvs029;jvs030;jvs031;jvs032;jvs050;jvs052;jvs057;jvs059;jvs072;jvs075;jvs081;jvs087;jvs091;jvs095;jvs098,jvs001;jvs005;jvs012;jvs016;jvs028;jvs033;jvs041;jvs047;jvs048;jvs053;jvs055;jvs060;jvs064;jvs068;jvs069;jvs074;jvs080;jvs082;jvs085;jvs090,a333b50aa07e243c16e2,m1_om_sym,1,0.55,0.85,0.6855952380952381,2.5,1.0,0.9039473684210526,0.2,0.3532380986373749,0.1392285443874811,0.02751260610585706,0.20458236863182197,0.32572549253151784,20,380,dev_speakers,0.429072334502112,0.007894736842105263,0.2
JVS_JVSMuSiC,wavlm_l12,12,43,euclidean_raw,euclidean,origin_invariant,none,none,,,jvs002;jvs003;jvs004;jvs006;jvs007;jvs008;jvs009;jvs011;jvs013;jvs014;jvs015;jvs018;jvs022;jvs023;jvs024;jvs025;jvs026;jvs027;jvs034;jvs035;jvs036;jvs037;jvs038;jvs039;jvs040;jvs042;jvs043;jvs044;jvs045;jvs046;jvs049;jvs051;jvs054;jvs056;jvs058;jvs061;jvs062;jvs063;jvs065;jvs066;jvs067;jvs070;jvs071;jvs073;jvs076;jvs077;jvs078;jvs079;jvs083;jvs084;jvs086;jvs088;jvs089;jvs092;jvs093;jvs094;jvs096;jvs097;jvs099;jvs100,jvs010;jvs017;jvs019;jvs020;jvs021;jvs029;jvs030;jvs031;jvs032;jvs050;jvs052;jvs057;jvs059;jvs072;jvs075;jvs081;jvs087;jvs091;jvs095;jvs098,jvs001;jvs005;jvs012;jvs016;jvs028;jvs033;jvs041;jvs047;jvs048;jvs053;jvs055;jvs060;jvs064;jvs068;jvs069;jvs074;jvs080;jvs082;jvs085;jvs090,a333b50aa07e243c16e2,m3_euclidean,0,0.1,0.3,0.24433973190552138,8.65,9.5,0.594078947368421,0.4486842105263158,-2.145776177758384,0.4942246497769758,-2.3089360687390657,0.4709496979812525,0.1631598909806815,20,380,dev_speakers,-1.430245770739461,0.007894736842105263,0.1
JVS_JVSMuSiC,wavlm_l12,12,43,euclidean_query,euclidean,origin_invariant,query,none,,,jvs002;jvs003;jvs004;jvs006;jvs007;jvs008;jvs009;jvs011;jvs013;jvs014;jvs015;jvs018;jvs022;jvs023;jvs024;jvs025;jvs026;jvs027;jvs034;jvs035;jvs036;jvs037;jvs038;jvs039;jvs040;jvs042;jvs043;jvs044;jvs045;jvs046;jvs049;jvs051;jvs054;jvs056;jvs058;jvs061;jvs062;jvs063;jvs065;jvs066;jvs067;jvs070;jvs071;jvs073;jvs076;jvs077;jvs078;jvs079;jvs083;jvs084;jvs086;jvs088;jvs089;jvs092;jvs093;jvs094;jvs096;jvs097;jvs099;jvs100,jvs010;jvs017;jvs019;jvs020;jvs021;jvs029;jvs030;jvs031;jvs032;jvs050;jvs052;jvs057;jvs059;jvs072;jvs075;jvs081;jvs087;jvs091;jvs095;jvs098,jvs001;jvs005;jvs012;jvs016;jvs028;jvs033;jvs041;jvs047;jvs048;jvs053;jvs055;jvs060;jvs064;jvs068;jvs069;jvs074;jvs080;jvs082;jvs085;jvs090,a333b50aa07e243c16e2,m3_euclidean,1,0.3,0.7,0.4998778998778999,4.3,2.5,0.7980263157894737,0.25,-0.33418060405038685,0.10890031900120627,-0.4973404950310756,0.16170685124034612,0.16315989098068873,20,380,dev_speakers,-0.21056233178059358,0.007894736842105263,0.1
JVS_JVSMuSiC,wavlm_l12,12,43,oas_whitened_cosine_raw,oas_whitened_cosine,pooled_train_midpoint,none,OAS,0.02817817272702489,,jvs002;jvs003;jvs004;jvs006;jvs007;jvs008;jvs009;jvs011;jvs013;jvs014;jvs015;jvs018;jvs022;jvs023;jvs024;jvs025;jvs026;jvs027;jvs034;jvs035;jvs036;jvs037;jvs038;jvs039;jvs040;jvs042;jvs043;jvs044;jvs045;jvs046;jvs049;jvs051;jvs054;jvs056;jvs058;jvs061;jvs062;jvs063;jvs065;jvs066;jvs067;jvs070;jvs071;jvs073;jvs076;jvs077;jvs078;jvs079;jvs083;jvs084;jvs086;jvs088;jvs089;jvs092;jvs093;jvs094;jvs096;jvs097;jvs099;jvs100,jvs010;jvs017;jvs019;jvs020;jvs021;jvs029;jvs030;jvs031;jvs032;jvs050;jvs052;jvs057;jvs059;jvs072;jvs075;jvs081;jvs087;jvs091;jvs095;jvs098,jvs001;jvs005;jvs012;jvs016;jvs028;jvs033;jvs041;jvs047;jvs048;jvs053;jvs055;jvs060;jvs064;jvs068;jvs069;jvs074;jvs080;jvs082;jvs085;jvs090,1e33281e33e55b69cf83,m2_oas_whitened_cosine,0,0.75,0.95,0.8245833333333333,1.8,1.0,0.949078947368421,0.15,0.19341259728533244,0.07817652424565082,0.0027751474672244513,0.07471273665119654,0.19063744981810798,20,380,dev_speakers,0.20154098276348092,0.007894736842105263,0.6
JVS_JVSMuSiC,wavlm_l12,12,43,oas_whitened_cosine_query,oas_whitened_cosine,pooled_train_midpoint,query,OAS,0.02817817272702489,,jvs002;jvs003;jvs004;jvs006;jvs007;jvs008;jvs009;jvs011;jvs013;jvs014;jvs015;jvs018;jvs022;jvs023;jvs024;jvs025;jvs026;jvs027;jvs034;jvs035;jvs036;jvs037;jvs038;jvs039;jvs040;jvs042;jvs043;jvs044;jvs045;jvs046;jvs049;jvs051;jvs054;jvs056;jvs058;jvs061;jvs062;jvs063;jvs065;jvs066;jvs067;jvs070;jvs071;jvs073;jvs076;jvs077;jvs078;jvs079;jvs083;jvs084;jvs086;jvs088;jvs089;jvs092;jvs093;jvs094;jvs096;jvs097;jvs099;jvs100,jvs010;jvs017;jvs019;jvs020;jvs021;jvs029;jvs030;jvs031;jvs032;jvs050;jvs052;jvs057;jvs059;jvs072;jvs075;jvs081;jvs087;jvs091;jvs095;jvs098,jvs001;jvs005;jvs012;jvs016;jvs028;jvs033;jvs041;jvs047;jvs048;jvs053;jvs055;jvs060;jvs064;jvs068;jvs069;jvs074;jvs080;jvs082;jvs085;jvs090,1e33281e33e55b69cf83,m2_oas_whitened_cosine,1,0.75,0.95,0.8245833333333333,1.8,1.0,0.949078947368421,0.15,0.19461036743579624,0.07805465578824443,0.003967356684201118,0.07474275470457696,0.19064301075159512,20,380,dev_speakers,0.20221704719463532,0.007894736842105263,0.6
JVS_JVSMuSiC,wavlm_l12,12,43,oas_mahalanobis_raw,oas_mahalanobis,origin_invariant,none,OAS,0.02817817272702489,,jvs002;jvs003;jvs004;jvs006;jvs007;jvs008;jvs009;jvs011;jvs013;jvs014;jvs015;jvs018;jvs022;jvs023;jvs024;jvs025;jvs026;jvs027;jvs034;jvs035;jvs036;jvs037;jvs038;jvs039;jvs040;jvs042;jvs043;jvs044;jvs045;jvs046;jvs049;jvs051;jvs054;jvs056;jvs058;jvs061;jvs062;jvs063;jvs065;jvs066;jvs067;jvs070;jvs071;jvs073;jvs076;jvs077;jvs078;jvs079;jvs083;jvs084;jvs086;jvs088;jvs089;jvs092;jvs093;jvs094;jvs096;jvs097;jvs099;jvs100,jvs010;jvs017;jvs019;jvs020;jvs021;jvs029;jvs030;jvs031;jvs032;jvs050;jvs052;jvs057;jvs059;jvs072;jvs075;jvs081;jvs087;jvs091;jvs095;jvs098,jvs001;jvs005;jvs012;jvs016;jvs028;jvs033;jvs041;jvs047;jvs048;jvs053;jvs055;jvs060;jvs064;jvs068;jvs069;jvs074;jvs080;jvs082;jvs085;jvs090,1e33281e33e55b69cf83,m4_oas_mahalanobis,0,0.25,0.45,0.3604334554334555,7.6,6.0,0.694078947368421,0.35657894736842105,-3624.9405726398572,1050.7439675125956,-4329.712312859847,1240.902763752102,704.7717402199896,20,380,dev_speakers,-2350.5179416276515,0.007894736842105263,0.0
JVS_JVSMuSiC,wavlm_l12,12,43,oas_mahalanobis_query,oas_mahalanobis,origin_invariant,query,OAS,0.02817817272702489,,jvs002;jvs003;jvs004;jvs006;jvs007;jvs008;jvs009;jvs011;jvs013;jvs014;jvs015;jvs018;jvs022;jvs023;jvs024;jvs025;jvs026;jvs027;jvs034;jvs035;jvs036;jvs037;jvs038;jvs039;jvs040;jvs042;jvs043;jvs044;jvs045;jvs046;jvs049;jvs051;jvs054;jvs056;jvs058;jvs061;jvs062;jvs063;jvs065;jvs066;jvs067;jvs070;jvs071;jvs073;jvs076;jvs077;jvs078;jvs079;jvs083;jvs084;jvs086;jvs088;jvs089;jvs092;jvs093;jvs094;jvs096;jvs097;jvs099;jvs100,jvs010;jvs017;jvs019;jvs020;jvs021;jvs029;jvs030;jvs031;jvs032;jvs050;jvs052;jvs057;jvs059;jvs072;jvs075;jvs081;jvs087;jvs091;jvs095;jvs098,jvs001;jvs005;jvs012;jvs016;jvs028;jvs033;jvs041;jvs047;jvs048;jvs053;jvs055;jvs060;jvs064;jvs068;jvs069;jvs074;jvs080;jvs082;jvs085;jvs090,1e33281e33e55b69cf83,m4_oas_mahalanobis,1,0.25,0.45,0.3604334554334555,7.6,6.0,0.6942105263157895,0.35657894736842105,-3621.141886940226,1050.8236373941575,-4325.913627160102,1241.0180827420627,704.7717402198759,20,380,dev_speakers,-2346.404226168059,0.007894736842105263,0.0
JVS_JVSMuSiC,wavlm_l12,12,43,lda_cosine_raw,lda_cosine,lda_internal_centering,none,LDA_analytic_OAS_shrinkage,1.0,59,jvs002;jvs003;jvs004;jvs006;jvs007;jvs008;jvs009;jvs011;jvs013;jvs014;jvs015;jvs018;jvs022;jvs023;jvs024;jvs025;jvs026;jvs027;jvs034;jvs035;jvs036;jvs037;jvs038;jvs039;jvs040;jvs042;jvs043;jvs044;jvs045;jvs046;jvs049;jvs051;jvs054;jvs056;jvs058;jvs061;jvs062;jvs063;jvs065;jvs066;jvs067;jvs070;jvs071;jvs073;jvs076;jvs077;jvs078;jvs079;jvs083;jvs084;jvs086;jvs088;jvs089;jvs092;jvs093;jvs094;jvs096;jvs097;jvs099;jvs100,jvs010;jvs017;jvs019;jvs020;jvs021;jvs029;jvs030;jvs031;jvs032;jvs050;jvs052;jvs057;jvs059;jvs072;jvs075;jvs081;jvs087;jvs091;jvs095;jvs098,jvs001;jvs005;jvs012;jvs016;jvs028;jvs033;jvs041;jvs047;jvs048;jvs053;jvs055;jvs060;jvs064;jvs068;jvs069;jvs074;jvs080;jvs082;jvs085;jvs090,023dd970b1f287b805c1,m5_lda_cosine_k59,0,0.5,0.7,0.6115662115662116,3.75,1.5,0.8514473684210526,0.2907894736842105,0.244576521012555,0.15827784019824606,0.004691285085340639,0.15642793960847334,0.23988523592721436,20,380,dev_speakers,0.3970793026931573,0.007894736842105263,0.1
JVS_JVSMuSiC,wavlm_l12,12,43,lda_cosine_query,lda_cosine,lda_internal_centering,query,LDA_analytic_OAS_shrinkage,1.0,59,jvs002;jvs003;jvs004;jvs006;jvs007;jvs008;jvs009;jvs011;jvs013;jvs014;jvs015;jvs018;jvs022;jvs023;jvs024;jvs025;jvs026;jvs027;jvs034;jvs035;jvs036;jvs037;jvs038;jvs039;jvs040;jvs042;jvs043;jvs044;jvs045;jvs046;jvs049;jvs051;jvs054;jvs056;jvs058;jvs061;jvs062;jvs063;jvs065;jvs066;jvs067;jvs070;jvs071;jvs073;jvs076;jvs077;jvs078;jvs079;jvs083;jvs084;jvs086;jvs088;jvs089;jvs092;jvs093;jvs094;jvs096;jvs097;jvs099;jvs100,jvs010;jvs017;jvs019;jvs020;jvs021;jvs029;jvs030;jvs031;jvs032;jvs050;jvs052;jvs057;jvs059;jvs072;jvs075;jvs081;jvs087;jvs091;jvs095;jvs098,jvs001;jvs005;jvs012;jvs016;jvs028;jvs033;jvs041;jvs047;jvs048;jvs053;jvs055;jvs060;jvs064;jvs068;jvs069;jvs074;jvs080;jvs082;jvs085;jvs090,023dd970b1f287b805c1,m5_lda_cosine_k59,1,0.5,0.7,0.6115662115662116,3.75,1.5,0.8514473684210526,0.2934210526315789,0.24448645777261935,0.1582433213408467,0.004678813348026552,0.15636327565993505,0.2398076444245928,20,380,dev_speakers,0.3948172666817122,0.007894736842105263,0.1
JVS_JVSMuSiC,wavlm_l12,12,47,cos_o0_none,cosine,zero,none,none,,,jvs002;jvs004;jvs005;jvs006;jvs007;jvs008;jvs009;jvs012;jvs013;jvs014;jvs015;jvs016;jvs018;jvs019;jvs020;jvs021;jvs022;jvs024;jvs025;jvs026;jvs029;jvs031;jvs032;jvs033;jvs034;jvs036;jvs037;jvs039;jvs044;jvs045;jvs047;jvs048;jvs049;jvs051;jvs052;jvs055;jvs056;jvs057;jvs058;jvs062;jvs063;jvs067;jvs068;jvs070;jvs071;jvs073;jvs074;jvs075;jvs077;jvs079;jvs083;jvs086;jvs088;jvs089;jvs091;jvs092;jvs097;jvs098;jvs099;jvs100,jvs001;jvs003;jvs027;jvs035;jvs038;jvs041;jvs042;jvs043;jvs046;jvs054;jvs060;jvs061;jvs065;jvs066;jvs069;jvs072;jvs080;jvs081;jvs085;jvs090,jvs010;jvs011;jvs017;jvs023;jvs028;jvs030;jvs040;jvs050;jvs053;jvs059;jvs064;jvs076;jvs078;jvs082;jvs084;jvs087;jvs093;jvs094;jvs095;jvs096,ceac0757b35940f048b9,m1_o0,0,0.15,0.3,0.29876172438672444,7.85,6.0,0.5977631578947369,0.4,0.9712266251010044,0.007562910391314325,0.9676815904152384,0.012241197949177135,0.0035450346857660575,20,380,dev_speakers,0.9809136888207852,0.007894736842105263,0.05
JVS_JVSMuSiC,wavlm_l12,12,47,cos_o0_query,cosine,zero,query,none,,,jvs002;jvs004;jvs005;jvs006;jvs007;jvs008;jvs009;jvs012;jvs013;jvs014;jvs015;jvs016;jvs018;jvs019;jvs020;jvs021;jvs022;jvs024;jvs025;jvs026;jvs029;jvs031;jvs032;jvs033;jvs034;jvs036;jvs037;jvs039;jvs044;jvs045;jvs047;jvs048;jvs049;jvs051;jvs052;jvs055;jvs056;jvs057;jvs058;jvs062;jvs063;jvs067;jvs068;jvs070;jvs071;jvs073;jvs074;jvs075;jvs077;jvs079;jvs083;jvs086;jvs088;jvs089;jvs091;jvs092;jvs097;jvs098;jvs099;jvs100,jvs001;jvs003;jvs027;jvs035;jvs038;jvs041;jvs042;jvs043;jvs046;jvs054;jvs060;jvs061;jvs065;jvs066;jvs069;jvs072;jvs080;jvs081;jvs085;jvs090,jvs010;jvs011;jvs017;jvs023;jvs028;jvs030;jvs040;jvs050;jvs053;jvs059;jvs064;jvs076;jvs078;jvs082;jvs084;jvs087;jvs093;jvs094;jvs095;jvs096,ceac0757b35940f048b9,m1_o0,1,0.3,0.75,0.47398989898989896,4.4,3.0,0.7717105263157895,0.3,0.9945236102705343,0.004091015493798677,0.9910969938426888,0.0073661611299981325,0.0034266164278454747,20,380,dev_speakers,0.9974686804328206,0.007894736842105263,0.15
JVS_JVSMuSiC,wavlm_l12,12,47,cos_o0_sym,cosine,zero,symmetric,none,,,jvs002;jvs004;jvs005;jvs006;jvs007;jvs008;jvs009;jvs012;jvs013;jvs014;jvs015;jvs016;jvs018;jvs019;jvs020;jvs021;jvs022;jvs024;jvs025;jvs026;jvs029;jvs031;jvs032;jvs033;jvs034;jvs036;jvs037;jvs039;jvs044;jvs045;jvs047;jvs048;jvs049;jvs051;jvs052;jvs055;jvs056;jvs057;jvs058;jvs062;jvs063;jvs067;jvs068;jvs070;jvs071;jvs073;jvs074;jvs075;jvs077;jvs079;jvs083;jvs086;jvs088;jvs089;jvs091;jvs092;jvs097;jvs098;jvs099;jvs100,jvs001;jvs003;jvs027;jvs035;jvs038;jvs041;jvs042;jvs043;jvs046;jvs054;jvs060;jvs061;jvs065;jvs066;jvs069;jvs072;jvs080;jvs081;jvs085;jvs090,jvs010;jvs011;jvs017;jvs023;jvs028;jvs030;jvs040;jvs050;jvs053;jvs059;jvs064;jvs076;jvs078;jvs082;jvs084;jvs087;jvs093;jvs094;jvs095;jvs096,ceac0757b35940f048b9,m1_o0_sym,1,0.3,0.75,0.4736111111111111,4.45,3.0,0.7697368421052632,0.3,0.9942757901875382,0.004244865546993305,0.9906803393741651,0.007711115132567434,0.003595450813373091,20,380,dev_speakers,0.9973474615413139,0.007894736842105263,0.15
JVS_JVSMuSiC,wavlm_l12,12,47,cos_om_none,cosine,pooled_train_midpoint,none,none,,,jvs002;jvs004;jvs005;jvs006;jvs007;jvs008;jvs009;jvs012;jvs013;jvs014;jvs015;jvs016;jvs018;jvs019;jvs020;jvs021;jvs022;jvs024;jvs025;jvs026;jvs029;jvs031;jvs032;jvs033;jvs034;jvs036;jvs037;jvs039;jvs044;jvs045;jvs047;jvs048;jvs049;jvs051;jvs052;jvs055;jvs056;jvs057;jvs058;jvs062;jvs063;jvs067;jvs068;jvs070;jvs071;jvs073;jvs074;jvs075;jvs077;jvs079;jvs083;jvs086;jvs088;jvs089;jvs091;jvs092;jvs097;jvs098;jvs099;jvs100,jvs001;jvs003;jvs027;jvs035;jvs038;jvs041;jvs042;jvs043;jvs046;jvs054;jvs060;jvs061;jvs065;jvs066;jvs069;jvs072;jvs080;jvs081;jvs085;jvs090,jvs010;jvs011;jvs017;jvs023;jvs028;jvs030;jvs040;jvs050;jvs053;jvs059;jvs064;jvs076;jvs078;jvs082;jvs084;jvs087;jvs093;jvs094;jvs095;jvs096,ceac0757b35940f048b9,m1_om,0,0.2,0.65,0.4113095238095238,5.65,3.5,0.7114473684210526,0.3486842105263158,-0.44244044192835397,0.2190376741434155,-0.593752327649877,0.1328890993279525,0.151311885721523,20,380,dev_speakers,-0.298335839358817,0.007894736842105263,0.3
JVS_JVSMuSiC,wavlm_l12,12,47,cos_om_query,cosine,pooled_train_midpoint,query,none,,,jvs002;jvs004;jvs005;jvs006;jvs007;jvs008;jvs009;jvs012;jvs013;jvs014;jvs015;jvs016;jvs018;jvs019;jvs020;jvs021;jvs022;jvs024;jvs025;jvs026;jvs029;jvs031;jvs032;jvs033;jvs034;jvs036;jvs037;jvs039;jvs044;jvs045;jvs047;jvs048;jvs049;jvs051;jvs052;jvs055;jvs056;jvs057;jvs058;jvs062;jvs063;jvs067;jvs068;jvs070;jvs071;jvs073;jvs074;jvs075;jvs077;jvs079;jvs083;jvs086;jvs088;jvs089;jvs091;jvs092;jvs097;jvs098;jvs099;jvs100,jvs001;jvs003;jvs027;jvs035;jvs038;jvs041;jvs042;jvs043;jvs046;jvs054;jvs060;jvs061;jvs065;jvs066;jvs069;jvs072;jvs080;jvs081;jvs085;jvs090,jvs010;jvs011;jvs017;jvs023;jvs028;jvs030;jvs040;jvs050;jvs053;jvs059;jvs064;jvs076;jvs078;jvs082;jvs084;jvs087;jvs093;jvs094;jvs095;jvs096,ceac0757b35940f048b9,m1_om,1,0.45,0.65,0.5863677988677989,3.7,2.0,0.8146052631578947,0.25,0.7678774910199022,0.07859522944784755,0.6193386170616986,0.15542022637991787,0.14853887395820364,20,380,dev_speakers,0.8742974873548073,0.007894736842105263,0.05
JVS_JVSMuSiC,wavlm_l12,12,47,cos_om_sym,cosine,pooled_train_midpoint,symmetric,none,,,jvs002;jvs004;jvs005;jvs006;jvs007;jvs008;jvs009;jvs012;jvs013;jvs014;jvs015;jvs016;jvs018;jvs019;jvs020;jvs021;jvs022;jvs024;jvs025;jvs026;jvs029;jvs031;jvs032;jvs033;jvs034;jvs036;jvs037;jvs039;jvs044;jvs045;jvs047;jvs048;jvs049;jvs051;jvs052;jvs055;jvs056;jvs057;jvs058;jvs062;jvs063;jvs067;jvs068;jvs070;jvs071;jvs073;jvs074;jvs075;jvs077;jvs079;jvs083;jvs086;jvs088;jvs089;jvs091;jvs092;jvs097;jvs098;jvs099;jvs100,jvs001;jvs003;jvs027;jvs035;jvs038;jvs041;jvs042;jvs043;jvs046;jvs054;jvs060;jvs061;jvs065;jvs066;jvs069;jvs072;jvs080;jvs081;jvs085;jvs090,jvs010;jvs011;jvs017;jvs023;jvs028;jvs030;jvs040;jvs050;jvs053;jvs059;jvs064;jvs076;jvs078;jvs082;jvs084;jvs087;jvs093;jvs094;jvs095;jvs096,ceac0757b35940f048b9,m1_om_sym,1,0.75,0.95,0.8412499999999999,1.7,1.0,0.9427631578947369,0.14473684210526316,0.4113124707558927,0.13701614014734045,0.01892321574958892,0.20054774912762427,0.3923892550063038,20,380,dev_speakers,0.46574434651474556,0.007894736842105263,0.4
JVS_JVSMuSiC,wavlm_l12,12,47,euclidean_raw,euclidean,origin_invariant,none,none,,,jvs002;jvs004;jvs005;jvs006;jvs007;jvs008;jvs009;jvs012;jvs013;jvs014;jvs015;jvs016;jvs018;jvs019;jvs020;jvs021;jvs022;jvs024;jvs025;jvs026;jvs029;jvs031;jvs032;jvs033;jvs034;jvs036;jvs037;jvs039;jvs044;jvs045;jvs047;jvs048;jvs049;jvs051;jvs052;jvs055;jvs056;jvs057;jvs058;jvs062;jvs063;jvs067;jvs068;jvs070;jvs071;jvs073;jvs074;jvs075;jvs077;jvs079;jvs083;jvs086;jvs088;jvs089;jvs091;jvs092;jvs097;jvs098;jvs099;jvs100,jvs001;jvs003;jvs027;jvs035;jvs038;jvs041;jvs042;jvs043;jvs046;jvs054;jvs060;jvs061;jvs065;jvs066;jvs069;jvs072;jvs080;jvs081;jvs085;jvs090,jvs010;jvs011;jvs017;jvs023;jvs028;jvs030;jvs040;jvs050;jvs053;jvs059;jvs064;jvs076;jvs078;jvs082;jvs084;jvs087;jvs093;jvs094;jvs095;jvs096,ceac0757b35940f048b9,m3_euclidean,0,0.15,0.3,0.28940131355572535,7.9,6.5,0.593421052631579,0.4,-2.091675946183076,0.545645747645916,-2.3453795162354907,0.880649772224621,0.25370357005241484,20,380,dev_speakers,-1.3821489183100795,0.007894736842105263,0.05
JVS_JVSMuSiC,wavlm_l12,12,47,euclidean_query,euclidean,origin_invariant,query,none,,,jvs002;jvs004;jvs005;jvs006;jvs007;jvs008;jvs009;jvs012;jvs013;jvs014;jvs015;jvs016;jvs018;jvs019;jvs020;jvs021;jvs022;jvs024;jvs025;jvs026;jvs029;jvs031;jvs032;jvs033;jvs034;jvs036;jvs037;jvs039;jvs044;jvs045;jvs047;jvs048;jvs049;jvs051;jvs052;jvs055;jvs056;jvs057;jvs058;jvs062;jvs063;jvs067;jvs068;jvs070;jvs071;jvs073;jvs074;jvs075;jvs077;jvs079;jvs083;jvs086;jvs088;jvs089;jvs091;jvs092;jvs097;jvs098;jvs099;jvs100,jvs001;jvs003;jvs027;jvs035;jvs038;jvs041;jvs042;jvs043;jvs046;jvs054;jvs060;jvs061;jvs065;jvs066;jvs069;jvs072;jvs080;jvs081;jvs085;jvs090,jvs010;jvs011;jvs017;jvs023;jvs028;jvs030;jvs040;jvs050;jvs053;jvs059;jvs064;jvs076;jvs078;jvs082;jvs084;jvs087;jvs093;jvs094;jvs095;jvs096,ceac0757b35940f048b9,m3_euclidean,1,0.3,0.75,0.4736111111111111,4.45,3.0,0.7621052631578947,0.3,-0.40786604408931026,0.29716738500802625,-0.6615696141417333,0.5373695863041285,0.25370357005242306,20,380,dev_speakers,-0.18838135849748028,0.007894736842105263,0.15
JVS_JVSMuSiC,wavlm_l12,12,47,oas_whitened_cosine_raw,oas_whitened_cosine,pooled_train_midpoint,none,OAS,0.027142407217281925,,jvs002;jvs004;jvs005;jvs006;jvs007;jvs008;jvs009;jvs012;jvs013;jvs014;jvs015;jvs016;jvs018;jvs019;jvs020;jvs021;jvs022;jvs024;jvs025;jvs026;jvs029;jvs031;jvs032;jvs033;jvs034;jvs036;jvs037;jvs039;jvs044;jvs045;jvs047;jvs048;jvs049;jvs051;jvs052;jvs055;jvs056;jvs057;jvs058;jvs062;jvs063;jvs067;jvs068;jvs070;jvs071;jvs073;jvs074;jvs075;jvs077;jvs079;jvs083;jvs086;jvs088;jvs089;jvs091;jvs092;jvs097;jvs098;jvs099;jvs100,jvs001;jvs003;jvs027;jvs035;jvs038;jvs041;jvs042;jvs043;jvs046;jvs054;jvs060;jvs061;jvs065;jvs066;jvs069;jvs072;jvs080;jvs081;jvs085;jvs090,jvs010;jvs011;jvs017;jvs023;jvs028;jvs030;jvs040;jvs050;jvs053;jvs059;jvs064;jvs076;jvs078;jvs082;jvs084;jvs087;jvs093;jvs094;jvs095;jvs096,8890a5b46f8f3c4f3c3e,m2_oas_whitened_cosine,0,0.65,0.75,0.7188022138680032,3.5,1.0,0.8655263157894737,0.23815789473684212,0.18432476025666897,0.13106825158973823,0.002983607507315939,0.07557629497500143,0.18134115274935303,20,380,dev_speakers,0.194168319935079,0.007894736842105263,0.5
JVS_JVSMuSiC,wavlm_l12,12,47,oas_whitened_cosine_query,oas_whitened_cosine,pooled_train_midpoint,query,OAS,0.027142407217281925,,jvs002;jvs004;jvs005;jvs006;jvs007;jvs008;jvs009;jvs012;jvs013;jvs014;jvs015;jvs016;jvs018;jvs019;jvs020;jvs021;jvs022;jvs024;jvs025;jvs026;jvs029;jvs031;jvs032;jvs033;jvs034;jvs036;jvs037;jvs039;jvs044;jvs045;jvs047;jvs048;jvs049;jvs051;jvs052;jvs055;jvs056;jvs057;jvs058;jvs062;jvs063;jvs067;jvs068;jvs070;jvs071;jvs073;jvs074;jvs075;jvs077;jvs079;jvs083;jvs086;jvs088;jvs089;jvs091;jvs092;jvs097;jvs098;jvs099;jvs100,jvs001;jvs003;jvs027;jvs035;jvs038;jvs041;jvs042;jvs043;jvs046;jvs054;jvs060;jvs061;jvs065;jvs066;jvs069;jvs072;jvs080;jvs081;jvs085;jvs090,jvs010;jvs011;jvs017;jvs023;jvs028;jvs030;jvs040;jvs050;jvs053;jvs059;jvs064;jvs076;jvs078;jvs082;jvs084;jvs087;jvs093;jvs094;jvs095;jvs096,8890a5b46f8f3c4f3c3e,m2_oas_whitened_cosine,1,0.65,0.75,0.7188022138680032,3.5,1.0,0.8652631578947368,0.2394736842105263,0.1854871292432754,0.13095498588694085,0.0041510718050168606,0.07559386075286034,0.18133605743825854,20,380,dev_speakers,0.19516913042612508,0.007894736842105263,0.5
JVS_JVSMuSiC,wavlm_l12,12,47,oas_mahalanobis_raw,oas_mahalanobis,origin_invariant,none,OAS,0.027142407217281925,,jvs002;jvs004;jvs005;jvs006;jvs007;jvs008;jvs009;jvs012;jvs013;jvs014;jvs015;jvs016;jvs018;jvs019;jvs020;jvs021;jvs022;jvs024;jvs025;jvs026;jvs029;jvs031;jvs032;jvs033;jvs034;jvs036;jvs037;jvs039;jvs044;jvs045;jvs047;jvs048;jvs049;jvs051;jvs052;jvs055;jvs056;jvs057;jvs058;jvs062;jvs063;jvs067;jvs068;jvs070;jvs071;jvs073;jvs074;jvs075;jvs077;jvs079;jvs083;jvs086;jvs088;jvs089;jvs091;jvs092;jvs097;jvs098;jvs099;jvs100,jvs001;jvs003;jvs027;jvs035;jvs038;jvs041;jvs042;jvs043;jvs046;jvs054;jvs060;jvs061;jvs065;jvs066;jvs069;jvs072;jvs080;jvs081;jvs085;jvs090,jvs010;jvs011;jvs017;jvs023;jvs028;jvs030;jvs040;jvs050;jvs053;jvs059;jvs064;jvs076;jvs078;jvs082;jvs084;jvs087;jvs093;jvs094;jvs095;jvs096,8890a5b46f8f3c4f3c3e,m4_oas_mahalanobis,0,0.25,0.4,0.34545290085731256,7.9,7.5,0.6490789473684211,0.3894736842105263,-4129.883280332829,1621.3804742553966,-4891.116625509194,1970.7005670557116,761.2333451763652,20,380,dev_speakers,-2832.7312644012272,0.007894736842105263,0.25
JVS_JVSMuSiC,wavlm_l12,12,47,oas_mahalanobis_query,oas_mahalanobis,origin_invariant,query,OAS,0.027142407217281925,,jvs002;jvs004;jvs005;jvs006;jvs007;jvs008;jvs009;jvs012;jvs013;jvs014;jvs015;jvs016;jvs018;jvs019;jvs020;jvs021;jvs022;jvs024;jvs025;jvs026;jvs029;jvs031;jvs032;jvs033;jvs034;jvs036;jvs037;jvs039;jvs044;jvs045;jvs047;jvs048;jvs049;jvs051;jvs052;jvs055;jvs056;jvs057;jvs058;jvs062;jvs063;jvs067;jvs068;jvs070;jvs071;jvs073;jvs074;jvs075;jvs077;jvs079;jvs083;jvs086;jvs088;jvs089;jvs091;jvs092;jvs097;jvs098;jvs099;jvs100,jvs001;jvs003;jvs027;jvs035;jvs038;jvs041;jvs042;jvs043;jvs046;jvs054;jvs060;jvs061;jvs065;jvs066;jvs069;jvs072;jvs080;jvs081;jvs085;jvs090,jvs010;jvs011;jvs017;jvs023;jvs028;jvs030;jvs040;jvs050;jvs053;jvs059;jvs064;jvs076;jvs078;jvs082;jvs084;jvs087;jvs093;jvs094;jvs095;jvs096,8890a5b46f8f3c4f3c3e,m4_oas_mahalanobis,1,0.25,0.4,0.34545290085731256,7.9,7.5,0.6492105263157895,0.3894736842105263,-4125.773742456501,1621.5375776220249,-4887.007087632776,1970.7607747617374,761.2333451762752,20,380,dev_speakers,-2828.954691778403,0.007894736842105263,0.25
JVS_JVSMuSiC,wavlm_l12,12,47,lda_cosine_raw,lda_cosine,lda_internal_centering,none,LDA_analytic_OAS_shrinkage,1.0,59,jvs002;jvs004;jvs005;jvs006;jvs007;jvs008;jvs009;jvs012;jvs013;jvs014;jvs015;jvs016;jvs018;jvs019;jvs020;jvs021;jvs022;jvs024;jvs025;jvs026;jvs029;jvs031;jvs032;jvs033;jvs034;jvs036;jvs037;jvs039;jvs044;jvs045;jvs047;jvs048;jvs049;jvs051;jvs052;jvs055;jvs056;jvs057;jvs058;jvs062;jvs063;jvs067;jvs068;jvs070;jvs071;jvs073;jvs074;jvs075;jvs077;jvs079;jvs083;jvs086;jvs088;jvs089;jvs091;jvs092;jvs097;jvs098;jvs099;jvs100,jvs001;jvs003;jvs027;jvs035;jvs038;jvs041;jvs042;jvs043;jvs046;jvs054;jvs060;jvs061;jvs065;jvs066;jvs069;jvs072;jvs080;jvs081;jvs085;jvs090,jvs010;jvs011;jvs017;jvs023;jvs028;jvs030;jvs040;jvs050;jvs053;jvs059;jvs064;jvs076;jvs078;jvs082;jvs084;jvs087;jvs093;jvs094;jvs095;jvs096,99165057998881df4173,m5_lda_cosine_k59,0,0.35,0.65,0.5049145299145299,5.3,2.5,0.7721052631578947,0.35,0.2088789410290583,0.19323350275049908,0.005750115176317903,0.15307934766077652,0.2031288258527404,20,380,dev_speakers,0.41578710606596353,0.007894736842105263,0.2
JVS_JVSMuSiC,wavlm_l12,12,47,lda_cosine_query,lda_cosine,lda_internal_centering,query,LDA_analytic_OAS_shrinkage,1.0,59,jvs002;jvs004;jvs005;jvs006;jvs007;jvs008;jvs009;jvs012;jvs013;jvs014;jvs015;jvs016;jvs018;jvs019;jvs020;jvs021;jvs022;jvs024;jvs025;jvs026;jvs029;jvs031;jvs032;jvs033;jvs034;jvs036;jvs037;jvs039;jvs044;jvs045;jvs047;jvs048;jvs049;jvs051;jvs052;jvs055;jvs056;jvs057;jvs058;jvs062;jvs063;jvs067;jvs068;jvs070;jvs071;jvs073;jvs074;jvs075;jvs077;jvs079;jvs083;jvs086;jvs088;jvs089;jvs091;jvs092;jvs097;jvs098;jvs099;jvs100,jvs001;jvs003;jvs027;jvs035;jvs038;jvs041;jvs042;jvs043;jvs046;jvs054;jvs060;jvs061;jvs065;jvs066;jvs069;jvs072;jvs080;jvs081;jvs085;jvs090,jvs010;jvs011;jvs017;jvs023;jvs028;jvs030;jvs040;jvs050;jvs053;jvs059;jvs064;jvs076;jvs078;jvs082;jvs084;jvs087;jvs093;jvs094;jvs095;jvs096,99165057998881df4173,m5_lda_cosine_k59,1,0.35,0.65,0.5049145299145299,5.3,2.5,0.7719736842105264,0.35,0.20913469598343304,0.19338196606055424,0.006007988375966173,0.15308387154590608,0.20312670760746687,20,380,dev_speakers,0.41504793380068433,0.007894736842105263,0.2
JVS_JVSMuSiC,wavlm_l12,12,53,cos_o0_none,cosine,zero,none,none,,,jvs002;jvs004;jvs005;jvs006;jvs007;jvs008;jvs009;jvs010;jvs011;jvs012;jvs014;jvs016;jvs017;jvs019;jvs020;jvs021;jvs022;jvs025;jvs027;jvs028;jvs029;jvs030;jvs031;jvs032;jvs033;jvs035;jvs039;jvs041;jvs043;jvs044;jvs045;jvs046;jvs047;jvs049;jvs050;jvs051;jvs053;jvs054;jvs055;jvs056;jvs057;jvs059;jvs064;jvs066;jvs067;jvs068;jvs069;jvs070;jvs071;jvs075;jvs077;jvs080;jvs081;jvs085;jvs087;jvs091;jvs094;jvs096;jvs097;jvs100,jvs001;jvs018;jvs034;jvs036;jvs037;jvs038;jvs048;jvs052;jvs060;jvs061;jvs063;jvs065;jvs072;jvs074;jvs078;jvs082;jvs088;jvs092;jvs093;jvs098,jvs003;jvs013;jvs015;jvs023;jvs024;jvs026;jvs040;jvs042;jvs058;jvs062;jvs073;jvs076;jvs079;jvs083;jvs084;jvs086;jvs089;jvs090;jvs095;jvs099,2b055649ca31c318ff92,m1_o0,0,0.1,0.3,0.2568744164332399,8.7,8.5,0.5843421052631579,0.4381578947368421,0.9705942688421271,0.009720098239342941,0.9673783456231556,0.013273135087123588,0.0032159232189714615,20,380,dev_speakers,0.9817104080322381,0.007894736842105263,0.0
JVS_JVSMuSiC,wavlm_l12,12,53,cos_o0_query,cosine,zero,query,none,,,jvs002;jvs004;jvs005;jvs006;jvs007;jvs008;jvs009;jvs010;jvs011;jvs012;jvs014;jvs016;jvs017;jvs019;jvs020;jvs021;jvs022;jvs025;jvs027;jvs028;jvs029;jvs030;jvs031;jvs032;jvs033;jvs035;jvs039;jvs041;jvs043;jvs044;jvs045;jvs046;jvs047;jvs049;jvs050;jvs051;jvs053;jvs054;jvs055;jvs056;jvs057;jvs059;jvs064;jvs066;jvs067;jvs068;jvs069;jvs070;jvs071;jvs075;jvs077;jvs080;jvs081;jvs085;jvs087;jvs091;jvs094;jvs096;jvs097;jvs100,jvs001;jvs018;jvs034;jvs036;jvs037;jvs038;jvs048;jvs052;jvs060;jvs061;jvs063;jvs065;jvs072;jvs074;jvs078;jvs082;jvs088;jvs092;jvs093;jvs098,jvs003;jvs013;jvs015;jvs023;jvs024;jvs026;jvs040;jvs042;jvs058;jvs062;jvs073;jvs076;jvs079;jvs083;jvs084;jvs086;jvs089;jvs090;jvs095;jvs099,2b055649ca31c318ff92,m1_o0,1,0.25,0.7,0.47971491228070173,4.65,2.0,0.7427631578947368,0.3486842105263158,0.9936430980199527,0.004584326414922043,0.9905423666437259,0.007246099265687527,0.003100731376226795,20,380,dev_speakers,0.997175303764877,0.007894736842105263,0.05
JVS_JVSMuSiC,wavlm_l12,12,53,cos_o0_sym,cosine,zero,symmetric,none,,,jvs002;jvs004;jvs005;jvs006;jvs007;jvs008;jvs009;jvs010;jvs011;jvs012;jvs014;jvs016;jvs017;jvs019;jvs020;jvs021;jvs022;jvs025;jvs027;jvs028;jvs029;jvs030;jvs031;jvs032;jvs033;jvs035;jvs039;jvs041;jvs043;jvs044;jvs045;jvs046;jvs047;jvs049;jvs050;jvs051;jvs053;jvs054;jvs055;jvs056;jvs057;jvs059;jvs064;jvs066;jvs067;jvs068;jvs069;jvs070;jvs071;jvs075;jvs077;jvs080;jvs081;jvs085;jvs087;jvs091;jvs094;jvs096;jvs097;jvs100,jvs001;jvs018;jvs034;jvs036;jvs037;jvs038;jvs048;jvs052;jvs060;jvs061;jvs063;jvs065;jvs072;jvs074;jvs078;jvs082;jvs088;jvs092;jvs093;jvs098,jvs003;jvs013;jvs015;jvs023;jvs024;jvs026;jvs040;jvs042;jvs058;jvs062;jvs073;jvs076;jvs079;jvs083;jvs084;jvs086;jvs089;jvs090;jvs095;jvs099,2b055649ca31c318ff92,m1_o0_sym,1,0.25,0.7,0.47068713450292404,4.75,2.5,0.7423684210526316,0.3447368421052631,0.993363331001143,0.004784934654570767,0.9901096978754644,0.00760122047153872,0.003253633125678612,20,380,dev_speakers,0.9970557178505703,0.007894736842105263,0.05
JVS_JVSMuSiC,wavlm_l12,12,53,cos_om_none,cosine,pooled_train_midpoint,none,none,,,jvs002;jvs004;jvs005;jvs006;jvs007;jvs008;jvs009;jvs010;jvs011;jvs012;jvs014;jvs016;jvs017;jvs019;jvs020;jvs021;jvs022;jvs025;jvs027;jvs028;jvs029;jvs030;jvs031;jvs032;jvs033;jvs035;jvs039;jvs041;jvs043;jvs044;jvs045;jvs046;jvs047;jvs049;jvs050;jvs051;jvs053;jvs054;jvs055;jvs056;jvs057;jvs059;jvs064;jvs066;jvs067;jvs068;jvs069;jvs070;jvs071;jvs075;jvs077;jvs080;jvs081;jvs085;jvs087;jvs091;jvs094;jvs096;jvs097;jvs100,jvs001;jvs018;jvs034;jvs036;jvs037;jvs038;jvs048;jvs052;jvs060;jvs061;jvs063;jvs065;jvs072;jvs074;jvs078;jvs082;jvs088;jvs092;jvs093;jvs098,jvs003;jvs013;jvs015;jvs023;jvs024;jvs026;jvs040;jvs042;jvs058;jvs062;jvs073;jvs076;jvs079;jvs083;jvs084;jvs086;jvs089;jvs090;jvs095;jvs099,2b055649ca31c318ff92,m1_om,0,0.1,0.5,0.3026600921008816,6.75,6.0,0.704078947368421,0.3421052631578947,-0.43062040383279854,0.2164315036445528,-0.5690517405358921,0.17018531074025084,0.1384313367030936,20,380,dev_speakers,-0.18427711221017085,0.007894736842105263,0.15
JVS_JVSMuSiC,wavlm_l12,12,53,cos_om_query,cosine,pooled_train_midpoint,query,none,,,jvs002;jvs004;jvs005;jvs006;jvs007;jvs008;jvs009;jvs010;jvs011;jvs012;jvs014;jvs016;jvs017;jvs019;jvs020;jvs021;jvs022;jvs025;jvs027;jvs028;jvs029;jvs030;jvs031;jvs032;jvs033;jvs035;jvs039;jvs041;jvs043;jvs044;jvs045;jvs046;jvs047;jvs049;jvs050;jvs051;jvs053;jvs054;jvs055;jvs056;jvs057;jvs059;jvs064;jvs066;jvs067;jvs068;jvs069;jvs070;jvs071;jvs075;jvs077;jvs080;jvs081;jvs085;jvs087;jvs091;jvs094;jvs096;jvs097;jvs100,jvs001;jvs018;jvs034;jvs036;jvs037;jvs038;jvs048;jvs052;jvs060;jvs061;jvs063;jvs065;jvs072;jvs074;jvs078;jvs082;jvs088;jvs092;jvs093;jvs098,jvs003;jvs013;jvs015;jvs023;jvs024;jvs026;jvs040;jvs042;jvs058;jvs062;jvs073;jvs076;jvs079;jvs083;jvs084;jvs086;jvs089;jvs090;jvs095;jvs099,2b055649ca31c318ff92,m1_om,1,0.3,0.6,0.4558061821219715,5.1,4.5,0.7630263157894737,0.35,0.7189089260763554,0.10088221636966484,0.5696258252487179,0.1694150636585862,0.14928310082763752,20,380,dev_speakers,0.8557238717341183,0.007894736842105263,0.1
JVS_JVSMuSiC,wavlm_l12,12,53,cos_om_sym,cosine,pooled_train_midpoint,symmetric,none,,,jvs002;jvs004;jvs005;jvs006;jvs007;jvs008;jvs009;jvs010;jvs011;jvs012;jvs014;jvs016;jvs017;jvs019;jvs020;jvs021;jvs022;jvs025;jvs027;jvs028;jvs029;jvs030;jvs031;jvs032;jvs033;jvs035;jvs039;jvs041;jvs043;jvs044;jvs045;jvs046;jvs047;jvs049;jvs050;jvs051;jvs053;jvs054;jvs055;jvs056;jvs057;jvs059;jvs064;jvs066;jvs067;jvs068;jvs069;jvs070;jvs071;jvs075;jvs077;jvs080;jvs081;jvs085;jvs087;jvs091;jvs094;jvs096;jvs097;jvs100,jvs001;jvs018;jvs034;jvs036;jvs037;jvs038;jvs048;jvs052;jvs060;jvs061;jvs063;jvs065;jvs072;jvs074;jvs078;jvs082;jvs088;jvs092;jvs093;jvs098,jvs003;jvs013;jvs015;jvs023;jvs024;jvs026;jvs040;jvs042;jvs058;jvs062;jvs073;jvs076;jvs079;jvs083;jvs084;jvs086;jvs089;jvs090;jvs095;jvs099,2b055649ca31c318ff92,m1_om_sym,1,0.5,0.8,0.669426406926407,3.3,1.5,0.8731578947368421,0.15,0.36200528529021214,0.19652555411851041,0.010576639849909657,0.22684770591759498,0.3514286454403025,20,380,dev_speakers,0.45591579423512396,0.007894736842105263,0.35
JVS_JVSMuSiC,wavlm_l12,12,53,euclidean_raw,euclidean,origin_invariant,none,none,,,jvs002;jvs004;jvs005;jvs006;jvs007;jvs008;jvs009;jvs010;jvs011;jvs012;jvs014;jvs016;jvs017;jvs019;jvs020;jvs021;jvs022;jvs025;jvs027;jvs028;jvs029;jvs030;jvs031;jvs032;jvs033;jvs035;jvs039;jvs041;jvs043;jvs044;jvs045;jvs046;jvs047;jvs049;jvs050;jvs051;jvs053;jvs054;jvs055;jvs056;jvs057;jvs059;jvs064;jvs066;jvs067;jvs068;jvs069;jvs070;jvs071;jvs075;jvs077;jvs080;jvs081;jvs085;jvs087;jvs091;jvs094;jvs096;jvs097;jvs100,jvs001;jvs018;jvs034;jvs036;jvs037;jvs038;jvs048;jvs052;jvs060;jvs061;jvs063;jvs065;jvs072;jvs074;jvs078;jvs082;jvs088;jvs092;jvs093;jvs098,jvs003;jvs013;jvs015;jvs023;jvs024;jvs026;jvs040;jvs042;jvs058;jvs062;jvs073;jvs076;jvs079;jvs083;jvs084;jvs086;jvs089;jvs090;jvs095;jvs099,2b055649ca31c318ff92,m3_euclidean,0,0.1,0.3,0.24933653764536112,8.7,8.0,0.58,0.4381578947368421,-2.132588437581056,0.7160185469634414,-2.360689756187844,0.9633957795910282,0.22810131860678817,20,380,dev_speakers,-1.3119789732409117,0.007894736842105263,0.0
JVS_JVSMuSiC,wavlm_l12,12,53,euclidean_query,euclidean,origin_invariant,query,none,,,jvs002;jvs004;jvs005;jvs006;jvs007;jvs008;jvs009;jvs010;jvs011;jvs012;jvs014;jvs016;jvs017;jvs019;jvs020;jvs021;jvs022;jvs025;jvs027;jvs028;jvs029;jvs030;jvs031;jvs032;jvs033;jvs035;jvs039;jvs041;jvs043;jvs044;jvs045;jvs046;jvs047;jvs049;jvs050;jvs051;jvs053;jvs054;jvs055;jvs056;jvs057;jvs059;jvs064;jvs066;jvs067;jvs068;jvs069;jvs070;jvs071;jvs075;jvs077;jvs080;jvs081;jvs085;jvs087;jvs091;jvs094;jvs096;jvs097;jvs100,jvs001;jvs018;jvs034;jvs036;jvs037;jvs038;jvs048;jvs052;jvs060;jvs061;jvs063;jvs065;jvs072;jvs074;jvs078;jvs082;jvs088;jvs092;jvs093;jvs098,jvs003;jvs013;jvs015;jvs023;jvs024;jvs026;jvs040;jvs042;jvs058;jvs062;jvs073;jvs076;jvs079;jvs083;jvs084;jvs086;jvs089;jvs090;jvs095;jvs099,2b055649ca31c318ff92,m3_euclidean,1,0.25,0.7,0.46235380116959063,4.8,3.0,0.7393421052631579,0.35,-0.47104148298048043,0.3354459762786082,-0.6991428015872637,0.5295201817525197,0.2281013186067833,20,380,dev_speakers,-0.2105354955679246,0.007894736842105263,0.05
JVS_JVSMuSiC,wavlm_l12,12,53,oas_whitened_cosine_raw,oas_whitened_cosine,pooled_train_midpoint,none,OAS,0.02683427310650369,,jvs002;jvs004;jvs005;jvs006;jvs007;jvs008;jvs009;jvs010;jvs011;jvs012;jvs014;jvs016;jvs017;jvs019;jvs020;jvs021;jvs022;jvs025;jvs027;jvs028;jvs029;jvs030;jvs031;jvs032;jvs033;jvs035;jvs039;jvs041;jvs043;jvs044;jvs045;jvs046;jvs047;jvs049;jvs050;jvs051;jvs053;jvs054;jvs055;jvs056;jvs057;jvs059;jvs064;jvs066;jvs067;jvs068;jvs069;jvs070;jvs071;jvs075;jvs077;jvs080;jvs081;jvs085;jvs087;jvs091;jvs094;jvs096;jvs097;jvs100,jvs001;jvs018;jvs034;jvs036;jvs037;jvs038;jvs048;jvs052;jvs060;jvs061;jvs063;jvs065;jvs072;jvs074;jvs078;jvs082;jvs088;jvs092;jvs093;jvs098,jvs003;jvs013;jvs015;jvs023;jvs024;jvs026;jvs040;jvs042;jvs058;jvs062;jvs073;jvs076;jvs079;jvs083;jvs084;jvs086;jvs089;jvs090;jvs095;jvs099,ab9e9cca5ed0278a0061,m2_oas_whitened_cosine,0,0.6,0.9,0.7375,2.25,1.0,0.9288157894736843,0.10526315789473684,0.15778177251887437,0.06565339271328373,0.009448429235173385,0.07483121435529802,0.14833334328370099,20,380,dev_speakers,0.17626963859849298,0.007894736842105263,0.5
JVS_JVSMuSiC,wavlm_l12,12,53,oas_whitened_cosine_query,oas_whitened_cosine,pooled_train_midpoint,query,OAS,0.02683427310650369,,jvs002;jvs004;jvs005;jvs006;jvs007;jvs008;jvs009;jvs010;jvs011;jvs012;jvs014;jvs016;jvs017;jvs019;jvs020;jvs021;jvs022;jvs025;jvs027;jvs028;jvs029;jvs030;jvs031;jvs032;jvs033;jvs035;jvs039;jvs041;jvs043;jvs044;jvs045;jvs046;jvs047;jvs049;jvs050;jvs051;jvs053;jvs054;jvs055;jvs056;jvs057;jvs059;jvs064;jvs066;jvs067;jvs068;jvs069;jvs070;jvs071;jvs075;jvs077;jvs080;jvs081;jvs085;jvs087;jvs091;jvs094;jvs096;jvs097;jvs100,jvs001;jvs018;jvs034;jvs036;jvs037;jvs038;jvs048;jvs052;jvs060;jvs061;jvs063;jvs065;jvs072;jvs074;jvs078;jvs082;jvs088;jvs092;jvs093;jvs098,jvs003;jvs013;jvs015;jvs023;jvs024;jvs026;jvs040;jvs042;jvs058;jvs062;jvs073;jvs076;jvs079;jvs083;jvs084;jvs086;jvs089;jvs090;jvs095;jvs099,ab9e9cca5ed0278a0061,m2_oas_whitened_cosine,1,0.6,0.9,0.7375,2.25,1.0,0.929078947368421,0.10394736842105264,0.1588402940248579,0.0656474537967295,0.010503002161911763,0.07482223955444417,0.1483372918629461,20,380,dev_speakers,0.17717209790314942,0.007894736842105263,0.5
JVS_JVSMuSiC,wavlm_l12,12,53,oas_mahalanobis_raw,oas_mahalanobis,origin_invariant,none,OAS,0.02683427310650369,,jvs002;jvs004;jvs005;jvs006;jvs007;jvs008;jvs009;jvs010;jvs011;jvs012;jvs014;jvs016;jvs017;jvs019;jvs020;jvs021;jvs022;jvs025;jvs027;jvs028;jvs029;jvs030;jvs031;jvs032;jvs033;jvs035;jvs039;jvs041;jvs043;jvs044;jvs045;jvs046;jvs047;jvs049;jvs050;jvs051;jvs053;jvs054;jvs055;jvs056;jvs057;jvs059;jvs064;jvs066;jvs067;jvs068;jvs069;jvs070;jvs071;jvs075;jvs077;jvs080;jvs081;jvs085;jvs087;jvs091;jvs094;jvs096;jvs097;jvs100,jvs001;jvs018;jvs034;jvs036;jvs037;jvs038;jvs048;jvs052;jvs060;jvs061;jvs063;jvs065;jvs072;jvs074;jvs078;jvs082;jvs088;jvs092;jvs093;jvs098,jvs003;jvs013;jvs015;jvs023;jvs024;jvs026;jvs040;jvs042;jvs058;jvs062;jvs073;jvs076;jvs079;jvs083;jvs084;jvs086;jvs089;jvs090;jvs095;jvs099,ab9e9cca5ed0278a0061,m4_oas_mahalanobis,0,0.3,0.5,0.4158104395604395,7.25,5.5,0.6489473684210526,0.4,-4545.428446952649,2745.6788624819515,-5172.604519474412,3023.399772760427,627.1760725217628,20,380,dev_speakers,-3114.7860663612373,0.007894736842105263,0.3
JVS_JVSMuSiC,wavlm_l12,12,53,oas_mahalanobis_query,oas_mahalanobis,origin_invariant,query,OAS,0.02683427310650369,,jvs002;jvs004;jvs005;jvs006;jvs007;jvs008;jvs009;jvs010;jvs011;jvs012;jvs014;jvs016;jvs017;jvs019;jvs020;jvs021;jvs022;jvs025;jvs027;jvs028;jvs029;jvs030;jvs031;jvs032;jvs033;jvs035;jvs039;jvs041;jvs043;jvs044;jvs045;jvs046;jvs047;jvs049;jvs050;jvs051;jvs053;jvs054;jvs055;jvs056;jvs057;jvs059;jvs064;jvs066;jvs067;jvs068;jvs069;jvs070;jvs071;jvs075;jvs077;jvs080;jvs081;jvs085;jvs087;jvs091;jvs094;jvs096;jvs097;jvs100,jvs001;jvs018;jvs034;jvs036;jvs037;jvs038;jvs048;jvs052;jvs060;jvs061;jvs063;jvs065;jvs072;jvs074;jvs078;jvs082;jvs088;jvs092;jvs093;jvs098,jvs003;jvs013;jvs015;jvs023;jvs024;jvs026;jvs040;jvs042;jvs058;jvs062;jvs073;jvs076;jvs079;jvs083;jvs084;jvs086;jvs089;jvs090;jvs095;jvs099,ab9e9cca5ed0278a0061,m4_oas_mahalanobis,1,0.3,0.5,0.4158104395604395,7.25,5.5,0.6490789473684211,0.4,-4541.580713419127,2745.797476777299,-5168.756785940824,3023.4808623477975,627.1760725216964,20,380,dev_speakers,-3110.6705660093576,0.007894736842105263,0.3
JVS_JVSMuSiC,wavlm_l12,12,53,lda_cosine_raw,lda_cosine,lda_internal_centering,none,LDA_analytic_OAS_shrinkage,1.0,59,jvs002;jvs004;jvs005;jvs006;jvs007;jvs008;jvs009;jvs010;jvs011;jvs012;jvs014;jvs016;jvs017;jvs019;jvs020;jvs021;jvs022;jvs025;jvs027;jvs028;jvs029;jvs030;jvs031;jvs032;jvs033;jvs035;jvs039;jvs041;jvs043;jvs044;jvs045;jvs046;jvs047;jvs049;jvs050;jvs051;jvs053;jvs054;jvs055;jvs056;jvs057;jvs059;jvs064;jvs066;jvs067;jvs068;jvs069;jvs070;jvs071;jvs075;jvs077;jvs080;jvs081;jvs085;jvs087;jvs091;jvs094;jvs096;jvs097;jvs100,jvs001;jvs018;jvs034;jvs036;jvs037;jvs038;jvs048;jvs052;jvs060;jvs061;jvs063;jvs065;jvs072;jvs074;jvs078;jvs082;jvs088;jvs092;jvs093;jvs098,jvs003;jvs013;jvs015;jvs023;jvs024;jvs026;jvs040;jvs042;jvs058;jvs062;jvs073;jvs076;jvs079;jvs083;jvs084;jvs086;jvs089;jvs090;jvs095;jvs099,4b0e4057ec283f1fecbe,m5_lda_cosine_k59,0,0.45,0.8,0.6073499417249417,3.7,2.0,0.8478947368421053,0.2,0.24890753753570366,0.15812464567440548,0.008641815701074437,0.15369309760293443,0.24026572183462921,20,380,dev_speakers,0.3720113715045427,0.007894736842105263,0.2
JVS_JVSMuSiC,wavlm_l12,12,53,lda_cosine_query,lda_cosine,lda_internal_centering,query,LDA_analytic_OAS_shrinkage,1.0,59,jvs002;jvs004;jvs005;jvs006;jvs007;jvs008;jvs009;jvs010;jvs011;jvs012;jvs014;jvs016;jvs017;jvs019;jvs020;jvs021;jvs022;jvs025;jvs027;jvs028;jvs029;jvs030;jvs031;jvs032;jvs033;jvs035;jvs039;jvs041;jvs043;jvs044;jvs045;jvs046;jvs047;jvs049;jvs050;jvs051;jvs053;jvs054;jvs055;jvs056;jvs057;jvs059;jvs064;jvs066;jvs067;jvs068;jvs069;jvs070;jvs071;jvs075;jvs077;jvs080;jvs081;jvs085;jvs087;jvs091;jvs094;jvs096;jvs097;jvs100,jvs001;jvs018;jvs034;jvs036;jvs037;jvs038;jvs048;jvs052;jvs060;jvs061;jvs063;jvs065;jvs072;jvs074;jvs078;jvs082;jvs088;jvs092;jvs093;jvs098,jvs003;jvs013;jvs015;jvs023;jvs024;jvs026;jvs040;jvs042;jvs058;jvs062;jvs073;jvs076;jvs079;jvs083;jvs084;jvs086;jvs089;jvs090;jvs095;jvs099,4b0e4057ec283f1fecbe,m5_lda_cosine_k59,1,0.45,0.8,0.6073499417249417,3.7,2.0,0.8481578947368421,0.2,0.24869820623042332,0.15819910433756007,0.008485521411053312,0.15371171217175772,0.24021268481937003,20,380,dev_speakers,0.37190833749647007,0.007894736842105263,0.2
JVS_JVSMuSiC,wavlm_l12,12,59,cos_o0_none,cosine,zero,none,none,,,jvs002;jvs005;jvs006;jvs008;jvs013;jvs014;jvs015;jvs017;jvs019;jvs020;jvs021;jvs022;jvs023;jvs024;jvs026;jvs027;jvs028;jvs030;jvs031;jvs032;jvs033;jvs036;jvs037;jvs038;jvs039;jvs042;jvs044;jvs045;jvs046;jvs048;jvs049;jvs050;jvs053;jvs054;jvs055;jvs058;jvs059;jvs060;jvs061;jvs062;jvs064;jvs065;jvs070;jvs071;jvs074;jvs076;jvs077;jvs078;jvs082;jvs083;jvs084;jvs086;jvs087;jvs090;jvs091;jvs092;jvs093;jvs095;jvs096;jvs098,jvs001;jvs003;jvs007;jvs010;jvs012;jvs025;jvs029;jvs040;jvs041;jvs043;jvs051;jvs056;jvs057;jvs063;jvs069;jvs075;jvs080;jvs094;jvs097;jvs099,jvs004;jvs009;jvs011;jvs016;jvs018;jvs034;jvs035;jvs047;jvs052;jvs066;jvs067;jvs068;jvs072;jvs073;jvs079;jvs081;jvs085;jvs088;jvs089;jvs100,2dabe66883276c6edcc5,m1_o0,0,0.1,0.45,0.2663022138680033,7.6,6.0,0.6360526315789473,0.4,0.9734399521393613,0.004211214282250262,0.9709297500955035,0.005223400018815198,0.0025102020438577677,20,380,dev_speakers,0.9807681037390347,0.007894736842105263,0.05
JVS_JVSMuSiC,wavlm_l12,12,59,cos_o0_query,cosine,zero,query,none,,,jvs002;jvs005;jvs006;jvs008;jvs013;jvs014;jvs015;jvs017;jvs019;jvs020;jvs021;jvs022;jvs023;jvs024;jvs026;jvs027;jvs028;jvs030;jvs031;jvs032;jvs033;jvs036;jvs037;jvs038;jvs039;jvs042;jvs044;jvs045;jvs046;jvs048;jvs049;jvs050;jvs053;jvs054;jvs055;jvs058;jvs059;jvs060;jvs061;jvs062;jvs064;jvs065;jvs070;jvs071;jvs074;jvs076;jvs077;jvs078;jvs082;jvs083;jvs084;jvs086;jvs087;jvs090;jvs091;jvs092;jvs093;jvs095;jvs096;jvs098,jvs001;jvs003;jvs007;jvs010;jvs012;jvs025;jvs029;jvs040;jvs041;jvs043;jvs051;jvs056;jvs057;jvs063;jvs069;jvs075;jvs080;jvs094;jvs097;jvs099,jvs004;jvs009;jvs011;jvs016;jvs018;jvs034;jvs035;jvs047;jvs052;jvs066;jvs067;jvs068;jvs072;jvs073;jvs079;jvs081;jvs085;jvs088;jvs089;jvs100,2dabe66883276c6edcc5,m1_o0,1,0.25,0.7,0.4528044871794871,4.4,3.0,0.8,0.25,0.9953389107406544,0.0016415350818088405,0.9929151082395345,0.0025712638989917654,0.0024238025011198427,20,380,dev_speakers,0.9972849118967262,0.007894736842105263,0.1
JVS_JVSMuSiC,wavlm_l12,12,59,cos_o0_sym,cosine,zero,symmetric,none,,,jvs002;jvs005;jvs006;jvs008;jvs013;jvs014;jvs015;jvs017;jvs019;jvs020;jvs021;jvs022;jvs023;jvs024;jvs026;jvs027;jvs028;jvs030;jvs031;jvs032;jvs033;jvs036;jvs037;jvs038;jvs039;jvs042;jvs044;jvs045;jvs046;jvs048;jvs049;jvs050;jvs053;jvs054;jvs055;jvs058;jvs059;jvs060;jvs061;jvs062;jvs064;jvs065;jvs070;jvs071;jvs074;jvs076;jvs077;jvs078;jvs082;jvs083;jvs084;jvs086;jvs087;jvs090;jvs091;jvs092;jvs093;jvs095;jvs096;jvs098,jvs001;jvs003;jvs007;jvs010;jvs012;jvs025;jvs029;jvs040;jvs041;jvs043;jvs051;jvs056;jvs057;jvs063;jvs069;jvs075;jvs080;jvs094;jvs097;jvs099,jvs004;jvs009;jvs011;jvs016;jvs018;jvs034;jvs035;jvs047;jvs052;jvs066;jvs067;jvs068;jvs072;jvs073;jvs079;jvs081;jvs085;jvs088;jvs089;jvs100,2dabe66883276c6edcc5,m1_o0_sym,1,0.25,0.7,0.45994734432234424,4.4,3.0,0.8006578947368421,0.25,0.9951326410195593,0.0017199011040814377,0.9925957484731557,0.002682082005568414,0.0025368925464036574,20,380,dev_speakers,0.997167428319528,0.007894736842105263,0.1
JVS_JVSMuSiC,wavlm_l12,12,59,cos_om_none,cosine,pooled_train_midpoint,none,none,,,jvs002;jvs005;jvs006;jvs008;jvs013;jvs014;jvs015;jvs017;jvs019;jvs020;jvs021;jvs022;jvs023;jvs024;jvs026;jvs027;jvs028;jvs030;jvs031;jvs032;jvs033;jvs036;jvs037;jvs038;jvs039;jvs042;jvs044;jvs045;jvs046;jvs048;jvs049;jvs050;jvs053;jvs054;jvs055;jvs058;jvs059;jvs060;jvs061;jvs062;jvs064;jvs065;jvs070;jvs071;jvs074;jvs076;jvs077;jvs078;jvs082;jvs083;jvs084;jvs086;jvs087;jvs090;jvs091;jvs092;jvs093;jvs095;jvs096;jvs098,jvs001;jvs003;jvs007;jvs010;jvs012;jvs025;jvs029;jvs040;jvs041;jvs043;jvs051;jvs056;jvs057;jvs063;jvs069;jvs075;jvs080;jvs094;jvs097;jvs099,jvs004;jvs009;jvs011;jvs016;jvs018;jvs034;jvs035;jvs047;jvs052;jvs066;jvs067;jvs068;jvs072;jvs073;jvs079;jvs081;jvs085;jvs088;jvs089;jvs100,2dabe66883276c6edcc5,m1_om,0,0.15,0.6,0.3448809523809523,5.5,4.0,0.7544736842105263,0.3,-0.489310446300599,0.165657802296701,-0.6206294503815072,0.12558751354645062,0.13131900408090819,20,380,dev_speakers,-0.2726925885053027,0.007894736842105263,0.1
JVS_JVSMuSiC,wavlm_l12,12,59,cos_om_query,cosine,pooled_train_midpoint,query,none,,,jvs002;jvs005;jvs006;jvs008;jvs013;jvs014;jvs015;jvs017;jvs019;jvs020;jvs021;jvs022;jvs023;jvs024;jvs026;jvs027;jvs028;jvs030;jvs031;jvs032;jvs033;jvs036;jvs037;jvs038;jvs039;jvs042;jvs044;jvs045;jvs046;jvs048;jvs049;jvs050;jvs053;jvs054;jvs055;jvs058;jvs059;jvs060;jvs061;jvs062;jvs064;jvs065;jvs070;jvs071;jvs074;jvs076;jvs077;jvs078;jvs082;jvs083;jvs084;jvs086;jvs087;jvs090;jvs091;jvs092;jvs093;jvs095;jvs096;jvs098,jvs001;jvs003;jvs007;jvs010;jvs012;jvs025;jvs029;jvs040;jvs041;jvs043;jvs051;jvs056;jvs057;jvs063;jvs069;jvs075;jvs080;jvs094;jvs097;jvs099,jvs004;jvs009;jvs011;jvs016;jvs018;jvs034;jvs035;jvs047;jvs052;jvs066;jvs067;jvs068;jvs072;jvs073;jvs079;jvs081;jvs085;jvs088;jvs089;jvs100,2dabe66883276c6edcc5,m1_om,1,0.3,0.65,0.4518638306138306,4.9,3.0,0.7926315789473685,0.3,0.7424620037739691,0.08997108794417652,0.614052520889882,0.12974760234309615,0.12840948288408705,20,380,dev_speakers,0.8754146709586785,0.007894736842105263,0.0
JVS_JVSMuSiC,wavlm_l12,12,59,cos_om_sym,cosine,pooled_train_midpoint,symmetric,none,,,jvs002;jvs005;jvs006;jvs008;jvs013;jvs014;jvs015;jvs017;jvs019;jvs020;jvs021;jvs022;jvs023;jvs024;jvs026;jvs027;jvs028;jvs030;jvs031;jvs032;jvs033;jvs036;jvs037;jvs038;jvs039;jvs042;jvs044;jvs045;jvs046;jvs048;jvs049;jvs050;jvs053;jvs054;jvs055;jvs058;jvs059;jvs060;jvs061;jvs062;jvs064;jvs065;jvs070;jvs071;jvs074;jvs076;jvs077;jvs078;jvs082;jvs083;jvs084;jvs086;jvs087;jvs090;jvs091;jvs092;jvs093;jvs095;jvs096;jvs098,jvs001;jvs003;jvs007;jvs010;jvs012;jvs025;jvs029;jvs040;jvs041;jvs043;jvs051;jvs056;jvs057;jvs063;jvs069;jvs075;jvs080;jvs094;jvs097;jvs099,jvs004;jvs009;jvs011;jvs016;jvs018;jvs034;jvs035;jvs047;jvs052;jvs066;jvs067;jvs068;jvs072;jvs073;jvs079;jvs081;jvs085;jvs088;jvs089;jvs100,2dabe66883276c6edcc5,m1_om_sym,1,0.6,0.95,0.7385714285714285,2.35,1.0,0.9280263157894737,0.1,0.3414447053559632,0.15183853400192535,-0.02180749405887675,0.20412049455111295,0.36325219941484,20,380,dev_speakers,0.47401244787557373,0.007894736842105263,0.15
JVS_JVSMuSiC,wavlm_l12,12,59,euclidean_raw,euclidean,origin_invariant,none,none,,,jvs002;jvs005;jvs006;jvs008;jvs013;jvs014;jvs015;jvs017;jvs019;jvs020;jvs021;jvs022;jvs023;jvs024;jvs026;jvs027;jvs028;jvs030;jvs031;jvs032;jvs033;jvs036;jvs037;jvs038;jvs039;jvs042;jvs044;jvs045;jvs046;jvs048;jvs049;jvs050;jvs053;jvs054;jvs055;jvs058;jvs059;jvs060;jvs061;jvs062;jvs064;jvs065;jvs070;jvs071;jvs074;jvs076;jvs077;jvs078;jvs082;jvs083;jvs084;jvs086;jvs087;jvs090;jvs091;jvs092;jvs093;jvs095;jvs096;jvs098,jvs001;jvs003;jvs007;jvs010;jvs012;jvs025;jvs029;jvs040;jvs041;jvs043;jvs051;jvs056;jvs057;jvs063;jvs069;jvs075;jvs080;jvs094;jvs097;jvs099,jvs004;jvs009;jvs011;jvs016;jvs018;jvs034;jvs035;jvs047;jvs052;jvs066;jvs067;jvs068;jvs072;jvs073;jvs079;jvs081;jvs085;jvs088;jvs089;jvs100,2dabe66883276c6edcc5,m3_euclidean,0,0.1,0.4,0.27097439110597005,7.75,6.5,0.631578947368421,0.4013157894736842,-1.936149453053401,0.32045624870270656,-2.1174815083658105,0.39667652797371217,0.1813320553124096,20,380,dev_speakers,-1.3845731969969108,0.007894736842105263,0.05
JVS_JVSMuSiC,wavlm_l12,12,59,euclidean_query,euclidean,origin_invariant,query,none,,,jvs002;jvs005;jvs006;jvs008;jvs013;jvs014;jvs015;jvs017;jvs019;jvs020;jvs021;jvs022;jvs023;jvs024;jvs026;jvs027;jvs028;jvs030;jvs031;jvs032;jvs033;jvs036;jvs037;jvs038;jvs039;jvs042;jvs044;jvs045;jvs046;jvs048;jvs049;jvs050;jvs053;jvs054;jvs055;jvs058;jvs059;jvs060;jvs061;jvs062;jvs064;jvs065;jvs070;jvs071;jvs074;jvs076;jvs077;jvs078;jvs082;jvs083;jvs084;jvs086;jvs087;jvs090;jvs091;jvs092;jvs093;jvs095;jvs096;jvs098,jvs001;jvs003;jvs007;jvs010;jvs012;jvs025;jvs029;jvs040;jvs041;jvs043;jvs051;jvs056;jvs057;jvs063;jvs069;jvs075;jvs080;jvs094;jvs097;jvs099,jvs004;jvs009;jvs011;jvs016;jvs018;jvs034;jvs035;jvs047;jvs052;jvs066;jvs067;jvs068;jvs072;jvs073;jvs079;jvs081;jvs085;jvs088;jvs089;jvs100,2dabe66883276c6edcc5,m3_euclidean,1,0.25,0.7,0.4620306776556776,4.3,3.0,0.8023684210526316,0.25,-0.3460761749593324,0.1228756909870555,-0.5274082302717357,0.18991990666213263,0.18133205531240326,20,380,dev_speakers,-0.2027298514889253,0.007894736842105263,0.1
JVS_JVSMuSiC,wavlm_l12,12,59,oas_whitened_cosine_raw,oas_whitened_cosine,pooled_train_midpoint,none,OAS,0.02782102386705904,,jvs002;jvs005;jvs006;jvs008;jvs013;jvs014;jvs015;jvs017;jvs019;jvs020;jvs021;jvs022;jvs023;jvs024;jvs026;jvs027;jvs028;jvs030;jvs031;jvs032;jvs033;jvs036;jvs037;jvs038;jvs039;jvs042;jvs044;jvs045;jvs046;jvs048;jvs049;jvs050;jvs053;jvs054;jvs055;jvs058;jvs059;jvs060;jvs061;jvs062;jvs064;jvs065;jvs070;jvs071;jvs074;jvs076;jvs077;jvs078;jvs082;jvs083;jvs084;jvs086;jvs087;jvs090;jvs091;jvs092;jvs093;jvs095;jvs096;jvs098,jvs001;jvs003;jvs007;jvs010;jvs012;jvs025;jvs029;jvs040;jvs041;jvs043;jvs051;jvs056;jvs057;jvs063;jvs069;jvs075;jvs080;jvs094;jvs097;jvs099,jvs004;jvs009;jvs011;jvs016;jvs018;jvs034;jvs035;jvs047;jvs052;jvs066;jvs067;jvs068;jvs072;jvs073;jvs079;jvs081;jvs085;jvs088;jvs089;jvs100,98e8d19111fe893c7d5f,m2_oas_whitened_cosine,0,0.65,1.0,0.7766666666666666,1.75,1.0,0.9468421052631579,0.15,0.1693686505056526,0.07082294156440953,0.004773297412541032,0.07576993797053407,0.16459535309311157,20,380,dev_speakers,0.20647020802226007,0.007894736842105263,0.4
JVS_JVSMuSiC,wavlm_l12,12,59,oas_whitened_cosine_query,oas_whitened_cosine,pooled_train_midpoint,query,OAS,0.02782102386705904,,jvs002;jvs005;jvs006;jvs008;jvs013;jvs014;jvs015;jvs017;jvs019;jvs020;jvs021;jvs022;jvs023;jvs024;jvs026;jvs027;jvs028;jvs030;jvs031;jvs032;jvs033;jvs036;jvs037;jvs038;jvs039;jvs042;jvs044;jvs045;jvs046;jvs048;jvs049;jvs050;jvs053;jvs054;jvs055;jvs058;jvs059;jvs060;jvs061;jvs062;jvs064;jvs065;jvs070;jvs071;jvs074;jvs076;jvs077;jvs078;jvs082;jvs083;jvs084;jvs086;jvs087;jvs090;jvs091;jvs092;jvs093;jvs095;jvs096;jvs098,jvs001;jvs003;jvs007;jvs010;jvs012;jvs025;jvs029;jvs040;jvs041;jvs043;jvs051;jvs056;jvs057;jvs063;jvs069;jvs075;jvs080;jvs094;jvs097;jvs099,jvs004;jvs009;jvs011;jvs016;jvs018;jvs034;jvs035;jvs047;jvs052;jvs066;jvs067;jvs068;jvs072;jvs073;jvs079;jvs081;jvs085;jvs088;jvs089;jvs100,98e8d19111fe893c7d5f,m2_oas_whitened_cosine,1,0.65,1.0,0.7766666666666666,1.75,1.0,0.9471052631578948,0.15,0.1705943764362993,0.07073601236299888,0.005998058863217926,0.07579219233519044,0.16459631757308138,20,380,dev_speakers,0.20724866180099993,0.007894736842105263,0.4
JVS_JVSMuSiC,wavlm_l12,12,59,oas_mahalanobis_raw,oas_mahalanobis,origin_invariant,none,OAS,0.02782102386705904,,jvs002;jvs005;jvs006;jvs008;jvs013;jvs014;jvs015;jvs017;jvs019;jvs020;jvs021;jvs022;jvs023;jvs024;jvs026;jvs027;jvs028;jvs030;jvs031;jvs032;jvs033;jvs036;jvs037;jvs038;jvs039;jvs042;jvs044;jvs045;jvs046;jvs048;jvs049;jvs050;jvs053;jvs054;jvs055;jvs058;jvs059;jvs060;jvs061;jvs062;jvs064;jvs065;jvs070;jvs071;jvs074;jvs076;jvs077;jvs078;jvs082;jvs083;jvs084;jvs086;jvs087;jvs090;jvs091;jvs092;jvs093;jvs095;jvs096;jvs098,jvs001;jvs003;jvs007;jvs010;jvs012;jvs025;jvs029;jvs040;jvs041;jvs043;jvs051;jvs056;jvs057;jvs063;jvs069;jvs075;jvs080;jvs094;jvs097;jvs099,jvs004;jvs009;jvs011;jvs016;jvs018;jvs034;jvs035;jvs047;jvs052;jvs066;jvs067;jvs068;jvs072;jvs073;jvs079;jvs081;jvs085;jvs088;jvs089;jvs100,98e8d19111fe893c7d5f,m4_oas_mahalanobis,0,0.25,0.45,0.38124474789915963,6.3,7.0,0.718421052631579,0.4,-3453.792279916629,711.3410069733009,-4053.670284599376,832.2101980391575,599.8780046827469,20,380,dev_speakers,-2709.580328303855,0.007894736842105263,0.05
JVS_JVSMuSiC,wavlm_l12,12,59,oas_mahalanobis_query,oas_mahalanobis,origin_invariant,query,OAS,0.02782102386705904,,jvs002;jvs005;jvs006;jvs008;jvs013;jvs014;jvs015;jvs017;jvs019;jvs020;jvs021;jvs022;jvs023;jvs024;jvs026;jvs027;jvs028;jvs030;jvs031;jvs032;jvs033;jvs036;jvs037;jvs038;jvs039;jvs042;jvs044;jvs045;jvs046;jvs048;jvs049;jvs050;jvs053;jvs054;jvs055;jvs058;jvs059;jvs060;jvs061;jvs062;jvs064;jvs065;jvs070;jvs071;jvs074;jvs076;jvs077;jvs078;jvs082;jvs083;jvs084;jvs086;jvs087;jvs090;jvs091;jvs092;jvs093;jvs095;jvs096;jvs098,jvs001;jvs003;jvs007;jvs010;jvs012;jvs025;jvs029;jvs040;jvs041;jvs043;jvs051;jvs056;jvs057;jvs063;jvs069;jvs075;jvs080;jvs094;jvs097;jvs099,jvs004;jvs009;jvs011;jvs016;jvs018;jvs034;jvs035;jvs047;jvs052;jvs066;jvs067;jvs068;jvs072;jvs073;jvs079;jvs081;jvs085;jvs088;jvs089;jvs100,98e8d19111fe893c7d5f,m4_oas_mahalanobis,1,0.25,0.45,0.38124474789915963,6.3,7.0,0.718421052631579,0.4,-3449.836530600721,711.508853715549,-4049.7145352834114,832.3733994878314,599.8780046826905,20,380,dev_speakers,-2705.624070114922,0.007894736842105263,0.05
JVS_JVSMuSiC,wavlm_l12,12,59,lda_cosine_raw,lda_cosine,lda_internal_centering,none,LDA_analytic_OAS_shrinkage,1.0,59,jvs002;jvs005;jvs006;jvs008;jvs013;jvs014;jvs015;jvs017;jvs019;jvs020;jvs021;jvs022;jvs023;jvs024;jvs026;jvs027;jvs028;jvs030;jvs031;jvs032;jvs033;jvs036;jvs037;jvs038;jvs039;jvs042;jvs044;jvs045;jvs046;jvs048;jvs049;jvs050;jvs053;jvs054;jvs055;jvs058;jvs059;jvs060;jvs061;jvs062;jvs064;jvs065;jvs070;jvs071;jvs074;jvs076;jvs077;jvs078;jvs082;jvs083;jvs084;jvs086;jvs087;jvs090;jvs091;jvs092;jvs093;jvs095;jvs096;jvs098,jvs001;jvs003;jvs007;jvs010;jvs012;jvs025;jvs029;jvs040;jvs041;jvs043;jvs051;jvs056;jvs057;jvs063;jvs069;jvs075;jvs080;jvs094;jvs097;jvs099,jvs004;jvs009;jvs011;jvs016;jvs018;jvs034;jvs035;jvs047;jvs052;jvs066;jvs067;jvs068;jvs072;jvs073;jvs079;jvs081;jvs085;jvs088;jvs089;jvs100,eb82e0a95048b700544b,m5_lda_cosine_k59,0,0.2,0.7,0.4377777777777778,4.5,2.5,0.8197368421052632,0.25263157894736843,0.20130457290453324,0.14019677090786278,0.006140276074944334,0.15900328250814322,0.1951642968295889,20,380,dev_speakers,0.38184395452529635,0.007894736842105263,0.15
JVS_JVSMuSiC,wavlm_l12,12,59,lda_cosine_query,lda_cosine,lda_internal_centering,query,LDA_analytic_OAS_shrinkage,1.0,59,jvs002;jvs005;jvs006;jvs008;jvs013;jvs014;jvs015;jvs017;jvs019;jvs020;jvs021;jvs022;jvs023;jvs024;jvs026;jvs027;jvs028;jvs030;jvs031;jvs032;jvs033;jvs036;jvs037;jvs038;jvs039;jvs042;jvs044;jvs045;jvs046;jvs048;jvs049;jvs050;jvs053;jvs054;jvs055;jvs058;jvs059;jvs060;jvs061;jvs062;jvs064;jvs065;jvs070;jvs071;jvs074;jvs076;jvs077;jvs078;jvs082;jvs083;jvs084;jvs086;jvs087;jvs090;jvs091;jvs092;jvs093;jvs095;jvs096;jvs098,jvs001;jvs003;jvs007;jvs010;jvs012;jvs025;jvs029;jvs040;jvs041;jvs043;jvs051;jvs056;jvs057;jvs063;jvs069;jvs075;jvs080;jvs094;jvs097;jvs099,jvs004;jvs009;jvs011;jvs016;jvs018;jvs034;jvs035;jvs047;jvs052;jvs066;jvs067;jvs068;jvs072;jvs073;jvs079;jvs081;jvs085;jvs088;jvs089;jvs100,eb82e0a95048b700544b,m5_lda_cosine_k59,1,0.2,0.7,0.4377777777777778,4.5,2.5,0.8196052631578947,0.25263157894736843,0.20150025518262304,0.14031970109291966,0.006236410747499347,0.1590006222193098,0.1952638444351237,20,380,dev_speakers,0.38042155125761257,0.007894736842105263,0.15
JVS_JVSMuSiC,wavlm_l12,12,61,cos_o0_none,cosine,zero,none,none,,,jvs002;jvs003;jvs007;jvs008;jvs009;jvs010;jvs011;jvs013;jvs015;jvs017;jvs018;jvs021;jvs022;jvs023;jvs025;jvs026;jvs028;jvs031;jvs032;jvs033;jvs034;jvs035;jvs036;jvs037;jvs038;jvs040;jvs041;jvs042;jvs044;jvs046;jvs048;jvs049;jvs050;jvs051;jvs052;jvs053;jvs055;jvs056;jvs059;jvs061;jvs063;jvs064;jvs065;jvs070;jvs074;jvs075;jvs076;jvs077;jvs079;jvs083;jvs085;jvs086;jvs088;jvs091;jvs092;jvs093;jvs095;jvs096;jvs098;jvs100,jvs004;jvs012;jvs014;jvs019;jvs020;jvs029;jvs043;jvs057;jvs060;jvs062;jvs068;jvs071;jvs072;jvs080;jvs082;jvs084;jvs090;jvs094;jvs097;jvs099,jvs001;jvs005;jvs006;jvs016;jvs024;jvs027;jvs030;jvs039;jvs045;jvs047;jvs054;jvs058;jvs066;jvs067;jvs069;jvs073;jvs078;jvs081;jvs087;jvs089,2352f769c0d88c619878,m1_o0,0,0.15,0.35,0.276186174936175,8.8,7.5,0.6069736842105263,0.4013157894736842,0.9700386405778707,0.008551651387020204,0.9678829008927327,0.0077997687336082,0.0021557396851380473,20,380,dev_speakers,0.9794274266749345,0.007894736842105263,0.05
JVS_JVSMuSiC,wavlm_l12,12,61,cos_o0_query,cosine,zero,query,none,,,jvs002;jvs003;jvs007;jvs008;jvs009;jvs010;jvs011;jvs013;jvs015;jvs017;jvs018;jvs021;jvs022;jvs023;jvs025;jvs026;jvs028;jvs031;jvs032;jvs033;jvs034;jvs035;jvs036;jvs037;jvs038;jvs040;jvs041;jvs042;jvs044;jvs046;jvs048;jvs049;jvs050;jvs051;jvs052;jvs053;jvs055;jvs056;jvs059;jvs061;jvs063;jvs064;jvs065;jvs070;jvs074;jvs075;jvs076;jvs077;jvs079;jvs083;jvs085;jvs086;jvs088;jvs091;jvs092;jvs093;jvs095;jvs096;jvs098;jvs100,jvs004;jvs012;jvs014;jvs019;jvs020;jvs029;jvs043;jvs057;jvs060;jvs062;jvs068;jvs071;jvs072;jvs080;jvs082;jvs084;jvs090;jvs094;jvs097;jvs099,jvs001;jvs005;jvs006;jvs016;jvs024;jvs027;jvs030;jvs039;jvs045;jvs047;jvs054;jvs058;jvs066;jvs067;jvs069;jvs073;jvs078;jvs081;jvs087;jvs089,2352f769c0d88c619878,m1_o0,1,0.45,0.75,0.5967857142857143,4.05,2.0,0.8239473684210527,0.2,0.9952634327007848,0.0026573398130960955,0.9931652012630487,0.0028225864841871103,0.00209823143773602,20,380,dev_speakers,0.9972725817094164,0.007894736842105263,0.1
JVS_JVSMuSiC,wavlm_l12,12,61,cos_o0_sym,cosine,zero,symmetric,none,,,jvs002;jvs003;jvs007;jvs008;jvs009;jvs010;jvs011;jvs013;jvs015;jvs017;jvs018;jvs021;jvs022;jvs023;jvs025;jvs026;jvs028;jvs031;jvs032;jvs033;jvs034;jvs035;jvs036;jvs037;jvs038;jvs040;jvs041;jvs042;jvs044;jvs046;jvs048;jvs049;jvs050;jvs051;jvs052;jvs053;jvs055;jvs056;jvs059;jvs061;jvs063;jvs064;jvs065;jvs070;jvs074;jvs075;jvs076;jvs077;jvs079;jvs083;jvs085;jvs086;jvs088;jvs091;jvs092;jvs093;jvs095;jvs096;jvs098;jvs100,jvs004;jvs012;jvs014;jvs019;jvs020;jvs029;jvs043;jvs057;jvs060;jvs062;jvs068;jvs071;jvs072;jvs080;jvs082;jvs084;jvs090;jvs094;jvs097;jvs099,jvs001;jvs005;jvs006;jvs016;jvs024;jvs027;jvs030;jvs039;jvs045;jvs047;jvs054;jvs058;jvs066;jvs067;jvs069;jvs073;jvs078;jvs081;jvs087;jvs089,2352f769c0d88c619878,m1_o0_sym,1,0.45,0.75,0.5963888888888889,4.1,2.0,0.8221052631578948,0.2,0.9950286971026235,0.0028262027331885137,0.9928471570747077,0.0029728418379009135,0.002181540027915818,20,380,dev_speakers,0.997155248785043,0.007894736842105263,0.05
JVS_JVSMuSiC,wavlm_l12,12,61,cos_om_none,cosine,pooled_train_midpoint,none,none,,,jvs002;jvs003;jvs007;jvs008;jvs009;jvs010;jvs011;jvs013;jvs015;jvs017;jvs018;jvs021;jvs022;jvs023;jvs025;jvs026;jvs028;jvs031;jvs032;jvs033;jvs034;jvs035;jvs036;jvs037;jvs038;jvs040;jvs041;jvs042;jvs044;jvs046;jvs048;jvs049;jvs050;jvs051;jvs052;jvs053;jvs055;jvs056;jvs059;jvs061;jvs063;jvs064;jvs065;jvs070;jvs074;jvs075;jvs076;jvs077;jvs079;jvs083;jvs085;jvs086;jvs088;jvs091;jvs092;jvs093;jvs095;jvs096;jvs098;jvs100,jvs004;jvs012;jvs014;jvs019;jvs020;jvs029;jvs043;jvs057;jvs060;jvs062;jvs068;jvs071;jvs072;jvs080;jvs082;jvs084;jvs090;jvs094;jvs097;jvs099,jvs001;jvs005;jvs006;jvs016;jvs024;jvs027;jvs030;jvs039;jvs045;jvs047;jvs054;jvs058;jvs066;jvs067;jvs069;jvs073;jvs078;jvs081;jvs087;jvs089,2352f769c0d88c619878,m1_om,0,0.15,0.75,0.38292353479853475,4.6,4.0,0.7857894736842105,0.29736842105263156,-0.5494784637765291,0.136491361851732,-0.6680860081883472,0.10567314626628067,0.11860754441181809,20,380,dev_speakers,-0.13528318079719873,0.007894736842105263,0.05
JVS_JVSMuSiC,wavlm_l12,12,61,cos_om_query,cosine,pooled_train_midpoint,query,none,,,jvs002;jvs003;jvs007;jvs008;jvs009;jvs010;jvs011;jvs013;jvs015;jvs017;jvs018;jvs021;jvs022;jvs023;jvs025;jvs026;jvs028;jvs031;jvs032;jvs033;jvs034;jvs035;jvs036;jvs037;jvs038;jvs040;jvs041;jvs042;jvs044;jvs046;jvs048;jvs049;jvs050;jvs051;jvs052;jvs053;jvs055;jvs056;jvs059;jvs061;jvs063;jvs064;jvs065;jvs070;jvs074;jvs075;jvs076;jvs077;jvs079;jvs083;jvs085;jvs086;jvs088;jvs091;jvs092;jvs093;jvs095;jvs096;jvs098;jvs100,jvs004;jvs012;jvs014;jvs019;jvs020;jvs029;jvs043;jvs057;jvs060;jvs062;jvs068;jvs071;jvs072;jvs080;jvs082;jvs084;jvs090;jvs094;jvs097;jvs099,jvs001;jvs005;jvs006;jvs016;jvs024;jvs027;jvs030;jvs039;jvs045;jvs047;jvs054;jvs058;jvs066;jvs067;jvs069;jvs073;jvs078;jvs081;jvs087;jvs089,2352f769c0d88c619878,m1_om,1,0.45,0.75,0.5908152958152958,4.1,2.0,0.8301315789473684,0.25,0.7910679741914144,0.07689236712787201,0.6787422585736723,0.11020583895101528,0.11232571561774207,20,380,dev_speakers,0.8586530066063202,0.007894736842105263,0.25
JVS_JVSMuSiC,wavlm_l12,12,61,cos_om_sym,cosine,pooled_train_midpoint,symmetric,none,,,jvs002;jvs003;jvs007;jvs008;jvs009;jvs010;jvs011;jvs013;jvs015;jvs017;jvs018;jvs021;jvs022;jvs023;jvs025;jvs026;jvs028;jvs031;jvs032;jvs033;jvs034;jvs035;jvs036;jvs037;jvs038;jvs040;jvs041;jvs042;jvs044;jvs046;jvs048;jvs049;jvs050;jvs051;jvs052;jvs053;jvs055;jvs056;jvs059;jvs061;jvs063;jvs064;jvs065;jvs070;jvs074;jvs075;jvs076;jvs077;jvs079;jvs083;jvs085;jvs086;jvs088;jvs091;jvs092;jvs093;jvs095;jvs096;jvs098;jvs100,jvs004;jvs012;jvs014;jvs019;jvs020;jvs029;jvs043;jvs057;jvs060;jvs062;jvs068;jvs071;jvs072;jvs080;jvs082;jvs084;jvs090;jvs094;jvs097;jvs099,jvs001;jvs005;jvs006;jvs016;jvs024;jvs027;jvs030;jvs039;jvs045;jvs047;jvs054;jvs058;jvs066;jvs067;jvs069;jvs073;jvs078;jvs081;jvs087;jvs089,2352f769c0d88c619878,m1_om_sym,1,0.5,0.85,0.6608333333333333,3.05,1.5,0.8963157894736842,0.15,0.34139707594291774,0.1703768982147315,0.0005760371743074848,0.19875563039158325,0.34082103876861025,20,380,dev_speakers,0.5185995222186777,0.007894736842105263,0.15
JVS_JVSMuSiC,wavlm_l12,12,61,euclidean_raw,euclidean,origin_invariant,none,none,,,jvs002;jvs003;jvs007;jvs008;jvs009;jvs010;jvs011;jvs013;jvs015;jvs017;jvs018;jvs021;jvs022;jvs023;jvs025;jvs026;jvs028;jvs031;jvs032;jvs033;jvs034;jvs035;jvs036;jvs037;jvs038;jvs040;jvs041;jvs042;jvs044;jvs046;jvs048;jvs049;jvs050;jvs051;jvs052;jvs053;jvs055;jvs056;jvs059;jvs061;jvs063;jvs064;jvs065;jvs070;jvs074;jvs075;jvs076;jvs077;jvs079;jvs083;jvs085;jvs086;jvs088;jvs091;jvs092;jvs093;jvs095;jvs096;jvs098;jvs100,jvs004;jvs012;jvs014;jvs019;jvs020;jvs029;jvs043;jvs057;jvs060;jvs062;jvs068;jvs071;jvs072;jvs080;jvs082;jvs084;jvs090;jvs094;jvs097;jvs099,jvs001;jvs005;jvs006;jvs016;jvs024;jvs027;jvs030;jvs039;jvs045;jvs047;jvs054;jvs058;jvs066;jvs067;jvs069;jvs073;jvs078;jvs081;jvs087;jvs089,2352f769c0d88c619878,m3_euclidean,0,0.15,0.4,0.27722358416437365,8.9,7.5,0.6038157894736842,0.4,-2.194738253797392,0.6513371464554369,-2.349729229536191,0.5947120722321335,0.15499097573879883,20,380,dev_speakers,-1.471581815299544,0.007894736842105263,0.05
JVS_JVSMuSiC,wavlm_l12,12,61,euclidean_query,euclidean,origin_invariant,query,none,,,jvs002;jvs003;jvs007;jvs008;jvs009;jvs010;jvs011;jvs013;jvs015;jvs017;jvs018;jvs021;jvs022;jvs023;jvs025;jvs026;jvs028;jvs031;jvs032;jvs033;jvs034;jvs035;jvs036;jvs037;jvs038;jvs040;jvs041;jvs042;jvs044;jvs046;jvs048;jvs049;jvs050;jvs051;jvs052;jvs053;jvs055;jvs056;jvs059;jvs061;jvs063;jvs064;jvs065;jvs070;jvs074;jvs075;jvs076;jvs077;jvs079;jvs083;jvs085;jvs086;jvs088;jvs091;jvs092;jvs093;jvs095;jvs096;jvs098;jvs100,jvs004;jvs012;jvs014;jvs019;jvs020;jvs029;jvs043;jvs057;jvs060;jvs062;jvs068;jvs071;jvs072;jvs080;jvs082;jvs084;jvs090;jvs094;jvs097;jvs099,jvs001;jvs005;jvs006;jvs016;jvs024;jvs027;jvs030;jvs039;jvs045;jvs047;jvs054;jvs058;jvs066;jvs067;jvs069;jvs073;jvs078;jvs081;jvs087;jvs089,2352f769c0d88c619878,m3_euclidean,1,0.4,0.75,0.5696794871794871,4.35,2.0,0.8172368421052632,0.2,-0.3555340893053291,0.20313588325015244,-0.5105250650441343,0.2125251421726964,0.15499097573880521,20,380,dev_speakers,-0.20238085679729068,0.007894736842105263,0.05
JVS_JVSMuSiC,wavlm_l12,12,61,oas_whitened_cosine_raw,oas_whitened_cosine,pooled_train_midpoint,none,OAS,0.028042722284326655,,jvs002;jvs003;jvs007;jvs008;jvs009;jvs010;jvs011;jvs013;jvs015;jvs017;jvs018;jvs021;jvs022;jvs023;jvs025;jvs026;jvs028;jvs031;jvs032;jvs033;jvs034;jvs035;jvs036;jvs037;jvs038;jvs040;jvs041;jvs042;jvs044;jvs046;jvs048;jvs049;jvs050;jvs051;jvs052;jvs053;jvs055;jvs056;jvs059;jvs061;jvs063;jvs064;jvs065;jvs070;jvs074;jvs075;jvs076;jvs077;jvs079;jvs083;jvs085;jvs086;jvs088;jvs091;jvs092;jvs093;jvs095;jvs096;jvs098;jvs100,jvs004;jvs012;jvs014;jvs019;jvs020;jvs029;jvs043;jvs057;jvs060;jvs062;jvs068;jvs071;jvs072;jvs080;jvs082;jvs084;jvs090;jvs094;jvs097;jvs099,jvs001;jvs005;jvs006;jvs016;jvs024;jvs027;jvs030;jvs039;jvs045;jvs047;jvs054;jvs058;jvs066;jvs067;jvs069;jvs073;jvs078;jvs081;jvs087;jvs089,56cef9b1b215346ef080,m2_oas_whitened_cosine,0,0.7,0.85,0.7744444444444445,2.5,1.0,0.9323684210526316,0.10921052631578948,0.1502823185323167,0.06358797393784951,0.00041597980855482685,0.07337754791157243,0.14986633872376187,20,380,dev_speakers,0.19053820824595677,0.007894736842105263,0.3
JVS_JVSMuSiC,wavlm_l12,12,61,oas_whitened_cosine_query,oas_whitened_cosine,pooled_train_midpoint,query,OAS,0.028042722284326655,,jvs002;jvs003;jvs007;jvs008;jvs009;jvs010;jvs011;jvs013;jvs015;jvs017;jvs018;jvs021;jvs022;jvs023;jvs025;jvs026;jvs028;jvs031;jvs032;jvs033;jvs034;jvs035;jvs036;jvs037;jvs038;jvs040;jvs041;jvs042;jvs044;jvs046;jvs048;jvs049;jvs050;jvs051;jvs052;jvs053;jvs055;jvs056;jvs059;jvs061;jvs063;jvs064;jvs065;jvs070;jvs074;jvs075;jvs076;jvs077;jvs079;jvs083;jvs085;jvs086;jvs088;jvs091;jvs092;jvs093;jvs095;jvs096;jvs098;jvs100,jvs004;jvs012;jvs014;jvs019;jvs020;jvs029;jvs043;jvs057;jvs060;jvs062;jvs068;jvs071;jvs072;jvs080;jvs082;jvs084;jvs090;jvs094;jvs097;jvs099,jvs001;jvs005;jvs006;jvs016;jvs024;jvs027;jvs030;jvs039;jvs045;jvs047;jvs054;jvs058;jvs066;jvs067;jvs069;jvs073;jvs078;jvs081;jvs087;jvs089,56cef9b1b215346ef080,m2_oas_whitened_cosine,1,0.7,0.85,0.7744444444444445,2.5,1.0,0.9325,0.10921052631578948,0.15149468253217718,0.06351151006227126,0.0016301232471618392,0.07336912823374366,0.14986455928501535,20,380,dev_speakers,0.19194858171444643,0.007894736842105263,0.3
JVS_JVSMuSiC,wavlm_l12,12,61,oas_mahalanobis_raw,oas_mahalanobis,origin_invariant,none,OAS,0.028042722284326655,,jvs002;jvs003;jvs007;jvs008;jvs009;jvs010;jvs011;jvs013;jvs015;jvs017;jvs018;jvs021;jvs022;jvs023;jvs025;jvs026;jvs028;jvs031;jvs032;jvs033;jvs034;jvs035;jvs036;jvs037;jvs038;jvs040;jvs041;jvs042;jvs044;jvs046;jvs048;jvs049;jvs050;jvs051;jvs052;jvs053;jvs055;jvs056;jvs059;jvs061;jvs063;jvs064;jvs065;jvs070;jvs074;jvs075;jvs076;jvs077;jvs079;jvs083;jvs085;jvs086;jvs088;jvs091;jvs092;jvs093;jvs095;jvs096;jvs098;jvs100,jvs004;jvs012;jvs014;jvs019;jvs020;jvs029;jvs043;jvs057;jvs060;jvs062;jvs068;jvs071;jvs072;jvs080;jvs082;jvs084;jvs090;jvs094;jvs097;jvs099,jvs001;jvs005;jvs006;jvs016;jvs024;jvs027;jvs030;jvs039;jvs045;jvs047;jvs054;jvs058;jvs066;jvs067;jvs069;jvs073;jvs078;jvs081;jvs087;jvs089,56cef9b1b215346ef080,m4_oas_mahalanobis,0,0.25,0.4,0.38035064200505375,7.95,7.5,0.640921052631579,0.40657894736842104,-3984.9637361444998,1553.8924290821124,-4524.5501900334875,1716.0973679609426,539.5864538889878,20,380,dev_speakers,-2551.615916981362,0.007894736842105263,0.05
JVS_JVSMuSiC,wavlm_l12,12,61,oas_mahalanobis_query,oas_mahalanobis,origin_invariant,query,OAS,0.028042722284326655,,jvs002;jvs003;jvs007;jvs008;jvs009;jvs010;jvs011;jvs013;jvs015;jvs017;jvs018;jvs021;jvs022;jvs023;jvs025;jvs026;jvs028;jvs031;jvs032;jvs033;jvs034;jvs035;jvs036;jvs037;jvs038;jvs040;jvs041;jvs042;jvs044;jvs046;jvs048;jvs049;jvs050;jvs051;jvs052;jvs053;jvs055;jvs056;jvs059;jvs061;jvs063;jvs064;jvs065;jvs070;jvs074;jvs075;jvs076;jvs077;jvs079;jvs083;jvs085;jvs086;jvs088;jvs091;jvs092;jvs093;jvs095;jvs096;jvs098;jvs100,jvs004;jvs012;jvs014;jvs019;jvs020;jvs029;jvs043;jvs057;jvs060;jvs062;jvs068;jvs071;jvs072;jvs080;jvs082;jvs084;jvs090;jvs094;jvs097;jvs099,jvs001;jvs005;jvs006;jvs016;jvs024;jvs027;jvs030;jvs039;jvs045;jvs047;jvs054;jvs058;jvs066;jvs067;jvs069;jvs073;jvs078;jvs081;jvs087;jvs089,56cef9b1b215346ef080,m4_oas_mahalanobis,1,0.25,0.4,0.38035064200505375,7.95,7.5,0.6410526315789473,0.40657894736842104,-3980.875863543595,1553.794812242994,-4520.462317432614,1716.088868883935,539.5864538890191,20,380,dev_speakers,-2547.3586990116164,0.007894736842105263,0.05
JVS_JVSMuSiC,wavlm_l12,12,61,lda_cosine_raw,lda_cosine,lda_internal_centering,none,LDA_analytic_OAS_shrinkage,1.0,59,jvs002;jvs003;jvs007;jvs008;jvs009;jvs010;jvs011;jvs013;jvs015;jvs017;jvs018;jvs021;jvs022;jvs023;jvs025;jvs026;jvs028;jvs031;jvs032;jvs033;jvs034;jvs035;jvs036;jvs037;jvs038;jvs040;jvs041;jvs042;jvs044;jvs046;jvs048;jvs049;jvs050;jvs051;jvs052;jvs053;jvs055;jvs056;jvs059;jvs061;jvs063;jvs064;jvs065;jvs070;jvs074;jvs075;jvs076;jvs077;jvs079;jvs083;jvs085;jvs086;jvs088;jvs091;jvs092;jvs093;jvs095;jvs096;jvs098;jvs100,jvs004;jvs012;jvs014;jvs019;jvs020;jvs029;jvs043;jvs057;jvs060;jvs062;jvs068;jvs071;jvs072;jvs080;jvs082;jvs084;jvs090;jvs094;jvs097;jvs099,jvs001;jvs005;jvs006;jvs016;jvs024;jvs027;jvs030;jvs039;jvs045;jvs047;jvs054;jvs058;jvs066;jvs067;jvs069;jvs073;jvs078;jvs081;jvs087;jvs089,d0611c77342406aaa333,m5_lda_cosine_k59,0,0.45,0.75,0.5833333333333334,4.1,2.0,0.8563157894736843,0.2,0.24649783952998586,0.18555740456272646,-0.011960647684170657,0.15785047663688787,0.25845848721415654,20,380,dev_speakers,0.43175856103708216,0.007894736842105263,0.25
JVS_JVSMuSiC,wavlm_l12,12,61,lda_cosine_query,lda_cosine,lda_internal_centering,query,LDA_analytic_OAS_shrinkage,1.0,59,jvs002;jvs003;jvs007;jvs008;jvs009;jvs010;jvs011;jvs013;jvs015;jvs017;jvs018;jvs021;jvs022;jvs023;jvs025;jvs026;jvs028;jvs031;jvs032;jvs033;jvs034;jvs035;jvs036;jvs037;jvs038;jvs040;jvs041;jvs042;jvs044;jvs046;jvs048;jvs049;jvs050;jvs051;jvs052;jvs053;jvs055;jvs056;jvs059;jvs061;jvs063;jvs064;jvs065;jvs070;jvs074;jvs075;jvs076;jvs077;jvs079;jvs083;jvs085;jvs086;jvs088;jvs091;jvs092;jvs093;jvs095;jvs096;jvs098;jvs100,jvs004;jvs012;jvs014;jvs019;jvs020;jvs029;jvs043;jvs057;jvs060;jvs062;jvs068;jvs071;jvs072;jvs080;jvs082;jvs084;jvs090;jvs094;jvs097;jvs099,jvs001;jvs005;jvs006;jvs016;jvs024;jvs027;jvs030;jvs039;jvs045;jvs047;jvs054;jvs058;jvs066;jvs067;jvs069;jvs073;jvs078;jvs081;jvs087;jvs089,d0611c77342406aaa333,m5_lda_cosine_k59,1,0.45,0.75,0.5833333333333334,4.1,2.0,0.8572368421052632,0.2,0.2463775976416421,0.18555262269737963,-0.012064754752798047,0.1577934871469886,0.25844235239444013,20,380,dev_speakers,0.4313389804467413,0.007894736842105263,0.25
JVS_JVSMuSiC,wavlm_l12,12,67,cos_o0_none,cosine,zero,none,none,,,jvs001;jvs002;jvs003;jvs004;jvs008;jvs009;jvs011;jvs012;jvs013;jvs014;jvs015;jvs017;jvs020;jvs022;jvs023;jvs025;jvs026;jvs027;jvs029;jvs032;jvs033;jvs037;jvs038;jvs039;jvs043;jvs046;jvs048;jvs051;jvs054;jvs055;jvs056;jvs057;jvs058;jvs059;jvs060;jvs061;jvs062;jvs064;jvs065;jvs068;jvs069;jvs070;jvs071;jvs073;jvs075;jvs078;jvs080;jvs082;jvs083;jvs084;jvs086;jvs087;jvs088;jvs090;jvs091;jvs093;jvs095;jvs097;jvs099;jvs100,jvs006;jvs007;jvs019;jvs024;jvs030;jvs034;jvs035;jvs036;jvs040;jvs050;jvs063;jvs067;jvs072;jvs076;jvs077;jvs079;jvs089;jvs094;jvs096;jvs098,jvs005;jvs010;jvs016;jvs018;jvs021;jvs028;jvs031;jvs041;jvs042;jvs044;jvs045;jvs047;jvs049;jvs052;jvs053;jvs066;jvs074;jvs081;jvs085;jvs092,3c4da62f5cdaebe3db3b,m1_o0,0,0.1,0.4,0.2486329356917592,8.25,9.0,0.6125,0.45,0.971979631451085,0.005260258746865408,0.9696763258087839,0.0054919805315536245,0.002303305642301079,20,380,dev_speakers,0.9818759246808115,0.007894736842105263,0.0
JVS_JVSMuSiC,wavlm_l12,12,67,cos_o0_query,cosine,zero,query,none,,,jvs001;jvs002;jvs003;jvs004;jvs008;jvs009;jvs011;jvs012;jvs013;jvs014;jvs015;jvs017;jvs020;jvs022;jvs023;jvs025;jvs026;jvs027;jvs029;jvs032;jvs033;jvs037;jvs038;jvs039;jvs043;jvs046;jvs048;jvs051;jvs054;jvs055;jvs056;jvs057;jvs058;jvs059;jvs060;jvs061;jvs062;jvs064;jvs065;jvs068;jvs069;jvs070;jvs071;jvs073;jvs075;jvs078;jvs080;jvs082;jvs083;jvs084;jvs086;jvs087;jvs088;jvs090;jvs091;jvs093;jvs095;jvs097;jvs099;jvs100,jvs006;jvs007;jvs019;jvs024;jvs030;jvs034;jvs035;jvs036;jvs040;jvs050;jvs063;jvs067;jvs072;jvs076;jvs077;jvs079;jvs089;jvs094;jvs096;jvs098,jvs005;jvs010;jvs016;jvs018;jvs021;jvs028;jvs031;jvs041;jvs042;jvs044;jvs045;jvs047;jvs049;jvs052;jvs053;jvs066;jvs074;jvs081;jvs085;jvs092,3c4da62f5cdaebe3db3b,m1_o0,1,0.4,0.7,0.5641018907563025,4.2,2.0,0.8176315789473684,0.25,0.9953536928967578,0.0015443883940802407,0.9931314549845623,0.002618357340951433,0.002222237912195446,20,380,dev_speakers,0.9972761008354086,0.007894736842105263,0.05
JVS_JVSMuSiC,wavlm_l12,12,67,cos_o0_sym,cosine,zero,symmetric,none,,,jvs001;jvs002;jvs003;jvs004;jvs008;jvs009;jvs011;jvs012;jvs013;jvs014;jvs015;jvs017;jvs020;jvs022;jvs023;jvs025;jvs026;jvs027;jvs029;jvs032;jvs033;jvs037;jvs038;jvs039;jvs043;jvs046;jvs048;jvs051;jvs054;jvs055;jvs056;jvs057;jvs058;jvs059;jvs060;jvs061;jvs062;jvs064;jvs065;jvs068;jvs069;jvs070;jvs071;jvs073;jvs075;jvs078;jvs080;jvs082;jvs083;jvs084;jvs086;jvs087;jvs088;jvs090;jvs091;jvs093;jvs095;jvs097;jvs099;jvs100,jvs006;jvs007;jvs019;jvs024;jvs030;jvs034;jvs035;jvs036;jvs040;jvs050;jvs063;jvs067;jvs072;jvs076;jvs077;jvs079;jvs089;jvs094;jvs096;jvs098,jvs005;jvs010;jvs016;jvs018;jvs021;jvs028;jvs031;jvs041;jvs042;jvs044;jvs045;jvs047;jvs049;jvs052;jvs053;jvs066;jvs074;jvs081;jvs085;jvs092,3c4da62f5cdaebe3db3b,m1_o0_sym,1,0.4,0.7,0.5641018907563025,4.2,2.0,0.8164473684210526,0.25,0.9951428379915603,0.001608368638652314,0.9928146753129714,0.002730125725923121,0.0023281626785889298,20,380,dev_speakers,0.9971485695685007,0.007894736842105263,0.05
JVS_JVSMuSiC,wavlm_l12,12,67,cos_om_none,cosine,pooled_train_midpoint,none,none,,,jvs001;jvs002;jvs003;jvs004;jvs008;jvs009;jvs011;jvs012;jvs013;jvs014;jvs015;jvs017;jvs020;jvs022;jvs023;jvs025;jvs026;jvs027;jvs029;jvs032;jvs033;jvs037;jvs038;jvs039;jvs043;jvs046;jvs048;jvs051;jvs054;jvs055;jvs056;jvs057;jvs058;jvs059;jvs060;jvs061;jvs062;jvs064;jvs065;jvs068;jvs069;jvs070;jvs071;jvs073;jvs075;jvs078;jvs080;jvs082;jvs083;jvs084;jvs086;jvs087;jvs088;jvs090;jvs091;jvs093;jvs095;jvs097;jvs099;jvs100,jvs006;jvs007;jvs019;jvs024;jvs030;jvs034;jvs035;jvs036;jvs040;jvs050;jvs063;jvs067;jvs072;jvs076;jvs077;jvs079;jvs089;jvs094;jvs096;jvs098,jvs005;jvs010;jvs016;jvs018;jvs021;jvs028;jvs031;jvs041;jvs042;jvs044;jvs045;jvs047;jvs049;jvs052;jvs053;jvs066;jvs074;jvs081;jvs085;jvs092,3c4da62f5cdaebe3db3b,m1_om,0,0.15,0.55,0.3080968541262659,6.25,5.0,0.7094736842105264,0.3447368421052631,-0.49334859907991485,0.17476392488264972,-0.6124223249947924,0.1320880327633115,0.11907372591487758,20,380,dev_speakers,-0.15324379692801723,0.007894736842105263,0.1
JVS_JVSMuSiC,wavlm_l12,12,67,cos_om_query,cosine,pooled_train_midpoint,query,none,,,jvs001;jvs002;jvs003;jvs004;jvs008;jvs009;jvs011;jvs012;jvs013;jvs014;jvs015;jvs017;jvs020;jvs022;jvs023;jvs025;jvs026;jvs027;jvs029;jvs032;jvs033;jvs037;jvs038;jvs039;jvs043;jvs046;jvs048;jvs051;jvs054;jvs055;jvs056;jvs057;jvs058;jvs059;jvs060;jvs061;jvs062;jvs064;jvs065;jvs068;jvs069;jvs070;jvs071;jvs073;jvs075;jvs078;jvs080;jvs082;jvs083;jvs084;jvs086;jvs087;jvs088;jvs090;jvs091;jvs093;jvs095;jvs097;jvs099;jvs100,jvs006;jvs007;jvs019;jvs024;jvs030;jvs034;jvs035;jvs036;jvs040;jvs050;jvs063;jvs067;jvs072;jvs076;jvs077;jvs079;jvs089;jvs094;jvs096;jvs098,jvs005;jvs010;jvs016;jvs018;jvs021;jvs028;jvs031;jvs041;jvs042;jvs044;jvs045;jvs047;jvs049;jvs052;jvs053;jvs066;jvs074;jvs081;jvs085;jvs092,3c4da62f5cdaebe3db3b,m1_om,1,0.35,0.65,0.5168818681318681,4.0,2.5,0.8136842105263158,0.2881578947368421,0.7676556863108294,0.06520210408358187,0.6539664849822621,0.11440550954528902,0.1136892013285673,20,380,dev_speakers,0.8475487223162202,0.007894736842105263,0.15
JVS_JVSMuSiC,wavlm_l12,12,67,cos_om_sym,cosine,pooled_train_midpoint,symmetric,none,,,jvs001;jvs002;jvs003;jvs004;jvs008;jvs009;jvs011;jvs012;jvs013;jvs014;jvs015;jvs017;jvs020;jvs022;jvs023;jvs025;jvs026;jvs027;jvs029;jvs032;jvs033;jvs037;jvs038;jvs039;jvs043;jvs046;jvs048;jvs051;jvs054;jvs055;jvs056;jvs057;jvs058;jvs059;jvs060;jvs061;jvs062;jvs064;jvs065;jvs068;jvs069;jvs070;jvs071;jvs073;jvs075;jvs078;jvs080;jvs082;jvs083;jvs084;jvs086;jvs087;jvs088;jvs090;jvs091;jvs093;jvs095;jvs097;jvs099;jvs100,jvs006;jvs007;jvs019;jvs024;jvs030;jvs034;jvs035;jvs036;jvs040;jvs050;jvs063;jvs067;jvs072;jvs076;jvs077;jvs079;jvs089;jvs094;jvs096;jvs098,jvs005;jvs010;jvs016;jvs018;jvs021;jvs028;jvs031;jvs041;jvs042;jvs044;jvs045;jvs047;jvs049;jvs052;jvs053;jvs066;jvs074;jvs081;jvs085;jvs092,3c4da62f5cdaebe3db3b,m1_om_sym,1,0.6,0.85,0.7088095238095238,2.65,1.0,0.925,0.1381578947368421,0.36505148261069625,0.132586973522036,0.0345721365015769,0.1818702619857959,0.33047934610911933,20,380,dev_speakers,0.4368795164699963,0.007894736842105263,0.25
JVS_JVSMuSiC,wavlm_l12,12,67,euclidean_raw,euclidean,origin_invariant,none,none,,,jvs001;jvs002;jvs003;jvs004;jvs008;jvs009;jvs011;jvs012;jvs013;jvs014;jvs015;jvs017;jvs020;jvs022;jvs023;jvs025;jvs026;jvs027;jvs029;jvs032;jvs033;jvs037;jvs038;jvs039;jvs043;jvs046;jvs048;jvs051;jvs054;jvs055;jvs056;jvs057;jvs058;jvs059;jvs060;jvs061;jvs062;jvs064;jvs065;jvs068;jvs069;jvs070;jvs071;jvs073;jvs075;jvs078;jvs080;jvs082;jvs083;jvs084;jvs086;jvs087;jvs088;jvs090;jvs091;jvs093;jvs095;jvs097;jvs099;jvs100,jvs006;jvs007;jvs019;jvs024;jvs030;jvs034;jvs035;jvs036;jvs040;jvs050;jvs063;jvs067;jvs072;jvs076;jvs077;jvs079;jvs089;jvs094;jvs096;jvs098,jvs005;jvs010;jvs016;jvs018;jvs021;jvs028;jvs031;jvs041;jvs042;jvs044;jvs045;jvs047;jvs049;jvs052;jvs053;jvs066;jvs074;jvs081;jvs085;jvs092,3c4da62f5cdaebe3db3b,m3_euclidean,0,0.1,0.4,0.24340494880936053,8.45,9.0,0.6102631578947368,0.45,-2.055019394904228,0.3862450477178624,-2.2225237178800565,0.4090433079258627,0.1675043229758284,20,380,dev_speakers,-1.2887418160178186,0.007894736842105263,0.0
JVS_JVSMuSiC,wavlm_l12,12,67,euclidean_query,euclidean,origin_invariant,query,none,,,jvs001;jvs002;jvs003;jvs004;jvs008;jvs009;jvs011;jvs012;jvs013;jvs014;jvs015;jvs017;jvs020;jvs022;jvs023;jvs025;jvs026;jvs027;jvs029;jvs032;jvs033;jvs037;jvs038;jvs039;jvs043;jvs046;jvs048;jvs051;jvs054;jvs055;jvs056;jvs057;jvs058;jvs059;jvs060;jvs061;jvs062;jvs064;jvs065;jvs068;jvs069;jvs070;jvs071;jvs073;jvs075;jvs078;jvs080;jvs082;jvs083;jvs084;jvs086;jvs087;jvs088;jvs090;jvs091;jvs093;jvs095;jvs097;jvs099;jvs100,jvs006;jvs007;jvs019;jvs024;jvs030;jvs034;jvs035;jvs036;jvs040;jvs050;jvs063;jvs067;jvs072;jvs076;jvs077;jvs079;jvs089;jvs094;jvs096;jvs098,jvs005;jvs010;jvs016;jvs018;jvs021;jvs028;jvs031;jvs041;jvs042;jvs044;jvs045;jvs047;jvs049;jvs052;jvs053;jvs066;jvs074;jvs081;jvs085;jvs092,3c4da62f5cdaebe3db3b,m3_euclidean,1,0.45,0.7,0.5891018907563025,4.15,2.0,0.8155263157894737,0.25,-0.3479395023048234,0.11636274501153443,-0.5154438252806471,0.196581295505687,0.16750432297582374,20,380,dev_speakers,-0.20908472920756083,0.007894736842105263,0.05
JVS_JVSMuSiC,wavlm_l12,12,67,oas_whitened_cosine_raw,oas_whitened_cosine,pooled_train_midpoint,none,OAS,0.02731517119382779,,jvs001;jvs002;jvs003;jvs004;jvs008;jvs009;jvs011;jvs012;jvs013;jvs014;jvs015;jvs017;jvs020;jvs022;jvs023;jvs025;jvs026;jvs027;jvs029;jvs032;jvs033;jvs037;jvs038;jvs039;jvs043;jvs046;jvs048;jvs051;jvs054;jvs055;jvs056;jvs057;jvs058;jvs059;jvs060;jvs061;jvs062;jvs064;jvs065;jvs068;jvs069;jvs070;jvs071;jvs073;jvs075;jvs078;jvs080;jvs082;jvs083;jvs084;jvs086;jvs087;jvs088;jvs090;jvs091;jvs093;jvs095;jvs097;jvs099;jvs100,jvs006;jvs007;jvs019;jvs024;jvs030;jvs034;jvs035;jvs036;jvs040;jvs050;jvs063;jvs067;jvs072;jvs076;jvs077;jvs079;jvs089;jvs094;jvs096;jvs098,jvs005;jvs010;jvs016;jvs018;jvs021;jvs028;jvs031;jvs041;jvs042;jvs044;jvs045;jvs047;jvs049;jvs052;jvs053;jvs066;jvs074;jvs081;jvs085;jvs092,6cdf1382f5953af4707e,m2_oas_whitened_cosine,0,0.7,0.95,0.8166666666666667,1.6,1.0,0.9519736842105263,0.15,0.1899613577418523,0.08169321812568721,0.0124574033759539,0.07711414325683644,0.1775039543658984,20,380,dev_speakers,0.21465105538053117,0.007894736842105263,0.3
JVS_JVSMuSiC,wavlm_l12,12,67,oas_whitened_cosine_query,oas_whitened_cosine,pooled_train_midpoint,query,OAS,0.02731517119382779,,jvs001;jvs002;jvs003;jvs004;jvs008;jvs009;jvs011;jvs012;jvs013;jvs014;jvs015;jvs017;jvs020;jvs022;jvs023;jvs025;jvs026;jvs027;jvs029;jvs032;jvs033;jvs037;jvs038;jvs039;jvs043;jvs046;jvs048;jvs051;jvs054;jvs055;jvs056;jvs057;jvs058;jvs059;jvs060;jvs061;jvs062;jvs064;jvs065;jvs068;jvs069;jvs070;jvs071;jvs073;jvs075;jvs078;jvs080;jvs082;jvs083;jvs084;jvs086;jvs087;jvs088;jvs090;jvs091;jvs093;jvs095;jvs097;jvs099;jvs100,jvs006;jvs007;jvs019;jvs024;jvs030;jvs034;jvs035;jvs036;jvs040;jvs050;jvs063;jvs067;jvs072;jvs076;jvs077;jvs079;jvs089;jvs094;jvs096;jvs098,jvs005;jvs010;jvs016;jvs018;jvs021;jvs028;jvs031;jvs041;jvs042;jvs044;jvs045;jvs047;jvs049;jvs052;jvs053;jvs066;jvs074;jvs081;jvs085;jvs092,6cdf1382f5953af4707e,m2_oas_whitened_cosine,1,0.7,0.95,0.8166666666666667,1.6,1.0,0.9523684210526315,0.15,0.19112206138377877,0.08165067909621405,0.013614424971354957,0.07709783204706255,0.1775076364124238,20,380,dev_speakers,0.21588612580340555,0.007894736842105263,0.3
JVS_JVSMuSiC,wavlm_l12,12,67,oas_mahalanobis_raw,oas_mahalanobis,origin_invariant,none,OAS,0.02731517119382779,,jvs001;jvs002;jvs003;jvs004;jvs008;jvs009;jvs011;jvs012;jvs013;jvs014;jvs015;jvs017;jvs020;jvs022;jvs023;jvs025;jvs026;jvs027;jvs029;jvs032;jvs033;jvs037;jvs038;jvs039;jvs043;jvs046;jvs048;jvs051;jvs054;jvs055;jvs056;jvs057;jvs058;jvs059;jvs060;jvs061;jvs062;jvs064;jvs065;jvs068;jvs069;jvs070;jvs071;jvs073;jvs075;jvs078;jvs080;jvs082;jvs083;jvs084;jvs086;jvs087;jvs088;jvs090;jvs091;jvs093;jvs095;jvs097;jvs099;jvs100,jvs006;jvs007;jvs019;jvs024;jvs030;jvs034;jvs035;jvs036;jvs040;jvs050;jvs063;jvs067;jvs072;jvs076;jvs077;jvs079;jvs089;jvs094;jvs096;jvs098,jvs005;jvs010;jvs016;jvs018;jvs021;jvs028;jvs031;jvs041;jvs042;jvs044;jvs045;jvs047;jvs049;jvs052;jvs053;jvs066;jvs074;jvs081;jvs085;jvs092,6cdf1382f5953af4707e,m4_oas_mahalanobis,0,0.15,0.6,0.3330348766300778,7.05,4.0,0.6875,0.35,-4035.48441951694,1544.7630913479836,-4731.541548226568,1776.1478395349695,696.0571287096282,20,380,dev_speakers,-2811.6194612998515,0.007894736842105263,0.1
JVS_JVSMuSiC,wavlm_l12,12,67,oas_mahalanobis_query,oas_mahalanobis,origin_invariant,query,OAS,0.02731517119382779,,jvs001;jvs002;jvs003;jvs004;jvs008;jvs009;jvs011;jvs012;jvs013;jvs014;jvs015;jvs017;jvs020;jvs022;jvs023;jvs025;jvs026;jvs027;jvs029;jvs032;jvs033;jvs037;jvs038;jvs039;jvs043;jvs046;jvs048;jvs051;jvs054;jvs055;jvs056;jvs057;jvs058;jvs059;jvs060;jvs061;jvs062;jvs064;jvs065;jvs068;jvs069;jvs070;jvs071;jvs073;jvs075;jvs078;jvs080;jvs082;jvs083;jvs084;jvs086;jvs087;jvs088;jvs090;jvs091;jvs093;jvs095;jvs097;jvs099;jvs100,jvs006;jvs007;jvs019;jvs024;jvs030;jvs034;jvs035;jvs036;jvs040;jvs050;jvs063;jvs067;jvs072;jvs076;jvs077;jvs079;jvs089;jvs094;jvs096;jvs098,jvs005;jvs010;jvs016;jvs018;jvs021;jvs028;jvs031;jvs041;jvs042;jvs044;jvs045;jvs047;jvs049;jvs052;jvs053;jvs066;jvs074;jvs081;jvs085;jvs092,6cdf1382f5953af4707e,m4_oas_mahalanobis,1,0.15,0.6,0.3413682099634112,7.0,4.0,0.6875,0.35,-4031.3801631227834,1544.8253263472968,-4727.4372918323115,1776.162726641417,696.0571287095281,20,380,dev_speakers,-2807.2526712729596,0.007894736842105263,0.1
JVS_JVSMuSiC,wavlm_l12,12,67,lda_cosine_raw,lda_cosine,lda_internal_centering,none,LDA_analytic_OAS_shrinkage,1.0,59,jvs001;jvs002;jvs003;jvs004;jvs008;jvs009;jvs011;jvs012;jvs013;jvs014;jvs015;jvs017;jvs020;jvs022;jvs023;jvs025;jvs026;jvs027;jvs029;jvs032;jvs033;jvs037;jvs038;jvs039;jvs043;jvs046;jvs048;jvs051;jvs054;jvs055;jvs056;jvs057;jvs058;jvs059;jvs060;jvs061;jvs062;jvs064;jvs065;jvs068;jvs069;jvs070;jvs071;jvs073;jvs075;jvs078;jvs080;jvs082;jvs083;jvs084;jvs086;jvs087;jvs088;jvs090;jvs091;jvs093;jvs095;jvs097;jvs099;jvs100,jvs006;jvs007;jvs019;jvs024;jvs030;jvs034;jvs035;jvs036;jvs040;jvs050;jvs063;jvs067;jvs072;jvs076;jvs077;jvs079;jvs089;jvs094;jvs096;jvs098,jvs005;jvs010;jvs016;jvs018;jvs021;jvs028;jvs031;jvs041;jvs042;jvs044;jvs045;jvs047;jvs049;jvs052;jvs053;jvs066;jvs074;jvs081;jvs085;jvs092,44ee7e0407791d1b26e1,m5_lda_cosine_k59,0,0.6,0.85,0.7375,2.1,1.0,0.9317105263157894,0.1881578947368421,0.31475724692981716,0.10059789058459861,0.029426105721606748,0.158980566896964,0.2853311412082104,20,380,dev_speakers,0.41223604401261593,0.007894736842105263,0.2
JVS_JVSMuSiC,wavlm_l12,12,67,lda_cosine_query,lda_cosine,lda_internal_centering,query,LDA_analytic_OAS_shrinkage,1.0,59,jvs001;jvs002;jvs003;jvs004;jvs008;jvs009;jvs011;jvs012;jvs013;jvs014;jvs015;jvs017;jvs020;jvs022;jvs023;jvs025;jvs026;jvs027;jvs029;jvs032;jvs033;jvs037;jvs038;jvs039;jvs043;jvs046;jvs048;jvs051;jvs054;jvs055;jvs056;jvs057;jvs058;jvs059;jvs060;jvs061;jvs062;jvs064;jvs065;jvs068;jvs069;jvs070;jvs071;jvs073;jvs075;jvs078;jvs080;jvs082;jvs083;jvs084;jvs086;jvs087;jvs088;jvs090;jvs091;jvs093;jvs095;jvs097;jvs099;jvs100,jvs006;jvs007;jvs019;jvs024;jvs030;jvs034;jvs035;jvs036;jvs040;jvs050;jvs063;jvs067;jvs072;jvs076;jvs077;jvs079;jvs089;jvs094;jvs096;jvs098,jvs005;jvs010;jvs016;jvs018;jvs021;jvs028;jvs031;jvs041;jvs042;jvs044;jvs045;jvs047;jvs049;jvs052;jvs053;jvs066;jvs074;jvs081;jvs085;jvs092,44ee7e0407791d1b26e1,m5_lda_cosine_k59,1,0.6,0.85,0.7291666666666667,2.15,1.0,0.9314473684210526,0.1881578947368421,0.3151203240475965,0.10072152466298431,0.02985120223233499,0.15907497759957098,0.2852691218152615,20,380,dev_speakers,0.41214616737552606,0.007894736842105263,0.2
JVS_JVSMuSiC,wavlm_l12,12,71,cos_o0_none,cosine,zero,none,none,,,jvs002;jvs003;jvs004;jvs005;jvs006;jvs010;jvs011;jvs012;jvs013;jvs014;jvs016;jvs018;jvs019;jvs021;jvs022;jvs024;jvs025;jvs026;jvs027;jvs029;jvs031;jvs032;jvs034;jvs037;jvs039;jvs042;jvs043;jvs044;jvs045;jvs047;jvs048;jvs049;jvs050;jvs052;jvs053;jvs054;jvs055;jvs059;jvs061;jvs062;jvs065;jvs066;jvs067;jvs068;jvs069;jvs070;jvs073;jvs074;jvs075;jvs077;jvs079;jvs080;jvs083;jvs084;jvs086;jvs088;jvs089;jvs092;jvs093;jvs098,jvs008;jvs015;jvs020;jvs023;jvs035;jvs038;jvs040;jvs041;jvs056;jvs057;jvs058;jvs060;jvs063;jvs064;jvs072;jvs076;jvs078;jvs081;jvs099;jvs100,jvs001;jvs007;jvs009;jvs017;jvs028;jvs030;jvs033;jvs036;jvs046;jvs051;jvs071;jvs082;jvs085;jvs087;jvs090;jvs091;jvs094;jvs095;jvs096;jvs097,857a5bc0e35c20f8119e,m1_o0,0,0.15,0.35,0.2644468031968032,8.6,9.0,0.5931578947368421,0.45,0.96959028173943,0.0065066016102084175,0.9665126067109105,0.008774466338529916,0.003077675028519411,20,380,dev_speakers,0.9822505256273115,0.007894736842105263,0.0
JVS_JVSMuSiC,wavlm_l12,12,71,cos_o0_query,cosine,zero,query,none,,,jvs002;jvs003;jvs004;jvs005;jvs006;jvs010;jvs011;jvs012;jvs013;jvs014;jvs016;jvs018;jvs019;jvs021;jvs022;jvs024;jvs025;jvs026;jvs027;jvs029;jvs031;jvs032;jvs034;jvs037;jvs039;jvs042;jvs043;jvs044;jvs045;jvs047;jvs048;jvs049;jvs050;jvs052;jvs053;jvs054;jvs055;jvs059;jvs061;jvs062;jvs065;jvs066;jvs067;jvs068;jvs069;jvs070;jvs073;jvs074;jvs075;jvs077;jvs079;jvs080;jvs083;jvs084;jvs086;jvs088;jvs089;jvs092;jvs093;jvs098,jvs008;jvs015;jvs020;jvs023;jvs035;jvs038;jvs040;jvs041;jvs056;jvs057;jvs058;jvs060;jvs063;jvs064;jvs072;jvs076;jvs078;jvs081;jvs099;jvs100,jvs001;jvs007;jvs009;jvs017;jvs028;jvs030;jvs033;jvs036;jvs046;jvs051;jvs071;jvs082;jvs085;jvs087;jvs090;jvs091;jvs094;jvs095;jvs096;jvs097,857a5bc0e35c20f8119e,m1_o0,1,0.3,0.8,0.49118055555555556,4.1,2.5,0.7864473684210527,0.29605263157894735,0.9949373619128045,0.0026846046621731246,0.9919789760703428,0.003881867657691644,0.002958385842461664,20,380,dev_speakers,0.9971114420900562,0.007894736842105263,0.1
JVS_JVSMuSiC,wavlm_l12,12,71,cos_o0_sym,cosine,zero,symmetric,none,,,jvs002;jvs003;jvs004;jvs005;jvs006;jvs010;jvs011;jvs012;jvs013;jvs014;jvs016;jvs018;jvs019;jvs021;jvs022;jvs024;jvs025;jvs026;jvs027;jvs029;jvs031;jvs032;jvs034;jvs037;jvs039;jvs042;jvs043;jvs044;jvs045;jvs047;jvs048;jvs049;jvs050;jvs052;jvs053;jvs054;jvs055;jvs059;jvs061;jvs062;jvs065;jvs066;jvs067;jvs068;jvs069;jvs070;jvs073;jvs074;jvs075;jvs077;jvs079;jvs080;jvs083;jvs084;jvs086;jvs088;jvs089;jvs092;jvs093;jvs098,jvs008;jvs015;jvs020;jvs023;jvs035;jvs038;jvs040;jvs041;jvs056;jvs057;jvs058;jvs060;jvs063;jvs064;jvs072;jvs076;jvs078;jvs081;jvs099;jvs100,jvs001;jvs007;jvs009;jvs017;jvs028;jvs030;jvs033;jvs036;jvs046;jvs051;jvs071;jvs082;jvs085;jvs087;jvs090;jvs091;jvs094;jvs095;jvs096;jvs097,857a5bc0e35c20f8119e,m1_o0_sym,1,0.3,0.8,0.4907260101010101,4.15,2.5,0.7848684210526315,0.29605263157894735,0.9947151309817004,0.0027883477110783694,0.9916070669807531,0.004086856358278291,0.0031080640009473193,20,380,dev_speakers,0.9969946221231534,0.007894736842105263,0.1
JVS_JVSMuSiC,wavlm_l12,12,71,cos_om_none,cosine,pooled_train_midpoint,none,none,,,jvs002;jvs003;jvs004;jvs005;jvs006;jvs010;jvs011;jvs012;jvs013;jvs014;jvs016;jvs018;jvs019;jvs021;jvs022;jvs024;jvs025;jvs026;jvs027;jvs029;jvs031;jvs032;jvs034;jvs037;jvs039;jvs042;jvs043;jvs044;jvs045;jvs047;jvs048;jvs049;jvs050;jvs052;jvs053;jvs054;jvs055;jvs059;jvs061;jvs062;jvs065;jvs066;jvs067;jvs068;jvs069;jvs070;jvs073;jvs074;jvs075;jvs077;jvs079;jvs080;jvs083;jvs084;jvs086;jvs088;jvs089;jvs092;jvs093;jvs098,jvs008;jvs015;jvs020;jvs023;jvs035;jvs038;jvs040;jvs041;jvs056;jvs057;jvs058;jvs060;jvs063;jvs064;jvs072;jvs076;jvs078;jvs081;jvs099;jvs100,jvs001;jvs007;jvs009;jvs017;jvs028;jvs030;jvs033;jvs036;jvs046;jvs051;jvs071;jvs082;jvs085;jvs087;jvs090;jvs091;jvs094;jvs095;jvs096;jvs097,857a5bc0e35c20f8119e,m1_om,0,0.2,0.55,0.37854853479853484,4.85,5.0,0.7357894736842105,0.30657894736842106,-0.4989416929956912,0.19092694167873314,-0.6366508587717207,0.12021766912595563,0.13770916577602949,20,380,dev_speakers,-0.2903560605968682,0.007894736842105263,0.1
JVS_JVSMuSiC,wavlm_l12,12,71,cos_om_query,cosine,pooled_train_midpoint,query,none,,,jvs002;jvs003;jvs004;jvs005;jvs006;jvs010;jvs011;jvs012;jvs013;jvs014;jvs016;jvs018;jvs019;jvs021;jvs022;jvs024;jvs025;jvs026;jvs027;jvs029;jvs031;jvs032;jvs034;jvs037;jvs039;jvs042;jvs043;jvs044;jvs045;jvs047;jvs048;jvs049;jvs050;jvs052;jvs053;jvs054;jvs055;jvs059;jvs061;jvs062;jvs065;jvs066;jvs067;jvs068;jvs069;jvs070;jvs073;jvs074;jvs075;jvs077;jvs079;jvs080;jvs083;jvs084;jvs086;jvs088;jvs089;jvs092;jvs093;jvs098,jvs008;jvs015;jvs020;jvs023;jvs035;jvs038;jvs040;jvs041;jvs056;jvs057;jvs058;jvs060;jvs063;jvs064;jvs072;jvs076;jvs078;jvs081;jvs099;jvs100,jvs001;jvs007;jvs009;jvs017;jvs028;jvs030;jvs033;jvs036;jvs046;jvs051;jvs071;jvs082;jvs085;jvs087;jvs090;jvs091;jvs094;jvs095;jvs096;jvs097,857a5bc0e35c20f8119e,m1_om,1,0.5,0.75,0.633590021090021,3.45,1.5,0.8388157894736842,0.24210526315789474,0.7739938721857987,0.11008683907835544,0.6339744528908937,0.13826151733740774,0.14001941929490502,20,380,dev_speakers,0.8612639630117421,0.007894736842105263,0.15
JVS_JVSMuSiC,wavlm_l12,12,71,cos_om_sym,cosine,pooled_train_midpoint,symmetric,none,,,jvs002;jvs003;jvs004;jvs005;jvs006;jvs010;jvs011;jvs012;jvs013;jvs014;jvs016;jvs018;jvs019;jvs021;jvs022;jvs024;jvs025;jvs026;jvs027;jvs029;jvs031;jvs032;jvs034;jvs037;jvs039;jvs042;jvs043;jvs044;jvs045;jvs047;jvs048;jvs049;jvs050;jvs052;jvs053;jvs054;jvs055;jvs059;jvs061;jvs062;jvs065;jvs066;jvs067;jvs068;jvs069;jvs070;jvs073;jvs074;jvs075;jvs077;jvs079;jvs080;jvs083;jvs084;jvs086;jvs088;jvs089;jvs092;jvs093;jvs098,jvs008;jvs015;jvs020;jvs023;jvs035;jvs038;jvs040;jvs041;jvs056;jvs057;jvs058;jvs060;jvs063;jvs064;jvs072;jvs076;jvs078;jvs081;jvs099;jvs100,jvs001;jvs007;jvs009;jvs017;jvs028;jvs030;jvs033;jvs036;jvs046;jvs051;jvs071;jvs082;jvs085;jvs087;jvs090;jvs091;jvs094;jvs095;jvs096;jvs097,857a5bc0e35c20f8119e,m1_om_sym,1,0.55,0.95,0.6813888888888888,2.45,1.0,0.9251315789473684,0.15,0.38310426935934727,0.1470461825859909,-0.00010624009029769694,0.20982053729027736,0.38321050944964496,20,380,dev_speakers,0.45187740761317435,0.007894736842105263,0.35
JVS_JVSMuSiC,wavlm_l12,12,71,euclidean_raw,euclidean,origin_invariant,none,none,,,jvs002;jvs003;jvs004;jvs005;jvs006;jvs010;jvs011;jvs012;jvs013;jvs014;jvs016;jvs018;jvs019;jvs021;jvs022;jvs024;jvs025;jvs026;jvs027;jvs029;jvs031;jvs032;jvs034;jvs037;jvs039;jvs042;jvs043;jvs044;jvs045;jvs047;jvs048;jvs049;jvs050;jvs052;jvs053;jvs054;jvs055;jvs059;jvs061;jvs062;jvs065;jvs066;jvs067;jvs068;jvs069;jvs070;jvs073;jvs074;jvs075;jvs077;jvs079;jvs080;jvs083;jvs084;jvs086;jvs088;jvs089;jvs092;jvs093;jvs098,jvs008;jvs015;jvs020;jvs023;jvs035;jvs038;jvs040;jvs041;jvs056;jvs057;jvs058;jvs060;jvs063;jvs064;jvs072;jvs076;jvs078;jvs081;jvs099;jvs100,jvs001;jvs007;jvs009;jvs017;jvs028;jvs030;jvs033;jvs036;jvs046;jvs051;jvs071;jvs082;jvs085;jvs087;jvs090;jvs091;jvs094;jvs095;jvs096;jvs097,857a5bc0e35c20f8119e,m3_euclidean,0,0.15,0.3,0.2586134698634699,8.7,9.0,0.5894736842105263,0.45,-2.2232990792471115,0.48713326760753173,-2.4429066105446857,0.6488470673379463,0.21960753129757427,20,380,dev_speakers,-1.253481272707262,0.007894736842105263,0.0
JVS_JVSMuSiC,wavlm_l12,12,71,euclidean_query,euclidean,origin_invariant,query,none,,,jvs002;jvs003;jvs004;jvs005;jvs006;jvs010;jvs011;jvs012;jvs013;jvs014;jvs016;jvs018;jvs019;jvs021;jvs022;jvs024;jvs025;jvs026;jvs027;jvs029;jvs031;jvs032;jvs034;jvs037;jvs039;jvs042;jvs043;jvs044;jvs045;jvs047;jvs048;jvs049;jvs050;jvs052;jvs053;jvs054;jvs055;jvs059;jvs061;jvs062;jvs065;jvs066;jvs067;jvs068;jvs069;jvs070;jvs073;jvs074;jvs075;jvs077;jvs079;jvs080;jvs083;jvs084;jvs086;jvs088;jvs089;jvs092;jvs093;jvs098,jvs008;jvs015;jvs020;jvs023;jvs035;jvs038;jvs040;jvs041;jvs056;jvs057;jvs058;jvs060;jvs063;jvs064;jvs072;jvs076;jvs078;jvs081;jvs099;jvs100,jvs001;jvs007;jvs009;jvs017;jvs028;jvs030;jvs033;jvs036;jvs046;jvs051;jvs071;jvs082;jvs085;jvs087;jvs090;jvs091;jvs094;jvs095;jvs096;jvs097,857a5bc0e35c20f8119e,m3_euclidean,1,0.3,0.8,0.48953553391053395,4.2,2.5,0.7821052631578947,0.3,-0.37846207351852074,0.2040319333247862,-0.5980696048160843,0.29191554399568936,0.21960753129756355,20,380,dev_speakers,-0.21477249997367664,0.007894736842105263,0.1
JVS_JVSMuSiC,wavlm_l12,12,71,oas_whitened_cosine_raw,oas_whitened_cosine,pooled_train_midpoint,none,OAS,0.02823695268431164,,jvs002;jvs003;jvs004;jvs005;jvs006;jvs010;jvs011;jvs012;jvs013;jvs014;jvs016;jvs018;jvs019;jvs021;jvs022;jvs024;jvs025;jvs026;jvs027;jvs029;jvs031;jvs032;jvs034;jvs037;jvs039;jvs042;jvs043;jvs044;jvs045;jvs047;jvs048;jvs049;jvs050;jvs052;jvs053;jvs054;jvs055;jvs059;jvs061;jvs062;jvs065;jvs066;jvs067;jvs068;jvs069;jvs070;jvs073;jvs074;jvs075;jvs077;jvs079;jvs080;jvs083;jvs084;jvs086;jvs088;jvs089;jvs092;jvs093;jvs098,jvs008;jvs015;jvs020;jvs023;jvs035;jvs038;jvs040;jvs041;jvs056;jvs057;jvs058;jvs060;jvs063;jvs064;jvs072;jvs076;jvs078;jvs081;jvs099;jvs100,jvs001;jvs007;jvs009;jvs017;jvs028;jvs030;jvs033;jvs036;jvs046;jvs051;jvs071;jvs082;jvs085;jvs087;jvs090;jvs091;jvs094;jvs095;jvs096;jvs097,b66092f5544b9de5631e,m2_oas_whitened_cosine,0,0.8,0.9,0.848489010989011,2.1,1.0,0.9418421052631579,0.15,0.18440884590615408,0.08174880689574161,0.001087480515728535,0.0758025544761592,0.18332136539042554,20,380,dev_speakers,0.20255381382514434,0.007894736842105263,0.4
JVS_JVSMuSiC,wavlm_l12,12,71,oas_whitened_cosine_query,oas_whitened_cosine,pooled_train_midpoint,query,OAS,0.02823695268431164,,jvs002;jvs003;jvs004;jvs005;jvs006;jvs010;jvs011;jvs012;jvs013;jvs014;jvs016;jvs018;jvs019;jvs021;jvs022;jvs024;jvs025;jvs026;jvs027;jvs029;jvs031;jvs032;jvs034;jvs037;jvs039;jvs042;jvs043;jvs044;jvs045;jvs047;jvs048;jvs049;jvs050;jvs052;jvs053;jvs054;jvs055;jvs059;jvs061;jvs062;jvs065;jvs066;jvs067;jvs068;jvs069;jvs070;jvs073;jvs074;jvs075;jvs077;jvs079;jvs080;jvs083;jvs084;jvs086;jvs088;jvs089;jvs092;jvs093;jvs098,jvs008;jvs015;jvs020;jvs023;jvs035;jvs038;jvs040;jvs041;jvs056;jvs057;jvs058;jvs060;jvs063;jvs064;jvs072;jvs076;jvs078;jvs081;jvs099;jvs100,jvs001;jvs007;jvs009;jvs017;jvs028;jvs030;jvs033;jvs036;jvs046;jvs051;jvs071;jvs082;jvs085;jvs087;jvs090;jvs091;jvs094;jvs095;jvs096;jvs097,b66092f5544b9de5631e,m2_oas_whitened_cosine,1,0.8,0.9,0.848489010989011,2.1,1.0,0.9418421052631579,0.15,0.18553071587279135,0.0817347529842897,0.002211994781139388,0.07581666425480751,0.18331872109165195,20,380,dev_speakers,0.2034460382531456,0.007894736842105263,0.4
JVS_JVSMuSiC,wavlm_l12,12,71,oas_mahalanobis_raw,oas_mahalanobis,origin_invariant,none,OAS,0.02823695268431164,,jvs002;jvs003;jvs004;jvs005;jvs006;jvs010;jvs011;jvs012;jvs013;jvs014;jvs016;jvs018;jvs019;jvs021;jvs022;jvs024;jvs025;jvs026;jvs027;jvs029;jvs031;jvs032;jvs034;jvs037;jvs039;jvs042;jvs043;jvs044;jvs045;jvs047;jvs048;jvs049;jvs050;jvs052;jvs053;jvs054;jvs055;jvs059;jvs061;jvs062;jvs065;jvs066;jvs067;jvs068;jvs069;jvs070;jvs073;jvs074;jvs075;jvs077;jvs079;jvs080;jvs083;jvs084;jvs086;jvs088;jvs089;jvs092;jvs093;jvs098,jvs008;jvs015;jvs020;jvs023;jvs035;jvs038;jvs040;jvs041;jvs056;jvs057;jvs058;jvs060;jvs063;jvs064;jvs072;jvs076;jvs078;jvs081;jvs099;jvs100,jvs001;jvs007;jvs009;jvs017;jvs028;jvs030;jvs033;jvs036;jvs046;jvs051;jvs071;jvs082;jvs085;jvs087;jvs090;jvs091;jvs094;jvs095;jvs096;jvs097,b66092f5544b9de5631e,m4_oas_mahalanobis,0,0.1,0.6,0.3081944444444444,6.4,5.0,0.6964473684210526,0.3,-3815.1293346062535,1076.5680750366867,-4513.979056997341,1244.5898998373077,698.8497223910877,20,380,dev_speakers,-2671.8737360411324,0.007894736842105263,0.1
JVS_JVSMuSiC,wavlm_l12,12,71,oas_mahalanobis_query,oas_mahalanobis,origin_invariant,query,OAS,0.02823695268431164,,jvs002;jvs003;jvs004;jvs005;jvs006;jvs010;jvs011;jvs012;jvs013;jvs014;jvs016;jvs018;jvs019;jvs021;jvs022;jvs024;jvs025;jvs026;jvs027;jvs029;jvs031;jvs032;jvs034;jvs037;jvs039;jvs042;jvs043;jvs044;jvs045;jvs047;jvs048;jvs049;jvs050;jvs052;jvs053;jvs054;jvs055;jvs059;jvs061;jvs062;jvs065;jvs066;jvs067;jvs068;jvs069;jvs070;jvs073;jvs074;jvs075;jvs077;jvs079;jvs080;jvs083;jvs084;jvs086;jvs088;jvs089;jvs092;jvs093;jvs098,jvs008;jvs015;jvs020;jvs023;jvs035;jvs038;jvs040;jvs041;jvs056;jvs057;jvs058;jvs060;jvs063;jvs064;jvs072;jvs076;jvs078;jvs081;jvs099;jvs100,jvs001;jvs007;jvs009;jvs017;jvs028;jvs030;jvs033;jvs036;jvs046;jvs051;jvs071;jvs082;jvs085;jvs087;jvs090;jvs091;jvs094;jvs095;jvs096;jvs097,b66092f5544b9de5631e,m4_oas_mahalanobis,1,0.1,0.6,0.3081944444444444,6.4,5.0,0.6961842105263157,0.3,-3811.257722417312,1076.7841932618715,-4510.107444808466,1244.7910831199065,698.8497223911545,20,380,dev_speakers,-2667.5727409464307,0.007894736842105263,0.1
JVS_JVSMuSiC,wavlm_l12,12,71,lda_cosine_raw,lda_cosine,lda_internal_centering,none,LDA_analytic_OAS_shrinkage,1.0,59,jvs002;jvs003;jvs004;jvs005;jvs006;jvs010;jvs011;jvs012;jvs013;jvs014;jvs016;jvs018;jvs019;jvs021;jvs022;jvs024;jvs025;jvs026;jvs027;jvs029;jvs031;jvs032;jvs034;jvs037;jvs039;jvs042;jvs043;jvs044;jvs045;jvs047;jvs048;jvs049;jvs050;jvs052;jvs053;jvs054;jvs055;jvs059;jvs061;jvs062;jvs065;jvs066;jvs067;jvs068;jvs069;jvs070;jvs073;jvs074;jvs075;jvs077;jvs079;jvs080;jvs083;jvs084;jvs086;jvs088;jvs089;jvs092;jvs093;jvs098,jvs008;jvs015;jvs020;jvs023;jvs035;jvs038;jvs040;jvs041;jvs056;jvs057;jvs058;jvs060;jvs063;jvs064;jvs072;jvs076;jvs078;jvs081;jvs099;jvs100,jvs001;jvs007;jvs009;jvs017;jvs028;jvs030;jvs033;jvs036;jvs046;jvs051;jvs071;jvs082;jvs085;jvs087;jvs090;jvs091;jvs094;jvs095;jvs096;jvs097,1254d0a4c2d84ddfbaca,m5_lda_cosine_k59,0,0.35,0.7,0.5174801587301586,4.2,2.5,0.8553947368421052,0.21052631578947367,0.2559217378853003,0.1704255664560683,0.0005383850757702156,0.16769454996245065,0.2553833528095301,20,380,dev_speakers,0.3872918009236956,0.007894736842105263,0.25
JVS_JVSMuSiC,wavlm_l12,12,71,lda_cosine_query,lda_cosine,lda_internal_centering,query,LDA_analytic_OAS_shrinkage,1.0,59,jvs002;jvs003;jvs004;jvs005;jvs006;jvs010;jvs011;jvs012;jvs013;jvs014;jvs016;jvs018;jvs019;jvs021;jvs022;jvs024;jvs025;jvs026;jvs027;jvs029;jvs031;jvs032;jvs034;jvs037;jvs039;jvs042;jvs043;jvs044;jvs045;jvs047;jvs048;jvs049;jvs050;jvs052;jvs053;jvs054;jvs055;jvs059;jvs061;jvs062;jvs065;jvs066;jvs067;jvs068;jvs069;jvs070;jvs073;jvs074;jvs075;jvs077;jvs079;jvs080;jvs083;jvs084;jvs086;jvs088;jvs089;jvs092;jvs093;jvs098,jvs008;jvs015;jvs020;jvs023;jvs035;jvs038;jvs040;jvs041;jvs056;jvs057;jvs058;jvs060;jvs063;jvs064;jvs072;jvs076;jvs078;jvs081;jvs099;jvs100,jvs001;jvs007;jvs009;jvs017;jvs028;jvs030;jvs033;jvs036;jvs046;jvs051;jvs071;jvs082;jvs085;jvs087;jvs090;jvs091;jvs094;jvs095;jvs096;jvs097,1254d0a4c2d84ddfbaca,m5_lda_cosine_k59,1,0.35,0.7,0.5174801587301586,4.2,2.5,0.8555263157894737,0.21052631578947367,0.2557368172124428,0.1701667314042786,0.0003247018065082056,0.16766747047906336,0.25541211540593456,20,380,dev_speakers,0.38736830380155984,0.007894736842105263,0.25
JVS_JVSMuSiC,wavlm_l12,12,73,cos_o0_none,cosine,zero,none,none,,,jvs001;jvs002;jvs005;jvs006;jvs009;jvs011;jvs012;jvs013;jvs017;jvs018;jvs019;jvs020;jvs021;jvs023;jvs025;jvs026;jvs027;jvs032;jvs034;jvs035;jvs036;jvs037;jvs038;jvs039;jvs042;jvs043;jvs048;jvs050;jvs052;jvs058;jvs059;jvs062;jvs063;jvs064;jvs067;jvs068;jvs069;jvs071;jvs072;jvs076;jvs077;jvs079;jvs080;jvs081;jvs082;jvs083;jvs084;jvs086;jvs087;jvs088;jvs089;jvs090;jvs091;jvs094;jvs095;jvs096;jvs097;jvs098;jvs099;jvs100,jvs003;jvs015;jvs016;jvs022;jvs024;jvs028;jvs029;jvs030;jvs031;jvs044;jvs045;jvs047;jvs049;jvs053;jvs057;jvs060;jvs073;jvs075;jvs078;jvs093,jvs004;jvs007;jvs008;jvs010;jvs014;jvs033;jvs040;jvs041;jvs046;jvs051;jvs054;jvs055;jvs056;jvs061;jvs065;jvs066;jvs070;jvs074;jvs085;jvs092,f248b51c33312281d532,m1_o0,0,0.05,0.4,0.26154497764017887,8.1,9.5,0.6128947368421053,0.4,0.9697187501894117,0.005673117358812857,0.9674408130395596,0.005498780791306635,0.0022779371498520273,20,380,dev_speakers,0.9805358658233224,0.007894736842105263,0.05
JVS_JVSMuSiC,wavlm_l12,12,73,cos_o0_query,cosine,zero,query,none,,,jvs001;jvs002;jvs005;jvs006;jvs009;jvs011;jvs012;jvs013;jvs017;jvs018;jvs019;jvs020;jvs021;jvs023;jvs025;jvs026;jvs027;jvs032;jvs034;jvs035;jvs036;jvs037;jvs038;jvs039;jvs042;jvs043;jvs048;jvs050;jvs052;jvs058;jvs059;jvs062;jvs063;jvs064;jvs067;jvs068;jvs069;jvs071;jvs072;jvs076;jvs077;jvs079;jvs080;jvs081;jvs082;jvs083;jvs084;jvs086;jvs087;jvs088;jvs089;jvs090;jvs091;jvs094;jvs095;jvs096;jvs097;jvs098;jvs099;jvs100,jvs003;jvs015;jvs016;jvs022;jvs024;jvs028;jvs029;jvs030;jvs031;jvs044;jvs045;jvs047;jvs049;jvs053;jvs057;jvs060;jvs073;jvs075;jvs078;jvs093,jvs004;jvs007;jvs008;jvs010;jvs014;jvs033;jvs040;jvs041;jvs046;jvs051;jvs054;jvs055;jvs056;jvs061;jvs065;jvs066;jvs070;jvs074;jvs085;jvs092,f248b51c33312281d532,m1_o0,1,0.4,0.8,0.5837388306138306,3.9,2.0,0.8027631578947368,0.25,0.9958275883691987,0.0017350108383746151,0.9936207064312365,0.0024828522469607576,0.0022068819379622573,20,380,dev_speakers,0.9971402545035781,0.007894736842105263,0.2
JVS_JVSMuSiC,wavlm_l12,12,73,cos_o0_sym,cosine,zero,symmetric,none,,,jvs001;jvs002;jvs005;jvs006;jvs009;jvs011;jvs012;jvs013;jvs017;jvs018;jvs019;jvs020;jvs021;jvs023;jvs025;jvs026;jvs027;jvs032;jvs034;jvs035;jvs036;jvs037;jvs038;jvs039;jvs042;jvs043;jvs048;jvs050;jvs052;jvs058;jvs059;jvs062;jvs063;jvs064;jvs067;jvs068;jvs069;jvs071;jvs072;jvs076;jvs077;jvs079;jvs080;jvs081;jvs082;jvs083;jvs084;jvs086;jvs087;jvs088;jvs089;jvs090;jvs091;jvs094;jvs095;jvs096;jvs097;jvs098;jvs099;jvs100,jvs003;jvs015;jvs016;jvs022;jvs024;jvs028;jvs029;jvs030;jvs031;jvs044;jvs045;jvs047;jvs049;jvs053;jvs057;jvs060;jvs073;jvs075;jvs078;jvs093,jvs004;jvs007;jvs008;jvs010;jvs014;jvs033;jvs040;jvs041;jvs046;jvs051;jvs054;jvs055;jvs056;jvs061;jvs065;jvs066;jvs070;jvs074;jvs085;jvs092,f248b51c33312281d532,m1_o0_sym,1,0.4,0.8,0.5879054972804972,3.85,2.0,0.8026315789473685,0.25263157894736843,0.9956380426044544,0.0018060821741140531,0.9933319459276698,0.0025839704723550406,0.002306096676784608,20,380,dev_speakers,0.997015349254469,0.007894736842105263,0.2
JVS_JVSMuSiC,wavlm_l12,12,73,cos_om_none,cosine,pooled_train_midpoint,none,none,,,jvs001;jvs002;jvs005;jvs006;jvs009;jvs011;jvs012;jvs013;jvs017;jvs018;jvs019;jvs020;jvs021;jvs023;jvs025;jvs026;jvs027;jvs032;jvs034;jvs035;jvs036;jvs037;jvs038;jvs039;jvs042;jvs043;jvs048;jvs050;jvs052;jvs058;jvs059;jvs062;jvs063;jvs064;jvs067;jvs068;jvs069;jvs071;jvs072;jvs076;jvs077;jvs079;jvs080;jvs081;jvs082;jvs083;jvs084;jvs086;jvs087;jvs088;jvs089;jvs090;jvs091;jvs094;jvs095;jvs096;jvs097;jvs098;jvs099;jvs100,jvs003;jvs015;jvs016;jvs022;jvs024;jvs028;jvs029;jvs030;jvs031;jvs044;jvs045;jvs047;jvs049;jvs053;jvs057;jvs060;jvs073;jvs075;jvs078;jvs093,jvs004;jvs007;jvs008;jvs010;jvs014;jvs033;jvs040;jvs041;jvs046;jvs051;jvs054;jvs055;jvs056;jvs061;jvs065;jvs066;jvs070;jvs074;jvs085;jvs092,f248b51c33312281d532,m1_om,0,0.05,0.55,0.28160409035409034,5.05,4.5,0.7740789473684211,0.2881578947368421,-0.5418074149349523,0.13765233751592418,-0.6588005796267491,0.12067853293966466,0.11699316469179677,20,380,dev_speakers,-0.2844086903677218,0.007894736842105263,0.05
JVS_JVSMuSiC,wavlm_l12,12,73,cos_om_query,cosine,pooled_train_midpoint,query,none,,,jvs001;jvs002;jvs005;jvs006;jvs009;jvs011;jvs012;jvs013;jvs017;jvs018;jvs019;jvs020;jvs021;jvs023;jvs025;jvs026;jvs027;jvs032;jvs034;jvs035;jvs036;jvs037;jvs038;jvs039;jvs042;jvs043;jvs048;jvs050;jvs052;jvs058;jvs059;jvs062;jvs063;jvs064;jvs067;jvs068;jvs069;jvs071;jvs072;jvs076;jvs077;jvs079;jvs080;jvs081;jvs082;jvs083;jvs084;jvs086;jvs087;jvs088;jvs089;jvs090;jvs091;jvs094;jvs095;jvs096;jvs097;jvs098;jvs099;jvs100,jvs003;jvs015;jvs016;jvs022;jvs024;jvs028;jvs029;jvs030;jvs031;jvs044;jvs045;jvs047;jvs049;jvs053;jvs057;jvs060;jvs073;jvs075;jvs078;jvs093,jvs004;jvs007;jvs008;jvs010;jvs014;jvs033;jvs040;jvs041;jvs046;jvs051;jvs054;jvs055;jvs056;jvs061;jvs065;jvs066;jvs070;jvs074;jvs085;jvs092,f248b51c33312281d532,m1_om,1,0.6,0.8,0.6908549783549783,3.45,1.0,0.819078947368421,0.25394736842105264,0.8195653207659962,0.06981044095322014,0.7092681868176471,0.11026325942761381,0.11029713394834906,20,380,dev_speakers,0.8537971060870524,0.007894736842105263,0.45
JVS_JVSMuSiC,wavlm_l12,12,73,cos_om_sym,cosine,pooled_train_midpoint,symmetric,none,,,jvs001;jvs002;jvs005;jvs006;jvs009;jvs011;jvs012;jvs013;jvs017;jvs018;jvs019;jvs020;jvs021;jvs023;jvs025;jvs026;jvs027;jvs032;jvs034;jvs035;jvs036;jvs037;jvs038;jvs039;jvs042;jvs043;jvs048;jvs050;jvs052;jvs058;jvs059;jvs062;jvs063;jvs064;jvs067;jvs068;jvs069;jvs071;jvs072;jvs076;jvs077;jvs079;jvs080;jvs081;jvs082;jvs083;jvs084;jvs086;jvs087;jvs088;jvs089;jvs090;jvs091;jvs094;jvs095;jvs096;jvs097;jvs098;jvs099;jvs100,jvs003;jvs015;jvs016;jvs022;jvs024;jvs028;jvs029;jvs030;jvs031;jvs044;jvs045;jvs047;jvs049;jvs053;jvs057;jvs060;jvs073;jvs075;jvs078;jvs093,jvs004;jvs007;jvs008;jvs010;jvs014;jvs033;jvs040;jvs041;jvs046;jvs051;jvs054;jvs055;jvs056;jvs061;jvs065;jvs066;jvs070;jvs074;jvs085;jvs092,f248b51c33312281d532,m1_om_sym,1,0.8,0.95,0.854642857142857,1.7,1.0,0.9136842105263158,0.2,0.4273922260552882,0.12888864078177112,0.07275780004416611,0.22158825552975409,0.3546344260111221,20,380,dev_speakers,0.4328661666368679,0.007894736842105263,0.55
JVS_JVSMuSiC,wavlm_l12,12,73,euclidean_raw,euclidean,origin_invariant,none,none,,,jvs001;jvs002;jvs005;jvs006;jvs009;jvs011;jvs012;jvs013;jvs017;jvs018;jvs019;jvs020;jvs021;jvs023;jvs025;jvs026;jvs027;jvs032;jvs034;jvs035;jvs036;jvs037;jvs038;jvs039;jvs042;jvs043;jvs048;jvs050;jvs052;jvs058;jvs059;jvs062;jvs063;jvs064;jvs067;jvs068;jvs069;jvs071;jvs072;jvs076;jvs077;jvs079;jvs080;jvs081;jvs082;jvs083;jvs084;jvs086;jvs087;jvs088;jvs089;jvs090;jvs091;jvs094;jvs095;jvs096;jvs097;jvs098;jvs099;jvs100,jvs003;jvs015;jvs016;jvs022;jvs024;jvs028;jvs029;jvs030;jvs031;jvs044;jvs045;jvs047;jvs049;jvs053;jvs057;jvs060;jvs073;jvs075;jvs078;jvs093,jvs004;jvs007;jvs008;jvs010;jvs014;jvs033;jvs040;jvs041;jvs046;jvs051;jvs054;jvs055;jvs056;jvs061;jvs065;jvs066;jvs070;jvs074;jvs085;jvs092,f248b51c33312281d532,m3_euclidean,0,0.05,0.4,0.25355886652906773,8.15,9.0,0.6128947368421053,0.4,-2.214753691194448,0.4167419594317808,-2.379072653326274,0.40578775414163143,0.16431896213182595,20,380,dev_speakers,-1.4224681240480521,0.007894736842105263,0.05
JVS_JVSMuSiC,wavlm_l12,12,73,euclidean_query,euclidean,origin_invariant,query,none,,,jvs001;jvs002;jvs005;jvs006;jvs009;jvs011;jvs012;jvs013;jvs017;jvs018;jvs019;jvs020;jvs021;jvs023;jvs025;jvs026;jvs027;jvs032;jvs034;jvs035;jvs036;jvs037;jvs038;jvs039;jvs042;jvs043;jvs048;jvs050;jvs052;jvs058;jvs059;jvs062;jvs063;jvs064;jvs067;jvs068;jvs069;jvs071;jvs072;jvs076;jvs077;jvs079;jvs080;jvs081;jvs082;jvs083;jvs084;jvs086;jvs087;jvs088;jvs089;jvs090;jvs091;jvs094;jvs095;jvs096;jvs097;jvs098;jvs099;jvs100,jvs003;jvs015;jvs016;jvs022;jvs024;jvs028;jvs029;jvs030;jvs031;jvs044;jvs045;jvs047;jvs049;jvs053;jvs057;jvs060;jvs073;jvs075;jvs078;jvs093,jvs004;jvs007;jvs008;jvs010;jvs014;jvs033;jvs040;jvs041;jvs046;jvs051;jvs054;jvs055;jvs056;jvs061;jvs065;jvs066;jvs070;jvs074;jvs085;jvs092,f248b51c33312281d532,m3_euclidean,1,0.45,0.8,0.6129054972804973,3.8,2.0,0.8023684210526316,0.25,-0.31078732391137154,0.12978724458276641,-0.47510628604319527,0.18450321271193032,0.16431896213182373,20,380,dev_speakers,-0.20898863954472802,0.007894736842105263,0.2
JVS_JVSMuSiC,wavlm_l12,12,73,oas_whitened_cosine_raw,oas_whitened_cosine,pooled_train_midpoint,none,OAS,0.028730789539204812,,jvs001;jvs002;jvs005;jvs006;jvs009;jvs011;jvs012;jvs013;jvs017;jvs018;jvs019;jvs020;jvs021;jvs023;jvs025;jvs026;jvs027;jvs032;jvs034;jvs035;jvs036;jvs037;jvs038;jvs039;jvs042;jvs043;jvs048;jvs050;jvs052;jvs058;jvs059;jvs062;jvs063;jvs064;jvs067;jvs068;jvs069;jvs071;jvs072;jvs076;jvs077;jvs079;jvs080;jvs081;jvs082;jvs083;jvs084;jvs086;jvs087;jvs088;jvs089;jvs090;jvs091;jvs094;jvs095;jvs096;jvs097;jvs098;jvs099;jvs100,jvs003;jvs015;jvs016;jvs022;jvs024;jvs028;jvs029;jvs030;jvs031;jvs044;jvs045;jvs047;jvs049;jvs053;jvs057;jvs060;jvs073;jvs075;jvs078;jvs093,jvs004;jvs007;jvs008;jvs010;jvs014;jvs033;jvs040;jvs041;jvs046;jvs051;jvs054;jvs055;jvs056;jvs061;jvs065;jvs066;jvs070;jvs074;jvs085;jvs092,89cf72c2d1402ad91e74,m2_oas_whitened_cosine,0,0.85,1.0,0.9166666666666666,1.2,1.0,0.9752631578947368,0.06184210526315789,0.211216835290503,0.07947643757750457,0.014261558210756165,0.07834152741288568,0.19695527707974683,20,380,dev_speakers,0.2067733545108218,0.007894736842105263,0.45
JVS_JVSMuSiC,wavlm_l12,12,73,oas_whitened_cosine_query,oas_whitened_cosine,pooled_train_midpoint,query,OAS,0.028730789539204812,,jvs001;jvs002;jvs005;jvs006;jvs009;jvs011;jvs012;jvs013;jvs017;jvs018;jvs019;jvs020;jvs021;jvs023;jvs025;jvs026;jvs027;jvs032;jvs034;jvs035;jvs036;jvs037;jvs038;jvs039;jvs042;jvs043;jvs048;jvs050;jvs052;jvs058;jvs059;jvs062;jvs063;jvs064;jvs067;jvs068;jvs069;jvs071;jvs072;jvs076;jvs077;jvs079;jvs080;jvs081;jvs082;jvs083;jvs084;jvs086;jvs087;jvs088;jvs089;jvs090;jvs091;jvs094;jvs095;jvs096;jvs097;jvs098;jvs099;jvs100,jvs003;jvs015;jvs016;jvs022;jvs024;jvs028;jvs029;jvs030;jvs031;jvs044;jvs045;jvs047;jvs049;jvs053;jvs057;jvs060;jvs073;jvs075;jvs078;jvs093,jvs004;jvs007;jvs008;jvs010;jvs014;jvs033;jvs040;jvs041;jvs046;jvs051;jvs054;jvs055;jvs056;jvs061;jvs065;jvs066;jvs070;jvs074;jvs085;jvs092,89cf72c2d1402ad91e74,m2_oas_whitened_cosine,1,0.85,1.0,0.9166666666666666,1.2,1.0,0.9753947368421053,0.06184210526315789,0.2124404456451892,0.07933696194781427,0.015488940232856595,0.0783260061433403,0.1969515054123326,20,380,dev_speakers,0.20761413470229204,0.007894736842105263,0.45
JVS_JVSMuSiC,wavlm_l12,12,73,oas_mahalanobis_raw,oas_mahalanobis,origin_invariant,none,OAS,0.028730789539204812,,jvs001;jvs002;jvs005;jvs006;jvs009;jvs011;jvs012;jvs013;jvs017;jvs018;jvs019;jvs020;jvs021;jvs023;jvs025;jvs026;jvs027;jvs032;jvs034;jvs035;jvs036;jvs037;jvs038;jvs039;jvs042;jvs043;jvs048;jvs050;jvs052;jvs058;jvs059;jvs062;jvs063;jvs064;jvs067;jvs068;jvs069;jvs071;jvs072;jvs076;jvs077;jvs079;jvs080;jvs081;jvs082;jvs083;jvs084;jvs086;jvs087;jvs088;jvs089;jvs090;jvs091;jvs094;jvs095;jvs096;jvs097;jvs098;jvs099;jvs100,jvs003;jvs015;jvs016;jvs022;jvs024;jvs028;jvs029;jvs030;jvs031;jvs044;jvs045;jvs047;jvs049;jvs053;jvs057;jvs060;jvs073;jvs075;jvs078;jvs093,jvs004;jvs007;jvs008;jvs010;jvs014;jvs033;jvs040;jvs041;jvs046;jvs051;jvs054;jvs055;jvs056;jvs061;jvs065;jvs066;jvs070;jvs074;jvs085;jvs092,89cf72c2d1402ad91e74,m4_oas_mahalanobis,0,0.3,0.55,0.43344988344988333,6.05,4.5,0.7318421052631578,0.4,-3685.138871709211,1171.008197100855,-4433.545667338064,1599.563215446665,748.4067956288532,20,380,dev_speakers,-2547.8635575948283,0.007894736842105263,0.05
JVS_JVSMuSiC,wavlm_l12,12,73,oas_mahalanobis_query,oas_mahalanobis,origin_invariant,query,OAS,0.028730789539204812,,jvs001;jvs002;jvs005;jvs006;jvs009;jvs011;jvs012;jvs013;jvs017;jvs018;jvs019;jvs020;jvs021;jvs023;jvs025;jvs026;jvs027;jvs032;jvs034;jvs035;jvs036;jvs037;jvs038;jvs039;jvs042;jvs043;jvs048;jvs050;jvs052;jvs058;jvs059;jvs062;jvs063;jvs064;jvs067;jvs068;jvs069;jvs071;jvs072;jvs076;jvs077;jvs079;jvs080;jvs081;jvs082;jvs083;jvs084;jvs086;jvs087;jvs088;jvs089;jvs090;jvs091;jvs094;jvs095;jvs096;jvs097;jvs098;jvs099;jvs100,jvs003;jvs015;jvs016;jvs022;jvs024;jvs028;jvs029;jvs030;jvs031;jvs044;jvs045;jvs047;jvs049;jvs053;jvs057;jvs060;jvs073;jvs075;jvs078;jvs093,jvs004;jvs007;jvs008;jvs010;jvs014;jvs033;jvs040;jvs041;jvs046;jvs051;jvs054;jvs055;jvs056;jvs061;jvs065;jvs066;jvs070;jvs074;jvs085;jvs092,89cf72c2d1402ad91e74,m4_oas_mahalanobis,1,0.3,0.55,0.43344988344988333,6.05,4.5,0.7317105263157895,0.4,-3681.014001488639,1171.0273362644812,-4429.420797117432,1599.562992774052,748.4067956287927,20,380,dev_speakers,-2543.714812854305,0.007894736842105263,0.05
JVS_JVSMuSiC,wavlm_l12,12,73,lda_cosine_raw,lda_cosine,lda_internal_centering,none,LDA_analytic_OAS_shrinkage,1.0,59,jvs001;jvs002;jvs005;jvs006;jvs009;jvs011;jvs012;jvs013;jvs017;jvs018;jvs019;jvs020;jvs021;jvs023;jvs025;jvs026;jvs027;jvs032;jvs034;jvs035;jvs036;jvs037;jvs038;jvs039;jvs042;jvs043;jvs048;jvs050;jvs052;jvs058;jvs059;jvs062;jvs063;jvs064;jvs067;jvs068;jvs069;jvs071;jvs072;jvs076;jvs077;jvs079;jvs080;jvs081;jvs082;jvs083;jvs084;jvs086;jvs087;jvs088;jvs089;jvs090;jvs091;jvs094;jvs095;jvs096;jvs097;jvs098;jvs099;jvs100,jvs003;jvs015;jvs016;jvs022;jvs024;jvs028;jvs029;jvs030;jvs031;jvs044;jvs045;jvs047;jvs049;jvs053;jvs057;jvs060;jvs073;jvs075;jvs078;jvs093,jvs004;jvs007;jvs008;jvs010;jvs014;jvs033;jvs040;jvs041;jvs046;jvs051;jvs054;jvs055;jvs056;jvs061;jvs065;jvs066;jvs070;jvs074;jvs085;jvs092,2aac2f825d0c5204e540,m5_lda_cosine_k59,0,0.5,0.85,0.6301315789473685,3.4,1.5,0.8575,0.2,0.30976097042278716,0.18477270923729786,0.02675583288635493,0.18090740334118163,0.28300513753643225,20,380,dev_speakers,0.4217023856641416,0.007894736842105263,0.25
JVS_JVSMuSiC,wavlm_l12,12,73,lda_cosine_query,lda_cosine,lda_internal_centering,query,LDA_analytic_OAS_shrinkage,1.0,59,jvs001;jvs002;jvs005;jvs006;jvs009;jvs011;jvs012;jvs013;jvs017;jvs018;jvs019;jvs020;jvs021;jvs023;jvs025;jvs026;jvs027;jvs032;jvs034;jvs035;jvs036;jvs037;jvs038;jvs039;jvs042;jvs043;jvs048;jvs050;jvs052;jvs058;jvs059;jvs062;jvs063;jvs064;jvs067;jvs068;jvs069;jvs071;jvs072;jvs076;jvs077;jvs079;jvs080;jvs081;jvs082;jvs083;jvs084;jvs086;jvs087;jvs088;jvs089;jvs090;jvs091;jvs094;jvs095;jvs096;jvs097;jvs098;jvs099;jvs100,jvs003;jvs015;jvs016;jvs022;jvs024;jvs028;jvs029;jvs030;jvs031;jvs044;jvs045;jvs047;jvs049;jvs053;jvs057;jvs060;jvs073;jvs075;jvs078;jvs093,jvs004;jvs007;jvs008;jvs010;jvs014;jvs033;jvs040;jvs041;jvs046;jvs051;jvs054;jvs055;jvs056;jvs061;jvs065;jvs066;jvs070;jvs074;jvs085;jvs092,2aac2f825d0c5204e540,m5_lda_cosine_k59,1,0.5,0.85,0.6313815789473683,3.3,1.5,0.8588157894736842,0.2,0.3103225205112413,0.1845962925155481,0.027438871647482196,0.1809417507452761,0.2828836488637591,20,380,dev_speakers,0.4237830050796683,0.007894736842105263,0.25
JVS_JVSMuSiC,wavlm_l12,12,79,cos_o0_none,cosine,zero,none,none,,,jvs001;jvs002;jvs003;jvs006;jvs007;jvs010;jvs011;jvs012;jvs014;jvs016;jvs018;jvs019;jvs021;jvs022;jvs023;jvs028;jvs029;jvs032;jvs033;jvs034;jvs035;jvs036;jvs037;jvs038;jvs040;jvs047;jvs048;jvs049;jvs050;jvs051;jvs052;jvs053;jvs055;jvs056;jvs057;jvs059;jvs060;jvs062;jvs063;jvs064;jvs065;jvs068;jvs070;jvs072;jvs073;jvs074;jvs075;jvs076;jvs079;jvs080;jvs081;jvs082;jvs086;jvs087;jvs092;jvs093;jvs094;jvs097;jvs098;jvs100,jvs004;jvs005;jvs008;jvs009;jvs020;jvs024;jvs025;jvs026;jvs039;jvs041;jvs043;jvs044;jvs069;jvs077;jvs078;jvs084;jvs088;jvs089;jvs095;jvs099,jvs013;jvs015;jvs017;jvs027;jvs030;jvs031;jvs042;jvs045;jvs046;jvs054;jvs058;jvs061;jvs066;jvs067;jvs071;jvs083;jvs085;jvs090;jvs091;jvs096,c0a6e9b5f2b6e3ca8def,m1_o0,0,0.1,0.35,0.23985805860805862,9.15,8.0,0.5755263157894737,0.45,0.9692032959952434,0.006426863677103425,0.9663897414861059,0.009022694536586618,0.0028135545091374503,20,380,dev_speakers,0.9805994429557552,0.007894736842105263,0.05
JVS_JVSMuSiC,wavlm_l12,12,79,cos_o0_query,cosine,zero,query,none,,,jvs001;jvs002;jvs003;jvs006;jvs007;jvs010;jvs011;jvs012;jvs014;jvs016;jvs018;jvs019;jvs021;jvs022;jvs023;jvs028;jvs029;jvs032;jvs033;jvs034;jvs035;jvs036;jvs037;jvs038;jvs040;jvs047;jvs048;jvs049;jvs050;jvs051;jvs052;jvs053;jvs055;jvs056;jvs057;jvs059;jvs060;jvs062;jvs063;jvs064;jvs065;jvs068;jvs070;jvs072;jvs073;jvs074;jvs075;jvs076;jvs079;jvs080;jvs081;jvs082;jvs086;jvs087;jvs092;jvs093;jvs094;jvs097;jvs098;jvs100,jvs004;jvs005;jvs008;jvs009;jvs020;jvs024;jvs025;jvs026;jvs039;jvs041;jvs043;jvs044;jvs069;jvs077;jvs078;jvs084;jvs088;jvs089;jvs095;jvs099,jvs013;jvs015;jvs017;jvs027;jvs030;jvs031;jvs042;jvs045;jvs046;jvs054;jvs058;jvs061;jvs066;jvs067;jvs071;jvs083;jvs085;jvs090;jvs091;jvs096,c0a6e9b5f2b6e3ca8def,m1_o0,1,0.3,0.65,0.461395757020757,5.05,3.5,0.7396052631578948,0.35,0.994639342504281,0.002860910180844548,0.9919256265980697,0.004059335835386362,0.002713715906211278,20,380,dev_speakers,0.9968058992756783,0.007894736842105263,0.2
JVS_JVSMuSiC,wavlm_l12,12,79,cos_o0_sym,cosine,zero,symmetric,none,,,jvs001;jvs002;jvs003;jvs006;jvs007;jvs010;jvs011;jvs012;jvs014;jvs016;jvs018;jvs019;jvs021;jvs022;jvs023;jvs028;jvs029;jvs032;jvs033;jvs034;jvs035;jvs036;jvs037;jvs038;jvs040;jvs047;jvs048;jvs049;jvs050;jvs051;jvs052;jvs053;jvs055;jvs056;jvs057;jvs059;jvs060;jvs062;jvs063;jvs064;jvs065;jvs068;jvs070;jvs072;jvs073;jvs074;jvs075;jvs076;jvs079;jvs080;jvs081;jvs082;jvs086;jvs087;jvs092;jvs093;jvs094;jvs097;jvs098;jvs100,jvs004;jvs005;jvs008;jvs009;jvs020;jvs024;jvs025;jvs026;jvs039;jvs041;jvs043;jvs044;jvs069;jvs077;jvs078;jvs084;jvs088;jvs089;jvs095;jvs099,jvs013;jvs015;jvs017;jvs027;jvs030;jvs031;jvs042;jvs045;jvs046;jvs054;jvs058;jvs061;jvs066;jvs067;jvs071;jvs083;jvs085;jvs090;jvs091;jvs096,c0a6e9b5f2b6e3ca8def,m1_o0_sym,1,0.3,0.65,0.461395757020757,5.05,3.5,0.7385526315789473,0.35,0.9943999281103413,0.002977691366560956,0.9915554820128872,0.004268698953724127,0.0028444460974540453,20,380,dev_speakers,0.9966873343835475,0.007894736842105263,0.2
JVS_JVSMuSiC,wavlm_l12,12,79,cos_om_none,cosine,pooled_train_midpoint,none,none,,,jvs001;jvs002;jvs003;jvs006;jvs007;jvs010;jvs011;jvs012;jvs014;jvs016;jvs018;jvs019;jvs021;jvs022;jvs023;jvs028;jvs029;jvs032;jvs033;jvs034;jvs035;jvs036;jvs037;jvs038;jvs040;jvs047;jvs048;jvs049;jvs050;jvs051;jvs052;jvs053;jvs055;jvs056;jvs057;jvs059;jvs060;jvs062;jvs063;jvs064;jvs065;jvs068;jvs070;jvs072;jvs073;jvs074;jvs075;jvs076;jvs079;jvs080;jvs081;jvs082;jvs086;jvs087;jvs092;jvs093;jvs094;jvs097;jvs098;jvs100,jvs004;jvs005;jvs008;jvs009;jvs020;jvs024;jvs025;jvs026;jvs039;jvs041;jvs043;jvs044;jvs069;jvs077;jvs078;jvs084;jvs088;jvs089;jvs095;jvs099,jvs013;jvs015;jvs017;jvs027;jvs030;jvs031;jvs042;jvs045;jvs046;jvs054;jvs058;jvs061;jvs066;jvs067;jvs071;jvs083;jvs085;jvs090;jvs091;jvs096,c0a6e9b5f2b6e3ca8def,m1_om,0,0.1,0.6,0.2699702380952381,5.5,5.0,0.7335526315789473,0.3394736842105263,-0.5039859114613484,0.18031823862381915,-0.6259859447328506,0.1349629889856752,0.12200003327150222,20,380,dev_speakers,-0.19909356687929539,0.007894736842105263,0.1
JVS_JVSMuSiC,wavlm_l12,12,79,cos_om_query,cosine,pooled_train_midpoint,query,none,,,jvs001;jvs002;jvs003;jvs006;jvs007;jvs010;jvs011;jvs012;jvs014;jvs016;jvs018;jvs019;jvs021;jvs022;jvs023;jvs028;jvs029;jvs032;jvs033;jvs034;jvs035;jvs036;jvs037;jvs038;jvs040;jvs047;jvs048;jvs049;jvs050;jvs051;jvs052;jvs053;jvs055;jvs056;jvs057;jvs059;jvs060;jvs062;jvs063;jvs064;jvs065;jvs068;jvs070;jvs072;jvs073;jvs074;jvs075;jvs076;jvs079;jvs080;jvs081;jvs082;jvs086;jvs087;jvs092;jvs093;jvs094;jvs097;jvs098;jvs100,jvs004;jvs005;jvs008;jvs009;jvs020;jvs024;jvs025;jvs026;jvs039;jvs041;jvs043;jvs044;jvs069;jvs077;jvs078;jvs084;jvs088;jvs089;jvs095;jvs099,jvs013;jvs015;jvs017;jvs027;jvs030;jvs031;jvs042;jvs045;jvs046;jvs054;jvs058;jvs061;jvs066;jvs067;jvs071;jvs083;jvs085;jvs090;jvs091;jvs096,c0a6e9b5f2b6e3ca8def,m1_om,1,0.55,0.7,0.6313510101010101,4.45,1.0,0.7735526315789474,0.34736842105263155,0.7681499013319691,0.12264550962831096,0.640952180550433,0.15424594088465185,0.12719772078153613,20,380,dev_speakers,0.8476084717332432,0.007894736842105263,0.3
JVS_JVSMuSiC,wavlm_l12,12,79,cos_om_sym,cosine,pooled_train_midpoint,symmetric,none,,,jvs001;jvs002;jvs003;jvs006;jvs007;jvs010;jvs011;jvs012;jvs014;jvs016;jvs018;jvs019;jvs021;jvs022;jvs023;jvs028;jvs029;jvs032;jvs033;jvs034;jvs035;jvs036;jvs037;jvs038;jvs040;jvs047;jvs048;jvs049;jvs050;jvs051;jvs052;jvs053;jvs055;jvs056;jvs057;jvs059;jvs060;jvs062;jvs063;jvs064;jvs065;jvs068;jvs070;jvs072;jvs073;jvs074;jvs075;jvs076;jvs079;jvs080;jvs081;jvs082;jvs086;jvs087;jvs092;jvs093;jvs094;jvs097;jvs098;jvs100,jvs004;jvs005;jvs008;jvs009;jvs020;jvs024;jvs025;jvs026;jvs039;jvs041;jvs043;jvs044;jvs069;jvs077;jvs078;jvs084;jvs088;jvs089;jvs095;jvs099,jvs013;jvs015;jvs017;jvs027;jvs030;jvs031;jvs042;jvs045;jvs046;jvs054;jvs058;jvs061;jvs066;jvs067;jvs071;jvs083;jvs085;jvs090;jvs091;jvs096,c0a6e9b5f2b6e3ca8def,m1_om_sym,1,0.6,0.85,0.7080128205128207,2.6,1.0,0.9028947368421053,0.1513157894736842,0.3746055263657962,0.1653917640651732,0.02594252047823416,0.20716537224150286,0.34866300588756205,20,380,dev_speakers,0.4916682611381564,0.007894736842105263,0.3
JVS_JVSMuSiC,wavlm_l12,12,79,euclidean_raw,euclidean,origin_invariant,none,none,,,jvs001;jvs002;jvs003;jvs006;jvs007;jvs010;jvs011;jvs012;jvs014;jvs016;jvs018;jvs019;jvs021;jvs022;jvs023;jvs028;jvs029;jvs032;jvs033;jvs034;jvs035;jvs036;jvs037;jvs038;jvs040;jvs047;jvs048;jvs049;jvs050;jvs051;jvs052;jvs053;jvs055;jvs056;jvs057;jvs059;jvs060;jvs062;jvs063;jvs064;jvs065;jvs068;jvs070;jvs072;jvs073;jvs074;jvs075;jvs076;jvs079;jvs080;jvs081;jvs082;jvs086;jvs087;jvs092;jvs093;jvs094;jvs097;jvs098;jvs100,jvs004;jvs005;jvs008;jvs009;jvs020;jvs024;jvs025;jvs026;jvs039;jvs041;jvs043;jvs044;jvs069;jvs077;jvs078;jvs084;jvs088;jvs089;jvs095;jvs099,jvs013;jvs015;jvs017;jvs027;jvs030;jvs031;jvs042;jvs045;jvs046;jvs054;jvs058;jvs061;jvs066;jvs067;jvs071;jvs083;jvs085;jvs090;jvs091;jvs096,c0a6e9b5f2b6e3ca8def,m3_euclidean,0,0.1,0.35,0.23063186813186815,9.25,8.5,0.5755263157894737,0.45,-2.247203113987755,0.4821598334068309,-2.4462607389302056,0.6594975722020575,0.1990576249424505,20,380,dev_speakers,-1.3885668042383514,0.007894736842105263,0.05
JVS_JVSMuSiC,wavlm_l12,12,79,euclidean_query,euclidean,origin_invariant,query,none,,,jvs001;jvs002;jvs003;jvs006;jvs007;jvs010;jvs011;jvs012;jvs014;jvs016;jvs018;jvs019;jvs021;jvs022;jvs023;jvs028;jvs029;jvs032;jvs033;jvs034;jvs035;jvs036;jvs037;jvs038;jvs040;jvs047;jvs048;jvs049;jvs050;jvs051;jvs052;jvs053;jvs055;jvs056;jvs057;jvs059;jvs060;jvs062;jvs063;jvs064;jvs065;jvs068;jvs070;jvs072;jvs073;jvs074;jvs075;jvs076;jvs079;jvs080;jvs081;jvs082;jvs086;jvs087;jvs092;jvs093;jvs094;jvs097;jvs098;jvs100,jvs004;jvs005;jvs008;jvs009;jvs020;jvs024;jvs025;jvs026;jvs039;jvs041;jvs043;jvs044;jvs069;jvs077;jvs078;jvs084;jvs088;jvs089;jvs095;jvs099,jvs013;jvs015;jvs017;jvs027;jvs030;jvs031;jvs042;jvs045;jvs046;jvs054;jvs058;jvs061;jvs066;jvs067;jvs071;jvs083;jvs085;jvs090;jvs091;jvs096,c0a6e9b5f2b6e3ca8def,m3_euclidean,1,0.3,0.65,0.46121193349134526,5.1,3.5,0.7378947368421053,0.35,-0.4005676802869644,0.21677885905873984,-0.5996253052294126,0.3012583962011137,0.19905762494244822,20,380,dev_speakers,-0.23243673730905812,0.007894736842105263,0.2
JVS_JVSMuSiC,wavlm_l12,12,79,oas_whitened_cosine_raw,oas_whitened_cosine,pooled_train_midpoint,none,OAS,0.02773370735045113,,jvs001;jvs002;jvs003;jvs006;jvs007;jvs010;jvs011;jvs012;jvs014;jvs016;jvs018;jvs019;jvs021;jvs022;jvs023;jvs028;jvs029;jvs032;jvs033;jvs034;jvs035;jvs036;jvs037;jvs038;jvs040;jvs047;jvs048;jvs049;jvs050;jvs051;jvs052;jvs053;jvs055;jvs056;jvs057;jvs059;jvs060;jvs062;jvs063;jvs064;jvs065;jvs068;jvs070;jvs072;jvs073;jvs074;jvs075;jvs076;jvs079;jvs080;jvs081;jvs082;jvs086;jvs087;jvs092;jvs093;jvs094;jvs097;jvs098;jvs100,jvs004;jvs005;jvs008;jvs009;jvs020;jvs024;jvs025;jvs026;jvs039;jvs041;jvs043;jvs044;jvs069;jvs077;jvs078;jvs084;jvs088;jvs089;jvs095;jvs099,jvs013;jvs015;jvs017;jvs027;jvs030;jvs031;jvs042;jvs045;jvs046;jvs054;jvs058;jvs061;jvs066;jvs067;jvs071;jvs083;jvs085;jvs090;jvs091;jvs096,2a65a07b904a2f84890b,m2_oas_whitened_cosine,0,0.65,1.0,0.7875,1.6,1.0,0.969078947368421,0.1,0.16134560016311952,0.05843637469541525,-0.001445765715099167,0.06855649913302364,0.16279136587821869,20,380,dev_speakers,0.19783802622283003,0.007894736842105263,0.25
JVS_JVSMuSiC,wavlm_l12,12,79,oas_whitened_cosine_query,oas_whitened_cosine,pooled_train_midpoint,query,OAS,0.02773370735045113,,jvs001;jvs002;jvs003;jvs006;jvs007;jvs010;jvs011;jvs012;jvs014;jvs016;jvs018;jvs019;jvs021;jvs022;jvs023;jvs028;jvs029;jvs032;jvs033;jvs034;jvs035;jvs036;jvs037;jvs038;jvs040;jvs047;jvs048;jvs049;jvs050;jvs051;jvs052;jvs053;jvs055;jvs056;jvs057;jvs059;jvs060;jvs062;jvs063;jvs064;jvs065;jvs068;jvs070;jvs072;jvs073;jvs074;jvs075;jvs076;jvs079;jvs080;jvs081;jvs082;jvs086;jvs087;jvs092;jvs093;jvs094;jvs097;jvs098;jvs100,jvs004;jvs005;jvs008;jvs009;jvs020;jvs024;jvs025;jvs026;jvs039;jvs041;jvs043;jvs044;jvs069;jvs077;jvs078;jvs084;jvs088;jvs089;jvs095;jvs099,jvs013;jvs015;jvs017;jvs027;jvs030;jvs031;jvs042;jvs045;jvs046;jvs054;jvs058;jvs061;jvs066;jvs067;jvs071;jvs083;jvs085;jvs090;jvs091;jvs096,2a65a07b904a2f84890b,m2_oas_whitened_cosine,1,0.65,1.0,0.7875,1.6,1.0,0.969078947368421,0.1,0.16243641033770298,0.05850809519363965,-0.00035676653528859693,0.06854195035978401,0.16279317687299158,20,380,dev_speakers,0.1989360057882299,0.007894736842105263,0.25
JVS_JVSMuSiC,wavlm_l12,12,79,oas_mahalanobis_raw,oas_mahalanobis,origin_invariant,none,OAS,0.02773370735045113,,jvs001;jvs002;jvs003;jvs006;jvs007;jvs010;jvs011;jvs012;jvs014;jvs016;jvs018;jvs019;jvs021;jvs022;jvs023;jvs028;jvs029;jvs032;jvs033;jvs034;jvs035;jvs036;jvs037;jvs038;jvs040;jvs047;jvs048;jvs049;jvs050;jvs051;jvs052;jvs053;jvs055;jvs056;jvs057;jvs059;jvs060;jvs062;jvs063;jvs064;jvs065;jvs068;jvs070;jvs072;jvs073;jvs074;jvs075;jvs076;jvs079;jvs080;jvs081;jvs082;jvs086;jvs087;jvs092;jvs093;jvs094;jvs097;jvs098;jvs100,jvs004;jvs005;jvs008;jvs009;jvs020;jvs024;jvs025;jvs026;jvs039;jvs041;jvs043;jvs044;jvs069;jvs077;jvs078;jvs084;jvs088;jvs089;jvs095;jvs099,jvs013;jvs015;jvs017;jvs027;jvs030;jvs031;jvs042;jvs045;jvs046;jvs054;jvs058;jvs061;jvs066;jvs067;jvs071;jvs083;jvs085;jvs090;jvs091;jvs096,2a65a07b904a2f84890b,m4_oas_mahalanobis,0,0.2,0.45,0.31785369450810624,8.1,8.0,0.6371052631578947,0.45,-4168.839652402792,1059.3377529467584,-4809.552817156819,1238.072199347572,640.7131647540273,20,380,dev_speakers,-2608.62723729806,0.007894736842105263,0.05
JVS_JVSMuSiC,wavlm_l12,12,79,oas_mahalanobis_query,oas_mahalanobis,origin_invariant,query,OAS,0.02773370735045113,,jvs001;jvs002;jvs003;jvs006;jvs007;jvs010;jvs011;jvs012;jvs014;jvs016;jvs018;jvs019;jvs021;jvs022;jvs023;jvs028;jvs029;jvs032;jvs033;jvs034;jvs035;jvs036;jvs037;jvs038;jvs040;jvs047;jvs048;jvs049;jvs050;jvs051;jvs052;jvs053;jvs055;jvs056;jvs057;jvs059;jvs060;jvs062;jvs063;jvs064;jvs065;jvs068;jvs070;jvs072;jvs073;jvs074;jvs075;jvs076;jvs079;jvs080;jvs081;jvs082;jvs086;jvs087;jvs092;jvs093;jvs094;jvs097;jvs098;jvs100,jvs004;jvs005;jvs008;jvs009;jvs020;jvs024;jvs025;jvs026;jvs039;jvs041;jvs043;jvs044;jvs069;jvs077;jvs078;jvs084;jvs088;jvs089;jvs095;jvs099,jvs013;jvs015;jvs017;jvs027;jvs030;jvs031;jvs042;jvs045;jvs046;jvs054;jvs058;jvs061;jvs066;jvs067;jvs071;jvs083;jvs085;jvs090;jvs091;jvs096,2a65a07b904a2f84890b,m4_oas_mahalanobis,1,0.2,0.45,0.31785369450810624,8.1,8.0,0.6369736842105264,0.45,-4164.7422001046825,1059.4828303634652,-4805.455364858815,1238.142631090023,640.7131647541328,20,380,dev_speakers,-2604.256492283661,0.007894736842105263,0.05
JVS_JVSMuSiC,wavlm_l12,12,79,lda_cosine_raw,lda_cosine,lda_internal_centering,none,LDA_analytic_OAS_shrinkage,1.0,59,jvs001;jvs002;jvs003;jvs006;jvs007;jvs010;jvs011;jvs012;jvs014;jvs016;jvs018;jvs019;jvs021;jvs022;jvs023;jvs028;jvs029;jvs032;jvs033;jvs034;jvs035;jvs036;jvs037;jvs038;jvs040;jvs047;jvs048;jvs049;jvs050;jvs051;jvs052;jvs053;jvs055;jvs056;jvs057;jvs059;jvs060;jvs062;jvs063;jvs064;jvs065;jvs068;jvs070;jvs072;jvs073;jvs074;jvs075;jvs076;jvs079;jvs080;jvs081;jvs082;jvs086;jvs087;jvs092;jvs093;jvs094;jvs097;jvs098;jvs100,jvs004;jvs005;jvs008;jvs009;jvs020;jvs024;jvs025;jvs026;jvs039;jvs041;jvs043;jvs044;jvs069;jvs077;jvs078;jvs084;jvs088;jvs089;jvs095;jvs099,jvs013;jvs015;jvs017;jvs027;jvs030;jvs031;jvs042;jvs045;jvs046;jvs054;jvs058;jvs061;jvs066;jvs067;jvs071;jvs083;jvs085;jvs090;jvs091;jvs096,8d73c4456c5689121e1f,m5_lda_cosine_k59,0,0.3,0.8,0.5377777777777777,3.45,2.0,0.861578947368421,0.2,0.20791049055179064,0.12737690835763654,0.00262063660351757,0.15315754522747055,0.20528985394827307,20,380,dev_speakers,0.367966336519526,0.007894736842105263,0.05
JVS_JVSMuSiC,wavlm_l12,12,79,lda_cosine_query,lda_cosine,lda_internal_centering,query,LDA_analytic_OAS_shrinkage,1.0,59,jvs001;jvs002;jvs003;jvs006;jvs007;jvs010;jvs011;jvs012;jvs014;jvs016;jvs018;jvs019;jvs021;jvs022;jvs023;jvs028;jvs029;jvs032;jvs033;jvs034;jvs035;jvs036;jvs037;jvs038;jvs040;jvs047;jvs048;jvs049;jvs050;jvs051;jvs052;jvs053;jvs055;jvs056;jvs057;jvs059;jvs060;jvs062;jvs063;jvs064;jvs065;jvs068;jvs070;jvs072;jvs073;jvs074;jvs075;jvs076;jvs079;jvs080;jvs081;jvs082;jvs086;jvs087;jvs092;jvs093;jvs094;jvs097;jvs098;jvs100,jvs004;jvs005;jvs008;jvs009;jvs020;jvs024;jvs025;jvs026;jvs039;jvs041;jvs043;jvs044;jvs069;jvs077;jvs078;jvs084;jvs088;jvs089;jvs095;jvs099,jvs013;jvs015;jvs017;jvs027;jvs030;jvs031;jvs042;jvs045;jvs046;jvs054;jvs058;jvs061;jvs066;jvs067;jvs071;jvs083;jvs085;jvs090;jvs091;jvs096,8d73c4456c5689121e1f,m5_lda_cosine_k59,1,0.3,0.8,0.5294444444444444,3.5,2.0,0.861578947368421,0.2,0.20750385461399157,0.1274656178166038,0.002121846416534591,0.15310713934855744,0.20538200819745697,20,380,dev_speakers,0.3685582905294411,0.007894736842105263,0.05
JVS_JVSMuSiC,wavlm_l12,12,83,cos_o0_none,cosine,zero,none,none,,,jvs002;jvs003;jvs004;jvs005;jvs010;jvs011;jvs013;jvs014;jvs017;jvs018;jvs019;jvs022;jvs024;jvs025;jvs026;jvs029;jvs030;jvs033;jvs034;jvs035;jvs037;jvs039;jvs040;jvs043;jvs044;jvs046;jvs047;jvs048;jvs049;jvs050;jvs051;jvs052;jvs054;jvs055;jvs057;jvs058;jvs060;jvs061;jvs062;jvs063;jvs064;jvs065;jvs068;jvs069;jvs070;jvs073;jvs074;jvs078;jvs079;jvs082;jvs083;jvs084;jvs087;jvs088;jvs089;jvs090;jvs092;jvs096;jvs097;jvs099,jvs007;jvs008;jvs015;jvs016;jvs020;jvs021;jvs023;jvs031;jvs032;jvs041;jvs042;jvs045;jvs056;jvs066;jvs067;jvs075;jvs080;jvs091;jvs093;jvs098,jvs001;jvs006;jvs009;jvs012;jvs027;jvs028;jvs036;jvs038;jvs053;jvs059;jvs071;jvs072;jvs076;jvs077;jvs081;jvs085;jvs086;jvs094;jvs095;jvs100,ef4bd9276c131f3d8177,m1_o0,0,0.2,0.4,0.30947496947496944,8.0,7.5,0.6227631578947368,0.4,0.9722272652000574,0.005735846393699975,0.9688545515951333,0.00800846985676767,0.0033727136049240825,20,380,dev_speakers,0.9788506022352388,0.007894736842105263,0.05
JVS_JVSMuSiC,wavlm_l12,12,83,cos_o0_query,cosine,zero,query,none,,,jvs002;jvs003;jvs004;jvs005;jvs010;jvs011;jvs013;jvs014;jvs017;jvs018;jvs019;jvs022;jvs024;jvs025;jvs026;jvs029;jvs030;jvs033;jvs034;jvs035;jvs037;jvs039;jvs040;jvs043;jvs044;jvs046;jvs047;jvs048;jvs049;jvs050;jvs051;jvs052;jvs054;jvs055;jvs057;jvs058;jvs060;jvs061;jvs062;jvs063;jvs064;jvs065;jvs068;jvs069;jvs070;jvs073;jvs074;jvs078;jvs079;jvs082;jvs083;jvs084;jvs087;jvs088;jvs089;jvs090;jvs092;jvs096;jvs097;jvs099,jvs007;jvs008;jvs015;jvs016;jvs020;jvs021;jvs023;jvs031;jvs032;jvs041;jvs042;jvs045;jvs056;jvs066;jvs067;jvs075;jvs080;jvs091;jvs093;jvs098,jvs001;jvs006;jvs009;jvs012;jvs027;jvs028;jvs036;jvs038;jvs053;jvs059;jvs071;jvs072;jvs076;jvs077;jvs081;jvs085;jvs086;jvs094;jvs095;jvs100,ef4bd9276c131f3d8177,m1_o0,1,0.4,0.85,0.5871794871794871,3.1,2.0,0.8448684210526316,0.2,0.9951034635304389,0.002413156749075107,0.9918574571307579,0.0034464428690341204,0.0032460063996809785,20,380,dev_speakers,0.9972259418632857,0.007894736842105263,0.1
JVS_JVSMuSiC,wavlm_l12,12,83,cos_o0_sym,cosine,zero,symmetric,none,,,jvs002;jvs003;jvs004;jvs005;jvs010;jvs011;jvs013;jvs014;jvs017;jvs018;jvs019;jvs022;jvs024;jvs025;jvs026;jvs029;jvs030;jvs033;jvs034;jvs035;jvs037;jvs039;jvs040;jvs043;jvs044;jvs046;jvs047;jvs048;jvs049;jvs050;jvs051;jvs052;jvs054;jvs055;jvs057;jvs058;jvs060;jvs061;jvs062;jvs063;jvs064;jvs065;jvs068;jvs069;jvs070;jvs073;jvs074;jvs078;jvs079;jvs082;jvs083;jvs084;jvs087;jvs088;jvs089;jvs090;jvs092;jvs096;jvs097;jvs099,jvs007;jvs008;jvs015;jvs016;jvs020;jvs021;jvs023;jvs031;jvs032;jvs041;jvs042;jvs045;jvs056;jvs066;jvs067;jvs075;jvs080;jvs091;jvs093;jvs098,jvs001;jvs006;jvs009;jvs012;jvs027;jvs028;jvs036;jvs038;jvs053;jvs059;jvs071;jvs072;jvs076;jvs077;jvs081;jvs085;jvs086;jvs094;jvs095;jvs100,ef4bd9276c131f3d8177,m1_o0_sym,1,0.4,0.85,0.5871794871794871,3.1,2.0,0.8452631578947368,0.2,0.994887273999838,0.002500723750928046,0.9914814335154443,0.00361539231364716,0.0034058404843937407,20,380,dev_speakers,0.9971056119184962,0.007894736842105263,0.1
JVS_JVSMuSiC,wavlm_l12,12,83,cos_om_none,cosine,pooled_train_midpoint,none,none,,,jvs002;jvs003;jvs004;jvs005;jvs010;jvs011;jvs013;jvs014;jvs017;jvs018;jvs019;jvs022;jvs024;jvs025;jvs026;jvs029;jvs030;jvs033;jvs034;jvs035;jvs037;jvs039;jvs040;jvs043;jvs044;jvs046;jvs047;jvs048;jvs049;jvs050;jvs051;jvs052;jvs054;jvs055;jvs057;jvs058;jvs060;jvs061;jvs062;jvs063;jvs064;jvs065;jvs068;jvs069;jvs070;jvs073;jvs074;jvs078;jvs079;jvs082;jvs083;jvs084;jvs087;jvs088;jvs089;jvs090;jvs092;jvs096;jvs097;jvs099,jvs007;jvs008;jvs015;jvs016;jvs020;jvs021;jvs023;jvs031;jvs032;jvs041;jvs042;jvs045;jvs056;jvs066;jvs067;jvs075;jvs080;jvs091;jvs093;jvs098,jvs001;jvs006;jvs009;jvs012;jvs027;jvs028;jvs036;jvs038;jvs053;jvs059;jvs071;jvs072;jvs076;jvs077;jvs081;jvs085;jvs086;jvs094;jvs095;jvs100,ef4bd9276c131f3d8177,m1_om,0,0.25,0.6,0.4291666666666667,4.3,4.0,0.8015789473684211,0.25921052631578945,-0.4422002036931814,0.15827208761876146,-0.6028475810305316,0.12901202969502035,0.16064737733735018,20,380,dev_speakers,-0.23917838894218688,0.007894736842105263,0.1
JVS_JVSMuSiC,wavlm_l12,12,83,cos_om_query,cosine,pooled_train_midpoint,query,none,,,jvs002;jvs003;jvs004;jvs005;jvs010;jvs011;jvs013;jvs014;jvs017;jvs018;jvs019;jvs022;jvs024;jvs025;jvs026;jvs029;jvs030;jvs033;jvs034;jvs035;jvs037;jvs039;jvs040;jvs043;jvs044;jvs046;jvs047;jvs048;jvs049;jvs050;jvs051;jvs052;jvs054;jvs055;jvs057;jvs058;jvs060;jvs061;jvs062;jvs063;jvs064;jvs065;jvs068;jvs069;jvs070;jvs073;jvs074;jvs078;jvs079;jvs082;jvs083;jvs084;jvs087;jvs088;jvs089;jvs090;jvs092;jvs096;jvs097;jvs099,jvs007;jvs008;jvs015;jvs016;jvs020;jvs021;jvs023;jvs031;jvs032;jvs041;jvs042;jvs045;jvs056;jvs066;jvs067;jvs075;jvs080;jvs091;jvs093;jvs098,jvs001;jvs006;jvs009;jvs012;jvs027;jvs028;jvs036;jvs038;jvs053;jvs059;jvs071;jvs072;jvs076;jvs077;jvs081;jvs085;jvs086;jvs094;jvs095;jvs100,ef4bd9276c131f3d8177,m1_om,1,0.4,0.7,0.5471416083916083,4.2,2.0,0.819078947368421,0.25,0.7533480375590405,0.11660433548863833,0.5998168456778652,0.14261481882527627,0.15353119188117526,20,380,dev_speakers,0.869777290366562,0.007894736842105263,0.1
JVS_JVSMuSiC,wavlm_l12,12,83,cos_om_sym,cosine,pooled_train_midpoint,symmetric,none,,,jvs002;jvs003;jvs004;jvs005;jvs010;jvs011;jvs013;jvs014;jvs017;jvs018;jvs019;jvs022;jvs024;jvs025;jvs026;jvs029;jvs030;jvs033;jvs034;jvs035;jvs037;jvs039;jvs040;jvs043;jvs044;jvs046;jvs047;jvs048;jvs049;jvs050;jvs051;jvs052;jvs054;jvs055;jvs057;jvs058;jvs060;jvs061;jvs062;jvs063;jvs064;jvs065;jvs068;jvs069;jvs070;jvs073;jvs074;jvs078;jvs079;jvs082;jvs083;jvs084;jvs087;jvs088;jvs089;jvs090;jvs092;jvs096;jvs097;jvs099,jvs007;jvs008;jvs015;jvs016;jvs020;jvs021;jvs023;jvs031;jvs032;jvs041;jvs042;jvs045;jvs056;jvs066;jvs067;jvs075;jvs080;jvs091;jvs093;jvs098,jvs001;jvs006;jvs009;jvs012;jvs027;jvs028;jvs036;jvs038;jvs053;jvs059;jvs071;jvs072;jvs076;jvs077;jvs081;jvs085;jvs086;jvs094;jvs095;jvs100,ef4bd9276c131f3d8177,m1_om_sym,1,0.65,0.9,0.7421428571428572,2.2,1.0,0.9315789473684211,0.1881578947368421,0.4045278407192597,0.15248094900556708,-0.014819568278713684,0.22477645101738827,0.41934740899797335,20,380,dev_speakers,0.45655073633081084,0.007894736842105263,0.5
JVS_JVSMuSiC,wavlm_l12,12,83,euclidean_raw,euclidean,origin_invariant,none,none,,,jvs002;jvs003;jvs004;jvs005;jvs010;jvs011;jvs013;jvs014;jvs017;jvs018;jvs019;jvs022;jvs024;jvs025;jvs026;jvs029;jvs030;jvs033;jvs034;jvs035;jvs037;jvs039;jvs040;jvs043;jvs044;jvs046;jvs047;jvs048;jvs049;jvs050;jvs051;jvs052;jvs054;jvs055;jvs057;jvs058;jvs060;jvs061;jvs062;jvs063;jvs064;jvs065;jvs068;jvs069;jvs070;jvs073;jvs074;jvs078;jvs079;jvs082;jvs083;jvs084;jvs087;jvs088;jvs089;jvs090;jvs092;jvs096;jvs097;jvs099,jvs007;jvs008;jvs015;jvs016;jvs020;jvs021;jvs023;jvs031;jvs032;jvs041;jvs042;jvs045;jvs056;jvs066;jvs067;jvs075;jvs080;jvs091;jvs093;jvs098,jvs001;jvs006;jvs009;jvs012;jvs027;jvs028;jvs036;jvs038;jvs053;jvs059;jvs071;jvs072;jvs076;jvs077;jvs081;jvs085;jvs086;jvs094;jvs095;jvs100,ef4bd9276c131f3d8177,m3_euclidean,0,0.15,0.35,0.2747576035076035,8.45,8.0,0.6189473684210526,0.4,-2.0319646790107257,0.4335231305671177,-2.272182670076189,0.5935624069343436,0.24021799106546338,20,380,dev_speakers,-1.5219957205429182,0.007894736842105263,0.05
JVS_JVSMuSiC,wavlm_l12,12,83,euclidean_query,euclidean,origin_invariant,query,none,,,jvs002;jvs003;jvs004;jvs005;jvs010;jvs011;jvs013;jvs014;jvs017;jvs018;jvs019;jvs022;jvs024;jvs025;jvs026;jvs029;jvs030;jvs033;jvs034;jvs035;jvs037;jvs039;jvs040;jvs043;jvs044;jvs046;jvs047;jvs048;jvs049;jvs050;jvs051;jvs052;jvs054;jvs055;jvs057;jvs058;jvs060;jvs061;jvs062;jvs063;jvs064;jvs065;jvs068;jvs069;jvs070;jvs073;jvs074;jvs078;jvs079;jvs082;jvs083;jvs084;jvs087;jvs088;jvs089;jvs090;jvs092;jvs096;jvs097;jvs099,jvs007;jvs008;jvs015;jvs016;jvs020;jvs021;jvs023;jvs031;jvs032;jvs041;jvs042;jvs045;jvs056;jvs066;jvs067;jvs075;jvs080;jvs091;jvs093;jvs098,jvs001;jvs006;jvs009;jvs012;jvs027;jvs028;jvs036;jvs038;jvs053;jvs059;jvs071;jvs072;jvs076;jvs077;jvs081;jvs085;jvs086;jvs094;jvs095;jvs100,ef4bd9276c131f3d8177,m3_euclidean,1,0.4,0.85,0.5871794871794871,3.1,2.0,0.8431578947368421,0.20789473684210527,-0.3685632695382928,0.1827289746356119,-0.6087812606037616,0.25789197229093896,0.24021799106546876,20,380,dev_speakers,-0.20685209303360352,0.007894736842105263,0.1
JVS_JVSMuSiC,wavlm_l12,12,83,oas_whitened_cosine_raw,oas_whitened_cosine,pooled_train_midpoint,none,OAS,0.02792709132550827,,jvs002;jvs003;jvs004;jvs005;jvs010;jvs011;jvs013;jvs014;jvs017;jvs018;jvs019;jvs022;jvs024;jvs025;jvs026;jvs029;jvs030;jvs033;jvs034;jvs035;jvs037;jvs039;jvs040;jvs043;jvs044;jvs046;jvs047;jvs048;jvs049;jvs050;jvs051;jvs052;jvs054;jvs055;jvs057;jvs058;jvs060;jvs061;jvs062;jvs063;jvs064;jvs065;jvs068;jvs069;jvs070;jvs073;jvs074;jvs078;jvs079;jvs082;jvs083;jvs084;jvs087;jvs088;jvs089;jvs090;jvs092;jvs096;jvs097;jvs099,jvs007;jvs008;jvs015;jvs016;jvs020;jvs021;jvs023;jvs031;jvs032;jvs041;jvs042;jvs045;jvs056;jvs066;jvs067;jvs075;jvs080;jvs091;jvs093;jvs098,jvs001;jvs006;jvs009;jvs012;jvs027;jvs028;jvs036;jvs038;jvs053;jvs059;jvs071;jvs072;jvs076;jvs077;jvs081;jvs085;jvs086;jvs094;jvs095;jvs100,e4452d448fbd186726f8,m2_oas_whitened_cosine,0,0.65,0.8,0.7321428571428571,2.55,1.0,0.921578947368421,0.15921052631578947,0.16256053151223906,0.08296203260694968,-0.002059629200099511,0.07543773316169723,0.16462016071233856,20,380,dev_speakers,0.17757544437126138,0.007894736842105263,0.5
JVS_JVSMuSiC,wavlm_l12,12,83,oas_whitened_cosine_query,oas_whitened_cosine,pooled_train_midpoint,query,OAS,0.02792709132550827,,jvs002;jvs003;jvs004;jvs005;jvs010;jvs011;jvs013;jvs014;jvs017;jvs018;jvs019;jvs022;jvs024;jvs025;jvs026;jvs029;jvs030;jvs033;jvs034;jvs035;jvs037;jvs039;jvs040;jvs043;jvs044;jvs046;jvs047;jvs048;jvs049;jvs050;jvs051;jvs052;jvs054;jvs055;jvs057;jvs058;jvs060;jvs061;jvs062;jvs063;jvs064;jvs065;jvs068;jvs069;jvs070;jvs073;jvs074;jvs078;jvs079;jvs082;jvs083;jvs084;jvs087;jvs088;jvs089;jvs090;jvs092;jvs096;jvs097;jvs099,jvs007;jvs008;jvs015;jvs016;jvs020;jvs021;jvs023;jvs031;jvs032;jvs041;jvs042;jvs045;jvs056;jvs066;jvs067;jvs075;jvs080;jvs091;jvs093;jvs098,jvs001;jvs006;jvs009;jvs012;jvs027;jvs028;jvs036;jvs038;jvs053;jvs059;jvs071;jvs072;jvs076;jvs077;jvs081;jvs085;jvs086;jvs094;jvs095;jvs100,e4452d448fbd186726f8,m2_oas_whitened_cosine,1,0.65,0.8,0.7321428571428571,2.55,1.0,0.921578947368421,0.15789473684210525,0.1637625222626548,0.08299698797966838,-0.0008535311942249071,0.07544512548277797,0.1646160534568797,20,380,dev_speakers,0.17843485564196498,0.007894736842105263,0.55
JVS_JVSMuSiC,wavlm_l12,12,83,oas_mahalanobis_raw,oas_mahalanobis,origin_invariant,none,OAS,0.02792709132550827,,jvs002;jvs003;jvs004;jvs005;jvs010;jvs011;jvs013;jvs014;jvs017;jvs018;jvs019;jvs022;jvs024;jvs025;jvs026;jvs029;jvs030;jvs033;jvs034;jvs035;jvs037;jvs039;jvs040;jvs043;jvs044;jvs046;jvs047;jvs048;jvs049;jvs050;jvs051;jvs052;jvs054;jvs055;jvs057;jvs058;jvs060;jvs061;jvs062;jvs063;jvs064;jvs065;jvs068;jvs069;jvs070;jvs073;jvs074;jvs078;jvs079;jvs082;jvs083;jvs084;jvs087;jvs088;jvs089;jvs090;jvs092;jvs096;jvs097;jvs099,jvs007;jvs008;jvs015;jvs016;jvs020;jvs021;jvs023;jvs031;jvs032;jvs041;jvs042;jvs045;jvs056;jvs066;jvs067;jvs075;jvs080;jvs091;jvs093;jvs098,jvs001;jvs006;jvs009;jvs012;jvs027;jvs028;jvs036;jvs038;jvs053;jvs059;jvs071;jvs072;jvs076;jvs077;jvs081;jvs085;jvs086;jvs094;jvs095;jvs100,e4452d448fbd186726f8,m4_oas_mahalanobis,0,0.3,0.45,0.40069444444444446,7.25,6.0,0.6631578947368421,0.3986842105263158,-3862.9172024412082,1310.0740804911452,-4474.910876624231,1405.6345063024264,611.9936741830224,20,380,dev_speakers,-2632.4675146201625,0.007894736842105263,0.15
JVS_JVSMuSiC,wavlm_l12,12,83,oas_mahalanobis_query,oas_mahalanobis,origin_invariant,query,OAS,0.02792709132550827,,jvs002;jvs003;jvs004;jvs005;jvs010;jvs011;jvs013;jvs014;jvs017;jvs018;jvs019;jvs022;jvs024;jvs025;jvs026;jvs029;jvs030;jvs033;jvs034;jvs035;jvs037;jvs039;jvs040;jvs043;jvs044;jvs046;jvs047;jvs048;jvs049;jvs050;jvs051;jvs052;jvs054;jvs055;jvs057;jvs058;jvs060;jvs061;jvs062;jvs063;jvs064;jvs065;jvs068;jvs069;jvs070;jvs073;jvs074;jvs078;jvs079;jvs082;jvs083;jvs084;jvs087;jvs088;jvs089;jvs090;jvs092;jvs096;jvs097;jvs099,jvs007;jvs008;jvs015;jvs016;jvs020;jvs021;jvs023;jvs031;jvs032;jvs041;jvs042;jvs045;jvs056;jvs066;jvs067;jvs075;jvs080;jvs091;jvs093;jvs098,jvs001;jvs006;jvs009;jvs012;jvs027;jvs028;jvs036;jvs038;jvs053;jvs059;jvs071;jvs072;jvs076;jvs077;jvs081;jvs085;jvs086;jvs094;jvs095;jvs100,e4452d448fbd186726f8,m4_oas_mahalanobis,1,0.3,0.45,0.40069444444444446,7.25,6.0,0.6631578947368421,0.3986842105263158,-3858.7419707373947,1309.9093898225105,-4470.735644920228,1405.3982361401763,611.9936741828333,20,380,dev_speakers,-2628.0737458094954,0.007894736842105263,0.15
JVS_JVSMuSiC,wavlm_l12,12,83,lda_cosine_raw,lda_cosine,lda_internal_centering,none,LDA_analytic_OAS_shrinkage,1.0,59,jvs002;jvs003;jvs004;jvs005;jvs010;jvs011;jvs013;jvs014;jvs017;jvs018;jvs019;jvs022;jvs024;jvs025;jvs026;jvs029;jvs030;jvs033;jvs034;jvs035;jvs037;jvs039;jvs040;jvs043;jvs044;jvs046;jvs047;jvs048;jvs049;jvs050;jvs051;jvs052;jvs054;jvs055;jvs057;jvs058;jvs060;jvs061;jvs062;jvs063;jvs064;jvs065;jvs068;jvs069;jvs070;jvs073;jvs074;jvs078;jvs079;jvs082;jvs083;jvs084;jvs087;jvs088;jvs089;jvs090;jvs092;jvs096;jvs097;jvs099,jvs007;jvs008;jvs015;jvs016;jvs020;jvs021;jvs023;jvs031;jvs032;jvs041;jvs042;jvs045;jvs056;jvs066;jvs067;jvs075;jvs080;jvs091;jvs093;jvs098,jvs001;jvs006;jvs009;jvs012;jvs027;jvs028;jvs036;jvs038;jvs053;jvs059;jvs071;jvs072;jvs076;jvs077;jvs081;jvs085;jvs086;jvs094;jvs095;jvs100,13fadfb6ecc9c089be40,m5_lda_cosine_k59,0,0.25,0.65,0.4515178571428572,4.9,2.5,0.7892105263157895,0.2986842105263158,0.20309927538079467,0.18493090246314084,0.007209622959144564,0.15099801503088864,0.1958896524216501,20,380,dev_speakers,0.3795348305019023,0.007894736842105263,0.2
JVS_JVSMuSiC,wavlm_l12,12,83,lda_cosine_query,lda_cosine,lda_internal_centering,query,LDA_analytic_OAS_shrinkage,1.0,59,jvs002;jvs003;jvs004;jvs005;jvs010;jvs011;jvs013;jvs014;jvs017;jvs018;jvs019;jvs022;jvs024;jvs025;jvs026;jvs029;jvs030;jvs033;jvs034;jvs035;jvs037;jvs039;jvs040;jvs043;jvs044;jvs046;jvs047;jvs048;jvs049;jvs050;jvs051;jvs052;jvs054;jvs055;jvs057;jvs058;jvs060;jvs061;jvs062;jvs063;jvs064;jvs065;jvs068;jvs069;jvs070;jvs073;jvs074;jvs078;jvs079;jvs082;jvs083;jvs084;jvs087;jvs088;jvs089;jvs090;jvs092;jvs096;jvs097;jvs099,jvs007;jvs008;jvs015;jvs016;jvs020;jvs021;jvs023;jvs031;jvs032;jvs041;jvs042;jvs045;jvs056;jvs066;jvs067;jvs075;jvs080;jvs091;jvs093;jvs098,jvs001;jvs006;jvs009;jvs012;jvs027;jvs028;jvs036;jvs038;jvs053;jvs059;jvs071;jvs072;jvs076;jvs077;jvs081;jvs085;jvs086;jvs094;jvs095;jvs100,13fadfb6ecc9c089be40,m5_lda_cosine_k59,1,0.25,0.65,0.4515178571428572,4.9,2.5,0.7889473684210526,0.2986842105263158,0.20317457356683208,0.18471654998131587,0.007079392001555976,0.15097488618496918,0.1960951815652761,20,380,dev_speakers,0.3783060132085119,0.007894736842105263,0.2
JVS_JVSMuSiC,wavlm_l12,12,89,cos_o0_none,cosine,zero,none,none,,,jvs001;jvs002;jvs003;jvs005;jvs008;jvs009;jvs010;jvs013;jvs014;jvs015;jvs016;jvs018;jvs019;jvs021;jvs024;jvs025;jvs026;jvs028;jvs029;jvs030;jvs031;jvs033;jvs036;jvs037;jvs038;jvs042;jvs043;jvs044;jvs046;jvs047;jvs049;jvs052;jvs054;jvs056;jvs058;jvs060;jvs061;jvs063;jvs064;jvs065;jvs067;jvs071;jvs072;jvs073;jvs074;jvs076;jvs078;jvs079;jvs080;jvs081;jvs083;jvs084;jvs085;jvs086;jvs091;jvs094;jvs095;jvs096;jvs099;jvs100,jvs020;jvs022;jvs034;jvs039;jvs040;jvs041;jvs045;jvs048;jvs051;jvs053;jvs055;jvs069;jvs070;jvs077;jvs082;jvs087;jvs088;jvs090;jvs093;jvs098,jvs004;jvs006;jvs007;jvs011;jvs012;jvs017;jvs023;jvs027;jvs032;jvs035;jvs050;jvs057;jvs059;jvs062;jvs066;jvs068;jvs075;jvs089;jvs092;jvs097,45727713a213aee03243,m1_o0,0,0.1,0.45,0.2892397186147186,7.7,6.5,0.6207894736842106,0.4039473684210526,0.9713803819260971,0.005307862464608496,0.9690551186264686,0.005812890226552452,0.002325263299628455,20,380,dev_speakers,0.9796046937366889,0.007894736842105263,0.05
JVS_JVSMuSiC,wavlm_l12,12,89,cos_o0_query,cosine,zero,query,none,,,jvs001;jvs002;jvs003;jvs005;jvs008;jvs009;jvs010;jvs013;jvs014;jvs015;jvs016;jvs018;jvs019;jvs021;jvs024;jvs025;jvs026;jvs028;jvs029;jvs030;jvs031;jvs033;jvs036;jvs037;jvs038;jvs042;jvs043;jvs044;jvs046;jvs047;jvs049;jvs052;jvs054;jvs056;jvs058;jvs060;jvs061;jvs063;jvs064;jvs065;jvs067;jvs071;jvs072;jvs073;jvs074;jvs076;jvs078;jvs079;jvs080;jvs081;jvs083;jvs084;jvs085;jvs086;jvs091;jvs094;jvs095;jvs096;jvs099;jvs100,jvs020;jvs022;jvs034;jvs039;jvs040;jvs041;jvs045;jvs048;jvs051;jvs053;jvs055;jvs069;jvs070;jvs077;jvs082;jvs087;jvs088;jvs090;jvs093;jvs098,jvs004;jvs006;jvs007;jvs011;jvs012;jvs017;jvs023;jvs027;jvs032;jvs035;jvs050;jvs057;jvs059;jvs062;jvs066;jvs068;jvs075;jvs089;jvs092;jvs097,45727713a213aee03243,m1_o0,1,0.3,0.75,0.4904334554334554,3.9,3.0,0.7994736842105263,0.256578947368421,0.9957988519539756,0.001423791093604672,0.9935406985287429,0.0023191998747084373,0.002258153425232612,20,380,dev_speakers,0.9972736078594244,0.007894736842105263,0.2
JVS_JVSMuSiC,wavlm_l12,12,89,cos_o0_sym,cosine,zero,symmetric,none,,,jvs001;jvs002;jvs003;jvs005;jvs008;jvs009;jvs010;jvs013;jvs014;jvs015;jvs016;jvs018;jvs019;jvs021;jvs024;jvs025;jvs026;jvs028;jvs029;jvs030;jvs031;jvs033;jvs036;jvs037;jvs038;jvs042;jvs043;jvs044;jvs046;jvs047;jvs049;jvs052;jvs054;jvs056;jvs058;jvs060;jvs061;jvs063;jvs064;jvs065;jvs067;jvs071;jvs072;jvs073;jvs074;jvs076;jvs078;jvs079;jvs080;jvs081;jvs083;jvs084;jvs085;jvs086;jvs091;jvs094;jvs095;jvs096;jvs099;jvs100,jvs020;jvs022;jvs034;jvs039;jvs040;jvs041;jvs045;jvs048;jvs051;jvs053;jvs055;jvs069;jvs070;jvs077;jvs082;jvs087;jvs088;jvs090;jvs093;jvs098,jvs004;jvs006;jvs007;jvs011;jvs012;jvs017;jvs023;jvs027;jvs032;jvs035;jvs050;jvs057;jvs059;jvs062;jvs066;jvs068;jvs075;jvs089;jvs092;jvs097,45727713a213aee03243,m1_o0_sym,1,0.3,0.75,0.49112789987789984,3.85,3.0,0.7982894736842105,0.256578947368421,0.9955988172408752,0.0014990975147234833,0.9932424669618166,0.002432957988803627,0.002356350279058561,20,380,dev_speakers,0.9971615259461859,0.007894736842105263,0.2
JVS_JVSMuSiC,wavlm_l12,12,89,cos_om_none,cosine,pooled_train_midpoint,none,none,,,jvs001;jvs002;jvs003;jvs005;jvs008;jvs009;jvs010;jvs013;jvs014;jvs015;jvs016;jvs018;jvs019;jvs021;jvs024;jvs025;jvs026;jvs028;jvs029;jvs030;jvs031;jvs033;jvs036;jvs037;jvs038;jvs042;jvs043;jvs044;jvs046;jvs047;jvs049;jvs052;jvs054;jvs056;jvs058;jvs060;jvs061;jvs063;jvs064;jvs065;jvs067;jvs071;jvs072;jvs073;jvs074;jvs076;jvs078;jvs079;jvs080;jvs081;jvs083;jvs084;jvs085;jvs086;jvs091;jvs094;jvs095;jvs096;jvs099;jvs100,jvs020;jvs022;jvs034;jvs039;jvs040;jvs041;jvs045;jvs048;jvs051;jvs053;jvs055;jvs069;jvs070;jvs077;jvs082;jvs087;jvs088;jvs090;jvs093;jvs098,jvs004;jvs006;jvs007;jvs011;jvs012;jvs017;jvs023;jvs027;jvs032;jvs035;jvs050;jvs057;jvs059;jvs062;jvs066;jvs068;jvs075;jvs089;jvs092;jvs097,45727713a213aee03243,m1_om,0,0.15,0.7,0.3666804029304029,5.6,4.0,0.7344736842105263,0.3,-0.5485665602191175,0.15902462605698364,-0.6656321376828148,0.10143104246332564,0.11706557746369728,20,380,dev_speakers,-0.3338865242097646,0.007894736842105263,0.1
JVS_JVSMuSiC,wavlm_l12,12,89,cos_om_query,cosine,pooled_train_midpoint,query,none,,,jvs001;jvs002;jvs003;jvs005;jvs008;jvs009;jvs010;jvs013;jvs014;jvs015;jvs016;jvs018;jvs019;jvs021;jvs024;jvs025;jvs026;jvs028;jvs029;jvs030;jvs031;jvs033;jvs036;jvs037;jvs038;jvs042;jvs043;jvs044;jvs046;jvs047;jvs049;jvs052;jvs054;jvs056;jvs058;jvs060;jvs061;jvs063;jvs064;jvs065;jvs067;jvs071;jvs072;jvs073;jvs074;jvs076;jvs078;jvs079;jvs080;jvs081;jvs083;jvs084;jvs085;jvs086;jvs091;jvs094;jvs095;jvs096;jvs099;jvs100,jvs020;jvs022;jvs034;jvs039;jvs040;jvs041;jvs045;jvs048;jvs051;jvs053;jvs055;jvs069;jvs070;jvs077;jvs082;jvs087;jvs088;jvs090;jvs093;jvs098,jvs004;jvs006;jvs007;jvs011;jvs012;jvs017;jvs023;jvs027;jvs032;jvs035;jvs050;jvs057;jvs059;jvs062;jvs066;jvs068;jvs075;jvs089;jvs092;jvs097,45727713a213aee03243,m1_om,1,0.45,0.65,0.5727579365079365,3.65,2.5,0.8236842105263158,0.25,0.7826633763979849,0.0741058345025873,0.6642939591259672,0.10428859227680362,0.11836941727201766,20,380,dev_speakers,0.8619338713966185,0.007894736842105263,0.05
JVS_JVSMuSiC,wavlm_l12,12,89,cos_om_sym,cosine,pooled_train_midpoint,symmetric,none,,,jvs001;jvs002;jvs003;jvs005;jvs008;jvs009;jvs010;jvs013;jvs014;jvs015;jvs016;jvs018;jvs019;jvs021;jvs024;jvs025;jvs026;jvs028;jvs029;jvs030;jvs031;jvs033;jvs036;jvs037;jvs038;jvs042;jvs043;jvs044;jvs046;jvs047;jvs049;jvs052;jvs054;jvs056;jvs058;jvs060;jvs061;jvs063;jvs064;jvs065;jvs067;jvs071;jvs072;jvs073;jvs074;jvs076;jvs078;jvs079;jvs080;jvs081;jvs083;jvs084;jvs085;jvs086;jvs091;jvs094;jvs095;jvs096;jvs099;jvs100,jvs020;jvs022;jvs034;jvs039;jvs040;jvs041;jvs045;jvs048;jvs051;jvs053;jvs055;jvs069;jvs070;jvs077;jvs082;jvs087;jvs088;jvs090;jvs093;jvs098,jvs004;jvs006;jvs007;jvs011;jvs012;jvs017;jvs023;jvs027;jvs032;jvs035;jvs050;jvs057;jvs059;jvs062;jvs066;jvs068;jvs075;jvs089;jvs092;jvs097,45727713a213aee03243,m1_om_sym,1,0.7,0.9,0.799404761904762,2.2,1.0,0.9213157894736842,0.10526315789473684,0.3470023290993153,0.15230922459317775,-0.005005230675655884,0.18025822141717693,0.35200755977497117,20,380,dev_speakers,0.5566865208595266,0.007894736842105263,0.05
JVS_JVSMuSiC,wavlm_l12,12,89,euclidean_raw,euclidean,origin_invariant,none,none,,,jvs001;jvs002;jvs003;jvs005;jvs008;jvs009;jvs010;jvs013;jvs014;jvs015;jvs016;jvs018;jvs019;jvs021;jvs024;jvs025;jvs026;jvs028;jvs029;jvs030;jvs031;jvs033;jvs036;jvs037;jvs038;jvs042;jvs043;jvs044;jvs046;jvs047;jvs049;jvs052;jvs054;jvs056;jvs058;jvs060;jvs061;jvs063;jvs064;jvs065;jvs067;jvs071;jvs072;jvs073;jvs074;jvs076;jvs078;jvs079;jvs080;jvs081;jvs083;jvs084;jvs085;jvs086;jvs091;jvs094;jvs095;jvs096;jvs099;jvs100,jvs020;jvs022;jvs034;jvs039;jvs040;jvs041;jvs045;jvs048;jvs051;jvs053;jvs055;jvs069;jvs070;jvs077;jvs082;jvs087;jvs088;jvs090;jvs093;jvs098,jvs004;jvs006;jvs007;jvs011;jvs012;jvs017;jvs023;jvs027;jvs032;jvs035;jvs050;jvs057;jvs059;jvs062;jvs066;jvs068;jvs075;jvs089;jvs092;jvs097,45727713a213aee03243,m3_euclidean,0,0.1,0.45,0.28816163003663003,7.9,6.5,0.6157894736842106,0.4013157894736842,-2.08556656589926,0.40143672021657656,-2.2517739389791895,0.43855529483132416,0.1662073730799296,20,380,dev_speakers,-1.4640942754616617,0.007894736842105263,0.05
JVS_JVSMuSiC,wavlm_l12,12,89,euclidean_query,euclidean,origin_invariant,query,none,,,jvs001;jvs002;jvs003;jvs005;jvs008;jvs009;jvs010;jvs013;jvs014;jvs015;jvs016;jvs018;jvs019;jvs021;jvs024;jvs025;jvs026;jvs028;jvs029;jvs030;jvs031;jvs033;jvs036;jvs037;jvs038;jvs042;jvs043;jvs044;jvs046;jvs047;jvs049;jvs052;jvs054;jvs056;jvs058;jvs060;jvs061;jvs063;jvs064;jvs065;jvs067;jvs071;jvs072;jvs073;jvs074;jvs076;jvs078;jvs079;jvs080;jvs081;jvs083;jvs084;jvs085;jvs086;jvs091;jvs094;jvs095;jvs096;jvs099;jvs100,jvs020;jvs022;jvs034;jvs039;jvs040;jvs041;jvs045;jvs048;jvs051;jvs053;jvs055;jvs069;jvs070;jvs077;jvs082;jvs087;jvs088;jvs090;jvs093;jvs098,jvs004;jvs006;jvs007;jvs011;jvs012;jvs017;jvs023;jvs027;jvs032;jvs035;jvs050;jvs057;jvs059;jvs062;jvs066;jvs068;jvs075;jvs089;jvs092;jvs097,45727713a213aee03243,m3_euclidean,1,0.3,0.75,0.49112789987789984,3.85,3.0,0.7947368421052632,0.2618421052631579,-0.3146945894679831,0.10896644027563082,-0.48090196254791717,0.1732504052197135,0.16620737307993405,20,380,dev_speakers,-0.19796393107434085,0.007894736842105263,0.2
JVS_JVSMuSiC,wavlm_l12,12,89,oas_whitened_cosine_raw,oas_whitened_cosine,pooled_train_midpoint,none,OAS,0.02886910981120594,,jvs001;jvs002;jvs003;jvs005;jvs008;jvs009;jvs010;jvs013;jvs014;jvs015;jvs016;jvs018;jvs019;jvs021;jvs024;jvs025;jvs026;jvs028;jvs029;jvs030;jvs031;jvs033;jvs036;jvs037;jvs038;jvs042;jvs043;jvs044;jvs046;jvs047;jvs049;jvs052;jvs054;jvs056;jvs058;jvs060;jvs061;jvs063;jvs064;jvs065;jvs067;jvs071;jvs072;jvs073;jvs074;jvs076;jvs078;jvs079;jvs080;jvs081;jvs083;jvs084;jvs085;jvs086;jvs091;jvs094;jvs095;jvs096;jvs099;jvs100,jvs020;jvs022;jvs034;jvs039;jvs040;jvs041;jvs045;jvs048;jvs051;jvs053;jvs055;jvs069;jvs070;jvs077;jvs082;jvs087;jvs088;jvs090;jvs093;jvs098,jvs004;jvs006;jvs007;jvs011;jvs012;jvs017;jvs023;jvs027;jvs032;jvs035;jvs050;jvs057;jvs059;jvs062;jvs066;jvs068;jvs075;jvs089;jvs092;jvs097,25638ef4143116c3b2c0,m2_oas_whitened_cosine,0,0.7,1.0,0.8083333333333332,1.6,1.0,0.955,0.14605263157894738,0.16832083640760293,0.0621733994921934,0.009279826572318864,0.07343773962528984,0.15904100983528408,20,380,dev_speakers,0.15254013388794763,0.007894736842105263,0.55
JVS_JVSMuSiC,wavlm_l12,12,89,oas_whitened_cosine_query,oas_whitened_cosine,pooled_train_midpoint,query,OAS,0.02886910981120594,,jvs001;jvs002;jvs003;jvs005;jvs008;jvs009;jvs010;jvs013;jvs014;jvs015;jvs016;jvs018;jvs019;jvs021;jvs024;jvs025;jvs026;jvs028;jvs029;jvs030;jvs031;jvs033;jvs036;jvs037;jvs038;jvs042;jvs043;jvs044;jvs046;jvs047;jvs049;jvs052;jvs054;jvs056;jvs058;jvs060;jvs061;jvs063;jvs064;jvs065;jvs067;jvs071;jvs072;jvs073;jvs074;jvs076;jvs078;jvs079;jvs080;jvs081;jvs083;jvs084;jvs085;jvs086;jvs091;jvs094;jvs095;jvs096;jvs099;jvs100,jvs020;jvs022;jvs034;jvs039;jvs040;jvs041;jvs045;jvs048;jvs051;jvs053;jvs055;jvs069;jvs070;jvs077;jvs082;jvs087;jvs088;jvs090;jvs093;jvs098,jvs004;jvs006;jvs007;jvs011;jvs012;jvs017;jvs023;jvs027;jvs032;jvs035;jvs050;jvs057;jvs059;jvs062;jvs066;jvs068;jvs075;jvs089;jvs092;jvs097,25638ef4143116c3b2c0,m2_oas_whitened_cosine,1,0.7,1.0,0.8083333333333332,1.6,1.0,0.9552631578947368,0.14605263157894738,0.16960679897695824,0.06215227304659134,0.010565715759438024,0.0734449290737689,0.15904108321752022,20,380,dev_speakers,0.15419361292158068,0.007894736842105263,0.55
JVS_JVSMuSiC,wavlm_l12,12,89,oas_mahalanobis_raw,oas_mahalanobis,origin_invariant,none,OAS,0.02886910981120594,,jvs001;jvs002;jvs003;jvs005;jvs008;jvs009;jvs010;jvs013;jvs014;jvs015;jvs016;jvs018;jvs019;jvs021;jvs024;jvs025;jvs026;jvs028;jvs029;jvs030;jvs031;jvs033;jvs036;jvs037;jvs038;jvs042;jvs043;jvs044;jvs046;jvs047;jvs049;jvs052;jvs054;jvs056;jvs058;jvs060;jvs061;jvs063;jvs064;jvs065;jvs067;jvs071;jvs072;jvs073;jvs074;jvs076;jvs078;jvs079;jvs080;jvs081;jvs083;jvs084;jvs085;jvs086;jvs091;jvs094;jvs095;jvs096;jvs099;jvs100,jvs020;jvs022;jvs034;jvs039;jvs040;jvs041;jvs045;jvs048;jvs051;jvs053;jvs055;jvs069;jvs070;jvs077;jvs082;jvs087;jvs088;jvs090;jvs093;jvs098,jvs004;jvs006;jvs007;jvs011;jvs012;jvs017;jvs023;jvs027;jvs032;jvs035;jvs050;jvs057;jvs059;jvs062;jvs066;jvs068;jvs075;jvs089;jvs092;jvs097,25638ef4143116c3b2c0,m4_oas_mahalanobis,0,0.25,0.55,0.3838935574229692,6.0,5.0,0.7213157894736842,0.3,-3362.463830511109,656.3821335780452,-3887.916980275062,738.8813322998801,525.4531497639532,20,380,dev_speakers,-2274.9007681217045,0.007894736842105263,0.0
JVS_JVSMuSiC,wavlm_l12,12,89,oas_mahalanobis_query,oas_mahalanobis,origin_invariant,query,OAS,0.02886910981120594,,jvs001;jvs002;jvs003;jvs005;jvs008;jvs009;jvs010;jvs013;jvs014;jvs015;jvs016;jvs018;jvs019;jvs021;jvs024;jvs025;jvs026;jvs028;jvs029;jvs030;jvs031;jvs033;jvs036;jvs037;jvs038;jvs042;jvs043;jvs044;jvs046;jvs047;jvs049;jvs052;jvs054;jvs056;jvs058;jvs060;jvs061;jvs063;jvs064;jvs065;jvs067;jvs071;jvs072;jvs073;jvs074;jvs076;jvs078;jvs079;jvs080;jvs081;jvs083;jvs084;jvs085;jvs086;jvs091;jvs094;jvs095;jvs096;jvs099;jvs100,jvs020;jvs022;jvs034;jvs039;jvs040;jvs041;jvs045;jvs048;jvs051;jvs053;jvs055;jvs069;jvs070;jvs077;jvs082;jvs087;jvs088;jvs090;jvs093;jvs098,jvs004;jvs006;jvs007;jvs011;jvs012;jvs017;jvs023;jvs027;jvs032;jvs035;jvs050;jvs057;jvs059;jvs062;jvs066;jvs068;jvs075;jvs089;jvs092;jvs097,25638ef4143116c3b2c0,m4_oas_mahalanobis,1,0.25,0.55,0.3838935574229692,6.0,5.0,0.7214473684210526,0.3,-3358.4254084949616,656.4647477367266,-3883.878558259054,739.0268672924701,525.4531497640924,20,380,dev_speakers,-2270.441620853264,0.007894736842105263,0.0
JVS_JVSMuSiC,wavlm_l12,12,89,lda_cosine_raw,lda_cosine,lda_internal_centering,none,LDA_analytic_OAS_shrinkage,1.0,59,jvs001;jvs002;jvs003;jvs005;jvs008;jvs009;jvs010;jvs013;jvs014;jvs015;jvs016;jvs018;jvs019;jvs021;jvs024;jvs025;jvs026;jvs028;jvs029;jvs030;jvs031;jvs033;jvs036;jvs037;jvs038;jvs042;jvs043;jvs044;jvs046;jvs047;jvs049;jvs052;jvs054;jvs056;jvs058;jvs060;jvs061;jvs063;jvs064;jvs065;jvs067;jvs071;jvs072;jvs073;jvs074;jvs076;jvs078;jvs079;jvs080;jvs081;jvs083;jvs084;jvs085;jvs086;jvs091;jvs094;jvs095;jvs096;jvs099;jvs100,jvs020;jvs022;jvs034;jvs039;jvs040;jvs041;jvs045;jvs048;jvs051;jvs053;jvs055;jvs069;jvs070;jvs077;jvs082;jvs087;jvs088;jvs090;jvs093;jvs098,jvs004;jvs006;jvs007;jvs011;jvs012;jvs017;jvs023;jvs027;jvs032;jvs035;jvs050;jvs057;jvs059;jvs062;jvs066;jvs068;jvs075;jvs089;jvs092;jvs097,c1ff9d3c72c46c578bb1,m5_lda_cosine_k59,0,0.25,0.85,0.4899621212121213,3.25,3.0,0.8823684210526316,0.2,0.2523636651209472,0.12350623651490295,0.010809793616313563,0.16335987539342336,0.24155387150463364,20,380,dev_speakers,0.39315259286544385,0.007894736842105263,0.15
JVS_JVSMuSiC,wavlm_l12,12,89,lda_cosine_query,lda_cosine,lda_internal_centering,query,LDA_analytic_OAS_shrinkage,1.0,59,jvs001;jvs002;jvs003;jvs005;jvs008;jvs009;jvs010;jvs013;jvs014;jvs015;jvs016;jvs018;jvs019;jvs021;jvs024;jvs025;jvs026;jvs028;jvs029;jvs030;jvs031;jvs033;jvs036;jvs037;jvs038;jvs042;jvs043;jvs044;jvs046;jvs047;jvs049;jvs052;jvs054;jvs056;jvs058;jvs060;jvs061;jvs063;jvs064;jvs065;jvs067;jvs071;jvs072;jvs073;jvs074;jvs076;jvs078;jvs079;jvs080;jvs081;jvs083;jvs084;jvs085;jvs086;jvs091;jvs094;jvs095;jvs096;jvs099;jvs100,jvs020;jvs022;jvs034;jvs039;jvs040;jvs041;jvs045;jvs048;jvs051;jvs053;jvs055;jvs069;jvs070;jvs077;jvs082;jvs087;jvs088;jvs090;jvs093;jvs098,jvs004;jvs006;jvs007;jvs011;jvs012;jvs017;jvs023;jvs027;jvs032;jvs035;jvs050;jvs057;jvs059;jvs062;jvs066;jvs068;jvs075;jvs089;jvs092;jvs097,c1ff9d3c72c46c578bb1,m5_lda_cosine_k59,1,0.25,0.85,0.4899621212121213,3.25,3.0,0.8823684210526316,0.2,0.2525094541114544,0.12370490460580909,0.010924693029914943,0.1633677040092749,0.24158476108153948,20,380,dev_speakers,0.3931893558008065,0.007894736842105263,0.15
JVS_JVSMuSiC,wavlm_l12,12,97,cos_o0_none,cosine,zero,none,none,,,jvs003;jvs004;jvs005;jvs006;jvs007;jvs008;jvs009;jvs010;jvs011;jvs013;jvs014;jvs015;jvs017;jvs018;jvs021;jvs022;jvs023;jvs024;jvs026;jvs029;jvs030;jvs032;jvs034;jvs035;jvs037;jvs038;jvs039;jvs040;jvs043;jvs045;jvs048;jvs049;jvs050;jvs051;jvs052;jvs054;jvs055;jvs057;jvs058;jvs059;jvs066;jvs067;jvs068;jvs069;jvs072;jvs073;jvs074;jvs077;jvs080;jvs081;jvs082;jvs083;jvs086;jvs087;jvs089;jvs090;jvs093;jvs094;jvs096;jvs099,jvs001;jvs002;jvs012;jvs016;jvs027;jvs036;jvs042;jvs053;jvs061;jvs065;jvs070;jvs071;jvs075;jvs076;jvs079;jvs084;jvs091;jvs092;jvs095;jvs098,jvs019;jvs020;jvs025;jvs028;jvs031;jvs033;jvs041;jvs044;jvs046;jvs047;jvs056;jvs060;jvs062;jvs063;jvs064;jvs078;jvs085;jvs088;jvs097;jvs100,9497c8b0cca28b27fc83,m1_o0,0,0.1,0.5,0.2492413346457464,8.55,8.0,0.6089473684210527,0.43947368421052635,0.9712024784525349,0.006171157452074685,0.9690618368917768,0.006009893293222748,0.0021406415607581053,20,380,dev_speakers,0.9827568893786243,0.007894736842105263,0.0
JVS_JVSMuSiC,wavlm_l12,12,97,cos_o0_query,cosine,zero,query,none,,,jvs003;jvs004;jvs005;jvs006;jvs007;jvs008;jvs009;jvs010;jvs011;jvs013;jvs014;jvs015;jvs017;jvs018;jvs021;jvs022;jvs023;jvs024;jvs026;jvs029;jvs030;jvs032;jvs034;jvs035;jvs037;jvs038;jvs039;jvs040;jvs043;jvs045;jvs048;jvs049;jvs050;jvs051;jvs052;jvs054;jvs055;jvs057;jvs058;jvs059;jvs066;jvs067;jvs068;jvs069;jvs072;jvs073;jvs074;jvs077;jvs080;jvs081;jvs082;jvs083;jvs086;jvs087;jvs089;jvs090;jvs093;jvs094;jvs096;jvs099,jvs001;jvs002;jvs012;jvs016;jvs027;jvs036;jvs042;jvs053;jvs061;jvs065;jvs070;jvs071;jvs075;jvs076;jvs079;jvs084;jvs091;jvs092;jvs095;jvs098,jvs019;jvs020;jvs025;jvs028;jvs031;jvs033;jvs041;jvs044;jvs046;jvs047;jvs056;jvs060;jvs062;jvs063;jvs064;jvs078;jvs085;jvs088;jvs097;jvs100,9497c8b0cca28b27fc83,m1_o0,1,0.3,0.7,0.4906349206349206,4.4,3.0,0.8105263157894737,0.2934210526315789,0.9954864144505132,0.0012111657541791366,0.9933997892821604,0.0020184099233256955,0.0020866251683527848,20,380,dev_speakers,0.9970554747750625,0.007894736842105263,0.1
JVS_JVSMuSiC,wavlm_l12,12,97,cos_o0_sym,cosine,zero,symmetric,none,,,jvs003;jvs004;jvs005;jvs006;jvs007;jvs008;jvs009;jvs010;jvs011;jvs013;jvs014;jvs015;jvs017;jvs018;jvs021;jvs022;jvs023;jvs024;jvs026;jvs029;jvs030;jvs032;jvs034;jvs035;jvs037;jvs038;jvs039;jvs040;jvs043;jvs045;jvs048;jvs049;jvs050;jvs051;jvs052;jvs054;jvs055;jvs057;jvs058;jvs059;jvs066;jvs067;jvs068;jvs069;jvs072;jvs073;jvs074;jvs077;jvs080;jvs081;jvs082;jvs083;jvs086;jvs087;jvs089;jvs090;jvs093;jvs094;jvs096;jvs099,jvs001;jvs002;jvs012;jvs016;jvs027;jvs036;jvs042;jvs053;jvs061;jvs065;jvs070;jvs071;jvs075;jvs076;jvs079;jvs084;jvs091;jvs092;jvs095;jvs098,jvs019;jvs020;jvs025;jvs028;jvs031;jvs033;jvs041;jvs044;jvs046;jvs047;jvs056;jvs060;jvs062;jvs063;jvs064;jvs078;jvs085;jvs088;jvs097;jvs100,9497c8b0cca28b27fc83,m1_o0_sym,1,0.3,0.7,0.48988095238095236,4.45,3.0,0.8093421052631579,0.29605263157894735,0.9952876526622569,0.001275820095194447,0.9931161516736435,0.002109368257984068,0.0021715009886134062,20,380,dev_speakers,0.9969338917728385,0.007894736842105263,0.1
JVS_JVSMuSiC,wavlm_l12,12,97,cos_om_none,cosine,pooled_train_midpoint,none,none,,,jvs003;jvs004;jvs005;jvs006;jvs007;jvs008;jvs009;jvs010;jvs011;jvs013;jvs014;jvs015;jvs017;jvs018;jvs021;jvs022;jvs023;jvs024;jvs026;jvs029;jvs030;jvs032;jvs034;jvs035;jvs037;jvs038;jvs039;jvs040;jvs043;jvs045;jvs048;jvs049;jvs050;jvs051;jvs052;jvs054;jvs055;jvs057;jvs058;jvs059;jvs066;jvs067;jvs068;jvs069;jvs072;jvs073;jvs074;jvs077;jvs080;jvs081;jvs082;jvs083;jvs086;jvs087;jvs089;jvs090;jvs093;jvs094;jvs096;jvs099,jvs001;jvs002;jvs012;jvs016;jvs027;jvs036;jvs042;jvs053;jvs061;jvs065;jvs070;jvs071;jvs075;jvs076;jvs079;jvs084;jvs091;jvs092;jvs095;jvs098,jvs019;jvs020;jvs025;jvs028;jvs031;jvs033;jvs041;jvs044;jvs046;jvs047;jvs056;jvs060;jvs062;jvs063;jvs064;jvs078;jvs085;jvs088;jvs097;jvs100,9497c8b0cca28b27fc83,m1_om,0,0.2,0.6,0.39684398934398935,5.15,3.0,0.7477631578947368,0.3,-0.5320988090722473,0.14646021057632175,-0.6473662876506672,0.11036831435655575,0.1152674785784199,20,380,dev_speakers,-0.07016535420938692,0.007894736842105263,0.05
JVS_JVSMuSiC,wavlm_l12,12,97,cos_om_query,cosine,pooled_train_midpoint,query,none,,,jvs003;jvs004;jvs005;jvs006;jvs007;jvs008;jvs009;jvs010;jvs011;jvs013;jvs014;jvs015;jvs017;jvs018;jvs021;jvs022;jvs023;jvs024;jvs026;jvs029;jvs030;jvs032;jvs034;jvs035;jvs037;jvs038;jvs039;jvs040;jvs043;jvs045;jvs048;jvs049;jvs050;jvs051;jvs052;jvs054;jvs055;jvs057;jvs058;jvs059;jvs066;jvs067;jvs068;jvs069;jvs072;jvs073;jvs074;jvs077;jvs080;jvs081;jvs082;jvs083;jvs086;jvs087;jvs089;jvs090;jvs093;jvs094;jvs096;jvs099,jvs001;jvs002;jvs012;jvs016;jvs027;jvs036;jvs042;jvs053;jvs061;jvs065;jvs070;jvs071;jvs075;jvs076;jvs079;jvs084;jvs091;jvs092;jvs095;jvs098,jvs019;jvs020;jvs025;jvs028;jvs031;jvs033;jvs041;jvs044;jvs046;jvs047;jvs056;jvs060;jvs062;jvs063;jvs064;jvs078;jvs085;jvs088;jvs097;jvs100,9497c8b0cca28b27fc83,m1_om,1,0.5,0.75,0.6011011904761905,4.1,1.5,0.809078947368421,0.25,0.7618088087864121,0.06215519297751696,0.6493298098710208,0.1114837363372901,0.11247899891539126,20,380,dev_speakers,0.86001756144422,0.007894736842105263,0.05
JVS_JVSMuSiC,wavlm_l12,12,97,cos_om_sym,cosine,pooled_train_midpoint,symmetric,none,,,jvs003;jvs004;jvs005;jvs006;jvs007;jvs008;jvs009;jvs010;jvs011;jvs013;jvs014;jvs015;jvs017;jvs018;jvs021;jvs022;jvs023;jvs024;jvs026;jvs029;jvs030;jvs032;jvs034;jvs035;jvs037;jvs038;jvs039;jvs040;jvs043;jvs045;jvs048;jvs049;jvs050;jvs051;jvs052;jvs054;jvs055;jvs057;jvs058;jvs059;jvs066;jvs067;jvs068;jvs069;jvs072;jvs073;jvs074;jvs077;jvs080;jvs081;jvs082;jvs083;jvs086;jvs087;jvs089;jvs090;jvs093;jvs094;jvs096;jvs099,jvs001;jvs002;jvs012;jvs016;jvs027;jvs036;jvs042;jvs053;jvs061;jvs065;jvs070;jvs071;jvs075;jvs076;jvs079;jvs084;jvs091;jvs092;jvs095;jvs098,jvs019;jvs020;jvs025;jvs028;jvs031;jvs033;jvs041;jvs044;jvs046;jvs047;jvs056;jvs060;jvs062;jvs063;jvs064;jvs078;jvs085;jvs088;jvs097;jvs100,9497c8b0cca28b27fc83,m1_om_sym,1,0.45,0.95,0.6571428571428571,2.15,2.0,0.9296052631578947,0.15,0.34526621780334865,0.12901674778951736,0.007959579246531609,0.17969846011405308,0.33730663855681703,20,380,dev_speakers,0.5226850602797304,0.007894736842105263,0.05
JVS_JVSMuSiC,wavlm_l12,12,97,euclidean_raw,euclidean,origin_invariant,none,none,,,jvs003;jvs004;jvs005;jvs006;jvs007;jvs008;jvs009;jvs010;jvs011;jvs013;jvs014;jvs015;jvs017;jvs018;jvs021;jvs022;jvs023;jvs024;jvs026;jvs029;jvs030;jvs032;jvs034;jvs035;jvs037;jvs038;jvs039;jvs040;jvs043;jvs045;jvs048;jvs049;jvs050;jvs051;jvs052;jvs054;jvs055;jvs057;jvs058;jvs059;jvs066;jvs067;jvs068;jvs069;jvs072;jvs073;jvs074;jvs077;jvs080;jvs081;jvs082;jvs083;jvs086;jvs087;jvs089;jvs090;jvs093;jvs094;jvs096;jvs099,jvs001;jvs002;jvs012;jvs016;jvs027;jvs036;jvs042;jvs053;jvs061;jvs065;jvs070;jvs071;jvs075;jvs076;jvs079;jvs084;jvs091;jvs092;jvs095;jvs098,jvs019;jvs020;jvs025;jvs028;jvs031;jvs033;jvs041;jvs044;jvs046;jvs047;jvs056;jvs060;jvs062;jvs063;jvs064;jvs078;jvs085;jvs088;jvs097;jvs100,9497c8b0cca28b27fc83,m3_euclidean,0,0.1,0.4,0.24383595055615176,8.75,9.0,0.604078947368421,0.4407894736842105,-2.105187278936208,0.458374327098345,-2.2604188624880206,0.45319825527114843,0.15523158355181277,20,380,dev_speakers,-1.228654916889269,0.007894736842105263,0.0
JVS_JVSMuSiC,wavlm_l12,12,97,euclidean_query,euclidean,origin_invariant,query,none,,,jvs003;jvs004;jvs005;jvs006;jvs007;jvs008;jvs009;jvs010;jvs011;jvs013;jvs014;jvs015;jvs017;jvs018;jvs021;jvs022;jvs023;jvs024;jvs026;jvs029;jvs030;jvs032;jvs034;jvs035;jvs037;jvs038;jvs039;jvs040;jvs043;jvs045;jvs048;jvs049;jvs050;jvs051;jvs052;jvs054;jvs055;jvs057;jvs058;jvs059;jvs066;jvs067;jvs068;jvs069;jvs072;jvs073;jvs074;jvs077;jvs080;jvs081;jvs082;jvs083;jvs086;jvs087;jvs089;jvs090;jvs093;jvs094;jvs096;jvs099,jvs001;jvs002;jvs012;jvs016;jvs027;jvs036;jvs042;jvs053;jvs061;jvs065;jvs070;jvs071;jvs075;jvs076;jvs079;jvs084;jvs091;jvs092;jvs095;jvs098,jvs019;jvs020;jvs025;jvs028;jvs031;jvs033;jvs041;jvs044;jvs046;jvs047;jvs056;jvs060;jvs062;jvs063;jvs064;jvs078;jvs085;jvs088;jvs097;jvs100,9497c8b0cca28b27fc83,m3_euclidean,1,0.3,0.7,0.48773809523809525,4.6,3.0,0.8071052631578948,0.3,-0.33687199740690515,0.09107534687433111,-0.49210358095872125,0.15255544971381893,0.1552315835518161,20,380,dev_speakers,-0.22480077877709448,0.007894736842105263,0.1
JVS_JVSMuSiC,wavlm_l12,12,97,oas_whitened_cosine_raw,oas_whitened_cosine,pooled_train_midpoint,none,OAS,0.027804219753504895,,jvs003;jvs004;jvs005;jvs006;jvs007;jvs008;jvs009;jvs010;jvs011;jvs013;jvs014;jvs015;jvs017;jvs018;jvs021;jvs022;jvs023;jvs024;jvs026;jvs029;jvs030;jvs032;jvs034;jvs035;jvs037;jvs038;jvs039;jvs040;jvs043;jvs045;jvs048;jvs049;jvs050;jvs051;jvs052;jvs054;jvs055;jvs057;jvs058;jvs059;jvs066;jvs067;jvs068;jvs069;jvs072;jvs073;jvs074;jvs077;jvs080;jvs081;jvs082;jvs083;jvs086;jvs087;jvs089;jvs090;jvs093;jvs094;jvs096;jvs099,jvs001;jvs002;jvs012;jvs016;jvs027;jvs036;jvs042;jvs053;jvs061;jvs065;jvs070;jvs071;jvs075;jvs076;jvs079;jvs084;jvs091;jvs092;jvs095;jvs098,jvs019;jvs020;jvs025;jvs028;jvs031;jvs033;jvs041;jvs044;jvs046;jvs047;jvs056;jvs060;jvs062;jvs063;jvs064;jvs078;jvs085;jvs088;jvs097;jvs100,5920ed70106029e803bb,m2_oas_whitened_cosine,0,0.65,0.95,0.7671428571428571,1.95,1.0,0.9451315789473684,0.15,0.1934513541927403,0.08627642104510294,0.006224169656153949,0.07879992346398601,0.18722718453658635,20,380,dev_speakers,0.16771988149792244,0.007894736842105263,0.6
JVS_JVSMuSiC,wavlm_l12,12,97,oas_whitened_cosine_query,oas_whitened_cosine,pooled_train_midpoint,query,OAS,0.027804219753504895,,jvs003;jvs004;jvs005;jvs006;jvs007;jvs008;jvs009;jvs010;jvs011;jvs013;jvs014;jvs015;jvs017;jvs018;jvs021;jvs022;jvs023;jvs024;jvs026;jvs029;jvs030;jvs032;jvs034;jvs035;jvs037;jvs038;jvs039;jvs040;jvs043;jvs045;jvs048;jvs049;jvs050;jvs051;jvs052;jvs054;jvs055;jvs057;jvs058;jvs059;jvs066;jvs067;jvs068;jvs069;jvs072;jvs073;jvs074;jvs077;jvs080;jvs081;jvs082;jvs083;jvs086;jvs087;jvs089;jvs090;jvs093;jvs094;jvs096;jvs099,jvs001;jvs002;jvs012;jvs016;jvs027;jvs036;jvs042;jvs053;jvs061;jvs065;jvs070;jvs071;jvs075;jvs076;jvs079;jvs084;jvs091;jvs092;jvs095;jvs098,jvs019;jvs020;jvs025;jvs028;jvs031;jvs033;jvs041;jvs044;jvs046;jvs047;jvs056;jvs060;jvs062;jvs063;jvs064;jvs078;jvs085;jvs088;jvs097;jvs100,5920ed70106029e803bb,m2_oas_whitened_cosine,1,0.65,0.95,0.7671428571428571,1.95,1.0,0.9451315789473684,0.15,0.19458101187695456,0.08617045080387116,0.007342151597976162,0.07879562623830463,0.1872388602789784,20,380,dev_speakers,0.16823251266940603,0.007894736842105263,0.6
JVS_JVSMuSiC,wavlm_l12,12,97,oas_mahalanobis_raw,oas_mahalanobis,origin_invariant,none,OAS,0.027804219753504895,,jvs003;jvs004;jvs005;jvs006;jvs007;jvs008;jvs009;jvs010;jvs011;jvs013;jvs014;jvs015;jvs017;jvs018;jvs021;jvs022;jvs023;jvs024;jvs026;jvs029;jvs030;jvs032;jvs034;jvs035;jvs037;jvs038;jvs039;jvs040;jvs043;jvs045;jvs048;jvs049;jvs050;jvs051;jvs052;jvs054;jvs055;jvs057;jvs058;jvs059;jvs066;jvs067;jvs068;jvs069;jvs072;jvs073;jvs074;jvs077;jvs080;jvs081;jvs082;jvs083;jvs086;jvs087;jvs089;jvs090;jvs093;jvs094;jvs096;jvs099,jvs001;jvs002;jvs012;jvs016;jvs027;jvs036;jvs042;jvs053;jvs061;jvs065;jvs070;jvs071;jvs075;jvs076;jvs079;jvs084;jvs091;jvs092;jvs095;jvs098,jvs019;jvs020;jvs025;jvs028;jvs031;jvs033;jvs041;jvs044;jvs046;jvs047;jvs056;jvs060;jvs062;jvs063;jvs064;jvs078;jvs085;jvs088;jvs097;jvs100,5920ed70106029e803bb,m4_oas_mahalanobis,0,0.2,0.5,0.3465666226618239,6.75,5.5,0.7132894736842105,0.3486842105263158,-3867.0734160426073,969.9664940333158,-4572.856180107515,1031.2482288801598,705.7827640649075,20,380,dev_speakers,-2682.604527689982,0.007894736842105263,0.05
JVS_JVSMuSiC,wavlm_l12,12,97,oas_mahalanobis_query,oas_mahalanobis,origin_invariant,query,OAS,0.027804219753504895,,jvs003;jvs004;jvs005;jvs006;jvs007;jvs008;jvs009;jvs010;jvs011;jvs013;jvs014;jvs015;jvs017;jvs018;jvs021;jvs022;jvs023;jvs024;jvs026;jvs029;jvs030;jvs032;jvs034;jvs035;jvs037;jvs038;jvs039;jvs040;jvs043;jvs045;jvs048;jvs049;jvs050;jvs051;jvs052;jvs054;jvs055;jvs057;jvs058;jvs059;jvs066;jvs067;jvs068;jvs069;jvs072;jvs073;jvs074;jvs077;jvs080;jvs081;jvs082;jvs083;jvs086;jvs087;jvs089;jvs090;jvs093;jvs094;jvs096;jvs099,jvs001;jvs002;jvs012;jvs016;jvs027;jvs036;jvs042;jvs053;jvs061;jvs065;jvs070;jvs071;jvs075;jvs076;jvs079;jvs084;jvs091;jvs092;jvs095;jvs098,jvs019;jvs020;jvs025;jvs028;jvs031;jvs033;jvs041;jvs044;jvs046;jvs047;jvs056;jvs060;jvs062;jvs063;jvs064;jvs078;jvs085;jvs088;jvs097;jvs100,5920ed70106029e803bb,m4_oas_mahalanobis,1,0.2,0.5,0.3465666226618239,6.75,5.5,0.713421052631579,0.34736842105263155,-3863.1470283664066,970.0823352145125,-4568.929792431327,1031.371922826653,705.7827640649202,20,380,dev_speakers,-2678.662821697071,0.007894736842105263,0.05
JVS_JVSMuSiC,wavlm_l12,12,97,lda_cosine_raw,lda_cosine,lda_internal_centering,none,LDA_analytic_OAS_shrinkage,1.0,59,jvs003;jvs004;jvs005;jvs006;jvs007;jvs008;jvs009;jvs010;jvs011;jvs013;jvs014;jvs015;jvs017;jvs018;jvs021;jvs022;jvs023;jvs024;jvs026;jvs029;jvs030;jvs032;jvs034;jvs035;jvs037;jvs038;jvs039;jvs040;jvs043;jvs045;jvs048;jvs049;jvs050;jvs051;jvs052;jvs054;jvs055;jvs057;jvs058;jvs059;jvs066;jvs067;jvs068;jvs069;jvs072;jvs073;jvs074;jvs077;jvs080;jvs081;jvs082;jvs083;jvs086;jvs087;jvs089;jvs090;jvs093;jvs094;jvs096;jvs099,jvs001;jvs002;jvs012;jvs016;jvs027;jvs036;jvs042;jvs053;jvs061;jvs065;jvs070;jvs071;jvs075;jvs076;jvs079;jvs084;jvs091;jvs092;jvs095;jvs098,jvs019;jvs020;jvs025;jvs028;jvs031;jvs033;jvs041;jvs044;jvs046;jvs047;jvs056;jvs060;jvs062;jvs063;jvs064;jvs078;jvs085;jvs088;jvs097;jvs100,5c53e92730dea750693d,m5_lda_cosine_k59,0,0.55,0.85,0.6846428571428571,2.6,1.0,0.9023684210526316,0.19342105263157894,0.2650225599845364,0.13603848699583998,-0.00035177727711033165,0.15985582393853057,0.2653743372616467,20,380,dev_speakers,0.3945018267263488,0.007894736842105263,0.2
JVS_JVSMuSiC,wavlm_l12,12,97,lda_cosine_query,lda_cosine,lda_internal_centering,query,LDA_analytic_OAS_shrinkage,1.0,59,jvs003;jvs004;jvs005;jvs006;jvs007;jvs008;jvs009;jvs010;jvs011;jvs013;jvs014;jvs015;jvs017;jvs018;jvs021;jvs022;jvs023;jvs024;jvs026;jvs029;jvs030;jvs032;jvs034;jvs035;jvs037;jvs038;jvs039;jvs040;jvs043;jvs045;jvs048;jvs049;jvs050;jvs051;jvs052;jvs054;jvs055;jvs057;jvs058;jvs059;jvs066;jvs067;jvs068;jvs069;jvs072;jvs073;jvs074;jvs077;jvs080;jvs081;jvs082;jvs083;jvs086;jvs087;jvs089;jvs090;jvs093;jvs094;jvs096;jvs099,jvs001;jvs002;jvs012;jvs016;jvs027;jvs036;jvs042;jvs053;jvs061;jvs065;jvs070;jvs071;jvs075;jvs076;jvs079;jvs084;jvs091;jvs092;jvs095;jvs098,jvs019;jvs020;jvs025;jvs028;jvs031;jvs033;jvs041;jvs044;jvs046;jvs047;jvs056;jvs060;jvs062;jvs063;jvs064;jvs078;jvs085;jvs088;jvs097;jvs100,5c53e92730dea750693d,m5_lda_cosine_k59,1,0.5,0.85,0.6596428571428572,2.65,1.5,0.901578947368421,0.19210526315789472,0.26444303787040835,0.13601694465986947,-0.0008960104806484623,0.15980757396316692,0.2653390483510568,20,380,dev_speakers,0.3943806228385381,0.007894736842105263,0.2
