dataset,model,layer,split_seed,backend,shrinkage,alignment,R1,R5,MRR,mean_rank,median_rank,ROC_AUC,EER,genuine_mean,genuine_sd,impostor_mean,impostor_sd,margin,n_genuine,n_impostor,calibration_source,calibration_threshold,achieved_calibration_FMR,TMR_FMR1
JVS_JVSMuSiC,wavlm_l12,12,13,whitened_cosine,0.1,raw,0.8,1.0,0.8666666666666668,1.45,1.0,0.9794736842105263,0.09473684210526316,0.21232455730385813,0.07258348323785097,0.001594423970452459,0.07679225823116169,0.21073013333340568,20,380,sensitivity_no_threshold,nan,nan,nan
JVS_JVSMuSiC,wavlm_l12,12,13,whitened_cosine,0.1,query,0.8,1.0,0.8666666666666668,1.45,1.0,0.9793421052631579,0.09473684210526316,0.2163547943202399,0.07230642632546125,0.005644495144842255,0.07668994473626771,0.21071029917539766,20,380,sensitivity_no_threshold,nan,nan,nan
JVS_JVSMuSiC,wavlm_l12,12,13,mahalanobis,0.1,raw,0.3,0.4,0.4009033327783328,7.25,7.5,0.6905263157894737,0.3526315789473684,-1171.2896827809805,400.6130821025472,-1418.8292344669146,472.57140805666484,247.53955168593416,20,380,sensitivity_no_threshold,nan,nan,nan
JVS_JVSMuSiC,wavlm_l12,12,13,mahalanobis,0.1,query,0.3,0.4,0.4009033327783328,7.25,7.5,0.6902631578947368,0.3526315789473684,-1166.9248345581932,400.80723274053446,-1414.4643862442192,472.85047244979387,247.53955168602602,20,380,sensitivity_no_threshold,nan,nan,nan
JVS_JVSMuSiC,wavlm_l12,12,13,whitened_cosine,0.25,raw,0.8,1.0,0.875,1.35,1.0,0.9796052631578948,0.1,0.2215445905053671,0.08044392176495158,-0.0032789462396570148,0.07941493956824831,0.22482353674502412,20,380,sensitivity_no_threshold,nan,nan,nan
JVS_JVSMuSiC,wavlm_l12,12,13,whitened_cosine,0.25,query,0.8,1.0,0.875,1.35,1.0,0.98,0.1,0.2309971996722277,0.07983008697378843,0.0062196217640563605,0.07913749283060068,0.22477757790817135,20,380,sensitivity_no_threshold,nan,nan,nan
JVS_JVSMuSiC,wavlm_l12,12,13,mahalanobis,0.25,raw,0.35,0.45,0.4421085858585859,6.65,6.0,0.713421052631579,0.35,-572.8572859390872,189.15843524190385,-708.0043866582639,229.48229639533,135.1471007191767,20,380,sensitivity_no_threshold,nan,nan,nan
JVS_JVSMuSiC,wavlm_l12,12,13,mahalanobis,0.25,query,0.35,0.45,0.4421085858585859,6.65,6.0,0.7131578947368421,0.35,-567.6103711471281,189.3751472272836,-702.7574718663204,229.80474003295333,135.14710071919228,20,380,sensitivity_no_threshold,nan,nan,nan
JVS_JVSMuSiC,wavlm_l12,12,13,whitened_cosine,0.5,raw,0.7,1.0,0.8375,1.4,1.0,0.9805263157894737,0.08947368421052632,0.23221117340806657,0.09079456662057254,-0.01161805309983474,0.08431840279030073,0.24382922650790131,20,380,sensitivity_no_threshold,nan,nan,nan
JVS_JVSMuSiC,wavlm_l12,12,13,whitened_cosine,0.5,query,0.7,1.0,0.8291666666666666,1.45,1.0,0.9809210526315789,0.0881578947368421,0.2526354449184656,0.08958137050021318,0.008907098085652132,0.08361047430600888,0.2437283468328135,20,380,sensitivity_no_threshold,nan,nan,nan
JVS_JVSMuSiC,wavlm_l12,12,13,mahalanobis,0.5,raw,0.35,0.55,0.46290223665223673,6.1,3.5,0.7393421052631579,0.35,-379.25600129640225,121.83758497231592,-480.66616877054054,154.63552193625506,101.41016747413829,20,380,sensitivity_no_threshold,nan,nan,nan
JVS_JVSMuSiC,wavlm_l12,12,13,mahalanobis,0.5,query,0.35,0.55,0.46290223665223673,6.1,3.5,0.7396052631578948,0.35,-371.37714827323214,122.12921053816652,-472.78731574737986,155.0886472506914,101.41016747414773,20,380,sensitivity_no_threshold,nan,nan,nan
JVS_JVSMuSiC,wavlm_l12,12,13,whitened_cosine,0.75,raw,0.8,0.95,0.8729166666666668,1.55,1.0,0.9746052631578948,0.1,0.2406275909767288,0.1013685452899774,-0.024399109653260993,0.09218291356086229,0.2650267006299898,20,380,sensitivity_no_threshold,nan,nan,nan
JVS_JVSMuSiC,wavlm_l12,12,13,whitened_cosine,0.75,query,0.75,0.95,0.8488095238095237,1.55,1.0,0.9756578947368421,0.09342105263157896,0.2823105079747309,0.09893355621462016,0.01748660117461298,0.09055162864143414,0.2648239068001179,20,380,sensitivity_no_threshold,nan,nan,nan
JVS_JVSMuSiC,wavlm_l12,12,13,mahalanobis,0.75,raw,0.4,0.55,0.49932234432234424,5.45,3.0,0.7655263157894737,0.35,-354.9201872250211,111.00565254297602,-462.01384828622196,150.02965511172812,107.09366106120086,20,380,sensitivity_no_threshold,nan,nan,nan
JVS_JVSMuSiC,wavlm_l12,12,13,mahalanobis,0.75,query,0.4,0.55,0.49932234432234424,5.45,3.0,0.765,0.35,-339.21000375999284,111.48186847908863,-446.30366482119825,150.84172952678904,107.09366106120541,20,380,sensitivity_no_threshold,nan,nan,nan
JVS_JVSMuSiC,wavlm_l12,12,13,whitened_cosine,0.9,raw,0.85,0.95,0.9045454545454545,1.6,1.0,0.9678947368421053,0.1,0.23924787520882948,0.10815597766969264,-0.04591351635381885,0.10431509669913297,0.2851613915626483,20,380,sensitivity_no_threshold,nan,nan,nan
JVS_JVSMuSiC,wavlm_l12,12,13,whitened_cosine,0.9,query,0.9,0.95,0.93,1.5,1.0,0.9698684210526316,0.09210526315789475,0.3222570598941057,0.10318768516702,0.03747852744082803,0.10124702738238867,0.28477853245327767,20,380,sensitivity_no_threshold,nan,nan,nan
JVS_JVSMuSiC,wavlm_l12,12,13,mahalanobis,0.9,raw,0.35,0.7,0.5066269841269841,5.0,2.5,0.7882894736842105,0.3,-425.82010221262317,127.04606149464747,-567.2351605084252,182.30944374910146,141.41505829580205,20,380,sensitivity_no_threshold,nan,nan,nan
JVS_JVSMuSiC,wavlm_l12,12,13,mahalanobis,0.9,query,0.35,0.65,0.5037698412698413,5.1,2.5,0.7871052631578948,0.3,-387.153525527296,127.85190116067069,-528.5685838230982,183.99131265479545,141.41505829580217,20,380,sensitivity_no_threshold,nan,nan,nan
JVS_JVSMuSiC,wavlm_l12,12,13,whitened_cosine,0.99,raw,0.7,0.95,0.828125,2.0,1.0,0.9406578947368421,0.10263157894736842,0.1021516942829982,0.11550518820617489,-0.18861204023875988,0.13734172000146785,0.2907637345217581,20,380,sensitivity_no_threshold,nan,nan,nan
JVS_JVSMuSiC,wavlm_l12,12,13,whitened_cosine,0.99,query,0.6,0.95,0.7591666666666667,1.95,1.0,0.9542105263157895,0.14210526315789473,0.4698326883041827,0.09557436554488674,0.17945323795429544,0.1314826176554531,0.2903794503498872,20,380,sensitivity_no_threshold,nan,nan,nan
JVS_JVSMuSiC,wavlm_l12,12,13,mahalanobis,0.99,raw,0.4,0.8,0.5541334104492,4.35,2.0,0.8115789473684211,0.256578947368421,-897.5643398031752,193.21873968896236,-1175.716129988135,291.8343728903385,278.15179018495974,20,380,sensitivity_no_threshold,nan,nan,nan
JVS_JVSMuSiC,wavlm_l12,12,13,mahalanobis,0.99,query,0.45,0.85,0.6119687001594897,3.95,2.0,0.8315789473684211,0.23815789473684212,-563.081824610068,195.2473053450933,-841.2336147950285,298.661292741966,278.15179018496053,20,380,sensitivity_no_threshold,nan,nan,nan
JVS_JVSMuSiC,wavlm_l12,12,13,whitened_cosine,1.0,raw,0.1,0.55,0.3297268907563025,5.45,5.0,0.7764473684210527,0.3,-0.4981215281932395,0.13418476842969917,-0.6320076058924317,0.12644359599599153,0.13388607769919214,20,380,sensitivity_no_threshold,nan,nan,nan
JVS_JVSMuSiC,wavlm_l12,12,13,whitened_cosine,1.0,query,0.5,0.7,0.6031250000000001,4.25,1.5,0.8178947368421052,0.2618421052631579,0.7606972609261218,0.08423704902442383,0.6219789209697154,0.12726822176038965,0.13871833995640637,20,380,sensitivity_no_threshold,nan,nan,nan
JVS_JVSMuSiC,wavlm_l12,12,13,mahalanobis,1.0,raw,0.1,0.6,0.2597916666666667,7.6,5.0,0.6486842105263158,0.4,-4214.118139381091,629.5369585526238,-4616.777705135587,871.5602188060678,402.6595657544958,20,380,sensitivity_no_threshold,nan,nan,nan
JVS_JVSMuSiC,wavlm_l12,12,13,mahalanobis,1.0,query,0.45,0.85,0.5996794871794872,3.7,2.0,0.8435526315789473,0.2,-672.307728415876,247.30387475376108,-1074.967294170371,393.69784082639796,402.6595657544949,20,380,sensitivity_no_threshold,nan,nan,nan
JVS_JVSMuSiC,wavlm_l12,12,17,whitened_cosine,0.1,raw,0.8,0.95,0.8699999999999999,1.9,1.0,0.9601315789473684,0.1,0.19112221586397982,0.07383220243805817,0.004427289343058605,0.06897632392778742,0.1866949265209212,20,380,sensitivity_no_threshold,nan,nan,nan
JVS_JVSMuSiC,wavlm_l12,12,17,whitened_cosine,0.1,query,0.85,0.95,0.8949999999999999,1.85,1.0,0.9603947368421053,0.1,0.19524562728420516,0.07347592100013757,0.008555400356692435,0.06897876036116563,0.18669022692751272,20,380,sensitivity_no_threshold,nan,nan,nan
JVS_JVSMuSiC,wavlm_l12,12,17,mahalanobis,0.1,raw,0.3,0.55,0.43633403361344536,6.25,4.0,0.708421052631579,0.35,-1053.8232446052075,238.2980641510341,-1260.2007748260828,303.1442125109666,206.37753022087531,20,380,sensitivity_no_threshold,nan,nan,nan
JVS_JVSMuSiC,wavlm_l12,12,17,mahalanobis,0.1,query,0.3,0.55,0.43633403361344536,6.25,4.0,0.7082894736842106,0.35,-1049.6055261062108,238.39922990556184,-1255.9830563270511,303.2736632751607,206.3775302208403,20,380,sensitivity_no_threshold,nan,nan,nan
JVS_JVSMuSiC,wavlm_l12,12,17,whitened_cosine,0.25,raw,0.8,0.95,0.8708333333333332,1.75,1.0,0.9651315789473685,0.1,0.19656582178306464,0.07380025989897522,0.0030511234174220516,0.06809440902755831,0.19351469836564258,20,380,sensitivity_no_threshold,nan,nan,nan
JVS_JVSMuSiC,wavlm_l12,12,17,whitened_cosine,0.25,query,0.8,0.95,0.8708333333333332,1.75,1.0,0.9657894736842105,0.1,0.20635103814599712,0.07300462105740406,0.012845826080961343,0.06808961643558738,0.19350521206503576,20,380,sensitivity_no_threshold,nan,nan,nan
JVS_JVSMuSiC,wavlm_l12,12,17,mahalanobis,0.25,raw,0.35,0.55,0.45075919178860346,6.1,4.0,0.7280263157894736,0.35,-512.2072479318158,112.25232229086154,-619.5662348292234,143.85245395102558,107.35898689740759,20,380,sensitivity_no_threshold,nan,nan,nan
JVS_JVSMuSiC,wavlm_l12,12,17,mahalanobis,0.25,query,0.35,0.55,0.45075919178860346,6.1,4.0,0.7282894736842105,0.35,-507.1599677682272,112.38528715612011,-614.5189546656268,144.01855039386678,107.35898689739957,20,380,sensitivity_no_threshold,nan,nan,nan
JVS_JVSMuSiC,wavlm_l12,12,17,whitened_cosine,0.5,raw,0.85,0.95,0.8979166666666666,1.5,1.0,0.9717105263157895,0.1,0.2029653497161792,0.07476329151386683,-0.0004023033179285344,0.06940715280012283,0.20336765303410773,20,380,sensitivity_no_threshold,nan,nan,nan
JVS_JVSMuSiC,wavlm_l12,12,17,whitened_cosine,0.5,query,0.85,0.95,0.8979166666666666,1.5,1.0,0.9725,0.1,0.22431798889532412,0.07346976377444465,0.02093028073045015,0.06941676029861778,0.20338770816487398,20,380,sensitivity_no_threshold,nan,nan,nan
JVS_JVSMuSiC,wavlm_l12,12,17,mahalanobis,0.5,raw,0.35,0.65,0.49847564200505384,5.35,2.5,0.753421052631579,0.31052631578947365,-335.7629541345872,72.51572025994516,-411.91062710648623,90.18543647446849,76.14767297189906,20,380,sensitivity_no_threshold,nan,nan,nan
JVS_JVSMuSiC,wavlm_l12,12,17,mahalanobis,0.5,query,0.35,0.65,0.49847564200505384,5.35,2.5,0.7532894736842105,0.3118421052631579,-328.25162488856586,72.73992870723576,-404.39929786046275,90.45538757826418,76.1476729718969,20,380,sensitivity_no_threshold,nan,nan,nan
JVS_JVSMuSiC,wavlm_l12,12,17,whitened_cosine,0.75,raw,0.85,1.0,0.8891666666666665,1.45,1.0,0.9727631578947369,0.1105263157894737,0.20826358856084703,0.08039238014241001,-0.009290180398181398,0.07452683727595857,0.21755376895902842,20,380,sensitivity_no_threshold,nan,nan,nan
JVS_JVSMuSiC,wavlm_l12,12,17,whitened_cosine,0.75,query,0.85,1.0,0.8958333333333333,1.35,1.0,0.9726315789473684,0.1,0.25210309136090386,0.07901876916508196,0.03431105952143641,0.07481641235021906,0.21779203183946744,20,380,sensitivity_no_threshold,nan,nan,nan
JVS_JVSMuSiC,wavlm_l12,12,17,mahalanobis,0.75,raw,0.45,0.6,0.5592589763177999,5.1,2.0,0.7764473684210527,0.3,-310.426601009554,68.11159285390482,-387.8101057064537,80.46967172344316,77.3835046968997,20,380,sensitivity_no_threshold,nan,nan,nan
JVS_JVSMuSiC,wavlm_l12,12,17,mahalanobis,0.75,query,0.45,0.6,0.5588206646294882,5.1,2.0,0.775921052631579,0.3,-295.67200136819156,68.63857376777678,-373.0555060650793,81.02817184202198,77.38350469688777,20,380,sensitivity_no_threshold,nan,nan,nan
JVS_JVSMuSiC,wavlm_l12,12,17,whitened_cosine,0.9,raw,0.85,0.95,0.8895833333333332,1.55,1.0,0.9664473684210526,0.10131578947368422,0.20762246708246596,0.09001750800196788,-0.03079028029240716,0.08621554329442796,0.2384127473748731,20,380,sensitivity_no_threshold,nan,nan,nan
JVS_JVSMuSiC,wavlm_l12,12,17,whitened_cosine,0.9,query,0.8,1.0,0.8766666666666666,1.4,1.0,0.9669736842105263,0.1,0.29515474224841654,0.08811238453393327,0.05567203094614627,0.0877974852275385,0.23948271130227028,20,380,sensitivity_no_threshold,nan,nan,nan
JVS_JVSMuSiC,wavlm_l12,12,17,mahalanobis,0.9,raw,0.6,0.7,0.6675167887667888,4.15,1.0,0.7936842105263158,0.3,-369.63361854915854,84.0191144621751,-473.66473158597717,98.4313132033654,104.03111303681862,20,380,sensitivity_no_threshold,nan,nan,nan
JVS_JVSMuSiC,wavlm_l12,12,17,mahalanobis,0.9,query,0.5,0.7,0.6082142857142857,4.4,1.5,0.791578947368421,0.3,-333.86496231103956,85.54165943619206,-437.89607534785114,99.70104573644271,104.03111303681158,20,380,sensitivity_no_threshold,nan,nan,nan
JVS_JVSMuSiC,wavlm_l12,12,17,whitened_cosine,0.99,raw,0.7,0.9,0.7794444444444445,2.55,1.0,0.9244736842105263,0.1118421052631579,0.07890045324794463,0.13771010919027818,-0.1817383057488908,0.12445229053356213,0.2606387589968354,20,380,sensitivity_no_threshold,nan,nan,nan
JVS_JVSMuSiC,wavlm_l12,12,17,whitened_cosine,0.99,query,0.6,0.95,0.75,2.1,1.0,0.9419736842105263,0.1,0.4646885361645882,0.09734240170300014,0.1953497926733991,0.13789148503168042,0.26933874349118914,20,380,sensitivity_no_threshold,nan,nan,nan
JVS_JVSMuSiC,wavlm_l12,12,17,mahalanobis,0.99,raw,0.6,0.9,0.7115899122807018,3.3,1.0,0.8182894736842106,0.25,-805.8593994742594,164.06576824110172,-1049.0941798997987,248.77436735632435,243.23478042553938,20,380,sensitivity_no_threshold,nan,nan,nan
JVS_JVSMuSiC,wavlm_l12,12,17,mahalanobis,0.99,query,0.5,0.8,0.6187625313283208,3.95,1.5,0.8080263157894737,0.25,-496.44409087111273,169.92229796856972,-739.6788712966385,245.53298721885358,243.23478042552574,20,380,sensitivity_no_threshold,nan,nan,nan
JVS_JVSMuSiC,wavlm_l12,12,17,whitened_cosine,1.0,raw,0.2,0.45,0.34987364243943186,6.45,6.5,0.7086842105263158,0.3960526315789474,-0.4950475784607339,0.19411722771739306,-0.6231433227666741,0.12275944357763185,0.12809574430594017,20,380,sensitivity_no_threshold,nan,nan,nan
JVS_JVSMuSiC,wavlm_l12,12,17,whitened_cosine,1.0,query,0.5,0.6,0.5793638306138307,4.45,2.0,0.7928947368421052,0.30657894736842106,0.767320760550085,0.085996643073093,0.6240923974314998,0.1496414249606569,0.14322836311858522,20,380,sensitivity_no_threshold,nan,nan,nan
JVS_JVSMuSiC,wavlm_l12,12,17,mahalanobis,1.0,raw,0.25,0.45,0.3688888581748488,8.25,7.5,0.6042105263157894,0.4039473684210526,-3871.2352430016704,671.9156081132122,-4257.2832386557175,1021.8314073919782,386.0479956540471,20,380,sensitivity_no_threshold,nan,nan,nan
JVS_JVSMuSiC,wavlm_l12,12,17,mahalanobis,1.0,query,0.45,0.65,0.5711011904761906,4.2,2.0,0.7905263157894736,0.25,-639.6904887115859,268.75637964219123,-1025.7384843656193,447.3746167721124,386.04799565403346,20,380,sensitivity_no_threshold,nan,nan,nan
JVS_JVSMuSiC,wavlm_l12,12,19,whitened_cosine,0.1,raw,0.8,0.85,0.8347222222222221,2.2,1.0,0.9234210526315789,0.15,0.1689449714476921,0.07969838428503993,0.004543443804741568,0.07325812776237581,0.16440152764295055,20,380,sensitivity_no_threshold,nan,nan,nan
JVS_JVSMuSiC,wavlm_l12,12,19,whitened_cosine,0.1,query,0.8,0.85,0.8347222222222221,2.2,1.0,0.9238157894736843,0.15,0.17288608085288754,0.07974080314386342,0.008459232109476019,0.07333239103277718,0.1644268487434115,20,380,sensitivity_no_threshold,nan,nan,nan
JVS_JVSMuSiC,wavlm_l12,12,19,mahalanobis,0.1,raw,0.2,0.6,0.34569295900178254,6.65,5.0,0.6882894736842106,0.3605263157894737,-1247.3441940792952,520.029566966388,-1441.2136863767093,540.314282469915,193.86949229741413,20,380,sensitivity_no_threshold,nan,nan,nan
JVS_JVSMuSiC,wavlm_l12,12,19,mahalanobis,0.1,query,0.2,0.6,0.34569295900178254,6.65,5.0,0.6882894736842106,0.3605263157894737,-1242.8858966452185,520.1253590252276,-1436.7553889426072,540.3812019921734,193.86949229738866,20,380,sensitivity_no_threshold,nan,nan,nan
JVS_JVSMuSiC,wavlm_l12,12,19,whitened_cosine,0.25,raw,0.75,0.95,0.8255555555555555,1.9,1.0,0.9460526315789474,0.1105263157894737,0.18138764314544814,0.07464804507861374,0.0010858523830541665,0.0733720066714713,0.18030179076239397,20,380,sensitivity_no_threshold,nan,nan,nan
JVS_JVSMuSiC,wavlm_l12,12,19,whitened_cosine,0.25,query,0.75,0.95,0.8255555555555555,1.9,1.0,0.9452631578947368,0.1118421052631579,0.1907065626087714,0.07471070427187054,0.010337344883231948,0.07346475209013521,0.18036921772553943,20,380,sensitivity_no_threshold,nan,nan,nan
JVS_JVSMuSiC,wavlm_l12,12,19,mahalanobis,0.25,raw,0.2,0.6,0.3597025401069519,6.15,5.0,0.7193421052631579,0.3092105263157895,-607.5327349508036,255.13898806376392,-715.3052770977494,268.0684556479985,107.77254214694574,20,380,sensitivity_no_threshold,nan,nan,nan
JVS_JVSMuSiC,wavlm_l12,12,19,mahalanobis,0.25,query,0.2,0.6,0.36015708556149734,6.1,5.0,0.7193421052631579,0.30657894736842106,-602.1899889868916,255.2688386349488,-709.9625311338569,268.1656917008394,107.77254214696529,20,380,sensitivity_no_threshold,nan,nan,nan
JVS_JVSMuSiC,wavlm_l12,12,19,whitened_cosine,0.5,raw,0.75,1.0,0.8516666666666666,1.45,1.0,0.9661842105263158,0.1118421052631579,0.1944072764637752,0.06949675519662284,-0.004055963853558964,0.07578978416331496,0.19846324031733417,20,380,sensitivity_no_threshold,nan,nan,nan
JVS_JVSMuSiC,wavlm_l12,12,19,whitened_cosine,0.5,query,0.75,1.0,0.8516666666666666,1.45,1.0,0.9644736842105263,0.1394736842105263,0.21467358971718867,0.06937500226223707,0.01601060824545691,0.07577343888543327,0.19866298147173175,20,380,sensitivity_no_threshold,nan,nan,nan
JVS_JVSMuSiC,wavlm_l12,12,19,mahalanobis,0.5,raw,0.2,0.6,0.3925793650793651,5.3,3.5,0.75,0.3,-400.86455724845,168.21232452220278,-483.0551980539405,183.75810873252018,82.19064080549049,20,380,sensitivity_no_threshold,nan,nan,nan
JVS_JVSMuSiC,wavlm_l12,12,19,mahalanobis,0.5,query,0.2,0.65,0.39424603174603173,5.25,3.5,0.7511842105263158,0.3,-392.89078085305516,168.49669203768102,-475.08142165851353,183.96777890149454,82.19064080545837,20,380,sensitivity_no_threshold,nan,nan,nan
JVS_JVSMuSiC,wavlm_l12,12,19,whitened_cosine,0.75,raw,0.65,1.0,0.8166666666666667,1.4,1.0,0.970657894736842,0.1,0.2056902107146849,0.07003081250591298,-0.013841401671645248,0.08219178261113017,0.21953161238633015,20,380,sensitivity_no_threshold,nan,nan,nan
JVS_JVSMuSiC,wavlm_l12,12,19,whitened_cosine,0.75,query,0.7,1.0,0.8291666666666666,1.45,1.0,0.9748684210526316,0.1,0.24745404785259928,0.06858058381780115,0.027298769295163047,0.08171605285572231,0.22015527855743622,20,380,sensitivity_no_threshold,nan,nan,nan
JVS_JVSMuSiC,wavlm_l12,12,19,mahalanobis,0.75,raw,0.25,0.65,0.4604978354978354,4.65,2.5,0.7655263157894737,0.3013157894736842,-374.47691417615135,155.86200107682254,-464.0936633255344,185.6464647397978,89.61674914938305,20,380,sensitivity_no_threshold,nan,nan,nan
JVS_JVSMuSiC,wavlm_l12,12,19,mahalanobis,0.75,query,0.25,0.7,0.46660589410589404,4.5,2.5,0.7669736842105264,0.3,-358.6541588196342,156.6928843386062,-448.2709079690279,186.17151319950884,89.61674914939374,20,380,sensitivity_no_threshold,nan,nan,nan
JVS_JVSMuSiC,wavlm_l12,12,19,whitened_cosine,0.9,raw,0.65,1.0,0.8166666666666667,1.4,1.0,0.9661842105263158,0.1,0.21109256152554529,0.08446696337295766,-0.0340529762895051,0.09535017929149386,0.24514553781505038,20,380,sensitivity_no_threshold,nan,nan,nan
JVS_JVSMuSiC,wavlm_l12,12,19,whitened_cosine,0.9,query,0.7,1.0,0.8266666666666665,1.5,1.0,0.9722368421052632,0.1,0.2953880283415652,0.07812642025819068,0.0483894211083519,0.09373485437732983,0.2469986072332133,20,380,sensitivity_no_threshold,nan,nan,nan
JVS_JVSMuSiC,wavlm_l12,12,19,mahalanobis,0.9,raw,0.45,0.75,0.5866532976827095,4.2,2.0,0.7693421052631579,0.3,-453.47702129277025,194.09655459655602,-580.4504301950159,258.1070767015934,126.97340890224564,20,380,sensitivity_no_threshold,nan,nan,nan
JVS_JVSMuSiC,wavlm_l12,12,19,mahalanobis,0.9,query,0.4,0.7,0.575021645021645,4.1,2.0,0.7717105263157895,0.3,-414.3875904175831,196.5811685739495,-541.3609993198396,259.19308287618617,126.9734089022565,20,380,sensitivity_no_threshold,nan,nan,nan
JVS_JVSMuSiC,wavlm_l12,12,19,whitened_cosine,0.99,raw,0.6,0.95,0.7722222222222221,1.8,1.0,0.9182894736842105,0.15,0.09955798035170768,0.1555605638492837,-0.17769235813744994,0.14756768805490716,0.2772503384891576,20,380,sensitivity_no_threshold,nan,nan,nan
JVS_JVSMuSiC,wavlm_l12,12,19,whitened_cosine,0.99,query,0.7,0.95,0.8238095238095238,1.6,1.0,0.9611842105263158,0.1,0.47908748563967907,0.09182420566798959,0.19019347271019987,0.13703751689838783,0.2888940129294792,20,380,sensitivity_no_threshold,nan,nan,nan
JVS_JVSMuSiC,wavlm_l12,12,19,mahalanobis,0.99,raw,0.45,0.75,0.5984722222222223,4.2,2.0,0.765,0.35,-1020.3330239602758,458.28029174453144,-1335.7401493265918,715.6857549092548,315.407125366316,20,380,sensitivity_no_threshold,nan,nan,nan
JVS_JVSMuSiC,wavlm_l12,12,19,mahalanobis,0.99,query,0.4,0.85,0.6000000000000001,3.4,2.0,0.7842105263157895,0.3,-662.5778108580125,467.594404779609,-977.9849362243434,699.6033787912022,315.4071253663309,20,380,sensitivity_no_threshold,nan,nan,nan
JVS_JVSMuSiC,wavlm_l12,12,19,whitened_cosine,1.0,raw,0.1,0.5,0.29620300751879697,5.75,5.5,0.7139473684210527,0.31052631578947365,-0.48059379219698856,0.22235715753428875,-0.6194947842531641,0.16456284734531498,0.1389009920561755,20,380,sensitivity_no_threshold,nan,nan,nan
JVS_JVSMuSiC,wavlm_l12,12,19,whitened_cosine,1.0,query,0.4,0.7,0.5785244360902255,3.95,2.0,0.8167105263157894,0.25,0.7692732452210517,0.09891683104197913,0.610381552352817,0.16289745572688988,0.15889169286823468,20,380,sensitivity_no_threshold,nan,nan,nan
JVS_JVSMuSiC,wavlm_l12,12,19,mahalanobis,1.0,raw,0.1,0.4,0.22670290085731262,9.0,8.5,0.5852631578947368,0.45,-4791.937530295756,1180.958213858626,-5291.768789731876,1803.150803799611,499.8312594361196,20,380,sensitivity_no_threshold,nan,nan,nan
JVS_JVSMuSiC,wavlm_l12,12,19,mahalanobis,1.0,query,0.5,0.8,0.6396428571428571,3.75,1.5,0.7856578947368421,0.30526315789473685,-865.3152567085723,705.3802919374356,-1365.146516144692,1116.6585570248792,499.8312594361197,20,380,sensitivity_no_threshold,nan,nan,nan
JVS_JVSMuSiC,wavlm_l12,12,23,whitened_cosine,0.1,raw,0.8,1.0,0.8791666666666667,1.35,1.0,0.9764473684210526,0.09868421052631579,0.19151923483840608,0.06810729276465426,-0.0021974138359776656,0.07192822091247436,0.19371664867438373,20,380,sensitivity_no_threshold,nan,nan,nan
JVS_JVSMuSiC,wavlm_l12,12,23,whitened_cosine,0.1,query,0.75,1.0,0.8541666666666666,1.4,1.0,0.9765789473684211,0.1,0.1954879587257386,0.06792044080565939,0.0017162133422987426,0.07202112193212083,0.19377174538343986,20,380,sensitivity_no_threshold,nan,nan,nan
JVS_JVSMuSiC,wavlm_l12,12,23,mahalanobis,0.1,raw,0.2,0.55,0.33938958916900097,6.85,5.0,0.6936842105263158,0.35,-1170.7759840493848,282.2137155760438,-1401.0384830903854,338.8760884388762,230.26249904100064,20,380,sensitivity_no_threshold,nan,nan,nan
JVS_JVSMuSiC,wavlm_l12,12,23,mahalanobis,0.1,query,0.2,0.55,0.33938958916900097,6.85,5.0,0.6934210526315789,0.35,-1166.396976276621,282.47706970660477,-1396.6594753175732,339.2369045368283,230.2624990409522,20,380,sensitivity_no_threshold,nan,nan,nan
JVS_JVSMuSiC,wavlm_l12,12,23,whitened_cosine,0.25,raw,0.75,1.0,0.8666666666666666,1.3,1.0,0.9835526315789473,0.08947368421052632,0.20006871978438837,0.06732968807447397,-0.003525235293347648,0.07213840134896493,0.203593955077736,20,380,sensitivity_no_threshold,nan,nan,nan
JVS_JVSMuSiC,wavlm_l12,12,23,whitened_cosine,0.25,query,0.75,1.0,0.8666666666666666,1.3,1.0,0.9832894736842105,0.0881578947368421,0.2094486091951294,0.06688671520670668,0.0057236684857431205,0.07233599079481902,0.20372494070938627,20,380,sensitivity_no_threshold,nan,nan,nan
JVS_JVSMuSiC,wavlm_l12,12,23,mahalanobis,0.25,raw,0.25,0.5,0.3779747540041658,6.45,5.5,0.7122368421052632,0.35,-571.0320357734192,133.14327372614164,-693.3816791660864,161.70139405240778,122.34964339266719,20,380,sensitivity_no_threshold,nan,nan,nan
JVS_JVSMuSiC,wavlm_l12,12,23,mahalanobis,0.25,query,0.25,0.5,0.3779747540041658,6.45,5.5,0.7118421052631579,0.35,-565.7334918913809,133.43381888536945,-688.0831352840135,162.1385870298257,122.34964339263252,20,380,sensitivity_no_threshold,nan,nan,nan
JVS_JVSMuSiC,wavlm_l12,12,23,whitened_cosine,0.5,raw,0.75,1.0,0.8583333333333332,1.35,1.0,0.9846052631578948,0.05,0.21022667385021596,0.06706508969446566,-0.007476275101208609,0.07537254211757577,0.21770294895142456,20,380,sensitivity_no_threshold,nan,nan,nan
JVS_JVSMuSiC,wavlm_l12,12,23,whitened_cosine,0.5,query,0.75,1.0,0.8666666666666666,1.3,1.0,0.9847368421052631,0.05,0.2307506705640749,0.0660413741286809,0.012745225494760875,0.0756527947638271,0.21800544506931402,20,380,sensitivity_no_threshold,nan,nan,nan
JVS_JVSMuSiC,wavlm_l12,12,23,mahalanobis,0.5,raw,0.25,0.7,0.3967089160839161,5.7,4.5,0.7457894736842106,0.35,-375.5624329533806,83.82585772762681,-465.1990669359718,103.20805336925805,89.6366339825912,20,380,sensitivity_no_threshold,nan,nan,nan
JVS_JVSMuSiC,wavlm_l12,12,23,mahalanobis,0.5,query,0.25,0.7,0.3967089160839161,5.7,4.5,0.7447368421052631,0.35,-367.52260246874357,84.2167575204623,-457.15923645133626,103.84223294200503,89.63663398259268,20,380,sensitivity_no_threshold,nan,nan,nan
JVS_JVSMuSiC,wavlm_l12,12,23,whitened_cosine,0.75,raw,0.75,1.0,0.8458333333333332,1.45,1.0,0.9805263157894737,0.05,0.22234194093719997,0.07256983429212954,-0.01775281769764441,0.0835560983519042,0.2400947586348444,20,380,sensitivity_no_threshold,nan,nan,nan
JVS_JVSMuSiC,wavlm_l12,12,23,whitened_cosine,0.75,query,0.75,1.0,0.8458333333333332,1.45,1.0,0.9814473684210526,0.05,0.265077389474998,0.07036740187540244,0.024277970590356027,0.08383540358983183,0.24079941888464196,20,380,sensitivity_no_threshold,nan,nan,nan
JVS_JVSMuSiC,wavlm_l12,12,23,mahalanobis,0.75,raw,0.35,0.75,0.49713980463980467,4.6,3.0,0.7928947368421052,0.3,-347.4934255704473,73.80057519034499,-443.1403205208923,94.24301990888267,95.64689495044502,20,380,sensitivity_no_threshold,nan,nan,nan
JVS_JVSMuSiC,wavlm_l12,12,23,mahalanobis,0.75,query,0.35,0.75,0.4974603174603175,4.55,3.0,0.7906578947368421,0.3,-331.19281982120737,74.45845826926697,-426.83971477164465,95.37669474370138,95.64689495043729,20,380,sensitivity_no_threshold,nan,nan,nan
JVS_JVSMuSiC,wavlm_l12,12,23,whitened_cosine,0.9,raw,0.7,1.0,0.8100000000000002,1.6,1.0,0.9772368421052632,0.056578947368421055,0.2283514376359482,0.08056333251327577,-0.04034380854378421,0.09655768572608218,0.2686952461797324,20,380,sensitivity_no_threshold,nan,nan,nan
JVS_JVSMuSiC,wavlm_l12,12,23,whitened_cosine,0.9,query,0.7,1.0,0.8266666666666665,1.5,1.0,0.978421052631579,0.06184210526315789,0.31566476890331496,0.07556551625110401,0.04542309072771365,0.09694895242452899,0.2702416781756013,20,380,sensitivity_no_threshold,nan,nan,nan
JVS_JVSMuSiC,wavlm_l12,12,23,mahalanobis,0.9,raw,0.45,0.75,0.5965445665445667,3.5,2.0,0.8293421052631579,0.25,-413.0555794685453,82.02747787833478,-545.3298268626359,114.137462371157,132.27424739409054,20,380,sensitivity_no_threshold,nan,nan,nan
JVS_JVSMuSiC,wavlm_l12,12,23,mahalanobis,0.9,query,0.5,0.75,0.6160304972804973,3.6,1.5,0.8285526315789473,0.25526315789473686,-371.9933686049495,83.10876886942492,-504.26761599905325,116.44790176003009,132.27424739410372,20,380,sensitivity_no_threshold,nan,nan,nan
JVS_JVSMuSiC,wavlm_l12,12,23,whitened_cosine,0.99,raw,0.75,0.95,0.8571428571428571,1.5,1.0,0.9586842105263158,0.14342105263157895,0.09859166243335996,0.11521794237743292,-0.19707444101295304,0.12893836402778,0.295666103446313,20,380,sensitivity_no_threshold,nan,nan,nan
JVS_JVSMuSiC,wavlm_l12,12,23,whitened_cosine,0.99,query,0.75,1.0,0.8666666666666668,1.3,1.0,0.9759210526315789,0.09342105263157896,0.49767906265174877,0.0740092893552094,0.1970369630804119,0.13396023910429666,0.30064209957133686,20,380,sensitivity_no_threshold,nan,nan,nan
JVS_JVSMuSiC,wavlm_l12,12,23,mahalanobis,0.99,raw,0.35,0.95,0.5953787878787878,2.6,2.0,0.8713157894736843,0.24210526315789474,-901.4581234300989,133.5782253500607,-1198.2799864235908,228.77620926769336,296.8218629934919,20,380,sensitivity_no_threshold,nan,nan,nan
JVS_JVSMuSiC,wavlm_l12,12,23,mahalanobis,0.99,query,0.5,0.95,0.6758333333333333,2.25,1.5,0.8848684210526315,0.25,-526.9719925072437,120.81047636810793,-823.793855500721,233.9440284179483,296.8218629934772,20,380,sensitivity_no_threshold,nan,nan,nan
JVS_JVSMuSiC,wavlm_l12,12,23,whitened_cosine,1.0,raw,0.2,0.7,0.4219612332112332,4.5,3.5,0.780921052631579,0.2881578947368421,-0.5062129855840191,0.15587199957527134,-0.6480335283856502,0.1123436717132144,0.14182054280163114,20,380,sensitivity_no_threshold,nan,nan,nan
JVS_JVSMuSiC,wavlm_l12,12,23,whitened_cosine,1.0,query,0.55,0.75,0.644702380952381,3.35,1.0,0.85,0.24473684210526314,0.7906738855597751,0.06913825259462024,0.6441392283887202,0.12536306529746188,0.14653465717105496,20,380,sensitivity_no_threshold,nan,nan,nan
JVS_JVSMuSiC,wavlm_l12,12,23,mahalanobis,1.0,raw,0.2,0.5,0.31153600785179736,8.05,7.0,0.625,0.4118421052631579,-4530.5431941887455,898.2975711622717,-4967.902169906471,969.566314513638,437.3589757177251,20,380,sensitivity_no_threshold,nan,nan,nan
JVS_JVSMuSiC,wavlm_l12,12,23,mahalanobis,1.0,query,0.45,0.9,0.6475,2.45,2.0,0.8844736842105263,0.15789473684210525,-655.4980487695575,184.74011816986308,-1092.857024487282,370.4160687681951,437.35897571772443,20,380,sensitivity_no_threshold,nan,nan,nan
JVS_JVSMuSiC,wavlm_l12,12,29,whitened_cosine,0.1,raw,0.8,0.95,0.8788461538461538,1.75,1.0,0.963421052631579,0.1,0.19797771399628322,0.0708165527946973,0.0038934882741982826,0.06991436022300793,0.19408422572208495,20,380,sensitivity_no_threshold,nan,nan,nan
JVS_JVSMuSiC,wavlm_l12,12,29,whitened_cosine,0.1,query,0.8,0.95,0.8788461538461538,1.75,1.0,0.9635526315789473,0.1,0.20215265541947866,0.07063470555507931,0.008075033320922296,0.06986682558707445,0.19407762209855636,20,380,sensitivity_no_threshold,nan,nan,nan
JVS_JVSMuSiC,wavlm_l12,12,29,mahalanobis,0.1,raw,0.5,0.65,0.5842494515288632,5.4,1.5,0.7675,0.3,-1083.192614859389,386.776828437821,-1288.2602432480999,418.53055665101806,205.06762838871077,20,380,sensitivity_no_threshold,nan,nan,nan
JVS_JVSMuSiC,wavlm_l12,12,29,mahalanobis,0.1,query,0.5,0.65,0.5842494515288632,5.4,1.5,0.7669736842105264,0.3,-1078.950327802333,386.8292740879718,-1284.0179561909144,418.65628208839144,205.0676283885814,20,380,sensitivity_no_threshold,nan,nan,nan
JVS_JVSMuSiC,wavlm_l12,12,29,whitened_cosine,0.25,raw,0.85,0.95,0.9041666666666668,1.65,1.0,0.9697368421052631,0.06184210526315789,0.20430420034058608,0.07289773128643674,0.0014950342279289814,0.07144893750033794,0.2028091661126571,20,380,sensitivity_no_threshold,nan,nan,nan
JVS_JVSMuSiC,wavlm_l12,12,29,whitened_cosine,0.25,query,0.85,0.95,0.9041666666666668,1.65,1.0,0.9697368421052631,0.08947368421052632,0.21412523521973387,0.07261360051636061,0.011339333811913111,0.07132842437067725,0.20278590140782077,20,380,sensitivity_no_threshold,nan,nan,nan
JVS_JVSMuSiC,wavlm_l12,12,29,mahalanobis,0.25,raw,0.45,0.65,0.5595833333333333,5.0,2.0,0.7840789473684211,0.3,-529.4105152630248,195.21778140279167,-637.5012885286436,206.23331898498722,108.09077326561885,20,380,sensitivity_no_threshold,nan,nan,nan
JVS_JVSMuSiC,wavlm_l12,12,29,mahalanobis,0.25,query,0.45,0.65,0.5595833333333333,5.0,2.0,0.7834210526315789,0.3,-524.3454235869751,195.19055135158783,-632.4361968526288,206.3085151460145,108.09077326565364,20,380,sensitivity_no_threshold,nan,nan,nan
JVS_JVSMuSiC,wavlm_l12,12,29,whitened_cosine,0.5,raw,0.9,0.95,0.9305555555555556,1.45,1.0,0.974078947368421,0.10263157894736842,0.20914631531158506,0.07606379518368579,-0.00470068017331392,0.076493962947593,0.213846995484899,20,380,sensitivity_no_threshold,nan,nan,nan
JVS_JVSMuSiC,wavlm_l12,12,29,whitened_cosine,0.5,query,0.85,0.95,0.9055555555555556,1.5,1.0,0.9736842105263158,0.10263157894736842,0.23039131907091653,0.07584328899107347,0.016592025789076186,0.0762938303798486,0.21379929328184036,20,380,sensitivity_no_threshold,nan,nan,nan
JVS_JVSMuSiC,wavlm_l12,12,29,mahalanobis,0.5,raw,0.4,0.6,0.524702380952381,4.95,2.5,0.7910526315789473,0.3,-351.6953164069317,136.2902354533446,-429.48131205862984,141.37022199439014,77.78599565169816,20,380,sensitivity_no_threshold,nan,nan,nan
JVS_JVSMuSiC,wavlm_l12,12,29,mahalanobis,0.5,query,0.4,0.6,0.5258928571428572,4.9,2.5,0.7902631578947369,0.3,-344.1506319555541,136.0723855085679,-421.93662760725226,141.3291360446829,77.78599565169816,20,380,sensitivity_no_threshold,nan,nan,nan
JVS_JVSMuSiC,wavlm_l12,12,29,whitened_cosine,0.75,raw,0.8,1.0,0.8641666666666665,1.5,1.0,0.9688157894736842,0.1118421052631579,0.21110788459911906,0.08295316603188849,-0.016796815796188382,0.08653104444484457,0.22790470039530744,20,380,sensitivity_no_threshold,nan,nan,nan
JVS_JVSMuSiC,wavlm_l12,12,29,whitened_cosine,0.75,query,0.8,0.95,0.8654761904761905,1.55,1.0,0.9665789473684211,0.14868421052631578,0.25440276323828315,0.08331987764757047,0.026537504385260896,0.08652560049369915,0.22786525885302225,20,380,sensitivity_no_threshold,nan,nan,nan
JVS_JVSMuSiC,wavlm_l12,12,29,mahalanobis,0.75,raw,0.5,0.65,0.5834938672438672,4.8,1.5,0.7902631578947369,0.3,-332.77481056337126,136.58811684680217,-412.67720973935633,140.78563546906506,79.90239917598507,20,380,sensitivity_no_threshold,nan,nan,nan
JVS_JVSMuSiC,wavlm_l12,12,29,mahalanobis,0.75,query,0.5,0.6,0.5823827561327561,4.8,1.5,0.7881578947368421,0.3,-317.8366407335561,135.774783072272,-397.73903990955523,140.33982002097702,79.90239917599911,20,380,sensitivity_no_threshold,nan,nan,nan
JVS_JVSMuSiC,wavlm_l12,12,29,whitened_cosine,0.9,raw,0.75,0.95,0.8421428571428571,1.65,1.0,0.9544736842105264,0.1,0.2043553440078784,0.09379975306994696,-0.0390260026587094,0.10303812345960559,0.24338134666658778,20,380,sensitivity_no_threshold,nan,nan,nan
JVS_JVSMuSiC,wavlm_l12,12,29,whitened_cosine,0.9,query,0.75,0.9,0.8196428571428571,1.85,1.0,0.9497368421052632,0.1381578947368421,0.29032075968976634,0.09594483857597975,0.04690129809403818,0.10436049299934702,0.24341946159572816,20,380,sensitivity_no_threshold,nan,nan,nan
JVS_JVSMuSiC,wavlm_l12,12,29,mahalanobis,0.9,raw,0.45,0.65,0.5686904761904761,4.55,2.0,0.7872368421052631,0.25263157894736843,-406.7872089285578,172.53806992467116,-511.8081069589931,176.845646508455,105.02089803043532,20,380,sensitivity_no_threshold,nan,nan,nan
JVS_JVSMuSiC,wavlm_l12,12,29,mahalanobis,0.9,query,0.45,0.65,0.5633531746031746,4.75,2.0,0.7817105263157895,0.25526315789473686,-370.1221980148148,169.63940727746885,-475.1430960452538,174.8824204830442,105.02089803043901,20,380,sensitivity_no_threshold,nan,nan,nan
JVS_JVSMuSiC,wavlm_l12,12,29,whitened_cosine,0.99,raw,0.6,0.9,0.7520833333333334,2.25,1.0,0.9205263157894736,0.14868421052631578,0.06403185478883347,0.10370636602156977,-0.18583665476415953,0.13657714979925567,0.249868509552993,20,380,sensitivity_no_threshold,nan,nan,nan
JVS_JVSMuSiC,wavlm_l12,12,29,whitened_cosine,0.99,query,0.5,0.9,0.6480555555555555,2.65,1.5,0.8946052631578948,0.23815789473684212,0.4437101741871533,0.11684112870485794,0.1953115094047534,0.1502139519634413,0.2483986647823999,20,380,sensitivity_no_threshold,nan,nan,nan
JVS_JVSMuSiC,wavlm_l12,12,29,mahalanobis,0.99,raw,0.55,0.85,0.657177033492823,4.05,1.0,0.7921052631578948,0.25,-891.647261080984,335.5994759176448,-1104.7371017970006,340.5202398339583,213.08984071601662,20,380,sensitivity_no_threshold,nan,nan,nan
JVS_JVSMuSiC,wavlm_l12,12,29,mahalanobis,0.99,query,0.45,0.8,0.5736633249791143,4.45,2.5,0.779342105263158,0.2894736842105263,-569.925524291172,293.44771369594923,-783.015365007203,311.1456572534955,213.08984071603095,20,380,sensitivity_no_threshold,nan,nan,nan
JVS_JVSMuSiC,wavlm_l12,12,29,whitened_cosine,1.0,raw,0.15,0.55,0.3186374246668364,6.1,5.0,0.7538157894736842,0.3,-0.512532892494914,0.12705209728838232,-0.6300198476868126,0.11484236682121364,0.11748695519189867,20,380,sensitivity_no_threshold,nan,nan,nan
JVS_JVSMuSiC,wavlm_l12,12,29,whitened_cosine,1.0,query,0.25,0.7,0.4198705899363794,5.35,3.5,0.7489473684210526,0.3118421052631579,0.7520702228957917,0.10748601670595335,0.64042488340746,0.1379277110044136,0.11164533948833177,20,380,sensitivity_no_threshold,nan,nan,nan
JVS_JVSMuSiC,wavlm_l12,12,29,mahalanobis,1.0,raw,0.15,0.45,0.2678686795230913,8.4,7.0,0.6109210526315789,0.4,-4110.435887249305,1314.7187523060738,-4403.683573246511,1213.133090718394,293.24768599720574,20,380,sensitivity_no_threshold,nan,nan,nan
JVS_JVSMuSiC,wavlm_l12,12,29,mahalanobis,1.0,query,0.4,0.85,0.5484649122807017,4.5,2.5,0.7538157894736842,0.3,-768.9883941050299,471.0899215254991,-1062.236080102236,511.723339677923,293.2476859972061,20,380,sensitivity_no_threshold,nan,nan,nan
JVS_JVSMuSiC,wavlm_l12,12,31,whitened_cosine,0.1,raw,0.7,0.9,0.7742628205128205,2.45,1.0,0.9325,0.14868421052631578,0.18914169416012713,0.10197099281748366,0.0007669711984706311,0.07520648350410614,0.1883747229616565,20,380,sensitivity_no_threshold,nan,nan,nan
JVS_JVSMuSiC,wavlm_l12,12,31,whitened_cosine,0.1,query,0.7,0.9,0.7742628205128205,2.45,1.0,0.9321052631578948,0.15,0.1926225307857215,0.10189776532084713,0.0042583333156622945,0.0752194026795842,0.1883641974700592,20,380,sensitivity_no_threshold,nan,nan,nan
JVS_JVSMuSiC,wavlm_l12,12,31,mahalanobis,0.1,raw,0.3,0.5,0.41351065601065606,6.9,5.5,0.6394736842105263,0.45,-1388.2492875550815,591.244450351319,-1640.6934445223835,754.6283993498436,252.44415696730198,20,380,sensitivity_no_threshold,nan,nan,nan
JVS_JVSMuSiC,wavlm_l12,12,31,mahalanobis,0.1,query,0.3,0.5,0.41351065601065606,6.9,5.5,0.6394736842105263,0.45,-1384.0023045677285,591.5413465540751,-1636.4464615350255,754.8734792816743,252.44415696729698,20,380,sensitivity_no_threshold,nan,nan,nan
JVS_JVSMuSiC,wavlm_l12,12,31,whitened_cosine,0.25,raw,0.7,0.9,0.7867628205128205,2.35,1.0,0.9373684210526316,0.10526315789473684,0.2001332590272235,0.10644239930269525,-0.0016222297020837214,0.07682031503405784,0.20175548872930724,20,380,sensitivity_no_threshold,nan,nan,nan
JVS_JVSMuSiC,wavlm_l12,12,31,whitened_cosine,0.25,query,0.7,0.9,0.7950961538461538,2.3,1.0,0.9364473684210526,0.10657894736842105,0.20830730271571624,0.10628336952412182,0.006585789418928661,0.07687059059425945,0.20172151329678759,20,380,sensitivity_no_threshold,nan,nan,nan
JVS_JVSMuSiC,wavlm_l12,12,31,mahalanobis,0.25,raw,0.4,0.55,0.47660409035409035,6.4,5.0,0.6514473684210527,0.45,-683.5507632037276,295.30273152004486,-822.7471743589024,383.0775771951182,139.19641115517481,20,380,sensitivity_no_threshold,nan,nan,nan
JVS_JVSMuSiC,wavlm_l12,12,31,mahalanobis,0.25,query,0.4,0.55,0.4777945665445665,6.35,5.0,0.651578947368421,0.45,-678.4751921821822,295.68211455886114,-817.671603337346,383.42839968022236,139.1964111551638,20,380,sensitivity_no_threshold,nan,nan,nan
JVS_JVSMuSiC,wavlm_l12,12,31,whitened_cosine,0.5,raw,0.7,0.9,0.8086805555555555,2.35,1.0,0.9376315789473684,0.1,0.21308644252194484,0.11257266674445483,-0.005476481171618828,0.08079287010831042,0.21856292369356367,20,380,sensitivity_no_threshold,nan,nan,nan
JVS_JVSMuSiC,wavlm_l12,12,31,whitened_cosine,0.5,query,0.7,0.9,0.8003472222222221,2.4,1.0,0.9369736842105263,0.1,0.23072394093657805,0.11196289524575587,0.012234956793605253,0.08089446367788995,0.2184889841429728,20,380,sensitivity_no_threshold,nan,nan,nan
JVS_JVSMuSiC,wavlm_l12,12,31,mahalanobis,0.5,raw,0.4,0.55,0.48421807359307356,6.1,4.5,0.665921052631579,0.45,-458.2165457140378,201.72486579829874,-565.2294999115416,273.118923322331,107.01295419750375,20,380,sensitivity_no_threshold,nan,nan,nan
JVS_JVSMuSiC,wavlm_l12,12,31,mahalanobis,0.5,query,0.4,0.55,0.48467261904761905,6.05,4.5,0.6663157894736842,0.45,-450.63519435073687,202.36901884071054,-557.6481485482356,273.7541701150357,107.01295419749869,20,380,sensitivity_no_threshold,nan,nan,nan
JVS_JVSMuSiC,wavlm_l12,12,31,whitened_cosine,0.75,raw,0.8,0.9,0.8573232323232324,2.45,1.0,0.9313157894736842,0.1,0.2261201921240869,0.12347699331486217,-0.012011220986092625,0.08898133861437306,0.23813141311017952,20,380,sensitivity_no_threshold,nan,nan,nan
JVS_JVSMuSiC,wavlm_l12,12,31,whitened_cosine,0.75,query,0.9,0.9,0.9073232323232323,2.35,1.0,0.9296052631578947,0.10789473684210527,0.26197377484473267,0.12128440958662431,0.02394212561122188,0.08902155543865697,0.23803164923351078,20,380,sensitivity_no_threshold,nan,nan,nan
JVS_JVSMuSiC,wavlm_l12,12,31,mahalanobis,0.75,raw,0.4,0.6,0.5209790903540903,5.45,2.5,0.6846052631578947,0.4,-436.9881780334821,198.35030048189938,-554.6767793492648,284.88936829176555,117.68860131578276,20,380,sensitivity_no_threshold,nan,nan,nan
JVS_JVSMuSiC,wavlm_l12,12,31,mahalanobis,0.75,query,0.4,0.6,0.5203838522588522,5.55,2.5,0.6830263157894737,0.4078947368421053,-421.9357826921332,199.8147371864851,-539.6243840079007,286.3015080227108,117.68860131576753,20,380,sensitivity_no_threshold,nan,nan,nan
JVS_JVSMuSiC,wavlm_l12,12,31,whitened_cosine,0.9,raw,0.85,0.9,0.8823232323232324,2.4,1.0,0.9230263157894737,0.14078947368421052,0.23371889175566807,0.13946425552443437,-0.026108662316429245,0.10353242356155129,0.2598275540720973,20,380,sensitivity_no_threshold,nan,nan,nan
JVS_JVSMuSiC,wavlm_l12,12,31,whitened_cosine,0.9,query,0.9,0.9,0.9073232323232323,2.35,1.0,0.9214473684210527,0.14605263157894738,0.3049141591070438,0.13332708978150115,0.045075778894436896,0.10296151368580005,0.25983838021260686,20,380,sensitivity_no_threshold,nan,nan,nan
JVS_JVSMuSiC,wavlm_l12,12,31,mahalanobis,0.9,raw,0.45,0.65,0.5586011904761905,5.05,2.0,0.7019736842105263,0.39473684210526316,-536.7819584903802,254.60997830163737,-700.9760232922794,383.9318516024098,164.19406480189912,20,380,sensitivity_no_threshold,nan,nan,nan
JVS_JVSMuSiC,wavlm_l12,12,31,mahalanobis,0.9,query,0.45,0.65,0.5582476551226551,5.1,2.0,0.7006578947368421,0.4,-499.49729081796977,258.29343216874105,-663.6913556198583,387.05189655551874,164.19406480188854,20,380,sensitivity_no_threshold,nan,nan,nan
JVS_JVSMuSiC,wavlm_l12,12,31,whitened_cosine,0.99,raw,0.7,0.85,0.7894345238095238,2.75,1.0,0.9022368421052631,0.15,0.13437346478817164,0.17394739597151335,-0.14924768479315803,0.1508750902742034,0.28362114958132967,20,380,sensitivity_no_threshold,nan,nan,nan
JVS_JVSMuSiC,wavlm_l12,12,31,whitened_cosine,0.99,query,0.75,0.9,0.8083916083916083,2.45,1.0,0.9153947368421053,0.15,0.4583182875371641,0.1381811989782582,0.17043187824512132,0.14521613579159173,0.2878864092920428,20,380,sensitivity_no_threshold,nan,nan,nan
JVS_JVSMuSiC,wavlm_l12,12,31,mahalanobis,0.99,raw,0.4,0.65,0.5266239316239316,5.15,2.5,0.7282894736842105,0.34736842105263155,-1153.1782554671822,536.2561792846014,-1520.97555281847,864.3622182188835,367.79729735128785,20,380,sensitivity_no_threshold,nan,nan,nan
JVS_JVSMuSiC,wavlm_l12,12,31,mahalanobis,0.99,query,0.35,0.7,0.5326388888888889,4.65,2.0,0.7405263157894737,0.35526315789473684,-804.4349946273957,548.4061008356664,-1172.2322919786714,853.5386784635059,367.7972973512757,20,380,sensitivity_no_threshold,nan,nan,nan
JVS_JVSMuSiC,wavlm_l12,12,31,whitened_cosine,1.0,raw,0.15,0.55,0.33931022408963585,5.35,5.0,0.7246052631578948,0.35,-0.4413605719966678,0.2085702032973275,-0.5883302725589024,0.15094872033719736,0.14696970056223457,20,380,sensitivity_no_threshold,nan,nan,nan
JVS_JVSMuSiC,wavlm_l12,12,31,whitened_cosine,1.0,query,0.5,0.65,0.5969642857142856,4.1,1.5,0.8035526315789474,0.25,0.7398670426382178,0.12001267890249191,0.577724062968695,0.16703789782361025,0.16214297966952274,20,380,sensitivity_no_threshold,nan,nan,nan
JVS_JVSMuSiC,wavlm_l12,12,31,mahalanobis,1.0,raw,0.15,0.45,0.2700694444444444,8.7,8.0,0.5726315789473684,0.45,-4945.437711149217,1098.039922720636,-5517.72348244914,1952.1057092780131,572.285771299923,20,380,sensitivity_no_threshold,nan,nan,nan
JVS_JVSMuSiC,wavlm_l12,12,31,mahalanobis,1.0,query,0.4,0.75,0.5843300653594772,3.9,2.0,0.761578947368421,0.3,-1002.2293664130688,752.4613466221622,-1574.515137712992,1228.2430191116412,572.2857712999233,20,380,sensitivity_no_threshold,nan,nan,nan
JVS_JVSMuSiC,wavlm_l12,12,37,whitened_cosine,0.1,raw,0.9,1.0,0.95,1.1,1.0,0.9913157894736843,0.05,0.2279566739390607,0.0675010940097975,-0.00028041752297455796,0.07044695040873382,0.22823709146203525,20,380,sensitivity_no_threshold,nan,nan,nan
JVS_JVSMuSiC,wavlm_l12,12,37,whitened_cosine,0.1,query,0.9,1.0,0.95,1.1,1.0,0.9913157894736843,0.05,0.23187260185754938,0.06697302393896948,0.0035797222516013513,0.07046105529008319,0.22829287960594802,20,380,sensitivity_no_threshold,nan,nan,nan
JVS_JVSMuSiC,wavlm_l12,12,37,mahalanobis,0.1,raw,0.25,0.6,0.4094140989729225,6.5,4.5,0.7051315789473684,0.35,-1207.2736324892496,440.4763177551119,-1506.3760211506692,539.7126346336285,299.1023886614196,20,380,sensitivity_no_threshold,nan,nan,nan
JVS_JVSMuSiC,wavlm_l12,12,37,mahalanobis,0.1,query,0.25,0.6,0.4010807656395892,6.55,4.5,0.7048684210526316,0.35,-1202.933171492367,440.6356597445089,-1502.0355601537076,539.7941810227705,299.1023886613407,20,380,sensitivity_no_threshold,nan,nan,nan
JVS_JVSMuSiC,wavlm_l12,12,37,whitened_cosine,0.25,raw,0.95,1.0,0.975,1.05,1.0,0.9935526315789474,0.05,0.23450054110136698,0.06512060912846693,-0.002498703963556132,0.06972172070237209,0.23699924506492312,20,380,sensitivity_no_threshold,nan,nan,nan
JVS_JVSMuSiC,wavlm_l12,12,37,whitened_cosine,0.25,query,0.95,1.0,0.975,1.05,1.0,0.9939473684210526,0.05,0.24383733688949963,0.06408794465147592,0.006712998437088893,0.06974853335702817,0.23712433845241074,20,380,sensitivity_no_threshold,nan,nan,nan
JVS_JVSMuSiC,wavlm_l12,12,37,mahalanobis,0.25,raw,0.3,0.6,0.43432014472455654,6.2,4.5,0.7161842105263158,0.35,-585.1191867452696,210.37053205843978,-739.1413864422083,260.2298769248904,154.02219969693863,20,380,sensitivity_no_threshold,nan,nan,nan
JVS_JVSMuSiC,wavlm_l12,12,37,mahalanobis,0.25,query,0.3,0.6,0.43432014472455654,6.2,4.5,0.7160526315789474,0.35,-579.904560217468,210.56368016963035,-733.9267599144263,260.3222648332131,154.0221996969583,20,380,sensitivity_no_threshold,nan,nan,nan
JVS_JVSMuSiC,wavlm_l12,12,37,whitened_cosine,0.5,raw,0.95,1.0,0.975,1.05,1.0,0.9955263157894737,0.05,0.24372848163329125,0.06892591642852272,-0.007846176499583645,0.07194196320134613,0.2515746581328749,20,380,sensitivity_no_threshold,nan,nan,nan
JVS_JVSMuSiC,wavlm_l12,12,37,whitened_cosine,0.5,query,0.95,1.0,0.975,1.05,1.0,0.9951315789473684,0.05,0.26418595768436826,0.06743050940392016,0.012351365309269705,0.0720406193555821,0.25183459237509853,20,380,sensitivity_no_threshold,nan,nan,nan
JVS_JVSMuSiC,wavlm_l12,12,37,mahalanobis,0.5,raw,0.35,0.6,0.46982790085731263,5.85,4.0,0.7281578947368421,0.35,-383.80907821808506,137.1447025181685,-493.9571429406927,173.09561395245575,110.14806472260761,20,380,sensitivity_no_threshold,nan,nan,nan
JVS_JVSMuSiC,wavlm_l12,12,37,mahalanobis,0.5,query,0.35,0.6,0.46982790085731263,5.85,4.0,0.728421052631579,0.35,-376.010467462978,137.464914147908,-486.15853218561597,173.25520802839765,110.14806472263797,20,380,sensitivity_no_threshold,nan,nan,nan
JVS_JVSMuSiC,wavlm_l12,12,37,whitened_cosine,0.75,raw,0.9,1.0,0.95,1.1,1.0,0.9938157894736842,0.05,0.25339480092175964,0.0811020138120032,-0.019392792740699143,0.07856974722811944,0.2727875936624588,20,380,sensitivity_no_threshold,nan,nan,nan
JVS_JVSMuSiC,wavlm_l12,12,37,whitened_cosine,0.75,query,0.9,1.0,0.95,1.1,1.0,0.9928947368421053,0.05,0.2954887079285278,0.07968277879882646,0.022170644000465367,0.07891903391598114,0.27331806392806246,20,380,sensitivity_no_threshold,nan,nan,nan
JVS_JVSMuSiC,wavlm_l12,12,37,mahalanobis,0.75,raw,0.35,0.7,0.4937388306138306,5.3,3.0,0.7418421052631579,0.35,-357.0962362618637,128.62574911321263,-471.4501260104704,166.2810151425031,114.35388974860672,20,380,sensitivity_no_threshold,nan,nan,nan
JVS_JVSMuSiC,wavlm_l12,12,37,mahalanobis,0.75,query,0.35,0.7,0.4937388306138306,5.3,3.0,0.7406578947368421,0.35,-341.6448584807498,129.4081704586358,-455.9987482293464,166.70928047263715,114.3538897485966,20,380,sensitivity_no_threshold,nan,nan,nan
JVS_JVSMuSiC,wavlm_l12,12,37,whitened_cosine,0.9,raw,0.85,1.0,0.9166666666666667,1.2,1.0,0.983421052631579,0.05,0.25536285393495256,0.09887465705182287,-0.04176566972338373,0.09001925005281144,0.2971285236583363,20,380,sensitivity_no_threshold,nan,nan,nan
JVS_JVSMuSiC,wavlm_l12,12,37,whitened_cosine,0.9,query,0.9,1.0,0.95,1.1,1.0,0.9815789473684211,0.05131578947368421,0.33912114692235484,0.09751749955403903,0.0408572969121407,0.09104503585808152,0.29826385001021416,20,380,sensitivity_no_threshold,nan,nan,nan
JVS_JVSMuSiC,wavlm_l12,12,37,mahalanobis,0.9,raw,0.45,0.75,0.5794017094017094,4.55,2.0,0.7605263157894737,0.35,-428.9283401533212,152.60419959527417,-582.7007700901843,201.48257122778733,153.7724299368631,20,380,sensitivity_no_threshold,nan,nan,nan
JVS_JVSMuSiC,wavlm_l12,12,37,mahalanobis,0.9,query,0.45,0.75,0.5769017094017094,4.6,2.0,0.7569736842105264,0.35526315789473684,-391.03794472792435,154.9469431656249,-544.8103746647864,202.8683310411724,153.77242993686207,20,380,sensitivity_no_threshold,nan,nan,nan
JVS_JVSMuSiC,wavlm_l12,12,37,whitened_cosine,0.99,raw,0.7,0.95,0.8041666666666668,2.0,1.0,0.9327631578947368,0.15,0.13393202941723306,0.15528206495877947,-0.18321304535516839,0.13294793385030115,0.31714507477240145,20,380,sensitivity_no_threshold,nan,nan,nan
JVS_JVSMuSiC,wavlm_l12,12,37,whitened_cosine,0.99,query,0.7,0.9,0.8113095238095237,2.05,1.0,0.9515789473684211,0.1,0.49568586478106413,0.11969211397014798,0.17384756254017794,0.14034408342715116,0.32183830224088616,20,380,sensitivity_no_threshold,nan,nan,nan
JVS_JVSMuSiC,wavlm_l12,12,37,mahalanobis,0.99,raw,0.45,0.75,0.6027923669467786,3.9,2.0,0.8046052631578947,0.2934210526315789,-920.4162596565308,237.23161264910934,-1264.0556599197714,366.5777534830081,343.63940026324065,20,380,sensitivity_no_threshold,nan,nan,nan
JVS_JVSMuSiC,wavlm_l12,12,37,mahalanobis,0.99,query,0.45,0.8,0.6368055555555555,3.7,2.0,0.7931578947368421,0.3,-587.9512436001794,255.94934033787382,-931.5906438634084,375.21640044565254,343.63940026322905,20,380,sensitivity_no_threshold,nan,nan,nan
JVS_JVSMuSiC,wavlm_l12,12,37,whitened_cosine,1.0,raw,0.2,0.55,0.3791636141636141,5.75,4.5,0.7248684210526316,0.35,-0.4380991736141723,0.22013149212733407,-0.6022457078092551,0.14967511314604157,0.16414653419508285,20,380,sensitivity_no_threshold,nan,nan,nan
JVS_JVSMuSiC,wavlm_l12,12,37,whitened_cosine,1.0,query,0.55,0.75,0.6458333333333333,4.0,1.0,0.8098684210526316,0.25394736842105264,0.7641318929066091,0.11001269173706915,0.5963878913508747,0.16570313059061284,0.16774400155573443,20,380,sensitivity_no_threshold,nan,nan,nan
JVS_JVSMuSiC,wavlm_l12,12,37,mahalanobis,1.0,raw,0.2,0.35,0.3186977554179567,8.1,7.0,0.6327631578947368,0.4,-4269.700191201319,876.6159722118238,-4802.885022556879,1191.6800302741867,533.1848313555602,20,380,sensitivity_no_threshold,nan,nan,nan
JVS_JVSMuSiC,wavlm_l12,12,37,mahalanobis,1.0,query,0.4,0.8,0.5867089598997494,3.9,2.0,0.8021052631578948,0.3,-758.5291052539935,376.67132652287864,-1291.7139366095475,605.3743220485593,533.184831355554,20,380,sensitivity_no_threshold,nan,nan,nan
JVS_JVSMuSiC,wavlm_l12,12,41,whitened_cosine,0.1,raw,0.8,0.95,0.8613095238095239,1.6,1.0,0.963421052631579,0.1105263157894737,0.171184222100882,0.07535654081169361,-0.00601114306252598,0.07153750348409856,0.17719536516340798,20,380,sensitivity_no_threshold,nan,nan,nan
JVS_JVSMuSiC,wavlm_l12,12,41,whitened_cosine,0.1,query,0.8,0.95,0.8613095238095239,1.6,1.0,0.963421052631579,0.1105263157894737,0.1750786654310728,0.07529270158855647,-0.0021309796368109905,0.071558736755387,0.1772096450678838,20,380,sensitivity_no_threshold,nan,nan,nan
JVS_JVSMuSiC,wavlm_l12,12,41,mahalanobis,0.1,raw,0.25,0.5,0.39015222930664106,7.35,6.5,0.665921052631579,0.4,-1269.127805981232,417.3595298792925,-1484.6303183420196,466.52262331686944,215.50251236078748,20,380,sensitivity_no_threshold,nan,nan,nan
JVS_JVSMuSiC,wavlm_l12,12,41,mahalanobis,0.1,query,0.25,0.5,0.39015222930664106,7.35,6.5,0.6660526315789473,0.4,-1264.567881993699,417.46900958401585,-1480.0703943544934,466.7275984818891,215.5025123607943,20,380,sensitivity_no_threshold,nan,nan,nan
JVS_JVSMuSiC,wavlm_l12,12,41,whitened_cosine,0.25,raw,0.8,1.0,0.875,1.4,1.0,0.9722368421052632,0.1,0.17996250307162237,0.07673327678392719,-0.007283722162133472,0.07134952419936808,0.18724622523375584,20,380,sensitivity_no_threshold,nan,nan,nan
JVS_JVSMuSiC,wavlm_l12,12,41,whitened_cosine,0.25,query,0.8,1.0,0.875,1.4,1.0,0.9727631578947369,0.1,0.189189285887776,0.07657813493271244,0.0019146377289391552,0.07137915505782991,0.18727464815883685,20,380,sensitivity_no_threshold,nan,nan,nan
JVS_JVSMuSiC,wavlm_l12,12,41,mahalanobis,0.25,raw,0.25,0.5,0.401824148074148,7.0,5.5,0.6923684210526316,0.4,-618.6325827975991,207.48884392477993,-733.0935800454935,230.1787943489739,114.4609972478944,20,380,sensitivity_no_threshold,nan,nan,nan
JVS_JVSMuSiC,wavlm_l12,12,41,mahalanobis,0.25,query,0.25,0.5,0.401824148074148,7.0,5.5,0.6915789473684211,0.4,-613.144669219997,207.54486684236667,-727.6056664679203,230.35582111944754,114.46099724792327,20,380,sensitivity_no_threshold,nan,nan,nan
JVS_JVSMuSiC,wavlm_l12,12,41,whitened_cosine,0.5,raw,0.85,1.0,0.9125,1.25,1.0,0.9731578947368421,0.1,0.18627053641592065,0.08163274341299467,-0.01143086013014063,0.0741127260877325,0.19770139654606128,20,380,sensitivity_no_threshold,nan,nan,nan
JVS_JVSMuSiC,wavlm_l12,12,41,whitened_cosine,0.5,query,0.9,1.0,0.9375,1.2,1.0,0.974078947368421,0.09868421052631579,0.2064728936346391,0.08136569063352332,0.008708376566765619,0.07416880821786609,0.19776451706787349,20,380,sensitivity_no_threshold,nan,nan,nan
JVS_JVSMuSiC,wavlm_l12,12,41,mahalanobis,0.5,raw,0.35,0.55,0.46364829614829606,6.3,4.5,0.7260526315789474,0.35526315789473684,-409.301179344354,144.21961766534642,-491.1636045967771,156.96353895017103,81.86242525242307,20,380,sensitivity_no_threshold,nan,nan,nan
JVS_JVSMuSiC,wavlm_l12,12,41,mahalanobis,0.5,query,0.35,0.55,0.4624392274392273,6.45,4.5,0.7243421052631579,0.3513157894736842,-401.0392600944353,144.13308403456926,-482.9016853468759,157.05488974115175,81.86242525244063,20,380,sensitivity_no_threshold,nan,nan,nan
JVS_JVSMuSiC,wavlm_l12,12,41,whitened_cosine,0.75,raw,0.85,1.0,0.9041666666666666,1.3,1.0,0.9621052631578947,0.1118421052631579,0.18820573635523785,0.0906288600143946,-0.020436486164381085,0.08039030242627461,0.20864222251961895,20,380,sensitivity_no_threshold,nan,nan,nan
JVS_JVSMuSiC,wavlm_l12,12,41,whitened_cosine,0.75,query,0.8,1.0,0.8666666666666666,1.45,1.0,0.9619736842105263,0.10921052631578948,0.23024555868059596,0.09039147049791572,0.02140989614307216,0.08058689214026658,0.2088356625375238,20,380,sensitivity_no_threshold,nan,nan,nan
JVS_JVSMuSiC,wavlm_l12,12,41,mahalanobis,0.75,raw,0.4,0.6,0.5030344655344656,5.8,3.5,0.7444736842105263,0.35,-383.2048784650848,143.27336634379125,-465.2579928325739,152.3190832347228,82.05311436748912,20,380,sensitivity_no_threshold,nan,nan,nan
JVS_JVSMuSiC,wavlm_l12,12,41,mahalanobis,0.75,query,0.4,0.6,0.5030344655344655,5.8,3.5,0.7411842105263158,0.35,-366.64922801001086,142.67500558087306,-448.7023423774801,152.03722230173813,82.05311436746922,20,380,sensitivity_no_threshold,nan,nan,nan
JVS_JVSMuSiC,wavlm_l12,12,41,whitened_cosine,0.9,raw,0.7,1.0,0.7958333333333333,1.65,1.0,0.949078947368421,0.15,0.1819002789869325,0.09969531576172315,-0.04016151967725991,0.09169518437792623,0.2220617986641924,20,380,sensitivity_no_threshold,nan,nan,nan
JVS_JVSMuSiC,wavlm_l12,12,41,whitened_cosine,0.9,query,0.7,0.95,0.7946428571428572,1.8,1.0,0.9486842105263158,0.10526315789473684,0.2678914192574309,0.09923441985476399,0.045227290207295365,0.09215364922214866,0.2226641290501355,20,380,sensitivity_no_threshold,nan,nan,nan
JVS_JVSMuSiC,wavlm_l12,12,41,mahalanobis,0.9,raw,0.45,0.65,0.5518903318903319,5.45,2.5,0.7546052631578948,0.3394736842105263,-461.5121526104005,178.54465438992577,-567.1539178183232,186.8109661455565,105.64176520792267,20,380,sensitivity_no_threshold,nan,nan,nan
JVS_JVSMuSiC,wavlm_l12,12,41,mahalanobis,0.9,query,0.45,0.65,0.5502994227994228,5.4,2.5,0.7546052631578948,0.3486842105263158,-420.24946609551114,175.84389009634518,-525.8912313034368,184.80288730744712,105.64176520792569,20,380,sensitivity_no_threshold,nan,nan,nan
JVS_JVSMuSiC,wavlm_l12,12,41,whitened_cosine,0.99,raw,0.55,0.85,0.6696049783549783,2.85,1.0,0.8935526315789474,0.2,0.03752907422440676,0.1285223441830401,-0.1979372268044786,0.1245296316258322,0.23546630102888536,20,380,sensitivity_no_threshold,nan,nan,nan
JVS_JVSMuSiC,wavlm_l12,12,41,whitened_cosine,0.99,query,0.5,0.9,0.6512499999999999,2.55,1.5,0.9257894736842105,0.15,0.44020254306839596,0.10039519177300005,0.20144689731936288,0.12432588435638865,0.23875564574903307,20,380,sensitivity_no_threshold,nan,nan,nan
JVS_JVSMuSiC,wavlm_l12,12,41,mahalanobis,0.99,raw,0.4,0.65,0.5348754461912357,5.7,2.0,0.7496052631578948,0.3,-1000.0193514103433,343.3158229305938,-1220.6841016830942,356.97060483846946,220.6647502727509,20,380,sensitivity_no_threshold,nan,nan,nan
JVS_JVSMuSiC,wavlm_l12,12,41,mahalanobis,0.99,query,0.4,0.7,0.5336111111111111,5.05,2.5,0.776578947368421,0.2881578947368421,-620.844278621317,288.3774005632013,-841.5090288940731,312.46127233326325,220.66475027275612,20,380,sensitivity_no_threshold,nan,nan,nan
JVS_JVSMuSiC,wavlm_l12,12,41,whitened_cosine,1.0,raw,0.15,0.6,0.3598596746390864,5.55,4.0,0.7364473684210526,0.30526315789473685,-0.5452060706903512,0.13926579181365553,-0.6573295605750794,0.11056102255939855,0.1121234898847282,20,380,sensitivity_no_threshold,nan,nan,nan
JVS_JVSMuSiC,wavlm_l12,12,41,whitened_cosine,1.0,query,0.4,0.65,0.508888888888889,4.75,3.0,0.7934210526315789,0.3,0.7715819417995385,0.07370991036777322,0.6581267458340447,0.10866972758833998,0.1134551959654938,20,380,sensitivity_no_threshold,nan,nan,nan
JVS_JVSMuSiC,wavlm_l12,12,41,mahalanobis,1.0,raw,0.1,0.35,0.23403200450220568,9.2,7.0,0.5843421052631579,0.4473684210526316,-4841.806957614533,1467.7764548380253,-5162.707484033079,1432.2491449380311,320.9005264185462,20,380,sensitivity_no_threshold,nan,nan,nan
JVS_JVSMuSiC,wavlm_l12,12,41,mahalanobis,1.0,query,0.35,0.7,0.49470113220113215,5.4,3.0,0.771578947368421,0.3,-806.2823203858613,440.2835820329837,-1127.1828468044093,472.65011644578317,320.900526418548,20,380,sensitivity_no_threshold,nan,nan,nan
JVS_JVSMuSiC,wavlm_l12,12,43,whitened_cosine,0.1,raw,0.8,0.95,0.8671428571428571,1.6,1.0,0.9578947368421052,0.14342105263157895,0.19772873302993815,0.07637164314555982,0.0009201190189693664,0.07306700154321726,0.19680861401096877,20,380,sensitivity_no_threshold,nan,nan,nan
JVS_JVSMuSiC,wavlm_l12,12,43,whitened_cosine,0.1,query,0.8,0.95,0.8671428571428571,1.6,1.0,0.9581578947368421,0.14473684210526316,0.20162544258640097,0.07604843957964698,0.0048024698417419905,0.07315136165400535,0.19682297274465899,20,380,sensitivity_no_threshold,nan,nan,nan
JVS_JVSMuSiC,wavlm_l12,12,43,mahalanobis,0.1,raw,0.25,0.45,0.37049478299478306,7.4,6.0,0.7051315789473684,0.39210526315789473,-1168.4794639735483,333.013127215572,-1407.4543478401,391.6135832885798,238.97488386655164,20,380,sensitivity_no_threshold,nan,nan,nan
JVS_JVSMuSiC,wavlm_l12,12,43,mahalanobis,0.1,query,0.25,0.45,0.37049478299478306,7.4,6.0,0.705,0.39210526315789473,-1164.3636599260033,333.100157101476,-1403.338543792482,391.71777406848605,238.97488386647865,20,380,sensitivity_no_threshold,nan,nan,nan
JVS_JVSMuSiC,wavlm_l12,12,43,whitened_cosine,0.25,raw,0.8,0.9,0.8654761904761905,1.65,1.0,0.9644736842105263,0.1,0.20071119189727482,0.07580423687822105,-0.002568481969184111,0.07296130988346566,0.20327967386645893,20,380,sensitivity_no_threshold,nan,nan,nan
JVS_JVSMuSiC,wavlm_l12,12,43,whitened_cosine,0.25,query,0.8,0.9,0.8654761904761905,1.65,1.0,0.965,0.1,0.20996707592289043,0.075199380513924,0.006665578217099905,0.0731168219432547,0.20330149770579053,20,380,sensitivity_no_threshold,nan,nan,nan
JVS_JVSMuSiC,wavlm_l12,12,43,mahalanobis,0.25,raw,0.25,0.6,0.3760596756184992,7.1,5.0,0.7117105263157895,0.3960526315789474,-572.1830631407181,157.5335088293237,-695.8085312755353,185.6313241864623,123.6254681348172,20,380,sensitivity_no_threshold,nan,nan,nan
JVS_JVSMuSiC,wavlm_l12,12,43,mahalanobis,0.25,query,0.25,0.6,0.3760596756184992,7.1,5.0,0.7114473684210526,0.3960526315789474,-567.2206241345178,157.64958927362989,-690.8460922693264,185.7359709661455,123.62546813480856,20,380,sensitivity_no_threshold,nan,nan,nan
JVS_JVSMuSiC,wavlm_l12,12,43,whitened_cosine,0.5,raw,0.85,0.9,0.8883928571428571,1.7,1.0,0.9635526315789473,0.1,0.19990163426079371,0.07731926696607108,-0.009000451707240467,0.07585725623335446,0.20890208596803417,20,380,sensitivity_no_threshold,nan,nan,nan
JVS_JVSMuSiC,wavlm_l12,12,43,whitened_cosine,0.5,query,0.85,0.9,0.8883928571428571,1.7,1.0,0.9642105263157895,0.1,0.22016592016419184,0.07608557653847624,0.011265065339717651,0.07607621443289903,0.20890085482447418,20,380,sensitivity_no_threshold,nan,nan,nan
JVS_JVSMuSiC,wavlm_l12,12,43,mahalanobis,0.5,raw,0.2,0.55,0.3473744515288633,7.05,5.0,0.7215789473684211,0.3894736842105263,-381.27086208516266,98.84034893397673,-468.20219851812334,119.07711173800983,86.93133643296068,20,380,sensitivity_no_threshold,nan,nan,nan
JVS_JVSMuSiC,wavlm_l12,12,43,mahalanobis,0.5,query,0.2,0.55,0.3473744515288633,7.05,5.0,0.7209210526315789,0.3907894736842106,-373.7787287090832,99.03449825998676,-460.71006514203197,119.20711208602549,86.93133643294874,20,380,sensitivity_no_threshold,nan,nan,nan
JVS_JVSMuSiC,wavlm_l12,12,43,whitened_cosine,0.75,raw,0.85,0.95,0.89125,1.6,1.0,0.9609210526315789,0.1,0.1943475873903022,0.08409022252789604,-0.020694750993224046,0.08323368700210358,0.21504233838352624,20,380,sensitivity_no_threshold,nan,nan,nan
JVS_JVSMuSiC,wavlm_l12,12,43,whitened_cosine,0.75,query,0.85,0.95,0.89125,1.6,1.0,0.963421052631579,0.1,0.23658541644704495,0.08072372440740593,0.021685836956596007,0.08336776864351066,0.21489957949044894,20,380,sensitivity_no_threshold,nan,nan,nan
JVS_JVSMuSiC,wavlm_l12,12,43,mahalanobis,0.75,raw,0.25,0.55,0.4078311965811966,6.15,4.5,0.7347368421052631,0.35,-359.08592213201774,86.39651279271484,-445.84822258107016,110.11156689798143,86.76230044905242,20,380,sensitivity_no_threshold,nan,nan,nan
JVS_JVSMuSiC,wavlm_l12,12,43,mahalanobis,0.75,query,0.25,0.55,0.39949786324786324,6.2,4.5,0.733421052631579,0.35,-343.948684837365,86.72866784269368,-430.7109852864052,110.30374549811965,86.7623004490402,20,380,sensitivity_no_threshold,nan,nan,nan
JVS_JVSMuSiC,wavlm_l12,12,43,whitened_cosine,0.9,raw,0.75,0.85,0.8166666666666668,1.9,1.0,0.9492105263157895,0.15,0.1831188147476744,0.10009741696439692,-0.04262630902897555,0.09622339217723297,0.22574512377664996,20,380,sensitivity_no_threshold,nan,nan,nan
JVS_JVSMuSiC,wavlm_l12,12,43,whitened_cosine,0.9,query,0.8,0.95,0.85,1.65,1.0,0.953421052631579,0.15,0.26987849197130453,0.08996593013053499,0.04471504680548257,0.09540924549031536,0.22516344516582196,20,380,sensitivity_no_threshold,nan,nan,nan
JVS_JVSMuSiC,wavlm_l12,12,43,mahalanobis,0.9,raw,0.35,0.55,0.4663299200799201,5.25,4.5,0.7536842105263157,0.3,-431.21220635125064,96.22079910194827,-543.6148974187298,132.7380795511011,112.40269106747917,20,380,sensitivity_no_threshold,nan,nan,nan
JVS_JVSMuSiC,wavlm_l12,12,43,mahalanobis,0.9,query,0.4,0.55,0.49507992007992013,5.05,4.0,0.7528947368421053,0.3,-392.98657932782737,96.36831528575857,-505.38927039530734,133.0706055840515,112.40269106747996,20,380,sensitivity_no_threshold,nan,nan,nan
JVS_JVSMuSiC,wavlm_l12,12,43,whitened_cosine,0.99,raw,0.5,0.8,0.6650595238095238,2.6,1.5,0.8814473684210526,0.24078947368421053,0.050558176841936274,0.15253929214569437,-0.19060197780489077,0.13915916483296675,0.24116015464682705,20,380,sensitivity_no_threshold,nan,nan,nan
JVS_JVSMuSiC,wavlm_l12,12,43,whitened_cosine,0.99,query,0.55,0.95,0.6966666666666665,2.2,1.0,0.9356578947368421,0.15,0.45338579100378534,0.08613359723369388,0.21625756510057473,0.12840151767953567,0.23712822590321062,20,380,sensitivity_no_threshold,nan,nan,nan
JVS_JVSMuSiC,wavlm_l12,12,43,mahalanobis,0.99,raw,0.2,0.8,0.4371078431372549,4.2,3.0,0.7890789473684211,0.3,-913.3208084723694,175.6263320757154,-1150.0631234319292,231.45132955741695,236.74231495955974,20,380,sensitivity_no_threshold,nan,nan,nan
JVS_JVSMuSiC,wavlm_l12,12,43,mahalanobis,0.99,query,0.3,0.75,0.5283234126984127,3.6,2.0,0.8078947368421052,0.3,-559.1033413389872,148.82107758762533,-795.8456562985482,228.87324742439742,236.74231495956099,20,380,sensitivity_no_threshold,nan,nan,nan
JVS_JVSMuSiC,wavlm_l12,12,43,whitened_cosine,1.0,raw,0.15,0.6,0.3358302808302808,5.45,5.0,0.7007894736842105,0.35,-0.5246611846586987,0.18545174673612044,-0.641549207580961,0.13463746306253055,0.1168880229222623,20,380,sensitivity_no_threshold,nan,nan,nan
JVS_JVSMuSiC,wavlm_l12,12,43,whitened_cosine,1.0,query,0.4,0.7,0.5382936507936508,4.5,2.5,0.7948684210526316,0.24210526315789474,0.7856275986130639,0.06945922053706154,0.6771508360299753,0.11256336731223901,0.10847676258308858,20,380,sensitivity_no_threshold,nan,nan,nan
JVS_JVSMuSiC,wavlm_l12,12,43,mahalanobis,1.0,raw,0.1,0.3,0.24433973190552138,8.65,9.5,0.594078947368421,0.4486842105263158,-4468.838263400648,1029.2825731462758,-4808.638458511597,980.8096726445116,339.80019511094815,20,380,sensitivity_no_threshold,nan,nan,nan
JVS_JVSMuSiC,wavlm_l12,12,43,mahalanobis,1.0,query,0.3,0.7,0.4998778998778999,4.3,2.5,0.7980263157894737,0.25,-695.9715024084333,226.79807777414348,-1035.771697519394,336.7740642138191,339.80019511096066,20,380,sensitivity_no_threshold,nan,nan,nan
JVS_JVSMuSiC,wavlm_l12,12,47,whitened_cosine,0.1,raw,0.7,0.75,0.7534722222222222,3.3,1.0,0.881578947368421,0.24736842105263157,0.1934580453170361,0.12929737808258765,0.0012695101047279667,0.07531405954150971,0.1921885352123081,20,380,sensitivity_no_threshold,nan,nan,nan
JVS_JVSMuSiC,wavlm_l12,12,47,whitened_cosine,0.1,query,0.7,0.75,0.7534722222222222,3.3,1.0,0.881578947368421,0.24605263157894736,0.1973262748322342,0.1289220240487783,0.0051525370678356715,0.07536383271553565,0.19217373776439853,20,380,sensitivity_no_threshold,nan,nan,nan
JVS_JVSMuSiC,wavlm_l12,12,47,mahalanobis,0.1,raw,0.25,0.45,0.3609669701213819,7.4,6.5,0.665921052631579,0.35,-1285.1516917808797,505.98681942227086,-1544.4912606375635,620.570118159123,259.33956885668385,20,380,sensitivity_no_threshold,nan,nan,nan
JVS_JVSMuSiC,wavlm_l12,12,47,mahalanobis,0.1,query,0.25,0.45,0.3609669701213819,7.4,6.5,0.665921052631579,0.3513157894736842,-1280.7441509397934,506.1625645077643,-1540.0837197964784,620.6395311543968,259.339568856685,20,380,sensitivity_no_threshold,nan,nan,nan
JVS_JVSMuSiC,wavlm_l12,12,47,whitened_cosine,0.25,raw,0.7,0.85,0.7696078431372549,2.65,1.0,0.9080263157894737,0.24473684210526314,0.20691417354528324,0.12659348520031877,-0.002073775063386033,0.07729693616344809,0.2089879486086693,20,380,sensitivity_no_threshold,nan,nan,nan
JVS_JVSMuSiC,wavlm_l12,12,47,whitened_cosine,0.25,query,0.7,0.85,0.767107843137255,2.7,1.0,0.908157894736842,0.24473684210526314,0.21595220722752378,0.1257386212016998,0.006992789627233793,0.07740232026481382,0.20895941760029,20,380,sensitivity_no_threshold,nan,nan,nan
JVS_JVSMuSiC,wavlm_l12,12,47,mahalanobis,0.25,raw,0.25,0.5,0.39385302197802197,6.75,5.5,0.6867105263157894,0.35,-627.0811746980268,251.1887599044417,-769.7913791511819,313.32667564838596,142.71020445315514,20,380,sensitivity_no_threshold,nan,nan,nan
JVS_JVSMuSiC,wavlm_l12,12,47,mahalanobis,0.25,query,0.25,0.5,0.38551968864468866,6.8,5.5,0.6867105263157894,0.35,-621.8539972020487,251.4177343458314,-764.5642016552351,313.4193218251876,142.7102044531864,20,380,sensitivity_no_threshold,nan,nan,nan
JVS_JVSMuSiC,wavlm_l12,12,47,whitened_cosine,0.5,raw,0.7,0.95,0.7972222222222223,1.9,1.0,0.9343421052631579,0.1881578947368421,0.22438253841575154,0.12375178321917674,-0.00813663540159956,0.08190729618517975,0.2325191738173511,20,380,sensitivity_no_threshold,nan,nan,nan
JVS_JVSMuSiC,wavlm_l12,12,47,whitened_cosine,0.5,query,0.7,0.95,0.7930555555555555,1.95,1.0,0.9356578947368421,0.1881578947368421,0.24376105280553534,0.12191078530246512,0.01129526375884406,0.0821643149937878,0.23246578904669127,20,380,sensitivity_no_threshold,nan,nan,nan
JVS_JVSMuSiC,wavlm_l12,12,47,mahalanobis,0.5,raw,0.3,0.6,0.43490576309655254,6.05,4.5,0.7088157894736842,0.34342105263157896,-414.11012385435316,169.962604396196,-523.5418302024655,220.62867948789122,109.4317063481123,20,380,sensitivity_no_threshold,nan,nan,nan
JVS_JVSMuSiC,wavlm_l12,12,47,mahalanobis,0.5,query,0.3,0.55,0.43323909642988595,6.1,4.5,0.708421052631579,0.3421052631578947,-406.4064115153087,170.35306713359776,-515.838117863431,220.79176942147893,109.43170634812225,20,380,sensitivity_no_threshold,nan,nan,nan
JVS_JVSMuSiC,wavlm_l12,12,47,whitened_cosine,0.75,raw,0.8,1.0,0.8516666666666666,1.6,1.0,0.9568421052631579,0.15,0.23984811026553135,0.12080774304380977,-0.018223781961378357,0.0888690566561189,0.2580718922269097,20,380,sensitivity_no_threshold,nan,nan,nan
JVS_JVSMuSiC,wavlm_l12,12,47,whitened_cosine,0.75,query,0.8,1.0,0.8474999999999999,1.65,1.0,0.9614473684210526,0.10131578947368422,0.2790765600616887,0.1164435785550654,0.021090353026268854,0.08953729168857144,0.25798620703541986,20,380,sensitivity_no_threshold,nan,nan,nan
JVS_JVSMuSiC,wavlm_l12,12,47,mahalanobis,0.75,raw,0.3,0.7,0.45103354978354976,5.4,4.0,0.7285526315789473,0.3,-386.78384317055753,160.44952796361102,-505.5803097474374,224.09635196469586,118.79646657687988,20,380,sensitivity_no_threshold,nan,nan,nan
JVS_JVSMuSiC,wavlm_l12,12,47,mahalanobis,0.75,query,0.3,0.7,0.442005772005772,5.5,4.0,0.7275,0.3,-371.746837507101,161.34636228449338,-490.54330408396834,224.47416372293733,118.79646657686732,20,380,sensitivity_no_threshold,nan,nan,nan
JVS_JVSMuSiC,wavlm_l12,12,47,whitened_cosine,0.9,raw,0.8,1.0,0.86,1.5,1.0,0.9621052631578947,0.1118421052631579,0.2440213261788649,0.12216313782705025,-0.03560370302663945,0.09839352664880341,0.27962502920550436,20,380,sensitivity_no_threshold,nan,nan,nan
JVS_JVSMuSiC,wavlm_l12,12,47,whitened_cosine,0.9,query,0.8,1.0,0.8625,1.45,1.0,0.9707894736842105,0.10131578947368422,0.32180894951900935,0.11004825492937145,0.042208276800250286,0.10004132736393354,0.27960067271875905,20,380,sensitivity_no_threshold,nan,nan,nan
JVS_JVSMuSiC,wavlm_l12,12,47,mahalanobis,0.9,raw,0.3,0.65,0.45631313131313134,5.15,3.0,0.7355263157894737,0.3,-466.41739862617834,195.0427442926412,-628.0352592262809,298.30132641853834,161.61786060010257,20,380,sensitivity_no_threshold,nan,nan,nan
JVS_JVSMuSiC,wavlm_l12,12,47,mahalanobis,0.9,query,0.3,0.65,0.4534938672438672,5.0,3.0,0.7357894736842105,0.3,-429.9695161709518,197.3493801797273,-591.5873767710547,299.1908622331643,161.61786060010286,20,380,sensitivity_no_threshold,nan,nan,nan
JVS_JVSMuSiC,wavlm_l12,12,47,whitened_cosine,0.99,raw,0.7,0.85,0.78,2.4,1.0,0.9038157894736842,0.15,0.12997252762262956,0.173940573568808,-0.15744525025488046,0.12962860696370385,0.28741777787751,20,380,sensitivity_no_threshold,nan,nan,nan
JVS_JVSMuSiC,wavlm_l12,12,47,whitened_cosine,0.99,query,0.75,1.0,0.86,1.4,1.0,0.9609210526315789,0.1105263157894737,0.47773637383398065,0.08826951554280943,0.18860389460766283,0.13767635639616077,0.2891324792263178,20,380,sensitivity_no_threshold,nan,nan,nan
JVS_JVSMuSiC,wavlm_l12,12,47,mahalanobis,0.99,raw,0.35,0.7,0.4955059523809524,5.15,3.0,0.7525,0.3026315789473684,-999.3214133305679,421.2393817089258,-1348.9494489256147,738.8888101312929,349.62803559504675,20,380,sensitivity_no_threshold,nan,nan,nan
JVS_JVSMuSiC,wavlm_l12,12,47,mahalanobis,0.99,query,0.35,0.75,0.5177704678362574,4.35,3.0,0.7578947368421053,0.3013157894736842,-675.8853677135951,420.42675157231304,-1025.5134033086279,722.4175850848361,349.62803559503277,20,380,sensitivity_no_threshold,nan,nan,nan
JVS_JVSMuSiC,wavlm_l12,12,47,whitened_cosine,1.0,raw,0.2,0.65,0.4113095238095238,5.65,3.5,0.7114473684210526,0.3486842105263158,-0.44244044192835397,0.2190376741434155,-0.593752327649877,0.1328890993279525,0.151311885721523,20,380,sensitivity_no_threshold,nan,nan,nan
JVS_JVSMuSiC,wavlm_l12,12,47,whitened_cosine,1.0,query,0.45,0.65,0.5863677988677989,3.7,2.0,0.8146052631578947,0.25,0.7678774910199022,0.07859522944784755,0.6193386170616986,0.15542022637991787,0.14853887395820364,20,380,sensitivity_no_threshold,nan,nan,nan
JVS_JVSMuSiC,wavlm_l12,12,47,mahalanobis,1.0,raw,0.15,0.3,0.28940131355572535,7.9,6.5,0.593421052631579,0.4,-4431.890206554027,1156.1265260293562,-4969.44305719272,1865.9406147728032,537.5528506386927,20,380,sensitivity_no_threshold,nan,nan,nan
JVS_JVSMuSiC,wavlm_l12,12,47,mahalanobis,1.0,query,0.3,0.75,0.4736111111111111,4.45,3.0,0.7621052631578947,0.3,-864.1957802708115,629.6449628000975,-1401.748630909506,1138.590808574894,537.5528506386944,20,380,sensitivity_no_threshold,nan,nan,nan
JVS_JVSMuSiC,wavlm_l12,12,53,whitened_cosine,0.1,raw,0.75,0.95,0.8400000000000001,1.8,1.0,0.9503947368421053,0.1,0.1699903933632238,0.06215390824835192,0.008887780237929601,0.07255897258771606,0.1611026131252942,20,380,sensitivity_no_threshold,nan,nan,nan
JVS_JVSMuSiC,wavlm_l12,12,53,whitened_cosine,0.1,query,0.7,0.95,0.8150000000000001,1.85,1.0,0.95,0.1,0.17357114716909502,0.06221880347751798,0.01246017239298138,0.07252985807688954,0.16111097477611364,20,380,sensitivity_no_threshold,nan,nan,nan
JVS_JVSMuSiC,wavlm_l12,12,53,mahalanobis,0.1,raw,0.35,0.5,0.4456089743589743,6.95,5.5,0.6656578947368421,0.4,-1397.4482221526619,836.965421973567,-1609.509902964646,920.1275634991432,212.06168081198416,20,380,sensitivity_no_threshold,nan,nan,nan
JVS_JVSMuSiC,wavlm_l12,12,53,mahalanobis,0.1,query,0.35,0.5,0.4456089743589743,6.95,5.5,0.6657894736842105,0.4,-1393.2810058471805,837.0773577860664,-1605.3426866592042,920.2010578901667,212.06168081202372,20,380,sensitivity_no_threshold,nan,nan,nan
JVS_JVSMuSiC,wavlm_l12,12,53,whitened_cosine,0.25,raw,0.75,0.95,0.84375,1.65,1.0,0.9613157894736842,0.1,0.1826663515451324,0.06220545411822611,0.007672507915063654,0.07255447574024106,0.17499384363006873,20,380,sensitivity_no_threshold,nan,nan,nan
JVS_JVSMuSiC,wavlm_l12,12,53,whitened_cosine,0.25,query,0.75,0.95,0.84375,1.65,1.0,0.9613157894736842,0.1,0.19107244881901114,0.062437565117140256,0.01606324275537817,0.07247332241736437,0.17500920606363296,20,380,sensitivity_no_threshold,nan,nan,nan
JVS_JVSMuSiC,wavlm_l12,12,53,mahalanobis,0.25,raw,0.4,0.55,0.4899076617826618,6.45,4.5,0.6805263157894736,0.4,-682.1628147274198,399.4683085437903,-797.7830429406786,443.6425751166498,115.62022821325877,20,380,sensitivity_no_threshold,nan,nan,nan
JVS_JVSMuSiC,wavlm_l12,12,53,mahalanobis,0.25,query,0.4,0.55,0.4899076617826618,6.45,4.5,0.6801315789473684,0.4,-677.1725674315618,399.5836901103114,-792.7927956448375,443.7080244097118,115.62022821327571,20,380,sensitivity_no_threshold,nan,nan,nan
JVS_JVSMuSiC,wavlm_l12,12,53,whitened_cosine,0.5,raw,0.75,0.95,0.8416666666666666,1.55,1.0,0.9617105263157895,0.1,0.1944248424468833,0.06570101625789888,0.004585748988198023,0.0761864278474777,0.18983909345868527,20,380,sensitivity_no_threshold,nan,nan,nan
JVS_JVSMuSiC,wavlm_l12,12,53,whitened_cosine,0.5,query,0.75,0.95,0.85,1.5,1.0,0.9631578947368421,0.1,0.21244155620583044,0.0658068030778663,0.022554984435131965,0.07590673724030603,0.18988657177069848,20,380,sensitivity_no_threshold,nan,nan,nan
JVS_JVSMuSiC,wavlm_l12,12,53,mahalanobis,0.5,raw,0.4,0.55,0.4988659951159951,6.05,3.5,0.6905263157894737,0.39210526315789473,-452.5967509466165,252.24569992655697,-539.9860559235241,291.9309358224746,87.38930497690757,20,380,sensitivity_no_threshold,nan,nan,nan
JVS_JVSMuSiC,wavlm_l12,12,53,mahalanobis,0.5,query,0.4,0.6,0.5005326617826618,6.0,3.5,0.69,0.3894736842105263,-445.18483536563144,252.38372268320697,-532.5741403425641,291.9757528228293,87.38930497693264,20,380,sensitivity_no_threshold,nan,nan,nan
JVS_JVSMuSiC,wavlm_l12,12,53,whitened_cosine,0.75,raw,0.75,0.95,0.8375,1.6,1.0,0.9511842105263157,0.15,0.20165691457497736,0.07902143480454991,-0.0023786373547052234,0.08542032877272403,0.2040355519296826,20,380,sensitivity_no_threshold,nan,nan,nan
JVS_JVSMuSiC,wavlm_l12,12,53,whitened_cosine,0.75,query,0.75,0.95,0.8333333333333334,1.65,1.0,0.9561842105263157,0.1473684210526316,0.23781967398097711,0.07763303285261199,0.033609309906368394,0.08448101344443006,0.2042103640746087,20,380,sensitivity_no_threshold,nan,nan,nan
JVS_JVSMuSiC,wavlm_l12,12,53,mahalanobis,0.75,raw,0.4,0.55,0.5183280812324929,5.55,2.5,0.6957894736842105,0.35,-427.01031871391314,223.76456808917473,-520.8722324583468,279.2724239265969,93.8619137444337,20,380,sensitivity_no_threshold,nan,nan,nan
JVS_JVSMuSiC,wavlm_l12,12,53,mahalanobis,0.75,query,0.4,0.55,0.5183280812324929,5.55,2.5,0.6957894736842105,0.35,-412.46853772076867,223.89442352731461,-506.3304514651856,279.1659387762528,93.86191374441694,20,380,sensitivity_no_threshold,nan,nan,nan
JVS_JVSMuSiC,wavlm_l12,12,53,whitened_cosine,0.9,raw,0.75,0.9,0.8378787878787879,1.9,1.0,0.9235526315789474,0.15,0.2017206109991286,0.10745371306854257,-0.017736623218148163,0.1022360884396712,0.21945723421727678,20,380,sensitivity_no_threshold,nan,nan,nan
JVS_JVSMuSiC,wavlm_l12,12,53,whitened_cosine,0.9,query,0.75,0.9,0.8272222222222222,2.05,1.0,0.93,0.15,0.2723981432937412,0.10191920604826248,0.05240608442808716,0.09998889813264349,0.219992058865654,20,380,sensitivity_no_threshold,nan,nan,nan
JVS_JVSMuSiC,wavlm_l12,12,53,mahalanobis,0.9,raw,0.35,0.7,0.5313815789473684,5.1,2.0,0.7002631578947368,0.35,-521.0911386002117,264.82293136926455,-650.3202651412511,360.62490770336024,129.22912654103936,20,380,sensitivity_no_threshold,nan,nan,nan
JVS_JVSMuSiC,wavlm_l12,12,53,mahalanobis,0.9,query,0.35,0.65,0.5274133249791144,5.2,2.0,0.6996052631578947,0.35,-485.59322849587915,264.44768385805673,-614.8223550369373,359.5436596970322,129.22912654105818,20,380,sensitivity_no_threshold,nan,nan,nan
JVS_JVSMuSiC,wavlm_l12,12,53,whitened_cosine,0.99,raw,0.6,0.85,0.7110714285714285,3.05,1.0,0.8592105263157894,0.15,0.11091329102509044,0.17920029442302823,-0.1404321251330471,0.1580486589466473,0.25134541615813755,20,380,sensitivity_no_threshold,nan,nan,nan
JVS_JVSMuSiC,wavlm_l12,12,53,whitened_cosine,0.99,query,0.4,0.85,0.6096843434343434,2.95,2.0,0.8905263157894737,0.20263157894736844,0.4228056603229563,0.13357170911455904,0.16857912901842945,0.15275114034439122,0.2542265313045269,20,380,sensitivity_no_threshold,nan,nan,nan
JVS_JVSMuSiC,wavlm_l12,12,53,mahalanobis,0.99,raw,0.3,0.7,0.510745409561199,5.1,2.0,0.7153947368421053,0.36184210526315785,-1108.0181022705365,545.4180673151216,-1417.696343022457,829.4615494393109,309.6782407519206,20,380,sensitivity_no_threshold,nan,nan,nan
JVS_JVSMuSiC,wavlm_l12,12,53,mahalanobis,0.99,query,0.35,0.7,0.5236038011695906,4.9,2.0,0.7257894736842105,0.35,-785.5102021556537,515.1529389125307,-1095.188442907575,791.0800828012698,309.6782407519214,20,380,sensitivity_no_threshold,nan,nan,nan
JVS_JVSMuSiC,wavlm_l12,12,53,whitened_cosine,1.0,raw,0.1,0.5,0.3026600921008816,6.75,6.0,0.704078947368421,0.3421052631578947,-0.43062040383279854,0.21643150364455283,-0.5690517405358922,0.17018531074025087,0.1384313367030937,20,380,sensitivity_no_threshold,nan,nan,nan
JVS_JVSMuSiC,wavlm_l12,12,53,whitened_cosine,1.0,query,0.3,0.6,0.4558061821219715,5.1,4.5,0.7630263157894737,0.35,0.7189089260763554,0.10088221636966488,0.569625825248718,0.1694150636585862,0.1492831008276374,20,380,sensitivity_no_threshold,nan,nan,nan
JVS_JVSMuSiC,wavlm_l12,12,53,mahalanobis,1.0,raw,0.1,0.3,0.24933653764536112,8.7,8.0,0.58,0.4381578947368421,-4624.081365065818,1552.53960947602,-5118.672369185196,2088.9264862764285,494.59100411937743,20,380,sensitivity_no_threshold,nan,nan,nan
JVS_JVSMuSiC,wavlm_l12,12,53,mahalanobis,1.0,query,0.25,0.7,0.46235380116959063,4.8,3.0,0.7393421052631579,0.35,-1021.3570069307898,727.3459147399338,-1515.9480110501634,1148.1560913110006,494.59100411937357,20,380,sensitivity_no_threshold,nan,nan,nan
JVS_JVSMuSiC,wavlm_l12,12,59,whitened_cosine,0.1,raw,0.65,1.0,0.7783333333333333,1.75,1.0,0.9556578947368422,0.15,0.1735796060347706,0.06929811596153988,0.003166423297268674,0.07438945250393345,0.17041318273750192,20,380,sensitivity_no_threshold,nan,nan,nan
JVS_JVSMuSiC,wavlm_l12,12,59,whitened_cosine,0.1,query,0.65,1.0,0.7783333333333333,1.75,1.0,0.9556578947368422,0.15,0.1776074142922637,0.06902337834725286,0.007201555787831596,0.07444601866276325,0.1704058585044321,20,380,sensitivity_no_threshold,nan,nan,nan
JVS_JVSMuSiC,wavlm_l12,12,59,mahalanobis,0.1,raw,0.25,0.45,0.385406746031746,6.1,6.0,0.7268421052631578,0.4,-1104.241019523528,227.29822833662232,-1306.2268108166463,265.01823322410854,201.98579129311838,20,380,sensitivity_no_threshold,nan,nan,nan
JVS_JVSMuSiC,wavlm_l12,12,59,mahalanobis,0.1,query,0.25,0.45,0.385406746031746,6.1,6.0,0.7269736842105263,0.4,-1099.9864709612332,227.46225120009828,-1301.972262254372,265.19425648476704,201.98579129313885,20,380,sensitivity_no_threshold,nan,nan,nan
JVS_JVSMuSiC,wavlm_l12,12,59,whitened_cosine,0.25,raw,0.75,0.95,0.835,1.65,1.0,0.9618421052631579,0.1,0.17917727993403182,0.0696539389790179,3.670925288840464e-05,0.07523476558190759,0.17914057068114342,20,380,sensitivity_no_threshold,nan,nan,nan
JVS_JVSMuSiC,wavlm_l12,12,59,whitened_cosine,0.25,query,0.75,0.95,0.835,1.65,1.0,0.9626315789473684,0.10263157894736842,0.1887131748741919,0.06898248708661119,0.009616088453370107,0.07530616981541739,0.17909708642082178,20,380,sensitivity_no_threshold,nan,nan,nan
JVS_JVSMuSiC,wavlm_l12,12,59,mahalanobis,0.25,raw,0.25,0.6,0.4060839598997494,5.45,4.0,0.743421052631579,0.35,-540.5145315356785,108.90247473732376,-646.9422186451752,129.24459959998356,106.42768710949667,20,380,sensitivity_no_threshold,nan,nan,nan
JVS_JVSMuSiC,wavlm_l12,12,59,mahalanobis,0.25,query,0.25,0.6,0.4060839598997494,5.45,4.0,0.7430263157894736,0.35,-535.4333824993548,109.08660458512168,-641.8610696088717,129.4551200474812,106.42768710951691,20,380,sensitivity_no_threshold,nan,nan,nan
JVS_JVSMuSiC,wavlm_l12,12,59,whitened_cosine,0.5,raw,0.75,0.95,0.8375,1.6,1.0,0.9651315789473685,0.1,0.1869850385558122,0.07396615090425641,-0.006176153087536934,0.07961942372651357,0.19316119164334913,20,380,sensitivity_no_threshold,nan,nan,nan
JVS_JVSMuSiC,wavlm_l12,12,59,whitened_cosine,0.5,query,0.75,0.95,0.8363095238095237,1.65,1.0,0.9665789473684211,0.1,0.207747306439151,0.07243804006375457,0.014738701440475992,0.0796062668936863,0.19300860499867503,20,380,sensitivity_no_threshold,nan,nan,nan
JVS_JVSMuSiC,wavlm_l12,12,59,mahalanobis,0.5,raw,0.3,0.65,0.4640799916457811,5.05,3.0,0.7655263157894737,0.3,-358.0181859481716,68.9395741623789,-436.2365487655915,85.86757204997977,78.21836281741992,20,380,sensitivity_no_threshold,nan,nan,nan
JVS_JVSMuSiC,wavlm_l12,12,59,mahalanobis,0.5,query,0.3,0.65,0.4599133249791144,5.1,3.0,0.7636842105263157,0.3,-350.4217827425033,69.21730820859044,-428.6401455599076,86.17985644349896,78.21836281740428,20,380,sensitivity_no_threshold,nan,nan,nan
JVS_JVSMuSiC,wavlm_l12,12,59,whitened_cosine,0.75,raw,0.75,0.95,0.8395833333333332,1.65,1.0,0.9644736842105263,0.1,0.19478829954208576,0.08392382910390289,-0.01855281253312135,0.08862038560871051,0.21334111207520712,20,380,sensitivity_no_threshold,nan,nan,nan
JVS_JVSMuSiC,wavlm_l12,12,59,whitened_cosine,0.75,query,0.75,0.95,0.8488095238095237,1.55,1.0,0.9663157894736842,0.1,0.23751853678188944,0.08053453035656728,0.024561524392405814,0.08826538190164895,0.21295701238948364,20,380,sensitivity_no_threshold,nan,nan,nan
JVS_JVSMuSiC,wavlm_l12,12,59,mahalanobis,0.75,raw,0.3,0.7,0.4902678571428571,4.65,2.5,0.7840789473684211,0.3,-334.8559550517457,62.33606634012445,-417.99216640696926,83.42303926148,83.13621135522357,20,380,sensitivity_no_threshold,nan,nan,nan
JVS_JVSMuSiC,wavlm_l12,12,59,mahalanobis,0.75,query,0.3,0.7,0.4902678571428571,4.65,2.5,0.781578947368421,0.3,-319.72474191976215,62.897753712135916,-402.8609532749802,84.0118648279962,83.13621135521805,20,380,sensitivity_no_threshold,nan,nan,nan
JVS_JVSMuSiC,wavlm_l12,12,59,whitened_cosine,0.9,raw,0.7,1.0,0.8125,1.55,1.0,0.9578947368421052,0.1381578947368421,0.19288616606492842,0.09864904376384757,-0.0427043966464156,0.10134341354615506,0.23559056271134401,20,380,sensitivity_no_threshold,nan,nan,nan
JVS_JVSMuSiC,wavlm_l12,12,59,whitened_cosine,0.9,query,0.65,1.0,0.7849999999999999,1.65,1.0,0.9589473684210527,0.14605263157894738,0.2784769260410642,0.09112937630527385,0.043632007882038186,0.10023992049438236,0.23484491815902603,20,380,sensitivity_no_threshold,nan,nan,nan
JVS_JVSMuSiC,wavlm_l12,12,59,mahalanobis,0.9,raw,0.4,0.7,0.5367361111111111,4.45,2.5,0.7967105263157894,0.3,-403.09113960282195,76.25290977388474,-515.4813985873427,108.55701240935633,112.39025898452076,20,380,sensitivity_no_threshold,nan,nan,nan
JVS_JVSMuSiC,wavlm_l12,12,59,mahalanobis,0.9,query,0.4,0.65,0.5394345238095238,4.45,2.5,0.795921052631579,0.3,-365.9195666034058,77.41447365978776,-478.3098255879267,109.80044582126834,112.39025898452087,20,380,sensitivity_no_threshold,nan,nan,nan
JVS_JVSMuSiC,wavlm_l12,12,59,whitened_cosine,0.99,raw,0.55,0.95,0.6996794871794871,2.35,1.0,0.9094736842105263,0.15,0.06405144699248203,0.1398209158666618,-0.19232876708096222,0.1343574121228169,0.25638021407344425,20,380,sensitivity_no_threshold,nan,nan,nan
JVS_JVSMuSiC,wavlm_l12,12,59,whitened_cosine,0.99,query,0.6,0.95,0.74125,2.05,1.0,0.9323684210526316,0.10394736842105264,0.4335064008703203,0.1049309414262565,0.17927331213820913,0.1326968654435175,0.25423308873211115,20,380,sensitivity_no_threshold,nan,nan,nan
JVS_JVSMuSiC,wavlm_l12,12,59,mahalanobis,0.99,raw,0.45,0.7,0.5583928571428571,4.45,2.5,0.8061842105263158,0.3,-865.5712654593299,155.47704746326343,-1106.5293121201262,234.91673549850623,240.9580466607963,20,380,sensitivity_no_threshold,nan,nan,nan
JVS_JVSMuSiC,wavlm_l12,12,59,mahalanobis,0.99,query,0.4,0.8,0.5501850437144554,4.0,2.5,0.8106578947368421,0.256578947368421,-550.411455233609,157.82799946419772,-791.3695018944102,239.04227774367453,240.9580466608012,20,380,sensitivity_no_threshold,nan,nan,nan
JVS_JVSMuSiC,wavlm_l12,12,59,whitened_cosine,1.0,raw,0.15,0.6,0.3448809523809523,5.5,4.0,0.7544736842105263,0.3,-0.489310446300599,0.16565780229670096,-0.6206294503815072,0.12558751354645062,0.13131900408090819,20,380,sensitivity_no_threshold,nan,nan,nan
JVS_JVSMuSiC,wavlm_l12,12,59,whitened_cosine,1.0,query,0.3,0.65,0.4518638306138306,4.9,3.0,0.7926315789473685,0.3,0.742462003773969,0.08997108794417653,0.614052520889882,0.12974760234309618,0.12840948288408693,20,380,sensitivity_no_threshold,nan,nan,nan
JVS_JVSMuSiC,wavlm_l12,12,59,mahalanobis,1.0,raw,0.1,0.4,0.27097439110597005,7.75,6.5,0.631578947368421,0.4013157894736842,-3913.557652319224,647.7413209843552,-4280.085892977226,801.8061101113365,366.5282406580018,20,380,sensitivity_no_threshold,nan,nan,nan
JVS_JVSMuSiC,wavlm_l12,12,59,mahalanobis,1.0,query,0.25,0.7,0.4620306776556776,4.3,3.0,0.8023684210526316,0.25,-699.5271262048088,248.36982495747762,-1066.0553668628143,383.88694781447856,366.5282406580054,20,380,sensitivity_no_threshold,nan,nan,nan
JVS_JVSMuSiC,wavlm_l12,12,61,whitened_cosine,0.1,raw,0.75,0.85,0.8210317460317459,2.05,1.0,0.9522368421052632,0.10394736842105264,0.16021457704250686,0.06379305759879754,-0.0021467831804372088,0.07043444266232761,0.16236136022294406,20,380,sensitivity_no_threshold,nan,nan,nan
JVS_JVSMuSiC,wavlm_l12,12,61,whitened_cosine,0.1,query,0.75,0.85,0.820138888888889,2.1,1.0,0.9523684210526315,0.10789473684210527,0.16415801861592408,0.06358946419862624,0.0018074798702085405,0.07042463920593638,0.16235053874571553,20,380,sensitivity_no_threshold,nan,nan,nan
JVS_JVSMuSiC,wavlm_l12,12,61,mahalanobis,0.1,raw,0.3,0.45,0.40797093837535015,7.65,8.0,0.655921052631579,0.4,-1276.298765598028,495.53539695265187,-1468.8273043706251,544.9953830211522,192.52853877259713,20,380,sensitivity_no_threshold,nan,nan,nan
JVS_JVSMuSiC,wavlm_l12,12,61,mahalanobis,0.1,query,0.3,0.45,0.40797093837535015,7.65,8.0,0.6557894736842105,0.4,-1271.8938551310275,495.42568121866316,-1464.4223939036533,544.9943117794488,192.52853877262578,20,380,sensitivity_no_threshold,nan,nan,nan
JVS_JVSMuSiC,wavlm_l12,12,61,whitened_cosine,0.25,raw,0.8,0.95,0.8625,1.55,1.0,0.9673684210526315,0.1,0.16995095950807565,0.06620282747490759,-0.005891738499413998,0.0694668112067166,0.17584269800748964,20,380,sensitivity_no_threshold,nan,nan,nan
JVS_JVSMuSiC,wavlm_l12,12,61,whitened_cosine,0.25,query,0.75,0.95,0.8375,1.6,1.0,0.9675,0.1,0.17930548686871864,0.06593915538318593,0.00349635548274267,0.06950225272843462,0.17580913138597598,20,380,sensitivity_no_threshold,nan,nan,nan
JVS_JVSMuSiC,wavlm_l12,12,61,mahalanobis,0.25,raw,0.35,0.45,0.429505584284996,7.2,7.0,0.6730263157894737,0.38815789473684215,-622.298601828367,238.19713644649855,-726.7206413217672,258.2677223355361,104.42203949340012,20,380,sensitivity_no_threshold,nan,nan,nan
JVS_JVSMuSiC,wavlm_l12,12,61,mahalanobis,0.25,query,0.35,0.45,0.429505584284996,7.2,7.0,0.6731578947368421,0.38815789473684215,-617.0124052774918,238.04226562167733,-721.434444770909,258.2543361468407,104.42203949341717,20,380,sensitivity_no_threshold,nan,nan,nan
JVS_JVSMuSiC,wavlm_l12,12,61,whitened_cosine,0.5,raw,0.75,1.0,0.8391666666666666,1.55,1.0,0.9727631578947369,0.1,0.17884309054667386,0.07220907949992096,-0.012288248863846147,0.07208890989150002,0.19113133941052,20,380,sensitivity_no_threshold,nan,nan,nan
JVS_JVSMuSiC,wavlm_l12,12,61,whitened_cosine,0.5,query,0.75,0.95,0.835,1.65,1.0,0.9727631578947369,0.10394736842105264,0.1993880781325269,0.07211977114046585,0.008350360251847443,0.07231359013009692,0.19103771788067947,20,380,sensitivity_no_threshold,nan,nan,nan
JVS_JVSMuSiC,wavlm_l12,12,61,mahalanobis,0.5,raw,0.35,0.5,0.44291828269769445,6.5,5.0,0.7013157894736842,0.35,-410.87716757330634,155.03555954362471,-487.79699636081773,164.77168415959144,76.91982878751139,20,380,sensitivity_no_threshold,nan,nan,nan
JVS_JVSMuSiC,wavlm_l12,12,61,mahalanobis,0.5,query,0.35,0.5,0.44291828269769445,6.5,5.0,0.7014473684210526,0.35,-402.9224758841694,154.7354029479838,-479.8423046716784,164.6951913640682,76.919828787509,20,380,sensitivity_no_threshold,nan,nan,nan
JVS_JVSMuSiC,wavlm_l12,12,61,whitened_cosine,0.75,raw,0.7,0.9,0.8071428571428572,1.8,1.0,0.9686842105263158,0.10657894736842105,0.18365350779409148,0.08176368341486587,-0.024478159704526645,0.0782301834151959,0.2081316674986181,20,380,sensitivity_no_threshold,nan,nan,nan
JVS_JVSMuSiC,wavlm_l12,12,61,whitened_cosine,0.75,query,0.65,0.9,0.780952380952381,1.9,1.0,0.9692105263157895,0.1,0.22666931862407433,0.08190083623192368,0.01878168987133286,0.07891919168019128,0.20788762875274147,20,380,sensitivity_no_threshold,nan,nan,nan
JVS_JVSMuSiC,wavlm_l12,12,61,mahalanobis,0.75,raw,0.3,0.55,0.4264204545454546,6.1,4.0,0.7357894736842105,0.3,-381.98323102214636,144.03988665226208,-461.8458218826803,150.63231673537322,79.86259086053394,20,380,sensitivity_no_threshold,nan,nan,nan
JVS_JVSMuSiC,wavlm_l12,12,61,mahalanobis,0.75,query,0.3,0.55,0.42697601010101016,6.05,4.0,0.7364473684210526,0.3,-365.99913243410265,143.21973328569715,-445.86172329462863,150.2730042681922,79.86259086052598,20,380,sensitivity_no_threshold,nan,nan,nan
JVS_JVSMuSiC,wavlm_l12,12,61,whitened_cosine,0.9,raw,0.6,1.0,0.7474999999999999,1.8,1.0,0.9632894736842105,0.1,0.17876707314286072,0.09387722467918241,-0.04834046637055608,0.08675231239945257,0.2271075395134168,20,380,sensitivity_no_threshold,nan,nan,nan
JVS_JVSMuSiC,wavlm_l12,12,61,whitened_cosine,0.9,query,0.6,0.9,0.7392857142857143,2.05,1.0,0.9625,0.1,0.2673185139998065,0.09318034047773727,0.04073718634902836,0.0882647782373303,0.22658132765077812,20,380,sensitivity_no_threshold,nan,nan,nan
JVS_JVSMuSiC,wavlm_l12,12,61,mahalanobis,0.9,raw,0.3,0.55,0.4682905982905982,5.4,2.5,0.7640789473684211,0.25,-453.623064835096,171.35530096824968,-559.6097252822944,177.7774364062928,105.98666044719846,20,380,sensitivity_no_threshold,nan,nan,nan
JVS_JVSMuSiC,wavlm_l12,12,61,mahalanobis,0.9,query,0.35,0.55,0.488307387057387,5.45,3.0,0.7646052631578948,0.25,-413.6427424092719,168.53584112646666,-519.629402856483,176.08671549744594,105.98666044721114,20,380,sensitivity_no_threshold,nan,nan,nan
JVS_JVSMuSiC,wavlm_l12,12,61,whitened_cosine,0.99,raw,0.55,0.85,0.6970833333333333,2.75,1.0,0.9092105263157895,0.15,0.04051475951028945,0.12737436122770962,-0.20752777639883044,0.1178657779168313,0.2480425359091199,20,380,sensitivity_no_threshold,nan,nan,nan
JVS_JVSMuSiC,wavlm_l12,12,61,whitened_cosine,0.99,query,0.5,0.9,0.6874621212121211,2.45,1.5,0.930921052631579,0.1105263157894737,0.4517553479730779,0.1076349339326033,0.20658557593979993,0.12177395164544991,0.245169772033278,20,380,sensitivity_no_threshold,nan,nan,nan
JVS_JVSMuSiC,wavlm_l12,12,61,mahalanobis,0.99,raw,0.25,0.8,0.48968434343434347,4.1,2.5,0.7984210526315789,0.3,-960.2660643486146,322.29273809630376,-1189.511397210828,327.5136337587813,229.24533286221333,20,380,sensitivity_no_threshold,nan,nan,nan
JVS_JVSMuSiC,wavlm_l12,12,61,mahalanobis,0.99,query,0.4,0.85,0.569679487179487,3.85,2.0,0.8228947368421052,0.24605263157894736,-594.4828713842595,275.5591233045882,-823.7282042464822,294.8037351372473,229.24533286222265,20,380,sensitivity_no_threshold,nan,nan,nan
JVS_JVSMuSiC,wavlm_l12,12,61,whitened_cosine,1.0,raw,0.15,0.75,0.38292353479853475,4.6,4.0,0.7857894736842105,0.29736842105263156,-0.5494784637765291,0.13649136185173197,-0.6680860081883472,0.10567314626628066,0.11860754441181809,20,380,sensitivity_no_threshold,nan,nan,nan
JVS_JVSMuSiC,wavlm_l12,12,61,whitened_cosine,1.0,query,0.45,0.75,0.5908152958152958,4.1,2.0,0.8301315789473684,0.25,0.7910679741914144,0.076892367127872,0.6787422585736723,0.11020583895101528,0.11232571561774207,20,380,sensitivity_no_threshold,nan,nan,nan
JVS_JVSMuSiC,wavlm_l12,12,61,mahalanobis,1.0,raw,0.15,0.4,0.27722358416437365,8.9,7.5,0.6038157894736842,0.4,-4677.727159062527,1388.2190527318105,-5008.065182454889,1267.5319288253586,330.3380233923617,20,380,sensitivity_no_threshold,nan,nan,nan
JVS_JVSMuSiC,wavlm_l12,12,61,mahalanobis,1.0,query,0.4,0.75,0.5696794871794871,4.35,2.0,0.8172368421052632,0.2,-757.763010071285,432.9510530084016,-1088.1010334636296,452.9627292934653,330.33802339234467,20,380,sensitivity_no_threshold,nan,nan,nan
JVS_JVSMuSiC,wavlm_l12,12,67,whitened_cosine,0.1,raw,0.7,0.95,0.8166666666666668,1.6,1.0,0.9627631578947369,0.10789473684210527,0.20374171484777284,0.08244959704996661,0.012158267664283181,0.07585785219447237,0.19158344718348966,20,380,sensitivity_no_threshold,nan,nan,nan
JVS_JVSMuSiC,wavlm_l12,12,67,whitened_cosine,0.1,query,0.7,0.95,0.8166666666666668,1.6,1.0,0.9626315789473684,0.10789473684210527,0.2075688258210156,0.08225716619050952,0.015968579035000294,0.07580251666909447,0.1916002467860153,20,380,sensitivity_no_threshold,nan,nan,nan
JVS_JVSMuSiC,wavlm_l12,12,67,mahalanobis,0.1,raw,0.15,0.65,0.3509585991493886,6.8,4.0,0.7088157894736842,0.35,-1262.1085588911956,471.81838090234595,-1507.5262733571828,557.2473339938849,245.41771446598727,20,380,sensitivity_no_threshold,nan,nan,nan
JVS_JVSMuSiC,wavlm_l12,12,67,mahalanobis,0.1,query,0.15,0.65,0.3509585991493886,6.8,4.0,0.7085526315789473,0.35,-1257.6866001669318,471.89713440006705,-1503.104314632777,557.260762338067,245.41771446584517,20,380,sensitivity_no_threshold,nan,nan,nan
JVS_JVSMuSiC,wavlm_l12,12,67,whitened_cosine,0.25,raw,0.75,1.0,0.8391666666666666,1.55,1.0,0.9711842105263158,0.10526315789473684,0.21867467035120924,0.08696478539741682,0.010335834695990002,0.07588396678897452,0.20833883565521924,20,380,sensitivity_no_threshold,nan,nan,nan
JVS_JVSMuSiC,wavlm_l12,12,67,whitened_cosine,0.25,query,0.75,1.0,0.8433333333333334,1.5,1.0,0.9713157894736842,0.10394736842105264,0.2275964101931241,0.0863621564311518,0.019225905291089376,0.07577086207519475,0.20837050490203474,20,380,sensitivity_no_threshold,nan,nan,nan
JVS_JVSMuSiC,wavlm_l12,12,67,mahalanobis,0.25,raw,0.3,0.6,0.44328814460393406,6.5,3.5,0.73,0.35,-616.8213049743615,222.64083190138345,-754.0214121572338,275.10508596293135,137.20010718287233,20,380,sensitivity_no_threshold,nan,nan,nan
JVS_JVSMuSiC,wavlm_l12,12,67,mahalanobis,0.25,query,0.3,0.6,0.44328814460393406,6.5,3.5,0.7297368421052631,0.35,-611.531909906154,222.76211941895562,-748.7320170890439,275.13220280776795,137.20010718288984,20,380,sensitivity_no_threshold,nan,nan,nan
JVS_JVSMuSiC,wavlm_l12,12,67,whitened_cosine,0.5,raw,0.8,1.0,0.8641666666666665,1.5,1.0,0.9713157894736842,0.1,0.23340083912936177,0.09689547202102723,0.005397811325438972,0.07848898168873496,0.2280030278039228,20,380,sensitivity_no_threshold,nan,nan,nan
JVS_JVSMuSiC,wavlm_l12,12,67,whitened_cosine,0.5,query,0.8,1.0,0.8641666666666665,1.5,1.0,0.9721052631578947,0.1,0.2525575388390656,0.09525306951643114,0.02455114914571213,0.07831457229534025,0.2280063896933535,20,380,sensitivity_no_threshold,nan,nan,nan
JVS_JVSMuSiC,wavlm_l12,12,67,mahalanobis,0.5,raw,0.35,0.65,0.4730617737525632,6.3,3.0,0.7468421052631579,0.35,-409.56845701288694,141.76539206523995,-514.7376554232035,187.36393332510735,105.16919841031654,20,380,sensitivity_no_threshold,nan,nan,nan
JVS_JVSMuSiC,wavlm_l12,12,67,mahalanobis,0.5,query,0.35,0.65,0.4735163192071086,6.25,3.0,0.746578947368421,0.35,-401.6641914268257,142.01702272389022,-506.83338983714305,187.46458897392105,105.16919841031734,20,380,sensitivity_no_threshold,nan,nan,nan
JVS_JVSMuSiC,wavlm_l12,12,67,whitened_cosine,0.75,raw,0.8,0.9,0.8666666666666668,1.6,1.0,0.9623684210526315,0.1,0.24261992368736546,0.1125337335609616,-0.004526835348000687,0.08496208833050466,0.24714675903536615,20,380,sensitivity_no_threshold,nan,nan,nan
JVS_JVSMuSiC,wavlm_l12,12,67,whitened_cosine,0.75,query,0.85,0.95,0.8921428571428571,1.55,1.0,0.9628947368421052,0.1,0.2818263376328104,0.10860538747291751,0.03486053838327329,0.08455889417776433,0.2469657992495371,20,380,sensitivity_no_threshold,nan,nan,nan
JVS_JVSMuSiC,wavlm_l12,12,67,mahalanobis,0.75,raw,0.4,0.6,0.5148214285714285,5.85,2.5,0.7610526315789473,0.3,-384.01180261529663,127.05075607882304,-495.7114313771638,180.87476508193717,111.69962876186719,20,380,sensitivity_no_threshold,nan,nan,nan
JVS_JVSMuSiC,wavlm_l12,12,67,mahalanobis,0.75,query,0.4,0.6,0.5143668831168831,5.9,2.5,0.76,0.3,-368.2934845311291,127.70557430611336,-479.99311329299076,181.2743751283739,111.69962876186167,20,380,sensitivity_no_threshold,nan,nan,nan
JVS_JVSMuSiC,wavlm_l12,12,67,whitened_cosine,0.9,raw,0.65,0.9,0.7695833333333333,2.15,1.0,0.9417105263157894,0.10921052631578948,0.23773484316304758,0.12957955927970163,-0.023211410690389563,0.09515285341875504,0.2609462538534371,20,380,sensitivity_no_threshold,nan,nan,nan
JVS_JVSMuSiC,wavlm_l12,12,67,whitened_cosine,0.9,query,0.75,0.95,0.8316666666666667,1.85,1.0,0.9492105263157895,0.1,0.317250986608406,0.12065327917319538,0.05697138975744992,0.09330903819073172,0.2602795968509561,20,380,sensitivity_no_threshold,nan,nan,nan
JVS_JVSMuSiC,wavlm_l12,12,67,mahalanobis,0.9,raw,0.4,0.6,0.5154532967032966,5.4,3.0,0.7736842105263158,0.25,-458.45325342707,141.76832218981622,-602.4695574585153,214.04649020394166,144.01630403144526,20,380,sensitivity_no_threshold,nan,nan,nan
JVS_JVSMuSiC,wavlm_l12,12,67,mahalanobis,0.9,query,0.4,0.6,0.5172390109890109,5.4,2.5,0.7742105263157895,0.25394736842105264,-419.66990536088485,143.62161525478973,-563.68620939233,215.647947738101,144.0163040314452,20,380,sensitivity_no_threshold,nan,nan,nan
JVS_JVSMuSiC,wavlm_l12,12,67,whitened_cosine,0.99,raw,0.55,0.9,0.695,2.6,1.0,0.8913157894736842,0.2,0.092080384754722,0.15367108129468554,-0.1589341014761829,0.1318627702210087,0.2510144862309049,20,380,sensitivity_no_threshold,nan,nan,nan
JVS_JVSMuSiC,wavlm_l12,12,67,whitened_cosine,0.99,query,0.65,0.9,0.7596428571428571,2.25,1.0,0.9434210526315789,0.1,0.4614731998191563,0.10081741412789445,0.21332535387504398,0.11601781978520506,0.24814784594411232,20,380,sensitivity_no_threshold,nan,nan,nan
JVS_JVSMuSiC,wavlm_l12,12,67,mahalanobis,0.99,raw,0.45,0.75,0.6001605339105339,4.35,2.0,0.7980263157894737,0.3,-940.0733376545555,197.88232944694013,-1197.7019264651533,303.45869882224315,257.62858881059776,20,380,sensitivity_no_threshold,nan,nan,nan
JVS_JVSMuSiC,wavlm_l12,12,67,mahalanobis,0.99,query,0.35,0.8,0.5292288011695906,4.4,2.0,0.8067105263157894,0.25,-599.069549827151,202.10372430833388,-856.6981386377312,318.9029877630688,257.62858881058014,20,380,sensitivity_no_threshold,nan,nan,nan
JVS_JVSMuSiC,wavlm_l12,12,67,whitened_cosine,1.0,raw,0.15,0.55,0.3080968541262659,6.25,5.0,0.7094736842105264,0.3447368421052631,-0.49334859907991485,0.1747639248826497,-0.6124223249947924,0.1320880327633115,0.11907372591487758,20,380,sensitivity_no_threshold,nan,nan,nan
JVS_JVSMuSiC,wavlm_l12,12,67,whitened_cosine,1.0,query,0.35,0.65,0.5168818681318681,4.0,2.5,0.8136842105263158,0.2881578947368421,0.7676556863108295,0.06520210408358193,0.6539664849822623,0.11440550954528901,0.11368920132856719,20,380,sensitivity_no_threshold,nan,nan,nan
JVS_JVSMuSiC,wavlm_l12,12,67,mahalanobis,1.0,raw,0.1,0.4,0.24340494880936053,8.45,9.0,0.6102631578947368,0.45,-4313.399613103216,810.7121730920992,-4664.9841692921345,858.5647661160473,351.5845561889182,20,380,sensitivity_no_threshold,nan,nan,nan
JVS_JVSMuSiC,wavlm_l12,12,67,mahalanobis,1.0,query,0.45,0.7,0.5891018907563025,4.15,2.0,0.8155263157894737,0.25,-730.3104381138285,244.2405266621712,-1081.8949943027567,412.6159033243998,351.5845561889282,20,380,sensitivity_no_threshold,nan,nan,nan
JVS_JVSMuSiC,wavlm_l12,12,71,whitened_cosine,0.1,raw,0.8,0.9,0.8543650793650794,1.85,1.0,0.9505263157894737,0.1881578947368421,0.19079663104832462,0.0835671610470703,-0.0006533287375292248,0.0751853077299792,0.19144995978585383,20,380,sensitivity_no_threshold,nan,nan,nan
JVS_JVSMuSiC,wavlm_l12,12,71,whitened_cosine,0.1,query,0.8,0.9,0.8543650793650794,1.85,1.0,0.9503947368421053,0.18947368421052632,0.1944385982571574,0.08350575769267013,0.0030018869421639845,0.07522809713443843,0.1914367113149934,20,380,sensitivity_no_threshold,nan,nan,nan
JVS_JVSMuSiC,wavlm_l12,12,71,mahalanobis,0.1,raw,0.15,0.65,0.3648234556980687,5.85,4.0,0.7085526315789473,0.3,-1231.9927252011432,345.4261652419529,-1474.1902625859884,402.72251574047755,242.1975373848452,20,380,sensitivity_no_threshold,nan,nan,nan
JVS_JVSMuSiC,wavlm_l12,12,71,mahalanobis,0.1,query,0.15,0.6,0.3629933903385915,5.95,4.0,0.7082894736842106,0.3,-1227.810251916258,345.64891002626354,-1470.0077893011342,402.9166781894258,242.1975373848761,20,380,sensitivity_no_threshold,nan,nan,nan
JVS_JVSMuSiC,wavlm_l12,12,71,whitened_cosine,0.25,raw,0.8,0.9,0.8488888888888889,1.9,1.0,0.9552631578947368,0.1513157894736842,0.1971860667736183,0.08708190190581372,-0.0037280173343934957,0.07653626508663179,0.2009140841080118,20,380,sensitivity_no_threshold,nan,nan,nan
JVS_JVSMuSiC,wavlm_l12,12,71,whitened_cosine,0.25,query,0.8,0.9,0.8488888888888889,1.9,1.0,0.9556578947368422,0.15,0.20588745651560675,0.08695673620531201,0.005012140728959505,0.07660928462542371,0.20087531578664725,20,380,sensitivity_no_threshold,nan,nan,nan
JVS_JVSMuSiC,wavlm_l12,12,71,mahalanobis,0.25,raw,0.15,0.65,0.3713716583124478,5.65,3.5,0.7213157894736842,0.3,-601.2204583569983,167.98525297918832,-728.647453854656,197.20518603987787,127.42699549765769,20,380,sensitivity_no_threshold,nan,nan,nan
JVS_JVSMuSiC,wavlm_l12,12,71,mahalanobis,0.25,query,0.15,0.65,0.3711633249791144,5.7,3.5,0.7209210526315789,0.3,-596.1895829914545,168.2479672979576,-723.6165784890962,197.407314077505,127.42699549764177,20,380,sensitivity_no_threshold,nan,nan,nan
JVS_JVSMuSiC,wavlm_l12,12,71,whitened_cosine,0.5,raw,0.8,0.9,0.8571428571428571,1.7,1.0,0.9552631578947368,0.15,0.203448022931299,0.09383734470500929,-0.0092903569970611,0.07992504351671155,0.2127383799283601,20,380,sensitivity_no_threshold,nan,nan,nan
JVS_JVSMuSiC,wavlm_l12,12,71,whitened_cosine,0.5,query,0.8,0.95,0.8588095238095239,1.65,1.0,0.9553947368421053,0.14605263157894738,0.22265469799015675,0.0936777203511503,0.010012316231118734,0.08008481552453596,0.21264238175903802,20,380,sensitivity_no_threshold,nan,nan,nan
JVS_JVSMuSiC,wavlm_l12,12,71,mahalanobis,0.5,raw,0.15,0.7,0.3958527327935223,5.25,3.0,0.7318421052631578,0.3,-397.3655377521703,110.92609626064416,-489.00262785513286,131.22507614977468,91.63709010296253,20,380,sensitivity_no_threshold,nan,nan,nan
JVS_JVSMuSiC,wavlm_l12,12,71,mahalanobis,0.5,query,0.15,0.7,0.3958527327935223,5.25,3.0,0.7323684210526316,0.3,-389.79316654651046,111.30846729962856,-481.43025664948624,131.47478051525115,91.63709010297578,20,380,sensitivity_no_threshold,nan,nan,nan
JVS_JVSMuSiC,wavlm_l12,12,71,whitened_cosine,0.75,raw,0.75,0.9,0.8222222222222222,1.9,1.0,0.9480263157894737,0.14868421052631578,0.2089476855919638,0.1044394109173785,-0.01978546783049802,0.085337362664842,0.2287331534224618,20,380,sensitivity_no_threshold,nan,nan,nan
JVS_JVSMuSiC,wavlm_l12,12,71,whitened_cosine,0.75,query,0.7,0.9,0.8138888888888889,1.85,1.0,0.9486842105263158,0.1381578947368421,0.24903749900074038,0.10390510516678203,0.020512770350823512,0.08598740700318204,0.22852472864991685,20,380,sensitivity_no_threshold,nan,nan,nan
JVS_JVSMuSiC,wavlm_l12,12,71,mahalanobis,0.75,raw,0.25,0.75,0.4447092490842491,5.0,3.0,0.7372368421052632,0.3092105263157895,-371.1746304029133,103.66905735198802,-466.1643452535482,124.72142593590299,94.98971485063493,20,380,sensitivity_no_threshold,nan,nan,nan
JVS_JVSMuSiC,wavlm_l12,12,71,mahalanobis,0.75,query,0.25,0.75,0.4439799783549784,5.1,3.0,0.7364473684210526,0.30657894736842106,-355.9928882528126,104.34374517605356,-450.9826031034423,125.09436904978378,94.9897148506297,20,380,sensitivity_no_threshold,nan,nan,nan
JVS_JVSMuSiC,wavlm_l12,12,71,whitened_cosine,0.9,raw,0.8,0.9,0.8458333333333332,2.0,1.0,0.9403947368421053,0.10789473684210527,0.20800799132068692,0.11881814089151514,-0.041023657398217915,0.09410351738584738,0.24903164871890485,20,380,sensitivity_no_threshold,nan,nan,nan
JVS_JVSMuSiC,wavlm_l12,12,71,whitened_cosine,0.9,query,0.8,0.9,0.8545454545454545,1.9,1.0,0.9419736842105263,0.1,0.2897925280055854,0.11603511438371104,0.04108806134370364,0.09626869488228292,0.24870446666188178,20,380,sensitivity_no_threshold,nan,nan,nan
JVS_JVSMuSiC,wavlm_l12,12,71,mahalanobis,0.9,raw,0.25,0.7,0.4559183177933178,4.95,2.5,0.7447368421052631,0.34736842105263155,-447.15890534849314,128.0766649761364,-575.8053567695257,157.2016514451297,128.64645142103257,20,380,sensitivity_no_threshold,nan,nan,nan
JVS_JVSMuSiC,wavlm_l12,12,71,mahalanobis,0.9,query,0.25,0.7,0.46139450826950823,4.9,2.5,0.7448684210526316,0.34736842105263155,-409.18133972469803,129.18638558969914,-537.8277911457268,157.63077294699133,128.64645142102876,20,380,sensitivity_no_threshold,nan,nan,nan
JVS_JVSMuSiC,wavlm_l12,12,71,whitened_cosine,0.99,raw,0.55,0.9,0.7034343434343434,2.5,1.0,0.9123684210526316,0.19078947368421054,0.08263427784858322,0.15695737818685185,-0.1885802507322237,0.1285076163119147,0.2712145285808069,20,380,sensitivity_no_threshold,nan,nan,nan
JVS_JVSMuSiC,wavlm_l12,12,71,whitened_cosine,0.99,query,0.65,0.95,0.7545454545454546,2.15,1.0,0.9275,0.10526315789473684,0.4618445228253979,0.12211819942196019,0.18894786625257234,0.13713336517568436,0.2728966565728256,20,380,sensitivity_no_threshold,nan,nan,nan
JVS_JVSMuSiC,wavlm_l12,12,71,mahalanobis,0.99,raw,0.25,0.7,0.465625,4.3,3.0,0.7597368421052632,0.3026315789473684,-989.947927831416,291.2730771112693,-1286.430292211632,384.4924833623293,296.4823643802159,20,380,sensitivity_no_threshold,nan,nan,nan
JVS_JVSMuSiC,wavlm_l12,12,71,mahalanobis,0.99,query,0.35,0.8,0.5263935574229692,4.0,2.5,0.7775,0.3078947368421052,-630.3777197770614,280.5946066351072,-926.860084157261,363.20778524319184,296.48236438019956,20,380,sensitivity_no_threshold,nan,nan,nan
JVS_JVSMuSiC,wavlm_l12,12,71,whitened_cosine,1.0,raw,0.2,0.55,0.37854853479853484,4.85,5.0,0.7357894736842105,0.30657894736842106,-0.4989416929956912,0.19092694167873314,-0.6366508587717207,0.12021766912595563,0.13770916577602949,20,380,sensitivity_no_threshold,nan,nan,nan
JVS_JVSMuSiC,wavlm_l12,12,71,whitened_cosine,1.0,query,0.5,0.75,0.633590021090021,3.45,1.5,0.8388157894736842,0.24210526315789474,0.7739938721857988,0.1100868390783554,0.6339744528908937,0.13826151733740774,0.14001941929490513,20,380,sensitivity_no_threshold,nan,nan,nan
JVS_JVSMuSiC,wavlm_l12,12,71,mahalanobis,1.0,raw,0.15,0.3,0.2586134698634699,8.7,9.0,0.5894736842105263,0.45,-4769.415780892863,1044.9971016549018,-5240.51732325858,1391.9051517781377,471.10154236571725,20,380,sensitivity_no_threshold,nan,nan,nan
JVS_JVSMuSiC,wavlm_l12,12,71,mahalanobis,1.0,query,0.3,0.8,0.48953553391053395,4.2,2.5,0.7821052631578947,0.3,-811.8759202292728,437.6888074522322,-1282.9774625949774,626.2165154552401,471.10154236570463,20,380,sensitivity_no_threshold,nan,nan,nan
JVS_JVSMuSiC,wavlm_l12,12,73,whitened_cosine,0.1,raw,0.85,1.0,0.925,1.15,1.0,0.9789473684210527,0.08947368421052632,0.22163621589001242,0.08258779764562142,0.01420615500742596,0.07946290037179728,0.20743006088258648,20,380,sensitivity_no_threshold,nan,nan,nan
JVS_JVSMuSiC,wavlm_l12,12,73,whitened_cosine,0.1,query,0.85,1.0,0.925,1.15,1.0,0.9793421052631579,0.08947368421052632,0.22553904077264736,0.08214374646427827,0.0181167571423912,0.0794108472976574,0.20742228363025617,20,380,sensitivity_no_threshold,nan,nan,nan
JVS_JVSMuSiC,wavlm_l12,12,73,mahalanobis,0.1,raw,0.35,0.6,0.46812937062937054,5.9,4.0,0.75,0.3605263157894737,-1199.8879119025835,375.8466152191046,-1465.1818949467968,530.9813405061177,265.2939830442133,20,380,sensitivity_no_threshold,nan,nan,nan
JVS_JVSMuSiC,wavlm_l12,12,73,mahalanobis,0.1,query,0.35,0.6,0.46812937062937054,5.9,4.0,0.7497368421052631,0.3605263157894737,-1195.4464040935563,375.8724868939991,-1460.7403871377314,530.9801564806785,265.2939830441751,20,380,sensitivity_no_threshold,nan,nan,nan
JVS_JVSMuSiC,wavlm_l12,12,73,whitened_cosine,0.25,raw,0.9,1.0,0.95,1.1,1.0,0.9815789473684211,0.0881578947368421,0.2333817069858098,0.08655480434792219,0.012894134568822916,0.08170338072772146,0.22048757241698688,20,380,sensitivity_no_threshold,nan,nan,nan
JVS_JVSMuSiC,wavlm_l12,12,73,whitened_cosine,0.25,query,0.9,1.0,0.9416666666666667,1.15,1.0,0.9813157894736843,0.09078947368421053,0.24267108485199093,0.08553051752547214,0.02218830850843214,0.08158622240303187,0.22048277634355878,20,380,sensitivity_no_threshold,nan,nan,nan
JVS_JVSMuSiC,wavlm_l12,12,73,mahalanobis,0.25,raw,0.35,0.65,0.4836297036297036,5.65,3.5,0.7690789473684211,0.3078947368421052,-579.7996921250888,180.67804674413802,-721.2215368279973,264.073301469109,141.42184470290852,20,380,sensitivity_no_threshold,nan,nan,nan
JVS_JVSMuSiC,wavlm_l12,12,73,mahalanobis,0.25,query,0.35,0.65,0.4836297036297036,5.65,3.5,0.7688157894736842,0.30657894736842106,-574.4721757751773,180.72588238442674,-715.8940204781438,264.08188976652735,141.4218447029665,20,380,sensitivity_no_threshold,nan,nan,nan
JVS_JVSMuSiC,wavlm_l12,12,73,whitened_cosine,0.5,raw,0.85,1.0,0.9166666666666666,1.2,1.0,0.9826315789473684,0.08947368421052632,0.24541467228877054,0.08974502803300677,0.009086077803890343,0.0847062985087924,0.2363285944848802,20,380,sensitivity_no_threshold,nan,nan,nan
JVS_JVSMuSiC,wavlm_l12,12,73,whitened_cosine,0.5,query,0.85,1.0,0.9166666666666666,1.2,1.0,0.9832894736842105,0.08947368421052632,0.265967301337041,0.08762665158929786,0.029620860915459207,0.08451753820855344,0.2363464404215818,20,380,sensitivity_no_threshold,nan,nan,nan
JVS_JVSMuSiC,wavlm_l12,12,73,mahalanobis,0.5,raw,0.4,0.65,0.5267261904761905,5.35,2.5,0.7893421052631578,0.3,-378.80213433909665,118.87590297879102,-481.33907231998177,177.85947047792072,102.53693798088511,20,380,sensitivity_no_threshold,nan,nan,nan
JVS_JVSMuSiC,wavlm_l12,12,73,mahalanobis,0.5,query,0.4,0.65,0.5267261904761905,5.35,2.5,0.7893421052631578,0.3,-370.76639796525853,118.99112488495398,-473.3033359461498,177.91278254356266,102.53693798089125,20,380,sensitivity_no_threshold,nan,nan,nan
JVS_JVSMuSiC,wavlm_l12,12,73,whitened_cosine,0.75,raw,0.85,1.0,0.9125,1.25,1.0,0.9803947368421052,0.09078947368421053,0.25378050151661147,0.09411046273396542,0.0002189605417061354,0.08868602973792067,0.25356154097490535,20,380,sensitivity_no_threshold,nan,nan,nan
JVS_JVSMuSiC,wavlm_l12,12,73,whitened_cosine,0.75,query,0.85,1.0,0.9125,1.25,1.0,0.9814473684210526,0.09210526315789475,0.297418947132848,0.09016453991462037,0.043792077177946566,0.0885590664671018,0.2536268699549014,20,380,sensitivity_no_threshold,nan,nan,nan
JVS_JVSMuSiC,wavlm_l12,12,73,mahalanobis,0.75,raw,0.5,0.65,0.5788311688311688,5.3,1.5,0.7951315789473684,0.3,-350.16093488319603,111.83580733411269,-454.293774300189,167.7065392609326,104.13283941699297,20,380,sensitivity_no_threshold,nan,nan,nan
JVS_JVSMuSiC,wavlm_l12,12,73,mahalanobis,0.75,query,0.5,0.7,0.5821428571428571,5.15,1.5,0.7960526315789473,0.3,-333.858859705567,112.16817193662109,-437.99169912254723,167.9694102145377,104.13283941698023,20,380,sensitivity_no_threshold,nan,nan,nan
JVS_JVSMuSiC,wavlm_l12,12,73,whitened_cosine,0.9,raw,0.8,1.0,0.8708333333333332,1.4,1.0,0.9760526315789474,0.09736842105263158,0.2487412103875299,0.10100792547961245,-0.019301357485196156,0.09505086619128672,0.26804256787272607,20,380,sensitivity_no_threshold,nan,nan,nan
JVS_JVSMuSiC,wavlm_l12,12,73,whitened_cosine,0.9,query,0.8,1.0,0.8833333333333332,1.3,1.0,0.9768421052631578,0.09078947368421053,0.3403968403728404,0.09403957825473842,0.07233250105533366,0.09532747855369536,0.26806433931750673,20,380,sensitivity_no_threshold,nan,nan,nan
JVS_JVSMuSiC,wavlm_l12,12,73,mahalanobis,0.9,raw,0.45,0.65,0.5574404761904762,5.1,2.0,0.8003947368421053,0.3,-417.26020393268556,132.87769619731233,-549.1038048068955,194.63415829773285,131.84360087420993,20,380,sensitivity_no_threshold,nan,nan,nan
JVS_JVSMuSiC,wavlm_l12,12,73,mahalanobis,0.9,query,0.45,0.65,0.5540018315018314,5.2,2.0,0.7993421052631579,0.3,-375.8468814027714,133.82559194724624,-507.69048227697317,195.8406039556537,131.8436008742018,20,380,sensitivity_no_threshold,nan,nan,nan
JVS_JVSMuSiC,wavlm_l12,12,73,whitened_cosine,0.99,raw,0.7,0.95,0.8016666666666665,1.75,1.0,0.9281578947368421,0.15921052631578947,0.08510015496599291,0.11902871291489404,-0.17833487151051433,0.13494533648416468,0.26343502647650724,20,380,sensitivity_no_threshold,nan,nan,nan
JVS_JVSMuSiC,wavlm_l12,12,73,whitened_cosine,0.99,query,0.75,0.95,0.83125,1.7,1.0,0.9425,0.15,0.5183387722077212,0.08821998129365541,0.2581748177982365,0.13573512200110374,0.2601639544094847,20,380,sensitivity_no_threshold,nan,nan,nan
JVS_JVSMuSiC,wavlm_l12,12,73,mahalanobis,0.99,raw,0.45,0.75,0.5806845238095237,4.2,2.0,0.7927631578947368,0.25,-925.2496985254853,216.16782376716512,-1176.9442430440936,286.5680512525115,251.69454451860827,20,380,sensitivity_no_threshold,nan,nan,nan
JVS_JVSMuSiC,wavlm_l12,12,73,mahalanobis,0.99,query,0.45,0.8,0.6113418964076859,3.9,2.0,0.8189473684210526,0.20789473684210527,-536.9534960136065,213.57055551612268,-788.6480405322012,298.97988698250487,251.69454451859474,20,380,sensitivity_no_threshold,nan,nan,nan
JVS_JVSMuSiC,wavlm_l12,12,73,whitened_cosine,1.0,raw,0.05,0.55,0.28160409035409034,5.05,4.5,0.7740789473684211,0.2881578947368421,-0.5418074149349523,0.1376523375159242,-0.6588005796267491,0.12067853293966466,0.11699316469179677,20,380,sensitivity_no_threshold,nan,nan,nan
JVS_JVSMuSiC,wavlm_l12,12,73,whitened_cosine,1.0,query,0.6,0.8,0.6908549783549783,3.45,1.0,0.819078947368421,0.25394736842105264,0.8195653207659961,0.06981044095322013,0.7092681868176471,0.11026325942761381,0.11029713394834895,20,380,sensitivity_no_threshold,nan,nan,nan
JVS_JVSMuSiC,wavlm_l12,12,73,mahalanobis,1.0,raw,0.05,0.4,0.25355886652906773,8.15,9.0,0.6128947368421053,0.4,-4762.48833076186,896.1397046649836,-5115.831071666672,872.5843652723805,353.34274090481176,20,380,sensitivity_no_threshold,nan,nan,nan
JVS_JVSMuSiC,wavlm_l12,12,73,mahalanobis,1.0,query,0.45,0.8,0.6129054972804973,3.8,2.0,0.8023684210526316,0.25,-668.3005019300123,279.0875754106212,-1021.6432428348367,396.74587789252195,353.3427409048244,20,380,sensitivity_no_threshold,nan,nan,nan
JVS_JVSMuSiC,wavlm_l12,12,79,whitened_cosine,0.1,raw,0.75,0.95,0.85,1.5,1.0,0.9718421052631578,0.09868421052631579,0.16852964023686487,0.05871179997883404,-0.002276163332086083,0.06743644469774501,0.17080580356895095,20,380,sensitivity_no_threshold,nan,nan,nan
JVS_JVSMuSiC,wavlm_l12,12,79,whitened_cosine,0.1,query,0.75,0.95,0.85,1.5,1.0,0.9705263157894737,0.1,0.17213462073072305,0.05902018578011027,0.0013281268166759545,0.06739674847243574,0.1708064939140471,20,380,sensitivity_no_threshold,nan,nan,nan
JVS_JVSMuSiC,wavlm_l12,12,79,mahalanobis,0.1,raw,0.2,0.45,0.3346713702963703,7.75,7.5,0.6521052631578947,0.45,-1328.5910783130444,343.5206949252882,-1546.9503365832302,392.03383728724907,218.35925827018582,20,380,sensitivity_no_threshold,nan,nan,nan
JVS_JVSMuSiC,wavlm_l12,12,79,mahalanobis,0.1,query,0.2,0.4,0.3330047036297036,7.8,7.5,0.6519736842105263,0.45,-1324.15950866302,343.6579679483844,-1542.518766933402,392.09857038755496,218.35925827038204,20,380,sensitivity_no_threshold,nan,nan,nan
JVS_JVSMuSiC,wavlm_l12,12,79,whitened_cosine,0.25,raw,0.85,0.95,0.8854166666666667,1.6,1.0,0.9672368421052632,0.09868421052631579,0.1773998146246501,0.06512137027167343,-0.004514558261826298,0.06906934055063842,0.18191437288647638,20,380,sensitivity_no_threshold,nan,nan,nan
JVS_JVSMuSiC,wavlm_l12,12,79,whitened_cosine,0.25,query,0.85,0.95,0.8854166666666667,1.6,1.0,0.9663157894736842,0.09605263157894736,0.18598648386686295,0.06598535819460138,0.004082169184312492,0.06900811596730634,0.18190431468255047,20,380,sensitivity_no_threshold,nan,nan,nan
JVS_JVSMuSiC,wavlm_l12,12,79,mahalanobis,0.25,raw,0.2,0.4,0.3369828782328782,7.45,6.5,0.6634210526315789,0.45,-652.1121531019686,175.13703490964704,-768.8056708821762,193.79722122798717,116.69351778020757,20,380,sensitivity_no_threshold,nan,nan,nan
JVS_JVSMuSiC,wavlm_l12,12,79,mahalanobis,0.25,query,0.2,0.4,0.3369828782328782,7.45,6.5,0.6632894736842105,0.45,-646.7751494402968,175.28438664478819,-763.4686672205219,193.85800458975734,116.69351778022508,20,380,sensitivity_no_threshold,nan,nan,nan
JVS_JVSMuSiC,wavlm_l12,12,79,whitened_cosine,0.5,raw,0.85,0.95,0.8871794871794872,1.8,1.0,0.9546052631578947,0.1,0.18750187756972794,0.07805974753091406,-0.009757915584321878,0.07448935787227551,0.19725979315404982,20,380,sensitivity_no_threshold,nan,nan,nan
JVS_JVSMuSiC,wavlm_l12,12,79,whitened_cosine,0.5,query,0.85,0.95,0.8871794871794872,1.8,1.0,0.9532894736842106,0.1,0.20639567083994864,0.07995648722608592,0.009170021766377158,0.07444805285419469,0.19722564907357149,20,380,sensitivity_no_threshold,nan,nan,nan
JVS_JVSMuSiC,wavlm_l12,12,79,mahalanobis,0.5,raw,0.2,0.4,0.3497886141636141,6.85,6.5,0.6763157894736842,0.45,-433.92792559770896,122.97339495099634,-520.5293665456343,133.48400584726733,86.60144094792531,20,380,sensitivity_no_threshold,nan,nan,nan
JVS_JVSMuSiC,wavlm_l12,12,79,mahalanobis,0.5,query,0.2,0.4,0.34472909035409033,6.95,6.5,0.6756578947368421,0.4486842105263158,-425.89151143502386,123.2051726282523,-512.492952382933,133.55509124896264,86.60144094790917,20,380,sensitivity_no_threshold,nan,nan,nan
JVS_JVSMuSiC,wavlm_l12,12,79,whitened_cosine,0.75,raw,0.85,0.9,0.8850840336134453,2.15,1.0,0.9418421052631579,0.1118421052631579,0.19456003248800224,0.09524696744417314,-0.020136772831690065,0.08335590858155084,0.21469680531969232,20,380,sensitivity_no_threshold,nan,nan,nan
JVS_JVSMuSiC,wavlm_l12,12,79,whitened_cosine,0.75,query,0.85,0.9,0.8862745098039216,2.1,1.0,0.9377631578947369,0.10394736842105264,0.23389298085872282,0.09894840261896932,0.01926294704701325,0.08346557643843461,0.21463003381170956,20,380,sensitivity_no_threshold,nan,nan,nan
JVS_JVSMuSiC,wavlm_l12,12,79,mahalanobis,0.75,raw,0.2,0.55,0.3726984126984127,6.2,4.0,0.6894736842105263,0.4,-408.6672613945178,123.33929153568056,-500.1608459144839,133.6234961637729,91.49358451996608,20,380,sensitivity_no_threshold,nan,nan,nan
JVS_JVSMuSiC,wavlm_l12,12,79,mahalanobis,0.75,query,0.2,0.55,0.37311507936507937,6.1,4.0,0.6898684210526316,0.4,-392.61183347353074,123.89707721994917,-484.1054179935071,133.718794159586,91.49358451997637,20,380,sensitivity_no_threshold,nan,nan,nan
JVS_JVSMuSiC,wavlm_l12,12,79,whitened_cosine,0.9,raw,0.85,0.9,0.8836805555555556,2.2,1.0,0.9285526315789474,0.15,0.19403828134153045,0.11414408245040603,-0.03932337862003252,0.09521620275516374,0.23336165996156297,20,380,sensitivity_no_threshold,nan,nan,nan
JVS_JVSMuSiC,wavlm_l12,12,79,whitened_cosine,0.9,query,0.8,0.9,0.8586805555555556,2.25,1.0,0.925,0.10394736842105264,0.27392042779130266,0.12067592276771752,0.04069612908976263,0.09573549429447782,0.23322429870154002,20,380,sensitivity_no_threshold,nan,nan,nan
JVS_JVSMuSiC,wavlm_l12,12,79,mahalanobis,0.9,raw,0.3,0.65,0.4480344655344656,5.65,3.5,0.7044736842105264,0.4,-495.36008022489403,160.48379313863933,-619.4727284885905,176.06605185421333,124.11264826369649,20,380,sensitivity_no_threshold,nan,nan,nan
JVS_JVSMuSiC,wavlm_l12,12,79,mahalanobis,0.9,query,0.3,0.6,0.4420604395604396,5.65,4.0,0.703421052631579,0.3907894736842106,-455.4919262244977,161.8799130646355,-579.6045744882003,175.88844532940087,124.11264826370262,20,380,sensitivity_no_threshold,nan,nan,nan
JVS_JVSMuSiC,wavlm_l12,12,79,whitened_cosine,0.99,raw,0.5,0.85,0.6821428571428572,2.85,1.5,0.9021052631578947,0.15,0.07809699620590005,0.14293847902372064,-0.1733621020752403,0.13561179491555772,0.2514590982811403,20,380,sensitivity_no_threshold,nan,nan,nan
JVS_JVSMuSiC,wavlm_l12,12,79,whitened_cosine,0.99,query,0.6,0.9,0.7045454545454546,2.7,1.0,0.8943421052631579,0.14605263157894738,0.44873542589212373,0.1452763409303305,0.19693176756197675,0.13750497391292607,0.25180365833014695,20,380,sensitivity_no_threshold,nan,nan,nan
JVS_JVSMuSiC,wavlm_l12,12,79,mahalanobis,0.99,raw,0.3,0.75,0.44912173202614375,5.2,4.0,0.7246052631578948,0.4,-1077.5609306917104,346.38021391306694,-1362.4281021230274,438.4668584016442,284.86717143131705,20,380,sensitivity_no_threshold,nan,nan,nan
JVS_JVSMuSiC,wavlm_l12,12,79,mahalanobis,0.99,query,0.35,0.65,0.48837662337662324,4.85,3.5,0.7397368421052631,0.35,-704.9536179996751,342.218525099586,-989.8207894310123,412.4359443761881,284.86717143133717,20,380,sensitivity_no_threshold,nan,nan,nan
JVS_JVSMuSiC,wavlm_l12,12,79,whitened_cosine,1.0,raw,0.1,0.6,0.2699702380952381,5.5,5.0,0.7335526315789473,0.3394736842105263,-0.5039859114613483,0.18031823862381915,-0.6259859447328506,0.13496298898567521,0.12200003327150233,20,380,sensitivity_no_threshold,nan,nan,nan
JVS_JVSMuSiC,wavlm_l12,12,79,whitened_cosine,1.0,query,0.55,0.7,0.6313510101010101,4.45,1.0,0.7735526315789474,0.34736842105263155,0.768149901331969,0.12264550962831101,0.640952180550433,0.1542459408846519,0.12719772078153602,20,380,sensitivity_no_threshold,nan,nan,nan
JVS_JVSMuSiC,wavlm_l12,12,79,mahalanobis,1.0,raw,0.1,0.35,0.23063186813186815,9.25,8.5,0.5755263157894737,0.45,-5014.0270119466,1075.8094867924426,-5458.170357148821,1471.4907703498045,444.1433452022202,20,380,sensitivity_no_threshold,nan,nan,nan
JVS_JVSMuSiC,wavlm_l12,12,79,mahalanobis,1.0,query,0.3,0.65,0.46121193349134526,5.1,3.5,0.7378947368421053,0.35,-893.7586266990853,483.68349446198624,-1337.9019719013197,672.1767724180497,444.1433452022344,20,380,sensitivity_no_threshold,nan,nan,nan
JVS_JVSMuSiC,wavlm_l12,12,83,whitened_cosine,0.1,raw,0.65,0.85,0.7363095238095239,2.45,1.0,0.9310526315789474,0.1513157894736842,0.1709126752437975,0.08493549479051125,-0.0031195146732952658,0.07254683853051264,0.17403218991709277,20,380,sensitivity_no_threshold,nan,nan,nan
JVS_JVSMuSiC,wavlm_l12,12,83,whitened_cosine,0.1,query,0.65,0.85,0.7363095238095239,2.45,1.0,0.9306578947368421,0.15,0.1748340995673266,0.08508693143702166,0.0008256204184233129,0.07256644481498455,0.17400847914890327,20,380,sensitivity_no_threshold,nan,nan,nan
JVS_JVSMuSiC,wavlm_l12,12,83,mahalanobis,0.1,raw,0.3,0.55,0.42047274212715385,6.75,4.5,0.6767105263157894,0.35,-1235.2206617063262,412.16200085951505,-1447.344796888142,442.2061023939324,212.12413518181575,20,380,sensitivity_no_threshold,nan,nan,nan
JVS_JVSMuSiC,wavlm_l12,12,83,mahalanobis,0.1,query,0.3,0.5,0.4188060754604872,6.8,5.0,0.6761842105263158,0.35,-1230.7330368457478,412.0300310246814,-1442.85717202751,441.98740392783327,212.12413518176209,20,380,sensitivity_no_threshold,nan,nan,nan
JVS_JVSMuSiC,wavlm_l12,12,83,whitened_cosine,0.25,raw,0.7,0.85,0.7967261904761905,2.05,1.0,0.9406578947368421,0.15,0.1813701546835561,0.086592284044763,-0.005744096241057903,0.07111586460105526,0.187114250924614,20,380,sensitivity_no_threshold,nan,nan,nan
JVS_JVSMuSiC,wavlm_l12,12,83,whitened_cosine,0.25,query,0.7,0.85,0.7967261904761905,2.05,1.0,0.9396052631578947,0.15,0.1906173743677011,0.08705578150897585,0.0035974452377859592,0.07113842919907021,0.18701992912991514,20,380,sensitivity_no_threshold,nan,nan,nan
JVS_JVSMuSiC,wavlm_l12,12,83,mahalanobis,0.25,raw,0.4,0.55,0.4869590336134454,6.2,4.0,0.6981578947368421,0.35,-600.8897236645338,194.19219163386163,-715.2608597144732,209.3103469042417,114.37113604993942,20,380,sensitivity_no_threshold,nan,nan,nan
JVS_JVSMuSiC,wavlm_l12,12,83,mahalanobis,0.25,query,0.4,0.55,0.4869590336134454,6.2,4.0,0.6977631578947369,0.35,-595.5404419936152,194.09178535736228,-709.9115780435399,209.1053352228338,114.37113604992464,20,380,sensitivity_no_threshold,nan,nan,nan
JVS_JVSMuSiC,wavlm_l12,12,83,whitened_cosine,0.5,raw,0.75,0.95,0.8400000000000001,1.8,1.0,0.9498684210526316,0.1105263157894737,0.19324718241128738,0.08830722674409572,-0.01185288631967545,0.07333349411931941,0.20510006873096284,20,380,sensitivity_no_threshold,nan,nan,nan
JVS_JVSMuSiC,wavlm_l12,12,83,whitened_cosine,0.5,query,0.75,0.95,0.8322222222222223,1.8,1.0,0.9471052631578948,0.14210526315789473,0.21326045723985404,0.08936683365321985,0.008459729217484627,0.07329424722476303,0.20480072802236943,20,380,sensitivity_no_threshold,nan,nan,nan
JVS_JVSMuSiC,wavlm_l12,12,83,mahalanobis,0.5,raw,0.4,0.55,0.49342442279942283,5.95,4.5,0.7223684210526315,0.34736842105263155,-395.0251435925878,120.55463380349882,-480.6964347999143,133.1925477233834,85.67129120732648,20,380,sensitivity_no_threshold,nan,nan,nan
JVS_JVSMuSiC,wavlm_l12,12,83,mahalanobis,0.5,query,0.4,0.55,0.49342442279942283,5.95,4.5,0.7225,0.3460526315789474,-387.07194318724066,120.4850376179779,-472.74323439455543,132.9794786786189,85.67129120731477,20,380,sensitivity_no_threshold,nan,nan,nan
JVS_JVSMuSiC,wavlm_l12,12,83,whitened_cosine,0.75,raw,0.75,0.95,0.8425,1.75,1.0,0.9573684210526315,0.1118421052631579,0.20543722761428124,0.09248523684921663,-0.023940014968725182,0.08141164821152311,0.22937724258300643,20,380,sensitivity_no_threshold,nan,nan,nan
JVS_JVSMuSiC,wavlm_l12,12,83,whitened_cosine,0.75,query,0.75,0.95,0.8425,1.75,1.0,0.9530263157894737,0.14473684210526316,0.2460398283067678,0.09397595647799424,0.01745397598025786,0.08116629612424187,0.22858585232650994,20,380,sensitivity_no_threshold,nan,nan,nan
JVS_JVSMuSiC,wavlm_l12,12,83,mahalanobis,0.75,raw,0.45,0.7,0.5582509157509158,4.95,2.5,0.7482894736842105,0.3,-368.10194499928474,103.3250485378676,-461.580594496019,121.71980425357383,93.47864949673425,20,380,sensitivity_no_threshold,nan,nan,nan
JVS_JVSMuSiC,wavlm_l12,12,83,mahalanobis,0.75,query,0.4,0.7,0.5331168831168831,5.0,2.5,0.7494736842105263,0.3,-352.40461376185124,103.29753610526049,-445.88326325858645,121.42785848041466,93.47864949673522,20,380,sensitivity_no_threshold,nan,nan,nan
JVS_JVSMuSiC,wavlm_l12,12,83,whitened_cosine,0.9,raw,0.75,0.95,0.8416666666666666,1.85,1.0,0.9569736842105263,0.1,0.21364060597825504,0.10355389254241845,-0.045891392724002646,0.09667852381995601,0.2595319987022577,20,380,sensitivity_no_threshold,nan,nan,nan
JVS_JVSMuSiC,wavlm_l12,12,83,whitened_cosine,0.9,query,0.8,0.95,0.8716666666666667,1.65,1.0,0.9526315789473684,0.1,0.2930320684073033,0.10427271963928655,0.03539696476510937,0.09612041156502514,0.2576351036421939,20,380,sensitivity_no_threshold,nan,nan,nan
JVS_JVSMuSiC,wavlm_l12,12,83,mahalanobis,0.9,raw,0.5,0.7,0.6087121212121213,4.25,1.5,0.7810526315789473,0.3,-443.64339902570066,115.63826609885429,-576.7198499242633,148.21358820056494,133.0764508985626,20,380,sensitivity_no_threshold,nan,nan,nan
JVS_JVSMuSiC,wavlm_l12,12,83,mahalanobis,0.9,query,0.4,0.75,0.5640593434343434,4.25,2.0,0.7823684210526316,0.25394736842105264,-405.33395738273396,115.62147423579641,-538.4104082812988,147.58888700427386,133.07645089856487,20,380,sensitivity_no_threshold,nan,nan,nan
JVS_JVSMuSiC,wavlm_l12,12,83,whitened_cosine,0.99,raw,0.75,0.9,0.83125,1.8,1.0,0.9373684210526316,0.1513157894736842,0.1251126317449765,0.1357579054427235,-0.17801549013536935,0.14551885283134555,0.3031281218803459,20,380,sensitivity_no_threshold,nan,nan,nan
JVS_JVSMuSiC,wavlm_l12,12,83,whitened_cosine,0.99,query,0.55,0.95,0.7175,2.1,1.0,0.9261842105263158,0.15,0.4624005598567269,0.12692791921473978,0.16720005452975203,0.14718826989934258,0.29520050532697484,20,380,sensitivity_no_threshold,nan,nan,nan
JVS_JVSMuSiC,wavlm_l12,12,83,mahalanobis,0.99,raw,0.4,0.85,0.5805602240896359,3.4,2.0,0.819078947368421,0.25526315789473686,-958.3775133170362,253.32410088158827,-1282.9153912972808,344.06875167954,324.5378779802446,20,380,sensitivity_no_threshold,nan,nan,nan
JVS_JVSMuSiC,wavlm_l12,12,83,mahalanobis,0.99,query,0.4,0.9,0.5871428571428571,3.05,2.0,0.8376315789473684,0.20263157894736844,-622.9576109556859,244.0601381648315,-947.495488935925,325.7269803616798,324.53787798023905,20,380,sensitivity_no_threshold,nan,nan,nan
JVS_JVSMuSiC,wavlm_l12,12,83,whitened_cosine,1.0,raw,0.25,0.6,0.4291666666666667,4.3,4.0,0.8015789473684211,0.25921052631578945,-0.4422002036931816,0.1582720876187614,-0.6028475810305317,0.12901202969502032,0.16064737733735013,20,380,sensitivity_no_threshold,nan,nan,nan
JVS_JVSMuSiC,wavlm_l12,12,83,whitened_cosine,1.0,query,0.4,0.7,0.5471416083916083,4.2,2.0,0.819078947368421,0.25,0.7533480375590406,0.11660433548863836,0.5998168456778652,0.14261481882527627,0.15353119188117537,20,380,sensitivity_no_threshold,nan,nan,nan
JVS_JVSMuSiC,wavlm_l12,12,83,mahalanobis,1.0,raw,0.15,0.35,0.2747576035076035,8.45,8.0,0.6189473684210526,0.4,-4371.757557737481,932.7219326634631,-4888.584857342048,1277.0452977398338,516.8272996045671,20,380,sensitivity_no_threshold,nan,nan,nan
JVS_JVSMuSiC,wavlm_l12,12,83,mahalanobis,1.0,query,0.4,0.85,0.5871794871794871,3.1,2.0,0.8431578947368421,0.20789473684210527,-792.9612535848457,393.1400895559848,-1309.7885531894171,554.8527445327669,516.8272996045714,20,380,sensitivity_no_threshold,nan,nan,nan
JVS_JVSMuSiC,wavlm_l12,12,89,whitened_cosine,0.1,raw,0.75,1.0,0.8666666666666666,1.3,1.0,0.9698684210526316,0.1,0.17637838008229884,0.06242486708062896,0.007137478687205229,0.07187446531096871,0.1692409013950936,20,380,sensitivity_no_threshold,nan,nan,nan
JVS_JVSMuSiC,wavlm_l12,12,89,whitened_cosine,0.1,query,0.75,1.0,0.8666666666666666,1.3,1.0,0.9701315789473685,0.1,0.18045727386199395,0.06233247981931014,0.011219569076655648,0.07189817216239822,0.1692377047853383,20,380,sensitivity_no_threshold,nan,nan,nan
JVS_JVSMuSiC,wavlm_l12,12,89,mahalanobis,0.1,raw,0.3,0.65,0.43656015037593987,5.4,4.0,0.7360526315789474,0.3,-1108.8830782236414,217.10674935939906,-1298.9953227454077,247.86449281709181,190.11224452176634,20,380,sensitivity_no_threshold,nan,nan,nan
JVS_JVSMuSiC,wavlm_l12,12,89,mahalanobis,0.1,query,0.3,0.65,0.43775062656641606,5.35,4.0,0.7360526315789474,0.3,-1104.5330748058564,217.1962713939203,-1294.6453193276352,248.02323759811003,190.11224452177885,20,380,sensitivity_no_threshold,nan,nan,nan
JVS_JVSMuSiC,wavlm_l12,12,89,whitened_cosine,0.25,raw,1.0,1.0,1.0,1.0,1.0,0.9822368421052632,0.0881578947368421,0.18447876308389483,0.061621915520385324,0.0031896916095743855,0.07123172195672699,0.18128907147432044,20,380,sensitivity_no_threshold,nan,nan,nan
JVS_JVSMuSiC,wavlm_l12,12,89,whitened_cosine,0.25,query,1.0,1.0,1.0,1.0,1.0,0.9825,0.09342105263157896,0.19415873182973242,0.06135058799123946,0.012877085957016865,0.07126725298828719,0.18128164587271556,20,380,sensitivity_no_threshold,nan,nan,nan
JVS_JVSMuSiC,wavlm_l12,12,89,mahalanobis,0.25,raw,0.3,0.75,0.4665421128579023,4.85,4.0,0.7544736842105263,0.2986842105263158,-541.2581148722442,106.88874522703614,-644.1175791717191,124.10871945915557,102.8594642994749,20,380,sensitivity_no_threshold,nan,nan,nan
JVS_JVSMuSiC,wavlm_l12,12,89,mahalanobis,0.25,query,0.3,0.75,0.4665421128579023,4.85,4.0,0.7540789473684211,0.2986842105263158,-536.0385233267356,106.99525813358171,-638.897987626213,124.30035158303875,102.8594642994774,20,380,sensitivity_no_threshold,nan,nan,nan
JVS_JVSMuSiC,wavlm_l12,12,89,whitened_cosine,0.5,raw,0.95,1.0,0.9666666666666666,1.1,1.0,0.9892105263157894,0.05,0.192754000484697,0.06105362772987772,-0.003607116524264039,0.07251578376252525,0.19636111700896106,20,380,sensitivity_no_threshold,nan,nan,nan
JVS_JVSMuSiC,wavlm_l12,12,89,whitened_cosine,0.5,query,0.95,1.0,0.975,1.05,1.0,0.9894736842105263,0.05,0.21399129055071464,0.06040168512591255,0.01761530024273697,0.07253524128206401,0.19637599030797767,20,380,sensitivity_no_threshold,nan,nan,nan
JVS_JVSMuSiC,wavlm_l12,12,89,mahalanobis,0.5,raw,0.4,0.75,0.5395454545454546,4.1,3.0,0.7639473684210526,0.2934210526315789,-357.46143258379306,72.2391791414582,-433.86381390273885,86.52694727573603,76.4023813189458,20,380,sensitivity_no_threshold,nan,nan,nan
JVS_JVSMuSiC,wavlm_l12,12,89,mahalanobis,0.5,query,0.4,0.75,0.5395454545454546,4.1,3.0,0.7647368421052632,0.2907894736842105,-349.60735922999595,72.38892510443097,-426.0097405489216,86.80400946077638,76.40238131892568,20,380,sensitivity_no_threshold,nan,nan,nan
JVS_JVSMuSiC,wavlm_l12,12,89,whitened_cosine,0.75,raw,0.95,1.0,0.9666666666666666,1.1,1.0,0.9880263157894736,0.05263157894736842,0.19805490110176555,0.06497196203430071,-0.01568987237316075,0.07778305093825949,0.2137447734749263,20,380,sensitivity_no_threshold,nan,nan,nan
JVS_JVSMuSiC,wavlm_l12,12,89,whitened_cosine,0.75,query,0.95,1.0,0.975,1.05,1.0,0.9890789473684211,0.05,0.24241674347203893,0.0635768348536619,0.028523845954511788,0.07781247777294927,0.21389289751752713,20,380,sensitivity_no_threshold,nan,nan,nan
JVS_JVSMuSiC,wavlm_l12,12,89,mahalanobis,0.75,raw,0.5,0.75,0.6207160894660896,3.75,1.5,0.7680263157894737,0.3,-334.14810882475723,70.77587605436095,-414.78012456009094,88.49255875765179,80.63201573533371,20,380,sensitivity_no_threshold,nan,nan,nan
JVS_JVSMuSiC,wavlm_l12,12,89,mahalanobis,0.75,query,0.5,0.75,0.6207160894660895,3.75,1.5,0.7680263157894737,0.3,-318.3598432369341,71.0078801407202,-398.9918589722819,88.95536837016785,80.63201573534775,20,380,sensitivity_no_threshold,nan,nan,nan
JVS_JVSMuSiC,wavlm_l12,12,89,whitened_cosine,0.9,raw,0.9,1.0,0.9416666666666667,1.15,1.0,0.9768421052631578,0.1,0.1915102326482311,0.07658199483085067,-0.04005269986356338,0.08760059536242815,0.2315629325117945,20,380,sensitivity_no_threshold,nan,nan,nan
JVS_JVSMuSiC,wavlm_l12,12,89,whitened_cosine,0.9,query,0.85,1.0,0.925,1.15,1.0,0.9781578947368421,0.09342105263157896,0.2827588123625077,0.07315971894073374,0.05067915362767754,0.08795777265228161,0.23207965873483016,20,380,sensitivity_no_threshold,nan,nan,nan
JVS_JVSMuSiC,wavlm_l12,12,89,mahalanobis,0.9,raw,0.45,0.7,0.6001633986928104,3.75,2.0,0.7681578947368422,0.3,-402.7553903772197,89.4640668422614,-510.89615966496837,116.81114919822284,108.14076928774864,20,380,sensitivity_no_threshold,nan,nan,nan
JVS_JVSMuSiC,wavlm_l12,12,89,mahalanobis,0.9,query,0.45,0.7,0.6001633986928104,3.75,2.0,0.7675,0.3,-363.26877419030717,89.56643630932038,-471.40954347806536,117.50171501391868,108.14076928775819,20,380,sensitivity_no_threshold,nan,nan,nan
JVS_JVSMuSiC,wavlm_l12,12,89,whitened_cosine,0.99,raw,0.7,0.9,0.7809523809523808,2.05,1.0,0.9181578947368421,0.15,0.034969448426913345,0.13516394882637123,-0.20991257967799443,0.11710829629993932,0.24488202810490778,20,380,sensitivity_no_threshold,nan,nan,nan
JVS_JVSMuSiC,wavlm_l12,12,89,whitened_cosine,0.99,query,0.65,0.9,0.78,2.0,1.0,0.9351315789473684,0.1,0.45613026111302857,0.09932104151461885,0.20858186401120693,0.11969022088113053,0.24754839710182164,20,380,sensitivity_no_threshold,nan,nan,nan
JVS_JVSMuSiC,wavlm_l12,12,89,mahalanobis,0.99,raw,0.4,0.75,0.5404093567251461,4.05,3.0,0.7802631578947369,0.35,-887.3967175184298,176.1889257717055,-1120.9022360048607,245.00140710673756,233.5055184864309,20,380,sensitivity_no_threshold,nan,nan,nan
JVS_JVSMuSiC,wavlm_l12,12,89,mahalanobis,0.99,query,0.35,0.65,0.5231318681318682,4.05,2.0,0.7872368421052631,0.35,-529.8755311035799,157.14938324542393,-763.3810495900085,234.7204483609224,233.50551848642863,20,380,sensitivity_no_threshold,nan,nan,nan
JVS_JVSMuSiC,wavlm_l12,12,89,whitened_cosine,1.0,raw,0.15,0.7,0.3666804029304029,5.6,4.0,0.7344736842105263,0.3,-0.5485665602191176,0.15902462605698373,-0.6656321376828148,0.1014310424633257,0.11706557746369717,20,380,sensitivity_no_threshold,nan,nan,nan
JVS_JVSMuSiC,wavlm_l12,12,89,whitened_cosine,1.0,query,0.45,0.65,0.5727579365079365,3.65,2.5,0.8236842105263158,0.25,0.7826633763979849,0.07410583450258737,0.6642939591259671,0.10428859227680365,0.11836941727201777,20,380,sensitivity_no_threshold,nan,nan,nan
JVS_JVSMuSiC,wavlm_l12,12,89,mahalanobis,1.0,raw,0.1,0.45,0.28816163003663003,7.9,6.5,0.6157894736842106,0.4013157894736842,-4329.673833724967,833.3898768024667,-4674.7233401578,910.4487076651993,345.04950643283246,20,380,sensitivity_no_threshold,nan,nan,nan
JVS_JVSMuSiC,wavlm_l12,12,89,mahalanobis,1.0,query,0.3,0.75,0.49112789987789984,3.85,3.0,0.7947368421052632,0.2618421052631579,-653.3116477377247,226.21629677504993,-998.361154170557,359.6709682764815,345.04950643283235,20,380,sensitivity_no_threshold,nan,nan,nan
JVS_JVSMuSiC,wavlm_l12,12,97,whitened_cosine,0.1,raw,0.85,0.95,0.8875,1.5,1.0,0.9557894736842105,0.10131578947368422,0.1994680849071956,0.08584741101130525,0.0056895045623049445,0.07825218604210091,0.19377858034489065,20,380,sensitivity_no_threshold,nan,nan,nan
JVS_JVSMuSiC,wavlm_l12,12,97,whitened_cosine,0.1,query,0.85,0.95,0.8863095238095238,1.55,1.0,0.9563157894736842,0.10394736842105264,0.20320466268008106,0.0855506589280931,0.009392384131053297,0.07824254752375218,0.19381227854902777,20,380,sensitivity_no_threshold,nan,nan,nan
JVS_JVSMuSiC,wavlm_l12,12,97,mahalanobis,0.1,raw,0.2,0.6,0.36031662266182385,6.55,4.5,0.7235526315789473,0.3381578947368421,-1232.8683391006314,304.1404912484667,-1471.4493585527666,328.312487780173,238.58101945213525,20,380,sensitivity_no_threshold,nan,nan,nan
JVS_JVSMuSiC,wavlm_l12,12,97,mahalanobis,0.1,query,0.2,0.6,0.36031662266182385,6.55,4.5,0.7238157894736842,0.3118421052631579,-1228.596412497951,304.2815999217002,-1467.177431949983,328.4446867700578,238.58101945203202,20,380,sensitivity_no_threshold,nan,nan,nan
JVS_JVSMuSiC,wavlm_l12,12,97,whitened_cosine,0.25,raw,0.8,1.0,0.8558333333333333,1.55,1.0,0.9628947368421052,0.10526315789473684,0.2055493681581173,0.08721611538083687,0.004565030428451857,0.07895521739987518,0.20098433772966545,20,380,sensitivity_no_threshold,nan,nan,nan
JVS_JVSMuSiC,wavlm_l12,12,97,whitened_cosine,0.25,query,0.8,1.0,0.8641666666666665,1.5,1.0,0.9631578947368421,0.10789473684210527,0.21445949061282957,0.08661778149475709,0.013417141783996117,0.07893947036412706,0.20104234882883346,20,380,sensitivity_no_threshold,nan,nan,nan
JVS_JVSMuSiC,wavlm_l12,12,97,mahalanobis,0.25,raw,0.25,0.6,0.4041115573023468,6.3,4.0,0.733421052631579,0.3078947368421052,-603.145924223552,142.849809318688,-727.8774459375588,159.53996277419645,124.73152171400682,20,380,sensitivity_no_threshold,nan,nan,nan
JVS_JVSMuSiC,wavlm_l12,12,97,mahalanobis,0.25,query,0.25,0.6,0.4041115573023468,6.3,4.0,0.7335526315789473,0.3078947368421052,-597.9696280151722,143.02181387442644,-722.7011497292182,159.67784897173976,124.73152171404593,20,380,sensitivity_no_threshold,nan,nan,nan
JVS_JVSMuSiC,wavlm_l12,12,97,whitened_cosine,0.5,raw,0.8,1.0,0.8641666666666665,1.5,1.0,0.9653947368421053,0.1381578947368421,0.210462284847931,0.09063470497854437,0.0009225607900272242,0.08108216903532064,0.20953972405790378,20,380,sensitivity_no_threshold,nan,nan,nan
JVS_JVSMuSiC,wavlm_l12,12,97,whitened_cosine,0.5,query,0.8,1.0,0.8666666666666666,1.45,1.0,0.9671052631578947,0.1394736842105263,0.23001162841540723,0.08947603127439792,0.02042075932332953,0.08107251005820294,0.2095908690920777,20,380,sensitivity_no_threshold,nan,nan,nan
JVS_JVSMuSiC,wavlm_l12,12,97,mahalanobis,0.5,raw,0.3,0.6,0.44393018745959917,6.0,3.5,0.7488157894736842,0.35,-400.19622004519914,88.43065103807734,-489.2275371667256,105.49085478472483,89.03131712152646,20,380,sensitivity_no_threshold,nan,nan,nan
JVS_JVSMuSiC,wavlm_l12,12,97,mahalanobis,0.5,query,0.3,0.6,0.44393018745959917,6.0,3.5,0.7482894736842105,0.35,-392.35652644451767,88.66360855391606,-481.38784356605,105.63587136738467,89.03131712153231,20,380,sensitivity_no_threshold,nan,nan,nan
JVS_JVSMuSiC,wavlm_l12,12,97,whitened_cosine,0.75,raw,0.8,0.95,0.875,1.45,1.0,0.9655263157894737,0.1,0.21229950807741957,0.09440078313251488,-0.008955174399594349,0.08495294484412905,0.2212546824770139,20,380,sensitivity_no_threshold,nan,nan,nan
JVS_JVSMuSiC,wavlm_l12,12,97,whitened_cosine,0.75,query,0.75,1.0,0.8541666666666666,1.4,1.0,0.9671052631578947,0.1,0.2529394092414234,0.0919647864874393,0.03176808752251766,0.08513755226316681,0.22117132171890572,20,380,sensitivity_no_threshold,nan,nan,nan
JVS_JVSMuSiC,wavlm_l12,12,97,mahalanobis,0.75,raw,0.35,0.6,0.47856150793650787,5.75,3.5,0.758421052631579,0.35,-374.5664547372915,77.04160106885817,-464.9190032651228,101.39602553478042,90.35254852783129,20,380,sensitivity_no_threshold,nan,nan,nan
JVS_JVSMuSiC,wavlm_l12,12,97,mahalanobis,0.75,query,0.3,0.6,0.4535615079365079,5.8,3.5,0.7576315789473684,0.35,-358.8206494290265,77.39641185459296,-449.17319795685313,101.5520656167116,90.35254852782663,20,380,sensitivity_no_threshold,nan,nan,nan
JVS_JVSMuSiC,wavlm_l12,12,97,whitened_cosine,0.9,raw,0.7,1.0,0.825,1.5,1.0,0.9638157894736842,0.1,0.20535794727739815,0.09626423997306109,-0.031276354922485615,0.09136432786304953,0.23663430219988377,20,380,sensitivity_no_threshold,nan,nan,nan
JVS_JVSMuSiC,wavlm_l12,12,97,whitened_cosine,0.9,query,0.7,1.0,0.8416666666666666,1.35,1.0,0.9694736842105263,0.1,0.28820342817122857,0.09064649232078707,0.05220593276981886,0.09256088177539816,0.2359974954014097,20,380,sensitivity_no_threshold,nan,nan,nan
JVS_JVSMuSiC,wavlm_l12,12,97,mahalanobis,0.9,raw,0.4,0.6,0.5092547036297036,5.2,3.5,0.7696052631578948,0.3,-447.72395388195434,87.60505486157417,-565.1907248015914,127.06396317892502,117.46677091963704,20,380,sensitivity_no_threshold,nan,nan,nan
JVS_JVSMuSiC,wavlm_l12,12,97,mahalanobis,0.9,query,0.35,0.65,0.48578733766233767,5.2,3.5,0.7701315789473684,0.3,-408.63398920373436,87.97498259219147,-526.100760123359,127.26075570227012,117.46677091962465,20,380,sensitivity_no_threshold,nan,nan,nan
JVS_JVSMuSiC,wavlm_l12,12,97,whitened_cosine,0.99,raw,0.65,0.9,0.7645833333333333,2.0,1.0,0.9252631578947368,0.15,0.05746020339757611,0.12340226403091799,-0.18835432212454464,0.11756586251092095,0.24581452552212074,20,380,sensitivity_no_threshold,nan,nan,nan
JVS_JVSMuSiC,wavlm_l12,12,97,whitened_cosine,0.99,query,0.45,1.0,0.6849999999999999,1.85,2.0,0.9465789473684211,0.1,0.441407401129921,0.0808380218443788,0.20001781691023657,0.1229274515481934,0.24138958421968443,20,380,sensitivity_no_threshold,nan,nan,nan
JVS_JVSMuSiC,wavlm_l12,12,97,mahalanobis,0.99,raw,0.45,0.7,0.5788327848621966,4.3,2.0,0.7928947368421052,0.3,-941.1061141997664,161.41389837028973,-1177.9549400491926,240.2512249514189,236.84882584942625,20,380,sensitivity_no_threshold,nan,nan,nan
JVS_JVSMuSiC,wavlm_l12,12,97,mahalanobis,0.99,query,0.3,0.8,0.5069345238095238,4.0,2.5,0.8089473684210526,0.3,-589.1041430028723,138.4480334628282,-825.9529688522933,232.53041546389414,236.84882584942102,20,380,sensitivity_no_threshold,nan,nan,nan
JVS_JVSMuSiC,wavlm_l12,12,97,whitened_cosine,1.0,raw,0.2,0.6,0.39684398934398935,5.15,3.0,0.7477631578947368,0.3,-0.5320988090722474,0.14646021057632175,-0.6473662876506673,0.11036831435655575,0.1152674785784199,20,380,sensitivity_no_threshold,nan,nan,nan
JVS_JVSMuSiC,wavlm_l12,12,97,whitened_cosine,1.0,query,0.5,0.75,0.6011011904761905,4.1,1.5,0.809078947368421,0.25,0.7618088087864122,0.06215519297751702,0.6493298098710208,0.11148373633729011,0.11247899891539137,20,380,sensitivity_no_threshold,nan,nan,nan
JVS_JVSMuSiC,wavlm_l12,12,97,mahalanobis,1.0,raw,0.1,0.4,0.24383595055615176,8.75,9.0,0.604078947368421,0.4407894736842105,-4520.450232211255,984.2631836624131,-4853.777653925449,973.1486498975157,333.3274217141943,20,380,sensitivity_no_threshold,nan,nan,nan
JVS_JVSMuSiC,wavlm_l12,12,97,mahalanobis,1.0,query,0.3,0.7,0.48773809523809525,4.6,3.0,0.8071052631578948,0.3,-723.3622937684689,195.56529580345557,-1056.6897154826615,327.5809829291808,333.3274217141926,20,380,sensitivity_no_threshold,nan,nan,nan
