dataset,model,layer,split_seed,fit_type,fit_speakers,n_fit_vectors,dimension,shrinkage,covariance_trace,minimum_effective_eigenvalue,condition_number,transform_hash,whitened_residual_alignment,whitened_E_test,span_dimension,max_lda_dimension,lda_analytic_OAS_shrinkage,selected_lda_dimension,selection_rule
JVS_JVSMuSiC,wavlm_l12,12,13,OAS,jvs001;jvs002;jvs007;jvs008;jvs014;jvs016;jvs017;jvs018;jvs021;jvs023;jvs024;jvs026;jvs028;jvs029;jvs030;jvs031;jvs033;jvs034;jvs035;jvs037;jvs038;jvs039;jvs040;jvs045;jvs046;jvs048;jvs050;jvs052;jvs053;jvs054;jvs055;jvs056;jvs060;jvs062;jvs064;jvs065;jvs066;jvs067;jvs069;jvs070;jvs073;jvs074;jvs077;jvs078;jvs079;jvs081;jvs082;jvs084;jvs085;jvs087;jvs088;jvs090;jvs091;jvs092;jvs093;jvs094;jvs096;jvs098;jvs099;jvs100,120,1536,0.02759659514158008,0.7230284188131811,1.2990314160054792e-05,35018.70130705593,bb482cedb68072420ee2,0.03447247655730884,0.0010918324564698212,,,,,
JVS_JVSMuSiC,wavlm_l12,12,13,regularized_LDA,jvs001;jvs002;jvs007;jvs008;jvs014;jvs016;jvs017;jvs018;jvs021;jvs023;jvs024;jvs026;jvs028;jvs029;jvs030;jvs031;jvs033;jvs034;jvs035;jvs037;jvs038;jvs039;jvs040;jvs045;jvs046;jvs048;jvs050;jvs052;jvs053;jvs054;jvs055;jvs056;jvs060;jvs062;jvs064;jvs065;jvs066;jvs067;jvs069;jvs070;jvs073;jvs074;jvs077;jvs078;jvs079;jvs081;jvs082;jvs084;jvs085;jvs087;jvs088;jvs090;jvs091;jvs092;jvs093;jvs094;jvs096;jvs098;jvs099;jvs100,120,1536,,,,,013bfbeccaedc39f6188,,,119,59,1.0,59,raw_dev_EER_then_MRR_then_smaller_k
JVS_JVSMuSiC,wavlm_l12,12,17,OAS,jvs003;jvs006;jvs008;jvs012;jvs013;jvs014;jvs015;jvs016;jvs017;jvs018;jvs019;jvs020;jvs021;jvs022;jvs023;jvs024;jvs027;jvs028;jvs029;jvs031;jvs032;jvs033;jvs035;jvs036;jvs039;jvs041;jvs043;jvs044;jvs046;jvs047;jvs049;jvs051;jvs052;jvs053;jvs054;jvs055;jvs058;jvs059;jvs061;jvs062;jvs064;jvs066;jvs067;jvs068;jvs070;jvs071;jvs072;jvs074;jvs077;jvs078;jvs079;jvs081;jvs084;jvs085;jvs088;jvs094;jvs095;jvs098;jvs099;jvs100,120,1536,0.028381775369222546,0.7453211803456143,1.3771834842768901e-05,33276.96076127568,857600e5e8d77a661d4b,0.03541963731406432,0.0012029314274359937,,,,,
JVS_JVSMuSiC,wavlm_l12,12,17,regularized_LDA,jvs003;jvs006;jvs008;jvs012;jvs013;jvs014;jvs015;jvs016;jvs017;jvs018;jvs019;jvs020;jvs021;jvs022;jvs023;jvs024;jvs027;jvs028;jvs029;jvs031;jvs032;jvs033;jvs035;jvs036;jvs039;jvs041;jvs043;jvs044;jvs046;jvs047;jvs049;jvs051;jvs052;jvs053;jvs054;jvs055;jvs058;jvs059;jvs061;jvs062;jvs064;jvs066;jvs067;jvs068;jvs070;jvs071;jvs072;jvs074;jvs077;jvs078;jvs079;jvs081;jvs084;jvs085;jvs088;jvs094;jvs095;jvs098;jvs099;jvs100,120,1536,,,,,0268bdacd4664d350299,,,119,59,1.0,59,raw_dev_EER_then_MRR_then_smaller_k
JVS_JVSMuSiC,wavlm_l12,12,19,OAS,jvs001;jvs002;jvs004;jvs005;jvs006;jvs007;jvs008;jvs011;jvs016;jvs017;jvs018;jvs019;jvs020;jvs022;jvs025;jvs026;jvs027;jvs029;jvs031;jvs032;jvs033;jvs035;jvs036;jvs037;jvs038;jvs041;jvs043;jvs045;jvs047;jvs048;jvs053;jvs054;jvs058;jvs060;jvs061;jvs063;jvs064;jvs066;jvs067;jvs068;jvs069;jvs070;jvs071;jvs074;jvs076;jvs078;jvs079;jvs081;jvs082;jvs085;jvs087;jvs089;jvs091;jvs093;jvs094;jvs095;jvs096;jvs097;jvs098;jvs100,120,1536,0.02745077421435417,0.6945983664293509,1.2413582634447498e-05,35379.00381032818,4ea75c17c14b129c412d,0.033539711298195815,0.001034004118415921,,,,,
JVS_JVSMuSiC,wavlm_l12,12,19,regularized_LDA,jvs001;jvs002;jvs004;jvs005;jvs006;jvs007;jvs008;jvs011;jvs016;jvs017;jvs018;jvs019;jvs020;jvs022;jvs025;jvs026;jvs027;jvs029;jvs031;jvs032;jvs033;jvs035;jvs036;jvs037;jvs038;jvs041;jvs043;jvs045;jvs047;jvs048;jvs053;jvs054;jvs058;jvs060;jvs061;jvs063;jvs064;jvs066;jvs067;jvs068;jvs069;jvs070;jvs071;jvs074;jvs076;jvs078;jvs079;jvs081;jvs082;jvs085;jvs087;jvs089;jvs091;jvs093;jvs094;jvs095;jvs096;jvs097;jvs098;jvs100,120,1536,,,,,b8a477ec1ef4d9e9be1c,,,119,59,1.0,59,raw_dev_EER_then_MRR_then_smaller_k
JVS_JVSMuSiC,wavlm_l12,12,23,OAS,jvs001;jvs002;jvs003;jvs008;jvs009;jvs010;jvs011;jvs014;jvs016;jvs019;jvs022;jvs023;jvs024;jvs025;jvs026;jvs027;jvs028;jvs029;jvs030;jvs031;jvs036;jvs037;jvs039;jvs040;jvs041;jvs042;jvs043;jvs045;jvs046;jvs047;jvs049;jvs050;jvs052;jvs056;jvs062;jvs064;jvs067;jvs071;jvs072;jvs075;jvs076;jvs077;jvs079;jvs080;jvs081;jvs082;jvs083;jvs084;jvs085;jvs086;jvs087;jvs089;jvs091;jvs093;jvs094;jvs096;jvs097;jvs098;jvs099;jvs100,120,1536,0.02902580200512657,0.7162077364376347,1.3534182260663189e-05,31934.378639597722,2dc6ec32e6fbb1d3b692,0.03467495876386627,0.0011416093211441547,,,,,
JVS_JVSMuSiC,wavlm_l12,12,23,regularized_LDA,jvs001;jvs002;jvs003;jvs008;jvs009;jvs010;jvs011;jvs014;jvs016;jvs019;jvs022;jvs023;jvs024;jvs025;jvs026;jvs027;jvs028;jvs029;jvs030;jvs031;jvs036;jvs037;jvs039;jvs040;jvs041;jvs042;jvs043;jvs045;jvs046;jvs047;jvs049;jvs050;jvs052;jvs056;jvs062;jvs064;jvs067;jvs071;jvs072;jvs075;jvs076;jvs077;jvs079;jvs080;jvs081;jvs082;jvs083;jvs084;jvs085;jvs086;jvs087;jvs089;jvs091;jvs093;jvs094;jvs096;jvs097;jvs098;jvs099;jvs100,120,1536,,,,,a953df29c37db679e7c0,,,119,59,1.0,59,raw_dev_EER_then_MRR_then_smaller_k
JVS_JVSMuSiC,wavlm_l12,12,29,OAS,jvs001;jvs005;jvs007;jvs008;jvs009;jvs010;jvs011;jvs014;jvs015;jvs016;jvs017;jvs019;jvs020;jvs021;jvs022;jvs025;jvs026;jvs028;jvs029;jvs030;jvs031;jvs033;jvs035;jvs036;jvs038;jvs039;jvs040;jvs041;jvs044;jvs046;jvs048;jvs049;jvs053;jvs054;jvs057;jvs058;jvs060;jvs064;jvs066;jvs067;jvs068;jvs070;jvs071;jvs072;jvs073;jvs074;jvs078;jvs079;jvs080;jvs081;jvs084;jvs086;jvs089;jvs091;jvs093;jvs095;jvs096;jvs097;jvs098;jvs099,120,1536,0.02807120310963926,0.7389488956270102,1.3504677432805615e-05,33931.32854539108,f76a016fc6c9b41af02f,0.035248874884825566,0.001169321838777937,,,,,
JVS_JVSMuSiC,wavlm_l12,12,29,regularized_LDA,jvs001;jvs005;jvs007;jvs008;jvs009;jvs010;jvs011;jvs014;jvs015;jvs016;jvs017;jvs019;jvs020;jvs021;jvs022;jvs025;jvs026;jvs028;jvs029;jvs030;jvs031;jvs033;jvs035;jvs036;jvs038;jvs039;jvs040;jvs041;jvs044;jvs046;jvs048;jvs049;jvs053;jvs054;jvs057;jvs058;jvs060;jvs064;jvs066;jvs067;jvs068;jvs070;jvs071;jvs072;jvs073;jvs074;jvs078;jvs079;jvs080;jvs081;jvs084;jvs086;jvs089;jvs091;jvs093;jvs095;jvs096;jvs097;jvs098;jvs099,120,1536,,,,,8f6038eaaf5cde36a1b4,,,119,59,1.0,59,raw_dev_EER_then_MRR_then_smaller_k
JVS_JVSMuSiC,wavlm_l12,12,31,OAS,jvs001;jvs002;jvs004;jvs005;jvs006;jvs007;jvs008;jvs011;jvs016;jvs018;jvs021;jvs022;jvs023;jvs024;jvs025;jvs026;jvs028;jvs029;jvs033;jvs035;jvs037;jvs038;jvs039;jvs041;jvs043;jvs047;jvs048;jvs050;jvs051;jvs053;jvs054;jvs055;jvs056;jvs057;jvs058;jvs059;jvs060;jvs061;jvs062;jvs063;jvs064;jvs068;jvs070;jvs074;jvs075;jvs077;jvs078;jvs080;jvs081;jvs083;jvs085;jvs087;jvs089;jvs091;jvs092;jvs093;jvs094;jvs096;jvs097;jvs099,120,1536,0.026782747857701475,0.7044201351384043,1.228275186542961e-05,36972.47064992842,dae10bcffdaa348f1b92,0.031409190718645744,0.0008800858541766488,,,,,
JVS_JVSMuSiC,wavlm_l12,12,31,regularized_LDA,jvs001;jvs002;jvs004;jvs005;jvs006;jvs007;jvs008;jvs011;jvs016;jvs018;jvs021;jvs022;jvs023;jvs024;jvs025;jvs026;jvs028;jvs029;jvs033;jvs035;jvs037;jvs038;jvs039;jvs041;jvs043;jvs047;jvs048;jvs050;jvs051;jvs053;jvs054;jvs055;jvs056;jvs057;jvs058;jvs059;jvs060;jvs061;jvs062;jvs063;jvs064;jvs068;jvs070;jvs074;jvs075;jvs077;jvs078;jvs080;jvs081;jvs083;jvs085;jvs087;jvs089;jvs091;jvs092;jvs093;jvs094;jvs096;jvs097;jvs099,120,1536,,,,,32689f802e6790e01b6d,,,119,59,1.0,59,raw_dev_EER_then_MRR_then_smaller_k
JVS_JVSMuSiC,wavlm_l12,12,37,OAS,jvs001;jvs002;jvs004;jvs006;jvs007;jvs009;jvs011;jvs012;jvs014;jvs016;jvs017;jvs018;jvs019;jvs020;jvs021;jvs023;jvs024;jvs025;jvs026;jvs030;jvs031;jvs032;jvs034;jvs035;jvs037;jvs039;jvs040;jvs041;jvs043;jvs044;jvs046;jvs048;jvs051;jvs052;jvs054;jvs055;jvs058;jvs059;jvs062;jvs063;jvs065;jvs066;jvs067;jvs068;jvs069;jvs071;jvs072;jvs073;jvs078;jvs079;jvs080;jvs084;jvs085;jvs091;jvs093;jvs094;jvs097;jvs098;jvs099;jvs100,120,1536,0.027841909513888787,0.7226392669425162,1.3098735079034155e-05,34460.28349435501,db449073926feca927e2,0.03389876673998591,0.0010516260973372216,,,,,
JVS_JVSMuSiC,wavlm_l12,12,37,regularized_LDA,jvs001;jvs002;jvs004;jvs006;jvs007;jvs009;jvs011;jvs012;jvs014;jvs016;jvs017;jvs018;jvs019;jvs020;jvs021;jvs023;jvs024;jvs025;jvs026;jvs030;jvs031;jvs032;jvs034;jvs035;jvs037;jvs039;jvs040;jvs041;jvs043;jvs044;jvs046;jvs048;jvs051;jvs052;jvs054;jvs055;jvs058;jvs059;jvs062;jvs063;jvs065;jvs066;jvs067;jvs068;jvs069;jvs071;jvs072;jvs073;jvs078;jvs079;jvs080;jvs084;jvs085;jvs091;jvs093;jvs094;jvs097;jvs098;jvs099;jvs100,120,1536,,,,,792a0b78241bccac3644,,,119,59,1.0,59,raw_dev_EER_then_MRR_then_smaller_k
JVS_JVSMuSiC,wavlm_l12,12,41,OAS,jvs001;jvs003;jvs004;jvs005;jvs006;jvs007;jvs009;jvs010;jvs011;jvs012;jvs016;jvs017;jvs019;jvs022;jvs023;jvs025;jvs026;jvs028;jvs029;jvs030;jvs031;jvs036;jvs037;jvs038;jvs042;jvs043;jvs044;jvs045;jvs049;jvs051;jvs054;jvs055;jvs058;jvs059;jvs060;jvs061;jvs062;jvs063;jvs065;jvs066;jvs067;jvs068;jvs069;jvs070;jvs071;jvs072;jvs073;jvs074;jvs075;jvs078;jvs080;jvs084;jvs085;jvs086;jvs090;jvs094;jvs095;jvs096;jvs098;jvs099,120,1536,0.0283551324484398,0.7120852579913737,1.3145359247999237e-05,33308.70712412039,551b1c3f37bd8fb90033,0.03396228309801992,0.0010748248139260674,,,,,
JVS_JVSMuSiC,wavlm_l12,12,41,regularized_LDA,jvs001;jvs003;jvs004;jvs005;jvs006;jvs007;jvs009;jvs010;jvs011;jvs012;jvs016;jvs017;jvs019;jvs022;jvs023;jvs025;jvs026;jvs028;jvs029;jvs030;jvs031;jvs036;jvs037;jvs038;jvs042;jvs043;jvs044;jvs045;jvs049;jvs051;jvs054;jvs055;jvs058;jvs059;jvs060;jvs061;jvs062;jvs063;jvs065;jvs066;jvs067;jvs068;jvs069;jvs070;jvs071;jvs072;jvs073;jvs074;jvs075;jvs078;jvs080;jvs084;jvs085;jvs086;jvs090;jvs094;jvs095;jvs096;jvs098;jvs099,120,1536,,,,,6fecfea84f5ad9494ab1,,,119,59,1.0,59,raw_dev_EER_then_MRR_then_smaller_k
JVS_JVSMuSiC,wavlm_l12,12,43,OAS,jvs002;jvs003;jvs004;jvs006;jvs007;jvs008;jvs009;jvs011;jvs013;jvs014;jvs015;jvs018;jvs022;jvs023;jvs024;jvs025;jvs026;jvs027;jvs034;jvs035;jvs036;jvs037;jvs038;jvs039;jvs040;jvs042;jvs043;jvs044;jvs045;jvs046;jvs049;jvs051;jvs054;jvs056;jvs058;jvs061;jvs062;jvs063;jvs065;jvs066;jvs067;jvs070;jvs071;jvs073;jvs076;jvs077;jvs078;jvs079;jvs083;jvs084;jvs086;jvs088;jvs089;jvs092;jvs093;jvs094;jvs096;jvs097;jvs099;jvs100,120,1536,0.02817817272702489,0.737532220852584,1.3530149942011966e-05,33644.523234271524,1e33281e33e55b69cf83,0.03331872607183361,0.0010479304759893893,,,,,
JVS_JVSMuSiC,wavlm_l12,12,43,regularized_LDA,jvs002;jvs003;jvs004;jvs006;jvs007;jvs008;jvs009;jvs011;jvs013;jvs014;jvs015;jvs018;jvs022;jvs023;jvs024;jvs025;jvs026;jvs027;jvs034;jvs035;jvs036;jvs037;jvs038;jvs039;jvs040;jvs042;jvs043;jvs044;jvs045;jvs046;jvs049;jvs051;jvs054;jvs056;jvs058;jvs061;jvs062;jvs063;jvs065;jvs066;jvs067;jvs070;jvs071;jvs073;jvs076;jvs077;jvs078;jvs079;jvs083;jvs084;jvs086;jvs088;jvs089;jvs092;jvs093;jvs094;jvs096;jvs097;jvs099;jvs100,120,1536,,,,,023dd970b1f287b805c1,,,119,59,1.0,59,raw_dev_EER_then_MRR_then_smaller_k
JVS_JVSMuSiC,wavlm_l12,12,47,OAS,jvs002;jvs004;jvs005;jvs006;jvs007;jvs008;jvs009;jvs012;jvs013;jvs014;jvs015;jvs016;jvs018;jvs019;jvs020;jvs021;jvs022;jvs024;jvs025;jvs026;jvs029;jvs031;jvs032;jvs033;jvs034;jvs036;jvs037;jvs039;jvs044;jvs045;jvs047;jvs048;jvs049;jvs051;jvs052;jvs055;jvs056;jvs057;jvs058;jvs062;jvs063;jvs067;jvs068;jvs070;jvs071;jvs073;jvs074;jvs075;jvs077;jvs079;jvs083;jvs086;jvs088;jvs089;jvs091;jvs092;jvs097;jvs098;jvs099;jvs100,120,1536,0.027142407217281925,0.7249309219316818,1.2810136905904507e-05,36074.94225781982,8890a5b46f8f3c4f3c3e,0.03311338302985327,0.0009950736128474524,,,,,
JVS_JVSMuSiC,wavlm_l12,12,47,regularized_LDA,jvs002;jvs004;jvs005;jvs006;jvs007;jvs008;jvs009;jvs012;jvs013;jvs014;jvs015;jvs016;jvs018;jvs019;jvs020;jvs021;jvs022;jvs024;jvs025;jvs026;jvs029;jvs031;jvs032;jvs033;jvs034;jvs036;jvs037;jvs039;jvs044;jvs045;jvs047;jvs048;jvs049;jvs051;jvs052;jvs055;jvs056;jvs057;jvs058;jvs062;jvs063;jvs067;jvs068;jvs070;jvs071;jvs073;jvs074;jvs075;jvs077;jvs079;jvs083;jvs086;jvs088;jvs089;jvs091;jvs092;jvs097;jvs098;jvs099;jvs100,120,1536,,,,,99165057998881df4173,,,119,59,1.0,59,raw_dev_EER_then_MRR_then_smaller_k
JVS_JVSMuSiC,wavlm_l12,12,53,OAS,jvs002;jvs004;jvs005;jvs006;jvs007;jvs008;jvs009;jvs010;jvs011;jvs012;jvs014;jvs016;jvs017;jvs019;jvs020;jvs021;jvs022;jvs025;jvs027;jvs028;jvs029;jvs030;jvs031;jvs032;jvs033;jvs035;jvs039;jvs041;jvs043;jvs044;jvs045;jvs046;jvs047;jvs049;jvs050;jvs051;jvs053;jvs054;jvs055;jvs056;jvs057;jvs059;jvs064;jvs066;jvs067;jvs068;jvs069;jvs070;jvs071;jvs075;jvs077;jvs080;jvs081;jvs085;jvs087;jvs091;jvs094;jvs096;jvs097;jvs100,120,1536,0.02683427310650369,0.7083906145924563,1.2375746886756492e-05,36862.010000033326,ab9e9cca5ed0278a0061,0.03149850970433377,0.0008465062377605026,,,,,
JVS_JVSMuSiC,wavlm_l12,12,53,regularized_LDA,jvs002;jvs004;jvs005;jvs006;jvs007;jvs008;jvs009;jvs010;jvs011;jvs012;jvs014;jvs016;jvs017;jvs019;jvs020;jvs021;jvs022;jvs025;jvs027;jvs028;jvs029;jvs030;jvs031;jvs032;jvs033;jvs035;jvs039;jvs041;jvs043;jvs044;jvs045;jvs046;jvs047;jvs049;jvs050;jvs051;jvs053;jvs054;jvs055;jvs056;jvs057;jvs059;jvs064;jvs066;jvs067;jvs068;jvs069;jvs070;jvs071;jvs075;jvs077;jvs080;jvs081;jvs085;jvs087;jvs091;jvs094;jvs096;jvs097;jvs100,120,1536,,,,,4b0e4057ec283f1fecbe,,,119,59,1.0,59,raw_dev_EER_then_MRR_then_smaller_k
JVS_JVSMuSiC,wavlm_l12,12,59,OAS,jvs002;jvs005;jvs006;jvs008;jvs013;jvs014;jvs015;jvs017;jvs019;jvs020;jvs021;jvs022;jvs023;jvs024;jvs026;jvs027;jvs028;jvs030;jvs031;jvs032;jvs033;jvs036;jvs037;jvs038;jvs039;jvs042;jvs044;jvs045;jvs046;jvs048;jvs049;jvs050;jvs053;jvs054;jvs055;jvs058;jvs059;jvs060;jvs061;jvs062;jvs064;jvs065;jvs070;jvs071;jvs074;jvs076;jvs077;jvs078;jvs082;jvs083;jvs084;jvs086;jvs087;jvs090;jvs091;jvs092;jvs093;jvs095;jvs096;jvs098,120,1536,0.02782102386705904,0.7599033473105099,1.3763860131630044e-05,34463.42496497173,98e8d19111fe893c7d5f,0.034418566298594515,0.0011453350391138484,,,,,
JVS_JVSMuSiC,wavlm_l12,12,59,regularized_LDA,jvs002;jvs005;jvs006;jvs008;jvs013;jvs014;jvs015;jvs017;jvs019;jvs020;jvs021;jvs022;jvs023;jvs024;jvs026;jvs027;jvs028;jvs030;jvs031;jvs032;jvs033;jvs036;jvs037;jvs038;jvs039;jvs042;jvs044;jvs045;jvs046;jvs048;jvs049;jvs050;jvs053;jvs054;jvs055;jvs058;jvs059;jvs060;jvs061;jvs062;jvs064;jvs065;jvs070;jvs071;jvs074;jvs076;jvs077;jvs078;jvs082;jvs083;jvs084;jvs086;jvs087;jvs090;jvs091;jvs092;jvs093;jvs095;jvs096;jvs098,120,1536,,,,,eb82e0a95048b700544b,,,119,59,1.0,59,raw_dev_EER_then_MRR_then_smaller_k
JVS_JVSMuSiC,wavlm_l12,12,61,OAS,jvs002;jvs003;jvs007;jvs008;jvs009;jvs010;jvs011;jvs013;jvs015;jvs017;jvs018;jvs021;jvs022;jvs023;jvs025;jvs026;jvs028;jvs031;jvs032;jvs033;jvs034;jvs035;jvs036;jvs037;jvs038;jvs040;jvs041;jvs042;jvs044;jvs046;jvs048;jvs049;jvs050;jvs051;jvs052;jvs053;jvs055;jvs056;jvs059;jvs061;jvs063;jvs064;jvs065;jvs070;jvs074;jvs075;jvs076;jvs077;jvs079;jvs083;jvs085;jvs086;jvs088;jvs091;jvs092;jvs093;jvs095;jvs096;jvs098;jvs100,120,1536,0.028042722284326655,0.720674345296444,1.3157337579809319e-05,34020.88564140335,56cef9b1b215346ef080,0.03327685287591318,0.0010258242913773197,,,,,
JVS_JVSMuSiC,wavlm_l12,12,61,regularized_LDA,jvs002;jvs003;jvs007;jvs008;jvs009;jvs010;jvs011;jvs013;jvs015;jvs017;jvs018;jvs021;jvs022;jvs023;jvs025;jvs026;jvs028;jvs031;jvs032;jvs033;jvs034;jvs035;jvs036;jvs037;jvs038;jvs040;jvs041;jvs042;jvs044;jvs046;jvs048;jvs049;jvs050;jvs051;jvs052;jvs053;jvs055;jvs056;jvs059;jvs061;jvs063;jvs064;jvs065;jvs070;jvs074;jvs075;jvs076;jvs077;jvs079;jvs083;jvs085;jvs086;jvs088;jvs091;jvs092;jvs093;jvs095;jvs096;jvs098;jvs100,120,1536,,,,,d0611c77342406aaa333,,,119,59,1.0,59,raw_dev_EER_then_MRR_then_smaller_k
JVS_JVSMuSiC,wavlm_l12,12,67,OAS,jvs001;jvs002;jvs003;jvs004;jvs008;jvs009;jvs011;jvs012;jvs013;jvs014;jvs015;jvs017;jvs020;jvs022;jvs023;jvs025;jvs026;jvs027;jvs029;jvs032;jvs033;jvs037;jvs038;jvs039;jvs043;jvs046;jvs048;jvs051;jvs054;jvs055;jvs056;jvs057;jvs058;jvs059;jvs060;jvs061;jvs062;jvs064;jvs065;jvs068;jvs069;jvs070;jvs071;jvs073;jvs075;jvs078;jvs080;jvs082;jvs083;jvs084;jvs086;jvs087;jvs088;jvs090;jvs091;jvs093;jvs095;jvs097;jvs099;jvs100,120,1536,0.02731517119382779,0.7317916431818845,1.3013680997217263e-05,35591.40536307341,6cdf1382f5953af4707e,0.0332449177726185,0.0010170418139592297,,,,,
JVS_JVSMuSiC,wavlm_l12,12,67,regularized_LDA,jvs001;jvs002;jvs003;jvs004;jvs008;jvs009;jvs011;jvs012;jvs013;jvs014;jvs015;jvs017;jvs020;jvs022;jvs023;jvs025;jvs026;jvs027;jvs029;jvs032;jvs033;jvs037;jvs038;jvs039;jvs043;jvs046;jvs048;jvs051;jvs054;jvs055;jvs056;jvs057;jvs058;jvs059;jvs060;jvs061;jvs062;jvs064;jvs065;jvs068;jvs069;jvs070;jvs071;jvs073;jvs075;jvs078;jvs080;jvs082;jvs083;jvs084;jvs086;jvs087;jvs088;jvs090;jvs091;jvs093;jvs095;jvs097;jvs099;jvs100,120,1536,,,,,44ee7e0407791d1b26e1,,,119,59,1.0,59,raw_dev_EER_then_MRR_then_smaller_k
JVS_JVSMuSiC,wavlm_l12,12,71,OAS,jvs002;jvs003;jvs004;jvs005;jvs006;jvs010;jvs011;jvs012;jvs013;jvs014;jvs016;jvs018;jvs019;jvs021;jvs022;jvs024;jvs025;jvs026;jvs027;jvs029;jvs031;jvs032;jvs034;jvs037;jvs039;jvs042;jvs043;jvs044;jvs045;jvs047;jvs048;jvs049;jvs050;jvs052;jvs053;jvs054;jvs055;jvs059;jvs061;jvs062;jvs065;jvs066;jvs067;jvs068;jvs069;jvs070;jvs073;jvs074;jvs075;jvs077;jvs079;jvs080;jvs083;jvs084;jvs086;jvs088;jvs089;jvs092;jvs093;jvs098,120,1536,0.02823695268431164,0.7160179658491111,1.3162868113801055e-05,33588.33824831166,b66092f5544b9de5631e,0.03284946329814253,0.0010148049645030133,,,,,
JVS_JVSMuSiC,wavlm_l12,12,71,regularized_LDA,jvs002;jvs003;jvs004;jvs005;jvs006;jvs010;jvs011;jvs012;jvs013;jvs014;jvs016;jvs018;jvs019;jvs021;jvs022;jvs024;jvs025;jvs026;jvs027;jvs029;jvs031;jvs032;jvs034;jvs037;jvs039;jvs042;jvs043;jvs044;jvs045;jvs047;jvs048;jvs049;jvs050;jvs052;jvs053;jvs054;jvs055;jvs059;jvs061;jvs062;jvs065;jvs066;jvs067;jvs068;jvs069;jvs070;jvs073;jvs074;jvs075;jvs077;jvs079;jvs080;jvs083;jvs084;jvs086;jvs088;jvs089;jvs092;jvs093;jvs098,120,1536,,,,,1254d0a4c2d84ddfbaca,,,119,59,1.0,59,raw_dev_EER_then_MRR_then_smaller_k
JVS_JVSMuSiC,wavlm_l12,12,73,OAS,jvs001;jvs002;jvs005;jvs006;jvs009;jvs011;jvs012;jvs013;jvs017;jvs018;jvs019;jvs020;jvs021;jvs023;jvs025;jvs026;jvs027;jvs032;jvs034;jvs035;jvs036;jvs037;jvs038;jvs039;jvs042;jvs043;jvs048;jvs050;jvs052;jvs058;jvs059;jvs062;jvs063;jvs064;jvs067;jvs068;jvs069;jvs071;jvs072;jvs076;jvs077;jvs079;jvs080;jvs081;jvs082;jvs083;jvs084;jvs086;jvs087;jvs088;jvs089;jvs090;jvs091;jvs094;jvs095;jvs096;jvs097;jvs098;jvs099;jvs100,120,1536,0.028730789539204812,0.7143034131341328,1.3361003274669555e-05,32523.38648382668,89cf72c2d1402ad91e74,0.03432935632941222,0.001119325584239328,,,,,
JVS_JVSMuSiC,wavlm_l12,12,73,regularized_LDA,jvs001;jvs002;jvs005;jvs006;jvs009;jvs011;jvs012;jvs013;jvs017;jvs018;jvs019;jvs020;jvs021;jvs023;jvs025;jvs026;jvs027;jvs032;jvs034;jvs035;jvs036;jvs037;jvs038;jvs039;jvs042;jvs043;jvs048;jvs050;jvs052;jvs058;jvs059;jvs062;jvs063;jvs064;jvs067;jvs068;jvs069;jvs071;jvs072;jvs076;jvs077;jvs079;jvs080;jvs081;jvs082;jvs083;jvs084;jvs086;jvs087;jvs088;jvs089;jvs090;jvs091;jvs094;jvs095;jvs096;jvs097;jvs098;jvs099;jvs100,120,1536,,,,,2aac2f825d0c5204e540,,,119,59,1.0,59,raw_dev_EER_then_MRR_then_smaller_k
JVS_JVSMuSiC,wavlm_l12,12,79,OAS,jvs001;jvs002;jvs003;jvs006;jvs007;jvs010;jvs011;jvs012;jvs014;jvs016;jvs018;jvs019;jvs021;jvs022;jvs023;jvs028;jvs029;jvs032;jvs033;jvs034;jvs035;jvs036;jvs037;jvs038;jvs040;jvs047;jvs048;jvs049;jvs050;jvs051;jvs052;jvs053;jvs055;jvs056;jvs057;jvs059;jvs060;jvs062;jvs063;jvs064;jvs065;jvs068;jvs070;jvs072;jvs073;jvs074;jvs075;jvs076;jvs079;jvs080;jvs081;jvs082;jvs086;jvs087;jvs092;jvs093;jvs094;jvs097;jvs098;jvs100,120,1536,0.02773370735045113,0.6884095308742936,1.2429784157896491e-05,34727.770190370305,2a65a07b904a2f84890b,0.032251872735415035,0.0009828759654142427,,,,,
JVS_JVSMuSiC,wavlm_l12,12,79,regularized_LDA,jvs001;jvs002;jvs003;jvs006;jvs007;jvs010;jvs011;jvs012;jvs014;jvs016;jvs018;jvs019;jvs021;jvs022;jvs023;jvs028;jvs029;jvs032;jvs033;jvs034;jvs035;jvs036;jvs037;jvs038;jvs040;jvs047;jvs048;jvs049;jvs050;jvs051;jvs052;jvs053;jvs055;jvs056;jvs057;jvs059;jvs060;jvs062;jvs063;jvs064;jvs065;jvs068;jvs070;jvs072;jvs073;jvs074;jvs075;jvs076;jvs079;jvs080;jvs081;jvs082;jvs086;jvs087;jvs092;jvs093;jvs094;jvs097;jvs098;jvs100,120,1536,,,,,8d73c4456c5689121e1f,,,119,59,1.0,59,raw_dev_EER_then_MRR_then_smaller_k
JVS_JVSMuSiC,wavlm_l12,12,83,OAS,jvs002;jvs003;jvs004;jvs005;jvs010;jvs011;jvs013;jvs014;jvs017;jvs018;jvs019;jvs022;jvs024;jvs025;jvs026;jvs029;jvs030;jvs033;jvs034;jvs035;jvs037;jvs039;jvs040;jvs043;jvs044;jvs046;jvs047;jvs048;jvs049;jvs050;jvs051;jvs052;jvs054;jvs055;jvs057;jvs058;jvs060;jvs061;jvs062;jvs063;jvs064;jvs065;jvs068;jvs069;jvs070;jvs073;jvs074;jvs078;jvs079;jvs082;jvs083;jvs084;jvs087;jvs088;jvs089;jvs090;jvs092;jvs096;jvs097;jvs099,120,1536,0.02792709132550827,0.7139228801552593,1.2980331688454312e-05,34276.91219959881,e4452d448fbd186726f8,0.03396576227132169,0.0010808493905669625,,,,,
JVS_JVSMuSiC,wavlm_l12,12,83,regularized_LDA,jvs002;jvs003;jvs004;jvs005;jvs010;jvs011;jvs013;jvs014;jvs017;jvs018;jvs019;jvs022;jvs024;jvs025;jvs026;jvs029;jvs030;jvs033;jvs034;jvs035;jvs037;jvs039;jvs040;jvs043;jvs044;jvs046;jvs047;jvs048;jvs049;jvs050;jvs051;jvs052;jvs054;jvs055;jvs057;jvs058;jvs060;jvs061;jvs062;jvs063;jvs064;jvs065;jvs068;jvs069;jvs070;jvs073;jvs074;jvs078;jvs079;jvs082;jvs083;jvs084;jvs087;jvs088;jvs089;jvs090;jvs092;jvs096;jvs097;jvs099,120,1536,,,,,13fadfb6ecc9c089be40,,,119,59,1.0,59,raw_dev_EER_then_MRR_then_smaller_k
JVS_JVSMuSiC,wavlm_l12,12,89,OAS,jvs001;jvs002;jvs003;jvs005;jvs008;jvs009;jvs010;jvs013;jvs014;jvs015;jvs016;jvs018;jvs019;jvs021;jvs024;jvs025;jvs026;jvs028;jvs029;jvs030;jvs031;jvs033;jvs036;jvs037;jvs038;jvs042;jvs043;jvs044;jvs046;jvs047;jvs049;jvs052;jvs054;jvs056;jvs058;jvs060;jvs061;jvs063;jvs064;jvs065;jvs067;jvs071;jvs072;jvs073;jvs074;jvs076;jvs078;jvs079;jvs080;jvs081;jvs083;jvs084;jvs085;jvs086;jvs091;jvs094;jvs095;jvs096;jvs099;jvs100,120,1536,0.02886910981120594,0.7398779603832725,1.390600135754933e-05,32249.594602626392,25638ef4143116c3b2c0,0.03515324545847127,0.0012010306191041487,,,,,
JVS_JVSMuSiC,wavlm_l12,12,89,regularized_LDA,jvs001;jvs002;jvs003;jvs005;jvs008;jvs009;jvs010;jvs013;jvs014;jvs015;jvs016;jvs018;jvs019;jvs021;jvs024;jvs025;jvs026;jvs028;jvs029;jvs030;jvs031;jvs033;jvs036;jvs037;jvs038;jvs042;jvs043;jvs044;jvs046;jvs047;jvs049;jvs052;jvs054;jvs056;jvs058;jvs060;jvs061;jvs063;jvs064;jvs065;jvs067;jvs071;jvs072;jvs073;jvs074;jvs076;jvs078;jvs079;jvs080;jvs081;jvs083;jvs084;jvs085;jvs086;jvs091;jvs094;jvs095;jvs096;jvs099;jvs100,120,1536,,,,,c1ff9d3c72c46c578bb1,,,119,59,1.0,59,raw_dev_EER_then_MRR_then_smaller_k
JVS_JVSMuSiC,wavlm_l12,12,97,OAS,jvs003;jvs004;jvs005;jvs006;jvs007;jvs008;jvs009;jvs010;jvs011;jvs013;jvs014;jvs015;jvs017;jvs018;jvs021;jvs022;jvs023;jvs024;jvs026;jvs029;jvs030;jvs032;jvs034;jvs035;jvs037;jvs038;jvs039;jvs040;jvs043;jvs045;jvs048;jvs049;jvs050;jvs051;jvs052;jvs054;jvs055;jvs057;jvs058;jvs059;jvs066;jvs067;jvs068;jvs069;jvs072;jvs073;jvs074;jvs077;jvs080;jvs081;jvs082;jvs083;jvs086;jvs087;jvs089;jvs090;jvs093;jvs094;jvs096;jvs099,120,1536,0.027804219753504895,0.7153198231018367,1.2948508825235493e-05,34537.21826375534,5920ed70106029e803bb,0.03261357134044064,0.001015338281374678,,,,,
JVS_JVSMuSiC,wavlm_l12,12,97,regularized_LDA,jvs003;jvs004;jvs005;jvs006;jvs007;jvs008;jvs009;jvs010;jvs011;jvs013;jvs014;jvs015;jvs017;jvs018;jvs021;jvs022;jvs023;jvs024;jvs026;jvs029;jvs030;jvs032;jvs034;jvs035;jvs037;jvs038;jvs039;jvs040;jvs043;jvs045;jvs048;jvs049;jvs050;jvs051;jvs052;jvs054;jvs055;jvs057;jvs058;jvs059;jvs066;jvs067;jvs068;jvs069;jvs072;jvs073;jvs074;jvs077;jvs080;jvs081;jvs082;jvs083;jvs086;jvs087;jvs089;jvs090;jvs093;jvs094;jvs096;jvs099,120,1536,,,,,5c53e92730dea750693d,,,119,59,1.0,59,raw_dev_EER_then_MRR_then_smaller_k
JVS_JVSMuSiC,hubert_l6,6,13,OAS,jvs001;jvs002;jvs007;jvs008;jvs014;jvs016;jvs017;jvs018;jvs021;jvs023;jvs024;jvs026;jvs028;jvs029;jvs030;jvs031;jvs033;jvs034;jvs035;jvs037;jvs038;jvs039;jvs040;jvs045;jvs046;jvs048;jvs050;jvs052;jvs053;jvs054;jvs055;jvs056;jvs060;jvs062;jvs064;jvs065;jvs066;jvs067;jvs069;jvs070;jvs073;jvs074;jvs077;jvs078;jvs079;jvs081;jvs082;jvs084;jvs085;jvs087;jvs088;jvs090;jvs091;jvs092;jvs093;jvs094;jvs096;jvs098;jvs099;jvs100,120,1536,0.033421855151513406,1.7665985281170222,3.843945320156504e-05,24805.733356041717,6333fac062ee52e21663,0.02421415608163012,0.0005403267102629394,,,,,
JVS_JVSMuSiC,hubert_l6,6,13,regularized_LDA,jvs001;jvs002;jvs007;jvs008;jvs014;jvs016;jvs017;jvs018;jvs021;jvs023;jvs024;jvs026;jvs028;jvs029;jvs030;jvs031;jvs033;jvs034;jvs035;jvs037;jvs038;jvs039;jvs040;jvs045;jvs046;jvs048;jvs050;jvs052;jvs053;jvs054;jvs055;jvs056;jvs060;jvs062;jvs064;jvs065;jvs066;jvs067;jvs069;jvs070;jvs073;jvs074;jvs077;jvs078;jvs079;jvs081;jvs082;jvs084;jvs085;jvs087;jvs088;jvs090;jvs091;jvs092;jvs093;jvs094;jvs096;jvs098;jvs099;jvs100,120,1536,,,,,51e323155e5dafe33663,,,119,59,1.0,59,raw_dev_EER_then_MRR_then_smaller_k
JVS_JVSMuSiC,hubert_l6,6,17,OAS,jvs003;jvs006;jvs008;jvs012;jvs013;jvs014;jvs015;jvs016;jvs017;jvs018;jvs019;jvs020;jvs021;jvs022;jvs023;jvs024;jvs027;jvs028;jvs029;jvs031;jvs032;jvs033;jvs035;jvs036;jvs039;jvs041;jvs043;jvs044;jvs046;jvs047;jvs049;jvs051;jvs052;jvs053;jvs054;jvs055;jvs058;jvs059;jvs061;jvs062;jvs064;jvs066;jvs067;jvs068;jvs070;jvs071;jvs072;jvs074;jvs077;jvs078;jvs079;jvs081;jvs084;jvs085;jvs088;jvs094;jvs095;jvs098;jvs099;jvs100,120,1536,0.034175406081344555,1.7971173954780642,3.998516716556714e-05,23842.016198108988,150d27b5210223e50aec,0.02424157742836571,0.0005701858982467556,,,,,
JVS_JVSMuSiC,hubert_l6,6,17,regularized_LDA,jvs003;jvs006;jvs008;jvs012;jvs013;jvs014;jvs015;jvs016;jvs017;jvs018;jvs019;jvs020;jvs021;jvs022;jvs023;jvs024;jvs027;jvs028;jvs029;jvs031;jvs032;jvs033;jvs035;jvs036;jvs039;jvs041;jvs043;jvs044;jvs046;jvs047;jvs049;jvs051;jvs052;jvs053;jvs054;jvs055;jvs058;jvs059;jvs061;jvs062;jvs064;jvs066;jvs067;jvs068;jvs070;jvs071;jvs072;jvs074;jvs077;jvs078;jvs079;jvs081;jvs084;jvs085;jvs088;jvs094;jvs095;jvs098;jvs099;jvs100,120,1536,,,,,534acc0b7b97c43acb4e,,,119,59,1.0,59,raw_dev_EER_then_MRR_then_smaller_k
JVS_JVSMuSiC,hubert_l6,6,19,OAS,jvs001;jvs002;jvs004;jvs005;jvs006;jvs007;jvs008;jvs011;jvs016;jvs017;jvs018;jvs019;jvs020;jvs022;jvs025;jvs026;jvs027;jvs029;jvs031;jvs032;jvs033;jvs035;jvs036;jvs037;jvs038;jvs041;jvs043;jvs045;jvs047;jvs048;jvs053;jvs054;jvs058;jvs060;jvs061;jvs063;jvs064;jvs066;jvs067;jvs068;jvs069;jvs070;jvs071;jvs074;jvs076;jvs078;jvs079;jvs081;jvs082;jvs085;jvs087;jvs089;jvs091;jvs093;jvs094;jvs095;jvs096;jvs097;jvs098;jvs100,120,1536,0.0334901009005543,1.7217021790436213,3.7539049281819715e-05,24722.855969986827,962ccc472b536ec66338,0.024288879945009126,0.0005627563568979532,,,,,
JVS_JVSMuSiC,hubert_l6,6,19,regularized_LDA,jvs001;jvs002;jvs004;jvs005;jvs006;jvs007;jvs008;jvs011;jvs016;jvs017;jvs018;jvs019;jvs020;jvs022;jvs025;jvs026;jvs027;jvs029;jvs031;jvs032;jvs033;jvs035;jvs036;jvs037;jvs038;jvs041;jvs043;jvs045;jvs047;jvs048;jvs053;jvs054;jvs058;jvs060;jvs061;jvs063;jvs064;jvs066;jvs067;jvs068;jvs069;jvs070;jvs071;jvs074;jvs076;jvs078;jvs079;jvs081;jvs082;jvs085;jvs087;jvs089;jvs091;jvs093;jvs094;jvs095;jvs096;jvs097;jvs098;jvs100,120,1536,,,,,124206b11551732ca8c2,,,119,59,1.0,32,raw_dev_EER_then_MRR_then_smaller_k
JVS_JVSMuSiC,hubert_l6,6,23,OAS,jvs001;jvs002;jvs003;jvs008;jvs009;jvs010;jvs011;jvs014;jvs016;jvs019;jvs022;jvs023;jvs024;jvs025;jvs026;jvs027;jvs028;jvs029;jvs030;jvs031;jvs036;jvs037;jvs039;jvs040;jvs041;jvs042;jvs043;jvs045;jvs046;jvs047;jvs049;jvs050;jvs052;jvs056;jvs062;jvs064;jvs067;jvs071;jvs072;jvs075;jvs076;jvs077;jvs079;jvs080;jvs081;jvs082;jvs083;jvs084;jvs085;jvs086;jvs087;jvs089;jvs091;jvs093;jvs094;jvs096;jvs097;jvs098;jvs099;jvs100,120,1536,0.035431417711193146,1.749703429360194,4.0360985075760525e-05,22349.74050663897,8e0d39b0f1433a05a044,0.02482530233230697,0.0005997469448552062,,,,,
JVS_JVSMuSiC,hubert_l6,6,23,regularized_LDA,jvs001;jvs002;jvs003;jvs008;jvs009;jvs010;jvs011;jvs014;jvs016;jvs019;jvs022;jvs023;jvs024;jvs025;jvs026;jvs027;jvs028;jvs029;jvs030;jvs031;jvs036;jvs037;jvs039;jvs040;jvs041;jvs042;jvs043;jvs045;jvs046;jvs047;jvs049;jvs050;jvs052;jvs056;jvs062;jvs064;jvs067;jvs071;jvs072;jvs075;jvs076;jvs077;jvs079;jvs080;jvs081;jvs082;jvs083;jvs084;jvs085;jvs086;jvs087;jvs089;jvs091;jvs093;jvs094;jvs096;jvs097;jvs098;jvs099;jvs100,120,1536,,,,,c059493a9ef8aee939d5,,,119,59,1.0,59,raw_dev_EER_then_MRR_then_smaller_k
JVS_JVSMuSiC,hubert_l6,6,29,OAS,jvs001;jvs005;jvs007;jvs008;jvs009;jvs010;jvs011;jvs014;jvs015;jvs016;jvs017;jvs019;jvs020;jvs021;jvs022;jvs025;jvs026;jvs028;jvs029;jvs030;jvs031;jvs033;jvs035;jvs036;jvs038;jvs039;jvs040;jvs041;jvs044;jvs046;jvs048;jvs049;jvs053;jvs054;jvs057;jvs058;jvs060;jvs064;jvs066;jvs067;jvs068;jvs070;jvs071;jvs072;jvs073;jvs074;jvs078;jvs079;jvs080;jvs081;jvs084;jvs086;jvs089;jvs091;jvs093;jvs095;jvs096;jvs097;jvs098;jvs099,120,1536,0.034530432959597165,1.798419854694996,4.0429828271975287e-05,23340.065878794485,133fb6a5ed652c7419ba,0.02589607563578721,0.0006483041358783526,,,,,
JVS_JVSMuSiC,hubert_l6,6,29,regularized_LDA,jvs001;jvs005;jvs007;jvs008;jvs009;jvs010;jvs011;jvs014;jvs015;jvs016;jvs017;jvs019;jvs020;jvs021;jvs022;jvs025;jvs026;jvs028;jvs029;jvs030;jvs031;jvs033;jvs035;jvs036;jvs038;jvs039;jvs040;jvs041;jvs044;jvs046;jvs048;jvs049;jvs053;jvs054;jvs057;jvs058;jvs060;jvs064;jvs066;jvs067;jvs068;jvs070;jvs071;jvs072;jvs073;jvs074;jvs078;jvs079;jvs080;jvs081;jvs084;jvs086;jvs089;jvs091;jvs093;jvs095;jvs096;jvs097;jvs098;jvs099,120,1536,,,,,d7e4ca0478fbe15f590e,,,119,59,1.0,59,raw_dev_EER_then_MRR_then_smaller_k
JVS_JVSMuSiC,hubert_l6,6,31,OAS,jvs001;jvs002;jvs004;jvs005;jvs006;jvs007;jvs008;jvs011;jvs016;jvs018;jvs021;jvs022;jvs023;jvs024;jvs025;jvs026;jvs028;jvs029;jvs033;jvs035;jvs037;jvs038;jvs039;jvs041;jvs043;jvs047;jvs048;jvs050;jvs051;jvs053;jvs054;jvs055;jvs056;jvs057;jvs058;jvs059;jvs060;jvs061;jvs062;jvs063;jvs064;jvs068;jvs070;jvs074;jvs075;jvs077;jvs078;jvs080;jvs081;jvs083;jvs085;jvs087;jvs089;jvs091;jvs092;jvs093;jvs094;jvs096;jvs097;jvs099,120,1536,0.0322075165705199,1.7244286231471797,3.6158569957481515e-05,26522.672972270157,5947037164f931fa518e,0.022082056130131943,0.00044294391601606975,,,,,
JVS_JVSMuSiC,hubert_l6,6,31,regularized_LDA,jvs001;jvs002;jvs004;jvs005;jvs006;jvs007;jvs008;jvs011;jvs016;jvs018;jvs021;jvs022;jvs023;jvs024;jvs025;jvs026;jvs028;jvs029;jvs033;jvs035;jvs037;jvs038;jvs039;jvs041;jvs043;jvs047;jvs048;jvs050;jvs051;jvs053;jvs054;jvs055;jvs056;jvs057;jvs058;jvs059;jvs060;jvs061;jvs062;jvs063;jvs064;jvs068;jvs070;jvs074;jvs075;jvs077;jvs078;jvs080;jvs081;jvs083;jvs085;jvs087;jvs089;jvs091;jvs092;jvs093;jvs094;jvs096;jvs097;jvs099,120,1536,,,,,133eecca5817baef1de4,,,119,59,1.0,59,raw_dev_EER_then_MRR_then_smaller_k
JVS_JVSMuSiC,hubert_l6,6,37,OAS,jvs001;jvs002;jvs004;jvs006;jvs007;jvs009;jvs011;jvs012;jvs014;jvs016;jvs017;jvs018;jvs019;jvs020;jvs021;jvs023;jvs024;jvs025;jvs026;jvs030;jvs031;jvs032;jvs034;jvs035;jvs037;jvs039;jvs040;jvs041;jvs043;jvs044;jvs046;jvs048;jvs051;jvs052;jvs054;jvs055;jvs058;jvs059;jvs062;jvs063;jvs065;jvs066;jvs067;jvs068;jvs069;jvs071;jvs072;jvs073;jvs078;jvs079;jvs080;jvs084;jvs085;jvs091;jvs093;jvs094;jvs097;jvs098;jvs099;jvs100,120,1536,0.03392450231735161,1.7948359870727542,3.964122239760138e-05,24133.288201678843,294b6afd39e7da069880,0.0234840955486483,0.0005132695153277078,,,,,
JVS_JVSMuSiC,hubert_l6,6,37,regularized_LDA,jvs001;jvs002;jvs004;jvs006;jvs007;jvs009;jvs011;jvs012;jvs014;jvs016;jvs017;jvs018;jvs019;jvs020;jvs021;jvs023;jvs024;jvs025;jvs026;jvs030;jvs031;jvs032;jvs034;jvs035;jvs037;jvs039;jvs040;jvs041;jvs043;jvs044;jvs046;jvs048;jvs051;jvs052;jvs054;jvs055;jvs058;jvs059;jvs062;jvs063;jvs065;jvs066;jvs067;jvs068;jvs069;jvs071;jvs072;jvs073;jvs078;jvs079;jvs080;jvs084;jvs085;jvs091;jvs093;jvs094;jvs097;jvs098;jvs099;jvs100,120,1536,,,,,44f2d42143ab377019fd,,,119,59,1.0,59,raw_dev_EER_then_MRR_then_smaller_k
JVS_JVSMuSiC,hubert_l6,6,41,OAS,jvs001;jvs003;jvs004;jvs005;jvs006;jvs007;jvs009;jvs010;jvs011;jvs012;jvs016;jvs017;jvs019;jvs022;jvs023;jvs025;jvs026;jvs028;jvs029;jvs030;jvs031;jvs036;jvs037;jvs038;jvs042;jvs043;jvs044;jvs045;jvs049;jvs051;jvs054;jvs055;jvs058;jvs059;jvs060;jvs061;jvs062;jvs063;jvs065;jvs066;jvs067;jvs068;jvs069;jvs070;jvs071;jvs072;jvs073;jvs074;jvs075;jvs078;jvs080;jvs084;jvs085;jvs086;jvs090;jvs094;jvs095;jvs096;jvs098;jvs099,120,1536,0.03475811538476315,1.7751157515598108,4.016906127215264e-05,23055.480110298784,8fb8f079dc283440b0f5,0.024517132535642035,0.0005786622203183267,,,,,
JVS_JVSMuSiC,hubert_l6,6,41,regularized_LDA,jvs001;jvs003;jvs004;jvs005;jvs006;jvs007;jvs009;jvs010;jvs011;jvs012;jvs016;jvs017;jvs019;jvs022;jvs023;jvs025;jvs026;jvs028;jvs029;jvs030;jvs031;jvs036;jvs037;jvs038;jvs042;jvs043;jvs044;jvs045;jvs049;jvs051;jvs054;jvs055;jvs058;jvs059;jvs060;jvs061;jvs062;jvs063;jvs065;jvs066;jvs067;jvs068;jvs069;jvs070;jvs071;jvs072;jvs073;jvs074;jvs075;jvs078;jvs080;jvs084;jvs085;jvs086;jvs090;jvs094;jvs095;jvs096;jvs098;jvs099,120,1536,,,,,7df7044ed99c36c7be87,,,119,59,1.0,59,raw_dev_EER_then_MRR_then_smaller_k
JVS_JVSMuSiC,hubert_l6,6,43,OAS,jvs002;jvs003;jvs004;jvs006;jvs007;jvs008;jvs009;jvs011;jvs013;jvs014;jvs015;jvs018;jvs022;jvs023;jvs024;jvs025;jvs026;jvs027;jvs034;jvs035;jvs036;jvs037;jvs038;jvs039;jvs040;jvs042;jvs043;jvs044;jvs045;jvs046;jvs049;jvs051;jvs054;jvs056;jvs058;jvs061;jvs062;jvs063;jvs065;jvs066;jvs067;jvs070;jvs071;jvs073;jvs076;jvs077;jvs078;jvs079;jvs083;jvs084;jvs086;jvs088;jvs089;jvs092;jvs093;jvs094;jvs096;jvs097;jvs099;jvs100,120,1536,0.03475910205879204,1.7909453228580314,4.052841878837147e-05,23092.622506619537,3d7d6f6dad438da54b7e,0.02466773666660777,0.0005823028181020096,,,,,
JVS_JVSMuSiC,hubert_l6,6,43,regularized_LDA,jvs002;jvs003;jvs004;jvs006;jvs007;jvs008;jvs009;jvs011;jvs013;jvs014;jvs015;jvs018;jvs022;jvs023;jvs024;jvs025;jvs026;jvs027;jvs034;jvs035;jvs036;jvs037;jvs038;jvs039;jvs040;jvs042;jvs043;jvs044;jvs045;jvs046;jvs049;jvs051;jvs054;jvs056;jvs058;jvs061;jvs062;jvs063;jvs065;jvs066;jvs067;jvs070;jvs071;jvs073;jvs076;jvs077;jvs078;jvs079;jvs083;jvs084;jvs086;jvs088;jvs089;jvs092;jvs093;jvs094;jvs096;jvs097;jvs099;jvs100,120,1536,,,,,3c54fa655af0a28f6b5f,,,119,59,1.0,59,raw_dev_EER_then_MRR_then_smaller_k
JVS_JVSMuSiC,hubert_l6,6,47,OAS,jvs002;jvs004;jvs005;jvs006;jvs007;jvs008;jvs009;jvs012;jvs013;jvs014;jvs015;jvs016;jvs018;jvs019;jvs020;jvs021;jvs022;jvs024;jvs025;jvs026;jvs029;jvs031;jvs032;jvs033;jvs034;jvs036;jvs037;jvs039;jvs044;jvs045;jvs047;jvs048;jvs049;jvs051;jvs052;jvs055;jvs056;jvs057;jvs058;jvs062;jvs063;jvs067;jvs068;jvs070;jvs071;jvs073;jvs074;jvs075;jvs077;jvs079;jvs083;jvs086;jvs088;jvs089;jvs091;jvs092;jvs097;jvs098;jvs099;jvs100,120,1536,0.033353032754380216,1.751512382799867,3.803271476121517e-05,24866.933896017417,b00eb40055bfa42d0a4e,0.022273173935825414,0.0004548978189575781,,,,,
JVS_JVSMuSiC,hubert_l6,6,47,regularized_LDA,jvs002;jvs004;jvs005;jvs006;jvs007;jvs008;jvs009;jvs012;jvs013;jvs014;jvs015;jvs016;jvs018;jvs019;jvs020;jvs021;jvs022;jvs024;jvs025;jvs026;jvs029;jvs031;jvs032;jvs033;jvs034;jvs036;jvs037;jvs039;jvs044;jvs045;jvs047;jvs048;jvs049;jvs051;jvs052;jvs055;jvs056;jvs057;jvs058;jvs062;jvs063;jvs067;jvs068;jvs070;jvs071;jvs073;jvs074;jvs075;jvs077;jvs079;jvs083;jvs086;jvs088;jvs089;jvs091;jvs092;jvs097;jvs098;jvs099;jvs100,120,1536,,,,,33d4012ab1e604b327e4,,,119,59,1.0,59,raw_dev_EER_then_MRR_then_smaller_k
JVS_JVSMuSiC,hubert_l6,6,53,OAS,jvs002;jvs004;jvs005;jvs006;jvs007;jvs008;jvs009;jvs010;jvs011;jvs012;jvs014;jvs016;jvs017;jvs019;jvs020;jvs021;jvs022;jvs025;jvs027;jvs028;jvs029;jvs030;jvs031;jvs032;jvs033;jvs035;jvs039;jvs041;jvs043;jvs044;jvs045;jvs046;jvs047;jvs049;jvs050;jvs051;jvs053;jvs054;jvs055;jvs056;jvs057;jvs059;jvs064;jvs066;jvs067;jvs068;jvs069;jvs070;jvs071;jvs075;jvs077;jvs080;jvs081;jvs085;jvs087;jvs091;jvs094;jvs096;jvs097;jvs100,120,1536,0.033257718395463404,1.7365680584879777,3.7600450171712095e-05,25044.1601599931,524d7b4f28858e87c044,0.02270424790703616,0.000482469297955479,,,,,
JVS_JVSMuSiC,hubert_l6,6,53,regularized_LDA,jvs002;jvs004;jvs005;jvs006;jvs007;jvs008;jvs009;jvs010;jvs011;jvs012;jvs014;jvs016;jvs017;jvs019;jvs020;jvs021;jvs022;jvs025;jvs027;jvs028;jvs029;jvs030;jvs031;jvs032;jvs033;jvs035;jvs039;jvs041;jvs043;jvs044;jvs045;jvs046;jvs047;jvs049;jvs050;jvs051;jvs053;jvs054;jvs055;jvs056;jvs057;jvs059;jvs064;jvs066;jvs067;jvs068;jvs069;jvs070;jvs071;jvs075;jvs077;jvs080;jvs081;jvs085;jvs087;jvs091;jvs094;jvs096;jvs097;jvs100,120,1536,,,,,fd4d08f6467426a36574,,,119,59,1.0,32,raw_dev_EER_then_MRR_then_smaller_k
JVS_JVSMuSiC,hubert_l6,6,59,OAS,jvs002;jvs005;jvs006;jvs008;jvs013;jvs014;jvs015;jvs017;jvs019;jvs020;jvs021;jvs022;jvs023;jvs024;jvs026;jvs027;jvs028;jvs030;jvs031;jvs032;jvs033;jvs036;jvs037;jvs038;jvs039;jvs042;jvs044;jvs045;jvs046;jvs048;jvs049;jvs050;jvs053;jvs054;jvs055;jvs058;jvs059;jvs060;jvs061;jvs062;jvs064;jvs065;jvs070;jvs071;jvs074;jvs076;jvs077;jvs078;jvs082;jvs083;jvs084;jvs086;jvs087;jvs090;jvs091;jvs092;jvs093;jvs095;jvs096;jvs098,120,1536,0.03415640253385361,1.8454810661864365,4.103840765968051e-05,23840.08822945638,3645d7c2a6fb4db22bd7,0.02469418086184782,0.0005922371594015985,,,,,
JVS_JVSMuSiC,hubert_l6,6,59,regularized_LDA,jvs002;jvs005;jvs006;jvs008;jvs013;jvs014;jvs015;jvs017;jvs019;jvs020;jvs021;jvs022;jvs023;jvs024;jvs026;jvs027;jvs028;jvs030;jvs031;jvs032;jvs033;jvs036;jvs037;jvs038;jvs039;jvs042;jvs044;jvs045;jvs046;jvs048;jvs049;jvs050;jvs053;jvs054;jvs055;jvs058;jvs059;jvs060;jvs061;jvs062;jvs064;jvs065;jvs070;jvs071;jvs074;jvs076;jvs077;jvs078;jvs082;jvs083;jvs084;jvs086;jvs087;jvs090;jvs091;jvs092;jvs093;jvs095;jvs096;jvs098,120,1536,,,,,6ed59e3db2665fc4f1cc,,,119,59,1.0,59,raw_dev_EER_then_MRR_then_smaller_k
JVS_JVSMuSiC,hubert_l6,6,61,OAS,jvs002;jvs003;jvs007;jvs008;jvs009;jvs010;jvs011;jvs013;jvs015;jvs017;jvs018;jvs021;jvs022;jvs023;jvs025;jvs026;jvs028;jvs031;jvs032;jvs033;jvs034;jvs035;jvs036;jvs037;jvs038;jvs040;jvs041;jvs042;jvs044;jvs046;jvs048;jvs049;jvs050;jvs051;jvs052;jvs053;jvs055;jvs056;jvs059;jvs061;jvs063;jvs064;jvs065;jvs070;jvs074;jvs075;jvs076;jvs077;jvs079;jvs083;jvs085;jvs086;jvs088;jvs091;jvs092;jvs093;jvs095;jvs096;jvs098;jvs100,120,1536,0.03430623849938128,1.759311168959488,3.929384671676398e-05,23684.5104864347,b33d0c09f116ae1e5f97,0.02350633971298132,0.0005269969352236226,,,,,
JVS_JVSMuSiC,hubert_l6,6,61,regularized_LDA,jvs002;jvs003;jvs007;jvs008;jvs009;jvs010;jvs011;jvs013;jvs015;jvs017;jvs018;jvs021;jvs022;jvs023;jvs025;jvs026;jvs028;jvs031;jvs032;jvs033;jvs034;jvs035;jvs036;jvs037;jvs038;jvs040;jvs041;jvs042;jvs044;jvs046;jvs048;jvs049;jvs050;jvs051;jvs052;jvs053;jvs055;jvs056;jvs059;jvs061;jvs063;jvs064;jvs065;jvs070;jvs074;jvs075;jvs076;jvs077;jvs079;jvs083;jvs085;jvs086;jvs088;jvs091;jvs092;jvs093;jvs095;jvs096;jvs098;jvs100,120,1536,,,,,35f6c80a940eb118a507,,,119,59,1.0,59,raw_dev_EER_then_MRR_then_smaller_k
JVS_JVSMuSiC,hubert_l6,6,67,OAS,jvs001;jvs002;jvs003;jvs004;jvs008;jvs009;jvs011;jvs012;jvs013;jvs014;jvs015;jvs017;jvs020;jvs022;jvs023;jvs025;jvs026;jvs027;jvs029;jvs032;jvs033;jvs037;jvs038;jvs039;jvs043;jvs046;jvs048;jvs051;jvs054;jvs055;jvs056;jvs057;jvs058;jvs059;jvs060;jvs061;jvs062;jvs064;jvs065;jvs068;jvs069;jvs070;jvs071;jvs073;jvs075;jvs078;jvs080;jvs082;jvs083;jvs084;jvs086;jvs087;jvs088;jvs090;jvs091;jvs093;jvs095;jvs097;jvs099;jvs100,120,1536,0.03321966323819109,1.8050664995285506,3.903886799275967e-05,24996.026834884968,b60f6f0263f90046a4d3,0.023549665248298206,0.0005097083981813189,,,,,
JVS_JVSMuSiC,hubert_l6,6,67,regularized_LDA,jvs001;jvs002;jvs003;jvs004;jvs008;jvs009;jvs011;jvs012;jvs013;jvs014;jvs015;jvs017;jvs020;jvs022;jvs023;jvs025;jvs026;jvs027;jvs029;jvs032;jvs033;jvs037;jvs038;jvs039;jvs043;jvs046;jvs048;jvs051;jvs054;jvs055;jvs056;jvs057;jvs058;jvs059;jvs060;jvs061;jvs062;jvs064;jvs065;jvs068;jvs069;jvs070;jvs071;jvs073;jvs075;jvs078;jvs080;jvs082;jvs083;jvs084;jvs086;jvs087;jvs088;jvs090;jvs091;jvs093;jvs095;jvs097;jvs099;jvs100,120,1536,,,,,32c2ddc8a31a50071761,,,119,59,1.0,59,raw_dev_EER_then_MRR_then_smaller_k
JVS_JVSMuSiC,hubert_l6,6,71,OAS,jvs002;jvs003;jvs004;jvs005;jvs006;jvs010;jvs011;jvs012;jvs013;jvs014;jvs016;jvs018;jvs019;jvs021;jvs022;jvs024;jvs025;jvs026;jvs027;jvs029;jvs031;jvs032;jvs034;jvs037;jvs039;jvs042;jvs043;jvs044;jvs045;jvs047;jvs048;jvs049;jvs050;jvs052;jvs053;jvs054;jvs055;jvs059;jvs061;jvs062;jvs065;jvs066;jvs067;jvs068;jvs069;jvs070;jvs073;jvs074;jvs075;jvs077;jvs079;jvs080;jvs083;jvs084;jvs086;jvs088;jvs089;jvs092;jvs093;jvs098,120,1536,0.034993879678168784,1.7666238094217852,4.0248060562170653e-05,22817.85765925779,7b8f2ac6fb820ec1f20b,0.023794491375369306,0.000540055500387604,,,,,
JVS_JVSMuSiC,hubert_l6,6,71,regularized_LDA,jvs002;jvs003;jvs004;jvs005;jvs006;jvs010;jvs011;jvs012;jvs013;jvs014;jvs016;jvs018;jvs019;jvs021;jvs022;jvs024;jvs025;jvs026;jvs027;jvs029;jvs031;jvs032;jvs034;jvs037;jvs039;jvs042;jvs043;jvs044;jvs045;jvs047;jvs048;jvs049;jvs050;jvs052;jvs053;jvs054;jvs055;jvs059;jvs061;jvs062;jvs065;jvs066;jvs067;jvs068;jvs069;jvs070;jvs073;jvs074;jvs075;jvs077;jvs079;jvs080;jvs083;jvs084;jvs086;jvs088;jvs089;jvs092;jvs093;jvs098,120,1536,,,,,f48c50018e43aafe4f3d,,,119,59,1.0,59,raw_dev_EER_then_MRR_then_smaller_k
JVS_JVSMuSiC,hubert_l6,6,73,OAS,jvs001;jvs002;jvs005;jvs006;jvs009;jvs011;jvs012;jvs013;jvs017;jvs018;jvs019;jvs020;jvs021;jvs023;jvs025;jvs026;jvs027;jvs032;jvs034;jvs035;jvs036;jvs037;jvs038;jvs039;jvs042;jvs043;jvs048;jvs050;jvs052;jvs058;jvs059;jvs062;jvs063;jvs064;jvs067;jvs068;jvs069;jvs071;jvs072;jvs076;jvs077;jvs079;jvs080;jvs081;jvs082;jvs083;jvs084;jvs086;jvs087;jvs088;jvs089;jvs090;jvs091;jvs094;jvs095;jvs096;jvs097;jvs098;jvs099;jvs100,120,1536,0.03493429856812982,1.7530910422585615,3.9871748624592755e-05,22913.08733207489,e8125d605a835cffc0ea,0.024686978363774034,0.0005663013879924073,,,,,
JVS_JVSMuSiC,hubert_l6,6,73,regularized_LDA,jvs001;jvs002;jvs005;jvs006;jvs009;jvs011;jvs012;jvs013;jvs017;jvs018;jvs019;jvs020;jvs021;jvs023;jvs025;jvs026;jvs027;jvs032;jvs034;jvs035;jvs036;jvs037;jvs038;jvs039;jvs042;jvs043;jvs048;jvs050;jvs052;jvs058;jvs059;jvs062;jvs063;jvs064;jvs067;jvs068;jvs069;jvs071;jvs072;jvs076;jvs077;jvs079;jvs080;jvs081;jvs082;jvs083;jvs084;jvs086;jvs087;jvs088;jvs089;jvs090;jvs091;jvs094;jvs095;jvs096;jvs097;jvs098;jvs099;jvs100,120,1536,,,,,9fb60e2dcd4293cdb478,,,119,59,1.0,59,raw_dev_EER_then_MRR_then_smaller_k
JVS_JVSMuSiC,hubert_l6,6,79,OAS,jvs001;jvs002;jvs003;jvs006;jvs007;jvs010;jvs011;jvs012;jvs014;jvs016;jvs018;jvs019;jvs021;jvs022;jvs023;jvs028;jvs029;jvs032;jvs033;jvs034;jvs035;jvs036;jvs037;jvs038;jvs040;jvs047;jvs048;jvs049;jvs050;jvs051;jvs052;jvs053;jvs055;jvs056;jvs057;jvs059;jvs060;jvs062;jvs063;jvs064;jvs065;jvs068;jvs070;jvs072;jvs073;jvs074;jvs075;jvs076;jvs079;jvs080;jvs081;jvs082;jvs086;jvs087;jvs092;jvs093;jvs094;jvs097;jvs098;jvs100,120,1536,0.0340026498941768,1.707020528184427,3.77885555872577e-05,24062.650493353,d6a3871e3211682f5652,0.02268473082989332,0.000488844158610835,,,,,
JVS_JVSMuSiC,hubert_l6,6,79,regularized_LDA,jvs001;jvs002;jvs003;jvs006;jvs007;jvs010;jvs011;jvs012;jvs014;jvs016;jvs018;jvs019;jvs021;jvs022;jvs023;jvs028;jvs029;jvs032;jvs033;jvs034;jvs035;jvs036;jvs037;jvs038;jvs040;jvs047;jvs048;jvs049;jvs050;jvs051;jvs052;jvs053;jvs055;jvs056;jvs057;jvs059;jvs060;jvs062;jvs063;jvs064;jvs065;jvs068;jvs070;jvs072;jvs073;jvs074;jvs075;jvs076;jvs079;jvs080;jvs081;jvs082;jvs086;jvs087;jvs092;jvs093;jvs094;jvs097;jvs098;jvs100,120,1536,,,,,b41958ac67b45370d52a,,,119,59,1.0,59,raw_dev_EER_then_MRR_then_smaller_k
JVS_JVSMuSiC,hubert_l6,6,83,OAS,jvs002;jvs003;jvs004;jvs005;jvs010;jvs011;jvs013;jvs014;jvs017;jvs018;jvs019;jvs022;jvs024;jvs025;jvs026;jvs029;jvs030;jvs033;jvs034;jvs035;jvs037;jvs039;jvs040;jvs043;jvs044;jvs046;jvs047;jvs048;jvs049;jvs050;jvs051;jvs052;jvs054;jvs055;jvs057;jvs058;jvs060;jvs061;jvs062;jvs063;jvs064;jvs065;jvs068;jvs069;jvs070;jvs073;jvs074;jvs078;jvs079;jvs082;jvs083;jvs084;jvs087;jvs088;jvs089;jvs090;jvs092;jvs096;jvs097;jvs099,120,1536,0.03403651998312263,1.748986088852865,3.8756119767867214e-05,24035.63279731524,99dd6568c64c97f0d574,0.024303426853933944,0.0005638438224052633,,,,,
JVS_JVSMuSiC,hubert_l6,6,83,regularized_LDA,jvs002;jvs003;jvs004;jvs005;jvs010;jvs011;jvs013;jvs014;jvs017;jvs018;jvs019;jvs022;jvs024;jvs025;jvs026;jvs029;jvs030;jvs033;jvs034;jvs035;jvs037;jvs039;jvs040;jvs043;jvs044;jvs046;jvs047;jvs048;jvs049;jvs050;jvs051;jvs052;jvs054;jvs055;jvs057;jvs058;jvs060;jvs061;jvs062;jvs063;jvs064;jvs065;jvs068;jvs069;jvs070;jvs073;jvs074;jvs078;jvs079;jvs082;jvs083;jvs084;jvs087;jvs088;jvs089;jvs090;jvs092;jvs096;jvs097;jvs099,120,1536,,,,,fb85fae0270ab0c9dbd1,,,119,59,1.0,59,raw_dev_EER_then_MRR_then_smaller_k
JVS_JVSMuSiC,hubert_l6,6,89,OAS,jvs001;jvs002;jvs003;jvs005;jvs008;jvs009;jvs010;jvs013;jvs014;jvs015;jvs016;jvs018;jvs019;jvs021;jvs024;jvs025;jvs026;jvs028;jvs029;jvs030;jvs031;jvs033;jvs036;jvs037;jvs038;jvs042;jvs043;jvs044;jvs046;jvs047;jvs049;jvs052;jvs054;jvs056;jvs058;jvs060;jvs061;jvs063;jvs064;jvs065;jvs067;jvs071;jvs072;jvs073;jvs074;jvs076;jvs078;jvs079;jvs080;jvs081;jvs083;jvs084;jvs085;jvs086;jvs091;jvs094;jvs095;jvs096;jvs099;jvs100,120,1536,0.03544187770315822,1.8049433530556362,4.164751404956132e-05,22319.791470151213,aecadfc7c50a6f510c8d,0.02486595178453447,0.0006018676847834303,,,,,
JVS_JVSMuSiC,hubert_l6,6,89,regularized_LDA,jvs001;jvs002;jvs003;jvs005;jvs008;jvs009;jvs010;jvs013;jvs014;jvs015;jvs016;jvs018;jvs019;jvs021;jvs024;jvs025;jvs026;jvs028;jvs029;jvs030;jvs031;jvs033;jvs036;jvs037;jvs038;jvs042;jvs043;jvs044;jvs046;jvs047;jvs049;jvs052;jvs054;jvs056;jvs058;jvs060;jvs061;jvs063;jvs064;jvs065;jvs067;jvs071;jvs072;jvs073;jvs074;jvs076;jvs078;jvs079;jvs080;jvs081;jvs083;jvs084;jvs085;jvs086;jvs091;jvs094;jvs095;jvs096;jvs099;jvs100,120,1536,,,,,c56e16210cb840047ac0,,,119,59,1.0,59,raw_dev_EER_then_MRR_then_smaller_k
JVS_JVSMuSiC,hubert_l6,6,97,OAS,jvs003;jvs004;jvs005;jvs006;jvs007;jvs008;jvs009;jvs010;jvs011;jvs013;jvs014;jvs015;jvs017;jvs018;jvs021;jvs022;jvs023;jvs024;jvs026;jvs029;jvs030;jvs032;jvs034;jvs035;jvs037;jvs038;jvs039;jvs040;jvs043;jvs045;jvs048;jvs049;jvs050;jvs051;jvs052;jvs054;jvs055;jvs057;jvs058;jvs059;jvs066;jvs067;jvs068;jvs069;jvs072;jvs073;jvs074;jvs077;jvs080;jvs081;jvs082;jvs083;jvs086;jvs087;jvs089;jvs090;jvs093;jvs094;jvs096;jvs099,120,1536,0.03380136586672974,1.7674909074833092,3.889557736325619e-05,24268.785563087775,edeea17d5432cea8f069,0.023649672145430355,0.0005415509439838928,,,,,
JVS_JVSMuSiC,hubert_l6,6,97,regularized_LDA,jvs003;jvs004;jvs005;jvs006;jvs007;jvs008;jvs009;jvs010;jvs011;jvs013;jvs014;jvs015;jvs017;jvs018;jvs021;jvs022;jvs023;jvs024;jvs026;jvs029;jvs030;jvs032;jvs034;jvs035;jvs037;jvs038;jvs039;jvs040;jvs043;jvs045;jvs048;jvs049;jvs050;jvs051;jvs052;jvs054;jvs055;jvs057;jvs058;jvs059;jvs066;jvs067;jvs068;jvs069;jvs072;jvs073;jvs074;jvs077;jvs080;jvs081;jvs082;jvs083;jvs086;jvs087;jvs089;jvs090;jvs093;jvs094;jvs096;jvs099,120,1536,,,,,69962a05fd6e8d835de0,,,119,59,1.0,59,raw_dev_EER_then_MRR_then_smaller_k
JVS_JVSMuSiC,mert_l3,3,13,OAS,jvs001;jvs002;jvs007;jvs008;jvs014;jvs016;jvs017;jvs018;jvs021;jvs023;jvs024;jvs026;jvs028;jvs029;jvs030;jvs031;jvs033;jvs034;jvs035;jvs037;jvs038;jvs039;jvs040;jvs045;jvs046;jvs048;jvs050;jvs052;jvs053;jvs054;jvs055;jvs056;jvs060;jvs062;jvs064;jvs065;jvs066;jvs067;jvs069;jvs070;jvs073;jvs074;jvs077;jvs078;jvs079;jvs081;jvs082;jvs084;jvs085;jvs087;jvs088;jvs090;jvs091;jvs092;jvs093;jvs094;jvs096;jvs098;jvs099;jvs100,120,1536,0.05710724715741311,2.4539346937355173,9.123532230683921e-05,8835.571485615452,f6b1744175ded6ca6dba,0.03284332630820427,0.001026117102064239,,,,,
JVS_JVSMuSiC,mert_l3,3,13,regularized_LDA,jvs001;jvs002;jvs007;jvs008;jvs014;jvs016;jvs017;jvs018;jvs021;jvs023;jvs024;jvs026;jvs028;jvs029;jvs030;jvs031;jvs033;jvs034;jvs035;jvs037;jvs038;jvs039;jvs040;jvs045;jvs046;jvs048;jvs050;jvs052;jvs053;jvs054;jvs055;jvs056;jvs060;jvs062;jvs064;jvs065;jvs066;jvs067;jvs069;jvs070;jvs073;jvs074;jvs077;jvs078;jvs079;jvs081;jvs082;jvs084;jvs085;jvs087;jvs088;jvs090;jvs091;jvs092;jvs093;jvs094;jvs096;jvs098;jvs099;jvs100,120,1536,,,,,e85ef241798dd9954e15,,,119,59,1.0,32,raw_dev_EER_then_MRR_then_smaller_k
JVS_JVSMuSiC,mert_l3,3,17,OAS,jvs003;jvs006;jvs008;jvs012;jvs013;jvs014;jvs015;jvs016;jvs017;jvs018;jvs019;jvs020;jvs021;jvs022;jvs023;jvs024;jvs027;jvs028;jvs029;jvs031;jvs032;jvs033;jvs035;jvs036;jvs039;jvs041;jvs043;jvs044;jvs046;jvs047;jvs049;jvs051;jvs052;jvs053;jvs054;jvs055;jvs058;jvs059;jvs061;jvs062;jvs064;jvs066;jvs067;jvs068;jvs070;jvs071;jvs072;jvs074;jvs077;jvs078;jvs079;jvs081;jvs084;jvs085;jvs088;jvs094;jvs095;jvs098;jvs099;jvs100,120,1536,0.05666211104031665,2.5140932940581733,9.274338111565083e-05,8974.013695433769,5179e35f9f791af4b110,0.030700655603642785,0.0008964245080523847,,,,,
JVS_JVSMuSiC,mert_l3,3,17,regularized_LDA,jvs003;jvs006;jvs008;jvs012;jvs013;jvs014;jvs015;jvs016;jvs017;jvs018;jvs019;jvs020;jvs021;jvs022;jvs023;jvs024;jvs027;jvs028;jvs029;jvs031;jvs032;jvs033;jvs035;jvs036;jvs039;jvs041;jvs043;jvs044;jvs046;jvs047;jvs049;jvs051;jvs052;jvs053;jvs054;jvs055;jvs058;jvs059;jvs061;jvs062;jvs064;jvs066;jvs067;jvs068;jvs070;jvs071;jvs072;jvs074;jvs077;jvs078;jvs079;jvs081;jvs084;jvs085;jvs088;jvs094;jvs095;jvs098;jvs099;jvs100,120,1536,,,,,bf24af1c5a52bc7f986e,,,119,59,1.0,59,raw_dev_EER_then_MRR_then_smaller_k
JVS_JVSMuSiC,mert_l3,3,19,OAS,jvs001;jvs002;jvs004;jvs005;jvs006;jvs007;jvs008;jvs011;jvs016;jvs017;jvs018;jvs019;jvs020;jvs022;jvs025;jvs026;jvs027;jvs029;jvs031;jvs032;jvs033;jvs035;jvs036;jvs037;jvs038;jvs041;jvs043;jvs045;jvs047;jvs048;jvs053;jvs054;jvs058;jvs060;jvs061;jvs063;jvs064;jvs066;jvs067;jvs068;jvs069;jvs070;jvs071;jvs074;jvs076;jvs078;jvs079;jvs081;jvs082;jvs085;jvs087;jvs089;jvs091;jvs093;jvs094;jvs095;jvs096;jvs097;jvs098;jvs100,120,1536,0.05617814413204122,2.378751539801836,8.700120238105632e-05,9080.44241906386,d57c6d93f04a9295ab17,0.032869425331880454,0.001051049949322036,,,,,
JVS_JVSMuSiC,mert_l3,3,19,regularized_LDA,jvs001;jvs002;jvs004;jvs005;jvs006;jvs007;jvs008;jvs011;jvs016;jvs017;jvs018;jvs019;jvs020;jvs022;jvs025;jvs026;jvs027;jvs029;jvs031;jvs032;jvs033;jvs035;jvs036;jvs037;jvs038;jvs041;jvs043;jvs045;jvs047;jvs048;jvs053;jvs054;jvs058;jvs060;jvs061;jvs063;jvs064;jvs066;jvs067;jvs068;jvs069;jvs070;jvs071;jvs074;jvs076;jvs078;jvs079;jvs081;jvs082;jvs085;jvs087;jvs089;jvs091;jvs093;jvs094;jvs095;jvs096;jvs097;jvs098;jvs100,120,1536,,,,,f7ff0838593f7575c978,,,119,59,1.0,59,raw_dev_EER_then_MRR_then_smaller_k
JVS_JVSMuSiC,mert_l3,3,23,OAS,jvs001;jvs002;jvs003;jvs008;jvs009;jvs010;jvs011;jvs014;jvs016;jvs019;jvs022;jvs023;jvs024;jvs025;jvs026;jvs027;jvs028;jvs029;jvs030;jvs031;jvs036;jvs037;jvs039;jvs040;jvs041;jvs042;jvs043;jvs045;jvs046;jvs047;jvs049;jvs050;jvs052;jvs056;jvs062;jvs064;jvs067;jvs071;jvs072;jvs075;jvs076;jvs077;jvs079;jvs080;jvs081;jvs082;jvs083;jvs084;jvs085;jvs086;jvs087;jvs089;jvs091;jvs093;jvs094;jvs096;jvs097;jvs098;jvs099;jvs100,120,1536,0.05923261107415871,2.417439811041957,9.322348445484112e-05,8267.586783120654,60040670320051e74178,0.03421046730173604,0.0011432002440247002,,,,,
JVS_JVSMuSiC,mert_l3,3,23,regularized_LDA,jvs001;jvs002;jvs003;jvs008;jvs009;jvs010;jvs011;jvs014;jvs016;jvs019;jvs022;jvs023;jvs024;jvs025;jvs026;jvs027;jvs028;jvs029;jvs030;jvs031;jvs036;jvs037;jvs039;jvs040;jvs041;jvs042;jvs043;jvs045;jvs046;jvs047;jvs049;jvs050;jvs052;jvs056;jvs062;jvs064;jvs067;jvs071;jvs072;jvs075;jvs076;jvs077;jvs079;jvs080;jvs081;jvs082;jvs083;jvs084;jvs085;jvs086;jvs087;jvs089;jvs091;jvs093;jvs094;jvs096;jvs097;jvs098;jvs099;jvs100,120,1536,,,,,2d7b8d6c0b9292ab0031,,,119,59,1.0,59,raw_dev_EER_then_MRR_then_smaller_k
JVS_JVSMuSiC,mert_l3,3,29,OAS,jvs001;jvs005;jvs007;jvs008;jvs009;jvs010;jvs011;jvs014;jvs015;jvs016;jvs017;jvs019;jvs020;jvs021;jvs022;jvs025;jvs026;jvs028;jvs029;jvs030;jvs031;jvs033;jvs035;jvs036;jvs038;jvs039;jvs040;jvs041;jvs044;jvs046;jvs048;jvs049;jvs053;jvs054;jvs057;jvs058;jvs060;jvs064;jvs066;jvs067;jvs068;jvs070;jvs071;jvs072;jvs073;jvs074;jvs078;jvs079;jvs080;jvs081;jvs084;jvs086;jvs089;jvs091;jvs093;jvs095;jvs096;jvs097;jvs098;jvs099,120,1536,0.05569690084784674,2.494995931522347,9.047105534751378e-05,9123.710821426876,80ad5994249f4f0d287d,0.030795090343665666,0.0008992225896529149,,,,,
JVS_JVSMuSiC,mert_l3,3,29,regularized_LDA,jvs001;jvs005;jvs007;jvs008;jvs009;jvs010;jvs011;jvs014;jvs015;jvs016;jvs017;jvs019;jvs020;jvs021;jvs022;jvs025;jvs026;jvs028;jvs029;jvs030;jvs031;jvs033;jvs035;jvs036;jvs038;jvs039;jvs040;jvs041;jvs044;jvs046;jvs048;jvs049;jvs053;jvs054;jvs057;jvs058;jvs060;jvs064;jvs066;jvs067;jvs068;jvs070;jvs071;jvs072;jvs073;jvs074;jvs078;jvs079;jvs080;jvs081;jvs084;jvs086;jvs089;jvs091;jvs093;jvs095;jvs096;jvs097;jvs098;jvs099,120,1536,,,,,194061cf700b878a60ed,,,119,59,1.0,59,raw_dev_EER_then_MRR_then_smaller_k
JVS_JVSMuSiC,mert_l3,3,31,OAS,jvs001;jvs002;jvs004;jvs005;jvs006;jvs007;jvs008;jvs011;jvs016;jvs018;jvs021;jvs022;jvs023;jvs024;jvs025;jvs026;jvs028;jvs029;jvs033;jvs035;jvs037;jvs038;jvs039;jvs041;jvs043;jvs047;jvs048;jvs050;jvs051;jvs053;jvs054;jvs055;jvs056;jvs057;jvs058;jvs059;jvs060;jvs061;jvs062;jvs063;jvs064;jvs068;jvs070;jvs074;jvs075;jvs077;jvs078;jvs080;jvs081;jvs083;jvs085;jvs087;jvs089;jvs091;jvs092;jvs093;jvs094;jvs096;jvs097;jvs099,120,1536,0.05680475360256849,2.359889622463996,8.727405503471721e-05,9038.131508146667,f6c0529edbcb12725ce8,0.030711285344620455,0.0009174380554761719,,,,,
JVS_JVSMuSiC,mert_l3,3,31,regularized_LDA,jvs001;jvs002;jvs004;jvs005;jvs006;jvs007;jvs008;jvs011;jvs016;jvs018;jvs021;jvs022;jvs023;jvs024;jvs025;jvs026;jvs028;jvs029;jvs033;jvs035;jvs037;jvs038;jvs039;jvs041;jvs043;jvs047;jvs048;jvs050;jvs051;jvs053;jvs054;jvs055;jvs056;jvs057;jvs058;jvs059;jvs060;jvs061;jvs062;jvs063;jvs064;jvs068;jvs070;jvs074;jvs075;jvs077;jvs078;jvs080;jvs081;jvs083;jvs085;jvs087;jvs089;jvs091;jvs092;jvs093;jvs094;jvs096;jvs097;jvs099,120,1536,,,,,cf6549349c429f576d95,,,119,59,1.0,59,raw_dev_EER_then_MRR_then_smaller_k
JVS_JVSMuSiC,mert_l3,3,37,OAS,jvs001;jvs002;jvs004;jvs006;jvs007;jvs009;jvs011;jvs012;jvs014;jvs016;jvs017;jvs018;jvs019;jvs020;jvs021;jvs023;jvs024;jvs025;jvs026;jvs030;jvs031;jvs032;jvs034;jvs035;jvs037;jvs039;jvs040;jvs041;jvs043;jvs044;jvs046;jvs048;jvs051;jvs052;jvs054;jvs055;jvs058;jvs059;jvs062;jvs063;jvs065;jvs066;jvs067;jvs068;jvs069;jvs071;jvs072;jvs073;jvs078;jvs079;jvs080;jvs084;jvs085;jvs091;jvs093;jvs094;jvs097;jvs098;jvs099;jvs100,120,1536,0.05652631399902185,2.477885990772581,9.118864685428924e-05,9044.322261083795,48b29b10232888a82486,0.03172647669242117,0.000983806795406772,,,,,
JVS_JVSMuSiC,mert_l3,3,37,regularized_LDA,jvs001;jvs002;jvs004;jvs006;jvs007;jvs009;jvs011;jvs012;jvs014;jvs016;jvs017;jvs018;jvs019;jvs020;jvs021;jvs023;jvs024;jvs025;jvs026;jvs030;jvs031;jvs032;jvs034;jvs035;jvs037;jvs039;jvs040;jvs041;jvs043;jvs044;jvs046;jvs048;jvs051;jvs052;jvs054;jvs055;jvs058;jvs059;jvs062;jvs063;jvs065;jvs066;jvs067;jvs068;jvs069;jvs071;jvs072;jvs073;jvs078;jvs079;jvs080;jvs084;jvs085;jvs091;jvs093;jvs094;jvs097;jvs098;jvs099;jvs100,120,1536,,,,,3d3d779cf214b64d3822,,,119,59,1.0,59,raw_dev_EER_then_MRR_then_smaller_k
JVS_JVSMuSiC,mert_l3,3,41,OAS,jvs001;jvs003;jvs004;jvs005;jvs006;jvs007;jvs009;jvs010;jvs011;jvs012;jvs016;jvs017;jvs019;jvs022;jvs023;jvs025;jvs026;jvs028;jvs029;jvs030;jvs031;jvs036;jvs037;jvs038;jvs042;jvs043;jvs044;jvs045;jvs049;jvs051;jvs054;jvs055;jvs058;jvs059;jvs060;jvs061;jvs062;jvs063;jvs065;jvs066;jvs067;jvs068;jvs069;jvs070;jvs071;jvs072;jvs073;jvs074;jvs075;jvs078;jvs080;jvs084;jvs085;jvs086;jvs090;jvs094;jvs095;jvs096;jvs098;jvs099,120,1536,0.05702490277606368,2.4275053965426245,9.012256460039914e-05,8766.565019985008,0ead8a441cdc4c7b6119,0.03337844354255117,0.0010386108574205188,,,,,
JVS_JVSMuSiC,mert_l3,3,41,regularized_LDA,jvs001;jvs003;jvs004;jvs005;jvs006;jvs007;jvs009;jvs010;jvs011;jvs012;jvs016;jvs017;jvs019;jvs022;jvs023;jvs025;jvs026;jvs028;jvs029;jvs030;jvs031;jvs036;jvs037;jvs038;jvs042;jvs043;jvs044;jvs045;jvs049;jvs051;jvs054;jvs055;jvs058;jvs059;jvs060;jvs061;jvs062;jvs063;jvs065;jvs066;jvs067;jvs068;jvs069;jvs070;jvs071;jvs072;jvs073;jvs074;jvs075;jvs078;jvs080;jvs084;jvs085;jvs086;jvs090;jvs094;jvs095;jvs096;jvs098;jvs099,120,1536,,,,,b08da04a4fb76c00841f,,,119,59,1.0,16,raw_dev_EER_then_MRR_then_smaller_k
JVS_JVSMuSiC,mert_l3,3,43,OAS,jvs002;jvs003;jvs004;jvs006;jvs007;jvs008;jvs009;jvs011;jvs013;jvs014;jvs015;jvs018;jvs022;jvs023;jvs024;jvs025;jvs026;jvs027;jvs034;jvs035;jvs036;jvs037;jvs038;jvs039;jvs040;jvs042;jvs043;jvs044;jvs045;jvs046;jvs049;jvs051;jvs054;jvs056;jvs058;jvs061;jvs062;jvs063;jvs065;jvs066;jvs067;jvs070;jvs071;jvs073;jvs076;jvs077;jvs078;jvs079;jvs083;jvs084;jvs086;jvs088;jvs089;jvs092;jvs093;jvs094;jvs096;jvs097;jvs099;jvs100,120,1536,0.05633635556052573,2.467649621739743,9.050676203719205e-05,9135.925340959278,52ae2e32d534c4982f1c,0.0310129538225406,0.0009305614053556344,,,,,
JVS_JVSMuSiC,mert_l3,3,43,regularized_LDA,jvs002;jvs003;jvs004;jvs006;jvs007;jvs008;jvs009;jvs011;jvs013;jvs014;jvs015;jvs018;jvs022;jvs023;jvs024;jvs025;jvs026;jvs027;jvs034;jvs035;jvs036;jvs037;jvs038;jvs039;jvs040;jvs042;jvs043;jvs044;jvs045;jvs046;jvs049;jvs051;jvs054;jvs056;jvs058;jvs061;jvs062;jvs063;jvs065;jvs066;jvs067;jvs070;jvs071;jvs073;jvs076;jvs077;jvs078;jvs079;jvs083;jvs084;jvs086;jvs088;jvs089;jvs092;jvs093;jvs094;jvs096;jvs097;jvs099;jvs100,120,1536,,,,,aad1c84317177bc8a557,,,119,59,1.0,59,raw_dev_EER_then_MRR_then_smaller_k
JVS_JVSMuSiC,mert_l3,3,47,OAS,jvs002;jvs004;jvs005;jvs006;jvs007;jvs008;jvs009;jvs012;jvs013;jvs014;jvs015;jvs016;jvs018;jvs019;jvs020;jvs021;jvs022;jvs024;jvs025;jvs026;jvs029;jvs031;jvs032;jvs033;jvs034;jvs036;jvs037;jvs039;jvs044;jvs045;jvs047;jvs048;jvs049;jvs051;jvs052;jvs055;jvs056;jvs057;jvs058;jvs062;jvs063;jvs067;jvs068;jvs070;jvs071;jvs073;jvs074;jvs075;jvs077;jvs079;jvs083;jvs086;jvs088;jvs089;jvs091;jvs092;jvs097;jvs098;jvs099;jvs100,120,1536,0.054020143779201016,2.4760739301728747,8.708194642960288e-05,9872.115610603889,04067c31d2870f4ec581,0.02922892908203545,0.0008315324938079627,,,,,
JVS_JVSMuSiC,mert_l3,3,47,regularized_LDA,jvs002;jvs004;jvs005;jvs006;jvs007;jvs008;jvs009;jvs012;jvs013;jvs014;jvs015;jvs016;jvs018;jvs019;jvs020;jvs021;jvs022;jvs024;jvs025;jvs026;jvs029;jvs031;jvs032;jvs033;jvs034;jvs036;jvs037;jvs039;jvs044;jvs045;jvs047;jvs048;jvs049;jvs051;jvs052;jvs055;jvs056;jvs057;jvs058;jvs062;jvs063;jvs067;jvs068;jvs070;jvs071;jvs073;jvs074;jvs075;jvs077;jvs079;jvs083;jvs086;jvs088;jvs089;jvs091;jvs092;jvs097;jvs098;jvs099;jvs100,120,1536,,,,,65f307fdffeb445f0418,,,119,59,1.0,59,raw_dev_EER_then_MRR_then_smaller_k
JVS_JVSMuSiC,mert_l3,3,53,OAS,jvs002;jvs004;jvs005;jvs006;jvs007;jvs008;jvs009;jvs010;jvs011;jvs012;jvs014;jvs016;jvs017;jvs019;jvs020;jvs021;jvs022;jvs025;jvs027;jvs028;jvs029;jvs030;jvs031;jvs032;jvs033;jvs035;jvs039;jvs041;jvs043;jvs044;jvs045;jvs046;jvs047;jvs049;jvs050;jvs051;jvs053;jvs054;jvs055;jvs056;jvs057;jvs059;jvs064;jvs066;jvs067;jvs068;jvs069;jvs070;jvs071;jvs075;jvs077;jvs080;jvs081;jvs085;jvs087;jvs091;jvs094;jvs096;jvs097;jvs100,120,1536,0.05541758580076069,2.4123779967557506,8.703656550721289e-05,9372.408425471518,9bfec2e44a39cf55fe3d,0.028774366300021937,0.0007780495793270337,,,,,
JVS_JVSMuSiC,mert_l3,3,53,regularized_LDA,jvs002;jvs004;jvs005;jvs006;jvs007;jvs008;jvs009;jvs010;jvs011;jvs012;jvs014;jvs016;jvs017;jvs019;jvs020;jvs021;jvs022;jvs025;jvs027;jvs028;jvs029;jvs030;jvs031;jvs032;jvs033;jvs035;jvs039;jvs041;jvs043;jvs044;jvs045;jvs046;jvs047;jvs049;jvs050;jvs051;jvs053;jvs054;jvs055;jvs056;jvs057;jvs059;jvs064;jvs066;jvs067;jvs068;jvs069;jvs070;jvs071;jvs075;jvs077;jvs080;jvs081;jvs085;jvs087;jvs091;jvs094;jvs096;jvs097;jvs100,120,1536,,,,,15efc173921e71ae9e3d,,,119,59,1.0,59,raw_dev_EER_then_MRR_then_smaller_k
JVS_JVSMuSiC,mert_l3,3,59,OAS,jvs002;jvs005;jvs006;jvs008;jvs013;jvs014;jvs015;jvs017;jvs019;jvs020;jvs021;jvs022;jvs023;jvs024;jvs026;jvs027;jvs028;jvs030;jvs031;jvs032;jvs033;jvs036;jvs037;jvs038;jvs039;jvs042;jvs044;jvs045;jvs046;jvs048;jvs049;jvs050;jvs053;jvs054;jvs055;jvs058;jvs059;jvs060;jvs061;jvs062;jvs064;jvs065;jvs070;jvs071;jvs074;jvs076;jvs077;jvs078;jvs082;jvs083;jvs084;jvs086;jvs087;jvs090;jvs091;jvs092;jvs093;jvs095;jvs096;jvs098,120,1536,0.056070746878631283,2.5907083174439283,9.45722332706792e-05,9043.165984914207,204eb070e48d0bc11e0a,0.03163294139109095,0.0009707156536066242,,,,,
JVS_JVSMuSiC,mert_l3,3,59,regularized_LDA,jvs002;jvs005;jvs006;jvs008;jvs013;jvs014;jvs015;jvs017;jvs019;jvs020;jvs021;jvs022;jvs023;jvs024;jvs026;jvs027;jvs028;jvs030;jvs031;jvs032;jvs033;jvs036;jvs037;jvs038;jvs039;jvs042;jvs044;jvs045;jvs046;jvs048;jvs049;jvs050;jvs053;jvs054;jvs055;jvs058;jvs059;jvs060;jvs061;jvs062;jvs064;jvs065;jvs070;jvs071;jvs074;jvs076;jvs077;jvs078;jvs082;jvs083;jvs084;jvs086;jvs087;jvs090;jvs091;jvs092;jvs093;jvs095;jvs096;jvs098,120,1536,,,,,7d9d7f28cdac8c0218b0,,,119,59,1.0,59,raw_dev_EER_then_MRR_then_smaller_k
JVS_JVSMuSiC,mert_l3,3,61,OAS,jvs002;jvs003;jvs007;jvs008;jvs009;jvs010;jvs011;jvs013;jvs015;jvs017;jvs018;jvs021;jvs022;jvs023;jvs025;jvs026;jvs028;jvs031;jvs032;jvs033;jvs034;jvs035;jvs036;jvs037;jvs038;jvs040;jvs041;jvs042;jvs044;jvs046;jvs048;jvs049;jvs050;jvs051;jvs052;jvs053;jvs055;jvs056;jvs059;jvs061;jvs063;jvs064;jvs065;jvs070;jvs074;jvs075;jvs076;jvs077;jvs079;jvs083;jvs085;jvs086;jvs088;jvs091;jvs092;jvs093;jvs095;jvs096;jvs098;jvs100,120,1536,0.05723163310765251,2.427937017000301,9.046536495146452e-05,8902.52651685782,bc23342dc6190115f2c3,0.03203243176658443,0.0009521835888037788,,,,,
JVS_JVSMuSiC,mert_l3,3,61,regularized_LDA,jvs002;jvs003;jvs007;jvs008;jvs009;jvs010;jvs011;jvs013;jvs015;jvs017;jvs018;jvs021;jvs022;jvs023;jvs025;jvs026;jvs028;jvs031;jvs032;jvs033;jvs034;jvs035;jvs036;jvs037;jvs038;jvs040;jvs041;jvs042;jvs044;jvs046;jvs048;jvs049;jvs050;jvs051;jvs052;jvs053;jvs055;jvs056;jvs059;jvs061;jvs063;jvs064;jvs065;jvs070;jvs074;jvs075;jvs076;jvs077;jvs079;jvs083;jvs085;jvs086;jvs088;jvs091;jvs092;jvs093;jvs095;jvs096;jvs098;jvs100,120,1536,,,,,6af0459fdaff59fb5ae8,,,119,59,1.0,59,raw_dev_EER_then_MRR_then_smaller_k
JVS_JVSMuSiC,mert_l3,3,67,OAS,jvs001;jvs002;jvs003;jvs004;jvs008;jvs009;jvs011;jvs012;jvs013;jvs014;jvs015;jvs017;jvs020;jvs022;jvs023;jvs025;jvs026;jvs027;jvs029;jvs032;jvs033;jvs037;jvs038;jvs039;jvs043;jvs046;jvs048;jvs051;jvs054;jvs055;jvs056;jvs057;jvs058;jvs059;jvs060;jvs061;jvs062;jvs064;jvs065;jvs068;jvs069;jvs070;jvs071;jvs073;jvs075;jvs078;jvs080;jvs082;jvs083;jvs084;jvs086;jvs087;jvs088;jvs090;jvs091;jvs093;jvs095;jvs097;jvs099;jvs100,120,1536,0.05371865129750875,2.434834415252361,8.51536594532e-05,9924.544528978191,6f89771c7c64a03ccbad,0.02996559599914501,0.0008726858138430327,,,,,
JVS_JVSMuSiC,mert_l3,3,67,regularized_LDA,jvs001;jvs002;jvs003;jvs004;jvs008;jvs009;jvs011;jvs012;jvs013;jvs014;jvs015;jvs017;jvs020;jvs022;jvs023;jvs025;jvs026;jvs027;jvs029;jvs032;jvs033;jvs037;jvs038;jvs039;jvs043;jvs046;jvs048;jvs051;jvs054;jvs055;jvs056;jvs057;jvs058;jvs059;jvs060;jvs061;jvs062;jvs064;jvs065;jvs068;jvs069;jvs070;jvs071;jvs073;jvs075;jvs078;jvs080;jvs082;jvs083;jvs084;jvs086;jvs087;jvs088;jvs090;jvs091;jvs093;jvs095;jvs097;jvs099;jvs100,120,1536,,,,,a7209bd270a094f7697d,,,119,59,1.0,59,raw_dev_EER_then_MRR_then_smaller_k
JVS_JVSMuSiC,mert_l3,3,71,OAS,jvs002;jvs003;jvs004;jvs005;jvs006;jvs010;jvs011;jvs012;jvs013;jvs014;jvs016;jvs018;jvs019;jvs021;jvs022;jvs024;jvs025;jvs026;jvs027;jvs029;jvs031;jvs032;jvs034;jvs037;jvs039;jvs042;jvs043;jvs044;jvs045;jvs047;jvs048;jvs049;jvs050;jvs052;jvs053;jvs054;jvs055;jvs059;jvs061;jvs062;jvs065;jvs066;jvs067;jvs068;jvs069;jvs070;jvs073;jvs074;jvs075;jvs077;jvs079;jvs080;jvs083;jvs084;jvs086;jvs088;jvs089;jvs092;jvs093;jvs098,120,1536,0.056766003804821406,2.4432146717172816,9.029396702519446e-05,8972.102957017365,d22d188ad535a9260ea3,0.03052837136879007,0.0009091081697498726,,,,,
JVS_JVSMuSiC,mert_l3,3,71,regularized_LDA,jvs002;jvs003;jvs004;jvs005;jvs006;jvs010;jvs011;jvs012;jvs013;jvs014;jvs016;jvs018;jvs019;jvs021;jvs022;jvs024;jvs025;jvs026;jvs027;jvs029;jvs031;jvs032;jvs034;jvs037;jvs039;jvs042;jvs043;jvs044;jvs045;jvs047;jvs048;jvs049;jvs050;jvs052;jvs053;jvs054;jvs055;jvs059;jvs061;jvs062;jvs065;jvs066;jvs067;jvs068;jvs069;jvs070;jvs073;jvs074;jvs075;jvs077;jvs079;jvs080;jvs083;jvs084;jvs086;jvs088;jvs089;jvs092;jvs093;jvs098,120,1536,,,,,1b6b3b728034ceefbbe0,,,119,59,1.0,59,raw_dev_EER_then_MRR_then_smaller_k
JVS_JVSMuSiC,mert_l3,3,73,OAS,jvs001;jvs002;jvs005;jvs006;jvs009;jvs011;jvs012;jvs013;jvs017;jvs018;jvs019;jvs020;jvs021;jvs023;jvs025;jvs026;jvs027;jvs032;jvs034;jvs035;jvs036;jvs037;jvs038;jvs039;jvs042;jvs043;jvs048;jvs050;jvs052;jvs058;jvs059;jvs062;jvs063;jvs064;jvs067;jvs068;jvs069;jvs071;jvs072;jvs076;jvs077;jvs079;jvs080;jvs081;jvs082;jvs083;jvs084;jvs086;jvs087;jvs088;jvs089;jvs090;jvs091;jvs094;jvs095;jvs096;jvs097;jvs098;jvs099;jvs100,120,1536,0.05777740560871443,2.454778460985747,9.233771537754509e-05,8855.520747743394,94e96fb72b85aac11961,0.03294154287631463,0.0010590065771293178,,,,,
JVS_JVSMuSiC,mert_l3,3,73,regularized_LDA,jvs001;jvs002;jvs005;jvs006;jvs009;jvs011;jvs012;jvs013;jvs017;jvs018;jvs019;jvs020;jvs021;jvs023;jvs025;jvs026;jvs027;jvs032;jvs034;jvs035;jvs036;jvs037;jvs038;jvs039;jvs042;jvs043;jvs048;jvs050;jvs052;jvs058;jvs059;jvs062;jvs063;jvs064;jvs067;jvs068;jvs069;jvs071;jvs072;jvs076;jvs077;jvs079;jvs080;jvs081;jvs082;jvs083;jvs084;jvs086;jvs087;jvs088;jvs089;jvs090;jvs091;jvs094;jvs095;jvs096;jvs097;jvs098;jvs099;jvs100,120,1536,,,,,8bebd11dd93cb1dd89b4,,,119,59,1.0,59,raw_dev_EER_then_MRR_then_smaller_k
JVS_JVSMuSiC,mert_l3,3,79,OAS,jvs001;jvs002;jvs003;jvs006;jvs007;jvs010;jvs011;jvs012;jvs014;jvs016;jvs018;jvs019;jvs021;jvs022;jvs023;jvs028;jvs029;jvs032;jvs033;jvs034;jvs035;jvs036;jvs037;jvs038;jvs040;jvs047;jvs048;jvs049;jvs050;jvs051;jvs052;jvs053;jvs055;jvs056;jvs057;jvs059;jvs060;jvs062;jvs063;jvs064;jvs065;jvs068;jvs070;jvs072;jvs073;jvs074;jvs075;jvs076;jvs079;jvs080;jvs081;jvs082;jvs086;jvs087;jvs092;jvs093;jvs094;jvs097;jvs098;jvs100,120,1536,0.057297101417530735,2.3589576129885033,8.79957249941787e-05,8783.713136602339,3041116b2c8a8e28e23e,0.03137955107093458,0.000957794298217185,,,,,
JVS_JVSMuSiC,mert_l3,3,79,regularized_LDA,jvs001;jvs002;jvs003;jvs006;jvs007;jvs010;jvs011;jvs012;jvs014;jvs016;jvs018;jvs019;jvs021;jvs022;jvs023;jvs028;jvs029;jvs032;jvs033;jvs034;jvs035;jvs036;jvs037;jvs038;jvs040;jvs047;jvs048;jvs049;jvs050;jvs051;jvs052;jvs053;jvs055;jvs056;jvs057;jvs059;jvs060;jvs062;jvs063;jvs064;jvs065;jvs068;jvs070;jvs072;jvs073;jvs074;jvs075;jvs076;jvs079;jvs080;jvs081;jvs082;jvs086;jvs087;jvs092;jvs093;jvs094;jvs097;jvs098;jvs100,120,1536,,,,,9b48a85ff0716a35c299,,,119,59,1.0,59,raw_dev_EER_then_MRR_then_smaller_k
JVS_JVSMuSiC,mert_l3,3,83,OAS,jvs002;jvs003;jvs004;jvs005;jvs010;jvs011;jvs013;jvs014;jvs017;jvs018;jvs019;jvs022;jvs024;jvs025;jvs026;jvs029;jvs030;jvs033;jvs034;jvs035;jvs037;jvs039;jvs040;jvs043;jvs044;jvs046;jvs047;jvs048;jvs049;jvs050;jvs051;jvs052;jvs054;jvs055;jvs057;jvs058;jvs060;jvs061;jvs062;jvs063;jvs064;jvs065;jvs068;jvs069;jvs070;jvs073;jvs074;jvs078;jvs079;jvs082;jvs083;jvs084;jvs087;jvs088;jvs089;jvs090;jvs092;jvs096;jvs097;jvs099,120,1536,0.0569009845281795,2.3824184260769394,8.825648046995682e-05,8980.935165950905,70fbf3cbf98ea539f2f3,0.030964479087359005,0.0009245063183401792,,,,,
JVS_JVSMuSiC,mert_l3,3,83,regularized_LDA,jvs002;jvs003;jvs004;jvs005;jvs010;jvs011;jvs013;jvs014;jvs017;jvs018;jvs019;jvs022;jvs024;jvs025;jvs026;jvs029;jvs030;jvs033;jvs034;jvs035;jvs037;jvs039;jvs040;jvs043;jvs044;jvs046;jvs047;jvs048;jvs049;jvs050;jvs051;jvs052;jvs054;jvs055;jvs057;jvs058;jvs060;jvs061;jvs062;jvs063;jvs064;jvs065;jvs068;jvs069;jvs070;jvs073;jvs074;jvs078;jvs079;jvs082;jvs083;jvs084;jvs087;jvs088;jvs089;jvs090;jvs092;jvs096;jvs097;jvs099,120,1536,,,,,0e011938493bf3b56c18,,,119,59,1.0,59,raw_dev_EER_then_MRR_then_smaller_k
JVS_JVSMuSiC,mert_l3,3,89,OAS,jvs001;jvs002;jvs003;jvs005;jvs008;jvs009;jvs010;jvs013;jvs014;jvs015;jvs016;jvs018;jvs019;jvs021;jvs024;jvs025;jvs026;jvs028;jvs029;jvs030;jvs031;jvs033;jvs036;jvs037;jvs038;jvs042;jvs043;jvs044;jvs046;jvs047;jvs049;jvs052;jvs054;jvs056;jvs058;jvs060;jvs061;jvs063;jvs064;jvs065;jvs067;jvs071;jvs072;jvs073;jvs074;jvs076;jvs078;jvs079;jvs080;jvs081;jvs083;jvs084;jvs085;jvs086;jvs091;jvs094;jvs095;jvs096;jvs099;jvs100,120,1536,0.05827415129688216,2.492863068327155,9.457648411855893e-05,8401.544518552966,54fed23510602ecf2cec,0.0326609638753249,0.0010290558839428643,,,,,
JVS_JVSMuSiC,mert_l3,3,89,regularized_LDA,jvs001;jvs002;jvs003;jvs005;jvs008;jvs009;jvs010;jvs013;jvs014;jvs015;jvs016;jvs018;jvs019;jvs021;jvs024;jvs025;jvs026;jvs028;jvs029;jvs030;jvs031;jvs033;jvs036;jvs037;jvs038;jvs042;jvs043;jvs044;jvs046;jvs047;jvs049;jvs052;jvs054;jvs056;jvs058;jvs060;jvs061;jvs063;jvs064;jvs065;jvs067;jvs071;jvs072;jvs073;jvs074;jvs076;jvs078;jvs079;jvs080;jvs081;jvs083;jvs084;jvs085;jvs086;jvs091;jvs094;jvs095;jvs096;jvs099;jvs100,120,1536,,,,,8f14a16459707dd84e0c,,,119,59,1.0,59,raw_dev_EER_then_MRR_then_smaller_k
JVS_JVSMuSiC,mert_l3,3,97,OAS,jvs003;jvs004;jvs005;jvs006;jvs007;jvs008;jvs009;jvs010;jvs011;jvs013;jvs014;jvs015;jvs017;jvs018;jvs021;jvs022;jvs023;jvs024;jvs026;jvs029;jvs030;jvs032;jvs034;jvs035;jvs037;jvs038;jvs039;jvs040;jvs043;jvs045;jvs048;jvs049;jvs050;jvs051;jvs052;jvs054;jvs055;jvs057;jvs058;jvs059;jvs066;jvs067;jvs068;jvs069;jvs072;jvs073;jvs074;jvs077;jvs080;jvs081;jvs082;jvs083;jvs086;jvs087;jvs089;jvs090;jvs093;jvs094;jvs096;jvs099,120,1536,0.058167764722779666,2.417399128997783,9.154603110455439e-05,8567.644804676203,03cb3182f2df7e5b66f0,0.031949906570983996,0.0009961963469623525,,,,,
JVS_JVSMuSiC,mert_l3,3,97,regularized_LDA,jvs003;jvs004;jvs005;jvs006;jvs007;jvs008;jvs009;jvs010;jvs011;jvs013;jvs014;jvs015;jvs017;jvs018;jvs021;jvs022;jvs023;jvs024;jvs026;jvs029;jvs030;jvs032;jvs034;jvs035;jvs037;jvs038;jvs039;jvs040;jvs043;jvs045;jvs048;jvs049;jvs050;jvs051;jvs052;jvs054;jvs055;jvs057;jvs058;jvs059;jvs066;jvs067;jvs068;jvs069;jvs072;jvs073;jvs074;jvs077;jvs080;jvs081;jvs082;jvs083;jvs086;jvs087;jvs089;jvs090;jvs093;jvs094;jvs096;jvs099,120,1536,,,,,eda5c9e43ac8acf83567,,,119,59,1.0,59,raw_dev_EER_then_MRR_then_smaller_k
GTSinger_same_text_control,wavlm_l12,12,13,OAS,DE-Soprano-1;DE-Tenor-1;EN-Alto-2;EN-Tenor-1;ES-Bass-1;ES-Soprano-1;IT-Bass-2;JA-Tenor-1;KO-Soprano-2;RU-Alto-1,20,1536,0.16552833499636743,0.8715579881043394,9.392418139563485e-05,4821.209361500121,5580b86b9b51bbf18cf0,0.043893565185579665,0.001728344017464023,,,,,
GTSinger_same_text_control,wavlm_l12,12,13,regularized_LDA,DE-Soprano-1;DE-Tenor-1;EN-Alto-2;EN-Tenor-1;ES-Bass-1;ES-Soprano-1;IT-Bass-2;JA-Tenor-1;KO-Soprano-2;RU-Alto-1,20,1536,,,,,a61b9e78982866268d84,,,19,9,1.0,8,fixed_primary_k8
GTSinger_same_text_control,wavlm_l12,12,17,OAS,EN-Alto-2;EN-Tenor-1;ES-Bass-1;ES-Soprano-1;FR-Tenor-1;IT-Bass-1;JA-Soprano-1;KO-Soprano-1;KO-Tenor-1;RU-Alto-1,20,1536,0.1754004065621426,0.8124960301651305,9.27813372533143e-05,4276.079122440892,dfa49b7001890289948e,0.05806780607165526,0.002502492820621427,,,,,
GTSinger_same_text_control,wavlm_l12,12,17,regularized_LDA,EN-Alto-2;EN-Tenor-1;ES-Bass-1;ES-Soprano-1;FR-Tenor-1;IT-Bass-1;JA-Soprano-1;KO-Soprano-1;KO-Tenor-1;RU-Alto-1,20,1536,,,,,7c93a67786d733d5609f,,,19,9,1.0,8,fixed_primary_k8
GTSinger_same_text_control,wavlm_l12,12,19,OAS,DE-Tenor-1;EN-Alto-1;EN-Tenor-1;ES-Bass-1;FR-Tenor-1;IT-Bass-1;JA-Soprano-1;KO-Soprano-1;KO-Tenor-1;ZH-Alto-1,20,1536,0.17932685557212205,0.8609647452899907,0.000100516992533403,4090.050678937954,32be019cd611cd341e40,0.05807010825366514,0.002694083490852761,,,,,
GTSinger_same_text_control,wavlm_l12,12,19,regularized_LDA,DE-Tenor-1;EN-Alto-1;EN-Tenor-1;ES-Bass-1;FR-Tenor-1;IT-Bass-1;JA-Soprano-1;KO-Soprano-1;KO-Tenor-1;ZH-Alto-1,20,1536,,,,,aa76935356179aec2067,,,19,9,1.0,8,fixed_primary_k8
GTSinger_same_text_control,wavlm_l12,12,23,OAS,DE-Tenor-1;EN-Alto-2;ES-Bass-1;FR-Soprano-1;IT-Soprano-1;JA-Soprano-1;JA-Tenor-1;KO-Soprano-1;ZH-Alto-1;ZH-Tenor-1,20,1536,0.17165597609461186,0.9073603881140715,0.0001014022350854862,4479.082494254193,b206af6958c03ef16d29,0.047992690746087675,0.0015931800970589993,,,,,
GTSinger_same_text_control,wavlm_l12,12,23,regularized_LDA,DE-Tenor-1;EN-Alto-2;ES-Bass-1;FR-Soprano-1;IT-Soprano-1;JA-Soprano-1;JA-Tenor-1;KO-Soprano-1;ZH-Alto-1;ZH-Tenor-1,20,1536,,,,,375f34fb42df0612dd7c,,,19,9,1.0,8,fixed_primary_k8
GTSinger_same_text_control,wavlm_l12,12,29,OAS,DE-Soprano-1;DE-Tenor-1;EN-Alto-2;EN-Tenor-1;ES-Bass-1;FR-Soprano-1;FR-Tenor-1;IT-Soprano-1;KO-Soprano-1;KO-Tenor-1,20,1536,0.16565068057494983,0.8071781647331963,8.705052886282092e-05,4817.328381622516,1e136d49272a736c0e93,0.04547051260275388,0.0016161555467624211,,,,,
GTSinger_same_text_control,wavlm_l12,12,29,regularized_LDA,DE-Soprano-1;DE-Tenor-1;EN-Alto-2;EN-Tenor-1;ES-Bass-1;FR-Soprano-1;FR-Tenor-1;IT-Soprano-1;KO-Soprano-1;KO-Tenor-1,20,1536,,,,,5ff3c790c63799adaa86,,,19,9,1.0,8,fixed_primary_k8
GTSinger_same_text_control,wavlm_l12,12,31,OAS,DE-Soprano-1;EN-Alto-1;EN-Tenor-1;ES-Soprano-1;FR-Soprano-1;IT-Soprano-1;KO-Soprano-2;KO-Tenor-1;RU-Alto-1;ZH-Tenor-1,20,1536,0.1688471729041545,0.6364228350664796,6.995976332853e-05,4625.809163473649,45df2739d6067bb13721,0.035547408718653015,0.001040980533344893,,,,,
GTSinger_same_text_control,wavlm_l12,12,31,regularized_LDA,DE-Soprano-1;EN-Alto-1;EN-Tenor-1;ES-Soprano-1;FR-Soprano-1;IT-Soprano-1;KO-Soprano-2;KO-Tenor-1;RU-Alto-1;ZH-Tenor-1,20,1536,,,,,3e8d76efcc382a6bf8e0,,,19,9,1.0,8,fixed_primary_k8
GTSinger_same_text_control,wavlm_l12,12,37,OAS,DE-Soprano-1;DE-Tenor-1;EN-Alto-2;FR-Soprano-1;FR-Tenor-1;IT-Bass-2;KO-Soprano-1;KO-Tenor-1;RU-Alto-1;ZH-Alto-1,20,1536,0.18691462523475338,0.8525657779645768,0.00010374805525795886,3773.4935659431694,cfdb66951372a615beae,0.0555198068503718,0.0028424653431009528,,,,,
GTSinger_same_text_control,wavlm_l12,12,37,regularized_LDA,DE-Soprano-1;DE-Tenor-1;EN-Alto-2;FR-Soprano-1;FR-Tenor-1;IT-Bass-2;KO-Soprano-1;KO-Tenor-1;RU-Alto-1;ZH-Alto-1,20,1536,,,,,7e0ecdcab495b1b62b05,,,19,9,1.0,8,fixed_primary_k8
GTSinger_same_text_control,wavlm_l12,12,41,OAS,DE-Soprano-1;DE-Tenor-1;EN-Alto-1;ES-Bass-1;FR-Tenor-1;IT-Bass-1;IT-Soprano-1;JA-Soprano-1;KO-Soprano-2;ZH-Tenor-1,20,1536,0.17972147210561187,0.8049172893281104,9.418028656335071e-05,4090.1170183576055,51690b7eabe2a0ee1e6e,0.054659796557306815,0.0023647606326625548,,,,,
GTSinger_same_text_control,wavlm_l12,12,41,regularized_LDA,DE-Soprano-1;DE-Tenor-1;EN-Alto-1;ES-Bass-1;FR-Tenor-1;IT-Bass-1;IT-Soprano-1;JA-Soprano-1;KO-Soprano-2;ZH-Tenor-1,20,1536,,,,,7210aee18ca1e06a8b28,,,19,9,1.0,8,fixed_primary_k8
GTSinger_same_text_control,wavlm_l12,12,43,OAS,EN-Alto-1;ES-Soprano-1;FR-Soprano-1;FR-Tenor-1;IT-Bass-2;JA-Soprano-1;JA-Tenor-1;RU-Alto-1;ZH-Alto-1;ZH-Tenor-1,20,1536,0.1815962132404019,0.923737628705253,0.00010921045273472808,3991.8368161555504,fe099fe9aee0d45f7c84,0.05789608121704548,0.0030216526631590135,,,,,
GTSinger_same_text_control,wavlm_l12,12,43,regularized_LDA,EN-Alto-1;ES-Soprano-1;FR-Soprano-1;FR-Tenor-1;IT-Bass-2;JA-Soprano-1;JA-Tenor-1;RU-Alto-1;ZH-Alto-1;ZH-Tenor-1,20,1536,,,,,a0842c5f8ae80ddd611d,,,19,9,1.0,8,fixed_primary_k8
GTSinger_same_text_control,wavlm_l12,12,47,OAS,DE-Soprano-1;EN-Alto-1;EN-Alto-2;ES-Bass-1;ES-Soprano-1;FR-Tenor-1;JA-Soprano-1;RU-Alto-1;ZH-Alto-1;ZH-Tenor-1,20,1536,0.18498842600735318,0.7579927387177958,9.12889867580781e-05,3817.1353479508534,07854cc4601db63ee638,0.05174918058741883,0.0019961574047641095,,,,,
GTSinger_same_text_control,wavlm_l12,12,47,regularized_LDA,DE-Soprano-1;EN-Alto-1;EN-Alto-2;ES-Bass-1;ES-Soprano-1;FR-Tenor-1;JA-Soprano-1;RU-Alto-1;ZH-Alto-1;ZH-Tenor-1,20,1536,,,,,214ec4ec256ae375e872,,,19,9,1.0,8,fixed_primary_k8
GTSinger_same_text_control,wavlm_l12,12,53,OAS,DE-Soprano-1;EN-Alto-2;EN-Tenor-1;FR-Soprano-1;IT-Bass-1;IT-Bass-2;JA-Soprano-1;KO-Soprano-2;KO-Tenor-1;ZH-Tenor-1,20,1536,0.18423305440346477,0.8590699399756774,0.00010303976496609387,3870.933672844071,ff59f70a3a765b7f2080,0.05315248710911854,0.0025280370542691832,,,,,
GTSinger_same_text_control,wavlm_l12,12,53,regularized_LDA,DE-Soprano-1;EN-Alto-2;EN-Tenor-1;FR-Soprano-1;IT-Bass-1;IT-Bass-2;JA-Soprano-1;KO-Soprano-2;KO-Tenor-1;ZH-Tenor-1,20,1536,,,,,30781e47626eceb2b9d5,,,19,9,1.0,8,fixed_primary_k8
GTSinger_same_text_control,wavlm_l12,12,59,OAS,EN-Alto-1;EN-Tenor-1;ES-Bass-1;ES-Soprano-1;IT-Bass-1;IT-Bass-2;IT-Soprano-1;JA-Soprano-1;KO-Tenor-1;ZH-Tenor-1,20,1536,0.18402799197651762,0.8223670929781043,9.852771145073353e-05,3872.3314753864524,74d5d7658addaab7d1db,0.05764761679766842,0.002846653041557512,,,,,
GTSinger_same_text_control,wavlm_l12,12,59,regularized_LDA,EN-Alto-1;EN-Tenor-1;ES-Bass-1;ES-Soprano-1;IT-Bass-1;IT-Bass-2;IT-Soprano-1;JA-Soprano-1;KO-Tenor-1;ZH-Tenor-1,20,1536,,,,,6883657c6dc6bc3d6853,,,19,9,1.0,8,fixed_primary_k8
GTSinger_same_text_control,wavlm_l12,12,61,OAS,EN-Alto-1;EN-Alto-2;FR-Soprano-1;IT-Bass-1;IT-Bass-2;IT-Soprano-1;JA-Soprano-1;RU-Alto-1;ZH-Alto-1;ZH-Tenor-1,20,1536,0.2029217072278365,0.8250194186517554,0.00010899371675060638,3160.251189705569,6f90b2ee2a939713df15,0.059149626392340816,0.0030761571407159627,,,,,
GTSinger_same_text_control,wavlm_l12,12,61,regularized_LDA,EN-Alto-1;EN-Alto-2;FR-Soprano-1;IT-Bass-1;IT-Bass-2;IT-Soprano-1;JA-Soprano-1;RU-Alto-1;ZH-Alto-1;ZH-Tenor-1,20,1536,,,,,f3367e40819ebe6e9e33,,,19,9,1.0,8,fixed_primary_k8
GTSinger_same_text_control,wavlm_l12,12,67,OAS,EN-Alto-1;EN-Alto-2;ES-Bass-1;ES-Soprano-1;FR-Soprano-1;IT-Bass-2;JA-Soprano-1;JA-Tenor-1;ZH-Alto-1;ZH-Tenor-1,20,1536,0.17953801033388242,0.9091791639795163,0.00010627097535019855,4080.4925604368254,6e0bb868de8c36b494f3,0.05194631749221562,0.002246875318894892,,,,,
GTSinger_same_text_control,wavlm_l12,12,67,regularized_LDA,EN-Alto-1;EN-Alto-2;ES-Bass-1;ES-Soprano-1;FR-Soprano-1;IT-Bass-2;JA-Soprano-1;JA-Tenor-1;ZH-Alto-1;ZH-Tenor-1,20,1536,,,,,b285a1e0aad307df43c8,,,19,9,1.0,8,fixed_primary_k8
GTSinger_same_text_control,wavlm_l12,12,71,OAS,DE-Tenor-1;EN-Alto-1;ES-Bass-1;FR-Soprano-1;FR-Tenor-1;IT-Bass-1;IT-Bass-2;JA-Soprano-1;KO-Soprano-2;ZH-Tenor-1,20,1536,0.1870144694875176,0.8739042487270348,0.00010640152308500913,3771.997049023939,4006e651ac9b444e9f5f,0.06127048416937858,0.0034121336748144104,,,,,
GTSinger_same_text_control,wavlm_l12,12,71,regularized_LDA,DE-Tenor-1;EN-Alto-1;ES-Bass-1;FR-Soprano-1;FR-Tenor-1;IT-Bass-1;IT-Bass-2;JA-Soprano-1;KO-Soprano-2;ZH-Tenor-1,20,1536,,,,,382122d3bd12ba377275,,,19,9,1.0,8,fixed_primary_k8
GTSinger_same_text_control,wavlm_l12,12,73,OAS,DE-Soprano-1;EN-Alto-1;EN-Tenor-1;ES-Bass-1;FR-Soprano-1;KO-Soprano-1;KO-Soprano-2;KO-Tenor-1;RU-Alto-1;ZH-Alto-1,20,1536,0.1725021197100819,0.6549052632551935,7.354983471406906e-05,4435.942778200947,0231a81e380f13058de1,0.04051688747093756,0.0012003638644649817,,,,,
GTSinger_same_text_control,wavlm_l12,12,73,regularized_LDA,DE-Soprano-1;EN-Alto-1;EN-Tenor-1;ES-Bass-1;FR-Soprano-1;KO-Soprano-1;KO-Soprano-2;KO-Tenor-1;RU-Alto-1;ZH-Alto-1,20,1536,,,,,1ec37a3693e510bfbd37,,,19,9,1.0,8,fixed_primary_k8
GTSinger_same_text_control,wavlm_l12,12,79,OAS,DE-Soprano-1;DE-Tenor-1;EN-Tenor-1;FR-Soprano-1;FR-Tenor-1;IT-Soprano-1;JA-Tenor-1;KO-Soprano-1;KO-Soprano-2;ZH-Tenor-1,20,1536,0.1588723819143274,0.8830131879015931,9.13322971508396e-05,5239.296637051486,c1a571d18b4087ab04a4,0.04404285761294946,0.0013245577409869425,,,,,
GTSinger_same_text_control,wavlm_l12,12,79,regularized_LDA,DE-Soprano-1;DE-Tenor-1;EN-Tenor-1;FR-Soprano-1;FR-Tenor-1;IT-Soprano-1;JA-Tenor-1;KO-Soprano-1;KO-Soprano-2;ZH-Tenor-1,20,1536,,,,,0d98ae90da44fb3d1daf,,,19,9,1.0,8,fixed_primary_k8
GTSinger_same_text_control,wavlm_l12,12,83,OAS,DE-Tenor-1;EN-Alto-1;EN-Tenor-1;ES-Soprano-1;FR-Soprano-1;FR-Tenor-1;IT-Bass-1;IT-Bass-2;JA-Tenor-1;KO-Soprano-1,20,1536,0.17101903354358058,0.9412299457724749,0.00010479702842987332,4494.327020747727,d64db4e71ab879a67472,0.051585099062587444,0.002134808432357138,,,,,
GTSinger_same_text_control,wavlm_l12,12,83,regularized_LDA,DE-Tenor-1;EN-Alto-1;EN-Tenor-1;ES-Soprano-1;FR-Soprano-1;FR-Tenor-1;IT-Bass-1;IT-Bass-2;JA-Tenor-1;KO-Soprano-1,20,1536,,,,,436f845ad820613a7bc1,,,19,9,1.0,8,fixed_primary_k8
GTSinger_same_text_control,wavlm_l12,12,89,OAS,EN-Alto-2;EN-Tenor-1;FR-Soprano-1;IT-Bass-1;JA-Soprano-1;JA-Tenor-1;KO-Soprano-1;KO-Tenor-1;ZH-Alto-1;ZH-Tenor-1,20,1536,0.1722113514927891,0.9148277179940524,0.00010256752454350253,4440.760918956247,40945f8fb17afc62694d,0.05173390540872709,0.002080085102004081,,,,,
GTSinger_same_text_control,wavlm_l12,12,89,regularized_LDA,EN-Alto-2;EN-Tenor-1;FR-Soprano-1;IT-Bass-1;JA-Soprano-1;JA-Tenor-1;KO-Soprano-1;KO-Tenor-1;ZH-Alto-1;ZH-Tenor-1,20,1536,,,,,897d9edacbbca99cebe4,,,19,9,1.0,8,fixed_primary_k8
GTSinger_same_text_control,wavlm_l12,12,97,OAS,EN-Alto-1;EN-Alto-2;ES-Bass-1;FR-Soprano-1;IT-Bass-2;IT-Soprano-1;JA-Soprano-1;KO-Soprano-1;KO-Soprano-2;KO-Tenor-1,20,1536,0.18616399688828822,0.7782125946617221,9.431977021551533e-05,3798.531958823311,388349919adf6eb7b23d,0.053537109554493215,0.002475227255754442,,,,,
GTSinger_same_text_control,wavlm_l12,12,97,regularized_LDA,EN-Alto-1;EN-Alto-2;ES-Bass-1;FR-Soprano-1;IT-Bass-2;IT-Soprano-1;JA-Soprano-1;KO-Soprano-1;KO-Soprano-2;KO-Tenor-1,20,1536,,,,,4b83ca7d6df525a15a0a,,,19,9,1.0,8,fixed_primary_k8
GTSinger_same_text_control,wavlm_l12,12,101,OAS,DE-Soprano-1;DE-Tenor-1;EN-Alto-1;EN-Alto-2;FR-Soprano-1;IT-Bass-1;IT-Soprano-1;JA-Soprano-1;JA-Tenor-1;RU-Alto-1,20,1536,0.1710628543041045,0.8493485583682727,9.459113847236526e-05,4511.629442576642,fc89c419408e71ab360c,0.04672832161285785,0.00178005629762501,,,,,
GTSinger_same_text_control,wavlm_l12,12,101,regularized_LDA,DE-Soprano-1;DE-Tenor-1;EN-Alto-1;EN-Alto-2;FR-Soprano-1;IT-Bass-1;IT-Soprano-1;JA-Soprano-1;JA-Tenor-1;RU-Alto-1,20,1536,,,,,4ea026a6d49c2e0ff39d,,,19,9,1.0,8,fixed_primary_k8
GTSinger_same_text_control,wavlm_l12,12,103,OAS,DE-Soprano-1;EN-Alto-2;EN-Tenor-1;FR-Tenor-1;IT-Bass-1;IT-Bass-2;JA-Soprano-1;JA-Tenor-1;ZH-Alto-1;ZH-Tenor-1,20,1536,0.17391315511774483,1.0249604367758387,0.00011605084858759631,4337.262119177592,a723257caa51c19c0bc9,0.052917077877654074,0.0025644501444037626,,,,,
GTSinger_same_text_control,wavlm_l12,12,103,regularized_LDA,DE-Soprano-1;EN-Alto-2;EN-Tenor-1;FR-Tenor-1;IT-Bass-1;IT-Bass-2;JA-Soprano-1;JA-Tenor-1;ZH-Alto-1;ZH-Tenor-1,20,1536,,,,,1729f6549b26c1959d62,,,19,9,1.0,8,fixed_primary_k8
GTSinger_same_text_control,wavlm_l12,12,107,OAS,EN-Alto-1;EN-Tenor-1;ES-Soprano-1;FR-Soprano-1;IT-Bass-1;IT-Bass-2;IT-Soprano-1;KO-Soprano-2;RU-Alto-1;ZH-Tenor-1,20,1536,0.18981273008024982,0.7367769410705665,9.104794443019503e-05,3633.749808687613,0e5071f576597a886574,0.04766881930961303,0.0019770011031647883,,,,,
GTSinger_same_text_control,wavlm_l12,12,107,regularized_LDA,EN-Alto-1;EN-Tenor-1;ES-Soprano-1;FR-Soprano-1;IT-Bass-1;IT-Bass-2;IT-Soprano-1;KO-Soprano-2;RU-Alto-1;ZH-Tenor-1,20,1536,,,,,515793662d7d10df6737,,,19,9,1.0,8,fixed_primary_k8
GTSinger_same_text_control,wavlm_l12,12,109,OAS,DE-Soprano-1;DE-Tenor-1;EN-Alto-2;EN-Tenor-1;IT-Bass-1;IT-Bass-2;IT-Soprano-1;JA-Soprano-1;KO-Soprano-1;ZH-Tenor-1,20,1536,0.18706615592857695,0.9111122190114794,0.00011096240913413617,3763.8230544386447,1a238b633771d51ca2ef,0.059806149097007585,0.0032812348397239788,,,,,
GTSinger_same_text_control,wavlm_l12,12,109,regularized_LDA,DE-Soprano-1;DE-Tenor-1;EN-Alto-2;EN-Tenor-1;IT-Bass-1;IT-Bass-2;IT-Soprano-1;JA-Soprano-1;KO-Soprano-1;ZH-Tenor-1,20,1536,,,,,3ddaa0f64f728b08c25f,,,19,9,1.0,8,fixed_primary_k8
GTSinger_same_text_control,wavlm_l12,12,113,OAS,DE-Soprano-1;DE-Tenor-1;EN-Alto-2;ES-Soprano-1;FR-Soprano-1;IT-Bass-2;JA-Soprano-1;KO-Soprano-2;RU-Alto-1;ZH-Tenor-1,20,1536,0.18915784191544105,0.8033389768416294,9.893090311583405e-05,3686.0478147029667,dc03a22bcc6556525601,0.04747835835709541,0.0020310835729735466,,,,,
GTSinger_same_text_control,wavlm_l12,12,113,regularized_LDA,DE-Soprano-1;DE-Tenor-1;EN-Alto-2;ES-Soprano-1;FR-Soprano-1;IT-Bass-2;JA-Soprano-1;KO-Soprano-2;RU-Alto-1;ZH-Tenor-1,20,1536,,,,,b5c6aa36c50f2d66cf8b,,,19,9,1.0,8,fixed_primary_k8
GTSinger_same_text_control,wavlm_l12,12,127,OAS,DE-Tenor-1;EN-Alto-2;EN-Tenor-1;ES-Bass-1;ES-Soprano-1;FR-Soprano-1;FR-Tenor-1;KO-Soprano-2;ZH-Alto-1;ZH-Tenor-1,20,1536,0.17334264665562005,0.8159292056507621,9.208029166088593e-05,4378.353709766191,44e0d383d7418edde17e,0.045518188216277525,0.0016425955439135498,,,,,
GTSinger_same_text_control,wavlm_l12,12,127,regularized_LDA,DE-Tenor-1;EN-Alto-2;EN-Tenor-1;ES-Bass-1;ES-Soprano-1;FR-Soprano-1;FR-Tenor-1;KO-Soprano-2;ZH-Alto-1;ZH-Tenor-1,20,1536,,,,,7e2b06c29cdfc5221b9e,,,19,9,1.0,8,fixed_primary_k8
GTSinger_same_text_control,wavlm_l12,12,131,OAS,DE-Soprano-1;EN-Alto-1;EN-Alto-2;EN-Tenor-1;FR-Soprano-1;IT-Bass-1;IT-Soprano-1;KO-Soprano-2;RU-Alto-1;ZH-Tenor-1,20,1536,0.18480908860559989,0.6926487825045079,8.333840509012793e-05,3852.3812943058037,758ce6980fac1b9e953e,0.04745843366783108,0.001752023129466651,,,,,
GTSinger_same_text_control,wavlm_l12,12,131,regularized_LDA,DE-Soprano-1;EN-Alto-1;EN-Alto-2;EN-Tenor-1;FR-Soprano-1;IT-Bass-1;IT-Soprano-1;KO-Soprano-2;RU-Alto-1;ZH-Tenor-1,20,1536,,,,,98a9fa50d7905f44e763,,,19,9,1.0,8,fixed_primary_k8
GTSinger_same_text_control,wavlm_l12,12,137,OAS,DE-Tenor-1;EN-Alto-2;EN-Tenor-1;FR-Soprano-1;IT-Bass-1;IT-Bass-2;JA-Soprano-1;KO-Soprano-2;RU-Alto-1;ZH-Tenor-1,20,1536,0.19121457178640472,0.8778781073735828,0.00010928586353001241,3599.7574913064996,0c0453dffd6d10537d22,0.057407979604342664,0.002883562728422051,,,,,
GTSinger_same_text_control,wavlm_l12,12,137,regularized_LDA,DE-Tenor-1;EN-Alto-2;EN-Tenor-1;FR-Soprano-1;IT-Bass-1;IT-Bass-2;JA-Soprano-1;KO-Soprano-2;RU-Alto-1;ZH-Tenor-1,20,1536,,,,,df7127347b5208312754,,,19,9,1.0,8,fixed_primary_k8
GTSinger_same_text_control,wavlm_l12,12,139,OAS,DE-Soprano-1;DE-Tenor-1;EN-Alto-2;ES-Bass-1;FR-Tenor-1;IT-Bass-1;IT-Soprano-1;KO-Soprano-1;KO-Soprano-2;RU-Alto-1,20,1536,0.17658415885630138,0.7588225211559819,8.723700300751761e-05,4238.4046870517095,9ebe63c33cf95cc8749b,0.05313305004441397,0.0022011269930758415,,,,,
GTSinger_same_text_control,wavlm_l12,12,139,regularized_LDA,DE-Soprano-1;DE-Tenor-1;EN-Alto-2;ES-Bass-1;FR-Tenor-1;IT-Bass-1;IT-Soprano-1;KO-Soprano-1;KO-Soprano-2;RU-Alto-1,20,1536,,,,,ce508624e6bc953780ac,,,19,9,1.0,8,fixed_primary_k8
GTSinger_same_text_control,wavlm_l12,12,149,OAS,DE-Soprano-1;DE-Tenor-1;EN-Tenor-1;ES-Bass-1;FR-Soprano-1;IT-Bass-2;KO-Soprano-1;KO-Soprano-2;KO-Tenor-1;ZH-Tenor-1,20,1536,0.1800639296066987,0.807480336339701,9.466020992282898e-05,4070.169400784152,895ab96dfa1fc103aa0e,0.04736064983859148,0.0018732826471564712,,,,,
GTSinger_same_text_control,wavlm_l12,12,149,regularized_LDA,DE-Soprano-1;DE-Tenor-1;EN-Tenor-1;ES-Bass-1;FR-Soprano-1;IT-Bass-2;KO-Soprano-1;KO-Soprano-2;KO-Tenor-1;ZH-Tenor-1,20,1536,,,,,9c79ecb63cd27a044a59,,,19,9,1.0,8,fixed_primary_k8
GTSinger_same_text_control,wavlm_l12,12,151,OAS,DE-Tenor-1;EN-Alto-1;EN-Alto-2;ES-Soprano-1;FR-Tenor-1;IT-Soprano-1;KO-Soprano-1;KO-Tenor-1;RU-Alto-1;ZH-Alto-1,20,1536,0.18187556343024477,0.7656988159641193,9.066530180426139e-05,3992.0311983138204,5cab903216a1b4600f4a,0.05359373295687233,0.0020380884690930356,,,,,
GTSinger_same_text_control,wavlm_l12,12,151,regularized_LDA,DE-Tenor-1;EN-Alto-1;EN-Alto-2;ES-Soprano-1;FR-Tenor-1;IT-Soprano-1;KO-Soprano-1;KO-Tenor-1;RU-Alto-1;ZH-Alto-1,20,1536,,,,,bb192d111d16c7ff0998,,,19,9,1.0,8,fixed_primary_k8
GTSinger_same_text_control,wavlm_l12,12,157,OAS,DE-Soprano-1;DE-Tenor-1;EN-Alto-1;EN-Alto-2;EN-Tenor-1;ES-Bass-1;JA-Soprano-1;KO-Tenor-1;ZH-Alto-1;ZH-Tenor-1,20,1536,0.16956752978669512,0.802098563866006,8.854809382826455e-05,4558.27691550119,4df29e4606f5978a412c,0.03980938625040793,0.00121163234463606,,,,,
GTSinger_same_text_control,wavlm_l12,12,157,regularized_LDA,DE-Soprano-1;DE-Tenor-1;EN-Alto-1;EN-Alto-2;EN-Tenor-1;ES-Bass-1;JA-Soprano-1;KO-Tenor-1;ZH-Alto-1;ZH-Tenor-1,20,1536,,,,,60057045b96a0d980c0e,,,19,9,1.0,8,fixed_primary_k8
GTSinger_same_text_control,wavlm_l12,12,163,OAS,EN-Alto-1;ES-Bass-1;ES-Soprano-1;FR-Tenor-1;IT-Bass-1;IT-Bass-2;JA-Soprano-1;JA-Tenor-1;KO-Soprano-1;ZH-Alto-1,20,1536,0.17691493427464292,0.9467335652114549,0.00010904381931313991,4200.785949957913,b9f2394c7eceaa2555db,0.06765247896499708,0.004154105576400169,,,,,
GTSinger_same_text_control,wavlm_l12,12,163,regularized_LDA,EN-Alto-1;ES-Bass-1;ES-Soprano-1;FR-Tenor-1;IT-Bass-1;IT-Bass-2;JA-Soprano-1;JA-Tenor-1;KO-Soprano-1;ZH-Alto-1,20,1536,,,,,cc90a34ec15957779c47,,,19,9,1.0,8,fixed_primary_k8
GTSinger_same_text_control,wavlm_l12,12,167,OAS,DE-Tenor-1;EN-Alto-2;EN-Tenor-1;ES-Soprano-1;IT-Bass-2;IT-Soprano-1;KO-Soprano-2;RU-Alto-1;ZH-Alto-1;ZH-Tenor-1,20,1536,0.18368947732299223,0.8054147774737159,9.63191533218496e-05,3902.380173689833,808c9e59d55eed3a086d,0.04882205721584819,0.001975426973661265,,,,,
GTSinger_same_text_control,wavlm_l12,12,167,regularized_LDA,DE-Tenor-1;EN-Alto-2;EN-Tenor-1;ES-Soprano-1;IT-Bass-2;IT-Soprano-1;KO-Soprano-2;RU-Alto-1;ZH-Alto-1;ZH-Tenor-1,20,1536,,,,,2f16d6182ba4a5341c19,,,19,9,1.0,8,fixed_primary_k8
GTSinger_same_text_control,wavlm_l12,12,173,OAS,DE-Soprano-1;DE-Tenor-1;EN-Alto-1;EN-Alto-2;ES-Soprano-1;FR-Soprano-1;FR-Tenor-1;IT-Bass-1;IT-Bass-2;JA-Tenor-1,20,1536,0.16779237339800135,0.9299855202761186,0.00010159145681829756,4674.592342946689,3b680623e024946c02f3,0.04994557683993543,0.002154610864674167,,,,,
GTSinger_same_text_control,wavlm_l12,12,173,regularized_LDA,DE-Soprano-1;DE-Tenor-1;EN-Alto-1;EN-Alto-2;ES-Soprano-1;FR-Soprano-1;FR-Tenor-1;IT-Bass-1;IT-Bass-2;JA-Tenor-1,20,1536,,,,,0bd398e1810d8d312650,,,19,9,1.0,8,fixed_primary_k8
GTSinger_same_text_control,wavlm_l12,12,179,OAS,DE-Soprano-1;EN-Alto-1;EN-Alto-2;EN-Tenor-1;IT-Bass-1;JA-Soprano-1;JA-Tenor-1;KO-Soprano-1;KO-Tenor-1;ZH-Tenor-1,20,1536,0.16893902237608213,0.8855814288569,9.740186251660066e-05,4615.9735609116915,b6932fafd05ee20fff60,0.05182092050550219,0.0022195190932280395,,,,,
GTSinger_same_text_control,wavlm_l12,12,179,regularized_LDA,DE-Soprano-1;EN-Alto-1;EN-Alto-2;EN-Tenor-1;IT-Bass-1;JA-Soprano-1;JA-Tenor-1;KO-Soprano-1;KO-Tenor-1;ZH-Tenor-1,20,1536,,,,,7ea866fa3603217f9fec,,,19,9,1.0,8,fixed_primary_k8
GTSinger_same_text_control,wavlm_l12,12,181,OAS,DE-Soprano-1;EN-Alto-1;ES-Bass-1;FR-Soprano-1;IT-Bass-2;IT-Soprano-1;JA-Soprano-1;JA-Tenor-1;KO-Soprano-1;ZH-Alto-1,20,1536,0.1788661813370801,0.8895819623119753,0.00010359122954758419,4132.886570503869,1f47bf38db5e43baacb5,0.0554408075801612,0.002834762222066023,,,,,
GTSinger_same_text_control,wavlm_l12,12,181,regularized_LDA,DE-Soprano-1;EN-Alto-1;ES-Bass-1;FR-Soprano-1;IT-Bass-2;IT-Soprano-1;JA-Soprano-1;JA-Tenor-1;KO-Soprano-1;ZH-Alto-1,20,1536,,,,,c7be0d810ab42b16a61c,,,19,9,1.0,8,fixed_primary_k8
GTSinger_same_text_control,wavlm_l12,12,191,OAS,DE-Tenor-1;EN-Tenor-1;ES-Bass-1;ES-Soprano-1;FR-Soprano-1;FR-Tenor-1;IT-Bass-1;JA-Soprano-1;ZH-Alto-1;ZH-Tenor-1,20,1536,0.1778495510833165,0.8694495027703124,0.00010067135661283385,4151.791658877473,2f1206348f8acc24be17,0.05258275171932111,0.0020578776711798197,,,,,
GTSinger_same_text_control,wavlm_l12,12,191,regularized_LDA,DE-Tenor-1;EN-Tenor-1;ES-Bass-1;ES-Soprano-1;FR-Soprano-1;FR-Tenor-1;IT-Bass-1;JA-Soprano-1;ZH-Alto-1;ZH-Tenor-1,20,1536,,,,,f269cbd7623c543133a6,,,19,9,1.0,8,fixed_primary_k8
GTSinger_same_text_control,wavlm_l12,12,193,OAS,EN-Alto-1;EN-Tenor-1;ES-Bass-1;ES-Soprano-1;FR-Soprano-1;IT-Soprano-1;JA-Tenor-1;KO-Soprano-2;RU-Alto-1;ZH-Tenor-1,20,1536,0.1620540046399187,0.7403097456794678,7.810557224044109e-05,5029.221424233201,952a8dd5efb5713ae7bd,0.03678121147379051,0.0010863264164672204,,,,,
GTSinger_same_text_control,wavlm_l12,12,193,regularized_LDA,EN-Alto-1;EN-Tenor-1;ES-Bass-1;ES-Soprano-1;FR-Soprano-1;IT-Soprano-1;JA-Tenor-1;KO-Soprano-2;RU-Alto-1;ZH-Tenor-1,20,1536,,,,,e7213e9140ea2f180f86,,,19,9,1.0,8,fixed_primary_k8
GTSinger_same_text_control,wavlm_l12,12,197,OAS,DE-Soprano-1;DE-Tenor-1;EN-Alto-1;ES-Bass-1;ES-Soprano-1;FR-Soprano-1;IT-Bass-2;KO-Tenor-1;RU-Alto-1;ZH-Tenor-1,20,1536,0.1863101984455133,0.7282536139398272,8.833403341913505e-05,3804.4246080974126,da916abe89421fde426c,0.04838821247785174,0.0018810076528462671,,,,,
GTSinger_same_text_control,wavlm_l12,12,197,regularized_LDA,DE-Soprano-1;DE-Tenor-1;EN-Alto-1;ES-Bass-1;ES-Soprano-1;FR-Soprano-1;IT-Bass-2;KO-Tenor-1;RU-Alto-1;ZH-Tenor-1,20,1536,,,,,0f1505eb82ef084dd2a6,,,19,9,1.0,8,fixed_primary_k8
GTSinger_same_text_control,wavlm_l12,12,199,OAS,DE-Soprano-1;EN-Alto-2;EN-Tenor-1;ES-Bass-1;ES-Soprano-1;FR-Tenor-1;IT-Bass-1;KO-Soprano-1;RU-Alto-1;ZH-Tenor-1,20,1536,0.18092184473181852,0.7706952991248341,9.077839534101931e-05,4029.0202080484296,178fd1599b31e3c515a5,0.05913641346181311,0.002510077309618941,,,,,
GTSinger_same_text_control,wavlm_l12,12,199,regularized_LDA,DE-Soprano-1;EN-Alto-2;EN-Tenor-1;ES-Bass-1;ES-Soprano-1;FR-Tenor-1;IT-Bass-1;KO-Soprano-1;RU-Alto-1;ZH-Tenor-1,20,1536,,,,,24c5e927a63fe1bfe2a5,,,19,9,1.0,8,fixed_primary_k8
GTSinger_same_text_control,wavlm_l12,12,211,OAS,DE-Soprano-1;EN-Alto-1;EN-Alto-2;ES-Bass-1;FR-Soprano-1;JA-Tenor-1;KO-Soprano-2;KO-Tenor-1;RU-Alto-1;ZH-Alto-1,20,1536,0.16630186518376291,0.7513837334917014,8.135189866432902e-05,4763.76328560666,9a81c797759adf243136,0.04190804263674376,0.0012964784652105266,,,,,
GTSinger_same_text_control,wavlm_l12,12,211,regularized_LDA,DE-Soprano-1;EN-Alto-1;EN-Alto-2;ES-Bass-1;FR-Soprano-1;JA-Tenor-1;KO-Soprano-2;KO-Tenor-1;RU-Alto-1;ZH-Alto-1,20,1536,,,,,5f6c336ba243288933b2,,,19,9,1.0,8,fixed_primary_k8
GTSinger_same_text_control,wavlm_l12,12,223,OAS,DE-Soprano-1;EN-Alto-2;EN-Tenor-1;ES-Soprano-1;IT-Bass-2;IT-Soprano-1;JA-Tenor-1;KO-Soprano-2;KO-Tenor-1;ZH-Alto-1,20,1536,0.16526492057488776,0.8846621293198746,9.51846461833725e-05,4830.451948307469,cde13a2a28f6223d7702,0.04792617646512935,0.0020772308841569,,,,,
GTSinger_same_text_control,wavlm_l12,12,223,regularized_LDA,DE-Soprano-1;EN-Alto-2;EN-Tenor-1;ES-Soprano-1;IT-Bass-2;IT-Soprano-1;JA-Tenor-1;KO-Soprano-2;KO-Tenor-1;ZH-Alto-1,20,1536,,,,,b1703d3bbe29d8479313,,,19,9,1.0,8,fixed_primary_k8
GTSinger_same_text_control,wavlm_l12,12,227,OAS,DE-Soprano-1;EN-Tenor-1;ES-Bass-1;FR-Soprano-1;FR-Tenor-1;IT-Bass-1;JA-Tenor-1;KO-Soprano-1;KO-Soprano-2;KO-Tenor-1,20,1536,0.1574399985603191,0.8485424271746645,8.697559799007086e-05,5322.850977349636,21ce3177a62dc3e6106c,0.043883465433349485,0.0015385338557190043,,,,,
GTSinger_same_text_control,wavlm_l12,12,227,regularized_LDA,DE-Soprano-1;EN-Tenor-1;ES-Bass-1;FR-Soprano-1;FR-Tenor-1;IT-Bass-1;JA-Tenor-1;KO-Soprano-1;KO-Soprano-2;KO-Tenor-1,20,1536,,,,,112c0cbbf1309f8f726a,,,19,9,1.0,8,fixed_primary_k8
GTSinger_same_text_control,wavlm_l12,12,229,OAS,DE-Tenor-1;ES-Bass-1;ES-Soprano-1;FR-Soprano-1;IT-Bass-1;IT-Bass-2;IT-Soprano-1;KO-Tenor-1;RU-Alto-1;ZH-Alto-1,20,1536,0.1779883962671597,0.7541651061549273,8.739104021169777e-05,4157.9007795050375,d2b15932a71c2fb0ecef,0.04768127673777249,0.0018801884918507872,,,,,
GTSinger_same_text_control,wavlm_l12,12,229,regularized_LDA,DE-Tenor-1;ES-Bass-1;ES-Soprano-1;FR-Soprano-1;IT-Bass-1;IT-Bass-2;IT-Soprano-1;KO-Tenor-1;RU-Alto-1;ZH-Alto-1,20,1536,,,,,58c64440920444aa95fc,,,19,9,1.0,8,fixed_primary_k8
GTSinger_same_text_control,wavlm_l12,12,233,OAS,DE-Soprano-1;DE-Tenor-1;EN-Alto-1;EN-Tenor-1;FR-Soprano-1;FR-Tenor-1;IT-Bass-1;IT-Bass-2;KO-Soprano-2;ZH-Tenor-1,20,1536,0.17989357951823293,0.8512753093916947,9.969984541794478e-05,4059.0110010025055,cd6286cd7379614be079,0.05133887288266984,0.0022868452376956228,,,,,
GTSinger_same_text_control,wavlm_l12,12,233,regularized_LDA,DE-Soprano-1;DE-Tenor-1;EN-Alto-1;EN-Tenor-1;FR-Soprano-1;FR-Tenor-1;IT-Bass-1;IT-Bass-2;KO-Soprano-2;ZH-Tenor-1,20,1536,,,,,0140a2ed8d0861833398,,,19,9,1.0,8,fixed_primary_k8
GTSinger_same_text_control,wavlm_l12,12,239,OAS,DE-Tenor-1;EN-Tenor-1;FR-Soprano-1;FR-Tenor-1;IT-Bass-1;IT-Bass-2;IT-Soprano-1;KO-Soprano-1;KO-Soprano-2;ZH-Tenor-1,20,1536,0.18202772423709887,0.8682357766653417,0.00010289256674975402,3967.5785802122655,9c0aeac96eaddcd01d97,0.052199142769365825,0.00230412304166161,,,,,
GTSinger_same_text_control,wavlm_l12,12,239,regularized_LDA,DE-Tenor-1;EN-Tenor-1;FR-Soprano-1;FR-Tenor-1;IT-Bass-1;IT-Bass-2;IT-Soprano-1;KO-Soprano-1;KO-Soprano-2;ZH-Tenor-1,20,1536,,,,,b17f59c93dfea2a6e034,,,19,9,1.0,8,fixed_primary_k8
GTSinger_same_text_control,wavlm_l12,12,241,OAS,DE-Soprano-1;EN-Alto-1;FR-Tenor-1;IT-Bass-1;IT-Soprano-1;JA-Soprano-1;JA-Tenor-1;KO-Soprano-1;KO-Soprano-2;KO-Tenor-1,20,1536,0.16577511599790784,0.8624043950209372,9.307629467558686e-05,4806.747258636732,77ff78470f5c24430674,0.050374091988854876,0.001989136205822861,,,,,
GTSinger_same_text_control,wavlm_l12,12,241,regularized_LDA,DE-Soprano-1;EN-Alto-1;FR-Tenor-1;IT-Bass-1;IT-Soprano-1;JA-Soprano-1;JA-Tenor-1;KO-Soprano-1;KO-Soprano-2;KO-Tenor-1,20,1536,,,,,924fa975f3b5acad2d6d,,,19,9,1.0,8,fixed_primary_k8
GTSinger_same_text_control,wavlm_l12,12,251,OAS,DE-Soprano-1;EN-Tenor-1;FR-Tenor-1;IT-Bass-1;IT-Soprano-1;JA-Tenor-1;KO-Soprano-2;KO-Tenor-1;ZH-Alto-1;ZH-Tenor-1,20,1536,0.1587651364817363,0.8589944587015964,8.878800291198836e-05,5225.063311304912,2465a38b0fefc25ccf45,0.044595774178947015,0.0014935820724770732,,,,,
GTSinger_same_text_control,wavlm_l12,12,251,regularized_LDA,DE-Soprano-1;EN-Tenor-1;FR-Tenor-1;IT-Bass-1;IT-Soprano-1;JA-Tenor-1;KO-Soprano-2;KO-Tenor-1;ZH-Alto-1;ZH-Tenor-1,20,1536,,,,,41be894a0707ca8a3937,,,19,9,1.0,8,fixed_primary_k8
GTSinger_same_text_control,wavlm_l12,12,257,OAS,DE-Soprano-1;EN-Alto-2;ES-Bass-1;FR-Soprano-1;FR-Tenor-1;JA-Tenor-1;KO-Soprano-2;KO-Tenor-1;RU-Alto-1;ZH-Tenor-1,20,1536,0.1656489045382498,0.8255993222044484,8.90362130928961e-05,4816.148067957716,0dabe76775bc0ee316cb,0.04567257216833025,0.001645709452623989,,,,,
GTSinger_same_text_control,wavlm_l12,12,257,regularized_LDA,DE-Soprano-1;EN-Alto-2;ES-Bass-1;FR-Soprano-1;FR-Tenor-1;JA-Tenor-1;KO-Soprano-2;KO-Tenor-1;RU-Alto-1;ZH-Tenor-1,20,1536,,,,,055c9d0acc2a6f90a98a,,,19,9,1.0,8,fixed_primary_k8
GTSinger_same_text_control,hubert_l6,6,13,OAS,DE-Soprano-1;DE-Tenor-1;EN-Alto-2;EN-Tenor-1;ES-Bass-1;ES-Soprano-1;IT-Bass-2;JA-Tenor-1;KO-Soprano-2;RU-Alto-1,20,1536,0.17824914677097967,1.9701820504446657,0.00022863494106462298,4157.4333056107125,a09aeb92a67cc6f3ec99,0.03966998487564526,0.0015335848074025105,,,,,
GTSinger_same_text_control,hubert_l6,6,13,regularized_LDA,DE-Soprano-1;DE-Tenor-1;EN-Alto-2;EN-Tenor-1;ES-Bass-1;ES-Soprano-1;IT-Bass-2;JA-Tenor-1;KO-Soprano-2;RU-Alto-1,20,1536,,,,,bf052615aa126470b4d1,,,19,9,1.0,8,fixed_primary_k8
GTSinger_same_text_control,hubert_l6,6,17,OAS,EN-Alto-2;EN-Tenor-1;ES-Bass-1;ES-Soprano-1;FR-Tenor-1;IT-Bass-1;JA-Soprano-1;KO-Soprano-1;KO-Tenor-1;RU-Alto-1,20,1536,0.1824344349627293,1.7287018099951894,0.00020532209500359364,3947.412030174919,abb998659a529bfa0ce4,0.04659823724730895,0.001567546058659386,,,,,
GTSinger_same_text_control,hubert_l6,6,17,regularized_LDA,EN-Alto-2;EN-Tenor-1;ES-Bass-1;ES-Soprano-1;FR-Tenor-1;IT-Bass-1;JA-Soprano-1;KO-Soprano-1;KO-Tenor-1;RU-Alto-1,20,1536,,,,,2e56655d920fb65871db,,,19,9,1.0,8,fixed_primary_k8
GTSinger_same_text_control,hubert_l6,6,19,OAS,DE-Tenor-1;EN-Alto-1;EN-Tenor-1;ES-Bass-1;FR-Tenor-1;IT-Bass-1;JA-Soprano-1;KO-Soprano-1;KO-Tenor-1;ZH-Alto-1,20,1536,0.18619662821427813,1.873775972109789,0.00022714242710662367,3795.2427039387376,2ce1351d85c0427d1628,0.04372884849984342,0.001433036201502147,,,,,
GTSinger_same_text_control,hubert_l6,6,19,regularized_LDA,DE-Tenor-1;EN-Alto-1;EN-Tenor-1;ES-Bass-1;FR-Tenor-1;IT-Bass-1;JA-Soprano-1;KO-Soprano-1;KO-Tenor-1;ZH-Alto-1,20,1536,,,,,190fbbf9a675559a4976,,,19,9,1.0,8,fixed_primary_k8
GTSinger_same_text_control,hubert_l6,6,23,OAS,DE-Tenor-1;EN-Alto-2;ES-Bass-1;FR-Soprano-1;IT-Soprano-1;JA-Soprano-1;JA-Tenor-1;KO-Soprano-1;ZH-Alto-1;ZH-Tenor-1,20,1536,0.1804070034095044,1.9684697858368625,0.00023120165062824044,4061.754225154873,16b767ec53f772b43984,0.04191014094844189,0.0011904411611695087,,,,,
GTSinger_same_text_control,hubert_l6,6,23,regularized_LDA,DE-Tenor-1;EN-Alto-2;ES-Bass-1;FR-Soprano-1;IT-Soprano-1;JA-Soprano-1;JA-Tenor-1;KO-Soprano-1;ZH-Alto-1;ZH-Tenor-1,20,1536,,,,,3636e4a069f0e11dbd33,,,19,9,1.0,8,fixed_primary_k8
GTSinger_same_text_control,hubert_l6,6,29,OAS,DE-Soprano-1;DE-Tenor-1;EN-Alto-2;EN-Tenor-1;ES-Bass-1;FR-Soprano-1;FR-Tenor-1;IT-Soprano-1;KO-Soprano-1;KO-Tenor-1,20,1536,0.17082167171721313,1.7338721494583538,0.00019282743431926666,4526.883169246459,5462c2de97712081087c,0.03790544613908453,0.0011316055008264714,,,,,
GTSinger_same_text_control,hubert_l6,6,29,regularized_LDA,DE-Soprano-1;DE-Tenor-1;EN-Alto-2;EN-Tenor-1;ES-Bass-1;FR-Soprano-1;FR-Tenor-1;IT-Soprano-1;KO-Soprano-1;KO-Tenor-1,20,1536,,,,,0f40f6d19a341bad3ec9,,,19,9,1.0,8,fixed_primary_k8
GTSinger_same_text_control,hubert_l6,6,31,OAS,DE-Soprano-1;EN-Alto-1;EN-Tenor-1;ES-Soprano-1;FR-Soprano-1;IT-Soprano-1;KO-Soprano-2;KO-Tenor-1;RU-Alto-1;ZH-Tenor-1,20,1536,0.17599084163457382,1.5390196007608632,0.0001763368195507878,4266.823788435494,a6a529778343bcd31eda,0.032782377606664484,0.0008573711629293879,,,,,
GTSinger_same_text_control,hubert_l6,6,31,regularized_LDA,DE-Soprano-1;EN-Alto-1;EN-Tenor-1;ES-Soprano-1;FR-Soprano-1;IT-Soprano-1;KO-Soprano-2;KO-Tenor-1;RU-Alto-1;ZH-Tenor-1,20,1536,,,,,81b573b4bcccf5584f21,,,19,9,1.0,8,fixed_primary_k8
GTSinger_same_text_control,hubert_l6,6,37,OAS,DE-Soprano-1;DE-Tenor-1;EN-Alto-2;FR-Soprano-1;FR-Tenor-1;IT-Bass-2;KO-Soprano-1;KO-Tenor-1;RU-Alto-1;ZH-Alto-1,20,1536,0.19079320038209888,1.8889104115613242,0.00023462972829222173,3605.728761796305,0f59b11f82f200a041fa,0.043642936645657826,0.0018549073628916224,,,,,
GTSinger_same_text_control,hubert_l6,6,37,regularized_LDA,DE-Soprano-1;DE-Tenor-1;EN-Alto-2;FR-Soprano-1;FR-Tenor-1;IT-Bass-2;KO-Soprano-1;KO-Tenor-1;RU-Alto-1;ZH-Alto-1,20,1536,,,,,038f9c45bc152b9ce34f,,,19,9,1.0,8,fixed_primary_k8
GTSinger_same_text_control,hubert_l6,6,41,OAS,DE-Soprano-1;DE-Tenor-1;EN-Alto-1;ES-Bass-1;FR-Tenor-1;IT-Bass-1;IT-Soprano-1;JA-Soprano-1;KO-Soprano-2;ZH-Tenor-1,20,1536,0.18757092741809708,1.747974915170837,0.00021345655985817937,3752.5200550675713,fb125e6cca24903471d6,0.04608882493313292,0.0015066637683989192,,,,,
GTSinger_same_text_control,hubert_l6,6,41,regularized_LDA,DE-Soprano-1;DE-Tenor-1;EN-Alto-1;ES-Bass-1;FR-Tenor-1;IT-Bass-1;IT-Soprano-1;JA-Soprano-1;KO-Soprano-2;ZH-Tenor-1,20,1536,,,,,4dd4f3c40a98a663769b,,,19,9,1.0,8,fixed_primary_k8
GTSinger_same_text_control,hubert_l6,6,43,OAS,EN-Alto-1;ES-Soprano-1;FR-Soprano-1;FR-Tenor-1;IT-Bass-2;JA-Soprano-1;JA-Tenor-1;RU-Alto-1;ZH-Alto-1;ZH-Tenor-1,20,1536,0.18903349056105515,2.0888669365639396,0.00025707409396891906,3683.9241338693078,54d32da5e5784cea502b,0.05098005229477145,0.0023109887692021047,,,,,
GTSinger_same_text_control,hubert_l6,6,43,regularized_LDA,EN-Alto-1;ES-Soprano-1;FR-Soprano-1;FR-Tenor-1;IT-Bass-2;JA-Soprano-1;JA-Tenor-1;RU-Alto-1;ZH-Alto-1;ZH-Tenor-1,20,1536,,,,,5a34bab45a7d7ed23368,,,19,9,1.0,8,fixed_primary_k8
GTSinger_same_text_control,hubert_l6,6,47,OAS,DE-Soprano-1;EN-Alto-1;EN-Alto-2;ES-Bass-1;ES-Soprano-1;FR-Tenor-1;JA-Soprano-1;RU-Alto-1;ZH-Alto-1;ZH-Tenor-1,20,1536,0.18302603909751863,1.660647796681974,0.00019787876859552288,3915.5204147929276,62ee83b55de98341d795,0.03980498342570739,0.0011613277509862074,,,,,
GTSinger_same_text_control,hubert_l6,6,47,regularized_LDA,DE-Soprano-1;EN-Alto-1;EN-Alto-2;ES-Bass-1;ES-Soprano-1;FR-Tenor-1;JA-Soprano-1;RU-Alto-1;ZH-Alto-1;ZH-Tenor-1,20,1536,,,,,146d67a7ed3149597832,,,19,9,1.0,8,fixed_primary_k8
GTSinger_same_text_control,hubert_l6,6,53,OAS,DE-Soprano-1;EN-Alto-2;EN-Tenor-1;FR-Soprano-1;IT-Bass-1;IT-Bass-2;JA-Soprano-1;KO-Soprano-2;KO-Tenor-1;ZH-Tenor-1,20,1536,0.19617177498028834,1.9150831099460233,0.0002445867531984909,3411.7586627114706,a3be2b2db422f9c7bbe9,0.04900006384007456,0.002159308512189484,,,,,
GTSinger_same_text_control,hubert_l6,6,53,regularized_LDA,DE-Soprano-1;EN-Alto-2;EN-Tenor-1;FR-Soprano-1;IT-Bass-1;IT-Bass-2;JA-Soprano-1;KO-Soprano-2;KO-Tenor-1;ZH-Tenor-1,20,1536,,,,,bae29d839a66e3ebdeaa,,,19,9,1.0,8,fixed_primary_k8
GTSinger_same_text_control,hubert_l6,6,59,OAS,EN-Alto-1;EN-Tenor-1;ES-Bass-1;ES-Soprano-1;IT-Bass-1;IT-Bass-2;IT-Soprano-1;JA-Soprano-1;KO-Tenor-1;ZH-Tenor-1,20,1536,0.1995588985536803,1.8263458151759988,0.00023728096305640996,3304.018962763321,cc87baec93b671c201cf,0.0515438736715896,0.0023854842581845226,,,,,
GTSinger_same_text_control,hubert_l6,6,59,regularized_LDA,EN-Alto-1;EN-Tenor-1;ES-Bass-1;ES-Soprano-1;IT-Bass-1;IT-Bass-2;IT-Soprano-1;JA-Soprano-1;KO-Tenor-1;ZH-Tenor-1,20,1536,,,,,08f139d46848ffc55d6e,,,19,9,1.0,8,fixed_primary_k8
GTSinger_same_text_control,hubert_l6,6,61,OAS,EN-Alto-1;EN-Alto-2;FR-Soprano-1;IT-Bass-1;IT-Bass-2;IT-Soprano-1;JA-Soprano-1;RU-Alto-1;ZH-Alto-1;ZH-Tenor-1,20,1536,0.20852353730097978,1.8281346591877505,0.0002481830115861659,3000.2963581461536,b16fb63b23bab7493a9a,0.04990226268725853,0.0023114743632037804,,,,,
GTSinger_same_text_control,hubert_l6,6,61,regularized_LDA,EN-Alto-1;EN-Alto-2;FR-Soprano-1;IT-Bass-1;IT-Bass-2;IT-Soprano-1;JA-Soprano-1;RU-Alto-1;ZH-Alto-1;ZH-Tenor-1,20,1536,,,,,155e829391ba8f575288,,,19,9,1.0,8,fixed_primary_k8
GTSinger_same_text_control,hubert_l6,6,67,OAS,EN-Alto-1;EN-Alto-2;ES-Bass-1;ES-Soprano-1;FR-Soprano-1;IT-Bass-2;JA-Soprano-1;JA-Tenor-1;ZH-Alto-1;ZH-Tenor-1,20,1536,0.18990871076514398,2.019281729176935,0.00024966093089817866,3656.0792389159005,4a1be809f9e4f87f34bf,0.04698403355138543,0.001840233015967141,,,,,
GTSinger_same_text_control,hubert_l6,6,67,regularized_LDA,EN-Alto-1;EN-Alto-2;ES-Bass-1;ES-Soprano-1;FR-Soprano-1;IT-Bass-2;JA-Soprano-1;JA-Tenor-1;ZH-Alto-1;ZH-Tenor-1,20,1536,,,,,b5e7f6f822d8b94c43cb,,,19,9,1.0,8,fixed_primary_k8
GTSinger_same_text_control,hubert_l6,6,71,OAS,DE-Tenor-1;EN-Alto-1;ES-Bass-1;FR-Soprano-1;FR-Tenor-1;IT-Bass-1;IT-Bass-2;JA-Soprano-1;KO-Soprano-2;ZH-Tenor-1,20,1536,0.20495871436960045,1.9291528239629732,0.00025741971524865565,3123.2946500489343,8a3c5f6da0918c5b851c,0.05514316983351353,0.0027015548419384583,,,,,
GTSinger_same_text_control,hubert_l6,6,71,regularized_LDA,DE-Tenor-1;EN-Alto-1;ES-Bass-1;FR-Soprano-1;FR-Tenor-1;IT-Bass-1;IT-Bass-2;JA-Soprano-1;KO-Soprano-2;ZH-Tenor-1,20,1536,,,,,885ef8315b3e73111e42,,,19,9,1.0,8,fixed_primary_k8
GTSinger_same_text_control,hubert_l6,6,73,OAS,DE-Soprano-1;EN-Alto-1;EN-Tenor-1;ES-Bass-1;FR-Soprano-1;KO-Soprano-1;KO-Soprano-2;KO-Tenor-1;RU-Alto-1;ZH-Alto-1,20,1536,0.17813086194563657,1.564456470723818,0.00018143097630629053,4178.410773877306,122ae364bcee7d653c7a,0.03647866210910279,0.000938978331804452,,,,,
GTSinger_same_text_control,hubert_l6,6,73,regularized_LDA,DE-Soprano-1;EN-Alto-1;EN-Tenor-1;ES-Bass-1;FR-Soprano-1;KO-Soprano-1;KO-Soprano-2;KO-Tenor-1;RU-Alto-1;ZH-Alto-1,20,1536,,,,,9fe98b6ecbd6f8db0101,,,19,9,1.0,8,fixed_primary_k8
GTSinger_same_text_control,hubert_l6,6,79,OAS,DE-Soprano-1;DE-Tenor-1;EN-Tenor-1;FR-Soprano-1;FR-Tenor-1;IT-Soprano-1;JA-Tenor-1;KO-Soprano-1;KO-Soprano-2;ZH-Tenor-1,20,1536,0.16736735260849894,1.9950322392361406,0.00021738493766247289,4710.589627231915,8adb72ef001e3b8a4e5d,0.040316845672504466,0.0010845850816699754,,,,,
GTSinger_same_text_control,hubert_l6,6,79,regularized_LDA,DE-Soprano-1;DE-Tenor-1;EN-Tenor-1;FR-Soprano-1;FR-Tenor-1;IT-Soprano-1;JA-Tenor-1;KO-Soprano-1;KO-Soprano-2;ZH-Tenor-1,20,1536,,,,,a0c1c48cda903ef1c97b,,,19,9,1.0,8,fixed_primary_k8
GTSinger_same_text_control,hubert_l6,6,83,OAS,DE-Tenor-1;EN-Alto-1;EN-Tenor-1;ES-Soprano-1;FR-Soprano-1;FR-Tenor-1;IT-Bass-1;IT-Bass-2;JA-Tenor-1;KO-Soprano-1,20,1536,0.1824104035029432,2.089065466086952,0.00024809067357616215,3949.1569779617043,d4b215078d9428ed32e8,0.04682374694282286,0.0019157329541928947,,,,,
GTSinger_same_text_control,hubert_l6,6,83,regularized_LDA,DE-Tenor-1;EN-Alto-1;EN-Tenor-1;ES-Soprano-1;FR-Soprano-1;FR-Tenor-1;IT-Bass-1;IT-Bass-2;JA-Tenor-1;KO-Soprano-1,20,1536,,,,,ef5a2c2e5173f98e9046,,,19,9,1.0,8,fixed_primary_k8
GTSinger_same_text_control,hubert_l6,6,89,OAS,EN-Alto-2;EN-Tenor-1;FR-Soprano-1;IT-Bass-1;JA-Soprano-1;JA-Tenor-1;KO-Soprano-1;KO-Tenor-1;ZH-Alto-1;ZH-Tenor-1,20,1536,0.17681566681470984,2.030644086781874,0.00023375630746594043,4210.536993976349,c6fe0c3e8a723764695d,0.044970760935900356,0.0014700580676977326,,,,,
GTSinger_same_text_control,hubert_l6,6,89,regularized_LDA,EN-Alto-2;EN-Tenor-1;FR-Soprano-1;IT-Bass-1;JA-Soprano-1;JA-Tenor-1;KO-Soprano-1;KO-Tenor-1;ZH-Alto-1;ZH-Tenor-1,20,1536,,,,,731ac05972a5648aaf54,,,19,9,1.0,8,fixed_primary_k8
GTSinger_same_text_control,hubert_l6,6,97,OAS,EN-Alto-1;EN-Alto-2;ES-Bass-1;FR-Soprano-1;IT-Bass-2;IT-Soprano-1;JA-Soprano-1;KO-Soprano-1;KO-Soprano-2;KO-Tenor-1,20,1536,0.20330279669802312,1.6848329981923917,0.00022300212272241446,3182.5312183017113,824acf65247722586c47,0.05019132641321429,0.0021534654639601136,,,,,
GTSinger_same_text_control,hubert_l6,6,97,regularized_LDA,EN-Alto-1;EN-Alto-2;ES-Bass-1;FR-Soprano-1;IT-Bass-2;IT-Soprano-1;JA-Soprano-1;KO-Soprano-1;KO-Soprano-2;KO-Tenor-1,20,1536,,,,,b5a626165273f54febc3,,,19,9,1.0,8,fixed_primary_k8
GTSinger_same_text_control,hubert_l6,6,101,OAS,DE-Soprano-1;DE-Tenor-1;EN-Alto-1;EN-Alto-2;FR-Soprano-1;IT-Bass-1;IT-Soprano-1;JA-Soprano-1;JA-Tenor-1;RU-Alto-1,20,1536,0.17895125329254885,1.8451485056213215,0.0002149685140571674,4126.447113738375,933e25fcf71417ebec37,0.04049197102580858,0.0013291111777447018,,,,,
GTSinger_same_text_control,hubert_l6,6,101,regularized_LDA,DE-Soprano-1;DE-Tenor-1;EN-Alto-1;EN-Alto-2;FR-Soprano-1;IT-Bass-1;IT-Soprano-1;JA-Soprano-1;JA-Tenor-1;RU-Alto-1,20,1536,,,,,93511a288157a549ce14,,,19,9,1.0,8,fixed_primary_k8
GTSinger_same_text_control,hubert_l6,6,103,OAS,DE-Soprano-1;EN-Alto-2;EN-Tenor-1;FR-Tenor-1;IT-Bass-1;IT-Bass-2;JA-Soprano-1;JA-Tenor-1;ZH-Alto-1;ZH-Tenor-1,20,1536,0.17517394757244253,2.2085334285826086,0.0002518733847854926,4289.510160875132,87ad49e0ab4788e4a57c,0.0426819442892382,0.0016740947978840515,,,,,
GTSinger_same_text_control,hubert_l6,6,103,regularized_LDA,DE-Soprano-1;EN-Alto-2;EN-Tenor-1;FR-Tenor-1;IT-Bass-1;IT-Bass-2;JA-Soprano-1;JA-Tenor-1;ZH-Alto-1;ZH-Tenor-1,20,1536,,,,,e74c4b1b956d7be8102c,,,19,9,1.0,8,fixed_primary_k8
GTSinger_same_text_control,hubert_l6,6,107,OAS,EN-Alto-1;EN-Tenor-1;ES-Soprano-1;FR-Soprano-1;IT-Bass-1;IT-Bass-2;IT-Soprano-1;KO-Soprano-2;RU-Alto-1;ZH-Tenor-1,20,1536,0.20165957557444933,1.7474639006374615,0.0002294224144103009,3217.864828983146,08227a4e2aa5c519c89c,0.04564008108086047,0.001911601723785683,,,,,
GTSinger_same_text_control,hubert_l6,6,107,regularized_LDA,EN-Alto-1;EN-Tenor-1;ES-Soprano-1;FR-Soprano-1;IT-Bass-1;IT-Bass-2;IT-Soprano-1;KO-Soprano-2;RU-Alto-1;ZH-Tenor-1,20,1536,,,,,8ba2c636d07210228940,,,19,9,1.0,8,fixed_primary_k8
GTSinger_same_text_control,hubert_l6,6,109,OAS,DE-Soprano-1;DE-Tenor-1;EN-Alto-2;EN-Tenor-1;IT-Bass-1;IT-Bass-2;IT-Soprano-1;JA-Soprano-1;KO-Soprano-1;ZH-Tenor-1,20,1536,0.19563200646516024,1.9426378534633293,0.000247423268950653,3443.0271744579018,71deac242037b3fde3fb,0.046762426366264376,0.002137719281816608,,,,,
GTSinger_same_text_control,hubert_l6,6,109,regularized_LDA,DE-Soprano-1;DE-Tenor-1;EN-Alto-2;EN-Tenor-1;IT-Bass-1;IT-Bass-2;IT-Soprano-1;JA-Soprano-1;KO-Soprano-1;ZH-Tenor-1,20,1536,,,,,0eb7859a4d8dea19afc3,,,19,9,1.0,8,fixed_primary_k8
GTSinger_same_text_control,hubert_l6,6,113,OAS,DE-Soprano-1;DE-Tenor-1;EN-Alto-2;ES-Soprano-1;FR-Soprano-1;IT-Bass-2;JA-Soprano-1;KO-Soprano-2;RU-Alto-1;ZH-Tenor-1,20,1536,0.20311155787910135,1.8048079458462885,0.00023865713121967475,3183.2089467300234,24dfaf65cb6ad775ca4b,0.043682536425401916,0.001797114564492941,,,,,
GTSinger_same_text_control,hubert_l6,6,113,regularized_LDA,DE-Soprano-1;DE-Tenor-1;EN-Alto-2;ES-Soprano-1;FR-Soprano-1;IT-Bass-2;JA-Soprano-1;KO-Soprano-2;RU-Alto-1;ZH-Tenor-1,20,1536,,,,,5b33272fa08aea1d5842,,,19,9,1.0,8,fixed_primary_k8
GTSinger_same_text_control,hubert_l6,6,127,OAS,DE-Tenor-1;EN-Alto-2;EN-Tenor-1;ES-Bass-1;ES-Soprano-1;FR-Soprano-1;FR-Tenor-1;KO-Soprano-2;ZH-Alto-1;ZH-Tenor-1,20,1536,0.1789440465870494,1.8592053683634693,0.00021659748180424804,4104.31412895999,d2a47f20552c74984a94,0.03695585814484942,0.0010031480964786121,,,,,
GTSinger_same_text_control,hubert_l6,6,127,regularized_LDA,DE-Tenor-1;EN-Alto-2;EN-Tenor-1;ES-Bass-1;ES-Soprano-1;FR-Soprano-1;FR-Tenor-1;KO-Soprano-2;ZH-Alto-1;ZH-Tenor-1,20,1536,,,,,07c8c34503c0de401ca1,,,19,9,1.0,8,fixed_primary_k8
GTSinger_same_text_control,hubert_l6,6,131,OAS,DE-Soprano-1;EN-Alto-1;EN-Alto-2;EN-Tenor-1;FR-Soprano-1;IT-Bass-1;IT-Soprano-1;KO-Soprano-2;RU-Alto-1;ZH-Tenor-1,20,1536,0.1843185297733904,1.5908180372568035,0.00019089664177354465,3897.553025826768,273b958ecd91d3bb9ebc,0.04081792734312277,0.0011921464462838482,,,,,
GTSinger_same_text_control,hubert_l6,6,131,regularized_LDA,DE-Soprano-1;EN-Alto-1;EN-Alto-2;EN-Tenor-1;FR-Soprano-1;IT-Bass-1;IT-Soprano-1;KO-Soprano-2;RU-Alto-1;ZH-Tenor-1,20,1536,,,,,aa5c723500acffd9c81c,,,19,9,1.0,8,fixed_primary_k8
GTSinger_same_text_control,hubert_l6,6,137,OAS,DE-Tenor-1;EN-Alto-2;EN-Tenor-1;FR-Soprano-1;IT-Bass-1;IT-Bass-2;JA-Soprano-1;KO-Soprano-2;RU-Alto-1;ZH-Tenor-1,20,1536,0.20590060108053804,1.954489454526987,0.00026199905826346324,3091.5007150347706,6e17e9fb730d705803e5,0.054429170065177515,0.002706588509765351,,,,,
GTSinger_same_text_control,hubert_l6,6,137,regularized_LDA,DE-Tenor-1;EN-Alto-2;EN-Tenor-1;FR-Soprano-1;IT-Bass-1;IT-Bass-2;JA-Soprano-1;KO-Soprano-2;RU-Alto-1;ZH-Tenor-1,20,1536,,,,,668bd5256b3656d5ad30,,,19,9,1.0,8,fixed_primary_k8
GTSinger_same_text_control,hubert_l6,6,139,OAS,DE-Soprano-1;DE-Tenor-1;EN-Alto-2;ES-Bass-1;FR-Tenor-1;IT-Bass-1;IT-Soprano-1;KO-Soprano-1;KO-Soprano-2;RU-Alto-1,20,1536,0.18019642056700055,1.6296705177615656,0.00019118541276315403,4056.200818381262,b83be7353ff7ea0c20d4,0.04554848341738624,0.0015498082100829924,,,,,
GTSinger_same_text_control,hubert_l6,6,139,regularized_LDA,DE-Soprano-1;DE-Tenor-1;EN-Alto-2;ES-Bass-1;FR-Tenor-1;IT-Bass-1;IT-Soprano-1;KO-Soprano-1;KO-Soprano-2;RU-Alto-1,20,1536,,,,,762cfbfc0283440dbddd,,,19,9,1.0,8,fixed_primary_k8
GTSinger_same_text_control,hubert_l6,6,149,OAS,DE-Soprano-1;DE-Tenor-1;EN-Tenor-1;ES-Bass-1;FR-Soprano-1;IT-Bass-2;KO-Soprano-1;KO-Soprano-2;KO-Tenor-1;ZH-Tenor-1,20,1536,0.19543869247390555,1.8613554154641911,0.00023683650301272447,3454.9139655926833,efe2d756769723e27456,0.046780971093431135,0.001967484855984969,,,,,
GTSinger_same_text_control,hubert_l6,6,149,regularized_LDA,DE-Soprano-1;DE-Tenor-1;EN-Tenor-1;ES-Bass-1;FR-Soprano-1;IT-Bass-2;KO-Soprano-1;KO-Soprano-2;KO-Tenor-1;ZH-Tenor-1,20,1536,,,,,f13e8c6bf698d40996bf,,,19,9,1.0,8,fixed_primary_k8
GTSinger_same_text_control,hubert_l6,6,151,OAS,DE-Tenor-1;EN-Alto-1;EN-Alto-2;ES-Soprano-1;FR-Tenor-1;IT-Soprano-1;KO-Soprano-1;KO-Tenor-1;RU-Alto-1;ZH-Alto-1,20,1536,0.18304095152892164,1.687468954304641,0.00020109109574963275,3937.932435710978,7c6c7e012887da896c51,0.042242645301247585,0.0012647429379368802,,,,,
GTSinger_same_text_control,hubert_l6,6,151,regularized_LDA,DE-Tenor-1;EN-Alto-1;EN-Alto-2;ES-Soprano-1;FR-Tenor-1;IT-Soprano-1;KO-Soprano-1;KO-Tenor-1;RU-Alto-1;ZH-Alto-1,20,1536,,,,,8eecd255e7fa2e1fda2d,,,19,9,1.0,8,fixed_primary_k8
GTSinger_same_text_control,hubert_l6,6,157,OAS,DE-Soprano-1;DE-Tenor-1;EN-Alto-1;EN-Alto-2;EN-Tenor-1;ES-Bass-1;JA-Soprano-1;KO-Tenor-1;ZH-Alto-1;ZH-Tenor-1,20,1536,0.1785091067595106,1.793719626060341,0.00020846047410484037,4131.377728758053,d414adc2a27193069d2a,0.03392919771605349,0.0008234639264655952,,,,,
GTSinger_same_text_control,hubert_l6,6,157,regularized_LDA,DE-Soprano-1;DE-Tenor-1;EN-Alto-1;EN-Alto-2;EN-Tenor-1;ES-Bass-1;JA-Soprano-1;KO-Tenor-1;ZH-Alto-1;ZH-Tenor-1,20,1536,,,,,ab13e6f7aa558030b130,,,19,9,1.0,8,fixed_primary_k8
GTSinger_same_text_control,hubert_l6,6,163,OAS,EN-Alto-1;ES-Bass-1;ES-Soprano-1;FR-Tenor-1;IT-Bass-1;IT-Bass-2;JA-Soprano-1;JA-Tenor-1;KO-Soprano-1;ZH-Alto-1,20,1536,0.19013149487116746,2.075289469802083,0.00025688664660407725,3636.245431390967,0729cc586a90e80058c3,0.05732838837117902,0.003021117966887754,,,,,
GTSinger_same_text_control,hubert_l6,6,163,regularized_LDA,EN-Alto-1;ES-Bass-1;ES-Soprano-1;FR-Tenor-1;IT-Bass-1;IT-Bass-2;JA-Soprano-1;JA-Tenor-1;KO-Soprano-1;ZH-Alto-1,20,1536,,,,,0467dff92cfb2affdc29,,,19,9,1.0,8,fixed_primary_k8
GTSinger_same_text_control,hubert_l6,6,167,OAS,DE-Tenor-1;EN-Alto-2;EN-Tenor-1;ES-Soprano-1;IT-Bass-2;IT-Soprano-1;KO-Soprano-2;RU-Alto-1;ZH-Alto-1;ZH-Tenor-1,20,1536,0.19272819667861585,1.8645046584692182,0.00023394701857138735,3547.517202030856,4ff05fb354fcf3ee81c1,0.042607051902342596,0.001709696006992778,,,,,
GTSinger_same_text_control,hubert_l6,6,167,regularized_LDA,DE-Tenor-1;EN-Alto-2;EN-Tenor-1;ES-Soprano-1;IT-Bass-2;IT-Soprano-1;KO-Soprano-2;RU-Alto-1;ZH-Alto-1;ZH-Tenor-1,20,1536,,,,,d9173ecc285f94aa8075,,,19,9,1.0,8,fixed_primary_k8
GTSinger_same_text_control,hubert_l6,6,173,OAS,DE-Soprano-1;DE-Tenor-1;EN-Alto-1;EN-Alto-2;ES-Soprano-1;FR-Soprano-1;FR-Tenor-1;IT-Bass-1;IT-Bass-2;JA-Tenor-1,20,1536,0.17860192798840827,2.0413627076079055,0.0002373641375666727,4124.80002519734,1ef0aea5913d654d57b5,0.043904168421530956,0.0017393240010087352,,,,,
GTSinger_same_text_control,hubert_l6,6,173,regularized_LDA,DE-Soprano-1;DE-Tenor-1;EN-Alto-1;EN-Alto-2;ES-Soprano-1;FR-Soprano-1;FR-Tenor-1;IT-Bass-1;IT-Bass-2;JA-Tenor-1,20,1536,,,,,c63f36e6e6fadec44cda,,,19,9,1.0,8,fixed_primary_k8
GTSinger_same_text_control,hubert_l6,6,179,OAS,DE-Soprano-1;EN-Alto-1;EN-Alto-2;EN-Tenor-1;IT-Bass-1;JA-Soprano-1;JA-Tenor-1;KO-Soprano-1;KO-Tenor-1;ZH-Tenor-1,20,1536,0.17254430315987385,1.9249275534686336,0.00021623390842870195,4427.151814699881,589809a406dd6444cd02,0.041395439140908846,0.0013343037764537158,,,,,
GTSinger_same_text_control,hubert_l6,6,179,regularized_LDA,DE-Soprano-1;EN-Alto-1;EN-Alto-2;EN-Tenor-1;IT-Bass-1;JA-Soprano-1;JA-Tenor-1;KO-Soprano-1;KO-Tenor-1;ZH-Tenor-1,20,1536,,,,,52ed5dbc9d7f33534346,,,19,9,1.0,8,fixed_primary_k8
GTSinger_same_text_control,hubert_l6,6,181,OAS,DE-Soprano-1;EN-Alto-1;ES-Bass-1;FR-Soprano-1;IT-Bass-2;IT-Soprano-1;JA-Soprano-1;JA-Tenor-1;KO-Soprano-1;ZH-Alto-1,20,1536,0.18759039473281255,1.9567726963004886,0.0002389790120451814,3760.9046466599902,bbc686173b2160766a96,0.047003748034528746,0.0020023041902413885,,,,,
GTSinger_same_text_control,hubert_l6,6,181,regularized_LDA,DE-Soprano-1;EN-Alto-1;ES-Bass-1;FR-Soprano-1;IT-Bass-2;IT-Soprano-1;JA-Soprano-1;JA-Tenor-1;KO-Soprano-1;ZH-Alto-1,20,1536,,,,,3699658c262951d8d5e8,,,19,9,1.0,8,fixed_primary_k8
GTSinger_same_text_control,hubert_l6,6,191,OAS,DE-Tenor-1;EN-Tenor-1;ES-Bass-1;ES-Soprano-1;FR-Soprano-1;FR-Tenor-1;IT-Bass-1;JA-Soprano-1;ZH-Alto-1;ZH-Tenor-1,20,1536,0.1856560952677615,1.949934939239217,0.00023568835081076353,3802.6186962853344,55a84dff3c0e5d7d0949,0.044374936623942096,0.0013432108445756707,,,,,
GTSinger_same_text_control,hubert_l6,6,191,regularized_LDA,DE-Tenor-1;EN-Tenor-1;ES-Bass-1;ES-Soprano-1;FR-Soprano-1;FR-Tenor-1;IT-Bass-1;JA-Soprano-1;ZH-Alto-1;ZH-Tenor-1,20,1536,,,,,145e8a6f4ef85fe19025,,,19,9,1.0,8,fixed_primary_k8
GTSinger_same_text_control,hubert_l6,6,193,OAS,EN-Alto-1;EN-Tenor-1;ES-Bass-1;ES-Soprano-1;FR-Soprano-1;IT-Soprano-1;JA-Tenor-1;KO-Soprano-2;RU-Alto-1;ZH-Tenor-1,20,1536,0.1697315427192146,1.7296912617643905,0.0001911348738849055,4584.446665748573,a91723fa1de04c28836c,0.035025442900306264,0.0009173141589856604,,,,,
GTSinger_same_text_control,hubert_l6,6,193,regularized_LDA,EN-Alto-1;EN-Tenor-1;ES-Bass-1;ES-Soprano-1;FR-Soprano-1;IT-Soprano-1;JA-Tenor-1;KO-Soprano-2;RU-Alto-1;ZH-Tenor-1,20,1536,,,,,243ed002a281d73034a3,,,19,9,1.0,8,fixed_primary_k8
GTSinger_same_text_control,hubert_l6,6,197,OAS,DE-Soprano-1;DE-Tenor-1;EN-Alto-1;ES-Bass-1;ES-Soprano-1;FR-Soprano-1;IT-Bass-2;KO-Tenor-1;RU-Alto-1;ZH-Tenor-1,20,1536,0.20139574706909216,1.7090114393032176,0.00022408049190631249,3246.647557275949,ea3b1242de4ba0acf75f,0.045998027603254485,0.001835662252006709,,,,,
GTSinger_same_text_control,hubert_l6,6,197,regularized_LDA,DE-Soprano-1;DE-Tenor-1;EN-Alto-1;ES-Bass-1;ES-Soprano-1;FR-Soprano-1;IT-Bass-2;KO-Tenor-1;RU-Alto-1;ZH-Tenor-1,20,1536,,,,,f536ee7be3441dff6b54,,,19,9,1.0,8,fixed_primary_k8
GTSinger_same_text_control,hubert_l6,6,199,OAS,DE-Soprano-1;EN-Alto-2;EN-Tenor-1;ES-Bass-1;ES-Soprano-1;FR-Tenor-1;IT-Bass-1;KO-Soprano-1;RU-Alto-1;ZH-Tenor-1,20,1536,0.1801916258523465,1.6870243083840004,0.00019790862824228087,4064.2577430368324,74fdefb3bdc9841c5742,0.04491542915095367,0.0014346837897948328,,,,,
GTSinger_same_text_control,hubert_l6,6,199,regularized_LDA,DE-Soprano-1;EN-Alto-2;EN-Tenor-1;ES-Bass-1;ES-Soprano-1;FR-Tenor-1;IT-Bass-1;KO-Soprano-1;RU-Alto-1;ZH-Tenor-1,20,1536,,,,,f8b583ffd6832e03b543,,,19,9,1.0,8,fixed_primary_k8
GTSinger_same_text_control,hubert_l6,6,211,OAS,DE-Soprano-1;EN-Alto-1;EN-Alto-2;ES-Bass-1;FR-Soprano-1;JA-Tenor-1;KO-Soprano-2;KO-Tenor-1;RU-Alto-1;ZH-Alto-1,20,1536,0.17091590669048948,1.7288643811484579,0.00019237657763599,4533.7191334265735,b16c87c163aa7e1ae93b,0.0374097698726911,0.0009946655543526806,,,,,
GTSinger_same_text_control,hubert_l6,6,211,regularized_LDA,DE-Soprano-1;EN-Alto-1;EN-Alto-2;ES-Bass-1;FR-Soprano-1;JA-Tenor-1;KO-Soprano-2;KO-Tenor-1;RU-Alto-1;ZH-Alto-1,20,1536,,,,,e826652d4d9c05d016a8,,,19,9,1.0,8,fixed_primary_k8
GTSinger_same_text_control,hubert_l6,6,223,OAS,DE-Soprano-1;EN-Alto-2;EN-Tenor-1;ES-Soprano-1;IT-Bass-2;IT-Soprano-1;JA-Tenor-1;KO-Soprano-2;KO-Tenor-1;ZH-Alto-1,20,1536,0.17355666068750336,2.0164973758653564,0.0002278493169533233,4380.500989206034,5be685e6d215e38e33da,0.039459867199222586,0.0014612506595854668,,,,,
GTSinger_same_text_control,hubert_l6,6,223,regularized_LDA,DE-Soprano-1;EN-Alto-2;EN-Tenor-1;ES-Soprano-1;IT-Bass-2;IT-Soprano-1;JA-Tenor-1;KO-Soprano-2;KO-Tenor-1;ZH-Alto-1,20,1536,,,,,141d53f999bcbbbeaf83,,,19,9,1.0,8,fixed_primary_k8
GTSinger_same_text_control,hubert_l6,6,227,OAS,DE-Soprano-1;EN-Tenor-1;ES-Bass-1;FR-Soprano-1;FR-Tenor-1;IT-Bass-1;JA-Tenor-1;KO-Soprano-1;KO-Soprano-2;KO-Tenor-1,20,1536,0.16602456233313223,1.8978985484761928,0.0002051417811610982,4778.135750737269,35cff607c8a6ad835c51,0.04282084480116115,0.0013613380871327907,,,,,
GTSinger_same_text_control,hubert_l6,6,227,regularized_LDA,DE-Soprano-1;EN-Tenor-1;ES-Bass-1;FR-Soprano-1;FR-Tenor-1;IT-Bass-1;JA-Tenor-1;KO-Soprano-1;KO-Soprano-2;KO-Tenor-1,20,1536,,,,,736e95129b43d8c51024,,,19,9,1.0,8,fixed_primary_k8
GTSinger_same_text_control,hubert_l6,6,229,OAS,DE-Tenor-1;ES-Bass-1;ES-Soprano-1;FR-Soprano-1;IT-Bass-1;IT-Bass-2;IT-Soprano-1;KO-Tenor-1;RU-Alto-1;ZH-Alto-1,20,1536,0.19626248701938967,1.7674984915172458,0.00022584221988814732,3395.0495552922043,3d623fa520ef0cb06aab,0.04784562946634904,0.0019864589258529186,,,,,
GTSinger_same_text_control,hubert_l6,6,229,regularized_LDA,DE-Tenor-1;ES-Bass-1;ES-Soprano-1;FR-Soprano-1;IT-Bass-1;IT-Bass-2;IT-Soprano-1;KO-Tenor-1;RU-Alto-1;ZH-Alto-1,20,1536,,,,,4bb9d2a4ad1e1830823e,,,19,9,1.0,8,fixed_primary_k8
GTSinger_same_text_control,hubert_l6,6,233,OAS,DE-Soprano-1;DE-Tenor-1;EN-Alto-1;EN-Tenor-1;FR-Soprano-1;FR-Tenor-1;IT-Bass-1;IT-Bass-2;KO-Soprano-2;ZH-Tenor-1,20,1536,0.18891464358501023,1.9420663080725022,0.00023885726849477438,3686.8984659181856,0510b90fd4107ca5bc01,0.046931992384299015,0.00195621834299764,,,,,
GTSinger_same_text_control,hubert_l6,6,233,regularized_LDA,DE-Soprano-1;DE-Tenor-1;EN-Alto-1;EN-Tenor-1;FR-Soprano-1;FR-Tenor-1;IT-Bass-1;IT-Bass-2;KO-Soprano-2;ZH-Tenor-1,20,1536,,,,,a0cae6ff710702094ec5,,,19,9,1.0,8,fixed_primary_k8
GTSinger_same_text_control,hubert_l6,6,239,OAS,DE-Tenor-1;EN-Tenor-1;FR-Soprano-1;FR-Tenor-1;IT-Bass-1;IT-Bass-2;IT-Soprano-1;KO-Soprano-1;KO-Soprano-2;ZH-Tenor-1,20,1536,0.19448184417464726,1.9512611411737515,0.00024706045911575383,3467.01809442547,97917a65983f7b358a77,0.04786869133154935,0.002067390893797927,,,,,
GTSinger_same_text_control,hubert_l6,6,239,regularized_LDA,DE-Tenor-1;EN-Tenor-1;FR-Soprano-1;FR-Tenor-1;IT-Bass-1;IT-Bass-2;IT-Soprano-1;KO-Soprano-1;KO-Soprano-2;ZH-Tenor-1,20,1536,,,,,fc596ab68b52e893bf28,,,19,9,1.0,8,fixed_primary_k8
GTSinger_same_text_control,hubert_l6,6,241,OAS,DE-Soprano-1;EN-Alto-1;FR-Tenor-1;IT-Bass-1;IT-Soprano-1;JA-Soprano-1;JA-Tenor-1;KO-Soprano-1;KO-Soprano-2;KO-Tenor-1,20,1536,0.17393211084163687,1.8661258368050768,0.00021131458716902536,4361.497885567844,84db88c2828a695809b5,0.04412895370748898,0.001389500505919239,,,,,
GTSinger_same_text_control,hubert_l6,6,241,regularized_LDA,DE-Soprano-1;EN-Alto-1;FR-Tenor-1;IT-Bass-1;IT-Soprano-1;JA-Soprano-1;JA-Tenor-1;KO-Soprano-1;KO-Soprano-2;KO-Tenor-1,20,1536,,,,,08d643cf38c801912659,,,19,9,1.0,8,fixed_primary_k8
GTSinger_same_text_control,hubert_l6,6,251,OAS,DE-Soprano-1;EN-Tenor-1;FR-Tenor-1;IT-Bass-1;IT-Soprano-1;JA-Tenor-1;KO-Soprano-2;KO-Tenor-1;ZH-Alto-1;ZH-Tenor-1,20,1536,0.16175709695452645,1.975322024776058,0.0002080223673685627,5042.489496767659,7036613f2d4bfb2e98ae,0.03889678851327495,0.0010741153064323106,,,,,
GTSinger_same_text_control,hubert_l6,6,251,regularized_LDA,DE-Soprano-1;EN-Tenor-1;FR-Tenor-1;IT-Bass-1;IT-Soprano-1;JA-Tenor-1;KO-Soprano-2;KO-Tenor-1;ZH-Alto-1;ZH-Tenor-1,20,1536,,,,,028eb1eca6bc1026e40c,,,19,9,1.0,8,fixed_primary_k8
GTSinger_same_text_control,hubert_l6,6,257,OAS,DE-Soprano-1;EN-Alto-2;ES-Bass-1;FR-Soprano-1;FR-Tenor-1;JA-Tenor-1;KO-Soprano-2;KO-Tenor-1;RU-Alto-1;ZH-Tenor-1,20,1536,0.1699982626682067,1.839719159981571,0.00020361266991815083,4578.856167248655,9ef83f65f006e115e79b,0.04115380581189427,0.001202791729032926,,,,,
GTSinger_same_text_control,hubert_l6,6,257,regularized_LDA,DE-Soprano-1;EN-Alto-2;ES-Bass-1;FR-Soprano-1;FR-Tenor-1;JA-Tenor-1;KO-Soprano-2;KO-Tenor-1;RU-Alto-1;ZH-Tenor-1,20,1536,,,,,f17604bfd3c3b6f5ed85,,,19,9,1.0,8,fixed_primary_k8
GTSinger_same_text_control,mert_l3,3,13,OAS,DE-Soprano-1;DE-Tenor-1;EN-Alto-2;EN-Tenor-1;ES-Bass-1;ES-Soprano-1;IT-Bass-2;JA-Tenor-1;KO-Soprano-2;RU-Alto-1,20,1536,0.21957032226637072,2.8582893207558615,0.0004085908250578713,2654.830563556151,8f48db361c7e9da38c8d,0.04056210194430791,0.0014755880725245696,,,,,
GTSinger_same_text_control,mert_l3,3,13,regularized_LDA,DE-Soprano-1;DE-Tenor-1;EN-Alto-2;EN-Tenor-1;ES-Bass-1;ES-Soprano-1;IT-Bass-2;JA-Tenor-1;KO-Soprano-2;RU-Alto-1,20,1536,,,,,3ec63399f859ae6f3a77,,,19,9,1.0,8,fixed_primary_k8
GTSinger_same_text_control,mert_l3,3,17,OAS,EN-Alto-2;EN-Tenor-1;ES-Bass-1;ES-Soprano-1;FR-Tenor-1;IT-Bass-1;JA-Soprano-1;KO-Soprano-1;KO-Tenor-1;RU-Alto-1,20,1536,0.2443700997064902,2.616782609278584,0.000416317335377355,2105.607190130243,ff46889e870973238cce,0.052880215766817326,0.0022345097438914996,,,,,
GTSinger_same_text_control,mert_l3,3,17,regularized_LDA,EN-Alto-2;EN-Tenor-1;ES-Bass-1;ES-Soprano-1;FR-Tenor-1;IT-Bass-1;JA-Soprano-1;KO-Soprano-1;KO-Tenor-1;RU-Alto-1,20,1536,,,,,18956fe0b8676497204b,,,19,9,1.0,8,fixed_primary_k8
GTSinger_same_text_control,mert_l3,3,19,OAS,DE-Tenor-1;EN-Alto-1;EN-Tenor-1;ES-Bass-1;FR-Tenor-1;IT-Bass-1;JA-Soprano-1;KO-Soprano-1;KO-Tenor-1;ZH-Alto-1,20,1536,0.2578787692952707,2.729710328122136,0.0004582905859041185,1884.5422831933702,b64ae72848e59e4ae4ed,0.05678352043983696,0.002909017169822725,,,,,
GTSinger_same_text_control,mert_l3,3,19,regularized_LDA,DE-Tenor-1;EN-Alto-1;EN-Tenor-1;ES-Bass-1;FR-Tenor-1;IT-Bass-1;JA-Soprano-1;KO-Soprano-1;KO-Tenor-1;ZH-Alto-1,20,1536,,,,,9303aa9256b021554578,,,19,9,1.0,8,fixed_primary_k8
GTSinger_same_text_control,mert_l3,3,23,OAS,DE-Tenor-1;EN-Alto-2;ES-Bass-1;FR-Soprano-1;IT-Soprano-1;JA-Soprano-1;JA-Tenor-1;KO-Soprano-1;ZH-Alto-1;ZH-Tenor-1,20,1536,0.23694759282606903,2.7247829273232713,0.0004203325231789186,2289.2439503901924,5700c25e65ca7c2e3372,0.044477932479375405,0.001584577513093266,,,,,
GTSinger_same_text_control,mert_l3,3,23,regularized_LDA,DE-Tenor-1;EN-Alto-2;ES-Bass-1;FR-Soprano-1;IT-Soprano-1;JA-Soprano-1;JA-Tenor-1;KO-Soprano-1;ZH-Alto-1;ZH-Tenor-1,20,1536,,,,,b781d7e4938f1d454fd6,,,19,9,1.0,8,fixed_primary_k8
GTSinger_same_text_control,mert_l3,3,29,OAS,DE-Soprano-1;DE-Tenor-1;EN-Alto-2;EN-Tenor-1;ES-Bass-1;FR-Soprano-1;FR-Tenor-1;IT-Soprano-1;KO-Soprano-1;KO-Tenor-1,20,1536,0.2327982547426037,2.6235995262603997,0.00039763632217248887,2357.057760878095,cf9fbcf3a709906226d5,0.03956211990423379,0.001355060786639939,,,,,
GTSinger_same_text_control,mert_l3,3,29,regularized_LDA,DE-Soprano-1;DE-Tenor-1;EN-Alto-2;EN-Tenor-1;ES-Bass-1;FR-Soprano-1;FR-Tenor-1;IT-Soprano-1;KO-Soprano-1;KO-Tenor-1,20,1536,,,,,e51dac88d99974463946,,,19,9,1.0,8,fixed_primary_k8
GTSinger_same_text_control,mert_l3,3,31,OAS,DE-Soprano-1;EN-Alto-1;EN-Tenor-1;ES-Soprano-1;FR-Soprano-1;IT-Soprano-1;KO-Soprano-2;KO-Tenor-1;RU-Alto-1;ZH-Tenor-1,20,1536,0.23072071908827546,2.1579426849251857,0.0003241419843862127,2398.455230039306,765e542ac7ea83c896d5,0.03715050962902093,0.0011708693214922405,,,,,
GTSinger_same_text_control,mert_l3,3,31,regularized_LDA,DE-Soprano-1;EN-Alto-1;EN-Tenor-1;ES-Soprano-1;FR-Soprano-1;IT-Soprano-1;KO-Soprano-2;KO-Tenor-1;RU-Alto-1;ZH-Tenor-1,20,1536,,,,,12cc0299c4eb7ad2ca7b,,,19,9,1.0,8,fixed_primary_k8
GTSinger_same_text_control,mert_l3,3,37,OAS,DE-Soprano-1;DE-Tenor-1;EN-Alto-2;FR-Soprano-1;FR-Tenor-1;IT-Bass-2;KO-Soprano-1;KO-Tenor-1;RU-Alto-1;ZH-Alto-1,20,1536,0.26529950430865223,2.560138120208887,0.0004421896967793636,1691.5916231047827,08318dc8411e3af2a4e2,0.04629507354311301,0.0018948100109036359,,,,,
GTSinger_same_text_control,mert_l3,3,37,regularized_LDA,DE-Soprano-1;DE-Tenor-1;EN-Alto-2;FR-Soprano-1;FR-Tenor-1;IT-Bass-2;KO-Soprano-1;KO-Tenor-1;RU-Alto-1;ZH-Alto-1,20,1536,,,,,598b721d80f98b39319a,,,19,9,1.0,8,fixed_primary_k8
GTSinger_same_text_control,mert_l3,3,41,OAS,DE-Soprano-1;DE-Tenor-1;EN-Alto-1;ES-Bass-1;FR-Tenor-1;IT-Bass-1;IT-Soprano-1;JA-Soprano-1;KO-Soprano-2;ZH-Tenor-1,20,1536,0.25961442530706835,2.4561531093019338,0.0004151385273031189,1824.4347301950727,bbb768c06ab6fee02713,0.051956593469891635,0.0023497239131869962,,,,,
GTSinger_same_text_control,mert_l3,3,41,regularized_LDA,DE-Soprano-1;DE-Tenor-1;EN-Alto-1;ES-Bass-1;FR-Tenor-1;IT-Bass-1;IT-Soprano-1;JA-Soprano-1;KO-Soprano-2;ZH-Tenor-1,20,1536,,,,,bb3c35156e7e05bfa170,,,19,9,1.0,8,fixed_primary_k8
GTSinger_same_text_control,mert_l3,3,43,OAS,EN-Alto-1;ES-Soprano-1;FR-Soprano-1;FR-Tenor-1;IT-Bass-2;JA-Soprano-1;JA-Tenor-1;RU-Alto-1;ZH-Alto-1;ZH-Tenor-1,20,1536,0.2580090314016106,2.7518040109256683,0.00046223326006900956,1862.524085265798,b0f0350da1aea1a75fbd,0.05475679985427129,0.0025757607663752236,,,,,
GTSinger_same_text_control,mert_l3,3,43,regularized_LDA,EN-Alto-1;ES-Soprano-1;FR-Soprano-1;FR-Tenor-1;IT-Bass-2;JA-Soprano-1;JA-Tenor-1;RU-Alto-1;ZH-Alto-1;ZH-Tenor-1,20,1536,,,,,00944f6f14a5363ef767,,,19,9,1.0,8,fixed_primary_k8
GTSinger_same_text_control,mert_l3,3,47,OAS,DE-Soprano-1;EN-Alto-1;EN-Alto-2;ES-Bass-1;ES-Soprano-1;FR-Tenor-1;JA-Soprano-1;RU-Alto-1;ZH-Alto-1;ZH-Tenor-1,20,1536,0.23769765422039627,2.2465100283901243,0.0003476498463091982,2250.174261734411,eb267c9bcc3b66b22620,0.045889391607189724,0.0017476413463574092,,,,,
GTSinger_same_text_control,mert_l3,3,47,regularized_LDA,DE-Soprano-1;EN-Alto-1;EN-Alto-2;ES-Bass-1;ES-Soprano-1;FR-Tenor-1;JA-Soprano-1;RU-Alto-1;ZH-Alto-1;ZH-Tenor-1,20,1536,,,,,2808c199afeb47e34d61,,,19,9,1.0,8,fixed_primary_k8
GTSinger_same_text_control,mert_l3,3,53,OAS,DE-Soprano-1;EN-Alto-2;EN-Tenor-1;FR-Soprano-1;IT-Bass-1;IT-Bass-2;JA-Soprano-1;KO-Soprano-2;KO-Tenor-1;ZH-Tenor-1,20,1536,0.2617615169461833,2.782123223582116,0.0004741229136302475,1756.1439972596602,8cb21cc4ac39294aacad,0.05234048181538783,0.0025883854884297675,,,,,
GTSinger_same_text_control,mert_l3,3,53,regularized_LDA,DE-Soprano-1;EN-Alto-2;EN-Tenor-1;FR-Soprano-1;IT-Bass-1;IT-Bass-2;JA-Soprano-1;KO-Soprano-2;KO-Tenor-1;ZH-Tenor-1,20,1536,,,,,73cba32a51292452a579,,,19,9,1.0,8,fixed_primary_k8
GTSinger_same_text_control,mert_l3,3,59,OAS,EN-Alto-1;EN-Tenor-1;ES-Bass-1;ES-Soprano-1;IT-Bass-1;IT-Bass-2;IT-Soprano-1;JA-Soprano-1;KO-Tenor-1;ZH-Tenor-1,20,1536,0.2631259654781532,2.7161309109799503,0.0004652894324978224,1791.1362456928093,dc5a3590c4c8e9f6ccd5,0.059916544952306736,0.0032569631544475675,,,,,
GTSinger_same_text_control,mert_l3,3,59,regularized_LDA,EN-Alto-1;EN-Tenor-1;ES-Bass-1;ES-Soprano-1;IT-Bass-1;IT-Bass-2;IT-Soprano-1;JA-Soprano-1;KO-Tenor-1;ZH-Tenor-1,20,1536,,,,,56915faf3dd22d6d9e6a,,,19,9,1.0,8,fixed_primary_k8
GTSinger_same_text_control,mert_l3,3,61,OAS,EN-Alto-1;EN-Alto-2;FR-Soprano-1;IT-Bass-1;IT-Bass-2;IT-Soprano-1;JA-Soprano-1;RU-Alto-1;ZH-Alto-1;ZH-Tenor-1,20,1536,0.2918677312361358,2.400962581748986,0.0004562262379674035,1308.8244810203075,e8a7aaf936c0e69ed4df,0.057304747912880996,0.0030981491902284386,,,,,
GTSinger_same_text_control,mert_l3,3,61,regularized_LDA,EN-Alto-1;EN-Alto-2;FR-Soprano-1;IT-Bass-1;IT-Bass-2;IT-Soprano-1;JA-Soprano-1;RU-Alto-1;ZH-Alto-1;ZH-Tenor-1,20,1536,,,,,47687591f574e83d7b0d,,,19,9,1.0,8,fixed_primary_k8
GTSinger_same_text_control,mert_l3,3,67,OAS,EN-Alto-1;EN-Alto-2;ES-Bass-1;ES-Soprano-1;FR-Soprano-1;IT-Bass-2;JA-Soprano-1;JA-Tenor-1;ZH-Alto-1;ZH-Tenor-1,20,1536,0.23843026794550454,2.706469068182197,0.0004201198861412117,2238.2165723283333,87fc883b8aebcd2e122e,0.045033232334224946,0.0015432720769497088,,,,,
GTSinger_same_text_control,mert_l3,3,67,regularized_LDA,EN-Alto-1;EN-Alto-2;ES-Bass-1;ES-Soprano-1;FR-Soprano-1;IT-Bass-2;JA-Soprano-1;JA-Tenor-1;ZH-Alto-1;ZH-Tenor-1,20,1536,,,,,973b73687dabc4c28fe0,,,19,9,1.0,8,fixed_primary_k8
GTSinger_same_text_control,mert_l3,3,71,OAS,DE-Tenor-1;EN-Alto-1;ES-Bass-1;FR-Soprano-1;FR-Tenor-1;IT-Bass-1;IT-Bass-2;JA-Soprano-1;KO-Soprano-2;ZH-Tenor-1,20,1536,0.2652210921655744,2.6314741721242805,0.0004543765976147802,1732.813059053659,5be33e167e22a0f5a06f,0.056552820033816974,0.0029432550024300896,,,,,
GTSinger_same_text_control,mert_l3,3,71,regularized_LDA,DE-Tenor-1;EN-Alto-1;ES-Bass-1;FR-Soprano-1;FR-Tenor-1;IT-Bass-1;IT-Bass-2;JA-Soprano-1;KO-Soprano-2;ZH-Tenor-1,20,1536,,,,,bcb21a359a84412c61a1,,,19,9,1.0,8,fixed_primary_k8
GTSinger_same_text_control,mert_l3,3,73,OAS,DE-Soprano-1;EN-Alto-1;EN-Tenor-1;ES-Bass-1;FR-Soprano-1;KO-Soprano-1;KO-Soprano-2;KO-Tenor-1;RU-Alto-1;ZH-Alto-1,20,1536,0.23683656816495455,2.219137856572117,0.00034216991812205296,2315.328572783646,5abf5b0cdf0fb6aabf1e,0.042348621226392866,0.0013596459657622129,,,,,
GTSinger_same_text_control,mert_l3,3,73,regularized_LDA,DE-Soprano-1;EN-Alto-1;EN-Tenor-1;ES-Bass-1;FR-Soprano-1;KO-Soprano-1;KO-Soprano-2;KO-Tenor-1;RU-Alto-1;ZH-Alto-1,20,1536,,,,,852b7011fc64cb408307,,,19,9,1.0,8,fixed_primary_k8
GTSinger_same_text_control,mert_l3,3,79,OAS,DE-Soprano-1;DE-Tenor-1;EN-Tenor-1;FR-Soprano-1;FR-Tenor-1;IT-Soprano-1;JA-Tenor-1;KO-Soprano-1;KO-Soprano-2;ZH-Tenor-1,20,1536,0.2226578038976964,2.910252392813004,0.0004218687542784893,2570.88833586829,be5d5940a3eee595159b,0.04115808466074026,0.001280213270431041,,,,,
GTSinger_same_text_control,mert_l3,3,79,regularized_LDA,DE-Soprano-1;DE-Tenor-1;EN-Tenor-1;FR-Soprano-1;FR-Tenor-1;IT-Soprano-1;JA-Tenor-1;KO-Soprano-1;KO-Soprano-2;ZH-Tenor-1,20,1536,,,,,983232b00abbab425b65,,,19,9,1.0,8,fixed_primary_k8
GTSinger_same_text_control,mert_l3,3,83,OAS,DE-Tenor-1;EN-Alto-1;EN-Tenor-1;ES-Soprano-1;FR-Soprano-1;FR-Tenor-1;IT-Bass-1;IT-Bass-2;JA-Tenor-1;KO-Soprano-1,20,1536,0.2504243663882629,2.973845827955194,0.0004848460007825901,1981.542696830721,6c7795aa4bf42fd88765,0.06278401881475638,0.003540102705713921,,,,,
GTSinger_same_text_control,mert_l3,3,83,regularized_LDA,DE-Tenor-1;EN-Alto-1;EN-Tenor-1;ES-Soprano-1;FR-Soprano-1;FR-Tenor-1;IT-Bass-1;IT-Bass-2;JA-Tenor-1;KO-Soprano-1,20,1536,,,,,01630b3675303aca2601,,,19,9,1.0,8,fixed_primary_k8
GTSinger_same_text_control,mert_l3,3,89,OAS,EN-Alto-2;EN-Tenor-1;FR-Soprano-1;IT-Bass-1;JA-Soprano-1;JA-Tenor-1;KO-Soprano-1;KO-Tenor-1;ZH-Alto-1;ZH-Tenor-1,20,1536,0.2337049198422552,2.9410505757547654,0.0004474856699601471,2311.3971532027867,745e95de8a35484ecb62,0.04979267960649922,0.002108009537217792,,,,,
GTSinger_same_text_control,mert_l3,3,89,regularized_LDA,EN-Alto-2;EN-Tenor-1;FR-Soprano-1;IT-Bass-1;JA-Soprano-1;JA-Tenor-1;KO-Soprano-1;KO-Tenor-1;ZH-Alto-1;ZH-Tenor-1,20,1536,,,,,cc2ba919ddff74ee8a92,,,19,9,1.0,8,fixed_primary_k8
GTSinger_same_text_control,mert_l3,3,97,OAS,EN-Alto-1;EN-Alto-2;ES-Bass-1;FR-Soprano-1;IT-Bass-2;IT-Soprano-1;JA-Soprano-1;KO-Soprano-1;KO-Soprano-2;KO-Tenor-1,20,1536,0.2754861392634836,2.294769670491862,0.00041157372202001266,1617.593196242177,d52b68f741a44ba88b81,0.052325174379155605,0.002280851762077263,,,,,
GTSinger_same_text_control,mert_l3,3,97,regularized_LDA,EN-Alto-1;EN-Alto-2;ES-Bass-1;FR-Soprano-1;IT-Bass-2;IT-Soprano-1;JA-Soprano-1;KO-Soprano-1;KO-Soprano-2;KO-Tenor-1,20,1536,,,,,606f675b0a55dd48c3f8,,,19,9,1.0,8,fixed_primary_k8
GTSinger_same_text_control,mert_l3,3,101,OAS,DE-Soprano-1;DE-Tenor-1;EN-Alto-1;EN-Alto-2;FR-Soprano-1;IT-Bass-1;IT-Soprano-1;JA-Soprano-1;JA-Tenor-1;RU-Alto-1,20,1536,0.2491320552385584,2.461029248172058,0.0003991674964839251,2002.7422913503217,1df0a9ac665317bb85e9,0.040040597366507814,0.00147985172185372,,,,,
GTSinger_same_text_control,mert_l3,3,101,regularized_LDA,DE-Soprano-1;DE-Tenor-1;EN-Alto-1;EN-Alto-2;FR-Soprano-1;IT-Bass-1;IT-Soprano-1;JA-Soprano-1;JA-Tenor-1;RU-Alto-1,20,1536,,,,,8dacea06657e3a3e6f71,,,19,9,1.0,8,fixed_primary_k8
GTSinger_same_text_control,mert_l3,3,103,OAS,DE-Soprano-1;EN-Alto-2;EN-Tenor-1;FR-Tenor-1;IT-Bass-1;IT-Bass-2;JA-Soprano-1;JA-Tenor-1;ZH-Alto-1;ZH-Tenor-1,20,1536,0.23723354526665127,3.2143617952359507,0.0004964547164410823,2227.614275156205,4d59ec0ecc4ed9c0b2f8,0.04104487953507147,0.0013001003793532417,,,,,
GTSinger_same_text_control,mert_l3,3,103,regularized_LDA,DE-Soprano-1;EN-Alto-2;EN-Tenor-1;FR-Tenor-1;IT-Bass-1;IT-Bass-2;JA-Soprano-1;JA-Tenor-1;ZH-Alto-1;ZH-Tenor-1,20,1536,,,,,a30bb3605ed267a0f075,,,19,9,1.0,8,fixed_primary_k8
GTSinger_same_text_control,mert_l3,3,107,OAS,EN-Alto-1;EN-Tenor-1;ES-Soprano-1;FR-Soprano-1;IT-Bass-1;IT-Bass-2;IT-Soprano-1;KO-Soprano-2;RU-Alto-1;ZH-Tenor-1,20,1536,0.26723530693129294,2.436078744637471,0.00042383219468228734,1634.4791647004383,80b4fc40f0a5644c4c53,0.05633332287374435,0.002845929591978047,,,,,
GTSinger_same_text_control,mert_l3,3,107,regularized_LDA,EN-Alto-1;EN-Tenor-1;ES-Soprano-1;FR-Soprano-1;IT-Bass-1;IT-Bass-2;IT-Soprano-1;KO-Soprano-2;RU-Alto-1;ZH-Tenor-1,20,1536,,,,,c285fbed4e30792e666d,,,19,9,1.0,8,fixed_primary_k8
GTSinger_same_text_control,mert_l3,3,109,OAS,DE-Soprano-1;DE-Tenor-1;EN-Alto-2;EN-Tenor-1;IT-Bass-1;IT-Bass-2;IT-Soprano-1;JA-Soprano-1;KO-Soprano-1;ZH-Tenor-1,20,1536,0.266307080265264,2.8831219314673735,0.000499867046626188,1664.9212553197153,bf7bd8d6818164509f6a,0.04873076022223602,0.0022795772436549067,,,,,
GTSinger_same_text_control,mert_l3,3,109,regularized_LDA,DE-Soprano-1;DE-Tenor-1;EN-Alto-2;EN-Tenor-1;IT-Bass-1;IT-Bass-2;IT-Soprano-1;JA-Soprano-1;KO-Soprano-1;ZH-Tenor-1,20,1536,,,,,4319d704773ae36ef879,,,19,9,1.0,8,fixed_primary_k8
GTSinger_same_text_control,mert_l3,3,113,OAS,DE-Soprano-1;DE-Tenor-1;EN-Alto-2;ES-Soprano-1;FR-Soprano-1;IT-Bass-2;JA-Soprano-1;KO-Soprano-2;RU-Alto-1;ZH-Tenor-1,20,1536,0.2678201259016368,2.3592829733736407,0.0004113694420354925,1661.0027691618739,b632f07d957f6b1f5f14,0.04601346578064885,0.002021963741504207,,,,,
GTSinger_same_text_control,mert_l3,3,113,regularized_LDA,DE-Soprano-1;DE-Tenor-1;EN-Alto-2;ES-Soprano-1;FR-Soprano-1;IT-Bass-2;JA-Soprano-1;KO-Soprano-2;RU-Alto-1;ZH-Tenor-1,20,1536,,,,,6e8f317a3779af3ae210,,,19,9,1.0,8,fixed_primary_k8
GTSinger_same_text_control,mert_l3,3,127,OAS,DE-Tenor-1;EN-Alto-2;EN-Tenor-1;ES-Bass-1;ES-Soprano-1;FR-Soprano-1;FR-Tenor-1;KO-Soprano-2;ZH-Alto-1;ZH-Tenor-1,20,1536,0.22454967395194286,2.641973797041485,0.0003862333038510689,2525.2352012348615,477aef6d19b3fe01fb20,0.03667074444371726,0.0011031518462670808,,,,,
GTSinger_same_text_control,mert_l3,3,127,regularized_LDA,DE-Tenor-1;EN-Alto-2;EN-Tenor-1;ES-Bass-1;ES-Soprano-1;FR-Soprano-1;FR-Tenor-1;KO-Soprano-2;ZH-Alto-1;ZH-Tenor-1,20,1536,,,,,769d7dc77117b089279d,,,19,9,1.0,8,fixed_primary_k8
GTSinger_same_text_control,mert_l3,3,131,OAS,DE-Soprano-1;EN-Alto-1;EN-Alto-2;EN-Tenor-1;FR-Soprano-1;IT-Bass-1;IT-Soprano-1;KO-Soprano-2;RU-Alto-1;ZH-Tenor-1,20,1536,0.24870053977125137,2.2668894993236157,0.00036704208468982095,1966.9830977606048,82fe0154076949439645,0.04659713138269592,0.0019019509707774995,,,,,
GTSinger_same_text_control,mert_l3,3,131,regularized_LDA,DE-Soprano-1;EN-Alto-1;EN-Alto-2;EN-Tenor-1;FR-Soprano-1;IT-Bass-1;IT-Soprano-1;KO-Soprano-2;RU-Alto-1;ZH-Tenor-1,20,1536,,,,,929ba27270155bebb8f4,,,19,9,1.0,8,fixed_primary_k8
GTSinger_same_text_control,mert_l3,3,137,OAS,DE-Tenor-1;EN-Alto-2;EN-Tenor-1;FR-Soprano-1;IT-Bass-1;IT-Bass-2;JA-Soprano-1;KO-Soprano-2;RU-Alto-1;ZH-Tenor-1,20,1536,0.26608197905418346,2.7524932243807085,0.0004768156539560219,1674.0187973117718,553962e6cfb6b548da11,0.05463892474524136,0.0027309012224097096,,,,,
GTSinger_same_text_control,mert_l3,3,137,regularized_LDA,DE-Tenor-1;EN-Alto-2;EN-Tenor-1;FR-Soprano-1;IT-Bass-1;IT-Bass-2;JA-Soprano-1;KO-Soprano-2;RU-Alto-1;ZH-Tenor-1,20,1536,,,,,6fbd7c36f63fb0f92aae,,,19,9,1.0,8,fixed_primary_k8
GTSinger_same_text_control,mert_l3,3,139,OAS,DE-Soprano-1;DE-Tenor-1;EN-Alto-2;ES-Bass-1;FR-Tenor-1;IT-Bass-1;IT-Soprano-1;KO-Soprano-1;KO-Soprano-2;RU-Alto-1,20,1536,0.2492973150181334,2.3070787462070537,0.0003744456620864714,1946.9294056342387,ca195e1cbfa84741c670,0.05128730514360845,0.0020846633768570877,,,,,
GTSinger_same_text_control,mert_l3,3,139,regularized_LDA,DE-Soprano-1;DE-Tenor-1;EN-Alto-2;ES-Bass-1;FR-Tenor-1;IT-Bass-1;IT-Soprano-1;KO-Soprano-1;KO-Soprano-2;RU-Alto-1,20,1536,,,,,300f480b26325a4028e9,,,19,9,1.0,8,fixed_primary_k8
GTSinger_same_text_control,mert_l3,3,149,OAS,DE-Soprano-1;DE-Tenor-1;EN-Tenor-1;ES-Bass-1;FR-Soprano-1;IT-Bass-2;KO-Soprano-1;KO-Soprano-2;KO-Tenor-1;ZH-Tenor-1,20,1536,0.2555549018255083,2.7641038083794167,0.0004598829930897887,1933.5604558595899,2c14d93f0302acd26c6c,0.0489021502647277,0.0021267657517748395,,,,,
GTSinger_same_text_control,mert_l3,3,149,regularized_LDA,DE-Soprano-1;DE-Tenor-1;EN-Tenor-1;ES-Bass-1;FR-Soprano-1;IT-Bass-2;KO-Soprano-1;KO-Soprano-2;KO-Tenor-1;ZH-Tenor-1,20,1536,,,,,0ec9caa1bd834224856e,,,19,9,1.0,8,fixed_primary_k8
GTSinger_same_text_control,mert_l3,3,151,OAS,DE-Tenor-1;EN-Alto-1;EN-Alto-2;ES-Soprano-1;FR-Tenor-1;IT-Soprano-1;KO-Soprano-1;KO-Tenor-1;RU-Alto-1;ZH-Alto-1,20,1536,0.2526006013146448,2.21099368726026,0.0003636056867869957,1925.9779435040157,49670322c4176a01caa5,0.042657211957699046,0.0013429187121206665,,,,,
GTSinger_same_text_control,mert_l3,3,151,regularized_LDA,DE-Tenor-1;EN-Alto-1;EN-Alto-2;ES-Soprano-1;FR-Tenor-1;IT-Soprano-1;KO-Soprano-1;KO-Tenor-1;RU-Alto-1;ZH-Alto-1,20,1536,,,,,e12f80b5f9a926b8adf9,,,19,9,1.0,8,fixed_primary_k8
GTSinger_same_text_control,mert_l3,3,157,OAS,DE-Soprano-1;DE-Tenor-1;EN-Alto-1;EN-Alto-2;EN-Tenor-1;ES-Bass-1;JA-Soprano-1;KO-Tenor-1;ZH-Alto-1;ZH-Tenor-1,20,1536,0.23105365033999115,2.63346579101673,0.0003961405495181691,2394.752214604243,d005b3299731d5598401,0.04107330881848492,0.0015313609754846746,,,,,
GTSinger_same_text_control,mert_l3,3,157,regularized_LDA,DE-Soprano-1;DE-Tenor-1;EN-Alto-1;EN-Alto-2;EN-Tenor-1;ES-Bass-1;JA-Soprano-1;KO-Tenor-1;ZH-Alto-1;ZH-Tenor-1,20,1536,,,,,01100934b2bcecf2fc40,,,19,9,1.0,8,fixed_primary_k8
GTSinger_same_text_control,mert_l3,3,163,OAS,EN-Alto-1;ES-Bass-1;ES-Soprano-1;FR-Tenor-1;IT-Bass-1;IT-Bass-2;JA-Soprano-1;JA-Tenor-1;KO-Soprano-1;ZH-Alto-1,20,1536,0.2612876542171333,2.8761476956472873,0.0004892590394386023,1804.3818532176085,8aa53ad37ac236294353,0.06506269334696661,0.003903907549766217,,,,,
GTSinger_same_text_control,mert_l3,3,163,regularized_LDA,EN-Alto-1;ES-Bass-1;ES-Soprano-1;FR-Tenor-1;IT-Bass-1;IT-Bass-2;JA-Soprano-1;JA-Tenor-1;KO-Soprano-1;ZH-Alto-1,20,1536,,,,,b6ecfb886abf12e0403e,,,19,9,1.0,8,fixed_primary_k8
GTSinger_same_text_control,mert_l3,3,167,OAS,DE-Tenor-1;EN-Alto-2;EN-Tenor-1;ES-Soprano-1;IT-Bass-2;IT-Soprano-1;KO-Soprano-2;RU-Alto-1;ZH-Alto-1;ZH-Tenor-1,20,1536,0.25337097076113907,2.593026511654282,0.0004277328414500101,1921.4357467719524,7b38d536eea12f3b7392,0.043650892649020646,0.0016408351098912144,,,,,
GTSinger_same_text_control,mert_l3,3,167,regularized_LDA,DE-Tenor-1;EN-Alto-2;EN-Tenor-1;ES-Soprano-1;IT-Bass-2;IT-Soprano-1;KO-Soprano-2;RU-Alto-1;ZH-Alto-1;ZH-Tenor-1,20,1536,,,,,f830bdd778d3b5124c9f,,,19,9,1.0,8,fixed_primary_k8
GTSinger_same_text_control,mert_l3,3,173,OAS,DE-Soprano-1;DE-Tenor-1;EN-Alto-1;EN-Alto-2;ES-Soprano-1;FR-Soprano-1;FR-Tenor-1;IT-Bass-1;IT-Bass-2;JA-Tenor-1,20,1536,0.24704097435462866,2.79120644969682,0.0004489208079153816,2002.8070457194328,28dbef0f5c70974fbed0,0.049571657798469816,0.0022270880434934748,,,,,
GTSinger_same_text_control,mert_l3,3,173,regularized_LDA,DE-Soprano-1;DE-Tenor-1;EN-Alto-1;EN-Alto-2;ES-Soprano-1;FR-Soprano-1;FR-Tenor-1;IT-Bass-1;IT-Bass-2;JA-Tenor-1,20,1536,,,,,2879cec14c1002b74a8b,,,19,9,1.0,8,fixed_primary_k8
GTSinger_same_text_control,mert_l3,3,179,OAS,DE-Soprano-1;EN-Alto-1;EN-Alto-2;EN-Tenor-1;IT-Bass-1;JA-Soprano-1;JA-Tenor-1;KO-Soprano-1;KO-Tenor-1;ZH-Tenor-1,20,1536,0.22749517132154753,2.871371548723161,0.0004252754963571568,2420.9711363939164,7065af08c63d82c3f0ec,0.04442480447206287,0.0018133825534216719,,,,,
GTSinger_same_text_control,mert_l3,3,179,regularized_LDA,DE-Soprano-1;EN-Alto-1;EN-Alto-2;EN-Tenor-1;IT-Bass-1;JA-Soprano-1;JA-Tenor-1;KO-Soprano-1;KO-Tenor-1;ZH-Tenor-1,20,1536,,,,,0232abff75acde196929,,,19,9,1.0,8,fixed_primary_k8
GTSinger_same_text_control,mert_l3,3,181,OAS,DE-Soprano-1;EN-Alto-1;ES-Bass-1;FR-Soprano-1;IT-Bass-2;IT-Soprano-1;JA-Soprano-1;JA-Tenor-1;KO-Soprano-1;ZH-Alto-1,20,1536,0.25519393466320867,2.664371170127924,0.0004426636473360431,1947.5935887566736,1bc836a2110dede537c0,0.043980435799086136,0.0015283785653844584,,,,,
GTSinger_same_text_control,mert_l3,3,181,regularized_LDA,DE-Soprano-1;EN-Alto-1;ES-Bass-1;FR-Soprano-1;IT-Bass-2;IT-Soprano-1;JA-Soprano-1;JA-Tenor-1;KO-Soprano-1;ZH-Alto-1,20,1536,,,,,9a971e50ecac86272d41,,,19,9,1.0,8,fixed_primary_k8
GTSinger_same_text_control,mert_l3,3,191,OAS,DE-Tenor-1;EN-Tenor-1;ES-Bass-1;ES-Soprano-1;FR-Soprano-1;FR-Tenor-1;IT-Bass-1;JA-Soprano-1;ZH-Alto-1;ZH-Tenor-1,20,1536,0.2423145180890354,2.7910620033864175,0.000440309143429165,2143.008395208725,0834d26d1eb1ca6e79f0,0.041790856402822235,0.0012419304314298385,,,,,
GTSinger_same_text_control,mert_l3,3,191,regularized_LDA,DE-Tenor-1;EN-Tenor-1;ES-Bass-1;ES-Soprano-1;FR-Soprano-1;FR-Tenor-1;IT-Bass-1;JA-Soprano-1;ZH-Alto-1;ZH-Tenor-1,20,1536,,,,,d64df7c6200fc5d2a178,,,19,9,1.0,8,fixed_primary_k8
GTSinger_same_text_control,mert_l3,3,193,OAS,EN-Alto-1;EN-Tenor-1;ES-Bass-1;ES-Soprano-1;FR-Soprano-1;IT-Soprano-1;JA-Tenor-1;KO-Soprano-2;RU-Alto-1;ZH-Tenor-1,20,1536,0.20084873286575247,2.465732120232724,0.00032242133589526547,3204.8055097584456,07985fdcf74bed672fac,0.03487316439750335,0.0010044341314391358,,,,,
GTSinger_same_text_control,mert_l3,3,193,regularized_LDA,EN-Alto-1;EN-Tenor-1;ES-Bass-1;ES-Soprano-1;FR-Soprano-1;IT-Soprano-1;JA-Tenor-1;KO-Soprano-2;RU-Alto-1;ZH-Tenor-1,20,1536,,,,,68a473b9efda3786ad1a,,,19,9,1.0,8,fixed_primary_k8
GTSinger_same_text_control,mert_l3,3,197,OAS,DE-Soprano-1;DE-Tenor-1;EN-Alto-1;ES-Bass-1;ES-Soprano-1;FR-Soprano-1;IT-Bass-2;KO-Tenor-1;RU-Alto-1;ZH-Tenor-1,20,1536,0.2695243546936013,2.35178054366708,0.00041267065977398216,1694.6755271893985,0cf6711dfc4b94247cee,0.052736511517474195,0.00246267380645937,,,,,
GTSinger_same_text_control,mert_l3,3,197,regularized_LDA,DE-Soprano-1;DE-Tenor-1;EN-Alto-1;ES-Bass-1;ES-Soprano-1;FR-Soprano-1;IT-Bass-2;KO-Tenor-1;RU-Alto-1;ZH-Tenor-1,20,1536,,,,,5893c85e7ed5bf72f2c5,,,19,9,1.0,8,fixed_primary_k8
GTSinger_same_text_control,mert_l3,3,199,OAS,DE-Soprano-1;EN-Alto-2;EN-Tenor-1;ES-Bass-1;ES-Soprano-1;FR-Tenor-1;IT-Bass-1;KO-Soprano-1;RU-Alto-1;ZH-Tenor-1,20,1536,0.24166519283735519,2.6042617005449666,0.0004097391966543866,2140.68935366634,9ca3575da2810e48ac82,0.04949002345552766,0.001988005099040291,,,,,
GTSinger_same_text_control,mert_l3,3,199,regularized_LDA,DE-Soprano-1;EN-Alto-2;EN-Tenor-1;ES-Bass-1;ES-Soprano-1;FR-Tenor-1;IT-Bass-1;KO-Soprano-1;RU-Alto-1;ZH-Tenor-1,20,1536,,,,,63e2dbc2ff91a6f90f54,,,19,9,1.0,8,fixed_primary_k8
GTSinger_same_text_control,mert_l3,3,211,OAS,DE-Soprano-1;EN-Alto-1;EN-Alto-2;ES-Bass-1;FR-Soprano-1;JA-Tenor-1;KO-Soprano-2;KO-Tenor-1;RU-Alto-1;ZH-Alto-1,20,1536,0.21608409284681485,2.273351188498038,0.0003198144721932467,2797.7236098415183,bd79999f4a16fcbfafee,0.03825493918235322,0.0011552826599834365,,,,,
GTSinger_same_text_control,mert_l3,3,211,regularized_LDA,DE-Soprano-1;EN-Alto-1;EN-Alto-2;ES-Bass-1;FR-Soprano-1;JA-Tenor-1;KO-Soprano-2;KO-Tenor-1;RU-Alto-1;ZH-Alto-1,20,1536,,,,,40e4aa72e9a70d7a5bf6,,,19,9,1.0,8,fixed_primary_k8
GTSinger_same_text_control,mert_l3,3,223,OAS,DE-Soprano-1;EN-Alto-2;EN-Tenor-1;ES-Soprano-1;IT-Bass-2;IT-Soprano-1;JA-Tenor-1;KO-Soprano-2;KO-Tenor-1;ZH-Alto-1,20,1536,0.2265768358712935,2.8585351759035156,0.0004216652704316471,2498.531286941387,3f72864ee99d31acf321,0.04276806040207497,0.0016636946852924828,,,,,
GTSinger_same_text_control,mert_l3,3,223,regularized_LDA,DE-Soprano-1;EN-Alto-2;EN-Tenor-1;ES-Soprano-1;IT-Bass-2;IT-Soprano-1;JA-Tenor-1;KO-Soprano-2;KO-Tenor-1;ZH-Alto-1,20,1536,,,,,6198622f7f9e4df67910,,,19,9,1.0,8,fixed_primary_k8
GTSinger_same_text_control,mert_l3,3,227,OAS,DE-Soprano-1;EN-Tenor-1;ES-Bass-1;FR-Soprano-1;FR-Tenor-1;IT-Bass-1;JA-Tenor-1;KO-Soprano-1;KO-Soprano-2;KO-Tenor-1,20,1536,0.2257731338509138,2.8696836673213832,0.00042180825177860146,2514.4409970094343,5684ada5c62c00ce84cb,0.045914424843315656,0.0017187237319881143,,,,,
GTSinger_same_text_control,mert_l3,3,227,regularized_LDA,DE-Soprano-1;EN-Tenor-1;ES-Bass-1;FR-Soprano-1;FR-Tenor-1;IT-Bass-1;JA-Tenor-1;KO-Soprano-1;KO-Soprano-2;KO-Tenor-1,20,1536,,,,,0744c4dcf432a79880bc,,,19,9,1.0,8,fixed_primary_k8
GTSinger_same_text_control,mert_l3,3,229,OAS,DE-Tenor-1;ES-Bass-1;ES-Soprano-1;FR-Soprano-1;IT-Bass-1;IT-Bass-2;IT-Soprano-1;KO-Tenor-1;RU-Alto-1;ZH-Alto-1,20,1536,0.2793986881762376,2.436236444966901,0.0004431518664133417,1500.1831021973053,cd8811934cae24163755,0.05797173878989874,0.0026977605007411087,,,,,
GTSinger_same_text_control,mert_l3,3,229,regularized_LDA,DE-Tenor-1;ES-Bass-1;ES-Soprano-1;FR-Soprano-1;IT-Bass-1;IT-Bass-2;IT-Soprano-1;KO-Tenor-1;RU-Alto-1;ZH-Alto-1,20,1536,,,,,f9e1b8b6831f15f63870,,,19,9,1.0,8,fixed_primary_k8
GTSinger_same_text_control,mert_l3,3,233,OAS,DE-Soprano-1;DE-Tenor-1;EN-Alto-1;EN-Tenor-1;FR-Soprano-1;FR-Tenor-1;IT-Bass-1;IT-Bass-2;KO-Soprano-2;ZH-Tenor-1,20,1536,0.25763960639672295,2.7391308275016892,0.00045944569548611017,1839.1823325471921,f61ea9b40c8c747ed990,0.0525046896399604,0.002515452411548935,,,,,
GTSinger_same_text_control,mert_l3,3,233,regularized_LDA,DE-Soprano-1;DE-Tenor-1;EN-Alto-1;EN-Tenor-1;FR-Soprano-1;FR-Tenor-1;IT-Bass-1;IT-Bass-2;KO-Soprano-2;ZH-Tenor-1,20,1536,,,,,852d56fb5576872a157e,,,19,9,1.0,8,fixed_primary_k8
GTSinger_same_text_control,mert_l3,3,239,OAS,DE-Tenor-1;EN-Tenor-1;FR-Soprano-1;FR-Tenor-1;IT-Bass-1;IT-Bass-2;IT-Soprano-1;KO-Soprano-1;KO-Soprano-2;ZH-Tenor-1,20,1536,0.27246279089082714,2.8327940695969898,0.0005024941264462108,1629.804172433194,5c335a8557ce7fbda275,0.057461760330868375,0.00312313682019405,,,,,
GTSinger_same_text_control,mert_l3,3,239,regularized_LDA,DE-Tenor-1;EN-Tenor-1;FR-Soprano-1;FR-Tenor-1;IT-Bass-1;IT-Bass-2;IT-Soprano-1;KO-Soprano-1;KO-Soprano-2;ZH-Tenor-1,20,1536,,,,,47ee04f3e8507bf8b513,,,19,9,1.0,8,fixed_primary_k8
GTSinger_same_text_control,mert_l3,3,241,OAS,DE-Soprano-1;EN-Alto-1;FR-Tenor-1;IT-Bass-1;IT-Soprano-1;JA-Soprano-1;JA-Tenor-1;KO-Soprano-1;KO-Soprano-2;KO-Tenor-1,20,1536,0.2529535698450334,2.5899351313867935,0.00042651909970791346,1942.532762006117,c9ddea66a9a7918ed58a,0.05185693920142211,0.002163699574314615,,,,,
GTSinger_same_text_control,mert_l3,3,241,regularized_LDA,DE-Soprano-1;EN-Alto-1;FR-Tenor-1;IT-Bass-1;IT-Soprano-1;JA-Soprano-1;JA-Tenor-1;KO-Soprano-1;KO-Soprano-2;KO-Tenor-1,20,1536,,,,,439bcb171a91f8a25a52,,,19,9,1.0,8,fixed_primary_k8
GTSinger_same_text_control,mert_l3,3,251,OAS,DE-Soprano-1;EN-Tenor-1;FR-Tenor-1;IT-Bass-1;IT-Soprano-1;JA-Tenor-1;KO-Soprano-2;KO-Tenor-1;ZH-Alto-1;ZH-Tenor-1,20,1536,0.22552849512047518,2.8799661766265716,0.00042286096211748654,2519.4448638198246,38f14d3ebee21794ef0a,0.04671639184270988,0.0017380783024674162,,,,,
GTSinger_same_text_control,mert_l3,3,251,regularized_LDA,DE-Soprano-1;EN-Tenor-1;FR-Tenor-1;IT-Bass-1;IT-Soprano-1;JA-Tenor-1;KO-Soprano-2;KO-Tenor-1;ZH-Alto-1;ZH-Tenor-1,20,1536,,,,,16fffb26be902dcff2e4,,,19,9,1.0,8,fixed_primary_k8
GTSinger_same_text_control,mert_l3,3,257,OAS,DE-Soprano-1;EN-Alto-2;ES-Bass-1;FR-Soprano-1;FR-Tenor-1;JA-Tenor-1;KO-Soprano-2;KO-Tenor-1;RU-Alto-1;ZH-Tenor-1,20,1536,0.2190508474445001,2.6035263863702434,0.0003712920971865357,2683.992578968504,639f67d8a59ccd926abc,0.04340079237640846,0.0014643585914320134,,,,,
GTSinger_same_text_control,mert_l3,3,257,regularized_LDA,DE-Soprano-1;EN-Alto-2;ES-Bass-1;FR-Soprano-1;FR-Tenor-1;JA-Tenor-1;KO-Soprano-2;KO-Tenor-1;RU-Alto-1;ZH-Tenor-1,20,1536,,,,,074c781a34814cd3d9ba,,,19,9,1.0,8,fixed_primary_k8
