dataset,model,layer,split_seed,target,test_speakers_N,chance_R1,R1_num,R1_den,R1,R5,MRR,same_cos_mean,diff_cos_mean,same_minus_diff,CI,reliability_pass,split_half_method
GTSinger,wavlm_l12,12,13,speech,10,0.1,9,10,0.9,1.0,0.9199999999999999,0.9949149720188087,0.9813434998595665,0.01357147215924226,not_bootstrapped_minimal,inspect,utterance_disjoint_halves
GTSinger,wavlm_l12,12,13,singing,10,0.1,10,10,1.0,1.0,1.0,0.9974794596145171,0.9870819411018562,0.010397518512660908,not_bootstrapped_minimal,inspect,utterance_disjoint_halves
GTSinger,wavlm_l12,12,13,delta,10,0.1,8,10,0.8,1.0,0.8699999999999999,0.8868515167239925,0.7409551085209584,0.14589640820303418,not_bootstrapped_minimal,inspect,utterance_disjoint_halves
GTSinger,wavlm_l12,12,13,r,10,0.1,9,10,0.9,0.9,0.9142857142857143,0.590561248241875,0.08668522352527588,0.5038760247165991,not_bootstrapped_minimal,pass,utterance_disjoint_halves
GTSinger,wavlm_l12,12,17,speech,10,0.1,10,10,1.0,1.0,1.0,0.9968732009233315,0.9827773789998893,0.014095821923442275,not_bootstrapped_minimal,inspect,utterance_disjoint_halves
GTSinger,wavlm_l12,12,17,singing,10,0.1,10,10,1.0,1.0,1.0,0.9978982940736779,0.9860049023359838,0.011893391737694103,not_bootstrapped_minimal,inspect,utterance_disjoint_halves
GTSinger,wavlm_l12,12,17,delta,10,0.1,10,10,1.0,1.0,1.0,0.9182170739029629,0.7759930013110394,0.1422240725919235,not_bootstrapped_minimal,inspect,utterance_disjoint_halves
GTSinger,wavlm_l12,12,17,r,10,0.1,9,10,0.9,1.0,0.9199999999999999,0.5762861478217678,0.0014419639579312928,0.5748441838638365,not_bootstrapped_minimal,pass,utterance_disjoint_halves
GTSinger,wavlm_l12,12,19,speech,10,0.1,10,10,1.0,1.0,1.0,0.9966239004824848,0.9829820617392676,0.013641838743217227,not_bootstrapped_minimal,inspect,utterance_disjoint_halves
GTSinger,wavlm_l12,12,19,singing,10,0.1,10,10,1.0,1.0,1.0,0.9982890125083553,0.9857196817566355,0.012569330751719843,not_bootstrapped_minimal,inspect,utterance_disjoint_halves
GTSinger,wavlm_l12,12,19,delta,10,0.1,10,10,1.0,1.0,1.0,0.9139518661928466,0.7665713942800622,0.14738047191278447,not_bootstrapped_minimal,inspect,utterance_disjoint_halves
GTSinger,wavlm_l12,12,19,r,10,0.1,9,10,0.9,1.0,0.9199999999999999,0.563681995689819,-0.049651459962382745,0.6133334556522018,not_bootstrapped_minimal,pass,utterance_disjoint_halves
GTSinger,wavlm_l12,12,23,speech,10,0.1,9,10,0.9,0.9,0.9142857142857143,0.9950313712657716,0.9832900736362717,0.011741297629499825,not_bootstrapped_minimal,inspect,utterance_disjoint_halves
GTSinger,wavlm_l12,12,23,singing,10,0.1,10,10,1.0,1.0,1.0,0.9984640896492714,0.9857914396459854,0.01267265000328599,not_bootstrapped_minimal,inspect,utterance_disjoint_halves
GTSinger,wavlm_l12,12,23,delta,10,0.1,9,10,0.9,0.9,0.9142857142857143,0.8917345520116742,0.7321167536615794,0.15961779835009482,not_bootstrapped_minimal,inspect,utterance_disjoint_halves
GTSinger,wavlm_l12,12,23,r,10,0.1,9,10,0.9,1.0,0.95,0.6220874603336197,0.07275515336457793,0.5493323069690418,not_bootstrapped_minimal,pass,utterance_disjoint_halves
GTSinger,wavlm_l12,12,29,speech,10,0.1,9,10,0.9,0.9,0.9166666666666667,0.995713809207668,0.9814993095233333,0.014214499684334747,not_bootstrapped_minimal,inspect,utterance_disjoint_halves
GTSinger,wavlm_l12,12,29,singing,10,0.1,10,10,1.0,1.0,1.0,0.9982252459127421,0.9853851096931706,0.012840136219571474,not_bootstrapped_minimal,inspect,utterance_disjoint_halves
GTSinger,wavlm_l12,12,29,delta,10,0.1,9,10,0.9,0.9,0.9166666666666667,0.8980062403297291,0.73248292908296,0.1655233112467691,not_bootstrapped_minimal,inspect,utterance_disjoint_halves
GTSinger,wavlm_l12,12,29,r,10,0.1,9,10,0.9,1.0,0.9333333333333332,0.6576548001269871,0.024393719901270542,0.6332610802257165,not_bootstrapped_minimal,pass,utterance_disjoint_halves
GTSinger,wavlm_l12,12,31,speech,10,0.1,9,10,0.9,0.9,0.9166666666666667,0.994849072498815,0.9780826403842571,0.016766432114557972,not_bootstrapped_minimal,inspect,utterance_disjoint_halves
GTSinger,wavlm_l12,12,31,singing,10,0.1,10,10,1.0,1.0,1.0,0.9982943730012085,0.983235047238591,0.015059325762617481,not_bootstrapped_minimal,inspect,utterance_disjoint_halves
GTSinger,wavlm_l12,12,31,delta,10,0.1,9,10,0.9,0.9,0.9142857142857143,0.910061685729835,0.7363105935329399,0.1737510921968951,not_bootstrapped_minimal,inspect,utterance_disjoint_halves
GTSinger,wavlm_l12,12,31,r,10,0.1,9,10,0.9,0.9,0.9142857142857143,0.6921001266215026,0.08114883357223902,0.6109512930492635,not_bootstrapped_minimal,pass,utterance_disjoint_halves
GTSinger,wavlm_l12,12,37,speech,10,0.1,9,10,0.9,0.9,0.9166666666666667,0.9949768026869732,0.9826763117005268,0.012300490986446366,not_bootstrapped_minimal,inspect,utterance_disjoint_halves
GTSinger,wavlm_l12,12,37,singing,10,0.1,10,10,1.0,1.0,1.0,0.9985459138380446,0.9873557877962582,0.011190126041786375,not_bootstrapped_minimal,inspect,utterance_disjoint_halves
GTSinger,wavlm_l12,12,37,delta,10,0.1,9,10,0.9,0.9,0.9125,0.896531204062714,0.763986499961799,0.132544704100915,not_bootstrapped_minimal,inspect,utterance_disjoint_halves
GTSinger,wavlm_l12,12,37,r,10,0.1,9,10,0.9,1.0,0.925,0.6044398446367301,-0.002306675940414538,0.6067465205771446,not_bootstrapped_minimal,pass,utterance_disjoint_halves
GTSinger,wavlm_l12,12,41,speech,10,0.1,10,10,1.0,1.0,1.0,0.9964121360260215,0.9822542639656752,0.014157872060346355,not_bootstrapped_minimal,inspect,utterance_disjoint_halves
GTSinger,wavlm_l12,12,41,singing,10,0.1,10,10,1.0,1.0,1.0,0.9982480110581499,0.9858112402320192,0.012436770826130705,not_bootstrapped_minimal,inspect,utterance_disjoint_halves
GTSinger,wavlm_l12,12,41,delta,10,0.1,9,10,0.9,1.0,0.95,0.9157285412983512,0.7587697227975652,0.15695881850078608,not_bootstrapped_minimal,inspect,utterance_disjoint_halves
GTSinger,wavlm_l12,12,41,r,10,0.1,9,10,0.9,0.9,0.9166666666666667,0.6160034741889975,-0.004830141365834075,0.6208336155548315,not_bootstrapped_minimal,pass,utterance_disjoint_halves
GTSinger,wavlm_l12,12,43,speech,10,0.1,9,10,0.9,0.9,0.9125,0.9948400422738508,0.9832585184821983,0.01158152379165256,not_bootstrapped_minimal,inspect,utterance_disjoint_halves
GTSinger,wavlm_l12,12,43,singing,10,0.1,10,10,1.0,1.0,1.0,0.998777658249208,0.9895097584241531,0.009267899825054826,not_bootstrapped_minimal,inspect,utterance_disjoint_halves
GTSinger,wavlm_l12,12,43,delta,10,0.1,9,10,0.9,0.9,0.9111111111111111,0.9021932511944752,0.7752981438216324,0.12689510737284282,not_bootstrapped_minimal,inspect,utterance_disjoint_halves
GTSinger,wavlm_l12,12,43,r,10,0.1,9,10,0.9,1.0,0.9199999999999999,0.5926441047390744,0.060876964489918535,0.5317671402491558,not_bootstrapped_minimal,pass,utterance_disjoint_halves
GTSinger,wavlm_l12,12,47,speech,10,0.1,9,10,0.9,0.9,0.9111111111111111,0.9954312063158856,0.9842273105590902,0.011203895756795368,not_bootstrapped_minimal,inspect,utterance_disjoint_halves
GTSinger,wavlm_l12,12,47,singing,10,0.1,10,10,1.0,1.0,1.0,0.9985042369949255,0.9868088102574518,0.011695426737473702,not_bootstrapped_minimal,inspect,utterance_disjoint_halves
GTSinger,wavlm_l12,12,47,delta,10,0.1,8,10,0.8,0.9,0.861111111111111,0.9134436783187434,0.788493515065136,0.12495016325360742,not_bootstrapped_minimal,inspect,utterance_disjoint_halves
GTSinger,wavlm_l12,12,47,r,10,0.1,8,10,0.8,1.0,0.8400000000000001,0.6126408605041345,0.11196200573356876,0.5006788547705657,not_bootstrapped_minimal,pass,utterance_disjoint_halves
GTSinger,wavlm_l12,12,53,speech,10,0.1,10,10,1.0,1.0,1.0,0.9963496595263331,0.9842668800432681,0.01208277948306502,not_bootstrapped_minimal,inspect,utterance_disjoint_halves
GTSinger,wavlm_l12,12,53,singing,10,0.1,10,10,1.0,1.0,1.0,0.9982417669633948,0.984212720106585,0.014029046856809835,not_bootstrapped_minimal,inspect,utterance_disjoint_halves
GTSinger,wavlm_l12,12,53,delta,10,0.1,10,10,1.0,1.0,1.0,0.9074995508068378,0.7518188301115113,0.15568072069532646,not_bootstrapped_minimal,inspect,utterance_disjoint_halves
GTSinger,wavlm_l12,12,53,r,10,0.1,10,10,1.0,1.0,1.0,0.681185727673778,0.023951183967216613,0.6572345437065614,not_bootstrapped_minimal,pass,utterance_disjoint_halves
GTSinger,wavlm_l12,12,59,speech,10,0.1,10,10,1.0,1.0,1.0,0.9964624134563527,0.9824109539489391,0.0140514595074136,not_bootstrapped_minimal,inspect,utterance_disjoint_halves
GTSinger,wavlm_l12,12,59,singing,10,0.1,10,10,1.0,1.0,1.0,0.9980692717797253,0.9850252800160723,0.013043991763653007,not_bootstrapped_minimal,inspect,utterance_disjoint_halves
GTSinger,wavlm_l12,12,59,delta,10,0.1,10,10,1.0,1.0,1.0,0.9157143111546743,0.7732690203385986,0.1424452908160757,not_bootstrapped_minimal,inspect,utterance_disjoint_halves
GTSinger,wavlm_l12,12,59,r,10,0.1,9,10,0.9,0.9,0.9166666666666667,0.6103228154055882,-0.0064094352132224594,0.6167322506188107,not_bootstrapped_minimal,pass,utterance_disjoint_halves
GTSinger,wavlm_l12,12,61,speech,10,0.1,10,10,1.0,1.0,1.0,0.9964640604345874,0.985638415700856,0.010825644733731377,not_bootstrapped_minimal,inspect,utterance_disjoint_halves
GTSinger,wavlm_l12,12,61,singing,10,0.1,10,10,1.0,1.0,1.0,0.9986063212030081,0.9859356994868759,0.012670621716132202,not_bootstrapped_minimal,inspect,utterance_disjoint_halves
GTSinger,wavlm_l12,12,61,delta,10,0.1,10,10,1.0,1.0,1.0,0.9271112045213175,0.799178196530135,0.12793300799118246,not_bootstrapped_minimal,inspect,utterance_disjoint_halves
GTSinger,wavlm_l12,12,61,r,10,0.1,10,10,1.0,1.0,1.0,0.673526542516518,0.07680536078383278,0.5967211817326852,not_bootstrapped_minimal,pass,utterance_disjoint_halves
GTSinger,wavlm_l12,12,67,speech,10,0.1,9,10,0.9,0.9,0.9125,0.9951889094036817,0.9851817338739821,0.010007175529699541,not_bootstrapped_minimal,inspect,utterance_disjoint_halves
GTSinger,wavlm_l12,12,67,singing,10,0.1,10,10,1.0,1.0,1.0,0.998530475524627,0.9875962552875219,0.010934220237105108,not_bootstrapped_minimal,inspect,utterance_disjoint_halves
GTSinger,wavlm_l12,12,67,delta,10,0.1,9,10,0.9,0.9,0.9142857142857143,0.9034264547273712,0.77686953762069,0.12655691710668115,not_bootstrapped_minimal,inspect,utterance_disjoint_halves
GTSinger,wavlm_l12,12,67,r,10,0.1,9,10,0.9,1.0,0.9333333333333332,0.6401116798291385,0.14211845510938187,0.49799322471975666,not_bootstrapped_minimal,pass,utterance_disjoint_halves
GTSinger,wavlm_l12,12,71,speech,10,0.1,10,10,1.0,1.0,1.0,0.9963547924486751,0.9838774511357319,0.012477341312943202,not_bootstrapped_minimal,inspect,utterance_disjoint_halves
GTSinger,wavlm_l12,12,71,singing,10,0.1,10,10,1.0,1.0,1.0,0.9986244720775451,0.9885931277620699,0.010031344315475255,not_bootstrapped_minimal,inspect,utterance_disjoint_halves
GTSinger,wavlm_l12,12,71,delta,10,0.1,10,10,1.0,1.0,1.0,0.9192054758635086,0.7855056008122753,0.13369987505123337,not_bootstrapped_minimal,inspect,utterance_disjoint_halves
GTSinger,wavlm_l12,12,71,r,10,0.1,10,10,1.0,1.0,1.0,0.6488664055322038,0.06045244127439479,0.588413964257809,not_bootstrapped_minimal,pass,utterance_disjoint_halves
GTSinger,wavlm_l12,12,73,speech,10,0.1,9,10,0.9,0.9,0.9166666666666667,0.9948854118376383,0.9783937794758006,0.016491632361837705,not_bootstrapped_minimal,inspect,utterance_disjoint_halves
GTSinger,wavlm_l12,12,73,singing,10,0.1,10,10,1.0,1.0,1.0,0.9982463056900077,0.9842189261066598,0.014027379583347876,not_bootstrapped_minimal,inspect,utterance_disjoint_halves
GTSinger,wavlm_l12,12,73,delta,10,0.1,9,10,0.9,0.9,0.9125,0.9104098180309457,0.7529777145816905,0.15743210344925518,not_bootstrapped_minimal,inspect,utterance_disjoint_halves
GTSinger,wavlm_l12,12,73,r,10,0.1,9,10,0.9,0.9,0.9142857142857143,0.6737534494897893,0.12008180008806063,0.5536716494017286,not_bootstrapped_minimal,pass,utterance_disjoint_halves
GTSinger,wavlm_l12,12,79,speech,10,0.1,9,10,0.9,0.9,0.9166666666666667,0.9947694908260862,0.9794490415932882,0.015320449232798072,not_bootstrapped_minimal,inspect,utterance_disjoint_halves
GTSinger,wavlm_l12,12,79,singing,10,0.1,9,10,0.9,1.0,0.95,0.9983266052387245,0.987989187341799,0.01033741789692555,not_bootstrapped_minimal,inspect,utterance_disjoint_halves
GTSinger,wavlm_l12,12,79,delta,10,0.1,8,10,0.8,0.9,0.8642857142857142,0.8839765941945131,0.7122409429482416,0.17173565124627155,not_bootstrapped_minimal,inspect,utterance_disjoint_halves
GTSinger,wavlm_l12,12,79,r,10,0.1,9,10,0.9,1.0,0.9199999999999999,0.6575259358151377,0.17028375999543086,0.48724217581970686,not_bootstrapped_minimal,pass,utterance_disjoint_halves
GTSinger,wavlm_l12,12,83,speech,10,0.1,10,10,1.0,1.0,1.0,0.9963878986293675,0.9817997948996207,0.014588103729746837,not_bootstrapped_minimal,inspect,utterance_disjoint_halves
GTSinger,wavlm_l12,12,83,singing,10,0.1,10,10,1.0,1.0,1.0,0.9981905143817837,0.9910721377941166,0.007118376587667119,not_bootstrapped_minimal,inspect,utterance_disjoint_halves
GTSinger,wavlm_l12,12,83,delta,10,0.1,10,10,1.0,1.0,1.0,0.9117512646644569,0.762135761710736,0.14961550295372084,not_bootstrapped_minimal,inspect,utterance_disjoint_halves
GTSinger,wavlm_l12,12,83,r,10,0.1,10,10,1.0,1.0,1.0,0.6667586567894622,0.12340385731350043,0.5433547994759618,not_bootstrapped_minimal,pass,utterance_disjoint_halves
GTSinger,wavlm_l12,12,89,speech,10,0.1,10,10,1.0,1.0,1.0,0.9963522646749979,0.9839510960924949,0.012401168582503064,not_bootstrapped_minimal,inspect,utterance_disjoint_halves
GTSinger,wavlm_l12,12,89,singing,10,0.1,10,10,1.0,1.0,1.0,0.9984412738154967,0.9858115176838922,0.012629756131604553,not_bootstrapped_minimal,inspect,utterance_disjoint_halves
GTSinger,wavlm_l12,12,89,delta,10,0.1,10,10,1.0,1.0,1.0,0.9081428281422939,0.7458675138547091,0.1622753142875848,not_bootstrapped_minimal,inspect,utterance_disjoint_halves
GTSinger,wavlm_l12,12,89,r,10,0.1,10,10,1.0,1.0,1.0,0.6864034515023865,0.12139676180042147,0.565006689701965,not_bootstrapped_minimal,pass,utterance_disjoint_halves
GTSinger,wavlm_l12,12,97,speech,10,0.1,9,10,0.9,0.9,0.9166666666666667,0.9951816053164005,0.9834542172779952,0.01172738803840534,not_bootstrapped_minimal,inspect,utterance_disjoint_halves
GTSinger,wavlm_l12,12,97,singing,10,0.1,10,10,1.0,1.0,1.0,0.9981667521941271,0.9853452755063173,0.012821476687809752,not_bootstrapped_minimal,inspect,utterance_disjoint_halves
GTSinger,wavlm_l12,12,97,delta,10,0.1,9,10,0.9,0.9,0.9166666666666667,0.8982159512587751,0.7712302152400675,0.12698573601870755,not_bootstrapped_minimal,inspect,utterance_disjoint_halves
GTSinger,wavlm_l12,12,97,r,10,0.1,9,10,0.9,1.0,0.95,0.6273917820300593,0.0827935382718114,0.544598243758248,not_bootstrapped_minimal,pass,utterance_disjoint_halves
GTSinger,wavlm_l12,12,101,speech,10,0.1,10,10,1.0,1.0,1.0,0.9965976387703577,0.98358333093378,0.013014307836577643,not_bootstrapped_minimal,inspect,utterance_disjoint_halves
GTSinger,wavlm_l12,12,101,singing,10,0.1,10,10,1.0,1.0,1.0,0.9980320058046657,0.9853488619761998,0.012683143828465915,not_bootstrapped_minimal,inspect,utterance_disjoint_halves
GTSinger,wavlm_l12,12,101,delta,10,0.1,10,10,1.0,1.0,1.0,0.9194714910428825,0.749629335133661,0.16984215590922147,not_bootstrapped_minimal,inspect,utterance_disjoint_halves
GTSinger,wavlm_l12,12,101,r,10,0.1,10,10,1.0,1.0,1.0,0.6759832207234158,0.05609977176758484,0.6198834489558309,not_bootstrapped_minimal,pass,utterance_disjoint_halves
GTSinger,wavlm_l12,12,103,speech,10,0.1,10,10,1.0,1.0,1.0,0.9965558101239924,0.9869921928051751,0.009563617318817275,not_bootstrapped_minimal,inspect,utterance_disjoint_halves
GTSinger,wavlm_l12,12,103,singing,10,0.1,10,10,1.0,1.0,1.0,0.9982541130413478,0.9904366160178126,0.00781749702353518,not_bootstrapped_minimal,inspect,utterance_disjoint_halves
GTSinger,wavlm_l12,12,103,delta,10,0.1,9,10,0.9,1.0,0.95,0.8990654064716427,0.7641700713063361,0.1348953351653066,not_bootstrapped_minimal,inspect,utterance_disjoint_halves
GTSinger,wavlm_l12,12,103,r,10,0.1,9,10,0.9,0.9,0.9111111111111111,0.6354622155452787,0.17594699244983653,0.4595152230954422,not_bootstrapped_minimal,pass,utterance_disjoint_halves
GTSinger,wavlm_l12,12,107,speech,10,0.1,10,10,1.0,1.0,1.0,0.996132016135749,0.9804952015539631,0.015636814581785896,not_bootstrapped_minimal,inspect,utterance_disjoint_halves
GTSinger,wavlm_l12,12,107,singing,10,0.1,10,10,1.0,1.0,1.0,0.9982084731711579,0.9855721213307741,0.012636351840383808,not_bootstrapped_minimal,inspect,utterance_disjoint_halves
GTSinger,wavlm_l12,12,107,delta,10,0.1,10,10,1.0,1.0,1.0,0.9263468277148,0.7687869945977086,0.15755983311709143,not_bootstrapped_minimal,inspect,utterance_disjoint_halves
GTSinger,wavlm_l12,12,107,r,10,0.1,10,10,1.0,1.0,1.0,0.6784701776464394,0.04243322904879381,0.6360369485976456,not_bootstrapped_minimal,pass,utterance_disjoint_halves
GTSinger,wavlm_l12,12,109,speech,10,0.1,10,10,1.0,1.0,1.0,0.996256922732415,0.9852937884364569,0.010963134295958077,not_bootstrapped_minimal,inspect,utterance_disjoint_halves
GTSinger,wavlm_l12,12,109,singing,10,0.1,10,10,1.0,1.0,1.0,0.9979716684794516,0.9852829680164651,0.012688700462986535,not_bootstrapped_minimal,inspect,utterance_disjoint_halves
GTSinger,wavlm_l12,12,109,delta,10,0.1,9,10,0.9,1.0,0.95,0.897387012265197,0.7623265397706782,0.1350604724945188,not_bootstrapped_minimal,inspect,utterance_disjoint_halves
GTSinger,wavlm_l12,12,109,r,10,0.1,9,10,0.9,0.9,0.9111111111111111,0.6418446935832599,0.11035476557391623,0.5314899280093437,not_bootstrapped_minimal,pass,utterance_disjoint_halves
GTSinger,wavlm_l12,12,113,speech,10,0.1,9,10,0.9,0.9,0.9166666666666667,0.9946518196555703,0.9829582353836058,0.01169358427196443,not_bootstrapped_minimal,inspect,utterance_disjoint_halves
GTSinger,wavlm_l12,12,113,singing,10,0.1,10,10,1.0,1.0,1.0,0.9982820449418381,0.9852474076260288,0.013034637315809339,not_bootstrapped_minimal,inspect,utterance_disjoint_halves
GTSinger,wavlm_l12,12,113,delta,10,0.1,9,10,0.9,0.9,0.9166666666666667,0.8945437350510955,0.755298054035111,0.13924568101598456,not_bootstrapped_minimal,inspect,utterance_disjoint_halves
GTSinger,wavlm_l12,12,113,r,10,0.1,9,10,0.9,1.0,0.95,0.6210821439750706,0.08412541865031185,0.5369567253247587,not_bootstrapped_minimal,pass,utterance_disjoint_halves
GTSinger,wavlm_l12,12,127,speech,10,0.1,9,10,0.9,0.9,0.9125,0.9954565617690146,0.9820710001681738,0.013385561600840812,not_bootstrapped_minimal,inspect,utterance_disjoint_halves
GTSinger,wavlm_l12,12,127,singing,10,0.1,10,10,1.0,1.0,1.0,0.9985623690386669,0.9857665944134388,0.012795774625228074,not_bootstrapped_minimal,inspect,utterance_disjoint_halves
GTSinger,wavlm_l12,12,127,delta,10,0.1,9,10,0.9,0.9,0.9142857142857143,0.9047844210548576,0.7367572877182055,0.1680271333366521,not_bootstrapped_minimal,inspect,utterance_disjoint_halves
GTSinger,wavlm_l12,12,127,r,10,0.1,9,10,0.9,1.0,0.9199999999999999,0.6484363125417968,-0.01137754620332839,0.6598138587451252,not_bootstrapped_minimal,pass,utterance_disjoint_halves
GTSinger,wavlm_l12,12,131,speech,10,0.1,10,10,1.0,1.0,1.0,0.9965836742875702,0.9820249144594169,0.014558759828153356,not_bootstrapped_minimal,inspect,utterance_disjoint_halves
GTSinger,wavlm_l12,12,131,singing,10,0.1,10,10,1.0,1.0,1.0,0.9982183404342939,0.9841785319652548,0.014039808469039072,not_bootstrapped_minimal,inspect,utterance_disjoint_halves
GTSinger,wavlm_l12,12,131,delta,10,0.1,10,10,1.0,1.0,1.0,0.931133092768999,0.7613501993823457,0.1697828933866533,not_bootstrapped_minimal,inspect,utterance_disjoint_halves
GTSinger,wavlm_l12,12,131,r,10,0.1,10,10,1.0,1.0,1.0,0.7119440855519101,0.06503508547578628,0.6469090000761238,not_bootstrapped_minimal,pass,utterance_disjoint_halves
GTSinger,wavlm_l12,12,137,speech,10,0.1,10,10,1.0,1.0,1.0,0.9962267235619718,0.9844184691154764,0.01180825444649547,not_bootstrapped_minimal,inspect,utterance_disjoint_halves
GTSinger,wavlm_l12,12,137,singing,10,0.1,10,10,1.0,1.0,1.0,0.9982542161205616,0.9854837679565394,0.012770448164022286,not_bootstrapped_minimal,inspect,utterance_disjoint_halves
GTSinger,wavlm_l12,12,137,delta,10,0.1,10,10,1.0,1.0,1.0,0.9109586759929862,0.7642870603891802,0.14667161560380604,not_bootstrapped_minimal,inspect,utterance_disjoint_halves
GTSinger,wavlm_l12,12,137,r,10,0.1,10,10,1.0,1.0,1.0,0.6335980494878887,0.02663834554944398,0.6069597039384447,not_bootstrapped_minimal,pass,utterance_disjoint_halves
GTSinger,wavlm_l12,12,139,speech,10,0.1,10,10,1.0,1.0,1.0,0.996481854283649,0.981227760983969,0.015254093299679972,not_bootstrapped_minimal,inspect,utterance_disjoint_halves
GTSinger,wavlm_l12,12,139,singing,10,0.1,10,10,1.0,1.0,1.0,0.9978011729630835,0.986861952084331,0.010939220878752431,not_bootstrapped_minimal,inspect,utterance_disjoint_halves
GTSinger,wavlm_l12,12,139,delta,10,0.1,9,10,0.9,1.0,0.95,0.9159829426994446,0.761567984825312,0.15441495787413262,not_bootstrapped_minimal,inspect,utterance_disjoint_halves
GTSinger,wavlm_l12,12,139,r,10,0.1,9,10,0.9,1.0,0.9199999999999999,0.6064984355801607,0.017747751419336266,0.5887506841608244,not_bootstrapped_minimal,pass,utterance_disjoint_halves
GTSinger,wavlm_l12,12,149,speech,10,0.1,9,10,0.9,1.0,0.9199999999999999,0.9945374266074255,0.979346643384723,0.015190783222702509,not_bootstrapped_minimal,inspect,utterance_disjoint_halves
GTSinger,wavlm_l12,12,149,singing,10,0.1,9,10,0.9,1.0,0.95,0.9983024756200127,0.9847922432908259,0.0135102323291868,not_bootstrapped_minimal,inspect,utterance_disjoint_halves
GTSinger,wavlm_l12,12,149,delta,10,0.1,8,10,0.8,0.9,0.8666666666666668,0.8891560510340373,0.734018685676553,0.15513736535748424,not_bootstrapped_minimal,inspect,utterance_disjoint_halves
GTSinger,wavlm_l12,12,149,r,10,0.1,9,10,0.9,1.0,0.9333333333333332,0.6236556342155104,-0.01796163802365912,0.6416172722391695,not_bootstrapped_minimal,pass,utterance_disjoint_halves
GTSinger,wavlm_l12,12,151,speech,10,0.1,9,10,0.9,0.9,0.9142857142857143,0.9951736732065071,0.9815879111261135,0.013585762080393526,not_bootstrapped_minimal,inspect,utterance_disjoint_halves
GTSinger,wavlm_l12,12,151,singing,10,0.1,10,10,1.0,1.0,1.0,0.9983116426650437,0.9856595852352122,0.012652057429831443,not_bootstrapped_minimal,inspect,utterance_disjoint_halves
GTSinger,wavlm_l12,12,151,delta,10,0.1,9,10,0.9,0.9,0.9111111111111111,0.9047052188169669,0.7653338219895072,0.1393713968274597,not_bootstrapped_minimal,inspect,utterance_disjoint_halves
GTSinger,wavlm_l12,12,151,r,10,0.1,8,10,0.8,0.9,0.8416666666666668,0.5684992336109306,0.017940854991032113,0.5505583786198984,not_bootstrapped_minimal,pass,utterance_disjoint_halves
GTSinger,wavlm_l12,12,157,speech,10,0.1,9,10,0.9,0.9,0.9111111111111111,0.9953412596056689,0.985027428356581,0.010313831249087912,not_bootstrapped_minimal,inspect,utterance_disjoint_halves
GTSinger,wavlm_l12,12,157,singing,10,0.1,10,10,1.0,1.0,1.0,0.9983939034688161,0.9834106311872427,0.014983272281573368,not_bootstrapped_minimal,inspect,utterance_disjoint_halves
GTSinger,wavlm_l12,12,157,delta,10,0.1,9,10,0.9,0.9,0.9142857142857143,0.8988207196248148,0.7585789800913794,0.14024173953343544,not_bootstrapped_minimal,inspect,utterance_disjoint_halves
GTSinger,wavlm_l12,12,157,r,10,0.1,8,10,0.8,0.9,0.85,0.6168686379982812,0.09558266166040341,0.5212859763378778,not_bootstrapped_minimal,pass,utterance_disjoint_halves
GTSinger,wavlm_l12,12,163,speech,10,0.1,10,10,1.0,1.0,1.0,0.9963117058388791,0.9834911911829868,0.01282051465589229,not_bootstrapped_minimal,inspect,utterance_disjoint_halves
GTSinger,wavlm_l12,12,163,singing,10,0.1,10,10,1.0,1.0,1.0,0.998103166703892,0.9904232455029855,0.007679921200906437,not_bootstrapped_minimal,inspect,utterance_disjoint_halves
GTSinger,wavlm_l12,12,163,delta,10,0.1,9,10,0.9,1.0,0.95,0.9106125621876398,0.7849594682761902,0.12565309391144952,not_bootstrapped_minimal,inspect,utterance_disjoint_halves
GTSinger,wavlm_l12,12,163,r,10,0.1,9,10,0.9,0.9,0.9166666666666667,0.5842576896636681,0.039302788293845585,0.5449549013698225,not_bootstrapped_minimal,pass,utterance_disjoint_halves
GTSinger,wavlm_l12,12,167,speech,10,0.1,9,10,0.9,0.9,0.9142857142857143,0.9947300679135902,0.982595412140087,0.012134655773503145,not_bootstrapped_minimal,inspect,utterance_disjoint_halves
GTSinger,wavlm_l12,12,167,singing,10,0.1,10,10,1.0,1.0,1.0,0.9980662325182534,0.9853430368803463,0.012723195637907136,not_bootstrapped_minimal,inspect,utterance_disjoint_halves
GTSinger,wavlm_l12,12,167,delta,10,0.1,8,10,0.8,0.9,0.8642857142857142,0.8906664287355813,0.7486366498280159,0.1420297789075654,not_bootstrapped_minimal,inspect,utterance_disjoint_halves
GTSinger,wavlm_l12,12,167,r,10,0.1,8,10,0.8,0.9,0.8666666666666668,0.5849989622407024,0.027783345903789947,0.5572156163369124,not_bootstrapped_minimal,pass,utterance_disjoint_halves
GTSinger,wavlm_l12,12,173,speech,10,0.1,10,10,1.0,1.0,1.0,0.9966973991535625,0.9841281192252519,0.012569279928310584,not_bootstrapped_minimal,inspect,utterance_disjoint_halves
GTSinger,wavlm_l12,12,173,singing,10,0.1,10,10,1.0,1.0,1.0,0.9981999812795725,0.9902210657564222,0.007978915523150332,not_bootstrapped_minimal,inspect,utterance_disjoint_halves
GTSinger,wavlm_l12,12,173,delta,10,0.1,10,10,1.0,1.0,1.0,0.9177479775941493,0.7657766815320926,0.15197129606205673,not_bootstrapped_minimal,inspect,utterance_disjoint_halves
GTSinger,wavlm_l12,12,173,r,10,0.1,10,10,1.0,1.0,1.0,0.6807618639637785,0.10722297522596548,0.573538888737813,not_bootstrapped_minimal,pass,utterance_disjoint_halves
GTSinger,wavlm_l12,12,179,speech,10,0.1,10,10,1.0,1.0,1.0,0.9963483698982912,0.9841902240198577,0.012158145878433557,not_bootstrapped_minimal,inspect,utterance_disjoint_halves
GTSinger,wavlm_l12,12,179,singing,10,0.1,10,10,1.0,1.0,1.0,0.9980760978936895,0.9853460758485456,0.01273002204514384,not_bootstrapped_minimal,inspect,utterance_disjoint_halves
GTSinger,wavlm_l12,12,179,delta,10,0.1,10,10,1.0,1.0,1.0,0.9075172928470255,0.7602195019692449,0.1472977908777806,not_bootstrapped_minimal,inspect,utterance_disjoint_halves
GTSinger,wavlm_l12,12,179,r,10,0.1,9,10,0.9,0.9,0.9125,0.6241047883276082,0.08869299955037759,0.5354117887772306,not_bootstrapped_minimal,pass,utterance_disjoint_halves
GTSinger,wavlm_l12,12,181,speech,10,0.1,9,10,0.9,0.9,0.9166666666666667,0.9949114939040505,0.9816967257641328,0.013214768139917732,not_bootstrapped_minimal,inspect,utterance_disjoint_halves
GTSinger,wavlm_l12,12,181,singing,10,0.1,10,10,1.0,1.0,1.0,0.9982164181817895,0.98698542952174,0.011230988660049568,not_bootstrapped_minimal,inspect,utterance_disjoint_halves
GTSinger,wavlm_l12,12,181,delta,10,0.1,9,10,0.9,0.9,0.9142857142857143,0.8933239659155212,0.7477230415707383,0.1456009243447829,not_bootstrapped_minimal,inspect,utterance_disjoint_halves
GTSinger,wavlm_l12,12,181,r,10,0.1,9,10,0.9,1.0,0.95,0.5987561023757,0.001868488045607495,0.5968876143300925,not_bootstrapped_minimal,pass,utterance_disjoint_halves
GTSinger,wavlm_l12,12,191,speech,10,0.1,10,10,1.0,1.0,1.0,0.9967070339078141,0.9825192011747962,0.014187832733017935,not_bootstrapped_minimal,inspect,utterance_disjoint_halves
GTSinger,wavlm_l12,12,191,singing,10,0.1,9,10,0.9,1.0,0.95,0.9986094929262913,0.9858188916284578,0.012790601297833493,not_bootstrapped_minimal,inspect,utterance_disjoint_halves
GTSinger,wavlm_l12,12,191,delta,10,0.1,9,10,0.9,1.0,0.95,0.9204390571130409,0.7498385167080379,0.17060054040500294,not_bootstrapped_minimal,inspect,utterance_disjoint_halves
GTSinger,wavlm_l12,12,191,r,10,0.1,10,10,1.0,1.0,1.0,0.6721347982905128,-0.00659750617629313,0.678732304466806,not_bootstrapped_minimal,pass,utterance_disjoint_halves
GTSinger,wavlm_l12,12,193,speech,10,0.1,9,10,0.9,0.9,0.9166666666666667,0.9949861704447664,0.9784481682920315,0.016538002152734932,not_bootstrapped_minimal,inspect,utterance_disjoint_halves
GTSinger,wavlm_l12,12,193,singing,10,0.1,10,10,1.0,1.0,1.0,0.9981454495386041,0.9859107718211712,0.012234677717432918,not_bootstrapped_minimal,inspect,utterance_disjoint_halves
GTSinger,wavlm_l12,12,193,delta,10,0.1,9,10,0.9,0.9,0.9142857142857143,0.9100337829728126,0.7387255985302499,0.17130818444256268,not_bootstrapped_minimal,inspect,utterance_disjoint_halves
GTSinger,wavlm_l12,12,193,r,10,0.1,9,10,0.9,0.9,0.9166666666666667,0.6441466674857803,0.051223116483532206,0.5929235510022481,not_bootstrapped_minimal,pass,utterance_disjoint_halves
GTSinger,wavlm_l12,12,197,speech,10,0.1,9,10,0.9,1.0,0.9199999999999999,0.9947319768724411,0.9796606420962041,0.015071334776237011,not_bootstrapped_minimal,inspect,utterance_disjoint_halves
GTSinger,wavlm_l12,12,197,singing,10,0.1,10,10,1.0,1.0,1.0,0.9985014721273933,0.9860925870215559,0.012408885105837375,not_bootstrapped_minimal,inspect,utterance_disjoint_halves
GTSinger,wavlm_l12,12,197,delta,10,0.1,9,10,0.9,0.9,0.9142857142857143,0.9118582336741076,0.7712887915192561,0.14056944215485145,not_bootstrapped_minimal,inspect,utterance_disjoint_halves
GTSinger,wavlm_l12,12,197,r,10,0.1,9,10,0.9,1.0,0.925,0.6662363957401829,0.11880597796964917,0.5474304177705337,not_bootstrapped_minimal,pass,utterance_disjoint_halves
GTSinger,wavlm_l12,12,199,speech,10,0.1,10,10,1.0,1.0,1.0,0.9966904512297068,0.9818520487899716,0.014838402439735221,not_bootstrapped_minimal,inspect,utterance_disjoint_halves
GTSinger,wavlm_l12,12,199,singing,10,0.1,10,10,1.0,1.0,1.0,0.998066516022671,0.9870563564269228,0.011010159595748248,not_bootstrapped_minimal,inspect,utterance_disjoint_halves
GTSinger,wavlm_l12,12,199,delta,10,0.1,9,10,0.9,1.0,0.95,0.9250496898898094,0.7760199456391775,0.14902974425063187,not_bootstrapped_minimal,inspect,utterance_disjoint_halves
GTSinger,wavlm_l12,12,199,r,10,0.1,9,10,0.9,0.9,0.9166666666666667,0.6144910813700163,0.013880959913346253,0.60061012145667,not_bootstrapped_minimal,pass,utterance_disjoint_halves
GTSinger,wavlm_l12,12,211,speech,10,0.1,9,10,0.9,0.9,0.9166666666666667,0.9951091519739718,0.9802280920625958,0.014881059911376004,not_bootstrapped_minimal,inspect,utterance_disjoint_halves
GTSinger,wavlm_l12,12,211,singing,10,0.1,10,10,1.0,1.0,1.0,0.9982056210491693,0.9857284898397289,0.012477131209440384,not_bootstrapped_minimal,inspect,utterance_disjoint_halves
GTSinger,wavlm_l12,12,211,delta,10,0.1,9,10,0.9,0.9,0.9142857142857143,0.9104369876374678,0.7448039865834853,0.1656330010539825,not_bootstrapped_minimal,inspect,utterance_disjoint_halves
GTSinger,wavlm_l12,12,211,r,10,0.1,9,10,0.9,1.0,0.9199999999999999,0.6385411721301457,0.02281299227113987,0.6157281798590059,not_bootstrapped_minimal,pass,utterance_disjoint_halves
GTSinger,wavlm_l12,12,223,speech,10,0.1,9,10,0.9,0.9,0.9166666666666667,0.9949151756628416,0.981054354351024,0.01386082131181765,not_bootstrapped_minimal,inspect,utterance_disjoint_halves
GTSinger,wavlm_l12,12,223,singing,10,0.1,10,10,1.0,1.0,1.0,0.9976569714521437,0.9856314595226047,0.012025511929539046,not_bootstrapped_minimal,inspect,utterance_disjoint_halves
GTSinger,wavlm_l12,12,223,delta,10,0.1,9,10,0.9,1.0,0.9199999999999999,0.8790160318302082,0.7125844042953997,0.16643162753480845,not_bootstrapped_minimal,inspect,utterance_disjoint_halves
GTSinger,wavlm_l12,12,223,r,10,0.1,8,10,0.8,0.9,0.85,0.598007135420013,0.006563370551270606,0.5914437648687424,not_bootstrapped_minimal,pass,utterance_disjoint_halves
GTSinger,wavlm_l12,12,227,speech,10,0.1,10,10,1.0,1.0,1.0,0.9964317666321699,0.979201663511926,0.017230103120243978,not_bootstrapped_minimal,inspect,utterance_disjoint_halves
GTSinger,wavlm_l12,12,227,singing,10,0.1,9,10,0.9,1.0,0.95,0.9980053084655823,0.9877235109165364,0.010281797549045901,not_bootstrapped_minimal,inspect,utterance_disjoint_halves
GTSinger,wavlm_l12,12,227,delta,10,0.1,9,10,0.9,1.0,0.95,0.9105197673920895,0.7347202288343199,0.17579953855776964,not_bootstrapped_minimal,inspect,utterance_disjoint_halves
GTSinger,wavlm_l12,12,227,r,10,0.1,10,10,1.0,1.0,1.0,0.7026351913215633,0.08995259980930256,0.6126825915122607,not_bootstrapped_minimal,pass,utterance_disjoint_halves
GTSinger,wavlm_l12,12,229,speech,10,0.1,10,10,1.0,1.0,1.0,0.9962042204770565,0.9804559674481612,0.015748253028895265,not_bootstrapped_minimal,inspect,utterance_disjoint_halves
GTSinger,wavlm_l12,12,229,singing,10,0.1,9,10,0.9,1.0,0.95,0.9981675213459639,0.9860845366135551,0.012082984732408764,not_bootstrapped_minimal,inspect,utterance_disjoint_halves
GTSinger,wavlm_l12,12,229,delta,10,0.1,9,10,0.9,1.0,0.95,0.922661475161544,0.7681344079130331,0.15452706724851084,not_bootstrapped_minimal,inspect,utterance_disjoint_halves
GTSinger,wavlm_l12,12,229,r,10,0.1,10,10,1.0,1.0,1.0,0.7176899918348145,0.12469054980937033,0.5929994420254442,not_bootstrapped_minimal,pass,utterance_disjoint_halves
GTSinger,wavlm_l12,12,233,speech,10,0.1,10,10,1.0,1.0,1.0,0.9963096419192625,0.982790673973634,0.013518967945628568,not_bootstrapped_minimal,inspect,utterance_disjoint_halves
GTSinger,wavlm_l12,12,233,singing,10,0.1,10,10,1.0,1.0,1.0,0.9985188713343465,0.9880131261210693,0.010505745213277184,not_bootstrapped_minimal,inspect,utterance_disjoint_halves
GTSinger,wavlm_l12,12,233,delta,10,0.1,10,10,1.0,1.0,1.0,0.9165838328942673,0.7637239569147248,0.15285987597954243,not_bootstrapped_minimal,inspect,utterance_disjoint_halves
GTSinger,wavlm_l12,12,233,r,10,0.1,10,10,1.0,1.0,1.0,0.6692469571895934,0.026945259804492614,0.6423016973851008,not_bootstrapped_minimal,pass,utterance_disjoint_halves
GTSinger,wavlm_l12,12,239,speech,10,0.1,10,10,1.0,1.0,1.0,0.9961183242917586,0.9819063300539355,0.014211994237823156,not_bootstrapped_minimal,inspect,utterance_disjoint_halves
GTSinger,wavlm_l12,12,239,singing,10,0.1,9,10,0.9,1.0,0.95,0.9984007514638258,0.9887760295518863,0.009624721911939527,not_bootstrapped_minimal,inspect,utterance_disjoint_halves
GTSinger,wavlm_l12,12,239,delta,10,0.1,9,10,0.9,1.0,0.95,0.9058225066710637,0.7561471683859617,0.14967533828510193,not_bootstrapped_minimal,inspect,utterance_disjoint_halves
GTSinger,wavlm_l12,12,239,r,10,0.1,10,10,1.0,1.0,1.0,0.6677853492853989,0.08740742312218945,0.5803779261632095,not_bootstrapped_minimal,pass,utterance_disjoint_halves
GTSinger,wavlm_l12,12,241,speech,10,0.1,10,10,1.0,1.0,1.0,0.9961473022898577,0.9810710758147899,0.015076226475067789,not_bootstrapped_minimal,inspect,utterance_disjoint_halves
GTSinger,wavlm_l12,12,241,singing,10,0.1,10,10,1.0,1.0,1.0,0.99792457168922,0.986908106085974,0.011016465603245984,not_bootstrapped_minimal,inspect,utterance_disjoint_halves
GTSinger,wavlm_l12,12,241,delta,10,0.1,10,10,1.0,1.0,1.0,0.9026066476238637,0.7468226423013989,0.15578400532246472,not_bootstrapped_minimal,inspect,utterance_disjoint_halves
GTSinger,wavlm_l12,12,241,r,10,0.1,9,10,0.9,0.9,0.9166666666666667,0.6247517260451516,0.0743403299814285,0.5504113960637231,not_bootstrapped_minimal,pass,utterance_disjoint_halves
GTSinger,wavlm_l12,12,251,speech,10,0.1,10,10,1.0,1.0,1.0,0.9961709308984357,0.9818440212189736,0.014326909679462041,not_bootstrapped_minimal,inspect,utterance_disjoint_halves
GTSinger,wavlm_l12,12,251,singing,10,0.1,9,10,0.9,1.0,0.95,0.9981672880973195,0.9875776007583623,0.010589687338957154,not_bootstrapped_minimal,inspect,utterance_disjoint_halves
GTSinger,wavlm_l12,12,251,delta,10,0.1,9,10,0.9,1.0,0.95,0.9021691166367487,0.7308795775562361,0.1712895390805126,not_bootstrapped_minimal,inspect,utterance_disjoint_halves
GTSinger,wavlm_l12,12,251,r,10,0.1,9,10,0.9,0.9,0.9166666666666667,0.687143613398218,0.16102702482526915,0.5261165885729489,not_bootstrapped_minimal,pass,utterance_disjoint_halves
GTSinger,wavlm_l12,12,257,speech,10,0.1,9,10,0.9,0.9,0.9166666666666667,0.9951430737234433,0.9805101427984009,0.014632930925042476,not_bootstrapped_minimal,inspect,utterance_disjoint_halves
GTSinger,wavlm_l12,12,257,singing,10,0.1,10,10,1.0,1.0,1.0,0.9984301955140577,0.9873574829607733,0.011072712553284347,not_bootstrapped_minimal,inspect,utterance_disjoint_halves
GTSinger,wavlm_l12,12,257,delta,10,0.1,9,10,0.9,0.9,0.9142857142857143,0.9039359782914138,0.7418740336947055,0.1620619445967083,not_bootstrapped_minimal,inspect,utterance_disjoint_halves
GTSinger,wavlm_l12,12,257,r,10,0.1,9,10,0.9,1.0,0.9199999999999999,0.6162972025554156,-0.014924190639055028,0.6312213931944707,not_bootstrapped_minimal,pass,utterance_disjoint_halves
GTSinger,mert_l3,3,13,speech,10,0.1,9,10,0.9,1.0,0.95,0.9933396595228915,0.9682708054905453,0.025068854032346155,not_bootstrapped_minimal,inspect,utterance_disjoint_halves
GTSinger,mert_l3,3,13,singing,10,0.1,10,10,1.0,1.0,1.0,0.9975068897153262,0.976013989833817,0.021492899881509153,not_bootstrapped_minimal,inspect,utterance_disjoint_halves
GTSinger,mert_l3,3,13,delta,10,0.1,8,10,0.8,1.0,0.8833333333333332,0.8384536091228053,0.48392763393643273,0.3545259751863726,not_bootstrapped_minimal,inspect,utterance_disjoint_halves
GTSinger,mert_l3,3,13,r,10,0.1,9,10,0.9,1.0,0.95,0.7535698121986267,0.10518723884728119,0.6483825733513455,not_bootstrapped_minimal,pass,utterance_disjoint_halves
GTSinger,mert_l3,3,17,speech,10,0.1,10,10,1.0,1.0,1.0,0.9964614682147774,0.9742861914348929,0.022175276779884512,not_bootstrapped_minimal,inspect,utterance_disjoint_halves
GTSinger,mert_l3,3,17,singing,10,0.1,10,10,1.0,1.0,1.0,0.9972905847446644,0.9724475054581734,0.024843079286490988,not_bootstrapped_minimal,inspect,utterance_disjoint_halves
GTSinger,mert_l3,3,17,delta,10,0.1,9,10,0.9,1.0,0.95,0.8916025956323065,0.5873358210229918,0.3042667746093147,not_bootstrapped_minimal,inspect,utterance_disjoint_halves
GTSinger,mert_l3,3,17,r,10,0.1,9,10,0.9,1.0,0.95,0.7435502300891412,0.003391529916404058,0.7401587001727372,not_bootstrapped_minimal,pass,utterance_disjoint_halves
GTSinger,mert_l3,3,19,speech,10,0.1,9,10,0.9,1.0,0.95,0.9964404907617647,0.9760933340721027,0.020347156689661916,not_bootstrapped_minimal,inspect,utterance_disjoint_halves
GTSinger,mert_l3,3,19,singing,10,0.1,10,10,1.0,1.0,1.0,0.9976056282576833,0.975283069015008,0.022322559242675233,not_bootstrapped_minimal,inspect,utterance_disjoint_halves
GTSinger,mert_l3,3,19,delta,10,0.1,9,10,0.9,1.0,0.95,0.8996326916145513,0.6092832386621585,0.2903494529523928,not_bootstrapped_minimal,inspect,utterance_disjoint_halves
GTSinger,mert_l3,3,19,r,10,0.1,8,10,0.8,1.0,0.9,0.7604235884354379,0.07544165889396141,0.6849819295414765,not_bootstrapped_minimal,pass,utterance_disjoint_halves
GTSinger,mert_l3,3,23,speech,10,0.1,8,10,0.8,1.0,0.9,0.992459689455077,0.9664361844502471,0.02602350500482986,not_bootstrapped_minimal,inspect,utterance_disjoint_halves
GTSinger,mert_l3,3,23,singing,10,0.1,10,10,1.0,1.0,1.0,0.9977673094076056,0.9763351894621215,0.021432119945484107,not_bootstrapped_minimal,inspect,utterance_disjoint_halves
GTSinger,mert_l3,3,23,delta,10,0.1,9,10,0.9,1.0,0.95,0.8350856421170244,0.4612969274562135,0.37378871466081093,not_bootstrapped_minimal,inspect,utterance_disjoint_halves
GTSinger,mert_l3,3,23,r,10,0.1,9,10,0.9,1.0,0.95,0.7266662454012505,0.02079773545587224,0.7058685099453782,not_bootstrapped_minimal,pass,utterance_disjoint_halves
GTSinger,mert_l3,3,29,speech,10,0.1,9,10,0.9,1.0,0.95,0.9935625289613155,0.9698292288957394,0.023733300065576057,not_bootstrapped_minimal,inspect,utterance_disjoint_halves
GTSinger,mert_l3,3,29,singing,10,0.1,10,10,1.0,1.0,1.0,0.9977197641294502,0.9753087522047429,0.02241101192470729,not_bootstrapped_minimal,inspect,utterance_disjoint_halves
GTSinger,mert_l3,3,29,delta,10,0.1,8,10,0.8,1.0,0.8833333333333332,0.8434369759482984,0.5030583788520773,0.3403785970962211,not_bootstrapped_minimal,inspect,utterance_disjoint_halves
GTSinger,mert_l3,3,29,r,10,0.1,9,10,0.9,1.0,0.95,0.748446470171878,0.03537792026802294,0.7130685499038552,not_bootstrapped_minimal,pass,utterance_disjoint_halves
GTSinger,mert_l3,3,31,speech,10,0.1,9,10,0.9,1.0,0.95,0.9940527546747052,0.9640561895213029,0.02999656515340232,not_bootstrapped_minimal,inspect,utterance_disjoint_halves
GTSinger,mert_l3,3,31,singing,10,0.1,10,10,1.0,1.0,1.0,0.9975631712806674,0.9700821650724283,0.027481006208239123,not_bootstrapped_minimal,inspect,utterance_disjoint_halves
GTSinger,mert_l3,3,31,delta,10,0.1,9,10,0.9,1.0,0.925,0.8893864151543458,0.5375066117124246,0.35187980344192116,not_bootstrapped_minimal,inspect,utterance_disjoint_halves
GTSinger,mert_l3,3,31,r,10,0.1,10,10,1.0,1.0,1.0,0.798742749323636,0.08086536521529368,0.7178773841083423,not_bootstrapped_minimal,pass,utterance_disjoint_halves
GTSinger,mert_l3,3,37,speech,10,0.1,9,10,0.9,1.0,0.95,0.9929410598511523,0.9693315258328803,0.023609534018272038,not_bootstrapped_minimal,inspect,utterance_disjoint_halves
GTSinger,mert_l3,3,37,singing,10,0.1,10,10,1.0,1.0,1.0,0.9982666211629587,0.9768275471007247,0.021439074062233998,not_bootstrapped_minimal,inspect,utterance_disjoint_halves
GTSinger,mert_l3,3,37,delta,10,0.1,8,10,0.8,1.0,0.875,0.8600150634587391,0.5536280804707586,0.3063869829879805,not_bootstrapped_minimal,inspect,utterance_disjoint_halves
GTSinger,mert_l3,3,37,r,10,0.1,9,10,0.9,1.0,0.95,0.7486980935732758,0.040871191588802806,0.707826901984473,not_bootstrapped_minimal,pass,utterance_disjoint_halves
GTSinger,mert_l3,3,41,speech,10,0.1,10,10,1.0,1.0,1.0,0.9954373638583446,0.9714925297910583,0.023944834067286314,not_bootstrapped_minimal,inspect,utterance_disjoint_halves
GTSinger,mert_l3,3,41,singing,10,0.1,10,10,1.0,1.0,1.0,0.9974040633761294,0.9741804983847898,0.023223564991339596,not_bootstrapped_minimal,inspect,utterance_disjoint_halves
GTSinger,mert_l3,3,41,delta,10,0.1,10,10,1.0,1.0,1.0,0.8862155088282744,0.5894131882540693,0.2968023205742051,not_bootstrapped_minimal,inspect,utterance_disjoint_halves
GTSinger,mert_l3,3,41,r,10,0.1,9,10,0.9,1.0,0.95,0.7420981594971163,0.05808653154787476,0.6840116279492415,not_bootstrapped_minimal,pass,utterance_disjoint_halves
GTSinger,mert_l3,3,43,speech,10,0.1,9,10,0.9,1.0,0.9333333333333332,0.993746290694752,0.9720126405921091,0.021733650102642832,not_bootstrapped_minimal,inspect,utterance_disjoint_halves
GTSinger,mert_l3,3,43,singing,10,0.1,10,10,1.0,1.0,1.0,0.9984434842380219,0.9770121007844632,0.02143138345355866,not_bootstrapped_minimal,inspect,utterance_disjoint_halves
GTSinger,mert_l3,3,43,delta,10,0.1,9,10,0.9,1.0,0.9333333333333332,0.8882018521985657,0.5706892034808434,0.31751264871772233,not_bootstrapped_minimal,inspect,utterance_disjoint_halves
GTSinger,mert_l3,3,43,r,10,0.1,10,10,1.0,1.0,1.0,0.7615775034081931,0.012948316388064995,0.748629187020128,not_bootstrapped_minimal,pass,utterance_disjoint_halves
GTSinger,mert_l3,3,47,speech,10,0.1,9,10,0.9,1.0,0.9333333333333332,0.9941180869463361,0.970675004961313,0.023443081985023095,not_bootstrapped_minimal,inspect,utterance_disjoint_halves
GTSinger,mert_l3,3,47,singing,10,0.1,10,10,1.0,1.0,1.0,0.997694372719977,0.9709035564384342,0.026790816281542784,not_bootstrapped_minimal,inspect,utterance_disjoint_halves
GTSinger,mert_l3,3,47,delta,10,0.1,9,10,0.9,1.0,0.95,0.8818161759052281,0.5466895119186486,0.33512666398657953,not_bootstrapped_minimal,inspect,utterance_disjoint_halves
GTSinger,mert_l3,3,47,r,10,0.1,10,10,1.0,1.0,1.0,0.7719726449032256,0.027218546011671528,0.7447540988915541,not_bootstrapped_minimal,pass,utterance_disjoint_halves
GTSinger,mert_l3,3,53,speech,10,0.1,10,10,1.0,1.0,1.0,0.9950062219471372,0.9723019570290633,0.02270426491807387,not_bootstrapped_minimal,inspect,utterance_disjoint_halves
GTSinger,mert_l3,3,53,singing,10,0.1,10,10,1.0,1.0,1.0,0.998065849548947,0.9741485513209553,0.0239172982279916,not_bootstrapped_minimal,inspect,utterance_disjoint_halves
GTSinger,mert_l3,3,53,delta,10,0.1,10,10,1.0,1.0,1.0,0.8754436688167173,0.5533893766925938,0.3220542921241235,not_bootstrapped_minimal,inspect,utterance_disjoint_halves
GTSinger,mert_l3,3,53,r,10,0.1,10,10,1.0,1.0,1.0,0.7577106172769836,0.036804849242875,0.7209057680341087,not_bootstrapped_minimal,pass,utterance_disjoint_halves
GTSinger,mert_l3,3,59,speech,10,0.1,10,10,1.0,1.0,1.0,0.9964390324809148,0.9730549658293566,0.023384066651558233,not_bootstrapped_minimal,inspect,utterance_disjoint_halves
GTSinger,mert_l3,3,59,singing,10,0.1,10,10,1.0,1.0,1.0,0.997778793506358,0.9744729383183294,0.023305855188028635,not_bootstrapped_minimal,inspect,utterance_disjoint_halves
GTSinger,mert_l3,3,59,delta,10,0.1,10,10,1.0,1.0,1.0,0.9046904900007983,0.6080967249476552,0.29659376505314305,not_bootstrapped_minimal,inspect,utterance_disjoint_halves
GTSinger,mert_l3,3,59,r,10,0.1,9,10,0.9,1.0,0.95,0.7907157198705045,0.10683209100970392,0.6838836288608006,not_bootstrapped_minimal,pass,utterance_disjoint_halves
GTSinger,mert_l3,3,61,speech,10,0.1,9,10,0.9,1.0,0.95,0.9957784816143536,0.9711666884525807,0.024611793161772866,not_bootstrapped_minimal,inspect,utterance_disjoint_halves
GTSinger,mert_l3,3,61,singing,10,0.1,10,10,1.0,1.0,1.0,0.9981945084195075,0.9752018508354602,0.022992657584047338,not_bootstrapped_minimal,inspect,utterance_disjoint_halves
GTSinger,mert_l3,3,61,delta,10,0.1,9,10,0.9,1.0,0.95,0.923049493124303,0.6165483089623146,0.30650118416198835,not_bootstrapped_minimal,inspect,utterance_disjoint_halves
GTSinger,mert_l3,3,61,r,10,0.1,9,10,0.9,1.0,0.95,0.804683811525203,0.09981176103856006,0.7048720504866429,not_bootstrapped_minimal,pass,utterance_disjoint_halves
GTSinger,mert_l3,3,67,speech,10,0.1,9,10,0.9,1.0,0.9333333333333332,0.993543075517487,0.9699737986211799,0.023569276896307056,not_bootstrapped_minimal,inspect,utterance_disjoint_halves
GTSinger,mert_l3,3,67,singing,10,0.1,10,10,1.0,1.0,1.0,0.9983560132335121,0.9758027145221302,0.022553298711381897,not_bootstrapped_minimal,inspect,utterance_disjoint_halves
GTSinger,mert_l3,3,67,delta,10,0.1,9,10,0.9,1.0,0.95,0.8770320760368918,0.5170025709648951,0.3600295050719967,not_bootstrapped_minimal,inspect,utterance_disjoint_halves
GTSinger,mert_l3,3,67,r,10,0.1,10,10,1.0,1.0,1.0,0.7780926821946862,0.03959113356442335,0.7385015486302628,not_bootstrapped_minimal,pass,utterance_disjoint_halves
GTSinger,mert_l3,3,71,speech,10,0.1,10,10,1.0,1.0,1.0,0.9953959473363738,0.9747981548058097,0.020597792530564152,not_bootstrapped_minimal,inspect,utterance_disjoint_halves
GTSinger,mert_l3,3,71,singing,10,0.1,10,10,1.0,1.0,1.0,0.9982604056695665,0.9788226928500516,0.019437712819514896,not_bootstrapped_minimal,inspect,utterance_disjoint_halves
GTSinger,mert_l3,3,71,delta,10,0.1,10,10,1.0,1.0,1.0,0.9011137896567967,0.6474865237705895,0.2536272658862072,not_bootstrapped_minimal,inspect,utterance_disjoint_halves
GTSinger,mert_l3,3,71,r,10,0.1,10,10,1.0,1.0,1.0,0.8010641147258241,0.23470295963333296,0.5663611550924911,not_bootstrapped_minimal,pass,utterance_disjoint_halves
GTSinger,mert_l3,3,73,speech,10,0.1,9,10,0.9,1.0,0.95,0.9937483980354533,0.9655822286237632,0.028166169411690145,not_bootstrapped_minimal,inspect,utterance_disjoint_halves
GTSinger,mert_l3,3,73,singing,10,0.1,10,10,1.0,1.0,1.0,0.9976405245314546,0.970695875841902,0.026944648689552597,not_bootstrapped_minimal,inspect,utterance_disjoint_halves
GTSinger,mert_l3,3,73,delta,10,0.1,9,10,0.9,1.0,0.925,0.8835730438431646,0.5421324853837419,0.34144055845942267,not_bootstrapped_minimal,inspect,utterance_disjoint_halves
GTSinger,mert_l3,3,73,r,10,0.1,10,10,1.0,1.0,1.0,0.7800291565548977,0.08381882935850649,0.6962103271963912,not_bootstrapped_minimal,pass,utterance_disjoint_halves
GTSinger,mert_l3,3,79,speech,10,0.1,9,10,0.9,1.0,0.95,0.992614502694632,0.9682045448263801,0.024409957868251952,not_bootstrapped_minimal,inspect,utterance_disjoint_halves
GTSinger,mert_l3,3,79,singing,10,0.1,10,10,1.0,1.0,1.0,0.9976797362069881,0.9793842438298965,0.018295492377091604,not_bootstrapped_minimal,inspect,utterance_disjoint_halves
GTSinger,mert_l3,3,79,delta,10,0.1,8,10,0.8,1.0,0.8833333333333332,0.824313750409206,0.4855469894030046,0.33876676100620134,not_bootstrapped_minimal,inspect,utterance_disjoint_halves
GTSinger,mert_l3,3,79,r,10,0.1,10,10,1.0,1.0,1.0,0.7225305218348094,0.1533661045813921,0.5691644172534173,not_bootstrapped_minimal,pass,utterance_disjoint_halves
GTSinger,mert_l3,3,83,speech,10,0.1,10,10,1.0,1.0,1.0,0.9963370229116638,0.9763847948363547,0.019952228075309164,not_bootstrapped_minimal,inspect,utterance_disjoint_halves
GTSinger,mert_l3,3,83,singing,10,0.1,10,10,1.0,1.0,1.0,0.9981211907450577,0.9836207241921359,0.014500466552921809,not_bootstrapped_minimal,inspect,utterance_disjoint_halves
GTSinger,mert_l3,3,83,delta,10,0.1,10,10,1.0,1.0,1.0,0.9084049571538451,0.6186034779548009,0.2898014791990442,not_bootstrapped_minimal,inspect,utterance_disjoint_halves
GTSinger,mert_l3,3,83,r,10,0.1,10,10,1.0,1.0,1.0,0.7903648293826584,0.1524723865353867,0.6378924428472716,not_bootstrapped_minimal,pass,utterance_disjoint_halves
GTSinger,mert_l3,3,89,speech,10,0.1,9,10,0.9,1.0,0.95,0.9952667761069701,0.9718618939901741,0.023404882116796033,not_bootstrapped_minimal,inspect,utterance_disjoint_halves
GTSinger,mert_l3,3,89,singing,10,0.1,10,10,1.0,1.0,1.0,0.9978208968396605,0.9771296205901269,0.020691276249533597,not_bootstrapped_minimal,inspect,utterance_disjoint_halves
GTSinger,mert_l3,3,89,delta,10,0.1,9,10,0.9,1.0,0.95,0.8787042668190855,0.5251630779593383,0.3535411888597473,not_bootstrapped_minimal,inspect,utterance_disjoint_halves
GTSinger,mert_l3,3,89,r,10,0.1,9,10,0.9,1.0,0.95,0.7758621783330952,0.08688518364839283,0.6889769946847024,not_bootstrapped_minimal,pass,utterance_disjoint_halves
GTSinger,mert_l3,3,97,speech,10,0.1,9,10,0.9,1.0,0.95,0.9931437744095076,0.9694149552920013,0.02372881911750635,not_bootstrapped_minimal,inspect,utterance_disjoint_halves
GTSinger,mert_l3,3,97,singing,10,0.1,10,10,1.0,1.0,1.0,0.9979622500171514,0.9728471662667441,0.025115083750407385,not_bootstrapped_minimal,inspect,utterance_disjoint_halves
GTSinger,mert_l3,3,97,delta,10,0.1,9,10,0.9,1.0,0.9333333333333332,0.8665803926782456,0.5565376257755764,0.3100427669026692,not_bootstrapped_minimal,inspect,utterance_disjoint_halves
GTSinger,mert_l3,3,97,r,10,0.1,10,10,1.0,1.0,1.0,0.7569053883432217,0.09596902984570553,0.6609363584975162,not_bootstrapped_minimal,pass,utterance_disjoint_halves
GTSinger,mert_l3,3,101,speech,10,0.1,9,10,0.9,1.0,0.95,0.9957212588001021,0.9692633599206744,0.026457898879427733,not_bootstrapped_minimal,inspect,utterance_disjoint_halves
GTSinger,mert_l3,3,101,singing,10,0.1,10,10,1.0,1.0,1.0,0.9974841050861943,0.975511027217375,0.021973077868819302,not_bootstrapped_minimal,inspect,utterance_disjoint_halves
GTSinger,mert_l3,3,101,delta,10,0.1,9,10,0.9,1.0,0.95,0.9128597542280584,0.5740824085832182,0.3387773456448402,not_bootstrapped_minimal,inspect,utterance_disjoint_halves
GTSinger,mert_l3,3,101,r,10,0.1,9,10,0.9,1.0,0.95,0.7941695157859263,0.0638474539699571,0.7303220618159693,not_bootstrapped_minimal,pass,utterance_disjoint_halves
GTSinger,mert_l3,3,103,speech,10,0.1,9,10,0.9,1.0,0.95,0.9953571054692164,0.9789106804634716,0.01644642500574478,not_bootstrapped_minimal,inspect,utterance_disjoint_halves
GTSinger,mert_l3,3,103,singing,10,0.1,10,10,1.0,1.0,1.0,0.9980978886263518,0.9822389471059874,0.01585894152036449,not_bootstrapped_minimal,inspect,utterance_disjoint_halves
GTSinger,mert_l3,3,103,delta,10,0.1,8,10,0.8,1.0,0.9,0.8609620354659512,0.5755760485129643,0.2853859869529869,not_bootstrapped_minimal,inspect,utterance_disjoint_halves
GTSinger,mert_l3,3,103,r,10,0.1,8,10,0.8,1.0,0.8833333333333332,0.758349073791046,0.20094285379072258,0.5574062200003234,not_bootstrapped_minimal,pass,utterance_disjoint_halves
GTSinger,mert_l3,3,107,speech,10,0.1,10,10,1.0,1.0,1.0,0.9962803477263179,0.9692353244530508,0.027045023273267077,not_bootstrapped_minimal,inspect,utterance_disjoint_halves
GTSinger,mert_l3,3,107,singing,10,0.1,10,10,1.0,1.0,1.0,0.9978905584332203,0.9740474019432799,0.023843156489940398,not_bootstrapped_minimal,inspect,utterance_disjoint_halves
GTSinger,mert_l3,3,107,delta,10,0.1,10,10,1.0,1.0,1.0,0.9237412707085889,0.6050826692933019,0.318658601415287,not_bootstrapped_minimal,inspect,utterance_disjoint_halves
GTSinger,mert_l3,3,107,r,10,0.1,10,10,1.0,1.0,1.0,0.7995032160773762,0.058383288667226294,0.7411199274101499,not_bootstrapped_minimal,pass,utterance_disjoint_halves
GTSinger,mert_l3,3,109,speech,10,0.1,9,10,0.9,1.0,0.95,0.994916655184927,0.973089460385911,0.02182719479901596,not_bootstrapped_minimal,inspect,utterance_disjoint_halves
GTSinger,mert_l3,3,109,singing,10,0.1,10,10,1.0,1.0,1.0,0.9976669803044464,0.9779910341237606,0.0196759461806858,not_bootstrapped_minimal,inspect,utterance_disjoint_halves
GTSinger,mert_l3,3,109,delta,10,0.1,8,10,0.8,1.0,0.9,0.8554722269874173,0.5631696440247775,0.2923025829626398,not_bootstrapped_minimal,inspect,utterance_disjoint_halves
GTSinger,mert_l3,3,109,r,10,0.1,8,10,0.8,1.0,0.8833333333333332,0.7422954863596456,0.10974085418736884,0.6325546321722768,not_bootstrapped_minimal,pass,utterance_disjoint_halves
GTSinger,mert_l3,3,113,speech,10,0.1,9,10,0.9,1.0,0.95,0.992565712589298,0.9668986398263272,0.025667072762970866,not_bootstrapped_minimal,inspect,utterance_disjoint_halves
GTSinger,mert_l3,3,113,singing,10,0.1,10,10,1.0,1.0,1.0,0.9979672384566177,0.9733013187425558,0.024665919714061957,not_bootstrapped_minimal,inspect,utterance_disjoint_halves
GTSinger,mert_l3,3,113,delta,10,0.1,9,10,0.9,1.0,0.95,0.8537992177661586,0.5187412566337857,0.33505796113237296,not_bootstrapped_minimal,inspect,utterance_disjoint_halves
GTSinger,mert_l3,3,113,r,10,0.1,10,10,1.0,1.0,1.0,0.7552403224480295,0.053310427826337874,0.7019298946216916,not_bootstrapped_minimal,pass,utterance_disjoint_halves
GTSinger,mert_l3,3,127,speech,10,0.1,9,10,0.9,1.0,0.95,0.9937976404071941,0.9696707041562465,0.02412693625094764,not_bootstrapped_minimal,inspect,utterance_disjoint_halves
GTSinger,mert_l3,3,127,singing,10,0.1,10,10,1.0,1.0,1.0,0.9979343630573047,0.9735306997915237,0.024403663265780917,not_bootstrapped_minimal,inspect,utterance_disjoint_halves
GTSinger,mert_l3,3,127,delta,10,0.1,9,10,0.9,1.0,0.95,0.8530043024951339,0.48797228547126037,0.36503201702387356,not_bootstrapped_minimal,inspect,utterance_disjoint_halves
GTSinger,mert_l3,3,127,r,10,0.1,10,10,1.0,1.0,1.0,0.7809759631405815,0.07108878391388639,0.7098871792266951,not_bootstrapped_minimal,pass,utterance_disjoint_halves
GTSinger,mert_l3,3,131,speech,10,0.1,10,10,1.0,1.0,1.0,0.9960702052102004,0.9682017610957409,0.027868444114459545,not_bootstrapped_minimal,inspect,utterance_disjoint_halves
GTSinger,mert_l3,3,131,singing,10,0.1,10,10,1.0,1.0,1.0,0.9975238209271126,0.9721607073093712,0.02536311361774135,not_bootstrapped_minimal,inspect,utterance_disjoint_halves
GTSinger,mert_l3,3,131,delta,10,0.1,10,10,1.0,1.0,1.0,0.9151526019336738,0.5735768597107024,0.3415757422229714,not_bootstrapped_minimal,inspect,utterance_disjoint_halves
GTSinger,mert_l3,3,131,r,10,0.1,10,10,1.0,1.0,1.0,0.7944568516034266,0.06695631434496754,0.7275005372584591,not_bootstrapped_minimal,pass,utterance_disjoint_halves
GTSinger,mert_l3,3,137,speech,10,0.1,10,10,1.0,1.0,1.0,0.9952235034312095,0.972037900903163,0.023185602528046467,not_bootstrapped_minimal,inspect,utterance_disjoint_halves
GTSinger,mert_l3,3,137,singing,10,0.1,10,10,1.0,1.0,1.0,0.9979829224798411,0.9760126869993654,0.02197023548047572,not_bootstrapped_minimal,inspect,utterance_disjoint_halves
GTSinger,mert_l3,3,137,delta,10,0.1,10,10,1.0,1.0,1.0,0.883847612064387,0.5679323698620303,0.31591524220235667,not_bootstrapped_minimal,inspect,utterance_disjoint_halves
GTSinger,mert_l3,3,137,r,10,0.1,10,10,1.0,1.0,1.0,0.7583190609768178,0.04553050186924194,0.7127885591075759,not_bootstrapped_minimal,pass,utterance_disjoint_halves
GTSinger,mert_l3,3,139,speech,10,0.1,10,10,1.0,1.0,1.0,0.9951634071623028,0.9692591883218177,0.025904218840485105,not_bootstrapped_minimal,inspect,utterance_disjoint_halves
GTSinger,mert_l3,3,139,singing,10,0.1,10,10,1.0,1.0,1.0,0.9970757396398167,0.9757247976168684,0.021350942022948294,not_bootstrapped_minimal,inspect,utterance_disjoint_halves
GTSinger,mert_l3,3,139,delta,10,0.1,9,10,0.9,1.0,0.95,0.8728159715021654,0.5691066089197975,0.3037093625823679,not_bootstrapped_minimal,inspect,utterance_disjoint_halves
GTSinger,mert_l3,3,139,r,10,0.1,9,10,0.9,1.0,0.95,0.7155850989912503,0.027427480674979608,0.6881576183162708,not_bootstrapped_minimal,pass,utterance_disjoint_halves
GTSinger,mert_l3,3,149,speech,10,0.1,10,10,1.0,1.0,1.0,0.9924215360428077,0.9673173110326142,0.025104225010193493,not_bootstrapped_minimal,inspect,utterance_disjoint_halves
GTSinger,mert_l3,3,149,singing,10,0.1,10,10,1.0,1.0,1.0,0.9980535212310493,0.9752559281412722,0.022797593089777135,not_bootstrapped_minimal,inspect,utterance_disjoint_halves
GTSinger,mert_l3,3,149,delta,10,0.1,8,10,0.8,1.0,0.9,0.833587534663927,0.5006873947284564,0.33290013993547063,not_bootstrapped_minimal,inspect,utterance_disjoint_halves
GTSinger,mert_l3,3,149,r,10,0.1,10,10,1.0,1.0,1.0,0.7362650487585107,0.05819256237442635,0.6780724863840843,not_bootstrapped_minimal,pass,utterance_disjoint_halves
GTSinger,mert_l3,3,151,speech,10,0.1,10,10,1.0,1.0,1.0,0.9943624835572477,0.968309816495221,0.02605266706202669,not_bootstrapped_minimal,inspect,utterance_disjoint_halves
GTSinger,mert_l3,3,151,singing,10,0.1,10,10,1.0,1.0,1.0,0.9974721425879736,0.9732745622582175,0.024197580329756052,not_bootstrapped_minimal,inspect,utterance_disjoint_halves
GTSinger,mert_l3,3,151,delta,10,0.1,9,10,0.9,1.0,0.925,0.8874588616331265,0.5697370952561509,0.3177217663769756,not_bootstrapped_minimal,inspect,utterance_disjoint_halves
GTSinger,mert_l3,3,151,r,10,0.1,10,10,1.0,1.0,1.0,0.7827574406358124,0.09126049045645838,0.6914969501793541,not_bootstrapped_minimal,pass,utterance_disjoint_halves
GTSinger,mert_l3,3,157,speech,10,0.1,9,10,0.9,1.0,0.95,0.9938722376200765,0.9700175797640974,0.023854657855979067,not_bootstrapped_minimal,inspect,utterance_disjoint_halves
GTSinger,mert_l3,3,157,singing,10,0.1,10,10,1.0,1.0,1.0,0.9977042428384546,0.9705430229709759,0.02716121986747866,not_bootstrapped_minimal,inspect,utterance_disjoint_halves
GTSinger,mert_l3,3,157,delta,10,0.1,9,10,0.9,1.0,0.95,0.861244133840772,0.49516040771230446,0.36608372612846757,not_bootstrapped_minimal,inspect,utterance_disjoint_halves
GTSinger,mert_l3,3,157,r,10,0.1,8,10,0.8,1.0,0.9,0.7639248703558049,0.022586364216066947,0.741338506139738,not_bootstrapped_minimal,pass,utterance_disjoint_halves
GTSinger,mert_l3,3,163,speech,10,0.1,10,10,1.0,1.0,1.0,0.9959188563013225,0.9753783388329302,0.02054051746839225,not_bootstrapped_minimal,inspect,utterance_disjoint_halves
GTSinger,mert_l3,3,163,singing,10,0.1,10,10,1.0,1.0,1.0,0.9979079340647028,0.9794777094379382,0.01843022462676458,not_bootstrapped_minimal,inspect,utterance_disjoint_halves
GTSinger,mert_l3,3,163,delta,10,0.1,10,10,1.0,1.0,1.0,0.8994804225568016,0.6165556090826825,0.28292481347411913,not_bootstrapped_minimal,inspect,utterance_disjoint_halves
GTSinger,mert_l3,3,163,r,10,0.1,9,10,0.9,1.0,0.95,0.7658217350376926,0.038318047066753916,0.7275036879709387,not_bootstrapped_minimal,pass,utterance_disjoint_halves
GTSinger,mert_l3,3,167,speech,10,0.1,9,10,0.9,1.0,0.95,0.9934856825236587,0.96667982095574,0.026805861567918643,not_bootstrapped_minimal,inspect,utterance_disjoint_halves
GTSinger,mert_l3,3,167,singing,10,0.1,10,10,1.0,1.0,1.0,0.997713293534668,0.9745203552272071,0.02319293830746083,not_bootstrapped_minimal,inspect,utterance_disjoint_halves
GTSinger,mert_l3,3,167,delta,10,0.1,8,10,0.8,1.0,0.8833333333333332,0.8478145673625719,0.49970096389603424,0.34811360346653764,not_bootstrapped_minimal,inspect,utterance_disjoint_halves
GTSinger,mert_l3,3,167,r,10,0.1,9,10,0.9,1.0,0.95,0.7592027220733425,0.032458020436431055,0.7267447016369114,not_bootstrapped_minimal,pass,utterance_disjoint_halves
GTSinger,mert_l3,3,173,speech,10,0.1,10,10,1.0,1.0,1.0,0.9960391816678517,0.9736470859531683,0.02239209571468337,not_bootstrapped_minimal,inspect,utterance_disjoint_halves
GTSinger,mert_l3,3,173,singing,10,0.1,10,10,1.0,1.0,1.0,0.9981599924276789,0.9807134131795586,0.01744657924812032,not_bootstrapped_minimal,inspect,utterance_disjoint_halves
GTSinger,mert_l3,3,173,delta,10,0.1,10,10,1.0,1.0,1.0,0.912919560111396,0.5994898263652375,0.31342973374615846,not_bootstrapped_minimal,inspect,utterance_disjoint_halves
GTSinger,mert_l3,3,173,r,10,0.1,10,10,1.0,1.0,1.0,0.7963420960985581,0.07188685667774904,0.724455239420809,not_bootstrapped_minimal,pass,utterance_disjoint_halves
GTSinger,mert_l3,3,179,speech,10,0.1,9,10,0.9,1.0,0.95,0.9956712771368748,0.9727452665311022,0.022926010605772595,not_bootstrapped_minimal,inspect,utterance_disjoint_halves
GTSinger,mert_l3,3,179,singing,10,0.1,10,10,1.0,1.0,1.0,0.9974255700122576,0.9750313463443039,0.02239422366795374,not_bootstrapped_minimal,inspect,utterance_disjoint_halves
GTSinger,mert_l3,3,179,delta,10,0.1,9,10,0.9,1.0,0.95,0.8865461962197319,0.5514691719273792,0.33507702429235264,not_bootstrapped_minimal,inspect,utterance_disjoint_halves
GTSinger,mert_l3,3,179,r,10,0.1,8,10,0.8,1.0,0.9,0.7557779096434639,0.06811342902229066,0.6876644806211732,not_bootstrapped_minimal,pass,utterance_disjoint_halves
GTSinger,mert_l3,3,181,speech,10,0.1,8,10,0.8,1.0,0.8833333333333332,0.9928735346339167,0.9684235786053094,0.024449956028607334,not_bootstrapped_minimal,inspect,utterance_disjoint_halves
GTSinger,mert_l3,3,181,singing,10,0.1,10,10,1.0,1.0,1.0,0.9981089675435694,0.9771893677732351,0.020919599770334307,not_bootstrapped_minimal,inspect,utterance_disjoint_halves
GTSinger,mert_l3,3,181,delta,10,0.1,8,10,0.8,1.0,0.8833333333333332,0.8610551050439209,0.5422323066514635,0.3188227983924574,not_bootstrapped_minimal,inspect,utterance_disjoint_halves
GTSinger,mert_l3,3,181,r,10,0.1,9,10,0.9,1.0,0.95,0.7420896511861701,0.0928276422946059,0.6492620088915642,not_bootstrapped_minimal,pass,utterance_disjoint_halves
GTSinger,mert_l3,3,191,speech,10,0.1,10,10,1.0,1.0,1.0,0.9960937533389836,0.9741452513360463,0.021948502002937298,not_bootstrapped_minimal,inspect,utterance_disjoint_halves
GTSinger,mert_l3,3,191,singing,10,0.1,10,10,1.0,1.0,1.0,0.9979459686756288,0.9761326320429597,0.021813336632669045,not_bootstrapped_minimal,inspect,utterance_disjoint_halves
GTSinger,mert_l3,3,191,delta,10,0.1,9,10,0.9,1.0,0.95,0.891659592784644,0.5795243702623926,0.31213522252225145,not_bootstrapped_minimal,inspect,utterance_disjoint_halves
GTSinger,mert_l3,3,191,r,10,0.1,10,10,1.0,1.0,1.0,0.8077675216672023,0.1543786200865317,0.6533889015806706,not_bootstrapped_minimal,pass,utterance_disjoint_halves
GTSinger,mert_l3,3,193,speech,10,0.1,9,10,0.9,1.0,0.9333333333333332,0.9940985446787938,0.965775244139769,0.028323300539024765,not_bootstrapped_minimal,inspect,utterance_disjoint_halves
GTSinger,mert_l3,3,193,singing,10,0.1,10,10,1.0,1.0,1.0,0.9975361452547418,0.9734866778518855,0.024049467402856295,not_bootstrapped_minimal,inspect,utterance_disjoint_halves
GTSinger,mert_l3,3,193,delta,10,0.1,9,10,0.9,1.0,0.9333333333333332,0.8815630423683943,0.5171804642007504,0.36438257816764397,not_bootstrapped_minimal,inspect,utterance_disjoint_halves
GTSinger,mert_l3,3,193,r,10,0.1,10,10,1.0,1.0,1.0,0.7844188398790356,0.10427428043423376,0.6801445594448019,not_bootstrapped_minimal,pass,utterance_disjoint_halves
GTSinger,mert_l3,3,197,speech,10,0.1,10,10,1.0,1.0,1.0,0.9935776692225777,0.9655409305889748,0.028036738633602898,not_bootstrapped_minimal,inspect,utterance_disjoint_halves
GTSinger,mert_l3,3,197,singing,10,0.1,10,10,1.0,1.0,1.0,0.9981491363536266,0.9732703604074099,0.02487877594621668,not_bootstrapped_minimal,inspect,utterance_disjoint_halves
GTSinger,mert_l3,3,197,delta,10,0.1,9,10,0.9,1.0,0.95,0.8934495813710738,0.5548869154925665,0.33856266587850725,not_bootstrapped_minimal,inspect,utterance_disjoint_halves
GTSinger,mert_l3,3,197,r,10,0.1,10,10,1.0,1.0,1.0,0.7959474313762933,0.060427540155924386,0.7355198912203689,not_bootstrapped_minimal,pass,utterance_disjoint_halves
GTSinger,mert_l3,3,199,speech,10,0.1,10,10,1.0,1.0,1.0,0.9960599178130985,0.9719729211293655,0.024086996683733042,not_bootstrapped_minimal,inspect,utterance_disjoint_halves
GTSinger,mert_l3,3,199,singing,10,0.1,10,10,1.0,1.0,1.0,0.9973487028799684,0.9736827502279203,0.023665952652048072,not_bootstrapped_minimal,inspect,utterance_disjoint_halves
GTSinger,mert_l3,3,199,delta,10,0.1,9,10,0.9,1.0,0.95,0.8854922973103061,0.56716673378431,0.31832556352599606,not_bootstrapped_minimal,inspect,utterance_disjoint_halves
GTSinger,mert_l3,3,199,r,10,0.1,9,10,0.9,1.0,0.95,0.7469027286765693,-0.013403897934305947,0.7603066266108752,not_bootstrapped_minimal,pass,utterance_disjoint_halves
GTSinger,mert_l3,3,211,speech,10,0.1,9,10,0.9,1.0,0.95,0.9934915765499701,0.9648100853461947,0.02868149120377539,not_bootstrapped_minimal,inspect,utterance_disjoint_halves
GTSinger,mert_l3,3,211,singing,10,0.1,10,10,1.0,1.0,1.0,0.9976896366068179,0.9724308749815825,0.025258761625235326,not_bootstrapped_minimal,inspect,utterance_disjoint_halves
GTSinger,mert_l3,3,211,delta,10,0.1,9,10,0.9,1.0,0.925,0.8846006403469954,0.5065731674926119,0.37802747285438343,not_bootstrapped_minimal,inspect,utterance_disjoint_halves
GTSinger,mert_l3,3,211,r,10,0.1,10,10,1.0,1.0,1.0,0.7855912967363745,0.004214014401627413,0.7813772823347471,not_bootstrapped_minimal,pass,utterance_disjoint_halves
GTSinger,mert_l3,3,223,speech,10,0.1,9,10,0.9,1.0,0.95,0.9933413442291906,0.9665908549422535,0.02675048928693713,not_bootstrapped_minimal,inspect,utterance_disjoint_halves
GTSinger,mert_l3,3,223,singing,10,0.1,10,10,1.0,1.0,1.0,0.9976604385134087,0.9764239519399515,0.021236486573457225,not_bootstrapped_minimal,inspect,utterance_disjoint_halves
GTSinger,mert_l3,3,223,delta,10,0.1,8,10,0.8,1.0,0.8699999999999999,0.8355615813500126,0.4661083630838661,0.36945321826614647,not_bootstrapped_minimal,inspect,utterance_disjoint_halves
GTSinger,mert_l3,3,223,r,10,0.1,9,10,0.9,1.0,0.9333333333333332,0.7614817654176919,0.0896116780714654,0.6718700873462264,not_bootstrapped_minimal,pass,utterance_disjoint_halves
GTSinger,mert_l3,3,227,speech,10,0.1,10,10,1.0,1.0,1.0,0.9952958199469192,0.9722285289886704,0.023067290958248776,not_bootstrapped_minimal,inspect,utterance_disjoint_halves
GTSinger,mert_l3,3,227,singing,10,0.1,10,10,1.0,1.0,1.0,0.997579013384186,0.9777646553281081,0.019814358056077896,not_bootstrapped_minimal,inspect,utterance_disjoint_halves
GTSinger,mert_l3,3,227,delta,10,0.1,9,10,0.9,1.0,0.95,0.8723604648912335,0.5500119143203754,0.3223485505708581,not_bootstrapped_minimal,inspect,utterance_disjoint_halves
GTSinger,mert_l3,3,227,r,10,0.1,10,10,1.0,1.0,1.0,0.7576421721541078,0.08961474264655982,0.668027429507548,not_bootstrapped_minimal,pass,utterance_disjoint_halves
GTSinger,mert_l3,3,229,speech,10,0.1,10,10,1.0,1.0,1.0,0.9957468760735534,0.9665582131668278,0.029188662906725615,not_bootstrapped_minimal,inspect,utterance_disjoint_halves
GTSinger,mert_l3,3,229,singing,10,0.1,10,10,1.0,1.0,1.0,0.9979235814993302,0.976252710016365,0.021670871482965204,not_bootstrapped_minimal,inspect,utterance_disjoint_halves
GTSinger,mert_l3,3,229,delta,10,0.1,9,10,0.9,1.0,0.95,0.9118809916590802,0.5830621573265957,0.3288188343324845,not_bootstrapped_minimal,inspect,utterance_disjoint_halves
GTSinger,mert_l3,3,229,r,10,0.1,10,10,1.0,1.0,1.0,0.8158596218137346,0.06220286092294895,0.7536567608907857,not_bootstrapped_minimal,pass,utterance_disjoint_halves
GTSinger,mert_l3,3,233,speech,10,0.1,10,10,1.0,1.0,1.0,0.995734333194654,0.9752238523439214,0.020510480850732593,not_bootstrapped_minimal,inspect,utterance_disjoint_halves
GTSinger,mert_l3,3,233,singing,10,0.1,10,10,1.0,1.0,1.0,0.9982516445594296,0.9794527262331237,0.01879891832630587,not_bootstrapped_minimal,inspect,utterance_disjoint_halves
GTSinger,mert_l3,3,233,delta,10,0.1,10,10,1.0,1.0,1.0,0.8998725651484625,0.6219726926827226,0.2778998724657399,not_bootstrapped_minimal,inspect,utterance_disjoint_halves
GTSinger,mert_l3,3,233,r,10,0.1,10,10,1.0,1.0,1.0,0.785970938903464,0.16227786797492647,0.6236930709285375,not_bootstrapped_minimal,pass,utterance_disjoint_halves
GTSinger,mert_l3,3,239,speech,10,0.1,10,10,1.0,1.0,1.0,0.9950738508639374,0.9733805275911679,0.021693323272769516,not_bootstrapped_minimal,inspect,utterance_disjoint_halves
GTSinger,mert_l3,3,239,singing,10,0.1,10,10,1.0,1.0,1.0,0.9980509789090911,0.9812959182238801,0.016755060685211043,not_bootstrapped_minimal,inspect,utterance_disjoint_halves
GTSinger,mert_l3,3,239,delta,10,0.1,9,10,0.9,1.0,0.95,0.8693344136912706,0.5915807458830296,0.27775366780824107,not_bootstrapped_minimal,inspect,utterance_disjoint_halves
GTSinger,mert_l3,3,239,r,10,0.1,10,10,1.0,1.0,1.0,0.7483827584368075,0.09074744170502107,0.6576353167317864,not_bootstrapped_minimal,pass,utterance_disjoint_halves
GTSinger,mert_l3,3,241,speech,10,0.1,10,10,1.0,1.0,1.0,0.9953033561871338,0.9722173150866624,0.02308604110047141,not_bootstrapped_minimal,inspect,utterance_disjoint_halves
GTSinger,mert_l3,3,241,singing,10,0.1,10,10,1.0,1.0,1.0,0.9972462398722722,0.9761724137151526,0.021073826157119613,not_bootstrapped_minimal,inspect,utterance_disjoint_halves
GTSinger,mert_l3,3,241,delta,10,0.1,10,10,1.0,1.0,1.0,0.8841130993332215,0.590876487129325,0.2932366122038965,not_bootstrapped_minimal,inspect,utterance_disjoint_halves
GTSinger,mert_l3,3,241,r,10,0.1,9,10,0.9,1.0,0.95,0.7208267191666724,0.058054778358137306,0.6627719408085351,not_bootstrapped_minimal,pass,utterance_disjoint_halves
GTSinger,mert_l3,3,251,speech,10,0.1,10,10,1.0,1.0,1.0,0.9953601145347447,0.9728602248870524,0.02249988964769234,not_bootstrapped_minimal,inspect,utterance_disjoint_halves
GTSinger,mert_l3,3,251,singing,10,0.1,10,10,1.0,1.0,1.0,0.997485933125339,0.9790560022723679,0.018429930852971066,not_bootstrapped_minimal,inspect,utterance_disjoint_halves
GTSinger,mert_l3,3,251,delta,10,0.1,9,10,0.9,1.0,0.9333333333333332,0.8639122146257605,0.5419195404499644,0.32199267417579613,not_bootstrapped_minimal,inspect,utterance_disjoint_halves
GTSinger,mert_l3,3,251,r,10,0.1,9,10,0.9,1.0,0.9333333333333332,0.7508166502469009,0.15534231355774877,0.5954743366891522,not_bootstrapped_minimal,pass,utterance_disjoint_halves
GTSinger,mert_l3,3,257,speech,10,0.1,9,10,0.9,1.0,0.95,0.9928407616738826,0.9674662352234596,0.02537452645042293,not_bootstrapped_minimal,inspect,utterance_disjoint_halves
GTSinger,mert_l3,3,257,singing,10,0.1,10,10,1.0,1.0,1.0,0.9977810600586053,0.9737965242898383,0.023984535768767024,not_bootstrapped_minimal,inspect,utterance_disjoint_halves
GTSinger,mert_l3,3,257,delta,10,0.1,9,10,0.9,1.0,0.9333333333333332,0.850880711976199,0.49566369420437884,0.35521701777182013,not_bootstrapped_minimal,inspect,utterance_disjoint_halves
GTSinger,mert_l3,3,257,r,10,0.1,10,10,1.0,1.0,1.0,0.7301290500679873,-0.014992558929619954,0.7451216089976073,not_bootstrapped_minimal,pass,utterance_disjoint_halves
GTSinger,ecapa,embedding,13,speech,10,0.1,10,10,1.0,1.0,1.0,0.9004360766195258,0.21896714253105817,0.6814689340884676,not_bootstrapped_minimal,inspect,utterance_disjoint_halves
GTSinger,ecapa,embedding,13,singing,10,0.1,10,10,1.0,1.0,1.0,0.9665146240647953,0.398545716475407,0.5679689075893883,not_bootstrapped_minimal,inspect,utterance_disjoint_halves
GTSinger,ecapa,embedding,13,delta,10,0.1,10,10,1.0,1.0,1.0,0.8501216889784249,0.24799705610986203,0.6021246328685629,not_bootstrapped_minimal,inspect,utterance_disjoint_halves
GTSinger,ecapa,embedding,13,r,10,0.1,10,10,1.0,1.0,1.0,0.8105939507194485,0.07148208634709143,0.7391118643723571,not_bootstrapped_minimal,pass,utterance_disjoint_halves
GTSinger,ecapa,embedding,17,speech,10,0.1,10,10,1.0,1.0,1.0,0.9248897982799555,0.22553984847776803,0.6993499498021876,not_bootstrapped_minimal,inspect,utterance_disjoint_halves
GTSinger,ecapa,embedding,17,singing,10,0.1,10,10,1.0,1.0,1.0,0.9644870349872949,0.3560754318270381,0.6084116031602569,not_bootstrapped_minimal,inspect,utterance_disjoint_halves
GTSinger,ecapa,embedding,17,delta,10,0.1,10,10,1.0,1.0,1.0,0.8645306265282571,0.26850739517767597,0.5960232313505811,not_bootstrapped_minimal,inspect,utterance_disjoint_halves
GTSinger,ecapa,embedding,17,r,10,0.1,10,10,1.0,1.0,1.0,0.8203322463594711,0.03934088767442232,0.7809913586850488,not_bootstrapped_minimal,pass,utterance_disjoint_halves
GTSinger,ecapa,embedding,19,speech,10,0.1,9,10,0.9,1.0,0.95,0.903185440349942,0.2632258883720109,0.6399595519779311,not_bootstrapped_minimal,inspect,utterance_disjoint_halves
GTSinger,ecapa,embedding,19,singing,10,0.1,10,10,1.0,1.0,1.0,0.9655300851651347,0.3814384288791979,0.5840916562859368,not_bootstrapped_minimal,inspect,utterance_disjoint_halves
GTSinger,ecapa,embedding,19,delta,10,0.1,9,10,0.9,1.0,0.95,0.8375182021937476,0.29273400510891734,0.5447841970848303,not_bootstrapped_minimal,inspect,utterance_disjoint_halves
GTSinger,ecapa,embedding,19,r,10,0.1,9,10,0.9,1.0,0.95,0.7894254261972599,0.07701709430822459,0.7124083318890353,not_bootstrapped_minimal,pass,utterance_disjoint_halves
GTSinger,ecapa,embedding,23,speech,10,0.1,9,10,0.9,1.0,0.95,0.8700520551506543,0.19116212035270116,0.6788899347979531,not_bootstrapped_minimal,inspect,utterance_disjoint_halves
GTSinger,ecapa,embedding,23,singing,10,0.1,10,10,1.0,1.0,1.0,0.9696839196714446,0.3602167289449527,0.6094671907264919,not_bootstrapped_minimal,inspect,utterance_disjoint_halves
GTSinger,ecapa,embedding,23,delta,10,0.1,9,10,0.9,1.0,0.95,0.8143012834500485,0.23648629390720444,0.577814989542844,not_bootstrapped_minimal,inspect,utterance_disjoint_halves
GTSinger,ecapa,embedding,23,r,10,0.1,9,10,0.9,1.0,0.95,0.7626643316180445,0.06948284686445534,0.6931814847535891,not_bootstrapped_minimal,pass,utterance_disjoint_halves
GTSinger,ecapa,embedding,29,speech,10,0.1,9,10,0.9,1.0,0.95,0.8821695338214092,0.23864697142774458,0.6435225623936646,not_bootstrapped_minimal,inspect,utterance_disjoint_halves
GTSinger,ecapa,embedding,29,singing,10,0.1,10,10,1.0,1.0,1.0,0.9633647210803751,0.40966003187684885,0.5537046892035262,not_bootstrapped_minimal,inspect,utterance_disjoint_halves
GTSinger,ecapa,embedding,29,delta,10,0.1,9,10,0.9,1.0,0.95,0.8144708619313084,0.26380634273100845,0.5506645192002999,not_bootstrapped_minimal,inspect,utterance_disjoint_halves
GTSinger,ecapa,embedding,29,r,10,0.1,9,10,0.9,1.0,0.95,0.7572105423663137,0.06300710416901256,0.6942034381973011,not_bootstrapped_minimal,pass,utterance_disjoint_halves
GTSinger,ecapa,embedding,31,speech,10,0.1,10,10,1.0,1.0,1.0,0.8991216849837891,0.18212064495571573,0.7170010400280733,not_bootstrapped_minimal,inspect,utterance_disjoint_halves
GTSinger,ecapa,embedding,31,singing,10,0.1,10,10,1.0,1.0,1.0,0.9647035523935411,0.384227736095388,0.5804758162981531,not_bootstrapped_minimal,inspect,utterance_disjoint_halves
GTSinger,ecapa,embedding,31,delta,10,0.1,10,10,1.0,1.0,1.0,0.863498338858547,0.22447228563377572,0.6390260532247712,not_bootstrapped_minimal,inspect,utterance_disjoint_halves
GTSinger,ecapa,embedding,31,r,10,0.1,10,10,1.0,1.0,1.0,0.8182631337225083,0.03297254887392447,0.7852905848485838,not_bootstrapped_minimal,pass,utterance_disjoint_halves
GTSinger,ecapa,embedding,37,speech,10,0.1,9,10,0.9,1.0,0.95,0.8850895731879487,0.20319608212743373,0.681893491060515,not_bootstrapped_minimal,inspect,utterance_disjoint_halves
GTSinger,ecapa,embedding,37,singing,10,0.1,10,10,1.0,1.0,1.0,0.9711245308324912,0.404418121682605,0.5667064091498861,not_bootstrapped_minimal,inspect,utterance_disjoint_halves
GTSinger,ecapa,embedding,37,delta,10,0.1,9,10,0.9,1.0,0.95,0.8426976773547279,0.2888465633148414,0.5538511140398865,not_bootstrapped_minimal,inspect,utterance_disjoint_halves
GTSinger,ecapa,embedding,37,r,10,0.1,9,10,0.9,1.0,0.95,0.7909771463169651,0.08638146771822758,0.7045956785987375,not_bootstrapped_minimal,pass,utterance_disjoint_halves
GTSinger,ecapa,embedding,41,speech,10,0.1,10,10,1.0,1.0,1.0,0.8914793896448069,0.2174621057921991,0.6740172838526077,not_bootstrapped_minimal,inspect,utterance_disjoint_halves
GTSinger,ecapa,embedding,41,singing,10,0.1,10,10,1.0,1.0,1.0,0.9661683724439284,0.4387108051130803,0.5274575673308481,not_bootstrapped_minimal,inspect,utterance_disjoint_halves
GTSinger,ecapa,embedding,41,delta,10,0.1,10,10,1.0,1.0,1.0,0.8342912001714049,0.26648143146547904,0.5678097687059258,not_bootstrapped_minimal,inspect,utterance_disjoint_halves
GTSinger,ecapa,embedding,41,r,10,0.1,10,10,1.0,1.0,1.0,0.7826957384706272,0.03931272482010348,0.7433830136505237,not_bootstrapped_minimal,pass,utterance_disjoint_halves
GTSinger,ecapa,embedding,43,speech,10,0.1,10,10,1.0,1.0,1.0,0.8927703876180566,0.18434326728383005,0.7084271203342265,not_bootstrapped_minimal,inspect,utterance_disjoint_halves
GTSinger,ecapa,embedding,43,singing,10,0.1,10,10,1.0,1.0,1.0,0.9771965055751691,0.3627905261149445,0.6144059794602246,not_bootstrapped_minimal,inspect,utterance_disjoint_halves
GTSinger,ecapa,embedding,43,delta,10,0.1,10,10,1.0,1.0,1.0,0.8674097007949788,0.24497031364915256,0.6224393871458263,not_bootstrapped_minimal,inspect,utterance_disjoint_halves
GTSinger,ecapa,embedding,43,r,10,0.1,10,10,1.0,1.0,1.0,0.8106538415325387,0.008916553413254463,0.8017372881192842,not_bootstrapped_minimal,pass,utterance_disjoint_halves
GTSinger,ecapa,embedding,47,speech,10,0.1,10,10,1.0,1.0,1.0,0.904282945744231,0.18826275610469148,0.7160201896395395,not_bootstrapped_minimal,inspect,utterance_disjoint_halves
GTSinger,ecapa,embedding,47,singing,10,0.1,10,10,1.0,1.0,1.0,0.9730269474229338,0.40097388170768256,0.5720530657152513,not_bootstrapped_minimal,inspect,utterance_disjoint_halves
GTSinger,ecapa,embedding,47,delta,10,0.1,10,10,1.0,1.0,1.0,0.8839653353550141,0.2727937568782282,0.6111715784767859,not_bootstrapped_minimal,inspect,utterance_disjoint_halves
GTSinger,ecapa,embedding,47,r,10,0.1,10,10,1.0,1.0,1.0,0.8393273329466201,0.07125905568762729,0.7680682772589928,not_bootstrapped_minimal,pass,utterance_disjoint_halves
GTSinger,ecapa,embedding,53,speech,10,0.1,10,10,1.0,1.0,1.0,0.8987337868348988,0.18392203896139886,0.7148117478734999,not_bootstrapped_minimal,inspect,utterance_disjoint_halves
GTSinger,ecapa,embedding,53,singing,10,0.1,10,10,1.0,1.0,1.0,0.966431129643144,0.3504593802165428,0.6159717494266013,not_bootstrapped_minimal,inspect,utterance_disjoint_halves
GTSinger,ecapa,embedding,53,delta,10,0.1,10,10,1.0,1.0,1.0,0.8279878896406331,0.213485875856018,0.6145020137846151,not_bootstrapped_minimal,inspect,utterance_disjoint_halves
GTSinger,ecapa,embedding,53,r,10,0.1,10,10,1.0,1.0,1.0,0.7791802478132109,-0.002632212045970067,0.781812459859181,not_bootstrapped_minimal,pass,utterance_disjoint_halves
GTSinger,ecapa,embedding,59,speech,10,0.1,10,10,1.0,1.0,1.0,0.910387516771193,0.23467344748843627,0.6757140692827568,not_bootstrapped_minimal,inspect,utterance_disjoint_halves
GTSinger,ecapa,embedding,59,singing,10,0.1,10,10,1.0,1.0,1.0,0.9697232358413279,0.40693070228666545,0.5627925335546624,not_bootstrapped_minimal,inspect,utterance_disjoint_halves
GTSinger,ecapa,embedding,59,delta,10,0.1,10,10,1.0,1.0,1.0,0.8504141035752688,0.2703981444859606,0.5800159590893081,not_bootstrapped_minimal,inspect,utterance_disjoint_halves
GTSinger,ecapa,embedding,59,r,10,0.1,10,10,1.0,1.0,1.0,0.8053650297431967,0.06749293364315681,0.7378720961000399,not_bootstrapped_minimal,pass,utterance_disjoint_halves
GTSinger,ecapa,embedding,61,speech,10,0.1,9,10,0.9,1.0,0.95,0.913250753838523,0.172579826463249,0.7406709273752741,not_bootstrapped_minimal,inspect,utterance_disjoint_halves
GTSinger,ecapa,embedding,61,singing,10,0.1,10,10,1.0,1.0,1.0,0.9738288964629733,0.3825911651646909,0.5912377312982824,not_bootstrapped_minimal,inspect,utterance_disjoint_halves
GTSinger,ecapa,embedding,61,delta,10,0.1,9,10,0.9,1.0,0.95,0.8833299839158807,0.27132562789595804,0.6120043560199226,not_bootstrapped_minimal,inspect,utterance_disjoint_halves
GTSinger,ecapa,embedding,61,r,10,0.1,9,10,0.9,1.0,0.95,0.8378571257495544,0.08548446636380466,0.7523726593857497,not_bootstrapped_minimal,pass,utterance_disjoint_halves
GTSinger,ecapa,embedding,67,speech,10,0.1,10,10,1.0,1.0,1.0,0.8874319789782067,0.1932520753640054,0.6941799036142013,not_bootstrapped_minimal,inspect,utterance_disjoint_halves
GTSinger,ecapa,embedding,67,singing,10,0.1,10,10,1.0,1.0,1.0,0.9758999610745981,0.36462782741036287,0.6112721336642353,not_bootstrapped_minimal,inspect,utterance_disjoint_halves
GTSinger,ecapa,embedding,67,delta,10,0.1,10,10,1.0,1.0,1.0,0.8534995703431427,0.23856831587065735,0.6149312544724854,not_bootstrapped_minimal,inspect,utterance_disjoint_halves
GTSinger,ecapa,embedding,67,r,10,0.1,10,10,1.0,1.0,1.0,0.810055830860407,0.035100187635123486,0.7749556432252835,not_bootstrapped_minimal,pass,utterance_disjoint_halves
GTSinger,ecapa,embedding,71,speech,10,0.1,10,10,1.0,1.0,1.0,0.8918369820007612,0.25662062763086724,0.635216354369894,not_bootstrapped_minimal,inspect,utterance_disjoint_halves
GTSinger,ecapa,embedding,71,singing,10,0.1,10,10,1.0,1.0,1.0,0.9734724879067407,0.4437760832987906,0.5296964046079501,not_bootstrapped_minimal,inspect,utterance_disjoint_halves
GTSinger,ecapa,embedding,71,delta,10,0.1,10,10,1.0,1.0,1.0,0.8400246999171259,0.30288782924029695,0.5371368706768289,not_bootstrapped_minimal,inspect,utterance_disjoint_halves
GTSinger,ecapa,embedding,71,r,10,0.1,10,10,1.0,1.0,1.0,0.8018509945403268,0.1282311668959117,0.6736198276444151,not_bootstrapped_minimal,pass,utterance_disjoint_halves
GTSinger,ecapa,embedding,73,speech,10,0.1,10,10,1.0,1.0,1.0,0.8917421721985732,0.1881627988199534,0.7035793733786198,not_bootstrapped_minimal,inspect,utterance_disjoint_halves
GTSinger,ecapa,embedding,73,singing,10,0.1,10,10,1.0,1.0,1.0,0.9671122678251421,0.36453781088637327,0.6025744569387689,not_bootstrapped_minimal,inspect,utterance_disjoint_halves
GTSinger,ecapa,embedding,73,delta,10,0.1,10,10,1.0,1.0,1.0,0.8522320148134718,0.24591383177243656,0.6063181830410352,not_bootstrapped_minimal,inspect,utterance_disjoint_halves
GTSinger,ecapa,embedding,73,r,10,0.1,10,10,1.0,1.0,1.0,0.8054532316970537,0.06758583864446639,0.7378673930525873,not_bootstrapped_minimal,pass,utterance_disjoint_halves
GTSinger,ecapa,embedding,79,speech,10,0.1,10,10,1.0,1.0,1.0,0.8665947423874263,0.22524131887950571,0.6413534235079206,not_bootstrapped_minimal,inspect,utterance_disjoint_halves
GTSinger,ecapa,embedding,79,singing,10,0.1,10,10,1.0,1.0,1.0,0.9634710582436901,0.40812612863480097,0.555344929608889,not_bootstrapped_minimal,inspect,utterance_disjoint_halves
GTSinger,ecapa,embedding,79,delta,10,0.1,10,10,1.0,1.0,1.0,0.7934948000831018,0.2236949100115118,0.56979989007159,not_bootstrapped_minimal,inspect,utterance_disjoint_halves
GTSinger,ecapa,embedding,79,r,10,0.1,10,10,1.0,1.0,1.0,0.7596519950943772,0.11654569567942172,0.6431062994149555,not_bootstrapped_minimal,pass,utterance_disjoint_halves
GTSinger,ecapa,embedding,83,speech,10,0.1,10,10,1.0,1.0,1.0,0.9016483063580143,0.25443658737739433,0.6472117189806199,not_bootstrapped_minimal,inspect,utterance_disjoint_halves
GTSinger,ecapa,embedding,83,singing,10,0.1,10,10,1.0,1.0,1.0,0.9657899433903886,0.4156051528323613,0.5501847905580273,not_bootstrapped_minimal,inspect,utterance_disjoint_halves
GTSinger,ecapa,embedding,83,delta,10,0.1,10,10,1.0,1.0,1.0,0.839968607437474,0.2768367321551751,0.5631318752822989,not_bootstrapped_minimal,inspect,utterance_disjoint_halves
GTSinger,ecapa,embedding,83,r,10,0.1,10,10,1.0,1.0,1.0,0.8106718350043906,0.15925146873665846,0.651420366267732,not_bootstrapped_minimal,pass,utterance_disjoint_halves
GTSinger,ecapa,embedding,89,speech,10,0.1,9,10,0.9,1.0,0.95,0.8969810943417122,0.20630243616151034,0.6906786581802019,not_bootstrapped_minimal,inspect,utterance_disjoint_halves
GTSinger,ecapa,embedding,89,singing,10,0.1,10,10,1.0,1.0,1.0,0.9653553415048964,0.3130697210246148,0.6522856204802816,not_bootstrapped_minimal,inspect,utterance_disjoint_halves
GTSinger,ecapa,embedding,89,delta,10,0.1,9,10,0.9,1.0,0.95,0.8243295895321111,0.21844228254465567,0.6058873069874554,not_bootstrapped_minimal,inspect,utterance_disjoint_halves
GTSinger,ecapa,embedding,89,r,10,0.1,9,10,0.9,1.0,0.95,0.7845629374507725,0.09149909337850719,0.6930638440722654,not_bootstrapped_minimal,pass,utterance_disjoint_halves
GTSinger,ecapa,embedding,97,speech,10,0.1,10,10,1.0,1.0,1.0,0.8792243893614163,0.19869020034792567,0.6805341890134906,not_bootstrapped_minimal,inspect,utterance_disjoint_halves
GTSinger,ecapa,embedding,97,singing,10,0.1,10,10,1.0,1.0,1.0,0.967960539030582,0.38973107542988683,0.5782294636006952,not_bootstrapped_minimal,inspect,utterance_disjoint_halves
GTSinger,ecapa,embedding,97,delta,10,0.1,10,10,1.0,1.0,1.0,0.8288065371830236,0.25076521745204655,0.578041319730977,not_bootstrapped_minimal,inspect,utterance_disjoint_halves
GTSinger,ecapa,embedding,97,r,10,0.1,10,10,1.0,1.0,1.0,0.7859715010758788,0.10224434600225403,0.6837271550736247,not_bootstrapped_minimal,pass,utterance_disjoint_halves
GTSinger,ecapa,embedding,101,speech,10,0.1,9,10,0.9,1.0,0.95,0.9062856865657392,0.1698176114329542,0.736468075132785,not_bootstrapped_minimal,inspect,utterance_disjoint_halves
GTSinger,ecapa,embedding,101,singing,10,0.1,10,10,1.0,1.0,1.0,0.9616816028056068,0.3824674491972618,0.579214153608345,not_bootstrapped_minimal,inspect,utterance_disjoint_halves
GTSinger,ecapa,embedding,101,delta,10,0.1,9,10,0.9,1.0,0.95,0.868374835279034,0.24466167131430905,0.623713163964725,not_bootstrapped_minimal,inspect,utterance_disjoint_halves
GTSinger,ecapa,embedding,101,r,10,0.1,9,10,0.9,1.0,0.95,0.8235055379198106,0.05773788424781252,0.7657676536719981,not_bootstrapped_minimal,pass,utterance_disjoint_halves
GTSinger,ecapa,embedding,103,speech,10,0.1,9,10,0.9,1.0,0.95,0.9013001464528934,0.22893577401544216,0.6723643724374512,not_bootstrapped_minimal,inspect,utterance_disjoint_halves
GTSinger,ecapa,embedding,103,singing,10,0.1,10,10,1.0,1.0,1.0,0.9703620713528114,0.36435263245120625,0.6060094389016051,not_bootstrapped_minimal,inspect,utterance_disjoint_halves
GTSinger,ecapa,embedding,103,delta,10,0.1,9,10,0.9,1.0,0.95,0.8290241546456972,0.2583113635314994,0.5707127911141978,not_bootstrapped_minimal,inspect,utterance_disjoint_halves
GTSinger,ecapa,embedding,103,r,10,0.1,9,10,0.9,1.0,0.95,0.8018362215346112,0.1390769731222726,0.6627592484123386,not_bootstrapped_minimal,pass,utterance_disjoint_halves
GTSinger,ecapa,embedding,107,speech,10,0.1,10,10,1.0,1.0,1.0,0.9191939623156532,0.18407418878195808,0.7351197735336952,not_bootstrapped_minimal,inspect,utterance_disjoint_halves
GTSinger,ecapa,embedding,107,singing,10,0.1,10,10,1.0,1.0,1.0,0.9692973724554566,0.38904127750369455,0.580256094951762,not_bootstrapped_minimal,inspect,utterance_disjoint_halves
GTSinger,ecapa,embedding,107,delta,10,0.1,10,10,1.0,1.0,1.0,0.8781837160950013,0.23579313342541755,0.6423905826695838,not_bootstrapped_minimal,inspect,utterance_disjoint_halves
GTSinger,ecapa,embedding,107,r,10,0.1,10,10,1.0,1.0,1.0,0.8263634799342456,0.002962414298780785,0.8234010656354649,not_bootstrapped_minimal,pass,utterance_disjoint_halves
GTSinger,ecapa,embedding,109,speech,10,0.1,9,10,0.9,1.0,0.95,0.8949237603650957,0.19128515297178253,0.7036386073933132,not_bootstrapped_minimal,inspect,utterance_disjoint_halves
GTSinger,ecapa,embedding,109,singing,10,0.1,10,10,1.0,1.0,1.0,0.9646728565414788,0.4027931469838022,0.5618797095576766,not_bootstrapped_minimal,inspect,utterance_disjoint_halves
GTSinger,ecapa,embedding,109,delta,10,0.1,9,10,0.9,1.0,0.95,0.8212773645894733,0.24006030703663142,0.5812170575528419,not_bootstrapped_minimal,inspect,utterance_disjoint_halves
GTSinger,ecapa,embedding,109,r,10,0.1,9,10,0.9,1.0,0.95,0.7757132980054332,0.061470838694323876,0.7142424593111093,not_bootstrapped_minimal,pass,utterance_disjoint_halves
GTSinger,ecapa,embedding,113,speech,10,0.1,10,10,1.0,1.0,1.0,0.8895429247097691,0.17835940306949555,0.7111835216402735,not_bootstrapped_minimal,inspect,utterance_disjoint_halves
GTSinger,ecapa,embedding,113,singing,10,0.1,10,10,1.0,1.0,1.0,0.9699438663761549,0.40146474307366503,0.56847912330249,not_bootstrapped_minimal,inspect,utterance_disjoint_halves
GTSinger,ecapa,embedding,113,delta,10,0.1,10,10,1.0,1.0,1.0,0.8558089775101155,0.2392901416546907,0.6165188358554248,not_bootstrapped_minimal,inspect,utterance_disjoint_halves
GTSinger,ecapa,embedding,113,r,10,0.1,10,10,1.0,1.0,1.0,0.8128959225925275,0.0691887139905539,0.7437072086019736,not_bootstrapped_minimal,pass,utterance_disjoint_halves
GTSinger,ecapa,embedding,127,speech,10,0.1,10,10,1.0,1.0,1.0,0.8954649479093973,0.24511351100736217,0.6503514369020351,not_bootstrapped_minimal,inspect,utterance_disjoint_halves
GTSinger,ecapa,embedding,127,singing,10,0.1,10,10,1.0,1.0,1.0,0.9699924153420898,0.3891019490285271,0.5808904663135627,not_bootstrapped_minimal,inspect,utterance_disjoint_halves
GTSinger,ecapa,embedding,127,delta,10,0.1,10,10,1.0,1.0,1.0,0.8422486521558354,0.2567696018848541,0.5854790502709813,not_bootstrapped_minimal,inspect,utterance_disjoint_halves
GTSinger,ecapa,embedding,127,r,10,0.1,10,10,1.0,1.0,1.0,0.8002416348042309,0.046206144510115336,0.7540354902941157,not_bootstrapped_minimal,pass,utterance_disjoint_halves
GTSinger,ecapa,embedding,131,speech,10,0.1,10,10,1.0,1.0,1.0,0.9174732600922686,0.1727499087548101,0.7447233513374585,not_bootstrapped_minimal,inspect,utterance_disjoint_halves
GTSinger,ecapa,embedding,131,singing,10,0.1,10,10,1.0,1.0,1.0,0.9636772150749489,0.3811834957021197,0.5824937193728292,not_bootstrapped_minimal,inspect,utterance_disjoint_halves
GTSinger,ecapa,embedding,131,delta,10,0.1,10,10,1.0,1.0,1.0,0.8765138324319736,0.2371494829465439,0.6393643494854296,not_bootstrapped_minimal,inspect,utterance_disjoint_halves
GTSinger,ecapa,embedding,131,r,10,0.1,10,10,1.0,1.0,1.0,0.8326756416014218,0.054800456381809345,0.7778751852196125,not_bootstrapped_minimal,pass,utterance_disjoint_halves
GTSinger,ecapa,embedding,137,speech,10,0.1,10,10,1.0,1.0,1.0,0.912463852197192,0.1993798400943589,0.713084012102833,not_bootstrapped_minimal,inspect,utterance_disjoint_halves
GTSinger,ecapa,embedding,137,singing,10,0.1,10,10,1.0,1.0,1.0,0.9687442718166233,0.36348235068663914,0.6052619211299841,not_bootstrapped_minimal,inspect,utterance_disjoint_halves
GTSinger,ecapa,embedding,137,delta,10,0.1,10,10,1.0,1.0,1.0,0.8593097772763854,0.24132563991424075,0.6179841373621446,not_bootstrapped_minimal,inspect,utterance_disjoint_halves
GTSinger,ecapa,embedding,137,r,10,0.1,10,10,1.0,1.0,1.0,0.8043270012448043,0.012689851645364479,0.7916371495994398,not_bootstrapped_minimal,pass,utterance_disjoint_halves
GTSinger,ecapa,embedding,139,speech,10,0.1,10,10,1.0,1.0,1.0,0.9041359999086535,0.19657366169985366,0.7075623382087998,not_bootstrapped_minimal,inspect,utterance_disjoint_halves
GTSinger,ecapa,embedding,139,singing,10,0.1,10,10,1.0,1.0,1.0,0.9631972338042282,0.42974829472911563,0.5334489390751125,not_bootstrapped_minimal,inspect,utterance_disjoint_halves
GTSinger,ecapa,embedding,139,delta,10,0.1,10,10,1.0,1.0,1.0,0.8464707341320798,0.27923089876788054,0.5672398353641993,not_bootstrapped_minimal,inspect,utterance_disjoint_halves
GTSinger,ecapa,embedding,139,r,10,0.1,10,10,1.0,1.0,1.0,0.7862124748209905,0.06258185611001979,0.7236306187109708,not_bootstrapped_minimal,pass,utterance_disjoint_halves
GTSinger,ecapa,embedding,149,speech,10,0.1,10,10,1.0,1.0,1.0,0.8682025432261667,0.24167518520609205,0.6265273580200748,not_bootstrapped_minimal,inspect,utterance_disjoint_halves
GTSinger,ecapa,embedding,149,singing,10,0.1,10,10,1.0,1.0,1.0,0.9698330305664792,0.40847499899153117,0.561358031574948,not_bootstrapped_minimal,inspect,utterance_disjoint_halves
GTSinger,ecapa,embedding,149,delta,10,0.1,10,10,1.0,1.0,1.0,0.8005779475550459,0.25020673291059303,0.5503712146444528,not_bootstrapped_minimal,inspect,utterance_disjoint_halves
GTSinger,ecapa,embedding,149,r,10,0.1,10,10,1.0,1.0,1.0,0.7502985934526298,0.051512238208829685,0.6987863552438002,not_bootstrapped_minimal,pass,utterance_disjoint_halves
GTSinger,ecapa,embedding,151,speech,10,0.1,10,10,1.0,1.0,1.0,0.9034301893943315,0.19311009698127612,0.7103200924130554,not_bootstrapped_minimal,inspect,utterance_disjoint_halves
GTSinger,ecapa,embedding,151,singing,10,0.1,10,10,1.0,1.0,1.0,0.9650309468690136,0.40988761550156344,0.5551433313674501,not_bootstrapped_minimal,inspect,utterance_disjoint_halves
GTSinger,ecapa,embedding,151,delta,10,0.1,10,10,1.0,1.0,1.0,0.8718574826244524,0.28504191614639984,0.5868155664780526,not_bootstrapped_minimal,inspect,utterance_disjoint_halves
GTSinger,ecapa,embedding,151,r,10,0.1,10,10,1.0,1.0,1.0,0.8245408834223561,0.08235457037322476,0.7421863130491313,not_bootstrapped_minimal,pass,utterance_disjoint_halves
GTSinger,ecapa,embedding,157,speech,10,0.1,9,10,0.9,1.0,0.95,0.8906251942162502,0.21498271060048996,0.6756424836157602,not_bootstrapped_minimal,inspect,utterance_disjoint_halves
GTSinger,ecapa,embedding,157,singing,10,0.1,10,10,1.0,1.0,1.0,0.9675219226629839,0.37123565469583375,0.5962862679671501,not_bootstrapped_minimal,inspect,utterance_disjoint_halves
GTSinger,ecapa,embedding,157,delta,10,0.1,9,10,0.9,1.0,0.95,0.8438175632163922,0.2624696850228979,0.5813478781934943,not_bootstrapped_minimal,inspect,utterance_disjoint_halves
GTSinger,ecapa,embedding,157,r,10,0.1,9,10,0.9,1.0,0.95,0.7976496668195208,0.0731066564181367,0.724543010401384,not_bootstrapped_minimal,pass,utterance_disjoint_halves
GTSinger,ecapa,embedding,163,speech,10,0.1,10,10,1.0,1.0,1.0,0.8984399390897011,0.21301803412991363,0.6854219049597875,not_bootstrapped_minimal,inspect,utterance_disjoint_halves
GTSinger,ecapa,embedding,163,singing,10,0.1,10,10,1.0,1.0,1.0,0.97175275444915,0.3834018529120138,0.5883509015371362,not_bootstrapped_minimal,inspect,utterance_disjoint_halves
GTSinger,ecapa,embedding,163,delta,10,0.1,10,10,1.0,1.0,1.0,0.8420452351343559,0.26602967526293914,0.5760155598714167,not_bootstrapped_minimal,inspect,utterance_disjoint_halves
GTSinger,ecapa,embedding,163,r,10,0.1,10,10,1.0,1.0,1.0,0.7902804343823812,0.060328158996212425,0.7299522753861687,not_bootstrapped_minimal,pass,utterance_disjoint_halves
GTSinger,ecapa,embedding,167,speech,10,0.1,10,10,1.0,1.0,1.0,0.9060062701975576,0.20623274866978158,0.699773521527776,not_bootstrapped_minimal,inspect,utterance_disjoint_halves
GTSinger,ecapa,embedding,167,singing,10,0.1,10,10,1.0,1.0,1.0,0.9698324198109676,0.39496282559719353,0.574869594213774,not_bootstrapped_minimal,inspect,utterance_disjoint_halves
GTSinger,ecapa,embedding,167,delta,10,0.1,10,10,1.0,1.0,1.0,0.8616415038180335,0.2517270458566034,0.6099144579614302,not_bootstrapped_minimal,inspect,utterance_disjoint_halves
GTSinger,ecapa,embedding,167,r,10,0.1,10,10,1.0,1.0,1.0,0.8188627383482776,0.04628551948992066,0.772577218858357,not_bootstrapped_minimal,pass,utterance_disjoint_halves
GTSinger,ecapa,embedding,173,speech,10,0.1,10,10,1.0,1.0,1.0,0.902349447916021,0.20935679388713882,0.6929926540288822,not_bootstrapped_minimal,inspect,utterance_disjoint_halves
GTSinger,ecapa,embedding,173,singing,10,0.1,10,10,1.0,1.0,1.0,0.9661276432233542,0.4219989616357929,0.5441286815875612,not_bootstrapped_minimal,inspect,utterance_disjoint_halves
GTSinger,ecapa,embedding,173,delta,10,0.1,10,10,1.0,1.0,1.0,0.8545406097358315,0.2686788109455372,0.5858617987902943,not_bootstrapped_minimal,inspect,utterance_disjoint_halves
GTSinger,ecapa,embedding,173,r,10,0.1,10,10,1.0,1.0,1.0,0.8101908304693779,0.07716181080834614,0.7330290196610317,not_bootstrapped_minimal,pass,utterance_disjoint_halves
GTSinger,ecapa,embedding,179,speech,10,0.1,9,10,0.9,1.0,0.95,0.8987982882432032,0.2067987692103421,0.691999519032861,not_bootstrapped_minimal,inspect,utterance_disjoint_halves
GTSinger,ecapa,embedding,179,singing,10,0.1,10,10,1.0,1.0,1.0,0.9608764998329429,0.35659072106423123,0.6042857787687117,not_bootstrapped_minimal,inspect,utterance_disjoint_halves
GTSinger,ecapa,embedding,179,delta,10,0.1,9,10,0.9,1.0,0.95,0.832968584259727,0.22086921039349358,0.6120993738662334,not_bootstrapped_minimal,inspect,utterance_disjoint_halves
GTSinger,ecapa,embedding,179,r,10,0.1,9,10,0.9,1.0,0.95,0.7935113900485213,0.09734968171683812,0.6961617083316832,not_bootstrapped_minimal,pass,utterance_disjoint_halves
GTSinger,ecapa,embedding,181,speech,10,0.1,9,10,0.9,1.0,0.95,0.8669654300509734,0.18165104168100307,0.6853143883699703,not_bootstrapped_minimal,inspect,utterance_disjoint_halves
GTSinger,ecapa,embedding,181,singing,10,0.1,10,10,1.0,1.0,1.0,0.9716915857266255,0.386382516848731,0.5853090688778946,not_bootstrapped_minimal,inspect,utterance_disjoint_halves
GTSinger,ecapa,embedding,181,delta,10,0.1,9,10,0.9,1.0,0.95,0.8186254359349387,0.24338141516852668,0.575244020766412,not_bootstrapped_minimal,inspect,utterance_disjoint_halves
GTSinger,ecapa,embedding,181,r,10,0.1,9,10,0.9,1.0,0.95,0.7802599152725416,0.12839492413595652,0.651864991136585,not_bootstrapped_minimal,pass,utterance_disjoint_halves
GTSinger,ecapa,embedding,191,speech,10,0.1,10,10,1.0,1.0,1.0,0.9058222950909073,0.2525715031011524,0.6532507919897549,not_bootstrapped_minimal,inspect,utterance_disjoint_halves
GTSinger,ecapa,embedding,191,singing,10,0.1,10,10,1.0,1.0,1.0,0.9708430623387748,0.38151518616299923,0.5893278761757756,not_bootstrapped_minimal,inspect,utterance_disjoint_halves
GTSinger,ecapa,embedding,191,delta,10,0.1,10,10,1.0,1.0,1.0,0.8440534370501865,0.27642140555820915,0.5676320314919774,not_bootstrapped_minimal,inspect,utterance_disjoint_halves
GTSinger,ecapa,embedding,191,r,10,0.1,10,10,1.0,1.0,1.0,0.8077892388401777,0.07013718183300799,0.7376520570071697,not_bootstrapped_minimal,pass,utterance_disjoint_halves
GTSinger,ecapa,embedding,193,speech,10,0.1,10,10,1.0,1.0,1.0,0.8998050686438159,0.2102598160968754,0.6895452525469405,not_bootstrapped_minimal,inspect,utterance_disjoint_halves
GTSinger,ecapa,embedding,193,singing,10,0.1,10,10,1.0,1.0,1.0,0.9684939761352538,0.38673597010923116,0.5817580060260226,not_bootstrapped_minimal,inspect,utterance_disjoint_halves
GTSinger,ecapa,embedding,193,delta,10,0.1,10,10,1.0,1.0,1.0,0.8632835264351583,0.2313796848140258,0.6319038416211324,not_bootstrapped_minimal,inspect,utterance_disjoint_halves
GTSinger,ecapa,embedding,193,r,10,0.1,10,10,1.0,1.0,1.0,0.8213604851697267,0.05827398753735961,0.7630864976323671,not_bootstrapped_minimal,pass,utterance_disjoint_halves
GTSinger,ecapa,embedding,197,speech,10,0.1,10,10,1.0,1.0,1.0,0.889548749902515,0.22809889167654993,0.661449858225965,not_bootstrapped_minimal,inspect,utterance_disjoint_halves
GTSinger,ecapa,embedding,197,singing,10,0.1,10,10,1.0,1.0,1.0,0.9744478928492329,0.4230065832163413,0.5514413096328916,not_bootstrapped_minimal,inspect,utterance_disjoint_halves
GTSinger,ecapa,embedding,197,delta,10,0.1,10,10,1.0,1.0,1.0,0.8667143922837566,0.2842325814377648,0.5824818108459917,not_bootstrapped_minimal,inspect,utterance_disjoint_halves
GTSinger,ecapa,embedding,197,r,10,0.1,10,10,1.0,1.0,1.0,0.8166049652140848,0.06435526522545035,0.7522496999886344,not_bootstrapped_minimal,pass,utterance_disjoint_halves
GTSinger,ecapa,embedding,199,speech,10,0.1,10,10,1.0,1.0,1.0,0.91961354439002,0.20823361550521896,0.7113799288848011,not_bootstrapped_minimal,inspect,utterance_disjoint_halves
GTSinger,ecapa,embedding,199,singing,10,0.1,10,10,1.0,1.0,1.0,0.9675150976158097,0.38694815256385034,0.5805669450519593,not_bootstrapped_minimal,inspect,utterance_disjoint_halves
GTSinger,ecapa,embedding,199,delta,10,0.1,10,10,1.0,1.0,1.0,0.8661008719536814,0.26412470231458757,0.6019761696390937,not_bootstrapped_minimal,inspect,utterance_disjoint_halves
GTSinger,ecapa,embedding,199,r,10,0.1,10,10,1.0,1.0,1.0,0.818546263650954,0.03144827879892526,0.7870979848520286,not_bootstrapped_minimal,pass,utterance_disjoint_halves
GTSinger,ecapa,embedding,211,speech,10,0.1,10,10,1.0,1.0,1.0,0.8923413801216323,0.18779973505878322,0.7045416450628491,not_bootstrapped_minimal,inspect,utterance_disjoint_halves
GTSinger,ecapa,embedding,211,singing,10,0.1,10,10,1.0,1.0,1.0,0.9678752544962037,0.36803949889178156,0.5998357556044221,not_bootstrapped_minimal,inspect,utterance_disjoint_halves
GTSinger,ecapa,embedding,211,delta,10,0.1,10,10,1.0,1.0,1.0,0.8617853979294724,0.24576468080391356,0.6160207171255588,not_bootstrapped_minimal,inspect,utterance_disjoint_halves
GTSinger,ecapa,embedding,211,r,10,0.1,10,10,1.0,1.0,1.0,0.8174292670137471,0.050083863193003834,0.7673454038207432,not_bootstrapped_minimal,pass,utterance_disjoint_halves
GTSinger,ecapa,embedding,223,speech,10,0.1,10,10,1.0,1.0,1.0,0.8910619085968061,0.20721471019351528,0.6838471984032908,not_bootstrapped_minimal,inspect,utterance_disjoint_halves
GTSinger,ecapa,embedding,223,singing,10,0.1,10,10,1.0,1.0,1.0,0.9638265167113669,0.3818477285627005,0.5819787881486664,not_bootstrapped_minimal,inspect,utterance_disjoint_halves
GTSinger,ecapa,embedding,223,delta,10,0.1,10,10,1.0,1.0,1.0,0.822433165437501,0.2102820405861744,0.6121511248513266,not_bootstrapped_minimal,inspect,utterance_disjoint_halves
GTSinger,ecapa,embedding,223,r,10,0.1,10,10,1.0,1.0,1.0,0.7845283332135493,0.056907514990140254,0.7276208182234091,not_bootstrapped_minimal,pass,utterance_disjoint_halves
GTSinger,ecapa,embedding,227,speech,10,0.1,10,10,1.0,1.0,1.0,0.889115690339063,0.27176786225072647,0.6173478280883365,not_bootstrapped_minimal,inspect,utterance_disjoint_halves
GTSinger,ecapa,embedding,227,singing,10,0.1,10,10,1.0,1.0,1.0,0.9628575575372824,0.3918422621916276,0.5710152953456549,not_bootstrapped_minimal,inspect,utterance_disjoint_halves
GTSinger,ecapa,embedding,227,delta,10,0.1,10,10,1.0,1.0,1.0,0.8051826796470565,0.26325801731983745,0.541924662327219,not_bootstrapped_minimal,inspect,utterance_disjoint_halves
GTSinger,ecapa,embedding,227,r,10,0.1,10,10,1.0,1.0,1.0,0.7849591220967479,0.19324313650435215,0.5917159855923957,not_bootstrapped_minimal,pass,utterance_disjoint_halves
GTSinger,ecapa,embedding,229,speech,10,0.1,10,10,1.0,1.0,1.0,0.9099330459091796,0.2403093356210842,0.6696237102880953,not_bootstrapped_minimal,inspect,utterance_disjoint_halves
GTSinger,ecapa,embedding,229,singing,10,0.1,10,10,1.0,1.0,1.0,0.9724100382039651,0.4175315456172468,0.5548784925867183,not_bootstrapped_minimal,inspect,utterance_disjoint_halves
GTSinger,ecapa,embedding,229,delta,10,0.1,10,10,1.0,1.0,1.0,0.8638513703103614,0.30237136323086244,0.561480007079499,not_bootstrapped_minimal,inspect,utterance_disjoint_halves
GTSinger,ecapa,embedding,229,r,10,0.1,10,10,1.0,1.0,1.0,0.808063717530235,0.07700409160658998,0.731059625923645,not_bootstrapped_minimal,pass,utterance_disjoint_halves
GTSinger,ecapa,embedding,233,speech,10,0.1,10,10,1.0,1.0,1.0,0.8967277465097123,0.24660912356600515,0.6501186229437071,not_bootstrapped_minimal,inspect,utterance_disjoint_halves
GTSinger,ecapa,embedding,233,singing,10,0.1,10,10,1.0,1.0,1.0,0.9685378081460827,0.4385318394252253,0.5300059687208574,not_bootstrapped_minimal,inspect,utterance_disjoint_halves
GTSinger,ecapa,embedding,233,delta,10,0.1,10,10,1.0,1.0,1.0,0.8383873691466002,0.27687248877466375,0.5615148803719364,not_bootstrapped_minimal,inspect,utterance_disjoint_halves
GTSinger,ecapa,embedding,233,r,10,0.1,10,10,1.0,1.0,1.0,0.8052692551486442,0.10231198969816552,0.7029572654504788,not_bootstrapped_minimal,pass,utterance_disjoint_halves
GTSinger,ecapa,embedding,239,speech,10,0.1,10,10,1.0,1.0,1.0,0.8903681208899942,0.25282603458185476,0.6375420863081394,not_bootstrapped_minimal,inspect,utterance_disjoint_halves
GTSinger,ecapa,embedding,239,singing,10,0.1,10,10,1.0,1.0,1.0,0.9679512383154021,0.43631485250125296,0.5316363858141491,not_bootstrapped_minimal,inspect,utterance_disjoint_halves
GTSinger,ecapa,embedding,239,delta,10,0.1,10,10,1.0,1.0,1.0,0.8128907233278237,0.2721757390215337,0.5407149843062901,not_bootstrapped_minimal,inspect,utterance_disjoint_halves
GTSinger,ecapa,embedding,239,r,10,0.1,10,10,1.0,1.0,1.0,0.7746423771937192,0.10497202448723654,0.6696703527064827,not_bootstrapped_minimal,pass,utterance_disjoint_halves
GTSinger,ecapa,embedding,241,speech,10,0.1,10,10,1.0,1.0,1.0,0.886013532240446,0.19866865294156758,0.6873448792988784,not_bootstrapped_minimal,inspect,utterance_disjoint_halves
GTSinger,ecapa,embedding,241,singing,10,0.1,10,10,1.0,1.0,1.0,0.9592616466945281,0.3870202668142282,0.5722413798802999,not_bootstrapped_minimal,inspect,utterance_disjoint_halves
GTSinger,ecapa,embedding,241,delta,10,0.1,10,10,1.0,1.0,1.0,0.8145966356551471,0.22709631208987563,0.5875003235652714,not_bootstrapped_minimal,inspect,utterance_disjoint_halves
GTSinger,ecapa,embedding,241,r,10,0.1,10,10,1.0,1.0,1.0,0.7704938036008351,0.0747096783163676,0.6957841252844674,not_bootstrapped_minimal,pass,utterance_disjoint_halves
GTSinger,ecapa,embedding,251,speech,10,0.1,10,10,1.0,1.0,1.0,0.8947029906611433,0.2818271250248625,0.6128758656362808,not_bootstrapped_minimal,inspect,utterance_disjoint_halves
GTSinger,ecapa,embedding,251,singing,10,0.1,10,10,1.0,1.0,1.0,0.964298066738085,0.4037011934433579,0.5605968732947271,not_bootstrapped_minimal,inspect,utterance_disjoint_halves
GTSinger,ecapa,embedding,251,delta,10,0.1,10,10,1.0,1.0,1.0,0.8118942827834561,0.25564455518324986,0.5562497276002063,not_bootstrapped_minimal,inspect,utterance_disjoint_halves
GTSinger,ecapa,embedding,251,r,10,0.1,10,10,1.0,1.0,1.0,0.7865888201460929,0.1541577092908611,0.6324311108552318,not_bootstrapped_minimal,pass,utterance_disjoint_halves
GTSinger,ecapa,embedding,257,speech,10,0.1,10,10,1.0,1.0,1.0,0.8853081528327646,0.22445712371613993,0.6608510291166247,not_bootstrapped_minimal,inspect,utterance_disjoint_halves
GTSinger,ecapa,embedding,257,singing,10,0.1,10,10,1.0,1.0,1.0,0.9703076273760436,0.377983539216472,0.5923240881595716,not_bootstrapped_minimal,inspect,utterance_disjoint_halves
GTSinger,ecapa,embedding,257,delta,10,0.1,10,10,1.0,1.0,1.0,0.8390945253394838,0.25036306431559274,0.5887314610238911,not_bootstrapped_minimal,inspect,utterance_disjoint_halves
GTSinger,ecapa,embedding,257,r,10,0.1,10,10,1.0,1.0,1.0,0.7777435339502993,0.019224624922438916,0.7585189090278603,not_bootstrapped_minimal,pass,utterance_disjoint_halves
