dataset,model,layer,split_seed,condition_id,score_family,origin,alignment,covariance_method,transform_hash,R1,R5,MRR,mean_rank,median_rank,ROC_AUC,EER,genuine_mean,genuine_sd,impostor_mean,impostor_sd,margin,n_genuine,n_impostor,calibration_source,calibration_threshold,achieved_calibration_FMR,TMR_FMR1,shrinkage,lda_dim,train_speakers,dev_speakers,test_speakers,pair_group,is_corrected,source
JVS_JVSMuSiC,wavlm_l12,12,13,wcos_diag_none,diagonal_whitened_cosine,pooled_train_midpoint,none,diagonal_variance,781bd728edd42f18d1d6,0.25,0.85,0.48026785714285714,3.6,3.0,0.8464473684210526,0.25,-0.19472453690820732,0.11444016741590354,-0.3667695202739078,0.12118884873682899,0.17204498336570048,20,380,w1_no_operating_threshold,nan,nan,nan,,,,,,,,
JVS_JVSMuSiC,wavlm_l12,12,13,wcos_diag_query,diagonal_whitened_cosine,pooled_train_midpoint,query,diagonal_variance,781bd728edd42f18d1d6,0.45,0.7,0.5810912698412698,3.55,2.0,0.8610526315789474,0.20263157894736844,0.5323934658781219,0.08222883882249495,0.36164950210910307,0.1286198760760168,0.1707439637690188,20,380,w1_no_operating_threshold,nan,nan,nan,,,,,,,,
JVS_JVSMuSiC,wavlm_l12,12,13,wcos_oas_none,oas_whitened_cosine,pooled_train_midpoint,none,OAS,bb482cedb68072420ee2,0.8,1.0,0.8666666666666668,1.45,1.0,0.9793421052631579,0.09605263157894736,0.20558971701828632,0.06744457953403721,0.004113256699165507,0.07642783867765293,0.2014764603191208,20,380,w1_no_operating_threshold,nan,nan,nan,,,,,,,,
JVS_JVSMuSiC,wavlm_l12,12,13,wcos_oas_query,oas_whitened_cosine,pooled_train_midpoint,query,OAS,bb482cedb68072420ee2,0.8,1.0,0.8666666666666668,1.45,1.0,0.979078947368421,0.09605263157894736,0.20682120314339764,0.06735751296576224,0.005351024305144675,0.07640129122653687,0.20147017883825297,20,380,w1_no_operating_threshold,nan,nan,nan,,,,,,,,
JVS_JVSMuSiC,wavlm_l12,12,13,cos_om_none,cosine,pooled_train_midpoint,none,none,613a6f1ca8917eff7243,0.1,0.55,0.3297268907563025,5.45,5.0,0.7764473684210527,0.3,-0.49812152819323946,0.13418476842969917,-0.6320076058924317,0.12644359599599153,0.1338860776991922,20,380,dev_speakers,0.16067715322133896,0.007894736842105263,0.0,,,jvs001;jvs002;jvs007;jvs008;jvs014;jvs016;jvs017;jvs018;jvs021;jvs023;jvs024;jvs026;jvs028;jvs029;jvs030;jvs031;jvs033;jvs034;jvs035;jvs037;jvs038;jvs039;jvs040;jvs045;jvs046;jvs048;jvs050;jvs052;jvs053;jvs054;jvs055;jvs056;jvs060;jvs062;jvs064;jvs065;jvs066;jvs067;jvs069;jvs070;jvs073;jvs074;jvs077;jvs078;jvs079;jvs081;jvs082;jvs084;jvs085;jvs087;jvs088;jvs090;jvs091;jvs092;jvs093;jvs094;jvs096;jvs098;jvs099;jvs100,jvs003;jvs004;jvs009;jvs011;jvs012;jvs013;jvs015;jvs025;jvs036;jvs043;jvs047;jvs049;jvs051;jvs059;jvs068;jvs071;jvs075;jvs080;jvs083;jvs089,jvs005;jvs006;jvs010;jvs019;jvs020;jvs022;jvs027;jvs032;jvs041;jvs042;jvs044;jvs057;jvs058;jvs061;jvs063;jvs072;jvs076;jvs086;jvs095;jvs097,m1_om,0,copied_from_identity_residual_metric_robustness_2026-07-13
JVS_JVSMuSiC,wavlm_l12,12,13,cos_o0_query,cosine,zero,query,none,613a6f1ca8917eff7243,0.45,0.85,0.6128739316239316,3.55,2.0,0.8428947368421053,0.1986842105263158,0.9957489962635749,0.001582867678452074,0.9931830291408679,0.0025104825522392713,0.002565967122707069,20,380,dev_speakers,0.9973375739745692,0.007894736842105263,0.15,,,jvs001;jvs002;jvs007;jvs008;jvs014;jvs016;jvs017;jvs018;jvs021;jvs023;jvs024;jvs026;jvs028;jvs029;jvs030;jvs031;jvs033;jvs034;jvs035;jvs037;jvs038;jvs039;jvs040;jvs045;jvs046;jvs048;jvs050;jvs052;jvs053;jvs054;jvs055;jvs056;jvs060;jvs062;jvs064;jvs065;jvs066;jvs067;jvs069;jvs070;jvs073;jvs074;jvs077;jvs078;jvs079;jvs081;jvs082;jvs084;jvs085;jvs087;jvs088;jvs090;jvs091;jvs092;jvs093;jvs094;jvs096;jvs098;jvs099;jvs100,jvs003;jvs004;jvs009;jvs011;jvs012;jvs013;jvs015;jvs025;jvs036;jvs043;jvs047;jvs049;jvs051;jvs059;jvs068;jvs071;jvs075;jvs080;jvs083;jvs089,jvs005;jvs006;jvs010;jvs019;jvs020;jvs022;jvs027;jvs032;jvs041;jvs042;jvs044;jvs057;jvs058;jvs061;jvs063;jvs072;jvs076;jvs086;jvs095;jvs097,m1_o0,1,copied_from_identity_residual_metric_robustness_2026-07-13
JVS_JVSMuSiC,wavlm_l12,12,17,wcos_diag_none,diagonal_whitened_cosine,pooled_train_midpoint,none,diagonal_variance,c45f569184f417a5b291,0.25,0.65,0.4383061821219716,5.1,3.5,0.7680263157894737,0.3,-0.20937201899719868,0.1710444275799788,-0.35724215275040405,0.11663773417490157,0.14787013375320537,20,380,w1_no_operating_threshold,nan,nan,nan,,,,,,,,
JVS_JVSMuSiC,wavlm_l12,12,17,wcos_diag_query,diagonal_whitened_cosine,pooled_train_midpoint,query,diagonal_variance,c45f569184f417a5b291,0.35,0.75,0.5401633986928104,4.05,2.0,0.8280263157894737,0.25,0.5184842098012818,0.09824363583522866,0.3610506524086721,0.13128607347425156,0.15743355739260972,20,380,w1_no_operating_threshold,nan,nan,nan,,,,,,,,
JVS_JVSMuSiC,wavlm_l12,12,17,wcos_oas_none,oas_whitened_cosine,pooled_train_midpoint,none,OAS,857600e5e8d77a661d4b,0.8,0.95,0.8612745098039216,2.05,1.0,0.9542105263157895,0.1,0.18750451286780595,0.07309850098194114,0.004898959451814982,0.07132861771280026,0.18260555341599097,20,380,w1_no_operating_threshold,nan,nan,nan,,,,,,,,
JVS_JVSMuSiC,wavlm_l12,12,17,wcos_oas_query,oas_whitened_cosine,pooled_train_midpoint,query,OAS,857600e5e8d77a661d4b,0.8,0.95,0.8612745098039216,2.05,1.0,0.9542105263157895,0.1,0.18878140463656043,0.07299210491460867,0.006176565416518983,0.07133056793186507,0.18260483922004145,20,380,w1_no_operating_threshold,nan,nan,nan,,,,,,,,
JVS_JVSMuSiC,wavlm_l12,12,17,cos_om_none,cosine,pooled_train_midpoint,none,none,2ef53cb89f57977351c1,0.2,0.45,0.34987364243943186,6.45,6.5,0.7086842105263158,0.3960526315789474,-0.495047578460734,0.194117227717393,-0.623143322766674,0.12275944357763183,0.12809574430593995,20,380,dev_speakers,-0.0784269717263523,0.007894736842105263,0.05,,,jvs003;jvs006;jvs008;jvs012;jvs013;jvs014;jvs015;jvs016;jvs017;jvs018;jvs019;jvs020;jvs021;jvs022;jvs023;jvs024;jvs027;jvs028;jvs029;jvs031;jvs032;jvs033;jvs035;jvs036;jvs039;jvs041;jvs043;jvs044;jvs046;jvs047;jvs049;jvs051;jvs052;jvs053;jvs054;jvs055;jvs058;jvs059;jvs061;jvs062;jvs064;jvs066;jvs067;jvs068;jvs070;jvs071;jvs072;jvs074;jvs077;jvs078;jvs079;jvs081;jvs084;jvs085;jvs088;jvs094;jvs095;jvs098;jvs099;jvs100,jvs001;jvs004;jvs005;jvs007;jvs009;jvs010;jvs025;jvs026;jvs034;jvs037;jvs038;jvs045;jvs057;jvs060;jvs082;jvs087;jvs089;jvs092;jvs093;jvs096,jvs002;jvs011;jvs030;jvs040;jvs042;jvs048;jvs050;jvs056;jvs063;jvs065;jvs069;jvs073;jvs075;jvs076;jvs080;jvs083;jvs086;jvs090;jvs091;jvs097,m1_om,0,copied_from_identity_residual_metric_robustness_2026-07-13
JVS_JVSMuSiC,wavlm_l12,12,17,cos_o0_query,cosine,zero,query,none,2ef53cb89f57977351c1,0.45,0.65,0.5736011904761905,4.15,2.0,0.7940789473684211,0.25,0.9958494663996096,0.0017227445190482222,0.9933099332908464,0.002922342591280859,0.0025395331087632034,20,380,dev_speakers,0.9972853495367553,0.007894736842105263,0.25,,,jvs003;jvs006;jvs008;jvs012;jvs013;jvs014;jvs015;jvs016;jvs017;jvs018;jvs019;jvs020;jvs021;jvs022;jvs023;jvs024;jvs027;jvs028;jvs029;jvs031;jvs032;jvs033;jvs035;jvs036;jvs039;jvs041;jvs043;jvs044;jvs046;jvs047;jvs049;jvs051;jvs052;jvs053;jvs054;jvs055;jvs058;jvs059;jvs061;jvs062;jvs064;jvs066;jvs067;jvs068;jvs070;jvs071;jvs072;jvs074;jvs077;jvs078;jvs079;jvs081;jvs084;jvs085;jvs088;jvs094;jvs095;jvs098;jvs099;jvs100,jvs001;jvs004;jvs005;jvs007;jvs009;jvs010;jvs025;jvs026;jvs034;jvs037;jvs038;jvs045;jvs057;jvs060;jvs082;jvs087;jvs089;jvs092;jvs093;jvs096,jvs002;jvs011;jvs030;jvs040;jvs042;jvs048;jvs050;jvs056;jvs063;jvs065;jvs069;jvs073;jvs075;jvs076;jvs080;jvs083;jvs086;jvs090;jvs091;jvs097,m1_o0,1,copied_from_identity_residual_metric_robustness_2026-07-13
JVS_JVSMuSiC,wavlm_l12,12,19,wcos_diag_none,diagonal_whitened_cosine,pooled_train_midpoint,none,diagonal_variance,6bcd8c6e4a2365aefedf,0.1,0.75,0.3709722222222222,4.15,3.0,0.7817105263157895,0.29210526315789476,-0.18616825758415576,0.21647693733730677,-0.35687678420051855,0.1592878604999933,0.1707085266163628,20,380,w1_no_operating_threshold,nan,nan,nan,,,,,,,,
JVS_JVSMuSiC,wavlm_l12,12,19,wcos_diag_query,diagonal_whitened_cosine,pooled_train_midpoint,query,diagonal_variance,6bcd8c6e4a2365aefedf,0.35,0.85,0.5861724386724387,3.3,2.0,0.8636842105263158,0.20394736842105265,0.5246253885874455,0.09456767646408733,0.33707116378926877,0.13841810305905725,0.18755422479817668,20,380,w1_no_operating_threshold,nan,nan,nan,,,,,,,,
JVS_JVSMuSiC,wavlm_l12,12,19,wcos_oas_none,oas_whitened_cosine,pooled_train_midpoint,none,OAS,4ea75c17c14b129c412d,0.8,0.8,0.8220057720057721,2.8,1.0,0.8990789473684211,0.2,0.15886749876462422,0.08486361241891273,0.007283149603268765,0.07520053175113865,0.15158434916135546,20,380,w1_no_operating_threshold,nan,nan,nan,,,,,,,,
JVS_JVSMuSiC,wavlm_l12,12,19,wcos_oas_query,oas_whitened_cosine,pooled_train_midpoint,query,OAS,4ea75c17c14b129c412d,0.8,0.8,0.8220057720057721,2.8,1.0,0.8989473684210526,0.2,0.16004906102685096,0.08487923986161303,0.008457055427873407,0.0752304274036818,0.15159200559897756,20,380,w1_no_operating_threshold,nan,nan,nan,,,,,,,,
JVS_JVSMuSiC,wavlm_l12,12,19,cos_om_none,cosine,pooled_train_midpoint,none,none,4ce1f5cc9e6db5a506d3,0.1,0.5,0.29620300751879697,5.75,5.5,0.7139473684210527,0.31052631578947365,-0.48059379219698845,0.22235715753428875,-0.6194947842531641,0.164562847345315,0.13890099205617562,20,380,dev_speakers,-0.21822237709137293,0.007894736842105263,0.15,,,jvs001;jvs002;jvs004;jvs005;jvs006;jvs007;jvs008;jvs011;jvs016;jvs017;jvs018;jvs019;jvs020;jvs022;jvs025;jvs026;jvs027;jvs029;jvs031;jvs032;jvs033;jvs035;jvs036;jvs037;jvs038;jvs041;jvs043;jvs045;jvs047;jvs048;jvs053;jvs054;jvs058;jvs060;jvs061;jvs063;jvs064;jvs066;jvs067;jvs068;jvs069;jvs070;jvs071;jvs074;jvs076;jvs078;jvs079;jvs081;jvs082;jvs085;jvs087;jvs089;jvs091;jvs093;jvs094;jvs095;jvs096;jvs097;jvs098;jvs100,jvs010;jvs012;jvs013;jvs014;jvs015;jvs021;jvs024;jvs028;jvs034;jvs042;jvs044;jvs049;jvs050;jvs057;jvs059;jvs072;jvs075;jvs077;jvs086;jvs090,jvs003;jvs009;jvs023;jvs030;jvs039;jvs040;jvs046;jvs051;jvs052;jvs055;jvs056;jvs062;jvs065;jvs073;jvs080;jvs083;jvs084;jvs088;jvs092;jvs099,m1_om,0,copied_from_identity_residual_metric_robustness_2026-07-13
JVS_JVSMuSiC,wavlm_l12,12,19,cos_o0_query,cosine,zero,query,none,4ce1f5cc9e6db5a506d3,0.45,0.85,0.6171428571428571,3.6,2.0,0.7885526315789474,0.3013157894736842,0.9947001797793533,0.004409234622797182,0.9916441063418411,0.006893050016231605,0.003056073437512241,20,380,dev_speakers,0.9970592242963903,0.007894736842105263,0.2,,,jvs001;jvs002;jvs004;jvs005;jvs006;jvs007;jvs008;jvs011;jvs016;jvs017;jvs018;jvs019;jvs020;jvs022;jvs025;jvs026;jvs027;jvs029;jvs031;jvs032;jvs033;jvs035;jvs036;jvs037;jvs038;jvs041;jvs043;jvs045;jvs047;jvs048;jvs053;jvs054;jvs058;jvs060;jvs061;jvs063;jvs064;jvs066;jvs067;jvs068;jvs069;jvs070;jvs071;jvs074;jvs076;jvs078;jvs079;jvs081;jvs082;jvs085;jvs087;jvs089;jvs091;jvs093;jvs094;jvs095;jvs096;jvs097;jvs098;jvs100,jvs010;jvs012;jvs013;jvs014;jvs015;jvs021;jvs024;jvs028;jvs034;jvs042;jvs044;jvs049;jvs050;jvs057;jvs059;jvs072;jvs075;jvs077;jvs086;jvs090,jvs003;jvs009;jvs023;jvs030;jvs039;jvs040;jvs046;jvs051;jvs052;jvs055;jvs056;jvs062;jvs065;jvs073;jvs080;jvs083;jvs084;jvs088;jvs092;jvs099,m1_o0,1,copied_from_identity_residual_metric_robustness_2026-07-13
JVS_JVSMuSiC,wavlm_l12,12,23,wcos_diag_none,diagonal_whitened_cosine,pooled_train_midpoint,none,diagonal_variance,e4145f93331390fbbd5c,0.45,0.9,0.6176190476190476,2.65,2.0,0.87,0.24210526315789474,-0.1925385073305041,0.13794685943322155,-0.3802426340085312,0.10978679035826361,0.1877041266780271,20,380,w1_no_operating_threshold,nan,nan,nan,,,,,,,,
JVS_JVSMuSiC,wavlm_l12,12,23,wcos_diag_query,diagonal_whitened_cosine,pooled_train_midpoint,query,diagonal_variance,e4145f93331390fbbd5c,0.6,0.9,0.7397222222222222,2.3,1.0,0.8894736842105263,0.2513157894736842,0.573787547968889,0.07405198765959053,0.38374798083793454,0.12707114965971655,0.19003956713095443,20,380,w1_no_operating_threshold,nan,nan,nan,,,,,,,,
JVS_JVSMuSiC,wavlm_l12,12,23,wcos_oas_none,oas_whitened_cosine,pooled_train_midpoint,none,OAS,2dc6ec32e6fbb1d3b692,0.7,1.0,0.8141666666666666,1.6,1.0,0.9693421052631579,0.10657894736842105,0.18307240028843702,0.06739925992307814,-0.0014813695648245233,0.07304726433635762,0.18455376985326155,20,380,w1_no_operating_threshold,nan,nan,nan,,,,,,,,
JVS_JVSMuSiC,wavlm_l12,12,23,wcos_oas_query,oas_whitened_cosine,pooled_train_midpoint,query,OAS,2dc6ec32e6fbb1d3b692,0.7,1.0,0.8141666666666666,1.6,1.0,0.9696052631578947,0.10657894736842105,0.18433535915103147,0.06734027157480386,-0.0002359620040005962,0.07307406815151032,0.18457132115503205,20,380,w1_no_operating_threshold,nan,nan,nan,,,,,,,,
JVS_JVSMuSiC,wavlm_l12,12,23,cos_om_none,cosine,pooled_train_midpoint,none,none,81c10a985af95dcd218e,0.2,0.7,0.4219612332112332,4.5,3.5,0.780921052631579,0.2881578947368421,-0.5062129855840192,0.15587199957527134,-0.6480335283856502,0.1123436717132144,0.14182054280163103,20,380,dev_speakers,-0.466090155111757,0.007894736842105263,0.3,,,jvs001;jvs002;jvs003;jvs008;jvs009;jvs010;jvs011;jvs014;jvs016;jvs019;jvs022;jvs023;jvs024;jvs025;jvs026;jvs027;jvs028;jvs029;jvs030;jvs031;jvs036;jvs037;jvs039;jvs040;jvs041;jvs042;jvs043;jvs045;jvs046;jvs047;jvs049;jvs050;jvs052;jvs056;jvs062;jvs064;jvs067;jvs071;jvs072;jvs075;jvs076;jvs077;jvs079;jvs080;jvs081;jvs082;jvs083;jvs084;jvs085;jvs086;jvs087;jvs089;jvs091;jvs093;jvs094;jvs096;jvs097;jvs098;jvs099;jvs100,jvs004;jvs006;jvs007;jvs013;jvs017;jvs021;jvs034;jvs038;jvs054;jvs058;jvs059;jvs060;jvs065;jvs066;jvs068;jvs073;jvs074;jvs078;jvs088;jvs090,jvs005;jvs012;jvs015;jvs018;jvs020;jvs032;jvs033;jvs035;jvs044;jvs048;jvs051;jvs053;jvs055;jvs057;jvs061;jvs063;jvs069;jvs070;jvs092;jvs095,m1_om,0,copied_from_identity_residual_metric_robustness_2026-07-13
JVS_JVSMuSiC,wavlm_l12,12,23,cos_o0_query,cosine,zero,query,none,81c10a985af95dcd218e,0.45,0.9,0.6475,2.45,2.0,0.8855263157894737,0.16052631578947368,0.9958995195110549,0.0011482290003680235,0.9931401831065316,0.00234195882305867,0.002759336404523305,20,380,dev_speakers,0.9971625814367041,0.007894736842105263,0.1,,,jvs001;jvs002;jvs003;jvs008;jvs009;jvs010;jvs011;jvs014;jvs016;jvs019;jvs022;jvs023;jvs024;jvs025;jvs026;jvs027;jvs028;jvs029;jvs030;jvs031;jvs036;jvs037;jvs039;jvs040;jvs041;jvs042;jvs043;jvs045;jvs046;jvs047;jvs049;jvs050;jvs052;jvs056;jvs062;jvs064;jvs067;jvs071;jvs072;jvs075;jvs076;jvs077;jvs079;jvs080;jvs081;jvs082;jvs083;jvs084;jvs085;jvs086;jvs087;jvs089;jvs091;jvs093;jvs094;jvs096;jvs097;jvs098;jvs099;jvs100,jvs004;jvs006;jvs007;jvs013;jvs017;jvs021;jvs034;jvs038;jvs054;jvs058;jvs059;jvs060;jvs065;jvs066;jvs068;jvs073;jvs074;jvs078;jvs088;jvs090,jvs005;jvs012;jvs015;jvs018;jvs020;jvs032;jvs033;jvs035;jvs044;jvs048;jvs051;jvs053;jvs055;jvs057;jvs061;jvs063;jvs069;jvs070;jvs092;jvs095,m1_o0,1,copied_from_identity_residual_metric_robustness_2026-07-13
JVS_JVSMuSiC,wavlm_l12,12,29,wcos_diag_none,diagonal_whitened_cosine,pooled_train_midpoint,none,diagonal_variance,2b7ce701f74621a80688,0.25,0.7,0.4436904761904762,4.1,3.5,0.8211842105263157,0.25,-0.22362832112213366,0.09437834986337341,-0.365761836732005,0.1197743929458177,0.14213351560987136,20,380,w1_no_operating_threshold,nan,nan,nan,,,,,,,,
JVS_JVSMuSiC,wavlm_l12,12,29,wcos_diag_query,diagonal_whitened_cosine,pooled_train_midpoint,query,diagonal_variance,2b7ce701f74621a80688,0.2,0.55,0.37655448717948714,5.45,4.0,0.765921052631579,0.35,0.5054406388414581,0.12385407729774237,0.366799528763436,0.14122676665991965,0.13864111007802205,20,380,w1_no_operating_threshold,nan,nan,nan,,,,,,,,
JVS_JVSMuSiC,wavlm_l12,12,29,wcos_oas_none,oas_whitened_cosine,pooled_train_midpoint,none,OAS,f76a016fc6c9b41af02f,0.8,0.95,0.8538461538461538,1.95,1.0,0.9577631578947369,0.1394736842105263,0.19074292529400627,0.06991175063143136,0.004316566355485053,0.07131302398216995,0.18642635893852122,20,380,w1_no_operating_threshold,nan,nan,nan,,,,,,,,
JVS_JVSMuSiC,wavlm_l12,12,29,wcos_oas_query,oas_whitened_cosine,pooled_train_midpoint,query,OAS,f76a016fc6c9b41af02f,0.8,0.95,0.8538461538461538,1.95,1.0,0.9577631578947369,0.1394736842105263,0.19203353460306094,0.0698439980478395,0.005607952227824842,0.07130160331403305,0.1864255823752361,20,380,w1_no_operating_threshold,nan,nan,nan,,,,,,,,
JVS_JVSMuSiC,wavlm_l12,12,29,cos_om_none,cosine,pooled_train_midpoint,none,none,bfcb817a138298fc42a8,0.15,0.55,0.3186374246668364,6.1,5.0,0.7538157894736842,0.3,-0.5125328924949138,0.12705209728838227,-0.6300198476868126,0.11484236682121364,0.11748695519189878,20,380,dev_speakers,-0.2344172288562501,0.007894736842105263,0.05,,,jvs001;jvs005;jvs007;jvs008;jvs009;jvs010;jvs011;jvs014;jvs015;jvs016;jvs017;jvs019;jvs020;jvs021;jvs022;jvs025;jvs026;jvs028;jvs029;jvs030;jvs031;jvs033;jvs035;jvs036;jvs038;jvs039;jvs040;jvs041;jvs044;jvs046;jvs048;jvs049;jvs053;jvs054;jvs057;jvs058;jvs060;jvs064;jvs066;jvs067;jvs068;jvs070;jvs071;jvs072;jvs073;jvs074;jvs078;jvs079;jvs080;jvs081;jvs084;jvs086;jvs089;jvs091;jvs093;jvs095;jvs096;jvs097;jvs098;jvs099,jvs002;jvs006;jvs012;jvs013;jvs023;jvs034;jvs037;jvs043;jvs047;jvs056;jvs061;jvs063;jvs065;jvs082;jvs083;jvs087;jvs088;jvs092;jvs094;jvs100,jvs003;jvs004;jvs018;jvs024;jvs027;jvs032;jvs042;jvs045;jvs050;jvs051;jvs052;jvs055;jvs059;jvs062;jvs069;jvs075;jvs076;jvs077;jvs085;jvs090,m1_om,0,copied_from_identity_residual_metric_robustness_2026-07-13
JVS_JVSMuSiC,wavlm_l12,12,29,cos_o0_query,cosine,zero,query,none,bfcb817a138298fc42a8,0.4,0.85,0.5484649122807017,4.5,2.5,0.7610526315789473,0.2618421052631579,0.9950709537604243,0.003008579623857459,0.9931552460017542,0.003268165792768026,0.0019157077586701154,20,380,dev_speakers,0.9967336668400775,0.007894736842105263,0.3,,,jvs001;jvs005;jvs007;jvs008;jvs009;jvs010;jvs011;jvs014;jvs015;jvs016;jvs017;jvs019;jvs020;jvs021;jvs022;jvs025;jvs026;jvs028;jvs029;jvs030;jvs031;jvs033;jvs035;jvs036;jvs038;jvs039;jvs040;jvs041;jvs044;jvs046;jvs048;jvs049;jvs053;jvs054;jvs057;jvs058;jvs060;jvs064;jvs066;jvs067;jvs068;jvs070;jvs071;jvs072;jvs073;jvs074;jvs078;jvs079;jvs080;jvs081;jvs084;jvs086;jvs089;jvs091;jvs093;jvs095;jvs096;jvs097;jvs098;jvs099,jvs002;jvs006;jvs012;jvs013;jvs023;jvs034;jvs037;jvs043;jvs047;jvs056;jvs061;jvs063;jvs065;jvs082;jvs083;jvs087;jvs088;jvs092;jvs094;jvs100,jvs003;jvs004;jvs018;jvs024;jvs027;jvs032;jvs042;jvs045;jvs050;jvs051;jvs052;jvs055;jvs059;jvs062;jvs069;jvs075;jvs076;jvs077;jvs085;jvs090,m1_o0,1,copied_from_identity_residual_metric_robustness_2026-07-13
JVS_JVSMuSiC,wavlm_l12,12,31,wcos_diag_none,diagonal_whitened_cosine,pooled_train_midpoint,none,diagonal_variance,84739949af27b36d6ce2,0.15,0.8,0.4160730446024563,4.3,3.0,0.7752631578947369,0.2947368421052632,-0.1590168407134503,0.22890032499983914,-0.33814260335427043,0.1465423209251741,0.17912576264082014,20,380,w1_no_operating_threshold,nan,nan,nan,,,,,,,,
JVS_JVSMuSiC,wavlm_l12,12,31,wcos_diag_query,diagonal_whitened_cosine,pooled_train_midpoint,query,diagonal_variance,84739949af27b36d6ce2,0.35,0.75,0.5445833333333334,3.7,2.0,0.8639473684210527,0.2,0.5299344238887127,0.12152956378212011,0.34358837311946233,0.13781894405412723,0.18634605076925037,20,380,w1_no_operating_threshold,nan,nan,nan,,,,,,,,
JVS_JVSMuSiC,wavlm_l12,12,31,wcos_oas_none,oas_whitened_cosine,pooled_train_midpoint,none,OAS,dae10bcffdaa348f1b92,0.7,0.85,0.7615445665445664,2.75,1.0,0.9257894736842105,0.19078947368421054,0.17981825284969907,0.09836988724885216,0.0019513231538799492,0.0751490747883226,0.17786692969581913,20,380,w1_no_operating_threshold,nan,nan,nan,,,,,,,,
JVS_JVSMuSiC,wavlm_l12,12,31,wcos_oas_query,oas_whitened_cosine,pooled_train_midpoint,query,OAS,dae10bcffdaa348f1b92,0.7,0.85,0.7615445665445664,2.75,1.0,0.9252631578947368,0.19605263157894737,0.18085003757901438,0.09833622508032949,0.0029846902668646557,0.07514914630498597,0.17786534731214973,20,380,w1_no_operating_threshold,nan,nan,nan,,,,,,,,
JVS_JVSMuSiC,wavlm_l12,12,31,cos_om_none,cosine,pooled_train_midpoint,none,none,d18fef502530e28c0b7e,0.15,0.55,0.33931022408963585,5.35,5.0,0.7246052631578948,0.35,-0.4413605719966678,0.20857020329732748,-0.5883302725589024,0.15094872033719736,0.14696970056223457,20,380,dev_speakers,-0.15459938773769816,0.007894736842105263,0.15,,,jvs001;jvs002;jvs004;jvs005;jvs006;jvs007;jvs008;jvs011;jvs016;jvs018;jvs021;jvs022;jvs023;jvs024;jvs025;jvs026;jvs028;jvs029;jvs033;jvs035;jvs037;jvs038;jvs039;jvs041;jvs043;jvs047;jvs048;jvs050;jvs051;jvs053;jvs054;jvs055;jvs056;jvs057;jvs058;jvs059;jvs060;jvs061;jvs062;jvs063;jvs064;jvs068;jvs070;jvs074;jvs075;jvs077;jvs078;jvs080;jvs081;jvs083;jvs085;jvs087;jvs089;jvs091;jvs092;jvs093;jvs094;jvs096;jvs097;jvs099,jvs003;jvs012;jvs013;jvs014;jvs020;jvs030;jvs034;jvs040;jvs044;jvs049;jvs067;jvs069;jvs072;jvs073;jvs076;jvs079;jvs082;jvs090;jvs095;jvs100,jvs009;jvs010;jvs015;jvs017;jvs019;jvs027;jvs031;jvs032;jvs036;jvs042;jvs045;jvs046;jvs052;jvs065;jvs066;jvs071;jvs084;jvs086;jvs088;jvs098,m1_om,0,copied_from_identity_residual_metric_robustness_2026-07-13
JVS_JVSMuSiC,wavlm_l12,12,31,cos_o0_query,cosine,zero,query,none,d18fef502530e28c0b7e,0.4,0.75,0.5855800653594772,3.8,2.0,0.7647368421052632,0.3,0.9937968311324645,0.004718859612929693,0.9902471197021444,0.007702633081432063,0.003549711430320124,20,380,dev_speakers,0.9972998840913578,0.007894736842105263,0.05,,,jvs001;jvs002;jvs004;jvs005;jvs006;jvs007;jvs008;jvs011;jvs016;jvs018;jvs021;jvs022;jvs023;jvs024;jvs025;jvs026;jvs028;jvs029;jvs033;jvs035;jvs037;jvs038;jvs039;jvs041;jvs043;jvs047;jvs048;jvs050;jvs051;jvs053;jvs054;jvs055;jvs056;jvs057;jvs058;jvs059;jvs060;jvs061;jvs062;jvs063;jvs064;jvs068;jvs070;jvs074;jvs075;jvs077;jvs078;jvs080;jvs081;jvs083;jvs085;jvs087;jvs089;jvs091;jvs092;jvs093;jvs094;jvs096;jvs097;jvs099,jvs003;jvs012;jvs013;jvs014;jvs020;jvs030;jvs034;jvs040;jvs044;jvs049;jvs067;jvs069;jvs072;jvs073;jvs076;jvs079;jvs082;jvs090;jvs095;jvs100,jvs009;jvs010;jvs015;jvs017;jvs019;jvs027;jvs031;jvs032;jvs036;jvs042;jvs045;jvs046;jvs052;jvs065;jvs066;jvs071;jvs084;jvs086;jvs088;jvs098,m1_o0,1,copied_from_identity_residual_metric_robustness_2026-07-13
JVS_JVSMuSiC,wavlm_l12,12,37,wcos_diag_none,diagonal_whitened_cosine,pooled_train_midpoint,none,diagonal_variance,67d5e9889f0d791f4bf7,0.3,0.7,0.4572268907563025,4.4,4.0,0.8111842105263158,0.25921052631578945,-0.16895146310614093,0.17897948713716014,-0.35665722927675103,0.12724917033521385,0.1877057661706101,20,380,w1_no_operating_threshold,nan,nan,nan,,,,,,,,
JVS_JVSMuSiC,wavlm_l12,12,37,wcos_diag_query,diagonal_whitened_cosine,pooled_train_midpoint,query,diagonal_variance,67d5e9889f0d791f4bf7,0.6,0.8,0.6966269841269841,3.55,1.0,0.8613157894736843,0.20394736842105265,0.5469301630909549,0.11248340973896297,0.35091218114435596,0.14078320096240673,0.19601798194659892,20,380,w1_no_operating_threshold,nan,nan,nan,,,,,,,,
JVS_JVSMuSiC,wavlm_l12,12,37,wcos_oas_none,oas_whitened_cosine,pooled_train_midpoint,none,OAS,db449073926feca927e2,0.9,1.0,0.9416666666666667,1.15,1.0,0.9851315789473685,0.0881578947368421,0.22247502798915475,0.07241888993123137,0.0009223857235741193,0.07273885179200024,0.22155264226558063,20,380,w1_no_operating_threshold,nan,nan,nan,,,,,,,,
JVS_JVSMuSiC,wavlm_l12,12,37,wcos_oas_query,oas_whitened_cosine,pooled_train_midpoint,query,OAS,db449073926feca927e2,0.85,1.0,0.9166666666666666,1.2,1.0,0.9852631578947368,0.0881578947368421,0.2236601728032494,0.07224693721958154,0.002089402991656158,0.07274510979239052,0.22157076981159324,20,380,w1_no_operating_threshold,nan,nan,nan,,,,,,,,
JVS_JVSMuSiC,wavlm_l12,12,37,cos_om_none,cosine,pooled_train_midpoint,none,none,ea503d73af50d947808e,0.2,0.55,0.3791636141636141,5.75,4.5,0.7248684210526316,0.35,-0.4380991736141723,0.22013149212733407,-0.6022457078092551,0.14967511314604157,0.16414653419508285,20,380,dev_speakers,-0.30371725634859287,0.007894736842105263,0.25,,,jvs001;jvs002;jvs004;jvs006;jvs007;jvs009;jvs011;jvs012;jvs014;jvs016;jvs017;jvs018;jvs019;jvs020;jvs021;jvs023;jvs024;jvs025;jvs026;jvs030;jvs031;jvs032;jvs034;jvs035;jvs037;jvs039;jvs040;jvs041;jvs043;jvs044;jvs046;jvs048;jvs051;jvs052;jvs054;jvs055;jvs058;jvs059;jvs062;jvs063;jvs065;jvs066;jvs067;jvs068;jvs069;jvs071;jvs072;jvs073;jvs078;jvs079;jvs080;jvs084;jvs085;jvs091;jvs093;jvs094;jvs097;jvs098;jvs099;jvs100,jvs008;jvs022;jvs027;jvs033;jvs036;jvs042;jvs045;jvs047;jvs049;jvs057;jvs061;jvs064;jvs070;jvs074;jvs076;jvs077;jvs081;jvs082;jvs088;jvs090,jvs003;jvs005;jvs010;jvs013;jvs015;jvs028;jvs029;jvs038;jvs050;jvs053;jvs056;jvs060;jvs075;jvs083;jvs086;jvs087;jvs089;jvs092;jvs095;jvs096,m1_om,0,copied_from_identity_residual_metric_robustness_2026-07-13
JVS_JVSMuSiC,wavlm_l12,12,37,cos_o0_query,cosine,zero,query,none,ea503d73af50d947808e,0.4,0.8,0.5867089598997494,3.9,2.0,0.8077631578947368,0.3,0.9952238758408685,0.0023898723007093506,0.9918501038393375,0.0038063041473838633,0.0033737720015309947,20,380,dev_speakers,0.9974243449665445,0.007894736842105263,0.05,,,jvs001;jvs002;jvs004;jvs006;jvs007;jvs009;jvs011;jvs012;jvs014;jvs016;jvs017;jvs018;jvs019;jvs020;jvs021;jvs023;jvs024;jvs025;jvs026;jvs030;jvs031;jvs032;jvs034;jvs035;jvs037;jvs039;jvs040;jvs041;jvs043;jvs044;jvs046;jvs048;jvs051;jvs052;jvs054;jvs055;jvs058;jvs059;jvs062;jvs063;jvs065;jvs066;jvs067;jvs068;jvs069;jvs071;jvs072;jvs073;jvs078;jvs079;jvs080;jvs084;jvs085;jvs091;jvs093;jvs094;jvs097;jvs098;jvs099;jvs100,jvs008;jvs022;jvs027;jvs033;jvs036;jvs042;jvs045;jvs047;jvs049;jvs057;jvs061;jvs064;jvs070;jvs074;jvs076;jvs077;jvs081;jvs082;jvs088;jvs090,jvs003;jvs005;jvs010;jvs013;jvs015;jvs028;jvs029;jvs038;jvs050;jvs053;jvs056;jvs060;jvs075;jvs083;jvs086;jvs087;jvs089;jvs092;jvs095;jvs096,m1_o0,1,copied_from_identity_residual_metric_robustness_2026-07-13
JVS_JVSMuSiC,wavlm_l12,12,41,wcos_diag_none,diagonal_whitened_cosine,pooled_train_midpoint,none,diagonal_variance,06b4d2462c67a0aeb75e,0.35,0.65,0.49416666666666664,4.15,3.0,0.8001315789473684,0.2578947368421053,-0.2784663083443859,0.08756816679674255,-0.39080077265636226,0.09797782725464231,0.11233446431197636,20,380,w1_no_operating_threshold,nan,nan,nan,,,,,,,,
JVS_JVSMuSiC,wavlm_l12,12,41,wcos_diag_query,diagonal_whitened_cosine,pooled_train_midpoint,query,diagonal_variance,06b4d2462c67a0aeb75e,0.4,0.7,0.5468371212121211,4.4,2.0,0.7834210526315789,0.2907894736842105,0.5018803165877176,0.09503692428604738,0.38465637139111813,0.10426289043345861,0.11722394519659945,20,380,w1_no_operating_threshold,nan,nan,nan,,,,,,,,
JVS_JVSMuSiC,wavlm_l12,12,41,wcos_oas_none,oas_whitened_cosine,pooled_train_midpoint,none,OAS,551b1c3f37bd8fb90033,0.7,0.9,0.8008928571428571,1.95,1.0,0.9503947368421053,0.1394736842105263,0.1619585456224711,0.07485482296800788,-0.006071160919061895,0.07366873190359136,0.168029706541533,20,380,w1_no_operating_threshold,nan,nan,nan,,,,,,,,
JVS_JVSMuSiC,wavlm_l12,12,41,wcos_oas_query,oas_whitened_cosine,pooled_train_midpoint,query,OAS,551b1c3f37bd8fb90033,0.7,0.9,0.8008928571428571,1.95,1.0,0.9505263157894737,0.1381578947368421,0.16316833298520053,0.0748340123689944,-0.004866693141288812,0.07367744346404227,0.16803502612648935,20,380,w1_no_operating_threshold,nan,nan,nan,,,,,,,,
JVS_JVSMuSiC,wavlm_l12,12,41,cos_om_none,cosine,pooled_train_midpoint,none,none,bb54f1da475ce7269615,0.15,0.6,0.3598596746390864,5.55,4.0,0.7364473684210526,0.30526315789473685,-0.5452060706903514,0.1392657918136556,-0.6573295605750793,0.11056102255939856,0.11212348988472787,20,380,dev_speakers,-0.19329648298766883,0.007894736842105263,0.0,,,jvs001;jvs003;jvs004;jvs005;jvs006;jvs007;jvs009;jvs010;jvs011;jvs012;jvs016;jvs017;jvs019;jvs022;jvs023;jvs025;jvs026;jvs028;jvs029;jvs030;jvs031;jvs036;jvs037;jvs038;jvs042;jvs043;jvs044;jvs045;jvs049;jvs051;jvs054;jvs055;jvs058;jvs059;jvs060;jvs061;jvs062;jvs063;jvs065;jvs066;jvs067;jvs068;jvs069;jvs070;jvs071;jvs072;jvs073;jvs074;jvs075;jvs078;jvs080;jvs084;jvs085;jvs086;jvs090;jvs094;jvs095;jvs096;jvs098;jvs099,jvs002;jvs008;jvs013;jvs014;jvs018;jvs033;jvs035;jvs041;jvs047;jvs048;jvs057;jvs076;jvs082;jvs083;jvs087;jvs088;jvs089;jvs091;jvs093;jvs097,jvs015;jvs020;jvs021;jvs024;jvs027;jvs032;jvs034;jvs039;jvs040;jvs046;jvs050;jvs052;jvs053;jvs056;jvs064;jvs077;jvs079;jvs081;jvs092;jvs100,m1_om,0,copied_from_identity_residual_metric_robustness_2026-07-13
JVS_JVSMuSiC,wavlm_l12,12,41,cos_o0_query,cosine,zero,query,none,bb54f1da475ce7269615,0.3,0.7,0.4686706349206348,5.35,3.0,0.7802631578947369,0.3,0.9950459406051035,0.00266448524685064,0.9930178751261428,0.0028795260567302237,0.0020280654789607278,20,380,dev_speakers,0.9966437114013362,0.007894736842105263,0.25,,,jvs001;jvs003;jvs004;jvs005;jvs006;jvs007;jvs009;jvs010;jvs011;jvs012;jvs016;jvs017;jvs019;jvs022;jvs023;jvs025;jvs026;jvs028;jvs029;jvs030;jvs031;jvs036;jvs037;jvs038;jvs042;jvs043;jvs044;jvs045;jvs049;jvs051;jvs054;jvs055;jvs058;jvs059;jvs060;jvs061;jvs062;jvs063;jvs065;jvs066;jvs067;jvs068;jvs069;jvs070;jvs071;jvs072;jvs073;jvs074;jvs075;jvs078;jvs080;jvs084;jvs085;jvs086;jvs090;jvs094;jvs095;jvs096;jvs098;jvs099,jvs002;jvs008;jvs013;jvs014;jvs018;jvs033;jvs035;jvs041;jvs047;jvs048;jvs057;jvs076;jvs082;jvs083;jvs087;jvs088;jvs089;jvs091;jvs093;jvs097,jvs015;jvs020;jvs021;jvs024;jvs027;jvs032;jvs034;jvs039;jvs040;jvs046;jvs050;jvs052;jvs053;jvs056;jvs064;jvs077;jvs079;jvs081;jvs092;jvs100,m1_o0,1,copied_from_identity_residual_metric_robustness_2026-07-13
JVS_JVSMuSiC,wavlm_l12,12,43,wcos_diag_none,diagonal_whitened_cosine,pooled_train_midpoint,none,diagonal_variance,83439d47d56857944010,0.25,0.75,0.46791666666666654,3.7,3.0,0.8175,0.25,-0.2055411576169428,0.12371583210681335,-0.3663124839348565,0.1233773899134467,0.1607713263179137,20,380,w1_no_operating_threshold,nan,nan,nan,,,,,,,,
JVS_JVSMuSiC,wavlm_l12,12,43,wcos_diag_query,diagonal_whitened_cosine,pooled_train_midpoint,query,diagonal_variance,83439d47d56857944010,0.45,0.85,0.6319444444444444,2.7,2.0,0.863421052631579,0.2513157894736842,0.5570966536868056,0.07081842782906998,0.4004604607400198,0.1191214806464623,0.15663619294678582,20,380,w1_no_operating_threshold,nan,nan,nan,,,,,,,,
JVS_JVSMuSiC,wavlm_l12,12,43,wcos_oas_none,oas_whitened_cosine,pooled_train_midpoint,none,OAS,1e33281e33e55b69cf83,0.75,0.95,0.8245833333333333,1.8,1.0,0.949078947368421,0.15,0.19341259728533244,0.07817652424565082,0.0027751474672244513,0.07471273665119654,0.19063744981810798,20,380,w1_no_operating_threshold,nan,nan,nan,,,,,,,,
JVS_JVSMuSiC,wavlm_l12,12,43,wcos_oas_query,oas_whitened_cosine,pooled_train_midpoint,query,OAS,1e33281e33e55b69cf83,0.75,0.95,0.8245833333333333,1.8,1.0,0.949078947368421,0.15,0.19461036743579624,0.07805465578824443,0.003967356684201118,0.07474275470457696,0.19064301075159512,20,380,w1_no_operating_threshold,nan,nan,nan,,,,,,,,
JVS_JVSMuSiC,wavlm_l12,12,43,cos_om_none,cosine,pooled_train_midpoint,none,none,a333b50aa07e243c16e2,0.15,0.6,0.3358302808302808,5.45,5.0,0.7007894736842105,0.35,-0.5246611846586987,0.18545174673612042,-0.641549207580961,0.13463746306253058,0.1168880229222623,20,380,dev_speakers,-0.2272869954755089,0.007894736842105263,0.1,,,jvs002;jvs003;jvs004;jvs006;jvs007;jvs008;jvs009;jvs011;jvs013;jvs014;jvs015;jvs018;jvs022;jvs023;jvs024;jvs025;jvs026;jvs027;jvs034;jvs035;jvs036;jvs037;jvs038;jvs039;jvs040;jvs042;jvs043;jvs044;jvs045;jvs046;jvs049;jvs051;jvs054;jvs056;jvs058;jvs061;jvs062;jvs063;jvs065;jvs066;jvs067;jvs070;jvs071;jvs073;jvs076;jvs077;jvs078;jvs079;jvs083;jvs084;jvs086;jvs088;jvs089;jvs092;jvs093;jvs094;jvs096;jvs097;jvs099;jvs100,jvs010;jvs017;jvs019;jvs020;jvs021;jvs029;jvs030;jvs031;jvs032;jvs050;jvs052;jvs057;jvs059;jvs072;jvs075;jvs081;jvs087;jvs091;jvs095;jvs098,jvs001;jvs005;jvs012;jvs016;jvs028;jvs033;jvs041;jvs047;jvs048;jvs053;jvs055;jvs060;jvs064;jvs068;jvs069;jvs074;jvs080;jvs082;jvs085;jvs090,m1_om,0,copied_from_identity_residual_metric_robustness_2026-07-13
JVS_JVSMuSiC,wavlm_l12,12,43,cos_o0_query,cosine,zero,query,none,a333b50aa07e243c16e2,0.3,0.7,0.49223901098901096,4.3,3.0,0.8010526315789473,0.25,0.9955491271321101,0.0014314024773195682,0.9933649420742094,0.0021493087007555256,0.002184185057900634,20,380,dev_speakers,0.9971388283827165,0.007894736842105263,0.1,,,jvs002;jvs003;jvs004;jvs006;jvs007;jvs008;jvs009;jvs011;jvs013;jvs014;jvs015;jvs018;jvs022;jvs023;jvs024;jvs025;jvs026;jvs027;jvs034;jvs035;jvs036;jvs037;jvs038;jvs039;jvs040;jvs042;jvs043;jvs044;jvs045;jvs046;jvs049;jvs051;jvs054;jvs056;jvs058;jvs061;jvs062;jvs063;jvs065;jvs066;jvs067;jvs070;jvs071;jvs073;jvs076;jvs077;jvs078;jvs079;jvs083;jvs084;jvs086;jvs088;jvs089;jvs092;jvs093;jvs094;jvs096;jvs097;jvs099;jvs100,jvs010;jvs017;jvs019;jvs020;jvs021;jvs029;jvs030;jvs031;jvs032;jvs050;jvs052;jvs057;jvs059;jvs072;jvs075;jvs081;jvs087;jvs091;jvs095;jvs098,jvs001;jvs005;jvs012;jvs016;jvs028;jvs033;jvs041;jvs047;jvs048;jvs053;jvs055;jvs060;jvs064;jvs068;jvs069;jvs074;jvs080;jvs082;jvs085;jvs090,m1_o0,1,copied_from_identity_residual_metric_robustness_2026-07-13
JVS_JVSMuSiC,wavlm_l12,12,47,wcos_diag_none,diagonal_whitened_cosine,pooled_train_midpoint,none,diagonal_variance,4dc515e792b78301fc10,0.3,0.7,0.5007466583124478,4.4,2.0,0.77,0.3,-0.14464672395377443,0.19703898408138668,-0.3177016006203814,0.13831464300920152,0.17305487666660696,20,380,w1_no_operating_threshold,nan,nan,nan,,,,,,,,
JVS_JVSMuSiC,wavlm_l12,12,47,wcos_diag_query,diagonal_whitened_cosine,pooled_train_midpoint,query,diagonal_variance,4dc515e792b78301fc10,0.5,0.75,0.618176406926407,3.75,1.5,0.8407894736842105,0.20131578947368423,0.5302302788840135,0.10183105066496799,0.35642429955250693,0.1379828614983874,0.1738059793315066,20,380,w1_no_operating_threshold,nan,nan,nan,,,,,,,,
JVS_JVSMuSiC,wavlm_l12,12,47,wcos_oas_none,oas_whitened_cosine,pooled_train_midpoint,none,OAS,8890a5b46f8f3c4f3c3e,0.65,0.75,0.7188022138680032,3.5,1.0,0.8655263157894737,0.23815789473684212,0.18432476025666897,0.13106825158973823,0.002983607507315939,0.07557629497500143,0.18134115274935303,20,380,w1_no_operating_threshold,nan,nan,nan,,,,,,,,
JVS_JVSMuSiC,wavlm_l12,12,47,wcos_oas_query,oas_whitened_cosine,pooled_train_midpoint,query,OAS,8890a5b46f8f3c4f3c3e,0.65,0.75,0.7188022138680032,3.5,1.0,0.8652631578947368,0.2394736842105263,0.1854871292432754,0.13095498588694085,0.0041510718050168606,0.07559386075286034,0.18133605743825854,20,380,w1_no_operating_threshold,nan,nan,nan,,,,,,,,
JVS_JVSMuSiC,wavlm_l12,12,47,cos_om_none,cosine,pooled_train_midpoint,none,none,ceac0757b35940f048b9,0.2,0.65,0.4113095238095238,5.65,3.5,0.7114473684210526,0.3486842105263158,-0.44244044192835397,0.2190376741434155,-0.593752327649877,0.1328890993279525,0.151311885721523,20,380,dev_speakers,-0.298335839358817,0.007894736842105263,0.3,,,jvs002;jvs004;jvs005;jvs006;jvs007;jvs008;jvs009;jvs012;jvs013;jvs014;jvs015;jvs016;jvs018;jvs019;jvs020;jvs021;jvs022;jvs024;jvs025;jvs026;jvs029;jvs031;jvs032;jvs033;jvs034;jvs036;jvs037;jvs039;jvs044;jvs045;jvs047;jvs048;jvs049;jvs051;jvs052;jvs055;jvs056;jvs057;jvs058;jvs062;jvs063;jvs067;jvs068;jvs070;jvs071;jvs073;jvs074;jvs075;jvs077;jvs079;jvs083;jvs086;jvs088;jvs089;jvs091;jvs092;jvs097;jvs098;jvs099;jvs100,jvs001;jvs003;jvs027;jvs035;jvs038;jvs041;jvs042;jvs043;jvs046;jvs054;jvs060;jvs061;jvs065;jvs066;jvs069;jvs072;jvs080;jvs081;jvs085;jvs090,jvs010;jvs011;jvs017;jvs023;jvs028;jvs030;jvs040;jvs050;jvs053;jvs059;jvs064;jvs076;jvs078;jvs082;jvs084;jvs087;jvs093;jvs094;jvs095;jvs096,m1_om,0,copied_from_identity_residual_metric_robustness_2026-07-13
JVS_JVSMuSiC,wavlm_l12,12,47,cos_o0_query,cosine,zero,query,none,ceac0757b35940f048b9,0.3,0.75,0.47398989898989896,4.4,3.0,0.7717105263157895,0.3,0.9945236102705343,0.004091015493798677,0.9910969938426888,0.0073661611299981325,0.0034266164278454747,20,380,dev_speakers,0.9974686804328206,0.007894736842105263,0.15,,,jvs002;jvs004;jvs005;jvs006;jvs007;jvs008;jvs009;jvs012;jvs013;jvs014;jvs015;jvs016;jvs018;jvs019;jvs020;jvs021;jvs022;jvs024;jvs025;jvs026;jvs029;jvs031;jvs032;jvs033;jvs034;jvs036;jvs037;jvs039;jvs044;jvs045;jvs047;jvs048;jvs049;jvs051;jvs052;jvs055;jvs056;jvs057;jvs058;jvs062;jvs063;jvs067;jvs068;jvs070;jvs071;jvs073;jvs074;jvs075;jvs077;jvs079;jvs083;jvs086;jvs088;jvs089;jvs091;jvs092;jvs097;jvs098;jvs099;jvs100,jvs001;jvs003;jvs027;jvs035;jvs038;jvs041;jvs042;jvs043;jvs046;jvs054;jvs060;jvs061;jvs065;jvs066;jvs069;jvs072;jvs080;jvs081;jvs085;jvs090,jvs010;jvs011;jvs017;jvs023;jvs028;jvs030;jvs040;jvs050;jvs053;jvs059;jvs064;jvs076;jvs078;jvs082;jvs084;jvs087;jvs093;jvs094;jvs095;jvs096,m1_o0,1,copied_from_identity_residual_metric_robustness_2026-07-13
JVS_JVSMuSiC,wavlm_l12,12,53,wcos_diag_none,diagonal_whitened_cosine,pooled_train_midpoint,none,diagonal_variance,181122cc8766616175c3,0.3,0.55,0.4326733193277311,5.9,4.5,0.7271052631578947,0.35,-0.1592575270314084,0.22915281497284648,-0.3108281305470663,0.16491134435969215,0.1515706035156579,20,380,w1_no_operating_threshold,nan,nan,nan,,,,,,,,
JVS_JVSMuSiC,wavlm_l12,12,53,wcos_diag_query,diagonal_whitened_cosine,pooled_train_midpoint,query,diagonal_variance,181122cc8766616175c3,0.3,0.8,0.49126678876678864,3.95,2.5,0.8136842105263158,0.256578947368421,0.4811767924220905,0.10526389714385079,0.3192132671410075,0.13609907537077715,0.161963525281083,20,380,w1_no_operating_threshold,nan,nan,nan,,,,,,,,
JVS_JVSMuSiC,wavlm_l12,12,53,wcos_oas_none,oas_whitened_cosine,pooled_train_midpoint,none,OAS,ab9e9cca5ed0278a0061,0.6,0.9,0.7375,2.25,1.0,0.9288157894736843,0.10526315789473684,0.15778177251887437,0.06565339271328373,0.009448429235173385,0.07483121435529802,0.14833334328370099,20,380,w1_no_operating_threshold,nan,nan,nan,,,,,,,,
JVS_JVSMuSiC,wavlm_l12,12,53,wcos_oas_query,oas_whitened_cosine,pooled_train_midpoint,query,OAS,ab9e9cca5ed0278a0061,0.6,0.9,0.7375,2.25,1.0,0.929078947368421,0.10394736842105264,0.1588402940248579,0.0656474537967295,0.010503002161911763,0.07482223955444417,0.1483372918629461,20,380,w1_no_operating_threshold,nan,nan,nan,,,,,,,,
JVS_JVSMuSiC,wavlm_l12,12,53,cos_om_none,cosine,pooled_train_midpoint,none,none,2b055649ca31c318ff92,0.1,0.5,0.3026600921008816,6.75,6.0,0.704078947368421,0.3421052631578947,-0.43062040383279854,0.2164315036445528,-0.5690517405358921,0.17018531074025084,0.1384313367030936,20,380,dev_speakers,-0.18427711221017085,0.007894736842105263,0.15,,,jvs002;jvs004;jvs005;jvs006;jvs007;jvs008;jvs009;jvs010;jvs011;jvs012;jvs014;jvs016;jvs017;jvs019;jvs020;jvs021;jvs022;jvs025;jvs027;jvs028;jvs029;jvs030;jvs031;jvs032;jvs033;jvs035;jvs039;jvs041;jvs043;jvs044;jvs045;jvs046;jvs047;jvs049;jvs050;jvs051;jvs053;jvs054;jvs055;jvs056;jvs057;jvs059;jvs064;jvs066;jvs067;jvs068;jvs069;jvs070;jvs071;jvs075;jvs077;jvs080;jvs081;jvs085;jvs087;jvs091;jvs094;jvs096;jvs097;jvs100,jvs001;jvs018;jvs034;jvs036;jvs037;jvs038;jvs048;jvs052;jvs060;jvs061;jvs063;jvs065;jvs072;jvs074;jvs078;jvs082;jvs088;jvs092;jvs093;jvs098,jvs003;jvs013;jvs015;jvs023;jvs024;jvs026;jvs040;jvs042;jvs058;jvs062;jvs073;jvs076;jvs079;jvs083;jvs084;jvs086;jvs089;jvs090;jvs095;jvs099,m1_om,0,copied_from_identity_residual_metric_robustness_2026-07-13
JVS_JVSMuSiC,wavlm_l12,12,53,cos_o0_query,cosine,zero,query,none,2b055649ca31c318ff92,0.25,0.7,0.47971491228070173,4.65,2.0,0.7427631578947368,0.3486842105263158,0.9936430980199527,0.004584326414922043,0.9905423666437259,0.007246099265687527,0.003100731376226795,20,380,dev_speakers,0.997175303764877,0.007894736842105263,0.05,,,jvs002;jvs004;jvs005;jvs006;jvs007;jvs008;jvs009;jvs010;jvs011;jvs012;jvs014;jvs016;jvs017;jvs019;jvs020;jvs021;jvs022;jvs025;jvs027;jvs028;jvs029;jvs030;jvs031;jvs032;jvs033;jvs035;jvs039;jvs041;jvs043;jvs044;jvs045;jvs046;jvs047;jvs049;jvs050;jvs051;jvs053;jvs054;jvs055;jvs056;jvs057;jvs059;jvs064;jvs066;jvs067;jvs068;jvs069;jvs070;jvs071;jvs075;jvs077;jvs080;jvs081;jvs085;jvs087;jvs091;jvs094;jvs096;jvs097;jvs100,jvs001;jvs018;jvs034;jvs036;jvs037;jvs038;jvs048;jvs052;jvs060;jvs061;jvs063;jvs065;jvs072;jvs074;jvs078;jvs082;jvs088;jvs092;jvs093;jvs098,jvs003;jvs013;jvs015;jvs023;jvs024;jvs026;jvs040;jvs042;jvs058;jvs062;jvs073;jvs076;jvs079;jvs083;jvs084;jvs086;jvs089;jvs090;jvs095;jvs099,m1_o0,1,copied_from_identity_residual_metric_robustness_2026-07-13
JVS_JVSMuSiC,wavlm_l12,12,59,wcos_diag_none,diagonal_whitened_cosine,pooled_train_midpoint,none,diagonal_variance,171449989c1f7b95cbe6,0.3,0.8,0.4865277777777778,4.05,3.0,0.795,0.30657894736842106,-0.2143788494231697,0.16034099811025393,-0.36689029255959515,0.12615494881307326,0.15251144313642545,20,380,w1_no_operating_threshold,nan,nan,nan,,,,,,,,
JVS_JVSMuSiC,wavlm_l12,12,59,wcos_diag_query,diagonal_whitened_cosine,pooled_train_midpoint,query,diagonal_variance,171449989c1f7b95cbe6,0.3,0.65,0.4888347763347764,4.25,2.5,0.8278947368421052,0.2618421052631579,0.5080458249161174,0.09766445040739752,0.35834991560857726,0.11893959710286918,0.14969590930754012,20,380,w1_no_operating_threshold,nan,nan,nan,,,,,,,,
JVS_JVSMuSiC,wavlm_l12,12,59,wcos_oas_none,oas_whitened_cosine,pooled_train_midpoint,none,OAS,98e8d19111fe893c7d5f,0.65,1.0,0.7766666666666666,1.75,1.0,0.9468421052631579,0.15,0.1693686505056526,0.07082294156440953,0.004773297412541032,0.07576993797053407,0.16459535309311157,20,380,w1_no_operating_threshold,nan,nan,nan,,,,,,,,
JVS_JVSMuSiC,wavlm_l12,12,59,wcos_oas_query,oas_whitened_cosine,pooled_train_midpoint,query,OAS,98e8d19111fe893c7d5f,0.65,1.0,0.7766666666666666,1.75,1.0,0.9471052631578948,0.15,0.1705943764362993,0.07073601236299888,0.005998058863217926,0.07579219233519044,0.16459631757308138,20,380,w1_no_operating_threshold,nan,nan,nan,,,,,,,,
JVS_JVSMuSiC,wavlm_l12,12,59,cos_om_none,cosine,pooled_train_midpoint,none,none,2dabe66883276c6edcc5,0.15,0.6,0.3448809523809523,5.5,4.0,0.7544736842105263,0.3,-0.489310446300599,0.165657802296701,-0.6206294503815072,0.12558751354645062,0.13131900408090819,20,380,dev_speakers,-0.2726925885053027,0.007894736842105263,0.1,,,jvs002;jvs005;jvs006;jvs008;jvs013;jvs014;jvs015;jvs017;jvs019;jvs020;jvs021;jvs022;jvs023;jvs024;jvs026;jvs027;jvs028;jvs030;jvs031;jvs032;jvs033;jvs036;jvs037;jvs038;jvs039;jvs042;jvs044;jvs045;jvs046;jvs048;jvs049;jvs050;jvs053;jvs054;jvs055;jvs058;jvs059;jvs060;jvs061;jvs062;jvs064;jvs065;jvs070;jvs071;jvs074;jvs076;jvs077;jvs078;jvs082;jvs083;jvs084;jvs086;jvs087;jvs090;jvs091;jvs092;jvs093;jvs095;jvs096;jvs098,jvs001;jvs003;jvs007;jvs010;jvs012;jvs025;jvs029;jvs040;jvs041;jvs043;jvs051;jvs056;jvs057;jvs063;jvs069;jvs075;jvs080;jvs094;jvs097;jvs099,jvs004;jvs009;jvs011;jvs016;jvs018;jvs034;jvs035;jvs047;jvs052;jvs066;jvs067;jvs068;jvs072;jvs073;jvs079;jvs081;jvs085;jvs088;jvs089;jvs100,m1_om,0,copied_from_identity_residual_metric_robustness_2026-07-13
JVS_JVSMuSiC,wavlm_l12,12,59,cos_o0_query,cosine,zero,query,none,2dabe66883276c6edcc5,0.25,0.7,0.4528044871794871,4.4,3.0,0.8,0.25,0.9953389107406544,0.0016415350818088405,0.9929151082395345,0.0025712638989917654,0.0024238025011198427,20,380,dev_speakers,0.9972849118967262,0.007894736842105263,0.1,,,jvs002;jvs005;jvs006;jvs008;jvs013;jvs014;jvs015;jvs017;jvs019;jvs020;jvs021;jvs022;jvs023;jvs024;jvs026;jvs027;jvs028;jvs030;jvs031;jvs032;jvs033;jvs036;jvs037;jvs038;jvs039;jvs042;jvs044;jvs045;jvs046;jvs048;jvs049;jvs050;jvs053;jvs054;jvs055;jvs058;jvs059;jvs060;jvs061;jvs062;jvs064;jvs065;jvs070;jvs071;jvs074;jvs076;jvs077;jvs078;jvs082;jvs083;jvs084;jvs086;jvs087;jvs090;jvs091;jvs092;jvs093;jvs095;jvs096;jvs098,jvs001;jvs003;jvs007;jvs010;jvs012;jvs025;jvs029;jvs040;jvs041;jvs043;jvs051;jvs056;jvs057;jvs063;jvs069;jvs075;jvs080;jvs094;jvs097;jvs099,jvs004;jvs009;jvs011;jvs016;jvs018;jvs034;jvs035;jvs047;jvs052;jvs066;jvs067;jvs068;jvs072;jvs073;jvs079;jvs081;jvs085;jvs088;jvs089;jvs100,m1_o0,1,copied_from_identity_residual_metric_robustness_2026-07-13
JVS_JVSMuSiC,wavlm_l12,12,61,wcos_diag_none,diagonal_whitened_cosine,pooled_train_midpoint,none,diagonal_variance,ed2088e812c71ecaffca,0.3,0.75,0.5226633986928105,3.7,2.0,0.8351315789473684,0.25263157894736843,-0.2523766789777648,0.10107782983893045,-0.39573611152750826,0.10425798848647391,0.14335943254974348,20,380,w1_no_operating_threshold,nan,nan,nan,,,,,,,,
JVS_JVSMuSiC,wavlm_l12,12,61,wcos_diag_query,diagonal_whitened_cosine,pooled_train_midpoint,query,diagonal_variance,ed2088e812c71ecaffca,0.3,0.65,0.4634145021645022,4.45,3.5,0.8376315789473684,0.25,0.5350847970164032,0.08075304929353504,0.3963397156202566,0.11260002121673575,0.1387450813961466,20,380,w1_no_operating_threshold,nan,nan,nan,,,,,,,,
JVS_JVSMuSiC,wavlm_l12,12,61,wcos_oas_none,oas_whitened_cosine,pooled_train_midpoint,none,OAS,56cef9b1b215346ef080,0.7,0.85,0.7744444444444445,2.5,1.0,0.9323684210526316,0.10921052631578948,0.1502823185323167,0.06358797393784951,0.00041597980855482685,0.07337754791157243,0.14986633872376187,20,380,w1_no_operating_threshold,nan,nan,nan,,,,,,,,
JVS_JVSMuSiC,wavlm_l12,12,61,wcos_oas_query,oas_whitened_cosine,pooled_train_midpoint,query,OAS,56cef9b1b215346ef080,0.7,0.85,0.7744444444444445,2.5,1.0,0.9325,0.10921052631578948,0.15149468253217718,0.06351151006227126,0.0016301232471618392,0.07336912823374366,0.14986455928501535,20,380,w1_no_operating_threshold,nan,nan,nan,,,,,,,,
JVS_JVSMuSiC,wavlm_l12,12,61,cos_om_none,cosine,pooled_train_midpoint,none,none,2352f769c0d88c619878,0.15,0.75,0.38292353479853475,4.6,4.0,0.7857894736842105,0.29736842105263156,-0.5494784637765291,0.136491361851732,-0.6680860081883472,0.10567314626628067,0.11860754441181809,20,380,dev_speakers,-0.13528318079719873,0.007894736842105263,0.05,,,jvs002;jvs003;jvs007;jvs008;jvs009;jvs010;jvs011;jvs013;jvs015;jvs017;jvs018;jvs021;jvs022;jvs023;jvs025;jvs026;jvs028;jvs031;jvs032;jvs033;jvs034;jvs035;jvs036;jvs037;jvs038;jvs040;jvs041;jvs042;jvs044;jvs046;jvs048;jvs049;jvs050;jvs051;jvs052;jvs053;jvs055;jvs056;jvs059;jvs061;jvs063;jvs064;jvs065;jvs070;jvs074;jvs075;jvs076;jvs077;jvs079;jvs083;jvs085;jvs086;jvs088;jvs091;jvs092;jvs093;jvs095;jvs096;jvs098;jvs100,jvs004;jvs012;jvs014;jvs019;jvs020;jvs029;jvs043;jvs057;jvs060;jvs062;jvs068;jvs071;jvs072;jvs080;jvs082;jvs084;jvs090;jvs094;jvs097;jvs099,jvs001;jvs005;jvs006;jvs016;jvs024;jvs027;jvs030;jvs039;jvs045;jvs047;jvs054;jvs058;jvs066;jvs067;jvs069;jvs073;jvs078;jvs081;jvs087;jvs089,m1_om,0,copied_from_identity_residual_metric_robustness_2026-07-13
JVS_JVSMuSiC,wavlm_l12,12,61,cos_o0_query,cosine,zero,query,none,2352f769c0d88c619878,0.45,0.75,0.5967857142857143,4.05,2.0,0.8239473684210527,0.2,0.9952634327007848,0.0026573398130960955,0.9931652012630487,0.0028225864841871103,0.00209823143773602,20,380,dev_speakers,0.9972725817094164,0.007894736842105263,0.1,,,jvs002;jvs003;jvs007;jvs008;jvs009;jvs010;jvs011;jvs013;jvs015;jvs017;jvs018;jvs021;jvs022;jvs023;jvs025;jvs026;jvs028;jvs031;jvs032;jvs033;jvs034;jvs035;jvs036;jvs037;jvs038;jvs040;jvs041;jvs042;jvs044;jvs046;jvs048;jvs049;jvs050;jvs051;jvs052;jvs053;jvs055;jvs056;jvs059;jvs061;jvs063;jvs064;jvs065;jvs070;jvs074;jvs075;jvs076;jvs077;jvs079;jvs083;jvs085;jvs086;jvs088;jvs091;jvs092;jvs093;jvs095;jvs096;jvs098;jvs100,jvs004;jvs012;jvs014;jvs019;jvs020;jvs029;jvs043;jvs057;jvs060;jvs062;jvs068;jvs071;jvs072;jvs080;jvs082;jvs084;jvs090;jvs094;jvs097;jvs099,jvs001;jvs005;jvs006;jvs016;jvs024;jvs027;jvs030;jvs039;jvs045;jvs047;jvs054;jvs058;jvs066;jvs067;jvs069;jvs073;jvs078;jvs081;jvs087;jvs089,m1_o0,1,copied_from_identity_residual_metric_robustness_2026-07-13
JVS_JVSMuSiC,wavlm_l12,12,67,wcos_diag_none,diagonal_whitened_cosine,pooled_train_midpoint,none,diagonal_variance,cc06543706192fbff60f,0.25,0.8,0.5025840336134453,3.7,2.0,0.8071052631578948,0.25,-0.19065243945045857,0.13376216124798235,-0.3481415875049502,0.11716322990229425,0.15748914805449166,20,380,w1_no_operating_threshold,nan,nan,nan,,,,,,,,
JVS_JVSMuSiC,wavlm_l12,12,67,wcos_diag_query,diagonal_whitened_cosine,pooled_train_midpoint,query,diagonal_variance,cc06543706192fbff60f,0.4,0.8,0.5795833333333333,3.1,2.0,0.8844736842105263,0.2,0.549777426157667,0.06901280251182491,0.39709563816981214,0.11106709855556281,0.15268178798785487,20,380,w1_no_operating_threshold,nan,nan,nan,,,,,,,,
JVS_JVSMuSiC,wavlm_l12,12,67,wcos_oas_none,oas_whitened_cosine,pooled_train_midpoint,none,OAS,6cdf1382f5953af4707e,0.7,0.95,0.8166666666666667,1.6,1.0,0.9519736842105263,0.15,0.1899613577418523,0.08169321812568721,0.0124574033759539,0.07711414325683644,0.1775039543658984,20,380,w1_no_operating_threshold,nan,nan,nan,,,,,,,,
JVS_JVSMuSiC,wavlm_l12,12,67,wcos_oas_query,oas_whitened_cosine,pooled_train_midpoint,query,OAS,6cdf1382f5953af4707e,0.7,0.95,0.8166666666666667,1.6,1.0,0.9523684210526315,0.15,0.19112206138377877,0.08165067909621405,0.013614424971354957,0.07709783204706255,0.1775076364124238,20,380,w1_no_operating_threshold,nan,nan,nan,,,,,,,,
JVS_JVSMuSiC,wavlm_l12,12,67,cos_om_none,cosine,pooled_train_midpoint,none,none,3c4da62f5cdaebe3db3b,0.15,0.55,0.3080968541262659,6.25,5.0,0.7094736842105264,0.3447368421052631,-0.49334859907991485,0.17476392488264972,-0.6124223249947924,0.1320880327633115,0.11907372591487758,20,380,dev_speakers,-0.15324379692801723,0.007894736842105263,0.1,,,jvs001;jvs002;jvs003;jvs004;jvs008;jvs009;jvs011;jvs012;jvs013;jvs014;jvs015;jvs017;jvs020;jvs022;jvs023;jvs025;jvs026;jvs027;jvs029;jvs032;jvs033;jvs037;jvs038;jvs039;jvs043;jvs046;jvs048;jvs051;jvs054;jvs055;jvs056;jvs057;jvs058;jvs059;jvs060;jvs061;jvs062;jvs064;jvs065;jvs068;jvs069;jvs070;jvs071;jvs073;jvs075;jvs078;jvs080;jvs082;jvs083;jvs084;jvs086;jvs087;jvs088;jvs090;jvs091;jvs093;jvs095;jvs097;jvs099;jvs100,jvs006;jvs007;jvs019;jvs024;jvs030;jvs034;jvs035;jvs036;jvs040;jvs050;jvs063;jvs067;jvs072;jvs076;jvs077;jvs079;jvs089;jvs094;jvs096;jvs098,jvs005;jvs010;jvs016;jvs018;jvs021;jvs028;jvs031;jvs041;jvs042;jvs044;jvs045;jvs047;jvs049;jvs052;jvs053;jvs066;jvs074;jvs081;jvs085;jvs092,m1_om,0,copied_from_identity_residual_metric_robustness_2026-07-13
JVS_JVSMuSiC,wavlm_l12,12,67,cos_o0_query,cosine,zero,query,none,3c4da62f5cdaebe3db3b,0.4,0.7,0.5641018907563025,4.2,2.0,0.8176315789473684,0.25,0.9953536928967578,0.0015443883940802407,0.9931314549845623,0.002618357340951433,0.002222237912195446,20,380,dev_speakers,0.9972761008354086,0.007894736842105263,0.05,,,jvs001;jvs002;jvs003;jvs004;jvs008;jvs009;jvs011;jvs012;jvs013;jvs014;jvs015;jvs017;jvs020;jvs022;jvs023;jvs025;jvs026;jvs027;jvs029;jvs032;jvs033;jvs037;jvs038;jvs039;jvs043;jvs046;jvs048;jvs051;jvs054;jvs055;jvs056;jvs057;jvs058;jvs059;jvs060;jvs061;jvs062;jvs064;jvs065;jvs068;jvs069;jvs070;jvs071;jvs073;jvs075;jvs078;jvs080;jvs082;jvs083;jvs084;jvs086;jvs087;jvs088;jvs090;jvs091;jvs093;jvs095;jvs097;jvs099;jvs100,jvs006;jvs007;jvs019;jvs024;jvs030;jvs034;jvs035;jvs036;jvs040;jvs050;jvs063;jvs067;jvs072;jvs076;jvs077;jvs079;jvs089;jvs094;jvs096;jvs098,jvs005;jvs010;jvs016;jvs018;jvs021;jvs028;jvs031;jvs041;jvs042;jvs044;jvs045;jvs047;jvs049;jvs052;jvs053;jvs066;jvs074;jvs081;jvs085;jvs092,m1_o0,1,copied_from_identity_residual_metric_robustness_2026-07-13
JVS_JVSMuSiC,wavlm_l12,12,71,wcos_diag_none,diagonal_whitened_cosine,pooled_train_midpoint,none,diagonal_variance,33c6ebb6114d4bbfc73d,0.4,0.7,0.5725595238095239,3.3,2.0,0.8171052631578948,0.2894736842105263,-0.180560129680329,0.17180593129850033,-0.3548943480736773,0.12891307583105688,0.1743342183933483,20,380,w1_no_operating_threshold,nan,nan,nan,,,,,,,,
JVS_JVSMuSiC,wavlm_l12,12,71,wcos_diag_query,diagonal_whitened_cosine,pooled_train_midpoint,query,diagonal_variance,33c6ebb6114d4bbfc73d,0.45,0.8,0.611489898989899,3.15,2.0,0.8565789473684211,0.2,0.539047738737682,0.11333722735528562,0.3661458543014285,0.13440060194386239,0.17290188443625348,20,380,w1_no_operating_threshold,nan,nan,nan,,,,,,,,
JVS_JVSMuSiC,wavlm_l12,12,71,wcos_oas_none,oas_whitened_cosine,pooled_train_midpoint,none,OAS,b66092f5544b9de5631e,0.8,0.9,0.848489010989011,2.1,1.0,0.9418421052631579,0.15,0.18440884590615408,0.08174880689574161,0.001087480515728535,0.0758025544761592,0.18332136539042554,20,380,w1_no_operating_threshold,nan,nan,nan,,,,,,,,
JVS_JVSMuSiC,wavlm_l12,12,71,wcos_oas_query,oas_whitened_cosine,pooled_train_midpoint,query,OAS,b66092f5544b9de5631e,0.8,0.9,0.848489010989011,2.1,1.0,0.9418421052631579,0.15,0.18553071587279135,0.0817347529842897,0.002211994781139388,0.07581666425480751,0.18331872109165195,20,380,w1_no_operating_threshold,nan,nan,nan,,,,,,,,
JVS_JVSMuSiC,wavlm_l12,12,71,cos_om_none,cosine,pooled_train_midpoint,none,none,857a5bc0e35c20f8119e,0.2,0.55,0.37854853479853484,4.85,5.0,0.7357894736842105,0.30657894736842106,-0.4989416929956912,0.19092694167873314,-0.6366508587717207,0.12021766912595563,0.13770916577602949,20,380,dev_speakers,-0.2903560605968682,0.007894736842105263,0.1,,,jvs002;jvs003;jvs004;jvs005;jvs006;jvs010;jvs011;jvs012;jvs013;jvs014;jvs016;jvs018;jvs019;jvs021;jvs022;jvs024;jvs025;jvs026;jvs027;jvs029;jvs031;jvs032;jvs034;jvs037;jvs039;jvs042;jvs043;jvs044;jvs045;jvs047;jvs048;jvs049;jvs050;jvs052;jvs053;jvs054;jvs055;jvs059;jvs061;jvs062;jvs065;jvs066;jvs067;jvs068;jvs069;jvs070;jvs073;jvs074;jvs075;jvs077;jvs079;jvs080;jvs083;jvs084;jvs086;jvs088;jvs089;jvs092;jvs093;jvs098,jvs008;jvs015;jvs020;jvs023;jvs035;jvs038;jvs040;jvs041;jvs056;jvs057;jvs058;jvs060;jvs063;jvs064;jvs072;jvs076;jvs078;jvs081;jvs099;jvs100,jvs001;jvs007;jvs009;jvs017;jvs028;jvs030;jvs033;jvs036;jvs046;jvs051;jvs071;jvs082;jvs085;jvs087;jvs090;jvs091;jvs094;jvs095;jvs096;jvs097,m1_om,0,copied_from_identity_residual_metric_robustness_2026-07-13
JVS_JVSMuSiC,wavlm_l12,12,71,cos_o0_query,cosine,zero,query,none,857a5bc0e35c20f8119e,0.3,0.8,0.49118055555555556,4.1,2.5,0.7864473684210527,0.29605263157894735,0.9949373619128045,0.0026846046621731246,0.9919789760703428,0.003881867657691644,0.002958385842461664,20,380,dev_speakers,0.9971114420900562,0.007894736842105263,0.1,,,jvs002;jvs003;jvs004;jvs005;jvs006;jvs010;jvs011;jvs012;jvs013;jvs014;jvs016;jvs018;jvs019;jvs021;jvs022;jvs024;jvs025;jvs026;jvs027;jvs029;jvs031;jvs032;jvs034;jvs037;jvs039;jvs042;jvs043;jvs044;jvs045;jvs047;jvs048;jvs049;jvs050;jvs052;jvs053;jvs054;jvs055;jvs059;jvs061;jvs062;jvs065;jvs066;jvs067;jvs068;jvs069;jvs070;jvs073;jvs074;jvs075;jvs077;jvs079;jvs080;jvs083;jvs084;jvs086;jvs088;jvs089;jvs092;jvs093;jvs098,jvs008;jvs015;jvs020;jvs023;jvs035;jvs038;jvs040;jvs041;jvs056;jvs057;jvs058;jvs060;jvs063;jvs064;jvs072;jvs076;jvs078;jvs081;jvs099;jvs100,jvs001;jvs007;jvs009;jvs017;jvs028;jvs030;jvs033;jvs036;jvs046;jvs051;jvs071;jvs082;jvs085;jvs087;jvs090;jvs091;jvs094;jvs095;jvs096;jvs097,m1_o0,1,copied_from_identity_residual_metric_robustness_2026-07-13
JVS_JVSMuSiC,wavlm_l12,12,73,wcos_diag_none,diagonal_whitened_cosine,pooled_train_midpoint,none,diagonal_variance,dfcc2670e849a42a8950,0.2,0.85,0.45839285714285716,3.3,2.5,0.8231578947368421,0.25,-0.234616092747249,0.11859386393683038,-0.3804363156465067,0.11837457612338463,0.1458202228992577,20,380,w1_no_operating_threshold,nan,nan,nan,,,,,,,,
JVS_JVSMuSiC,wavlm_l12,12,73,wcos_diag_query,diagonal_whitened_cosine,pooled_train_midpoint,query,diagonal_variance,dfcc2670e849a42a8950,0.45,0.85,0.6454761904761904,2.85,2.0,0.8807894736842106,0.19473684210526315,0.5870214045371999,0.05621645581698043,0.44169709900543197,0.11205024417849418,0.1453243055317679,20,380,w1_no_operating_threshold,nan,nan,nan,,,,,,,,
JVS_JVSMuSiC,wavlm_l12,12,73,wcos_oas_none,oas_whitened_cosine,pooled_train_midpoint,none,OAS,89cf72c2d1402ad91e74,0.85,1.0,0.9166666666666666,1.2,1.0,0.9752631578947368,0.06184210526315789,0.211216835290503,0.07947643757750457,0.014261558210756165,0.07834152741288568,0.19695527707974683,20,380,w1_no_operating_threshold,nan,nan,nan,,,,,,,,
JVS_JVSMuSiC,wavlm_l12,12,73,wcos_oas_query,oas_whitened_cosine,pooled_train_midpoint,query,OAS,89cf72c2d1402ad91e74,0.85,1.0,0.9166666666666666,1.2,1.0,0.9753947368421053,0.06184210526315789,0.2124404456451892,0.07933696194781427,0.015488940232856595,0.0783260061433403,0.1969515054123326,20,380,w1_no_operating_threshold,nan,nan,nan,,,,,,,,
JVS_JVSMuSiC,wavlm_l12,12,73,cos_om_none,cosine,pooled_train_midpoint,none,none,f248b51c33312281d532,0.05,0.55,0.28160409035409034,5.05,4.5,0.7740789473684211,0.2881578947368421,-0.5418074149349523,0.13765233751592418,-0.6588005796267491,0.12067853293966466,0.11699316469179677,20,380,dev_speakers,-0.2844086903677218,0.007894736842105263,0.05,,,jvs001;jvs002;jvs005;jvs006;jvs009;jvs011;jvs012;jvs013;jvs017;jvs018;jvs019;jvs020;jvs021;jvs023;jvs025;jvs026;jvs027;jvs032;jvs034;jvs035;jvs036;jvs037;jvs038;jvs039;jvs042;jvs043;jvs048;jvs050;jvs052;jvs058;jvs059;jvs062;jvs063;jvs064;jvs067;jvs068;jvs069;jvs071;jvs072;jvs076;jvs077;jvs079;jvs080;jvs081;jvs082;jvs083;jvs084;jvs086;jvs087;jvs088;jvs089;jvs090;jvs091;jvs094;jvs095;jvs096;jvs097;jvs098;jvs099;jvs100,jvs003;jvs015;jvs016;jvs022;jvs024;jvs028;jvs029;jvs030;jvs031;jvs044;jvs045;jvs047;jvs049;jvs053;jvs057;jvs060;jvs073;jvs075;jvs078;jvs093,jvs004;jvs007;jvs008;jvs010;jvs014;jvs033;jvs040;jvs041;jvs046;jvs051;jvs054;jvs055;jvs056;jvs061;jvs065;jvs066;jvs070;jvs074;jvs085;jvs092,m1_om,0,copied_from_identity_residual_metric_robustness_2026-07-13
JVS_JVSMuSiC,wavlm_l12,12,73,cos_o0_query,cosine,zero,query,none,f248b51c33312281d532,0.4,0.8,0.5837388306138306,3.9,2.0,0.8027631578947368,0.25,0.9958275883691987,0.0017350108383746151,0.9936207064312365,0.0024828522469607576,0.0022068819379622573,20,380,dev_speakers,0.9971402545035781,0.007894736842105263,0.2,,,jvs001;jvs002;jvs005;jvs006;jvs009;jvs011;jvs012;jvs013;jvs017;jvs018;jvs019;jvs020;jvs021;jvs023;jvs025;jvs026;jvs027;jvs032;jvs034;jvs035;jvs036;jvs037;jvs038;jvs039;jvs042;jvs043;jvs048;jvs050;jvs052;jvs058;jvs059;jvs062;jvs063;jvs064;jvs067;jvs068;jvs069;jvs071;jvs072;jvs076;jvs077;jvs079;jvs080;jvs081;jvs082;jvs083;jvs084;jvs086;jvs087;jvs088;jvs089;jvs090;jvs091;jvs094;jvs095;jvs096;jvs097;jvs098;jvs099;jvs100,jvs003;jvs015;jvs016;jvs022;jvs024;jvs028;jvs029;jvs030;jvs031;jvs044;jvs045;jvs047;jvs049;jvs053;jvs057;jvs060;jvs073;jvs075;jvs078;jvs093,jvs004;jvs007;jvs008;jvs010;jvs014;jvs033;jvs040;jvs041;jvs046;jvs051;jvs054;jvs055;jvs056;jvs061;jvs065;jvs066;jvs070;jvs074;jvs085;jvs092,m1_o0,1,copied_from_identity_residual_metric_robustness_2026-07-13
JVS_JVSMuSiC,wavlm_l12,12,79,wcos_diag_none,diagonal_whitened_cosine,pooled_train_midpoint,none,diagonal_variance,022bc005803c6019d05b,0.35,0.65,0.5047519841269842,4.35,3.0,0.7906578947368421,0.2934210526315789,-0.19756664086122241,0.15849220904377823,-0.34772990538085186,0.12854752774393813,0.15016326451962944,20,380,w1_no_operating_threshold,nan,nan,nan,,,,,,,,
JVS_JVSMuSiC,wavlm_l12,12,79,wcos_diag_query,diagonal_whitened_cosine,pooled_train_midpoint,query,diagonal_variance,022bc005803c6019d05b,0.45,0.7,0.565297619047619,3.9,2.5,0.828421052631579,0.25,0.527034454163881,0.12522242145342402,0.3771109620093512,0.1290798870636782,0.14992349215452977,20,380,w1_no_operating_threshold,nan,nan,nan,,,,,,,,
JVS_JVSMuSiC,wavlm_l12,12,79,wcos_oas_none,oas_whitened_cosine,pooled_train_midpoint,none,OAS,2a65a07b904a2f84890b,0.65,1.0,0.7875,1.6,1.0,0.969078947368421,0.1,0.16134560016311952,0.05843637469541525,-0.001445765715099167,0.06855649913302364,0.16279136587821869,20,380,w1_no_operating_threshold,nan,nan,nan,,,,,,,,
JVS_JVSMuSiC,wavlm_l12,12,79,wcos_oas_query,oas_whitened_cosine,pooled_train_midpoint,query,OAS,2a65a07b904a2f84890b,0.65,1.0,0.7875,1.6,1.0,0.969078947368421,0.1,0.16243641033770298,0.05850809519363965,-0.00035676653528859693,0.06854195035978401,0.16279317687299158,20,380,w1_no_operating_threshold,nan,nan,nan,,,,,,,,
JVS_JVSMuSiC,wavlm_l12,12,79,cos_om_none,cosine,pooled_train_midpoint,none,none,c0a6e9b5f2b6e3ca8def,0.1,0.6,0.2699702380952381,5.5,5.0,0.7335526315789473,0.3394736842105263,-0.5039859114613484,0.18031823862381915,-0.6259859447328506,0.1349629889856752,0.12200003327150222,20,380,dev_speakers,-0.19909356687929539,0.007894736842105263,0.1,,,jvs001;jvs002;jvs003;jvs006;jvs007;jvs010;jvs011;jvs012;jvs014;jvs016;jvs018;jvs019;jvs021;jvs022;jvs023;jvs028;jvs029;jvs032;jvs033;jvs034;jvs035;jvs036;jvs037;jvs038;jvs040;jvs047;jvs048;jvs049;jvs050;jvs051;jvs052;jvs053;jvs055;jvs056;jvs057;jvs059;jvs060;jvs062;jvs063;jvs064;jvs065;jvs068;jvs070;jvs072;jvs073;jvs074;jvs075;jvs076;jvs079;jvs080;jvs081;jvs082;jvs086;jvs087;jvs092;jvs093;jvs094;jvs097;jvs098;jvs100,jvs004;jvs005;jvs008;jvs009;jvs020;jvs024;jvs025;jvs026;jvs039;jvs041;jvs043;jvs044;jvs069;jvs077;jvs078;jvs084;jvs088;jvs089;jvs095;jvs099,jvs013;jvs015;jvs017;jvs027;jvs030;jvs031;jvs042;jvs045;jvs046;jvs054;jvs058;jvs061;jvs066;jvs067;jvs071;jvs083;jvs085;jvs090;jvs091;jvs096,m1_om,0,copied_from_identity_residual_metric_robustness_2026-07-13
JVS_JVSMuSiC,wavlm_l12,12,79,cos_o0_query,cosine,zero,query,none,c0a6e9b5f2b6e3ca8def,0.3,0.65,0.461395757020757,5.05,3.5,0.7396052631578948,0.35,0.994639342504281,0.002860910180844548,0.9919256265980697,0.004059335835386362,0.002713715906211278,20,380,dev_speakers,0.9968058992756783,0.007894736842105263,0.2,,,jvs001;jvs002;jvs003;jvs006;jvs007;jvs010;jvs011;jvs012;jvs014;jvs016;jvs018;jvs019;jvs021;jvs022;jvs023;jvs028;jvs029;jvs032;jvs033;jvs034;jvs035;jvs036;jvs037;jvs038;jvs040;jvs047;jvs048;jvs049;jvs050;jvs051;jvs052;jvs053;jvs055;jvs056;jvs057;jvs059;jvs060;jvs062;jvs063;jvs064;jvs065;jvs068;jvs070;jvs072;jvs073;jvs074;jvs075;jvs076;jvs079;jvs080;jvs081;jvs082;jvs086;jvs087;jvs092;jvs093;jvs094;jvs097;jvs098;jvs100,jvs004;jvs005;jvs008;jvs009;jvs020;jvs024;jvs025;jvs026;jvs039;jvs041;jvs043;jvs044;jvs069;jvs077;jvs078;jvs084;jvs088;jvs089;jvs095;jvs099,jvs013;jvs015;jvs017;jvs027;jvs030;jvs031;jvs042;jvs045;jvs046;jvs054;jvs058;jvs061;jvs066;jvs067;jvs071;jvs083;jvs085;jvs090;jvs091;jvs096,m1_o0,1,copied_from_identity_residual_metric_robustness_2026-07-13
JVS_JVSMuSiC,wavlm_l12,12,83,wcos_diag_none,diagonal_whitened_cosine,pooled_train_midpoint,none,diagonal_variance,4487d91c606ab423a4fc,0.3,0.8,0.5076388888888889,3.55,2.5,0.8493421052631579,0.25,-0.14803221463110056,0.155574671545363,-0.3425725986303129,0.1350337107196161,0.19454038399921236,20,380,w1_no_operating_threshold,nan,nan,nan,,,,,,,,
JVS_JVSMuSiC,wavlm_l12,12,83,wcos_diag_query,diagonal_whitened_cosine,pooled_train_midpoint,query,diagonal_variance,4487d91c606ab423a4fc,0.4,0.8,0.5674404761904761,3.45,2.0,0.8606578947368421,0.15526315789473683,0.5347226019442542,0.12073942671582714,0.3449468386951278,0.13848284738340189,0.18977576324912643,20,380,w1_no_operating_threshold,nan,nan,nan,,,,,,,,
JVS_JVSMuSiC,wavlm_l12,12,83,wcos_oas_none,oas_whitened_cosine,pooled_train_midpoint,none,OAS,e4452d448fbd186726f8,0.65,0.8,0.7321428571428571,2.55,1.0,0.921578947368421,0.15921052631578947,0.16256053151223906,0.08296203260694968,-0.002059629200099511,0.07543773316169723,0.16462016071233856,20,380,w1_no_operating_threshold,nan,nan,nan,,,,,,,,
JVS_JVSMuSiC,wavlm_l12,12,83,wcos_oas_query,oas_whitened_cosine,pooled_train_midpoint,query,OAS,e4452d448fbd186726f8,0.65,0.8,0.7321428571428571,2.55,1.0,0.921578947368421,0.15789473684210525,0.1637625222626548,0.08299698797966838,-0.0008535311942249071,0.07544512548277797,0.1646160534568797,20,380,w1_no_operating_threshold,nan,nan,nan,,,,,,,,
JVS_JVSMuSiC,wavlm_l12,12,83,cos_om_none,cosine,pooled_train_midpoint,none,none,ef4bd9276c131f3d8177,0.25,0.6,0.4291666666666667,4.3,4.0,0.8015789473684211,0.25921052631578945,-0.4422002036931814,0.15827208761876146,-0.6028475810305316,0.12901202969502035,0.16064737733735018,20,380,dev_speakers,-0.23917838894218688,0.007894736842105263,0.1,,,jvs002;jvs003;jvs004;jvs005;jvs010;jvs011;jvs013;jvs014;jvs017;jvs018;jvs019;jvs022;jvs024;jvs025;jvs026;jvs029;jvs030;jvs033;jvs034;jvs035;jvs037;jvs039;jvs040;jvs043;jvs044;jvs046;jvs047;jvs048;jvs049;jvs050;jvs051;jvs052;jvs054;jvs055;jvs057;jvs058;jvs060;jvs061;jvs062;jvs063;jvs064;jvs065;jvs068;jvs069;jvs070;jvs073;jvs074;jvs078;jvs079;jvs082;jvs083;jvs084;jvs087;jvs088;jvs089;jvs090;jvs092;jvs096;jvs097;jvs099,jvs007;jvs008;jvs015;jvs016;jvs020;jvs021;jvs023;jvs031;jvs032;jvs041;jvs042;jvs045;jvs056;jvs066;jvs067;jvs075;jvs080;jvs091;jvs093;jvs098,jvs001;jvs006;jvs009;jvs012;jvs027;jvs028;jvs036;jvs038;jvs053;jvs059;jvs071;jvs072;jvs076;jvs077;jvs081;jvs085;jvs086;jvs094;jvs095;jvs100,m1_om,0,copied_from_identity_residual_metric_robustness_2026-07-13
JVS_JVSMuSiC,wavlm_l12,12,83,cos_o0_query,cosine,zero,query,none,ef4bd9276c131f3d8177,0.4,0.85,0.5871794871794871,3.1,2.0,0.8448684210526316,0.2,0.9951034635304389,0.002413156749075107,0.9918574571307579,0.0034464428690341204,0.0032460063996809785,20,380,dev_speakers,0.9972259418632857,0.007894736842105263,0.1,,,jvs002;jvs003;jvs004;jvs005;jvs010;jvs011;jvs013;jvs014;jvs017;jvs018;jvs019;jvs022;jvs024;jvs025;jvs026;jvs029;jvs030;jvs033;jvs034;jvs035;jvs037;jvs039;jvs040;jvs043;jvs044;jvs046;jvs047;jvs048;jvs049;jvs050;jvs051;jvs052;jvs054;jvs055;jvs057;jvs058;jvs060;jvs061;jvs062;jvs063;jvs064;jvs065;jvs068;jvs069;jvs070;jvs073;jvs074;jvs078;jvs079;jvs082;jvs083;jvs084;jvs087;jvs088;jvs089;jvs090;jvs092;jvs096;jvs097;jvs099,jvs007;jvs008;jvs015;jvs016;jvs020;jvs021;jvs023;jvs031;jvs032;jvs041;jvs042;jvs045;jvs056;jvs066;jvs067;jvs075;jvs080;jvs091;jvs093;jvs098,jvs001;jvs006;jvs009;jvs012;jvs027;jvs028;jvs036;jvs038;jvs053;jvs059;jvs071;jvs072;jvs076;jvs077;jvs081;jvs085;jvs086;jvs094;jvs095;jvs100,m1_o0,1,copied_from_identity_residual_metric_robustness_2026-07-13
JVS_JVSMuSiC,wavlm_l12,12,89,wcos_diag_none,diagonal_whitened_cosine,pooled_train_midpoint,none,diagonal_variance,e29fabf1e60fd2deafbc,0.3,0.75,0.5018300653594772,4.1,2.5,0.8122368421052631,0.25,-0.2516741002046757,0.14359827031103084,-0.39272665831818127,0.10750030187113493,0.1410525581135056,20,380,w1_no_operating_threshold,nan,nan,nan,,,,,,,,
JVS_JVSMuSiC,wavlm_l12,12,89,wcos_diag_query,diagonal_whitened_cosine,pooled_train_midpoint,query,diagonal_variance,e29fabf1e60fd2deafbc,0.4,0.75,0.5566883116883117,3.95,2.0,0.8403947368421053,0.20921052631578949,0.5332858408379901,0.09513347733056683,0.3905813811420047,0.1101944832445069,0.14270445969598544,20,380,w1_no_operating_threshold,nan,nan,nan,,,,,,,,
JVS_JVSMuSiC,wavlm_l12,12,89,wcos_oas_none,oas_whitened_cosine,pooled_train_midpoint,none,OAS,25638ef4143116c3b2c0,0.7,1.0,0.8083333333333332,1.6,1.0,0.955,0.14605263157894738,0.16832083640760293,0.0621733994921934,0.009279826572318864,0.07343773962528984,0.15904100983528408,20,380,w1_no_operating_threshold,nan,nan,nan,,,,,,,,
JVS_JVSMuSiC,wavlm_l12,12,89,wcos_oas_query,oas_whitened_cosine,pooled_train_midpoint,query,OAS,25638ef4143116c3b2c0,0.7,1.0,0.8083333333333332,1.6,1.0,0.9552631578947368,0.14605263157894738,0.16960679897695824,0.06215227304659134,0.010565715759438024,0.0734449290737689,0.15904108321752022,20,380,w1_no_operating_threshold,nan,nan,nan,,,,,,,,
JVS_JVSMuSiC,wavlm_l12,12,89,cos_om_none,cosine,pooled_train_midpoint,none,none,45727713a213aee03243,0.15,0.7,0.3666804029304029,5.6,4.0,0.7344736842105263,0.3,-0.5485665602191175,0.15902462605698364,-0.6656321376828148,0.10143104246332564,0.11706557746369728,20,380,dev_speakers,-0.3338865242097646,0.007894736842105263,0.1,,,jvs001;jvs002;jvs003;jvs005;jvs008;jvs009;jvs010;jvs013;jvs014;jvs015;jvs016;jvs018;jvs019;jvs021;jvs024;jvs025;jvs026;jvs028;jvs029;jvs030;jvs031;jvs033;jvs036;jvs037;jvs038;jvs042;jvs043;jvs044;jvs046;jvs047;jvs049;jvs052;jvs054;jvs056;jvs058;jvs060;jvs061;jvs063;jvs064;jvs065;jvs067;jvs071;jvs072;jvs073;jvs074;jvs076;jvs078;jvs079;jvs080;jvs081;jvs083;jvs084;jvs085;jvs086;jvs091;jvs094;jvs095;jvs096;jvs099;jvs100,jvs020;jvs022;jvs034;jvs039;jvs040;jvs041;jvs045;jvs048;jvs051;jvs053;jvs055;jvs069;jvs070;jvs077;jvs082;jvs087;jvs088;jvs090;jvs093;jvs098,jvs004;jvs006;jvs007;jvs011;jvs012;jvs017;jvs023;jvs027;jvs032;jvs035;jvs050;jvs057;jvs059;jvs062;jvs066;jvs068;jvs075;jvs089;jvs092;jvs097,m1_om,0,copied_from_identity_residual_metric_robustness_2026-07-13
JVS_JVSMuSiC,wavlm_l12,12,89,cos_o0_query,cosine,zero,query,none,45727713a213aee03243,0.3,0.75,0.4904334554334554,3.9,3.0,0.7994736842105263,0.256578947368421,0.9957988519539756,0.001423791093604672,0.9935406985287429,0.0023191998747084373,0.002258153425232612,20,380,dev_speakers,0.9972736078594244,0.007894736842105263,0.2,,,jvs001;jvs002;jvs003;jvs005;jvs008;jvs009;jvs010;jvs013;jvs014;jvs015;jvs016;jvs018;jvs019;jvs021;jvs024;jvs025;jvs026;jvs028;jvs029;jvs030;jvs031;jvs033;jvs036;jvs037;jvs038;jvs042;jvs043;jvs044;jvs046;jvs047;jvs049;jvs052;jvs054;jvs056;jvs058;jvs060;jvs061;jvs063;jvs064;jvs065;jvs067;jvs071;jvs072;jvs073;jvs074;jvs076;jvs078;jvs079;jvs080;jvs081;jvs083;jvs084;jvs085;jvs086;jvs091;jvs094;jvs095;jvs096;jvs099;jvs100,jvs020;jvs022;jvs034;jvs039;jvs040;jvs041;jvs045;jvs048;jvs051;jvs053;jvs055;jvs069;jvs070;jvs077;jvs082;jvs087;jvs088;jvs090;jvs093;jvs098,jvs004;jvs006;jvs007;jvs011;jvs012;jvs017;jvs023;jvs027;jvs032;jvs035;jvs050;jvs057;jvs059;jvs062;jvs066;jvs068;jvs075;jvs089;jvs092;jvs097,m1_o0,1,copied_from_identity_residual_metric_robustness_2026-07-13
JVS_JVSMuSiC,wavlm_l12,12,97,wcos_diag_none,diagonal_whitened_cosine,pooled_train_midpoint,none,diagonal_variance,7b88bfca1225d4844e77,0.4,0.85,0.5854761904761905,2.75,2.0,0.8247368421052632,0.256578947368421,-0.24739101406660313,0.1093491212725721,-0.38514300615459407,0.10261106219599937,0.13775199208799094,20,380,w1_no_operating_threshold,nan,nan,nan,,,,,,,,
JVS_JVSMuSiC,wavlm_l12,12,97,wcos_diag_query,diagonal_whitened_cosine,pooled_train_midpoint,query,diagonal_variance,7b88bfca1225d4844e77,0.3,0.85,0.5238888888888888,3.0,2.5,0.8630263157894736,0.23815789473684212,0.517948926993725,0.0538452709050027,0.37821850981184635,0.1113287181110763,0.13973041718187862,20,380,w1_no_operating_threshold,nan,nan,nan,,,,,,,,
JVS_JVSMuSiC,wavlm_l12,12,97,wcos_oas_none,oas_whitened_cosine,pooled_train_midpoint,none,OAS,5920ed70106029e803bb,0.65,0.95,0.7671428571428571,1.95,1.0,0.9451315789473684,0.15,0.1934513541927403,0.08627642104510294,0.006224169656153949,0.07879992346398601,0.18722718453658635,20,380,w1_no_operating_threshold,nan,nan,nan,,,,,,,,
JVS_JVSMuSiC,wavlm_l12,12,97,wcos_oas_query,oas_whitened_cosine,pooled_train_midpoint,query,OAS,5920ed70106029e803bb,0.65,0.95,0.7671428571428571,1.95,1.0,0.9451315789473684,0.15,0.19458101187695456,0.08617045080387116,0.007342151597976162,0.07879562623830463,0.1872388602789784,20,380,w1_no_operating_threshold,nan,nan,nan,,,,,,,,
JVS_JVSMuSiC,wavlm_l12,12,97,cos_om_none,cosine,pooled_train_midpoint,none,none,9497c8b0cca28b27fc83,0.2,0.6,0.39684398934398935,5.15,3.0,0.7477631578947368,0.3,-0.5320988090722473,0.14646021057632175,-0.6473662876506672,0.11036831435655575,0.1152674785784199,20,380,dev_speakers,-0.07016535420938692,0.007894736842105263,0.05,,,jvs003;jvs004;jvs005;jvs006;jvs007;jvs008;jvs009;jvs010;jvs011;jvs013;jvs014;jvs015;jvs017;jvs018;jvs021;jvs022;jvs023;jvs024;jvs026;jvs029;jvs030;jvs032;jvs034;jvs035;jvs037;jvs038;jvs039;jvs040;jvs043;jvs045;jvs048;jvs049;jvs050;jvs051;jvs052;jvs054;jvs055;jvs057;jvs058;jvs059;jvs066;jvs067;jvs068;jvs069;jvs072;jvs073;jvs074;jvs077;jvs080;jvs081;jvs082;jvs083;jvs086;jvs087;jvs089;jvs090;jvs093;jvs094;jvs096;jvs099,jvs001;jvs002;jvs012;jvs016;jvs027;jvs036;jvs042;jvs053;jvs061;jvs065;jvs070;jvs071;jvs075;jvs076;jvs079;jvs084;jvs091;jvs092;jvs095;jvs098,jvs019;jvs020;jvs025;jvs028;jvs031;jvs033;jvs041;jvs044;jvs046;jvs047;jvs056;jvs060;jvs062;jvs063;jvs064;jvs078;jvs085;jvs088;jvs097;jvs100,m1_om,0,copied_from_identity_residual_metric_robustness_2026-07-13
JVS_JVSMuSiC,wavlm_l12,12,97,cos_o0_query,cosine,zero,query,none,9497c8b0cca28b27fc83,0.3,0.7,0.4906349206349206,4.4,3.0,0.8105263157894737,0.2934210526315789,0.9954864144505132,0.0012111657541791366,0.9933997892821604,0.0020184099233256955,0.0020866251683527848,20,380,dev_speakers,0.9970554747750625,0.007894736842105263,0.1,,,jvs003;jvs004;jvs005;jvs006;jvs007;jvs008;jvs009;jvs010;jvs011;jvs013;jvs014;jvs015;jvs017;jvs018;jvs021;jvs022;jvs023;jvs024;jvs026;jvs029;jvs030;jvs032;jvs034;jvs035;jvs037;jvs038;jvs039;jvs040;jvs043;jvs045;jvs048;jvs049;jvs050;jvs051;jvs052;jvs054;jvs055;jvs057;jvs058;jvs059;jvs066;jvs067;jvs068;jvs069;jvs072;jvs073;jvs074;jvs077;jvs080;jvs081;jvs082;jvs083;jvs086;jvs087;jvs089;jvs090;jvs093;jvs094;jvs096;jvs099,jvs001;jvs002;jvs012;jvs016;jvs027;jvs036;jvs042;jvs053;jvs061;jvs065;jvs070;jvs071;jvs075;jvs076;jvs079;jvs084;jvs091;jvs092;jvs095;jvs098,jvs019;jvs020;jvs025;jvs028;jvs031;jvs033;jvs041;jvs044;jvs046;jvs047;jvs056;jvs060;jvs062;jvs063;jvs064;jvs078;jvs085;jvs088;jvs097;jvs100,m1_o0,1,copied_from_identity_residual_metric_robustness_2026-07-13
JVS_JVSMuSiC,hubert_l6,6,13,wcos_diag_none,diagonal_whitened_cosine,pooled_train_midpoint,none,diagonal_variance,1620bf3f3b3febc22011,0.45,0.9,0.6499621212121213,2.6,2.0,0.9157894736842105,0.2,-0.09945679917307046,0.09935095213818212,-0.28861309434539656,0.0937851996937388,0.1891562951723261,20,380,w1_no_operating_threshold,nan,nan,nan,,,,,,,,
JVS_JVSMuSiC,hubert_l6,6,13,wcos_diag_query,diagonal_whitened_cosine,pooled_train_midpoint,query,diagonal_variance,1620bf3f3b3febc22011,0.75,1.0,0.8241666666666667,1.7,1.0,0.9438157894736842,0.1473684210526316,0.49164612321141393,0.0824996818216411,0.29710080178139564,0.09648980409676718,0.1945453214300183,20,380,w1_no_operating_threshold,nan,nan,nan,,,,,,,,
JVS_JVSMuSiC,hubert_l6,6,13,wcos_oas_none,oas_whitened_cosine,pooled_train_midpoint,none,OAS,6333fac062ee52e21663,0.95,1.0,0.975,1.05,1.0,0.9997368421052631,0.002631578947368421,0.2688275285951679,0.0809373382762985,0.006125247152385991,0.06167683773344154,0.2627022814427819,20,380,w1_no_operating_threshold,nan,nan,nan,,,,,,,,
JVS_JVSMuSiC,hubert_l6,6,13,wcos_oas_query,oas_whitened_cosine,pooled_train_midpoint,query,OAS,6333fac062ee52e21663,0.95,1.0,0.975,1.05,1.0,0.9997368421052631,0.002631578947368421,0.26933357981469475,0.08087912284423365,0.0066249653387331076,0.061671368213568035,0.2627086144759616,20,380,w1_no_operating_threshold,nan,nan,nan,,,,,,,,
JVS_JVSMuSiC,hubert_l6,6,13,cos_om_none,cosine,pooled_train_midpoint,none,none,d04b81a565ba6df0ad30,0.25,0.95,0.5599999999999999,2.35,2.0,0.8835526315789474,0.2,-0.31502807583318376,0.13304408909590132,-0.5207221423838385,0.12355901657314508,0.20569406655065475,20,380,dev_speakers,0.11106227489005277,0.007894736842105263,0.0,,,jvs001;jvs002;jvs007;jvs008;jvs014;jvs016;jvs017;jvs018;jvs021;jvs023;jvs024;jvs026;jvs028;jvs029;jvs030;jvs031;jvs033;jvs034;jvs035;jvs037;jvs038;jvs039;jvs040;jvs045;jvs046;jvs048;jvs050;jvs052;jvs053;jvs054;jvs055;jvs056;jvs060;jvs062;jvs064;jvs065;jvs066;jvs067;jvs069;jvs070;jvs073;jvs074;jvs077;jvs078;jvs079;jvs081;jvs082;jvs084;jvs085;jvs087;jvs088;jvs090;jvs091;jvs092;jvs093;jvs094;jvs096;jvs098;jvs099;jvs100,jvs003;jvs004;jvs009;jvs011;jvs012;jvs013;jvs015;jvs025;jvs036;jvs043;jvs047;jvs049;jvs051;jvs059;jvs068;jvs071;jvs075;jvs080;jvs083;jvs089,jvs005;jvs006;jvs010;jvs019;jvs020;jvs022;jvs027;jvs032;jvs041;jvs042;jvs044;jvs057;jvs058;jvs061;jvs063;jvs072;jvs076;jvs086;jvs095;jvs097,m1_om,0,copied_from_identity_residual_metric_robustness_2026-07-13
JVS_JVSMuSiC,hubert_l6,6,13,cos_o0_query,cosine,zero,query,none,d04b81a565ba6df0ad30,0.7,0.9,0.79875,2.1,1.0,0.906578947368421,0.15921052631578947,0.994058709743261,0.0019695405666882632,0.9893123411715617,0.0036236351850688782,0.0047463685716993,20,380,dev_speakers,0.9949400939583529,0.007894736842105263,0.4,,,jvs001;jvs002;jvs007;jvs008;jvs014;jvs016;jvs017;jvs018;jvs021;jvs023;jvs024;jvs026;jvs028;jvs029;jvs030;jvs031;jvs033;jvs034;jvs035;jvs037;jvs038;jvs039;jvs040;jvs045;jvs046;jvs048;jvs050;jvs052;jvs053;jvs054;jvs055;jvs056;jvs060;jvs062;jvs064;jvs065;jvs066;jvs067;jvs069;jvs070;jvs073;jvs074;jvs077;jvs078;jvs079;jvs081;jvs082;jvs084;jvs085;jvs087;jvs088;jvs090;jvs091;jvs092;jvs093;jvs094;jvs096;jvs098;jvs099;jvs100,jvs003;jvs004;jvs009;jvs011;jvs012;jvs013;jvs015;jvs025;jvs036;jvs043;jvs047;jvs049;jvs051;jvs059;jvs068;jvs071;jvs075;jvs080;jvs083;jvs089,jvs005;jvs006;jvs010;jvs019;jvs020;jvs022;jvs027;jvs032;jvs041;jvs042;jvs044;jvs057;jvs058;jvs061;jvs063;jvs072;jvs076;jvs086;jvs095;jvs097,m1_o0,1,copied_from_identity_residual_metric_robustness_2026-07-13
JVS_JVSMuSiC,hubert_l6,6,17,wcos_diag_none,diagonal_whitened_cosine,pooled_train_midpoint,none,diagonal_variance,9e5b16e914257a2cba12,0.3,0.8,0.5069444444444444,3.55,2.5,0.8557894736842105,0.25263157894736843,-0.10483242865541176,0.14166676862980873,-0.28726879660487037,0.1082866853076396,0.1824363679494586,20,380,w1_no_operating_threshold,nan,nan,nan,,,,,,,,
JVS_JVSMuSiC,hubert_l6,6,17,wcos_diag_query,diagonal_whitened_cosine,pooled_train_midpoint,query,diagonal_variance,9e5b16e914257a2cba12,0.65,1.0,0.7591666666666667,1.95,1.0,0.9497368421052632,0.1118421052631579,0.48826970339780973,0.06653480013989109,0.3026178496133242,0.09625001344309561,0.1856518537844855,20,380,w1_no_operating_threshold,nan,nan,nan,,,,,,,,
JVS_JVSMuSiC,hubert_l6,6,17,wcos_oas_none,oas_whitened_cosine,pooled_train_midpoint,none,OAS,150d27b5210223e50aec,1.0,1.0,1.0,1.0,1.0,0.9993421052631579,0.005263157894736842,0.2645745544680016,0.06798710360909246,0.007188027736162934,0.06458281207049664,0.25738652673183865,20,380,w1_no_operating_threshold,nan,nan,nan,,,,,,,,
JVS_JVSMuSiC,hubert_l6,6,17,wcos_oas_query,oas_whitened_cosine,pooled_train_midpoint,query,OAS,150d27b5210223e50aec,1.0,1.0,1.0,1.0,1.0,0.9993421052631579,0.005263157894736842,0.26506393054575317,0.06794788353505501,0.007673976399105756,0.0645679555364299,0.2573899541466474,20,380,w1_no_operating_threshold,nan,nan,nan,,,,,,,,
JVS_JVSMuSiC,hubert_l6,6,17,cos_om_none,cosine,pooled_train_midpoint,none,none,8a8fa3a992fc976307b4,0.35,0.75,0.5091883116883117,3.75,3.5,0.8435526315789473,0.25,-0.32392115084968465,0.14645967617182923,-0.519488359559968,0.1230725115144914,0.19556720871028332,20,380,dev_speakers,-0.022666071152420593,0.007894736842105263,0.05,,,jvs003;jvs006;jvs008;jvs012;jvs013;jvs014;jvs015;jvs016;jvs017;jvs018;jvs019;jvs020;jvs021;jvs022;jvs023;jvs024;jvs027;jvs028;jvs029;jvs031;jvs032;jvs033;jvs035;jvs036;jvs039;jvs041;jvs043;jvs044;jvs046;jvs047;jvs049;jvs051;jvs052;jvs053;jvs054;jvs055;jvs058;jvs059;jvs061;jvs062;jvs064;jvs066;jvs067;jvs068;jvs070;jvs071;jvs072;jvs074;jvs077;jvs078;jvs079;jvs081;jvs084;jvs085;jvs088;jvs094;jvs095;jvs098;jvs099;jvs100,jvs001;jvs004;jvs005;jvs007;jvs009;jvs010;jvs025;jvs026;jvs034;jvs037;jvs038;jvs045;jvs057;jvs060;jvs082;jvs087;jvs089;jvs092;jvs093;jvs096,jvs002;jvs011;jvs030;jvs040;jvs042;jvs048;jvs050;jvs056;jvs063;jvs065;jvs069;jvs073;jvs075;jvs076;jvs080;jvs083;jvs086;jvs090;jvs091;jvs097,m1_om,0,copied_from_identity_residual_metric_robustness_2026-07-13
JVS_JVSMuSiC,hubert_l6,6,17,cos_o0_query,cosine,zero,query,none,8a8fa3a992fc976307b4,0.65,0.95,0.7584649122807018,2.55,1.0,0.8938157894736842,0.1618421052631579,0.9942068113518392,0.002092680445792022,0.989923655095484,0.003287802135065683,0.004283156256355225,20,380,dev_speakers,0.9952230646699309,0.007894736842105263,0.3,,,jvs003;jvs006;jvs008;jvs012;jvs013;jvs014;jvs015;jvs016;jvs017;jvs018;jvs019;jvs020;jvs021;jvs022;jvs023;jvs024;jvs027;jvs028;jvs029;jvs031;jvs032;jvs033;jvs035;jvs036;jvs039;jvs041;jvs043;jvs044;jvs046;jvs047;jvs049;jvs051;jvs052;jvs053;jvs054;jvs055;jvs058;jvs059;jvs061;jvs062;jvs064;jvs066;jvs067;jvs068;jvs070;jvs071;jvs072;jvs074;jvs077;jvs078;jvs079;jvs081;jvs084;jvs085;jvs088;jvs094;jvs095;jvs098;jvs099;jvs100,jvs001;jvs004;jvs005;jvs007;jvs009;jvs010;jvs025;jvs026;jvs034;jvs037;jvs038;jvs045;jvs057;jvs060;jvs082;jvs087;jvs089;jvs092;jvs093;jvs096,jvs002;jvs011;jvs030;jvs040;jvs042;jvs048;jvs050;jvs056;jvs063;jvs065;jvs069;jvs073;jvs075;jvs076;jvs080;jvs083;jvs086;jvs090;jvs091;jvs097,m1_o0,1,copied_from_identity_residual_metric_robustness_2026-07-13
JVS_JVSMuSiC,hubert_l6,6,19,wcos_diag_none,diagonal_whitened_cosine,pooled_train_midpoint,none,diagonal_variance,951ea68b9650068f8ccd,0.45,0.95,0.6419047619047619,2.7,2.0,0.8472368421052632,0.23815789473684212,-0.1332889022369121,0.14413795225185264,-0.31153067384813155,0.1272021444413107,0.17824177161121946,20,380,w1_no_operating_threshold,nan,nan,nan,,,,,,,,
JVS_JVSMuSiC,hubert_l6,6,19,wcos_diag_query,diagonal_whitened_cosine,pooled_train_midpoint,query,diagonal_variance,951ea68b9650068f8ccd,0.75,1.0,0.8091666666666667,1.85,1.0,0.9336842105263158,0.15,0.5150293485436335,0.07323003534411801,0.3361892692630495,0.09787645967852758,0.17884007928058399,20,380,w1_no_operating_threshold,nan,nan,nan,,,,,,,,
JVS_JVSMuSiC,hubert_l6,6,19,wcos_oas_none,oas_whitened_cosine,pooled_train_midpoint,none,OAS,962ccc472b536ec66338,0.95,1.0,0.9625,1.15,1.0,0.9872368421052632,0.09736842105263158,0.25220553929572087,0.08833363930573516,0.0013195924957383146,0.06646536651204582,0.25088594679998255,20,380,w1_no_operating_threshold,nan,nan,nan,,,,,,,,
JVS_JVSMuSiC,hubert_l6,6,19,wcos_oas_query,oas_whitened_cosine,pooled_train_midpoint,query,OAS,962ccc472b536ec66338,0.95,1.0,0.9625,1.15,1.0,0.9872368421052632,0.09736842105263158,0.25270910213038983,0.0883220148287944,0.0018138045685116859,0.06645599061765663,0.2508952975618781,20,380,w1_no_operating_threshold,nan,nan,nan,,,,,,,,
JVS_JVSMuSiC,hubert_l6,6,19,cos_om_none,cosine,pooled_train_midpoint,none,none,15e27aefbb3620175e01,0.15,0.7,0.37022292250233424,4.75,4.5,0.7893421052631578,0.29736842105263156,-0.34562738147051664,0.182432372520104,-0.5314621329163888,0.16274346415092197,0.18583475144587214,20,380,dev_speakers,-0.15652419880804022,0.007894736842105263,0.15,,,jvs001;jvs002;jvs004;jvs005;jvs006;jvs007;jvs008;jvs011;jvs016;jvs017;jvs018;jvs019;jvs020;jvs022;jvs025;jvs026;jvs027;jvs029;jvs031;jvs032;jvs033;jvs035;jvs036;jvs037;jvs038;jvs041;jvs043;jvs045;jvs047;jvs048;jvs053;jvs054;jvs058;jvs060;jvs061;jvs063;jvs064;jvs066;jvs067;jvs068;jvs069;jvs070;jvs071;jvs074;jvs076;jvs078;jvs079;jvs081;jvs082;jvs085;jvs087;jvs089;jvs091;jvs093;jvs094;jvs095;jvs096;jvs097;jvs098;jvs100,jvs010;jvs012;jvs013;jvs014;jvs015;jvs021;jvs024;jvs028;jvs034;jvs042;jvs044;jvs049;jvs050;jvs057;jvs059;jvs072;jvs075;jvs077;jvs086;jvs090,jvs003;jvs009;jvs023;jvs030;jvs039;jvs040;jvs046;jvs051;jvs052;jvs055;jvs056;jvs062;jvs065;jvs073;jvs080;jvs083;jvs084;jvs088;jvs092;jvs099,m1_om,0,copied_from_identity_residual_metric_robustness_2026-07-13
JVS_JVSMuSiC,hubert_l6,6,19,cos_o0_query,cosine,zero,query,none,15e27aefbb3620175e01,0.5,0.95,0.6644444444444444,2.8,1.5,0.8656578947368421,0.18947368421052632,0.9930898044477171,0.004416112060973497,0.9886546920662639,0.006466019197657693,0.004435112381453221,20,380,dev_speakers,0.9940859289298863,0.007894736842105263,0.5,,,jvs001;jvs002;jvs004;jvs005;jvs006;jvs007;jvs008;jvs011;jvs016;jvs017;jvs018;jvs019;jvs020;jvs022;jvs025;jvs026;jvs027;jvs029;jvs031;jvs032;jvs033;jvs035;jvs036;jvs037;jvs038;jvs041;jvs043;jvs045;jvs047;jvs048;jvs053;jvs054;jvs058;jvs060;jvs061;jvs063;jvs064;jvs066;jvs067;jvs068;jvs069;jvs070;jvs071;jvs074;jvs076;jvs078;jvs079;jvs081;jvs082;jvs085;jvs087;jvs089;jvs091;jvs093;jvs094;jvs095;jvs096;jvs097;jvs098;jvs100,jvs010;jvs012;jvs013;jvs014;jvs015;jvs021;jvs024;jvs028;jvs034;jvs042;jvs044;jvs049;jvs050;jvs057;jvs059;jvs072;jvs075;jvs077;jvs086;jvs090,jvs003;jvs009;jvs023;jvs030;jvs039;jvs040;jvs046;jvs051;jvs052;jvs055;jvs056;jvs062;jvs065;jvs073;jvs080;jvs083;jvs084;jvs088;jvs092;jvs099,m1_o0,1,copied_from_identity_residual_metric_robustness_2026-07-13
JVS_JVSMuSiC,hubert_l6,6,23,wcos_diag_none,diagonal_whitened_cosine,pooled_train_midpoint,none,diagonal_variance,6e2bc7843a7005cb0bf9,0.55,0.9,0.6808333333333334,2.3,1.0,0.9123684210526316,0.20921052631578949,-0.12650546671588728,0.10901070852725474,-0.3242230535393198,0.096401162644805,0.19771758682343252,20,380,w1_no_operating_threshold,nan,nan,nan,,,,,,,,
JVS_JVSMuSiC,hubert_l6,6,23,wcos_diag_query,diagonal_whitened_cosine,pooled_train_midpoint,query,diagonal_variance,6e2bc7843a7005cb0bf9,0.8,1.0,0.8875,1.3,1.0,0.9769736842105263,0.05921052631578948,0.5167293378792102,0.05329067732128155,0.3109223429858649,0.09316396742008129,0.20580699489334525,20,380,w1_no_operating_threshold,nan,nan,nan,,,,,,,,
JVS_JVSMuSiC,hubert_l6,6,23,wcos_oas_none,oas_whitened_cosine,pooled_train_midpoint,none,OAS,8e0d39b0f1433a05a044,0.95,1.0,0.975,1.05,1.0,0.9926315789473684,0.05,0.2507333257524883,0.0786708757584306,-0.003961445285234213,0.06286428799075623,0.25469477103772253,20,380,w1_no_operating_threshold,nan,nan,nan,,,,,,,,
JVS_JVSMuSiC,hubert_l6,6,23,wcos_oas_query,oas_whitened_cosine,pooled_train_midpoint,query,OAS,8e0d39b0f1433a05a044,0.95,1.0,0.975,1.05,1.0,0.9926315789473684,0.05,0.2512650630363257,0.07859929427687025,-0.0034437558901079957,0.06287196806984302,0.25470881892643366,20,380,w1_no_operating_threshold,nan,nan,nan,,,,,,,,
JVS_JVSMuSiC,hubert_l6,6,23,cos_om_none,cosine,pooled_train_midpoint,none,none,be53f190a993e6b08328,0.3,0.9,0.54,2.85,2.0,0.8685526315789474,0.24342105263157893,-0.35903114660473656,0.13707394994588357,-0.552340077133152,0.115427428257635,0.19330893052841547,20,380,dev_speakers,-0.28835808563000503,0.007894736842105263,0.3,,,jvs001;jvs002;jvs003;jvs008;jvs009;jvs010;jvs011;jvs014;jvs016;jvs019;jvs022;jvs023;jvs024;jvs025;jvs026;jvs027;jvs028;jvs029;jvs030;jvs031;jvs036;jvs037;jvs039;jvs040;jvs041;jvs042;jvs043;jvs045;jvs046;jvs047;jvs049;jvs050;jvs052;jvs056;jvs062;jvs064;jvs067;jvs071;jvs072;jvs075;jvs076;jvs077;jvs079;jvs080;jvs081;jvs082;jvs083;jvs084;jvs085;jvs086;jvs087;jvs089;jvs091;jvs093;jvs094;jvs096;jvs097;jvs098;jvs099;jvs100,jvs004;jvs006;jvs007;jvs013;jvs017;jvs021;jvs034;jvs038;jvs054;jvs058;jvs059;jvs060;jvs065;jvs066;jvs068;jvs073;jvs074;jvs078;jvs088;jvs090,jvs005;jvs012;jvs015;jvs018;jvs020;jvs032;jvs033;jvs035;jvs044;jvs048;jvs051;jvs053;jvs055;jvs057;jvs061;jvs063;jvs069;jvs070;jvs092;jvs095,m1_om,0,copied_from_identity_residual_metric_robustness_2026-07-13
JVS_JVSMuSiC,hubert_l6,6,23,cos_o0_query,cosine,zero,query,none,be53f190a993e6b08328,0.75,0.95,0.8338095238095239,1.7,1.0,0.9251315789473684,0.15,0.9942261310477709,0.001446455879882998,0.9898196848669134,0.0028390247607630323,0.004406446180857504,20,380,dev_speakers,0.9944652164975771,0.007894736842105263,0.45,,,jvs001;jvs002;jvs003;jvs008;jvs009;jvs010;jvs011;jvs014;jvs016;jvs019;jvs022;jvs023;jvs024;jvs025;jvs026;jvs027;jvs028;jvs029;jvs030;jvs031;jvs036;jvs037;jvs039;jvs040;jvs041;jvs042;jvs043;jvs045;jvs046;jvs047;jvs049;jvs050;jvs052;jvs056;jvs062;jvs064;jvs067;jvs071;jvs072;jvs075;jvs076;jvs077;jvs079;jvs080;jvs081;jvs082;jvs083;jvs084;jvs085;jvs086;jvs087;jvs089;jvs091;jvs093;jvs094;jvs096;jvs097;jvs098;jvs099;jvs100,jvs004;jvs006;jvs007;jvs013;jvs017;jvs021;jvs034;jvs038;jvs054;jvs058;jvs059;jvs060;jvs065;jvs066;jvs068;jvs073;jvs074;jvs078;jvs088;jvs090,jvs005;jvs012;jvs015;jvs018;jvs020;jvs032;jvs033;jvs035;jvs044;jvs048;jvs051;jvs053;jvs055;jvs057;jvs061;jvs063;jvs069;jvs070;jvs092;jvs095,m1_o0,1,copied_from_identity_residual_metric_robustness_2026-07-13
JVS_JVSMuSiC,hubert_l6,6,29,wcos_diag_none,diagonal_whitened_cosine,pooled_train_midpoint,none,diagonal_variance,c4c1cdd233c577932bd7,0.4,0.8,0.5719065656565656,3.7,2.0,0.8557894736842105,0.24210526315789474,-0.12226912251462892,0.13695469503187505,-0.3157059686864085,0.11227761898126824,0.1934368461717796,20,380,w1_no_operating_threshold,nan,nan,nan,,,,,,,,
JVS_JVSMuSiC,hubert_l6,6,29,wcos_diag_query,diagonal_whitened_cosine,pooled_train_midpoint,query,diagonal_variance,c4c1cdd233c577932bd7,0.65,0.95,0.7608333333333334,2.1,1.0,0.9414473684210526,0.1,0.5077919116048075,0.06757815801159642,0.3144497424250528,0.10436249897436073,0.19334216917975472,20,380,w1_no_operating_threshold,nan,nan,nan,,,,,,,,
JVS_JVSMuSiC,hubert_l6,6,29,wcos_oas_none,oas_whitened_cosine,pooled_train_midpoint,none,OAS,133fb6a5ed652c7419ba,0.95,1.0,0.9666666666666666,1.1,1.0,0.9892105263157894,0.09605263157894736,0.28176224868513566,0.09646835442858709,0.011527391541790255,0.0639583395420771,0.2702348571433454,20,380,w1_no_operating_threshold,nan,nan,nan,,,,,,,,
JVS_JVSMuSiC,hubert_l6,6,29,wcos_oas_query,oas_whitened_cosine,pooled_train_midpoint,query,OAS,133fb6a5ed652c7419ba,0.95,1.0,0.9666666666666666,1.1,1.0,0.9892105263157894,0.09605263157894736,0.28232289654888537,0.09643015332075384,0.01208808251559459,0.06396386125772234,0.2702348140332908,20,380,w1_no_operating_threshold,nan,nan,nan,,,,,,,,
JVS_JVSMuSiC,hubert_l6,6,29,cos_om_none,cosine,pooled_train_midpoint,none,none,21ea489983673803f869,0.35,0.85,0.533144399460189,4.15,2.5,0.8397368421052631,0.20789473684210527,-0.3472736376870951,0.14549161709118272,-0.5398930750720347,0.12063874988220884,0.19261943738493953,20,380,dev_speakers,-0.025117308117790536,0.007894736842105263,0.0,,,jvs001;jvs005;jvs007;jvs008;jvs009;jvs010;jvs011;jvs014;jvs015;jvs016;jvs017;jvs019;jvs020;jvs021;jvs022;jvs025;jvs026;jvs028;jvs029;jvs030;jvs031;jvs033;jvs035;jvs036;jvs038;jvs039;jvs040;jvs041;jvs044;jvs046;jvs048;jvs049;jvs053;jvs054;jvs057;jvs058;jvs060;jvs064;jvs066;jvs067;jvs068;jvs070;jvs071;jvs072;jvs073;jvs074;jvs078;jvs079;jvs080;jvs081;jvs084;jvs086;jvs089;jvs091;jvs093;jvs095;jvs096;jvs097;jvs098;jvs099,jvs002;jvs006;jvs012;jvs013;jvs023;jvs034;jvs037;jvs043;jvs047;jvs056;jvs061;jvs063;jvs065;jvs082;jvs083;jvs087;jvs088;jvs092;jvs094;jvs100,jvs003;jvs004;jvs018;jvs024;jvs027;jvs032;jvs042;jvs045;jvs050;jvs051;jvs052;jvs055;jvs059;jvs062;jvs069;jvs075;jvs076;jvs077;jvs085;jvs090,m1_om,0,copied_from_identity_residual_metric_robustness_2026-07-13
JVS_JVSMuSiC,hubert_l6,6,29,cos_o0_query,cosine,zero,query,none,21ea489983673803f869,0.7,0.8,0.7592288011695907,3.55,1.0,0.8653947368421052,0.2,0.9937158806095627,0.002459467409897173,0.9897348418646662,0.0034152774548031855,0.003981038744896526,20,380,dev_speakers,0.994262012401698,0.007894736842105263,0.7,,,jvs001;jvs005;jvs007;jvs008;jvs009;jvs010;jvs011;jvs014;jvs015;jvs016;jvs017;jvs019;jvs020;jvs021;jvs022;jvs025;jvs026;jvs028;jvs029;jvs030;jvs031;jvs033;jvs035;jvs036;jvs038;jvs039;jvs040;jvs041;jvs044;jvs046;jvs048;jvs049;jvs053;jvs054;jvs057;jvs058;jvs060;jvs064;jvs066;jvs067;jvs068;jvs070;jvs071;jvs072;jvs073;jvs074;jvs078;jvs079;jvs080;jvs081;jvs084;jvs086;jvs089;jvs091;jvs093;jvs095;jvs096;jvs097;jvs098;jvs099,jvs002;jvs006;jvs012;jvs013;jvs023;jvs034;jvs037;jvs043;jvs047;jvs056;jvs061;jvs063;jvs065;jvs082;jvs083;jvs087;jvs088;jvs092;jvs094;jvs100,jvs003;jvs004;jvs018;jvs024;jvs027;jvs032;jvs042;jvs045;jvs050;jvs051;jvs052;jvs055;jvs059;jvs062;jvs069;jvs075;jvs076;jvs077;jvs085;jvs090,m1_o0,1,copied_from_identity_residual_metric_robustness_2026-07-13
JVS_JVSMuSiC,hubert_l6,6,31,wcos_diag_none,diagonal_whitened_cosine,pooled_train_midpoint,none,diagonal_variance,791e956b5eabb639c644,0.45,0.95,0.6495833333333334,2.3,2.0,0.8811842105263158,0.2,-0.0908805491379567,0.13699499152358235,-0.2882563197497608,0.12524964159924384,0.19737577061180409,20,380,w1_no_operating_threshold,nan,nan,nan,,,,,,,,
JVS_JVSMuSiC,hubert_l6,6,31,wcos_diag_query,diagonal_whitened_cosine,pooled_train_midpoint,query,diagonal_variance,791e956b5eabb639c644,0.65,0.9,0.7675595238095237,2.05,1.0,0.9442105263157895,0.15,0.49381788241072433,0.0800652855183012,0.3005078717486274,0.10190822652110242,0.1933100106620969,20,380,w1_no_operating_threshold,nan,nan,nan,,,,,,,,
JVS_JVSMuSiC,hubert_l6,6,31,wcos_oas_none,oas_whitened_cosine,pooled_train_midpoint,none,OAS,5947037164f931fa518e,0.95,1.0,0.9625,1.15,1.0,0.9869736842105263,0.05,0.23934029226768905,0.09079231928246309,0.005342770596968302,0.0659029253718384,0.23399752167072074,20,380,w1_no_operating_threshold,nan,nan,nan,,,,,,,,
JVS_JVSMuSiC,hubert_l6,6,31,wcos_oas_query,oas_whitened_cosine,pooled_train_midpoint,query,OAS,5947037164f931fa518e,0.95,1.0,0.9625,1.15,1.0,0.9869736842105263,0.05,0.23977752722302198,0.09078422493574947,0.0057740407230533405,0.06590908971956617,0.23400348649996863,20,380,w1_no_operating_threshold,nan,nan,nan,,,,,,,,
JVS_JVSMuSiC,hubert_l6,6,31,cos_om_none,cosine,pooled_train_midpoint,none,none,6be068bdff3e4098cc4b,0.2,0.85,0.46547619047619043,3.05,3.0,0.8414473684210526,0.25,-0.28840122172220883,0.16724018622101067,-0.5004245860215161,0.14880039354734811,0.21202336429930724,20,380,dev_speakers,-0.1204730890955472,0.007894736842105263,0.15,,,jvs001;jvs002;jvs004;jvs005;jvs006;jvs007;jvs008;jvs011;jvs016;jvs018;jvs021;jvs022;jvs023;jvs024;jvs025;jvs026;jvs028;jvs029;jvs033;jvs035;jvs037;jvs038;jvs039;jvs041;jvs043;jvs047;jvs048;jvs050;jvs051;jvs053;jvs054;jvs055;jvs056;jvs057;jvs058;jvs059;jvs060;jvs061;jvs062;jvs063;jvs064;jvs068;jvs070;jvs074;jvs075;jvs077;jvs078;jvs080;jvs081;jvs083;jvs085;jvs087;jvs089;jvs091;jvs092;jvs093;jvs094;jvs096;jvs097;jvs099,jvs003;jvs012;jvs013;jvs014;jvs020;jvs030;jvs034;jvs040;jvs044;jvs049;jvs067;jvs069;jvs072;jvs073;jvs076;jvs079;jvs082;jvs090;jvs095;jvs100,jvs009;jvs010;jvs015;jvs017;jvs019;jvs027;jvs031;jvs032;jvs036;jvs042;jvs045;jvs046;jvs052;jvs065;jvs066;jvs071;jvs084;jvs086;jvs088;jvs098,m1_om,0,copied_from_identity_residual_metric_robustness_2026-07-13
JVS_JVSMuSiC,hubert_l6,6,31,cos_o0_query,cosine,zero,query,none,6be068bdff3e4098cc4b,0.55,0.9,0.6708928571428572,2.55,1.0,0.8488157894736842,0.15789473684210525,0.9919897529336925,0.004758571092575864,0.9865306031855655,0.007427370880163463,0.005459149748127001,20,380,dev_speakers,0.9955369603235313,0.007894736842105263,0.1,,,jvs001;jvs002;jvs004;jvs005;jvs006;jvs007;jvs008;jvs011;jvs016;jvs018;jvs021;jvs022;jvs023;jvs024;jvs025;jvs026;jvs028;jvs029;jvs033;jvs035;jvs037;jvs038;jvs039;jvs041;jvs043;jvs047;jvs048;jvs050;jvs051;jvs053;jvs054;jvs055;jvs056;jvs057;jvs058;jvs059;jvs060;jvs061;jvs062;jvs063;jvs064;jvs068;jvs070;jvs074;jvs075;jvs077;jvs078;jvs080;jvs081;jvs083;jvs085;jvs087;jvs089;jvs091;jvs092;jvs093;jvs094;jvs096;jvs097;jvs099,jvs003;jvs012;jvs013;jvs014;jvs020;jvs030;jvs034;jvs040;jvs044;jvs049;jvs067;jvs069;jvs072;jvs073;jvs076;jvs079;jvs082;jvs090;jvs095;jvs100,jvs009;jvs010;jvs015;jvs017;jvs019;jvs027;jvs031;jvs032;jvs036;jvs042;jvs045;jvs046;jvs052;jvs065;jvs066;jvs071;jvs084;jvs086;jvs088;jvs098,m1_o0,1,copied_from_identity_residual_metric_robustness_2026-07-13
JVS_JVSMuSiC,hubert_l6,6,37,wcos_diag_none,diagonal_whitened_cosine,pooled_train_midpoint,none,diagonal_variance,553e0dd199d2cf75250a,0.3,0.8,0.5209294871794872,3.6,2.0,0.83,0.25,-0.11474923111343324,0.17619436760417478,-0.3145109883124097,0.11338971571724209,0.19976175719897646,20,380,w1_no_operating_threshold,nan,nan,nan,,,,,,,,
JVS_JVSMuSiC,hubert_l6,6,37,wcos_diag_query,diagonal_whitened_cosine,pooled_train_midpoint,query,diagonal_variance,553e0dd199d2cf75250a,0.85,0.95,0.90625,1.45,1.0,0.9731578947368421,0.05,0.5143132257470286,0.050043056115330685,0.3092141764444577,0.10656880330604648,0.20509904930257095,20,380,w1_no_operating_threshold,nan,nan,nan,,,,,,,,
JVS_JVSMuSiC,hubert_l6,6,37,wcos_oas_none,oas_whitened_cosine,pooled_train_midpoint,none,OAS,294b6afd39e7da069880,0.95,1.0,0.975,1.05,1.0,0.9955263157894737,0.05,0.24675935642453437,0.07502319076471287,0.008412209202105208,0.06438444246844505,0.23834714722242917,20,380,w1_no_operating_threshold,nan,nan,nan,,,,,,,,
JVS_JVSMuSiC,hubert_l6,6,37,wcos_oas_query,oas_whitened_cosine,pooled_train_midpoint,query,OAS,294b6afd39e7da069880,0.95,1.0,0.975,1.05,1.0,0.9955263157894737,0.05,0.24724790488570414,0.07495976419796911,0.008893448108792504,0.06438404268040185,0.23835445677691164,20,380,w1_no_operating_threshold,nan,nan,nan,,,,,,,,
JVS_JVSMuSiC,hubert_l6,6,37,cos_om_none,cosine,pooled_train_midpoint,none,none,508b8272e65c4a98b795,0.2,0.75,0.4213690476190476,4.05,3.5,0.8132894736842106,0.3013157894736842,-0.31222154168280886,0.19512536396203192,-0.5249409585743214,0.14162825151528946,0.21271941689151258,20,380,dev_speakers,-0.20626334467378096,0.007894736842105263,0.3,,,jvs001;jvs002;jvs004;jvs006;jvs007;jvs009;jvs011;jvs012;jvs014;jvs016;jvs017;jvs018;jvs019;jvs020;jvs021;jvs023;jvs024;jvs025;jvs026;jvs030;jvs031;jvs032;jvs034;jvs035;jvs037;jvs039;jvs040;jvs041;jvs043;jvs044;jvs046;jvs048;jvs051;jvs052;jvs054;jvs055;jvs058;jvs059;jvs062;jvs063;jvs065;jvs066;jvs067;jvs068;jvs069;jvs071;jvs072;jvs073;jvs078;jvs079;jvs080;jvs084;jvs085;jvs091;jvs093;jvs094;jvs097;jvs098;jvs099;jvs100,jvs008;jvs022;jvs027;jvs033;jvs036;jvs042;jvs045;jvs047;jvs049;jvs057;jvs061;jvs064;jvs070;jvs074;jvs076;jvs077;jvs081;jvs082;jvs088;jvs090,jvs003;jvs005;jvs010;jvs013;jvs015;jvs028;jvs029;jvs038;jvs050;jvs053;jvs056;jvs060;jvs075;jvs083;jvs086;jvs087;jvs089;jvs092;jvs095;jvs096,m1_om,0,copied_from_identity_residual_metric_robustness_2026-07-13
JVS_JVSMuSiC,hubert_l6,6,37,cos_o0_query,cosine,zero,query,none,508b8272e65c4a98b795,0.6,0.9,0.7134649122807017,3.0,1.0,0.8710526315789474,0.2,0.9934879171018981,0.0022891456493740144,0.9884540246322818,0.00449620823040599,0.005033892469616275,20,380,dev_speakers,0.9949454087644048,0.007894736842105263,0.3,,,jvs001;jvs002;jvs004;jvs006;jvs007;jvs009;jvs011;jvs012;jvs014;jvs016;jvs017;jvs018;jvs019;jvs020;jvs021;jvs023;jvs024;jvs025;jvs026;jvs030;jvs031;jvs032;jvs034;jvs035;jvs037;jvs039;jvs040;jvs041;jvs043;jvs044;jvs046;jvs048;jvs051;jvs052;jvs054;jvs055;jvs058;jvs059;jvs062;jvs063;jvs065;jvs066;jvs067;jvs068;jvs069;jvs071;jvs072;jvs073;jvs078;jvs079;jvs080;jvs084;jvs085;jvs091;jvs093;jvs094;jvs097;jvs098;jvs099;jvs100,jvs008;jvs022;jvs027;jvs033;jvs036;jvs042;jvs045;jvs047;jvs049;jvs057;jvs061;jvs064;jvs070;jvs074;jvs076;jvs077;jvs081;jvs082;jvs088;jvs090,jvs003;jvs005;jvs010;jvs013;jvs015;jvs028;jvs029;jvs038;jvs050;jvs053;jvs056;jvs060;jvs075;jvs083;jvs086;jvs087;jvs089;jvs092;jvs095;jvs096,m1_o0,1,copied_from_identity_residual_metric_robustness_2026-07-13
JVS_JVSMuSiC,hubert_l6,6,41,wcos_diag_none,diagonal_whitened_cosine,pooled_train_midpoint,none,diagonal_variance,d729af889c70fbb0659c,0.25,0.8,0.49394716394716404,3.8,2.5,0.8406578947368422,0.20263157894736844,-0.15696545996595357,0.13394833602620906,-0.3242307547571646,0.1011698249794527,0.16726529479121105,20,380,w1_no_operating_threshold,nan,nan,nan,,,,,,,,
JVS_JVSMuSiC,hubert_l6,6,41,wcos_diag_query,diagonal_whitened_cosine,pooled_train_midpoint,query,diagonal_variance,d729af889c70fbb0659c,0.8,0.9,0.8483333333333333,1.95,1.0,0.929078947368421,0.14605263157894738,0.5055893521565208,0.0678254601021041,0.3322605668816612,0.10318578100142303,0.17332878527485956,20,380,w1_no_operating_threshold,nan,nan,nan,,,,,,,,
JVS_JVSMuSiC,hubert_l6,6,41,wcos_oas_none,oas_whitened_cosine,pooled_train_midpoint,none,OAS,8fb8f079dc283440b0f5,0.85,0.95,0.9083333333333334,1.35,1.0,0.9873684210526316,0.05,0.24245768604379703,0.08918406672776895,0.002584562449576193,0.06407761170008026,0.23987312359422083,20,380,w1_no_operating_threshold,nan,nan,nan,,,,,,,,
JVS_JVSMuSiC,hubert_l6,6,41,wcos_oas_query,oas_whitened_cosine,pooled_train_midpoint,query,OAS,8fb8f079dc283440b0f5,0.85,0.95,0.9083333333333334,1.35,1.0,0.9875,0.05,0.24298595678357082,0.08915951342110173,0.0031153655741710975,0.06406550606810624,0.23987059120939971,20,380,w1_no_operating_threshold,nan,nan,nan,,,,,,,,
JVS_JVSMuSiC,hubert_l6,6,41,cos_om_none,cosine,pooled_train_midpoint,none,none,a3bc1058719aa7a54e22,0.4,0.8,0.5621794871794872,4.1,2.0,0.8102631578947368,0.25,-0.38342467465624336,0.14890297596930532,-0.5571943200610725,0.12657450292179945,0.17376964540482914,20,380,dev_speakers,-0.11238106358654336,0.007894736842105263,0.05,,,jvs001;jvs003;jvs004;jvs005;jvs006;jvs007;jvs009;jvs010;jvs011;jvs012;jvs016;jvs017;jvs019;jvs022;jvs023;jvs025;jvs026;jvs028;jvs029;jvs030;jvs031;jvs036;jvs037;jvs038;jvs042;jvs043;jvs044;jvs045;jvs049;jvs051;jvs054;jvs055;jvs058;jvs059;jvs060;jvs061;jvs062;jvs063;jvs065;jvs066;jvs067;jvs068;jvs069;jvs070;jvs071;jvs072;jvs073;jvs074;jvs075;jvs078;jvs080;jvs084;jvs085;jvs086;jvs090;jvs094;jvs095;jvs096;jvs098;jvs099,jvs002;jvs008;jvs013;jvs014;jvs018;jvs033;jvs035;jvs041;jvs047;jvs048;jvs057;jvs076;jvs082;jvs083;jvs087;jvs088;jvs089;jvs091;jvs093;jvs097,jvs015;jvs020;jvs021;jvs024;jvs027;jvs032;jvs034;jvs039;jvs040;jvs046;jvs050;jvs052;jvs053;jvs056;jvs064;jvs077;jvs079;jvs081;jvs092;jvs100,m1_om,0,copied_from_identity_residual_metric_robustness_2026-07-13
JVS_JVSMuSiC,hubert_l6,6,41,cos_o0_query,cosine,zero,query,none,a3bc1058719aa7a54e22,0.7,0.9,0.7658333333333333,2.9,1.0,0.9010526315789473,0.14473684210526316,0.9939603987071166,0.0021281975439146287,0.9902132257086738,0.0026155606256282045,0.0037471729984428492,20,380,dev_speakers,0.9947156842993092,0.007894736842105263,0.35,,,jvs001;jvs003;jvs004;jvs005;jvs006;jvs007;jvs009;jvs010;jvs011;jvs012;jvs016;jvs017;jvs019;jvs022;jvs023;jvs025;jvs026;jvs028;jvs029;jvs030;jvs031;jvs036;jvs037;jvs038;jvs042;jvs043;jvs044;jvs045;jvs049;jvs051;jvs054;jvs055;jvs058;jvs059;jvs060;jvs061;jvs062;jvs063;jvs065;jvs066;jvs067;jvs068;jvs069;jvs070;jvs071;jvs072;jvs073;jvs074;jvs075;jvs078;jvs080;jvs084;jvs085;jvs086;jvs090;jvs094;jvs095;jvs096;jvs098;jvs099,jvs002;jvs008;jvs013;jvs014;jvs018;jvs033;jvs035;jvs041;jvs047;jvs048;jvs057;jvs076;jvs082;jvs083;jvs087;jvs088;jvs089;jvs091;jvs093;jvs097,jvs015;jvs020;jvs021;jvs024;jvs027;jvs032;jvs034;jvs039;jvs040;jvs046;jvs050;jvs052;jvs053;jvs056;jvs064;jvs077;jvs079;jvs081;jvs092;jvs100,m1_o0,1,copied_from_identity_residual_metric_robustness_2026-07-13
JVS_JVSMuSiC,hubert_l6,6,43,wcos_diag_none,diagonal_whitened_cosine,pooled_train_midpoint,none,diagonal_variance,4050dfd53414da6ab0fd,0.45,0.75,0.570479797979798,3.9,3.0,0.8205263157894737,0.3,-0.13925272266130706,0.14310029013986986,-0.315311272875163,0.11135387829874945,0.1760585502138559,20,380,w1_no_operating_threshold,nan,nan,nan,,,,,,,,
JVS_JVSMuSiC,hubert_l6,6,43,wcos_diag_query,diagonal_whitened_cosine,pooled_train_midpoint,query,diagonal_variance,4050dfd53414da6ab0fd,0.75,0.95,0.8333333333333334,1.65,1.0,0.9442105263157895,0.1,0.5076824586638541,0.06010846141962128,0.33243049419197745,0.0950475025127869,0.17525196447187663,20,380,w1_no_operating_threshold,nan,nan,nan,,,,,,,,
JVS_JVSMuSiC,hubert_l6,6,43,wcos_oas_none,oas_whitened_cosine,pooled_train_midpoint,none,OAS,3d7d6f6dad438da54b7e,0.95,1.0,0.975,1.05,1.0,0.9919736842105263,0.04210526315789474,0.22547879574330207,0.07258382745252145,0.0009170749336764038,0.06177671955663623,0.22456172080962566,20,380,w1_no_operating_threshold,nan,nan,nan,,,,,,,,
JVS_JVSMuSiC,hubert_l6,6,43,wcos_oas_query,oas_whitened_cosine,pooled_train_midpoint,query,OAS,3d7d6f6dad438da54b7e,0.95,1.0,0.975,1.05,1.0,0.9919736842105263,0.04210526315789474,0.22603755799069442,0.0725182580098791,0.0014720572229372836,0.061780861558968135,0.22456550076775714,20,380,w1_no_operating_threshold,nan,nan,nan,,,,,,,,
JVS_JVSMuSiC,hubert_l6,6,43,cos_om_none,cosine,pooled_train_midpoint,none,none,dd54375881e4cf4e6665,0.15,0.65,0.40496031746031746,4.55,3.0,0.7977631578947368,0.3,-0.38157140472421835,0.15598754431919898,-0.551359907009132,0.13305764928087058,0.1697885022849136,20,380,dev_speakers,-0.19776170014982483,0.007894736842105263,0.1,,,jvs002;jvs003;jvs004;jvs006;jvs007;jvs008;jvs009;jvs011;jvs013;jvs014;jvs015;jvs018;jvs022;jvs023;jvs024;jvs025;jvs026;jvs027;jvs034;jvs035;jvs036;jvs037;jvs038;jvs039;jvs040;jvs042;jvs043;jvs044;jvs045;jvs046;jvs049;jvs051;jvs054;jvs056;jvs058;jvs061;jvs062;jvs063;jvs065;jvs066;jvs067;jvs070;jvs071;jvs073;jvs076;jvs077;jvs078;jvs079;jvs083;jvs084;jvs086;jvs088;jvs089;jvs092;jvs093;jvs094;jvs096;jvs097;jvs099;jvs100,jvs010;jvs017;jvs019;jvs020;jvs021;jvs029;jvs030;jvs031;jvs032;jvs050;jvs052;jvs057;jvs059;jvs072;jvs075;jvs081;jvs087;jvs091;jvs095;jvs098,jvs001;jvs005;jvs012;jvs016;jvs028;jvs033;jvs041;jvs047;jvs048;jvs053;jvs055;jvs060;jvs064;jvs068;jvs069;jvs074;jvs080;jvs082;jvs085;jvs090,m1_om,0,copied_from_identity_residual_metric_robustness_2026-07-13
JVS_JVSMuSiC,hubert_l6,6,43,cos_o0_query,cosine,zero,query,none,dd54375881e4cf4e6665,0.6,0.95,0.7313095238095239,2.1,1.0,0.8993421052631579,0.19078947368421054,0.9937637993665733,0.0013753528260856465,0.9899520777820654,0.002598223201413016,0.003811721584507932,20,380,dev_speakers,0.9948574435052148,0.007894736842105263,0.3,,,jvs002;jvs003;jvs004;jvs006;jvs007;jvs008;jvs009;jvs011;jvs013;jvs014;jvs015;jvs018;jvs022;jvs023;jvs024;jvs025;jvs026;jvs027;jvs034;jvs035;jvs036;jvs037;jvs038;jvs039;jvs040;jvs042;jvs043;jvs044;jvs045;jvs046;jvs049;jvs051;jvs054;jvs056;jvs058;jvs061;jvs062;jvs063;jvs065;jvs066;jvs067;jvs070;jvs071;jvs073;jvs076;jvs077;jvs078;jvs079;jvs083;jvs084;jvs086;jvs088;jvs089;jvs092;jvs093;jvs094;jvs096;jvs097;jvs099;jvs100,jvs010;jvs017;jvs019;jvs020;jvs021;jvs029;jvs030;jvs031;jvs032;jvs050;jvs052;jvs057;jvs059;jvs072;jvs075;jvs081;jvs087;jvs091;jvs095;jvs098,jvs001;jvs005;jvs012;jvs016;jvs028;jvs033;jvs041;jvs047;jvs048;jvs053;jvs055;jvs060;jvs064;jvs068;jvs069;jvs074;jvs080;jvs082;jvs085;jvs090,m1_o0,1,copied_from_identity_residual_metric_robustness_2026-07-13
JVS_JVSMuSiC,hubert_l6,6,47,wcos_diag_none,diagonal_whitened_cosine,pooled_train_midpoint,none,diagonal_variance,285ae2f1bbaaf56ee309,0.4,0.75,0.5654978354978356,3.45,2.0,0.8246052631578947,0.25526315789473686,-0.10427745109664803,0.15792789558084616,-0.28733402414691084,0.11920818475908837,0.1830565730502628,20,380,w1_no_operating_threshold,nan,nan,nan,,,,,,,,
JVS_JVSMuSiC,hubert_l6,6,47,wcos_diag_query,diagonal_whitened_cosine,pooled_train_midpoint,query,diagonal_variance,285ae2f1bbaaf56ee309,0.65,0.9,0.7641666666666667,2.15,1.0,0.9303947368421053,0.15,0.4997113306641561,0.06690462893854143,0.3193975158458185,0.114955459747397,0.18031381481833758,20,380,w1_no_operating_threshold,nan,nan,nan,,,,,,,,
JVS_JVSMuSiC,hubert_l6,6,47,wcos_oas_none,oas_whitened_cosine,pooled_train_midpoint,none,OAS,b00eb40055bfa42d0a4e,0.85,1.0,0.925,1.15,1.0,0.9873684210526316,0.0881578947368421,0.230931158277991,0.07832912670019632,0.003487066840333717,0.06613960192355242,0.22744409143765726,20,380,w1_no_operating_threshold,nan,nan,nan,,,,,,,,
JVS_JVSMuSiC,hubert_l6,6,47,wcos_oas_query,oas_whitened_cosine,pooled_train_midpoint,query,OAS,b00eb40055bfa42d0a4e,0.85,1.0,0.925,1.15,1.0,0.9873684210526316,0.0881578947368421,0.23139027757775224,0.0783128627898948,0.003946710431858122,0.06614682681111496,0.22744356714589412,20,380,w1_no_operating_threshold,nan,nan,nan,,,,,,,,
JVS_JVSMuSiC,hubert_l6,6,47,cos_om_none,cosine,pooled_train_midpoint,none,none,7a296a7e0bf949222eb4,0.45,0.8,0.5709493284493286,3.95,2.5,0.7982894736842105,0.256578947368421,-0.3062285338753501,0.19326551238204456,-0.5025013394000628,0.14597464602081295,0.1962728055247127,20,380,dev_speakers,-0.21121229286570412,0.007894736842105263,0.25,,,jvs002;jvs004;jvs005;jvs006;jvs007;jvs008;jvs009;jvs012;jvs013;jvs014;jvs015;jvs016;jvs018;jvs019;jvs020;jvs021;jvs022;jvs024;jvs025;jvs026;jvs029;jvs031;jvs032;jvs033;jvs034;jvs036;jvs037;jvs039;jvs044;jvs045;jvs047;jvs048;jvs049;jvs051;jvs052;jvs055;jvs056;jvs057;jvs058;jvs062;jvs063;jvs067;jvs068;jvs070;jvs071;jvs073;jvs074;jvs075;jvs077;jvs079;jvs083;jvs086;jvs088;jvs089;jvs091;jvs092;jvs097;jvs098;jvs099;jvs100,jvs001;jvs003;jvs027;jvs035;jvs038;jvs041;jvs042;jvs043;jvs046;jvs054;jvs060;jvs061;jvs065;jvs066;jvs069;jvs072;jvs080;jvs081;jvs085;jvs090,jvs010;jvs011;jvs017;jvs023;jvs028;jvs030;jvs040;jvs050;jvs053;jvs059;jvs064;jvs076;jvs078;jvs082;jvs084;jvs087;jvs093;jvs094;jvs095;jvs096,m1_om,0,copied_from_identity_residual_metric_robustness_2026-07-13
JVS_JVSMuSiC,hubert_l6,6,47,cos_o0_query,cosine,zero,query,none,7a296a7e0bf949222eb4,0.55,0.8,0.6372985347985347,3.6,1.0,0.8257894736842105,0.25,0.9926251034573583,0.004411583320120445,0.9876161025020295,0.00723814692111865,0.005009000955328857,20,380,dev_speakers,0.9948362836718051,0.007894736842105263,0.35,,,jvs002;jvs004;jvs005;jvs006;jvs007;jvs008;jvs009;jvs012;jvs013;jvs014;jvs015;jvs016;jvs018;jvs019;jvs020;jvs021;jvs022;jvs024;jvs025;jvs026;jvs029;jvs031;jvs032;jvs033;jvs034;jvs036;jvs037;jvs039;jvs044;jvs045;jvs047;jvs048;jvs049;jvs051;jvs052;jvs055;jvs056;jvs057;jvs058;jvs062;jvs063;jvs067;jvs068;jvs070;jvs071;jvs073;jvs074;jvs075;jvs077;jvs079;jvs083;jvs086;jvs088;jvs089;jvs091;jvs092;jvs097;jvs098;jvs099;jvs100,jvs001;jvs003;jvs027;jvs035;jvs038;jvs041;jvs042;jvs043;jvs046;jvs054;jvs060;jvs061;jvs065;jvs066;jvs069;jvs072;jvs080;jvs081;jvs085;jvs090,jvs010;jvs011;jvs017;jvs023;jvs028;jvs030;jvs040;jvs050;jvs053;jvs059;jvs064;jvs076;jvs078;jvs082;jvs084;jvs087;jvs093;jvs094;jvs095;jvs096,m1_o0,1,copied_from_identity_residual_metric_robustness_2026-07-13
JVS_JVSMuSiC,hubert_l6,6,53,wcos_diag_none,diagonal_whitened_cosine,pooled_train_midpoint,none,diagonal_variance,c76582e120932297a46e,0.5,0.85,0.635625,3.1,1.5,0.8443421052631579,0.23815789473684212,-0.10124052239587264,0.14073444757009762,-0.28135853628880986,0.12639099658846076,0.18011801389293722,20,380,w1_no_operating_threshold,nan,nan,nan,,,,,,,,
JVS_JVSMuSiC,hubert_l6,6,53,wcos_diag_query,diagonal_whitened_cosine,pooled_train_midpoint,query,diagonal_variance,c76582e120932297a46e,0.6,0.9,0.74375,2.05,1.0,0.9281578947368421,0.15,0.4827105268369431,0.06728076750601972,0.30560535687798845,0.10255770581790599,0.17710516995895464,20,380,w1_no_operating_threshold,nan,nan,nan,,,,,,,,
JVS_JVSMuSiC,hubert_l6,6,53,wcos_oas_none,oas_whitened_cosine,pooled_train_midpoint,none,OAS,524d7b4f28858e87c044,0.95,1.0,0.975,1.05,1.0,0.993421052631579,0.05,0.24633287600603304,0.06510804218720465,0.011441514537329446,0.06236787180331502,0.2348913614687036,20,380,w1_no_operating_threshold,nan,nan,nan,,,,,,,,
JVS_JVSMuSiC,hubert_l6,6,53,wcos_oas_query,oas_whitened_cosine,pooled_train_midpoint,query,OAS,524d7b4f28858e87c044,0.95,1.0,0.975,1.05,1.0,0.993421052631579,0.05,0.24677965790063444,0.06511838385967353,0.011889269881897273,0.062357181155436814,0.23489038801873716,20,380,w1_no_operating_threshold,nan,nan,nan,,,,,,,,
JVS_JVSMuSiC,hubert_l6,6,53,cos_om_none,cosine,pooled_train_midpoint,none,none,72c09fc7ff4dc34b867f,0.3,0.8,0.5015799916457812,4.05,2.5,0.8161842105263157,0.2513157894736842,-0.2931338443857022,0.1687637640365435,-0.4974360710028802,0.167509172856186,0.20430222661717795,20,380,dev_speakers,0.011374090905689463,0.007894736842105263,0.1,,,jvs002;jvs004;jvs005;jvs006;jvs007;jvs008;jvs009;jvs010;jvs011;jvs012;jvs014;jvs016;jvs017;jvs019;jvs020;jvs021;jvs022;jvs025;jvs027;jvs028;jvs029;jvs030;jvs031;jvs032;jvs033;jvs035;jvs039;jvs041;jvs043;jvs044;jvs045;jvs046;jvs047;jvs049;jvs050;jvs051;jvs053;jvs054;jvs055;jvs056;jvs057;jvs059;jvs064;jvs066;jvs067;jvs068;jvs069;jvs070;jvs071;jvs075;jvs077;jvs080;jvs081;jvs085;jvs087;jvs091;jvs094;jvs096;jvs097;jvs100,jvs001;jvs018;jvs034;jvs036;jvs037;jvs038;jvs048;jvs052;jvs060;jvs061;jvs063;jvs065;jvs072;jvs074;jvs078;jvs082;jvs088;jvs092;jvs093;jvs098,jvs003;jvs013;jvs015;jvs023;jvs024;jvs026;jvs040;jvs042;jvs058;jvs062;jvs073;jvs076;jvs079;jvs083;jvs084;jvs086;jvs089;jvs090;jvs095;jvs099,m1_om,0,copied_from_identity_residual_metric_robustness_2026-07-13
JVS_JVSMuSiC,hubert_l6,6,53,cos_o0_query,cosine,zero,query,none,72c09fc7ff4dc34b867f,0.65,0.85,0.7199232456140352,3.45,1.0,0.8378947368421052,0.2,0.9924843856860864,0.004520595980993233,0.9876164297540238,0.006642165880318277,0.004867955932062684,20,380,dev_speakers,0.9944822556982245,0.007894736842105263,0.25,,,jvs002;jvs004;jvs005;jvs006;jvs007;jvs008;jvs009;jvs010;jvs011;jvs012;jvs014;jvs016;jvs017;jvs019;jvs020;jvs021;jvs022;jvs025;jvs027;jvs028;jvs029;jvs030;jvs031;jvs032;jvs033;jvs035;jvs039;jvs041;jvs043;jvs044;jvs045;jvs046;jvs047;jvs049;jvs050;jvs051;jvs053;jvs054;jvs055;jvs056;jvs057;jvs059;jvs064;jvs066;jvs067;jvs068;jvs069;jvs070;jvs071;jvs075;jvs077;jvs080;jvs081;jvs085;jvs087;jvs091;jvs094;jvs096;jvs097;jvs100,jvs001;jvs018;jvs034;jvs036;jvs037;jvs038;jvs048;jvs052;jvs060;jvs061;jvs063;jvs065;jvs072;jvs074;jvs078;jvs082;jvs088;jvs092;jvs093;jvs098,jvs003;jvs013;jvs015;jvs023;jvs024;jvs026;jvs040;jvs042;jvs058;jvs062;jvs073;jvs076;jvs079;jvs083;jvs084;jvs086;jvs089;jvs090;jvs095;jvs099,m1_o0,1,copied_from_identity_residual_metric_robustness_2026-07-13
JVS_JVSMuSiC,hubert_l6,6,59,wcos_diag_none,diagonal_whitened_cosine,pooled_train_midpoint,none,diagonal_variance,b95f65a43e146566a79b,0.4,0.85,0.6006746031746032,2.8,2.0,0.8843421052631579,0.2,-0.12114609303710859,0.1206866843686324,-0.30589371099464174,0.09816275273040077,0.18474761795753314,20,380,w1_no_operating_threshold,nan,nan,nan,,,,,,,,
JVS_JVSMuSiC,hubert_l6,6,59,wcos_diag_query,diagonal_whitened_cosine,pooled_train_midpoint,query,diagonal_variance,b95f65a43e146566a79b,0.7,0.95,0.8238095238095238,1.6,1.0,0.940921052631579,0.15,0.48545206004132185,0.07672892496366189,0.2985182052581013,0.09288381882053601,0.18693385478322055,20,380,w1_no_operating_threshold,nan,nan,nan,,,,,,,,
JVS_JVSMuSiC,hubert_l6,6,59,wcos_oas_none,oas_whitened_cosine,pooled_train_midpoint,none,OAS,3645d7c2a6fb4db22bd7,1.0,1.0,1.0,1.0,1.0,0.9935526315789474,0.04078947368421053,0.24496964405017613,0.08608487991425229,0.005876745827610664,0.06457058829973139,0.23909289822256546,20,380,w1_no_operating_threshold,nan,nan,nan,,,,,,,,
JVS_JVSMuSiC,hubert_l6,6,59,wcos_oas_query,oas_whitened_cosine,pooled_train_midpoint,query,OAS,3645d7c2a6fb4db22bd7,1.0,1.0,1.0,1.0,1.0,0.9935526315789474,0.04078947368421053,0.24549716892259105,0.08605776895960926,0.006405345483827984,0.06457713972310962,0.23909182343876306,20,380,w1_no_operating_threshold,nan,nan,nan,,,,,,,,
JVS_JVSMuSiC,hubert_l6,6,59,cos_om_none,cosine,pooled_train_midpoint,none,none,1b121fb6ce74fad1faec,0.3,0.75,0.5113690476190476,3.7,2.0,0.8553947368421052,0.19605263157894737,-0.32870591733467835,0.13343786961788234,-0.5284379184760097,0.13048566828419889,0.19973200114133138,20,380,dev_speakers,-0.19426246998381957,0.007894736842105263,0.1,,,jvs002;jvs005;jvs006;jvs008;jvs013;jvs014;jvs015;jvs017;jvs019;jvs020;jvs021;jvs022;jvs023;jvs024;jvs026;jvs027;jvs028;jvs030;jvs031;jvs032;jvs033;jvs036;jvs037;jvs038;jvs039;jvs042;jvs044;jvs045;jvs046;jvs048;jvs049;jvs050;jvs053;jvs054;jvs055;jvs058;jvs059;jvs060;jvs061;jvs062;jvs064;jvs065;jvs070;jvs071;jvs074;jvs076;jvs077;jvs078;jvs082;jvs083;jvs084;jvs086;jvs087;jvs090;jvs091;jvs092;jvs093;jvs095;jvs096;jvs098,jvs001;jvs003;jvs007;jvs010;jvs012;jvs025;jvs029;jvs040;jvs041;jvs043;jvs051;jvs056;jvs057;jvs063;jvs069;jvs075;jvs080;jvs094;jvs097;jvs099,jvs004;jvs009;jvs011;jvs016;jvs018;jvs034;jvs035;jvs047;jvs052;jvs066;jvs067;jvs068;jvs072;jvs073;jvs079;jvs081;jvs085;jvs088;jvs089;jvs100,m1_om,0,copied_from_identity_residual_metric_robustness_2026-07-13
JVS_JVSMuSiC,hubert_l6,6,59,cos_o0_query,cosine,zero,query,none,1b121fb6ce74fad1faec,0.5,0.9,0.6853787878787879,2.4,1.5,0.9214473684210527,0.15,0.9940371581209153,0.001415346075304089,0.9897157384270451,0.003025873243344599,0.004321419693870232,20,380,dev_speakers,0.9952999172785869,0.007894736842105263,0.1,,,jvs002;jvs005;jvs006;jvs008;jvs013;jvs014;jvs015;jvs017;jvs019;jvs020;jvs021;jvs022;jvs023;jvs024;jvs026;jvs027;jvs028;jvs030;jvs031;jvs032;jvs033;jvs036;jvs037;jvs038;jvs039;jvs042;jvs044;jvs045;jvs046;jvs048;jvs049;jvs050;jvs053;jvs054;jvs055;jvs058;jvs059;jvs060;jvs061;jvs062;jvs064;jvs065;jvs070;jvs071;jvs074;jvs076;jvs077;jvs078;jvs082;jvs083;jvs084;jvs086;jvs087;jvs090;jvs091;jvs092;jvs093;jvs095;jvs096;jvs098,jvs001;jvs003;jvs007;jvs010;jvs012;jvs025;jvs029;jvs040;jvs041;jvs043;jvs051;jvs056;jvs057;jvs063;jvs069;jvs075;jvs080;jvs094;jvs097;jvs099,jvs004;jvs009;jvs011;jvs016;jvs018;jvs034;jvs035;jvs047;jvs052;jvs066;jvs067;jvs068;jvs072;jvs073;jvs079;jvs081;jvs085;jvs088;jvs089;jvs100,m1_o0,1,copied_from_identity_residual_metric_robustness_2026-07-13
JVS_JVSMuSiC,hubert_l6,6,61,wcos_diag_none,diagonal_whitened_cosine,pooled_train_midpoint,none,diagonal_variance,3276005e38f78659674a,0.5,0.8,0.6182575757575758,3.65,1.5,0.8372368421052632,0.25,-0.15488284462719,0.1426417740628004,-0.3347975855881923,0.10069048491887736,0.1799147409610023,20,380,w1_no_operating_threshold,nan,nan,nan,,,,,,,,
JVS_JVSMuSiC,hubert_l6,6,61,wcos_diag_query,diagonal_whitened_cosine,pooled_train_midpoint,query,diagonal_variance,3276005e38f78659674a,0.65,1.0,0.7641666666666667,1.8,1.0,0.9507894736842105,0.1,0.5133911674892951,0.06547674779390124,0.3295882101248639,0.09778435299150508,0.18380295736443125,20,380,w1_no_operating_threshold,nan,nan,nan,,,,,,,,
JVS_JVSMuSiC,hubert_l6,6,61,wcos_oas_none,oas_whitened_cosine,pooled_train_midpoint,none,OAS,b33d0c09f116ae1e5f97,0.95,0.95,0.9571428571428571,1.3,1.0,0.9868421052631579,0.05,0.2160345053578992,0.06673452253919375,0.002396932742192829,0.06127146734448438,0.21363757261570637,20,380,w1_no_operating_threshold,nan,nan,nan,,,,,,,,
JVS_JVSMuSiC,hubert_l6,6,61,wcos_oas_query,oas_whitened_cosine,pooled_train_midpoint,query,OAS,b33d0c09f116ae1e5f97,0.95,0.95,0.9571428571428571,1.3,1.0,0.9868421052631579,0.05,0.21654809964044838,0.06672061867219706,0.002912214168491196,0.06128055986457626,0.2136358854719572,20,380,w1_no_operating_threshold,nan,nan,nan,,,,,,,,
JVS_JVSMuSiC,hubert_l6,6,61,cos_om_none,cosine,pooled_train_midpoint,none,none,791355607caa8f2db1a9,0.3,0.75,0.5005344655344655,4.05,2.5,0.8096052631578947,0.25,-0.3823438734199319,0.1622694620087206,-0.5652491849637775,0.12017749948391497,0.1829053115438456,20,380,dev_speakers,-0.12425148102298826,0.007894736842105263,0.05,,,jvs002;jvs003;jvs007;jvs008;jvs009;jvs010;jvs011;jvs013;jvs015;jvs017;jvs018;jvs021;jvs022;jvs023;jvs025;jvs026;jvs028;jvs031;jvs032;jvs033;jvs034;jvs035;jvs036;jvs037;jvs038;jvs040;jvs041;jvs042;jvs044;jvs046;jvs048;jvs049;jvs050;jvs051;jvs052;jvs053;jvs055;jvs056;jvs059;jvs061;jvs063;jvs064;jvs065;jvs070;jvs074;jvs075;jvs076;jvs077;jvs079;jvs083;jvs085;jvs086;jvs088;jvs091;jvs092;jvs093;jvs095;jvs096;jvs098;jvs100,jvs004;jvs012;jvs014;jvs019;jvs020;jvs029;jvs043;jvs057;jvs060;jvs062;jvs068;jvs071;jvs072;jvs080;jvs082;jvs084;jvs090;jvs094;jvs097;jvs099,jvs001;jvs005;jvs006;jvs016;jvs024;jvs027;jvs030;jvs039;jvs045;jvs047;jvs054;jvs058;jvs066;jvs067;jvs069;jvs073;jvs078;jvs081;jvs087;jvs089,m1_om,0,copied_from_identity_residual_metric_robustness_2026-07-13
JVS_JVSMuSiC,hubert_l6,6,61,cos_o0_query,cosine,zero,query,none,791355607caa8f2db1a9,0.55,0.95,0.6808333333333334,2.95,1.0,0.8872368421052632,0.20131578947368423,0.9937534875059424,0.002020080904669869,0.9898143554608216,0.003053202369329892,0.003939132045120752,20,380,dev_speakers,0.9950348607781608,0.007894736842105263,0.25,,,jvs002;jvs003;jvs007;jvs008;jvs009;jvs010;jvs011;jvs013;jvs015;jvs017;jvs018;jvs021;jvs022;jvs023;jvs025;jvs026;jvs028;jvs031;jvs032;jvs033;jvs034;jvs035;jvs036;jvs037;jvs038;jvs040;jvs041;jvs042;jvs044;jvs046;jvs048;jvs049;jvs050;jvs051;jvs052;jvs053;jvs055;jvs056;jvs059;jvs061;jvs063;jvs064;jvs065;jvs070;jvs074;jvs075;jvs076;jvs077;jvs079;jvs083;jvs085;jvs086;jvs088;jvs091;jvs092;jvs093;jvs095;jvs096;jvs098;jvs100,jvs004;jvs012;jvs014;jvs019;jvs020;jvs029;jvs043;jvs057;jvs060;jvs062;jvs068;jvs071;jvs072;jvs080;jvs082;jvs084;jvs090;jvs094;jvs097;jvs099,jvs001;jvs005;jvs006;jvs016;jvs024;jvs027;jvs030;jvs039;jvs045;jvs047;jvs054;jvs058;jvs066;jvs067;jvs069;jvs073;jvs078;jvs081;jvs087;jvs089,m1_o0,1,copied_from_identity_residual_metric_robustness_2026-07-13
JVS_JVSMuSiC,hubert_l6,6,67,wcos_diag_none,diagonal_whitened_cosine,pooled_train_midpoint,none,diagonal_variance,0246ee6aa668b06d38fb,0.55,0.85,0.6663082750582751,3.1,1.0,0.8678947368421053,0.20921052631578949,-0.10752382572882495,0.12903148413421353,-0.28861702947195916,0.09740029067688456,0.1810932037431342,20,380,w1_no_operating_threshold,nan,nan,nan,,,,,,,,
JVS_JVSMuSiC,hubert_l6,6,67,wcos_diag_query,diagonal_whitened_cosine,pooled_train_midpoint,query,diagonal_variance,0246ee6aa668b06d38fb,0.7,0.95,0.8333333333333334,1.5,1.0,0.9675,0.1,0.49327158577109714,0.049370335344018385,0.30803108959007075,0.0922725477716972,0.1852404961810264,20,380,w1_no_operating_threshold,nan,nan,nan,,,,,,,,
JVS_JVSMuSiC,hubert_l6,6,67,wcos_oas_none,oas_whitened_cosine,pooled_train_midpoint,none,OAS,b60f6f0263f90046a4d3,0.95,1.0,0.9666666666666666,1.1,1.0,0.9906578947368421,0.05,0.2517574053021806,0.08165157434731876,0.0033849933767691933,0.06193075201100132,0.2483724119254114,20,380,w1_no_operating_threshold,nan,nan,nan,,,,,,,,
JVS_JVSMuSiC,hubert_l6,6,67,wcos_oas_query,oas_whitened_cosine,pooled_train_midpoint,query,OAS,b60f6f0263f90046a4d3,0.95,1.0,0.9666666666666666,1.1,1.0,0.9906578947368421,0.05,0.2522470589232838,0.08161601648060234,0.003872001077412139,0.06193530567917476,0.24837505784587166,20,380,w1_no_operating_threshold,nan,nan,nan,,,,,,,,
JVS_JVSMuSiC,hubert_l6,6,67,cos_om_none,cosine,pooled_train_midpoint,none,none,e757c86c7575a3edf5e8,0.3,0.85,0.5654411764705882,3.05,2.0,0.8556578947368421,0.1539473684210526,-0.32718324535666377,0.14999292295488384,-0.516806164162381,0.12213266822025327,0.18962291880571724,20,380,dev_speakers,-0.15428959754677735,0.007894736842105263,0.1,,,jvs001;jvs002;jvs003;jvs004;jvs008;jvs009;jvs011;jvs012;jvs013;jvs014;jvs015;jvs017;jvs020;jvs022;jvs023;jvs025;jvs026;jvs027;jvs029;jvs032;jvs033;jvs037;jvs038;jvs039;jvs043;jvs046;jvs048;jvs051;jvs054;jvs055;jvs056;jvs057;jvs058;jvs059;jvs060;jvs061;jvs062;jvs064;jvs065;jvs068;jvs069;jvs070;jvs071;jvs073;jvs075;jvs078;jvs080;jvs082;jvs083;jvs084;jvs086;jvs087;jvs088;jvs090;jvs091;jvs093;jvs095;jvs097;jvs099;jvs100,jvs006;jvs007;jvs019;jvs024;jvs030;jvs034;jvs035;jvs036;jvs040;jvs050;jvs063;jvs067;jvs072;jvs076;jvs077;jvs079;jvs089;jvs094;jvs096;jvs098,jvs005;jvs010;jvs016;jvs018;jvs021;jvs028;jvs031;jvs041;jvs042;jvs044;jvs045;jvs047;jvs049;jvs052;jvs053;jvs066;jvs074;jvs081;jvs085;jvs092,m1_om,0,copied_from_identity_residual_metric_robustness_2026-07-13
JVS_JVSMuSiC,hubert_l6,6,67,cos_o0_query,cosine,zero,query,none,e757c86c7575a3edf5e8,0.55,0.9,0.7266666666666667,2.0,1.0,0.906578947368421,0.1881578947368421,0.9936521682210195,0.0017014169649849128,0.9893300658829449,0.003721404858177938,0.004322102338074618,20,380,dev_speakers,0.9951110146652429,0.007894736842105263,0.2,,,jvs001;jvs002;jvs003;jvs004;jvs008;jvs009;jvs011;jvs012;jvs013;jvs014;jvs015;jvs017;jvs020;jvs022;jvs023;jvs025;jvs026;jvs027;jvs029;jvs032;jvs033;jvs037;jvs038;jvs039;jvs043;jvs046;jvs048;jvs051;jvs054;jvs055;jvs056;jvs057;jvs058;jvs059;jvs060;jvs061;jvs062;jvs064;jvs065;jvs068;jvs069;jvs070;jvs071;jvs073;jvs075;jvs078;jvs080;jvs082;jvs083;jvs084;jvs086;jvs087;jvs088;jvs090;jvs091;jvs093;jvs095;jvs097;jvs099;jvs100,jvs006;jvs007;jvs019;jvs024;jvs030;jvs034;jvs035;jvs036;jvs040;jvs050;jvs063;jvs067;jvs072;jvs076;jvs077;jvs079;jvs089;jvs094;jvs096;jvs098,jvs005;jvs010;jvs016;jvs018;jvs021;jvs028;jvs031;jvs041;jvs042;jvs044;jvs045;jvs047;jvs049;jvs052;jvs053;jvs066;jvs074;jvs081;jvs085;jvs092,m1_o0,1,copied_from_identity_residual_metric_robustness_2026-07-13
JVS_JVSMuSiC,hubert_l6,6,71,wcos_diag_none,diagonal_whitened_cosine,pooled_train_midpoint,none,diagonal_variance,32a48f21b40f2555566e,0.6,0.9,0.7254761904761905,2.45,1.0,0.8798684210526316,0.19078947368421054,-0.13141010274901915,0.13174043027865837,-0.31589723996686403,0.10226575662439664,0.18448713721784488,20,380,w1_no_operating_threshold,nan,nan,nan,,,,,,,,
JVS_JVSMuSiC,hubert_l6,6,71,wcos_diag_query,diagonal_whitened_cosine,pooled_train_midpoint,query,diagonal_variance,32a48f21b40f2555566e,0.65,1.0,0.7741666666666667,1.8,1.0,0.9555263157894737,0.14210526315789473,0.5124988268666739,0.05725844615632552,0.33627550084105773,0.089232424411572,0.1762233260256162,20,380,w1_no_operating_threshold,nan,nan,nan,,,,,,,,
JVS_JVSMuSiC,hubert_l6,6,71,wcos_oas_none,oas_whitened_cosine,pooled_train_midpoint,none,OAS,7b8f2ac6fb820ec1f20b,0.95,1.0,0.975,1.05,1.0,0.9943421052631579,0.04473684210526316,0.21892094424456782,0.06548784663526318,-0.002805042326650982,0.06333154873864456,0.2217259865712188,20,380,w1_no_operating_threshold,nan,nan,nan,,,,,,,,
JVS_JVSMuSiC,hubert_l6,6,71,wcos_oas_query,oas_whitened_cosine,pooled_train_midpoint,query,OAS,7b8f2ac6fb820ec1f20b,0.95,1.0,0.975,1.05,1.0,0.9943421052631579,0.04473684210526316,0.21944133616891773,0.06547520543565342,-0.0022868680695121955,0.0633381938767697,0.22172820423842993,20,380,w1_no_operating_threshold,nan,nan,nan,,,,,,,,
JVS_JVSMuSiC,hubert_l6,6,71,cos_om_none,cosine,pooled_train_midpoint,none,none,d04539253616ebcd6585,0.35,0.85,0.5284343434343434,3.3,3.0,0.8522368421052632,0.20526315789473684,-0.3656512908196664,0.13702171282736195,-0.5479638630239927,0.11859759612100533,0.18231257220432628,20,380,dev_speakers,-0.17408900347869258,0.007894736842105263,0.1,,,jvs002;jvs003;jvs004;jvs005;jvs006;jvs010;jvs011;jvs012;jvs013;jvs014;jvs016;jvs018;jvs019;jvs021;jvs022;jvs024;jvs025;jvs026;jvs027;jvs029;jvs031;jvs032;jvs034;jvs037;jvs039;jvs042;jvs043;jvs044;jvs045;jvs047;jvs048;jvs049;jvs050;jvs052;jvs053;jvs054;jvs055;jvs059;jvs061;jvs062;jvs065;jvs066;jvs067;jvs068;jvs069;jvs070;jvs073;jvs074;jvs075;jvs077;jvs079;jvs080;jvs083;jvs084;jvs086;jvs088;jvs089;jvs092;jvs093;jvs098,jvs008;jvs015;jvs020;jvs023;jvs035;jvs038;jvs040;jvs041;jvs056;jvs057;jvs058;jvs060;jvs063;jvs064;jvs072;jvs076;jvs078;jvs081;jvs099;jvs100,jvs001;jvs007;jvs009;jvs017;jvs028;jvs030;jvs033;jvs036;jvs046;jvs051;jvs071;jvs082;jvs085;jvs087;jvs090;jvs091;jvs094;jvs095;jvs096;jvs097,m1_om,0,copied_from_identity_residual_metric_robustness_2026-07-13
JVS_JVSMuSiC,hubert_l6,6,71,cos_o0_query,cosine,zero,query,none,d04539253616ebcd6585,0.45,0.8,0.6221428571428571,3.3,2.0,0.8355263157894737,0.2,0.9929695582301674,0.0029676465097322707,0.9887417959524046,0.0041145771658375125,0.004227762277762781,20,380,dev_speakers,0.9951091037050492,0.007894736842105263,0.25,,,jvs002;jvs003;jvs004;jvs005;jvs006;jvs010;jvs011;jvs012;jvs013;jvs014;jvs016;jvs018;jvs019;jvs021;jvs022;jvs024;jvs025;jvs026;jvs027;jvs029;jvs031;jvs032;jvs034;jvs037;jvs039;jvs042;jvs043;jvs044;jvs045;jvs047;jvs048;jvs049;jvs050;jvs052;jvs053;jvs054;jvs055;jvs059;jvs061;jvs062;jvs065;jvs066;jvs067;jvs068;jvs069;jvs070;jvs073;jvs074;jvs075;jvs077;jvs079;jvs080;jvs083;jvs084;jvs086;jvs088;jvs089;jvs092;jvs093;jvs098,jvs008;jvs015;jvs020;jvs023;jvs035;jvs038;jvs040;jvs041;jvs056;jvs057;jvs058;jvs060;jvs063;jvs064;jvs072;jvs076;jvs078;jvs081;jvs099;jvs100,jvs001;jvs007;jvs009;jvs017;jvs028;jvs030;jvs033;jvs036;jvs046;jvs051;jvs071;jvs082;jvs085;jvs087;jvs090;jvs091;jvs094;jvs095;jvs096;jvs097,m1_o0,1,copied_from_identity_residual_metric_robustness_2026-07-13
JVS_JVSMuSiC,hubert_l6,6,73,wcos_diag_none,diagonal_whitened_cosine,pooled_train_midpoint,none,diagonal_variance,1510f3ed9f2d49b9bf7f,0.4,0.8,0.5876984126984126,2.9,2.0,0.8535526315789473,0.24736842105263157,-0.157626500057583,0.1329790771141604,-0.33430054451322666,0.11137125386019148,0.17667404445564366,20,380,w1_no_operating_threshold,nan,nan,nan,,,,,,,,
JVS_JVSMuSiC,hubert_l6,6,73,wcos_diag_query,diagonal_whitened_cosine,pooled_train_midpoint,query,diagonal_variance,1510f3ed9f2d49b9bf7f,0.9,0.95,0.9183333333333333,1.45,1.0,0.9618421052631579,0.1381578947368421,0.5347369711501637,0.05176890367529702,0.3562358253035007,0.09371463375045926,0.17850114584666305,20,380,w1_no_operating_threshold,nan,nan,nan,,,,,,,,
JVS_JVSMuSiC,hubert_l6,6,73,wcos_oas_none,oas_whitened_cosine,pooled_train_midpoint,none,OAS,e8125d605a835cffc0ea,1.0,1.0,1.0,1.0,1.0,0.9978947368421053,0.009210526315789473,0.26170088585419404,0.06856682019488558,0.00982268092512204,0.06394602934853542,0.251878204929072,20,380,w1_no_operating_threshold,nan,nan,nan,,,,,,,,
JVS_JVSMuSiC,hubert_l6,6,73,wcos_oas_query,oas_whitened_cosine,pooled_train_midpoint,query,OAS,e8125d605a835cffc0ea,1.0,1.0,1.0,1.0,1.0,0.9978947368421053,0.009210526315789473,0.26224609323699777,0.06849827047041789,0.010366946740018958,0.06394117706692186,0.2518791464969788,20,380,w1_no_operating_threshold,nan,nan,nan,,,,,,,,
JVS_JVSMuSiC,hubert_l6,6,73,cos_om_none,cosine,pooled_train_midpoint,none,none,780076eea6ba8d03549f,0.3,0.8,0.5365079365079366,3.0,2.0,0.8210526315789474,0.25,-0.3640565338396462,0.16540153296121848,-0.5503910498227921,0.14487769342678705,0.18633451598314588,20,380,dev_speakers,-0.18233600385513885,0.007894736842105263,0.15,,,jvs001;jvs002;jvs005;jvs006;jvs009;jvs011;jvs012;jvs013;jvs017;jvs018;jvs019;jvs020;jvs021;jvs023;jvs025;jvs026;jvs027;jvs032;jvs034;jvs035;jvs036;jvs037;jvs038;jvs039;jvs042;jvs043;jvs048;jvs050;jvs052;jvs058;jvs059;jvs062;jvs063;jvs064;jvs067;jvs068;jvs069;jvs071;jvs072;jvs076;jvs077;jvs079;jvs080;jvs081;jvs082;jvs083;jvs084;jvs086;jvs087;jvs088;jvs089;jvs090;jvs091;jvs094;jvs095;jvs096;jvs097;jvs098;jvs099;jvs100,jvs003;jvs015;jvs016;jvs022;jvs024;jvs028;jvs029;jvs030;jvs031;jvs044;jvs045;jvs047;jvs049;jvs053;jvs057;jvs060;jvs073;jvs075;jvs078;jvs093,jvs004;jvs007;jvs008;jvs010;jvs014;jvs033;jvs040;jvs041;jvs046;jvs051;jvs054;jvs055;jvs056;jvs061;jvs065;jvs066;jvs070;jvs074;jvs085;jvs092,m1_om,0,copied_from_identity_residual_metric_robustness_2026-07-13
JVS_JVSMuSiC,hubert_l6,6,73,cos_o0_query,cosine,zero,query,none,780076eea6ba8d03549f,0.7,0.85,0.7660256410256411,2.8,1.0,0.8803947368421052,0.20526315789473684,0.9941350988707462,0.002113589728547066,0.9897683828030202,0.0038496931754170047,0.004366716067726095,20,380,dev_speakers,0.9947113055190047,0.007894736842105263,0.45,,,jvs001;jvs002;jvs005;jvs006;jvs009;jvs011;jvs012;jvs013;jvs017;jvs018;jvs019;jvs020;jvs021;jvs023;jvs025;jvs026;jvs027;jvs032;jvs034;jvs035;jvs036;jvs037;jvs038;jvs039;jvs042;jvs043;jvs048;jvs050;jvs052;jvs058;jvs059;jvs062;jvs063;jvs064;jvs067;jvs068;jvs069;jvs071;jvs072;jvs076;jvs077;jvs079;jvs080;jvs081;jvs082;jvs083;jvs084;jvs086;jvs087;jvs088;jvs089;jvs090;jvs091;jvs094;jvs095;jvs096;jvs097;jvs098;jvs099;jvs100,jvs003;jvs015;jvs016;jvs022;jvs024;jvs028;jvs029;jvs030;jvs031;jvs044;jvs045;jvs047;jvs049;jvs053;jvs057;jvs060;jvs073;jvs075;jvs078;jvs093,jvs004;jvs007;jvs008;jvs010;jvs014;jvs033;jvs040;jvs041;jvs046;jvs051;jvs054;jvs055;jvs056;jvs061;jvs065;jvs066;jvs070;jvs074;jvs085;jvs092,m1_o0,1,copied_from_identity_residual_metric_robustness_2026-07-13
JVS_JVSMuSiC,hubert_l6,6,79,wcos_diag_none,diagonal_whitened_cosine,pooled_train_midpoint,none,diagonal_variance,c53fcf326e4d3687c25e,0.5,0.95,0.63,2.6,1.5,0.8580263157894736,0.20526315789473684,-0.11292627404962427,0.14271431920453365,-0.2984454680528509,0.11335450692301012,0.1855191940032266,20,380,w1_no_operating_threshold,nan,nan,nan,,,,,,,,
JVS_JVSMuSiC,hubert_l6,6,79,wcos_diag_query,diagonal_whitened_cosine,pooled_train_midpoint,query,diagonal_variance,c53fcf326e4d3687c25e,0.8,1.0,0.8683333333333332,1.45,1.0,0.9672368421052632,0.1,0.514298502818055,0.06002721038739435,0.3318303828137078,0.08820749344934864,0.1824681200043472,20,380,w1_no_operating_threshold,nan,nan,nan,,,,,,,,
JVS_JVSMuSiC,hubert_l6,6,79,wcos_oas_none,oas_whitened_cosine,pooled_train_midpoint,none,OAS,d6a3871e3211682f5652,0.95,0.95,0.9583333333333334,1.25,1.0,0.9880263157894736,0.05,0.22822867393292245,0.07783434430361909,0.006038019573270079,0.06272952776007307,0.22219065435965238,20,380,w1_no_operating_threshold,nan,nan,nan,,,,,,,,
JVS_JVSMuSiC,hubert_l6,6,79,wcos_oas_query,oas_whitened_cosine,pooled_train_midpoint,query,OAS,d6a3871e3211682f5652,0.95,0.95,0.9583333333333334,1.25,1.0,0.9880263157894736,0.05,0.22867893841160986,0.07788421982411788,0.006486854881236644,0.06273017708303215,0.2221920835303732,20,380,w1_no_operating_threshold,nan,nan,nan,,,,,,,,
JVS_JVSMuSiC,hubert_l6,6,79,cos_om_none,cosine,pooled_train_midpoint,none,none,d9a8c9d993a64a6f3827,0.2,0.8,0.47916666666666663,3.0,2.0,0.8377631578947369,0.25,-0.33301179922827584,0.14932708961645633,-0.522060257307525,0.1314248383206577,0.1890484580792492,20,380,dev_speakers,-0.12659048489093533,0.007894736842105263,0.1,,,jvs001;jvs002;jvs003;jvs006;jvs007;jvs010;jvs011;jvs012;jvs014;jvs016;jvs018;jvs019;jvs021;jvs022;jvs023;jvs028;jvs029;jvs032;jvs033;jvs034;jvs035;jvs036;jvs037;jvs038;jvs040;jvs047;jvs048;jvs049;jvs050;jvs051;jvs052;jvs053;jvs055;jvs056;jvs057;jvs059;jvs060;jvs062;jvs063;jvs064;jvs065;jvs068;jvs070;jvs072;jvs073;jvs074;jvs075;jvs076;jvs079;jvs080;jvs081;jvs082;jvs086;jvs087;jvs092;jvs093;jvs094;jvs097;jvs098;jvs100,jvs004;jvs005;jvs008;jvs009;jvs020;jvs024;jvs025;jvs026;jvs039;jvs041;jvs043;jvs044;jvs069;jvs077;jvs078;jvs084;jvs088;jvs089;jvs095;jvs099,jvs013;jvs015;jvs017;jvs027;jvs030;jvs031;jvs042;jvs045;jvs046;jvs054;jvs058;jvs061;jvs066;jvs067;jvs071;jvs083;jvs085;jvs090;jvs091;jvs096,m1_om,0,copied_from_identity_residual_metric_robustness_2026-07-13
JVS_JVSMuSiC,hubert_l6,6,79,cos_o0_query,cosine,zero,query,none,d9a8c9d993a64a6f3827,0.7,0.9,0.7806077694235589,2.6,1.0,0.8518421052631578,0.2,0.9929829820228203,0.002927560762065762,0.9884265913340609,0.004233485416445932,0.00455639068875946,20,380,dev_speakers,0.9949343081687669,0.007894736842105263,0.3,,,jvs001;jvs002;jvs003;jvs006;jvs007;jvs010;jvs011;jvs012;jvs014;jvs016;jvs018;jvs019;jvs021;jvs022;jvs023;jvs028;jvs029;jvs032;jvs033;jvs034;jvs035;jvs036;jvs037;jvs038;jvs040;jvs047;jvs048;jvs049;jvs050;jvs051;jvs052;jvs053;jvs055;jvs056;jvs057;jvs059;jvs060;jvs062;jvs063;jvs064;jvs065;jvs068;jvs070;jvs072;jvs073;jvs074;jvs075;jvs076;jvs079;jvs080;jvs081;jvs082;jvs086;jvs087;jvs092;jvs093;jvs094;jvs097;jvs098;jvs100,jvs004;jvs005;jvs008;jvs009;jvs020;jvs024;jvs025;jvs026;jvs039;jvs041;jvs043;jvs044;jvs069;jvs077;jvs078;jvs084;jvs088;jvs089;jvs095;jvs099,jvs013;jvs015;jvs017;jvs027;jvs030;jvs031;jvs042;jvs045;jvs046;jvs054;jvs058;jvs061;jvs066;jvs067;jvs071;jvs083;jvs085;jvs090;jvs091;jvs096,m1_o0,1,copied_from_identity_residual_metric_robustness_2026-07-13
JVS_JVSMuSiC,hubert_l6,6,83,wcos_diag_none,diagonal_whitened_cosine,pooled_train_midpoint,none,diagonal_variance,5bbfe0f7849f9afd9a93,0.5,0.9,0.6591883116883117,2.6,1.5,0.88,0.2,-0.09976719477864301,0.13478376257841787,-0.30485999182514867,0.10688494404098171,0.20509279704650565,20,380,w1_no_operating_threshold,nan,nan,nan,,,,,,,,
JVS_JVSMuSiC,hubert_l6,6,83,wcos_diag_query,diagonal_whitened_cosine,pooled_train_midpoint,query,diagonal_variance,5bbfe0f7849f9afd9a93,0.75,0.9,0.8088095238095236,1.95,1.0,0.953421052631579,0.1105263157894737,0.5068793258836255,0.07665544551334771,0.3077316425084961,0.09457278163594307,0.1991476833751294,20,380,w1_no_operating_threshold,nan,nan,nan,,,,,,,,
JVS_JVSMuSiC,hubert_l6,6,83,wcos_oas_none,oas_whitened_cosine,pooled_train_midpoint,none,OAS,99dd6568c64c97f0d574,0.85,1.0,0.9041666666666666,1.3,1.0,0.9893421052631579,0.05,0.21944246232678566,0.08409555789624071,0.003816518236750993,0.06595197244037472,0.21562594409003466,20,380,w1_no_operating_threshold,nan,nan,nan,,,,,,,,
JVS_JVSMuSiC,hubert_l6,6,83,wcos_oas_query,oas_whitened_cosine,pooled_train_midpoint,query,OAS,99dd6568c64c97f0d574,0.85,1.0,0.9041666666666666,1.3,1.0,0.9892105263157894,0.05,0.21997098659537723,0.08409254865792846,0.0043450949657766885,0.06595055123619054,0.21562589162960055,20,380,w1_no_operating_threshold,nan,nan,nan,,,,,,,,
JVS_JVSMuSiC,hubert_l6,6,83,cos_om_none,cosine,pooled_train_midpoint,none,none,5dc3d1111c3e8229cc74,0.35,0.8,0.5530555555555556,3.45,2.0,0.8593421052631579,0.2,-0.3114566365855461,0.13252580716166032,-0.5196629141793245,0.1369323286356529,0.2082062775937784,20,380,dev_speakers,-0.13379344514392835,0.007894736842105263,0.1,,,jvs002;jvs003;jvs004;jvs005;jvs010;jvs011;jvs013;jvs014;jvs017;jvs018;jvs019;jvs022;jvs024;jvs025;jvs026;jvs029;jvs030;jvs033;jvs034;jvs035;jvs037;jvs039;jvs040;jvs043;jvs044;jvs046;jvs047;jvs048;jvs049;jvs050;jvs051;jvs052;jvs054;jvs055;jvs057;jvs058;jvs060;jvs061;jvs062;jvs063;jvs064;jvs065;jvs068;jvs069;jvs070;jvs073;jvs074;jvs078;jvs079;jvs082;jvs083;jvs084;jvs087;jvs088;jvs089;jvs090;jvs092;jvs096;jvs097;jvs099,jvs007;jvs008;jvs015;jvs016;jvs020;jvs021;jvs023;jvs031;jvs032;jvs041;jvs042;jvs045;jvs056;jvs066;jvs067;jvs075;jvs080;jvs091;jvs093;jvs098,jvs001;jvs006;jvs009;jvs012;jvs027;jvs028;jvs036;jvs038;jvs053;jvs059;jvs071;jvs072;jvs076;jvs077;jvs081;jvs085;jvs086;jvs094;jvs095;jvs100,m1_om,0,copied_from_identity_residual_metric_robustness_2026-07-13
JVS_JVSMuSiC,hubert_l6,6,83,cos_o0_query,cosine,zero,query,none,5dc3d1111c3e8229cc74,0.6,0.9,0.7421428571428571,2.05,1.0,0.9010526315789473,0.15,0.9933113217743076,0.002590686438944308,0.9885552958499382,0.003635363806136968,0.004756025924369411,20,380,dev_speakers,0.9945065936472943,0.007894736842105263,0.4,,,jvs002;jvs003;jvs004;jvs005;jvs010;jvs011;jvs013;jvs014;jvs017;jvs018;jvs019;jvs022;jvs024;jvs025;jvs026;jvs029;jvs030;jvs033;jvs034;jvs035;jvs037;jvs039;jvs040;jvs043;jvs044;jvs046;jvs047;jvs048;jvs049;jvs050;jvs051;jvs052;jvs054;jvs055;jvs057;jvs058;jvs060;jvs061;jvs062;jvs063;jvs064;jvs065;jvs068;jvs069;jvs070;jvs073;jvs074;jvs078;jvs079;jvs082;jvs083;jvs084;jvs087;jvs088;jvs089;jvs090;jvs092;jvs096;jvs097;jvs099,jvs007;jvs008;jvs015;jvs016;jvs020;jvs021;jvs023;jvs031;jvs032;jvs041;jvs042;jvs045;jvs056;jvs066;jvs067;jvs075;jvs080;jvs091;jvs093;jvs098,jvs001;jvs006;jvs009;jvs012;jvs027;jvs028;jvs036;jvs038;jvs053;jvs059;jvs071;jvs072;jvs076;jvs077;jvs081;jvs085;jvs086;jvs094;jvs095;jvs100,m1_o0,1,copied_from_identity_residual_metric_robustness_2026-07-13
JVS_JVSMuSiC,hubert_l6,6,89,wcos_diag_none,diagonal_whitened_cosine,pooled_train_midpoint,none,diagonal_variance,7ea84b3eb2dd3f033dde,0.2,0.9,0.5055128205128205,3.0,2.0,0.8789473684210526,0.19473684210526315,-0.1593634392982237,0.13594331905821172,-0.33156738572303046,0.09622915066654818,0.17220394642480677,20,380,w1_no_operating_threshold,nan,nan,nan,,,,,,,,
JVS_JVSMuSiC,hubert_l6,6,89,wcos_diag_query,diagonal_whitened_cosine,pooled_train_midpoint,query,diagonal_variance,7ea84b3eb2dd3f033dde,0.85,0.95,0.8979166666666666,1.5,1.0,0.9571052631578948,0.09736842105263158,0.5041154246051941,0.06811766127644818,0.32652326228716233,0.08873619976754066,0.17759216231803177,20,380,w1_no_operating_threshold,nan,nan,nan,,,,,,,,
JVS_JVSMuSiC,hubert_l6,6,89,wcos_oas_none,oas_whitened_cosine,pooled_train_midpoint,none,OAS,aecadfc7c50a6f510c8d,0.85,1.0,0.9166666666666666,1.2,1.0,0.9951315789473684,0.04210526315789474,0.24893400539807184,0.06856223755596187,0.013452306863293063,0.06487631454018047,0.23548169853477877,20,380,w1_no_operating_threshold,nan,nan,nan,,,,,,,,
JVS_JVSMuSiC,hubert_l6,6,89,wcos_oas_query,oas_whitened_cosine,pooled_train_midpoint,query,OAS,aecadfc7c50a6f510c8d,0.85,1.0,0.9166666666666666,1.2,1.0,0.9951315789473684,0.04210526315789474,0.2494849965887272,0.06850451089901059,0.014000827827534519,0.06488019857319334,0.23548416876119269,20,380,w1_no_operating_threshold,nan,nan,nan,,,,,,,,
JVS_JVSMuSiC,hubert_l6,6,89,cos_om_none,cosine,pooled_train_midpoint,none,none,506c62ef192538622b8a,0.3,0.8,0.5416287878787879,3.15,2.0,0.8606578947368421,0.25,-0.3792532125444066,0.13866386807470601,-0.5626358226266179,0.10535209154360281,0.18338261008221135,20,380,dev_speakers,-0.1523824786034753,0.007894736842105263,0.1,,,jvs001;jvs002;jvs003;jvs005;jvs008;jvs009;jvs010;jvs013;jvs014;jvs015;jvs016;jvs018;jvs019;jvs021;jvs024;jvs025;jvs026;jvs028;jvs029;jvs030;jvs031;jvs033;jvs036;jvs037;jvs038;jvs042;jvs043;jvs044;jvs046;jvs047;jvs049;jvs052;jvs054;jvs056;jvs058;jvs060;jvs061;jvs063;jvs064;jvs065;jvs067;jvs071;jvs072;jvs073;jvs074;jvs076;jvs078;jvs079;jvs080;jvs081;jvs083;jvs084;jvs085;jvs086;jvs091;jvs094;jvs095;jvs096;jvs099;jvs100,jvs020;jvs022;jvs034;jvs039;jvs040;jvs041;jvs045;jvs048;jvs051;jvs053;jvs055;jvs069;jvs070;jvs077;jvs082;jvs087;jvs088;jvs090;jvs093;jvs098,jvs004;jvs006;jvs007;jvs011;jvs012;jvs017;jvs023;jvs027;jvs032;jvs035;jvs050;jvs057;jvs059;jvs062;jvs066;jvs068;jvs075;jvs089;jvs092;jvs097,m1_om,0,copied_from_identity_residual_metric_robustness_2026-07-13
JVS_JVSMuSiC,hubert_l6,6,89,cos_o0_query,cosine,zero,query,none,506c62ef192538622b8a,0.65,0.9,0.7711111111111111,2.2,1.0,0.9114473684210527,0.20921052631578949,0.9941661355878321,0.0015695389381210347,0.9900953375088387,0.002702028708640206,0.004070798078993354,20,380,dev_speakers,0.9954338408333354,0.007894736842105263,0.3,,,jvs001;jvs002;jvs003;jvs005;jvs008;jvs009;jvs010;jvs013;jvs014;jvs015;jvs016;jvs018;jvs019;jvs021;jvs024;jvs025;jvs026;jvs028;jvs029;jvs030;jvs031;jvs033;jvs036;jvs037;jvs038;jvs042;jvs043;jvs044;jvs046;jvs047;jvs049;jvs052;jvs054;jvs056;jvs058;jvs060;jvs061;jvs063;jvs064;jvs065;jvs067;jvs071;jvs072;jvs073;jvs074;jvs076;jvs078;jvs079;jvs080;jvs081;jvs083;jvs084;jvs085;jvs086;jvs091;jvs094;jvs095;jvs096;jvs099;jvs100,jvs020;jvs022;jvs034;jvs039;jvs040;jvs041;jvs045;jvs048;jvs051;jvs053;jvs055;jvs069;jvs070;jvs077;jvs082;jvs087;jvs088;jvs090;jvs093;jvs098,jvs004;jvs006;jvs007;jvs011;jvs012;jvs017;jvs023;jvs027;jvs032;jvs035;jvs050;jvs057;jvs059;jvs062;jvs066;jvs068;jvs075;jvs089;jvs092;jvs097,m1_o0,1,copied_from_identity_residual_metric_robustness_2026-07-13
JVS_JVSMuSiC,hubert_l6,6,97,wcos_diag_none,diagonal_whitened_cosine,pooled_train_midpoint,none,diagonal_variance,eded466291fc1677b65d,0.6,0.8,0.713771645021645,2.95,1.0,0.8827631578947368,0.2,-0.14169750892839256,0.10192514115669214,-0.310691051502435,0.09499183740493193,0.16899354257404242,20,380,w1_no_operating_threshold,nan,nan,nan,,,,,,,,
JVS_JVSMuSiC,hubert_l6,6,97,wcos_diag_query,diagonal_whitened_cosine,pooled_train_midpoint,query,diagonal_variance,eded466291fc1677b65d,0.75,0.8,0.8071428571428572,2.1,1.0,0.9152631578947369,0.1986842105263158,0.48846148049812455,0.07072968819734815,0.32143322227585264,0.10095338525532836,0.1670282582222719,20,380,w1_no_operating_threshold,nan,nan,nan,,,,,,,,
JVS_JVSMuSiC,hubert_l6,6,97,wcos_oas_none,oas_whitened_cosine,pooled_train_midpoint,none,OAS,edeea17d5432cea8f069,0.85,1.0,0.925,1.15,1.0,0.9882894736842105,0.05,0.21786055759757858,0.07496647236294886,0.00943210841188427,0.06444127989090478,0.2084284491856943,20,380,w1_no_operating_threshold,nan,nan,nan,,,,,,,,
JVS_JVSMuSiC,hubert_l6,6,97,wcos_oas_query,oas_whitened_cosine,pooled_train_midpoint,query,OAS,edeea17d5432cea8f069,0.85,1.0,0.925,1.15,1.0,0.9882894736842105,0.05,0.218372412909165,0.0749751978229022,0.009942486062513594,0.06443321941000998,0.2084299268466514,20,380,w1_no_operating_threshold,nan,nan,nan,,,,,,,,
JVS_JVSMuSiC,hubert_l6,6,97,cos_om_none,cosine,pooled_train_midpoint,none,none,56a9cea803fa2a8442d8,0.4,0.8,0.5526923076923077,3.95,2.5,0.8139473684210526,0.25,-0.3870790597589675,0.12047523242117089,-0.5421860552552393,0.12220684625039895,0.15510699549627183,20,380,dev_speakers,0.02724626247110011,0.007894736842105263,0.0,,,jvs003;jvs004;jvs005;jvs006;jvs007;jvs008;jvs009;jvs010;jvs011;jvs013;jvs014;jvs015;jvs017;jvs018;jvs021;jvs022;jvs023;jvs024;jvs026;jvs029;jvs030;jvs032;jvs034;jvs035;jvs037;jvs038;jvs039;jvs040;jvs043;jvs045;jvs048;jvs049;jvs050;jvs051;jvs052;jvs054;jvs055;jvs057;jvs058;jvs059;jvs066;jvs067;jvs068;jvs069;jvs072;jvs073;jvs074;jvs077;jvs080;jvs081;jvs082;jvs083;jvs086;jvs087;jvs089;jvs090;jvs093;jvs094;jvs096;jvs099,jvs001;jvs002;jvs012;jvs016;jvs027;jvs036;jvs042;jvs053;jvs061;jvs065;jvs070;jvs071;jvs075;jvs076;jvs079;jvs084;jvs091;jvs092;jvs095;jvs098,jvs019;jvs020;jvs025;jvs028;jvs031;jvs033;jvs041;jvs044;jvs046;jvs047;jvs056;jvs060;jvs062;jvs063;jvs064;jvs078;jvs085;jvs088;jvs097;jvs100,m1_om,0,copied_from_identity_residual_metric_robustness_2026-07-13
JVS_JVSMuSiC,hubert_l6,6,97,cos_o0_query,cosine,zero,query,none,56a9cea803fa2a8442d8,0.45,0.8,0.5993650793650793,3.3,2.0,0.8769736842105263,0.20921052631578949,0.9934347162916952,0.0016946523647566054,0.9899885962763597,0.0023989202126957787,0.0034461200153355076,20,380,dev_speakers,0.9947643590259589,0.007894736842105263,0.3,,,jvs003;jvs004;jvs005;jvs006;jvs007;jvs008;jvs009;jvs010;jvs011;jvs013;jvs014;jvs015;jvs017;jvs018;jvs021;jvs022;jvs023;jvs024;jvs026;jvs029;jvs030;jvs032;jvs034;jvs035;jvs037;jvs038;jvs039;jvs040;jvs043;jvs045;jvs048;jvs049;jvs050;jvs051;jvs052;jvs054;jvs055;jvs057;jvs058;jvs059;jvs066;jvs067;jvs068;jvs069;jvs072;jvs073;jvs074;jvs077;jvs080;jvs081;jvs082;jvs083;jvs086;jvs087;jvs089;jvs090;jvs093;jvs094;jvs096;jvs099,jvs001;jvs002;jvs012;jvs016;jvs027;jvs036;jvs042;jvs053;jvs061;jvs065;jvs070;jvs071;jvs075;jvs076;jvs079;jvs084;jvs091;jvs092;jvs095;jvs098,jvs019;jvs020;jvs025;jvs028;jvs031;jvs033;jvs041;jvs044;jvs046;jvs047;jvs056;jvs060;jvs062;jvs063;jvs064;jvs078;jvs085;jvs088;jvs097;jvs100,m1_o0,1,copied_from_identity_residual_metric_robustness_2026-07-13
JVS_JVSMuSiC,mert_l3,3,13,wcos_diag_none,diagonal_whitened_cosine,pooled_train_midpoint,none,diagonal_variance,5ab0fd8be7a97592bfe5,0.4,0.9,0.5951984126984128,2.75,2.0,0.916578947368421,0.15,0.020005197138017447,0.13086990939815366,-0.274230003411176,0.1616805033100532,0.29423520054919344,20,380,w1_no_operating_threshold,nan,nan,nan,,,,,,,,
JVS_JVSMuSiC,mert_l3,3,13,wcos_diag_query,diagonal_whitened_cosine,pooled_train_midpoint,query,diagonal_variance,5ab0fd8be7a97592bfe5,0.7,1.0,0.8016666666666665,1.7,1.0,0.9581578947368421,0.14210526315789473,0.5633483335820337,0.08879375773365789,0.2469494678006645,0.16250296934706757,0.3163988657813692,20,380,w1_no_operating_threshold,nan,nan,nan,,,,,,,,
JVS_JVSMuSiC,mert_l3,3,13,wcos_oas_none,oas_whitened_cosine,pooled_train_midpoint,none,OAS,f6b1744175ded6ca6dba,0.85,0.9,0.8878787878787879,1.8,1.0,0.969078947368421,0.1,0.29484946567187675,0.12375278073892854,0.010971180468408927,0.07819223101654744,0.2838782852034678,20,380,w1_no_operating_threshold,nan,nan,nan,,,,,,,,
JVS_JVSMuSiC,mert_l3,3,13,wcos_oas_query,oas_whitened_cosine,pooled_train_midpoint,query,OAS,f6b1744175ded6ca6dba,0.85,0.9,0.8878787878787879,1.8,1.0,0.9692105263157895,0.1,0.2957648765123223,0.12374326030510048,0.011875172827007351,0.07819928875883665,0.28388970368531496,20,380,w1_no_operating_threshold,nan,nan,nan,,,,,,,,
JVS_JVSMuSiC,mert_l3,3,13,cos_om_none,cosine,pooled_train_midpoint,none,none,81eca7f5384bb57bf7ea,0.3,0.95,0.5505555555555556,2.7,2.0,0.9221052631578948,0.15,-0.009999407147927826,0.1402319754848878,-0.3400044312572359,0.1807344979302435,0.33000502410930804,20,380,dev_speakers,0.20684726090535469,0.007894736842105263,0.05,,,jvs001;jvs002;jvs007;jvs008;jvs014;jvs016;jvs017;jvs018;jvs021;jvs023;jvs024;jvs026;jvs028;jvs029;jvs030;jvs031;jvs033;jvs034;jvs035;jvs037;jvs038;jvs039;jvs040;jvs045;jvs046;jvs048;jvs050;jvs052;jvs053;jvs054;jvs055;jvs056;jvs060;jvs062;jvs064;jvs065;jvs066;jvs067;jvs069;jvs070;jvs073;jvs074;jvs077;jvs078;jvs079;jvs081;jvs082;jvs084;jvs085;jvs087;jvs088;jvs090;jvs091;jvs092;jvs093;jvs094;jvs096;jvs098;jvs099;jvs100,jvs003;jvs004;jvs009;jvs011;jvs012;jvs013;jvs015;jvs025;jvs036;jvs043;jvs047;jvs049;jvs051;jvs059;jvs068;jvs071;jvs075;jvs080;jvs083;jvs089,jvs005;jvs006;jvs010;jvs019;jvs020;jvs022;jvs027;jvs032;jvs041;jvs042;jvs044;jvs057;jvs058;jvs061;jvs063;jvs072;jvs076;jvs086;jvs095;jvs097,m1_om,0,copied_from_identity_residual_metric_robustness_2026-07-13
JVS_JVSMuSiC,mert_l3,3,13,cos_o0_query,cosine,zero,query,none,81eca7f5384bb57bf7ea,0.75,1.0,0.8416666666666666,1.5,1.0,0.9201315789473684,0.19736842105263158,0.9895656737335891,0.004059788309270648,0.9795626507762231,0.0063774600298643165,0.010003022957365992,20,380,dev_speakers,0.9899994148490856,0.007894736842105263,0.55,,,jvs001;jvs002;jvs007;jvs008;jvs014;jvs016;jvs017;jvs018;jvs021;jvs023;jvs024;jvs026;jvs028;jvs029;jvs030;jvs031;jvs033;jvs034;jvs035;jvs037;jvs038;jvs039;jvs040;jvs045;jvs046;jvs048;jvs050;jvs052;jvs053;jvs054;jvs055;jvs056;jvs060;jvs062;jvs064;jvs065;jvs066;jvs067;jvs069;jvs070;jvs073;jvs074;jvs077;jvs078;jvs079;jvs081;jvs082;jvs084;jvs085;jvs087;jvs088;jvs090;jvs091;jvs092;jvs093;jvs094;jvs096;jvs098;jvs099;jvs100,jvs003;jvs004;jvs009;jvs011;jvs012;jvs013;jvs015;jvs025;jvs036;jvs043;jvs047;jvs049;jvs051;jvs059;jvs068;jvs071;jvs075;jvs080;jvs083;jvs089,jvs005;jvs006;jvs010;jvs019;jvs020;jvs022;jvs027;jvs032;jvs041;jvs042;jvs044;jvs057;jvs058;jvs061;jvs063;jvs072;jvs076;jvs086;jvs095;jvs097,m1_o0,1,copied_from_identity_residual_metric_robustness_2026-07-13
JVS_JVSMuSiC,mert_l3,3,17,wcos_diag_none,diagonal_whitened_cosine,pooled_train_midpoint,none,diagonal_variance,b877add14c840e1e2dca,0.5,0.95,0.6412121212121212,2.7,1.5,0.8873684210526316,0.2,0.03031627289654449,0.16955094740512033,-0.26334458667937943,0.16993305880702406,0.2936608595759239,20,380,w1_no_operating_threshold,nan,nan,nan,,,,,,,,
JVS_JVSMuSiC,mert_l3,3,17,wcos_diag_query,diagonal_whitened_cosine,pooled_train_midpoint,query,diagonal_variance,b877add14c840e1e2dca,0.7,0.9,0.7754761904761904,2.05,1.0,0.9532894736842106,0.14210526315789473,0.5843172781795766,0.08710650078420601,0.2796844321281484,0.17121873315701294,0.30463284605142815,20,380,w1_no_operating_threshold,nan,nan,nan,,,,,,,,
JVS_JVSMuSiC,mert_l3,3,17,wcos_oas_none,oas_whitened_cosine,pooled_train_midpoint,none,OAS,5179e35f9f791af4b110,1.0,1.0,1.0,1.0,1.0,0.9967105263157895,0.043421052631578944,0.29656560821284955,0.09235360232135094,0.004806986156166047,0.07371341799305009,0.2917586220566835,20,380,w1_no_operating_threshold,nan,nan,nan,,,,,,,,
JVS_JVSMuSiC,mert_l3,3,17,wcos_oas_query,oas_whitened_cosine,pooled_train_midpoint,query,OAS,5179e35f9f791af4b110,1.0,1.0,1.0,1.0,1.0,0.9964473684210526,0.04473684210526316,0.29737137851082734,0.09232732052893682,0.005597210474368338,0.07372371009281235,0.291774168036459,20,380,w1_no_operating_threshold,nan,nan,nan,,,,,,,,
JVS_JVSMuSiC,mert_l3,3,17,cos_om_none,cosine,pooled_train_midpoint,none,none,d084ffe69b04245b06b7,0.25,0.95,0.5296428571428572,2.55,2.0,0.8990789473684211,0.20921052631578949,0.010236515024200823,0.17791420605192235,-0.3237259830857944,0.2006216485825102,0.33396249810999523,20,380,dev_speakers,0.2916466922828311,0.007894736842105263,0.05,,,jvs003;jvs006;jvs008;jvs012;jvs013;jvs014;jvs015;jvs016;jvs017;jvs018;jvs019;jvs020;jvs021;jvs022;jvs023;jvs024;jvs027;jvs028;jvs029;jvs031;jvs032;jvs033;jvs035;jvs036;jvs039;jvs041;jvs043;jvs044;jvs046;jvs047;jvs049;jvs051;jvs052;jvs053;jvs054;jvs055;jvs058;jvs059;jvs061;jvs062;jvs064;jvs066;jvs067;jvs068;jvs070;jvs071;jvs072;jvs074;jvs077;jvs078;jvs079;jvs081;jvs084;jvs085;jvs088;jvs094;jvs095;jvs098;jvs099;jvs100,jvs001;jvs004;jvs005;jvs007;jvs009;jvs010;jvs025;jvs026;jvs034;jvs037;jvs038;jvs045;jvs057;jvs060;jvs082;jvs087;jvs089;jvs092;jvs093;jvs096,jvs002;jvs011;jvs030;jvs040;jvs042;jvs048;jvs050;jvs056;jvs063;jvs065;jvs069;jvs073;jvs075;jvs076;jvs080;jvs083;jvs086;jvs090;jvs091;jvs097,m1_om,0,copied_from_identity_residual_metric_robustness_2026-07-13
JVS_JVSMuSiC,mert_l3,3,17,cos_o0_query,cosine,zero,query,none,d084ffe69b04245b06b7,0.8,0.9,0.84375,2.1,1.0,0.9331578947368421,0.15,0.990148086433798,0.0034132838337813014,0.9801001215193325,0.0074620327142898065,0.01004796491446558,20,380,dev_speakers,0.9908245581164615,0.007894736842105263,0.45,,,jvs003;jvs006;jvs008;jvs012;jvs013;jvs014;jvs015;jvs016;jvs017;jvs018;jvs019;jvs020;jvs021;jvs022;jvs023;jvs024;jvs027;jvs028;jvs029;jvs031;jvs032;jvs033;jvs035;jvs036;jvs039;jvs041;jvs043;jvs044;jvs046;jvs047;jvs049;jvs051;jvs052;jvs053;jvs054;jvs055;jvs058;jvs059;jvs061;jvs062;jvs064;jvs066;jvs067;jvs068;jvs070;jvs071;jvs072;jvs074;jvs077;jvs078;jvs079;jvs081;jvs084;jvs085;jvs088;jvs094;jvs095;jvs098;jvs099;jvs100,jvs001;jvs004;jvs005;jvs007;jvs009;jvs010;jvs025;jvs026;jvs034;jvs037;jvs038;jvs045;jvs057;jvs060;jvs082;jvs087;jvs089;jvs092;jvs093;jvs096,jvs002;jvs011;jvs030;jvs040;jvs042;jvs048;jvs050;jvs056;jvs063;jvs065;jvs069;jvs073;jvs075;jvs076;jvs080;jvs083;jvs086;jvs090;jvs091;jvs097,m1_o0,1,copied_from_identity_residual_metric_robustness_2026-07-13
JVS_JVSMuSiC,mert_l3,3,19,wcos_diag_none,diagonal_whitened_cosine,pooled_train_midpoint,none,diagonal_variance,9806a725275dd7f74fed,0.4,0.9,0.6013095238095238,2.7,2.0,0.8725,0.18947368421052632,-0.01811609083146678,0.17865023485946874,-0.29536451214608733,0.1683614233166838,0.2772484213146206,20,380,w1_no_operating_threshold,nan,nan,nan,,,,,,,,
JVS_JVSMuSiC,mert_l3,3,19,wcos_diag_query,diagonal_whitened_cosine,pooled_train_midpoint,query,diagonal_variance,9806a725275dd7f74fed,0.75,1.0,0.8433333333333334,1.5,1.0,0.9446052631578947,0.10789473684210527,0.5978675098485834,0.0925841133356431,0.3199012004792924,0.15215917329290096,0.277966309369291,20,380,w1_no_operating_threshold,nan,nan,nan,,,,,,,,
JVS_JVSMuSiC,mert_l3,3,19,wcos_oas_none,oas_whitened_cosine,pooled_train_midpoint,none,OAS,d57c6d93f04a9295ab17,0.95,1.0,0.9625,1.15,1.0,0.9890789473684211,0.05,0.2902757946757585,0.09640135259094214,0.0031868777967536265,0.08061828656681895,0.28708891687900484,20,380,w1_no_operating_threshold,nan,nan,nan,,,,,,,,
JVS_JVSMuSiC,mert_l3,3,19,wcos_oas_query,oas_whitened_cosine,pooled_train_midpoint,query,OAS,d57c6d93f04a9295ab17,0.95,1.0,0.9625,1.15,1.0,0.9889473684210527,0.05,0.29121174518658577,0.09630617146770139,0.004109503946084738,0.08059978085443173,0.28710224124050104,20,380,w1_no_operating_threshold,nan,nan,nan,,,,,,,,
JVS_JVSMuSiC,mert_l3,3,19,cos_om_none,cosine,pooled_train_midpoint,none,none,6e98660f53e1eb5910ab,0.25,0.9,0.5050216450216449,3.05,2.5,0.8676315789473684,0.20526315789473684,-0.05548570996516002,0.1907875987351786,-0.35754998533623733,0.19130196734035082,0.30206427537107733,20,380,dev_speakers,0.2896797814975913,0.007894736842105263,0.05,,,jvs001;jvs002;jvs004;jvs005;jvs006;jvs007;jvs008;jvs011;jvs016;jvs017;jvs018;jvs019;jvs020;jvs022;jvs025;jvs026;jvs027;jvs029;jvs031;jvs032;jvs033;jvs035;jvs036;jvs037;jvs038;jvs041;jvs043;jvs045;jvs047;jvs048;jvs053;jvs054;jvs058;jvs060;jvs061;jvs063;jvs064;jvs066;jvs067;jvs068;jvs069;jvs070;jvs071;jvs074;jvs076;jvs078;jvs079;jvs081;jvs082;jvs085;jvs087;jvs089;jvs091;jvs093;jvs094;jvs095;jvs096;jvs097;jvs098;jvs100,jvs010;jvs012;jvs013;jvs014;jvs015;jvs021;jvs024;jvs028;jvs034;jvs042;jvs044;jvs049;jvs050;jvs057;jvs059;jvs072;jvs075;jvs077;jvs086;jvs090,jvs003;jvs009;jvs023;jvs030;jvs039;jvs040;jvs046;jvs051;jvs052;jvs055;jvs056;jvs062;jvs065;jvs073;jvs080;jvs083;jvs084;jvs088;jvs092;jvs099,m1_om,0,copied_from_identity_residual_metric_robustness_2026-07-13
JVS_JVSMuSiC,mert_l3,3,19,cos_o0_query,cosine,zero,query,none,6e98660f53e1eb5910ab,0.55,0.9,0.7045454545454545,2.3,1.0,0.9039473684210526,0.2,0.9891716678284554,0.003833750376541418,0.9800149113281302,0.007293765624808125,0.009156756500325214,20,380,dev_speakers,0.9893749538725273,0.007894736842105263,0.45,,,jvs001;jvs002;jvs004;jvs005;jvs006;jvs007;jvs008;jvs011;jvs016;jvs017;jvs018;jvs019;jvs020;jvs022;jvs025;jvs026;jvs027;jvs029;jvs031;jvs032;jvs033;jvs035;jvs036;jvs037;jvs038;jvs041;jvs043;jvs045;jvs047;jvs048;jvs053;jvs054;jvs058;jvs060;jvs061;jvs063;jvs064;jvs066;jvs067;jvs068;jvs069;jvs070;jvs071;jvs074;jvs076;jvs078;jvs079;jvs081;jvs082;jvs085;jvs087;jvs089;jvs091;jvs093;jvs094;jvs095;jvs096;jvs097;jvs098;jvs100,jvs010;jvs012;jvs013;jvs014;jvs015;jvs021;jvs024;jvs028;jvs034;jvs042;jvs044;jvs049;jvs050;jvs057;jvs059;jvs072;jvs075;jvs077;jvs086;jvs090,jvs003;jvs009;jvs023;jvs030;jvs039;jvs040;jvs046;jvs051;jvs052;jvs055;jvs056;jvs062;jvs065;jvs073;jvs080;jvs083;jvs084;jvs088;jvs092;jvs099,m1_o0,1,copied_from_identity_residual_metric_robustness_2026-07-13
JVS_JVSMuSiC,mert_l3,3,23,wcos_diag_none,diagonal_whitened_cosine,pooled_train_midpoint,none,diagonal_variance,e1bca55eafe1e611158b,0.45,1.0,0.6433333333333333,2.15,2.0,0.900921052631579,0.2,0.03278446055344976,0.18351477418876255,-0.2817014150504076,0.16344291795679694,0.3144858756038573,20,380,w1_no_operating_threshold,nan,nan,nan,,,,,,,,
JVS_JVSMuSiC,mert_l3,3,23,wcos_diag_query,diagonal_whitened_cosine,pooled_train_midpoint,query,diagonal_variance,e1bca55eafe1e611158b,0.95,1.0,0.96,1.2,1.0,0.9859210526315789,0.05131578947368421,0.6074313611731624,0.05845633496400596,0.27485067230213917,0.17356583408909415,0.33258068887102327,20,380,w1_no_operating_threshold,nan,nan,nan,,,,,,,,
JVS_JVSMuSiC,mert_l3,3,23,wcos_oas_none,oas_whitened_cosine,pooled_train_midpoint,none,OAS,60040670320051e74178,0.95,1.0,0.9666666666666666,1.1,1.0,0.9914473684210526,0.05,0.3046998605341057,0.10807429588536575,0.005923039364136518,0.06916309501321985,0.2987768211699692,20,380,w1_no_operating_threshold,nan,nan,nan,,,,,,,,
JVS_JVSMuSiC,mert_l3,3,23,wcos_oas_query,oas_whitened_cosine,pooled_train_midpoint,query,OAS,60040670320051e74178,0.95,1.0,0.9666666666666666,1.1,1.0,0.9914473684210526,0.05,0.3057282428678948,0.10790333120645675,0.00692474902723481,0.06914758870471126,0.29880349384065996,20,380,w1_no_operating_threshold,nan,nan,nan,,,,,,,,
JVS_JVSMuSiC,mert_l3,3,23,cos_om_none,cosine,pooled_train_midpoint,none,none,7a118b165ed088f40d6f,0.35,0.9,0.5658333333333333,2.65,2.0,0.8760526315789474,0.2,0.0016176612758769262,0.22127558142052078,-0.3345103079613497,0.19761478071945146,0.3361279692372266,20,380,dev_speakers,0.0820312552162625,0.007894736842105263,0.3,,,jvs001;jvs002;jvs003;jvs008;jvs009;jvs010;jvs011;jvs014;jvs016;jvs019;jvs022;jvs023;jvs024;jvs025;jvs026;jvs027;jvs028;jvs029;jvs030;jvs031;jvs036;jvs037;jvs039;jvs040;jvs041;jvs042;jvs043;jvs045;jvs046;jvs047;jvs049;jvs050;jvs052;jvs056;jvs062;jvs064;jvs067;jvs071;jvs072;jvs075;jvs076;jvs077;jvs079;jvs080;jvs081;jvs082;jvs083;jvs084;jvs085;jvs086;jvs087;jvs089;jvs091;jvs093;jvs094;jvs096;jvs097;jvs098;jvs099;jvs100,jvs004;jvs006;jvs007;jvs013;jvs017;jvs021;jvs034;jvs038;jvs054;jvs058;jvs059;jvs060;jvs065;jvs066;jvs068;jvs073;jvs074;jvs078;jvs088;jvs090,jvs005;jvs012;jvs015;jvs018;jvs020;jvs032;jvs033;jvs035;jvs044;jvs048;jvs051;jvs053;jvs055;jvs057;jvs061;jvs063;jvs069;jvs070;jvs092;jvs095,m1_om,0,copied_from_identity_residual_metric_robustness_2026-07-13
JVS_JVSMuSiC,mert_l3,3,23,cos_o0_query,cosine,zero,query,none,7a118b165ed088f40d6f,0.7,1.0,0.8099999999999999,1.6,1.0,0.9384210526315789,0.1513157894736842,0.9898546606718472,0.002532616986470026,0.9791894042545392,0.008097657360844248,0.010665256417308089,20,380,dev_speakers,0.9907565383907373,0.007894736842105263,0.4,,,jvs001;jvs002;jvs003;jvs008;jvs009;jvs010;jvs011;jvs014;jvs016;jvs019;jvs022;jvs023;jvs024;jvs025;jvs026;jvs027;jvs028;jvs029;jvs030;jvs031;jvs036;jvs037;jvs039;jvs040;jvs041;jvs042;jvs043;jvs045;jvs046;jvs047;jvs049;jvs050;jvs052;jvs056;jvs062;jvs064;jvs067;jvs071;jvs072;jvs075;jvs076;jvs077;jvs079;jvs080;jvs081;jvs082;jvs083;jvs084;jvs085;jvs086;jvs087;jvs089;jvs091;jvs093;jvs094;jvs096;jvs097;jvs098;jvs099;jvs100,jvs004;jvs006;jvs007;jvs013;jvs017;jvs021;jvs034;jvs038;jvs054;jvs058;jvs059;jvs060;jvs065;jvs066;jvs068;jvs073;jvs074;jvs078;jvs088;jvs090,jvs005;jvs012;jvs015;jvs018;jvs020;jvs032;jvs033;jvs035;jvs044;jvs048;jvs051;jvs053;jvs055;jvs057;jvs061;jvs063;jvs069;jvs070;jvs092;jvs095,m1_o0,1,copied_from_identity_residual_metric_robustness_2026-07-13
JVS_JVSMuSiC,mert_l3,3,29,wcos_diag_none,diagonal_whitened_cosine,pooled_train_midpoint,none,diagonal_variance,20276025d011380604ae,0.45,0.95,0.6641666666666667,2.1,2.0,0.9140789473684211,0.16052631578947368,0.08198685713195633,0.15698236519882872,-0.2445128698807894,0.17269218349492743,0.32649972701274577,20,380,w1_no_operating_threshold,nan,nan,nan,,,,,,,,
JVS_JVSMuSiC,mert_l3,3,29,wcos_diag_query,diagonal_whitened_cosine,pooled_train_midpoint,query,diagonal_variance,20276025d011380604ae,0.8,0.95,0.8666666666666666,1.5,1.0,0.9632894736842105,0.10526315789473684,0.5965036155253071,0.09648387956642122,0.28832247855345433,0.15477385396050738,0.30818113697185273,20,380,w1_no_operating_threshold,nan,nan,nan,,,,,,,,
JVS_JVSMuSiC,mert_l3,3,29,wcos_oas_none,oas_whitened_cosine,pooled_train_midpoint,none,OAS,80ad5994249f4f0d287d,1.0,1.0,1.0,1.0,1.0,0.9961842105263158,0.04473684210526316,0.32454055005170657,0.12225962054526503,0.0003103711724969249,0.07462685846138802,0.32423017887920963,20,380,w1_no_operating_threshold,nan,nan,nan,,,,,,,,
JVS_JVSMuSiC,mert_l3,3,29,wcos_oas_query,oas_whitened_cosine,pooled_train_midpoint,query,OAS,80ad5994249f4f0d287d,1.0,1.0,1.0,1.0,1.0,0.9961842105263158,0.04473684210526316,0.3253896927617025,0.12213407169069909,0.0011837274809118306,0.07463129856204961,0.32420596528079065,20,380,w1_no_operating_threshold,nan,nan,nan,,,,,,,,
JVS_JVSMuSiC,mert_l3,3,29,cos_om_none,cosine,pooled_train_midpoint,none,none,ead8d7277ac423534b9c,0.5,1.0,0.6975,1.9,1.5,0.9248684210526316,0.1881578947368421,0.06529324369826585,0.1674525874580694,-0.29885713446063855,0.18692660873752226,0.3641503781589044,20,380,dev_speakers,0.19476466585313273,0.007894736842105263,0.2,,,jvs001;jvs005;jvs007;jvs008;jvs009;jvs010;jvs011;jvs014;jvs015;jvs016;jvs017;jvs019;jvs020;jvs021;jvs022;jvs025;jvs026;jvs028;jvs029;jvs030;jvs031;jvs033;jvs035;jvs036;jvs038;jvs039;jvs040;jvs041;jvs044;jvs046;jvs048;jvs049;jvs053;jvs054;jvs057;jvs058;jvs060;jvs064;jvs066;jvs067;jvs068;jvs070;jvs071;jvs072;jvs073;jvs074;jvs078;jvs079;jvs080;jvs081;jvs084;jvs086;jvs089;jvs091;jvs093;jvs095;jvs096;jvs097;jvs098;jvs099,jvs002;jvs006;jvs012;jvs013;jvs023;jvs034;jvs037;jvs043;jvs047;jvs056;jvs061;jvs063;jvs065;jvs082;jvs083;jvs087;jvs088;jvs092;jvs094;jvs100,jvs003;jvs004;jvs018;jvs024;jvs027;jvs032;jvs042;jvs045;jvs050;jvs051;jvs052;jvs055;jvs059;jvs062;jvs069;jvs075;jvs076;jvs077;jvs085;jvs090,m1_om,0,copied_from_identity_residual_metric_robustness_2026-07-13
JVS_JVSMuSiC,mert_l3,3,29,cos_o0_query,cosine,zero,query,none,ead8d7277ac423534b9c,0.75,0.9,0.8162121212121212,2.45,1.0,0.9205263157894736,0.15,0.9896593802236957,0.003876731350391859,0.9796231736270647,0.006788048531134146,0.010036206596630959,20,380,dev_speakers,0.990139971057979,0.007894736842105263,0.6,,,jvs001;jvs005;jvs007;jvs008;jvs009;jvs010;jvs011;jvs014;jvs015;jvs016;jvs017;jvs019;jvs020;jvs021;jvs022;jvs025;jvs026;jvs028;jvs029;jvs030;jvs031;jvs033;jvs035;jvs036;jvs038;jvs039;jvs040;jvs041;jvs044;jvs046;jvs048;jvs049;jvs053;jvs054;jvs057;jvs058;jvs060;jvs064;jvs066;jvs067;jvs068;jvs070;jvs071;jvs072;jvs073;jvs074;jvs078;jvs079;jvs080;jvs081;jvs084;jvs086;jvs089;jvs091;jvs093;jvs095;jvs096;jvs097;jvs098;jvs099,jvs002;jvs006;jvs012;jvs013;jvs023;jvs034;jvs037;jvs043;jvs047;jvs056;jvs061;jvs063;jvs065;jvs082;jvs083;jvs087;jvs088;jvs092;jvs094;jvs100,jvs003;jvs004;jvs018;jvs024;jvs027;jvs032;jvs042;jvs045;jvs050;jvs051;jvs052;jvs055;jvs059;jvs062;jvs069;jvs075;jvs076;jvs077;jvs085;jvs090,m1_o0,1,copied_from_identity_residual_metric_robustness_2026-07-13
JVS_JVSMuSiC,mert_l3,3,31,wcos_diag_none,diagonal_whitened_cosine,pooled_train_midpoint,none,diagonal_variance,81fd40d0a7c62453194a,0.35,1.0,0.5608333333333333,2.6,2.5,0.9071052631578947,0.1513157894736842,0.041116265077897944,0.13504053970730395,-0.2578733911272856,0.182382755150185,0.29898965620518353,20,380,w1_no_operating_threshold,nan,nan,nan,,,,,,,,
JVS_JVSMuSiC,mert_l3,3,31,wcos_diag_query,diagonal_whitened_cosine,pooled_train_midpoint,query,diagonal_variance,81fd40d0a7c62453194a,0.75,0.95,0.835,1.65,1.0,0.9457894736842105,0.15,0.5713890344459446,0.10224523926225342,0.25603646706544286,0.1772636041301281,0.3153525673805017,20,380,w1_no_operating_threshold,nan,nan,nan,,,,,,,,
JVS_JVSMuSiC,mert_l3,3,31,wcos_oas_none,oas_whitened_cosine,pooled_train_midpoint,none,OAS,f6c0529edbcb12725ce8,0.85,0.95,0.8988095238095237,1.45,1.0,0.9682894736842105,0.1,0.27609977029107363,0.12329580016956324,0.0039308300465202475,0.07904917511650873,0.2721689402445534,20,380,w1_no_operating_threshold,nan,nan,nan,,,,,,,,
JVS_JVSMuSiC,mert_l3,3,31,wcos_oas_query,oas_whitened_cosine,pooled_train_midpoint,query,OAS,f6c0529edbcb12725ce8,0.85,0.95,0.8988095238095237,1.45,1.0,0.9682894736842105,0.1,0.2769512523365695,0.12330945250803695,0.0047922180582085465,0.07905372168630083,0.2721590342783609,20,380,w1_no_operating_threshold,nan,nan,nan,,,,,,,,
JVS_JVSMuSiC,mert_l3,3,31,cos_om_none,cosine,pooled_train_midpoint,none,none,7ff37f11fb3d67528eb1,0.35,0.95,0.5413888888888889,3.0,2.5,0.8981578947368422,0.15,0.012768469369353877,0.13748604193479408,-0.32006377978276,0.21071915235274183,0.3328322491521139,20,380,dev_speakers,0.16051608350041952,0.007894736842105263,0.15,,,jvs001;jvs002;jvs004;jvs005;jvs006;jvs007;jvs008;jvs011;jvs016;jvs018;jvs021;jvs022;jvs023;jvs024;jvs025;jvs026;jvs028;jvs029;jvs033;jvs035;jvs037;jvs038;jvs039;jvs041;jvs043;jvs047;jvs048;jvs050;jvs051;jvs053;jvs054;jvs055;jvs056;jvs057;jvs058;jvs059;jvs060;jvs061;jvs062;jvs063;jvs064;jvs068;jvs070;jvs074;jvs075;jvs077;jvs078;jvs080;jvs081;jvs083;jvs085;jvs087;jvs089;jvs091;jvs092;jvs093;jvs094;jvs096;jvs097;jvs099,jvs003;jvs012;jvs013;jvs014;jvs020;jvs030;jvs034;jvs040;jvs044;jvs049;jvs067;jvs069;jvs072;jvs073;jvs076;jvs079;jvs082;jvs090;jvs095;jvs100,jvs009;jvs010;jvs015;jvs017;jvs019;jvs027;jvs031;jvs032;jvs036;jvs042;jvs045;jvs046;jvs052;jvs065;jvs066;jvs071;jvs084;jvs086;jvs088;jvs098,m1_om,0,copied_from_identity_residual_metric_robustness_2026-07-13
JVS_JVSMuSiC,mert_l3,3,31,cos_o0_query,cosine,zero,query,none,7ff37f11fb3d67528eb1,0.7,0.95,0.8004761904761905,1.8,1.0,0.9034210526315789,0.15,0.9878175403675735,0.0048846806736688436,0.9761258097459456,0.009441178586651583,0.011691730621627872,20,380,dev_speakers,0.9897972194914793,0.007894736842105263,0.25,,,jvs001;jvs002;jvs004;jvs005;jvs006;jvs007;jvs008;jvs011;jvs016;jvs018;jvs021;jvs022;jvs023;jvs024;jvs025;jvs026;jvs028;jvs029;jvs033;jvs035;jvs037;jvs038;jvs039;jvs041;jvs043;jvs047;jvs048;jvs050;jvs051;jvs053;jvs054;jvs055;jvs056;jvs057;jvs058;jvs059;jvs060;jvs061;jvs062;jvs063;jvs064;jvs068;jvs070;jvs074;jvs075;jvs077;jvs078;jvs080;jvs081;jvs083;jvs085;jvs087;jvs089;jvs091;jvs092;jvs093;jvs094;jvs096;jvs097;jvs099,jvs003;jvs012;jvs013;jvs014;jvs020;jvs030;jvs034;jvs040;jvs044;jvs049;jvs067;jvs069;jvs072;jvs073;jvs076;jvs079;jvs082;jvs090;jvs095;jvs100,jvs009;jvs010;jvs015;jvs017;jvs019;jvs027;jvs031;jvs032;jvs036;jvs042;jvs045;jvs046;jvs052;jvs065;jvs066;jvs071;jvs084;jvs086;jvs088;jvs098,m1_o0,1,copied_from_identity_residual_metric_robustness_2026-07-13
JVS_JVSMuSiC,mert_l3,3,37,wcos_diag_none,diagonal_whitened_cosine,pooled_train_midpoint,none,diagonal_variance,37e90aa90c7e804175f6,0.55,0.85,0.6866883116883117,2.6,1.0,0.8846052631578948,0.25,0.06130658000833021,0.2130095054844077,-0.2714820386549741,0.17161777466343026,0.33278861866330434,20,380,w1_no_operating_threshold,nan,nan,nan,,,,,,,,
JVS_JVSMuSiC,mert_l3,3,37,wcos_diag_query,diagonal_whitened_cosine,pooled_train_midpoint,query,diagonal_variance,37e90aa90c7e804175f6,0.75,0.9,0.8416666666666668,1.65,1.0,0.9675,0.09210526315789475,0.6045883682219163,0.0799134273540711,0.2857746861998512,0.16535078824163993,0.3188136820220651,20,380,w1_no_operating_threshold,nan,nan,nan,,,,,,,,
JVS_JVSMuSiC,mert_l3,3,37,wcos_oas_none,oas_whitened_cosine,pooled_train_midpoint,none,OAS,48b29b10232888a82486,0.9,0.9,0.9133333333333333,1.7,1.0,0.9636842105263158,0.1,0.28667728151259186,0.12499738825957407,0.009583067946025833,0.07441505285306102,0.27709421356656605,20,380,w1_no_operating_threshold,nan,nan,nan,,,,,,,,
JVS_JVSMuSiC,mert_l3,3,37,wcos_oas_query,oas_whitened_cosine,pooled_train_midpoint,query,OAS,48b29b10232888a82486,0.9,0.9,0.9133333333333333,1.7,1.0,0.9636842105263158,0.1,0.28756095268900894,0.12485817193406036,0.010465454821055745,0.07441492745428374,0.2770954978679532,20,380,w1_no_operating_threshold,nan,nan,nan,,,,,,,,
JVS_JVSMuSiC,mert_l3,3,37,cos_om_none,cosine,pooled_train_midpoint,none,none,7064dbbe7e707e2a9425,0.5,0.85,0.6333928571428571,2.8,1.5,0.8902631578947369,0.2118421052631579,0.045849682354954624,0.22484195574558302,-0.31347430764302986,0.18914104963837636,0.3593239899979845,20,380,dev_speakers,0.12976611591086604,0.007894736842105263,0.35,,,jvs001;jvs002;jvs004;jvs006;jvs007;jvs009;jvs011;jvs012;jvs014;jvs016;jvs017;jvs018;jvs019;jvs020;jvs021;jvs023;jvs024;jvs025;jvs026;jvs030;jvs031;jvs032;jvs034;jvs035;jvs037;jvs039;jvs040;jvs041;jvs043;jvs044;jvs046;jvs048;jvs051;jvs052;jvs054;jvs055;jvs058;jvs059;jvs062;jvs063;jvs065;jvs066;jvs067;jvs068;jvs069;jvs071;jvs072;jvs073;jvs078;jvs079;jvs080;jvs084;jvs085;jvs091;jvs093;jvs094;jvs097;jvs098;jvs099;jvs100,jvs008;jvs022;jvs027;jvs033;jvs036;jvs042;jvs045;jvs047;jvs049;jvs057;jvs061;jvs064;jvs070;jvs074;jvs076;jvs077;jvs081;jvs082;jvs088;jvs090,jvs003;jvs005;jvs010;jvs013;jvs015;jvs028;jvs029;jvs038;jvs050;jvs053;jvs056;jvs060;jvs075;jvs083;jvs086;jvs087;jvs089;jvs092;jvs095;jvs096,m1_om,0,copied_from_identity_residual_metric_robustness_2026-07-13
JVS_JVSMuSiC,mert_l3,3,37,cos_o0_query,cosine,zero,query,none,7064dbbe7e707e2a9425,0.7,0.9,0.7849999999999999,2.15,1.0,0.9453947368421053,0.14868421052631578,0.9894508620159266,0.0027679026703584654,0.978573746603425,0.007229300284618983,0.010877115412501581,20,380,dev_speakers,0.9903735746854605,0.007894736842105263,0.5,,,jvs001;jvs002;jvs004;jvs006;jvs007;jvs009;jvs011;jvs012;jvs014;jvs016;jvs017;jvs018;jvs019;jvs020;jvs021;jvs023;jvs024;jvs025;jvs026;jvs030;jvs031;jvs032;jvs034;jvs035;jvs037;jvs039;jvs040;jvs041;jvs043;jvs044;jvs046;jvs048;jvs051;jvs052;jvs054;jvs055;jvs058;jvs059;jvs062;jvs063;jvs065;jvs066;jvs067;jvs068;jvs069;jvs071;jvs072;jvs073;jvs078;jvs079;jvs080;jvs084;jvs085;jvs091;jvs093;jvs094;jvs097;jvs098;jvs099;jvs100,jvs008;jvs022;jvs027;jvs033;jvs036;jvs042;jvs045;jvs047;jvs049;jvs057;jvs061;jvs064;jvs070;jvs074;jvs076;jvs077;jvs081;jvs082;jvs088;jvs090,jvs003;jvs005;jvs010;jvs013;jvs015;jvs028;jvs029;jvs038;jvs050;jvs053;jvs056;jvs060;jvs075;jvs083;jvs086;jvs087;jvs089;jvs092;jvs095;jvs096,m1_o0,1,copied_from_identity_residual_metric_robustness_2026-07-13
JVS_JVSMuSiC,mert_l3,3,41,wcos_diag_none,diagonal_whitened_cosine,pooled_train_midpoint,none,diagonal_variance,6d3a6bd4f9d00c59e165,0.5,0.9,0.6837500000000001,2.45,1.5,0.8827631578947368,0.19605263157894737,-0.01887614068145736,0.16385732333168174,-0.3007234749427681,0.1622946065363964,0.2818473342613107,20,380,w1_no_operating_threshold,nan,nan,nan,,,,,,,,
JVS_JVSMuSiC,mert_l3,3,41,wcos_diag_query,diagonal_whitened_cosine,pooled_train_midpoint,query,diagonal_variance,6d3a6bd4f9d00c59e165,0.8,1.0,0.86,1.55,1.0,0.9538157894736842,0.14342105263157895,0.6033768225447715,0.08642773772510322,0.32671391708731223,0.1472707650526391,0.2766629054574593,20,380,w1_no_operating_threshold,nan,nan,nan,,,,,,,,
JVS_JVSMuSiC,mert_l3,3,41,wcos_oas_none,oas_whitened_cosine,pooled_train_midpoint,none,OAS,0ead8a441cdc4c7b6119,0.9,0.95,0.9222222222222222,1.5,1.0,0.973421052631579,0.09078947368421053,0.273946262332602,0.12473470726670398,0.004683138429119881,0.07557966092906654,0.2692631239034821,20,380,w1_no_operating_threshold,nan,nan,nan,,,,,,,,
JVS_JVSMuSiC,mert_l3,3,41,wcos_oas_query,oas_whitened_cosine,pooled_train_midpoint,query,OAS,0ead8a441cdc4c7b6119,0.9,0.95,0.9222222222222222,1.5,1.0,0.9735526315789473,0.09078947368421053,0.2749524516764929,0.12466285350335848,0.0056763518594597166,0.07557192327323575,0.2692760998170332,20,380,w1_no_operating_threshold,nan,nan,nan,,,,,,,,
JVS_JVSMuSiC,mert_l3,3,41,cos_om_none,cosine,pooled_train_midpoint,none,none,bc38136384c278a13a62,0.55,0.9,0.7196428571428571,2.05,1.0,0.8778947368421053,0.23815789473684212,-0.01843916702389783,0.1858951984067971,-0.345910648857454,0.1950507174671837,0.3274714818335562,20,380,dev_speakers,0.19157286836917087,0.007894736842105263,0.15,,,jvs001;jvs003;jvs004;jvs005;jvs006;jvs007;jvs009;jvs010;jvs011;jvs012;jvs016;jvs017;jvs019;jvs022;jvs023;jvs025;jvs026;jvs028;jvs029;jvs030;jvs031;jvs036;jvs037;jvs038;jvs042;jvs043;jvs044;jvs045;jvs049;jvs051;jvs054;jvs055;jvs058;jvs059;jvs060;jvs061;jvs062;jvs063;jvs065;jvs066;jvs067;jvs068;jvs069;jvs070;jvs071;jvs072;jvs073;jvs074;jvs075;jvs078;jvs080;jvs084;jvs085;jvs086;jvs090;jvs094;jvs095;jvs096;jvs098;jvs099,jvs002;jvs008;jvs013;jvs014;jvs018;jvs033;jvs035;jvs041;jvs047;jvs048;jvs057;jvs076;jvs082;jvs083;jvs087;jvs088;jvs089;jvs091;jvs093;jvs097,jvs015;jvs020;jvs021;jvs024;jvs027;jvs032;jvs034;jvs039;jvs040;jvs046;jvs050;jvs052;jvs053;jvs056;jvs064;jvs077;jvs079;jvs081;jvs092;jvs100,m1_om,0,copied_from_identity_residual_metric_robustness_2026-07-13
JVS_JVSMuSiC,mert_l3,3,41,cos_o0_query,cosine,zero,query,none,bc38136384c278a13a62,0.7,0.85,0.7776190476190477,2.3,1.0,0.9080263157894737,0.2,0.9890561542100362,0.004059764803368656,0.979108387476717,0.007035116378279853,0.009947766733319208,20,380,dev_speakers,0.9899246914204112,0.007894736842105263,0.5,,,jvs001;jvs003;jvs004;jvs005;jvs006;jvs007;jvs009;jvs010;jvs011;jvs012;jvs016;jvs017;jvs019;jvs022;jvs023;jvs025;jvs026;jvs028;jvs029;jvs030;jvs031;jvs036;jvs037;jvs038;jvs042;jvs043;jvs044;jvs045;jvs049;jvs051;jvs054;jvs055;jvs058;jvs059;jvs060;jvs061;jvs062;jvs063;jvs065;jvs066;jvs067;jvs068;jvs069;jvs070;jvs071;jvs072;jvs073;jvs074;jvs075;jvs078;jvs080;jvs084;jvs085;jvs086;jvs090;jvs094;jvs095;jvs096;jvs098;jvs099,jvs002;jvs008;jvs013;jvs014;jvs018;jvs033;jvs035;jvs041;jvs047;jvs048;jvs057;jvs076;jvs082;jvs083;jvs087;jvs088;jvs089;jvs091;jvs093;jvs097,jvs015;jvs020;jvs021;jvs024;jvs027;jvs032;jvs034;jvs039;jvs040;jvs046;jvs050;jvs052;jvs053;jvs056;jvs064;jvs077;jvs079;jvs081;jvs092;jvs100,m1_o0,1,copied_from_identity_residual_metric_robustness_2026-07-13
JVS_JVSMuSiC,mert_l3,3,43,wcos_diag_none,diagonal_whitened_cosine,pooled_train_midpoint,none,diagonal_variance,c288b875af265d2a21d7,0.2,0.85,0.47644841269841265,3.25,2.0,0.8497368421052631,0.25,-0.001774766441351086,0.21705062160203029,-0.28390246219662124,0.18123812784031645,0.28212769575527014,20,380,w1_no_operating_threshold,nan,nan,nan,,,,,,,,
JVS_JVSMuSiC,mert_l3,3,43,wcos_diag_query,diagonal_whitened_cosine,pooled_train_midpoint,query,diagonal_variance,c288b875af265d2a21d7,0.55,0.9,0.6796428571428571,2.4,1.0,0.9088157894736842,0.18947368421052632,0.5747802787588119,0.09103163551449114,0.3007364423053937,0.18409072584402958,0.2740438364534182,20,380,w1_no_operating_threshold,nan,nan,nan,,,,,,,,
JVS_JVSMuSiC,mert_l3,3,43,wcos_oas_none,oas_whitened_cosine,pooled_train_midpoint,none,OAS,52ae2e32d534c4982f1c,0.85,0.95,0.8988095238095237,1.45,1.0,0.9696052631578947,0.1,0.2535413739438414,0.1212240363068058,0.006561121367496927,0.07428558541054331,0.24698025257634448,20,380,w1_no_operating_threshold,nan,nan,nan,,,,,,,,
JVS_JVSMuSiC,mert_l3,3,43,wcos_oas_query,oas_whitened_cosine,pooled_train_midpoint,query,OAS,52ae2e32d534c4982f1c,0.85,0.95,0.8988095238095237,1.45,1.0,0.9697368421052631,0.1,0.25446576267139204,0.12108976153223987,0.007488603735431511,0.07428506899402738,0.24697715893596053,20,380,w1_no_operating_threshold,nan,nan,nan,,,,,,,,
JVS_JVSMuSiC,mert_l3,3,43,cos_om_none,cosine,pooled_train_midpoint,none,none,fdb52c5211111f11030f,0.25,0.7,0.5000811688311688,3.5,2.0,0.8486842105263158,0.25,-0.021059415142747263,0.23804320704420234,-0.3333160920751262,0.2114235737747004,0.3122566769323789,20,380,dev_speakers,0.09910798119086794,0.007894736842105263,0.25,,,jvs002;jvs003;jvs004;jvs006;jvs007;jvs008;jvs009;jvs011;jvs013;jvs014;jvs015;jvs018;jvs022;jvs023;jvs024;jvs025;jvs026;jvs027;jvs034;jvs035;jvs036;jvs037;jvs038;jvs039;jvs040;jvs042;jvs043;jvs044;jvs045;jvs046;jvs049;jvs051;jvs054;jvs056;jvs058;jvs061;jvs062;jvs063;jvs065;jvs066;jvs067;jvs070;jvs071;jvs073;jvs076;jvs077;jvs078;jvs079;jvs083;jvs084;jvs086;jvs088;jvs089;jvs092;jvs093;jvs094;jvs096;jvs097;jvs099;jvs100,jvs010;jvs017;jvs019;jvs020;jvs021;jvs029;jvs030;jvs031;jvs032;jvs050;jvs052;jvs057;jvs059;jvs072;jvs075;jvs081;jvs087;jvs091;jvs095;jvs098,jvs001;jvs005;jvs012;jvs016;jvs028;jvs033;jvs041;jvs047;jvs048;jvs053;jvs055;jvs060;jvs064;jvs068;jvs069;jvs074;jvs080;jvs082;jvs085;jvs090,m1_om,0,copied_from_identity_residual_metric_robustness_2026-07-13
JVS_JVSMuSiC,mert_l3,3,43,cos_o0_query,cosine,zero,query,none,fdb52c5211111f11030f,0.4,0.95,0.6113888888888889,2.5,2.0,0.9139473684210526,0.19078947368421054,0.9882135488046971,0.0028442477953552828,0.9781752588554141,0.007425047389287787,0.010038289949283019,20,380,dev_speakers,0.9900934919198303,0.007894736842105263,0.2,,,jvs002;jvs003;jvs004;jvs006;jvs007;jvs008;jvs009;jvs011;jvs013;jvs014;jvs015;jvs018;jvs022;jvs023;jvs024;jvs025;jvs026;jvs027;jvs034;jvs035;jvs036;jvs037;jvs038;jvs039;jvs040;jvs042;jvs043;jvs044;jvs045;jvs046;jvs049;jvs051;jvs054;jvs056;jvs058;jvs061;jvs062;jvs063;jvs065;jvs066;jvs067;jvs070;jvs071;jvs073;jvs076;jvs077;jvs078;jvs079;jvs083;jvs084;jvs086;jvs088;jvs089;jvs092;jvs093;jvs094;jvs096;jvs097;jvs099;jvs100,jvs010;jvs017;jvs019;jvs020;jvs021;jvs029;jvs030;jvs031;jvs032;jvs050;jvs052;jvs057;jvs059;jvs072;jvs075;jvs081;jvs087;jvs091;jvs095;jvs098,jvs001;jvs005;jvs012;jvs016;jvs028;jvs033;jvs041;jvs047;jvs048;jvs053;jvs055;jvs060;jvs064;jvs068;jvs069;jvs074;jvs080;jvs082;jvs085;jvs090,m1_o0,1,copied_from_identity_residual_metric_robustness_2026-07-13
JVS_JVSMuSiC,mert_l3,3,47,wcos_diag_none,diagonal_whitened_cosine,pooled_train_midpoint,none,diagonal_variance,7a1e97854be9621b0ae7,0.7,0.9,0.7812500000000001,2.3,1.0,0.9103947368421053,0.1986842105263158,0.10641884267373243,0.15231101864766358,-0.21214572396333864,0.17877447792822387,0.31856456663707106,20,380,w1_no_operating_threshold,nan,nan,nan,,,,,,,,
JVS_JVSMuSiC,mert_l3,3,47,wcos_diag_query,diagonal_whitened_cosine,pooled_train_midpoint,query,diagonal_variance,7a1e97854be9621b0ae7,0.8,0.95,0.875,1.45,1.0,0.9463157894736842,0.1473684210526316,0.5862192969269384,0.10191142533171961,0.27408812393380244,0.16940962548817587,0.312131172993136,20,380,w1_no_operating_threshold,nan,nan,nan,,,,,,,,
JVS_JVSMuSiC,mert_l3,3,47,wcos_oas_none,oas_whitened_cosine,pooled_train_midpoint,none,OAS,04067c31d2870f4ec581,0.85,1.0,0.9016666666666666,1.35,1.0,0.9751315789473685,0.1,0.300199437140629,0.10755376925071057,-0.003689202219878369,0.08594966722845845,0.3038886393605074,20,380,w1_no_operating_threshold,nan,nan,nan,,,,,,,,
JVS_JVSMuSiC,mert_l3,3,47,wcos_oas_query,oas_whitened_cosine,pooled_train_midpoint,query,OAS,04067c31d2870f4ec581,0.85,1.0,0.9016666666666666,1.35,1.0,0.9752631578947368,0.1,0.30093852647439495,0.10749928847160911,-0.0029582914027822204,0.08595938468635714,0.30389681787717715,20,380,w1_no_operating_threshold,nan,nan,nan,,,,,,,,
JVS_JVSMuSiC,mert_l3,3,47,cos_om_none,cosine,pooled_train_midpoint,none,none,93fd7dbbb98d5540f6bb,0.65,0.9,0.7645454545454545,2.2,1.0,0.9036842105263158,0.1618421052631579,0.08340134499492252,0.17201615504219325,-0.2736844453738026,0.20760985919794664,0.3570857903687251,20,380,dev_speakers,0.1929923186615621,0.007894736842105263,0.2,,,jvs002;jvs004;jvs005;jvs006;jvs007;jvs008;jvs009;jvs012;jvs013;jvs014;jvs015;jvs016;jvs018;jvs019;jvs020;jvs021;jvs022;jvs024;jvs025;jvs026;jvs029;jvs031;jvs032;jvs033;jvs034;jvs036;jvs037;jvs039;jvs044;jvs045;jvs047;jvs048;jvs049;jvs051;jvs052;jvs055;jvs056;jvs057;jvs058;jvs062;jvs063;jvs067;jvs068;jvs070;jvs071;jvs073;jvs074;jvs075;jvs077;jvs079;jvs083;jvs086;jvs088;jvs089;jvs091;jvs092;jvs097;jvs098;jvs099;jvs100,jvs001;jvs003;jvs027;jvs035;jvs038;jvs041;jvs042;jvs043;jvs046;jvs054;jvs060;jvs061;jvs065;jvs066;jvs069;jvs072;jvs080;jvs081;jvs085;jvs090,jvs010;jvs011;jvs017;jvs023;jvs028;jvs030;jvs040;jvs050;jvs053;jvs059;jvs064;jvs076;jvs078;jvs082;jvs084;jvs087;jvs093;jvs094;jvs095;jvs096,m1_om,0,copied_from_identity_residual_metric_robustness_2026-07-13
JVS_JVSMuSiC,mert_l3,3,47,cos_o0_query,cosine,zero,query,none,93fd7dbbb98d5540f6bb,0.75,0.9,0.8291666666666666,2.0,1.0,0.9278947368421052,0.15,0.9887383761100205,0.0037405208421598963,0.9773187484982795,0.008141055088587085,0.011419627611740979,20,380,dev_speakers,0.9905920080908364,0.007894736842105263,0.4,,,jvs002;jvs004;jvs005;jvs006;jvs007;jvs008;jvs009;jvs012;jvs013;jvs014;jvs015;jvs016;jvs018;jvs019;jvs020;jvs021;jvs022;jvs024;jvs025;jvs026;jvs029;jvs031;jvs032;jvs033;jvs034;jvs036;jvs037;jvs039;jvs044;jvs045;jvs047;jvs048;jvs049;jvs051;jvs052;jvs055;jvs056;jvs057;jvs058;jvs062;jvs063;jvs067;jvs068;jvs070;jvs071;jvs073;jvs074;jvs075;jvs077;jvs079;jvs083;jvs086;jvs088;jvs089;jvs091;jvs092;jvs097;jvs098;jvs099;jvs100,jvs001;jvs003;jvs027;jvs035;jvs038;jvs041;jvs042;jvs043;jvs046;jvs054;jvs060;jvs061;jvs065;jvs066;jvs069;jvs072;jvs080;jvs081;jvs085;jvs090,jvs010;jvs011;jvs017;jvs023;jvs028;jvs030;jvs040;jvs050;jvs053;jvs059;jvs064;jvs076;jvs078;jvs082;jvs084;jvs087;jvs093;jvs094;jvs095;jvs096,m1_o0,1,copied_from_identity_residual_metric_robustness_2026-07-13
JVS_JVSMuSiC,mert_l3,3,53,wcos_diag_none,diagonal_whitened_cosine,pooled_train_midpoint,none,diagonal_variance,3a8053fc759f37d61abd,0.55,0.95,0.6849999999999999,2.25,1.0,0.8947368421052632,0.19078947368421054,0.07592030468388003,0.16572675803372436,-0.24249544113954943,0.1795968855106818,0.31841574582342946,20,380,w1_no_operating_threshold,nan,nan,nan,,,,,,,,
JVS_JVSMuSiC,mert_l3,3,53,wcos_diag_query,diagonal_whitened_cosine,pooled_train_midpoint,query,diagonal_variance,3a8053fc759f37d61abd,0.75,0.95,0.8204166666666666,1.85,1.0,0.935,0.15,0.5875964636001756,0.1053671381372537,0.28639598554320783,0.16679786157797166,0.30120047805696776,20,380,w1_no_operating_threshold,nan,nan,nan,,,,,,,,
JVS_JVSMuSiC,mert_l3,3,53,wcos_oas_none,oas_whitened_cosine,pooled_train_midpoint,none,OAS,9bfec2e44a39cf55fe3d,0.9,1.0,0.95,1.1,1.0,0.9940789473684211,0.05,0.32363700657067274,0.11278958405357761,0.0037942054256602043,0.07913640861639115,0.3198428011450125,20,380,w1_no_operating_threshold,nan,nan,nan,,,,,,,,
JVS_JVSMuSiC,mert_l3,3,53,wcos_oas_query,oas_whitened_cosine,pooled_train_midpoint,query,OAS,9bfec2e44a39cf55fe3d,0.9,1.0,0.95,1.1,1.0,0.9940789473684211,0.05,0.3243143872512648,0.11274448510220669,0.004487874085478711,0.07913088444849868,0.3198265131657861,20,380,w1_no_operating_threshold,nan,nan,nan,,,,,,,,
JVS_JVSMuSiC,mert_l3,3,53,cos_om_none,cosine,pooled_train_midpoint,none,none,82b4bb6a12abc49a97d8,0.35,0.95,0.595,2.35,2.0,0.895921052631579,0.19605263157894737,0.06000216450932651,0.1776811606425184,-0.28950913436178627,0.20155912281295163,0.34951129887111276,20,380,dev_speakers,0.3303211791945096,0.007894736842105263,0.05,,,jvs002;jvs004;jvs005;jvs006;jvs007;jvs008;jvs009;jvs010;jvs011;jvs012;jvs014;jvs016;jvs017;jvs019;jvs020;jvs021;jvs022;jvs025;jvs027;jvs028;jvs029;jvs030;jvs031;jvs032;jvs033;jvs035;jvs039;jvs041;jvs043;jvs044;jvs045;jvs046;jvs047;jvs049;jvs050;jvs051;jvs053;jvs054;jvs055;jvs056;jvs057;jvs059;jvs064;jvs066;jvs067;jvs068;jvs069;jvs070;jvs071;jvs075;jvs077;jvs080;jvs081;jvs085;jvs087;jvs091;jvs094;jvs096;jvs097;jvs100,jvs001;jvs018;jvs034;jvs036;jvs037;jvs038;jvs048;jvs052;jvs060;jvs061;jvs063;jvs065;jvs072;jvs074;jvs078;jvs082;jvs088;jvs092;jvs093;jvs098,jvs003;jvs013;jvs015;jvs023;jvs024;jvs026;jvs040;jvs042;jvs058;jvs062;jvs073;jvs076;jvs079;jvs083;jvs084;jvs086;jvs089;jvs090;jvs095;jvs099,m1_om,0,copied_from_identity_residual_metric_robustness_2026-07-13
JVS_JVSMuSiC,mert_l3,3,53,cos_o0_query,cosine,zero,query,none,82b4bb6a12abc49a97d8,0.75,0.85,0.8011724386724387,2.75,1.0,0.9078947368421053,0.2,0.9883757590342327,0.0043579098194422095,0.9772943591858578,0.00806106543364186,0.011081399848374862,20,380,dev_speakers,0.9910000071540283,0.007894736842105263,0.35,,,jvs002;jvs004;jvs005;jvs006;jvs007;jvs008;jvs009;jvs010;jvs011;jvs012;jvs014;jvs016;jvs017;jvs019;jvs020;jvs021;jvs022;jvs025;jvs027;jvs028;jvs029;jvs030;jvs031;jvs032;jvs033;jvs035;jvs039;jvs041;jvs043;jvs044;jvs045;jvs046;jvs047;jvs049;jvs050;jvs051;jvs053;jvs054;jvs055;jvs056;jvs057;jvs059;jvs064;jvs066;jvs067;jvs068;jvs069;jvs070;jvs071;jvs075;jvs077;jvs080;jvs081;jvs085;jvs087;jvs091;jvs094;jvs096;jvs097;jvs100,jvs001;jvs018;jvs034;jvs036;jvs037;jvs038;jvs048;jvs052;jvs060;jvs061;jvs063;jvs065;jvs072;jvs074;jvs078;jvs082;jvs088;jvs092;jvs093;jvs098,jvs003;jvs013;jvs015;jvs023;jvs024;jvs026;jvs040;jvs042;jvs058;jvs062;jvs073;jvs076;jvs079;jvs083;jvs084;jvs086;jvs089;jvs090;jvs095;jvs099,m1_o0,1,copied_from_identity_residual_metric_robustness_2026-07-13
JVS_JVSMuSiC,mert_l3,3,59,wcos_diag_none,diagonal_whitened_cosine,pooled_train_midpoint,none,diagonal_variance,f9189bbcd5445d62c1ec,0.35,0.8,0.5221031746031746,3.65,3.0,0.8564473684210526,0.2,-0.0067433577732202935,0.21558383121125244,-0.29366631991929426,0.17299488360557436,0.286922962146074,20,380,w1_no_operating_threshold,nan,nan,nan,,,,,,,,
JVS_JVSMuSiC,mert_l3,3,59,wcos_diag_query,diagonal_whitened_cosine,pooled_train_midpoint,query,diagonal_variance,f9189bbcd5445d62c1ec,0.65,1.0,0.7808333333333333,1.7,1.0,0.9557894736842105,0.1,0.5656124334439456,0.08685397454342789,0.26891426961270853,0.17961538012021105,0.2966981638312371,20,380,w1_no_operating_threshold,nan,nan,nan,,,,,,,,
JVS_JVSMuSiC,mert_l3,3,59,wcos_oas_none,oas_whitened_cosine,pooled_train_midpoint,none,OAS,204eb070e48d0bc11e0a,0.9,1.0,0.9291666666666666,1.25,1.0,0.9822368421052632,0.1,0.27048846263760185,0.10824727464980263,-0.002447298223721413,0.079125662864459,0.27293576086132326,20,380,w1_no_operating_threshold,nan,nan,nan,,,,,,,,
JVS_JVSMuSiC,mert_l3,3,59,wcos_oas_query,oas_whitened_cosine,pooled_train_midpoint,query,OAS,204eb070e48d0bc11e0a,0.9,1.0,0.9291666666666666,1.25,1.0,0.9822368421052632,0.1,0.27139887951369895,0.10810297938785839,-0.0015443304932920348,0.07912951288778398,0.272943210006991,20,380,w1_no_operating_threshold,nan,nan,nan,,,,,,,,
JVS_JVSMuSiC,mert_l3,3,59,cos_om_none,cosine,pooled_train_midpoint,none,none,4468a364889d09f7e25a,0.35,0.85,0.5630555555555555,3.15,2.0,0.8672368421052632,0.24473684210526314,-0.017485793247441907,0.21722102440120558,-0.33775957063899953,0.19022398772164395,0.3202737773915576,20,380,dev_speakers,0.11689508787680356,0.007894736842105263,0.3,,,jvs002;jvs005;jvs006;jvs008;jvs013;jvs014;jvs015;jvs017;jvs019;jvs020;jvs021;jvs022;jvs023;jvs024;jvs026;jvs027;jvs028;jvs030;jvs031;jvs032;jvs033;jvs036;jvs037;jvs038;jvs039;jvs042;jvs044;jvs045;jvs046;jvs048;jvs049;jvs050;jvs053;jvs054;jvs055;jvs058;jvs059;jvs060;jvs061;jvs062;jvs064;jvs065;jvs070;jvs071;jvs074;jvs076;jvs077;jvs078;jvs082;jvs083;jvs084;jvs086;jvs087;jvs090;jvs091;jvs092;jvs093;jvs095;jvs096;jvs098,jvs001;jvs003;jvs007;jvs010;jvs012;jvs025;jvs029;jvs040;jvs041;jvs043;jvs051;jvs056;jvs057;jvs063;jvs069;jvs075;jvs080;jvs094;jvs097;jvs099,jvs004;jvs009;jvs011;jvs016;jvs018;jvs034;jvs035;jvs047;jvs052;jvs066;jvs067;jvs068;jvs072;jvs073;jvs079;jvs081;jvs085;jvs088;jvs089;jvs100,m1_om,0,copied_from_identity_residual_metric_robustness_2026-07-13
JVS_JVSMuSiC,mert_l3,3,59,cos_o0_query,cosine,zero,query,none,4468a364889d09f7e25a,0.65,0.9,0.7722222222222223,2.0,1.0,0.9536842105263158,0.15,0.9890114942271605,0.0025612526778786573,0.9798769573590775,0.005437583357077815,0.009134536868082965,20,380,dev_speakers,0.9903772089989082,0.007894736842105263,0.25,,,jvs002;jvs005;jvs006;jvs008;jvs013;jvs014;jvs015;jvs017;jvs019;jvs020;jvs021;jvs022;jvs023;jvs024;jvs026;jvs027;jvs028;jvs030;jvs031;jvs032;jvs033;jvs036;jvs037;jvs038;jvs039;jvs042;jvs044;jvs045;jvs046;jvs048;jvs049;jvs050;jvs053;jvs054;jvs055;jvs058;jvs059;jvs060;jvs061;jvs062;jvs064;jvs065;jvs070;jvs071;jvs074;jvs076;jvs077;jvs078;jvs082;jvs083;jvs084;jvs086;jvs087;jvs090;jvs091;jvs092;jvs093;jvs095;jvs096;jvs098,jvs001;jvs003;jvs007;jvs010;jvs012;jvs025;jvs029;jvs040;jvs041;jvs043;jvs051;jvs056;jvs057;jvs063;jvs069;jvs075;jvs080;jvs094;jvs097;jvs099,jvs004;jvs009;jvs011;jvs016;jvs018;jvs034;jvs035;jvs047;jvs052;jvs066;jvs067;jvs068;jvs072;jvs073;jvs079;jvs081;jvs085;jvs088;jvs089;jvs100,m1_o0,1,copied_from_identity_residual_metric_robustness_2026-07-13
JVS_JVSMuSiC,mert_l3,3,61,wcos_diag_none,diagonal_whitened_cosine,pooled_train_midpoint,none,diagonal_variance,ce0b12eaec65a4bf3c81,0.35,0.85,0.546111111111111,3.1,2.5,0.8673684210526316,0.24736842105263157,-0.054359223419324657,0.17943530261321405,-0.32427099794116243,0.16476081636369186,0.2699117745218378,20,380,w1_no_operating_threshold,nan,nan,nan,,,,,,,,
JVS_JVSMuSiC,mert_l3,3,61,wcos_diag_query,diagonal_whitened_cosine,pooled_train_midpoint,query,diagonal_variance,ce0b12eaec65a4bf3c81,0.75,0.9,0.8333333333333334,1.7,1.0,0.9503947368421053,0.1394736842105263,0.5823587855610493,0.0820630502098533,0.30790646499013113,0.17144529985590193,0.2744523205709181,20,380,w1_no_operating_threshold,nan,nan,nan,,,,,,,,
JVS_JVSMuSiC,mert_l3,3,61,wcos_oas_none,oas_whitened_cosine,pooled_train_midpoint,none,OAS,bc23342dc6190115f2c3,0.85,1.0,0.9016666666666666,1.35,1.0,0.9852631578947368,0.05131578947368421,0.2324716746469877,0.09236279939301452,-0.004630832817604526,0.06907916635246861,0.23710250746459222,20,380,w1_no_operating_threshold,nan,nan,nan,,,,,,,,
JVS_JVSMuSiC,mert_l3,3,61,wcos_oas_query,oas_whitened_cosine,pooled_train_midpoint,query,OAS,bc23342dc6190115f2c3,0.85,1.0,0.9016666666666666,1.35,1.0,0.9851315789473685,0.05131578947368421,0.2334599907626005,0.09238735938689807,-0.0036436473873290086,0.06908089054189694,0.2371036381499295,20,380,w1_no_operating_threshold,nan,nan,nan,,,,,,,,
JVS_JVSMuSiC,mert_l3,3,61,cos_om_none,cosine,pooled_train_midpoint,none,none,8420dfb0e1ff65eaa448,0.35,0.85,0.5580555555555555,3.05,2.0,0.8806578947368421,0.20657894736842106,-0.05661875982204164,0.17693179593088876,-0.36523070786858386,0.18150902043346895,0.30861194804654224,20,380,dev_speakers,0.21213575489527223,0.007894736842105263,0.05,,,jvs002;jvs003;jvs007;jvs008;jvs009;jvs010;jvs011;jvs013;jvs015;jvs017;jvs018;jvs021;jvs022;jvs023;jvs025;jvs026;jvs028;jvs031;jvs032;jvs033;jvs034;jvs035;jvs036;jvs037;jvs038;jvs040;jvs041;jvs042;jvs044;jvs046;jvs048;jvs049;jvs050;jvs051;jvs052;jvs053;jvs055;jvs056;jvs059;jvs061;jvs063;jvs064;jvs065;jvs070;jvs074;jvs075;jvs076;jvs077;jvs079;jvs083;jvs085;jvs086;jvs088;jvs091;jvs092;jvs093;jvs095;jvs096;jvs098;jvs100,jvs004;jvs012;jvs014;jvs019;jvs020;jvs029;jvs043;jvs057;jvs060;jvs062;jvs068;jvs071;jvs072;jvs080;jvs082;jvs084;jvs090;jvs094;jvs097;jvs099,jvs001;jvs005;jvs006;jvs016;jvs024;jvs027;jvs030;jvs039;jvs045;jvs047;jvs054;jvs058;jvs066;jvs067;jvs069;jvs073;jvs078;jvs081;jvs087;jvs089,m1_om,0,copied_from_identity_residual_metric_robustness_2026-07-13
JVS_JVSMuSiC,mert_l3,3,61,cos_o0_query,cosine,zero,query,none,8420dfb0e1ff65eaa448,0.55,0.95,0.7020454545454544,2.3,1.0,0.9013157894736842,0.16052631578947368,0.9879624945425928,0.0036457930670045044,0.9786191543184454,0.007093943450617502,0.0093433402241474,20,380,dev_speakers,0.9907406402537278,0.007894736842105263,0.2,,,jvs002;jvs003;jvs007;jvs008;jvs009;jvs010;jvs011;jvs013;jvs015;jvs017;jvs018;jvs021;jvs022;jvs023;jvs025;jvs026;jvs028;jvs031;jvs032;jvs033;jvs034;jvs035;jvs036;jvs037;jvs038;jvs040;jvs041;jvs042;jvs044;jvs046;jvs048;jvs049;jvs050;jvs051;jvs052;jvs053;jvs055;jvs056;jvs059;jvs061;jvs063;jvs064;jvs065;jvs070;jvs074;jvs075;jvs076;jvs077;jvs079;jvs083;jvs085;jvs086;jvs088;jvs091;jvs092;jvs093;jvs095;jvs096;jvs098;jvs100,jvs004;jvs012;jvs014;jvs019;jvs020;jvs029;jvs043;jvs057;jvs060;jvs062;jvs068;jvs071;jvs072;jvs080;jvs082;jvs084;jvs090;jvs094;jvs097;jvs099,jvs001;jvs005;jvs006;jvs016;jvs024;jvs027;jvs030;jvs039;jvs045;jvs047;jvs054;jvs058;jvs066;jvs067;jvs069;jvs073;jvs078;jvs081;jvs087;jvs089,m1_o0,1,copied_from_identity_residual_metric_robustness_2026-07-13
JVS_JVSMuSiC,mert_l3,3,67,wcos_diag_none,diagonal_whitened_cosine,pooled_train_midpoint,none,diagonal_variance,15ac395fea28c3468c77,0.4,0.8,0.5687698412698412,3.6,2.0,0.8603947368421052,0.20131578947368423,0.029755586279049184,0.2159452353009305,-0.2674106792741033,0.17957381544798756,0.29716626555315245,20,380,w1_no_operating_threshold,nan,nan,nan,,,,,,,,
JVS_JVSMuSiC,mert_l3,3,67,wcos_diag_query,diagonal_whitened_cosine,pooled_train_midpoint,query,diagonal_variance,15ac395fea28c3468c77,0.7,0.95,0.7891666666666666,1.85,1.0,0.9665789473684211,0.1,0.5751990432160338,0.0745168004786387,0.2662647993682785,0.1763586215511022,0.30893424384775525,20,380,w1_no_operating_threshold,nan,nan,nan,,,,,,,,
JVS_JVSMuSiC,mert_l3,3,67,wcos_oas_none,oas_whitened_cosine,pooled_train_midpoint,none,OAS,6f89771c7c64a03ccbad,0.9,0.95,0.9222222222222222,1.5,1.0,0.9605263157894737,0.15,0.2894171427345531,0.13129910330005348,0.012819756941031827,0.07640795781016774,0.2765973857935213,20,380,w1_no_operating_threshold,nan,nan,nan,,,,,,,,
JVS_JVSMuSiC,mert_l3,3,67,wcos_oas_query,oas_whitened_cosine,pooled_train_midpoint,query,OAS,6f89771c7c64a03ccbad,0.9,0.95,0.9222222222222222,1.5,1.0,0.9606578947368422,0.15,0.2902335566901564,0.13112316618144415,0.013638544099915358,0.07639051823334622,0.276595012590241,20,380,w1_no_operating_threshold,nan,nan,nan,,,,,,,,
JVS_JVSMuSiC,mert_l3,3,67,cos_om_none,cosine,pooled_train_midpoint,none,none,98eac4108a5d9f744526,0.5,0.75,0.6216883116883116,3.4,1.5,0.8617105263157895,0.20526315789473684,0.030582799184050713,0.2265934918931273,-0.30504912941175644,0.20737818507712635,0.33563192859580715,20,380,dev_speakers,0.14420718461348347,0.007894736842105263,0.3,,,jvs001;jvs002;jvs003;jvs004;jvs008;jvs009;jvs011;jvs012;jvs013;jvs014;jvs015;jvs017;jvs020;jvs022;jvs023;jvs025;jvs026;jvs027;jvs029;jvs032;jvs033;jvs037;jvs038;jvs039;jvs043;jvs046;jvs048;jvs051;jvs054;jvs055;jvs056;jvs057;jvs058;jvs059;jvs060;jvs061;jvs062;jvs064;jvs065;jvs068;jvs069;jvs070;jvs071;jvs073;jvs075;jvs078;jvs080;jvs082;jvs083;jvs084;jvs086;jvs087;jvs088;jvs090;jvs091;jvs093;jvs095;jvs097;jvs099;jvs100,jvs006;jvs007;jvs019;jvs024;jvs030;jvs034;jvs035;jvs036;jvs040;jvs050;jvs063;jvs067;jvs072;jvs076;jvs077;jvs079;jvs089;jvs094;jvs096;jvs098,jvs005;jvs010;jvs016;jvs018;jvs021;jvs028;jvs031;jvs041;jvs042;jvs044;jvs045;jvs047;jvs049;jvs052;jvs053;jvs066;jvs074;jvs081;jvs085;jvs092,m1_om,0,copied_from_identity_residual_metric_robustness_2026-07-13
JVS_JVSMuSiC,mert_l3,3,67,cos_o0_query,cosine,zero,query,none,98eac4108a5d9f744526,0.6,1.0,0.7366666666666667,1.9,1.0,0.9486842105263158,0.1,0.9887881460696122,0.0025506902934747284,0.9780599732895666,0.007039549748538332,0.010728172780045564,20,380,dev_speakers,0.9896208392506602,0.007894736842105263,0.3,,,jvs001;jvs002;jvs003;jvs004;jvs008;jvs009;jvs011;jvs012;jvs013;jvs014;jvs015;jvs017;jvs020;jvs022;jvs023;jvs025;jvs026;jvs027;jvs029;jvs032;jvs033;jvs037;jvs038;jvs039;jvs043;jvs046;jvs048;jvs051;jvs054;jvs055;jvs056;jvs057;jvs058;jvs059;jvs060;jvs061;jvs062;jvs064;jvs065;jvs068;jvs069;jvs070;jvs071;jvs073;jvs075;jvs078;jvs080;jvs082;jvs083;jvs084;jvs086;jvs087;jvs088;jvs090;jvs091;jvs093;jvs095;jvs097;jvs099;jvs100,jvs006;jvs007;jvs019;jvs024;jvs030;jvs034;jvs035;jvs036;jvs040;jvs050;jvs063;jvs067;jvs072;jvs076;jvs077;jvs079;jvs089;jvs094;jvs096;jvs098,jvs005;jvs010;jvs016;jvs018;jvs021;jvs028;jvs031;jvs041;jvs042;jvs044;jvs045;jvs047;jvs049;jvs052;jvs053;jvs066;jvs074;jvs081;jvs085;jvs092,m1_o0,1,copied_from_identity_residual_metric_robustness_2026-07-13
JVS_JVSMuSiC,mert_l3,3,71,wcos_diag_none,diagonal_whitened_cosine,pooled_train_midpoint,none,diagonal_variance,cab2503d6f5a6f92a9cb,0.55,0.9,0.6900000000000001,2.45,1.0,0.8768421052631579,0.25,0.06918553276604757,0.18956996114069555,-0.25081816089234144,0.1882728336141118,0.320003693658389,20,380,w1_no_operating_threshold,nan,nan,nan,,,,,,,,
JVS_JVSMuSiC,mert_l3,3,71,wcos_diag_query,diagonal_whitened_cosine,pooled_train_midpoint,query,diagonal_variance,cab2503d6f5a6f92a9cb,0.85,0.85,0.8726190476190476,1.85,1.0,0.9515789473684211,0.15,0.5944047209602342,0.08996506642022925,0.2924724306945053,0.16918840989130793,0.30193229026572893,20,380,w1_no_operating_threshold,nan,nan,nan,,,,,,,,
JVS_JVSMuSiC,mert_l3,3,71,wcos_oas_none,oas_whitened_cosine,pooled_train_midpoint,none,OAS,d22d188ad535a9260ea3,0.9,1.0,0.9349999999999999,1.25,1.0,0.988421052631579,0.05789473684210526,0.28066888448990324,0.10772953341736916,-0.006978847457413233,0.0746758665510769,0.28764773194731647,20,380,w1_no_operating_threshold,nan,nan,nan,,,,,,,,
JVS_JVSMuSiC,mert_l3,3,71,wcos_oas_query,oas_whitened_cosine,pooled_train_midpoint,query,OAS,d22d188ad535a9260ea3,0.9,1.0,0.9349999999999999,1.25,1.0,0.988421052631579,0.05789473684210526,0.2815249772833585,0.10757896488532456,-0.006107807766422889,0.07465477070035591,0.2876327850497814,20,380,w1_no_operating_threshold,nan,nan,nan,,,,,,,,
JVS_JVSMuSiC,mert_l3,3,71,cos_om_none,cosine,pooled_train_midpoint,none,none,084360a1618aac06d876,0.5,0.9,0.638531746031746,2.75,1.5,0.8702631578947368,0.25,0.02399672420348619,0.20360787597298904,-0.3177854069333,0.21195698147866457,0.3417821311367862,20,380,dev_speakers,0.17130924045567578,0.007894736842105263,0.25,,,jvs002;jvs003;jvs004;jvs005;jvs006;jvs010;jvs011;jvs012;jvs013;jvs014;jvs016;jvs018;jvs019;jvs021;jvs022;jvs024;jvs025;jvs026;jvs027;jvs029;jvs031;jvs032;jvs034;jvs037;jvs039;jvs042;jvs043;jvs044;jvs045;jvs047;jvs048;jvs049;jvs050;jvs052;jvs053;jvs054;jvs055;jvs059;jvs061;jvs062;jvs065;jvs066;jvs067;jvs068;jvs069;jvs070;jvs073;jvs074;jvs075;jvs077;jvs079;jvs080;jvs083;jvs084;jvs086;jvs088;jvs089;jvs092;jvs093;jvs098,jvs008;jvs015;jvs020;jvs023;jvs035;jvs038;jvs040;jvs041;jvs056;jvs057;jvs058;jvs060;jvs063;jvs064;jvs072;jvs076;jvs078;jvs081;jvs099;jvs100,jvs001;jvs007;jvs009;jvs017;jvs028;jvs030;jvs033;jvs036;jvs046;jvs051;jvs071;jvs082;jvs085;jvs087;jvs090;jvs091;jvs094;jvs095;jvs096;jvs097,m1_om,0,copied_from_identity_residual_metric_robustness_2026-07-13
JVS_JVSMuSiC,mert_l3,3,71,cos_o0_query,cosine,zero,query,none,084360a1618aac06d876,0.65,0.9,0.7793650793650794,2.0,1.0,0.9222368421052631,0.15,0.987873181887184,0.004237572719987642,0.9765741972217771,0.007644066034750812,0.011298984665406908,20,380,dev_speakers,0.9906470995846328,0.007894736842105263,0.2,,,jvs002;jvs003;jvs004;jvs005;jvs006;jvs010;jvs011;jvs012;jvs013;jvs014;jvs016;jvs018;jvs019;jvs021;jvs022;jvs024;jvs025;jvs026;jvs027;jvs029;jvs031;jvs032;jvs034;jvs037;jvs039;jvs042;jvs043;jvs044;jvs045;jvs047;jvs048;jvs049;jvs050;jvs052;jvs053;jvs054;jvs055;jvs059;jvs061;jvs062;jvs065;jvs066;jvs067;jvs068;jvs069;jvs070;jvs073;jvs074;jvs075;jvs077;jvs079;jvs080;jvs083;jvs084;jvs086;jvs088;jvs089;jvs092;jvs093;jvs098,jvs008;jvs015;jvs020;jvs023;jvs035;jvs038;jvs040;jvs041;jvs056;jvs057;jvs058;jvs060;jvs063;jvs064;jvs072;jvs076;jvs078;jvs081;jvs099;jvs100,jvs001;jvs007;jvs009;jvs017;jvs028;jvs030;jvs033;jvs036;jvs046;jvs051;jvs071;jvs082;jvs085;jvs087;jvs090;jvs091;jvs094;jvs095;jvs096;jvs097,m1_o0,1,copied_from_identity_residual_metric_robustness_2026-07-13
JVS_JVSMuSiC,mert_l3,3,73,wcos_diag_none,diagonal_whitened_cosine,pooled_train_midpoint,none,diagonal_variance,f9e3a6bb338967c980f6,0.3,0.75,0.46269841269841266,3.9,4.0,0.8197368421052632,0.25263157894736843,-0.023880714102148943,0.19631120654815895,-0.28223720706549166,0.2019821305159664,0.25835649296334273,20,380,w1_no_operating_threshold,nan,nan,nan,,,,,,,,
JVS_JVSMuSiC,mert_l3,3,73,wcos_diag_query,diagonal_whitened_cosine,pooled_train_midpoint,query,diagonal_variance,f9e3a6bb338967c980f6,0.65,0.9,0.7633928571428571,2.05,1.0,0.9415789473684211,0.15,0.596666043599581,0.06882100273621335,0.3231535461286315,0.17564113403850776,0.27351249747094947,20,380,w1_no_operating_threshold,nan,nan,nan,,,,,,,,
JVS_JVSMuSiC,mert_l3,3,73,wcos_oas_none,oas_whitened_cosine,pooled_train_midpoint,none,OAS,94e96fb72b85aac11961,0.9,1.0,0.9266666666666665,1.3,1.0,0.9819736842105263,0.05,0.26866050997521207,0.09470671699991938,-0.0003939706015382723,0.07959434454474619,0.26905448057675035,20,380,w1_no_operating_threshold,nan,nan,nan,,,,,,,,
JVS_JVSMuSiC,mert_l3,3,73,wcos_oas_query,oas_whitened_cosine,pooled_train_midpoint,query,OAS,94e96fb72b85aac11961,0.9,1.0,0.9266666666666665,1.3,1.0,0.9819736842105263,0.05,0.26967364939810695,0.09456430438619708,0.0006194400239171631,0.07958459263032791,0.2690542093741898,20,380,w1_no_operating_threshold,nan,nan,nan,,,,,,,,
JVS_JVSMuSiC,mert_l3,3,73,cos_om_none,cosine,pooled_train_midpoint,none,none,4aee51c9ba98cb4aa4e6,0.3,0.8,0.4871428571428571,3.35,3.0,0.8359210526315789,0.2513157894736842,-0.031064768168340896,0.19736404184427506,-0.33379650708427994,0.22406763133706212,0.302731738915939,20,380,dev_speakers,0.2660576873394235,0.007894736842105263,0.1,,,jvs001;jvs002;jvs005;jvs006;jvs009;jvs011;jvs012;jvs013;jvs017;jvs018;jvs019;jvs020;jvs021;jvs023;jvs025;jvs026;jvs027;jvs032;jvs034;jvs035;jvs036;jvs037;jvs038;jvs039;jvs042;jvs043;jvs048;jvs050;jvs052;jvs058;jvs059;jvs062;jvs063;jvs064;jvs067;jvs068;jvs069;jvs071;jvs072;jvs076;jvs077;jvs079;jvs080;jvs081;jvs082;jvs083;jvs084;jvs086;jvs087;jvs088;jvs089;jvs090;jvs091;jvs094;jvs095;jvs096;jvs097;jvs098;jvs099;jvs100,jvs003;jvs015;jvs016;jvs022;jvs024;jvs028;jvs029;jvs030;jvs031;jvs044;jvs045;jvs047;jvs049;jvs053;jvs057;jvs060;jvs073;jvs075;jvs078;jvs093,jvs004;jvs007;jvs008;jvs010;jvs014;jvs033;jvs040;jvs041;jvs046;jvs051;jvs054;jvs055;jvs056;jvs061;jvs065;jvs066;jvs070;jvs074;jvs085;jvs092,m1_om,0,copied_from_identity_residual_metric_robustness_2026-07-13
JVS_JVSMuSiC,mert_l3,3,73,cos_o0_query,cosine,zero,query,none,4aee51c9ba98cb4aa4e6,0.55,0.9,0.7113095238095238,2.1,1.0,0.9321052631578948,0.15,0.9896499244594059,0.001960905304783661,0.9806633867470663,0.006750424675183924,0.008986537712339593,20,380,dev_speakers,0.9909721904600978,0.007894736842105263,0.3,,,jvs001;jvs002;jvs005;jvs006;jvs009;jvs011;jvs012;jvs013;jvs017;jvs018;jvs019;jvs020;jvs021;jvs023;jvs025;jvs026;jvs027;jvs032;jvs034;jvs035;jvs036;jvs037;jvs038;jvs039;jvs042;jvs043;jvs048;jvs050;jvs052;jvs058;jvs059;jvs062;jvs063;jvs064;jvs067;jvs068;jvs069;jvs071;jvs072;jvs076;jvs077;jvs079;jvs080;jvs081;jvs082;jvs083;jvs084;jvs086;jvs087;jvs088;jvs089;jvs090;jvs091;jvs094;jvs095;jvs096;jvs097;jvs098;jvs099;jvs100,jvs003;jvs015;jvs016;jvs022;jvs024;jvs028;jvs029;jvs030;jvs031;jvs044;jvs045;jvs047;jvs049;jvs053;jvs057;jvs060;jvs073;jvs075;jvs078;jvs093,jvs004;jvs007;jvs008;jvs010;jvs014;jvs033;jvs040;jvs041;jvs046;jvs051;jvs054;jvs055;jvs056;jvs061;jvs065;jvs066;jvs070;jvs074;jvs085;jvs092,m1_o0,1,copied_from_identity_residual_metric_robustness_2026-07-13
JVS_JVSMuSiC,mert_l3,3,79,wcos_diag_none,diagonal_whitened_cosine,pooled_train_midpoint,none,diagonal_variance,9d2cfb6502dcae1ccf36,0.35,0.95,0.57,2.55,2.0,0.8868421052631579,0.19736842105263158,0.0639337318541355,0.16543932092910935,-0.2482359247543152,0.1976776151529259,0.3121696566084507,20,380,w1_no_operating_threshold,nan,nan,nan,,,,,,,,
JVS_JVSMuSiC,mert_l3,3,79,wcos_diag_query,diagonal_whitened_cosine,pooled_train_midpoint,query,diagonal_variance,9d2cfb6502dcae1ccf36,0.75,0.9,0.8392857142857142,1.75,1.0,0.9571052631578948,0.15,0.5962302211675585,0.08431341513206107,0.28760831637962336,0.18098884192813464,0.30862190478793516,20,380,w1_no_operating_threshold,nan,nan,nan,,,,,,,,
JVS_JVSMuSiC,mert_l3,3,79,wcos_oas_none,oas_whitened_cosine,pooled_train_midpoint,none,OAS,3041116b2c8a8e28e23e,0.9,1.0,0.95,1.1,1.0,0.9931578947368421,0.05,0.2749612519191582,0.09667772934306114,0.003135264024821103,0.07065726370122462,0.2718259878943371,20,380,w1_no_operating_threshold,nan,nan,nan,,,,,,,,
JVS_JVSMuSiC,mert_l3,3,79,wcos_oas_query,oas_whitened_cosine,pooled_train_midpoint,query,OAS,3041116b2c8a8e28e23e,0.9,1.0,0.95,1.1,1.0,0.9928947368421053,0.05,0.2758607484932517,0.09663997602847647,0.004044463404126056,0.07063481830819565,0.27181628508912564,20,380,w1_no_operating_threshold,nan,nan,nan,,,,,,,,
JVS_JVSMuSiC,mert_l3,3,79,cos_om_none,cosine,pooled_train_midpoint,none,none,b45028d5732fcfb70b2d,0.35,0.95,0.5908333333333333,2.4,2.0,0.8877631578947368,0.2,0.041112924905112744,0.15139581370683036,-0.30191730605967393,0.2238448201920583,0.3430302309647867,20,380,dev_speakers,0.13620124560072094,0.007894736842105263,0.3,,,jvs001;jvs002;jvs003;jvs006;jvs007;jvs010;jvs011;jvs012;jvs014;jvs016;jvs018;jvs019;jvs021;jvs022;jvs023;jvs028;jvs029;jvs032;jvs033;jvs034;jvs035;jvs036;jvs037;jvs038;jvs040;jvs047;jvs048;jvs049;jvs050;jvs051;jvs052;jvs053;jvs055;jvs056;jvs057;jvs059;jvs060;jvs062;jvs063;jvs064;jvs065;jvs068;jvs070;jvs072;jvs073;jvs074;jvs075;jvs076;jvs079;jvs080;jvs081;jvs082;jvs086;jvs087;jvs092;jvs093;jvs094;jvs097;jvs098;jvs100,jvs004;jvs005;jvs008;jvs009;jvs020;jvs024;jvs025;jvs026;jvs039;jvs041;jvs043;jvs044;jvs069;jvs077;jvs078;jvs084;jvs088;jvs089;jvs095;jvs099,jvs013;jvs015;jvs017;jvs027;jvs030;jvs031;jvs042;jvs045;jvs046;jvs054;jvs058;jvs061;jvs066;jvs067;jvs071;jvs083;jvs085;jvs090;jvs091;jvs096,m1_om,0,copied_from_identity_residual_metric_robustness_2026-07-13
JVS_JVSMuSiC,mert_l3,3,79,cos_o0_query,cosine,zero,query,none,b45028d5732fcfb70b2d,0.65,0.95,0.7697222222222222,2.0,1.0,0.9319736842105263,0.1105263157894737,0.987983035012572,0.004002409637222038,0.9766426261889711,0.007828760721464427,0.011340408823600878,20,380,dev_speakers,0.990434244491261,0.007894736842105263,0.25,,,jvs001;jvs002;jvs003;jvs006;jvs007;jvs010;jvs011;jvs012;jvs014;jvs016;jvs018;jvs019;jvs021;jvs022;jvs023;jvs028;jvs029;jvs032;jvs033;jvs034;jvs035;jvs036;jvs037;jvs038;jvs040;jvs047;jvs048;jvs049;jvs050;jvs051;jvs052;jvs053;jvs055;jvs056;jvs057;jvs059;jvs060;jvs062;jvs063;jvs064;jvs065;jvs068;jvs070;jvs072;jvs073;jvs074;jvs075;jvs076;jvs079;jvs080;jvs081;jvs082;jvs086;jvs087;jvs092;jvs093;jvs094;jvs097;jvs098;jvs100,jvs004;jvs005;jvs008;jvs009;jvs020;jvs024;jvs025;jvs026;jvs039;jvs041;jvs043;jvs044;jvs069;jvs077;jvs078;jvs084;jvs088;jvs089;jvs095;jvs099,jvs013;jvs015;jvs017;jvs027;jvs030;jvs031;jvs042;jvs045;jvs046;jvs054;jvs058;jvs061;jvs066;jvs067;jvs071;jvs083;jvs085;jvs090;jvs091;jvs096,m1_o0,1,copied_from_identity_residual_metric_robustness_2026-07-13
JVS_JVSMuSiC,mert_l3,3,83,wcos_diag_none,diagonal_whitened_cosine,pooled_train_midpoint,none,diagonal_variance,232853e9871d17adf2aa,0.45,0.95,0.6241666666666666,2.45,2.0,0.8967105263157895,0.2,0.05413227688244898,0.17487357933336173,-0.2664267119263269,0.18043920306949332,0.32055898880877587,20,380,w1_no_operating_threshold,nan,nan,nan,,,,,,,,
JVS_JVSMuSiC,mert_l3,3,83,wcos_diag_query,diagonal_whitened_cosine,pooled_train_midpoint,query,diagonal_variance,232853e9871d17adf2aa,0.75,0.95,0.8308333333333333,1.7,1.0,0.9497368421052632,0.1118421052631579,0.5632448143153788,0.09385484014684979,0.243397079742328,0.17827574484551936,0.31984773457305077,20,380,w1_no_operating_threshold,nan,nan,nan,,,,,,,,
JVS_JVSMuSiC,mert_l3,3,83,wcos_oas_none,oas_whitened_cosine,pooled_train_midpoint,none,OAS,70fbf3cbf98ea539f2f3,0.85,1.0,0.9083333333333332,1.25,1.0,0.9797368421052631,0.1,0.24824476841922313,0.10839096681690222,-0.006990827286054445,0.07469772485052092,0.2552355957052776,20,380,w1_no_operating_threshold,nan,nan,nan,,,,,,,,
JVS_JVSMuSiC,mert_l3,3,83,wcos_oas_query,oas_whitened_cosine,pooled_train_midpoint,query,OAS,70fbf3cbf98ea539f2f3,0.85,1.0,0.9083333333333332,1.25,1.0,0.9797368421052631,0.1,0.24912998588342172,0.1083497778710859,-0.00609668835368327,0.0746783057327163,0.255226674237105,20,380,w1_no_operating_threshold,nan,nan,nan,,,,,,,,
JVS_JVSMuSiC,mert_l3,3,83,cos_om_none,cosine,pooled_train_midpoint,none,none,41080b1833d1860b7537,0.4,0.9,0.5974999999999999,2.55,2.0,0.8953947368421052,0.2,0.03455356085009797,0.1799761361998113,-0.323097770533664,0.2103624841458238,0.357651331383762,20,380,dev_speakers,0.206639484445728,0.007894736842105263,0.1,,,jvs002;jvs003;jvs004;jvs005;jvs010;jvs011;jvs013;jvs014;jvs017;jvs018;jvs019;jvs022;jvs024;jvs025;jvs026;jvs029;jvs030;jvs033;jvs034;jvs035;jvs037;jvs039;jvs040;jvs043;jvs044;jvs046;jvs047;jvs048;jvs049;jvs050;jvs051;jvs052;jvs054;jvs055;jvs057;jvs058;jvs060;jvs061;jvs062;jvs063;jvs064;jvs065;jvs068;jvs069;jvs070;jvs073;jvs074;jvs078;jvs079;jvs082;jvs083;jvs084;jvs087;jvs088;jvs089;jvs090;jvs092;jvs096;jvs097;jvs099,jvs007;jvs008;jvs015;jvs016;jvs020;jvs021;jvs023;jvs031;jvs032;jvs041;jvs042;jvs045;jvs056;jvs066;jvs067;jvs075;jvs080;jvs091;jvs093;jvs098,jvs001;jvs006;jvs009;jvs012;jvs027;jvs028;jvs036;jvs038;jvs053;jvs059;jvs071;jvs072;jvs076;jvs077;jvs081;jvs085;jvs086;jvs094;jvs095;jvs100,m1_om,0,copied_from_identity_residual_metric_robustness_2026-07-13
JVS_JVSMuSiC,mert_l3,3,83,cos_o0_query,cosine,zero,query,none,41080b1833d1860b7537,0.75,1.0,0.8541666666666666,1.4,1.0,0.9034210526315789,0.15921052631578947,0.9879352054169999,0.005030859205326118,0.9763166040800654,0.007733338065211963,0.011618601336934486,20,380,dev_speakers,0.9898778208892702,0.007894736842105263,0.4,,,jvs002;jvs003;jvs004;jvs005;jvs010;jvs011;jvs013;jvs014;jvs017;jvs018;jvs019;jvs022;jvs024;jvs025;jvs026;jvs029;jvs030;jvs033;jvs034;jvs035;jvs037;jvs039;jvs040;jvs043;jvs044;jvs046;jvs047;jvs048;jvs049;jvs050;jvs051;jvs052;jvs054;jvs055;jvs057;jvs058;jvs060;jvs061;jvs062;jvs063;jvs064;jvs065;jvs068;jvs069;jvs070;jvs073;jvs074;jvs078;jvs079;jvs082;jvs083;jvs084;jvs087;jvs088;jvs089;jvs090;jvs092;jvs096;jvs097;jvs099,jvs007;jvs008;jvs015;jvs016;jvs020;jvs021;jvs023;jvs031;jvs032;jvs041;jvs042;jvs045;jvs056;jvs066;jvs067;jvs075;jvs080;jvs091;jvs093;jvs098,jvs001;jvs006;jvs009;jvs012;jvs027;jvs028;jvs036;jvs038;jvs053;jvs059;jvs071;jvs072;jvs076;jvs077;jvs081;jvs085;jvs086;jvs094;jvs095;jvs100,m1_o0,1,copied_from_identity_residual_metric_robustness_2026-07-13
JVS_JVSMuSiC,mert_l3,3,89,wcos_diag_none,diagonal_whitened_cosine,pooled_train_midpoint,none,diagonal_variance,81b3b18eecbd0bb6998f,0.4,1.0,0.6325,2.2,2.0,0.9214473684210527,0.15,-0.04522699162139725,0.13545887689537578,-0.31233886646471803,0.1356308402546524,0.2671118748433208,20,380,w1_no_operating_threshold,nan,nan,nan,,,,,,,,
JVS_JVSMuSiC,mert_l3,3,89,wcos_diag_query,diagonal_whitened_cosine,pooled_train_midpoint,query,diagonal_variance,81b3b18eecbd0bb6998f,0.8,1.0,0.875,1.4,1.0,0.9578947368421052,0.1,0.576096633828337,0.07704204002852212,0.29576749929633683,0.14867361340012586,0.28032913453200015,20,380,w1_no_operating_threshold,nan,nan,nan,,,,,,,,
JVS_JVSMuSiC,mert_l3,3,89,wcos_oas_none,oas_whitened_cosine,pooled_train_midpoint,none,OAS,54fed23510602ecf2cec,0.9,1.0,0.95,1.1,1.0,0.9947368421052631,0.04078947368421053,0.276013227972139,0.07856898347362261,0.013343624048331457,0.07424486108730549,0.26266960392380756,20,380,w1_no_operating_threshold,nan,nan,nan,,,,,,,,
JVS_JVSMuSiC,mert_l3,3,89,wcos_oas_query,oas_whitened_cosine,pooled_train_midpoint,query,OAS,54fed23510602ecf2cec,0.9,1.0,0.95,1.1,1.0,0.9947368421052631,0.04078947368421053,0.27700945020026385,0.07847862627194244,0.014318422668197895,0.07426499534968276,0.26269102753206597,20,380,w1_no_operating_threshold,nan,nan,nan,,,,,,,,
JVS_JVSMuSiC,mert_l3,3,89,cos_om_none,cosine,pooled_train_midpoint,none,none,1bc582523cc4128fd98f,0.5,0.9,0.6726984126984127,2.4,1.5,0.9173684210526316,0.15,-0.0712146956966372,0.13595747690960827,-0.36744033229395423,0.15791851486174902,0.29622563659731704,20,380,dev_speakers,0.19814504454881476,0.007894736842105263,0.0,,,jvs001;jvs002;jvs003;jvs005;jvs008;jvs009;jvs010;jvs013;jvs014;jvs015;jvs016;jvs018;jvs019;jvs021;jvs024;jvs025;jvs026;jvs028;jvs029;jvs030;jvs031;jvs033;jvs036;jvs037;jvs038;jvs042;jvs043;jvs044;jvs046;jvs047;jvs049;jvs052;jvs054;jvs056;jvs058;jvs060;jvs061;jvs063;jvs064;jvs065;jvs067;jvs071;jvs072;jvs073;jvs074;jvs076;jvs078;jvs079;jvs080;jvs081;jvs083;jvs084;jvs085;jvs086;jvs091;jvs094;jvs095;jvs096;jvs099;jvs100,jvs020;jvs022;jvs034;jvs039;jvs040;jvs041;jvs045;jvs048;jvs051;jvs053;jvs055;jvs069;jvs070;jvs077;jvs082;jvs087;jvs088;jvs090;jvs093;jvs098,jvs004;jvs006;jvs007;jvs011;jvs012;jvs017;jvs023;jvs027;jvs032;jvs035;jvs050;jvs057;jvs059;jvs062;jvs066;jvs068;jvs075;jvs089;jvs092;jvs097,m1_om,0,copied_from_identity_residual_metric_robustness_2026-07-13
JVS_JVSMuSiC,mert_l3,3,89,cos_o0_query,cosine,zero,query,none,1bc582523cc4128fd98f,0.65,0.9,0.74125,2.25,1.0,0.9,0.2,0.9892394518047473,0.00405078580505261,0.9806866033612605,0.006172095985219361,0.008552848443486805,20,380,dev_speakers,0.9905732851612703,0.007894736842105263,0.4,,,jvs001;jvs002;jvs003;jvs005;jvs008;jvs009;jvs010;jvs013;jvs014;jvs015;jvs016;jvs018;jvs019;jvs021;jvs024;jvs025;jvs026;jvs028;jvs029;jvs030;jvs031;jvs033;jvs036;jvs037;jvs038;jvs042;jvs043;jvs044;jvs046;jvs047;jvs049;jvs052;jvs054;jvs056;jvs058;jvs060;jvs061;jvs063;jvs064;jvs065;jvs067;jvs071;jvs072;jvs073;jvs074;jvs076;jvs078;jvs079;jvs080;jvs081;jvs083;jvs084;jvs085;jvs086;jvs091;jvs094;jvs095;jvs096;jvs099;jvs100,jvs020;jvs022;jvs034;jvs039;jvs040;jvs041;jvs045;jvs048;jvs051;jvs053;jvs055;jvs069;jvs070;jvs077;jvs082;jvs087;jvs088;jvs090;jvs093;jvs098,jvs004;jvs006;jvs007;jvs011;jvs012;jvs017;jvs023;jvs027;jvs032;jvs035;jvs050;jvs057;jvs059;jvs062;jvs066;jvs068;jvs075;jvs089;jvs092;jvs097,m1_o0,1,copied_from_identity_residual_metric_robustness_2026-07-13
JVS_JVSMuSiC,mert_l3,3,97,wcos_diag_none,diagonal_whitened_cosine,pooled_train_midpoint,none,diagonal_variance,1b08a26da7c54111eb9b,0.35,0.85,0.5384722222222221,3.4,2.5,0.8642105263157894,0.2118421052631579,0.0230787878824817,0.18710754276218583,-0.26420877369023654,0.18002487508193316,0.28728756157271823,20,380,w1_no_operating_threshold,nan,nan,nan,,,,,,,,
JVS_JVSMuSiC,mert_l3,3,97,wcos_diag_query,diagonal_whitened_cosine,pooled_train_midpoint,query,diagonal_variance,1b08a26da7c54111eb9b,0.5,1.0,0.6725,2.1,1.5,0.9096052631578947,0.19736842105263158,0.5564735441886136,0.10194628027247271,0.2602683300041465,0.1989921215739358,0.2962052141844671,20,380,w1_no_operating_threshold,nan,nan,nan,,,,,,,,
JVS_JVSMuSiC,mert_l3,3,97,wcos_oas_none,oas_whitened_cosine,pooled_train_midpoint,none,OAS,03cb3182f2df7e5b66f0,0.8,1.0,0.8916666666666666,1.25,1.0,0.9839473684210527,0.1,0.30163268666809884,0.10508743254293003,0.010669005479200681,0.07974571461954479,0.29096368118889815,20,380,w1_no_operating_threshold,nan,nan,nan,,,,,,,,
JVS_JVSMuSiC,mert_l3,3,97,wcos_oas_query,oas_whitened_cosine,pooled_train_midpoint,query,OAS,03cb3182f2df7e5b66f0,0.8,1.0,0.8916666666666666,1.25,1.0,0.9839473684210527,0.1,0.30249768139039956,0.10500689727710336,0.011535512829853475,0.0797231642726288,0.2909621685605461,20,380,w1_no_operating_threshold,nan,nan,nan,,,,,,,,
JVS_JVSMuSiC,mert_l3,3,97,cos_om_none,cosine,pooled_train_midpoint,none,none,2af6d7b75ae538afa034,0.4,0.8,0.56625,3.25,2.5,0.8719736842105263,0.2,-0.008476199734679418,0.18315984428408072,-0.32010537359713725,0.19986845252020455,0.3116291738624578,20,380,dev_speakers,0.07907962143521871,0.007894736842105263,0.25,,,jvs003;jvs004;jvs005;jvs006;jvs007;jvs008;jvs009;jvs010;jvs011;jvs013;jvs014;jvs015;jvs017;jvs018;jvs021;jvs022;jvs023;jvs024;jvs026;jvs029;jvs030;jvs032;jvs034;jvs035;jvs037;jvs038;jvs039;jvs040;jvs043;jvs045;jvs048;jvs049;jvs050;jvs051;jvs052;jvs054;jvs055;jvs057;jvs058;jvs059;jvs066;jvs067;jvs068;jvs069;jvs072;jvs073;jvs074;jvs077;jvs080;jvs081;jvs082;jvs083;jvs086;jvs087;jvs089;jvs090;jvs093;jvs094;jvs096;jvs099,jvs001;jvs002;jvs012;jvs016;jvs027;jvs036;jvs042;jvs053;jvs061;jvs065;jvs070;jvs071;jvs075;jvs076;jvs079;jvs084;jvs091;jvs092;jvs095;jvs098,jvs019;jvs020;jvs025;jvs028;jvs031;jvs033;jvs041;jvs044;jvs046;jvs047;jvs056;jvs060;jvs062;jvs063;jvs064;jvs078;jvs085;jvs088;jvs097;jvs100,m1_om,0,copied_from_identity_residual_metric_robustness_2026-07-13
JVS_JVSMuSiC,mert_l3,3,97,cos_o0_query,cosine,zero,query,none,2af6d7b75ae538afa034,0.6,0.9,0.7229166666666667,2.2,1.0,0.9405263157894737,0.15,0.9882430733842972,0.0026226794251248023,0.9784332795987802,0.006460009962498766,0.00980979378551694,20,380,dev_speakers,0.9909215366702437,0.007894736842105263,0.15,,,jvs003;jvs004;jvs005;jvs006;jvs007;jvs008;jvs009;jvs010;jvs011;jvs013;jvs014;jvs015;jvs017;jvs018;jvs021;jvs022;jvs023;jvs024;jvs026;jvs029;jvs030;jvs032;jvs034;jvs035;jvs037;jvs038;jvs039;jvs040;jvs043;jvs045;jvs048;jvs049;jvs050;jvs051;jvs052;jvs054;jvs055;jvs057;jvs058;jvs059;jvs066;jvs067;jvs068;jvs069;jvs072;jvs073;jvs074;jvs077;jvs080;jvs081;jvs082;jvs083;jvs086;jvs087;jvs089;jvs090;jvs093;jvs094;jvs096;jvs099,jvs001;jvs002;jvs012;jvs016;jvs027;jvs036;jvs042;jvs053;jvs061;jvs065;jvs070;jvs071;jvs075;jvs076;jvs079;jvs084;jvs091;jvs092;jvs095;jvs098,jvs019;jvs020;jvs025;jvs028;jvs031;jvs033;jvs041;jvs044;jvs046;jvs047;jvs056;jvs060;jvs062;jvs063;jvs064;jvs078;jvs085;jvs088;jvs097;jvs100,m1_o0,1,copied_from_identity_residual_metric_robustness_2026-07-13
GTSinger_same_text_control,wavlm_l12,12,13,wcos_diag_none,diagonal_whitened_cosine,pooled_train_midpoint,none,diagonal_variance,995514ad4f73fe99b8cc,0.7,1.0,0.85,1.3,1.0,0.9855555555555555,0.022222222222222223,0.09523094873844432,0.1286408751842579,-0.2125912160915242,0.10310485864952866,0.3078221648299685,10,90,w1_no_operating_threshold,nan,nan,nan,,,,,,,,
GTSinger_same_text_control,wavlm_l12,12,13,wcos_diag_query,diagonal_whitened_cosine,pooled_train_midpoint,query,diagonal_variance,995514ad4f73fe99b8cc,1.0,1.0,1.0,1.0,1.0,0.9844444444444445,0.1,0.628540386731605,0.0713855320802961,0.35400660576906523,0.1193584895830982,0.2745337809625397,10,90,w1_no_operating_threshold,nan,nan,nan,,,,,,,,
GTSinger_same_text_control,wavlm_l12,12,13,wcos_oas_none,oas_whitened_cosine,pooled_train_midpoint,none,OAS,5580b86b9b51bbf18cf0,0.9,1.0,0.95,1.1,1.0,0.9677777777777777,0.1,0.4623649320880153,0.14737259911948786,0.07567242549297865,0.1368191540941297,0.3866925065950367,10,90,w1_no_operating_threshold,nan,nan,nan,,,,,,,,
GTSinger_same_text_control,wavlm_l12,12,13,wcos_oas_query,oas_whitened_cosine,pooled_train_midpoint,query,OAS,5580b86b9b51bbf18cf0,0.9,1.0,0.95,1.1,1.0,0.9677777777777777,0.1,0.46363514026033964,0.14737441102290275,0.07705344377423799,0.13676802059454238,0.38658169648610163,10,90,w1_no_operating_threshold,nan,nan,nan,,,,,,,,
GTSinger_same_text_control,wavlm_l12,12,13,cos_om_none,cosine,pooled_train_midpoint,none,none,9341ae9c786ded2b3ed4,0.7,1.0,0.8333333333333333,1.4,1.0,0.9266666666666666,0.11666666666666667,-0.15489215667623674,0.13808088480111894,-0.4333550715084805,0.12954813587936675,0.2784629148322438,10,90,insufficient_resolution/non_independent_calibration,nan,nan,nan,,,DE-Soprano-1;DE-Tenor-1;EN-Alto-2;EN-Tenor-1;ES-Bass-1;ES-Soprano-1;IT-Bass-2;JA-Tenor-1;KO-Soprano-2;RU-Alto-1,,EN-Alto-1;FR-Soprano-1;FR-Tenor-1;IT-Bass-1;IT-Soprano-1;JA-Soprano-1;KO-Soprano-1;KO-Tenor-1;ZH-Alto-1;ZH-Tenor-1,m1_om,0,copied_from_identity_residual_metric_robustness_2026-07-13
GTSinger_same_text_control,wavlm_l12,12,13,cos_o0_query,cosine,zero,query,none,9341ae9c786ded2b3ed4,0.7,1.0,0.8,1.7,1.0,0.9055555555555556,0.2,0.9935494572857525,0.0026702897583183445,0.9868885020715003,0.004737987937743844,0.006660955214252251,10,90,insufficient_resolution/non_independent_calibration,nan,nan,nan,,,DE-Soprano-1;DE-Tenor-1;EN-Alto-2;EN-Tenor-1;ES-Bass-1;ES-Soprano-1;IT-Bass-2;JA-Tenor-1;KO-Soprano-2;RU-Alto-1,,EN-Alto-1;FR-Soprano-1;FR-Tenor-1;IT-Bass-1;IT-Soprano-1;JA-Soprano-1;KO-Soprano-1;KO-Tenor-1;ZH-Alto-1;ZH-Tenor-1,m1_o0,1,copied_from_identity_residual_metric_robustness_2026-07-13
GTSinger_same_text_control,wavlm_l12,12,17,wcos_diag_none,diagonal_whitened_cosine,pooled_train_midpoint,none,diagonal_variance,19e6d616f061c0d7d9b2,0.6,1.0,0.8,1.4,1.0,0.96,0.10555555555555556,0.06156803694741582,0.1546789201509667,-0.2509735997801822,0.11599376642587292,0.312541636727598,10,90,w1_no_operating_threshold,nan,nan,nan,,,,,,,,
GTSinger_same_text_control,wavlm_l12,12,17,wcos_diag_query,diagonal_whitened_cosine,pooled_train_midpoint,query,diagonal_variance,19e6d616f061c0d7d9b2,0.9,1.0,0.9333333333333332,1.2,1.0,0.9711111111111111,0.1,0.6163470206066329,0.09827041269781214,0.309048429871517,0.11182494164784819,0.30729859073511595,10,90,w1_no_operating_threshold,nan,nan,nan,,,,,,,,
GTSinger_same_text_control,wavlm_l12,12,17,wcos_oas_none,oas_whitened_cosine,pooled_train_midpoint,none,OAS,dfa49b7001890289948e,0.9,1.0,0.95,1.1,1.0,0.9644444444444444,0.1,0.5259141361186473,0.18769636799768802,0.0053756483385268665,0.1824509575882898,0.5205384877801205,10,90,w1_no_operating_threshold,nan,nan,nan,,,,,,,,
GTSinger_same_text_control,wavlm_l12,12,17,wcos_oas_query,oas_whitened_cosine,pooled_train_midpoint,query,OAS,dfa49b7001890289948e,0.9,1.0,0.95,1.1,1.0,0.9644444444444444,0.1,0.5273381526967285,0.1879213709962471,0.006663652134506745,0.1824833124826643,0.5206745005622218,10,90,w1_no_operating_threshold,nan,nan,nan,,,,,,,,
GTSinger_same_text_control,wavlm_l12,12,17,cos_om_none,cosine,pooled_train_midpoint,none,none,a010dafc0e8f36a6e4a4,0.7,1.0,0.8033333333333333,1.7,1.0,0.8911111111111111,0.2,-0.21404171774731343,0.16639132049455896,-0.47631233911566184,0.14806588164957218,0.26227062136834844,10,90,insufficient_resolution/non_independent_calibration,nan,nan,nan,,,EN-Alto-2;EN-Tenor-1;ES-Bass-1;ES-Soprano-1;FR-Tenor-1;IT-Bass-1;JA-Soprano-1;KO-Soprano-1;KO-Tenor-1;RU-Alto-1,,DE-Soprano-1;DE-Tenor-1;EN-Alto-1;FR-Soprano-1;IT-Bass-2;IT-Soprano-1;JA-Tenor-1;KO-Soprano-2;ZH-Alto-1;ZH-Tenor-1,m1_om,0,copied_from_identity_residual_metric_robustness_2026-07-13
GTSinger_same_text_control,wavlm_l12,12,17,cos_o0_query,cosine,zero,query,none,a010dafc0e8f36a6e4a4,0.8,0.9,0.836111111111111,2.1,1.0,0.8288888888888889,0.2,0.9928566646545148,0.005627286256031115,0.9865976664219722,0.005355705558342763,0.006258998232542612,10,90,insufficient_resolution/non_independent_calibration,nan,nan,nan,,,EN-Alto-2;EN-Tenor-1;ES-Bass-1;ES-Soprano-1;FR-Tenor-1;IT-Bass-1;JA-Soprano-1;KO-Soprano-1;KO-Tenor-1;RU-Alto-1,,DE-Soprano-1;DE-Tenor-1;EN-Alto-1;FR-Soprano-1;IT-Bass-2;IT-Soprano-1;JA-Tenor-1;KO-Soprano-2;ZH-Alto-1;ZH-Tenor-1,m1_o0,1,copied_from_identity_residual_metric_robustness_2026-07-13
GTSinger_same_text_control,wavlm_l12,12,19,wcos_diag_none,diagonal_whitened_cosine,pooled_train_midpoint,none,diagonal_variance,3dd2434c0ab73ed4d42d,0.7,1.0,0.795,1.8,1.0,0.9266666666666666,0.2,0.12327650545159888,0.19659844639999186,-0.2142967410899073,0.13220795531239699,0.33757324654150617,10,90,w1_no_operating_threshold,nan,nan,nan,,,,,,,,
GTSinger_same_text_control,wavlm_l12,12,19,wcos_diag_query,diagonal_whitened_cosine,pooled_train_midpoint,query,diagonal_variance,3dd2434c0ab73ed4d42d,0.8,1.0,0.9,1.2,1.0,0.9733333333333334,0.1,0.6032004798411196,0.10025103773249987,0.25118439772112616,0.15378269651852283,0.3520160821199934,10,90,w1_no_operating_threshold,nan,nan,nan,,,,,,,,
GTSinger_same_text_control,wavlm_l12,12,19,wcos_oas_none,oas_whitened_cosine,pooled_train_midpoint,none,OAS,32be019cd611cd341e40,0.8,1.0,0.9,1.2,1.0,0.9766666666666667,0.1,0.5641939082250139,0.17864057159442484,0.04278352536722941,0.16098012739158615,0.5214103828577845,10,90,w1_no_operating_threshold,nan,nan,nan,,,,,,,,
GTSinger_same_text_control,wavlm_l12,12,19,wcos_oas_query,oas_whitened_cosine,pooled_train_midpoint,query,OAS,32be019cd611cd341e40,0.8,1.0,0.9,1.2,1.0,0.9766666666666667,0.1,0.5655479496799589,0.17868697070213568,0.04412409180727181,0.16095983234063857,0.5214238578726871,10,90,w1_no_operating_threshold,nan,nan,nan,,,,,,,,
GTSinger_same_text_control,wavlm_l12,12,19,cos_om_none,cosine,pooled_train_midpoint,none,none,5be26ca56af7d58daa42,0.6,0.9,0.7625,2.0,1.0,0.8888888888888888,0.19444444444444445,-0.17700672278811175,0.18228488240092033,-0.45296875825359123,0.1514020152567208,0.2759620354654795,10,90,insufficient_resolution/non_independent_calibration,nan,nan,nan,,,DE-Tenor-1;EN-Alto-1;EN-Tenor-1;ES-Bass-1;FR-Tenor-1;IT-Bass-1;JA-Soprano-1;KO-Soprano-1;KO-Tenor-1;ZH-Alto-1,,DE-Soprano-1;EN-Alto-2;ES-Soprano-1;FR-Soprano-1;IT-Bass-2;IT-Soprano-1;JA-Tenor-1;KO-Soprano-2;RU-Alto-1;ZH-Tenor-1,m1_om,0,copied_from_identity_residual_metric_robustness_2026-07-13
GTSinger_same_text_control,wavlm_l12,12,19,cos_o0_query,cosine,zero,query,none,5be26ca56af7d58daa42,0.8,0.9,0.8625,1.8,1.0,0.8366666666666667,0.2,0.9934793523264259,0.005246805241464717,0.9871548083437724,0.00561062349465086,0.006324543982653474,10,90,insufficient_resolution/non_independent_calibration,nan,nan,nan,,,DE-Tenor-1;EN-Alto-1;EN-Tenor-1;ES-Bass-1;FR-Tenor-1;IT-Bass-1;JA-Soprano-1;KO-Soprano-1;KO-Tenor-1;ZH-Alto-1,,DE-Soprano-1;EN-Alto-2;ES-Soprano-1;FR-Soprano-1;IT-Bass-2;IT-Soprano-1;JA-Tenor-1;KO-Soprano-2;RU-Alto-1;ZH-Tenor-1,m1_o0,1,copied_from_identity_residual_metric_robustness_2026-07-13
GTSinger_same_text_control,wavlm_l12,12,23,wcos_diag_none,diagonal_whitened_cosine,pooled_train_midpoint,none,diagonal_variance,51ef36f44509264ff0be,0.6,1.0,0.7283333333333333,2.0,1.0,0.9166666666666666,0.2,0.10611841072353792,0.17210972916889591,-0.224548447755372,0.16625638190135164,0.3306668584789099,10,90,w1_no_operating_threshold,nan,nan,nan,,,,,,,,
GTSinger_same_text_control,wavlm_l12,12,23,wcos_diag_query,diagonal_whitened_cosine,pooled_train_midpoint,query,diagonal_variance,51ef36f44509264ff0be,0.8,1.0,0.9,1.2,1.0,0.9655555555555555,0.1,0.6621246219817063,0.0938309714868341,0.36579772207121036,0.12149633419181499,0.29632689991049593,10,90,w1_no_operating_threshold,nan,nan,nan,,,,,,,,
GTSinger_same_text_control,wavlm_l12,12,23,wcos_oas_none,oas_whitened_cosine,pooled_train_midpoint,none,OAS,b206af6958c03ef16d29,1.0,1.0,1.0,1.0,1.0,0.9933333333333333,0.022222222222222223,0.570588753938795,0.10719441065311457,0.05499983834725152,0.162520931286368,0.5155889155915435,10,90,w1_no_operating_threshold,nan,nan,nan,,,,,,,,
GTSinger_same_text_control,wavlm_l12,12,23,wcos_oas_query,oas_whitened_cosine,pooled_train_midpoint,query,OAS,b206af6958c03ef16d29,1.0,1.0,1.0,1.0,1.0,0.9933333333333333,0.022222222222222223,0.5717471339701304,0.10724519439001763,0.056309938234203806,0.16236608333573394,0.5154371957359266,10,90,w1_no_operating_threshold,nan,nan,nan,,,,,,,,
GTSinger_same_text_control,wavlm_l12,12,23,cos_om_none,cosine,pooled_train_midpoint,none,none,c58e8db135b22fe8e959,0.6,1.0,0.7283333333333333,2.0,1.0,0.8577777777777778,0.21666666666666667,-0.1585768015604653,0.18835793616397975,-0.43746318853425165,0.18434818749544898,0.2788863869737863,10,90,insufficient_resolution/non_independent_calibration,nan,nan,nan,,,DE-Tenor-1;EN-Alto-2;ES-Bass-1;FR-Soprano-1;IT-Soprano-1;JA-Soprano-1;JA-Tenor-1;KO-Soprano-1;ZH-Alto-1;ZH-Tenor-1,,DE-Soprano-1;EN-Alto-1;EN-Tenor-1;ES-Soprano-1;FR-Tenor-1;IT-Bass-1;IT-Bass-2;KO-Soprano-2;KO-Tenor-1;RU-Alto-1,m1_om,0,copied_from_identity_residual_metric_robustness_2026-07-13
GTSinger_same_text_control,wavlm_l12,12,23,cos_o0_query,cosine,zero,query,none,c58e8db135b22fe8e959,0.7,1.0,0.8,1.7,1.0,0.8477777777777777,0.2,0.9933561246552243,0.004208381814081155,0.9868620512513634,0.00531058819968707,0.006494073403860878,10,90,insufficient_resolution/non_independent_calibration,nan,nan,nan,,,DE-Tenor-1;EN-Alto-2;ES-Bass-1;FR-Soprano-1;IT-Soprano-1;JA-Soprano-1;JA-Tenor-1;KO-Soprano-1;ZH-Alto-1;ZH-Tenor-1,,DE-Soprano-1;EN-Alto-1;EN-Tenor-1;ES-Soprano-1;FR-Tenor-1;IT-Bass-1;IT-Bass-2;KO-Soprano-2;KO-Tenor-1;RU-Alto-1,m1_o0,1,copied_from_identity_residual_metric_robustness_2026-07-13
GTSinger_same_text_control,wavlm_l12,12,29,wcos_diag_none,diagonal_whitened_cosine,pooled_train_midpoint,none,diagonal_variance,e4b0e82ff2ebb7787c78,0.8,1.0,0.875,1.4,1.0,0.93,0.2,0.10260465121724627,0.1675715706353992,-0.216779904643683,0.13388099799269668,0.3193845558609293,10,90,w1_no_operating_threshold,nan,nan,nan,,,,,,,,
GTSinger_same_text_control,wavlm_l12,12,29,wcos_diag_query,diagonal_whitened_cosine,pooled_train_midpoint,query,diagonal_variance,e4b0e82ff2ebb7787c78,0.9,1.0,0.95,1.1,1.0,0.9522222222222222,0.19444444444444445,0.5908160589124999,0.11461110855708277,0.29547787390955127,0.1317298178139438,0.2953381850029486,10,90,w1_no_operating_threshold,nan,nan,nan,,,,,,,,
GTSinger_same_text_control,wavlm_l12,12,29,wcos_oas_none,oas_whitened_cosine,pooled_train_midpoint,none,OAS,1e136d49272a736c0e93,0.8,1.0,0.875,1.4,1.0,0.9177777777777778,0.18888888888888888,0.4971138047172644,0.2099037686245968,0.10020969394697145,0.15616877071205132,0.396904110770293,10,90,w1_no_operating_threshold,nan,nan,nan,,,,,,,,
GTSinger_same_text_control,wavlm_l12,12,29,wcos_oas_query,oas_whitened_cosine,pooled_train_midpoint,query,OAS,1e136d49272a736c0e93,0.8,1.0,0.875,1.4,1.0,0.9177777777777778,0.18888888888888888,0.4981083956782884,0.20989433542136368,0.1012531069131464,0.15606295641064324,0.396855288765142,10,90,w1_no_operating_threshold,nan,nan,nan,,,,,,,,
GTSinger_same_text_control,wavlm_l12,12,29,cos_om_none,cosine,pooled_train_midpoint,none,none,91d70413f4ecaf18a8a6,0.6,0.9,0.7325,2.3,1.0,0.8322222222222222,0.2,-0.12834170004152567,0.19130646053990155,-0.3895033481683242,0.17511679416845816,0.26116164812679854,10,90,insufficient_resolution/non_independent_calibration,nan,nan,nan,,,DE-Soprano-1;DE-Tenor-1;EN-Alto-2;EN-Tenor-1;ES-Bass-1;FR-Soprano-1;FR-Tenor-1;IT-Soprano-1;KO-Soprano-1;KO-Tenor-1,,EN-Alto-1;ES-Soprano-1;IT-Bass-1;IT-Bass-2;JA-Soprano-1;JA-Tenor-1;KO-Soprano-2;RU-Alto-1;ZH-Alto-1;ZH-Tenor-1,m1_om,0,copied_from_identity_residual_metric_robustness_2026-07-13
GTSinger_same_text_control,wavlm_l12,12,29,cos_o0_query,cosine,zero,query,none,91d70413f4ecaf18a8a6,0.8,0.9,0.8458333333333332,1.9,1.0,0.7933333333333333,0.3,0.9915540237690823,0.005140329453582458,0.9854524216594827,0.006113873637537353,0.0061016021095996464,10,90,insufficient_resolution/non_independent_calibration,nan,nan,nan,,,DE-Soprano-1;DE-Tenor-1;EN-Alto-2;EN-Tenor-1;ES-Bass-1;FR-Soprano-1;FR-Tenor-1;IT-Soprano-1;KO-Soprano-1;KO-Tenor-1,,EN-Alto-1;ES-Soprano-1;IT-Bass-1;IT-Bass-2;JA-Soprano-1;JA-Tenor-1;KO-Soprano-2;RU-Alto-1;ZH-Alto-1;ZH-Tenor-1,m1_o0,1,copied_from_identity_residual_metric_robustness_2026-07-13
GTSinger_same_text_control,wavlm_l12,12,31,wcos_diag_none,diagonal_whitened_cosine,pooled_train_midpoint,none,diagonal_variance,281fc58160fdc7ca24bf,0.4,1.0,0.625,2.2,2.0,0.8833333333333333,0.2,0.10693970611253537,0.1811284246132295,-0.18449520795031035,0.17478746159181704,0.2914349140628457,10,90,w1_no_operating_threshold,nan,nan,nan,,,,,,,,
GTSinger_same_text_control,wavlm_l12,12,31,wcos_diag_query,diagonal_whitened_cosine,pooled_train_midpoint,query,diagonal_variance,281fc58160fdc7ca24bf,0.8,1.0,0.875,1.4,1.0,0.9422222222222222,0.1111111111111111,0.5789490225235554,0.10808478759160878,0.2927455809005032,0.143847624713809,0.2862034416230522,10,90,w1_no_operating_threshold,nan,nan,nan,,,,,,,,
GTSinger_same_text_control,wavlm_l12,12,31,wcos_oas_none,oas_whitened_cosine,pooled_train_midpoint,none,OAS,45df2739d6067bb13721,0.8,1.0,0.8833333333333332,1.3,1.0,0.9566666666666667,0.18333333333333335,0.44735924766366325,0.12489283763619104,0.06844784617328335,0.16275475347419543,0.3789114014903799,10,90,w1_no_operating_threshold,nan,nan,nan,,,,,,,,
GTSinger_same_text_control,wavlm_l12,12,31,wcos_oas_query,oas_whitened_cosine,pooled_train_midpoint,query,OAS,45df2739d6067bb13721,0.8,1.0,0.8833333333333332,1.3,1.0,0.9566666666666667,0.18333333333333335,0.4480703897713414,0.12490989954044415,0.06915634134945463,0.16264033361826252,0.37891404842188675,10,90,w1_no_operating_threshold,nan,nan,nan,,,,,,,,
GTSinger_same_text_control,wavlm_l12,12,31,cos_om_none,cosine,pooled_train_midpoint,none,none,5ca171817814424fcab4,0.3,1.0,0.5533333333333333,2.5,2.0,0.8233333333333334,0.28888888888888886,-0.14705685343816471,0.19114329823467888,-0.3884202504825538,0.2142871886685537,0.24136339704438908,10,90,insufficient_resolution/non_independent_calibration,nan,nan,nan,,,DE-Soprano-1;EN-Alto-1;EN-Tenor-1;ES-Soprano-1;FR-Soprano-1;IT-Soprano-1;KO-Soprano-2;KO-Tenor-1;RU-Alto-1;ZH-Tenor-1,,DE-Tenor-1;EN-Alto-2;ES-Bass-1;FR-Tenor-1;IT-Bass-1;IT-Bass-2;JA-Soprano-1;JA-Tenor-1;KO-Soprano-1;ZH-Alto-1,m1_om,0,copied_from_identity_residual_metric_robustness_2026-07-13
GTSinger_same_text_control,wavlm_l12,12,31,cos_o0_query,cosine,zero,query,none,5ca171817814424fcab4,0.6,0.8,0.6967857142857143,2.8,1.0,0.7877777777777778,0.3,0.98969609090106,0.00584449507803471,0.9822807847525244,0.007632850558570536,0.007415306148535583,10,90,insufficient_resolution/non_independent_calibration,nan,nan,nan,,,DE-Soprano-1;EN-Alto-1;EN-Tenor-1;ES-Soprano-1;FR-Soprano-1;IT-Soprano-1;KO-Soprano-2;KO-Tenor-1;RU-Alto-1;ZH-Tenor-1,,DE-Tenor-1;EN-Alto-2;ES-Bass-1;FR-Tenor-1;IT-Bass-1;IT-Bass-2;JA-Soprano-1;JA-Tenor-1;KO-Soprano-1;ZH-Alto-1,m1_o0,1,copied_from_identity_residual_metric_robustness_2026-07-13
GTSinger_same_text_control,wavlm_l12,12,37,wcos_diag_none,diagonal_whitened_cosine,pooled_train_midpoint,none,diagonal_variance,60be215d638968907050,0.5,0.9,0.6866666666666668,2.2,1.5,0.9011111111111111,0.2,0.053388968941873484,0.18534205720370803,-0.25985857962446257,0.16828373007733433,0.3132475485663361,10,90,w1_no_operating_threshold,nan,nan,nan,,,,,,,,
GTSinger_same_text_control,wavlm_l12,12,37,wcos_diag_query,diagonal_whitened_cosine,pooled_train_midpoint,query,diagonal_variance,60be215d638968907050,1.0,1.0,1.0,1.0,1.0,0.9577777777777777,0.18888888888888888,0.5702605387831661,0.108988208973618,0.2540545060284177,0.14583743553974088,0.31620603275474835,10,90,w1_no_operating_threshold,nan,nan,nan,,,,,,,,
GTSinger_same_text_control,wavlm_l12,12,37,wcos_oas_none,oas_whitened_cosine,pooled_train_midpoint,none,OAS,cfdb66951372a615beae,1.0,1.0,1.0,1.0,1.0,0.9911111111111112,0.016666666666666666,0.4798741671483418,0.1402256976301447,0.027749031901279603,0.13235000284920362,0.4521251352470622,10,90,w1_no_operating_threshold,nan,nan,nan,,,,,,,,
GTSinger_same_text_control,wavlm_l12,12,37,wcos_oas_query,oas_whitened_cosine,pooled_train_midpoint,query,OAS,cfdb66951372a615beae,1.0,1.0,1.0,1.0,1.0,0.9911111111111112,0.016666666666666666,0.48141452056019923,0.1401836856657961,0.02933413976493811,0.1324268041796451,0.45208038079526114,10,90,w1_no_operating_threshold,nan,nan,nan,,,,,,,,
GTSinger_same_text_control,wavlm_l12,12,37,cos_om_none,cosine,pooled_train_midpoint,none,none,eff744310e4c43895b25,0.4,0.8,0.6125,2.7,2.0,0.8266666666666667,0.3,-0.20757219250838857,0.20811313488408079,-0.470222647516331,0.1914017947442108,0.2626504550079425,10,90,insufficient_resolution/non_independent_calibration,nan,nan,nan,,,DE-Soprano-1;DE-Tenor-1;EN-Alto-2;FR-Soprano-1;FR-Tenor-1;IT-Bass-2;KO-Soprano-1;KO-Tenor-1;RU-Alto-1;ZH-Alto-1,,EN-Alto-1;EN-Tenor-1;ES-Bass-1;ES-Soprano-1;IT-Bass-1;IT-Soprano-1;JA-Soprano-1;JA-Tenor-1;KO-Soprano-2;ZH-Tenor-1,m1_om,0,copied_from_identity_residual_metric_robustness_2026-07-13
GTSinger_same_text_control,wavlm_l12,12,37,cos_o0_query,cosine,zero,query,none,eff744310e4c43895b25,0.9,0.9,0.9099999999999999,1.9,1.0,0.8344444444444444,0.2,0.9930202691270471,0.0043911299084823455,0.9869473201789235,0.0057045848699298915,0.006072948948123602,10,90,insufficient_resolution/non_independent_calibration,nan,nan,nan,,,DE-Soprano-1;DE-Tenor-1;EN-Alto-2;FR-Soprano-1;FR-Tenor-1;IT-Bass-2;KO-Soprano-1;KO-Tenor-1;RU-Alto-1;ZH-Alto-1,,EN-Alto-1;EN-Tenor-1;ES-Bass-1;ES-Soprano-1;IT-Bass-1;IT-Soprano-1;JA-Soprano-1;JA-Tenor-1;KO-Soprano-2;ZH-Tenor-1,m1_o0,1,copied_from_identity_residual_metric_robustness_2026-07-13
GTSinger_same_text_control,wavlm_l12,12,41,wcos_diag_none,diagonal_whitened_cosine,pooled_train_midpoint,none,diagonal_variance,fa87732db9609be7d598,0.7,1.0,0.825,1.5,1.0,0.9277777777777778,0.19444444444444445,0.04399242929855003,0.20642128795709885,-0.2759254457345548,0.13361765319433272,0.3199178750331048,10,90,w1_no_operating_threshold,nan,nan,nan,,,,,,,,
GTSinger_same_text_control,wavlm_l12,12,41,wcos_diag_query,diagonal_whitened_cosine,pooled_train_midpoint,query,diagonal_variance,fa87732db9609be7d598,1.0,1.0,1.0,1.0,1.0,0.9677777777777777,0.1,0.611821827681617,0.10192091926914693,0.29531386267398924,0.13773525673281176,0.31650796500762773,10,90,w1_no_operating_threshold,nan,nan,nan,,,,,,,,
GTSinger_same_text_control,wavlm_l12,12,41,wcos_oas_none,oas_whitened_cosine,pooled_train_midpoint,none,OAS,51690b7eabe2a0ee1e6e,1.0,1.0,1.0,1.0,1.0,0.9755555555555555,0.1,0.5019196712445488,0.16757251077265375,0.014478841729592481,0.13121197964151451,0.4874408295149564,10,90,w1_no_operating_threshold,nan,nan,nan,,,,,,,,
GTSinger_same_text_control,wavlm_l12,12,41,wcos_oas_query,oas_whitened_cosine,pooled_train_midpoint,query,OAS,51690b7eabe2a0ee1e6e,1.0,1.0,1.0,1.0,1.0,0.9755555555555555,0.1,0.5035277498336667,0.16760471368188876,0.016110764127072845,0.131196554445318,0.4874169857065938,10,90,w1_no_operating_threshold,nan,nan,nan,,,,,,,,
GTSinger_same_text_control,wavlm_l12,12,41,cos_om_none,cosine,pooled_train_midpoint,none,none,8420feda61e4ba997480,0.5,1.0,0.6666666666666666,2.1,1.5,0.8822222222222222,0.2,-0.205049426731117,0.16491066403808693,-0.4659695713999916,0.1501071420655077,0.2609201446688746,10,90,insufficient_resolution/non_independent_calibration,nan,nan,nan,,,DE-Soprano-1;DE-Tenor-1;EN-Alto-1;ES-Bass-1;FR-Tenor-1;IT-Bass-1;IT-Soprano-1;JA-Soprano-1;KO-Soprano-2;ZH-Tenor-1,,EN-Alto-2;EN-Tenor-1;ES-Soprano-1;FR-Soprano-1;IT-Bass-2;JA-Tenor-1;KO-Soprano-1;KO-Tenor-1;RU-Alto-1;ZH-Alto-1,m1_om,0,copied_from_identity_residual_metric_robustness_2026-07-13
GTSinger_same_text_control,wavlm_l12,12,41,cos_o0_query,cosine,zero,query,none,8420feda61e4ba997480,0.7,0.9,0.7944444444444445,2.1,1.0,0.8433333333333334,0.2,0.9926257774710896,0.005050920184301905,0.9862428730652031,0.005395775694776058,0.006382904405886514,10,90,insufficient_resolution/non_independent_calibration,nan,nan,nan,,,DE-Soprano-1;DE-Tenor-1;EN-Alto-1;ES-Bass-1;FR-Tenor-1;IT-Bass-1;IT-Soprano-1;JA-Soprano-1;KO-Soprano-2;ZH-Tenor-1,,EN-Alto-2;EN-Tenor-1;ES-Soprano-1;FR-Soprano-1;IT-Bass-2;JA-Tenor-1;KO-Soprano-1;KO-Tenor-1;RU-Alto-1;ZH-Alto-1,m1_o0,1,copied_from_identity_residual_metric_robustness_2026-07-13
GTSinger_same_text_control,wavlm_l12,12,43,wcos_diag_none,diagonal_whitened_cosine,pooled_train_midpoint,none,diagonal_variance,d924a2a966a069497c8c,0.5,0.9,0.675,2.2,1.5,0.8888888888888888,0.2,0.11384449281170847,0.19526566999079495,-0.20130585248341773,0.18604223542950088,0.3151503452951262,10,90,w1_no_operating_threshold,nan,nan,nan,,,,,,,,
GTSinger_same_text_control,wavlm_l12,12,43,wcos_diag_query,diagonal_whitened_cosine,pooled_train_midpoint,query,diagonal_variance,d924a2a966a069497c8c,1.0,1.0,1.0,1.0,1.0,0.9811111111111112,0.1,0.635085607670964,0.08984686171834573,0.31962016459606096,0.12424232760480727,0.31546544307490304,10,90,w1_no_operating_threshold,nan,nan,nan,,,,,,,,
GTSinger_same_text_control,wavlm_l12,12,43,wcos_oas_none,oas_whitened_cosine,pooled_train_midpoint,none,OAS,fe099fe9aee0d45f7c84,1.0,1.0,1.0,1.0,1.0,0.9966666666666667,0.005555555555555556,0.5289891827153581,0.0911404651833701,0.07080265392460473,0.13032518604794915,0.4581865287907534,10,90,w1_no_operating_threshold,nan,nan,nan,,,,,,,,
GTSinger_same_text_control,wavlm_l12,12,43,wcos_oas_query,oas_whitened_cosine,pooled_train_midpoint,query,OAS,fe099fe9aee0d45f7c84,1.0,1.0,1.0,1.0,1.0,0.9955555555555555,0.005555555555555556,0.5308124233016487,0.09126526969435118,0.07269961092937975,0.1302444304408882,0.4581128123722689,10,90,w1_no_operating_threshold,nan,nan,nan,,,,,,,,
GTSinger_same_text_control,wavlm_l12,12,43,cos_om_none,cosine,pooled_train_midpoint,none,none,4768e52dd6b71535035f,0.2,0.9,0.5166666666666667,2.6,2.0,0.8322222222222222,0.21666666666666667,-0.18505607463268525,0.19072640559225826,-0.44911396210315946,0.22058706977329304,0.2640578874704742,10,90,insufficient_resolution/non_independent_calibration,nan,nan,nan,,,EN-Alto-1;ES-Soprano-1;FR-Soprano-1;FR-Tenor-1;IT-Bass-2;JA-Soprano-1;JA-Tenor-1;RU-Alto-1;ZH-Alto-1;ZH-Tenor-1,,DE-Soprano-1;DE-Tenor-1;EN-Alto-2;EN-Tenor-1;ES-Bass-1;IT-Bass-1;IT-Soprano-1;KO-Soprano-1;KO-Soprano-2;KO-Tenor-1,m1_om,0,copied_from_identity_residual_metric_robustness_2026-07-13
GTSinger_same_text_control,wavlm_l12,12,43,cos_o0_query,cosine,zero,query,none,4768e52dd6b71535035f,0.9,1.0,0.95,1.1,1.0,0.9888888888888889,0.022222222222222223,0.9948056357496322,0.0016464091870759493,0.988251986161073,0.0035262212622294486,0.006553649588559196,10,90,insufficient_resolution/non_independent_calibration,nan,nan,nan,,,EN-Alto-1;ES-Soprano-1;FR-Soprano-1;FR-Tenor-1;IT-Bass-2;JA-Soprano-1;JA-Tenor-1;RU-Alto-1;ZH-Alto-1;ZH-Tenor-1,,DE-Soprano-1;DE-Tenor-1;EN-Alto-2;EN-Tenor-1;ES-Bass-1;IT-Bass-1;IT-Soprano-1;KO-Soprano-1;KO-Soprano-2;KO-Tenor-1,m1_o0,1,copied_from_identity_residual_metric_robustness_2026-07-13
GTSinger_same_text_control,wavlm_l12,12,47,wcos_diag_none,diagonal_whitened_cosine,pooled_train_midpoint,none,diagonal_variance,58000c0ad9d7fea20024,0.8,1.0,0.9,1.2,1.0,0.9222222222222223,0.11666666666666667,0.004571421315835215,0.125591635699707,-0.2513475677771667,0.12647022252950738,0.2559189890930019,10,90,w1_no_operating_threshold,nan,nan,nan,,,,,,,,
GTSinger_same_text_control,wavlm_l12,12,47,wcos_diag_query,diagonal_whitened_cosine,pooled_train_midpoint,query,diagonal_variance,58000c0ad9d7fea20024,0.9,1.0,0.95,1.1,1.0,0.9422222222222222,0.1,0.605054654490164,0.08746785321821718,0.36614708874445273,0.10463867346566447,0.23890756574571131,10,90,w1_no_operating_threshold,nan,nan,nan,,,,,,,,
GTSinger_same_text_control,wavlm_l12,12,47,wcos_oas_none,oas_whitened_cosine,pooled_train_midpoint,none,OAS,07854cc4601db63ee638,0.9,1.0,0.9333333333333332,1.2,1.0,0.9444444444444444,0.1,0.4625795875482169,0.17307554311135304,0.0495792699446671,0.14700128814302793,0.41300031760354977,10,90,w1_no_operating_threshold,nan,nan,nan,,,,,,,,
GTSinger_same_text_control,wavlm_l12,12,47,wcos_oas_query,oas_whitened_cosine,pooled_train_midpoint,query,OAS,07854cc4601db63ee638,0.9,1.0,0.9333333333333332,1.2,1.0,0.9444444444444444,0.1,0.4640262727827369,0.17330499512729686,0.05104042285791995,0.14703599723718433,0.41298584992481696,10,90,w1_no_operating_threshold,nan,nan,nan,,,,,,,,
GTSinger_same_text_control,wavlm_l12,12,47,cos_om_none,cosine,pooled_train_midpoint,none,none,1aea9fd6ce0da607ad19,0.7,1.0,0.8083333333333333,1.6,1.0,0.8377777777777777,0.21666666666666667,-0.22251145525488575,0.17120788675073642,-0.43858623004615427,0.16413911429785089,0.21607477479126852,10,90,insufficient_resolution/non_independent_calibration,nan,nan,nan,,,DE-Soprano-1;EN-Alto-1;EN-Alto-2;ES-Bass-1;ES-Soprano-1;FR-Tenor-1;JA-Soprano-1;RU-Alto-1;ZH-Alto-1;ZH-Tenor-1,,DE-Tenor-1;EN-Tenor-1;FR-Soprano-1;IT-Bass-1;IT-Bass-2;IT-Soprano-1;JA-Tenor-1;KO-Soprano-1;KO-Soprano-2;KO-Tenor-1,m1_om,0,copied_from_identity_residual_metric_robustness_2026-07-13
GTSinger_same_text_control,wavlm_l12,12,47,cos_o0_query,cosine,zero,query,none,1aea9fd6ce0da607ad19,0.6,0.8,0.6944444444444444,2.7,1.0,0.8044444444444444,0.2,0.9917755954290447,0.00577557678830935,0.9861986853513669,0.005262072630633414,0.005576910077677799,10,90,insufficient_resolution/non_independent_calibration,nan,nan,nan,,,DE-Soprano-1;EN-Alto-1;EN-Alto-2;ES-Bass-1;ES-Soprano-1;FR-Tenor-1;JA-Soprano-1;RU-Alto-1;ZH-Alto-1;ZH-Tenor-1,,DE-Tenor-1;EN-Tenor-1;FR-Soprano-1;IT-Bass-1;IT-Bass-2;IT-Soprano-1;JA-Tenor-1;KO-Soprano-1;KO-Soprano-2;KO-Tenor-1,m1_o0,1,copied_from_identity_residual_metric_robustness_2026-07-13
GTSinger_same_text_control,wavlm_l12,12,53,wcos_diag_none,diagonal_whitened_cosine,pooled_train_midpoint,none,diagonal_variance,f7b2eefed288526f7fd5,0.6,1.0,0.8,1.4,1.0,0.9455555555555556,0.1111111111111111,0.06168771475429774,0.177628823220144,-0.27105945101846074,0.14181010168390001,0.3327471657727585,10,90,w1_no_operating_threshold,nan,nan,nan,,,,,,,,
GTSinger_same_text_control,wavlm_l12,12,53,wcos_diag_query,diagonal_whitened_cosine,pooled_train_midpoint,query,diagonal_variance,f7b2eefed288526f7fd5,0.9,1.0,0.9333333333333332,1.2,1.0,0.9777777777777777,0.1,0.6033573381333615,0.08663501228418112,0.28014387445798794,0.13683050776331868,0.3232134636753735,10,90,w1_no_operating_threshold,nan,nan,nan,,,,,,,,
GTSinger_same_text_control,wavlm_l12,12,53,wcos_oas_none,oas_whitened_cosine,pooled_train_midpoint,none,OAS,ff59f70a3a765b7f2080,1.0,1.0,1.0,1.0,1.0,0.9988888888888889,0.005555555555555556,0.4953174343028152,0.1396898645362642,0.012368266061570574,0.11267872736562733,0.4829491682412446,10,90,w1_no_operating_threshold,nan,nan,nan,,,,,,,,
GTSinger_same_text_control,wavlm_l12,12,53,wcos_oas_query,oas_whitened_cosine,pooled_train_midpoint,query,OAS,ff59f70a3a765b7f2080,1.0,1.0,1.0,1.0,1.0,0.9988888888888889,0.005555555555555556,0.49671283703643654,0.13964696095467488,0.01378432405709479,0.11255815694105586,0.48292851297934175,10,90,w1_no_operating_threshold,nan,nan,nan,,,,,,,,
GTSinger_same_text_control,wavlm_l12,12,53,cos_om_none,cosine,pooled_train_midpoint,none,none,029f71e32b21c5866871,0.4,0.9,0.6166666666666666,2.3,2.0,0.8566666666666667,0.2,-0.1769125158955164,0.19764992504769452,-0.45736022014066335,0.17906236771239248,0.280447704245147,10,90,insufficient_resolution/non_independent_calibration,nan,nan,nan,,,DE-Soprano-1;EN-Alto-2;EN-Tenor-1;FR-Soprano-1;IT-Bass-1;IT-Bass-2;JA-Soprano-1;KO-Soprano-2;KO-Tenor-1;ZH-Tenor-1,,DE-Tenor-1;EN-Alto-1;ES-Bass-1;ES-Soprano-1;FR-Tenor-1;IT-Soprano-1;JA-Tenor-1;KO-Soprano-1;RU-Alto-1;ZH-Alto-1,m1_om,0,copied_from_identity_residual_metric_robustness_2026-07-13
GTSinger_same_text_control,wavlm_l12,12,53,cos_o0_query,cosine,zero,query,none,029f71e32b21c5866871,0.8,0.9,0.836111111111111,2.1,1.0,0.88,0.2,0.9929760591797162,0.003706586432145006,0.9866794065962962,0.004950055048552595,0.006296652583420048,10,90,insufficient_resolution/non_independent_calibration,nan,nan,nan,,,DE-Soprano-1;EN-Alto-2;EN-Tenor-1;FR-Soprano-1;IT-Bass-1;IT-Bass-2;JA-Soprano-1;KO-Soprano-2;KO-Tenor-1;ZH-Tenor-1,,DE-Tenor-1;EN-Alto-1;ES-Bass-1;ES-Soprano-1;FR-Tenor-1;IT-Soprano-1;JA-Tenor-1;KO-Soprano-1;RU-Alto-1;ZH-Alto-1,m1_o0,1,copied_from_identity_residual_metric_robustness_2026-07-13
GTSinger_same_text_control,wavlm_l12,12,59,wcos_diag_none,diagonal_whitened_cosine,pooled_train_midpoint,none,diagonal_variance,07a0bdfab1eac2a0e006,0.9,1.0,0.95,1.1,1.0,0.9544444444444444,0.11666666666666667,0.08705222451688112,0.18951922086188447,-0.269130365367206,0.12119190873854735,0.35618258988408713,10,90,w1_no_operating_threshold,nan,nan,nan,,,,,,,,
GTSinger_same_text_control,wavlm_l12,12,59,wcos_diag_query,diagonal_whitened_cosine,pooled_train_midpoint,query,diagonal_variance,07a0bdfab1eac2a0e006,1.0,1.0,1.0,1.0,1.0,0.9966666666666667,0.011111111111111112,0.6290933281718882,0.06387149613510221,0.27054051268337687,0.1489275386302864,0.35855281548851137,10,90,w1_no_operating_threshold,nan,nan,nan,,,,,,,,
GTSinger_same_text_control,wavlm_l12,12,59,wcos_oas_none,oas_whitened_cosine,pooled_train_midpoint,none,OAS,74d5d7658addaab7d1db,1.0,1.0,1.0,1.0,1.0,0.9911111111111112,0.022222222222222223,0.5381451701888242,0.1524614178811474,0.008017546596276721,0.1450600993925657,0.5301276235925475,10,90,w1_no_operating_threshold,nan,nan,nan,,,,,,,,
GTSinger_same_text_control,wavlm_l12,12,59,wcos_oas_query,oas_whitened_cosine,pooled_train_midpoint,query,OAS,74d5d7658addaab7d1db,1.0,1.0,1.0,1.0,1.0,0.9911111111111112,0.022222222222222223,0.5396368877345347,0.15241819293452413,0.009397963981095433,0.14494337681698988,0.5302389237534393,10,90,w1_no_operating_threshold,nan,nan,nan,,,,,,,,
GTSinger_same_text_control,wavlm_l12,12,59,cos_om_none,cosine,pooled_train_midpoint,none,none,0f08403aad143677aa6f,0.7,1.0,0.7866666666666666,1.8,1.0,0.8966666666666666,0.2,-0.1995048226161631,0.17023571471054194,-0.48481254851372124,0.14934671781077674,0.28530772589755815,10,90,insufficient_resolution/non_independent_calibration,nan,nan,nan,,,EN-Alto-1;EN-Tenor-1;ES-Bass-1;ES-Soprano-1;IT-Bass-1;IT-Bass-2;IT-Soprano-1;JA-Soprano-1;KO-Tenor-1;ZH-Tenor-1,,DE-Soprano-1;DE-Tenor-1;EN-Alto-2;FR-Soprano-1;FR-Tenor-1;JA-Tenor-1;KO-Soprano-1;KO-Soprano-2;RU-Alto-1;ZH-Alto-1,m1_om,0,copied_from_identity_residual_metric_robustness_2026-07-13
GTSinger_same_text_control,wavlm_l12,12,59,cos_o0_query,cosine,zero,query,none,0f08403aad143677aa6f,0.7,0.9,0.7777777777777778,2.2,1.0,0.8666666666666667,0.2,0.9932264487004906,0.004388012701814675,0.9864343098985627,0.005669839031913671,0.006792138801927861,10,90,insufficient_resolution/non_independent_calibration,nan,nan,nan,,,EN-Alto-1;EN-Tenor-1;ES-Bass-1;ES-Soprano-1;IT-Bass-1;IT-Bass-2;IT-Soprano-1;JA-Soprano-1;KO-Tenor-1;ZH-Tenor-1,,DE-Soprano-1;DE-Tenor-1;EN-Alto-2;FR-Soprano-1;FR-Tenor-1;JA-Tenor-1;KO-Soprano-1;KO-Soprano-2;RU-Alto-1;ZH-Alto-1,m1_o0,1,copied_from_identity_residual_metric_robustness_2026-07-13
GTSinger_same_text_control,wavlm_l12,12,61,wcos_diag_none,diagonal_whitened_cosine,pooled_train_midpoint,none,diagonal_variance,7f54445603a7dc00683f,0.5,1.0,0.6866666666666666,2.0,1.5,0.9088888888888889,0.2,-0.006003951263537583,0.13110664210256856,-0.29047425183153525,0.1527548167563813,0.28447030056799766,10,90,w1_no_operating_threshold,nan,nan,nan,,,,,,,,
GTSinger_same_text_control,wavlm_l12,12,61,wcos_diag_query,diagonal_whitened_cosine,pooled_train_midpoint,query,diagonal_variance,7f54445603a7dc00683f,0.9,1.0,0.95,1.1,1.0,0.9811111111111112,0.08888888888888889,0.5987795099136207,0.06645887999811977,0.3131259217317066,0.11303294205509906,0.2856535881819141,10,90,w1_no_operating_threshold,nan,nan,nan,,,,,,,,
GTSinger_same_text_control,wavlm_l12,12,61,wcos_oas_none,oas_whitened_cosine,pooled_train_midpoint,none,OAS,6f90b2ee2a939713df15,1.0,1.0,1.0,1.0,1.0,0.9922222222222222,0.016666666666666666,0.49063824913811427,0.12401071449335657,0.03874341276134149,0.13588030881527197,0.4518948363767728,10,90,w1_no_operating_threshold,nan,nan,nan,,,,,,,,
GTSinger_same_text_control,wavlm_l12,12,61,wcos_oas_query,oas_whitened_cosine,pooled_train_midpoint,query,OAS,6f90b2ee2a939713df15,1.0,1.0,1.0,1.0,1.0,0.9922222222222222,0.016666666666666666,0.4923243648055509,0.1239601099202,0.04040182520965617,0.1358942456050233,0.45192253959589473,10,90,w1_no_operating_threshold,nan,nan,nan,,,,,,,,
GTSinger_same_text_control,wavlm_l12,12,61,cos_om_none,cosine,pooled_train_midpoint,none,none,6911052029001834330a,0.4,1.0,0.6283333333333333,2.2,2.0,0.8855555555555555,0.2,-0.2826108376083857,0.12280067218510825,-0.5191219155027914,0.16877703298635297,0.23651107789440573,10,90,insufficient_resolution/non_independent_calibration,nan,nan,nan,,,EN-Alto-1;EN-Alto-2;FR-Soprano-1;IT-Bass-1;IT-Bass-2;IT-Soprano-1;JA-Soprano-1;RU-Alto-1;ZH-Alto-1;ZH-Tenor-1,,DE-Soprano-1;DE-Tenor-1;EN-Tenor-1;ES-Bass-1;ES-Soprano-1;FR-Tenor-1;JA-Tenor-1;KO-Soprano-1;KO-Soprano-2;KO-Tenor-1,m1_om,0,copied_from_identity_residual_metric_robustness_2026-07-13
GTSinger_same_text_control,wavlm_l12,12,61,cos_o0_query,cosine,zero,query,none,6911052029001834330a,0.7,0.9,0.7694444444444445,2.3,1.0,0.8255555555555556,0.2,0.992946756422777,0.004917659141262499,0.9868372195325968,0.006030168432918245,0.006109536890180123,10,90,insufficient_resolution/non_independent_calibration,nan,nan,nan,,,EN-Alto-1;EN-Alto-2;FR-Soprano-1;IT-Bass-1;IT-Bass-2;IT-Soprano-1;JA-Soprano-1;RU-Alto-1;ZH-Alto-1;ZH-Tenor-1,,DE-Soprano-1;DE-Tenor-1;EN-Tenor-1;ES-Bass-1;ES-Soprano-1;FR-Tenor-1;JA-Tenor-1;KO-Soprano-1;KO-Soprano-2;KO-Tenor-1,m1_o0,1,copied_from_identity_residual_metric_robustness_2026-07-13
GTSinger_same_text_control,wavlm_l12,12,67,wcos_diag_none,diagonal_whitened_cosine,pooled_train_midpoint,none,diagonal_variance,4d470196e585e991ed08,0.5,1.0,0.7,1.8,1.5,0.9322222222222222,0.1,0.05475643828562495,0.13422867876883562,-0.23530935537516093,0.13776438697511723,0.2900657936607859,10,90,w1_no_operating_threshold,nan,nan,nan,,,,,,,,
GTSinger_same_text_control,wavlm_l12,12,67,wcos_diag_query,diagonal_whitened_cosine,pooled_train_midpoint,query,diagonal_variance,4d470196e585e991ed08,0.9,1.0,0.925,1.3,1.0,0.9844444444444445,0.07777777777777778,0.6455780267813136,0.05477262759599713,0.38826330571351425,0.10341811173780249,0.25731472106779935,10,90,w1_no_operating_threshold,nan,nan,nan,,,,,,,,
GTSinger_same_text_control,wavlm_l12,12,67,wcos_oas_none,oas_whitened_cosine,pooled_train_midpoint,none,OAS,6e0bb868de8c36b494f3,1.0,1.0,1.0,1.0,1.0,0.9833333333333333,0.07777777777777778,0.5253898083151471,0.1462439951450096,0.11493648682367805,0.12926408278184326,0.41045332149146907,10,90,w1_no_operating_threshold,nan,nan,nan,,,,,,,,
GTSinger_same_text_control,wavlm_l12,12,67,wcos_oas_query,oas_whitened_cosine,pooled_train_midpoint,query,OAS,6e0bb868de8c36b494f3,1.0,1.0,1.0,1.0,1.0,0.9844444444444445,0.07777777777777778,0.5269585393325735,0.14614291648637684,0.11661570106367071,0.12914797733949743,0.41034283826890283,10,90,w1_no_operating_threshold,nan,nan,nan,,,,,,,,
GTSinger_same_text_control,wavlm_l12,12,67,cos_om_none,cosine,pooled_train_midpoint,none,none,2fe6956016029f988b38,0.5,1.0,0.7,1.8,1.5,0.8566666666666667,0.2,-0.19415575177037664,0.1683841646911184,-0.4440305351191665,0.17141279289043237,0.24987478334878988,10,90,insufficient_resolution/non_independent_calibration,nan,nan,nan,,,EN-Alto-1;EN-Alto-2;ES-Bass-1;ES-Soprano-1;FR-Soprano-1;IT-Bass-2;JA-Soprano-1;JA-Tenor-1;ZH-Alto-1;ZH-Tenor-1,,DE-Soprano-1;DE-Tenor-1;EN-Tenor-1;FR-Tenor-1;IT-Bass-1;IT-Soprano-1;KO-Soprano-1;KO-Soprano-2;KO-Tenor-1;RU-Alto-1,m1_om,0,copied_from_identity_residual_metric_robustness_2026-07-13
GTSinger_same_text_control,wavlm_l12,12,67,cos_o0_query,cosine,zero,query,none,2fe6956016029f988b38,0.7,0.9,0.8,1.8,1.0,0.9055555555555556,0.1111111111111111,0.993780251977196,0.0026914354619909254,0.9877073775991317,0.004693909143508916,0.0060728743780642525,10,90,insufficient_resolution/non_independent_calibration,nan,nan,nan,,,EN-Alto-1;EN-Alto-2;ES-Bass-1;ES-Soprano-1;FR-Soprano-1;IT-Bass-2;JA-Soprano-1;JA-Tenor-1;ZH-Alto-1;ZH-Tenor-1,,DE-Soprano-1;DE-Tenor-1;EN-Tenor-1;FR-Tenor-1;IT-Bass-1;IT-Soprano-1;KO-Soprano-1;KO-Soprano-2;KO-Tenor-1;RU-Alto-1,m1_o0,1,copied_from_identity_residual_metric_robustness_2026-07-13
GTSinger_same_text_control,wavlm_l12,12,71,wcos_diag_none,diagonal_whitened_cosine,pooled_train_midpoint,none,diagonal_variance,2b1b17753e4726ac723c,0.7,1.0,0.82,1.6,1.0,0.89,0.20555555555555555,0.08407118088158434,0.2163239487134307,-0.23497717751176025,0.15434093873668478,0.3190483583933446,10,90,w1_no_operating_threshold,nan,nan,nan,,,,,,,,
GTSinger_same_text_control,wavlm_l12,12,71,wcos_diag_query,diagonal_whitened_cosine,pooled_train_midpoint,query,diagonal_variance,2b1b17753e4726ac723c,1.0,1.0,1.0,1.0,1.0,1.0,0.0,0.6285754573689443,0.06446698011103254,0.31044153030849686,0.12783503083953435,0.3181339270604474,10,90,w1_no_operating_threshold,nan,nan,nan,,,,,,,,
GTSinger_same_text_control,wavlm_l12,12,71,wcos_oas_none,oas_whitened_cosine,pooled_train_midpoint,none,OAS,4006e651ac9b444e9f5f,1.0,1.0,1.0,1.0,1.0,1.0,0.0,0.5364105982274772,0.11060337150952772,0.032034021940027496,0.11583080361243875,0.5043765762874497,10,90,w1_no_operating_threshold,nan,nan,nan,,,,,,,,
GTSinger_same_text_control,wavlm_l12,12,71,wcos_oas_query,oas_whitened_cosine,pooled_train_midpoint,query,OAS,4006e651ac9b444e9f5f,1.0,1.0,1.0,1.0,1.0,1.0,0.0,0.5382733182104488,0.11032737004671007,0.033931460699325275,0.11563822331832496,0.5043418575111235,10,90,w1_no_operating_threshold,nan,nan,nan,,,,,,,,
GTSinger_same_text_control,wavlm_l12,12,71,cos_om_none,cosine,pooled_train_midpoint,none,none,d4cd79ebd84c5100c652,0.4,0.8,0.6142857142857142,2.6,2.0,0.8155555555555556,0.3,-0.1893253799612858,0.20103431843752792,-0.43771118295926215,0.18667589291904496,0.24838580299797636,10,90,insufficient_resolution/non_independent_calibration,nan,nan,nan,,,DE-Tenor-1;EN-Alto-1;ES-Bass-1;FR-Soprano-1;FR-Tenor-1;IT-Bass-1;IT-Bass-2;JA-Soprano-1;KO-Soprano-2;ZH-Tenor-1,,DE-Soprano-1;EN-Alto-2;EN-Tenor-1;ES-Soprano-1;IT-Soprano-1;JA-Tenor-1;KO-Soprano-1;KO-Tenor-1;RU-Alto-1;ZH-Alto-1,m1_om,0,copied_from_identity_residual_metric_robustness_2026-07-13
GTSinger_same_text_control,wavlm_l12,12,71,cos_o0_query,cosine,zero,query,none,d4cd79ebd84c5100c652,0.8,0.9,0.86,2.0,1.0,0.8888888888888888,0.1,0.9937761918024786,0.004046628042529889,0.9878529262532786,0.004780405794273756,0.005923265549199974,10,90,insufficient_resolution/non_independent_calibration,nan,nan,nan,,,DE-Tenor-1;EN-Alto-1;ES-Bass-1;FR-Soprano-1;FR-Tenor-1;IT-Bass-1;IT-Bass-2;JA-Soprano-1;KO-Soprano-2;ZH-Tenor-1,,DE-Soprano-1;EN-Alto-2;EN-Tenor-1;ES-Soprano-1;IT-Soprano-1;JA-Tenor-1;KO-Soprano-1;KO-Tenor-1;RU-Alto-1;ZH-Alto-1,m1_o0,1,copied_from_identity_residual_metric_robustness_2026-07-13
GTSinger_same_text_control,wavlm_l12,12,73,wcos_diag_none,diagonal_whitened_cosine,pooled_train_midpoint,none,diagonal_variance,2b2216bebeebb7010028,0.6,1.0,0.7583333333333333,1.7,1.0,0.9044444444444445,0.2,0.07027769127625869,0.17961785255661045,-0.2199584403076106,0.15779425816002068,0.2902361315838693,10,90,w1_no_operating_threshold,nan,nan,nan,,,,,,,,
GTSinger_same_text_control,wavlm_l12,12,73,wcos_diag_query,diagonal_whitened_cosine,pooled_train_midpoint,query,diagonal_variance,2b2216bebeebb7010028,0.8,1.0,0.875,1.4,1.0,0.9388888888888889,0.18888888888888888,0.5856042041377398,0.10859243505363977,0.29867807986562156,0.15045933482101143,0.2869261242721183,10,90,w1_no_operating_threshold,nan,nan,nan,,,,,,,,
GTSinger_same_text_control,wavlm_l12,12,73,wcos_oas_none,oas_whitened_cosine,pooled_train_midpoint,none,OAS,0231a81e380f13058de1,0.9,1.0,0.95,1.1,1.0,0.97,0.1,0.4300468752561269,0.13537335746197507,0.03263902464608542,0.16224969060312489,0.39740785061004147,10,90,w1_no_operating_threshold,nan,nan,nan,,,,,,,,
GTSinger_same_text_control,wavlm_l12,12,73,wcos_oas_query,oas_whitened_cosine,pooled_train_midpoint,query,OAS,0231a81e380f13058de1,0.9,1.0,0.95,1.1,1.0,0.97,0.1,0.43104039200336813,0.13565579762269442,0.03363965588688648,0.16206318203715522,0.39740073611648163,10,90,w1_no_operating_threshold,nan,nan,nan,,,,,,,,
GTSinger_same_text_control,wavlm_l12,12,73,cos_om_none,cosine,pooled_train_midpoint,none,none,3ced80b553ac899d3fbd,0.5,0.9,0.6833333333333333,2.1,1.5,0.8222222222222222,0.3,-0.19853973826077345,0.19984293484951635,-0.4363347849245729,0.18265486790582694,0.23779504666379944,10,90,insufficient_resolution/non_independent_calibration,nan,nan,nan,,,DE-Soprano-1;EN-Alto-1;EN-Tenor-1;ES-Bass-1;FR-Soprano-1;KO-Soprano-1;KO-Soprano-2;KO-Tenor-1;RU-Alto-1;ZH-Alto-1,,DE-Tenor-1;EN-Alto-2;ES-Soprano-1;FR-Tenor-1;IT-Bass-1;IT-Bass-2;IT-Soprano-1;JA-Soprano-1;JA-Tenor-1;ZH-Tenor-1,m1_om,0,copied_from_identity_residual_metric_robustness_2026-07-13
GTSinger_same_text_control,wavlm_l12,12,73,cos_o0_query,cosine,zero,query,none,3ced80b553ac899d3fbd,0.6,0.8,0.6967857142857143,2.8,1.0,0.7633333333333333,0.3,0.9898655175640936,0.00639454597089368,0.9826414820438845,0.008132063800439437,0.0072240355202091155,10,90,insufficient_resolution/non_independent_calibration,nan,nan,nan,,,DE-Soprano-1;EN-Alto-1;EN-Tenor-1;ES-Bass-1;FR-Soprano-1;KO-Soprano-1;KO-Soprano-2;KO-Tenor-1;RU-Alto-1;ZH-Alto-1,,DE-Tenor-1;EN-Alto-2;ES-Soprano-1;FR-Tenor-1;IT-Bass-1;IT-Bass-2;IT-Soprano-1;JA-Soprano-1;JA-Tenor-1;ZH-Tenor-1,m1_o0,1,copied_from_identity_residual_metric_robustness_2026-07-13
GTSinger_same_text_control,wavlm_l12,12,79,wcos_diag_none,diagonal_whitened_cosine,pooled_train_midpoint,none,diagonal_variance,57083b957d31d4c0a7fe,0.5,0.9,0.67,2.3,1.5,0.8722222222222222,0.2,0.1798129655285644,0.23850133464071965,-0.16149851667380263,0.2082349171681739,0.34131148220236707,10,90,w1_no_operating_threshold,nan,nan,nan,,,,,,,,
GTSinger_same_text_control,wavlm_l12,12,79,wcos_diag_query,diagonal_whitened_cosine,pooled_train_midpoint,query,diagonal_variance,57083b957d31d4c0a7fe,0.9,1.0,0.95,1.1,1.0,0.95,0.1,0.5985447057888694,0.14248323382517883,0.26061574464914944,0.13753194179469663,0.33792896113972,10,90,w1_no_operating_threshold,nan,nan,nan,,,,,,,,
GTSinger_same_text_control,wavlm_l12,12,79,wcos_oas_none,oas_whitened_cosine,pooled_train_midpoint,none,OAS,c1a571d18b4087ab04a4,0.9,1.0,0.9199999999999999,1.4,1.0,0.9144444444444444,0.1,0.5402750402022017,0.21622179720673232,0.11644013485628457,0.1635434090118973,0.42383490534591717,10,90,w1_no_operating_threshold,nan,nan,nan,,,,,,,,
GTSinger_same_text_control,wavlm_l12,12,79,wcos_oas_query,oas_whitened_cosine,pooled_train_midpoint,query,OAS,c1a571d18b4087ab04a4,0.9,1.0,0.9199999999999999,1.4,1.0,0.9144444444444444,0.1,0.5412103453519646,0.2162722110780269,0.11741220698925794,0.16341910942767876,0.42379813836270663,10,90,w1_no_operating_threshold,nan,nan,nan,,,,,,,,
GTSinger_same_text_control,wavlm_l12,12,79,cos_om_none,cosine,pooled_train_midpoint,none,none,1487eafb7e9bb5f0ffaf,0.4,0.9,0.5676190476190477,2.9,2.5,0.8144444444444444,0.2944444444444444,-0.057742274186849386,0.21212789584141245,-0.3489820443649092,0.23759511810976539,0.2912397701780598,10,90,insufficient_resolution/non_independent_calibration,nan,nan,nan,,,DE-Soprano-1;DE-Tenor-1;EN-Tenor-1;FR-Soprano-1;FR-Tenor-1;IT-Soprano-1;JA-Tenor-1;KO-Soprano-1;KO-Soprano-2;ZH-Tenor-1,,EN-Alto-1;EN-Alto-2;ES-Bass-1;ES-Soprano-1;IT-Bass-1;IT-Bass-2;JA-Soprano-1;KO-Tenor-1;RU-Alto-1;ZH-Alto-1,m1_om,0,copied_from_identity_residual_metric_robustness_2026-07-13
GTSinger_same_text_control,wavlm_l12,12,79,cos_o0_query,cosine,zero,query,none,1487eafb7e9bb5f0ffaf,0.6,1.0,0.7666666666666666,1.6,1.0,0.8377777777777777,0.2,0.9917285027783616,0.004549268144937575,0.9847150421083013,0.005858462889712594,0.007013460670060256,10,90,insufficient_resolution/non_independent_calibration,nan,nan,nan,,,DE-Soprano-1;DE-Tenor-1;EN-Tenor-1;FR-Soprano-1;FR-Tenor-1;IT-Soprano-1;JA-Tenor-1;KO-Soprano-1;KO-Soprano-2;ZH-Tenor-1,,EN-Alto-1;EN-Alto-2;ES-Bass-1;ES-Soprano-1;IT-Bass-1;IT-Bass-2;JA-Soprano-1;KO-Tenor-1;RU-Alto-1;ZH-Alto-1,m1_o0,1,copied_from_identity_residual_metric_robustness_2026-07-13
GTSinger_same_text_control,wavlm_l12,12,83,wcos_diag_none,diagonal_whitened_cosine,pooled_train_midpoint,none,diagonal_variance,8daabacc88dc1bca0d03,0.6,1.0,0.7533333333333333,1.8,1.0,0.9333333333333333,0.17777777777777778,0.1522571094913208,0.18950673836987886,-0.1838843940947543,0.1413570377759215,0.3361415035860751,10,90,w1_no_operating_threshold,nan,nan,nan,,,,,,,,
GTSinger_same_text_control,wavlm_l12,12,83,wcos_diag_query,diagonal_whitened_cosine,pooled_train_midpoint,query,diagonal_variance,8daabacc88dc1bca0d03,0.9,1.0,0.95,1.1,1.0,0.9622222222222222,0.10555555555555556,0.536480794852882,0.12954142286224082,0.18198626067325824,0.14863338004291676,0.3544945341796238,10,90,w1_no_operating_threshold,nan,nan,nan,,,,,,,,
GTSinger_same_text_control,wavlm_l12,12,83,wcos_oas_none,oas_whitened_cosine,pooled_train_midpoint,none,OAS,d64db4e71ab879a67472,1.0,1.0,1.0,1.0,1.0,0.9988888888888889,0.005555555555555556,0.556576140947165,0.09870520863112635,0.04130815626739397,0.13255020501033918,0.5152679846797711,10,90,w1_no_operating_threshold,nan,nan,nan,,,,,,,,
GTSinger_same_text_control,wavlm_l12,12,83,wcos_oas_query,oas_whitened_cosine,pooled_train_midpoint,query,OAS,d64db4e71ab879a67472,1.0,1.0,1.0,1.0,1.0,0.9988888888888889,0.005555555555555556,0.5578525657843051,0.09889037699830251,0.04257246869455284,0.13259205950143213,0.5152800970897522,10,90,w1_no_operating_threshold,nan,nan,nan,,,,,,,,
GTSinger_same_text_control,wavlm_l12,12,83,cos_om_none,cosine,pooled_train_midpoint,none,none,5c413ae2eb402915be96,0.4,0.9,0.555952380952381,2.9,3.0,0.81,0.3,-0.09692779374080815,0.21452012005839194,-0.37570752441314237,0.2213186875740573,0.2787797306723342,10,90,insufficient_resolution/non_independent_calibration,nan,nan,nan,,,DE-Tenor-1;EN-Alto-1;EN-Tenor-1;ES-Soprano-1;FR-Soprano-1;FR-Tenor-1;IT-Bass-1;IT-Bass-2;JA-Tenor-1;KO-Soprano-1,,DE-Soprano-1;EN-Alto-2;ES-Bass-1;IT-Soprano-1;JA-Soprano-1;KO-Soprano-2;KO-Tenor-1;RU-Alto-1;ZH-Alto-1;ZH-Tenor-1,m1_om,0,copied_from_identity_residual_metric_robustness_2026-07-13
GTSinger_same_text_control,wavlm_l12,12,83,cos_o0_query,cosine,zero,query,none,5c413ae2eb402915be96,0.8,1.0,0.8666666666666666,1.4,1.0,0.8911111111111111,0.11666666666666667,0.9935446180007709,0.003485216420034824,0.9873487660918137,0.00474604617326571,0.006195851908957217,10,90,insufficient_resolution/non_independent_calibration,nan,nan,nan,,,DE-Tenor-1;EN-Alto-1;EN-Tenor-1;ES-Soprano-1;FR-Soprano-1;FR-Tenor-1;IT-Bass-1;IT-Bass-2;JA-Tenor-1;KO-Soprano-1,,DE-Soprano-1;EN-Alto-2;ES-Bass-1;IT-Soprano-1;JA-Soprano-1;KO-Soprano-2;KO-Tenor-1;RU-Alto-1;ZH-Alto-1;ZH-Tenor-1,m1_o0,1,copied_from_identity_residual_metric_robustness_2026-07-13
GTSinger_same_text_control,wavlm_l12,12,89,wcos_diag_none,diagonal_whitened_cosine,pooled_train_midpoint,none,diagonal_variance,d76d236bf205917e691d,0.6,1.0,0.7116666666666667,2.1,1.0,0.9233333333333333,0.2,0.1395589357573165,0.15973300956839107,-0.1742326240808584,0.16099990762085425,0.3137915598381749,10,90,w1_no_operating_threshold,nan,nan,nan,,,,,,,,
GTSinger_same_text_control,wavlm_l12,12,89,wcos_diag_query,diagonal_whitened_cosine,pooled_train_midpoint,query,diagonal_variance,d76d236bf205917e691d,0.9,1.0,0.9333333333333332,1.2,1.0,0.9744444444444444,0.1111111111111111,0.5936524236260646,0.10847372041812173,0.27627762089222857,0.1199747964555243,0.31737480273383606,10,90,w1_no_operating_threshold,nan,nan,nan,,,,,,,,
GTSinger_same_text_control,wavlm_l12,12,89,wcos_oas_none,oas_whitened_cosine,pooled_train_midpoint,none,OAS,40945f8fb17afc62694d,0.9,1.0,0.95,1.1,1.0,0.9822222222222222,0.1,0.5728458842024906,0.14838698030398154,0.09189310836885027,0.14678002378660723,0.4809527758336403,10,90,w1_no_operating_threshold,nan,nan,nan,,,,,,,,
GTSinger_same_text_control,wavlm_l12,12,89,wcos_oas_query,oas_whitened_cosine,pooled_train_midpoint,query,OAS,40945f8fb17afc62694d,0.9,1.0,0.95,1.1,1.0,0.9822222222222222,0.1,0.5739242051945274,0.14836772777572482,0.0929347436046466,0.14673060971499896,0.48098946158988076,10,90,w1_no_operating_threshold,nan,nan,nan,,,,,,,,
GTSinger_same_text_control,wavlm_l12,12,89,cos_om_none,cosine,pooled_train_midpoint,none,none,455ac920eca4ebf29eb4,0.3,1.0,0.5416666666666666,2.4,3.0,0.8388888888888889,0.2777777777777778,-0.11226838324081348,0.1905018494124346,-0.3822575789494273,0.20205475714779828,0.2699891957086138,10,90,insufficient_resolution/non_independent_calibration,nan,nan,nan,,,EN-Alto-2;EN-Tenor-1;FR-Soprano-1;IT-Bass-1;JA-Soprano-1;JA-Tenor-1;KO-Soprano-1;KO-Tenor-1;ZH-Alto-1;ZH-Tenor-1,,DE-Soprano-1;DE-Tenor-1;EN-Alto-1;ES-Bass-1;ES-Soprano-1;FR-Tenor-1;IT-Bass-2;IT-Soprano-1;KO-Soprano-2;RU-Alto-1,m1_om,0,copied_from_identity_residual_metric_robustness_2026-07-13
GTSinger_same_text_control,wavlm_l12,12,89,cos_o0_query,cosine,zero,query,none,455ac920eca4ebf29eb4,0.8,1.0,0.8583333333333332,1.5,1.0,0.8633333333333333,0.2,0.9930568834330116,0.004358399037225807,0.9868326749950267,0.005160319159820402,0.0062242084379848794,10,90,insufficient_resolution/non_independent_calibration,nan,nan,nan,,,EN-Alto-2;EN-Tenor-1;FR-Soprano-1;IT-Bass-1;JA-Soprano-1;JA-Tenor-1;KO-Soprano-1;KO-Tenor-1;ZH-Alto-1;ZH-Tenor-1,,DE-Soprano-1;DE-Tenor-1;EN-Alto-1;ES-Bass-1;ES-Soprano-1;FR-Tenor-1;IT-Bass-2;IT-Soprano-1;KO-Soprano-2;RU-Alto-1,m1_o0,1,copied_from_identity_residual_metric_robustness_2026-07-13
GTSinger_same_text_control,wavlm_l12,12,97,wcos_diag_none,diagonal_whitened_cosine,pooled_train_midpoint,none,diagonal_variance,45e0abf0d93b3c9a460d,0.5,1.0,0.725,1.7,1.5,0.9311111111111111,0.2,0.07674775520559976,0.12996220301333786,-0.1897866898762618,0.13121793639701124,0.2665344450818615,10,90,w1_no_operating_threshold,nan,nan,nan,,,,,,,,
GTSinger_same_text_control,wavlm_l12,12,97,wcos_diag_query,diagonal_whitened_cosine,pooled_train_midpoint,query,diagonal_variance,45e0abf0d93b3c9a460d,0.9,1.0,0.95,1.1,1.0,0.9888888888888889,0.022222222222222223,0.64445085510037,0.05158906960217685,0.4017414850343754,0.09365934407293752,0.24270937006599463,10,90,w1_no_operating_threshold,nan,nan,nan,,,,,,,,
GTSinger_same_text_control,wavlm_l12,12,97,wcos_oas_none,oas_whitened_cosine,pooled_train_midpoint,none,OAS,388349919adf6eb7b23d,1.0,1.0,1.0,1.0,1.0,0.9755555555555555,0.1,0.5145771255774512,0.16160371439536206,0.10161705453215392,0.14116159362333183,0.41296007104529725,10,90,w1_no_operating_threshold,nan,nan,nan,,,,,,,,
GTSinger_same_text_control,wavlm_l12,12,97,wcos_oas_query,oas_whitened_cosine,pooled_train_midpoint,query,OAS,388349919adf6eb7b23d,1.0,1.0,1.0,1.0,1.0,0.9755555555555555,0.1,0.5160218902256,0.16151389285258833,0.10309381828368959,0.14095899984028853,0.4129280719419104,10,90,w1_no_operating_threshold,nan,nan,nan,,,,,,,,
GTSinger_same_text_control,wavlm_l12,12,97,cos_om_none,cosine,pooled_train_midpoint,none,none,31f071b736ff04b742a0,0.6,1.0,0.6983333333333334,2.3,1.0,0.8,0.3111111111111111,-0.15204812458866673,0.1849435267857276,-0.3811136326365422,0.18885215967941366,0.22906550804787545,10,90,insufficient_resolution/non_independent_calibration,nan,nan,nan,,,EN-Alto-1;EN-Alto-2;ES-Bass-1;FR-Soprano-1;IT-Bass-2;IT-Soprano-1;JA-Soprano-1;KO-Soprano-1;KO-Soprano-2;KO-Tenor-1,,DE-Soprano-1;DE-Tenor-1;EN-Tenor-1;ES-Soprano-1;FR-Tenor-1;IT-Bass-1;JA-Tenor-1;RU-Alto-1;ZH-Alto-1;ZH-Tenor-1,m1_om,0,copied_from_identity_residual_metric_robustness_2026-07-13
GTSinger_same_text_control,wavlm_l12,12,97,cos_o0_query,cosine,zero,query,none,31f071b736ff04b742a0,0.8,0.9,0.831111111111111,2.2,1.0,0.8411111111111111,0.2,0.9924511734258651,0.004549074076898008,0.9863609929373675,0.0058640524463161306,0.006090180488497632,10,90,insufficient_resolution/non_independent_calibration,nan,nan,nan,,,EN-Alto-1;EN-Alto-2;ES-Bass-1;FR-Soprano-1;IT-Bass-2;IT-Soprano-1;JA-Soprano-1;KO-Soprano-1;KO-Soprano-2;KO-Tenor-1,,DE-Soprano-1;DE-Tenor-1;EN-Tenor-1;ES-Soprano-1;FR-Tenor-1;IT-Bass-1;JA-Tenor-1;RU-Alto-1;ZH-Alto-1;ZH-Tenor-1,m1_o0,1,copied_from_identity_residual_metric_robustness_2026-07-13
GTSinger_same_text_control,wavlm_l12,12,101,wcos_diag_none,diagonal_whitened_cosine,pooled_train_midpoint,none,diagonal_variance,f73bec8965154a91293b,0.5,0.9,0.6833333333333333,2.1,1.5,0.8988888888888888,0.2,0.04173355067248139,0.12656311346401797,-0.23563886233265113,0.16803075459979716,0.27737241300513255,10,90,w1_no_operating_threshold,nan,nan,nan,,,,,,,,
GTSinger_same_text_control,wavlm_l12,12,101,wcos_diag_query,diagonal_whitened_cosine,pooled_train_midpoint,query,diagonal_variance,f73bec8965154a91293b,0.9,1.0,0.95,1.1,1.0,0.9622222222222222,0.1111111111111111,0.5845184289734682,0.08716796341037003,0.3125062050166453,0.1252335033252632,0.2720122239568229,10,90,w1_no_operating_threshold,nan,nan,nan,,,,,,,,
GTSinger_same_text_control,wavlm_l12,12,101,wcos_oas_none,oas_whitened_cosine,pooled_train_midpoint,none,OAS,fc89c419408e71ab360c,0.9,1.0,0.9199999999999999,1.4,1.0,0.9622222222222222,0.1,0.5016624073678888,0.14767813123404452,0.07107048570663771,0.16101872197134837,0.4305919216612511,10,90,w1_no_operating_threshold,nan,nan,nan,,,,,,,,
GTSinger_same_text_control,wavlm_l12,12,101,wcos_oas_query,oas_whitened_cosine,pooled_train_midpoint,query,OAS,fc89c419408e71ab360c,0.9,1.0,0.9199999999999999,1.4,1.0,0.9622222222222222,0.1,0.5027715340858387,0.1476939017402257,0.07217911145535821,0.1610098355054807,0.43059242263048053,10,90,w1_no_operating_threshold,nan,nan,nan,,,,,,,,
GTSinger_same_text_control,wavlm_l12,12,101,cos_om_none,cosine,pooled_train_midpoint,none,none,809ce51c00e4b24e6ed1,0.5,1.0,0.6666666666666666,2.1,1.5,0.8611111111111112,0.2,-0.19474437128977695,0.10753441246952503,-0.43517649474448883,0.19234577158608104,0.24043212345471188,10,90,insufficient_resolution/non_independent_calibration,nan,nan,nan,,,DE-Soprano-1;DE-Tenor-1;EN-Alto-1;EN-Alto-2;FR-Soprano-1;IT-Bass-1;IT-Soprano-1;JA-Soprano-1;JA-Tenor-1;RU-Alto-1,,EN-Tenor-1;ES-Bass-1;ES-Soprano-1;FR-Tenor-1;IT-Bass-2;KO-Soprano-1;KO-Soprano-2;KO-Tenor-1;ZH-Alto-1;ZH-Tenor-1,m1_om,0,copied_from_identity_residual_metric_robustness_2026-07-13
GTSinger_same_text_control,wavlm_l12,12,101,cos_o0_query,cosine,zero,query,none,809ce51c00e4b24e6ed1,0.7,1.0,0.825,1.5,1.0,0.8744444444444445,0.2,0.9933167465211235,0.00375032871789576,0.9868019142158889,0.0050014234860924125,0.00651483230523453,10,90,insufficient_resolution/non_independent_calibration,nan,nan,nan,,,DE-Soprano-1;DE-Tenor-1;EN-Alto-1;EN-Alto-2;FR-Soprano-1;IT-Bass-1;IT-Soprano-1;JA-Soprano-1;JA-Tenor-1;RU-Alto-1,,EN-Tenor-1;ES-Bass-1;ES-Soprano-1;FR-Tenor-1;IT-Bass-2;KO-Soprano-1;KO-Soprano-2;KO-Tenor-1;ZH-Alto-1;ZH-Tenor-1,m1_o0,1,copied_from_identity_residual_metric_robustness_2026-07-13
GTSinger_same_text_control,wavlm_l12,12,103,wcos_diag_none,diagonal_whitened_cosine,pooled_train_midpoint,none,diagonal_variance,876123b562dccff77218,0.7,1.0,0.7783333333333333,1.9,1.0,0.9033333333333333,0.2,0.1554611850200125,0.1699028614186346,-0.16930643536992757,0.16657525222493907,0.32476762038994006,10,90,w1_no_operating_threshold,nan,nan,nan,,,,,,,,
GTSinger_same_text_control,wavlm_l12,12,103,wcos_diag_query,diagonal_whitened_cosine,pooled_train_midpoint,query,diagonal_variance,876123b562dccff77218,0.9,1.0,0.9333333333333332,1.2,1.0,0.9711111111111111,0.1,0.5922146465361666,0.09433774210238367,0.2589283770826557,0.141434937491769,0.3332862694535109,10,90,w1_no_operating_threshold,nan,nan,nan,,,,,,,,
GTSinger_same_text_control,wavlm_l12,12,103,wcos_oas_none,oas_whitened_cosine,pooled_train_midpoint,none,OAS,a723257caa51c19c0bc9,1.0,1.0,1.0,1.0,1.0,0.9955555555555555,0.011111111111111112,0.5607748315441701,0.11003176264347217,0.048867431269943404,0.1465012515835551,0.5119074002742267,10,90,w1_no_operating_threshold,nan,nan,nan,,,,,,,,
GTSinger_same_text_control,wavlm_l12,12,103,wcos_oas_query,oas_whitened_cosine,pooled_train_midpoint,query,OAS,a723257caa51c19c0bc9,1.0,1.0,1.0,1.0,1.0,0.9955555555555555,0.011111111111111112,0.5619768334676698,0.11002924835617439,0.05006702271767348,0.14646351036976102,0.5119098107499963,10,90,w1_no_operating_threshold,nan,nan,nan,,,,,,,,
GTSinger_same_text_control,wavlm_l12,12,103,cos_om_none,cosine,pooled_train_midpoint,none,none,799fa981615999f2ed65,0.3,0.9,0.49499999999999994,3.0,3.0,0.8022222222222222,0.2222222222222222,-0.09777249626137267,0.2116954528130826,-0.3570860663817109,0.2097626156222204,0.25931357012033823,10,90,insufficient_resolution/non_independent_calibration,nan,nan,nan,,,DE-Soprano-1;EN-Alto-2;EN-Tenor-1;FR-Tenor-1;IT-Bass-1;IT-Bass-2;JA-Soprano-1;JA-Tenor-1;ZH-Alto-1;ZH-Tenor-1,,DE-Tenor-1;EN-Alto-1;ES-Bass-1;ES-Soprano-1;FR-Soprano-1;IT-Soprano-1;KO-Soprano-1;KO-Soprano-2;KO-Tenor-1;RU-Alto-1,m1_om,0,copied_from_identity_residual_metric_robustness_2026-07-13
GTSinger_same_text_control,wavlm_l12,12,103,cos_o0_query,cosine,zero,query,none,799fa981615999f2ed65,0.7,1.0,0.8333333333333333,1.4,1.0,0.94,0.12222222222222222,0.9940843001672504,0.001692322819247653,0.9888712400925825,0.0030421836952851905,0.005213060074667819,10,90,insufficient_resolution/non_independent_calibration,nan,nan,nan,,,DE-Soprano-1;EN-Alto-2;EN-Tenor-1;FR-Tenor-1;IT-Bass-1;IT-Bass-2;JA-Soprano-1;JA-Tenor-1;ZH-Alto-1;ZH-Tenor-1,,DE-Tenor-1;EN-Alto-1;ES-Bass-1;ES-Soprano-1;FR-Soprano-1;IT-Soprano-1;KO-Soprano-1;KO-Soprano-2;KO-Tenor-1;RU-Alto-1,m1_o0,1,copied_from_identity_residual_metric_robustness_2026-07-13
GTSinger_same_text_control,wavlm_l12,12,107,wcos_diag_none,diagonal_whitened_cosine,pooled_train_midpoint,none,diagonal_variance,f338b9c415cf7bc20b05,0.5,1.0,0.7,1.9,1.5,0.9088888888888889,0.18888888888888888,0.05684549654950712,0.19445751757165455,-0.2566600664358956,0.14966509502437325,0.3135055629854027,10,90,w1_no_operating_threshold,nan,nan,nan,,,,,,,,
GTSinger_same_text_control,wavlm_l12,12,107,wcos_diag_query,diagonal_whitened_cosine,pooled_train_midpoint,query,diagonal_variance,f338b9c415cf7bc20b05,1.0,1.0,1.0,1.0,1.0,0.9766666666666667,0.1,0.6043626832698289,0.09117639680981902,0.2836249046883431,0.140513596869857,0.3207377785814858,10,90,w1_no_operating_threshold,nan,nan,nan,,,,,,,,
GTSinger_same_text_control,wavlm_l12,12,107,wcos_oas_none,oas_whitened_cosine,pooled_train_midpoint,none,OAS,0e5071f576597a886574,1.0,1.0,1.0,1.0,1.0,0.9888888888888889,0.016666666666666666,0.4493519245543357,0.10999845437732479,0.027287649653282526,0.142451416469444,0.4220642749010532,10,90,w1_no_operating_threshold,nan,nan,nan,,,,,,,,
GTSinger_same_text_control,wavlm_l12,12,107,wcos_oas_query,oas_whitened_cosine,pooled_train_midpoint,query,OAS,0e5071f576597a886574,1.0,1.0,1.0,1.0,1.0,0.9888888888888889,0.016666666666666666,0.4506176525716056,0.10997794725087033,0.02854395149437975,0.142327310689711,0.4220737010772258,10,90,w1_no_operating_threshold,nan,nan,nan,,,,,,,,
GTSinger_same_text_control,wavlm_l12,12,107,cos_om_none,cosine,pooled_train_midpoint,none,none,3bd1f9a7f1f3260050f4,0.4,1.0,0.6283333333333333,2.2,2.0,0.8588888888888889,0.19444444444444445,-0.21576543429998987,0.17139287171501788,-0.4702918221381982,0.182594727708199,0.25452638783820836,10,90,insufficient_resolution/non_independent_calibration,nan,nan,nan,,,EN-Alto-1;EN-Tenor-1;ES-Soprano-1;FR-Soprano-1;IT-Bass-1;IT-Bass-2;IT-Soprano-1;KO-Soprano-2;RU-Alto-1;ZH-Tenor-1,,DE-Soprano-1;DE-Tenor-1;EN-Alto-2;ES-Bass-1;FR-Tenor-1;JA-Soprano-1;JA-Tenor-1;KO-Soprano-1;KO-Tenor-1;ZH-Alto-1,m1_om,0,copied_from_identity_residual_metric_robustness_2026-07-13
GTSinger_same_text_control,wavlm_l12,12,107,cos_o0_query,cosine,zero,query,none,3bd1f9a7f1f3260050f4,0.7,0.9,0.7861111111111111,2.2,1.0,0.8222222222222222,0.21666666666666667,0.9919556048104097,0.005262579942775626,0.9849128493351855,0.007374815261330576,0.0070427554752241495,10,90,insufficient_resolution/non_independent_calibration,nan,nan,nan,,,EN-Alto-1;EN-Tenor-1;ES-Soprano-1;FR-Soprano-1;IT-Bass-1;IT-Bass-2;IT-Soprano-1;KO-Soprano-2;RU-Alto-1;ZH-Tenor-1,,DE-Soprano-1;DE-Tenor-1;EN-Alto-2;ES-Bass-1;FR-Tenor-1;JA-Soprano-1;JA-Tenor-1;KO-Soprano-1;KO-Tenor-1;ZH-Alto-1,m1_o0,1,copied_from_identity_residual_metric_robustness_2026-07-13
GTSinger_same_text_control,wavlm_l12,12,109,wcos_diag_none,diagonal_whitened_cosine,pooled_train_midpoint,none,diagonal_variance,80ca751720089b4b3e07,0.7,1.0,0.7783333333333333,1.9,1.0,0.9,0.2833333333333333,0.07256609589277559,0.1741918108656016,-0.2561338096607853,0.16035993832225137,0.3286999055535609,10,90,w1_no_operating_threshold,nan,nan,nan,,,,,,,,
GTSinger_same_text_control,wavlm_l12,12,109,wcos_diag_query,diagonal_whitened_cosine,pooled_train_midpoint,query,diagonal_variance,80ca751720089b4b3e07,1.0,1.0,1.0,1.0,1.0,0.9766666666666667,0.1,0.6190174134433477,0.08803381241121405,0.2953743729945775,0.15106388786162014,0.3236430404487702,10,90,w1_no_operating_threshold,nan,nan,nan,,,,,,,,
GTSinger_same_text_control,wavlm_l12,12,109,wcos_oas_none,oas_whitened_cosine,pooled_train_midpoint,none,OAS,1a238b633771d51ca2ef,1.0,1.0,1.0,1.0,1.0,0.9977777777777778,0.011111111111111112,0.5212954839273821,0.1391502965140717,-0.0142222288898926,0.1423420956851283,0.5355177128172747,10,90,w1_no_operating_threshold,nan,nan,nan,,,,,,,,
GTSinger_same_text_control,wavlm_l12,12,109,wcos_oas_query,oas_whitened_cosine,pooled_train_midpoint,query,OAS,1a238b633771d51ca2ef,1.0,1.0,1.0,1.0,1.0,0.9977777777777778,0.011111111111111112,0.5229890938104382,0.13896998307346353,-0.012541425571228868,0.1422271667629366,0.5355305193816671,10,90,w1_no_operating_threshold,nan,nan,nan,,,,,,,,
GTSinger_same_text_control,wavlm_l12,12,109,cos_om_none,cosine,pooled_train_midpoint,none,none,63373aa3062eedf88082,0.4,0.9,0.625,2.3,2.0,0.8666666666666667,0.2,-0.17036592030972497,0.17755762169629194,-0.4592929201884592,0.18328994875130997,0.2889269998787342,10,90,insufficient_resolution/non_independent_calibration,nan,nan,nan,,,DE-Soprano-1;DE-Tenor-1;EN-Alto-2;EN-Tenor-1;IT-Bass-1;IT-Bass-2;IT-Soprano-1;JA-Soprano-1;KO-Soprano-1;ZH-Tenor-1,,EN-Alto-1;ES-Bass-1;ES-Soprano-1;FR-Soprano-1;FR-Tenor-1;JA-Tenor-1;KO-Soprano-2;KO-Tenor-1;RU-Alto-1;ZH-Alto-1,m1_om,0,copied_from_identity_residual_metric_robustness_2026-07-13
GTSinger_same_text_control,wavlm_l12,12,109,cos_o0_query,cosine,zero,query,none,63373aa3062eedf88082,0.7,0.9,0.8111111111111111,2.0,1.0,0.8666666666666667,0.2,0.993383223617049,0.0036829869230915503,0.9871544097705565,0.004725330692057141,0.0062288138464925424,10,90,insufficient_resolution/non_independent_calibration,nan,nan,nan,,,DE-Soprano-1;DE-Tenor-1;EN-Alto-2;EN-Tenor-1;IT-Bass-1;IT-Bass-2;IT-Soprano-1;JA-Soprano-1;KO-Soprano-1;ZH-Tenor-1,,EN-Alto-1;ES-Bass-1;ES-Soprano-1;FR-Soprano-1;FR-Tenor-1;JA-Tenor-1;KO-Soprano-2;KO-Tenor-1;RU-Alto-1;ZH-Alto-1,m1_o0,1,copied_from_identity_residual_metric_robustness_2026-07-13
GTSinger_same_text_control,wavlm_l12,12,113,wcos_diag_none,diagonal_whitened_cosine,pooled_train_midpoint,none,diagonal_variance,fc39b92aaecdff9e1ce2,0.5,1.0,0.7,1.8,1.5,0.9166666666666666,0.2,0.03400643458932816,0.16762920796585912,-0.2652597988202158,0.1589025476680835,0.29926623340954395,10,90,w1_no_operating_threshold,nan,nan,nan,,,,,,,,
GTSinger_same_text_control,wavlm_l12,12,113,wcos_diag_query,diagonal_whitened_cosine,pooled_train_midpoint,query,diagonal_variance,fc39b92aaecdff9e1ce2,0.8,1.0,0.8833333333333332,1.3,1.0,0.9711111111111111,0.08888888888888889,0.611299125071671,0.081455575789134,0.34102243190106807,0.12604093136073283,0.2702766931706029,10,90,w1_no_operating_threshold,nan,nan,nan,,,,,,,,
GTSinger_same_text_control,wavlm_l12,12,113,wcos_oas_none,oas_whitened_cosine,pooled_train_midpoint,none,OAS,dc03a22bcc6556525601,0.9,1.0,0.95,1.1,1.0,0.9944444444444445,0.016666666666666666,0.41615891223211837,0.09173454451511305,0.04702419726977376,0.13207164058717083,0.3691347149623446,10,90,w1_no_operating_threshold,nan,nan,nan,,,,,,,,
GTSinger_same_text_control,wavlm_l12,12,113,wcos_oas_query,oas_whitened_cosine,pooled_train_midpoint,query,OAS,dc03a22bcc6556525601,0.9,1.0,0.95,1.1,1.0,0.9944444444444445,0.016666666666666666,0.4176314212252238,0.09188852023411365,0.04857349769316374,0.13193577118548552,0.36905792353206,10,90,w1_no_operating_threshold,nan,nan,nan,,,,,,,,
GTSinger_same_text_control,wavlm_l12,12,113,cos_om_none,cosine,pooled_train_midpoint,none,none,f0ed56a5d9a55a071291,0.4,1.0,0.6833333333333333,1.7,2.0,0.8644444444444445,0.2,-0.16402151671734502,0.1705316226927457,-0.4314608302531584,0.18643955989268904,0.2674393135358134,10,90,insufficient_resolution/non_independent_calibration,nan,nan,nan,,,DE-Soprano-1;DE-Tenor-1;EN-Alto-2;ES-Soprano-1;FR-Soprano-1;IT-Bass-2;JA-Soprano-1;KO-Soprano-2;RU-Alto-1;ZH-Tenor-1,,EN-Alto-1;EN-Tenor-1;ES-Bass-1;FR-Tenor-1;IT-Bass-1;IT-Soprano-1;JA-Tenor-1;KO-Soprano-1;KO-Tenor-1;ZH-Alto-1,m1_om,0,copied_from_identity_residual_metric_robustness_2026-07-13
GTSinger_same_text_control,wavlm_l12,12,113,cos_o0_query,cosine,zero,query,none,f0ed56a5d9a55a071291,0.6,0.8,0.7277777777777779,2.5,1.0,0.8633333333333333,0.2,0.9923160465711602,0.004386030739357789,0.9857574555936627,0.005362696084201073,0.006558590977497558,10,90,insufficient_resolution/non_independent_calibration,nan,nan,nan,,,DE-Soprano-1;DE-Tenor-1;EN-Alto-2;ES-Soprano-1;FR-Soprano-1;IT-Bass-2;JA-Soprano-1;KO-Soprano-2;RU-Alto-1;ZH-Tenor-1,,EN-Alto-1;EN-Tenor-1;ES-Bass-1;FR-Tenor-1;IT-Bass-1;IT-Soprano-1;JA-Tenor-1;KO-Soprano-1;KO-Tenor-1;ZH-Alto-1,m1_o0,1,copied_from_identity_residual_metric_robustness_2026-07-13
GTSinger_same_text_control,wavlm_l12,12,127,wcos_diag_none,diagonal_whitened_cosine,pooled_train_midpoint,none,diagonal_variance,9b836b71cb3a591c9d11,0.7,1.0,0.85,1.3,1.0,0.9466666666666667,0.1,0.0778637844278934,0.16045528212098947,-0.23618924218892715,0.12421369356135467,0.31405302661682055,10,90,w1_no_operating_threshold,nan,nan,nan,,,,,,,,
GTSinger_same_text_control,wavlm_l12,12,127,wcos_diag_query,diagonal_whitened_cosine,pooled_train_midpoint,query,diagonal_variance,9b836b71cb3a591c9d11,0.9,1.0,0.95,1.1,1.0,0.95,0.17777777777777778,0.6189011475072392,0.10710212425765943,0.33420652863686906,0.13415887992372041,0.2846946188703702,10,90,w1_no_operating_threshold,nan,nan,nan,,,,,,,,
GTSinger_same_text_control,wavlm_l12,12,127,wcos_oas_none,oas_whitened_cosine,pooled_train_midpoint,none,OAS,44e0d383d7418edde17e,1.0,1.0,1.0,1.0,1.0,0.9822222222222222,0.08888888888888889,0.4752644274761765,0.1585320525663048,0.017915340046647046,0.14002075919238322,0.45734908742952946,10,90,w1_no_operating_threshold,nan,nan,nan,,,,,,,,
GTSinger_same_text_control,wavlm_l12,12,127,wcos_oas_query,oas_whitened_cosine,pooled_train_midpoint,query,OAS,44e0d383d7418edde17e,1.0,1.0,1.0,1.0,1.0,0.9822222222222222,0.08888888888888889,0.4764638596245427,0.1585015378025852,0.01926376926809188,0.13994909575292178,0.4572000903564508,10,90,w1_no_operating_threshold,nan,nan,nan,,,,,,,,
GTSinger_same_text_control,wavlm_l12,12,127,cos_om_none,cosine,pooled_train_midpoint,none,none,a1f537a553d4990341af,0.6,0.9,0.725,2.1,1.0,0.8655555555555555,0.2,-0.18879364348591032,0.18634103135497448,-0.4577683733950508,0.16021580427391277,0.26897472990914045,10,90,insufficient_resolution/non_independent_calibration,nan,nan,nan,,,DE-Tenor-1;EN-Alto-2;EN-Tenor-1;ES-Bass-1;ES-Soprano-1;FR-Soprano-1;FR-Tenor-1;KO-Soprano-2;ZH-Alto-1;ZH-Tenor-1,,DE-Soprano-1;EN-Alto-1;IT-Bass-1;IT-Bass-2;IT-Soprano-1;JA-Soprano-1;JA-Tenor-1;KO-Soprano-1;KO-Tenor-1;RU-Alto-1,m1_om,0,copied_from_identity_residual_metric_robustness_2026-07-13
GTSinger_same_text_control,wavlm_l12,12,127,cos_o0_query,cosine,zero,query,none,a1f537a553d4990341af,0.6,0.9,0.7325,2.3,1.0,0.7955555555555556,0.3,0.9918864713328611,0.005629692893208464,0.9858411358923388,0.00606296769766018,0.006045335440522326,10,90,insufficient_resolution/non_independent_calibration,nan,nan,nan,,,DE-Tenor-1;EN-Alto-2;EN-Tenor-1;ES-Bass-1;ES-Soprano-1;FR-Soprano-1;FR-Tenor-1;KO-Soprano-2;ZH-Alto-1;ZH-Tenor-1,,DE-Soprano-1;EN-Alto-1;IT-Bass-1;IT-Bass-2;IT-Soprano-1;JA-Soprano-1;JA-Tenor-1;KO-Soprano-1;KO-Tenor-1;RU-Alto-1,m1_o0,1,copied_from_identity_residual_metric_robustness_2026-07-13
GTSinger_same_text_control,wavlm_l12,12,131,wcos_diag_none,diagonal_whitened_cosine,pooled_train_midpoint,none,diagonal_variance,b1670c990be6f9afa299,0.4,1.0,0.65,1.9,2.0,0.91,0.1111111111111111,-0.004332498038865085,0.09360915444243159,-0.2509633612095477,0.155655849206419,0.2466308631706826,10,90,w1_no_operating_threshold,nan,nan,nan,,,,,,,,
GTSinger_same_text_control,wavlm_l12,12,131,wcos_diag_query,diagonal_whitened_cosine,pooled_train_midpoint,query,diagonal_variance,b1670c990be6f9afa299,0.9,1.0,0.95,1.1,1.0,0.9511111111111111,0.11666666666666667,0.5730134711693962,0.09060332000541037,0.3314362574616071,0.11454731231267097,0.24157721370778906,10,90,w1_no_operating_threshold,nan,nan,nan,,,,,,,,
GTSinger_same_text_control,wavlm_l12,12,131,wcos_oas_none,oas_whitened_cosine,pooled_train_midpoint,none,OAS,758ce6980fac1b9e953e,0.8,1.0,0.8833333333333332,1.3,1.0,0.9711111111111111,0.1,0.44266383877050375,0.15950501366317352,0.020587469339888344,0.14217766080129635,0.4220763694306154,10,90,w1_no_operating_threshold,nan,nan,nan,,,,,,,,
GTSinger_same_text_control,wavlm_l12,12,131,wcos_oas_query,oas_whitened_cosine,pooled_train_midpoint,query,OAS,758ce6980fac1b9e953e,0.8,1.0,0.8833333333333332,1.3,1.0,0.9711111111111111,0.1,0.443861767732046,0.15958356189229006,0.021777525527385797,0.1420338229582954,0.4220842422046602,10,90,w1_no_operating_threshold,nan,nan,nan,,,,,,,,
GTSinger_same_text_control,wavlm_l12,12,131,cos_om_none,cosine,pooled_train_midpoint,none,none,d792024c1c59b2d77473,0.2,1.0,0.5199999999999999,2.4,2.0,0.8277777777777777,0.2833333333333333,-0.23703350914215154,0.14207600586165242,-0.44846530771921556,0.19637693259832484,0.211431798577064,10,90,insufficient_resolution/non_independent_calibration,nan,nan,nan,,,DE-Soprano-1;EN-Alto-1;EN-Alto-2;EN-Tenor-1;FR-Soprano-1;IT-Bass-1;IT-Soprano-1;KO-Soprano-2;RU-Alto-1;ZH-Tenor-1,,DE-Tenor-1;ES-Bass-1;ES-Soprano-1;FR-Tenor-1;IT-Bass-2;JA-Soprano-1;JA-Tenor-1;KO-Soprano-1;KO-Tenor-1;ZH-Alto-1,m1_om,0,copied_from_identity_residual_metric_robustness_2026-07-13
GTSinger_same_text_control,wavlm_l12,12,131,cos_o0_query,cosine,zero,query,none,d792024c1c59b2d77473,0.6,0.7,0.6958333333333334,2.8,1.0,0.7611111111111111,0.3,0.9904119300370352,0.006206012961196052,0.984071066406113,0.007320219188687531,0.006340863630922233,10,90,insufficient_resolution/non_independent_calibration,nan,nan,nan,,,DE-Soprano-1;EN-Alto-1;EN-Alto-2;EN-Tenor-1;FR-Soprano-1;IT-Bass-1;IT-Soprano-1;KO-Soprano-2;RU-Alto-1;ZH-Tenor-1,,DE-Tenor-1;ES-Bass-1;ES-Soprano-1;FR-Tenor-1;IT-Bass-2;JA-Soprano-1;JA-Tenor-1;KO-Soprano-1;KO-Tenor-1;ZH-Alto-1,m1_o0,1,copied_from_identity_residual_metric_robustness_2026-07-13
GTSinger_same_text_control,wavlm_l12,12,137,wcos_diag_none,diagonal_whitened_cosine,pooled_train_midpoint,none,diagonal_variance,009198e489194dfe8a73,0.7,1.0,0.85,1.3,1.0,0.9411111111111111,0.17777777777777778,0.02688097821965917,0.17000564222479456,-0.30736948849469614,0.1402465594403514,0.3342504667143553,10,90,w1_no_operating_threshold,nan,nan,nan,,,,,,,,
GTSinger_same_text_control,wavlm_l12,12,137,wcos_diag_query,diagonal_whitened_cosine,pooled_train_midpoint,query,diagonal_variance,009198e489194dfe8a73,1.0,1.0,1.0,1.0,1.0,0.9888888888888889,0.1,0.6112809943638373,0.08680557657239979,0.2843269998250041,0.13401504834274652,0.3269539945388332,10,90,w1_no_operating_threshold,nan,nan,nan,,,,,,,,
GTSinger_same_text_control,wavlm_l12,12,137,wcos_oas_none,oas_whitened_cosine,pooled_train_midpoint,none,OAS,0c0453dffd6d10537d22,1.0,1.0,1.0,1.0,1.0,1.0,0.0,0.4955003506080968,0.11924419707926735,-9.269931751779656e-05,0.11770771405092739,0.4955930499256146,10,90,w1_no_operating_threshold,nan,nan,nan,,,,,,,,
GTSinger_same_text_control,wavlm_l12,12,137,wcos_oas_query,oas_whitened_cosine,pooled_train_midpoint,query,OAS,0c0453dffd6d10537d22,1.0,1.0,1.0,1.0,1.0,1.0,0.0,0.4971375102091362,0.11937398059726943,0.0015486318078024367,0.11764181076063364,0.49558887840133375,10,90,w1_no_operating_threshold,nan,nan,nan,,,,,,,,
GTSinger_same_text_control,wavlm_l12,12,137,cos_om_none,cosine,pooled_train_midpoint,none,none,0c9cd9679511108da3fc,0.3,1.0,0.6033333333333333,2.1,2.0,0.8744444444444445,0.2,-0.21694260527233133,0.16986787355816202,-0.4938752598495702,0.1756884927865922,0.27693265457723887,10,90,insufficient_resolution/non_independent_calibration,nan,nan,nan,,,DE-Tenor-1;EN-Alto-2;EN-Tenor-1;FR-Soprano-1;IT-Bass-1;IT-Bass-2;JA-Soprano-1;KO-Soprano-2;RU-Alto-1;ZH-Tenor-1,,DE-Soprano-1;EN-Alto-1;ES-Bass-1;ES-Soprano-1;FR-Tenor-1;IT-Soprano-1;JA-Tenor-1;KO-Soprano-1;KO-Tenor-1;ZH-Alto-1,m1_om,0,copied_from_identity_residual_metric_robustness_2026-07-13
GTSinger_same_text_control,wavlm_l12,12,137,cos_o0_query,cosine,zero,query,none,0c9cd9679511108da3fc,0.7,0.9,0.7861111111111111,2.2,1.0,0.8577777777777778,0.2,0.9936891235483534,0.004239141229122101,0.9872072381545116,0.005096437625149968,0.0064818853938417575,10,90,insufficient_resolution/non_independent_calibration,nan,nan,nan,,,DE-Tenor-1;EN-Alto-2;EN-Tenor-1;FR-Soprano-1;IT-Bass-1;IT-Bass-2;JA-Soprano-1;KO-Soprano-2;RU-Alto-1;ZH-Tenor-1,,DE-Soprano-1;EN-Alto-1;ES-Bass-1;ES-Soprano-1;FR-Tenor-1;IT-Soprano-1;JA-Tenor-1;KO-Soprano-1;KO-Tenor-1;ZH-Alto-1,m1_o0,1,copied_from_identity_residual_metric_robustness_2026-07-13
GTSinger_same_text_control,wavlm_l12,12,139,wcos_diag_none,diagonal_whitened_cosine,pooled_train_midpoint,none,diagonal_variance,b1db5fef6de4afa604a0,0.7,1.0,0.825,1.5,1.0,0.9244444444444444,0.11666666666666667,0.0212475337883612,0.17198535534390527,-0.25195810193590734,0.13386243588720967,0.27320563572426854,10,90,w1_no_operating_threshold,nan,nan,nan,,,,,,,,
GTSinger_same_text_control,wavlm_l12,12,139,wcos_diag_query,diagonal_whitened_cosine,pooled_train_midpoint,query,diagonal_variance,b1db5fef6de4afa604a0,0.9,1.0,0.95,1.1,1.0,0.93,0.2,0.5883174783395533,0.12148735111750028,0.32286210694303236,0.1207867094187721,0.2654553713965209,10,90,w1_no_operating_threshold,nan,nan,nan,,,,,,,,
GTSinger_same_text_control,wavlm_l12,12,139,wcos_oas_none,oas_whitened_cosine,pooled_train_midpoint,none,OAS,9ebe63c33cf95cc8749b,0.9,1.0,0.9333333333333332,1.2,1.0,0.9588888888888889,0.1,0.468816452348631,0.15549401263078202,0.04301992998438594,0.13733173573369328,0.4257965223642451,10,90,w1_no_operating_threshold,nan,nan,nan,,,,,,,,
GTSinger_same_text_control,wavlm_l12,12,139,wcos_oas_query,oas_whitened_cosine,pooled_train_midpoint,query,OAS,9ebe63c33cf95cc8749b,0.9,1.0,0.9333333333333332,1.2,1.0,0.9588888888888889,0.1,0.4704162285295136,0.15567842318659186,0.04468472472696561,0.13735689281203958,0.425731503802548,10,90,w1_no_operating_threshold,nan,nan,nan,,,,,,,,
GTSinger_same_text_control,wavlm_l12,12,139,cos_om_none,cosine,pooled_train_midpoint,none,none,94cb8af453bf3a54ea35,0.6,1.0,0.7333333333333333,1.9,1.0,0.8688888888888889,0.20555555555555555,-0.22537334847663373,0.1754672101594104,-0.4629324401894681,0.14814243891979745,0.23755909171283437,10,90,insufficient_resolution/non_independent_calibration,nan,nan,nan,,,DE-Soprano-1;DE-Tenor-1;EN-Alto-2;ES-Bass-1;FR-Tenor-1;IT-Bass-1;IT-Soprano-1;KO-Soprano-1;KO-Soprano-2;RU-Alto-1,,EN-Alto-1;EN-Tenor-1;ES-Soprano-1;FR-Soprano-1;IT-Bass-2;JA-Soprano-1;JA-Tenor-1;KO-Tenor-1;ZH-Alto-1;ZH-Tenor-1,m1_om,0,copied_from_identity_residual_metric_robustness_2026-07-13
GTSinger_same_text_control,wavlm_l12,12,139,cos_o0_query,cosine,zero,query,none,94cb8af453bf3a54ea35,0.8,0.9,0.861111111111111,1.9,1.0,0.7833333333333333,0.3,0.9915921154183707,0.005842705901718624,0.9855262217901074,0.006451618239462756,0.006065893628263264,10,90,insufficient_resolution/non_independent_calibration,nan,nan,nan,,,DE-Soprano-1;DE-Tenor-1;EN-Alto-2;ES-Bass-1;FR-Tenor-1;IT-Bass-1;IT-Soprano-1;KO-Soprano-1;KO-Soprano-2;RU-Alto-1,,EN-Alto-1;EN-Tenor-1;ES-Soprano-1;FR-Soprano-1;IT-Bass-2;JA-Soprano-1;JA-Tenor-1;KO-Tenor-1;ZH-Alto-1;ZH-Tenor-1,m1_o0,1,copied_from_identity_residual_metric_robustness_2026-07-13
GTSinger_same_text_control,wavlm_l12,12,149,wcos_diag_none,diagonal_whitened_cosine,pooled_train_midpoint,none,diagonal_variance,3193e647f3d31e764a7a,0.7,1.0,0.85,1.3,1.0,0.9355555555555556,0.10555555555555556,0.1057891416987965,0.24118078264664236,-0.26125422815709737,0.15532370658625133,0.36704336985589386,10,90,w1_no_operating_threshold,nan,nan,nan,,,,,,,,
GTSinger_same_text_control,wavlm_l12,12,149,wcos_diag_query,diagonal_whitened_cosine,pooled_train_midpoint,query,diagonal_variance,3193e647f3d31e764a7a,1.0,1.0,1.0,1.0,1.0,0.9755555555555555,0.1,0.6373687220585678,0.09972320111876322,0.2805316099826193,0.15264467816665672,0.3568371120759485,10,90,w1_no_operating_threshold,nan,nan,nan,,,,,,,,
GTSinger_same_text_control,wavlm_l12,12,149,wcos_oas_none,oas_whitened_cosine,pooled_train_midpoint,none,OAS,895ab96dfa1fc103aa0e,1.0,1.0,1.0,1.0,1.0,0.98,0.1,0.48717336394824146,0.18891208817543587,0.022971332670539003,0.14067063435468816,0.46420203127770243,10,90,w1_no_operating_threshold,nan,nan,nan,,,,,,,,
GTSinger_same_text_control,wavlm_l12,12,149,wcos_oas_query,oas_whitened_cosine,pooled_train_midpoint,query,OAS,895ab96dfa1fc103aa0e,1.0,1.0,1.0,1.0,1.0,0.98,0.1,0.48851249186091045,0.1888913020176632,0.024512018237016528,0.14058121729652104,0.4640004736238939,10,90,w1_no_operating_threshold,nan,nan,nan,,,,,,,,
GTSinger_same_text_control,wavlm_l12,12,149,cos_om_none,cosine,pooled_train_midpoint,none,none,21f0819e35f615ec1fb6,0.6,1.0,0.7416666666666666,1.8,1.0,0.8722222222222222,0.2,-0.15955785100900705,0.21327471980961937,-0.46215679699018836,0.15801430369084996,0.3025989459811813,10,90,insufficient_resolution/non_independent_calibration,nan,nan,nan,,,DE-Soprano-1;DE-Tenor-1;EN-Tenor-1;ES-Bass-1;FR-Soprano-1;IT-Bass-2;KO-Soprano-1;KO-Soprano-2;KO-Tenor-1;ZH-Tenor-1,,EN-Alto-1;EN-Alto-2;ES-Soprano-1;FR-Tenor-1;IT-Bass-1;IT-Soprano-1;JA-Soprano-1;JA-Tenor-1;RU-Alto-1;ZH-Alto-1,m1_om,0,copied_from_identity_residual_metric_robustness_2026-07-13
GTSinger_same_text_control,wavlm_l12,12,149,cos_o0_query,cosine,zero,query,none,21f0819e35f615ec1fb6,0.8,0.9,0.8444444444444444,2.0,1.0,0.85,0.2777777777777778,0.9925462515236891,0.004258668252835335,0.9854094160388454,0.0060993285646871185,0.007136835484843784,10,90,insufficient_resolution/non_independent_calibration,nan,nan,nan,,,DE-Soprano-1;DE-Tenor-1;EN-Tenor-1;ES-Bass-1;FR-Soprano-1;IT-Bass-2;KO-Soprano-1;KO-Soprano-2;KO-Tenor-1;ZH-Tenor-1,,EN-Alto-1;EN-Alto-2;ES-Soprano-1;FR-Tenor-1;IT-Bass-1;IT-Soprano-1;JA-Soprano-1;JA-Tenor-1;RU-Alto-1;ZH-Alto-1,m1_o0,1,copied_from_identity_residual_metric_robustness_2026-07-13
GTSinger_same_text_control,wavlm_l12,12,151,wcos_diag_none,diagonal_whitened_cosine,pooled_train_midpoint,none,diagonal_variance,682eae1be9fa28a3e53e,0.5,1.0,0.7033333333333334,1.9,1.5,0.9355555555555556,0.1111111111111111,0.0028434059390588773,0.1278481103972995,-0.2867122107904486,0.13664925397240438,0.28955561672950747,10,90,w1_no_operating_threshold,nan,nan,nan,,,,,,,,
GTSinger_same_text_control,wavlm_l12,12,151,wcos_diag_query,diagonal_whitened_cosine,pooled_train_midpoint,query,diagonal_variance,682eae1be9fa28a3e53e,0.9,1.0,0.95,1.1,1.0,0.9522222222222222,0.1111111111111111,0.5490564714354568,0.11554872761620502,0.2538019458973222,0.1295905838909871,0.2952545255381346,10,90,w1_no_operating_threshold,nan,nan,nan,,,,,,,,
GTSinger_same_text_control,wavlm_l12,12,151,wcos_oas_none,oas_whitened_cosine,pooled_train_midpoint,none,OAS,5cab903216a1b4600f4a,0.9,1.0,0.925,1.3,1.0,0.9722222222222222,0.1,0.4475400479896615,0.1668163074220499,-0.029289501433357578,0.15827535261435627,0.4768295494230191,10,90,w1_no_operating_threshold,nan,nan,nan,,,,,,,,
GTSinger_same_text_control,wavlm_l12,12,151,wcos_oas_query,oas_whitened_cosine,pooled_train_midpoint,query,OAS,5cab903216a1b4600f4a,0.9,1.0,0.925,1.3,1.0,0.9722222222222222,0.1,0.44894948757098635,0.16721103002614846,-0.027969889929063182,0.15839476747686532,0.47691937750004954,10,90,w1_no_operating_threshold,nan,nan,nan,,,,,,,,
GTSinger_same_text_control,wavlm_l12,12,151,cos_om_none,cosine,pooled_train_midpoint,none,none,dfd28be0b4b8c0b09b16,0.3,1.0,0.5783333333333334,2.3,2.0,0.8611111111111112,0.2111111111111111,-0.248909063811805,0.17310819766798774,-0.4980643327372842,0.18496454821312117,0.24915526892547918,10,90,insufficient_resolution/non_independent_calibration,nan,nan,nan,,,DE-Tenor-1;EN-Alto-1;EN-Alto-2;ES-Soprano-1;FR-Tenor-1;IT-Soprano-1;KO-Soprano-1;KO-Tenor-1;RU-Alto-1;ZH-Alto-1,,DE-Soprano-1;EN-Tenor-1;ES-Bass-1;FR-Soprano-1;IT-Bass-1;IT-Bass-2;JA-Soprano-1;JA-Tenor-1;KO-Soprano-2;ZH-Tenor-1,m1_om,0,copied_from_identity_residual_metric_robustness_2026-07-13
GTSinger_same_text_control,wavlm_l12,12,151,cos_o0_query,cosine,zero,query,none,dfd28be0b4b8c0b09b16,0.8,0.8,0.8277777777777778,2.3,1.0,0.7911111111111111,0.3,0.9915871873021811,0.006112163684514788,0.984993881338461,0.006633053541973958,0.0065933059637200975,10,90,insufficient_resolution/non_independent_calibration,nan,nan,nan,,,DE-Tenor-1;EN-Alto-1;EN-Alto-2;ES-Soprano-1;FR-Tenor-1;IT-Soprano-1;KO-Soprano-1;KO-Tenor-1;RU-Alto-1;ZH-Alto-1,,DE-Soprano-1;EN-Tenor-1;ES-Bass-1;FR-Soprano-1;IT-Bass-1;IT-Bass-2;JA-Soprano-1;JA-Tenor-1;KO-Soprano-2;ZH-Tenor-1,m1_o0,1,copied_from_identity_residual_metric_robustness_2026-07-13
GTSinger_same_text_control,wavlm_l12,12,157,wcos_diag_none,diagonal_whitened_cosine,pooled_train_midpoint,none,diagonal_variance,918ba2ecb75fc104a0a0,0.6,1.0,0.75,1.8,1.0,0.9244444444444444,0.10555555555555556,0.11317078736513304,0.11984432385621126,-0.14502915229373056,0.13384144802375095,0.2581999396588636,10,90,w1_no_operating_threshold,nan,nan,nan,,,,,,,,
GTSinger_same_text_control,wavlm_l12,12,157,wcos_diag_query,diagonal_whitened_cosine,pooled_train_midpoint,query,diagonal_variance,918ba2ecb75fc104a0a0,0.8,1.0,0.8833333333333332,1.3,1.0,0.9488888888888889,0.10555555555555556,0.5997221003589608,0.09250561903649349,0.3647481232882836,0.10178834268415837,0.2349739770706772,10,90,w1_no_operating_threshold,nan,nan,nan,,,,,,,,
GTSinger_same_text_control,wavlm_l12,12,157,wcos_oas_none,oas_whitened_cosine,pooled_train_midpoint,none,OAS,4df29e4606f5978a412c,0.9,1.0,0.95,1.1,1.0,0.9677777777777777,0.1,0.4801876759937895,0.16321302814609542,0.06844679885325672,0.14313184211869792,0.41174087714053276,10,90,w1_no_operating_threshold,nan,nan,nan,,,,,,,,
GTSinger_same_text_control,wavlm_l12,12,157,wcos_oas_query,oas_whitened_cosine,pooled_train_midpoint,query,OAS,4df29e4606f5978a412c,0.9,1.0,0.95,1.1,1.0,0.9677777777777777,0.1,0.480986132322976,0.16331943323978135,0.069289020509725,0.14316778691713292,0.41169711181325097,10,90,w1_no_operating_threshold,nan,nan,nan,,,,,,,,
GTSinger_same_text_control,wavlm_l12,12,157,cos_om_none,cosine,pooled_train_midpoint,none,none,d4017c1b34bde84a36b1,0.7,0.9,0.7944444444444445,2.1,1.0,0.8411111111111111,0.2,-0.1458415999081249,0.16835158959531174,-0.37764061750746036,0.16378709444422682,0.23179901759933547,10,90,insufficient_resolution/non_independent_calibration,nan,nan,nan,,,DE-Soprano-1;DE-Tenor-1;EN-Alto-1;EN-Alto-2;EN-Tenor-1;ES-Bass-1;JA-Soprano-1;KO-Tenor-1;ZH-Alto-1;ZH-Tenor-1,,ES-Soprano-1;FR-Soprano-1;FR-Tenor-1;IT-Bass-1;IT-Bass-2;IT-Soprano-1;JA-Tenor-1;KO-Soprano-1;KO-Soprano-2;RU-Alto-1,m1_om,0,copied_from_identity_residual_metric_robustness_2026-07-13
GTSinger_same_text_control,wavlm_l12,12,157,cos_o0_query,cosine,zero,query,none,d4017c1b34bde84a36b1,0.6,0.9,0.6926190476190477,2.5,1.0,0.79,0.3,0.9913924952605541,0.005352085579216749,0.9855327301449457,0.00521595221415344,0.005859765115608373,10,90,insufficient_resolution/non_independent_calibration,nan,nan,nan,,,DE-Soprano-1;DE-Tenor-1;EN-Alto-1;EN-Alto-2;EN-Tenor-1;ES-Bass-1;JA-Soprano-1;KO-Tenor-1;ZH-Alto-1;ZH-Tenor-1,,ES-Soprano-1;FR-Soprano-1;FR-Tenor-1;IT-Bass-1;IT-Bass-2;IT-Soprano-1;JA-Tenor-1;KO-Soprano-1;KO-Soprano-2;RU-Alto-1,m1_o0,1,copied_from_identity_residual_metric_robustness_2026-07-13
GTSinger_same_text_control,wavlm_l12,12,163,wcos_diag_none,diagonal_whitened_cosine,pooled_train_midpoint,none,diagonal_variance,2be5e6f51d3b2c3b8905,0.6,0.9,0.725,2.1,1.0,0.9277777777777778,0.19444444444444445,0.10336505198215143,0.20330136035567983,-0.23058232715772106,0.1485057420469252,0.3339473791398725,10,90,w1_no_operating_threshold,nan,nan,nan,,,,,,,,
GTSinger_same_text_control,wavlm_l12,12,163,wcos_diag_query,diagonal_whitened_cosine,pooled_train_midpoint,query,diagonal_variance,2be5e6f51d3b2c3b8905,1.0,1.0,1.0,1.0,1.0,0.9988888888888889,0.005555555555555556,0.6375778622468778,0.06394389019239484,0.29484950609146104,0.12338768912893273,0.3427283561554168,10,90,w1_no_operating_threshold,nan,nan,nan,,,,,,,,
GTSinger_same_text_control,wavlm_l12,12,163,wcos_oas_none,oas_whitened_cosine,pooled_train_midpoint,none,OAS,b9f2394c7eceaa2555db,1.0,1.0,1.0,1.0,1.0,0.9933333333333333,0.016666666666666666,0.5854072341823084,0.11751393996401409,0.037691337701007355,0.16204762928129562,0.5477158964813011,10,90,w1_no_operating_threshold,nan,nan,nan,,,,,,,,
GTSinger_same_text_control,wavlm_l12,12,163,wcos_oas_query,oas_whitened_cosine,pooled_train_midpoint,query,OAS,b9f2394c7eceaa2555db,1.0,1.0,1.0,1.0,1.0,0.9933333333333333,0.016666666666666666,0.5873496427509981,0.11717944735054518,0.03953382375109752,0.16196579107287634,0.5478158189999006,10,90,w1_no_operating_threshold,nan,nan,nan,,,,,,,,
GTSinger_same_text_control,wavlm_l12,12,163,cos_om_none,cosine,pooled_train_midpoint,none,none,16e1637a2229ce3b8d02,0.4,0.9,0.6166666666666667,2.4,2.0,0.8433333333333334,0.3,-0.18122946230716547,0.19316944344131837,-0.4508288534693961,0.17338569713871313,0.26959939116223064,10,90,insufficient_resolution/non_independent_calibration,nan,nan,nan,,,EN-Alto-1;ES-Bass-1;ES-Soprano-1;FR-Tenor-1;IT-Bass-1;IT-Bass-2;JA-Soprano-1;JA-Tenor-1;KO-Soprano-1;ZH-Alto-1,,DE-Soprano-1;DE-Tenor-1;EN-Alto-2;EN-Tenor-1;FR-Soprano-1;IT-Soprano-1;KO-Soprano-2;KO-Tenor-1;RU-Alto-1;ZH-Tenor-1,m1_om,0,copied_from_identity_residual_metric_robustness_2026-07-13
GTSinger_same_text_control,wavlm_l12,12,163,cos_o0_query,cosine,zero,query,none,16e1637a2229ce3b8d02,1.0,1.0,1.0,1.0,1.0,0.9811111111111112,0.07777777777777778,0.9951073058016314,0.0016483993966116758,0.9890757344504173,0.002792051268553488,0.006031571351214127,10,90,insufficient_resolution/non_independent_calibration,nan,nan,nan,,,EN-Alto-1;ES-Bass-1;ES-Soprano-1;FR-Tenor-1;IT-Bass-1;IT-Bass-2;JA-Soprano-1;JA-Tenor-1;KO-Soprano-1;ZH-Alto-1,,DE-Soprano-1;DE-Tenor-1;EN-Alto-2;EN-Tenor-1;FR-Soprano-1;IT-Soprano-1;KO-Soprano-2;KO-Tenor-1;RU-Alto-1;ZH-Tenor-1,m1_o0,1,copied_from_identity_residual_metric_robustness_2026-07-13
GTSinger_same_text_control,wavlm_l12,12,167,wcos_diag_none,diagonal_whitened_cosine,pooled_train_midpoint,none,diagonal_variance,f540c39f217eb312c15b,0.5,1.0,0.7166666666666666,1.7,1.5,0.9288888888888889,0.1,0.08223899155846329,0.1447994049730253,-0.22563742864114475,0.15240675690449837,0.30787642019960804,10,90,w1_no_operating_threshold,nan,nan,nan,,,,,,,,
GTSinger_same_text_control,wavlm_l12,12,167,wcos_diag_query,diagonal_whitened_cosine,pooled_train_midpoint,query,diagonal_variance,f540c39f217eb312c15b,1.0,1.0,1.0,1.0,1.0,0.97,0.09444444444444444,0.6192897965816961,0.0844135617269488,0.3289332168933056,0.13298563745664183,0.2903565796883905,10,90,w1_no_operating_threshold,nan,nan,nan,,,,,,,,
GTSinger_same_text_control,wavlm_l12,12,167,wcos_oas_none,oas_whitened_cosine,pooled_train_midpoint,none,OAS,808c9e59d55eed3a086d,0.9,1.0,0.9333333333333332,1.2,1.0,0.9788888888888889,0.1,0.48630058348256056,0.13207340730834866,0.12037792426845723,0.1328992827380003,0.36592265921410333,10,90,w1_no_operating_threshold,nan,nan,nan,,,,,,,,
GTSinger_same_text_control,wavlm_l12,12,167,wcos_oas_query,oas_whitened_cosine,pooled_train_midpoint,query,OAS,808c9e59d55eed3a086d,0.9,1.0,0.9333333333333332,1.2,1.0,0.9788888888888889,0.1,0.4876255995833764,0.13228533151899405,0.12177485850597088,0.13287655428976028,0.36585074107740556,10,90,w1_no_operating_threshold,nan,nan,nan,,,,,,,,
GTSinger_same_text_control,wavlm_l12,12,167,cos_om_none,cosine,pooled_train_midpoint,none,none,8a85ef2f0274349c143f,0.2,1.0,0.5283333333333333,2.4,2.0,0.85,0.2,-0.1507931045714536,0.17719237000371252,-0.40512443561839456,0.18738449604707155,0.25433133104694094,10,90,insufficient_resolution/non_independent_calibration,nan,nan,nan,,,DE-Tenor-1;EN-Alto-2;EN-Tenor-1;ES-Soprano-1;IT-Bass-2;IT-Soprano-1;KO-Soprano-2;RU-Alto-1;ZH-Alto-1;ZH-Tenor-1,,DE-Soprano-1;EN-Alto-1;ES-Bass-1;FR-Soprano-1;FR-Tenor-1;IT-Bass-1;JA-Soprano-1;JA-Tenor-1;KO-Soprano-1;KO-Tenor-1,m1_om,0,copied_from_identity_residual_metric_robustness_2026-07-13
GTSinger_same_text_control,wavlm_l12,12,167,cos_o0_query,cosine,zero,query,none,8a85ef2f0274349c143f,0.6,0.9,0.7144444444444444,2.5,1.0,0.8155555555555556,0.3,0.9923919152125713,0.004736804372278613,0.9860151910375875,0.005928200905925856,0.0063767241749838055,10,90,insufficient_resolution/non_independent_calibration,nan,nan,nan,,,DE-Tenor-1;EN-Alto-2;EN-Tenor-1;ES-Soprano-1;IT-Bass-2;IT-Soprano-1;KO-Soprano-2;RU-Alto-1;ZH-Alto-1;ZH-Tenor-1,,DE-Soprano-1;EN-Alto-1;ES-Bass-1;FR-Soprano-1;FR-Tenor-1;IT-Bass-1;JA-Soprano-1;JA-Tenor-1;KO-Soprano-1;KO-Tenor-1,m1_o0,1,copied_from_identity_residual_metric_robustness_2026-07-13
GTSinger_same_text_control,wavlm_l12,12,173,wcos_diag_none,diagonal_whitened_cosine,pooled_train_midpoint,none,diagonal_variance,aebbcd43f957d00d1f84,0.5,0.9,0.675,2.2,1.5,0.9,0.2,0.0946742377630749,0.1439409917666321,-0.18076440313727038,0.14857640395512883,0.2754386409003453,10,90,w1_no_operating_threshold,nan,nan,nan,,,,,,,,
GTSinger_same_text_control,wavlm_l12,12,173,wcos_diag_query,diagonal_whitened_cosine,pooled_train_midpoint,query,diagonal_variance,aebbcd43f957d00d1f84,0.9,1.0,0.95,1.1,1.0,0.9422222222222222,0.2,0.5500508415405877,0.10268693214999931,0.27489280130318144,0.14518554653505836,0.27515804023740625,10,90,w1_no_operating_threshold,nan,nan,nan,,,,,,,,
GTSinger_same_text_control,wavlm_l12,12,173,wcos_oas_none,oas_whitened_cosine,pooled_train_midpoint,none,OAS,3b680623e024946c02f3,1.0,1.0,1.0,1.0,1.0,0.9988888888888889,0.005555555555555556,0.5541684500584797,0.09854352242460415,0.0763964255336974,0.14782320618419945,0.4777720245247823,10,90,w1_no_operating_threshold,nan,nan,nan,,,,,,,,
GTSinger_same_text_control,wavlm_l12,12,173,wcos_oas_query,oas_whitened_cosine,pooled_train_midpoint,query,OAS,3b680623e024946c02f3,1.0,1.0,1.0,1.0,1.0,0.9988888888888889,0.005555555555555556,0.555427332792431,0.09852177626207444,0.07771404599508415,0.14783957130973274,0.4777132867973468,10,90,w1_no_operating_threshold,nan,nan,nan,,,,,,,,
GTSinger_same_text_control,wavlm_l12,12,173,cos_om_none,cosine,pooled_train_midpoint,none,none,b31c331357c34dc0fa31,0.4,0.9,0.5700000000000001,2.8,2.5,0.7966666666666666,0.3833333333333333,-0.16068859675675437,0.18949696750138909,-0.399225689421139,0.1994448462922394,0.23853709266438464,10,90,insufficient_resolution/non_independent_calibration,nan,nan,nan,,,DE-Soprano-1;DE-Tenor-1;EN-Alto-1;EN-Alto-2;ES-Soprano-1;FR-Soprano-1;FR-Tenor-1;IT-Bass-1;IT-Bass-2;JA-Tenor-1,,EN-Tenor-1;ES-Bass-1;IT-Soprano-1;JA-Soprano-1;KO-Soprano-1;KO-Soprano-2;KO-Tenor-1;RU-Alto-1;ZH-Alto-1;ZH-Tenor-1,m1_om,0,copied_from_identity_residual_metric_robustness_2026-07-13
GTSinger_same_text_control,wavlm_l12,12,173,cos_o0_query,cosine,zero,query,none,b31c331357c34dc0fa31,0.9,1.0,0.9333333333333332,1.2,1.0,0.8922222222222222,0.1,0.993419657695277,0.0028997694939801033,0.9879027324924728,0.004477684101959082,0.005516925202804113,10,90,insufficient_resolution/non_independent_calibration,nan,nan,nan,,,DE-Soprano-1;DE-Tenor-1;EN-Alto-1;EN-Alto-2;ES-Soprano-1;FR-Soprano-1;FR-Tenor-1;IT-Bass-1;IT-Bass-2;JA-Tenor-1,,EN-Tenor-1;ES-Bass-1;IT-Soprano-1;JA-Soprano-1;KO-Soprano-1;KO-Soprano-2;KO-Tenor-1;RU-Alto-1;ZH-Alto-1;ZH-Tenor-1,m1_o0,1,copied_from_identity_residual_metric_robustness_2026-07-13
GTSinger_same_text_control,wavlm_l12,12,179,wcos_diag_none,diagonal_whitened_cosine,pooled_train_midpoint,none,diagonal_variance,d9736b9226ec20f94dd8,0.6,1.0,0.745,1.9,1.0,0.92,0.18333333333333335,0.08927436746156905,0.12021135687788453,-0.188675669848245,0.16290042053384474,0.27795003730981405,10,90,w1_no_operating_threshold,nan,nan,nan,,,,,,,,
GTSinger_same_text_control,wavlm_l12,12,179,wcos_diag_query,diagonal_whitened_cosine,pooled_train_midpoint,query,diagonal_variance,d9736b9226ec20f94dd8,0.9,1.0,0.9333333333333332,1.2,1.0,0.9566666666666667,0.2,0.5899343995314389,0.09844080917563128,0.3130595279726208,0.11969309577797384,0.27687487155881807,10,90,w1_no_operating_threshold,nan,nan,nan,,,,,,,,
GTSinger_same_text_control,wavlm_l12,12,179,wcos_oas_none,oas_whitened_cosine,pooled_train_midpoint,none,OAS,b6932fafd05ee20fff60,0.9,1.0,0.925,1.3,1.0,0.9755555555555555,0.1,0.5469240202888431,0.1560469215365325,0.09253312487170508,0.16066676690205817,0.45439089541713806,10,90,w1_no_operating_threshold,nan,nan,nan,,,,,,,,
GTSinger_same_text_control,wavlm_l12,12,179,wcos_oas_query,oas_whitened_cosine,pooled_train_midpoint,query,OAS,b6932fafd05ee20fff60,0.9,1.0,0.925,1.3,1.0,0.9755555555555555,0.1,0.5480759326536667,0.15601590973207888,0.09363926891253123,0.16063918589563103,0.4544366637411355,10,90,w1_no_operating_threshold,nan,nan,nan,,,,,,,,
GTSinger_same_text_control,wavlm_l12,12,179,cos_om_none,cosine,pooled_train_midpoint,none,none,77e070a3515cb1626433,0.2,1.0,0.4916666666666666,2.5,3.0,0.8333333333333334,0.2222222222222222,-0.15569197511834218,0.14670036055563826,-0.4028782697116737,0.20242654581185596,0.2471862945933315,10,90,insufficient_resolution/non_independent_calibration,nan,nan,nan,,,DE-Soprano-1;EN-Alto-1;EN-Alto-2;EN-Tenor-1;IT-Bass-1;JA-Soprano-1;JA-Tenor-1;KO-Soprano-1;KO-Tenor-1;ZH-Tenor-1,,DE-Tenor-1;ES-Bass-1;ES-Soprano-1;FR-Soprano-1;FR-Tenor-1;IT-Bass-2;IT-Soprano-1;KO-Soprano-2;RU-Alto-1;ZH-Alto-1,m1_om,0,copied_from_identity_residual_metric_robustness_2026-07-13
GTSinger_same_text_control,wavlm_l12,12,179,cos_o0_query,cosine,zero,query,none,77e070a3515cb1626433,0.7,1.0,0.8,1.7,1.0,0.8611111111111112,0.2,0.9930925462096507,0.004222664082987993,0.9868205273765758,0.005170448272531543,0.006272018833074933,10,90,insufficient_resolution/non_independent_calibration,nan,nan,nan,,,DE-Soprano-1;EN-Alto-1;EN-Alto-2;EN-Tenor-1;IT-Bass-1;JA-Soprano-1;JA-Tenor-1;KO-Soprano-1;KO-Tenor-1;ZH-Tenor-1,,DE-Tenor-1;ES-Bass-1;ES-Soprano-1;FR-Soprano-1;FR-Tenor-1;IT-Bass-2;IT-Soprano-1;KO-Soprano-2;RU-Alto-1;ZH-Alto-1,m1_o0,1,copied_from_identity_residual_metric_robustness_2026-07-13
GTSinger_same_text_control,wavlm_l12,12,181,wcos_diag_none,diagonal_whitened_cosine,pooled_train_midpoint,none,diagonal_variance,23ece073ddf84d2bf596,0.7,1.0,0.7866666666666667,1.8,1.0,0.9355555555555556,0.19444444444444445,0.08536562756235477,0.19060848089175703,-0.25756214506762964,0.15756121010983312,0.3429277726299844,10,90,w1_no_operating_threshold,nan,nan,nan,,,,,,,,
GTSinger_same_text_control,wavlm_l12,12,181,wcos_diag_query,diagonal_whitened_cosine,pooled_train_midpoint,query,diagonal_variance,23ece073ddf84d2bf596,0.9,1.0,0.95,1.1,1.0,0.9877777777777778,0.08333333333333334,0.6577474117670716,0.06173795850678531,0.3300231978786545,0.138650729501675,0.32772421388841716,10,90,w1_no_operating_threshold,nan,nan,nan,,,,,,,,
GTSinger_same_text_control,wavlm_l12,12,181,wcos_oas_none,oas_whitened_cosine,pooled_train_midpoint,none,OAS,1f47bf38db5e43baacb5,1.0,1.0,1.0,1.0,1.0,0.9955555555555555,0.011111111111111112,0.4984087838547566,0.13999996382289642,0.0009379192513358577,0.12465900414304448,0.49747086460342077,10,90,w1_no_operating_threshold,nan,nan,nan,,,,,,,,
GTSinger_same_text_control,wavlm_l12,12,181,wcos_oas_query,oas_whitened_cosine,pooled_train_midpoint,query,OAS,1f47bf38db5e43baacb5,1.0,1.0,1.0,1.0,1.0,0.9955555555555555,0.011111111111111112,0.5001207268114642,0.13979830841712998,0.002746558619777152,0.1247152102553893,0.4973741681916871,10,90,w1_no_operating_threshold,nan,nan,nan,,,,,,,,
GTSinger_same_text_control,wavlm_l12,12,181,cos_om_none,cosine,pooled_train_midpoint,none,none,daa10de372dab95bdbdd,0.4,0.9,0.65,2.1,2.0,0.8511111111111112,0.3,-0.17653961722884776,0.1777246395654301,-0.4557809683529512,0.17492796276360556,0.2792413511241034,10,90,insufficient_resolution/non_independent_calibration,nan,nan,nan,,,DE-Soprano-1;EN-Alto-1;ES-Bass-1;FR-Soprano-1;IT-Bass-2;IT-Soprano-1;JA-Soprano-1;JA-Tenor-1;KO-Soprano-1;ZH-Alto-1,,DE-Tenor-1;EN-Alto-2;EN-Tenor-1;ES-Soprano-1;FR-Tenor-1;IT-Bass-1;KO-Soprano-2;KO-Tenor-1;RU-Alto-1;ZH-Tenor-1,m1_om,0,copied_from_identity_residual_metric_robustness_2026-07-13
GTSinger_same_text_control,wavlm_l12,12,181,cos_o0_query,cosine,zero,query,none,daa10de372dab95bdbdd,0.8,1.0,0.8699999999999999,1.5,1.0,0.9288888888888889,0.1,0.9943557842366861,0.002034583362461387,0.9874756134884395,0.0047634455616389435,0.00688017074824665,10,90,insufficient_resolution/non_independent_calibration,nan,nan,nan,,,DE-Soprano-1;EN-Alto-1;ES-Bass-1;FR-Soprano-1;IT-Bass-2;IT-Soprano-1;JA-Soprano-1;JA-Tenor-1;KO-Soprano-1;ZH-Alto-1,,DE-Tenor-1;EN-Alto-2;EN-Tenor-1;ES-Soprano-1;FR-Tenor-1;IT-Bass-1;KO-Soprano-2;KO-Tenor-1;RU-Alto-1;ZH-Tenor-1,m1_o0,1,copied_from_identity_residual_metric_robustness_2026-07-13
GTSinger_same_text_control,wavlm_l12,12,191,wcos_diag_none,diagonal_whitened_cosine,pooled_train_midpoint,none,diagonal_variance,fb293836cfe5bbf3d3f3,0.6,1.0,0.77,1.7,1.0,0.8922222222222222,0.21666666666666667,0.12686738344563203,0.25319324248948444,-0.23329529738072455,0.16687826818076495,0.3601626808263566,10,90,w1_no_operating_threshold,nan,nan,nan,,,,,,,,
GTSinger_same_text_control,wavlm_l12,12,191,wcos_diag_query,diagonal_whitened_cosine,pooled_train_midpoint,query,diagonal_variance,fb293836cfe5bbf3d3f3,0.9,1.0,0.95,1.1,1.0,0.9688888888888889,0.1,0.6327559844547035,0.11433539544477216,0.27114003011297316,0.15178421537122372,0.36161595434173033,10,90,w1_no_operating_threshold,nan,nan,nan,,,,,,,,
GTSinger_same_text_control,wavlm_l12,12,191,wcos_oas_none,oas_whitened_cosine,pooled_train_midpoint,none,OAS,2f1206348f8acc24be17,1.0,1.0,1.0,1.0,1.0,0.9777777777777777,0.1,0.5467018452879968,0.1797466589938336,0.03264571506552815,0.14752976213818875,0.5140561302224687,10,90,w1_no_operating_threshold,nan,nan,nan,,,,,,,,
GTSinger_same_text_control,wavlm_l12,12,191,wcos_oas_query,oas_whitened_cosine,pooled_train_midpoint,query,OAS,2f1206348f8acc24be17,1.0,1.0,1.0,1.0,1.0,0.9788888888888889,0.1,0.5479806136429625,0.17971187125577193,0.0339094352003469,0.1474939646504204,0.5140711784426155,10,90,w1_no_operating_threshold,nan,nan,nan,,,,,,,,
GTSinger_same_text_control,wavlm_l12,12,191,cos_om_none,cosine,pooled_train_midpoint,none,none,5df4da802f7cc4e45c45,0.5,0.9,0.6976190476190476,2.1,1.5,0.8744444444444445,0.2,-0.1751263271437346,0.22095529255943575,-0.4687350243405768,0.1617511080191609,0.2936086971968422,10,90,insufficient_resolution/non_independent_calibration,nan,nan,nan,,,DE-Tenor-1;EN-Tenor-1;ES-Bass-1;ES-Soprano-1;FR-Soprano-1;FR-Tenor-1;IT-Bass-1;JA-Soprano-1;ZH-Alto-1;ZH-Tenor-1,,DE-Soprano-1;EN-Alto-1;EN-Alto-2;IT-Bass-2;IT-Soprano-1;JA-Tenor-1;KO-Soprano-1;KO-Soprano-2;KO-Tenor-1;RU-Alto-1,m1_om,0,copied_from_identity_residual_metric_robustness_2026-07-13
GTSinger_same_text_control,wavlm_l12,12,191,cos_o0_query,cosine,zero,query,none,5df4da802f7cc4e45c45,0.7,0.9,0.8111111111111111,2.0,1.0,0.8411111111111111,0.2,0.9932110806247492,0.005054972264990985,0.986780961737147,0.005447319829185477,0.006430118887602143,10,90,insufficient_resolution/non_independent_calibration,nan,nan,nan,,,DE-Tenor-1;EN-Tenor-1;ES-Bass-1;ES-Soprano-1;FR-Soprano-1;FR-Tenor-1;IT-Bass-1;JA-Soprano-1;ZH-Alto-1;ZH-Tenor-1,,DE-Soprano-1;EN-Alto-1;EN-Alto-2;IT-Bass-2;IT-Soprano-1;JA-Tenor-1;KO-Soprano-1;KO-Soprano-2;KO-Tenor-1;RU-Alto-1,m1_o0,1,copied_from_identity_residual_metric_robustness_2026-07-13
GTSinger_same_text_control,wavlm_l12,12,193,wcos_diag_none,diagonal_whitened_cosine,pooled_train_midpoint,none,diagonal_variance,f00277561c5decf8ff74,0.5,1.0,0.7,1.8,1.5,0.9288888888888889,0.11666666666666667,0.1175123237195232,0.16774283429172432,-0.1890152516719071,0.1366705122081488,0.30652757539143033,10,90,w1_no_operating_threshold,nan,nan,nan,,,,,,,,
GTSinger_same_text_control,wavlm_l12,12,193,wcos_diag_query,diagonal_whitened_cosine,pooled_train_midpoint,query,diagonal_variance,f00277561c5decf8ff74,0.8,1.0,0.8833333333333332,1.3,1.0,0.9477777777777778,0.18333333333333335,0.6305509227975772,0.10489908853987469,0.3467468282873703,0.1357937409816488,0.2838040945102069,10,90,w1_no_operating_threshold,nan,nan,nan,,,,,,,,
GTSinger_same_text_control,wavlm_l12,12,193,wcos_oas_none,oas_whitened_cosine,pooled_train_midpoint,none,OAS,952a8dd5efb5713ae7bd,1.0,1.0,1.0,1.0,1.0,0.9877777777777778,0.07777777777777778,0.48454457430556525,0.09446704628538546,0.03133298549498583,0.16547557722091452,0.45321158881057944,10,90,w1_no_operating_threshold,nan,nan,nan,,,,,,,,
GTSinger_same_text_control,wavlm_l12,12,193,wcos_oas_query,oas_whitened_cosine,pooled_train_midpoint,query,OAS,952a8dd5efb5713ae7bd,1.0,1.0,1.0,1.0,1.0,0.9877777777777778,0.07777777777777778,0.4854762922664874,0.09438140594195447,0.032391869296856224,0.16533398606992716,0.4530844229696312,10,90,w1_no_operating_threshold,nan,nan,nan,,,,,,,,
GTSinger_same_text_control,wavlm_l12,12,193,cos_om_none,cosine,pooled_train_midpoint,none,none,e8f735247023329fad8f,0.6,1.0,0.7499999999999999,1.7,1.0,0.8811111111111111,0.2,-0.16432577960330125,0.15665623733832787,-0.4185948822347684,0.1668036519403931,0.2542691026314671,10,90,insufficient_resolution/non_independent_calibration,nan,nan,nan,,,EN-Alto-1;EN-Tenor-1;ES-Bass-1;ES-Soprano-1;FR-Soprano-1;IT-Soprano-1;JA-Tenor-1;KO-Soprano-2;RU-Alto-1;ZH-Tenor-1,,DE-Soprano-1;DE-Tenor-1;EN-Alto-2;FR-Tenor-1;IT-Bass-1;IT-Bass-2;JA-Soprano-1;KO-Soprano-1;KO-Tenor-1;ZH-Alto-1,m1_om,0,copied_from_identity_residual_metric_robustness_2026-07-13
GTSinger_same_text_control,wavlm_l12,12,193,cos_o0_query,cosine,zero,query,none,e8f735247023329fad8f,0.6,0.8,0.7142857142857143,2.4,1.0,0.8233333333333334,0.3,0.992023456761217,0.004925883271844852,0.9846983706621092,0.006685111520105132,0.007325086099107758,10,90,insufficient_resolution/non_independent_calibration,nan,nan,nan,,,EN-Alto-1;EN-Tenor-1;ES-Bass-1;ES-Soprano-1;FR-Soprano-1;IT-Soprano-1;JA-Tenor-1;KO-Soprano-2;RU-Alto-1;ZH-Tenor-1,,DE-Soprano-1;DE-Tenor-1;EN-Alto-2;FR-Tenor-1;IT-Bass-1;IT-Bass-2;JA-Soprano-1;KO-Soprano-1;KO-Tenor-1;ZH-Alto-1,m1_o0,1,copied_from_identity_residual_metric_robustness_2026-07-13
GTSinger_same_text_control,wavlm_l12,12,197,wcos_diag_none,diagonal_whitened_cosine,pooled_train_midpoint,none,diagonal_variance,6d2f2e5a8c544cf1be82,0.7,1.0,0.8083333333333332,1.6,1.0,0.9411111111111111,0.12222222222222222,0.03633196945057067,0.19022428025295796,-0.2752527246473381,0.12275119222788103,0.31158469409790873,10,90,w1_no_operating_threshold,nan,nan,nan,,,,,,,,
GTSinger_same_text_control,wavlm_l12,12,197,wcos_diag_query,diagonal_whitened_cosine,pooled_train_midpoint,query,diagonal_variance,6d2f2e5a8c544cf1be82,1.0,1.0,1.0,1.0,1.0,0.9888888888888889,0.08888888888888889,0.5924959757674794,0.08360760401636072,0.29016464034154604,0.1326648971901512,0.3023313354259333,10,90,w1_no_operating_threshold,nan,nan,nan,,,,,,,,
GTSinger_same_text_control,wavlm_l12,12,197,wcos_oas_none,oas_whitened_cosine,pooled_train_midpoint,none,OAS,da916abe89421fde426c,1.0,1.0,1.0,1.0,1.0,0.9877777777777778,0.09444444444444444,0.43549423122636133,0.1321701405903941,0.061856950818831524,0.1134327413282726,0.3736372804075298,10,90,w1_no_operating_threshold,nan,nan,nan,,,,,,,,
GTSinger_same_text_control,wavlm_l12,12,197,wcos_oas_query,oas_whitened_cosine,pooled_train_midpoint,query,OAS,da916abe89421fde426c,1.0,1.0,1.0,1.0,1.0,0.9877777777777778,0.09444444444444444,0.43691605819567414,0.13242186523285437,0.06330924266604561,0.11334428673184262,0.37360681552962854,10,90,w1_no_operating_threshold,nan,nan,nan,,,,,,,,
GTSinger_same_text_control,wavlm_l12,12,197,cos_om_none,cosine,pooled_train_midpoint,none,none,7c99e445928770d358ce,0.6,1.0,0.7666666666666666,1.6,1.0,0.8977777777777778,0.2,-0.21532584916165037,0.16134558235002813,-0.4734690212575491,0.13262472805707598,0.2581431720958987,10,90,insufficient_resolution/non_independent_calibration,nan,nan,nan,,,DE-Soprano-1;DE-Tenor-1;EN-Alto-1;ES-Bass-1;ES-Soprano-1;FR-Soprano-1;IT-Bass-2;KO-Tenor-1;RU-Alto-1;ZH-Tenor-1,,EN-Alto-2;EN-Tenor-1;FR-Tenor-1;IT-Bass-1;IT-Soprano-1;JA-Soprano-1;JA-Tenor-1;KO-Soprano-1;KO-Soprano-2;ZH-Alto-1,m1_om,0,copied_from_identity_residual_metric_robustness_2026-07-13
GTSinger_same_text_control,wavlm_l12,12,197,cos_o0_query,cosine,zero,query,none,7c99e445928770d358ce,0.7,0.8,0.7611111111111112,2.5,1.0,0.8177777777777778,0.3,0.9914848517631984,0.005072910395260035,0.9844794245563452,0.007157793878228816,0.007005427206853265,10,90,insufficient_resolution/non_independent_calibration,nan,nan,nan,,,DE-Soprano-1;DE-Tenor-1;EN-Alto-1;ES-Bass-1;ES-Soprano-1;FR-Soprano-1;IT-Bass-2;KO-Tenor-1;RU-Alto-1;ZH-Tenor-1,,EN-Alto-2;EN-Tenor-1;FR-Tenor-1;IT-Bass-1;IT-Soprano-1;JA-Soprano-1;JA-Tenor-1;KO-Soprano-1;KO-Soprano-2;ZH-Alto-1,m1_o0,1,copied_from_identity_residual_metric_robustness_2026-07-13
GTSinger_same_text_control,wavlm_l12,12,199,wcos_diag_none,diagonal_whitened_cosine,pooled_train_midpoint,none,diagonal_variance,23560a3e3493e0548e52,0.9,1.0,0.95,1.1,1.0,0.9855555555555555,0.08333333333333334,-0.0024348332586230986,0.1355410358557459,-0.2949595543916162,0.09839000332195436,0.2925247211329931,10,90,w1_no_operating_threshold,nan,nan,nan,,,,,,,,
GTSinger_same_text_control,wavlm_l12,12,199,wcos_diag_query,diagonal_whitened_cosine,pooled_train_midpoint,query,diagonal_variance,23560a3e3493e0548e52,0.9,1.0,0.95,1.1,1.0,0.95,0.17777777777777778,0.6091730716207358,0.11309059987433774,0.3232074371386011,0.11924927252612429,0.28596563448213463,10,90,w1_no_operating_threshold,nan,nan,nan,,,,,,,,
GTSinger_same_text_control,wavlm_l12,12,199,wcos_oas_none,oas_whitened_cosine,pooled_train_midpoint,none,OAS,178fd1599b31e3c515a5,0.9,1.0,0.95,1.1,1.0,0.9433333333333334,0.1,0.4513555782523917,0.19304370551362543,0.025611725872178123,0.1523301889163424,0.42574385238021356,10,90,w1_no_operating_threshold,nan,nan,nan,,,,,,,,
GTSinger_same_text_control,wavlm_l12,12,199,wcos_oas_query,oas_whitened_cosine,pooled_train_midpoint,query,OAS,178fd1599b31e3c515a5,0.9,1.0,0.95,1.1,1.0,0.9433333333333334,0.1,0.4531395506606032,0.19336547241560068,0.027364145655720006,0.15246120723500894,0.4257754050048832,10,90,w1_no_operating_threshold,nan,nan,nan,,,,,,,,
GTSinger_same_text_control,wavlm_l12,12,199,cos_om_none,cosine,pooled_train_midpoint,none,none,631cbbc3392d36815405,0.7,1.0,0.8333333333333333,1.4,1.0,0.9266666666666666,0.18333333333333335,-0.2600611561846466,0.132341435079051,-0.5100424516070958,0.11454798734917508,0.24998129542244923,10,90,insufficient_resolution/non_independent_calibration,nan,nan,nan,,,DE-Soprano-1;EN-Alto-2;EN-Tenor-1;ES-Bass-1;ES-Soprano-1;FR-Tenor-1;IT-Bass-1;KO-Soprano-1;RU-Alto-1;ZH-Tenor-1,,DE-Tenor-1;EN-Alto-1;FR-Soprano-1;IT-Bass-2;IT-Soprano-1;JA-Soprano-1;JA-Tenor-1;KO-Soprano-2;KO-Tenor-1;ZH-Alto-1,m1_om,0,copied_from_identity_residual_metric_robustness_2026-07-13
GTSinger_same_text_control,wavlm_l12,12,199,cos_o0_query,cosine,zero,query,none,631cbbc3392d36815405,0.8,0.8,0.8277777777777778,2.3,1.0,0.7677777777777778,0.3,0.991871608019955,0.006331172991153879,0.9858733894302639,0.006478272295945199,0.005998218589691073,10,90,insufficient_resolution/non_independent_calibration,nan,nan,nan,,,DE-Soprano-1;EN-Alto-2;EN-Tenor-1;ES-Bass-1;ES-Soprano-1;FR-Tenor-1;IT-Bass-1;KO-Soprano-1;RU-Alto-1;ZH-Tenor-1,,DE-Tenor-1;EN-Alto-1;FR-Soprano-1;IT-Bass-2;IT-Soprano-1;JA-Soprano-1;JA-Tenor-1;KO-Soprano-2;KO-Tenor-1;ZH-Alto-1,m1_o0,1,copied_from_identity_residual_metric_robustness_2026-07-13
GTSinger_same_text_control,wavlm_l12,12,211,wcos_diag_none,diagonal_whitened_cosine,pooled_train_midpoint,none,diagonal_variance,60982433216d4115a6ba,0.6,1.0,0.75,1.7,1.0,0.9011111111111111,0.18333333333333335,0.02053104906306588,0.1267108641675074,-0.24964132957618665,0.15903924233271471,0.27017237863925253,10,90,w1_no_operating_threshold,nan,nan,nan,,,,,,,,
GTSinger_same_text_control,wavlm_l12,12,211,wcos_diag_query,diagonal_whitened_cosine,pooled_train_midpoint,query,diagonal_variance,60982433216d4115a6ba,0.8,1.0,0.8833333333333332,1.3,1.0,0.9411111111111111,0.19444444444444445,0.5852225614917665,0.07339519260600808,0.33393566696826776,0.12234192826021716,0.2512868945234988,10,90,w1_no_operating_threshold,nan,nan,nan,,,,,,,,
GTSinger_same_text_control,wavlm_l12,12,211,wcos_oas_none,oas_whitened_cosine,pooled_train_midpoint,none,OAS,9a81c797759adf243136,1.0,1.0,1.0,1.0,1.0,0.99,0.07777777777777778,0.453548504354713,0.10820565412057874,0.019338808297330715,0.14862331084035332,0.4342096960573823,10,90,w1_no_operating_threshold,nan,nan,nan,,,,,,,,
GTSinger_same_text_control,wavlm_l12,12,211,wcos_oas_query,oas_whitened_cosine,pooled_train_midpoint,query,OAS,9a81c797759adf243136,1.0,1.0,1.0,1.0,1.0,0.99,0.07777777777777778,0.45468070051309084,0.10839053927133001,0.020514736019360887,0.14845001089492152,0.43416596449372996,10,90,w1_no_operating_threshold,nan,nan,nan,,,,,,,,
GTSinger_same_text_control,wavlm_l12,12,211,cos_om_none,cosine,pooled_train_midpoint,none,none,570fb337fb79fdf2cfe2,0.6,1.0,0.7416666666666666,1.8,1.0,0.8333333333333334,0.2777777777777778,-0.2423545985078286,0.1847027986641701,-0.4723586361620929,0.18226819128636254,0.2300040376542643,10,90,insufficient_resolution/non_independent_calibration,nan,nan,nan,,,DE-Soprano-1;EN-Alto-1;EN-Alto-2;ES-Bass-1;FR-Soprano-1;JA-Tenor-1;KO-Soprano-2;KO-Tenor-1;RU-Alto-1;ZH-Alto-1,,DE-Tenor-1;EN-Tenor-1;ES-Soprano-1;FR-Tenor-1;IT-Bass-1;IT-Bass-2;IT-Soprano-1;JA-Soprano-1;KO-Soprano-1;ZH-Tenor-1,m1_om,0,copied_from_identity_residual_metric_robustness_2026-07-13
GTSinger_same_text_control,wavlm_l12,12,211,cos_o0_query,cosine,zero,query,none,570fb337fb79fdf2cfe2,0.6,0.8,0.7309523809523809,2.3,1.0,0.8177777777777778,0.3,0.9917839020869893,0.0045319405705898964,0.9851639045423812,0.0063392126294706495,0.0066199975446080694,10,90,insufficient_resolution/non_independent_calibration,nan,nan,nan,,,DE-Soprano-1;EN-Alto-1;EN-Alto-2;ES-Bass-1;FR-Soprano-1;JA-Tenor-1;KO-Soprano-2;KO-Tenor-1;RU-Alto-1;ZH-Alto-1,,DE-Tenor-1;EN-Tenor-1;ES-Soprano-1;FR-Tenor-1;IT-Bass-1;IT-Bass-2;IT-Soprano-1;JA-Soprano-1;KO-Soprano-1;ZH-Tenor-1,m1_o0,1,copied_from_identity_residual_metric_robustness_2026-07-13
GTSinger_same_text_control,wavlm_l12,12,223,wcos_diag_none,diagonal_whitened_cosine,pooled_train_midpoint,none,diagonal_variance,56eb636954bf77a1ec1c,0.6,1.0,0.7666666666666666,1.6,1.0,0.9544444444444444,0.10555555555555556,0.12265429069038665,0.14106768536041422,-0.2225790941409202,0.14384044883129563,0.34523338483130683,10,90,w1_no_operating_threshold,nan,nan,nan,,,,,,,,
GTSinger_same_text_control,wavlm_l12,12,223,wcos_diag_query,diagonal_whitened_cosine,pooled_train_midpoint,query,diagonal_variance,56eb636954bf77a1ec1c,1.0,1.0,1.0,1.0,1.0,0.9755555555555555,0.1,0.5952091079888631,0.09047829220851489,0.2694839580823377,0.1359446514487958,0.32572514990652535,10,90,w1_no_operating_threshold,nan,nan,nan,,,,,,,,
GTSinger_same_text_control,wavlm_l12,12,223,wcos_oas_none,oas_whitened_cosine,pooled_train_midpoint,none,OAS,cde13a2a28f6223d7702,0.8,1.0,0.8833333333333332,1.3,1.0,0.9866666666666667,0.1,0.49754764248831734,0.14297300199223956,0.0528572359076349,0.1502316160446282,0.44469040658068243,10,90,w1_no_operating_threshold,nan,nan,nan,,,,,,,,
GTSinger_same_text_control,wavlm_l12,12,223,wcos_oas_query,oas_whitened_cosine,pooled_train_midpoint,query,OAS,cde13a2a28f6223d7702,0.8,1.0,0.8833333333333332,1.3,1.0,0.9866666666666667,0.1,0.4987456470895556,0.14293858980829371,0.05408664876858624,0.15015946183266415,0.44465899832096933,10,90,w1_no_operating_threshold,nan,nan,nan,,,,,,,,
GTSinger_same_text_control,wavlm_l12,12,223,cos_om_none,cosine,pooled_train_midpoint,none,none,7acc722f12b840e78ec5,0.4,0.9,0.6333333333333333,2.2,2.0,0.8744444444444445,0.2,-0.1283373556352447,0.18370398034648033,-0.42943152767614806,0.19004660071780677,0.3010941720409034,10,90,insufficient_resolution/non_independent_calibration,nan,nan,nan,,,DE-Soprano-1;EN-Alto-2;EN-Tenor-1;ES-Soprano-1;IT-Bass-2;IT-Soprano-1;JA-Tenor-1;KO-Soprano-2;KO-Tenor-1;ZH-Alto-1,,DE-Tenor-1;EN-Alto-1;ES-Bass-1;FR-Soprano-1;FR-Tenor-1;IT-Bass-1;JA-Soprano-1;KO-Soprano-1;RU-Alto-1;ZH-Tenor-1,m1_om,0,copied_from_identity_residual_metric_robustness_2026-07-13
GTSinger_same_text_control,wavlm_l12,12,223,cos_o0_query,cosine,zero,query,none,7acc722f12b840e78ec5,0.7,1.0,0.8166666666666667,1.5,1.0,0.9255555555555556,0.11666666666666667,0.9928742165726501,0.0022034989447943664,0.9860744437651776,0.004410982559090184,0.0067997728074724595,10,90,insufficient_resolution/non_independent_calibration,nan,nan,nan,,,DE-Soprano-1;EN-Alto-2;EN-Tenor-1;ES-Soprano-1;IT-Bass-2;IT-Soprano-1;JA-Tenor-1;KO-Soprano-2;KO-Tenor-1;ZH-Alto-1,,DE-Tenor-1;EN-Alto-1;ES-Bass-1;FR-Soprano-1;FR-Tenor-1;IT-Bass-1;JA-Soprano-1;KO-Soprano-1;RU-Alto-1;ZH-Tenor-1,m1_o0,1,copied_from_identity_residual_metric_robustness_2026-07-13
GTSinger_same_text_control,wavlm_l12,12,227,wcos_diag_none,diagonal_whitened_cosine,pooled_train_midpoint,none,diagonal_variance,241174f731266835ac8f,0.5,1.0,0.6783333333333333,2.1,1.5,0.88,0.21666666666666667,0.15755923795001597,0.24713720062216007,-0.17214982374977264,0.17258078443581887,0.32970906169978864,10,90,w1_no_operating_threshold,nan,nan,nan,,,,,,,,
GTSinger_same_text_control,wavlm_l12,12,227,wcos_diag_query,diagonal_whitened_cosine,pooled_train_midpoint,query,diagonal_variance,241174f731266835ac8f,0.9,1.0,0.95,1.1,1.0,0.9577777777777777,0.1111111111111111,0.5753143839245529,0.1292534140340026,0.2476699103502477,0.12551007553685556,0.3276444735743052,10,90,w1_no_operating_threshold,nan,nan,nan,,,,,,,,
GTSinger_same_text_control,wavlm_l12,12,227,wcos_oas_none,oas_whitened_cosine,pooled_train_midpoint,none,OAS,21ce3177a62dc3e6106c,1.0,1.0,1.0,1.0,1.0,0.9711111111111111,0.1,0.5238555830195442,0.17151420758853325,0.03781994438468442,0.14296936938843752,0.48603563863485977,10,90,w1_no_operating_threshold,nan,nan,nan,,,,,,,,
GTSinger_same_text_control,wavlm_l12,12,227,wcos_oas_query,oas_whitened_cosine,pooled_train_midpoint,query,OAS,21ce3177a62dc3e6106c,1.0,1.0,1.0,1.0,1.0,0.9711111111111111,0.1,0.5249749254704227,0.17152349316019236,0.03902134137799335,0.14295702732474272,0.48595358409242934,10,90,w1_no_operating_threshold,nan,nan,nan,,,,,,,,
GTSinger_same_text_control,wavlm_l12,12,227,cos_om_none,cosine,pooled_train_midpoint,none,none,ef6e10e40441a44b9cdb,0.5,1.0,0.6283333333333333,2.5,2.0,0.83,0.3,-0.12042460946828108,0.23429471910969282,-0.4106780795829799,0.1907789392511584,0.2902534701146988,10,90,insufficient_resolution/non_independent_calibration,nan,nan,nan,,,DE-Soprano-1;EN-Tenor-1;ES-Bass-1;FR-Soprano-1;FR-Tenor-1;IT-Bass-1;JA-Tenor-1;KO-Soprano-1;KO-Soprano-2;KO-Tenor-1,,DE-Tenor-1;EN-Alto-1;EN-Alto-2;ES-Soprano-1;IT-Bass-2;IT-Soprano-1;JA-Soprano-1;RU-Alto-1;ZH-Alto-1;ZH-Tenor-1,m1_om,0,copied_from_identity_residual_metric_robustness_2026-07-13
GTSinger_same_text_control,wavlm_l12,12,227,cos_o0_query,cosine,zero,query,none,ef6e10e40441a44b9cdb,0.9,1.0,0.9333333333333332,1.2,1.0,0.8511111111111112,0.2,0.991981210952931,0.004544482196301116,0.9852230079390993,0.0058401833475663625,0.006758203013831676,10,90,insufficient_resolution/non_independent_calibration,nan,nan,nan,,,DE-Soprano-1;EN-Tenor-1;ES-Bass-1;FR-Soprano-1;FR-Tenor-1;IT-Bass-1;JA-Tenor-1;KO-Soprano-1;KO-Soprano-2;KO-Tenor-1,,DE-Tenor-1;EN-Alto-1;EN-Alto-2;ES-Soprano-1;IT-Bass-2;IT-Soprano-1;JA-Soprano-1;RU-Alto-1;ZH-Alto-1;ZH-Tenor-1,m1_o0,1,copied_from_identity_residual_metric_robustness_2026-07-13
GTSinger_same_text_control,wavlm_l12,12,229,wcos_diag_none,diagonal_whitened_cosine,pooled_train_midpoint,none,diagonal_variance,f4701eff6ad2c1870233,0.7,0.9,0.775,2.0,1.0,0.8533333333333334,0.2111111111111111,0.14162934602299285,0.2566958559969635,-0.1775372772772077,0.20472720975262915,0.3191666233002005,10,90,w1_no_operating_threshold,nan,nan,nan,,,,,,,,
GTSinger_same_text_control,wavlm_l12,12,229,wcos_diag_query,diagonal_whitened_cosine,pooled_train_midpoint,query,diagonal_variance,f4701eff6ad2c1870233,0.9,1.0,0.9333333333333332,1.2,1.0,0.9577777777777777,0.1,0.6109490241689063,0.1072334786476678,0.28548389362949733,0.14882589650270125,0.32546513053940895,10,90,w1_no_operating_threshold,nan,nan,nan,,,,,,,,
GTSinger_same_text_control,wavlm_l12,12,229,wcos_oas_none,oas_whitened_cosine,pooled_train_midpoint,none,OAS,d2b15932a71c2fb0ecef,0.9,1.0,0.95,1.1,1.0,0.9655555555555555,0.08888888888888889,0.5501613653218895,0.153935211425719,0.08021658740411254,0.16995184802477817,0.469944777917777,10,90,w1_no_operating_threshold,nan,nan,nan,,,,,,,,
GTSinger_same_text_control,wavlm_l12,12,229,wcos_oas_query,oas_whitened_cosine,pooled_train_midpoint,query,OAS,d2b15932a71c2fb0ecef,0.9,1.0,0.95,1.1,1.0,0.9655555555555555,0.08888888888888889,0.5512351199995326,0.1538447463955431,0.08125349939833738,0.1698466777170838,0.4699816206011952,10,90,w1_no_operating_threshold,nan,nan,nan,,,,,,,,
GTSinger_same_text_control,wavlm_l12,12,229,cos_om_none,cosine,pooled_train_midpoint,none,none,73811039502c60bdf294,0.6,0.8,0.7035714285714285,2.6,1.0,0.8155555555555556,0.3,-0.15781715618842046,0.22463334030547927,-0.40704865200449986,0.18183330303820175,0.2492314958160794,10,90,insufficient_resolution/non_independent_calibration,nan,nan,nan,,,DE-Tenor-1;ES-Bass-1;ES-Soprano-1;FR-Soprano-1;IT-Bass-1;IT-Bass-2;IT-Soprano-1;KO-Tenor-1;RU-Alto-1;ZH-Alto-1,,DE-Soprano-1;EN-Alto-1;EN-Alto-2;EN-Tenor-1;FR-Tenor-1;JA-Soprano-1;JA-Tenor-1;KO-Soprano-1;KO-Soprano-2;ZH-Tenor-1,m1_om,0,copied_from_identity_residual_metric_robustness_2026-07-13
GTSinger_same_text_control,wavlm_l12,12,229,cos_o0_query,cosine,zero,query,none,73811039502c60bdf294,0.7,0.9,0.7944444444444445,2.1,1.0,0.8133333333333334,0.2833333333333333,0.9918216100138819,0.004902200869843321,0.9851724171292866,0.007198773909592975,0.006649192884595312,10,90,insufficient_resolution/non_independent_calibration,nan,nan,nan,,,DE-Tenor-1;ES-Bass-1;ES-Soprano-1;FR-Soprano-1;IT-Bass-1;IT-Bass-2;IT-Soprano-1;KO-Tenor-1;RU-Alto-1;ZH-Alto-1,,DE-Soprano-1;EN-Alto-1;EN-Alto-2;EN-Tenor-1;FR-Tenor-1;JA-Soprano-1;JA-Tenor-1;KO-Soprano-1;KO-Soprano-2;ZH-Tenor-1,m1_o0,1,copied_from_identity_residual_metric_robustness_2026-07-13
GTSinger_same_text_control,wavlm_l12,12,233,wcos_diag_none,diagonal_whitened_cosine,pooled_train_midpoint,none,diagonal_variance,615500fb590ec6c59f42,0.6,1.0,0.7150000000000001,2.2,1.0,0.8933333333333333,0.2,0.11046713602762988,0.2074746987636558,-0.20277725644795705,0.1570789716233487,0.31324439247558694,10,90,w1_no_operating_threshold,nan,nan,nan,,,,,,,,
GTSinger_same_text_control,wavlm_l12,12,233,wcos_diag_query,diagonal_whitened_cosine,pooled_train_midpoint,query,diagonal_variance,615500fb590ec6c59f42,1.0,1.0,1.0,1.0,1.0,0.9688888888888889,0.1111111111111111,0.5719099717404912,0.09735094321945066,0.24145325530629605,0.1559467305796745,0.33045671643419516,10,90,w1_no_operating_threshold,nan,nan,nan,,,,,,,,
GTSinger_same_text_control,wavlm_l12,12,233,wcos_oas_none,oas_whitened_cosine,pooled_train_midpoint,none,OAS,cd6286cd7379614be079,1.0,1.0,1.0,1.0,1.0,0.9977777777777778,0.011111111111111112,0.5265125463288302,0.12443097017756652,0.06693796745714561,0.12751315681730077,0.4595745788716845,10,90,w1_no_operating_threshold,nan,nan,nan,,,,,,,,
GTSinger_same_text_control,wavlm_l12,12,233,wcos_oas_query,oas_whitened_cosine,pooled_train_midpoint,query,OAS,cd6286cd7379614be079,1.0,1.0,1.0,1.0,1.0,0.9977777777777778,0.011111111111111112,0.5277984498434625,0.1243186695779901,0.06824923736107213,0.12733794827010506,0.45954921248239033,10,90,w1_no_operating_threshold,nan,nan,nan,,,,,,,,
GTSinger_same_text_control,wavlm_l12,12,233,cos_om_none,cosine,pooled_train_midpoint,none,none,3b13c2b6f26dcdb96ad5,0.3,0.9,0.4811111111111111,3.4,3.0,0.7877777777777778,0.3,-0.15366948589602888,0.21866396315246672,-0.4029543362950643,0.2085842715833641,0.2492848503990354,10,90,insufficient_resolution/non_independent_calibration,nan,nan,nan,,,DE-Soprano-1;DE-Tenor-1;EN-Alto-1;EN-Tenor-1;FR-Soprano-1;FR-Tenor-1;IT-Bass-1;IT-Bass-2;KO-Soprano-2;ZH-Tenor-1,,EN-Alto-2;ES-Bass-1;ES-Soprano-1;IT-Soprano-1;JA-Soprano-1;JA-Tenor-1;KO-Soprano-1;KO-Tenor-1;RU-Alto-1;ZH-Alto-1,m1_om,0,copied_from_identity_residual_metric_robustness_2026-07-13
GTSinger_same_text_control,wavlm_l12,12,233,cos_o0_query,cosine,zero,query,none,3b13c2b6f26dcdb96ad5,0.8,0.9,0.8433333333333334,2.1,1.0,0.8388888888888889,0.2,0.9927903748172945,0.004450258024704829,0.9868504698063422,0.005764253021023205,0.005939905010952318,10,90,insufficient_resolution/non_independent_calibration,nan,nan,nan,,,DE-Soprano-1;DE-Tenor-1;EN-Alto-1;EN-Tenor-1;FR-Soprano-1;FR-Tenor-1;IT-Bass-1;IT-Bass-2;KO-Soprano-2;ZH-Tenor-1,,EN-Alto-2;ES-Bass-1;ES-Soprano-1;IT-Soprano-1;JA-Soprano-1;JA-Tenor-1;KO-Soprano-1;KO-Tenor-1;RU-Alto-1;ZH-Alto-1,m1_o0,1,copied_from_identity_residual_metric_robustness_2026-07-13
GTSinger_same_text_control,wavlm_l12,12,239,wcos_diag_none,diagonal_whitened_cosine,pooled_train_midpoint,none,diagonal_variance,f22dc53d057f1b4caa0b,0.6,1.0,0.7150000000000001,2.2,1.0,0.8388888888888889,0.21666666666666667,0.16670524028676065,0.26471430873899626,-0.17364004017945178,0.210657052303833,0.34034528046621243,10,90,w1_no_operating_threshold,nan,nan,nan,,,,,,,,
GTSinger_same_text_control,wavlm_l12,12,239,wcos_diag_query,diagonal_whitened_cosine,pooled_train_midpoint,query,diagonal_variance,f22dc53d057f1b4caa0b,1.0,1.0,1.0,1.0,1.0,0.9588888888888889,0.1111111111111111,0.5983693236465077,0.1248091880221599,0.24167229337826251,0.15519451971763984,0.35669703026824523,10,90,w1_no_operating_threshold,nan,nan,nan,,,,,,,,
GTSinger_same_text_control,wavlm_l12,12,239,wcos_oas_none,oas_whitened_cosine,pooled_train_midpoint,none,OAS,9c0aeac96eaddcd01d97,1.0,1.0,1.0,1.0,1.0,0.9866666666666667,0.022222222222222223,0.5759452283900142,0.15151834927842972,0.08511144450645172,0.16904740205459157,0.49083378388356247,10,90,w1_no_operating_threshold,nan,nan,nan,,,,,,,,
GTSinger_same_text_control,wavlm_l12,12,239,wcos_oas_query,oas_whitened_cosine,pooled_train_midpoint,query,OAS,9c0aeac96eaddcd01d97,1.0,1.0,1.0,1.0,1.0,0.9866666666666667,0.022222222222222223,0.5771133765396474,0.15120527067101558,0.08625580256518171,0.16877997648164642,0.4908575739744657,10,90,w1_no_operating_threshold,nan,nan,nan,,,,,,,,
GTSinger_same_text_control,wavlm_l12,12,239,cos_om_none,cosine,pooled_train_midpoint,none,none,760fe0a65682ccb44868,0.4,0.8,0.5177777777777778,3.7,4.0,0.7544444444444445,0.3,-0.08373963549094111,0.27748647099096246,-0.35214163818802985,0.24729344182042856,0.26840200269708875,10,90,insufficient_resolution/non_independent_calibration,nan,nan,nan,,,DE-Tenor-1;EN-Tenor-1;FR-Soprano-1;FR-Tenor-1;IT-Bass-1;IT-Bass-2;IT-Soprano-1;KO-Soprano-1;KO-Soprano-2;ZH-Tenor-1,,DE-Soprano-1;EN-Alto-1;EN-Alto-2;ES-Bass-1;ES-Soprano-1;JA-Soprano-1;JA-Tenor-1;KO-Tenor-1;RU-Alto-1;ZH-Alto-1,m1_om,0,copied_from_identity_residual_metric_robustness_2026-07-13
GTSinger_same_text_control,wavlm_l12,12,239,cos_o0_query,cosine,zero,query,none,760fe0a65682ccb44868,0.9,0.9,0.9111111111111111,1.8,1.0,0.8344444444444444,0.2,0.9927304618064335,0.004246385567186413,0.9866589086306911,0.005728529187545217,0.006071553175742483,10,90,insufficient_resolution/non_independent_calibration,nan,nan,nan,,,DE-Tenor-1;EN-Tenor-1;FR-Soprano-1;FR-Tenor-1;IT-Bass-1;IT-Bass-2;IT-Soprano-1;KO-Soprano-1;KO-Soprano-2;ZH-Tenor-1,,DE-Soprano-1;EN-Alto-1;EN-Alto-2;ES-Bass-1;ES-Soprano-1;JA-Soprano-1;JA-Tenor-1;KO-Tenor-1;RU-Alto-1;ZH-Alto-1,m1_o0,1,copied_from_identity_residual_metric_robustness_2026-07-13
GTSinger_same_text_control,wavlm_l12,12,241,wcos_diag_none,diagonal_whitened_cosine,pooled_train_midpoint,none,diagonal_variance,5d9a1d09d11a03d0cc82,0.6,1.0,0.7283333333333333,2.0,1.0,0.9033333333333333,0.2,0.11646456401055576,0.1994382636887349,-0.209614234067392,0.16785511370660283,0.32607879807794776,10,90,w1_no_operating_threshold,nan,nan,nan,,,,,,,,
GTSinger_same_text_control,wavlm_l12,12,241,wcos_diag_query,diagonal_whitened_cosine,pooled_train_midpoint,query,diagonal_variance,5d9a1d09d11a03d0cc82,1.0,1.0,1.0,1.0,1.0,0.96,0.19444444444444445,0.5645686450448983,0.12726552249246018,0.23225577002389738,0.14303151394053357,0.33231287502100093,10,90,w1_no_operating_threshold,nan,nan,nan,,,,,,,,
GTSinger_same_text_control,wavlm_l12,12,241,wcos_oas_none,oas_whitened_cosine,pooled_train_midpoint,none,OAS,77ff78470f5c24430674,0.9,1.0,0.925,1.3,1.0,0.9644444444444444,0.1,0.5250697678972103,0.1700923401207019,0.026167479119377255,0.1516783865607926,0.498902288777833,10,90,w1_no_operating_threshold,nan,nan,nan,,,,,,,,
GTSinger_same_text_control,wavlm_l12,12,241,wcos_oas_query,oas_whitened_cosine,pooled_train_midpoint,query,OAS,77ff78470f5c24430674,0.9,1.0,0.925,1.3,1.0,0.9644444444444444,0.1,0.5263936836082493,0.17009525020193308,0.02747238516859087,0.15163580352343164,0.4989212984396585,10,90,w1_no_operating_threshold,nan,nan,nan,,,,,,,,
GTSinger_same_text_control,wavlm_l12,12,241,cos_om_none,cosine,pooled_train_midpoint,none,none,384e7bac14fb1c6c00cc,0.4,0.9,0.5833333333333334,2.6,2.5,0.8288888888888889,0.3,-0.12699226981885103,0.19428225305307062,-0.40856023028934535,0.20855539234014656,0.2815679604704943,10,90,insufficient_resolution/non_independent_calibration,nan,nan,nan,,,DE-Soprano-1;EN-Alto-1;FR-Tenor-1;IT-Bass-1;IT-Soprano-1;JA-Soprano-1;JA-Tenor-1;KO-Soprano-1;KO-Soprano-2;KO-Tenor-1,,DE-Tenor-1;EN-Alto-2;EN-Tenor-1;ES-Bass-1;ES-Soprano-1;FR-Soprano-1;IT-Bass-2;RU-Alto-1;ZH-Alto-1;ZH-Tenor-1,m1_om,0,copied_from_identity_residual_metric_robustness_2026-07-13
GTSinger_same_text_control,wavlm_l12,12,241,cos_o0_query,cosine,zero,query,none,384e7bac14fb1c6c00cc,0.8,1.0,0.9,1.2,1.0,0.9088888888888889,0.1,0.9928305742395539,0.0037372888161131715,0.985955861578979,0.00490356573124597,0.006874712660574933,10,90,insufficient_resolution/non_independent_calibration,nan,nan,nan,,,DE-Soprano-1;EN-Alto-1;FR-Tenor-1;IT-Bass-1;IT-Soprano-1;JA-Soprano-1;JA-Tenor-1;KO-Soprano-1;KO-Soprano-2;KO-Tenor-1,,DE-Tenor-1;EN-Alto-2;EN-Tenor-1;ES-Bass-1;ES-Soprano-1;FR-Soprano-1;IT-Bass-2;RU-Alto-1;ZH-Alto-1;ZH-Tenor-1,m1_o0,1,copied_from_identity_residual_metric_robustness_2026-07-13
GTSinger_same_text_control,wavlm_l12,12,251,wcos_diag_none,diagonal_whitened_cosine,pooled_train_midpoint,none,diagonal_variance,769b3b29a714698599b5,0.7,0.9,0.7592857142857143,2.3,1.0,0.8511111111111112,0.2,0.21111668129007524,0.24266567862876126,-0.11967599868387452,0.20124141269934168,0.3307926799739498,10,90,w1_no_operating_threshold,nan,nan,nan,,,,,,,,
GTSinger_same_text_control,wavlm_l12,12,251,wcos_diag_query,diagonal_whitened_cosine,pooled_train_midpoint,query,diagonal_variance,769b3b29a714698599b5,1.0,1.0,1.0,1.0,1.0,0.9633333333333334,0.1,0.5751554111205,0.13492260552577684,0.22898534720160163,0.1327061923099464,0.3461700639188983,10,90,w1_no_operating_threshold,nan,nan,nan,,,,,,,,
GTSinger_same_text_control,wavlm_l12,12,251,wcos_oas_none,oas_whitened_cosine,pooled_train_midpoint,none,OAS,2465a38b0fefc25ccf45,0.9,1.0,0.925,1.3,1.0,0.9433333333333334,0.1,0.5879413394341044,0.18431211593890323,0.09010408924038542,0.19478317229285327,0.497837250193719,10,90,w1_no_operating_threshold,nan,nan,nan,,,,,,,,
GTSinger_same_text_control,wavlm_l12,12,251,wcos_oas_query,oas_whitened_cosine,pooled_train_midpoint,query,OAS,2465a38b0fefc25ccf45,0.9,1.0,0.925,1.3,1.0,0.9433333333333334,0.1,0.5888151279267624,0.18431166308589417,0.09098929219461481,0.19469866028121982,0.49782583573214756,10,90,w1_no_operating_threshold,nan,nan,nan,,,,,,,,
GTSinger_same_text_control,wavlm_l12,12,251,cos_om_none,cosine,pooled_train_midpoint,none,none,11c81778f38f133e7a09,0.4,0.9,0.5292857142857142,3.3,4.0,0.7777777777777778,0.3055555555555556,-0.03477044463540356,0.24948441710168515,-0.30179033573712477,0.23175044086144392,0.2670198911017212,10,90,insufficient_resolution/non_independent_calibration,nan,nan,nan,,,DE-Soprano-1;EN-Tenor-1;FR-Tenor-1;IT-Bass-1;IT-Soprano-1;JA-Tenor-1;KO-Soprano-2;KO-Tenor-1;ZH-Alto-1;ZH-Tenor-1,,DE-Tenor-1;EN-Alto-1;EN-Alto-2;ES-Bass-1;ES-Soprano-1;FR-Soprano-1;IT-Bass-2;JA-Soprano-1;KO-Soprano-1;RU-Alto-1,m1_om,0,copied_from_identity_residual_metric_robustness_2026-07-13
GTSinger_same_text_control,wavlm_l12,12,251,cos_o0_query,cosine,zero,query,none,11c81778f38f133e7a09,0.8,1.0,0.8833333333333332,1.3,1.0,0.8244444444444444,0.2,0.9915997497507851,0.004435798846656537,0.9854987854799804,0.005705648389968159,0.006100964270804754,10,90,insufficient_resolution/non_independent_calibration,nan,nan,nan,,,DE-Soprano-1;EN-Tenor-1;FR-Tenor-1;IT-Bass-1;IT-Soprano-1;JA-Tenor-1;KO-Soprano-2;KO-Tenor-1;ZH-Alto-1;ZH-Tenor-1,,DE-Tenor-1;EN-Alto-1;EN-Alto-2;ES-Bass-1;ES-Soprano-1;FR-Soprano-1;IT-Bass-2;JA-Soprano-1;KO-Soprano-1;RU-Alto-1,m1_o0,1,copied_from_identity_residual_metric_robustness_2026-07-13
GTSinger_same_text_control,wavlm_l12,12,257,wcos_diag_none,diagonal_whitened_cosine,pooled_train_midpoint,none,diagonal_variance,14da2e7708786d130ef1,0.7,1.0,0.8166666666666667,1.5,1.0,0.9288888888888889,0.17777777777777778,0.05564630492251023,0.17387030017661825,-0.24589325772510054,0.14526313556596476,0.3015395626476108,10,90,w1_no_operating_threshold,nan,nan,nan,,,,,,,,
GTSinger_same_text_control,wavlm_l12,12,257,wcos_diag_query,diagonal_whitened_cosine,pooled_train_midpoint,query,diagonal_variance,14da2e7708786d130ef1,0.8,1.0,0.9,1.2,1.0,0.9555555555555556,0.11666666666666667,0.6086229449374603,0.10432562035207428,0.33519487159997036,0.11437819988548532,0.2734280733374899,10,90,w1_no_operating_threshold,nan,nan,nan,,,,,,,,
GTSinger_same_text_control,wavlm_l12,12,257,wcos_oas_none,oas_whitened_cosine,pooled_train_midpoint,none,OAS,0dabe76775bc0ee316cb,1.0,1.0,1.0,1.0,1.0,0.9888888888888889,0.1,0.44546798719326597,0.1304896600451953,0.0004553219206686816,0.13297489195540388,0.4450126652725973,10,90,w1_no_operating_threshold,nan,nan,nan,,,,,,,,
GTSinger_same_text_control,wavlm_l12,12,257,wcos_oas_query,oas_whitened_cosine,pooled_train_midpoint,query,OAS,0dabe76775bc0ee316cb,1.0,1.0,1.0,1.0,1.0,0.9888888888888889,0.1,0.4468510501610499,0.13076142872684826,0.001957243138079495,0.13308177821788067,0.44489380702297043,10,90,w1_no_operating_threshold,nan,nan,nan,,,,,,,,
GTSinger_same_text_control,wavlm_l12,12,257,cos_om_none,cosine,pooled_train_midpoint,none,none,f4c71448f98858994b27,0.6,1.0,0.7666666666666666,1.6,1.0,0.8811111111111111,0.2,-0.23079670653122428,0.18665231806544982,-0.49506651731649426,0.15660759299143373,0.26426981078527,10,90,insufficient_resolution/non_independent_calibration,nan,nan,nan,,,DE-Soprano-1;EN-Alto-2;ES-Bass-1;FR-Soprano-1;FR-Tenor-1;JA-Tenor-1;KO-Soprano-2;KO-Tenor-1;RU-Alto-1;ZH-Tenor-1,,DE-Tenor-1;EN-Alto-1;EN-Tenor-1;ES-Soprano-1;IT-Bass-1;IT-Bass-2;IT-Soprano-1;JA-Soprano-1;KO-Soprano-1;ZH-Alto-1,m1_om,0,copied_from_identity_residual_metric_robustness_2026-07-13
GTSinger_same_text_control,wavlm_l12,12,257,cos_o0_query,cosine,zero,query,none,f4c71448f98858994b27,0.8,1.0,0.8699999999999999,1.5,1.0,0.8533333333333334,0.2,0.9926565591787799,0.004270510453321548,0.9861535770576174,0.00555439618860731,0.006502982121162515,10,90,insufficient_resolution/non_independent_calibration,nan,nan,nan,,,DE-Soprano-1;EN-Alto-2;ES-Bass-1;FR-Soprano-1;FR-Tenor-1;JA-Tenor-1;KO-Soprano-2;KO-Tenor-1;RU-Alto-1;ZH-Tenor-1,,DE-Tenor-1;EN-Alto-1;EN-Tenor-1;ES-Soprano-1;IT-Bass-1;IT-Bass-2;IT-Soprano-1;JA-Soprano-1;KO-Soprano-1;ZH-Alto-1,m1_o0,1,copied_from_identity_residual_metric_robustness_2026-07-13
GTSinger_same_text_control,hubert_l6,6,13,wcos_diag_none,diagonal_whitened_cosine,pooled_train_midpoint,none,diagonal_variance,52b0ca0fb0360ed92ced,0.6,1.0,0.7666666666666666,1.6,1.0,0.9533333333333334,0.10555555555555556,-0.07898403697758846,0.0657840166530399,-0.32693544794293,0.13082946368826276,0.24795141096534154,10,90,w1_no_operating_threshold,nan,nan,nan,,,,,,,,
GTSinger_same_text_control,hubert_l6,6,13,wcos_diag_query,diagonal_whitened_cosine,pooled_train_midpoint,query,diagonal_variance,52b0ca0fb0360ed92ced,0.8,1.0,0.8833333333333332,1.3,1.0,0.9577777777777777,0.1,0.6668923512510188,0.06583666675898747,0.4521218649744342,0.1069999738166152,0.21477048627658457,10,90,w1_no_operating_threshold,nan,nan,nan,,,,,,,,
GTSinger_same_text_control,hubert_l6,6,13,wcos_oas_none,oas_whitened_cosine,pooled_train_midpoint,none,OAS,a09aeb92a67cc6f3ec99,1.0,1.0,1.0,1.0,1.0,0.9977777777777778,0.005555555555555556,0.4304014011807272,0.09968715780756725,0.026897663298700747,0.11297885020606517,0.4035037378820265,10,90,w1_no_operating_threshold,nan,nan,nan,,,,,,,,
GTSinger_same_text_control,hubert_l6,6,13,wcos_oas_query,oas_whitened_cosine,pooled_train_midpoint,query,OAS,a09aeb92a67cc6f3ec99,1.0,1.0,1.0,1.0,1.0,0.9977777777777778,0.005555555555555556,0.4314843446947355,0.09956359129397944,0.028122392307119118,0.11293587119224575,0.4033619523876164,10,90,w1_no_operating_threshold,nan,nan,nan,,,,,,,,
GTSinger_same_text_control,hubert_l6,6,13,cos_om_none,cosine,pooled_train_midpoint,none,none,b92103a8ebf139e8b0cf,0.8,1.0,0.8833333333333332,1.3,1.0,0.9366666666666666,0.18888888888888888,-0.17836401919487008,0.11409763217778253,-0.46076216417220944,0.1378592196605669,0.2823981449773394,10,90,insufficient_resolution/non_independent_calibration,nan,nan,nan,,,DE-Soprano-1;DE-Tenor-1;EN-Alto-2;EN-Tenor-1;ES-Bass-1;ES-Soprano-1;IT-Bass-2;JA-Tenor-1;KO-Soprano-2;RU-Alto-1,,EN-Alto-1;FR-Soprano-1;FR-Tenor-1;IT-Bass-1;IT-Soprano-1;JA-Soprano-1;KO-Soprano-1;KO-Tenor-1;ZH-Alto-1;ZH-Tenor-1,m1_om,0,copied_from_identity_residual_metric_robustness_2026-07-13
GTSinger_same_text_control,hubert_l6,6,13,cos_o0_query,cosine,zero,query,none,b92103a8ebf139e8b0cf,0.8,1.0,0.9,1.2,1.0,0.9422222222222222,0.1111111111111111,0.9929127751190243,0.0019946857674747903,0.985626886317719,0.0045131135955360675,0.007285888801305318,10,90,insufficient_resolution/non_independent_calibration,nan,nan,nan,,,DE-Soprano-1;DE-Tenor-1;EN-Alto-2;EN-Tenor-1;ES-Bass-1;ES-Soprano-1;IT-Bass-2;JA-Tenor-1;KO-Soprano-2;RU-Alto-1,,EN-Alto-1;FR-Soprano-1;FR-Tenor-1;IT-Bass-1;IT-Soprano-1;JA-Soprano-1;KO-Soprano-1;KO-Tenor-1;ZH-Alto-1;ZH-Tenor-1,m1_o0,1,copied_from_identity_residual_metric_robustness_2026-07-13
GTSinger_same_text_control,hubert_l6,6,17,wcos_diag_none,diagonal_whitened_cosine,pooled_train_midpoint,none,diagonal_variance,c00895973c7420bff9b6,0.5,0.9,0.6976190476190476,2.1,1.5,0.8744444444444445,0.19444444444444445,-0.10102172646223348,0.13978317871090198,-0.34987658082736284,0.16105572342899735,0.24885485436512936,10,90,w1_no_operating_threshold,nan,nan,nan,,,,,,,,
GTSinger_same_text_control,hubert_l6,6,17,wcos_diag_query,diagonal_whitened_cosine,pooled_train_midpoint,query,diagonal_variance,c00895973c7420bff9b6,0.9,1.0,0.95,1.1,1.0,0.9922222222222222,0.011111111111111112,0.5964622805803552,0.06310713136087896,0.3262241114317899,0.10068820472582213,0.2702381691485653,10,90,w1_no_operating_threshold,nan,nan,nan,,,,,,,,
GTSinger_same_text_control,hubert_l6,6,17,wcos_oas_none,oas_whitened_cosine,pooled_train_midpoint,none,OAS,abb998659a529bfa0ce4,0.9,0.9,0.9099999999999999,1.9,1.0,0.9122222222222223,0.1,0.4105998530785636,0.19356978158637175,0.021933523147001956,0.12848872495718602,0.38866632993156164,10,90,w1_no_operating_threshold,nan,nan,nan,,,,,,,,
GTSinger_same_text_control,hubert_l6,6,17,wcos_oas_query,oas_whitened_cosine,pooled_train_midpoint,query,OAS,abb998659a529bfa0ce4,0.9,0.9,0.9099999999999999,1.9,1.0,0.9122222222222223,0.1,0.41184170117962415,0.19372418679532652,0.023104041180891294,0.12846718046836353,0.3887376599987329,10,90,w1_no_operating_threshold,nan,nan,nan,,,,,,,,
GTSinger_same_text_control,hubert_l6,6,17,cos_om_none,cosine,pooled_train_midpoint,none,none,6bc4101ec516f4768565,0.6,0.9,0.725,2.1,1.0,0.8633333333333333,0.2777777777777778,-0.23549257046281014,0.14005874383209732,-0.4623023745437184,0.1463875114664912,0.22680980408090828,10,90,insufficient_resolution/non_independent_calibration,nan,nan,nan,,,EN-Alto-2;EN-Tenor-1;ES-Bass-1;ES-Soprano-1;FR-Tenor-1;IT-Bass-1;JA-Soprano-1;KO-Soprano-1;KO-Tenor-1;RU-Alto-1,,DE-Soprano-1;DE-Tenor-1;EN-Alto-1;FR-Soprano-1;IT-Bass-2;IT-Soprano-1;JA-Tenor-1;KO-Soprano-2;ZH-Alto-1;ZH-Tenor-1,m1_om,0,copied_from_identity_residual_metric_robustness_2026-07-13
GTSinger_same_text_control,hubert_l6,6,17,cos_o0_query,cosine,zero,query,none,6bc4101ec516f4768565,0.8,0.9,0.835,2.2,1.0,0.8022222222222222,0.2,0.9906081703727333,0.0068895117491079875,0.9840925156363153,0.0064058933785004395,0.0065156547364180195,10,90,insufficient_resolution/non_independent_calibration,nan,nan,nan,,,EN-Alto-2;EN-Tenor-1;ES-Bass-1;ES-Soprano-1;FR-Tenor-1;IT-Bass-1;JA-Soprano-1;KO-Soprano-1;KO-Tenor-1;RU-Alto-1,,DE-Soprano-1;DE-Tenor-1;EN-Alto-1;FR-Soprano-1;IT-Bass-2;IT-Soprano-1;JA-Tenor-1;KO-Soprano-2;ZH-Alto-1;ZH-Tenor-1,m1_o0,1,copied_from_identity_residual_metric_robustness_2026-07-13
GTSinger_same_text_control,hubert_l6,6,19,wcos_diag_none,diagonal_whitened_cosine,pooled_train_midpoint,none,diagonal_variance,68150df56713517577f7,0.5,0.9,0.611111111111111,3.0,2.5,0.8022222222222222,0.21666666666666667,-0.027112558475070558,0.1928799751448274,-0.286070259884779,0.20818318330725777,0.2589577014097085,10,90,w1_no_operating_threshold,nan,nan,nan,,,,,,,,
GTSinger_same_text_control,hubert_l6,6,19,wcos_diag_query,diagonal_whitened_cosine,pooled_train_midpoint,query,diagonal_variance,68150df56713517577f7,0.8,1.0,0.9,1.2,1.0,0.9755555555555555,0.08333333333333334,0.5818961362436965,0.06129055068157613,0.3052105213582545,0.1434262640864073,0.276685614885442,10,90,w1_no_operating_threshold,nan,nan,nan,,,,,,,,
GTSinger_same_text_control,hubert_l6,6,19,wcos_oas_none,oas_whitened_cosine,pooled_train_midpoint,none,OAS,2ce1351d85c0427d1628,0.9,0.9,0.9125,1.7,1.0,0.9088888888888889,0.1,0.4462390207733361,0.21233643140178984,0.03430808297506232,0.12097901040717451,0.4119309377982738,10,90,w1_no_operating_threshold,nan,nan,nan,,,,,,,,
GTSinger_same_text_control,hubert_l6,6,19,wcos_oas_query,oas_whitened_cosine,pooled_train_midpoint,query,OAS,2ce1351d85c0427d1628,0.9,0.9,0.9125,1.7,1.0,0.9066666666666666,0.1,0.44730172147979796,0.2123497271913146,0.03543443447609844,0.12092998650726812,0.4118672870036995,10,90,w1_no_operating_threshold,nan,nan,nan,,,,,,,,
GTSinger_same_text_control,hubert_l6,6,19,cos_om_none,cosine,pooled_train_midpoint,none,none,428498146fc855f708ca,0.5,0.9,0.6676190476190476,2.4,1.5,0.8266666666666667,0.3,-0.18926167195448243,0.15704517780187724,-0.4116882131978359,0.1698816678850304,0.22242654124335345,10,90,insufficient_resolution/non_independent_calibration,nan,nan,nan,,,DE-Tenor-1;EN-Alto-1;EN-Tenor-1;ES-Bass-1;FR-Tenor-1;IT-Bass-1;JA-Soprano-1;KO-Soprano-1;KO-Tenor-1;ZH-Alto-1,,DE-Soprano-1;EN-Alto-2;ES-Soprano-1;FR-Soprano-1;IT-Bass-2;IT-Soprano-1;JA-Tenor-1;KO-Soprano-2;RU-Alto-1;ZH-Tenor-1,m1_om,0,copied_from_identity_residual_metric_robustness_2026-07-13
GTSinger_same_text_control,hubert_l6,6,19,cos_o0_query,cosine,zero,query,none,428498146fc855f708ca,0.8,0.9,0.86,2.0,1.0,0.8333333333333334,0.2,0.9915175115331583,0.0064396466741073,0.9854122950562263,0.006501660179273734,0.006105216476931963,10,90,insufficient_resolution/non_independent_calibration,nan,nan,nan,,,DE-Tenor-1;EN-Alto-1;EN-Tenor-1;ES-Bass-1;FR-Tenor-1;IT-Bass-1;JA-Soprano-1;KO-Soprano-1;KO-Tenor-1;ZH-Alto-1,,DE-Soprano-1;EN-Alto-2;ES-Soprano-1;FR-Soprano-1;IT-Bass-2;IT-Soprano-1;JA-Tenor-1;KO-Soprano-2;RU-Alto-1;ZH-Tenor-1,m1_o0,1,copied_from_identity_residual_metric_robustness_2026-07-13
GTSinger_same_text_control,hubert_l6,6,23,wcos_diag_none,diagonal_whitened_cosine,pooled_train_midpoint,none,diagonal_variance,6cc3691598b57bce14af,0.4,0.9,0.5916666666666667,2.5,2.5,0.8355555555555556,0.2111111111111111,-0.03590810993410039,0.1875799854007848,-0.30723549846141146,0.21494390227392876,0.2713273885273111,10,90,w1_no_operating_threshold,nan,nan,nan,,,,,,,,
GTSinger_same_text_control,hubert_l6,6,23,wcos_diag_query,diagonal_whitened_cosine,pooled_train_midpoint,query,diagonal_variance,6cc3691598b57bce14af,0.8,1.0,0.8833333333333332,1.3,1.0,0.9366666666666666,0.12222222222222222,0.6605463874276185,0.06485075915638454,0.3982188608108415,0.15480930200116533,0.262327526616777,10,90,w1_no_operating_threshold,nan,nan,nan,,,,,,,,
GTSinger_same_text_control,hubert_l6,6,23,wcos_oas_none,oas_whitened_cosine,pooled_train_midpoint,none,OAS,16b767ec53f772b43984,0.9,0.9,0.9166666666666667,1.5,1.0,0.9555555555555556,0.1,0.4439344811104252,0.16825099990112474,0.013797734598946072,0.1377458871620956,0.43013674651147915,10,90,w1_no_operating_threshold,nan,nan,nan,,,,,,,,
GTSinger_same_text_control,hubert_l6,6,23,wcos_oas_query,oas_whitened_cosine,pooled_train_midpoint,query,OAS,16b767ec53f772b43984,0.9,0.9,0.9166666666666667,1.5,1.0,0.9555555555555556,0.1,0.4450022442227236,0.168370094658304,0.014926672136708308,0.13768295913831788,0.4300755720860153,10,90,w1_no_operating_threshold,nan,nan,nan,,,,,,,,
GTSinger_same_text_control,hubert_l6,6,23,cos_om_none,cosine,pooled_train_midpoint,none,none,13f7eb2be943eee69cdb,0.5,1.0,0.6833333333333333,1.9,1.5,0.8422222222222222,0.21666666666666667,-0.17286683708055614,0.16425225190857987,-0.4362466808927175,0.19207368077551637,0.2633798438121614,10,90,insufficient_resolution/non_independent_calibration,nan,nan,nan,,,DE-Tenor-1;EN-Alto-2;ES-Bass-1;FR-Soprano-1;IT-Soprano-1;JA-Soprano-1;JA-Tenor-1;KO-Soprano-1;ZH-Alto-1;ZH-Tenor-1,,DE-Soprano-1;EN-Alto-1;EN-Tenor-1;ES-Soprano-1;FR-Tenor-1;IT-Bass-1;IT-Bass-2;KO-Soprano-2;KO-Tenor-1;RU-Alto-1,m1_om,0,copied_from_identity_residual_metric_robustness_2026-07-13
GTSinger_same_text_control,hubert_l6,6,23,cos_o0_query,cosine,zero,query,none,13f7eb2be943eee69cdb,0.8,0.9,0.85,1.7,1.0,0.8677777777777778,0.17777777777777778,0.9921279519095456,0.0056387349914856595,0.9852606987899581,0.0056786262902328065,0.006867253119587469,10,90,insufficient_resolution/non_independent_calibration,nan,nan,nan,,,DE-Tenor-1;EN-Alto-2;ES-Bass-1;FR-Soprano-1;IT-Soprano-1;JA-Soprano-1;JA-Tenor-1;KO-Soprano-1;ZH-Alto-1;ZH-Tenor-1,,DE-Soprano-1;EN-Alto-1;EN-Tenor-1;ES-Soprano-1;FR-Tenor-1;IT-Bass-1;IT-Bass-2;KO-Soprano-2;KO-Tenor-1;RU-Alto-1,m1_o0,1,copied_from_identity_residual_metric_robustness_2026-07-13
GTSinger_same_text_control,hubert_l6,6,29,wcos_diag_none,diagonal_whitened_cosine,pooled_train_midpoint,none,diagonal_variance,cdf0c2fb39b66871ee5b,0.6,0.9,0.7041666666666666,2.4,1.0,0.8588888888888889,0.18333333333333335,-0.00148879059230132,0.16892944775579102,-0.2704294523822137,0.17943259322867613,0.2689406617899124,10,90,w1_no_operating_threshold,nan,nan,nan,,,,,,,,
GTSinger_same_text_control,hubert_l6,6,29,wcos_diag_query,diagonal_whitened_cosine,pooled_train_midpoint,query,diagonal_variance,cdf0c2fb39b66871ee5b,0.6,1.0,0.8,1.4,1.0,0.95,0.1,0.5788157142093873,0.05855036543809709,0.32316490906113166,0.15613942635613812,0.2556508051482556,10,90,w1_no_operating_threshold,nan,nan,nan,,,,,,,,
GTSinger_same_text_control,hubert_l6,6,29,wcos_oas_none,oas_whitened_cosine,pooled_train_midpoint,none,OAS,5462c2de97712081087c,0.9,0.9,0.9125,1.7,1.0,0.8933333333333333,0.10555555555555556,0.4149804750678741,0.19187257282177808,0.0982195243925112,0.1295493827212365,0.3167609506753629,10,90,w1_no_operating_threshold,nan,nan,nan,,,,,,,,
GTSinger_same_text_control,hubert_l6,6,29,wcos_oas_query,oas_whitened_cosine,pooled_train_midpoint,query,OAS,5462c2de97712081087c,0.9,0.9,0.9125,1.7,1.0,0.8933333333333333,0.10555555555555556,0.4157917091282247,0.19195382987614182,0.09903285510441837,0.1295518117920194,0.3167588540238063,10,90,w1_no_operating_threshold,nan,nan,nan,,,,,,,,
GTSinger_same_text_control,hubert_l6,6,29,cos_om_none,cosine,pooled_train_midpoint,none,none,3a64a2595c6e79f42e4c,0.7,0.8,0.7791666666666667,2.3,1.0,0.8644444444444445,0.2,-0.15571684275390804,0.14067186941580734,-0.39483826072270917,0.15120269091300392,0.23912141796880113,10,90,insufficient_resolution/non_independent_calibration,nan,nan,nan,,,DE-Soprano-1;DE-Tenor-1;EN-Alto-2;EN-Tenor-1;ES-Bass-1;FR-Soprano-1;FR-Tenor-1;IT-Soprano-1;KO-Soprano-1;KO-Tenor-1,,EN-Alto-1;ES-Soprano-1;IT-Bass-1;IT-Bass-2;JA-Soprano-1;JA-Tenor-1;KO-Soprano-2;RU-Alto-1;ZH-Alto-1;ZH-Tenor-1,m1_om,0,copied_from_identity_residual_metric_robustness_2026-07-13
GTSinger_same_text_control,hubert_l6,6,29,cos_o0_query,cosine,zero,query,none,3a64a2595c6e79f42e4c,0.6,0.9,0.7444444444444445,2.2,1.0,0.7944444444444444,0.28888888888888886,0.9898457997747692,0.005932016813836512,0.9834678301859571,0.006286182621300113,0.0063779695888120935,10,90,insufficient_resolution/non_independent_calibration,nan,nan,nan,,,DE-Soprano-1;DE-Tenor-1;EN-Alto-2;EN-Tenor-1;ES-Bass-1;FR-Soprano-1;FR-Tenor-1;IT-Soprano-1;KO-Soprano-1;KO-Tenor-1,,EN-Alto-1;ES-Soprano-1;IT-Bass-1;IT-Bass-2;JA-Soprano-1;JA-Tenor-1;KO-Soprano-2;RU-Alto-1;ZH-Alto-1;ZH-Tenor-1,m1_o0,1,copied_from_identity_residual_metric_robustness_2026-07-13
GTSinger_same_text_control,hubert_l6,6,31,wcos_diag_none,diagonal_whitened_cosine,pooled_train_midpoint,none,diagonal_variance,a44700911785a07119c1,0.4,1.0,0.6116666666666667,2.3,2.0,0.7844444444444445,0.2944444444444444,-0.04769088298616394,0.1345270292380954,-0.24550015326842842,0.2020450125338739,0.19780927028226447,10,90,w1_no_operating_threshold,nan,nan,nan,,,,,,,,
GTSinger_same_text_control,hubert_l6,6,31,wcos_diag_query,diagonal_whitened_cosine,pooled_train_midpoint,query,diagonal_variance,a44700911785a07119c1,0.7,0.9,0.7976190476190477,1.9,1.0,0.8711111111111111,0.18333333333333335,0.6101581840401729,0.08196288790662293,0.4364320208393312,0.12625932507207152,0.17372616320084167,10,90,w1_no_operating_threshold,nan,nan,nan,,,,,,,,
GTSinger_same_text_control,hubert_l6,6,31,wcos_oas_none,oas_whitened_cosine,pooled_train_midpoint,none,OAS,a6a529778343bcd31eda,0.8,1.0,0.8699999999999999,1.5,1.0,0.9388888888888889,0.2,0.400056709093706,0.1292970842662261,0.07023376624006078,0.15604363228142978,0.3298229428536452,10,90,w1_no_operating_threshold,nan,nan,nan,,,,,,,,
GTSinger_same_text_control,hubert_l6,6,31,wcos_oas_query,oas_whitened_cosine,pooled_train_midpoint,query,OAS,a6a529778343bcd31eda,0.8,1.0,0.8699999999999999,1.5,1.0,0.9388888888888889,0.2,0.40077654387909495,0.12928467842673988,0.07094881212454647,0.15590814508361356,0.3298277317545485,10,90,w1_no_operating_threshold,nan,nan,nan,,,,,,,,
GTSinger_same_text_control,hubert_l6,6,31,cos_om_none,cosine,pooled_train_midpoint,none,none,6fbb9d6666dae7e5033e,0.3,0.9,0.55,2.6,2.0,0.7655555555555555,0.28888888888888886,-0.15926244387151178,0.18646193795613422,-0.36280539811657364,0.233730565285355,0.20354295424506186,10,90,insufficient_resolution/non_independent_calibration,nan,nan,nan,,,DE-Soprano-1;EN-Alto-1;EN-Tenor-1;ES-Soprano-1;FR-Soprano-1;IT-Soprano-1;KO-Soprano-2;KO-Tenor-1;RU-Alto-1;ZH-Tenor-1,,DE-Tenor-1;EN-Alto-2;ES-Bass-1;FR-Tenor-1;IT-Bass-1;IT-Bass-2;JA-Soprano-1;JA-Tenor-1;KO-Soprano-1;ZH-Alto-1,m1_om,0,copied_from_identity_residual_metric_robustness_2026-07-13
GTSinger_same_text_control,hubert_l6,6,31,cos_o0_query,cosine,zero,query,none,6fbb9d6666dae7e5033e,0.7,0.8,0.7587301587301587,2.6,1.0,0.8044444444444444,0.2,0.9886710292053351,0.006545675209548308,0.9820534622125502,0.006645801064090254,0.006617566992784929,10,90,insufficient_resolution/non_independent_calibration,nan,nan,nan,,,DE-Soprano-1;EN-Alto-1;EN-Tenor-1;ES-Soprano-1;FR-Soprano-1;IT-Soprano-1;KO-Soprano-2;KO-Tenor-1;RU-Alto-1;ZH-Tenor-1,,DE-Tenor-1;EN-Alto-2;ES-Bass-1;FR-Tenor-1;IT-Bass-1;IT-Bass-2;JA-Soprano-1;JA-Tenor-1;KO-Soprano-1;ZH-Alto-1,m1_o0,1,copied_from_identity_residual_metric_robustness_2026-07-13
GTSinger_same_text_control,hubert_l6,6,37,wcos_diag_none,diagonal_whitened_cosine,pooled_train_midpoint,none,diagonal_variance,4deceb6385ba57d9bf32,0.5,0.8,0.6227777777777778,3.1,1.5,0.7933333333333333,0.2222222222222222,-0.07697845437794648,0.19998549833897847,-0.31387565845643633,0.19150890923964625,0.23689720407848985,10,90,w1_no_operating_threshold,nan,nan,nan,,,,,,,,
GTSinger_same_text_control,hubert_l6,6,37,wcos_diag_query,diagonal_whitened_cosine,pooled_train_midpoint,query,diagonal_variance,4deceb6385ba57d9bf32,0.6,0.9,0.7499999999999999,1.9,1.0,0.8944444444444445,0.17777777777777778,0.5454913981955319,0.10884766146553461,0.30025203921087934,0.1623016343922084,0.2452393589846526,10,90,w1_no_operating_threshold,nan,nan,nan,,,,,,,,
GTSinger_same_text_control,hubert_l6,6,37,wcos_oas_none,oas_whitened_cosine,pooled_train_midpoint,none,OAS,0f59b11f82f200a041fa,1.0,1.0,1.0,1.0,1.0,0.9833333333333333,0.07777777777777778,0.4304959105930289,0.11405023472574564,0.02343270151969395,0.14187507169757108,0.40706320907333493,10,90,w1_no_operating_threshold,nan,nan,nan,,,,,,,,
GTSinger_same_text_control,hubert_l6,6,37,wcos_oas_query,oas_whitened_cosine,pooled_train_midpoint,query,OAS,0f59b11f82f200a041fa,1.0,1.0,1.0,1.0,1.0,0.9833333333333333,0.07777777777777778,0.4314993326215147,0.11401352570107112,0.024445143167716114,0.14187194594254818,0.40705418945379856,10,90,w1_no_operating_threshold,nan,nan,nan,,,,,,,,
GTSinger_same_text_control,hubert_l6,6,37,cos_om_none,cosine,pooled_train_midpoint,none,none,65c45e62c738dfb6b8b7,0.5,0.9,0.6542857142857142,2.6,1.5,0.8433333333333334,0.3,-0.21145008610775856,0.15825892635532815,-0.45529517646930867,0.1790947655284373,0.2438450903615501,10,90,insufficient_resolution/non_independent_calibration,nan,nan,nan,,,DE-Soprano-1;DE-Tenor-1;EN-Alto-2;FR-Soprano-1;FR-Tenor-1;IT-Bass-2;KO-Soprano-1;KO-Tenor-1;RU-Alto-1;ZH-Alto-1,,EN-Alto-1;EN-Tenor-1;ES-Bass-1;ES-Soprano-1;IT-Bass-1;IT-Soprano-1;JA-Soprano-1;JA-Tenor-1;KO-Soprano-2;ZH-Tenor-1,m1_om,0,copied_from_identity_residual_metric_robustness_2026-07-13
GTSinger_same_text_control,hubert_l6,6,37,cos_o0_query,cosine,zero,query,none,65c45e62c738dfb6b8b7,0.7,0.9,0.8099999999999999,2.1,1.0,0.8588888888888889,0.2,0.9915718994410698,0.004029838395102291,0.9853058144863592,0.005188365116798708,0.0062660849547105935,10,90,insufficient_resolution/non_independent_calibration,nan,nan,nan,,,DE-Soprano-1;DE-Tenor-1;EN-Alto-2;FR-Soprano-1;FR-Tenor-1;IT-Bass-2;KO-Soprano-1;KO-Tenor-1;RU-Alto-1;ZH-Alto-1,,EN-Alto-1;EN-Tenor-1;ES-Bass-1;ES-Soprano-1;IT-Bass-1;IT-Soprano-1;JA-Soprano-1;JA-Tenor-1;KO-Soprano-2;ZH-Tenor-1,m1_o0,1,copied_from_identity_residual_metric_robustness_2026-07-13
GTSinger_same_text_control,hubert_l6,6,41,wcos_diag_none,diagonal_whitened_cosine,pooled_train_midpoint,none,diagonal_variance,d900be3188a674dc30d7,0.4,0.9,0.57,2.7,3.0,0.8133333333333334,0.2777777777777778,-0.10894322832324348,0.1787742246921358,-0.343587177844813,0.1841108738199108,0.23464394952156953,10,90,w1_no_operating_threshold,nan,nan,nan,,,,,,,,
GTSinger_same_text_control,hubert_l6,6,41,wcos_diag_query,diagonal_whitened_cosine,pooled_train_midpoint,query,diagonal_variance,d900be3188a674dc30d7,0.8,1.0,0.9,1.2,1.0,0.9755555555555555,0.08888888888888889,0.6087192155037244,0.07058987158229467,0.37622702708371086,0.11974890432851279,0.23249218842001357,10,90,w1_no_operating_threshold,nan,nan,nan,,,,,,,,
GTSinger_same_text_control,hubert_l6,6,41,wcos_oas_none,oas_whitened_cosine,pooled_train_midpoint,none,OAS,fb125e6cca24903471d6,0.9,0.9,0.9125,1.7,1.0,0.9088888888888889,0.1,0.41039140255637213,0.2066496026980565,0.03953942662406891,0.09927213218986104,0.37085197593230323,10,90,w1_no_operating_threshold,nan,nan,nan,,,,,,,,
GTSinger_same_text_control,hubert_l6,6,41,wcos_oas_query,oas_whitened_cosine,pooled_train_midpoint,query,OAS,fb125e6cca24903471d6,0.9,0.9,0.9125,1.7,1.0,0.9088888888888889,0.1,0.411681636632873,0.20675644361480994,0.04082785308261286,0.0992812030849445,0.3708537835502601,10,90,w1_no_operating_threshold,nan,nan,nan,,,,,,,,
GTSinger_same_text_control,hubert_l6,6,41,cos_om_none,cosine,pooled_train_midpoint,none,none,e23d2308a8fbf8e28be4,0.7,1.0,0.7866666666666666,1.8,1.0,0.8844444444444445,0.2,-0.20590651567200383,0.12653443167850376,-0.4387591168488711,0.1501644731443524,0.23285260117686726,10,90,insufficient_resolution/non_independent_calibration,nan,nan,nan,,,DE-Soprano-1;DE-Tenor-1;EN-Alto-1;ES-Bass-1;FR-Tenor-1;IT-Bass-1;IT-Soprano-1;JA-Soprano-1;KO-Soprano-2;ZH-Tenor-1,,EN-Alto-2;EN-Tenor-1;ES-Soprano-1;FR-Soprano-1;IT-Bass-2;JA-Tenor-1;KO-Soprano-1;KO-Tenor-1;RU-Alto-1;ZH-Alto-1,m1_om,0,copied_from_identity_residual_metric_robustness_2026-07-13
GTSinger_same_text_control,hubert_l6,6,41,cos_o0_query,cosine,zero,query,none,e23d2308a8fbf8e28be4,0.8,0.9,0.8433333333333334,2.1,1.0,0.8222222222222222,0.2,0.99084644888992,0.006613731528609849,0.9845234693938759,0.005955468945708801,0.006322979496044101,10,90,insufficient_resolution/non_independent_calibration,nan,nan,nan,,,DE-Soprano-1;DE-Tenor-1;EN-Alto-1;ES-Bass-1;FR-Tenor-1;IT-Bass-1;IT-Soprano-1;JA-Soprano-1;KO-Soprano-2;ZH-Tenor-1,,EN-Alto-2;EN-Tenor-1;ES-Soprano-1;FR-Soprano-1;IT-Bass-2;JA-Tenor-1;KO-Soprano-1;KO-Tenor-1;RU-Alto-1;ZH-Alto-1,m1_o0,1,copied_from_identity_residual_metric_robustness_2026-07-13
GTSinger_same_text_control,hubert_l6,6,43,wcos_diag_none,diagonal_whitened_cosine,pooled_train_midpoint,none,diagonal_variance,7c93da5c1d63b561eafc,0.3,0.9,0.5491666666666666,2.8,2.0,0.8388888888888889,0.2,-0.05770175088435795,0.16532823068462266,-0.28395925471434,0.18876888864975552,0.22625750382998208,10,90,w1_no_operating_threshold,nan,nan,nan,,,,,,,,
GTSinger_same_text_control,hubert_l6,6,43,wcos_diag_query,diagonal_whitened_cosine,pooled_train_midpoint,query,diagonal_variance,7c93da5c1d63b561eafc,0.9,0.9,0.9111111111111111,1.8,1.0,0.9044444444444445,0.1111111111111111,0.5787946510981415,0.11546943722306502,0.334311958086843,0.12549802072473598,0.24448269301129855,10,90,w1_no_operating_threshold,nan,nan,nan,,,,,,,,
GTSinger_same_text_control,hubert_l6,6,43,wcos_oas_none,oas_whitened_cosine,pooled_train_midpoint,none,OAS,54d32da5e5784cea502b,1.0,1.0,1.0,1.0,1.0,1.0,0.0,0.4433121444915994,0.07039254542638157,0.044854165231870365,0.11025372357750517,0.39845797925972903,10,90,w1_no_operating_threshold,nan,nan,nan,,,,,,,,
GTSinger_same_text_control,hubert_l6,6,43,wcos_oas_query,oas_whitened_cosine,pooled_train_midpoint,query,OAS,54d32da5e5784cea502b,1.0,1.0,1.0,1.0,1.0,1.0,0.0,0.4448637616896254,0.07065722169174023,0.04636261117327649,0.11023023628348275,0.3985011505163489,10,90,w1_no_operating_threshold,nan,nan,nan,,,,,,,,
GTSinger_same_text_control,hubert_l6,6,43,cos_om_none,cosine,pooled_train_midpoint,none,none,10bba6abdd3eda9da7cd,0.3,1.0,0.6083333333333333,2.0,2.0,0.8477777777777777,0.2,-0.19969341931216086,0.14794137172532912,-0.4415042044450553,0.19696229222588504,0.24181078513289442,10,90,insufficient_resolution/non_independent_calibration,nan,nan,nan,,,EN-Alto-1;ES-Soprano-1;FR-Soprano-1;FR-Tenor-1;IT-Bass-2;JA-Soprano-1;JA-Tenor-1;RU-Alto-1;ZH-Alto-1;ZH-Tenor-1,,DE-Soprano-1;DE-Tenor-1;EN-Alto-2;EN-Tenor-1;ES-Bass-1;IT-Bass-1;IT-Soprano-1;KO-Soprano-1;KO-Soprano-2;KO-Tenor-1,m1_om,0,copied_from_identity_residual_metric_robustness_2026-07-13
GTSinger_same_text_control,hubert_l6,6,43,cos_o0_query,cosine,zero,query,none,10bba6abdd3eda9da7cd,0.9,1.0,0.95,1.1,1.0,0.9722222222222222,0.1,0.9933626817212726,0.0017658491353447028,0.9870823099063545,0.0032000707500783,0.00628037181491814,10,90,insufficient_resolution/non_independent_calibration,nan,nan,nan,,,EN-Alto-1;ES-Soprano-1;FR-Soprano-1;FR-Tenor-1;IT-Bass-2;JA-Soprano-1;JA-Tenor-1;RU-Alto-1;ZH-Alto-1;ZH-Tenor-1,,DE-Soprano-1;DE-Tenor-1;EN-Alto-2;EN-Tenor-1;ES-Bass-1;IT-Bass-1;IT-Soprano-1;KO-Soprano-1;KO-Soprano-2;KO-Tenor-1,m1_o0,1,copied_from_identity_residual_metric_robustness_2026-07-13
GTSinger_same_text_control,hubert_l6,6,47,wcos_diag_none,diagonal_whitened_cosine,pooled_train_midpoint,none,diagonal_variance,517fdd84e6cd816be404,0.4,1.0,0.6233333333333333,2.3,2.0,0.8,0.2111111111111111,-0.10985007449614695,0.16223573988060663,-0.3292718223707247,0.19094440171955687,0.21942174787457777,10,90,w1_no_operating_threshold,nan,nan,nan,,,,,,,,
GTSinger_same_text_control,hubert_l6,6,47,wcos_diag_query,diagonal_whitened_cosine,pooled_train_midpoint,query,diagonal_variance,517fdd84e6cd816be404,0.7,1.0,0.8333333333333333,1.4,1.0,0.9322222222222222,0.11666666666666667,0.6061961363691819,0.07689206945951699,0.3984850714335139,0.11141822291270186,0.207711064935668,10,90,w1_no_operating_threshold,nan,nan,nan,,,,,,,,
GTSinger_same_text_control,hubert_l6,6,47,wcos_oas_none,oas_whitened_cosine,pooled_train_midpoint,none,OAS,62ee83b55de98341d795,0.9,1.0,0.925,1.3,1.0,0.9366666666666666,0.10555555555555556,0.3969720653109724,0.16448719209008675,0.041363177807240026,0.1300806752523761,0.3556088875037324,10,90,w1_no_operating_threshold,nan,nan,nan,,,,,,,,
GTSinger_same_text_control,hubert_l6,6,47,wcos_oas_query,oas_whitened_cosine,pooled_train_midpoint,query,OAS,62ee83b55de98341d795,0.9,1.0,0.925,1.3,1.0,0.9366666666666666,0.10555555555555556,0.39796968481344674,0.1646854069557957,0.0423502176073177,0.1300998679580238,0.355619467206129,10,90,w1_no_operating_threshold,nan,nan,nan,,,,,,,,
GTSinger_same_text_control,hubert_l6,6,47,cos_om_none,cosine,pooled_train_midpoint,none,none,0c679a331f05462349ce,0.7,1.0,0.825,1.5,1.0,0.82,0.2111111111111111,-0.17510104614758756,0.16238335665400713,-0.39913186346979607,0.18665463276359615,0.2240308173222085,10,90,insufficient_resolution/non_independent_calibration,nan,nan,nan,,,DE-Soprano-1;EN-Alto-1;EN-Alto-2;ES-Bass-1;ES-Soprano-1;FR-Tenor-1;JA-Soprano-1;RU-Alto-1;ZH-Alto-1;ZH-Tenor-1,,DE-Tenor-1;EN-Tenor-1;FR-Soprano-1;IT-Bass-1;IT-Bass-2;IT-Soprano-1;JA-Tenor-1;KO-Soprano-1;KO-Soprano-2;KO-Tenor-1,m1_om,0,copied_from_identity_residual_metric_robustness_2026-07-13
GTSinger_same_text_control,hubert_l6,6,47,cos_o0_query,cosine,zero,query,none,0c679a331f05462349ce,0.8,0.8,0.8225,2.6,1.0,0.7911111111111111,0.20555555555555555,0.9898802682199245,0.007033726104569707,0.9837680618401355,0.005475998122057889,0.0061122063797889314,10,90,insufficient_resolution/non_independent_calibration,nan,nan,nan,,,DE-Soprano-1;EN-Alto-1;EN-Alto-2;ES-Bass-1;ES-Soprano-1;FR-Tenor-1;JA-Soprano-1;RU-Alto-1;ZH-Alto-1;ZH-Tenor-1,,DE-Tenor-1;EN-Tenor-1;FR-Soprano-1;IT-Bass-1;IT-Bass-2;IT-Soprano-1;JA-Tenor-1;KO-Soprano-1;KO-Soprano-2;KO-Tenor-1,m1_o0,1,copied_from_identity_residual_metric_robustness_2026-07-13
GTSinger_same_text_control,hubert_l6,6,53,wcos_diag_none,diagonal_whitened_cosine,pooled_train_midpoint,none,diagonal_variance,c50affd74db6a31871fb,0.4,0.8,0.5337301587301587,3.5,3.5,0.7977777777777778,0.3,-0.07026352207450162,0.1875292396283613,-0.3169400441809912,0.20701277056572365,0.24667652210648958,10,90,w1_no_operating_threshold,nan,nan,nan,,,,,,,,
GTSinger_same_text_control,hubert_l6,6,53,wcos_diag_query,diagonal_whitened_cosine,pooled_train_midpoint,query,diagonal_variance,c50affd74db6a31871fb,0.9,0.9,0.9166666666666667,1.5,1.0,0.93,0.1,0.5601096040721452,0.10523207457317142,0.29139771686472804,0.1290259783254697,0.2687118872074171,10,90,w1_no_operating_threshold,nan,nan,nan,,,,,,,,
GTSinger_same_text_control,hubert_l6,6,53,wcos_oas_none,oas_whitened_cosine,pooled_train_midpoint,none,OAS,a3be2b2db422f9c7bbe9,0.9,1.0,0.95,1.1,1.0,0.9922222222222222,0.08888888888888889,0.42200328330882203,0.12168719185659656,0.019265920171697547,0.10214183878092088,0.4027373631371245,10,90,w1_no_operating_threshold,nan,nan,nan,,,,,,,,
GTSinger_same_text_control,hubert_l6,6,53,wcos_oas_query,oas_whitened_cosine,pooled_train_midpoint,query,OAS,a3be2b2db422f9c7bbe9,0.9,1.0,0.95,1.1,1.0,0.9922222222222222,0.08888888888888889,0.42347374921602715,0.12158117056544177,0.020727115219388276,0.10208798079248933,0.4027466339966389,10,90,w1_no_operating_threshold,nan,nan,nan,,,,,,,,
GTSinger_same_text_control,hubert_l6,6,53,cos_om_none,cosine,pooled_train_midpoint,none,none,3295ffffaa1ad38eaaff,0.5,0.9,0.6426190476190475,2.6,1.5,0.8466666666666667,0.21666666666666667,-0.1988959969352034,0.15554637854474546,-0.4490617705863426,0.17870928457128354,0.25016577365113923,10,90,insufficient_resolution/non_independent_calibration,nan,nan,nan,,,DE-Soprano-1;EN-Alto-2;EN-Tenor-1;FR-Soprano-1;IT-Bass-1;IT-Bass-2;JA-Soprano-1;KO-Soprano-2;KO-Tenor-1;ZH-Tenor-1,,DE-Tenor-1;EN-Alto-1;ES-Bass-1;ES-Soprano-1;FR-Tenor-1;IT-Soprano-1;JA-Tenor-1;KO-Soprano-1;RU-Alto-1;ZH-Alto-1,m1_om,0,copied_from_identity_residual_metric_robustness_2026-07-13
GTSinger_same_text_control,hubert_l6,6,53,cos_o0_query,cosine,zero,query,none,3295ffffaa1ad38eaaff,0.9,0.9,0.9111111111111111,1.8,1.0,0.8922222222222222,0.1,0.9918509102331857,0.0036667794882797064,0.9852777003693897,0.0051139383262781115,0.006573209863796059,10,90,insufficient_resolution/non_independent_calibration,nan,nan,nan,,,DE-Soprano-1;EN-Alto-2;EN-Tenor-1;FR-Soprano-1;IT-Bass-1;IT-Bass-2;JA-Soprano-1;KO-Soprano-2;KO-Tenor-1;ZH-Tenor-1,,DE-Tenor-1;EN-Alto-1;ES-Bass-1;ES-Soprano-1;FR-Tenor-1;IT-Soprano-1;JA-Tenor-1;KO-Soprano-1;RU-Alto-1;ZH-Alto-1,m1_o0,1,copied_from_identity_residual_metric_robustness_2026-07-13
GTSinger_same_text_control,hubert_l6,6,59,wcos_diag_none,diagonal_whitened_cosine,pooled_train_midpoint,none,diagonal_variance,73efeec8205be67aaf40,0.3,0.9,0.5125,2.9,3.0,0.83,0.21666666666666667,-0.11361893904047367,0.18037320404325213,-0.3671416812579467,0.1843733703873253,0.25352274221747306,10,90,w1_no_operating_threshold,nan,nan,nan,,,,,,,,
GTSinger_same_text_control,hubert_l6,6,59,wcos_diag_query,diagonal_whitened_cosine,pooled_train_midpoint,query,diagonal_variance,73efeec8205be67aaf40,1.0,1.0,1.0,1.0,1.0,0.9811111111111112,0.022222222222222223,0.5892152684744408,0.06670502077401018,0.298629946324667,0.1157600021467055,0.29058532214977384,10,90,w1_no_operating_threshold,nan,nan,nan,,,,,,,,
GTSinger_same_text_control,hubert_l6,6,59,wcos_oas_none,oas_whitened_cosine,pooled_train_midpoint,none,OAS,cc87baec93b671c201cf,1.0,1.0,1.0,1.0,1.0,0.9966666666666667,0.011111111111111112,0.4527098378606649,0.12156987538294406,-0.002262915471090324,0.11522877866607122,0.4549727533317552,10,90,w1_no_operating_threshold,nan,nan,nan,,,,,,,,
GTSinger_same_text_control,hubert_l6,6,59,wcos_oas_query,oas_whitened_cosine,pooled_train_midpoint,query,OAS,cc87baec93b671c201cf,1.0,1.0,1.0,1.0,1.0,0.9966666666666667,0.011111111111111112,0.45427104048553424,0.12137572439685984,-0.0007172447587345189,0.11514696127384348,0.45498828524426876,10,90,w1_no_operating_threshold,nan,nan,nan,,,,,,,,
GTSinger_same_text_control,hubert_l6,6,59,cos_om_none,cosine,pooled_train_midpoint,none,none,1c5a82aad8f07a2e7e99,0.5,0.9,0.6976190476190476,2.1,1.5,0.8655555555555555,0.20555555555555555,-0.22244164387458257,0.1466042338083819,-0.4742868037346274,0.16056584383145556,0.25184515986004485,10,90,insufficient_resolution/non_independent_calibration,nan,nan,nan,,,EN-Alto-1;EN-Tenor-1;ES-Bass-1;ES-Soprano-1;IT-Bass-1;IT-Bass-2;IT-Soprano-1;JA-Soprano-1;KO-Tenor-1;ZH-Tenor-1,,DE-Soprano-1;DE-Tenor-1;EN-Alto-2;FR-Soprano-1;FR-Tenor-1;JA-Tenor-1;KO-Soprano-1;KO-Soprano-2;RU-Alto-1;ZH-Alto-1,m1_om,0,copied_from_identity_residual_metric_robustness_2026-07-13
GTSinger_same_text_control,hubert_l6,6,59,cos_o0_query,cosine,zero,query,none,1c5a82aad8f07a2e7e99,0.8,0.9,0.86,2.0,1.0,0.87,0.19444444444444445,0.9920896511182097,0.004361955035871471,0.9850271343619375,0.005834185626938804,0.00706251675627223,10,90,insufficient_resolution/non_independent_calibration,nan,nan,nan,,,EN-Alto-1;EN-Tenor-1;ES-Bass-1;ES-Soprano-1;IT-Bass-1;IT-Bass-2;IT-Soprano-1;JA-Soprano-1;KO-Tenor-1;ZH-Tenor-1,,DE-Soprano-1;DE-Tenor-1;EN-Alto-2;FR-Soprano-1;FR-Tenor-1;JA-Tenor-1;KO-Soprano-1;KO-Soprano-2;RU-Alto-1;ZH-Alto-1,m1_o0,1,copied_from_identity_residual_metric_robustness_2026-07-13
GTSinger_same_text_control,hubert_l6,6,61,wcos_diag_none,diagonal_whitened_cosine,pooled_train_midpoint,none,diagonal_variance,a5c115ce088442e05e1c,0.3,0.7,0.4503968253968254,4.0,4.0,0.7544444444444445,0.3,-0.13445865337341767,0.1977485788987882,-0.3459924305502905,0.21976557094421983,0.21153377717687283,10,90,w1_no_operating_threshold,nan,nan,nan,,,,,,,,
GTSinger_same_text_control,hubert_l6,6,61,wcos_diag_query,diagonal_whitened_cosine,pooled_train_midpoint,query,diagonal_variance,a5c115ce088442e05e1c,0.7,0.9,0.7976190476190477,1.9,1.0,0.9122222222222223,0.18333333333333335,0.5600357709388678,0.09973393433649216,0.32397436955679937,0.13593959592106944,0.23606140138206844,10,90,w1_no_operating_threshold,nan,nan,nan,,,,,,,,
GTSinger_same_text_control,hubert_l6,6,61,wcos_oas_none,oas_whitened_cosine,pooled_train_midpoint,none,OAS,b16fb63b23bab7493a9a,1.0,1.0,1.0,1.0,1.0,0.9922222222222222,0.016666666666666666,0.4281474958765917,0.06811223728929496,0.022203608038045993,0.14697801630415042,0.4059438878385457,10,90,w1_no_operating_threshold,nan,nan,nan,,,,,,,,
GTSinger_same_text_control,hubert_l6,6,61,wcos_oas_query,oas_whitened_cosine,pooled_train_midpoint,query,OAS,b16fb63b23bab7493a9a,1.0,1.0,1.0,1.0,1.0,0.9922222222222222,0.016666666666666666,0.4295035247695296,0.06815426329696117,0.023534148713975776,0.14694995814693468,0.4059693760555538,10,90,w1_no_operating_threshold,nan,nan,nan,,,,,,,,
GTSinger_same_text_control,hubert_l6,6,61,cos_om_none,cosine,pooled_train_midpoint,none,none,cabd44c5bb185f38b272,0.4,1.0,0.6583333333333333,1.9,2.0,0.8688888888888889,0.21666666666666667,-0.25270912840719484,0.1253175354501959,-0.48430001086807756,0.18362590318502012,0.23159088246088272,10,90,insufficient_resolution/non_independent_calibration,nan,nan,nan,,,EN-Alto-1;EN-Alto-2;FR-Soprano-1;IT-Bass-1;IT-Bass-2;IT-Soprano-1;JA-Soprano-1;RU-Alto-1;ZH-Alto-1;ZH-Tenor-1,,DE-Soprano-1;DE-Tenor-1;EN-Tenor-1;ES-Bass-1;ES-Soprano-1;FR-Tenor-1;JA-Tenor-1;KO-Soprano-1;KO-Soprano-2;KO-Tenor-1,m1_om,0,copied_from_identity_residual_metric_robustness_2026-07-13
GTSinger_same_text_control,hubert_l6,6,61,cos_o0_query,cosine,zero,query,none,cabd44c5bb185f38b272,0.8,0.9,0.835,2.2,1.0,0.8722222222222222,0.11666666666666667,0.9918249929191987,0.0046132713515492215,0.9852645345287059,0.005339848379843019,0.006560458390492796,10,90,insufficient_resolution/non_independent_calibration,nan,nan,nan,,,EN-Alto-1;EN-Alto-2;FR-Soprano-1;IT-Bass-1;IT-Bass-2;IT-Soprano-1;JA-Soprano-1;RU-Alto-1;ZH-Alto-1;ZH-Tenor-1,,DE-Soprano-1;DE-Tenor-1;EN-Tenor-1;ES-Bass-1;ES-Soprano-1;FR-Tenor-1;JA-Tenor-1;KO-Soprano-1;KO-Soprano-2;KO-Tenor-1,m1_o0,1,copied_from_identity_residual_metric_robustness_2026-07-13
GTSinger_same_text_control,hubert_l6,6,67,wcos_diag_none,diagonal_whitened_cosine,pooled_train_midpoint,none,diagonal_variance,024a96e9541dc48d3870,0.2,0.8,0.4491666666666667,3.4,3.0,0.7911111111111111,0.28888888888888886,-0.063196834713325,0.18582196882862875,-0.28418046915886247,0.20366359514950755,0.22098363444553748,10,90,w1_no_operating_threshold,nan,nan,nan,,,,,,,,
GTSinger_same_text_control,hubert_l6,6,67,wcos_diag_query,diagonal_whitened_cosine,pooled_train_midpoint,query,diagonal_variance,024a96e9541dc48d3870,0.9,1.0,0.9333333333333332,1.2,1.0,0.9444444444444444,0.1,0.6293070509001345,0.06914200865393429,0.39869654228888957,0.11323270886514657,0.23061050861124494,10,90,w1_no_operating_threshold,nan,nan,nan,,,,,,,,
GTSinger_same_text_control,hubert_l6,6,67,wcos_oas_none,oas_whitened_cosine,pooled_train_midpoint,none,OAS,4a1be809f9e4f87f34bf,1.0,1.0,1.0,1.0,1.0,0.9988888888888889,0.005555555555555556,0.45042380149312045,0.1061866322698017,0.07976935338168469,0.09344350081277411,0.3706544481114358,10,90,w1_no_operating_threshold,nan,nan,nan,,,,,,,,
GTSinger_same_text_control,hubert_l6,6,67,wcos_oas_query,oas_whitened_cosine,pooled_train_midpoint,query,OAS,4a1be809f9e4f87f34bf,1.0,1.0,1.0,1.0,1.0,0.9988888888888889,0.005555555555555556,0.45193301934077157,0.10615889170378554,0.08136383403527365,0.09326569942590632,0.37056918530549793,10,90,w1_no_operating_threshold,nan,nan,nan,,,,,,,,
GTSinger_same_text_control,hubert_l6,6,67,cos_om_none,cosine,pooled_train_midpoint,none,none,508042f417b350fdea63,0.7,1.0,0.8166666666666667,1.5,1.0,0.8433333333333334,0.2,-0.18436987907949698,0.1587647946497875,-0.4325386369577349,0.17723462791520242,0.24816875787823794,10,90,insufficient_resolution/non_independent_calibration,nan,nan,nan,,,EN-Alto-1;EN-Alto-2;ES-Bass-1;ES-Soprano-1;FR-Soprano-1;IT-Bass-2;JA-Soprano-1;JA-Tenor-1;ZH-Alto-1;ZH-Tenor-1,,DE-Soprano-1;DE-Tenor-1;EN-Tenor-1;FR-Tenor-1;IT-Bass-1;IT-Soprano-1;KO-Soprano-1;KO-Soprano-2;KO-Tenor-1;RU-Alto-1,m1_om,0,copied_from_identity_residual_metric_robustness_2026-07-13
GTSinger_same_text_control,hubert_l6,6,67,cos_o0_query,cosine,zero,query,none,508042f417b350fdea63,0.9,1.0,0.9199999999999999,1.4,1.0,0.9433333333333334,0.18888888888888888,0.9930170023278004,0.00216839381320721,0.9864075518211024,0.004212472521006736,0.006609450506698034,10,90,insufficient_resolution/non_independent_calibration,nan,nan,nan,,,EN-Alto-1;EN-Alto-2;ES-Bass-1;ES-Soprano-1;FR-Soprano-1;IT-Bass-2;JA-Soprano-1;JA-Tenor-1;ZH-Alto-1;ZH-Tenor-1,,DE-Soprano-1;DE-Tenor-1;EN-Tenor-1;FR-Tenor-1;IT-Bass-1;IT-Soprano-1;KO-Soprano-1;KO-Soprano-2;KO-Tenor-1;RU-Alto-1,m1_o0,1,copied_from_identity_residual_metric_robustness_2026-07-13
GTSinger_same_text_control,hubert_l6,6,71,wcos_diag_none,diagonal_whitened_cosine,pooled_train_midpoint,none,diagonal_variance,fe6a3989851a0aca005a,0.3,0.8,0.4769444444444444,3.7,3.0,0.76,0.2944444444444444,-0.11266432888662785,0.21327035531807004,-0.3328967726218251,0.1975741059213242,0.22023244373519724,10,90,w1_no_operating_threshold,nan,nan,nan,,,,,,,,
GTSinger_same_text_control,hubert_l6,6,71,wcos_diag_query,diagonal_whitened_cosine,pooled_train_midpoint,query,diagonal_variance,fe6a3989851a0aca005a,1.0,1.0,1.0,1.0,1.0,0.9966666666666667,0.011111111111111112,0.5766487483163865,0.06838074819301478,0.32390099956787205,0.10546791589912234,0.2527477487485144,10,90,w1_no_operating_threshold,nan,nan,nan,,,,,,,,
GTSinger_same_text_control,hubert_l6,6,71,wcos_oas_none,oas_whitened_cosine,pooled_train_midpoint,none,OAS,8a3c5f6da0918c5b851c,1.0,1.0,1.0,1.0,1.0,0.9988888888888889,0.005555555555555556,0.4505768884750519,0.11500730629870383,0.025519004422894627,0.10289042854163977,0.4250578840521573,10,90,w1_no_operating_threshold,nan,nan,nan,,,,,,,,
GTSinger_same_text_control,hubert_l6,6,71,wcos_oas_query,oas_whitened_cosine,pooled_train_midpoint,query,OAS,8a3c5f6da0918c5b851c,1.0,1.0,1.0,1.0,1.0,0.9988888888888889,0.005555555555555556,0.4522672530857112,0.11489202701964046,0.02717397025002646,0.1027475033559454,0.42509328283568476,10,90,w1_no_operating_threshold,nan,nan,nan,,,,,,,,
GTSinger_same_text_control,hubert_l6,6,71,cos_om_none,cosine,pooled_train_midpoint,none,none,bdc3f17f2f2dcab56070,0.4,0.9,0.5958333333333333,2.7,2.0,0.8266666666666667,0.2,-0.22778819138620682,0.15578449566193253,-0.44666507744527206,0.1657280354773242,0.21887688605906525,10,90,insufficient_resolution/non_independent_calibration,nan,nan,nan,,,DE-Tenor-1;EN-Alto-1;ES-Bass-1;FR-Soprano-1;FR-Tenor-1;IT-Bass-1;IT-Bass-2;JA-Soprano-1;KO-Soprano-2;ZH-Tenor-1,,DE-Soprano-1;EN-Alto-2;EN-Tenor-1;ES-Soprano-1;IT-Soprano-1;JA-Tenor-1;KO-Soprano-1;KO-Tenor-1;RU-Alto-1;ZH-Alto-1,m1_om,0,copied_from_identity_residual_metric_robustness_2026-07-13
GTSinger_same_text_control,hubert_l6,6,71,cos_o0_query,cosine,zero,query,none,bdc3f17f2f2dcab56070,0.9,0.9,0.9099999999999999,1.9,1.0,0.8766666666666667,0.18333333333333335,0.992523879252966,0.00450678187352799,0.9867779833573169,0.004945700355695773,0.005745895895649111,10,90,insufficient_resolution/non_independent_calibration,nan,nan,nan,,,DE-Tenor-1;EN-Alto-1;ES-Bass-1;FR-Soprano-1;FR-Tenor-1;IT-Bass-1;IT-Bass-2;JA-Soprano-1;KO-Soprano-2;ZH-Tenor-1,,DE-Soprano-1;EN-Alto-2;EN-Tenor-1;ES-Soprano-1;IT-Soprano-1;JA-Tenor-1;KO-Soprano-1;KO-Tenor-1;RU-Alto-1;ZH-Alto-1,m1_o0,1,copied_from_identity_residual_metric_robustness_2026-07-13
GTSinger_same_text_control,hubert_l6,6,73,wcos_diag_none,diagonal_whitened_cosine,pooled_train_midpoint,none,diagonal_variance,1074d820c113d0700125,0.6,1.0,0.7416666666666666,1.8,1.0,0.8344444444444444,0.2222222222222222,-0.054391090471098594,0.11399239391344947,-0.27594749499668914,0.18861057701015907,0.22155640452559056,10,90,w1_no_operating_threshold,nan,nan,nan,,,,,,,,
GTSinger_same_text_control,hubert_l6,6,73,wcos_diag_query,diagonal_whitened_cosine,pooled_train_midpoint,query,diagonal_variance,1074d820c113d0700125,0.7,1.0,0.8333333333333333,1.4,1.0,0.9077777777777778,0.17777777777777778,0.6281837652272552,0.059413034381188744,0.4375070781740097,0.13561998972000308,0.19067668705324547,10,90,w1_no_operating_threshold,nan,nan,nan,,,,,,,,
GTSinger_same_text_control,hubert_l6,6,73,wcos_oas_none,oas_whitened_cosine,pooled_train_midpoint,none,OAS,122ae364bcee7d653c7a,0.9,1.0,0.925,1.3,1.0,0.9622222222222222,0.1,0.37745884971910926,0.11457655491269747,0.0444137092443937,0.12247930222419605,0.33304514047471556,10,90,w1_no_operating_threshold,nan,nan,nan,,,,,,,,
GTSinger_same_text_control,hubert_l6,6,73,wcos_oas_query,oas_whitened_cosine,pooled_train_midpoint,query,OAS,122ae364bcee7d653c7a,0.9,1.0,0.925,1.3,1.0,0.9622222222222222,0.1,0.37845283444177164,0.11484113003666536,0.045397038248095004,0.12231476058537935,0.33305579619367665,10,90,w1_no_operating_threshold,nan,nan,nan,,,,,,,,
GTSinger_same_text_control,hubert_l6,6,73,cos_om_none,cosine,pooled_train_midpoint,none,none,daac0ababa1a9442cbd7,0.6,0.9,0.725,2.1,1.0,0.7811111111111111,0.3,-0.18566816854232288,0.17911773422066277,-0.39186354407808444,0.20270657993056265,0.20619537553576156,10,90,insufficient_resolution/non_independent_calibration,nan,nan,nan,,,DE-Soprano-1;EN-Alto-1;EN-Tenor-1;ES-Bass-1;FR-Soprano-1;KO-Soprano-1;KO-Soprano-2;KO-Tenor-1;RU-Alto-1;ZH-Alto-1,,DE-Tenor-1;EN-Alto-2;ES-Soprano-1;FR-Tenor-1;IT-Bass-1;IT-Bass-2;IT-Soprano-1;JA-Soprano-1;JA-Tenor-1;ZH-Tenor-1,m1_om,0,copied_from_identity_residual_metric_robustness_2026-07-13
GTSinger_same_text_control,hubert_l6,6,73,cos_o0_query,cosine,zero,query,none,daac0ababa1a9442cbd7,0.7,0.8,0.7527777777777778,2.6,1.0,0.79,0.2,0.9890528797752347,0.006974960235137818,0.9824087091989337,0.00675365535438665,0.006644170576300956,10,90,insufficient_resolution/non_independent_calibration,nan,nan,nan,,,DE-Soprano-1;EN-Alto-1;EN-Tenor-1;ES-Bass-1;FR-Soprano-1;KO-Soprano-1;KO-Soprano-2;KO-Tenor-1;RU-Alto-1;ZH-Alto-1,,DE-Tenor-1;EN-Alto-2;ES-Soprano-1;FR-Tenor-1;IT-Bass-1;IT-Bass-2;IT-Soprano-1;JA-Soprano-1;JA-Tenor-1;ZH-Tenor-1,m1_o0,1,copied_from_identity_residual_metric_robustness_2026-07-13
GTSinger_same_text_control,hubert_l6,6,79,wcos_diag_none,diagonal_whitened_cosine,pooled_train_midpoint,none,diagonal_variance,2a8d309a1c70f6e4d5ac,0.6,1.0,0.725,1.9,1.0,0.8966666666666666,0.2,0.024058719455189476,0.13078841766730565,-0.25674667042869337,0.17745062605756537,0.2808053898838828,10,90,w1_no_operating_threshold,nan,nan,nan,,,,,,,,
GTSinger_same_text_control,hubert_l6,6,79,wcos_diag_query,diagonal_whitened_cosine,pooled_train_midpoint,query,diagonal_variance,2a8d309a1c70f6e4d5ac,0.8,0.9,0.8476190476190476,1.8,1.0,0.8788888888888889,0.2,0.5562828658120292,0.13839154989675756,0.3077188077547585,0.16915598425735687,0.24856405805727072,10,90,w1_no_operating_threshold,nan,nan,nan,,,,,,,,
GTSinger_same_text_control,hubert_l6,6,79,wcos_oas_none,oas_whitened_cosine,pooled_train_midpoint,none,OAS,8adb72ef001e3b8a4e5d,0.9,1.0,0.9199999999999999,1.4,1.0,0.9222222222222223,0.1,0.4329422548671323,0.18594793205038956,0.05029330125322066,0.12225682486040323,0.3826489536139116,10,90,w1_no_operating_threshold,nan,nan,nan,,,,,,,,
GTSinger_same_text_control,hubert_l6,6,79,wcos_oas_query,oas_whitened_cosine,pooled_train_midpoint,query,OAS,8adb72ef001e3b8a4e5d,0.9,1.0,0.9199999999999999,1.4,1.0,0.9222222222222223,0.1,0.43390024025308505,0.1860433310616142,0.05116035276009537,0.12218320096389487,0.3827398874929897,10,90,w1_no_operating_threshold,nan,nan,nan,,,,,,,,
GTSinger_same_text_control,hubert_l6,6,79,cos_om_none,cosine,pooled_train_midpoint,none,none,7891c382681cf2084e3f,0.4,0.9,0.6083333333333333,2.4,2.0,0.8755555555555555,0.18888888888888888,-0.11859879309802501,0.1294349637502585,-0.38586311240841537,0.1992501219036364,0.26726431931039035,10,90,insufficient_resolution/non_independent_calibration,nan,nan,nan,,,DE-Soprano-1;DE-Tenor-1;EN-Tenor-1;FR-Soprano-1;FR-Tenor-1;IT-Soprano-1;JA-Tenor-1;KO-Soprano-1;KO-Soprano-2;ZH-Tenor-1,,EN-Alto-1;EN-Alto-2;ES-Bass-1;ES-Soprano-1;IT-Bass-1;IT-Bass-2;JA-Soprano-1;KO-Tenor-1;RU-Alto-1;ZH-Alto-1,m1_om,0,copied_from_identity_residual_metric_robustness_2026-07-13
GTSinger_same_text_control,hubert_l6,6,79,cos_o0_query,cosine,zero,query,none,7891c382681cf2084e3f,0.7,1.0,0.8,1.7,1.0,0.8411111111111111,0.2,0.9905386948314379,0.005573860056603985,0.983858004879811,0.006113760903691973,0.00668068995162685,10,90,insufficient_resolution/non_independent_calibration,nan,nan,nan,,,DE-Soprano-1;DE-Tenor-1;EN-Tenor-1;FR-Soprano-1;FR-Tenor-1;IT-Soprano-1;JA-Tenor-1;KO-Soprano-1;KO-Soprano-2;ZH-Tenor-1,,EN-Alto-1;EN-Alto-2;ES-Bass-1;ES-Soprano-1;IT-Bass-1;IT-Bass-2;JA-Soprano-1;KO-Tenor-1;RU-Alto-1;ZH-Alto-1,m1_o0,1,copied_from_identity_residual_metric_robustness_2026-07-13
GTSinger_same_text_control,hubert_l6,6,83,wcos_diag_none,diagonal_whitened_cosine,pooled_train_midpoint,none,diagonal_variance,c818ae0b5318be72eca3,0.5,1.0,0.64,2.5,1.5,0.8611111111111112,0.21666666666666667,0.02273233074734557,0.1512365748436784,-0.22626297711935348,0.15933807955231646,0.24899530786669904,10,90,w1_no_operating_threshold,nan,nan,nan,,,,,,,,
GTSinger_same_text_control,hubert_l6,6,83,wcos_diag_query,diagonal_whitened_cosine,pooled_train_midpoint,query,diagonal_variance,c818ae0b5318be72eca3,0.9,0.9,0.9142857142857143,1.6,1.0,0.9122222222222223,0.1,0.508833199163089,0.14034069464994028,0.23713691257329306,0.14593025480034197,0.27169628658979594,10,90,w1_no_operating_threshold,nan,nan,nan,,,,,,,,
GTSinger_same_text_control,hubert_l6,6,83,wcos_oas_none,oas_whitened_cosine,pooled_train_midpoint,none,OAS,d4b215078d9428ed32e8,1.0,1.0,1.0,1.0,1.0,1.0,0.0,0.4373935406105698,0.09149400858082893,0.025772705018390907,0.09846554723873666,0.4116208355921789,10,90,w1_no_operating_threshold,nan,nan,nan,,,,,,,,
GTSinger_same_text_control,hubert_l6,6,83,wcos_oas_query,oas_whitened_cosine,pooled_train_midpoint,query,OAS,d4b215078d9428ed32e8,1.0,1.0,1.0,1.0,1.0,1.0,0.0,0.4386131018204872,0.09167278005739106,0.02688698438871974,0.09847912248306584,0.41172611743176746,10,90,w1_no_operating_threshold,nan,nan,nan,,,,,,,,
GTSinger_same_text_control,hubert_l6,6,83,cos_om_none,cosine,pooled_train_midpoint,none,none,ecdf3f1ea5e143820b64,0.4,0.9,0.5700000000000001,2.8,2.5,0.8233333333333334,0.3,-0.13100080390513566,0.1482398445875766,-0.3630587081723818,0.18460265949178156,0.23205790426724612,10,90,insufficient_resolution/non_independent_calibration,nan,nan,nan,,,DE-Tenor-1;EN-Alto-1;EN-Tenor-1;ES-Soprano-1;FR-Soprano-1;FR-Tenor-1;IT-Bass-1;IT-Bass-2;JA-Tenor-1;KO-Soprano-1,,DE-Soprano-1;EN-Alto-2;ES-Bass-1;IT-Soprano-1;JA-Soprano-1;KO-Soprano-2;KO-Tenor-1;RU-Alto-1;ZH-Alto-1;ZH-Tenor-1,m1_om,0,copied_from_identity_residual_metric_robustness_2026-07-13
GTSinger_same_text_control,hubert_l6,6,83,cos_o0_query,cosine,zero,query,none,ecdf3f1ea5e143820b64,0.8,1.0,0.875,1.4,1.0,0.8833333333333333,0.2,0.9922839956539861,0.0029446073344030115,0.98660597227765,0.004215192582958025,0.00567802337633605,10,90,insufficient_resolution/non_independent_calibration,nan,nan,nan,,,DE-Tenor-1;EN-Alto-1;EN-Tenor-1;ES-Soprano-1;FR-Soprano-1;FR-Tenor-1;IT-Bass-1;IT-Bass-2;JA-Tenor-1;KO-Soprano-1,,DE-Soprano-1;EN-Alto-2;ES-Bass-1;IT-Soprano-1;JA-Soprano-1;KO-Soprano-2;KO-Tenor-1;RU-Alto-1;ZH-Alto-1;ZH-Tenor-1,m1_o0,1,copied_from_identity_residual_metric_robustness_2026-07-13
GTSinger_same_text_control,hubert_l6,6,89,wcos_diag_none,diagonal_whitened_cosine,pooled_train_midpoint,none,diagonal_variance,d297dcae89dabb630fc0,0.4,0.9,0.5608333333333333,3.1,2.5,0.8344444444444444,0.2833333333333333,0.05456092926739216,0.14815783337303703,-0.21241645368802062,0.21435473923792217,0.2669773829554128,10,90,w1_no_operating_threshold,nan,nan,nan,,,,,,,,
GTSinger_same_text_control,hubert_l6,6,89,wcos_diag_query,diagonal_whitened_cosine,pooled_train_midpoint,query,diagonal_variance,d297dcae89dabb630fc0,0.8,0.9,0.8666666666666668,1.6,1.0,0.9144444444444444,0.1,0.5733061668171681,0.11510008662735766,0.2960675559388179,0.14745593114850433,0.27723861087835017,10,90,w1_no_operating_threshold,nan,nan,nan,,,,,,,,
GTSinger_same_text_control,hubert_l6,6,89,wcos_oas_none,oas_whitened_cosine,pooled_train_midpoint,none,OAS,c6fe0c3e8a723764695d,0.9,0.9,0.9099999999999999,1.9,1.0,0.91,0.1,0.47464422993730837,0.1913992826685495,0.074589258617206,0.12082182238146127,0.40005497132010237,10,90,w1_no_operating_threshold,nan,nan,nan,,,,,,,,
GTSinger_same_text_control,hubert_l6,6,89,wcos_oas_query,oas_whitened_cosine,pooled_train_midpoint,query,OAS,c6fe0c3e8a723764695d,0.9,0.9,0.9099999999999999,1.9,1.0,0.9088888888888889,0.1,0.47567991300561835,0.1914942830164602,0.07566753148621487,0.12081519851211737,0.4000123815194035,10,90,w1_no_operating_threshold,nan,nan,nan,,,,,,,,
GTSinger_same_text_control,hubert_l6,6,89,cos_om_none,cosine,pooled_train_midpoint,none,none,ae371fc46ca09778232b,0.4,1.0,0.5783333333333334,2.6,2.5,0.8533333333333334,0.2,-0.142236152668953,0.12285366677345916,-0.3806991085804357,0.1877961344650768,0.2384629559114827,10,90,insufficient_resolution/non_independent_calibration,nan,nan,nan,,,EN-Alto-2;EN-Tenor-1;FR-Soprano-1;IT-Bass-1;JA-Soprano-1;JA-Tenor-1;KO-Soprano-1;KO-Tenor-1;ZH-Alto-1;ZH-Tenor-1,,DE-Soprano-1;DE-Tenor-1;EN-Alto-1;ES-Bass-1;ES-Soprano-1;FR-Tenor-1;IT-Bass-2;IT-Soprano-1;KO-Soprano-2;RU-Alto-1,m1_om,0,copied_from_identity_residual_metric_robustness_2026-07-13
GTSinger_same_text_control,hubert_l6,6,89,cos_o0_query,cosine,zero,query,none,ae371fc46ca09778232b,0.8,1.0,0.8533333333333333,1.6,1.0,0.8533333333333334,0.20555555555555555,0.9915139686427515,0.005696747971296179,0.9851542633416119,0.00579329611704166,0.0063597053011396065,10,90,insufficient_resolution/non_independent_calibration,nan,nan,nan,,,EN-Alto-2;EN-Tenor-1;FR-Soprano-1;IT-Bass-1;JA-Soprano-1;JA-Tenor-1;KO-Soprano-1;KO-Tenor-1;ZH-Alto-1;ZH-Tenor-1,,DE-Soprano-1;DE-Tenor-1;EN-Alto-1;ES-Bass-1;ES-Soprano-1;FR-Tenor-1;IT-Bass-2;IT-Soprano-1;KO-Soprano-2;RU-Alto-1,m1_o0,1,copied_from_identity_residual_metric_robustness_2026-07-13
GTSinger_same_text_control,hubert_l6,6,97,wcos_diag_none,diagonal_whitened_cosine,pooled_train_midpoint,none,diagonal_variance,476dbe80d163172947a2,0.3,0.8,0.4658333333333333,3.6,3.5,0.7866666666666666,0.3,-0.1356705546747313,0.16518950562553392,-0.3456936054109031,0.18522555869177765,0.2100230507361718,10,90,w1_no_operating_threshold,nan,nan,nan,,,,,,,,
GTSinger_same_text_control,hubert_l6,6,97,wcos_diag_query,diagonal_whitened_cosine,pooled_train_midpoint,query,diagonal_variance,476dbe80d163172947a2,0.8,1.0,0.9,1.2,1.0,0.9422222222222222,0.1,0.5819963481402678,0.06824713830861884,0.34834822675351157,0.1172474271108086,0.23364812138675622,10,90,w1_no_operating_threshold,nan,nan,nan,,,,,,,,
GTSinger_same_text_control,hubert_l6,6,97,wcos_oas_none,oas_whitened_cosine,pooled_train_midpoint,none,OAS,824acf65247722586c47,1.0,1.0,1.0,1.0,1.0,0.9944444444444445,0.022222222222222223,0.4425898400497131,0.110456361178751,0.07259091364624908,0.11098194702530537,0.369998926403464,10,90,w1_no_operating_threshold,nan,nan,nan,,,,,,,,
GTSinger_same_text_control,hubert_l6,6,97,wcos_oas_query,oas_whitened_cosine,pooled_train_midpoint,query,OAS,824acf65247722586c47,1.0,1.0,1.0,1.0,1.0,0.9944444444444445,0.022222222222222223,0.44401418514102975,0.11040419771568208,0.07396134710494585,0.11092402587020195,0.3700528380360839,10,90,w1_no_operating_threshold,nan,nan,nan,,,,,,,,
GTSinger_same_text_control,hubert_l6,6,97,cos_om_none,cosine,pooled_train_midpoint,none,none,fde95a93c14ae770ccf6,0.5,0.9,0.6583333333333333,2.3,1.5,0.8022222222222222,0.21666666666666667,-0.19010204098250724,0.15914387908875632,-0.3995875048315046,0.18031609840421256,0.20948546384899738,10,90,insufficient_resolution/non_independent_calibration,nan,nan,nan,,,EN-Alto-1;EN-Alto-2;ES-Bass-1;FR-Soprano-1;IT-Bass-2;IT-Soprano-1;JA-Soprano-1;KO-Soprano-1;KO-Soprano-2;KO-Tenor-1,,DE-Soprano-1;DE-Tenor-1;EN-Tenor-1;ES-Soprano-1;FR-Tenor-1;IT-Bass-1;JA-Tenor-1;RU-Alto-1;ZH-Alto-1;ZH-Tenor-1,m1_om,0,copied_from_identity_residual_metric_robustness_2026-07-13
GTSinger_same_text_control,hubert_l6,6,97,cos_o0_query,cosine,zero,query,none,fde95a93c14ae770ccf6,0.8,0.9,0.835,2.2,1.0,0.8377777777777777,0.19444444444444445,0.9907829440297655,0.005050023383813722,0.9841443864847592,0.006381178624558005,0.006638557545006307,10,90,insufficient_resolution/non_independent_calibration,nan,nan,nan,,,EN-Alto-1;EN-Alto-2;ES-Bass-1;FR-Soprano-1;IT-Bass-2;IT-Soprano-1;JA-Soprano-1;KO-Soprano-1;KO-Soprano-2;KO-Tenor-1,,DE-Soprano-1;DE-Tenor-1;EN-Tenor-1;ES-Soprano-1;FR-Tenor-1;IT-Bass-1;JA-Tenor-1;RU-Alto-1;ZH-Alto-1;ZH-Tenor-1,m1_o0,1,copied_from_identity_residual_metric_robustness_2026-07-13
GTSinger_same_text_control,hubert_l6,6,101,wcos_diag_none,diagonal_whitened_cosine,pooled_train_midpoint,none,diagonal_variance,aae7834e35b8141b64ba,0.4,0.9,0.5700000000000001,2.8,2.5,0.8222222222222222,0.2111111111111111,-0.06757007539533731,0.16753493537439074,-0.30322355074099466,0.202643642415926,0.23565347534565734,10,90,w1_no_operating_threshold,nan,nan,nan,,,,,,,,
GTSinger_same_text_control,hubert_l6,6,101,wcos_diag_query,diagonal_whitened_cosine,pooled_train_midpoint,query,diagonal_variance,aae7834e35b8141b64ba,0.8,0.9,0.8642857142857142,1.7,1.0,0.8811111111111111,0.10555555555555556,0.5795520595132883,0.12224715727508388,0.35416748221945515,0.16488926859067807,0.2253845772938331,10,90,w1_no_operating_threshold,nan,nan,nan,,,,,,,,
GTSinger_same_text_control,hubert_l6,6,101,wcos_oas_none,oas_whitened_cosine,pooled_train_midpoint,none,OAS,933e25fcf71417ebec37,0.9,0.9,0.9111111111111111,1.8,1.0,0.9133333333333333,0.1,0.3722063002894418,0.16090651291193742,0.033814656897852444,0.122251879235798,0.33839164339158934,10,90,w1_no_operating_threshold,nan,nan,nan,,,,,,,,
GTSinger_same_text_control,hubert_l6,6,101,wcos_oas_query,oas_whitened_cosine,pooled_train_midpoint,query,OAS,933e25fcf71417ebec37,0.9,0.9,0.9111111111111111,1.8,1.0,0.9133333333333333,0.1,0.3731991686192518,0.1610228945499572,0.03479895696344836,0.12227460524004817,0.3384002116558034,10,90,w1_no_operating_threshold,nan,nan,nan,,,,,,,,
GTSinger_same_text_control,hubert_l6,6,101,cos_om_none,cosine,pooled_train_midpoint,none,none,c2e5f065fe4de170e761,0.5,1.0,0.6583333333333333,2.1,2.0,0.8811111111111111,0.2,-0.20720341369552306,0.08288193369899058,-0.4390028085576429,0.18009441896412157,0.23179939486211984,10,90,insufficient_resolution/non_independent_calibration,nan,nan,nan,,,DE-Soprano-1;DE-Tenor-1;EN-Alto-1;EN-Alto-2;FR-Soprano-1;IT-Bass-1;IT-Soprano-1;JA-Soprano-1;JA-Tenor-1;RU-Alto-1,,EN-Tenor-1;ES-Bass-1;ES-Soprano-1;FR-Tenor-1;IT-Bass-2;KO-Soprano-1;KO-Soprano-2;KO-Tenor-1;ZH-Alto-1;ZH-Tenor-1,m1_om,0,copied_from_identity_residual_metric_robustness_2026-07-13
GTSinger_same_text_control,hubert_l6,6,101,cos_o0_query,cosine,zero,query,none,c2e5f065fe4de170e761,0.8,1.0,0.8583333333333332,1.5,1.0,0.8811111111111111,0.1,0.9912377063544078,0.005262699757148455,0.9846324097762269,0.0053513727841185,0.006605296578180875,10,90,insufficient_resolution/non_independent_calibration,nan,nan,nan,,,DE-Soprano-1;DE-Tenor-1;EN-Alto-1;EN-Alto-2;FR-Soprano-1;IT-Bass-1;IT-Soprano-1;JA-Soprano-1;JA-Tenor-1;RU-Alto-1,,EN-Tenor-1;ES-Bass-1;ES-Soprano-1;FR-Tenor-1;IT-Bass-2;KO-Soprano-1;KO-Soprano-2;KO-Tenor-1;ZH-Alto-1;ZH-Tenor-1,m1_o0,1,copied_from_identity_residual_metric_robustness_2026-07-13
GTSinger_same_text_control,hubert_l6,6,103,wcos_diag_none,diagonal_whitened_cosine,pooled_train_midpoint,none,diagonal_variance,1994e185e7f4be72bf15,0.5,0.8,0.600952380952381,3.1,2.5,0.78,0.3,0.12100858395476435,0.168055604375604,-0.12100804941635089,0.22168828166921417,0.24201663337111523,10,90,w1_no_operating_threshold,nan,nan,nan,,,,,,,,
GTSinger_same_text_control,hubert_l6,6,103,wcos_diag_query,diagonal_whitened_cosine,pooled_train_midpoint,query,diagonal_variance,1994e185e7f4be72bf15,0.8,0.9,0.8666666666666668,1.6,1.0,0.9122222222222223,0.1,0.5599547972664722,0.1417851835972959,0.28749017807542504,0.13671927031250017,0.2724646191910472,10,90,w1_no_operating_threshold,nan,nan,nan,,,,,,,,
GTSinger_same_text_control,hubert_l6,6,103,wcos_oas_none,oas_whitened_cosine,pooled_train_midpoint,none,OAS,87ad49e0ab4788e4a57c,1.0,1.0,1.0,1.0,1.0,0.9888888888888889,0.08333333333333334,0.5152571864721178,0.11338997901674616,0.08190127718019523,0.13661573742486807,0.4333559092919226,10,90,w1_no_operating_threshold,nan,nan,nan,,,,,,,,
GTSinger_same_text_control,hubert_l6,6,103,wcos_oas_query,oas_whitened_cosine,pooled_train_midpoint,query,OAS,87ad49e0ab4788e4a57c,1.0,1.0,1.0,1.0,1.0,0.9877777777777778,0.08333333333333334,0.5161694075999809,0.11339882227279202,0.08291768506803943,0.1365926802319587,0.43325172253194144,10,90,w1_no_operating_threshold,nan,nan,nan,,,,,,,,
GTSinger_same_text_control,hubert_l6,6,103,cos_om_none,cosine,pooled_train_midpoint,none,none,ba43dcfb774735f5e8c5,0.6,0.9,0.725,2.1,1.0,0.8688888888888889,0.3,-0.06873824090580391,0.1300280636143327,-0.3143365971654468,0.18747861545186267,0.2455983562596429,10,90,insufficient_resolution/non_independent_calibration,nan,nan,nan,,,DE-Soprano-1;EN-Alto-2;EN-Tenor-1;FR-Tenor-1;IT-Bass-1;IT-Bass-2;JA-Soprano-1;JA-Tenor-1;ZH-Alto-1;ZH-Tenor-1,,DE-Tenor-1;EN-Alto-1;ES-Bass-1;ES-Soprano-1;FR-Soprano-1;IT-Soprano-1;KO-Soprano-1;KO-Soprano-2;KO-Tenor-1;RU-Alto-1,m1_om,0,copied_from_identity_residual_metric_robustness_2026-07-13
GTSinger_same_text_control,hubert_l6,6,103,cos_o0_query,cosine,zero,query,none,ba43dcfb774735f5e8c5,0.8,1.0,0.8833333333333332,1.3,1.0,0.9766666666666667,0.08888888888888889,0.992685007450581,0.0015014449979174494,0.986753971769999,0.003077011829860741,0.005931035680581953,10,90,insufficient_resolution/non_independent_calibration,nan,nan,nan,,,DE-Soprano-1;EN-Alto-2;EN-Tenor-1;FR-Tenor-1;IT-Bass-1;IT-Bass-2;JA-Soprano-1;JA-Tenor-1;ZH-Alto-1;ZH-Tenor-1,,DE-Tenor-1;EN-Alto-1;ES-Bass-1;ES-Soprano-1;FR-Soprano-1;IT-Soprano-1;KO-Soprano-1;KO-Soprano-2;KO-Tenor-1;RU-Alto-1,m1_o0,1,copied_from_identity_residual_metric_robustness_2026-07-13
GTSinger_same_text_control,hubert_l6,6,107,wcos_diag_none,diagonal_whitened_cosine,pooled_train_midpoint,none,diagonal_variance,08e19a4b5d7ba64ac838,0.3,0.9,0.5976190476190476,2.3,2.0,0.8411111111111111,0.2777777777777778,-0.13446891634912114,0.12522876843110217,-0.34290828112294486,0.1680675673868795,0.20843936477382372,10,90,w1_no_operating_threshold,nan,nan,nan,,,,,,,,
GTSinger_same_text_control,hubert_l6,6,107,wcos_diag_query,diagonal_whitened_cosine,pooled_train_midpoint,query,diagonal_variance,08e19a4b5d7ba64ac838,0.8,0.9,0.8625,1.8,1.0,0.9055555555555556,0.10555555555555556,0.5968424550619853,0.09870924323887144,0.388879352668847,0.12402900583808488,0.2079631023931383,10,90,w1_no_operating_threshold,nan,nan,nan,,,,,,,,
GTSinger_same_text_control,hubert_l6,6,107,wcos_oas_none,oas_whitened_cosine,pooled_train_midpoint,none,OAS,08227a4e2aa5c519c89c,0.9,1.0,0.95,1.1,1.0,0.9877777777777778,0.1,0.4041482281990777,0.08968595082120953,0.05242166798993295,0.11188380178980156,0.3517265602091447,10,90,w1_no_operating_threshold,nan,nan,nan,,,,,,,,
GTSinger_same_text_control,hubert_l6,6,107,wcos_oas_query,oas_whitened_cosine,pooled_train_midpoint,query,OAS,08227a4e2aa5c519c89c,0.9,1.0,0.95,1.1,1.0,0.9877777777777778,0.1,0.40544862008130683,0.08956192064763253,0.05369738926802683,0.11171760161459854,0.35175123081328,10,90,w1_no_operating_threshold,nan,nan,nan,,,,,,,,
GTSinger_same_text_control,hubert_l6,6,107,cos_om_none,cosine,pooled_train_midpoint,none,none,70c21d41d5a9da41ad63,0.3,1.0,0.5916666666666666,2.1,2.0,0.8455555555555555,0.21666666666666667,-0.23516599952575898,0.14045989186950164,-0.46287538048621246,0.18633870795036256,0.22770938096045348,10,90,insufficient_resolution/non_independent_calibration,nan,nan,nan,,,EN-Alto-1;EN-Tenor-1;ES-Soprano-1;FR-Soprano-1;IT-Bass-1;IT-Bass-2;IT-Soprano-1;KO-Soprano-2;RU-Alto-1;ZH-Tenor-1,,DE-Soprano-1;DE-Tenor-1;EN-Alto-2;ES-Bass-1;FR-Tenor-1;JA-Soprano-1;JA-Tenor-1;KO-Soprano-1;KO-Tenor-1;ZH-Alto-1,m1_om,0,copied_from_identity_residual_metric_robustness_2026-07-13
GTSinger_same_text_control,hubert_l6,6,107,cos_o0_query,cosine,zero,query,none,70c21d41d5a9da41ad63,0.7,0.9,0.8099999999999999,2.1,1.0,0.8433333333333334,0.2,0.9913250121798127,0.004565141881616997,0.9845695950270202,0.006457129030414311,0.006755417152792487,10,90,insufficient_resolution/non_independent_calibration,nan,nan,nan,,,EN-Alto-1;EN-Tenor-1;ES-Soprano-1;FR-Soprano-1;IT-Bass-1;IT-Bass-2;IT-Soprano-1;KO-Soprano-2;RU-Alto-1;ZH-Tenor-1,,DE-Soprano-1;DE-Tenor-1;EN-Alto-2;ES-Bass-1;FR-Tenor-1;JA-Soprano-1;JA-Tenor-1;KO-Soprano-1;KO-Tenor-1;ZH-Alto-1,m1_o0,1,copied_from_identity_residual_metric_robustness_2026-07-13
GTSinger_same_text_control,hubert_l6,6,109,wcos_diag_none,diagonal_whitened_cosine,pooled_train_midpoint,none,diagonal_variance,66d19321f98c4c0e198c,0.5,0.9,0.6092857142857142,2.9,2.5,0.7944444444444444,0.3,-0.05381983976302662,0.20886345160031297,-0.31940123872148707,0.22761492320716387,0.26558139895846045,10,90,w1_no_operating_threshold,nan,nan,nan,,,,,,,,
GTSinger_same_text_control,hubert_l6,6,109,wcos_diag_query,diagonal_whitened_cosine,pooled_train_midpoint,query,diagonal_variance,66d19321f98c4c0e198c,0.9,0.9,0.9166666666666667,1.5,1.0,0.9322222222222222,0.1,0.6052527769724956,0.11446861559503838,0.32210594844991697,0.14400469697441634,0.2831468285225786,10,90,w1_no_operating_threshold,nan,nan,nan,,,,,,,,
GTSinger_same_text_control,hubert_l6,6,109,wcos_oas_none,oas_whitened_cosine,pooled_train_midpoint,none,OAS,71deac242037b3fde3fb,0.9,1.0,0.95,1.1,1.0,0.99,0.08333333333333334,0.4362374427641943,0.13065954717811104,-0.008603949802543252,0.11565117316316598,0.44484139256673755,10,90,w1_no_operating_threshold,nan,nan,nan,,,,,,,,
GTSinger_same_text_control,hubert_l6,6,109,wcos_oas_query,oas_whitened_cosine,pooled_train_midpoint,query,OAS,71deac242037b3fde3fb,0.9,1.0,0.95,1.1,1.0,0.99,0.08333333333333334,0.4375266638770855,0.13042343348706117,-0.0072465753343652845,0.11553794956914391,0.4447732392114508,10,90,w1_no_operating_threshold,nan,nan,nan,,,,,,,,
GTSinger_same_text_control,hubert_l6,6,109,cos_om_none,cosine,pooled_train_midpoint,none,none,577bfb80b6f2616006ff,0.6,0.9,0.7342857142857142,2.2,1.0,0.8688888888888889,0.2,-0.16881682555384733,0.13970290665801396,-0.4401387539413486,0.18242485838734443,0.27132192838750124,10,90,insufficient_resolution/non_independent_calibration,nan,nan,nan,,,DE-Soprano-1;DE-Tenor-1;EN-Alto-2;EN-Tenor-1;IT-Bass-1;IT-Bass-2;IT-Soprano-1;JA-Soprano-1;KO-Soprano-1;ZH-Tenor-1,,EN-Alto-1;ES-Bass-1;ES-Soprano-1;FR-Soprano-1;FR-Tenor-1;JA-Tenor-1;KO-Soprano-2;KO-Tenor-1;RU-Alto-1;ZH-Alto-1,m1_om,0,copied_from_identity_residual_metric_robustness_2026-07-13
GTSinger_same_text_control,hubert_l6,6,109,cos_o0_query,cosine,zero,query,none,577bfb80b6f2616006ff,0.8,0.9,0.8625,1.8,1.0,0.9022222222222223,0.1111111111111111,0.9921252084393327,0.003757865034788227,0.9851794976380415,0.004716971315388556,0.006945710801291249,10,90,insufficient_resolution/non_independent_calibration,nan,nan,nan,,,DE-Soprano-1;DE-Tenor-1;EN-Alto-2;EN-Tenor-1;IT-Bass-1;IT-Bass-2;IT-Soprano-1;JA-Soprano-1;KO-Soprano-1;ZH-Tenor-1,,EN-Alto-1;ES-Bass-1;ES-Soprano-1;FR-Soprano-1;FR-Tenor-1;JA-Tenor-1;KO-Soprano-2;KO-Tenor-1;RU-Alto-1;ZH-Alto-1,m1_o0,1,copied_from_identity_residual_metric_robustness_2026-07-13
GTSinger_same_text_control,hubert_l6,6,113,wcos_diag_none,diagonal_whitened_cosine,pooled_train_midpoint,none,diagonal_variance,4663c720c98aeea47108,0.3,0.9,0.5700000000000001,2.5,2.0,0.8211111111111111,0.28888888888888886,-0.15443112647362017,0.138482604639369,-0.3529041444291063,0.1721553752119944,0.1984730179554861,10,90,w1_no_operating_threshold,nan,nan,nan,,,,,,,,
GTSinger_same_text_control,hubert_l6,6,113,wcos_diag_query,diagonal_whitened_cosine,pooled_train_midpoint,query,diagonal_variance,4663c720c98aeea47108,0.7,0.9,0.8,1.8,1.0,0.8655555555555555,0.2833333333333333,0.6023973865916288,0.09645289603107506,0.42043764621490853,0.12513771639945362,0.18195974037672025,10,90,w1_no_operating_threshold,nan,nan,nan,,,,,,,,
GTSinger_same_text_control,hubert_l6,6,113,wcos_oas_none,oas_whitened_cosine,pooled_train_midpoint,none,OAS,24dfaf65cb6ad775ca4b,0.8,1.0,0.8833333333333332,1.3,1.0,0.99,0.07777777777777778,0.3959124042911739,0.0832748390815364,0.0474489761804843,0.11146484357794988,0.34846342811068964,10,90,w1_no_operating_threshold,nan,nan,nan,,,,,,,,
GTSinger_same_text_control,hubert_l6,6,113,wcos_oas_query,oas_whitened_cosine,pooled_train_midpoint,query,OAS,24dfaf65cb6ad775ca4b,0.8,1.0,0.8833333333333332,1.3,1.0,0.99,0.07777777777777778,0.3971679616861608,0.08325648664981262,0.048754464126437906,0.111340288682222,0.3484134975597229,10,90,w1_no_operating_threshold,nan,nan,nan,,,,,,,,
GTSinger_same_text_control,hubert_l6,6,113,cos_om_none,cosine,pooled_train_midpoint,none,none,2c63f2b852bd1a42bb50,0.3,1.0,0.5916666666666666,2.1,2.0,0.8311111111111111,0.3,-0.16869284557000266,0.1627980367989236,-0.4008928479665388,0.20508017678223364,0.23220000239653613,10,90,insufficient_resolution/non_independent_calibration,nan,nan,nan,,,DE-Soprano-1;DE-Tenor-1;EN-Alto-2;ES-Soprano-1;FR-Soprano-1;IT-Bass-2;JA-Soprano-1;KO-Soprano-2;RU-Alto-1;ZH-Tenor-1,,EN-Alto-1;EN-Tenor-1;ES-Bass-1;FR-Tenor-1;IT-Bass-1;IT-Soprano-1;JA-Tenor-1;KO-Soprano-1;KO-Tenor-1;ZH-Alto-1,m1_om,0,copied_from_identity_residual_metric_robustness_2026-07-13
GTSinger_same_text_control,hubert_l6,6,113,cos_o0_query,cosine,zero,query,none,2c63f2b852bd1a42bb50,0.8,0.9,0.8300000000000001,2.3,1.0,0.8677777777777778,0.2,0.9912449051897184,0.004557637823901233,0.9848246909106133,0.005319742891513174,0.0064202142791051076,10,90,insufficient_resolution/non_independent_calibration,nan,nan,nan,,,DE-Soprano-1;DE-Tenor-1;EN-Alto-2;ES-Soprano-1;FR-Soprano-1;IT-Bass-2;JA-Soprano-1;KO-Soprano-2;RU-Alto-1;ZH-Tenor-1,,EN-Alto-1;EN-Tenor-1;ES-Bass-1;FR-Tenor-1;IT-Bass-1;IT-Soprano-1;JA-Tenor-1;KO-Soprano-1;KO-Tenor-1;ZH-Alto-1,m1_o0,1,copied_from_identity_residual_metric_robustness_2026-07-13
GTSinger_same_text_control,hubert_l6,6,127,wcos_diag_none,diagonal_whitened_cosine,pooled_train_midpoint,none,diagonal_variance,c37f3be48d6670ddf4d7,0.3,0.9,0.6,2.2,2.0,0.8466666666666667,0.2,-0.06415016019112157,0.13895540280027738,-0.3035880412918273,0.17664626185765747,0.23943788110070574,10,90,w1_no_operating_threshold,nan,nan,nan,,,,,,,,
GTSinger_same_text_control,hubert_l6,6,127,wcos_diag_query,diagonal_whitened_cosine,pooled_train_midpoint,query,diagonal_variance,c37f3be48d6670ddf4d7,0.7,1.0,0.85,1.3,1.0,0.9611111111111111,0.1,0.6466439289708182,0.06293535909830027,0.43372522692943366,0.11019720425897854,0.21291870204138458,10,90,w1_no_operating_threshold,nan,nan,nan,,,,,,,,
GTSinger_same_text_control,hubert_l6,6,127,wcos_oas_none,oas_whitened_cosine,pooled_train_midpoint,none,OAS,d2a47f20552c74984a94,0.9,0.9,0.9166666666666667,1.5,1.0,0.9333333333333333,0.1,0.4270590382306774,0.18373944037274265,0.040025131327565376,0.13232866835178098,0.38703390690311207,10,90,w1_no_operating_threshold,nan,nan,nan,,,,,,,,
GTSinger_same_text_control,hubert_l6,6,127,wcos_oas_query,oas_whitened_cosine,pooled_train_midpoint,query,OAS,d2a47f20552c74984a94,0.9,0.9,0.9166666666666667,1.5,1.0,0.9333333333333333,0.1,0.42791338607486296,0.18377637429646207,0.040968592313678644,0.13229795871917788,0.3869447937611843,10,90,w1_no_operating_threshold,nan,nan,nan,,,,,,,,
GTSinger_same_text_control,hubert_l6,6,127,cos_om_none,cosine,pooled_train_midpoint,none,none,ce566972b7fc37c898a9,0.7,1.0,0.8083333333333332,1.6,1.0,0.8411111111111111,0.2222222222222222,-0.18803766016951573,0.15741331790311108,-0.4322229813284595,0.1647976339030659,0.24418532115894376,10,90,insufficient_resolution/non_independent_calibration,nan,nan,nan,,,DE-Tenor-1;EN-Alto-2;EN-Tenor-1;ES-Bass-1;ES-Soprano-1;FR-Soprano-1;FR-Tenor-1;KO-Soprano-2;ZH-Alto-1;ZH-Tenor-1,,DE-Soprano-1;EN-Alto-1;IT-Bass-1;IT-Bass-2;IT-Soprano-1;JA-Soprano-1;JA-Tenor-1;KO-Soprano-1;KO-Tenor-1;RU-Alto-1,m1_om,0,copied_from_identity_residual_metric_robustness_2026-07-13
GTSinger_same_text_control,hubert_l6,6,127,cos_o0_query,cosine,zero,query,none,ce566972b7fc37c898a9,0.7,0.8,0.7777777777777779,2.4,1.0,0.79,0.3,0.990624978082742,0.006772426963485559,0.9844655086136754,0.00626225745183572,0.006159469469066536,10,90,insufficient_resolution/non_independent_calibration,nan,nan,nan,,,DE-Tenor-1;EN-Alto-2;EN-Tenor-1;ES-Bass-1;ES-Soprano-1;FR-Soprano-1;FR-Tenor-1;KO-Soprano-2;ZH-Alto-1;ZH-Tenor-1,,DE-Soprano-1;EN-Alto-1;IT-Bass-1;IT-Bass-2;IT-Soprano-1;JA-Soprano-1;JA-Tenor-1;KO-Soprano-1;KO-Tenor-1;RU-Alto-1,m1_o0,1,copied_from_identity_residual_metric_robustness_2026-07-13
GTSinger_same_text_control,hubert_l6,6,131,wcos_diag_none,diagonal_whitened_cosine,pooled_train_midpoint,none,diagonal_variance,ae49b9c2cdaec344115b,0.3,1.0,0.5783333333333334,2.3,2.0,0.8133333333333334,0.21666666666666667,-0.0772051593171168,0.11959716311560359,-0.28873570948246813,0.19983678477603534,0.21153055016535133,10,90,w1_no_operating_threshold,nan,nan,nan,,,,,,,,
GTSinger_same_text_control,hubert_l6,6,131,wcos_diag_query,diagonal_whitened_cosine,pooled_train_midpoint,query,diagonal_variance,ae49b9c2cdaec344115b,0.7,0.9,0.7958333333333333,2.0,1.0,0.8566666666666667,0.18333333333333335,0.6020257233285419,0.09300562099343787,0.4187168642651708,0.14469303595457572,0.18330885906337108,10,90,w1_no_operating_threshold,nan,nan,nan,,,,,,,,
GTSinger_same_text_control,hubert_l6,6,131,wcos_oas_none,oas_whitened_cosine,pooled_train_midpoint,none,OAS,273b958ecd91d3bb9ebc,0.8,0.9,0.861111111111111,1.9,1.0,0.9188888888888889,0.1,0.3548653990368692,0.1551590828671785,0.02292339406049508,0.10970208361316908,0.3319420049763741,10,90,w1_no_operating_threshold,nan,nan,nan,,,,,,,,
GTSinger_same_text_control,hubert_l6,6,131,wcos_oas_query,oas_whitened_cosine,pooled_train_midpoint,query,OAS,273b958ecd91d3bb9ebc,0.8,0.9,0.861111111111111,1.9,1.0,0.9188888888888889,0.1,0.3560489653914478,0.1553814352602151,0.02408367252883759,0.10951387844661992,0.33196529286261023,10,90,w1_no_operating_threshold,nan,nan,nan,,,,,,,,
GTSinger_same_text_control,hubert_l6,6,131,cos_om_none,cosine,pooled_train_midpoint,none,none,4d6714a3468ff7655cb7,0.3,1.0,0.6033333333333333,2.1,2.0,0.7988888888888889,0.28888888888888886,-0.2038501378321004,0.1439543716260089,-0.4127112389610139,0.20788805943145566,0.2088611011289135,10,90,insufficient_resolution/non_independent_calibration,nan,nan,nan,,,DE-Soprano-1;EN-Alto-1;EN-Alto-2;EN-Tenor-1;FR-Soprano-1;IT-Bass-1;IT-Soprano-1;KO-Soprano-2;RU-Alto-1;ZH-Tenor-1,,DE-Tenor-1;ES-Bass-1;ES-Soprano-1;FR-Tenor-1;IT-Bass-2;JA-Soprano-1;JA-Tenor-1;KO-Soprano-1;KO-Tenor-1;ZH-Alto-1,m1_om,0,copied_from_identity_residual_metric_robustness_2026-07-13
GTSinger_same_text_control,hubert_l6,6,131,cos_o0_query,cosine,zero,query,none,4d6714a3468ff7655cb7,0.6,0.8,0.7076190476190476,2.8,1.0,0.7922222222222223,0.2833333333333333,0.9892201877115786,0.00661298544476318,0.9827953811317607,0.006648312908037161,0.006424806579817921,10,90,insufficient_resolution/non_independent_calibration,nan,nan,nan,,,DE-Soprano-1;EN-Alto-1;EN-Alto-2;EN-Tenor-1;FR-Soprano-1;IT-Bass-1;IT-Soprano-1;KO-Soprano-2;RU-Alto-1;ZH-Tenor-1,,DE-Tenor-1;ES-Bass-1;ES-Soprano-1;FR-Tenor-1;IT-Bass-2;JA-Soprano-1;JA-Tenor-1;KO-Soprano-1;KO-Tenor-1;ZH-Alto-1,m1_o0,1,copied_from_identity_residual_metric_robustness_2026-07-13
GTSinger_same_text_control,hubert_l6,6,137,wcos_diag_none,diagonal_whitened_cosine,pooled_train_midpoint,none,diagonal_variance,3ee924b1a1b74adcb057,0.3,0.9,0.5158333333333334,3.0,3.0,0.8433333333333334,0.21666666666666667,-0.13713685963985367,0.14810238662679112,-0.37136010995429225,0.17599967316739118,0.23422325031443858,10,90,w1_no_operating_threshold,nan,nan,nan,,,,,,,,
GTSinger_same_text_control,hubert_l6,6,137,wcos_diag_query,diagonal_whitened_cosine,pooled_train_midpoint,query,diagonal_variance,3ee924b1a1b74adcb057,0.9,0.9,0.9142857142857143,1.6,1.0,0.9144444444444444,0.12222222222222222,0.5913409434016969,0.1112539963929252,0.3501344602037503,0.13586656066309719,0.24120648319794658,10,90,w1_no_operating_threshold,nan,nan,nan,,,,,,,,
GTSinger_same_text_control,hubert_l6,6,137,wcos_oas_none,oas_whitened_cosine,pooled_train_midpoint,none,OAS,6e17e9fb730d705803e5,0.9,1.0,0.95,1.1,1.0,0.9911111111111112,0.09444444444444444,0.4316304170571813,0.10205590193247784,0.006303882219288295,0.11429090762272255,0.425326534837893,10,90,w1_no_operating_threshold,nan,nan,nan,,,,,,,,
GTSinger_same_text_control,hubert_l6,6,137,wcos_oas_query,oas_whitened_cosine,pooled_train_midpoint,query,OAS,6e17e9fb730d705803e5,0.9,1.0,0.95,1.1,1.0,0.9911111111111112,0.09444444444444444,0.43338695307975134,0.1019399609164854,0.00800686886180015,0.11403939600208546,0.4253800842179512,10,90,w1_no_operating_threshold,nan,nan,nan,,,,,,,,
GTSinger_same_text_control,hubert_l6,6,137,cos_om_none,cosine,pooled_train_midpoint,none,none,2f1c10eb9b12002834ce,0.4,1.0,0.6249999999999999,2.1,2.0,0.8722222222222222,0.2111111111111111,-0.23438315812219218,0.136113955402397,-0.4794903455804027,0.17165480946359243,0.24510718745821053,10,90,insufficient_resolution/non_independent_calibration,nan,nan,nan,,,DE-Tenor-1;EN-Alto-2;EN-Tenor-1;FR-Soprano-1;IT-Bass-1;IT-Bass-2;JA-Soprano-1;KO-Soprano-2;RU-Alto-1;ZH-Tenor-1,,DE-Soprano-1;EN-Alto-1;ES-Bass-1;ES-Soprano-1;FR-Tenor-1;IT-Soprano-1;JA-Tenor-1;KO-Soprano-1;KO-Tenor-1;ZH-Alto-1,m1_om,0,copied_from_identity_residual_metric_robustness_2026-07-13
GTSinger_same_text_control,hubert_l6,6,137,cos_o0_query,cosine,zero,query,none,2f1c10eb9b12002834ce,0.8,0.9,0.86,2.0,1.0,0.8888888888888888,0.10555555555555556,0.9926012974714482,0.004156445231497248,0.9861382144211703,0.005132061768156302,0.0064630830502778736,10,90,insufficient_resolution/non_independent_calibration,nan,nan,nan,,,DE-Tenor-1;EN-Alto-2;EN-Tenor-1;FR-Soprano-1;IT-Bass-1;IT-Bass-2;JA-Soprano-1;KO-Soprano-2;RU-Alto-1;ZH-Tenor-1,,DE-Soprano-1;EN-Alto-1;ES-Bass-1;ES-Soprano-1;FR-Tenor-1;IT-Soprano-1;JA-Tenor-1;KO-Soprano-1;KO-Tenor-1;ZH-Alto-1,m1_o0,1,copied_from_identity_residual_metric_robustness_2026-07-13
GTSinger_same_text_control,hubert_l6,6,139,wcos_diag_none,diagonal_whitened_cosine,pooled_train_midpoint,none,diagonal_variance,75b84695a892a53526db,0.5,1.0,0.6783333333333333,2.1,1.5,0.8477777777777777,0.2,-0.10588567011206926,0.13886086629553926,-0.32497230779993314,0.15111723308722125,0.21908663768786388,10,90,w1_no_operating_threshold,nan,nan,nan,,,,,,,,
GTSinger_same_text_control,hubert_l6,6,139,wcos_diag_query,diagonal_whitened_cosine,pooled_train_midpoint,query,diagonal_variance,75b84695a892a53526db,0.7,1.0,0.85,1.3,1.0,0.9444444444444444,0.10555555555555556,0.615037526116942,0.08018962072370472,0.40860389829536753,0.11758847561810125,0.20643362782157443,10,90,w1_no_operating_threshold,nan,nan,nan,,,,,,,,
GTSinger_same_text_control,hubert_l6,6,139,wcos_oas_none,oas_whitened_cosine,pooled_train_midpoint,none,OAS,b83be7353ff7ea0c20d4,0.9,0.9,0.9099999999999999,1.9,1.0,0.9077777777777778,0.1,0.3954715595357288,0.1792795312877828,0.047493118058749256,0.12143289717925874,0.34797844147697954,10,90,w1_no_operating_threshold,nan,nan,nan,,,,,,,,
GTSinger_same_text_control,hubert_l6,6,139,wcos_oas_query,oas_whitened_cosine,pooled_train_midpoint,query,OAS,b83be7353ff7ea0c20d4,0.9,0.9,0.9099999999999999,1.9,1.0,0.9077777777777778,0.1,0.3967163029934636,0.1794362150003752,0.04869871683620091,0.12141691898723012,0.3480175861572627,10,90,w1_no_operating_threshold,nan,nan,nan,,,,,,,,
GTSinger_same_text_control,hubert_l6,6,139,cos_om_none,cosine,pooled_train_midpoint,none,none,5639d7b76eebc7d29127,0.6,1.0,0.7333333333333333,1.9,1.0,0.8944444444444445,0.2111111111111111,-0.2200958986492218,0.11624056284865873,-0.4500596322528332,0.13554255483012048,0.2299637336036114,10,90,insufficient_resolution/non_independent_calibration,nan,nan,nan,,,DE-Soprano-1;DE-Tenor-1;EN-Alto-2;ES-Bass-1;FR-Tenor-1;IT-Bass-1;IT-Soprano-1;KO-Soprano-1;KO-Soprano-2;RU-Alto-1,,EN-Alto-1;EN-Tenor-1;ES-Soprano-1;FR-Soprano-1;IT-Bass-2;JA-Soprano-1;JA-Tenor-1;KO-Tenor-1;ZH-Alto-1;ZH-Tenor-1,m1_om,0,copied_from_identity_residual_metric_robustness_2026-07-13
GTSinger_same_text_control,hubert_l6,6,139,cos_o0_query,cosine,zero,query,none,5639d7b76eebc7d29127,0.8,0.9,0.835,2.2,1.0,0.8022222222222222,0.2944444444444444,0.9897146690873896,0.006800497973461375,0.983179279446389,0.006301647916316956,0.006535389641000533,10,90,insufficient_resolution/non_independent_calibration,nan,nan,nan,,,DE-Soprano-1;DE-Tenor-1;EN-Alto-2;ES-Bass-1;FR-Tenor-1;IT-Bass-1;IT-Soprano-1;KO-Soprano-1;KO-Soprano-2;RU-Alto-1,,EN-Alto-1;EN-Tenor-1;ES-Soprano-1;FR-Soprano-1;IT-Bass-2;JA-Soprano-1;JA-Tenor-1;KO-Tenor-1;ZH-Alto-1;ZH-Tenor-1,m1_o0,1,copied_from_identity_residual_metric_robustness_2026-07-13
GTSinger_same_text_control,hubert_l6,6,149,wcos_diag_none,diagonal_whitened_cosine,pooled_train_midpoint,none,diagonal_variance,dbe020328f0cf9b1ea87,0.5,0.9,0.6375,2.6,2.0,0.8633333333333333,0.2,-0.07917572830229075,0.1635201848582057,-0.3452061689444869,0.16496900142252957,0.26603044064219616,10,90,w1_no_operating_threshold,nan,nan,nan,,,,,,,,
GTSinger_same_text_control,hubert_l6,6,149,wcos_diag_query,diagonal_whitened_cosine,pooled_train_midpoint,query,diagonal_variance,dbe020328f0cf9b1ea87,0.8,1.0,0.8833333333333332,1.3,1.0,0.9611111111111111,0.09444444444444444,0.6249532401020964,0.05865791313419517,0.3693844655699406,0.13258611343398044,0.2555687745321558,10,90,w1_no_operating_threshold,nan,nan,nan,,,,,,,,
GTSinger_same_text_control,hubert_l6,6,149,wcos_oas_none,oas_whitened_cosine,pooled_train_midpoint,none,OAS,efe2d756769723e27456,1.0,1.0,1.0,1.0,1.0,0.9888888888888889,0.08333333333333334,0.43325562824796604,0.1327443523464052,0.03725611794305013,0.10460385372258907,0.3959995103049159,10,90,w1_no_operating_threshold,nan,nan,nan,,,,,,,,
GTSinger_same_text_control,hubert_l6,6,149,wcos_oas_query,oas_whitened_cosine,pooled_train_midpoint,query,OAS,efe2d756769723e27456,1.0,1.0,1.0,1.0,1.0,0.9888888888888889,0.08333333333333334,0.4347212687996601,0.13258834205458736,0.03878216644067923,0.10451129075428849,0.3959391023589809,10,90,w1_no_operating_threshold,nan,nan,nan,,,,,,,,
GTSinger_same_text_control,hubert_l6,6,149,cos_om_none,cosine,pooled_train_midpoint,none,none,7545068610512d59caae,0.6,1.0,0.7283333333333333,2.0,1.0,0.8944444444444445,0.2,-0.19953806013196407,0.1531541700818943,-0.4676246070540551,0.1445686652681394,0.26808654692209105,10,90,insufficient_resolution/non_independent_calibration,nan,nan,nan,,,DE-Soprano-1;DE-Tenor-1;EN-Tenor-1;ES-Bass-1;FR-Soprano-1;IT-Bass-2;KO-Soprano-1;KO-Soprano-2;KO-Tenor-1;ZH-Tenor-1,,EN-Alto-1;EN-Alto-2;ES-Soprano-1;FR-Tenor-1;IT-Bass-1;IT-Soprano-1;JA-Soprano-1;JA-Tenor-1;RU-Alto-1;ZH-Alto-1,m1_om,0,copied_from_identity_residual_metric_robustness_2026-07-13
GTSinger_same_text_control,hubert_l6,6,149,cos_o0_query,cosine,zero,query,none,7545068610512d59caae,0.8,0.9,0.86,2.0,1.0,0.8722222222222222,0.2,0.991819513605291,0.00401288079299683,0.9848354914418994,0.005553670184102814,0.006984022163391557,10,90,insufficient_resolution/non_independent_calibration,nan,nan,nan,,,DE-Soprano-1;DE-Tenor-1;EN-Tenor-1;ES-Bass-1;FR-Soprano-1;IT-Bass-2;KO-Soprano-1;KO-Soprano-2;KO-Tenor-1;ZH-Tenor-1,,EN-Alto-1;EN-Alto-2;ES-Soprano-1;FR-Tenor-1;IT-Bass-1;IT-Soprano-1;JA-Soprano-1;JA-Tenor-1;RU-Alto-1;ZH-Alto-1,m1_o0,1,copied_from_identity_residual_metric_robustness_2026-07-13
GTSinger_same_text_control,hubert_l6,6,151,wcos_diag_none,diagonal_whitened_cosine,pooled_train_midpoint,none,diagonal_variance,518b831e0329998c0f7e,0.5,1.0,0.6783333333333333,2.1,1.5,0.8155555555555556,0.3,-0.11894339393239499,0.15052460463098258,-0.32707818377332326,0.17879040013969913,0.20813478984092826,10,90,w1_no_operating_threshold,nan,nan,nan,,,,,,,,
GTSinger_same_text_control,hubert_l6,6,151,wcos_diag_query,diagonal_whitened_cosine,pooled_train_midpoint,query,diagonal_variance,518b831e0329998c0f7e,0.6,0.9,0.7291666666666666,2.2,1.0,0.8744444444444445,0.18333333333333335,0.5911615952210121,0.10263922696217549,0.38971719560367996,0.1394666393485278,0.20144439961733213,10,90,w1_no_operating_threshold,nan,nan,nan,,,,,,,,
GTSinger_same_text_control,hubert_l6,6,151,wcos_oas_none,oas_whitened_cosine,pooled_train_midpoint,none,OAS,7c6c7e012887da896c51,0.9,0.9,0.9111111111111111,1.8,1.0,0.9388888888888889,0.1,0.3605438207482699,0.1593754488302965,0.006495064932916766,0.10991988805134473,0.35404875581535317,10,90,w1_no_operating_threshold,nan,nan,nan,,,,,,,,
GTSinger_same_text_control,hubert_l6,6,151,wcos_oas_query,oas_whitened_cosine,pooled_train_midpoint,query,OAS,7c6c7e012887da896c51,0.9,0.9,0.9111111111111111,1.8,1.0,0.9388888888888889,0.1,0.36162178805525763,0.1597173559983972,0.007476365198453472,0.10989957075225122,0.35414542285680417,10,90,w1_no_operating_threshold,nan,nan,nan,,,,,,,,
GTSinger_same_text_control,hubert_l6,6,151,cos_om_none,cosine,pooled_train_midpoint,none,none,efb5c8b2a7c660e41adc,0.4,1.0,0.6366666666666666,2.1,2.0,0.83,0.3,-0.23154681025904153,0.15715217014334373,-0.4553560239193263,0.19268665812184424,0.22380921366028475,10,90,insufficient_resolution/non_independent_calibration,nan,nan,nan,,,DE-Tenor-1;EN-Alto-1;EN-Alto-2;ES-Soprano-1;FR-Tenor-1;IT-Soprano-1;KO-Soprano-1;KO-Tenor-1;RU-Alto-1;ZH-Alto-1,,DE-Soprano-1;EN-Tenor-1;ES-Bass-1;FR-Soprano-1;IT-Bass-1;IT-Bass-2;JA-Soprano-1;JA-Tenor-1;KO-Soprano-2;ZH-Tenor-1,m1_om,0,copied_from_identity_residual_metric_robustness_2026-07-13
GTSinger_same_text_control,hubert_l6,6,151,cos_o0_query,cosine,zero,query,none,efb5c8b2a7c660e41adc,0.8,0.8,0.8266666666666665,2.4,1.0,0.7944444444444444,0.2777777777777778,0.9897700786706217,0.006966105789473191,0.9831887013585612,0.006226704987150038,0.0065813773120605434,10,90,insufficient_resolution/non_independent_calibration,nan,nan,nan,,,DE-Tenor-1;EN-Alto-1;EN-Alto-2;ES-Soprano-1;FR-Tenor-1;IT-Soprano-1;KO-Soprano-1;KO-Tenor-1;RU-Alto-1;ZH-Alto-1,,DE-Soprano-1;EN-Tenor-1;ES-Bass-1;FR-Soprano-1;IT-Bass-1;IT-Bass-2;JA-Soprano-1;JA-Tenor-1;KO-Soprano-2;ZH-Tenor-1,m1_o0,1,copied_from_identity_residual_metric_robustness_2026-07-13
GTSinger_same_text_control,hubert_l6,6,157,wcos_diag_none,diagonal_whitened_cosine,pooled_train_midpoint,none,diagonal_variance,2d4b9461325a9d6bc5cc,0.3,0.9,0.47833333333333333,3.2,3.5,0.8011111111111111,0.2944444444444444,-0.003511959264217754,0.1642678528835713,-0.25452581471258834,0.23028899982057852,0.25101385544837057,10,90,w1_no_operating_threshold,nan,nan,nan,,,,,,,,
GTSinger_same_text_control,hubert_l6,6,157,wcos_diag_query,diagonal_whitened_cosine,pooled_train_midpoint,query,diagonal_variance,2d4b9461325a9d6bc5cc,0.8,1.0,0.8833333333333332,1.3,1.0,0.9477777777777778,0.10555555555555556,0.6251987014064433,0.06415322328773106,0.39412240305426377,0.12316517772371693,0.23107629835217952,10,90,w1_no_operating_threshold,nan,nan,nan,,,,,,,,
GTSinger_same_text_control,hubert_l6,6,157,wcos_oas_none,oas_whitened_cosine,pooled_train_midpoint,none,OAS,d414adc2a27193069d2a,0.9,1.0,0.9199999999999999,1.4,1.0,0.9355555555555556,0.18888888888888888,0.43014575038937136,0.18728698536442626,0.06288940433191878,0.11701336214142662,0.3672563460574526,10,90,w1_no_operating_threshold,nan,nan,nan,,,,,,,,
GTSinger_same_text_control,hubert_l6,6,157,wcos_oas_query,oas_whitened_cosine,pooled_train_midpoint,query,OAS,d414adc2a27193069d2a,0.9,1.0,0.9199999999999999,1.4,1.0,0.9355555555555556,0.18888888888888888,0.43087232203101095,0.1873016114820932,0.06374060586386178,0.11695943104738953,0.3671317161671492,10,90,w1_no_operating_threshold,nan,nan,nan,,,,,,,,
GTSinger_same_text_control,hubert_l6,6,157,cos_om_none,cosine,pooled_train_midpoint,none,none,3e120f10b8eae7af90f4,0.7,1.0,0.8166666666666667,1.5,1.0,0.8755555555555555,0.2,-0.14783596874812502,0.12523099695687107,-0.39851948276704136,0.16948663531826863,0.2506835140189163,10,90,insufficient_resolution/non_independent_calibration,nan,nan,nan,,,DE-Soprano-1;DE-Tenor-1;EN-Alto-1;EN-Alto-2;EN-Tenor-1;ES-Bass-1;JA-Soprano-1;KO-Tenor-1;ZH-Alto-1;ZH-Tenor-1,,ES-Soprano-1;FR-Soprano-1;FR-Tenor-1;IT-Bass-1;IT-Bass-2;IT-Soprano-1;JA-Tenor-1;KO-Soprano-1;KO-Soprano-2;RU-Alto-1,m1_om,0,copied_from_identity_residual_metric_robustness_2026-07-13
GTSinger_same_text_control,hubert_l6,6,157,cos_o0_query,cosine,zero,query,none,3e120f10b8eae7af90f4,0.7,0.9,0.7875,2.1,1.0,0.8111111111111111,0.2,0.9903602705952439,0.0063050780849103144,0.9837611973343559,0.00575565893243679,0.006599073260888044,10,90,insufficient_resolution/non_independent_calibration,nan,nan,nan,,,DE-Soprano-1;DE-Tenor-1;EN-Alto-1;EN-Alto-2;EN-Tenor-1;ES-Bass-1;JA-Soprano-1;KO-Tenor-1;ZH-Alto-1;ZH-Tenor-1,,ES-Soprano-1;FR-Soprano-1;FR-Tenor-1;IT-Bass-1;IT-Bass-2;IT-Soprano-1;JA-Tenor-1;KO-Soprano-1;KO-Soprano-2;RU-Alto-1,m1_o0,1,copied_from_identity_residual_metric_robustness_2026-07-13
GTSinger_same_text_control,hubert_l6,6,163,wcos_diag_none,diagonal_whitened_cosine,pooled_train_midpoint,none,diagonal_variance,1f29ec79297d69532e41,0.4,0.9,0.5791666666666666,2.8,2.5,0.8344444444444444,0.2,-0.07626929779484054,0.1919459216273884,-0.32889761776277243,0.1797047607742693,0.2526283199679319,10,90,w1_no_operating_threshold,nan,nan,nan,,,,,,,,
GTSinger_same_text_control,hubert_l6,6,163,wcos_diag_query,diagonal_whitened_cosine,pooled_train_midpoint,query,diagonal_variance,1f29ec79297d69532e41,1.0,1.0,1.0,1.0,1.0,0.9988888888888889,0.005555555555555556,0.6054807709583839,0.06688633584509895,0.30825250959600703,0.11063682465239591,0.2972282613623769,10,90,w1_no_operating_threshold,nan,nan,nan,,,,,,,,
GTSinger_same_text_control,hubert_l6,6,163,wcos_oas_none,oas_whitened_cosine,pooled_train_midpoint,none,OAS,0729cc586a90e80058c3,1.0,1.0,1.0,1.0,1.0,1.0,0.0,0.49791274337416436,0.09459636493245514,-0.0010618788427975182,0.11747164735356112,0.49897462221696187,10,90,w1_no_operating_threshold,nan,nan,nan,,,,,,,,
GTSinger_same_text_control,hubert_l6,6,163,wcos_oas_query,oas_whitened_cosine,pooled_train_midpoint,query,OAS,0729cc586a90e80058c3,1.0,1.0,1.0,1.0,1.0,1.0,0.0,0.49962804418863876,0.09432383581538882,0.0006235878810164877,0.11741876070660964,0.4990044563076223,10,90,w1_no_operating_threshold,nan,nan,nan,,,,,,,,
GTSinger_same_text_control,hubert_l6,6,163,cos_om_none,cosine,pooled_train_midpoint,none,none,af0082b8de768cb3fb86,0.5,1.0,0.7,1.9,1.5,0.9066666666666666,0.18333333333333335,-0.21589784383287425,0.13270463210009423,-0.4733232376842689,0.14918631880606395,0.2574253938513947,10,90,insufficient_resolution/non_independent_calibration,nan,nan,nan,,,EN-Alto-1;ES-Bass-1;ES-Soprano-1;FR-Tenor-1;IT-Bass-1;IT-Bass-2;JA-Soprano-1;JA-Tenor-1;KO-Soprano-1;ZH-Alto-1,,DE-Soprano-1;DE-Tenor-1;EN-Alto-2;EN-Tenor-1;FR-Soprano-1;IT-Soprano-1;KO-Soprano-2;KO-Tenor-1;RU-Alto-1;ZH-Tenor-1,m1_om,0,copied_from_identity_residual_metric_robustness_2026-07-13
GTSinger_same_text_control,hubert_l6,6,163,cos_o0_query,cosine,zero,query,none,af0082b8de768cb3fb86,1.0,1.0,1.0,1.0,1.0,0.9822222222222222,0.1,0.994133169654446,0.0016625569432273362,0.9876713814712414,0.0029019086280323227,0.006461788183204531,10,90,insufficient_resolution/non_independent_calibration,nan,nan,nan,,,EN-Alto-1;ES-Bass-1;ES-Soprano-1;FR-Tenor-1;IT-Bass-1;IT-Bass-2;JA-Soprano-1;JA-Tenor-1;KO-Soprano-1;ZH-Alto-1,,DE-Soprano-1;DE-Tenor-1;EN-Alto-2;EN-Tenor-1;FR-Soprano-1;IT-Soprano-1;KO-Soprano-2;KO-Tenor-1;RU-Alto-1;ZH-Tenor-1,m1_o0,1,copied_from_identity_residual_metric_robustness_2026-07-13
GTSinger_same_text_control,hubert_l6,6,167,wcos_diag_none,diagonal_whitened_cosine,pooled_train_midpoint,none,diagonal_variance,a4be63ba14e8ddb8f13a,0.4,1.0,0.6533333333333333,2.0,2.0,0.85,0.2,-0.09929502310922185,0.11563232329195235,-0.31145863812635693,0.17085004707687412,0.2121636150171351,10,90,w1_no_operating_threshold,nan,nan,nan,,,,,,,,
GTSinger_same_text_control,hubert_l6,6,167,wcos_diag_query,diagonal_whitened_cosine,pooled_train_midpoint,query,diagonal_variance,a4be63ba14e8ddb8f13a,0.7,0.9,0.7958333333333333,2.0,1.0,0.89,0.18333333333333335,0.6437878583158481,0.09572976082868309,0.45938075703080555,0.11130611407933534,0.1844071012850425,10,90,w1_no_operating_threshold,nan,nan,nan,,,,,,,,
GTSinger_same_text_control,hubert_l6,6,167,wcos_oas_none,oas_whitened_cosine,pooled_train_midpoint,none,OAS,4ff05fb354fcf3ee81c1,0.8,1.0,0.9,1.2,1.0,0.9777777777777777,0.1,0.426613693472111,0.12382598689696497,0.05375671545235791,0.12701672020887678,0.37285697801975304,10,90,w1_no_operating_threshold,nan,nan,nan,,,,,,,,
GTSinger_same_text_control,hubert_l6,6,167,wcos_oas_query,oas_whitened_cosine,pooled_train_midpoint,query,OAS,4ff05fb354fcf3ee81c1,0.8,1.0,0.9,1.2,1.0,0.9788888888888889,0.1,0.4277793589950491,0.12377882032743688,0.05499278405659924,0.12691961350110556,0.37278657493844986,10,90,w1_no_operating_threshold,nan,nan,nan,,,,,,,,
GTSinger_same_text_control,hubert_l6,6,167,cos_om_none,cosine,pooled_train_midpoint,none,none,5f4254e7dad85efb33fc,0.4,1.0,0.6583333333333333,1.9,2.0,0.85,0.2,-0.14740975243300225,0.1487891148520002,-0.3998477626363479,0.19269043225752924,0.25243801020334566,10,90,insufficient_resolution/non_independent_calibration,nan,nan,nan,,,DE-Tenor-1;EN-Alto-2;EN-Tenor-1;ES-Soprano-1;IT-Bass-2;IT-Soprano-1;KO-Soprano-2;RU-Alto-1;ZH-Alto-1;ZH-Tenor-1,,DE-Soprano-1;EN-Alto-1;ES-Bass-1;FR-Soprano-1;FR-Tenor-1;IT-Bass-1;JA-Soprano-1;JA-Tenor-1;KO-Soprano-1;KO-Tenor-1,m1_om,0,copied_from_identity_residual_metric_robustness_2026-07-13
GTSinger_same_text_control,hubert_l6,6,167,cos_o0_query,cosine,zero,query,none,5f4254e7dad85efb33fc,0.7,0.9,0.7933333333333333,2.2,1.0,0.8555555555555555,0.2,0.991911206040432,0.004398769693222524,0.9850744479891635,0.0052910115952759474,0.006836758051268488,10,90,insufficient_resolution/non_independent_calibration,nan,nan,nan,,,DE-Tenor-1;EN-Alto-2;EN-Tenor-1;ES-Soprano-1;IT-Bass-2;IT-Soprano-1;KO-Soprano-2;RU-Alto-1;ZH-Alto-1;ZH-Tenor-1,,DE-Soprano-1;EN-Alto-1;ES-Bass-1;FR-Soprano-1;FR-Tenor-1;IT-Bass-1;JA-Soprano-1;JA-Tenor-1;KO-Soprano-1;KO-Tenor-1,m1_o0,1,copied_from_identity_residual_metric_robustness_2026-07-13
GTSinger_same_text_control,hubert_l6,6,173,wcos_diag_none,diagonal_whitened_cosine,pooled_train_midpoint,none,diagonal_variance,34dc2d7c8984e190aa6e,0.4,0.8,0.5527777777777778,3.2,3.0,0.8022222222222222,0.20555555555555555,-0.017795865602540643,0.20295771349297664,-0.2439651751200456,0.18638802887353212,0.22616930951750494,10,90,w1_no_operating_threshold,nan,nan,nan,,,,,,,,
GTSinger_same_text_control,hubert_l6,6,173,wcos_diag_query,diagonal_whitened_cosine,pooled_train_midpoint,query,diagonal_variance,34dc2d7c8984e190aa6e,0.8,0.9,0.8625,1.8,1.0,0.9088888888888889,0.1,0.5370719686432344,0.13476693226249828,0.29597094609854957,0.15376493820795165,0.2411010225446848,10,90,w1_no_operating_threshold,nan,nan,nan,,,,,,,,
GTSinger_same_text_control,hubert_l6,6,173,wcos_oas_none,oas_whitened_cosine,pooled_train_midpoint,none,OAS,1ef0aea5913d654d57b5,1.0,1.0,1.0,1.0,1.0,0.9966666666666667,0.016666666666666666,0.4425729449214442,0.09900897767744536,0.025995214347069546,0.13334884330186836,0.4165777305743747,10,90,w1_no_operating_threshold,nan,nan,nan,,,,,,,,
GTSinger_same_text_control,hubert_l6,6,173,wcos_oas_query,oas_whitened_cosine,pooled_train_midpoint,query,OAS,1ef0aea5913d654d57b5,1.0,1.0,1.0,1.0,1.0,0.9966666666666667,0.016666666666666666,0.44373186164226885,0.09919762136580214,0.027164985858527786,0.13346188395815936,0.4165668757837411,10,90,w1_no_operating_threshold,nan,nan,nan,,,,,,,,
GTSinger_same_text_control,hubert_l6,6,173,cos_om_none,cosine,pooled_train_midpoint,none,none,d85cb6ea50732afdd299,0.5,0.9,0.6333333333333333,2.5,2.0,0.8422222222222222,0.2,-0.18133440898959524,0.14910738427581546,-0.4156866932224038,0.16961976826206454,0.23435228423280857,10,90,insufficient_resolution/non_independent_calibration,nan,nan,nan,,,DE-Soprano-1;DE-Tenor-1;EN-Alto-1;EN-Alto-2;ES-Soprano-1;FR-Soprano-1;FR-Tenor-1;IT-Bass-1;IT-Bass-2;JA-Tenor-1,,EN-Tenor-1;ES-Bass-1;IT-Soprano-1;JA-Soprano-1;KO-Soprano-1;KO-Soprano-2;KO-Tenor-1;RU-Alto-1;ZH-Alto-1;ZH-Tenor-1,m1_om,0,copied_from_identity_residual_metric_robustness_2026-07-13
GTSinger_same_text_control,hubert_l6,6,173,cos_o0_query,cosine,zero,query,none,d85cb6ea50732afdd299,0.7,1.0,0.8333333333333333,1.4,1.0,0.9166666666666666,0.1,0.9923410272318698,0.0024060029353005483,0.9865928447397693,0.003973865474062436,0.005748182492100518,10,90,insufficient_resolution/non_independent_calibration,nan,nan,nan,,,DE-Soprano-1;DE-Tenor-1;EN-Alto-1;EN-Alto-2;ES-Soprano-1;FR-Soprano-1;FR-Tenor-1;IT-Bass-1;IT-Bass-2;JA-Tenor-1,,EN-Tenor-1;ES-Bass-1;IT-Soprano-1;JA-Soprano-1;KO-Soprano-1;KO-Soprano-2;KO-Tenor-1;RU-Alto-1;ZH-Alto-1;ZH-Tenor-1,m1_o0,1,copied_from_identity_residual_metric_robustness_2026-07-13
GTSinger_same_text_control,hubert_l6,6,179,wcos_diag_none,diagonal_whitened_cosine,pooled_train_midpoint,none,diagonal_variance,c8ac6eadba0dddc9432a,0.4,0.9,0.5592857142857144,3.0,3.0,0.7955555555555556,0.3111111111111111,0.024967645912113555,0.15968014507547149,-0.23648786742619912,0.22743614448301358,0.2614555133383127,10,90,w1_no_operating_threshold,nan,nan,nan,,,,,,,,
GTSinger_same_text_control,hubert_l6,6,179,wcos_diag_query,diagonal_whitened_cosine,pooled_train_midpoint,query,diagonal_variance,c8ac6eadba0dddc9432a,0.8,0.9,0.8642857142857142,1.7,1.0,0.9144444444444444,0.1,0.5947400131333548,0.11149547595492199,0.3335520601867836,0.1426718154323609,0.26118795294657116,10,90,w1_no_operating_threshold,nan,nan,nan,,,,,,,,
GTSinger_same_text_control,hubert_l6,6,179,wcos_oas_none,oas_whitened_cosine,pooled_train_midpoint,none,OAS,589809a406dd6444cd02,0.9,0.9,0.9125,1.7,1.0,0.9077777777777778,0.1,0.4406106401695678,0.19499181648548028,0.07223847047768633,0.1306063505900343,0.36837216969188147,10,90,w1_no_operating_threshold,nan,nan,nan,,,,,,,,
GTSinger_same_text_control,hubert_l6,6,179,wcos_oas_query,oas_whitened_cosine,pooled_train_midpoint,query,OAS,589809a406dd6444cd02,0.9,0.9,0.9125,1.7,1.0,0.9077777777777778,0.1,0.44158431509419305,0.19500885964101755,0.07326198566058065,0.13061018180198775,0.3683223294336124,10,90,w1_no_operating_threshold,nan,nan,nan,,,,,,,,
GTSinger_same_text_control,hubert_l6,6,179,cos_om_none,cosine,pooled_train_midpoint,none,none,f86261016300ffa46c25,0.5,1.0,0.6366666666666666,2.4,2.0,0.8611111111111112,0.2833333333333333,-0.16347358389786434,0.09770979367360523,-0.40243390756616837,0.1856423437474932,0.23896032366830403,10,90,insufficient_resolution/non_independent_calibration,nan,nan,nan,,,DE-Soprano-1;EN-Alto-1;EN-Alto-2;EN-Tenor-1;IT-Bass-1;JA-Soprano-1;JA-Tenor-1;KO-Soprano-1;KO-Tenor-1;ZH-Tenor-1,,DE-Tenor-1;ES-Bass-1;ES-Soprano-1;FR-Soprano-1;FR-Tenor-1;IT-Bass-2;IT-Soprano-1;KO-Soprano-2;RU-Alto-1;ZH-Alto-1,m1_om,0,copied_from_identity_residual_metric_robustness_2026-07-13
GTSinger_same_text_control,hubert_l6,6,179,cos_o0_query,cosine,zero,query,none,f86261016300ffa46c25,0.8,1.0,0.875,1.4,1.0,0.8611111111111112,0.19444444444444445,0.9913125681593546,0.005443821635782964,0.9846281095832912,0.005907823642185387,0.006684458576063479,10,90,insufficient_resolution/non_independent_calibration,nan,nan,nan,,,DE-Soprano-1;EN-Alto-1;EN-Alto-2;EN-Tenor-1;IT-Bass-1;JA-Soprano-1;JA-Tenor-1;KO-Soprano-1;KO-Tenor-1;ZH-Tenor-1,,DE-Tenor-1;ES-Bass-1;ES-Soprano-1;FR-Soprano-1;FR-Tenor-1;IT-Bass-2;IT-Soprano-1;KO-Soprano-2;RU-Alto-1;ZH-Alto-1,m1_o0,1,copied_from_identity_residual_metric_robustness_2026-07-13
GTSinger_same_text_control,hubert_l6,6,181,wcos_diag_none,diagonal_whitened_cosine,pooled_train_midpoint,none,diagonal_variance,b9086375767b4c068350,0.5,0.8,0.6092857142857143,3.0,2.0,0.8088888888888889,0.2222222222222222,-0.04179719535544908,0.18961569343139595,-0.29407424420240896,0.20637540116456618,0.2522770488469599,10,90,w1_no_operating_threshold,nan,nan,nan,,,,,,,,
GTSinger_same_text_control,hubert_l6,6,181,wcos_diag_query,diagonal_whitened_cosine,pooled_train_midpoint,query,diagonal_variance,b9086375767b4c068350,0.9,1.0,0.9333333333333332,1.2,1.0,0.9433333333333334,0.09444444444444444,0.6296185197993697,0.0665884663871261,0.363144816389885,0.15306547073331583,0.2664737034094847,10,90,w1_no_operating_threshold,nan,nan,nan,,,,,,,,
GTSinger_same_text_control,hubert_l6,6,181,wcos_oas_none,oas_whitened_cosine,pooled_train_midpoint,none,OAS,bbc686173b2160766a96,1.0,1.0,1.0,1.0,1.0,0.9911111111111112,0.011111111111111112,0.43967718899684327,0.11407584788362145,0.025695666323538556,0.11107340931397944,0.41398152267330474,10,90,w1_no_operating_threshold,nan,nan,nan,,,,,,,,
GTSinger_same_text_control,hubert_l6,6,181,wcos_oas_query,oas_whitened_cosine,pooled_train_midpoint,query,OAS,bbc686173b2160766a96,1.0,1.0,1.0,1.0,1.0,0.9911111111111112,0.011111111111111112,0.44105005339207304,0.1140226347374749,0.02713582998101542,0.11095718729596546,0.4139142234110576,10,90,w1_no_operating_threshold,nan,nan,nan,,,,,,,,
GTSinger_same_text_control,hubert_l6,6,181,cos_om_none,cosine,pooled_train_midpoint,none,none,be34b055419cd648add0,0.7,1.0,0.8083333333333332,1.6,1.0,0.8877777777777778,0.12222222222222222,-0.17028290508900237,0.12551498393415988,-0.4303177846848521,0.1733501241431361,0.2600348795958497,10,90,insufficient_resolution/non_independent_calibration,nan,nan,nan,,,DE-Soprano-1;EN-Alto-1;ES-Bass-1;FR-Soprano-1;IT-Bass-2;IT-Soprano-1;JA-Soprano-1;JA-Tenor-1;KO-Soprano-1;ZH-Alto-1,,DE-Tenor-1;EN-Alto-2;EN-Tenor-1;ES-Soprano-1;FR-Tenor-1;IT-Bass-1;KO-Soprano-2;KO-Tenor-1;RU-Alto-1;ZH-Tenor-1,m1_om,0,copied_from_identity_residual_metric_robustness_2026-07-13
GTSinger_same_text_control,hubert_l6,6,181,cos_o0_query,cosine,zero,query,none,be34b055419cd648add0,0.9,1.0,0.925,1.3,1.0,0.9555555555555556,0.10555555555555556,0.993254779932571,0.0015345911685590928,0.9861322984883423,0.004013766681938072,0.007122481444228779,10,90,insufficient_resolution/non_independent_calibration,nan,nan,nan,,,DE-Soprano-1;EN-Alto-1;ES-Bass-1;FR-Soprano-1;IT-Bass-2;IT-Soprano-1;JA-Soprano-1;JA-Tenor-1;KO-Soprano-1;ZH-Alto-1,,DE-Tenor-1;EN-Alto-2;EN-Tenor-1;ES-Soprano-1;FR-Tenor-1;IT-Bass-1;KO-Soprano-2;KO-Tenor-1;RU-Alto-1;ZH-Tenor-1,m1_o0,1,copied_from_identity_residual_metric_robustness_2026-07-13
GTSinger_same_text_control,hubert_l6,6,191,wcos_diag_none,diagonal_whitened_cosine,pooled_train_midpoint,none,diagonal_variance,685c46503e240537bd66,0.4,0.9,0.5825,2.8,2.5,0.8488888888888889,0.21666666666666667,-0.038832091941769384,0.17964485894816884,-0.3076968828685862,0.19106869259447878,0.2688647909268168,10,90,w1_no_operating_threshold,nan,nan,nan,,,,,,,,
GTSinger_same_text_control,hubert_l6,6,191,wcos_diag_query,diagonal_whitened_cosine,pooled_train_midpoint,query,diagonal_variance,685c46503e240537bd66,0.9,1.0,0.95,1.1,1.0,0.9766666666666667,0.08888888888888889,0.6076535530302261,0.06548091071565648,0.332577316387634,0.12985674852166723,0.27507623664259206,10,90,w1_no_operating_threshold,nan,nan,nan,,,,,,,,
GTSinger_same_text_control,hubert_l6,6,191,wcos_oas_none,oas_whitened_cosine,pooled_train_midpoint,none,OAS,55a84dff3c0e5d7d0949,0.9,0.9,0.9099999999999999,1.9,1.0,0.9133333333333333,0.1,0.4523886905472646,0.21205810082133036,0.03082277341794985,0.13157258594426166,0.42156591712931474,10,90,w1_no_operating_threshold,nan,nan,nan,,,,,,,,
GTSinger_same_text_control,hubert_l6,6,191,wcos_oas_query,oas_whitened_cosine,pooled_train_midpoint,query,OAS,55a84dff3c0e5d7d0949,0.9,0.9,0.9099999999999999,1.9,1.0,0.9133333333333333,0.1,0.4535827341431073,0.21209265429466195,0.03203582820277615,0.13153133380663434,0.4215469059403311,10,90,w1_no_operating_threshold,nan,nan,nan,,,,,,,,
GTSinger_same_text_control,hubert_l6,6,191,cos_om_none,cosine,pooled_train_midpoint,none,none,d1ad5a33798f0cc91854,0.7,0.9,0.8,1.8,1.0,0.87,0.2222222222222222,-0.19824255867275228,0.15290931791041137,-0.4431713039083344,0.1596019664010446,0.24492874523558214,10,90,insufficient_resolution/non_independent_calibration,nan,nan,nan,,,DE-Tenor-1;EN-Tenor-1;ES-Bass-1;ES-Soprano-1;FR-Soprano-1;FR-Tenor-1;IT-Bass-1;JA-Soprano-1;ZH-Alto-1;ZH-Tenor-1,,DE-Soprano-1;EN-Alto-1;EN-Alto-2;IT-Bass-2;IT-Soprano-1;JA-Tenor-1;KO-Soprano-1;KO-Soprano-2;KO-Tenor-1;RU-Alto-1,m1_om,0,copied_from_identity_residual_metric_robustness_2026-07-13
GTSinger_same_text_control,hubert_l6,6,191,cos_o0_query,cosine,zero,query,none,d1ad5a33798f0cc91854,0.8,0.9,0.861111111111111,1.9,1.0,0.8344444444444444,0.2,0.9916163986357933,0.0064135732619092535,0.9855292381753814,0.00615752091433567,0.006087160460411911,10,90,insufficient_resolution/non_independent_calibration,nan,nan,nan,,,DE-Tenor-1;EN-Tenor-1;ES-Bass-1;ES-Soprano-1;FR-Soprano-1;FR-Tenor-1;IT-Bass-1;JA-Soprano-1;ZH-Alto-1;ZH-Tenor-1,,DE-Soprano-1;EN-Alto-1;EN-Alto-2;IT-Bass-2;IT-Soprano-1;JA-Tenor-1;KO-Soprano-1;KO-Soprano-2;KO-Tenor-1;RU-Alto-1,m1_o0,1,copied_from_identity_residual_metric_robustness_2026-07-13
GTSinger_same_text_control,hubert_l6,6,193,wcos_diag_none,diagonal_whitened_cosine,pooled_train_midpoint,none,diagonal_variance,85fa99f839f9acdfe253,0.6,1.0,0.7583333333333333,1.7,1.0,0.8366666666666667,0.2,-0.04971122117070673,0.11582762032938955,-0.27390027881472473,0.18429717759472083,0.224189057644018,10,90,w1_no_operating_threshold,nan,nan,nan,,,,,,,,
GTSinger_same_text_control,hubert_l6,6,193,wcos_diag_query,diagonal_whitened_cosine,pooled_train_midpoint,query,diagonal_variance,85fa99f839f9acdfe253,0.8,1.0,0.8833333333333332,1.3,1.0,0.9288888888888889,0.18333333333333335,0.6530460636979096,0.0670614761564797,0.4525477196085867,0.1086297266995418,0.20049834408932293,10,90,w1_no_operating_threshold,nan,nan,nan,,,,,,,,
GTSinger_same_text_control,hubert_l6,6,193,wcos_oas_none,oas_whitened_cosine,pooled_train_midpoint,none,OAS,a91723fa1de04c28836c,0.9,1.0,0.925,1.3,1.0,0.9688888888888889,0.1,0.4085848124796825,0.10428368464334824,0.06621773880640136,0.1250861119533455,0.3423670736732811,10,90,w1_no_operating_threshold,nan,nan,nan,,,,,,,,
GTSinger_same_text_control,hubert_l6,6,193,wcos_oas_query,oas_whitened_cosine,pooled_train_midpoint,query,OAS,a91723fa1de04c28836c,0.9,1.0,0.925,1.3,1.0,0.9677777777777777,0.1,0.4095189448423547,0.10437656224707281,0.06721659138976116,0.12493296551801629,0.3423023534525935,10,90,w1_no_operating_threshold,nan,nan,nan,,,,,,,,
GTSinger_same_text_control,hubert_l6,6,193,cos_om_none,cosine,pooled_train_midpoint,none,none,9a7a4e47142a6f46f74b,0.6,1.0,0.7416666666666666,1.8,1.0,0.7733333333333333,0.2111111111111111,-0.1639490276010689,0.17922159479129204,-0.38050266161955865,0.20632618913784123,0.21655363401848976,10,90,insufficient_resolution/non_independent_calibration,nan,nan,nan,,,EN-Alto-1;EN-Tenor-1;ES-Bass-1;ES-Soprano-1;FR-Soprano-1;IT-Soprano-1;JA-Tenor-1;KO-Soprano-2;RU-Alto-1;ZH-Tenor-1,,DE-Soprano-1;DE-Tenor-1;EN-Alto-2;FR-Tenor-1;IT-Bass-1;IT-Bass-2;JA-Soprano-1;KO-Soprano-1;KO-Tenor-1;ZH-Alto-1,m1_om,0,copied_from_identity_residual_metric_robustness_2026-07-13
GTSinger_same_text_control,hubert_l6,6,193,cos_o0_query,cosine,zero,query,none,9a7a4e47142a6f46f74b,0.6,0.9,0.7458333333333333,2.1,1.0,0.8322222222222222,0.2111111111111111,0.9907647924082366,0.006019503586348626,0.9840038882648537,0.005847701163987016,0.006760904143382818,10,90,insufficient_resolution/non_independent_calibration,nan,nan,nan,,,EN-Alto-1;EN-Tenor-1;ES-Bass-1;ES-Soprano-1;FR-Soprano-1;IT-Soprano-1;JA-Tenor-1;KO-Soprano-2;RU-Alto-1;ZH-Tenor-1,,DE-Soprano-1;DE-Tenor-1;EN-Alto-2;FR-Tenor-1;IT-Bass-1;IT-Bass-2;JA-Soprano-1;KO-Soprano-1;KO-Tenor-1;ZH-Alto-1,m1_o0,1,copied_from_identity_residual_metric_robustness_2026-07-13
GTSinger_same_text_control,hubert_l6,6,197,wcos_diag_none,diagonal_whitened_cosine,pooled_train_midpoint,none,diagonal_variance,a8fef4db572ae5270492,0.3,0.9,0.5892857142857142,2.4,2.0,0.8311111111111111,0.2,-0.1467259435268469,0.15890911022211657,-0.3700121969684522,0.15115220669463456,0.22328625344160533,10,90,w1_no_operating_threshold,nan,nan,nan,,,,,,,,
GTSinger_same_text_control,hubert_l6,6,197,wcos_diag_query,diagonal_whitened_cosine,pooled_train_midpoint,query,diagonal_variance,a8fef4db572ae5270492,0.8,1.0,0.9,1.2,1.0,0.9433333333333334,0.1,0.6046520028247881,0.061853501516945054,0.38969303040778314,0.1228644586874183,0.214958972417005,10,90,w1_no_operating_threshold,nan,nan,nan,,,,,,,,
GTSinger_same_text_control,hubert_l6,6,197,wcos_oas_none,oas_whitened_cosine,pooled_train_midpoint,none,OAS,ea3b1242de4ba0acf75f,1.0,1.0,1.0,1.0,1.0,0.9922222222222222,0.022222222222222223,0.3889705287195125,0.08941188701760823,0.034749217160957815,0.11063597387362799,0.3542213115585547,10,90,w1_no_operating_threshold,nan,nan,nan,,,,,,,,
GTSinger_same_text_control,hubert_l6,6,197,wcos_oas_query,oas_whitened_cosine,pooled_train_midpoint,query,OAS,ea3b1242de4ba0acf75f,1.0,1.0,1.0,1.0,1.0,0.9922222222222222,0.022222222222222223,0.3904343234129347,0.08965237012132918,0.036245694623361024,0.11064267644795302,0.3541886287895737,10,90,w1_no_operating_threshold,nan,nan,nan,,,,,,,,
GTSinger_same_text_control,hubert_l6,6,197,cos_om_none,cosine,pooled_train_midpoint,none,none,4bbb8f6a6f6f9da8298a,0.8,1.0,0.9,1.2,1.0,0.9111111111111111,0.2,-0.24219395216737252,0.1334356335233898,-0.48347315761974846,0.1302499080551163,0.24127920545237594,10,90,insufficient_resolution/non_independent_calibration,nan,nan,nan,,,DE-Soprano-1;DE-Tenor-1;EN-Alto-1;ES-Bass-1;ES-Soprano-1;FR-Soprano-1;IT-Bass-2;KO-Tenor-1;RU-Alto-1;ZH-Tenor-1,,EN-Alto-2;EN-Tenor-1;FR-Tenor-1;IT-Bass-1;IT-Soprano-1;JA-Soprano-1;JA-Tenor-1;KO-Soprano-1;KO-Soprano-2;ZH-Alto-1,m1_om,0,copied_from_identity_residual_metric_robustness_2026-07-13
GTSinger_same_text_control,hubert_l6,6,197,cos_o0_query,cosine,zero,query,none,4bbb8f6a6f6f9da8298a,0.6,0.9,0.7433333333333334,2.3,1.0,0.8522222222222222,0.2,0.9907482926039546,0.004602278236042943,0.9839856135901672,0.006113405200749279,0.006762679013787354,10,90,insufficient_resolution/non_independent_calibration,nan,nan,nan,,,DE-Soprano-1;DE-Tenor-1;EN-Alto-1;ES-Bass-1;ES-Soprano-1;FR-Soprano-1;IT-Bass-2;KO-Tenor-1;RU-Alto-1;ZH-Tenor-1,,EN-Alto-2;EN-Tenor-1;FR-Tenor-1;IT-Bass-1;IT-Soprano-1;JA-Soprano-1;JA-Tenor-1;KO-Soprano-1;KO-Soprano-2;ZH-Alto-1,m1_o0,1,copied_from_identity_residual_metric_robustness_2026-07-13
GTSinger_same_text_control,hubert_l6,6,199,wcos_diag_none,diagonal_whitened_cosine,pooled_train_midpoint,none,diagonal_variance,826f9618115b5053ff5f,0.4,0.9,0.6666666666666667,2.0,2.0,0.8655555555555555,0.2,-0.09503097638239198,0.1262968245144206,-0.3466799698734618,0.16579003159562838,0.2516489934910698,10,90,w1_no_operating_threshold,nan,nan,nan,,,,,,,,
GTSinger_same_text_control,hubert_l6,6,199,wcos_diag_query,diagonal_whitened_cosine,pooled_train_midpoint,query,diagonal_variance,826f9618115b5053ff5f,0.8,1.0,0.9,1.2,1.0,0.97,0.1,0.6369557707947683,0.0704804314056378,0.3930530830308856,0.11511096515283073,0.2439026877638827,10,90,w1_no_operating_threshold,nan,nan,nan,,,,,,,,
GTSinger_same_text_control,hubert_l6,6,199,wcos_oas_none,oas_whitened_cosine,pooled_train_midpoint,none,OAS,74fdefb3bdc9841c5742,0.9,0.9,0.9111111111111111,1.8,1.0,0.9144444444444444,0.1,0.3776999639881385,0.18563917722778137,0.019984067438968783,0.10313042199253286,0.3577158965491697,10,90,w1_no_operating_threshold,nan,nan,nan,,,,,,,,
GTSinger_same_text_control,hubert_l6,6,199,wcos_oas_query,oas_whitened_cosine,pooled_train_midpoint,query,OAS,74fdefb3bdc9841c5742,0.9,0.9,0.9111111111111111,1.8,1.0,0.9144444444444444,0.1,0.37901894847397255,0.1858629254757286,0.021285792426998264,0.10326166079940685,0.3577331560469743,10,90,w1_no_operating_threshold,nan,nan,nan,,,,,,,,
GTSinger_same_text_control,hubert_l6,6,199,cos_om_none,cosine,pooled_train_midpoint,none,none,38a70bf48aeef3514a1c,0.8,1.0,0.8833333333333332,1.3,1.0,0.8966666666666666,0.2,-0.23467159785080344,0.11618558945615926,-0.47715681525745873,0.13861385790226602,0.2424852174066553,10,90,insufficient_resolution/non_independent_calibration,nan,nan,nan,,,DE-Soprano-1;EN-Alto-2;EN-Tenor-1;ES-Bass-1;ES-Soprano-1;FR-Tenor-1;IT-Bass-1;KO-Soprano-1;RU-Alto-1;ZH-Tenor-1,,DE-Tenor-1;EN-Alto-1;FR-Soprano-1;IT-Bass-2;IT-Soprano-1;JA-Soprano-1;JA-Tenor-1;KO-Soprano-2;KO-Tenor-1;ZH-Alto-1,m1_om,0,copied_from_identity_residual_metric_robustness_2026-07-13
GTSinger_same_text_control,hubert_l6,6,199,cos_o0_query,cosine,zero,query,none,38a70bf48aeef3514a1c,0.7,0.9,0.78,2.4,1.0,0.7855555555555556,0.3,0.990356236547014,0.006821360502179445,0.9838200173491585,0.006476712538196526,0.0065362191978555195,10,90,insufficient_resolution/non_independent_calibration,nan,nan,nan,,,DE-Soprano-1;EN-Alto-2;EN-Tenor-1;ES-Bass-1;ES-Soprano-1;FR-Tenor-1;IT-Bass-1;KO-Soprano-1;RU-Alto-1;ZH-Tenor-1,,DE-Tenor-1;EN-Alto-1;FR-Soprano-1;IT-Bass-2;IT-Soprano-1;JA-Soprano-1;JA-Tenor-1;KO-Soprano-2;KO-Tenor-1;ZH-Alto-1,m1_o0,1,copied_from_identity_residual_metric_robustness_2026-07-13
GTSinger_same_text_control,hubert_l6,6,211,wcos_diag_none,diagonal_whitened_cosine,pooled_train_midpoint,none,diagonal_variance,81d006f1b37830cc1e39,0.4,1.0,0.6283333333333333,2.2,2.0,0.8088888888888889,0.2,-0.0780787737606875,0.1418852259482777,-0.29782219319651243,0.19390387376851342,0.21974341943582493,10,90,w1_no_operating_threshold,nan,nan,nan,,,,,,,,
GTSinger_same_text_control,hubert_l6,6,211,wcos_diag_query,diagonal_whitened_cosine,pooled_train_midpoint,query,diagonal_variance,81d006f1b37830cc1e39,0.6,1.0,0.7833333333333333,1.5,1.0,0.9055555555555556,0.19444444444444445,0.6202686796206252,0.06273704144677487,0.42652824659403954,0.13142355085969284,0.1937404330265856,10,90,w1_no_operating_threshold,nan,nan,nan,,,,,,,,
GTSinger_same_text_control,hubert_l6,6,211,wcos_oas_none,oas_whitened_cosine,pooled_train_midpoint,none,OAS,b16c87c163aa7e1ae93b,0.9,1.0,0.9333333333333332,1.2,1.0,0.9766666666666667,0.1,0.40260946848467005,0.09731041824384533,0.03008538385127416,0.139472860440217,0.37252408463339587,10,90,w1_no_operating_threshold,nan,nan,nan,,,,,,,,
GTSinger_same_text_control,hubert_l6,6,211,wcos_oas_query,oas_whitened_cosine,pooled_train_midpoint,query,OAS,b16c87c163aa7e1ae93b,0.9,1.0,0.9333333333333332,1.2,1.0,0.9755555555555555,0.1,0.4036430367112149,0.09761153282895355,0.031120932016909162,0.1393596440184192,0.3725221046943057,10,90,w1_no_operating_threshold,nan,nan,nan,,,,,,,,
GTSinger_same_text_control,hubert_l6,6,211,cos_om_none,cosine,pooled_train_midpoint,none,none,b77700b2287f6f21a504,0.7,1.0,0.7916666666666666,1.7,1.0,0.8033333333333333,0.28888888888888886,-0.2029626587859008,0.16896092686050063,-0.42340765010550996,0.2044659508653228,0.22044499131960915,10,90,insufficient_resolution/non_independent_calibration,nan,nan,nan,,,DE-Soprano-1;EN-Alto-1;EN-Alto-2;ES-Bass-1;FR-Soprano-1;JA-Tenor-1;KO-Soprano-2;KO-Tenor-1;RU-Alto-1;ZH-Alto-1,,DE-Tenor-1;EN-Tenor-1;ES-Soprano-1;FR-Tenor-1;IT-Bass-1;IT-Bass-2;IT-Soprano-1;JA-Soprano-1;KO-Soprano-1;ZH-Tenor-1,m1_om,0,copied_from_identity_residual_metric_robustness_2026-07-13
GTSinger_same_text_control,hubert_l6,6,211,cos_o0_query,cosine,zero,query,none,b77700b2287f6f21a504,0.6,0.9,0.7642857142857142,1.9,1.0,0.8422222222222222,0.2,0.9905613029768562,0.005659498018948777,0.9839610464770507,0.005642600031592815,0.006600256499805446,10,90,insufficient_resolution/non_independent_calibration,nan,nan,nan,,,DE-Soprano-1;EN-Alto-1;EN-Alto-2;ES-Bass-1;FR-Soprano-1;JA-Tenor-1;KO-Soprano-2;KO-Tenor-1;RU-Alto-1;ZH-Alto-1,,DE-Tenor-1;EN-Tenor-1;ES-Soprano-1;FR-Tenor-1;IT-Bass-1;IT-Bass-2;IT-Soprano-1;JA-Soprano-1;KO-Soprano-1;ZH-Tenor-1,m1_o0,1,copied_from_identity_residual_metric_robustness_2026-07-13
GTSinger_same_text_control,hubert_l6,6,223,wcos_diag_none,diagonal_whitened_cosine,pooled_train_midpoint,none,diagonal_variance,b60ef5fd1db88fb5f9b8,0.5,0.9,0.6583333333333333,2.3,1.5,0.8877777777777778,0.2,-0.03289770635643503,0.10348908343382895,-0.29470893869168113,0.1850404206757639,0.2618112323352461,10,90,w1_no_operating_threshold,nan,nan,nan,,,,,,,,
GTSinger_same_text_control,hubert_l6,6,223,wcos_diag_query,diagonal_whitened_cosine,pooled_train_midpoint,query,diagonal_variance,b60ef5fd1db88fb5f9b8,0.7,0.9,0.780952380952381,2.0,1.0,0.9011111111111111,0.1,0.5983168936814821,0.11845075794812712,0.35265570850343486,0.1389318910162235,0.24566118517804725,10,90,w1_no_operating_threshold,nan,nan,nan,,,,,,,,
GTSinger_same_text_control,hubert_l6,6,223,wcos_oas_none,oas_whitened_cosine,pooled_train_midpoint,none,OAS,5be685e6d215e38e33da,1.0,1.0,1.0,1.0,1.0,0.9988888888888889,0.005555555555555556,0.4362876183760904,0.11132414846697757,0.018820407173334244,0.11632013724686183,0.4174672112027562,10,90,w1_no_operating_threshold,nan,nan,nan,,,,,,,,
GTSinger_same_text_control,hubert_l6,6,223,wcos_oas_query,oas_whitened_cosine,pooled_train_midpoint,query,OAS,5be685e6d215e38e33da,1.0,1.0,1.0,1.0,1.0,0.9988888888888889,0.005555555555555556,0.43724491447725955,0.11131217069794751,0.019872288014107866,0.11623462730707111,0.4173726264631517,10,90,w1_no_operating_threshold,nan,nan,nan,,,,,,,,
GTSinger_same_text_control,hubert_l6,6,223,cos_om_none,cosine,pooled_train_midpoint,none,none,fb7829c915c69e27c2ff,0.6,1.0,0.775,1.6,1.0,0.9066666666666666,0.18333333333333335,-0.13182135633978803,0.11334058154596456,-0.422269998175581,0.1964657875184153,0.29044864183579294,10,90,insufficient_resolution/non_independent_calibration,nan,nan,nan,,,DE-Soprano-1;EN-Alto-2;EN-Tenor-1;ES-Soprano-1;IT-Bass-2;IT-Soprano-1;JA-Tenor-1;KO-Soprano-2;KO-Tenor-1;ZH-Alto-1,,DE-Tenor-1;EN-Alto-1;ES-Bass-1;FR-Soprano-1;FR-Tenor-1;IT-Bass-1;JA-Soprano-1;KO-Soprano-1;RU-Alto-1;ZH-Tenor-1,m1_om,0,copied_from_identity_residual_metric_robustness_2026-07-13
GTSinger_same_text_control,hubert_l6,6,223,cos_o0_query,cosine,zero,query,none,fb7829c915c69e27c2ff,0.8,1.0,0.9,1.2,1.0,0.96,0.1,0.9922472417626051,0.0016798023348399743,0.9848006946084966,0.004124984993003848,0.007446547154108529,10,90,insufficient_resolution/non_independent_calibration,nan,nan,nan,,,DE-Soprano-1;EN-Alto-2;EN-Tenor-1;ES-Soprano-1;IT-Bass-2;IT-Soprano-1;JA-Tenor-1;KO-Soprano-2;KO-Tenor-1;ZH-Alto-1,,DE-Tenor-1;EN-Alto-1;ES-Bass-1;FR-Soprano-1;FR-Tenor-1;IT-Bass-1;JA-Soprano-1;KO-Soprano-1;RU-Alto-1;ZH-Tenor-1,m1_o0,1,copied_from_identity_residual_metric_robustness_2026-07-13
GTSinger_same_text_control,hubert_l6,6,227,wcos_diag_none,diagonal_whitened_cosine,pooled_train_midpoint,none,diagonal_variance,ca29b65301d8ecfb78cb,0.6,1.0,0.7366666666666666,1.9,1.0,0.91,0.17777777777777778,0.012918248990594003,0.1426876006500626,-0.2723480307426641,0.151901348309254,0.28526627973325813,10,90,w1_no_operating_threshold,nan,nan,nan,,,,,,,,
GTSinger_same_text_control,hubert_l6,6,227,wcos_diag_query,diagonal_whitened_cosine,pooled_train_midpoint,query,diagonal_variance,ca29b65301d8ecfb78cb,0.9,1.0,0.95,1.1,1.0,0.9922222222222222,0.016666666666666666,0.5324944164168981,0.05645709218249996,0.25207534919393576,0.13189427821777713,0.28041906722296234,10,90,w1_no_operating_threshold,nan,nan,nan,,,,,,,,
GTSinger_same_text_control,hubert_l6,6,227,wcos_oas_none,oas_whitened_cosine,pooled_train_midpoint,none,OAS,35cff607c8a6ad835c51,0.9,0.9,0.9166666666666667,1.5,1.0,0.9088888888888889,0.1,0.3972059516001659,0.19288680055983062,0.02758439980335403,0.10531681565853292,0.3696215517968119,10,90,w1_no_operating_threshold,nan,nan,nan,,,,,,,,
GTSinger_same_text_control,hubert_l6,6,227,wcos_oas_query,oas_whitened_cosine,pooled_train_midpoint,query,OAS,35cff607c8a6ad835c51,0.9,0.9,0.9166666666666667,1.5,1.0,0.9088888888888889,0.1,0.39833107444003957,0.1929770603824699,0.02866987858419068,0.10537572300702076,0.3696611958558489,10,90,w1_no_operating_threshold,nan,nan,nan,,,,,,,,
GTSinger_same_text_control,hubert_l6,6,227,cos_om_none,cosine,pooled_train_midpoint,none,none,11bfc552aa4e6bcba110,0.5,0.9,0.67,2.3,1.5,0.8444444444444444,0.2777777777777778,-0.15702651392062617,0.15183135425929276,-0.3988431345052858,0.1621960799181341,0.24181662058465964,10,90,insufficient_resolution/non_independent_calibration,nan,nan,nan,,,DE-Soprano-1;EN-Tenor-1;ES-Bass-1;FR-Soprano-1;FR-Tenor-1;IT-Bass-1;JA-Tenor-1;KO-Soprano-1;KO-Soprano-2;KO-Tenor-1,,DE-Tenor-1;EN-Alto-1;EN-Alto-2;ES-Soprano-1;IT-Bass-2;IT-Soprano-1;JA-Soprano-1;RU-Alto-1;ZH-Alto-1;ZH-Tenor-1,m1_om,0,copied_from_identity_residual_metric_robustness_2026-07-13
GTSinger_same_text_control,hubert_l6,6,227,cos_o0_query,cosine,zero,query,none,11bfc552aa4e6bcba110,0.8,1.0,0.875,1.4,1.0,0.8433333333333334,0.2,0.9906064984025971,0.005491162234346145,0.9842847952429484,0.006273622108578659,0.0063217031596486395,10,90,insufficient_resolution/non_independent_calibration,nan,nan,nan,,,DE-Soprano-1;EN-Tenor-1;ES-Bass-1;FR-Soprano-1;FR-Tenor-1;IT-Bass-1;JA-Tenor-1;KO-Soprano-1;KO-Soprano-2;KO-Tenor-1,,DE-Tenor-1;EN-Alto-1;EN-Alto-2;ES-Soprano-1;IT-Bass-2;IT-Soprano-1;JA-Soprano-1;RU-Alto-1;ZH-Alto-1;ZH-Tenor-1,m1_o0,1,copied_from_identity_residual_metric_robustness_2026-07-13
GTSinger_same_text_control,hubert_l6,6,229,wcos_diag_none,diagonal_whitened_cosine,pooled_train_midpoint,none,diagonal_variance,aa594a9efc4a11c3805e,0.5,0.8,0.6587301587301587,2.8,1.5,0.8144444444444444,0.2111111111111111,-0.08996857669749722,0.17462351138612942,-0.3096995022655737,0.15149721852132475,0.21973092556807647,10,90,w1_no_operating_threshold,nan,nan,nan,,,,,,,,
GTSinger_same_text_control,hubert_l6,6,229,wcos_diag_query,diagonal_whitened_cosine,pooled_train_midpoint,query,diagonal_variance,aa594a9efc4a11c3805e,0.7,1.0,0.8333333333333333,1.4,1.0,0.9477777777777778,0.1,0.5957007339998128,0.07147402457223027,0.36521195758878844,0.1338475472098866,0.2304887764110244,10,90,w1_no_operating_threshold,nan,nan,nan,,,,,,,,
GTSinger_same_text_control,hubert_l6,6,229,wcos_oas_none,oas_whitened_cosine,pooled_train_midpoint,none,OAS,3d623fa520ef0cb06aab,1.0,1.0,1.0,1.0,1.0,0.9933333333333333,0.08333333333333334,0.45928213158925224,0.09909974821241667,0.07277568943008268,0.1276558870467271,0.38650644215916957,10,90,w1_no_operating_threshold,nan,nan,nan,,,,,,,,
GTSinger_same_text_control,hubert_l6,6,229,wcos_oas_query,oas_whitened_cosine,pooled_train_midpoint,query,OAS,3d623fa520ef0cb06aab,1.0,1.0,1.0,1.0,1.0,0.9933333333333333,0.08333333333333334,0.4605777280260807,0.09914083461616591,0.0740440418142153,0.12757292977253154,0.3865336862118654,10,90,w1_no_operating_threshold,nan,nan,nan,,,,,,,,
GTSinger_same_text_control,hubert_l6,6,229,cos_om_none,cosine,pooled_train_midpoint,none,none,358f6e07b5f8923f3df1,0.6,0.9,0.7416666666666667,2.0,1.0,0.8666666666666667,0.21666666666666667,-0.2125648944314265,0.14937535138434974,-0.44498099696374804,0.15049705979204095,0.23241610253232153,10,90,insufficient_resolution/non_independent_calibration,nan,nan,nan,,,DE-Tenor-1;ES-Bass-1;ES-Soprano-1;FR-Soprano-1;IT-Bass-1;IT-Bass-2;IT-Soprano-1;KO-Tenor-1;RU-Alto-1;ZH-Alto-1,,DE-Soprano-1;EN-Alto-1;EN-Alto-2;EN-Tenor-1;FR-Tenor-1;JA-Soprano-1;JA-Tenor-1;KO-Soprano-1;KO-Soprano-2;ZH-Tenor-1,m1_om,0,copied_from_identity_residual_metric_robustness_2026-07-13
GTSinger_same_text_control,hubert_l6,6,229,cos_o0_query,cosine,zero,query,none,358f6e07b5f8923f3df1,0.6,0.9,0.76,2.2,1.0,0.8466666666666667,0.2,0.9912404385807569,0.0046086134912602635,0.9845898391862632,0.006057170611084391,0.00665059939449375,10,90,insufficient_resolution/non_independent_calibration,nan,nan,nan,,,DE-Tenor-1;ES-Bass-1;ES-Soprano-1;FR-Soprano-1;IT-Bass-1;IT-Bass-2;IT-Soprano-1;KO-Tenor-1;RU-Alto-1;ZH-Alto-1,,DE-Soprano-1;EN-Alto-1;EN-Alto-2;EN-Tenor-1;FR-Tenor-1;JA-Soprano-1;JA-Tenor-1;KO-Soprano-1;KO-Soprano-2;ZH-Tenor-1,m1_o0,1,copied_from_identity_residual_metric_robustness_2026-07-13
GTSinger_same_text_control,hubert_l6,6,233,wcos_diag_none,diagonal_whitened_cosine,pooled_train_midpoint,none,diagonal_variance,d0d61ed8f06562c6ba68,0.4,0.8,0.5933333333333333,3.0,2.0,0.8077777777777778,0.3,-0.022734328507609564,0.1838485236733533,-0.25150803997336535,0.18562259267499712,0.22877371146575579,10,90,w1_no_operating_threshold,nan,nan,nan,,,,,,,,
GTSinger_same_text_control,hubert_l6,6,233,wcos_diag_query,diagonal_whitened_cosine,pooled_train_midpoint,query,diagonal_variance,d0d61ed8f06562c6ba68,0.6,0.9,0.7625,2.0,1.0,0.9011111111111111,0.1111111111111111,0.5473593849759805,0.11686900243074975,0.3151015121494576,0.1525676643963172,0.23225787282652288,10,90,w1_no_operating_threshold,nan,nan,nan,,,,,,,,
GTSinger_same_text_control,hubert_l6,6,233,wcos_oas_none,oas_whitened_cosine,pooled_train_midpoint,none,OAS,0510b90fd4107ca5bc01,1.0,1.0,1.0,1.0,1.0,0.9955555555555555,0.022222222222222223,0.4507348532680752,0.11264478436631227,0.043783493542240134,0.11056778276965956,0.40695135972583507,10,90,w1_no_operating_threshold,nan,nan,nan,,,,,,,,
GTSinger_same_text_control,hubert_l6,6,233,wcos_oas_query,oas_whitened_cosine,pooled_train_midpoint,query,OAS,0510b90fd4107ca5bc01,1.0,1.0,1.0,1.0,1.0,0.9955555555555555,0.022222222222222223,0.4520114611475248,0.11252621136463331,0.045018102884891664,0.11039640370279975,0.4069933582626331,10,90,w1_no_operating_threshold,nan,nan,nan,,,,,,,,
GTSinger_same_text_control,hubert_l6,6,233,cos_om_none,cosine,pooled_train_midpoint,none,none,6da63cef7019f64605c9,0.5,0.9,0.6241666666666668,2.8,2.0,0.8133333333333334,0.28888888888888886,-0.167638359553743,0.16317707784593513,-0.3887333356735808,0.1831427740018974,0.2210949761198378,10,90,insufficient_resolution/non_independent_calibration,nan,nan,nan,,,DE-Soprano-1;DE-Tenor-1;EN-Alto-1;EN-Tenor-1;FR-Soprano-1;FR-Tenor-1;IT-Bass-1;IT-Bass-2;KO-Soprano-2;ZH-Tenor-1,,EN-Alto-2;ES-Bass-1;ES-Soprano-1;IT-Soprano-1;JA-Soprano-1;JA-Tenor-1;KO-Soprano-1;KO-Tenor-1;RU-Alto-1;ZH-Alto-1,m1_om,0,copied_from_identity_residual_metric_robustness_2026-07-13
GTSinger_same_text_control,hubert_l6,6,233,cos_o0_query,cosine,zero,query,none,6da63cef7019f64605c9,0.7,0.9,0.8099999999999999,2.1,1.0,0.8444444444444444,0.2,0.991658580631675,0.0039320478767669075,0.9859775985703646,0.005351470377233674,0.005680982061310402,10,90,insufficient_resolution/non_independent_calibration,nan,nan,nan,,,DE-Soprano-1;DE-Tenor-1;EN-Alto-1;EN-Tenor-1;FR-Soprano-1;FR-Tenor-1;IT-Bass-1;IT-Bass-2;KO-Soprano-2;ZH-Tenor-1,,EN-Alto-2;ES-Bass-1;ES-Soprano-1;IT-Soprano-1;JA-Soprano-1;JA-Tenor-1;KO-Soprano-1;KO-Tenor-1;RU-Alto-1;ZH-Alto-1,m1_o0,1,copied_from_identity_residual_metric_robustness_2026-07-13
GTSinger_same_text_control,hubert_l6,6,239,wcos_diag_none,diagonal_whitened_cosine,pooled_train_midpoint,none,diagonal_variance,c24d474ab0e55bce5df4,0.6,0.9,0.6761111111111111,2.9,1.0,0.7933333333333333,0.3,-0.023254596510282013,0.2022986832146715,-0.26928651560221556,0.19068137989556247,0.24603191909193356,10,90,w1_no_operating_threshold,nan,nan,nan,,,,,,,,
GTSinger_same_text_control,hubert_l6,6,239,wcos_diag_query,diagonal_whitened_cosine,pooled_train_midpoint,query,diagonal_variance,c24d474ab0e55bce5df4,0.7,0.9,0.8142857142857143,1.8,1.0,0.9155555555555556,0.1,0.5335668598208353,0.127190593438315,0.2681343341519378,0.1542778306961295,0.26543252566889747,10,90,w1_no_operating_threshold,nan,nan,nan,,,,,,,,
GTSinger_same_text_control,hubert_l6,6,239,wcos_oas_none,oas_whitened_cosine,pooled_train_midpoint,none,OAS,97917a65983f7b358a77,1.0,1.0,1.0,1.0,1.0,0.9922222222222222,0.022222222222222223,0.46217304777590595,0.12523585897795256,0.051941629111720636,0.12297262693636184,0.41023141866418533,10,90,w1_no_operating_threshold,nan,nan,nan,,,,,,,,
GTSinger_same_text_control,hubert_l6,6,239,wcos_oas_query,oas_whitened_cosine,pooled_train_midpoint,query,OAS,97917a65983f7b358a77,1.0,1.0,1.0,1.0,1.0,0.9922222222222222,0.022222222222222223,0.46339475581338274,0.12492653075110895,0.05304108320537726,0.12276466544748488,0.4103536726080055,10,90,w1_no_operating_threshold,nan,nan,nan,,,,,,,,
GTSinger_same_text_control,hubert_l6,6,239,cos_om_none,cosine,pooled_train_midpoint,none,none,55d5bb2ac5bd40df7e40,0.4,0.9,0.5608333333333333,3.1,2.5,0.78,0.3111111111111111,-0.1444715775675795,0.1987597414902634,-0.3818288810130222,0.2077762012864085,0.2373573034454427,10,90,insufficient_resolution/non_independent_calibration,nan,nan,nan,,,DE-Tenor-1;EN-Tenor-1;FR-Soprano-1;FR-Tenor-1;IT-Bass-1;IT-Bass-2;IT-Soprano-1;KO-Soprano-1;KO-Soprano-2;ZH-Tenor-1,,DE-Soprano-1;EN-Alto-1;EN-Alto-2;ES-Bass-1;ES-Soprano-1;JA-Soprano-1;JA-Tenor-1;KO-Tenor-1;RU-Alto-1;ZH-Alto-1,m1_om,0,copied_from_identity_residual_metric_robustness_2026-07-13
GTSinger_same_text_control,hubert_l6,6,239,cos_o0_query,cosine,zero,query,none,55d5bb2ac5bd40df7e40,0.8,0.9,0.861111111111111,1.9,1.0,0.8366666666666667,0.2,0.9917360724403345,0.003985474423183887,0.9857803869486841,0.005453829071011158,0.005955685491650375,10,90,insufficient_resolution/non_independent_calibration,nan,nan,nan,,,DE-Tenor-1;EN-Tenor-1;FR-Soprano-1;FR-Tenor-1;IT-Bass-1;IT-Bass-2;IT-Soprano-1;KO-Soprano-1;KO-Soprano-2;ZH-Tenor-1,,DE-Soprano-1;EN-Alto-1;EN-Alto-2;ES-Bass-1;ES-Soprano-1;JA-Soprano-1;JA-Tenor-1;KO-Tenor-1;RU-Alto-1;ZH-Alto-1,m1_o0,1,copied_from_identity_residual_metric_robustness_2026-07-13
GTSinger_same_text_control,hubert_l6,6,241,wcos_diag_none,diagonal_whitened_cosine,pooled_train_midpoint,none,diagonal_variance,77f6f9681f84031e6195,0.5,0.9,0.6325000000000001,2.8,1.5,0.8333333333333334,0.2222222222222222,-0.046801514483139815,0.17424053390038732,-0.30039426025171967,0.17806444496755164,0.2535927457685799,10,90,w1_no_operating_threshold,nan,nan,nan,,,,,,,,
GTSinger_same_text_control,hubert_l6,6,241,wcos_diag_query,diagonal_whitened_cosine,pooled_train_midpoint,query,diagonal_variance,77f6f9681f84031e6195,0.7,0.9,0.8142857142857143,1.8,1.0,0.9277777777777778,0.1,0.5168288257537933,0.12217494146308912,0.248933122323065,0.14821395114057204,0.2678957034307283,10,90,w1_no_operating_threshold,nan,nan,nan,,,,,,,,
GTSinger_same_text_control,hubert_l6,6,241,wcos_oas_none,oas_whitened_cosine,pooled_train_midpoint,none,OAS,84db88c2828a695809b5,0.9,0.9,0.9166666666666667,1.5,1.0,0.9211111111111111,0.1,0.39363761314337126,0.19436068064367468,0.024567643025183033,0.10825112653176129,0.3690699701181882,10,90,w1_no_operating_threshold,nan,nan,nan,,,,,,,,
GTSinger_same_text_control,hubert_l6,6,241,wcos_oas_query,oas_whitened_cosine,pooled_train_midpoint,query,OAS,84db88c2828a695809b5,0.9,0.9,0.9166666666666667,1.5,1.0,0.9211111111111111,0.1,0.3947677514086177,0.19447612260439692,0.025621699287789904,0.10836464727348974,0.3691460521208278,10,90,w1_no_operating_threshold,nan,nan,nan,,,,,,,,
GTSinger_same_text_control,hubert_l6,6,241,cos_om_none,cosine,pooled_train_midpoint,none,none,9a5469103fe373ca5144,0.5,0.9,0.675,2.2,1.5,0.8633333333333333,0.2222222222222222,-0.16122798390525506,0.1326810142033736,-0.4025799350305704,0.17651741516374325,0.24135195112531532,10,90,insufficient_resolution/non_independent_calibration,nan,nan,nan,,,DE-Soprano-1;EN-Alto-1;FR-Tenor-1;IT-Bass-1;IT-Soprano-1;JA-Soprano-1;JA-Tenor-1;KO-Soprano-1;KO-Soprano-2;KO-Tenor-1,,DE-Tenor-1;EN-Alto-2;EN-Tenor-1;ES-Bass-1;ES-Soprano-1;FR-Soprano-1;IT-Bass-2;RU-Alto-1;ZH-Alto-1;ZH-Tenor-1,m1_om,0,copied_from_identity_residual_metric_robustness_2026-07-13
GTSinger_same_text_control,hubert_l6,6,241,cos_o0_query,cosine,zero,query,none,9a5469103fe373ca5144,0.8,1.0,0.8833333333333332,1.3,1.0,0.8822222222222222,0.1,0.9908280723419581,0.005511853840000995,0.9842108578345302,0.005370111459738755,0.006617214507427915,10,90,insufficient_resolution/non_independent_calibration,nan,nan,nan,,,DE-Soprano-1;EN-Alto-1;FR-Tenor-1;IT-Bass-1;IT-Soprano-1;JA-Soprano-1;JA-Tenor-1;KO-Soprano-1;KO-Soprano-2;KO-Tenor-1,,DE-Tenor-1;EN-Alto-2;EN-Tenor-1;ES-Bass-1;ES-Soprano-1;FR-Soprano-1;IT-Bass-2;RU-Alto-1;ZH-Alto-1;ZH-Tenor-1,m1_o0,1,copied_from_identity_residual_metric_robustness_2026-07-13
GTSinger_same_text_control,hubert_l6,6,251,wcos_diag_none,diagonal_whitened_cosine,pooled_train_midpoint,none,diagonal_variance,44d93961f9cc086e1e7e,0.6,1.0,0.72,2.1,1.0,0.9,0.2111111111111111,0.08023867822167612,0.11900710283007329,-0.1890498065911888,0.1773617837970326,0.26928848481286494,10,90,w1_no_operating_threshold,nan,nan,nan,,,,,,,,
GTSinger_same_text_control,hubert_l6,6,251,wcos_diag_query,diagonal_whitened_cosine,pooled_train_midpoint,query,diagonal_variance,44d93961f9cc086e1e7e,0.6,0.9,0.7309523809523809,2.1,1.0,0.8955555555555555,0.1,0.5269952696811043,0.12304068830973101,0.27368344250808513,0.15252624360131944,0.2533118271730192,10,90,w1_no_operating_threshold,nan,nan,nan,,,,,,,,
GTSinger_same_text_control,hubert_l6,6,251,wcos_oas_none,oas_whitened_cosine,pooled_train_midpoint,none,OAS,7036613f2d4bfb2e98ae,0.9,0.9,0.9099999999999999,1.9,1.0,0.9166666666666666,0.1,0.44876601902441815,0.2009584041260027,0.06133713943155961,0.13100649811258436,0.38742887959285854,10,90,w1_no_operating_threshold,nan,nan,nan,,,,,,,,
GTSinger_same_text_control,hubert_l6,6,251,wcos_oas_query,oas_whitened_cosine,pooled_train_midpoint,query,OAS,7036613f2d4bfb2e98ae,0.9,0.9,0.9099999999999999,1.9,1.0,0.9166666666666666,0.1,0.44960564686550697,0.20099900794590495,0.0621418640747001,0.13096909170922577,0.38746378279080684,10,90,w1_no_operating_threshold,nan,nan,nan,,,,,,,,
GTSinger_same_text_control,hubert_l6,6,251,cos_om_none,cosine,pooled_train_midpoint,none,none,536b60482e3de24df555,0.4,0.9,0.6333333333333333,2.2,2.0,0.8588888888888889,0.2111111111111111,-0.058815835729321864,0.12592813677852666,-0.30242170863200596,0.1888617019258754,0.2436058729026841,10,90,insufficient_resolution/non_independent_calibration,nan,nan,nan,,,DE-Soprano-1;EN-Tenor-1;FR-Tenor-1;IT-Bass-1;IT-Soprano-1;JA-Tenor-1;KO-Soprano-2;KO-Tenor-1;ZH-Alto-1;ZH-Tenor-1,,DE-Tenor-1;EN-Alto-1;EN-Alto-2;ES-Bass-1;ES-Soprano-1;FR-Soprano-1;IT-Bass-2;JA-Soprano-1;KO-Soprano-1;RU-Alto-1,m1_om,0,copied_from_identity_residual_metric_robustness_2026-07-13
GTSinger_same_text_control,hubert_l6,6,251,cos_o0_query,cosine,zero,query,none,536b60482e3de24df555,0.6,1.0,0.8,1.4,1.0,0.8222222222222222,0.2,0.9903116278370462,0.0053904318432540805,0.9841424256819197,0.006360170443757741,0.0061692021551265075,10,90,insufficient_resolution/non_independent_calibration,nan,nan,nan,,,DE-Soprano-1;EN-Tenor-1;FR-Tenor-1;IT-Bass-1;IT-Soprano-1;JA-Tenor-1;KO-Soprano-2;KO-Tenor-1;ZH-Alto-1;ZH-Tenor-1,,DE-Tenor-1;EN-Alto-1;EN-Alto-2;ES-Bass-1;ES-Soprano-1;FR-Soprano-1;IT-Bass-2;JA-Soprano-1;KO-Soprano-1;RU-Alto-1,m1_o0,1,copied_from_identity_residual_metric_robustness_2026-07-13
GTSinger_same_text_control,hubert_l6,6,257,wcos_diag_none,diagonal_whitened_cosine,pooled_train_midpoint,none,diagonal_variance,8f413a09d4a67fc2fd8e,0.3,1.0,0.62,2.0,2.0,0.8488888888888889,0.2,-0.08641134318673926,0.1560834162195169,-0.3367662411060978,0.16572915796283175,0.25035489791935855,10,90,w1_no_operating_threshold,nan,nan,nan,,,,,,,,
GTSinger_same_text_control,hubert_l6,6,257,wcos_diag_query,diagonal_whitened_cosine,pooled_train_midpoint,query,diagonal_variance,8f413a09d4a67fc2fd8e,0.7,1.0,0.85,1.3,1.0,0.9588888888888889,0.1,0.5980778904150287,0.0622290564616211,0.35749154598790817,0.11909160217701585,0.2405863444271205,10,90,w1_no_operating_threshold,nan,nan,nan,,,,,,,,
GTSinger_same_text_control,hubert_l6,6,257,wcos_oas_none,oas_whitened_cosine,pooled_train_midpoint,none,OAS,9ef83f65f006e115e79b,0.9,1.0,0.9333333333333332,1.2,1.0,0.9677777777777777,0.1,0.36339372730445135,0.12108754793240059,-0.016886840761869144,0.10050279044259249,0.3802805680663205,10,90,w1_no_operating_threshold,nan,nan,nan,,,,,,,,
GTSinger_same_text_control,hubert_l6,6,257,wcos_oas_query,oas_whitened_cosine,pooled_train_midpoint,query,OAS,9ef83f65f006e115e79b,0.9,1.0,0.9333333333333332,1.2,1.0,0.9677777777777777,0.1,0.3646091454638713,0.12140187595392178,-0.015711773935300145,0.10051057091607178,0.38032091939917145,10,90,w1_no_operating_threshold,nan,nan,nan,,,,,,,,
GTSinger_same_text_control,hubert_l6,6,257,cos_om_none,cosine,pooled_train_midpoint,none,none,b600c962a7c95cdd0c50,0.6,1.0,0.7833333333333333,1.5,1.0,0.8788888888888889,0.21666666666666667,-0.23326100821930798,0.14491987127441805,-0.48162898014887606,0.15806188844759725,0.24836797192956808,10,90,insufficient_resolution/non_independent_calibration,nan,nan,nan,,,DE-Soprano-1;EN-Alto-2;ES-Bass-1;FR-Soprano-1;FR-Tenor-1;JA-Tenor-1;KO-Soprano-2;KO-Tenor-1;RU-Alto-1;ZH-Tenor-1,,DE-Tenor-1;EN-Alto-1;EN-Tenor-1;ES-Soprano-1;IT-Bass-1;IT-Bass-2;IT-Soprano-1;JA-Soprano-1;KO-Soprano-1;ZH-Alto-1,m1_om,0,copied_from_identity_residual_metric_robustness_2026-07-13
GTSinger_same_text_control,hubert_l6,6,257,cos_o0_query,cosine,zero,query,none,b600c962a7c95cdd0c50,0.7,0.9,0.8166666666666668,1.7,1.0,0.8533333333333334,0.2,0.9910104732091742,0.005321557234650202,0.9844680474081003,0.005583350973887225,0.006542425801073892,10,90,insufficient_resolution/non_independent_calibration,nan,nan,nan,,,DE-Soprano-1;EN-Alto-2;ES-Bass-1;FR-Soprano-1;FR-Tenor-1;JA-Tenor-1;KO-Soprano-2;KO-Tenor-1;RU-Alto-1;ZH-Tenor-1,,DE-Tenor-1;EN-Alto-1;EN-Tenor-1;ES-Soprano-1;IT-Bass-1;IT-Bass-2;IT-Soprano-1;JA-Soprano-1;KO-Soprano-1;ZH-Alto-1,m1_o0,1,copied_from_identity_residual_metric_robustness_2026-07-13
GTSinger_same_text_control,mert_l3,3,13,wcos_diag_none,diagonal_whitened_cosine,pooled_train_midpoint,none,diagonal_variance,00d8030b83aba84d97c6,0.7,1.0,0.85,1.3,1.0,0.9055555555555556,0.2,0.10939052403950852,0.17281767383908858,-0.21134389592535463,0.19326491216102945,0.3207344199648632,10,90,w1_no_operating_threshold,nan,nan,nan,,,,,,,,
GTSinger_same_text_control,mert_l3,3,13,wcos_diag_query,diagonal_whitened_cosine,pooled_train_midpoint,query,diagonal_variance,00d8030b83aba84d97c6,0.7,0.8,0.7833333333333334,2.1,1.0,0.9088888888888889,0.2,0.6443390118909711,0.1204821518430233,0.40233140908440373,0.1345436876149717,0.24200760280656736,10,90,w1_no_operating_threshold,nan,nan,nan,,,,,,,,
GTSinger_same_text_control,mert_l3,3,13,wcos_oas_none,oas_whitened_cosine,pooled_train_midpoint,none,OAS,8f48db361c7e9da38c8d,0.9,1.0,0.95,1.1,1.0,0.9944444444444445,0.07777777777777778,0.4503174536297573,0.09972992505425751,0.016816293905813646,0.15344233222780063,0.43350115972394365,10,90,w1_no_operating_threshold,nan,nan,nan,,,,,,,,
GTSinger_same_text_control,mert_l3,3,13,wcos_oas_query,oas_whitened_cosine,pooled_train_midpoint,query,OAS,8f48db361c7e9da38c8d,0.9,1.0,0.95,1.1,1.0,0.9944444444444445,0.07777777777777778,0.4515752778810409,0.09960579727482038,0.018323974808621114,0.1533353034105745,0.43325130307241977,10,90,w1_no_operating_threshold,nan,nan,nan,,,,,,,,
GTSinger_same_text_control,mert_l3,3,13,cos_om_none,cosine,pooled_train_midpoint,none,none,193422f6a760ec58d802,0.7,1.0,0.8166666666666667,1.5,1.0,0.9033333333333333,0.19444444444444445,0.07050651742380816,0.19298753291817675,-0.264657726704825,0.18992625218304443,0.33516424412863316,10,90,insufficient_resolution/non_independent_calibration,nan,nan,nan,,,DE-Soprano-1;DE-Tenor-1;EN-Alto-2;EN-Tenor-1;ES-Bass-1;ES-Soprano-1;IT-Bass-2;JA-Tenor-1;KO-Soprano-2;RU-Alto-1,,EN-Alto-1;FR-Soprano-1;FR-Tenor-1;IT-Bass-1;IT-Soprano-1;JA-Soprano-1;KO-Soprano-1;KO-Tenor-1;ZH-Alto-1;ZH-Tenor-1,m1_om,0,copied_from_identity_residual_metric_robustness_2026-07-13
GTSinger_same_text_control,mert_l3,3,13,cos_o0_query,cosine,zero,query,none,193422f6a760ec58d802,0.6,1.0,0.75,1.7,1.0,0.9077777777777778,0.20555555555555555,0.9851451856666629,0.004124114282816566,0.9733309204470223,0.007935628417995253,0.011814265219640574,10,90,insufficient_resolution/non_independent_calibration,nan,nan,nan,,,DE-Soprano-1;DE-Tenor-1;EN-Alto-2;EN-Tenor-1;ES-Bass-1;ES-Soprano-1;IT-Bass-2;JA-Tenor-1;KO-Soprano-2;RU-Alto-1,,EN-Alto-1;FR-Soprano-1;FR-Tenor-1;IT-Bass-1;IT-Soprano-1;JA-Soprano-1;KO-Soprano-1;KO-Tenor-1;ZH-Alto-1;ZH-Tenor-1,m1_o0,1,copied_from_identity_residual_metric_robustness_2026-07-13
GTSinger_same_text_control,mert_l3,3,17,wcos_diag_none,diagonal_whitened_cosine,pooled_train_midpoint,none,diagonal_variance,dcdb76373f788e82b20c,0.5,0.9,0.6933333333333334,2.4,1.5,0.84,0.2,0.013318169317002226,0.18777874755424787,-0.24108595557897208,0.18372610643369167,0.2544041248959743,10,90,w1_no_operating_threshold,nan,nan,nan,,,,,,,,
GTSinger_same_text_control,mert_l3,3,17,wcos_diag_query,diagonal_whitened_cosine,pooled_train_midpoint,query,diagonal_variance,dcdb76373f788e82b20c,0.7,1.0,0.85,1.3,1.0,0.9522222222222222,0.1111111111111111,0.53866716013469,0.10486909221879967,0.2649008773182363,0.1389856983516219,0.27376628281645365,10,90,w1_no_operating_threshold,nan,nan,nan,,,,,,,,
GTSinger_same_text_control,mert_l3,3,17,wcos_oas_none,oas_whitened_cosine,pooled_train_midpoint,none,OAS,ff46889e870973238cce,0.9,0.9,0.9166666666666667,1.5,1.0,0.9222222222222223,0.2,0.38308880363695724,0.18667635802405894,0.020286509600073173,0.14164411079983877,0.3628022940368841,10,90,w1_no_operating_threshold,nan,nan,nan,,,,,,,,
GTSinger_same_text_control,mert_l3,3,17,wcos_oas_query,oas_whitened_cosine,pooled_train_midpoint,query,OAS,ff46889e870973238cce,0.9,0.9,0.9166666666666667,1.5,1.0,0.9233333333333333,0.2,0.38493466287098543,0.18641159052003817,0.022059445210618,0.14155239613203416,0.36287521766036746,10,90,w1_no_operating_threshold,nan,nan,nan,,,,,,,,
GTSinger_same_text_control,mert_l3,3,17,cos_om_none,cosine,pooled_train_midpoint,none,none,d890b564150c4ebd6f7e,0.9,0.9,0.9142857142857143,1.6,1.0,0.87,0.17777777777777778,-0.01617211700409198,0.17973921589023178,-0.2980653334722762,0.16897068851213007,0.2818932164681842,10,90,insufficient_resolution/non_independent_calibration,nan,nan,nan,,,EN-Alto-2;EN-Tenor-1;ES-Bass-1;ES-Soprano-1;FR-Tenor-1;IT-Bass-1;JA-Soprano-1;KO-Soprano-1;KO-Tenor-1;RU-Alto-1,,DE-Soprano-1;DE-Tenor-1;EN-Alto-1;FR-Soprano-1;IT-Bass-2;IT-Soprano-1;JA-Tenor-1;KO-Soprano-2;ZH-Alto-1;ZH-Tenor-1,m1_om,0,copied_from_identity_residual_metric_robustness_2026-07-13
GTSinger_same_text_control,mert_l3,3,17,cos_o0_query,cosine,zero,query,none,d890b564150c4ebd6f7e,0.7,0.9,0.7944444444444445,2.1,1.0,0.8233333333333334,0.2,0.9847852618638708,0.008805940912075573,0.9748551802934513,0.009288913658436095,0.009930081570419524,10,90,insufficient_resolution/non_independent_calibration,nan,nan,nan,,,EN-Alto-2;EN-Tenor-1;ES-Bass-1;ES-Soprano-1;FR-Tenor-1;IT-Bass-1;JA-Soprano-1;KO-Soprano-1;KO-Tenor-1;RU-Alto-1,,DE-Soprano-1;DE-Tenor-1;EN-Alto-1;FR-Soprano-1;IT-Bass-2;IT-Soprano-1;JA-Tenor-1;KO-Soprano-2;ZH-Alto-1;ZH-Tenor-1,m1_o0,1,copied_from_identity_residual_metric_robustness_2026-07-13
GTSinger_same_text_control,mert_l3,3,19,wcos_diag_none,diagonal_whitened_cosine,pooled_train_midpoint,none,diagonal_variance,7ed6d25dd131482a3e64,0.3,0.9,0.5216666666666666,3.2,2.5,0.7766666666666666,0.3,0.09546369945404667,0.21929740733482686,-0.14625699697779665,0.24707261996758675,0.24172069643184332,10,90,w1_no_operating_threshold,nan,nan,nan,,,,,,,,
GTSinger_same_text_control,mert_l3,3,19,wcos_diag_query,diagonal_whitened_cosine,pooled_train_midpoint,query,diagonal_variance,7ed6d25dd131482a3e64,0.9,1.0,0.95,1.1,1.0,0.9633333333333334,0.1,0.5091245887543288,0.06092231386128432,0.23260845584313838,0.16933930962759972,0.27651613291119037,10,90,w1_no_operating_threshold,nan,nan,nan,,,,,,,,
GTSinger_same_text_control,mert_l3,3,19,wcos_oas_none,oas_whitened_cosine,pooled_train_midpoint,none,OAS,b64ae72848e59e4ae4ed,0.8,1.0,0.875,1.4,1.0,0.9388888888888889,0.2,0.36661581849320374,0.1549188737575809,0.039318771171052945,0.12310555455415866,0.3272970473221508,10,90,w1_no_operating_threshold,nan,nan,nan,,,,,,,,
GTSinger_same_text_control,mert_l3,3,19,wcos_oas_query,oas_whitened_cosine,pooled_train_midpoint,query,OAS,b64ae72848e59e4ae4ed,0.8,1.0,0.875,1.4,1.0,0.9388888888888889,0.2,0.3685537597398837,0.15470679176667665,0.04124316344020907,0.12298239279418116,0.3273105962996746,10,90,w1_no_operating_threshold,nan,nan,nan,,,,,,,,
GTSinger_same_text_control,mert_l3,3,19,cos_om_none,cosine,pooled_train_midpoint,none,none,e83a92717623679e999a,0.6,0.9,0.7611111111111111,2.1,1.0,0.8344444444444444,0.2,0.006284788546729983,0.1651712739555723,-0.2260106741331927,0.19662477452222343,0.23229546267992268,10,90,insufficient_resolution/non_independent_calibration,nan,nan,nan,,,DE-Tenor-1;EN-Alto-1;EN-Tenor-1;ES-Bass-1;FR-Tenor-1;IT-Bass-1;JA-Soprano-1;KO-Soprano-1;KO-Tenor-1;ZH-Alto-1,,DE-Soprano-1;EN-Alto-2;ES-Soprano-1;FR-Soprano-1;IT-Bass-2;IT-Soprano-1;JA-Tenor-1;KO-Soprano-2;RU-Alto-1;ZH-Tenor-1,m1_om,0,copied_from_identity_residual_metric_robustness_2026-07-13
GTSinger_same_text_control,mert_l3,3,19,cos_o0_query,cosine,zero,query,none,e83a92717623679e999a,0.5,0.8,0.6766666666666666,2.7,1.5,0.8144444444444444,0.2944444444444444,0.9844339398716327,0.007657000956380493,0.9760351378104145,0.009667920167501306,0.008398802061218236,10,90,insufficient_resolution/non_independent_calibration,nan,nan,nan,,,DE-Tenor-1;EN-Alto-1;EN-Tenor-1;ES-Bass-1;FR-Tenor-1;IT-Bass-1;JA-Soprano-1;KO-Soprano-1;KO-Tenor-1;ZH-Alto-1,,DE-Soprano-1;EN-Alto-2;ES-Soprano-1;FR-Soprano-1;IT-Bass-2;IT-Soprano-1;JA-Tenor-1;KO-Soprano-2;RU-Alto-1;ZH-Tenor-1,m1_o0,1,copied_from_identity_residual_metric_robustness_2026-07-13
GTSinger_same_text_control,mert_l3,3,23,wcos_diag_none,diagonal_whitened_cosine,pooled_train_midpoint,none,diagonal_variance,a216fcd907e218bcdfa2,0.5,0.9,0.6976190476190476,2.1,1.5,0.81,0.2,0.11297529957669947,0.25562450193784153,-0.22498829821755606,0.2705212301185952,0.33796359779425555,10,90,w1_no_operating_threshold,nan,nan,nan,,,,,,,,
GTSinger_same_text_control,mert_l3,3,23,wcos_diag_query,diagonal_whitened_cosine,pooled_train_midpoint,query,diagonal_variance,a216fcd907e218bcdfa2,0.8,1.0,0.8833333333333332,1.3,1.0,0.8722222222222222,0.2,0.6434795999875367,0.12272588520003075,0.3813533656266189,0.1881076920426938,0.26212623436091775,10,90,w1_no_operating_threshold,nan,nan,nan,,,,,,,,
GTSinger_same_text_control,mert_l3,3,23,wcos_oas_none,oas_whitened_cosine,pooled_train_midpoint,none,OAS,5700c25e65ca7c2e3372,0.7,1.0,0.85,1.3,1.0,0.9566666666666667,0.1,0.3895341464326848,0.15495095841028833,0.016071992845231538,0.16132197863886188,0.37346215358745327,10,90,w1_no_operating_threshold,nan,nan,nan,,,,,,,,
GTSinger_same_text_control,mert_l3,3,23,wcos_oas_query,oas_whitened_cosine,pooled_train_midpoint,query,OAS,5700c25e65ca7c2e3372,0.7,1.0,0.85,1.3,1.0,0.9566666666666667,0.1,0.391036421968996,0.1546011907899567,0.017752965991018516,0.16122474989217694,0.3732834559779775,10,90,w1_no_operating_threshold,nan,nan,nan,,,,,,,,
GTSinger_same_text_control,mert_l3,3,23,cos_om_none,cosine,pooled_train_midpoint,none,none,723edfb3d97231399029,0.6,1.0,0.7166666666666666,2.0,1.0,0.7722222222222223,0.3222222222222222,0.005221994643576631,0.2785845285161684,-0.27020512320612533,0.23296091252155354,0.275427117849702,10,90,insufficient_resolution/non_independent_calibration,nan,nan,nan,,,DE-Tenor-1;EN-Alto-2;ES-Bass-1;FR-Soprano-1;IT-Soprano-1;JA-Soprano-1;JA-Tenor-1;KO-Soprano-1;ZH-Alto-1;ZH-Tenor-1,,DE-Soprano-1;EN-Alto-1;EN-Tenor-1;ES-Soprano-1;FR-Tenor-1;IT-Bass-1;IT-Bass-2;KO-Soprano-2;KO-Tenor-1;RU-Alto-1,m1_om,0,copied_from_identity_residual_metric_robustness_2026-07-13
GTSinger_same_text_control,mert_l3,3,23,cos_o0_query,cosine,zero,query,none,723edfb3d97231399029,0.5,1.0,0.7033333333333334,1.9,1.5,0.8033333333333333,0.3,0.9841071725394761,0.007931887182099044,0.9740538809903468,0.009073596607717884,0.010053291549129262,10,90,insufficient_resolution/non_independent_calibration,nan,nan,nan,,,DE-Tenor-1;EN-Alto-2;ES-Bass-1;FR-Soprano-1;IT-Soprano-1;JA-Soprano-1;JA-Tenor-1;KO-Soprano-1;ZH-Alto-1;ZH-Tenor-1,,DE-Soprano-1;EN-Alto-1;EN-Tenor-1;ES-Soprano-1;FR-Tenor-1;IT-Bass-1;IT-Bass-2;KO-Soprano-2;KO-Tenor-1;RU-Alto-1,m1_o0,1,copied_from_identity_residual_metric_robustness_2026-07-13
GTSinger_same_text_control,mert_l3,3,29,wcos_diag_none,diagonal_whitened_cosine,pooled_train_midpoint,none,diagonal_variance,2b27384b29aae0174fa1,0.6,0.9,0.7375,2.2,1.0,0.8344444444444444,0.2,0.12253602554505075,0.20470218955076339,-0.1761379540608315,0.209886971256867,0.29867397960588227,10,90,w1_no_operating_threshold,nan,nan,nan,,,,,,,,
GTSinger_same_text_control,mert_l3,3,29,wcos_diag_query,diagonal_whitened_cosine,pooled_train_midpoint,query,diagonal_variance,2b27384b29aae0174fa1,0.7,1.0,0.85,1.3,1.0,0.9166666666666666,0.11666666666666667,0.5679151420300734,0.11047513257818539,0.2867493143497269,0.17477840149226817,0.28116582768034654,10,90,w1_no_operating_threshold,nan,nan,nan,,,,,,,,
GTSinger_same_text_control,mert_l3,3,29,wcos_oas_none,oas_whitened_cosine,pooled_train_midpoint,none,OAS,cf9fbcf3a709906226d5,0.8,1.0,0.9,1.2,1.0,0.8866666666666667,0.2111111111111111,0.4080281237525762,0.17575914600614542,0.10300751590756284,0.16114298187602702,0.30502060784501334,10,90,w1_no_operating_threshold,nan,nan,nan,,,,,,,,
GTSinger_same_text_control,mert_l3,3,29,wcos_oas_query,oas_whitened_cosine,pooled_train_midpoint,query,OAS,cf9fbcf3a709906226d5,0.8,1.0,0.9,1.2,1.0,0.8855555555555555,0.21666666666666667,0.40917618290073837,0.1754939470774092,0.10427431094989378,0.16107946244089139,0.3049018719508446,10,90,w1_no_operating_threshold,nan,nan,nan,,,,,,,,
GTSinger_same_text_control,mert_l3,3,29,cos_om_none,cosine,pooled_train_midpoint,none,none,d7dfd9d9597f3bf0fc70,0.7,0.9,0.8142857142857143,1.8,1.0,0.8255555555555556,0.2777777777777778,0.04523168732316104,0.2199677038231162,-0.2228441954863381,0.1858065109017579,0.2680758828094991,10,90,insufficient_resolution/non_independent_calibration,nan,nan,nan,,,DE-Soprano-1;DE-Tenor-1;EN-Alto-2;EN-Tenor-1;ES-Bass-1;FR-Soprano-1;FR-Tenor-1;IT-Soprano-1;KO-Soprano-1;KO-Tenor-1,,EN-Alto-1;ES-Soprano-1;IT-Bass-1;IT-Bass-2;JA-Soprano-1;JA-Tenor-1;KO-Soprano-2;RU-Alto-1;ZH-Alto-1;ZH-Tenor-1,m1_om,0,copied_from_identity_residual_metric_robustness_2026-07-13
GTSinger_same_text_control,mert_l3,3,29,cos_o0_query,cosine,zero,query,none,d7dfd9d9597f3bf0fc70,0.6,0.9,0.7611111111111111,2.1,1.0,0.7755555555555556,0.3222222222222222,0.9833356948155764,0.008488111911164737,0.9735819390675678,0.010925282984969026,0.009753755748008519,10,90,insufficient_resolution/non_independent_calibration,nan,nan,nan,,,DE-Soprano-1;DE-Tenor-1;EN-Alto-2;EN-Tenor-1;ES-Bass-1;FR-Soprano-1;FR-Tenor-1;IT-Soprano-1;KO-Soprano-1;KO-Tenor-1,,EN-Alto-1;ES-Soprano-1;IT-Bass-1;IT-Bass-2;JA-Soprano-1;JA-Tenor-1;KO-Soprano-2;RU-Alto-1;ZH-Alto-1;ZH-Tenor-1,m1_o0,1,copied_from_identity_residual_metric_robustness_2026-07-13
GTSinger_same_text_control,mert_l3,3,31,wcos_diag_none,diagonal_whitened_cosine,pooled_train_midpoint,none,diagonal_variance,05230cd88f993444af0c,0.6,0.9,0.7166666666666667,2.2,1.0,0.7622222222222222,0.3,0.07791474695195587,0.23832049637718747,-0.16181927400576215,0.25087075341810045,0.239734020957718,10,90,w1_no_operating_threshold,nan,nan,nan,,,,,,,,
GTSinger_same_text_control,mert_l3,3,31,wcos_diag_query,diagonal_whitened_cosine,pooled_train_midpoint,query,diagonal_variance,05230cd88f993444af0c,0.8,1.0,0.8583333333333332,1.5,1.0,0.8755555555555555,0.12222222222222222,0.5728680151688091,0.10407877693670047,0.3411775703192365,0.16011563987644167,0.23169044484957263,10,90,w1_no_operating_threshold,nan,nan,nan,,,,,,,,
GTSinger_same_text_control,mert_l3,3,31,wcos_oas_none,oas_whitened_cosine,pooled_train_midpoint,none,OAS,765e542ac7ea83c896d5,0.7,1.0,0.85,1.3,1.0,0.9577777777777777,0.1,0.41011536462684745,0.1329652553004524,0.05255818430161176,0.15707568179267467,0.3575571803252357,10,90,w1_no_operating_threshold,nan,nan,nan,,,,,,,,
GTSinger_same_text_control,mert_l3,3,31,wcos_oas_query,oas_whitened_cosine,pooled_train_midpoint,query,OAS,765e542ac7ea83c896d5,0.7,1.0,0.85,1.3,1.0,0.9577777777777777,0.1,0.4110151766011659,0.13292054791286978,0.05340036886810127,0.15693807726431588,0.3576148077330646,10,90,w1_no_operating_threshold,nan,nan,nan,,,,,,,,
GTSinger_same_text_control,mert_l3,3,31,cos_om_none,cosine,pooled_train_midpoint,none,none,e80c6c60227fb112dbab,0.5,0.9,0.6316666666666667,2.7,1.5,0.78,0.3,0.041995355924991686,0.2430690174214544,-0.22423243157420483,0.26778867218780916,0.2662277874991965,10,90,insufficient_resolution/non_independent_calibration,nan,nan,nan,,,DE-Soprano-1;EN-Alto-1;EN-Tenor-1;ES-Soprano-1;FR-Soprano-1;IT-Soprano-1;KO-Soprano-2;KO-Tenor-1;RU-Alto-1;ZH-Tenor-1,,DE-Tenor-1;EN-Alto-2;ES-Bass-1;FR-Tenor-1;IT-Bass-1;IT-Bass-2;JA-Soprano-1;JA-Tenor-1;KO-Soprano-1;ZH-Alto-1,m1_om,0,copied_from_identity_residual_metric_robustness_2026-07-13
GTSinger_same_text_control,mert_l3,3,31,cos_o0_query,cosine,zero,query,none,e80c6c60227fb112dbab,0.6,0.9,0.7309523809523809,2.1,1.0,0.8133333333333334,0.2,0.9804659061807636,0.0091393616856406,0.9678695155003816,0.01049932555739987,0.012596390680381986,10,90,insufficient_resolution/non_independent_calibration,nan,nan,nan,,,DE-Soprano-1;EN-Alto-1;EN-Tenor-1;ES-Soprano-1;FR-Soprano-1;IT-Soprano-1;KO-Soprano-2;KO-Tenor-1;RU-Alto-1;ZH-Tenor-1,,DE-Tenor-1;EN-Alto-2;ES-Bass-1;FR-Tenor-1;IT-Bass-1;IT-Bass-2;JA-Soprano-1;JA-Tenor-1;KO-Soprano-1;ZH-Alto-1,m1_o0,1,copied_from_identity_residual_metric_robustness_2026-07-13
GTSinger_same_text_control,mert_l3,3,37,wcos_diag_none,diagonal_whitened_cosine,pooled_train_midpoint,none,diagonal_variance,e47e7624d04ce4177131,0.6,0.8,0.7267857142857143,2.5,1.0,0.8144444444444444,0.2,0.019657745623271876,0.2225479106858069,-0.2577741027463492,0.19879323251004663,0.2774318483696211,10,90,w1_no_operating_threshold,nan,nan,nan,,,,,,,,
GTSinger_same_text_control,mert_l3,3,37,wcos_diag_query,diagonal_whitened_cosine,pooled_train_midpoint,query,diagonal_variance,e47e7624d04ce4177131,0.6,1.0,0.7833333333333333,1.5,1.0,0.8755555555555555,0.2,0.4765565670828085,0.15726465164001313,0.21305232219126802,0.17168694101530899,0.2635042448915405,10,90,w1_no_operating_threshold,nan,nan,nan,,,,,,,,
GTSinger_same_text_control,mert_l3,3,37,wcos_oas_none,oas_whitened_cosine,pooled_train_midpoint,none,OAS,08318dc8411e3af2a4e2,0.8,1.0,0.9,1.2,1.0,0.9622222222222222,0.10555555555555556,0.35988014486390907,0.15377260396588238,-0.007592132110153502,0.14023428242680758,0.3674722769740626,10,90,w1_no_operating_threshold,nan,nan,nan,,,,,,,,
GTSinger_same_text_control,mert_l3,3,37,wcos_oas_query,oas_whitened_cosine,pooled_train_midpoint,query,OAS,08318dc8411e3af2a4e2,0.8,1.0,0.9,1.2,1.0,0.9622222222222222,0.10555555555555556,0.36122500360810245,0.15383718794091522,-0.006178038725879123,0.14023613817594266,0.3674030423339816,10,90,w1_no_operating_threshold,nan,nan,nan,,,,,,,,
GTSinger_same_text_control,mert_l3,3,37,cos_om_none,cosine,pooled_train_midpoint,none,none,36384ed8654eb4d7b72f,0.4,0.8,0.6166666666666667,2.5,2.0,0.8255555555555556,0.2,-0.04384293214624876,0.22122044698033036,-0.3063847096934443,0.18430752284961816,0.26254177754719554,10,90,insufficient_resolution/non_independent_calibration,nan,nan,nan,,,DE-Soprano-1;DE-Tenor-1;EN-Alto-2;FR-Soprano-1;FR-Tenor-1;IT-Bass-2;KO-Soprano-1;KO-Tenor-1;RU-Alto-1;ZH-Alto-1,,EN-Alto-1;EN-Tenor-1;ES-Bass-1;ES-Soprano-1;IT-Bass-1;IT-Soprano-1;JA-Soprano-1;JA-Tenor-1;KO-Soprano-2;ZH-Tenor-1,m1_om,0,copied_from_identity_residual_metric_robustness_2026-07-13
GTSinger_same_text_control,mert_l3,3,37,cos_o0_query,cosine,zero,query,none,36384ed8654eb4d7b72f,0.6,0.8,0.6776190476190476,3.1,1.0,0.7444444444444445,0.2777777777777778,0.9819290996528306,0.010094877100746743,0.97287518904343,0.01064295960743671,0.00905391060940064,10,90,insufficient_resolution/non_independent_calibration,nan,nan,nan,,,DE-Soprano-1;DE-Tenor-1;EN-Alto-2;FR-Soprano-1;FR-Tenor-1;IT-Bass-2;KO-Soprano-1;KO-Tenor-1;RU-Alto-1;ZH-Alto-1,,EN-Alto-1;EN-Tenor-1;ES-Bass-1;ES-Soprano-1;IT-Bass-1;IT-Soprano-1;JA-Soprano-1;JA-Tenor-1;KO-Soprano-2;ZH-Tenor-1,m1_o0,1,copied_from_identity_residual_metric_robustness_2026-07-13
GTSinger_same_text_control,mert_l3,3,41,wcos_diag_none,diagonal_whitened_cosine,pooled_train_midpoint,none,diagonal_variance,a2063a6a4ab7d53aa52f,0.5,0.9,0.6658333333333333,2.5,1.5,0.8277777777777777,0.2,-0.04633929059010071,0.1756713170520876,-0.29505674734876874,0.18258234951547048,0.24871745675866802,10,90,w1_no_operating_threshold,nan,nan,nan,,,,,,,,
GTSinger_same_text_control,mert_l3,3,41,wcos_diag_query,diagonal_whitened_cosine,pooled_train_midpoint,query,diagonal_variance,a2063a6a4ab7d53aa52f,0.8,1.0,0.875,1.4,1.0,0.8966666666666666,0.18333333333333335,0.5245632569363631,0.10924845309394221,0.27829031842501806,0.15595179653148392,0.24627293851134502,10,90,w1_no_operating_threshold,nan,nan,nan,,,,,,,,
GTSinger_same_text_control,mert_l3,3,41,wcos_oas_none,oas_whitened_cosine,pooled_train_midpoint,none,OAS,bbb768c06ab6fee02713,0.8,1.0,0.9,1.2,1.0,0.9711111111111111,0.1,0.3075801194380241,0.12603841369198554,0.01580165462406556,0.10516116907452358,0.2917784648139585,10,90,w1_no_operating_threshold,nan,nan,nan,,,,,,,,
GTSinger_same_text_control,mert_l3,3,41,wcos_oas_query,oas_whitened_cosine,pooled_train_midpoint,query,OAS,bbb768c06ab6fee02713,0.8,1.0,0.9,1.2,1.0,0.97,0.1,0.30965945833822484,0.12594883322245218,0.017932726880127103,0.10529067430611161,0.29172673145809774,10,90,w1_no_operating_threshold,nan,nan,nan,,,,,,,,
GTSinger_same_text_control,mert_l3,3,41,cos_om_none,cosine,pooled_train_midpoint,none,none,ed55b1d82968205d1efa,0.7,0.9,0.7916666666666667,1.9,1.0,0.8611111111111112,0.2,-0.0608628437053327,0.1537393476240672,-0.3154748030376175,0.16201278106801612,0.2546119593322848,10,90,insufficient_resolution/non_independent_calibration,nan,nan,nan,,,DE-Soprano-1;DE-Tenor-1;EN-Alto-1;ES-Bass-1;FR-Tenor-1;IT-Bass-1;IT-Soprano-1;JA-Soprano-1;KO-Soprano-2;ZH-Tenor-1,,EN-Alto-2;EN-Tenor-1;ES-Soprano-1;FR-Soprano-1;IT-Bass-2;JA-Tenor-1;KO-Soprano-1;KO-Tenor-1;RU-Alto-1;ZH-Alto-1,m1_om,0,copied_from_identity_residual_metric_robustness_2026-07-13
GTSinger_same_text_control,mert_l3,3,41,cos_o0_query,cosine,zero,query,none,ed55b1d82968205d1efa,0.5,0.8,0.6766666666666667,2.7,1.5,0.7566666666666667,0.3,0.9821533742854335,0.010398368440650433,0.9731278416142961,0.009435763924303035,0.00902553267113737,10,90,insufficient_resolution/non_independent_calibration,nan,nan,nan,,,DE-Soprano-1;DE-Tenor-1;EN-Alto-1;ES-Bass-1;FR-Tenor-1;IT-Bass-1;IT-Soprano-1;JA-Soprano-1;KO-Soprano-2;ZH-Tenor-1,,EN-Alto-2;EN-Tenor-1;ES-Soprano-1;FR-Soprano-1;IT-Bass-2;JA-Tenor-1;KO-Soprano-1;KO-Tenor-1;RU-Alto-1;ZH-Alto-1,m1_o0,1,copied_from_identity_residual_metric_robustness_2026-07-13
GTSinger_same_text_control,mert_l3,3,43,wcos_diag_none,diagonal_whitened_cosine,pooled_train_midpoint,none,diagonal_variance,a7793b698549ba7d36d1,0.6,0.9,0.7266666666666667,2.4,1.0,0.84,0.2,0.017963283929466712,0.21263740874814227,-0.23525511043359607,0.19105336654429197,0.25321839436306276,10,90,w1_no_operating_threshold,nan,nan,nan,,,,,,,,
GTSinger_same_text_control,mert_l3,3,43,wcos_diag_query,diagonal_whitened_cosine,pooled_train_midpoint,query,diagonal_variance,a7793b698549ba7d36d1,0.8,1.0,0.8533333333333333,1.6,1.0,0.8855555555555555,0.2,0.5126805594471472,0.12823942357228058,0.2741361653269292,0.15886643357297867,0.238544394120218,10,90,w1_no_operating_threshold,nan,nan,nan,,,,,,,,
GTSinger_same_text_control,mert_l3,3,43,wcos_oas_none,oas_whitened_cosine,pooled_train_midpoint,none,OAS,b0f0350da1aea1a75fbd,0.8,1.0,0.875,1.4,1.0,0.9588888888888889,0.1,0.3569845805866275,0.1385338014018103,0.030629550789166432,0.10849733488996051,0.3263550297974611,10,90,w1_no_operating_threshold,nan,nan,nan,,,,,,,,
GTSinger_same_text_control,mert_l3,3,43,wcos_oas_query,oas_whitened_cosine,pooled_train_midpoint,query,OAS,b0f0350da1aea1a75fbd,0.8,1.0,0.875,1.4,1.0,0.9588888888888889,0.1,0.35907766144261777,0.13820795646671682,0.0325177555899528,0.10832347708656237,0.326559905852665,10,90,w1_no_operating_threshold,nan,nan,nan,,,,,,,,
GTSinger_same_text_control,mert_l3,3,43,cos_om_none,cosine,pooled_train_midpoint,none,none,d1ede2ef2a361a04534d,0.4,0.9,0.65,2.1,2.0,0.83,0.2,-0.017964667800010093,0.2157627940406978,-0.2748615212268086,0.20079313222026177,0.2568968534267985,10,90,insufficient_resolution/non_independent_calibration,nan,nan,nan,,,EN-Alto-1;ES-Soprano-1;FR-Soprano-1;FR-Tenor-1;IT-Bass-2;JA-Soprano-1;JA-Tenor-1;RU-Alto-1;ZH-Alto-1;ZH-Tenor-1,,DE-Soprano-1;DE-Tenor-1;EN-Alto-2;EN-Tenor-1;ES-Bass-1;IT-Bass-1;IT-Soprano-1;KO-Soprano-1;KO-Soprano-2;KO-Tenor-1,m1_om,0,copied_from_identity_residual_metric_robustness_2026-07-13
GTSinger_same_text_control,mert_l3,3,43,cos_o0_query,cosine,zero,query,none,d1ede2ef2a361a04534d,0.7,1.0,0.7916666666666666,1.7,1.0,0.8566666666666667,0.2111111111111111,0.9855765024111014,0.005710133832759981,0.9760704882811514,0.007305329049690599,0.009506014129950002,10,90,insufficient_resolution/non_independent_calibration,nan,nan,nan,,,EN-Alto-1;ES-Soprano-1;FR-Soprano-1;FR-Tenor-1;IT-Bass-2;JA-Soprano-1;JA-Tenor-1;RU-Alto-1;ZH-Alto-1;ZH-Tenor-1,,DE-Soprano-1;DE-Tenor-1;EN-Alto-2;EN-Tenor-1;ES-Bass-1;IT-Bass-1;IT-Soprano-1;KO-Soprano-1;KO-Soprano-2;KO-Tenor-1,m1_o0,1,copied_from_identity_residual_metric_robustness_2026-07-13
GTSinger_same_text_control,mert_l3,3,47,wcos_diag_none,diagonal_whitened_cosine,pooled_train_midpoint,none,diagonal_variance,a4b9a9d6a9777bdaa7ec,0.6,0.8,0.7125,2.5,1.0,0.7744444444444445,0.2222222222222222,0.013990602340157829,0.23917371718257976,-0.21655883326277028,0.20549388936151874,0.23054943560292812,10,90,w1_no_operating_threshold,nan,nan,nan,,,,,,,,
GTSinger_same_text_control,mert_l3,3,47,wcos_diag_query,diagonal_whitened_cosine,pooled_train_midpoint,query,diagonal_variance,a4b9a9d6a9777bdaa7ec,0.7,0.9,0.8125,1.9,1.0,0.8433333333333334,0.21666666666666667,0.5504832148752924,0.11374061466147244,0.350958199494061,0.15566788791246797,0.1995250153812314,10,90,w1_no_operating_threshold,nan,nan,nan,,,,,,,,
GTSinger_same_text_control,mert_l3,3,47,wcos_oas_none,oas_whitened_cosine,pooled_train_midpoint,none,OAS,eb267c9bcc3b66b22620,0.9,1.0,0.95,1.1,1.0,0.9633333333333334,0.1,0.33255929088479264,0.11506151602892957,0.026644837474618606,0.13217523573600462,0.30591445341017404,10,90,w1_no_operating_threshold,nan,nan,nan,,,,,,,,
GTSinger_same_text_control,mert_l3,3,47,wcos_oas_query,oas_whitened_cosine,pooled_train_midpoint,query,OAS,eb267c9bcc3b66b22620,0.9,1.0,0.95,1.1,1.0,0.9633333333333334,0.1,0.33414832421100366,0.11457531768771394,0.028101191272862487,0.13190845750268432,0.3060471329381412,10,90,w1_no_operating_threshold,nan,nan,nan,,,,,,,,
GTSinger_same_text_control,mert_l3,3,47,cos_om_none,cosine,pooled_train_midpoint,none,none,1d13c8086d910b0813fd,0.5,0.9,0.645,2.5,1.5,0.7788888888888889,0.3,-0.03009653787161795,0.24944369135951125,-0.26331215242061407,0.20870276172970012,0.23321561454899611,10,90,insufficient_resolution/non_independent_calibration,nan,nan,nan,,,DE-Soprano-1;EN-Alto-1;EN-Alto-2;ES-Bass-1;ES-Soprano-1;FR-Tenor-1;JA-Soprano-1;RU-Alto-1;ZH-Alto-1;ZH-Tenor-1,,DE-Tenor-1;EN-Tenor-1;FR-Soprano-1;IT-Bass-1;IT-Bass-2;IT-Soprano-1;JA-Tenor-1;KO-Soprano-1;KO-Soprano-2;KO-Tenor-1,m1_om,0,copied_from_identity_residual_metric_robustness_2026-07-13
GTSinger_same_text_control,mert_l3,3,47,cos_o0_query,cosine,zero,query,none,1d13c8086d910b0813fd,0.5,0.9,0.6933333333333334,2.4,1.5,0.7577777777777778,0.3,0.9801553434854219,0.010109063679945003,0.9709840596962599,0.00818129169208938,0.009171283789161988,10,90,insufficient_resolution/non_independent_calibration,nan,nan,nan,,,DE-Soprano-1;EN-Alto-1;EN-Alto-2;ES-Bass-1;ES-Soprano-1;FR-Tenor-1;JA-Soprano-1;RU-Alto-1;ZH-Alto-1;ZH-Tenor-1,,DE-Tenor-1;EN-Tenor-1;FR-Soprano-1;IT-Bass-1;IT-Bass-2;IT-Soprano-1;JA-Tenor-1;KO-Soprano-1;KO-Soprano-2;KO-Tenor-1,m1_o0,1,copied_from_identity_residual_metric_robustness_2026-07-13
GTSinger_same_text_control,mert_l3,3,53,wcos_diag_none,diagonal_whitened_cosine,pooled_train_midpoint,none,diagonal_variance,56db0c5ba81f12a9463c,0.3,0.9,0.5599999999999999,2.8,2.0,0.8177777777777778,0.2,0.03174640245083568,0.20393991471614462,-0.2326836942423415,0.22667195213463398,0.2644300966931772,10,90,w1_no_operating_threshold,nan,nan,nan,,,,,,,,
GTSinger_same_text_control,mert_l3,3,53,wcos_diag_query,diagonal_whitened_cosine,pooled_train_midpoint,query,diagonal_variance,56db0c5ba81f12a9463c,0.8,1.0,0.875,1.4,1.0,0.8866666666666667,0.2,0.5590763176990687,0.13607878544098245,0.31015976378159577,0.14873924600742686,0.24891655391747297,10,90,w1_no_operating_threshold,nan,nan,nan,,,,,,,,
GTSinger_same_text_control,mert_l3,3,53,wcos_oas_none,oas_whitened_cosine,pooled_train_midpoint,none,OAS,8cb21cc4ac39294aacad,0.9,1.0,0.9333333333333332,1.2,1.0,0.9588888888888889,0.1,0.3387661511771005,0.1481673321520591,0.027807035611222275,0.11189528615698917,0.31095911556587824,10,90,w1_no_operating_threshold,nan,nan,nan,,,,,,,,
GTSinger_same_text_control,mert_l3,3,53,wcos_oas_query,oas_whitened_cosine,pooled_train_midpoint,query,OAS,8cb21cc4ac39294aacad,0.9,1.0,0.9333333333333332,1.2,1.0,0.9588888888888889,0.1,0.34085220573631425,0.14748740980839223,0.03001447544270836,0.1119177080696421,0.3108377302936059,10,90,w1_no_operating_threshold,nan,nan,nan,,,,,,,,
GTSinger_same_text_control,mert_l3,3,53,cos_om_none,cosine,pooled_train_midpoint,none,none,f9995b48170ffd008b3c,0.8,0.9,0.8476190476190476,1.8,1.0,0.8388888888888889,0.20555555555555555,-0.01852459119913105,0.18969996459667637,-0.2942319926707021,0.20115599183428873,0.2757074014715711,10,90,insufficient_resolution/non_independent_calibration,nan,nan,nan,,,DE-Soprano-1;EN-Alto-2;EN-Tenor-1;FR-Soprano-1;IT-Bass-1;IT-Bass-2;JA-Soprano-1;KO-Soprano-2;KO-Tenor-1;ZH-Tenor-1,,DE-Tenor-1;EN-Alto-1;ES-Bass-1;ES-Soprano-1;FR-Tenor-1;IT-Soprano-1;JA-Tenor-1;KO-Soprano-1;RU-Alto-1;ZH-Alto-1,m1_om,0,copied_from_identity_residual_metric_robustness_2026-07-13
GTSinger_same_text_control,mert_l3,3,53,cos_o0_query,cosine,zero,query,none,f9995b48170ffd008b3c,0.6,0.9,0.71,2.6,1.0,0.8411111111111111,0.2111111111111111,0.9852768078465368,0.006923720502250506,0.9756986929990648,0.007959644419115054,0.009578114847472063,10,90,insufficient_resolution/non_independent_calibration,nan,nan,nan,,,DE-Soprano-1;EN-Alto-2;EN-Tenor-1;FR-Soprano-1;IT-Bass-1;IT-Bass-2;JA-Soprano-1;KO-Soprano-2;KO-Tenor-1;ZH-Tenor-1,,DE-Tenor-1;EN-Alto-1;ES-Bass-1;ES-Soprano-1;FR-Tenor-1;IT-Soprano-1;JA-Tenor-1;KO-Soprano-1;RU-Alto-1;ZH-Alto-1,m1_o0,1,copied_from_identity_residual_metric_robustness_2026-07-13
GTSinger_same_text_control,mert_l3,3,59,wcos_diag_none,diagonal_whitened_cosine,pooled_train_midpoint,none,diagonal_variance,8858f8d67a046315b129,0.5,0.9,0.6527777777777778,2.6,1.5,0.8244444444444444,0.2,0.019027260826661816,0.19286008043367245,-0.24471889011120493,0.21615624495701102,0.26374615093786674,10,90,w1_no_operating_threshold,nan,nan,nan,,,,,,,,
GTSinger_same_text_control,mert_l3,3,59,wcos_diag_query,diagonal_whitened_cosine,pooled_train_midpoint,query,diagonal_variance,8858f8d67a046315b129,0.9,1.0,0.9199999999999999,1.4,1.0,0.9555555555555556,0.1,0.5642292253702046,0.0811801625678873,0.30604364670760215,0.13564675517518077,0.25818557866260244,10,90,w1_no_operating_threshold,nan,nan,nan,,,,,,,,
GTSinger_same_text_control,mert_l3,3,59,wcos_oas_none,oas_whitened_cosine,pooled_train_midpoint,none,OAS,dc5a3590c4c8e9f6ccd5,0.9,1.0,0.95,1.1,1.0,0.9711111111111111,0.1,0.37545218405699243,0.11345971823251516,0.018318800447756113,0.13387086363335357,0.3571333836092363,10,90,w1_no_operating_threshold,nan,nan,nan,,,,,,,,
GTSinger_same_text_control,mert_l3,3,59,wcos_oas_query,oas_whitened_cosine,pooled_train_midpoint,query,OAS,dc5a3590c4c8e9f6ccd5,0.9,1.0,0.95,1.1,1.0,0.9711111111111111,0.1,0.377901009878467,0.11302596504491827,0.020696313389584806,0.1336962445156845,0.35720469648888215,10,90,w1_no_operating_threshold,nan,nan,nan,,,,,,,,
GTSinger_same_text_control,mert_l3,3,59,cos_om_none,cosine,pooled_train_midpoint,none,none,3f7663fe97f02c83cde5,0.7,0.9,0.8166666666666667,1.7,1.0,0.8622222222222222,0.20555555555555555,0.0017379707406983969,0.16842896503120336,-0.2792150848344861,0.20208989122599053,0.28095305557518446,10,90,insufficient_resolution/non_independent_calibration,nan,nan,nan,,,EN-Alto-1;EN-Tenor-1;ES-Bass-1;ES-Soprano-1;IT-Bass-1;IT-Bass-2;IT-Soprano-1;JA-Soprano-1;KO-Tenor-1;ZH-Tenor-1,,DE-Soprano-1;DE-Tenor-1;EN-Alto-2;FR-Soprano-1;FR-Tenor-1;JA-Tenor-1;KO-Soprano-1;KO-Soprano-2;RU-Alto-1;ZH-Alto-1,m1_om,0,copied_from_identity_residual_metric_robustness_2026-07-13
GTSinger_same_text_control,mert_l3,3,59,cos_o0_query,cosine,zero,query,none,3f7663fe97f02c83cde5,0.8,0.9,0.8444444444444444,2.0,1.0,0.8666666666666667,0.2,0.9847576320636001,0.006578865250913753,0.9748136137327859,0.00814380780672932,0.009944018330814264,10,90,insufficient_resolution/non_independent_calibration,nan,nan,nan,,,EN-Alto-1;EN-Tenor-1;ES-Bass-1;ES-Soprano-1;IT-Bass-1;IT-Bass-2;IT-Soprano-1;JA-Soprano-1;KO-Tenor-1;ZH-Tenor-1,,DE-Soprano-1;DE-Tenor-1;EN-Alto-2;FR-Soprano-1;FR-Tenor-1;JA-Tenor-1;KO-Soprano-1;KO-Soprano-2;RU-Alto-1;ZH-Alto-1,m1_o0,1,copied_from_identity_residual_metric_robustness_2026-07-13
GTSinger_same_text_control,mert_l3,3,61,wcos_diag_none,diagonal_whitened_cosine,pooled_train_midpoint,none,diagonal_variance,7486d2b5729a0547171c,0.3,0.8,0.5583333333333333,3.0,2.0,0.7788888888888889,0.21666666666666667,-0.07332277696325852,0.19419192042396832,-0.29777055161182053,0.21655027417295025,0.22444777464856203,10,90,w1_no_operating_threshold,nan,nan,nan,,,,,,,,
GTSinger_same_text_control,mert_l3,3,61,wcos_diag_query,diagonal_whitened_cosine,pooled_train_midpoint,query,diagonal_variance,7486d2b5729a0547171c,0.9,0.9,0.9166666666666667,1.5,1.0,0.8311111111111111,0.2222222222222222,0.5023517987087165,0.1347436897268268,0.2814560951352615,0.17736479168494226,0.220895703573455,10,90,w1_no_operating_threshold,nan,nan,nan,,,,,,,,
GTSinger_same_text_control,mert_l3,3,61,wcos_oas_none,oas_whitened_cosine,pooled_train_midpoint,none,OAS,e8a7aaf936c0e69ed4df,0.8,1.0,0.9,1.2,1.0,0.9677777777777777,0.1,0.30271682674897676,0.06754764518970215,0.027287044713515365,0.12420911986814245,0.2754297820354614,10,90,w1_no_operating_threshold,nan,nan,nan,,,,,,,,
GTSinger_same_text_control,mert_l3,3,61,wcos_oas_query,oas_whitened_cosine,pooled_train_midpoint,query,OAS,e8a7aaf936c0e69ed4df,0.8,1.0,0.9,1.2,1.0,0.9688888888888889,0.1,0.3048267123134941,0.06717361184866096,0.0293782068208579,0.12394258212064292,0.2754485054926362,10,90,w1_no_operating_threshold,nan,nan,nan,,,,,,,,
GTSinger_same_text_control,mert_l3,3,61,cos_om_none,cosine,pooled_train_midpoint,none,none,2bd152dfd532dcbf0b4d,0.2,1.0,0.52,2.5,2.0,0.8044444444444444,0.3,-0.11847413649123009,0.18407030504042401,-0.33461353522933834,0.20929884210834346,0.21613939873810825,10,90,insufficient_resolution/non_independent_calibration,nan,nan,nan,,,EN-Alto-1;EN-Alto-2;FR-Soprano-1;IT-Bass-1;IT-Bass-2;IT-Soprano-1;JA-Soprano-1;RU-Alto-1;ZH-Alto-1;ZH-Tenor-1,,DE-Soprano-1;DE-Tenor-1;EN-Tenor-1;ES-Bass-1;ES-Soprano-1;FR-Tenor-1;JA-Tenor-1;KO-Soprano-1;KO-Soprano-2;KO-Tenor-1,m1_om,0,copied_from_identity_residual_metric_robustness_2026-07-13
GTSinger_same_text_control,mert_l3,3,61,cos_o0_query,cosine,zero,query,none,2bd152dfd532dcbf0b4d,0.4,0.9,0.6300000000000001,2.7,2.0,0.7666666666666667,0.2222222222222222,0.9816947718317038,0.010714723194911797,0.972473880007911,0.009887399052032517,0.00922089182379282,10,90,insufficient_resolution/non_independent_calibration,nan,nan,nan,,,EN-Alto-1;EN-Alto-2;FR-Soprano-1;IT-Bass-1;IT-Bass-2;IT-Soprano-1;JA-Soprano-1;RU-Alto-1;ZH-Alto-1;ZH-Tenor-1,,DE-Soprano-1;DE-Tenor-1;EN-Tenor-1;ES-Bass-1;ES-Soprano-1;FR-Tenor-1;JA-Tenor-1;KO-Soprano-1;KO-Soprano-2;KO-Tenor-1,m1_o0,1,copied_from_identity_residual_metric_robustness_2026-07-13
GTSinger_same_text_control,mert_l3,3,67,wcos_diag_none,diagonal_whitened_cosine,pooled_train_midpoint,none,diagonal_variance,5b64d1f1e5351e39e5ef,0.8,0.9,0.8444444444444444,2.0,1.0,0.7988888888888889,0.20555555555555555,0.0797225873724162,0.24289174817447753,-0.18470442272436036,0.2311174569349399,0.26442701009677655,10,90,w1_no_operating_threshold,nan,nan,nan,,,,,,,,
GTSinger_same_text_control,mert_l3,3,67,wcos_diag_query,diagonal_whitened_cosine,pooled_train_midpoint,query,diagonal_variance,5b64d1f1e5351e39e5ef,0.8,0.9,0.8416666666666668,1.8,1.0,0.8377777777777777,0.3,0.5906741306724348,0.12541154723962228,0.3930412079163794,0.16054135560419328,0.19763292275605537,10,90,w1_no_operating_threshold,nan,nan,nan,,,,,,,,
GTSinger_same_text_control,mert_l3,3,67,wcos_oas_none,oas_whitened_cosine,pooled_train_midpoint,none,OAS,87fc883b8aebcd2e122e,0.7,1.0,0.8033333333333333,1.7,1.0,0.9188888888888889,0.1,0.34119613687548594,0.11513608999053436,0.09149047483577441,0.12382422809291768,0.24970566203971153,10,90,w1_no_operating_threshold,nan,nan,nan,,,,,,,,
GTSinger_same_text_control,mert_l3,3,67,wcos_oas_query,oas_whitened_cosine,pooled_train_midpoint,query,OAS,87fc883b8aebcd2e122e,0.7,1.0,0.8083333333333332,1.6,1.0,0.9211111111111111,0.1,0.3431300858572456,0.11462768497941374,0.09340922907581775,0.12336732073301195,0.24972085678142783,10,90,w1_no_operating_threshold,nan,nan,nan,,,,,,,,
GTSinger_same_text_control,mert_l3,3,67,cos_om_none,cosine,pooled_train_midpoint,none,none,b651b8c0146a2f6681ec,0.6,1.0,0.7583333333333333,1.7,1.0,0.7944444444444444,0.2833333333333333,0.010702855217053223,0.24954005538215224,-0.23713242654010966,0.21552593655882854,0.24783528175716288,10,90,insufficient_resolution/non_independent_calibration,nan,nan,nan,,,EN-Alto-1;EN-Alto-2;ES-Bass-1;ES-Soprano-1;FR-Soprano-1;IT-Bass-2;JA-Soprano-1;JA-Tenor-1;ZH-Alto-1;ZH-Tenor-1,,DE-Soprano-1;DE-Tenor-1;EN-Tenor-1;FR-Tenor-1;IT-Bass-1;IT-Soprano-1;KO-Soprano-1;KO-Soprano-2;KO-Tenor-1;RU-Alto-1,m1_om,0,copied_from_identity_residual_metric_robustness_2026-07-13
GTSinger_same_text_control,mert_l3,3,67,cos_o0_query,cosine,zero,query,none,b651b8c0146a2f6681ec,0.6,1.0,0.7583333333333333,1.7,1.0,0.8488888888888889,0.20555555555555555,0.9839334282419252,0.00516060641215433,0.9746984012383516,0.007215327006887385,0.009235027003573593,10,90,insufficient_resolution/non_independent_calibration,nan,nan,nan,,,EN-Alto-1;EN-Alto-2;ES-Bass-1;ES-Soprano-1;FR-Soprano-1;IT-Bass-2;JA-Soprano-1;JA-Tenor-1;ZH-Alto-1;ZH-Tenor-1,,DE-Soprano-1;DE-Tenor-1;EN-Tenor-1;FR-Tenor-1;IT-Bass-1;IT-Soprano-1;KO-Soprano-1;KO-Soprano-2;KO-Tenor-1;RU-Alto-1,m1_o0,1,copied_from_identity_residual_metric_robustness_2026-07-13
GTSinger_same_text_control,mert_l3,3,71,wcos_diag_none,diagonal_whitened_cosine,pooled_train_midpoint,none,diagonal_variance,43013e3a574cb2bcab2b,0.3,0.8,0.5569444444444444,3.1,2.0,0.7766666666666666,0.2111111111111111,-0.021712115583019862,0.2211765556342922,-0.2348377730007788,0.2185966379386992,0.21312565741775893,10,90,w1_no_operating_threshold,nan,nan,nan,,,,,,,,
GTSinger_same_text_control,mert_l3,3,71,wcos_diag_query,diagonal_whitened_cosine,pooled_train_midpoint,query,diagonal_variance,43013e3a574cb2bcab2b,0.8,1.0,0.85,1.6,1.0,0.8844444444444445,0.2,0.4847041821174094,0.11349324735631176,0.2732653318012135,0.13915040791264646,0.21143885031619591,10,90,w1_no_operating_threshold,nan,nan,nan,,,,,,,,
GTSinger_same_text_control,mert_l3,3,71,wcos_oas_none,oas_whitened_cosine,pooled_train_midpoint,none,OAS,5be33e167e22a0f5a06f,0.9,1.0,0.95,1.1,1.0,0.9811111111111112,0.08333333333333334,0.3118176971471053,0.10661943339293768,0.03555808451133613,0.10772828743943985,0.27625961263576915,10,90,w1_no_operating_threshold,nan,nan,nan,,,,,,,,
GTSinger_same_text_control,mert_l3,3,71,wcos_oas_query,oas_whitened_cosine,pooled_train_midpoint,query,OAS,5be33e167e22a0f5a06f,0.9,1.0,0.95,1.1,1.0,0.9822222222222222,0.08333333333333334,0.3142666528390139,0.1062842861782346,0.03809485705130228,0.1078917417189177,0.2761717957877116,10,90,w1_no_operating_threshold,nan,nan,nan,,,,,,,,
GTSinger_same_text_control,mert_l3,3,71,cos_om_none,cosine,pooled_train_midpoint,none,none,f4a9f98ff194aaa2008a,0.6,0.8,0.7142857142857142,2.4,1.0,0.7955555555555556,0.20555555555555555,-0.03933300242471997,0.18003158927501955,-0.25647311410787016,0.1951014814285379,0.21714011168315017,10,90,insufficient_resolution/non_independent_calibration,nan,nan,nan,,,DE-Tenor-1;EN-Alto-1;ES-Bass-1;FR-Soprano-1;FR-Tenor-1;IT-Bass-1;IT-Bass-2;JA-Soprano-1;KO-Soprano-2;ZH-Tenor-1,,DE-Soprano-1;EN-Alto-2;EN-Tenor-1;ES-Soprano-1;IT-Soprano-1;JA-Tenor-1;KO-Soprano-1;KO-Tenor-1;RU-Alto-1;ZH-Alto-1,m1_om,0,copied_from_identity_residual_metric_robustness_2026-07-13
GTSinger_same_text_control,mert_l3,3,71,cos_o0_query,cosine,zero,query,none,f4a9f98ff194aaa2008a,0.5,0.9,0.625,3.1,1.5,0.7622222222222222,0.3,0.9818398514570215,0.009342660644105646,0.9743975236475887,0.00850487559550114,0.007442327809432769,10,90,insufficient_resolution/non_independent_calibration,nan,nan,nan,,,DE-Tenor-1;EN-Alto-1;ES-Bass-1;FR-Soprano-1;FR-Tenor-1;IT-Bass-1;IT-Bass-2;JA-Soprano-1;KO-Soprano-2;ZH-Tenor-1,,DE-Soprano-1;EN-Alto-2;EN-Tenor-1;ES-Soprano-1;IT-Soprano-1;JA-Tenor-1;KO-Soprano-1;KO-Tenor-1;RU-Alto-1;ZH-Alto-1,m1_o0,1,copied_from_identity_residual_metric_robustness_2026-07-13
GTSinger_same_text_control,mert_l3,3,73,wcos_diag_none,diagonal_whitened_cosine,pooled_train_midpoint,none,diagonal_variance,6027f435c4237dc1fc0b,0.8,0.9,0.8476190476190476,1.8,1.0,0.8311111111111111,0.2,0.06596563962343302,0.23256058787750788,-0.22063074711985575,0.23880666865365838,0.2865963867432888,10,90,w1_no_operating_threshold,nan,nan,nan,,,,,,,,
GTSinger_same_text_control,mert_l3,3,73,wcos_diag_query,diagonal_whitened_cosine,pooled_train_midpoint,query,diagonal_variance,6027f435c4237dc1fc0b,0.6,1.0,0.7666666666666666,1.6,1.0,0.8933333333333333,0.18333333333333335,0.5592870049839,0.10119480908943072,0.30082580735394127,0.17792896833396848,0.2584611976299588,10,90,w1_no_operating_threshold,nan,nan,nan,,,,,,,,
GTSinger_same_text_control,mert_l3,3,73,wcos_oas_none,oas_whitened_cosine,pooled_train_midpoint,none,OAS,5abf5b0cdf0fb6aabf1e,0.9,1.0,0.95,1.1,1.0,0.9488888888888889,0.1,0.4176329587534582,0.15221210561388795,0.036714691494377685,0.15702595196555943,0.3809182672590805,10,90,w1_no_operating_threshold,nan,nan,nan,,,,,,,,
GTSinger_same_text_control,mert_l3,3,73,wcos_oas_query,oas_whitened_cosine,pooled_train_midpoint,query,OAS,5abf5b0cdf0fb6aabf1e,0.9,1.0,0.95,1.1,1.0,0.95,0.1,0.4188955141475182,0.15199233101925155,0.037874508635502686,0.15693201578576563,0.3810210055120155,10,90,w1_no_operating_threshold,nan,nan,nan,,,,,,,,
GTSinger_same_text_control,mert_l3,3,73,cos_om_none,cosine,pooled_train_midpoint,none,none,910e199572700cf22aea,0.6,0.9,0.7166666666666667,2.2,1.0,0.7777777777777778,0.3,-0.008958955838252684,0.27976983285941537,-0.2743477724416236,0.2552070869566003,0.26538881660337094,10,90,insufficient_resolution/non_independent_calibration,nan,nan,nan,,,DE-Soprano-1;EN-Alto-1;EN-Tenor-1;ES-Bass-1;FR-Soprano-1;KO-Soprano-1;KO-Soprano-2;KO-Tenor-1;RU-Alto-1;ZH-Alto-1,,DE-Tenor-1;EN-Alto-2;ES-Soprano-1;FR-Tenor-1;IT-Bass-1;IT-Bass-2;IT-Soprano-1;JA-Soprano-1;JA-Tenor-1;ZH-Tenor-1,m1_om,0,copied_from_identity_residual_metric_robustness_2026-07-13
GTSinger_same_text_control,mert_l3,3,73,cos_o0_query,cosine,zero,query,none,910e199572700cf22aea,0.7,0.8,0.7809523809523811,2.2,1.0,0.7966666666666666,0.2,0.9806230879176807,0.009817569427298925,0.9684874716016458,0.010628229687875614,0.01213561631603488,10,90,insufficient_resolution/non_independent_calibration,nan,nan,nan,,,DE-Soprano-1;EN-Alto-1;EN-Tenor-1;ES-Bass-1;FR-Soprano-1;KO-Soprano-1;KO-Soprano-2;KO-Tenor-1;RU-Alto-1;ZH-Alto-1,,DE-Tenor-1;EN-Alto-2;ES-Soprano-1;FR-Tenor-1;IT-Bass-1;IT-Bass-2;IT-Soprano-1;JA-Soprano-1;JA-Tenor-1;ZH-Tenor-1,m1_o0,1,copied_from_identity_residual_metric_robustness_2026-07-13
GTSinger_same_text_control,mert_l3,3,79,wcos_diag_none,diagonal_whitened_cosine,pooled_train_midpoint,none,diagonal_variance,aedeee2d53ee150c1f11,0.7,1.0,0.8166666666666667,1.5,1.0,0.9122222222222223,0.12222222222222222,0.14746606181376093,0.1386407572636362,-0.1946532102104169,0.2036278107191893,0.3421192720241778,10,90,w1_no_operating_threshold,nan,nan,nan,,,,,,,,
GTSinger_same_text_control,mert_l3,3,79,wcos_diag_query,diagonal_whitened_cosine,pooled_train_midpoint,query,diagonal_variance,aedeee2d53ee150c1f11,0.5,1.0,0.75,1.5,1.5,0.9122222222222223,0.11666666666666667,0.5671820771010645,0.1391594788031699,0.26193028327002055,0.16948476732177872,0.30525179383104395,10,90,w1_no_operating_threshold,nan,nan,nan,,,,,,,,
GTSinger_same_text_control,mert_l3,3,79,wcos_oas_none,oas_whitened_cosine,pooled_train_midpoint,none,OAS,be5d5940a3eee595159b,0.9,1.0,0.95,1.1,1.0,0.9633333333333334,0.1,0.3990122037960423,0.1517792781479948,0.0325586951174437,0.1283916438072481,0.3664535086785986,10,90,w1_no_operating_threshold,nan,nan,nan,,,,,,,,
GTSinger_same_text_control,mert_l3,3,79,wcos_oas_query,oas_whitened_cosine,pooled_train_midpoint,query,OAS,be5d5940a3eee595159b,0.9,1.0,0.95,1.1,1.0,0.9644444444444444,0.1,0.40019840471890233,0.15151211617045898,0.03374959356811572,0.12846480904612786,0.3664488111507866,10,90,w1_no_operating_threshold,nan,nan,nan,,,,,,,,
GTSinger_same_text_control,mert_l3,3,79,cos_om_none,cosine,pooled_train_midpoint,none,none,ecc384a251ef563988a1,0.7,1.0,0.8333333333333333,1.4,1.0,0.8866666666666667,0.2,0.07299017531667147,0.1713611081305635,-0.2447554037008094,0.19647775300836998,0.31774557901748085,10,90,insufficient_resolution/non_independent_calibration,nan,nan,nan,,,DE-Soprano-1;DE-Tenor-1;EN-Tenor-1;FR-Soprano-1;FR-Tenor-1;IT-Soprano-1;JA-Tenor-1;KO-Soprano-1;KO-Soprano-2;ZH-Tenor-1,,EN-Alto-1;EN-Alto-2;ES-Bass-1;ES-Soprano-1;IT-Bass-1;IT-Bass-2;JA-Soprano-1;KO-Tenor-1;RU-Alto-1;ZH-Alto-1,m1_om,0,copied_from_identity_residual_metric_robustness_2026-07-13
GTSinger_same_text_control,mert_l3,3,79,cos_o0_query,cosine,zero,query,none,ecc384a251ef563988a1,0.7,1.0,0.8166666666666667,1.5,1.0,0.8333333333333334,0.3,0.9841814881215543,0.007182656409704348,0.9727815731360671,0.010523416839080563,0.011399914985487203,10,90,insufficient_resolution/non_independent_calibration,nan,nan,nan,,,DE-Soprano-1;DE-Tenor-1;EN-Tenor-1;FR-Soprano-1;FR-Tenor-1;IT-Soprano-1;JA-Tenor-1;KO-Soprano-1;KO-Soprano-2;ZH-Tenor-1,,EN-Alto-1;EN-Alto-2;ES-Bass-1;ES-Soprano-1;IT-Bass-1;IT-Bass-2;JA-Soprano-1;KO-Tenor-1;RU-Alto-1;ZH-Alto-1,m1_o0,1,copied_from_identity_residual_metric_robustness_2026-07-13
GTSinger_same_text_control,mert_l3,3,83,wcos_diag_none,diagonal_whitened_cosine,pooled_train_midpoint,none,diagonal_variance,eb6ec76874d17f0173af,0.5,1.0,0.6950000000000001,2.0,1.5,0.82,0.2111111111111111,0.13788120524091146,0.1410572658160624,-0.09608941672838425,0.20850775625760679,0.23397062196929572,10,90,w1_no_operating_threshold,nan,nan,nan,,,,,,,,
GTSinger_same_text_control,mert_l3,3,83,wcos_diag_query,diagonal_whitened_cosine,pooled_train_midpoint,query,diagonal_variance,eb6ec76874d17f0173af,0.8,1.0,0.9,1.2,1.0,0.9377777777777778,0.10555555555555556,0.49132050611714106,0.10678995568048205,0.2234537176411218,0.14568646388892428,0.2678667884760193,10,90,w1_no_operating_threshold,nan,nan,nan,,,,,,,,
GTSinger_same_text_control,mert_l3,3,83,wcos_oas_none,oas_whitened_cosine,pooled_train_midpoint,none,OAS,6c7795aa4bf42fd88765,0.8,1.0,0.9,1.2,1.0,0.9766666666666667,0.1,0.40728496620331417,0.1285418566226771,0.04828491132661808,0.13126985245939973,0.35900005487669606,10,90,w1_no_operating_threshold,nan,nan,nan,,,,,,,,
GTSinger_same_text_control,mert_l3,3,83,wcos_oas_query,oas_whitened_cosine,pooled_train_midpoint,query,OAS,6c7795aa4bf42fd88765,0.8,1.0,0.9,1.2,1.0,0.9766666666666667,0.1,0.40947244143728045,0.12824294907736478,0.050256504178497086,0.13113283691410407,0.35921593725878337,10,90,w1_no_operating_threshold,nan,nan,nan,,,,,,,,
GTSinger_same_text_control,mert_l3,3,83,cos_om_none,cosine,pooled_train_midpoint,none,none,db4d4e7c53e0cf945c92,0.5,0.9,0.6916666666666667,2.1,1.5,0.8122222222222222,0.2,0.06955732575079233,0.11603982879098318,-0.1517171490172696,0.21229250791133347,0.22127447476806195,10,90,insufficient_resolution/non_independent_calibration,nan,nan,nan,,,DE-Tenor-1;EN-Alto-1;EN-Tenor-1;ES-Soprano-1;FR-Soprano-1;FR-Tenor-1;IT-Bass-1;IT-Bass-2;JA-Tenor-1;KO-Soprano-1,,DE-Soprano-1;EN-Alto-2;ES-Bass-1;IT-Soprano-1;JA-Soprano-1;KO-Soprano-2;KO-Tenor-1;RU-Alto-1;ZH-Alto-1;ZH-Tenor-1,m1_om,0,copied_from_identity_residual_metric_robustness_2026-07-13
GTSinger_same_text_control,mert_l3,3,83,cos_o0_query,cosine,zero,query,none,db4d4e7c53e0cf945c92,0.7,0.9,0.8166666666666668,1.7,1.0,0.8977777777777778,0.2,0.986834859981083,0.0036674877864074375,0.978534019918738,0.006666557128624916,0.008300840062344994,10,90,insufficient_resolution/non_independent_calibration,nan,nan,nan,,,DE-Tenor-1;EN-Alto-1;EN-Tenor-1;ES-Soprano-1;FR-Soprano-1;FR-Tenor-1;IT-Bass-1;IT-Bass-2;JA-Tenor-1;KO-Soprano-1,,DE-Soprano-1;EN-Alto-2;ES-Bass-1;IT-Soprano-1;JA-Soprano-1;KO-Soprano-2;KO-Tenor-1;RU-Alto-1;ZH-Alto-1;ZH-Tenor-1,m1_o0,1,copied_from_identity_residual_metric_robustness_2026-07-13
GTSinger_same_text_control,mert_l3,3,89,wcos_diag_none,diagonal_whitened_cosine,pooled_train_midpoint,none,diagonal_variance,901f018bd380ee5830ed,0.5,1.0,0.6950000000000001,2.0,1.5,0.8544444444444445,0.21666666666666667,0.16787613622693098,0.12800665935019487,-0.11703378039716969,0.22640207652991173,0.2849099166241007,10,90,w1_no_operating_threshold,nan,nan,nan,,,,,,,,
GTSinger_same_text_control,mert_l3,3,89,wcos_diag_query,diagonal_whitened_cosine,pooled_train_midpoint,query,diagonal_variance,901f018bd380ee5830ed,0.7,1.0,0.85,1.3,1.0,0.8933333333333333,0.12222222222222222,0.544116535590666,0.1446884256383595,0.27288762613564566,0.16432600363288585,0.2712289094550203,10,90,w1_no_operating_threshold,nan,nan,nan,,,,,,,,
GTSinger_same_text_control,mert_l3,3,89,wcos_oas_none,oas_whitened_cosine,pooled_train_midpoint,none,OAS,745e95de8a35484ecb62,0.8,1.0,0.8666666666666666,1.4,1.0,0.9322222222222222,0.12222222222222222,0.4146617325181622,0.15385650554467456,0.09999780082763336,0.13758035866424237,0.3146639316905288,10,90,w1_no_operating_threshold,nan,nan,nan,,,,,,,,
GTSinger_same_text_control,mert_l3,3,89,wcos_oas_query,oas_whitened_cosine,pooled_train_midpoint,query,OAS,745e95de8a35484ecb62,0.8,1.0,0.8666666666666666,1.4,1.0,0.9322222222222222,0.12222222222222222,0.4161159789415361,0.1538717686031245,0.10156267443534933,0.1376276059587995,0.3145533045061868,10,90,w1_no_operating_threshold,nan,nan,nan,,,,,,,,
GTSinger_same_text_control,mert_l3,3,89,cos_om_none,cosine,pooled_train_midpoint,none,none,0fe67468ab6f0b8c6e7a,0.5,1.0,0.7083333333333333,1.8,1.5,0.87,0.2,0.044720415238520383,0.13479624763266493,-0.21234237505708076,0.18397289190626948,0.25706279029560114,10,90,insufficient_resolution/non_independent_calibration,nan,nan,nan,,,EN-Alto-2;EN-Tenor-1;FR-Soprano-1;IT-Bass-1;JA-Soprano-1;JA-Tenor-1;KO-Soprano-1;KO-Tenor-1;ZH-Alto-1;ZH-Tenor-1,,DE-Soprano-1;DE-Tenor-1;EN-Alto-1;ES-Bass-1;ES-Soprano-1;FR-Tenor-1;IT-Bass-2;IT-Soprano-1;KO-Soprano-2;RU-Alto-1,m1_om,0,copied_from_identity_residual_metric_robustness_2026-07-13
GTSinger_same_text_control,mert_l3,3,89,cos_o0_query,cosine,zero,query,none,0fe67468ab6f0b8c6e7a,0.6,1.0,0.77,1.7,1.0,0.84,0.20555555555555555,0.9856380585668456,0.006229485301352752,0.9759713238637976,0.009218136206118098,0.009666734703048019,10,90,insufficient_resolution/non_independent_calibration,nan,nan,nan,,,EN-Alto-2;EN-Tenor-1;FR-Soprano-1;IT-Bass-1;JA-Soprano-1;JA-Tenor-1;KO-Soprano-1;KO-Tenor-1;ZH-Alto-1;ZH-Tenor-1,,DE-Soprano-1;DE-Tenor-1;EN-Alto-1;ES-Bass-1;ES-Soprano-1;FR-Tenor-1;IT-Bass-2;IT-Soprano-1;KO-Soprano-2;RU-Alto-1,m1_o0,1,copied_from_identity_residual_metric_robustness_2026-07-13
GTSinger_same_text_control,mert_l3,3,97,wcos_diag_none,diagonal_whitened_cosine,pooled_train_midpoint,none,diagonal_variance,1ba592d1c3c09a73fee2,0.4,0.8,0.6119047619047618,2.7,2.0,0.7588888888888888,0.3,-0.016577817763424575,0.2491743263247431,-0.2673031845699492,0.23881143149996006,0.25072536680652463,10,90,w1_no_operating_threshold,nan,nan,nan,,,,,,,,
GTSinger_same_text_control,mert_l3,3,97,wcos_diag_query,diagonal_whitened_cosine,pooled_train_midpoint,query,diagonal_variance,1ba592d1c3c09a73fee2,0.8,1.0,0.8666666666666666,1.4,1.0,0.8622222222222222,0.2,0.5347596892048776,0.1376055732779554,0.2957448333620844,0.1597591493659322,0.2390148558427932,10,90,w1_no_operating_threshold,nan,nan,nan,,,,,,,,
GTSinger_same_text_control,mert_l3,3,97,wcos_oas_none,oas_whitened_cosine,pooled_train_midpoint,none,OAS,d52b68f741a44ba88b81,0.7,1.0,0.825,1.5,1.0,0.97,0.1,0.3486298979806062,0.11633660845777527,0.04242743477782125,0.12262241676138466,0.30620246320278494,10,90,w1_no_operating_threshold,nan,nan,nan,,,,,,,,
GTSinger_same_text_control,mert_l3,3,97,wcos_oas_query,oas_whitened_cosine,pooled_train_midpoint,query,OAS,d52b68f741a44ba88b81,0.7,1.0,0.825,1.5,1.0,0.97,0.1,0.3505590767126148,0.11592516527486567,0.04439551863700829,0.12260565588897243,0.3061635580756065,10,90,w1_no_operating_threshold,nan,nan,nan,,,,,,,,
GTSinger_same_text_control,mert_l3,3,97,cos_om_none,cosine,pooled_train_midpoint,none,none,cc4267612fee023d9cb2,0.4,1.0,0.6066666666666667,2.4,2.0,0.7488888888888889,0.3888888888888889,-0.006995534383619798,0.27061843039253713,-0.2500723382258186,0.23502229366993443,0.2430768038421988,10,90,insufficient_resolution/non_independent_calibration,nan,nan,nan,,,EN-Alto-1;EN-Alto-2;ES-Bass-1;FR-Soprano-1;IT-Bass-2;IT-Soprano-1;JA-Soprano-1;KO-Soprano-1;KO-Soprano-2;KO-Tenor-1,,DE-Soprano-1;DE-Tenor-1;EN-Tenor-1;ES-Soprano-1;FR-Tenor-1;IT-Bass-1;JA-Tenor-1;RU-Alto-1;ZH-Alto-1;ZH-Tenor-1,m1_om,0,copied_from_identity_residual_metric_robustness_2026-07-13
GTSinger_same_text_control,mert_l3,3,97,cos_o0_query,cosine,zero,query,none,cc4267612fee023d9cb2,0.8,0.9,0.8300000000000001,2.3,1.0,0.7677777777777778,0.20555555555555555,0.981436651944097,0.011118928499160763,0.97128253397475,0.009326209393598364,0.010154117969347065,10,90,insufficient_resolution/non_independent_calibration,nan,nan,nan,,,EN-Alto-1;EN-Alto-2;ES-Bass-1;FR-Soprano-1;IT-Bass-2;IT-Soprano-1;JA-Soprano-1;KO-Soprano-1;KO-Soprano-2;KO-Tenor-1,,DE-Soprano-1;DE-Tenor-1;EN-Tenor-1;ES-Soprano-1;FR-Tenor-1;IT-Bass-1;JA-Tenor-1;RU-Alto-1;ZH-Alto-1;ZH-Tenor-1,m1_o0,1,copied_from_identity_residual_metric_robustness_2026-07-13
GTSinger_same_text_control,mert_l3,3,101,wcos_diag_none,diagonal_whitened_cosine,pooled_train_midpoint,none,diagonal_variance,495de34d8df97eeb83e5,0.5,0.9,0.6458333333333333,2.5,2.0,0.8222222222222222,0.2,0.013217712230291853,0.1702437123424217,-0.24154299615058908,0.21724866354990724,0.25476070838088094,10,90,w1_no_operating_threshold,nan,nan,nan,,,,,,,,
GTSinger_same_text_control,mert_l3,3,101,wcos_diag_query,diagonal_whitened_cosine,pooled_train_midpoint,query,diagonal_variance,495de34d8df97eeb83e5,0.8,1.0,0.875,1.4,1.0,0.8688888888888889,0.2,0.5005916925837524,0.1416827393010565,0.25073208995222396,0.17381091619642666,0.2498596026315284,10,90,w1_no_operating_threshold,nan,nan,nan,,,,,,,,
GTSinger_same_text_control,mert_l3,3,101,wcos_oas_none,oas_whitened_cosine,pooled_train_midpoint,none,OAS,1df0a9ac665317bb85e9,0.9,1.0,0.95,1.1,1.0,0.9311111111111111,0.2,0.26749134615562464,0.11623746567925293,0.011775088652782352,0.11654446426234763,0.25571625750284227,10,90,w1_no_operating_threshold,nan,nan,nan,,,,,,,,
GTSinger_same_text_control,mert_l3,3,101,wcos_oas_query,oas_whitened_cosine,pooled_train_midpoint,query,OAS,1df0a9ac665317bb85e9,0.9,1.0,0.95,1.1,1.0,0.9322222222222222,0.2,0.26867304310678825,0.11619792935609613,0.012991907246381685,0.11647234648719298,0.2556811358604066,10,90,w1_no_operating_threshold,nan,nan,nan,,,,,,,,
GTSinger_same_text_control,mert_l3,3,101,cos_om_none,cosine,pooled_train_midpoint,none,none,f918afbf77990de85af2,0.4,0.9,0.6059523809523809,2.5,2.0,0.8322222222222222,0.3,-0.047608079862093776,0.1585705247505968,-0.2824015175481086,0.20641797772516135,0.23479343768601482,10,90,insufficient_resolution/non_independent_calibration,nan,nan,nan,,,DE-Soprano-1;DE-Tenor-1;EN-Alto-1;EN-Alto-2;FR-Soprano-1;IT-Bass-1;IT-Soprano-1;JA-Soprano-1;JA-Tenor-1;RU-Alto-1,,EN-Tenor-1;ES-Bass-1;ES-Soprano-1;FR-Tenor-1;IT-Bass-2;KO-Soprano-1;KO-Soprano-2;KO-Tenor-1;ZH-Alto-1;ZH-Tenor-1,m1_om,0,copied_from_identity_residual_metric_robustness_2026-07-13
GTSinger_same_text_control,mert_l3,3,101,cos_o0_query,cosine,zero,query,none,f918afbf77990de85af2,0.8,0.9,0.8642857142857142,1.7,1.0,0.8277777777777777,0.2,0.9831794692576838,0.008023435838148478,0.9726887731395158,0.007958553224876841,0.010490696118167997,10,90,insufficient_resolution/non_independent_calibration,nan,nan,nan,,,DE-Soprano-1;DE-Tenor-1;EN-Alto-1;EN-Alto-2;FR-Soprano-1;IT-Bass-1;IT-Soprano-1;JA-Soprano-1;JA-Tenor-1;RU-Alto-1,,EN-Tenor-1;ES-Bass-1;ES-Soprano-1;FR-Tenor-1;IT-Bass-2;KO-Soprano-1;KO-Soprano-2;KO-Tenor-1;ZH-Alto-1;ZH-Tenor-1,m1_o0,1,copied_from_identity_residual_metric_robustness_2026-07-13
GTSinger_same_text_control,mert_l3,3,103,wcos_diag_none,diagonal_whitened_cosine,pooled_train_midpoint,none,diagonal_variance,8997ca9754547d24e679,0.4,0.9,0.6,2.5,2.0,0.7988888888888889,0.28888888888888886,0.17137297104694654,0.17095569388066958,-0.0637595575342906,0.23009397017247865,0.23513252858123715,10,90,w1_no_operating_threshold,nan,nan,nan,,,,,,,,
GTSinger_same_text_control,mert_l3,3,103,wcos_diag_query,diagonal_whitened_cosine,pooled_train_midpoint,query,diagonal_variance,8997ca9754547d24e679,0.7,1.0,0.795,1.8,1.0,0.8822222222222222,0.2,0.5314682717677077,0.13961866079577143,0.29657726536567486,0.1270338771420409,0.23489100640203286,10,90,w1_no_operating_threshold,nan,nan,nan,,,,,,,,
GTSinger_same_text_control,mert_l3,3,103,wcos_oas_none,oas_whitened_cosine,pooled_train_midpoint,none,OAS,4d59ec0ecc4ed9c0b2f8,1.0,1.0,1.0,1.0,1.0,0.9888888888888889,0.09444444444444444,0.4062501952264769,0.09700680274505184,0.03929274901519293,0.13043886509546798,0.36695744621128396,10,90,w1_no_operating_threshold,nan,nan,nan,,,,,,,,
GTSinger_same_text_control,mert_l3,3,103,wcos_oas_query,oas_whitened_cosine,pooled_train_midpoint,query,OAS,4d59ec0ecc4ed9c0b2f8,1.0,1.0,1.0,1.0,1.0,0.9877777777777778,0.09444444444444444,0.4072818515552538,0.09715014946117398,0.040552986448816136,0.13038922352787685,0.36672886510643765,10,90,w1_no_operating_threshold,nan,nan,nan,,,,,,,,
GTSinger_same_text_control,mert_l3,3,103,cos_om_none,cosine,pooled_train_midpoint,none,none,1ee29535464d405d878e,0.6,1.0,0.7583333333333333,1.7,1.0,0.8177777777777778,0.2833333333333333,0.07559844114178241,0.14284630660445413,-0.15415772656961757,0.1947952547473231,0.22975616771139998,10,90,insufficient_resolution/non_independent_calibration,nan,nan,nan,,,DE-Soprano-1;EN-Alto-2;EN-Tenor-1;FR-Tenor-1;IT-Bass-1;IT-Bass-2;JA-Soprano-1;JA-Tenor-1;ZH-Alto-1;ZH-Tenor-1,,DE-Tenor-1;EN-Alto-1;ES-Bass-1;ES-Soprano-1;FR-Soprano-1;IT-Soprano-1;KO-Soprano-1;KO-Soprano-2;KO-Tenor-1;RU-Alto-1,m1_om,0,copied_from_identity_residual_metric_robustness_2026-07-13
GTSinger_same_text_control,mert_l3,3,103,cos_o0_query,cosine,zero,query,none,1ee29535464d405d878e,0.6,1.0,0.7533333333333333,1.8,1.0,0.8877777777777778,0.2,0.9854796637023451,0.003854605238325513,0.9779265504211797,0.00512749793307845,0.007553113281165369,10,90,insufficient_resolution/non_independent_calibration,nan,nan,nan,,,DE-Soprano-1;EN-Alto-2;EN-Tenor-1;FR-Tenor-1;IT-Bass-1;IT-Bass-2;JA-Soprano-1;JA-Tenor-1;ZH-Alto-1;ZH-Tenor-1,,DE-Tenor-1;EN-Alto-1;ES-Bass-1;ES-Soprano-1;FR-Soprano-1;IT-Soprano-1;KO-Soprano-1;KO-Soprano-2;KO-Tenor-1;RU-Alto-1,m1_o0,1,copied_from_identity_residual_metric_robustness_2026-07-13
GTSinger_same_text_control,mert_l3,3,107,wcos_diag_none,diagonal_whitened_cosine,pooled_train_midpoint,none,diagonal_variance,05cc2ed9fedb2bc7da55,0.6,0.9,0.7642857142857142,1.9,1.0,0.8133333333333334,0.2777777777777778,-0.008855900197825502,0.1697375901819555,-0.24049440289851817,0.2126655180259592,0.23163850270069267,10,90,w1_no_operating_threshold,nan,nan,nan,,,,,,,,
GTSinger_same_text_control,mert_l3,3,107,wcos_diag_query,diagonal_whitened_cosine,pooled_train_midpoint,query,diagonal_variance,05cc2ed9fedb2bc7da55,0.9,1.0,0.9199999999999999,1.4,1.0,0.9144444444444444,0.1,0.5716578802421681,0.09644393716533775,0.3407617934911775,0.14063290246193907,0.2308960867509906,10,90,w1_no_operating_threshold,nan,nan,nan,,,,,,,,
GTSinger_same_text_control,mert_l3,3,107,wcos_oas_none,oas_whitened_cosine,pooled_train_midpoint,none,OAS,80b4fc40f0a5644c4c53,0.7,1.0,0.85,1.3,1.0,0.9411111111111111,0.1,0.3831548056003903,0.1310673685850937,0.04820680853085788,0.18241351126189626,0.3349479970695324,10,90,w1_no_operating_threshold,nan,nan,nan,,,,,,,,
GTSinger_same_text_control,mert_l3,3,107,wcos_oas_query,oas_whitened_cosine,pooled_train_midpoint,query,OAS,80b4fc40f0a5644c4c53,0.7,1.0,0.85,1.3,1.0,0.9411111111111111,0.1,0.38483586730218705,0.13088964844648668,0.04969148695123322,0.18217464927055887,0.33514438035095384,10,90,w1_no_operating_threshold,nan,nan,nan,,,,,,,,
GTSinger_same_text_control,mert_l3,3,107,cos_om_none,cosine,pooled_train_midpoint,none,none,a08794461f959c54d9ee,0.4,0.9,0.6092857142857142,2.6,2.0,0.8366666666666667,0.2,-0.02863196998712094,0.14544952131511915,-0.29230611921579885,0.21978113332837312,0.26367414922867793,10,90,insufficient_resolution/non_independent_calibration,nan,nan,nan,,,EN-Alto-1;EN-Tenor-1;ES-Soprano-1;FR-Soprano-1;IT-Bass-1;IT-Bass-2;IT-Soprano-1;KO-Soprano-2;RU-Alto-1;ZH-Tenor-1,,DE-Soprano-1;DE-Tenor-1;EN-Alto-2;ES-Bass-1;FR-Tenor-1;JA-Soprano-1;JA-Tenor-1;KO-Soprano-1;KO-Tenor-1;ZH-Alto-1,m1_om,0,copied_from_identity_residual_metric_robustness_2026-07-13
GTSinger_same_text_control,mert_l3,3,107,cos_o0_query,cosine,zero,query,none,a08794461f959c54d9ee,0.6,0.9,0.735,2.4,1.0,0.83,0.2,0.9838445843593664,0.007932868924246755,0.9727345653465064,0.010380051918743062,0.011110019012860017,10,90,insufficient_resolution/non_independent_calibration,nan,nan,nan,,,EN-Alto-1;EN-Tenor-1;ES-Soprano-1;FR-Soprano-1;IT-Bass-1;IT-Bass-2;IT-Soprano-1;KO-Soprano-2;RU-Alto-1;ZH-Tenor-1,,DE-Soprano-1;DE-Tenor-1;EN-Alto-2;ES-Bass-1;FR-Tenor-1;JA-Soprano-1;JA-Tenor-1;KO-Soprano-1;KO-Tenor-1;ZH-Alto-1,m1_o0,1,copied_from_identity_residual_metric_robustness_2026-07-13
GTSinger_same_text_control,mert_l3,3,109,wcos_diag_none,diagonal_whitened_cosine,pooled_train_midpoint,none,diagonal_variance,de3a2d9bbce8f155b7ef,0.3,0.9,0.5642857142857143,2.6,2.0,0.8211111111111111,0.2,0.06526338279826728,0.19973327774517735,-0.2437345092858711,0.2768548406258577,0.30899789208413836,10,90,w1_no_operating_threshold,nan,nan,nan,,,,,,,,
GTSinger_same_text_control,mert_l3,3,109,wcos_diag_query,diagonal_whitened_cosine,pooled_train_midpoint,query,diagonal_variance,de3a2d9bbce8f155b7ef,1.0,1.0,1.0,1.0,1.0,0.9077777777777778,0.18888888888888888,0.6018201437847983,0.1276274025838402,0.3128179550746515,0.17073519630021308,0.2890021887101468,10,90,w1_no_operating_threshold,nan,nan,nan,,,,,,,,
GTSinger_same_text_control,mert_l3,3,109,wcos_oas_none,oas_whitened_cosine,pooled_train_midpoint,none,OAS,bf7bd8d6818164509f6a,0.9,1.0,0.9333333333333332,1.2,1.0,0.9644444444444444,0.1,0.4078601450688832,0.12962895468971544,0.039556945189756366,0.1463788171990479,0.3683031998791268,10,90,w1_no_operating_threshold,nan,nan,nan,,,,,,,,
GTSinger_same_text_control,mert_l3,3,109,wcos_oas_query,oas_whitened_cosine,pooled_train_midpoint,query,OAS,bf7bd8d6818164509f6a,0.9,1.0,0.9333333333333332,1.2,1.0,0.9644444444444444,0.1,0.40942779242217514,0.12935016712115482,0.04133364063025449,0.14615689344644628,0.3680941517919206,10,90,w1_no_operating_threshold,nan,nan,nan,,,,,,,,
GTSinger_same_text_control,mert_l3,3,109,cos_om_none,cosine,pooled_train_midpoint,none,none,b573836cc731ac7ff47d,0.5,0.9,0.6976190476190476,2.1,1.5,0.82,0.2777777777777778,0.01116602343080661,0.18036267755907542,-0.26388885764125697,0.22794831226508616,0.27505488107206355,10,90,insufficient_resolution/non_independent_calibration,nan,nan,nan,,,DE-Soprano-1;DE-Tenor-1;EN-Alto-2;EN-Tenor-1;IT-Bass-1;IT-Bass-2;IT-Soprano-1;JA-Soprano-1;KO-Soprano-1;ZH-Tenor-1,,EN-Alto-1;ES-Bass-1;ES-Soprano-1;FR-Soprano-1;FR-Tenor-1;JA-Tenor-1;KO-Soprano-2;KO-Tenor-1;RU-Alto-1;ZH-Alto-1,m1_om,0,copied_from_identity_residual_metric_robustness_2026-07-13
GTSinger_same_text_control,mert_l3,3,109,cos_o0_query,cosine,zero,query,none,b573836cc731ac7ff47d,0.5,0.9,0.6933333333333332,2.4,1.5,0.8611111111111112,0.2,0.986023352526417,0.006797963092215485,0.9765892169260955,0.008511517847390133,0.00943413560032158,10,90,insufficient_resolution/non_independent_calibration,nan,nan,nan,,,DE-Soprano-1;DE-Tenor-1;EN-Alto-2;EN-Tenor-1;IT-Bass-1;IT-Bass-2;IT-Soprano-1;JA-Soprano-1;KO-Soprano-1;ZH-Tenor-1,,EN-Alto-1;ES-Bass-1;ES-Soprano-1;FR-Soprano-1;FR-Tenor-1;JA-Tenor-1;KO-Soprano-2;KO-Tenor-1;RU-Alto-1;ZH-Alto-1,m1_o0,1,copied_from_identity_residual_metric_robustness_2026-07-13
GTSinger_same_text_control,mert_l3,3,113,wcos_diag_none,diagonal_whitened_cosine,pooled_train_midpoint,none,diagonal_variance,f6a5f3fb95444bcfc2a1,0.5,0.8,0.6434523809523809,2.8,1.5,0.7466666666666667,0.3,0.03251369584908706,0.26415850380168654,-0.20321872943429986,0.252033081747535,0.23573242528338692,10,90,w1_no_operating_threshold,nan,nan,nan,,,,,,,,
GTSinger_same_text_control,mert_l3,3,113,wcos_diag_query,diagonal_whitened_cosine,pooled_train_midpoint,query,diagonal_variance,f6a5f3fb95444bcfc2a1,0.7,0.9,0.8,1.8,1.0,0.7866666666666666,0.3,0.5961007367345338,0.15218367337480218,0.4124703093729359,0.1588560746870629,0.1836304273615979,10,90,w1_no_operating_threshold,nan,nan,nan,,,,,,,,
GTSinger_same_text_control,mert_l3,3,113,wcos_oas_none,oas_whitened_cosine,pooled_train_midpoint,none,OAS,b632f07d957f6b1f5f14,0.8,1.0,0.8833333333333332,1.3,1.0,0.9688888888888889,0.1,0.37225564462136507,0.1297178455181285,0.050388753882016496,0.1260198445588545,0.3218668907393486,10,90,w1_no_operating_threshold,nan,nan,nan,,,,,,,,
GTSinger_same_text_control,mert_l3,3,113,wcos_oas_query,oas_whitened_cosine,pooled_train_midpoint,query,OAS,b632f07d957f6b1f5f14,0.8,1.0,0.8833333333333332,1.3,1.0,0.9688888888888889,0.1,0.3739473182275403,0.12948587868705222,0.05228254690015714,0.12574222513571134,0.32166477132738314,10,90,w1_no_operating_threshold,nan,nan,nan,,,,,,,,
GTSinger_same_text_control,mert_l3,3,113,cos_om_none,cosine,pooled_train_midpoint,none,none,2f0126ad9d5fdf062c41,0.5,0.9,0.65,2.4,1.5,0.7911111111111111,0.2944444444444444,0.03473060808819268,0.24884084729636602,-0.22661479466203444,0.23670355353962172,0.2613454027502271,10,90,insufficient_resolution/non_independent_calibration,nan,nan,nan,,,DE-Soprano-1;DE-Tenor-1;EN-Alto-2;ES-Soprano-1;FR-Soprano-1;IT-Bass-2;JA-Soprano-1;KO-Soprano-2;RU-Alto-1;ZH-Tenor-1,,EN-Alto-1;EN-Tenor-1;ES-Bass-1;FR-Tenor-1;IT-Bass-1;IT-Soprano-1;JA-Tenor-1;KO-Soprano-1;KO-Tenor-1;ZH-Alto-1,m1_om,0,copied_from_identity_residual_metric_robustness_2026-07-13
GTSinger_same_text_control,mert_l3,3,113,cos_o0_query,cosine,zero,query,none,2f0126ad9d5fdf062c41,0.4,0.9,0.6300000000000001,2.7,2.0,0.7955555555555556,0.2,0.9818459156537263,0.009815791390682678,0.9719339399406256,0.007768681754911426,0.009911975713100651,10,90,insufficient_resolution/non_independent_calibration,nan,nan,nan,,,DE-Soprano-1;DE-Tenor-1;EN-Alto-2;ES-Soprano-1;FR-Soprano-1;IT-Bass-2;JA-Soprano-1;KO-Soprano-2;RU-Alto-1;ZH-Tenor-1,,EN-Alto-1;EN-Tenor-1;ES-Bass-1;FR-Tenor-1;IT-Bass-1;IT-Soprano-1;JA-Tenor-1;KO-Soprano-1;KO-Tenor-1;ZH-Alto-1,m1_o0,1,copied_from_identity_residual_metric_robustness_2026-07-13
GTSinger_same_text_control,mert_l3,3,127,wcos_diag_none,diagonal_whitened_cosine,pooled_train_midpoint,none,diagonal_variance,92ec142e7430dbf91182,0.7,1.0,0.82,1.6,1.0,0.8633333333333333,0.2,0.10101727713188521,0.20216599844947544,-0.19259607185590302,0.18755357727483984,0.29361334898778824,10,90,w1_no_operating_threshold,nan,nan,nan,,,,,,,,
GTSinger_same_text_control,mert_l3,3,127,wcos_diag_query,diagonal_whitened_cosine,pooled_train_midpoint,query,diagonal_variance,92ec142e7430dbf91182,0.5,0.9,0.6866666666666668,2.2,1.5,0.8755555555555555,0.2,0.6021849939445774,0.11900423237259039,0.3796418514494879,0.14963019878253608,0.22254314249508944,10,90,w1_no_operating_threshold,nan,nan,nan,,,,,,,,
GTSinger_same_text_control,mert_l3,3,127,wcos_oas_none,oas_whitened_cosine,pooled_train_midpoint,none,OAS,477aef6d19b3fe01fb20,1.0,1.0,1.0,1.0,1.0,0.9633333333333334,0.1,0.3987083965698458,0.14451861343842856,0.04328180766277535,0.14825305496518743,0.35542658890707046,10,90,w1_no_operating_threshold,nan,nan,nan,,,,,,,,
GTSinger_same_text_control,mert_l3,3,127,wcos_oas_query,oas_whitened_cosine,pooled_train_midpoint,query,OAS,477aef6d19b3fe01fb20,1.0,1.0,1.0,1.0,1.0,0.9644444444444444,0.1,0.39971567434807087,0.14426247374142728,0.04444698299128747,0.14831738713743758,0.3552686913567834,10,90,w1_no_operating_threshold,nan,nan,nan,,,,,,,,
GTSinger_same_text_control,mert_l3,3,127,cos_om_none,cosine,pooled_train_midpoint,none,none,88562d25791a39fcb04a,0.7,1.0,0.8033333333333333,1.7,1.0,0.8566666666666667,0.2,0.02596073267364446,0.22188779252772237,-0.25547680204264306,0.18597391200213217,0.2814375347162875,10,90,insufficient_resolution/non_independent_calibration,nan,nan,nan,,,DE-Tenor-1;EN-Alto-2;EN-Tenor-1;ES-Bass-1;ES-Soprano-1;FR-Soprano-1;FR-Tenor-1;KO-Soprano-2;ZH-Alto-1;ZH-Tenor-1,,DE-Soprano-1;EN-Alto-1;IT-Bass-1;IT-Bass-2;IT-Soprano-1;JA-Soprano-1;JA-Tenor-1;KO-Soprano-1;KO-Tenor-1;RU-Alto-1,m1_om,0,copied_from_identity_residual_metric_robustness_2026-07-13
GTSinger_same_text_control,mert_l3,3,127,cos_o0_query,cosine,zero,query,none,88562d25791a39fcb04a,0.3,0.9,0.5394444444444444,3.0,2.0,0.7844444444444445,0.2222222222222222,0.9817151671879841,0.0070575240258983945,0.9722118563202222,0.00969731880009448,0.009503310867761905,10,90,insufficient_resolution/non_independent_calibration,nan,nan,nan,,,DE-Tenor-1;EN-Alto-2;EN-Tenor-1;ES-Bass-1;ES-Soprano-1;FR-Soprano-1;FR-Tenor-1;KO-Soprano-2;ZH-Alto-1;ZH-Tenor-1,,DE-Soprano-1;EN-Alto-1;IT-Bass-1;IT-Bass-2;IT-Soprano-1;JA-Soprano-1;JA-Tenor-1;KO-Soprano-1;KO-Tenor-1;RU-Alto-1,m1_o0,1,copied_from_identity_residual_metric_robustness_2026-07-13
GTSinger_same_text_control,mert_l3,3,131,wcos_diag_none,diagonal_whitened_cosine,pooled_train_midpoint,none,diagonal_variance,5e61780b6ccd8a8a5344,0.4,0.9,0.6333333333333333,2.2,2.0,0.8066666666666666,0.2777777777777778,0.003140644043436186,0.17435398372437305,-0.23518105495406705,0.22691449289177895,0.23832169899750325,10,90,w1_no_operating_threshold,nan,nan,nan,,,,,,,,
GTSinger_same_text_control,mert_l3,3,131,wcos_diag_query,diagonal_whitened_cosine,pooled_train_midpoint,query,diagonal_variance,5e61780b6ccd8a8a5344,0.8,1.0,0.8699999999999999,1.5,1.0,0.8688888888888889,0.2,0.5417325685256233,0.10553310925885494,0.3146330705437749,0.17152360310379947,0.22709949798184847,10,90,w1_no_operating_threshold,nan,nan,nan,,,,,,,,
GTSinger_same_text_control,mert_l3,3,131,wcos_oas_none,oas_whitened_cosine,pooled_train_midpoint,none,OAS,82fe0154076949439645,0.9,1.0,0.9333333333333332,1.2,1.0,0.9544444444444444,0.17777777777777778,0.30538735454947796,0.10130812115323473,0.00796712015742922,0.13262170592994268,0.29742023439204873,10,90,w1_no_operating_threshold,nan,nan,nan,,,,,,,,
GTSinger_same_text_control,mert_l3,3,131,wcos_oas_query,oas_whitened_cosine,pooled_train_midpoint,query,OAS,82fe0154076949439645,0.9,1.0,0.9333333333333332,1.2,1.0,0.9555555555555556,0.17777777777777778,0.3069390096244674,0.10122806683729332,0.009438370183041413,0.13252692529773333,0.297500639441426,10,90,w1_no_operating_threshold,nan,nan,nan,,,,,,,,
GTSinger_same_text_control,mert_l3,3,131,cos_om_none,cosine,pooled_train_midpoint,none,none,e3c35241021a6a6e36fe,0.4,0.9,0.5783333333333334,2.7,2.5,0.8133333333333334,0.28888888888888886,-0.056856781485354856,0.18827451024030403,-0.30142777606017007,0.23001288511839585,0.2445709945748152,10,90,insufficient_resolution/non_independent_calibration,nan,nan,nan,,,DE-Soprano-1;EN-Alto-1;EN-Alto-2;EN-Tenor-1;FR-Soprano-1;IT-Bass-1;IT-Soprano-1;KO-Soprano-2;RU-Alto-1;ZH-Tenor-1,,DE-Tenor-1;ES-Bass-1;ES-Soprano-1;FR-Tenor-1;IT-Bass-2;JA-Soprano-1;JA-Tenor-1;KO-Soprano-1;KO-Tenor-1;ZH-Alto-1,m1_om,0,copied_from_identity_residual_metric_robustness_2026-07-13
GTSinger_same_text_control,mert_l3,3,131,cos_o0_query,cosine,zero,query,none,e3c35241021a6a6e36fe,0.6,0.9,0.76,2.2,1.0,0.8111111111111111,0.2,0.9810562874489037,0.008927672193198921,0.9697401968043671,0.010579687105497245,0.011316090644536647,10,90,insufficient_resolution/non_independent_calibration,nan,nan,nan,,,DE-Soprano-1;EN-Alto-1;EN-Alto-2;EN-Tenor-1;FR-Soprano-1;IT-Bass-1;IT-Soprano-1;KO-Soprano-2;RU-Alto-1;ZH-Tenor-1,,DE-Tenor-1;ES-Bass-1;ES-Soprano-1;FR-Tenor-1;IT-Bass-2;JA-Soprano-1;JA-Tenor-1;KO-Soprano-1;KO-Tenor-1;ZH-Alto-1,m1_o0,1,copied_from_identity_residual_metric_robustness_2026-07-13
GTSinger_same_text_control,mert_l3,3,137,wcos_diag_none,diagonal_whitened_cosine,pooled_train_midpoint,none,diagonal_variance,054059ebf570928e1e3f,0.6,0.9,0.711111111111111,2.4,1.0,0.8166666666666667,0.2,0.010082697891193423,0.18238633749890104,-0.2488552333806163,0.2204351797610449,0.2589379312718097,10,90,w1_no_operating_threshold,nan,nan,nan,,,,,,,,
GTSinger_same_text_control,mert_l3,3,137,wcos_diag_query,diagonal_whitened_cosine,pooled_train_midpoint,query,diagonal_variance,054059ebf570928e1e3f,0.7,1.0,0.795,1.8,1.0,0.8644444444444445,0.2111111111111111,0.5720782228970126,0.13751855366489246,0.34601138259184383,0.14660822115775282,0.22606684030516877,10,90,w1_no_operating_threshold,nan,nan,nan,,,,,,,,
GTSinger_same_text_control,mert_l3,3,137,wcos_oas_none,oas_whitened_cosine,pooled_train_midpoint,none,OAS,553962e6cfb6b548da11,0.8,0.9,0.8666666666666668,1.6,1.0,0.9366666666666666,0.1111111111111111,0.32746568563727674,0.15277264529383344,0.04662605061835967,0.12317773045650163,0.28083963501891707,10,90,w1_no_operating_threshold,nan,nan,nan,,,,,,,,
GTSinger_same_text_control,mert_l3,3,137,wcos_oas_query,oas_whitened_cosine,pooled_train_midpoint,query,OAS,553962e6cfb6b548da11,0.8,0.9,0.8666666666666668,1.6,1.0,0.9388888888888889,0.1,0.3296878756724799,0.1522683682423715,0.048832400221347785,0.1228141576115537,0.28085547545113215,10,90,w1_no_operating_threshold,nan,nan,nan,,,,,,,,
GTSinger_same_text_control,mert_l3,3,137,cos_om_none,cosine,pooled_train_midpoint,none,none,da489fa8a11e5f0a2266,0.6,1.0,0.7366666666666666,1.9,1.0,0.8266666666666667,0.2,-0.024370327301671903,0.18519518502582072,-0.2842567491219074,0.21028980860643554,0.2598864218202355,10,90,insufficient_resolution/non_independent_calibration,nan,nan,nan,,,DE-Tenor-1;EN-Alto-2;EN-Tenor-1;FR-Soprano-1;IT-Bass-1;IT-Bass-2;JA-Soprano-1;KO-Soprano-2;RU-Alto-1;ZH-Tenor-1,,DE-Soprano-1;EN-Alto-1;ES-Bass-1;ES-Soprano-1;FR-Tenor-1;IT-Soprano-1;JA-Tenor-1;KO-Soprano-1;KO-Tenor-1;ZH-Alto-1,m1_om,0,copied_from_identity_residual_metric_robustness_2026-07-13
GTSinger_same_text_control,mert_l3,3,137,cos_o0_query,cosine,zero,query,none,da489fa8a11e5f0a2266,0.5,0.9,0.6599999999999999,2.7,1.5,0.8366666666666667,0.2,0.9852651450553515,0.007374991797350031,0.9757621328538357,0.008008812963616793,0.009503012201515726,10,90,insufficient_resolution/non_independent_calibration,nan,nan,nan,,,DE-Tenor-1;EN-Alto-2;EN-Tenor-1;FR-Soprano-1;IT-Bass-1;IT-Bass-2;JA-Soprano-1;KO-Soprano-2;RU-Alto-1;ZH-Tenor-1,,DE-Soprano-1;EN-Alto-1;ES-Bass-1;ES-Soprano-1;FR-Tenor-1;IT-Soprano-1;JA-Tenor-1;KO-Soprano-1;KO-Tenor-1;ZH-Alto-1,m1_o0,1,copied_from_identity_residual_metric_robustness_2026-07-13
GTSinger_same_text_control,mert_l3,3,139,wcos_diag_none,diagonal_whitened_cosine,pooled_train_midpoint,none,diagonal_variance,d32ea5a2b5e3df078933,0.3,1.0,0.5900000000000001,2.3,2.0,0.8488888888888889,0.2,-0.03166639178362201,0.15141902081542652,-0.27292296248404097,0.1673202058155018,0.24125657070041895,10,90,w1_no_operating_threshold,nan,nan,nan,,,,,,,,
GTSinger_same_text_control,mert_l3,3,139,wcos_diag_query,diagonal_whitened_cosine,pooled_train_midpoint,query,diagonal_variance,d32ea5a2b5e3df078933,0.7,1.0,0.8166666666666667,1.5,1.0,0.88,0.2,0.5231470929827909,0.1463926560376937,0.2820011788822995,0.1426415560655421,0.24114591410049147,10,90,w1_no_operating_threshold,nan,nan,nan,,,,,,,,
GTSinger_same_text_control,mert_l3,3,139,wcos_oas_none,oas_whitened_cosine,pooled_train_midpoint,none,OAS,ca195e1cbfa84741c670,0.7,1.0,0.8333333333333333,1.4,1.0,0.94,0.1111111111111111,0.3485990545060414,0.15479208993398152,0.06334022123674064,0.12626758399864682,0.28525883326930074,10,90,w1_no_operating_threshold,nan,nan,nan,,,,,,,,
GTSinger_same_text_control,mert_l3,3,139,wcos_oas_query,oas_whitened_cosine,pooled_train_midpoint,query,OAS,ca195e1cbfa84741c670,0.7,1.0,0.8333333333333333,1.4,1.0,0.94,0.1111111111111111,0.3504103465480571,0.15471383477041126,0.06513449415351773,0.12614098109488667,0.28527585239453934,10,90,w1_no_operating_threshold,nan,nan,nan,,,,,,,,
GTSinger_same_text_control,mert_l3,3,139,cos_om_none,cosine,pooled_train_midpoint,none,none,c793ca9a1e0a2c2e6fee,0.7,1.0,0.79,1.9,1.0,0.8577777777777778,0.2777777777777778,-0.03540355884997972,0.17031636665004166,-0.28883610571688606,0.16405164425759464,0.25343254686690636,10,90,insufficient_resolution/non_independent_calibration,nan,nan,nan,,,DE-Soprano-1;DE-Tenor-1;EN-Alto-2;ES-Bass-1;FR-Tenor-1;IT-Bass-1;IT-Soprano-1;KO-Soprano-1;KO-Soprano-2;RU-Alto-1,,EN-Alto-1;EN-Tenor-1;ES-Soprano-1;FR-Soprano-1;IT-Bass-2;JA-Soprano-1;JA-Tenor-1;KO-Tenor-1;ZH-Alto-1;ZH-Tenor-1,m1_om,0,copied_from_identity_residual_metric_robustness_2026-07-13
GTSinger_same_text_control,mert_l3,3,139,cos_o0_query,cosine,zero,query,none,c793ca9a1e0a2c2e6fee,0.8,0.8,0.8242857142857144,2.5,1.0,0.73,0.3,0.9812952228721648,0.011912872780907406,0.9717873705757547,0.010794862591643662,0.009507852296410046,10,90,insufficient_resolution/non_independent_calibration,nan,nan,nan,,,DE-Soprano-1;DE-Tenor-1;EN-Alto-2;ES-Bass-1;FR-Tenor-1;IT-Bass-1;IT-Soprano-1;KO-Soprano-1;KO-Soprano-2;RU-Alto-1,,EN-Alto-1;EN-Tenor-1;ES-Soprano-1;FR-Soprano-1;IT-Bass-2;JA-Soprano-1;JA-Tenor-1;KO-Tenor-1;ZH-Alto-1;ZH-Tenor-1,m1_o0,1,copied_from_identity_residual_metric_robustness_2026-07-13
GTSinger_same_text_control,mert_l3,3,149,wcos_diag_none,diagonal_whitened_cosine,pooled_train_midpoint,none,diagonal_variance,78bb6fbf3a6d02780b6b,0.5,0.9,0.6976190476190476,2.1,1.5,0.8566666666666667,0.2,0.11570089950973297,0.2066794342859059,-0.2183281276256703,0.2266627692442284,0.3340290271354033,10,90,w1_no_operating_threshold,nan,nan,nan,,,,,,,,
GTSinger_same_text_control,mert_l3,3,149,wcos_diag_query,diagonal_whitened_cosine,pooled_train_midpoint,query,diagonal_variance,78bb6fbf3a6d02780b6b,0.8,1.0,0.8699999999999999,1.5,1.0,0.9222222222222223,0.17777777777777778,0.6242392835192091,0.11110715107659859,0.3605014189302612,0.16002182031358034,0.2637378645889479,10,90,w1_no_operating_threshold,nan,nan,nan,,,,,,,,
GTSinger_same_text_control,mert_l3,3,149,wcos_oas_none,oas_whitened_cosine,pooled_train_midpoint,none,OAS,2c14d93f0302acd26c6c,0.9,1.0,0.95,1.1,1.0,0.9655555555555555,0.1,0.37647223390597495,0.15534574087117514,0.02993937073744587,0.12762358988912534,0.3465328631685291,10,90,w1_no_operating_threshold,nan,nan,nan,,,,,,,,
GTSinger_same_text_control,mert_l3,3,149,wcos_oas_query,oas_whitened_cosine,pooled_train_midpoint,query,OAS,2c14d93f0302acd26c6c,0.9,1.0,0.95,1.1,1.0,0.9666666666666667,0.1,0.37841556438743273,0.1547754023294202,0.03208766103245117,0.12767024995799117,0.34632790335498154,10,90,w1_no_operating_threshold,nan,nan,nan,,,,,,,,
GTSinger_same_text_control,mert_l3,3,149,cos_om_none,cosine,pooled_train_midpoint,none,none,a7dca80ced45544d4098,0.8,1.0,0.875,1.4,1.0,0.8477777777777777,0.2111111111111111,0.05412199946916685,0.2258226600649622,-0.25980159625376104,0.19881764865294102,0.3139235957229279,10,90,insufficient_resolution/non_independent_calibration,nan,nan,nan,,,DE-Soprano-1;DE-Tenor-1;EN-Tenor-1;ES-Bass-1;FR-Soprano-1;IT-Bass-2;KO-Soprano-1;KO-Soprano-2;KO-Tenor-1;ZH-Tenor-1,,EN-Alto-1;EN-Alto-2;ES-Soprano-1;FR-Tenor-1;IT-Bass-1;IT-Soprano-1;JA-Soprano-1;JA-Tenor-1;RU-Alto-1;ZH-Alto-1,m1_om,0,copied_from_identity_residual_metric_robustness_2026-07-13
GTSinger_same_text_control,mert_l3,3,149,cos_o0_query,cosine,zero,query,none,a7dca80ced45544d4098,0.7,0.8,0.7516666666666667,2.7,1.0,0.8144444444444444,0.3,0.9845818601994563,0.0065200130091477545,0.9739835746182218,0.009959231701100173,0.010598285581234435,10,90,insufficient_resolution/non_independent_calibration,nan,nan,nan,,,DE-Soprano-1;DE-Tenor-1;EN-Tenor-1;ES-Bass-1;FR-Soprano-1;IT-Bass-2;KO-Soprano-1;KO-Soprano-2;KO-Tenor-1;ZH-Tenor-1,,EN-Alto-1;EN-Alto-2;ES-Soprano-1;FR-Tenor-1;IT-Bass-1;IT-Soprano-1;JA-Soprano-1;JA-Tenor-1;RU-Alto-1;ZH-Alto-1,m1_o0,1,copied_from_identity_residual_metric_robustness_2026-07-13
GTSinger_same_text_control,mert_l3,3,151,wcos_diag_none,diagonal_whitened_cosine,pooled_train_midpoint,none,diagonal_variance,04391097e7f48e540e86,0.5,0.8,0.680952380952381,2.4,1.5,0.7855555555555556,0.3,-0.007096121367275147,0.22407061700483694,-0.23702363758696426,0.19482599646568313,0.22992751621968913,10,90,w1_no_operating_threshold,nan,nan,nan,,,,,,,,
GTSinger_same_text_control,mert_l3,3,151,wcos_diag_query,diagonal_whitened_cosine,pooled_train_midpoint,query,diagonal_variance,04391097e7f48e540e86,0.6,1.0,0.8,1.4,1.0,0.8677777777777778,0.2,0.4632008142942792,0.13357547548969098,0.2175698635254474,0.16942601553446449,0.24563095076883176,10,90,w1_no_operating_threshold,nan,nan,nan,,,,,,,,
GTSinger_same_text_control,mert_l3,3,151,wcos_oas_none,oas_whitened_cosine,pooled_train_midpoint,none,OAS,49670322c4176a01caa5,0.8,1.0,0.8833333333333332,1.3,1.0,0.9566666666666667,0.1,0.3267272004580236,0.1309030515168259,0.029992257609020898,0.1344459318404627,0.2967349428490027,10,90,w1_no_operating_threshold,nan,nan,nan,,,,,,,,
GTSinger_same_text_control,mert_l3,3,151,wcos_oas_query,oas_whitened_cosine,pooled_train_midpoint,query,OAS,49670322c4176a01caa5,0.8,1.0,0.8833333333333332,1.3,1.0,0.9566666666666667,0.1,0.327989880800569,0.13087350949353058,0.0310483889288414,0.13441877444980632,0.29694149187172764,10,90,w1_no_operating_threshold,nan,nan,nan,,,,,,,,
GTSinger_same_text_control,mert_l3,3,151,cos_om_none,cosine,pooled_train_midpoint,none,none,cd55a62cf8f764655305,0.5,1.0,0.6399999999999999,2.4,2.0,0.7866666666666666,0.31666666666666665,-0.03142839870744375,0.2466793517984123,-0.2713250888988827,0.2136965206699568,0.23989669019143894,10,90,insufficient_resolution/non_independent_calibration,nan,nan,nan,,,DE-Tenor-1;EN-Alto-1;EN-Alto-2;ES-Soprano-1;FR-Tenor-1;IT-Soprano-1;KO-Soprano-1;KO-Tenor-1;RU-Alto-1;ZH-Alto-1,,DE-Soprano-1;EN-Tenor-1;ES-Bass-1;FR-Soprano-1;IT-Bass-1;IT-Bass-2;JA-Soprano-1;JA-Tenor-1;KO-Soprano-2;ZH-Tenor-1,m1_om,0,copied_from_identity_residual_metric_robustness_2026-07-13
GTSinger_same_text_control,mert_l3,3,151,cos_o0_query,cosine,zero,query,none,cd55a62cf8f764655305,0.6,0.9,0.7300000000000001,2.5,1.0,0.7366666666666667,0.3,0.9791277474858628,0.011407574141119198,0.9687430813081049,0.011389331061890398,0.010384666177757906,10,90,insufficient_resolution/non_independent_calibration,nan,nan,nan,,,DE-Tenor-1;EN-Alto-1;EN-Alto-2;ES-Soprano-1;FR-Tenor-1;IT-Soprano-1;KO-Soprano-1;KO-Tenor-1;RU-Alto-1;ZH-Alto-1,,DE-Soprano-1;EN-Tenor-1;ES-Bass-1;FR-Soprano-1;IT-Bass-1;IT-Bass-2;JA-Soprano-1;JA-Tenor-1;KO-Soprano-2;ZH-Tenor-1,m1_o0,1,copied_from_identity_residual_metric_robustness_2026-07-13
GTSinger_same_text_control,mert_l3,3,157,wcos_diag_none,diagonal_whitened_cosine,pooled_train_midpoint,none,diagonal_variance,730f1ae58f9735c9f003,0.5,0.9,0.7,2.0,1.5,0.8522222222222222,0.2,0.11472709919495419,0.20765060681764966,-0.2093575513233733,0.23141741344704456,0.32408465051832747,10,90,w1_no_operating_threshold,nan,nan,nan,,,,,,,,
GTSinger_same_text_control,mert_l3,3,157,wcos_diag_query,diagonal_whitened_cosine,pooled_train_midpoint,query,diagonal_variance,730f1ae58f9735c9f003,0.7,0.9,0.775,2.0,1.0,0.8777777777777778,0.2,0.5852274286020172,0.11426492506891639,0.3319118109187961,0.18162646061554827,0.25331561768322103,10,90,w1_no_operating_threshold,nan,nan,nan,,,,,,,,
GTSinger_same_text_control,mert_l3,3,157,wcos_oas_none,oas_whitened_cosine,pooled_train_midpoint,none,OAS,d005b3299731d5598401,0.8,1.0,0.8833333333333332,1.3,1.0,0.9422222222222222,0.2,0.3311525381503916,0.11808881046470626,0.022735067486629228,0.14105904313449194,0.30841747066376235,10,90,w1_no_operating_threshold,nan,nan,nan,,,,,,,,
GTSinger_same_text_control,mert_l3,3,157,wcos_oas_query,oas_whitened_cosine,pooled_train_midpoint,query,OAS,d005b3299731d5598401,0.8,1.0,0.8833333333333332,1.3,1.0,0.9411111111111111,0.2,0.33241978601170336,0.11776342736996459,0.0240726588150076,0.1409850349376657,0.30834712719669577,10,90,w1_no_operating_threshold,nan,nan,nan,,,,,,,,
GTSinger_same_text_control,mert_l3,3,157,cos_om_none,cosine,pooled_train_midpoint,none,none,2a8e62020a235f5c8671,0.6,1.0,0.7666666666666666,1.6,1.0,0.8388888888888889,0.2111111111111111,0.0006007342126278664,0.23427311140246856,-0.2725052232705083,0.19159382210349618,0.27310595748313615,10,90,insufficient_resolution/non_independent_calibration,nan,nan,nan,,,DE-Soprano-1;DE-Tenor-1;EN-Alto-1;EN-Alto-2;EN-Tenor-1;ES-Bass-1;JA-Soprano-1;KO-Tenor-1;ZH-Alto-1;ZH-Tenor-1,,ES-Soprano-1;FR-Soprano-1;FR-Tenor-1;IT-Bass-1;IT-Bass-2;IT-Soprano-1;JA-Tenor-1;KO-Soprano-1;KO-Soprano-2;RU-Alto-1,m1_om,0,copied_from_identity_residual_metric_robustness_2026-07-13
GTSinger_same_text_control,mert_l3,3,157,cos_o0_query,cosine,zero,query,none,2a8e62020a235f5c8671,0.4,0.9,0.6375,2.4,2.0,0.8122222222222222,0.2,0.9826072339859289,0.006814340156667135,0.9726237511398838,0.008616243967299167,0.00998348284604511,10,90,insufficient_resolution/non_independent_calibration,nan,nan,nan,,,DE-Soprano-1;DE-Tenor-1;EN-Alto-1;EN-Alto-2;EN-Tenor-1;ES-Bass-1;JA-Soprano-1;KO-Tenor-1;ZH-Alto-1;ZH-Tenor-1,,ES-Soprano-1;FR-Soprano-1;FR-Tenor-1;IT-Bass-1;IT-Bass-2;IT-Soprano-1;JA-Tenor-1;KO-Soprano-1;KO-Soprano-2;RU-Alto-1,m1_o0,1,copied_from_identity_residual_metric_robustness_2026-07-13
GTSinger_same_text_control,mert_l3,3,163,wcos_diag_none,diagonal_whitened_cosine,pooled_train_midpoint,none,diagonal_variance,cf6f4fbdf807cb244c19,0.5,0.9,0.6477777777777778,2.7,1.5,0.7911111111111111,0.3,0.016074962807635342,0.2147727492956427,-0.23282186676431954,0.2262817612877797,0.2488968295719549,10,90,w1_no_operating_threshold,nan,nan,nan,,,,,,,,
GTSinger_same_text_control,mert_l3,3,163,wcos_diag_query,diagonal_whitened_cosine,pooled_train_midpoint,query,diagonal_variance,cf6f4fbdf807cb244c19,0.9,1.0,0.95,1.1,1.0,0.9411111111111111,0.1,0.5223978901397709,0.1072028957453413,0.2513287766552502,0.14162020730633867,0.2710691134845207,10,90,w1_no_operating_threshold,nan,nan,nan,,,,,,,,
GTSinger_same_text_control,mert_l3,3,163,wcos_oas_none,oas_whitened_cosine,pooled_train_midpoint,none,OAS,8aa53ad37ac236294353,0.9,0.9,0.9166666666666667,1.5,1.0,0.9422222222222222,0.1,0.38506318172401477,0.15277421297954505,0.029648585549475158,0.12818607777636243,0.35541459617453963,10,90,w1_no_operating_threshold,nan,nan,nan,,,,,,,,
GTSinger_same_text_control,mert_l3,3,163,wcos_oas_query,oas_whitened_cosine,pooled_train_midpoint,query,OAS,8aa53ad37ac236294353,0.9,0.9,0.9166666666666667,1.5,1.0,0.9433333333333334,0.1,0.3876675028428742,0.15216614275114027,0.032116220324085704,0.12802138894771503,0.35555128251878854,10,90,w1_no_operating_threshold,nan,nan,nan,,,,,,,,
GTSinger_same_text_control,mert_l3,3,163,cos_om_none,cosine,pooled_train_midpoint,none,none,e9a3bd1a6ea4fa3579a0,0.8,0.9,0.8666666666666668,1.6,1.0,0.8466666666666667,0.2,-0.038082617265914234,0.15609195935910572,-0.30141811666463114,0.18979887590899605,0.2633354993987169,10,90,insufficient_resolution/non_independent_calibration,nan,nan,nan,,,EN-Alto-1;ES-Bass-1;ES-Soprano-1;FR-Tenor-1;IT-Bass-1;IT-Bass-2;JA-Soprano-1;JA-Tenor-1;KO-Soprano-1;ZH-Alto-1,,DE-Soprano-1;DE-Tenor-1;EN-Alto-2;EN-Tenor-1;FR-Soprano-1;IT-Soprano-1;KO-Soprano-2;KO-Tenor-1;RU-Alto-1;ZH-Tenor-1,m1_om,0,copied_from_identity_residual_metric_robustness_2026-07-13
GTSinger_same_text_control,mert_l3,3,163,cos_o0_query,cosine,zero,query,none,e9a3bd1a6ea4fa3579a0,0.8,1.0,0.845,1.7,1.0,0.8888888888888888,0.19444444444444445,0.9864664299411974,0.005846090002916638,0.9778062278577585,0.006591344226556697,0.008660202083438873,10,90,insufficient_resolution/non_independent_calibration,nan,nan,nan,,,EN-Alto-1;ES-Bass-1;ES-Soprano-1;FR-Tenor-1;IT-Bass-1;IT-Bass-2;JA-Soprano-1;JA-Tenor-1;KO-Soprano-1;ZH-Alto-1,,DE-Soprano-1;DE-Tenor-1;EN-Alto-2;EN-Tenor-1;FR-Soprano-1;IT-Soprano-1;KO-Soprano-2;KO-Tenor-1;RU-Alto-1;ZH-Tenor-1,m1_o0,1,copied_from_identity_residual_metric_robustness_2026-07-13
GTSinger_same_text_control,mert_l3,3,167,wcos_diag_none,diagonal_whitened_cosine,pooled_train_midpoint,none,diagonal_variance,3583a50cdf6ebfb28d0a,0.6,1.0,0.77,1.7,1.0,0.7944444444444444,0.3,0.10272453963322774,0.21588991616312453,-0.1528573512295247,0.22929251038485152,0.25558189086275246,10,90,w1_no_operating_threshold,nan,nan,nan,,,,,,,,
GTSinger_same_text_control,mert_l3,3,167,wcos_diag_query,diagonal_whitened_cosine,pooled_train_midpoint,query,diagonal_variance,3583a50cdf6ebfb28d0a,0.8,0.9,0.8642857142857142,1.7,1.0,0.8755555555555555,0.2,0.6662997502721268,0.11157685887191876,0.468284893878586,0.12252354194457678,0.19801485639354083,10,90,w1_no_operating_threshold,nan,nan,nan,,,,,,,,
GTSinger_same_text_control,mert_l3,3,167,wcos_oas_none,oas_whitened_cosine,pooled_train_midpoint,none,OAS,7b38d536eea12f3b7392,0.9,1.0,0.95,1.1,1.0,0.9655555555555555,0.1,0.42171062710351065,0.1388099541047941,0.06582654157842857,0.1382985126597508,0.3558840855250821,10,90,w1_no_operating_threshold,nan,nan,nan,,,,,,,,
GTSinger_same_text_control,mert_l3,3,167,wcos_oas_query,oas_whitened_cosine,pooled_train_midpoint,query,OAS,7b38d536eea12f3b7392,0.9,1.0,0.95,1.1,1.0,0.9655555555555555,0.1,0.4230897047430077,0.13861121210213057,0.06733743226607564,0.138114402368581,0.3557522724769321,10,90,w1_no_operating_threshold,nan,nan,nan,,,,,,,,
GTSinger_same_text_control,mert_l3,3,167,cos_om_none,cosine,pooled_train_midpoint,none,none,467873a8f635e5dfc63d,0.4,1.0,0.6233333333333333,2.3,2.0,0.8144444444444444,0.20555555555555555,0.057331164986139584,0.22489377367043656,-0.22593371626330339,0.22263712311335623,0.283264881249443,10,90,insufficient_resolution/non_independent_calibration,nan,nan,nan,,,DE-Tenor-1;EN-Alto-2;EN-Tenor-1;ES-Soprano-1;IT-Bass-2;IT-Soprano-1;KO-Soprano-2;RU-Alto-1;ZH-Alto-1;ZH-Tenor-1,,DE-Soprano-1;EN-Alto-1;ES-Bass-1;FR-Soprano-1;FR-Tenor-1;IT-Bass-1;JA-Soprano-1;JA-Tenor-1;KO-Soprano-1;KO-Tenor-1,m1_om,0,copied_from_identity_residual_metric_robustness_2026-07-13
GTSinger_same_text_control,mert_l3,3,167,cos_o0_query,cosine,zero,query,none,467873a8f635e5dfc63d,0.5,0.9,0.6849999999999999,2.5,1.5,0.8244444444444444,0.21666666666666667,0.9838772326908736,0.007161044227685571,0.9732011465417001,0.009213074810707102,0.01067608614917348,10,90,insufficient_resolution/non_independent_calibration,nan,nan,nan,,,DE-Tenor-1;EN-Alto-2;EN-Tenor-1;ES-Soprano-1;IT-Bass-2;IT-Soprano-1;KO-Soprano-2;RU-Alto-1;ZH-Alto-1;ZH-Tenor-1,,DE-Soprano-1;EN-Alto-1;ES-Bass-1;FR-Soprano-1;FR-Tenor-1;IT-Bass-1;JA-Soprano-1;JA-Tenor-1;KO-Soprano-1;KO-Tenor-1,m1_o0,1,copied_from_identity_residual_metric_robustness_2026-07-13
GTSinger_same_text_control,mert_l3,3,173,wcos_diag_none,diagonal_whitened_cosine,pooled_train_midpoint,none,diagonal_variance,dcfaa4940cccf0449214,0.6,0.9,0.7277777777777777,2.3,1.0,0.84,0.18888888888888888,0.01986307552203036,0.18820247583918479,-0.21128625140767454,0.19829695657693627,0.2311493269297049,10,90,w1_no_operating_threshold,nan,nan,nan,,,,,,,,
GTSinger_same_text_control,mert_l3,3,173,wcos_diag_query,diagonal_whitened_cosine,pooled_train_midpoint,query,diagonal_variance,dcfaa4940cccf0449214,0.6,1.0,0.75,1.8,1.0,0.8844444444444445,0.2,0.46288329537276757,0.12202459346933182,0.22451401183204187,0.15342466914760686,0.2383692835407257,10,90,w1_no_operating_threshold,nan,nan,nan,,,,,,,,
GTSinger_same_text_control,mert_l3,3,173,wcos_oas_none,oas_whitened_cosine,pooled_train_midpoint,none,OAS,28dbef0f5c70974fbed0,0.9,1.0,0.925,1.3,1.0,0.9622222222222222,0.1,0.36526003127977075,0.11564465557411693,0.02095825519880049,0.13353816592186,0.34430177608097023,10,90,w1_no_operating_threshold,nan,nan,nan,,,,,,,,
GTSinger_same_text_control,mert_l3,3,173,wcos_oas_query,oas_whitened_cosine,pooled_train_midpoint,query,OAS,28dbef0f5c70974fbed0,0.9,1.0,0.925,1.3,1.0,0.9622222222222222,0.1,0.3669884971371922,0.11516637462431524,0.02266225892347771,0.1334290650548811,0.3443262382137145,10,90,w1_no_operating_threshold,nan,nan,nan,,,,,,,,
GTSinger_same_text_control,mert_l3,3,173,cos_om_none,cosine,pooled_train_midpoint,none,none,7575bfc678cf7103d05f,0.5,0.9,0.6861111111111111,2.4,1.5,0.83,0.2,-0.04005401866038127,0.13381207927963149,-0.26855256321415827,0.18703443556548052,0.228498544553777,10,90,insufficient_resolution/non_independent_calibration,nan,nan,nan,,,DE-Soprano-1;DE-Tenor-1;EN-Alto-1;EN-Alto-2;ES-Soprano-1;FR-Soprano-1;FR-Tenor-1;IT-Bass-1;IT-Bass-2;JA-Tenor-1,,EN-Tenor-1;ES-Bass-1;IT-Soprano-1;JA-Soprano-1;KO-Soprano-1;KO-Soprano-2;KO-Tenor-1;RU-Alto-1;ZH-Alto-1;ZH-Tenor-1,m1_om,0,copied_from_identity_residual_metric_robustness_2026-07-13
GTSinger_same_text_control,mert_l3,3,173,cos_o0_query,cosine,zero,query,none,7575bfc678cf7103d05f,0.5,0.9,0.6875,2.3,1.5,0.8211111111111111,0.3,0.9845904839260278,0.006164511994617562,0.9764864182495722,0.007205989581594703,0.008104065676455607,10,90,insufficient_resolution/non_independent_calibration,nan,nan,nan,,,DE-Soprano-1;DE-Tenor-1;EN-Alto-1;EN-Alto-2;ES-Soprano-1;FR-Soprano-1;FR-Tenor-1;IT-Bass-1;IT-Bass-2;JA-Tenor-1,,EN-Tenor-1;ES-Bass-1;IT-Soprano-1;JA-Soprano-1;KO-Soprano-1;KO-Soprano-2;KO-Tenor-1;RU-Alto-1;ZH-Alto-1;ZH-Tenor-1,m1_o0,1,copied_from_identity_residual_metric_robustness_2026-07-13
GTSinger_same_text_control,mert_l3,3,179,wcos_diag_none,diagonal_whitened_cosine,pooled_train_midpoint,none,diagonal_variance,822ddbad5003c7f3244c,0.4,0.9,0.575,2.7,2.5,0.8455555555555555,0.2111111111111111,0.12688785699332775,0.1335215127329259,-0.16874189337552845,0.2496174106451501,0.2956297503688562,10,90,w1_no_operating_threshold,nan,nan,nan,,,,,,,,
GTSinger_same_text_control,mert_l3,3,179,wcos_diag_query,diagonal_whitened_cosine,pooled_train_midpoint,query,diagonal_variance,822ddbad5003c7f3244c,0.9,1.0,0.95,1.1,1.0,0.9177777777777778,0.12222222222222222,0.5275501423462297,0.12409994493978997,0.22825585182273855,0.1737655119317313,0.2992942905234911,10,90,w1_no_operating_threshold,nan,nan,nan,,,,,,,,
GTSinger_same_text_control,mert_l3,3,179,wcos_oas_none,oas_whitened_cosine,pooled_train_midpoint,none,OAS,7065af08c63d82c3f0ec,0.9,1.0,0.95,1.1,1.0,0.9522222222222222,0.1,0.37275870944362344,0.1041375346439959,0.03590323520913131,0.1643651761995307,0.33685547423449214,10,90,w1_no_operating_threshold,nan,nan,nan,,,,,,,,
GTSinger_same_text_control,mert_l3,3,179,wcos_oas_query,oas_whitened_cosine,pooled_train_midpoint,query,OAS,7065af08c63d82c3f0ec,0.9,1.0,0.95,1.1,1.0,0.9522222222222222,0.1,0.3740060571672926,0.10413168615595489,0.03718619196588252,0.16424498220803746,0.3368198652014101,10,90,w1_no_operating_threshold,nan,nan,nan,,,,,,,,
GTSinger_same_text_control,mert_l3,3,179,cos_om_none,cosine,pooled_train_midpoint,none,none,5324afa99722caa5c7dc,0.6,1.0,0.7583333333333333,1.7,1.0,0.9144444444444444,0.18888888888888888,0.011110795836357263,0.07741279799117505,-0.2668768173237113,0.18708256464013917,0.2779876131600686,10,90,insufficient_resolution/non_independent_calibration,nan,nan,nan,,,DE-Soprano-1;EN-Alto-1;EN-Alto-2;EN-Tenor-1;IT-Bass-1;JA-Soprano-1;JA-Tenor-1;KO-Soprano-1;KO-Tenor-1;ZH-Tenor-1,,DE-Tenor-1;ES-Bass-1;ES-Soprano-1;FR-Soprano-1;FR-Tenor-1;IT-Bass-2;IT-Soprano-1;KO-Soprano-2;RU-Alto-1;ZH-Alto-1,m1_om,0,copied_from_identity_residual_metric_robustness_2026-07-13
GTSinger_same_text_control,mert_l3,3,179,cos_o0_query,cosine,zero,query,none,5324afa99722caa5c7dc,0.6,1.0,0.775,1.6,1.0,0.8733333333333333,0.2,0.9856990806694824,0.0057693372663623985,0.9749975450125721,0.009041305865757852,0.010701535656910344,10,90,insufficient_resolution/non_independent_calibration,nan,nan,nan,,,DE-Soprano-1;EN-Alto-1;EN-Alto-2;EN-Tenor-1;IT-Bass-1;JA-Soprano-1;JA-Tenor-1;KO-Soprano-1;KO-Tenor-1;ZH-Tenor-1,,DE-Tenor-1;ES-Bass-1;ES-Soprano-1;FR-Soprano-1;FR-Tenor-1;IT-Bass-2;IT-Soprano-1;KO-Soprano-2;RU-Alto-1;ZH-Alto-1,m1_o0,1,copied_from_identity_residual_metric_robustness_2026-07-13
GTSinger_same_text_control,mert_l3,3,181,wcos_diag_none,diagonal_whitened_cosine,pooled_train_midpoint,none,diagonal_variance,b55cd0820a0d3da48cbb,0.7,0.9,0.7861111111111111,2.2,1.0,0.8244444444444444,0.2,0.062033078282762236,0.23163711075987833,-0.2604757202058621,0.2503916785009326,0.32250879848862435,10,90,w1_no_operating_threshold,nan,nan,nan,,,,,,,,
GTSinger_same_text_control,mert_l3,3,181,wcos_diag_query,diagonal_whitened_cosine,pooled_train_midpoint,query,diagonal_variance,b55cd0820a0d3da48cbb,0.8,1.0,0.9,1.2,1.0,0.8933333333333333,0.19444444444444445,0.5838484884697701,0.12370639907468303,0.2978592284131955,0.18217777280401817,0.2859892600565746,10,90,w1_no_operating_threshold,nan,nan,nan,,,,,,,,
GTSinger_same_text_control,mert_l3,3,181,wcos_oas_none,oas_whitened_cosine,pooled_train_midpoint,none,OAS,1bc836a2110dede537c0,0.9,1.0,0.925,1.3,1.0,0.9622222222222222,0.1,0.34736316168708004,0.14397809698967423,0.033406014931460504,0.10708312613394702,0.31395714675561953,10,90,w1_no_operating_threshold,nan,nan,nan,,,,,,,,
GTSinger_same_text_control,mert_l3,3,181,wcos_oas_query,oas_whitened_cosine,pooled_train_midpoint,query,OAS,1bc836a2110dede537c0,0.9,1.0,0.925,1.3,1.0,0.9622222222222222,0.1,0.34903707585317917,0.14400508212985963,0.035196364572496565,0.10689926943892293,0.3138407112806826,10,90,w1_no_operating_threshold,nan,nan,nan,,,,,,,,
GTSinger_same_text_control,mert_l3,3,181,cos_om_none,cosine,pooled_train_midpoint,none,none,64cf6e2c63882b82711b,0.5,1.0,0.6783333333333333,2.1,1.5,0.8222222222222222,0.3,-0.016284870935412563,0.24992890597289596,-0.2938920963173759,0.22949368029189274,0.2776072253819633,10,90,insufficient_resolution/non_independent_calibration,nan,nan,nan,,,DE-Soprano-1;EN-Alto-1;ES-Bass-1;FR-Soprano-1;IT-Bass-2;IT-Soprano-1;JA-Soprano-1;JA-Tenor-1;KO-Soprano-1;ZH-Alto-1,,DE-Tenor-1;EN-Alto-2;EN-Tenor-1;ES-Soprano-1;FR-Tenor-1;IT-Bass-1;KO-Soprano-2;KO-Tenor-1;RU-Alto-1;ZH-Tenor-1,m1_om,0,copied_from_identity_residual_metric_robustness_2026-07-13
GTSinger_same_text_control,mert_l3,3,181,cos_o0_query,cosine,zero,query,none,64cf6e2c63882b82711b,0.6,1.0,0.7533333333333333,1.8,1.0,0.8322222222222222,0.2833333333333333,0.98453966454152,0.007172274976287104,0.9737700288167787,0.008475304571934086,0.010769635724741322,10,90,insufficient_resolution/non_independent_calibration,nan,nan,nan,,,DE-Soprano-1;EN-Alto-1;ES-Bass-1;FR-Soprano-1;IT-Bass-2;IT-Soprano-1;JA-Soprano-1;JA-Tenor-1;KO-Soprano-1;ZH-Alto-1,,DE-Tenor-1;EN-Alto-2;EN-Tenor-1;ES-Soprano-1;FR-Tenor-1;IT-Bass-1;KO-Soprano-2;KO-Tenor-1;RU-Alto-1;ZH-Tenor-1,m1_o0,1,copied_from_identity_residual_metric_robustness_2026-07-13
GTSinger_same_text_control,mert_l3,3,191,wcos_diag_none,diagonal_whitened_cosine,pooled_train_midpoint,none,diagonal_variance,cf0e66f14c7f876abeea,0.8,0.9,0.861111111111111,1.9,1.0,0.8488888888888889,0.17777777777777778,0.08199782516001722,0.199462405327018,-0.18841326756120103,0.21959344418602997,0.2704110927212182,10,90,w1_no_operating_threshold,nan,nan,nan,,,,,,,,
GTSinger_same_text_control,mert_l3,3,191,wcos_diag_query,diagonal_whitened_cosine,pooled_train_midpoint,query,diagonal_variance,cf0e66f14c7f876abeea,0.6,0.9,0.7366666666666667,2.1,1.0,0.9044444444444445,0.2,0.5531070641038356,0.11933738292527728,0.31130346947460874,0.15134103903418525,0.24180359462922685,10,90,w1_no_operating_threshold,nan,nan,nan,,,,,,,,
GTSinger_same_text_control,mert_l3,3,191,wcos_oas_none,oas_whitened_cosine,pooled_train_midpoint,none,OAS,0834d26d1eb1ca6e79f0,0.8,1.0,0.875,1.4,1.0,0.9388888888888889,0.2,0.3412404608564087,0.1604428489205049,0.017727886175120507,0.12792212406460698,0.3235125746812882,10,90,w1_no_operating_threshold,nan,nan,nan,,,,,,,,
GTSinger_same_text_control,mert_l3,3,191,wcos_oas_query,oas_whitened_cosine,pooled_train_midpoint,query,OAS,0834d26d1eb1ca6e79f0,0.8,1.0,0.875,1.4,1.0,0.9388888888888889,0.2,0.34277887634203524,0.16015098315027798,0.019413848566319263,0.12761092863502305,0.32336502777571596,10,90,w1_no_operating_threshold,nan,nan,nan,,,,,,,,
GTSinger_same_text_control,mert_l3,3,191,cos_om_none,cosine,pooled_train_midpoint,none,none,24fbf567b1f03d406d0f,0.7,0.9,0.780952380952381,2.0,1.0,0.8055555555555556,0.2777777777777778,0.011735079766532283,0.1958236147495174,-0.2397099572747504,0.2098001126780142,0.2514450370412827,10,90,insufficient_resolution/non_independent_calibration,nan,nan,nan,,,DE-Tenor-1;EN-Tenor-1;ES-Bass-1;ES-Soprano-1;FR-Soprano-1;FR-Tenor-1;IT-Bass-1;JA-Soprano-1;ZH-Alto-1;ZH-Tenor-1,,DE-Soprano-1;EN-Alto-1;EN-Alto-2;IT-Bass-2;IT-Soprano-1;JA-Tenor-1;KO-Soprano-1;KO-Soprano-2;KO-Tenor-1;RU-Alto-1,m1_om,0,copied_from_identity_residual_metric_robustness_2026-07-13
GTSinger_same_text_control,mert_l3,3,191,cos_o0_query,cosine,zero,query,none,24fbf567b1f03d406d0f,0.5,0.8,0.6527777777777778,2.8,1.5,0.78,0.3,0.9829615662501127,0.007348649514176042,0.9746063056591399,0.009054779174959707,0.008355260590972802,10,90,insufficient_resolution/non_independent_calibration,nan,nan,nan,,,DE-Tenor-1;EN-Tenor-1;ES-Bass-1;ES-Soprano-1;FR-Soprano-1;FR-Tenor-1;IT-Bass-1;JA-Soprano-1;ZH-Alto-1;ZH-Tenor-1,,DE-Soprano-1;EN-Alto-1;EN-Alto-2;IT-Bass-2;IT-Soprano-1;JA-Tenor-1;KO-Soprano-1;KO-Soprano-2;KO-Tenor-1;RU-Alto-1,m1_o0,1,copied_from_identity_residual_metric_robustness_2026-07-13
GTSinger_same_text_control,mert_l3,3,193,wcos_diag_none,diagonal_whitened_cosine,pooled_train_midpoint,none,diagonal_variance,1b469507a8413fc051f8,0.9,1.0,0.95,1.1,1.0,0.8077777777777778,0.2833333333333333,0.13523277281757962,0.22231081922143492,-0.1401082032307934,0.25088735856032934,0.27534097604837304,10,90,w1_no_operating_threshold,nan,nan,nan,,,,,,,,
GTSinger_same_text_control,mert_l3,3,193,wcos_diag_query,diagonal_whitened_cosine,pooled_train_midpoint,query,diagonal_variance,1b469507a8413fc051f8,0.7,1.0,0.8083333333333332,1.6,1.0,0.8966666666666666,0.17777777777777778,0.6223161701387654,0.09052068097812807,0.3905911318550881,0.15565594364382737,0.2317250382836773,10,90,w1_no_operating_threshold,nan,nan,nan,,,,,,,,
GTSinger_same_text_control,mert_l3,3,193,wcos_oas_none,oas_whitened_cosine,pooled_train_midpoint,none,OAS,07985fdcf74bed672fac,1.0,1.0,1.0,1.0,1.0,0.96,0.1111111111111111,0.4323162275490652,0.11430913584361754,0.03314887634122167,0.19422840052576595,0.3991673512078435,10,90,w1_no_operating_threshold,nan,nan,nan,,,,,,,,
GTSinger_same_text_control,mert_l3,3,193,wcos_oas_query,oas_whitened_cosine,pooled_train_midpoint,query,OAS,07985fdcf74bed672fac,1.0,1.0,1.0,1.0,1.0,0.96,0.1111111111111111,0.4332331909121302,0.11416348409371863,0.03410502278013488,0.19404133558851455,0.3991281681319953,10,90,w1_no_operating_threshold,nan,nan,nan,,,,,,,,
GTSinger_same_text_control,mert_l3,3,193,cos_om_none,cosine,pooled_train_midpoint,none,none,0878ca1903a28b55b612,0.7,1.0,0.7783333333333333,1.9,1.0,0.8366666666666667,0.2944444444444444,0.06888227707570012,0.21036878374895965,-0.21848687715507897,0.2448347374919058,0.2873691542307791,10,90,insufficient_resolution/non_independent_calibration,nan,nan,nan,,,EN-Alto-1;EN-Tenor-1;ES-Bass-1;ES-Soprano-1;FR-Soprano-1;IT-Soprano-1;JA-Tenor-1;KO-Soprano-2;RU-Alto-1;ZH-Tenor-1,,DE-Soprano-1;DE-Tenor-1;EN-Alto-2;FR-Tenor-1;IT-Bass-1;IT-Bass-2;JA-Soprano-1;KO-Soprano-1;KO-Tenor-1;ZH-Alto-1,m1_om,0,copied_from_identity_residual_metric_robustness_2026-07-13
GTSinger_same_text_control,mert_l3,3,193,cos_o0_query,cosine,zero,query,none,0878ca1903a28b55b612,0.5,1.0,0.7083333333333333,1.8,1.5,0.85,0.2,0.982820559698076,0.007098940449818882,0.9702895993087501,0.009623614015487282,0.012530960389325885,10,90,insufficient_resolution/non_independent_calibration,nan,nan,nan,,,EN-Alto-1;EN-Tenor-1;ES-Bass-1;ES-Soprano-1;FR-Soprano-1;IT-Soprano-1;JA-Tenor-1;KO-Soprano-2;RU-Alto-1;ZH-Tenor-1,,DE-Soprano-1;DE-Tenor-1;EN-Alto-2;FR-Tenor-1;IT-Bass-1;IT-Bass-2;JA-Soprano-1;KO-Soprano-1;KO-Tenor-1;ZH-Alto-1,m1_o0,1,copied_from_identity_residual_metric_robustness_2026-07-13
GTSinger_same_text_control,mert_l3,3,197,wcos_diag_none,diagonal_whitened_cosine,pooled_train_midpoint,none,diagonal_variance,119ab07313f8e0113796,0.6,0.9,0.7375,2.2,1.0,0.8055555555555556,0.20555555555555555,0.01610781547104964,0.2335573137812121,-0.2489860547595767,0.1911036827406876,0.26509387023062636,10,90,w1_no_operating_threshold,nan,nan,nan,,,,,,,,
GTSinger_same_text_control,mert_l3,3,197,wcos_diag_query,diagonal_whitened_cosine,pooled_train_midpoint,query,diagonal_variance,119ab07313f8e0113796,0.7,0.8,0.7833333333333334,2.1,1.0,0.8544444444444445,0.2222222222222222,0.5604824695198884,0.12361357683142836,0.34828057789846184,0.16334665096507178,0.2122018916214266,10,90,w1_no_operating_threshold,nan,nan,nan,,,,,,,,
GTSinger_same_text_control,mert_l3,3,197,wcos_oas_none,oas_whitened_cosine,pooled_train_midpoint,none,OAS,0cf6711dfc4b94247cee,0.8,1.0,0.9,1.2,1.0,0.9711111111111111,0.1,0.34160916161258087,0.12611707407890352,0.03431537560378051,0.11187471849010683,0.30729378600880036,10,90,w1_no_operating_threshold,nan,nan,nan,,,,,,,,
GTSinger_same_text_control,mert_l3,3,197,wcos_oas_query,oas_whitened_cosine,pooled_train_midpoint,query,OAS,0cf6711dfc4b94247cee,0.8,1.0,0.9,1.2,1.0,0.9722222222222222,0.1,0.34391435457063174,0.12576461037494285,0.03670473856621584,0.1116316858655173,0.3072096160044159,10,90,w1_no_operating_threshold,nan,nan,nan,,,,,,,,
GTSinger_same_text_control,mert_l3,3,197,cos_om_none,cosine,pooled_train_midpoint,none,none,a261ee8b631a04834a3c,0.7,1.0,0.7916666666666666,1.7,1.0,0.8333333333333334,0.2,-0.02636452847084176,0.2298330082493954,-0.29970110079071666,0.1763511945498807,0.2733365723198749,10,90,insufficient_resolution/non_independent_calibration,nan,nan,nan,,,DE-Soprano-1;DE-Tenor-1;EN-Alto-1;ES-Bass-1;ES-Soprano-1;FR-Soprano-1;IT-Bass-2;KO-Tenor-1;RU-Alto-1;ZH-Tenor-1,,EN-Alto-2;EN-Tenor-1;FR-Tenor-1;IT-Bass-1;IT-Soprano-1;JA-Soprano-1;JA-Tenor-1;KO-Soprano-1;KO-Soprano-2;ZH-Alto-1,m1_om,0,copied_from_identity_residual_metric_robustness_2026-07-13
GTSinger_same_text_control,mert_l3,3,197,cos_o0_query,cosine,zero,query,none,a261ee8b631a04834a3c,0.5,0.9,0.6383333333333334,2.9,1.5,0.79,0.2,0.9815181987860615,0.009047804193460143,0.9712324283982614,0.009484637523045108,0.010285770387800097,10,90,insufficient_resolution/non_independent_calibration,nan,nan,nan,,,DE-Soprano-1;DE-Tenor-1;EN-Alto-1;ES-Bass-1;ES-Soprano-1;FR-Soprano-1;IT-Bass-2;KO-Tenor-1;RU-Alto-1;ZH-Tenor-1,,EN-Alto-2;EN-Tenor-1;FR-Tenor-1;IT-Bass-1;IT-Soprano-1;JA-Soprano-1;JA-Tenor-1;KO-Soprano-1;KO-Soprano-2;ZH-Alto-1,m1_o0,1,copied_from_identity_residual_metric_robustness_2026-07-13
GTSinger_same_text_control,mert_l3,3,199,wcos_diag_none,diagonal_whitened_cosine,pooled_train_midpoint,none,diagonal_variance,13531892f7716e4592cf,0.4,0.9,0.6666666666666667,2.0,2.0,0.87,0.19444444444444445,0.004932449614117704,0.16818333353795137,-0.2818817068412525,0.17671302409314582,0.28681415645537023,10,90,w1_no_operating_threshold,nan,nan,nan,,,,,,,,
GTSinger_same_text_control,mert_l3,3,199,wcos_diag_query,diagonal_whitened_cosine,pooled_train_midpoint,query,diagonal_variance,13531892f7716e4592cf,0.7,1.0,0.85,1.3,1.0,0.96,0.1,0.5862812729928121,0.10522775636209761,0.31535732436270353,0.13852900299282914,0.27092394863010855,10,90,w1_no_operating_threshold,nan,nan,nan,,,,,,,,
GTSinger_same_text_control,mert_l3,3,199,wcos_oas_none,oas_whitened_cosine,pooled_train_midpoint,none,OAS,9ca3575da2810e48ac82,0.8,1.0,0.8833333333333332,1.3,1.0,0.9711111111111111,0.12222222222222222,0.3618687353924151,0.14727920781344844,0.0022698657855378707,0.12398849286441077,0.3595988696068772,10,90,w1_no_operating_threshold,nan,nan,nan,,,,,,,,
GTSinger_same_text_control,mert_l3,3,199,wcos_oas_query,oas_whitened_cosine,pooled_train_midpoint,query,OAS,9ca3575da2810e48ac82,0.8,1.0,0.8833333333333332,1.3,1.0,0.9711111111111111,0.12222222222222222,0.363745574597483,0.1472116221589285,0.004202613118635434,0.1241282813541025,0.35954296147884757,10,90,w1_no_operating_threshold,nan,nan,nan,,,,,,,,
GTSinger_same_text_control,mert_l3,3,199,cos_om_none,cosine,pooled_train_midpoint,none,none,e48d7e24497fcfc175ed,0.7,0.9,0.8166666666666668,1.7,1.0,0.89,0.11666666666666667,-0.04447749915281911,0.16890659933249788,-0.33893092360254484,0.16456839974223902,0.2944534244497257,10,90,insufficient_resolution/non_independent_calibration,nan,nan,nan,,,DE-Soprano-1;EN-Alto-2;EN-Tenor-1;ES-Bass-1;ES-Soprano-1;FR-Tenor-1;IT-Bass-1;KO-Soprano-1;RU-Alto-1;ZH-Tenor-1,,DE-Tenor-1;EN-Alto-1;FR-Soprano-1;IT-Bass-2;IT-Soprano-1;JA-Soprano-1;JA-Tenor-1;KO-Soprano-2;KO-Tenor-1;ZH-Alto-1,m1_om,0,copied_from_identity_residual_metric_robustness_2026-07-13
GTSinger_same_text_control,mert_l3,3,199,cos_o0_query,cosine,zero,query,none,e48d7e24497fcfc175ed,0.7,0.9,0.7849999999999999,2.3,1.0,0.7955555555555556,0.2833333333333333,0.9843002156450078,0.008541533536499063,0.9742656502126348,0.010251047932007566,0.010034565432373022,10,90,insufficient_resolution/non_independent_calibration,nan,nan,nan,,,DE-Soprano-1;EN-Alto-2;EN-Tenor-1;ES-Bass-1;ES-Soprano-1;FR-Tenor-1;IT-Bass-1;KO-Soprano-1;RU-Alto-1;ZH-Tenor-1,,DE-Tenor-1;EN-Alto-1;FR-Soprano-1;IT-Bass-2;IT-Soprano-1;JA-Soprano-1;JA-Tenor-1;KO-Soprano-2;KO-Tenor-1;ZH-Alto-1,m1_o0,1,copied_from_identity_residual_metric_robustness_2026-07-13
GTSinger_same_text_control,mert_l3,3,211,wcos_diag_none,diagonal_whitened_cosine,pooled_train_midpoint,none,diagonal_variance,a0ef92db26e7bc31e0c5,0.7,0.9,0.7694444444444445,2.3,1.0,0.7866666666666666,0.21666666666666667,0.0632235286985532,0.24750169667422758,-0.18639431854865152,0.2313483314823744,0.2496178472472047,10,90,w1_no_operating_threshold,nan,nan,nan,,,,,,,,
GTSinger_same_text_control,mert_l3,3,211,wcos_diag_query,diagonal_whitened_cosine,pooled_train_midpoint,query,diagonal_variance,a0ef92db26e7bc31e0c5,0.6,1.0,0.7283333333333333,2.0,1.0,0.82,0.28888888888888886,0.5375604313749411,0.11860256877222956,0.32782949484977797,0.18253619362408952,0.20973093652516317,10,90,w1_no_operating_threshold,nan,nan,nan,,,,,,,,
GTSinger_same_text_control,mert_l3,3,211,wcos_oas_none,oas_whitened_cosine,pooled_train_midpoint,none,OAS,bd79999f4a16fcbfafee,0.8,1.0,0.875,1.4,1.0,0.9466666666666667,0.1,0.3984136820877494,0.12342877202013916,0.05855666507546235,0.15569919950399505,0.33985701701228704,10,90,w1_no_operating_threshold,nan,nan,nan,,,,,,,,
GTSinger_same_text_control,mert_l3,3,211,wcos_oas_query,oas_whitened_cosine,pooled_train_midpoint,query,OAS,bd79999f4a16fcbfafee,0.8,1.0,0.875,1.4,1.0,0.9477777777777778,0.1,0.39950012822120895,0.12296537626401711,0.05955717858401995,0.15543899797102095,0.339942949637189,10,90,w1_no_operating_threshold,nan,nan,nan,,,,,,,,
GTSinger_same_text_control,mert_l3,3,211,cos_om_none,cosine,pooled_train_midpoint,none,none,1f3dee99fe54463b17d3,0.5,0.9,0.6366666666666667,2.6,1.5,0.7311111111111112,0.3888888888888889,-0.0075167803847499175,0.2882739776849625,-0.23817122562565068,0.2551643810676453,0.23065444524090076,10,90,insufficient_resolution/non_independent_calibration,nan,nan,nan,,,DE-Soprano-1;EN-Alto-1;EN-Alto-2;ES-Bass-1;FR-Soprano-1;JA-Tenor-1;KO-Soprano-2;KO-Tenor-1;RU-Alto-1;ZH-Alto-1,,DE-Tenor-1;EN-Tenor-1;ES-Soprano-1;FR-Tenor-1;IT-Bass-1;IT-Bass-2;IT-Soprano-1;JA-Soprano-1;KO-Soprano-1;ZH-Tenor-1,m1_om,0,copied_from_identity_residual_metric_robustness_2026-07-13
GTSinger_same_text_control,mert_l3,3,211,cos_o0_query,cosine,zero,query,none,1f3dee99fe54463b17d3,0.5,1.0,0.7083333333333333,1.8,1.5,0.8233333333333334,0.2,0.9811518212567822,0.007521843124031826,0.9703334227451593,0.008869898647197885,0.010818398511622918,10,90,insufficient_resolution/non_independent_calibration,nan,nan,nan,,,DE-Soprano-1;EN-Alto-1;EN-Alto-2;ES-Bass-1;FR-Soprano-1;JA-Tenor-1;KO-Soprano-2;KO-Tenor-1;RU-Alto-1;ZH-Alto-1,,DE-Tenor-1;EN-Tenor-1;ES-Soprano-1;FR-Tenor-1;IT-Bass-1;IT-Bass-2;IT-Soprano-1;JA-Soprano-1;KO-Soprano-1;ZH-Tenor-1,m1_o0,1,copied_from_identity_residual_metric_robustness_2026-07-13
GTSinger_same_text_control,mert_l3,3,223,wcos_diag_none,diagonal_whitened_cosine,pooled_train_midpoint,none,diagonal_variance,e6e1c0bc856635550cf9,0.7,1.0,0.85,1.3,1.0,0.8988888888888888,0.18888888888888888,0.10312280390651488,0.1658358442760816,-0.21186538645385772,0.19757801683252443,0.3149881903603726,10,90,w1_no_operating_threshold,nan,nan,nan,,,,,,,,
GTSinger_same_text_control,mert_l3,3,223,wcos_diag_query,diagonal_whitened_cosine,pooled_train_midpoint,query,diagonal_variance,e6e1c0bc856635550cf9,0.7,1.0,0.8333333333333333,1.4,1.0,0.9088888888888889,0.10555555555555556,0.5978073894562408,0.1357689559347612,0.32635853073448845,0.14444504623472923,0.27144885872175234,10,90,w1_no_operating_threshold,nan,nan,nan,,,,,,,,
GTSinger_same_text_control,mert_l3,3,223,wcos_oas_none,oas_whitened_cosine,pooled_train_midpoint,none,OAS,3f72864ee99d31acf321,1.0,1.0,1.0,1.0,1.0,0.9955555555555555,0.022222222222222223,0.39064946929964667,0.11573315790187486,0.018201204552465027,0.11313539400076544,0.3724482647471816,10,90,w1_no_operating_threshold,nan,nan,nan,,,,,,,,
GTSinger_same_text_control,mert_l3,3,223,wcos_oas_query,oas_whitened_cosine,pooled_train_midpoint,query,OAS,3f72864ee99d31acf321,1.0,1.0,1.0,1.0,1.0,0.9955555555555555,0.022222222222222223,0.3919344720713926,0.11571552914821591,0.01964312993082651,0.11305492067274085,0.3722913421405661,10,90,w1_no_operating_threshold,nan,nan,nan,,,,,,,,
GTSinger_same_text_control,mert_l3,3,223,cos_om_none,cosine,pooled_train_midpoint,none,none,1320f4e7ddedcb53f99a,0.7,1.0,0.8,1.7,1.0,0.89,0.2,0.08324787451877981,0.18028924890018186,-0.24012381783539852,0.2042819316081602,0.32337169235417834,10,90,insufficient_resolution/non_independent_calibration,nan,nan,nan,,,DE-Soprano-1;EN-Alto-2;EN-Tenor-1;ES-Soprano-1;IT-Bass-2;IT-Soprano-1;JA-Tenor-1;KO-Soprano-2;KO-Tenor-1;ZH-Alto-1,,DE-Tenor-1;EN-Alto-1;ES-Bass-1;FR-Soprano-1;FR-Tenor-1;IT-Bass-1;JA-Soprano-1;KO-Soprano-1;RU-Alto-1;ZH-Tenor-1,m1_om,0,copied_from_identity_residual_metric_robustness_2026-07-13
GTSinger_same_text_control,mert_l3,3,223,cos_o0_query,cosine,zero,query,none,1320f4e7ddedcb53f99a,0.7,1.0,0.85,1.3,1.0,0.8866666666666667,0.2,0.9848617355189052,0.004257115412282282,0.9730897405603535,0.008675735611291806,0.011771994958551746,10,90,insufficient_resolution/non_independent_calibration,nan,nan,nan,,,DE-Soprano-1;EN-Alto-2;EN-Tenor-1;ES-Soprano-1;IT-Bass-2;IT-Soprano-1;JA-Tenor-1;KO-Soprano-2;KO-Tenor-1;ZH-Alto-1,,DE-Tenor-1;EN-Alto-1;ES-Bass-1;FR-Soprano-1;FR-Tenor-1;IT-Bass-1;JA-Soprano-1;KO-Soprano-1;RU-Alto-1;ZH-Tenor-1,m1_o0,1,copied_from_identity_residual_metric_robustness_2026-07-13
GTSinger_same_text_control,mert_l3,3,227,wcos_diag_none,diagonal_whitened_cosine,pooled_train_midpoint,none,diagonal_variance,e21af87e716b0920c7a6,0.4,1.0,0.6583333333333333,1.9,2.0,0.8388888888888889,0.2833333333333333,0.13834512530510917,0.1629912213630594,-0.1317979484514278,0.20382758582553273,0.270143073756537,10,90,w1_no_operating_threshold,nan,nan,nan,,,,,,,,
GTSinger_same_text_control,mert_l3,3,227,wcos_diag_query,diagonal_whitened_cosine,pooled_train_midpoint,query,diagonal_variance,e21af87e716b0920c7a6,0.9,1.0,0.95,1.1,1.0,0.9211111111111111,0.17777777777777778,0.5244390660033339,0.1102170488427044,0.2363811124432705,0.17788638183012362,0.28805795356006336,10,90,w1_no_operating_threshold,nan,nan,nan,,,,,,,,
GTSinger_same_text_control,mert_l3,3,227,wcos_oas_none,oas_whitened_cosine,pooled_train_midpoint,none,OAS,5684ada5c62c00ce84cb,0.9,1.0,0.95,1.1,1.0,0.9411111111111111,0.1,0.3963523482758826,0.16432214848977642,0.030334069123725556,0.14537068921388302,0.36601827915215707,10,90,w1_no_operating_threshold,nan,nan,nan,,,,,,,,
GTSinger_same_text_control,mert_l3,3,227,wcos_oas_query,oas_whitened_cosine,pooled_train_midpoint,query,OAS,5684ada5c62c00ce84cb,0.9,1.0,0.95,1.1,1.0,0.9422222222222222,0.1,0.3979393077038806,0.16395079128625345,0.03207684773400393,0.14551237071293213,0.36586245996987665,10,90,w1_no_operating_threshold,nan,nan,nan,,,,,,,,
GTSinger_same_text_control,mert_l3,3,227,cos_om_none,cosine,pooled_train_midpoint,none,none,d2781f93cdd47416f727,0.7,1.0,0.8333333333333333,1.4,1.0,0.88,0.2,0.045387037105950344,0.1383502119826311,-0.23899287693359683,0.1869349562893625,0.28437991403954715,10,90,insufficient_resolution/non_independent_calibration,nan,nan,nan,,,DE-Soprano-1;EN-Tenor-1;ES-Bass-1;FR-Soprano-1;FR-Tenor-1;IT-Bass-1;JA-Tenor-1;KO-Soprano-1;KO-Soprano-2;KO-Tenor-1,,DE-Tenor-1;EN-Alto-1;EN-Alto-2;ES-Soprano-1;IT-Bass-2;IT-Soprano-1;JA-Soprano-1;RU-Alto-1;ZH-Alto-1;ZH-Tenor-1,m1_om,0,copied_from_identity_residual_metric_robustness_2026-07-13
GTSinger_same_text_control,mert_l3,3,227,cos_o0_query,cosine,zero,query,none,d2781f93cdd47416f727,0.8,1.0,0.845,1.7,1.0,0.85,0.2,0.9856604414447137,0.006375127491131635,0.9755626317893662,0.009912219075242208,0.010097809655347456,10,90,insufficient_resolution/non_independent_calibration,nan,nan,nan,,,DE-Soprano-1;EN-Tenor-1;ES-Bass-1;FR-Soprano-1;FR-Tenor-1;IT-Bass-1;JA-Tenor-1;KO-Soprano-1;KO-Soprano-2;KO-Tenor-1,,DE-Tenor-1;EN-Alto-1;EN-Alto-2;ES-Soprano-1;IT-Bass-2;IT-Soprano-1;JA-Soprano-1;RU-Alto-1;ZH-Alto-1;ZH-Tenor-1,m1_o0,1,copied_from_identity_residual_metric_robustness_2026-07-13
GTSinger_same_text_control,mert_l3,3,229,wcos_diag_none,diagonal_whitened_cosine,pooled_train_midpoint,none,diagonal_variance,3cb2ad48e0c77f390d40,0.7,0.9,0.7892857142857143,2.0,1.0,0.8355555555555556,0.2,-0.024152269172360023,0.19674578890531377,-0.28510334546877364,0.1776430357767147,0.2609510762964136,10,90,w1_no_operating_threshold,nan,nan,nan,,,,,,,,
GTSinger_same_text_control,mert_l3,3,229,wcos_diag_query,diagonal_whitened_cosine,pooled_train_midpoint,query,diagonal_variance,3cb2ad48e0c77f390d40,0.6,1.0,0.77,1.7,1.0,0.8677777777777778,0.18888888888888888,0.5460252090556822,0.14329241713152138,0.3067140888761939,0.16600515525075865,0.2393111201794883,10,90,w1_no_operating_threshold,nan,nan,nan,,,,,,,,
GTSinger_same_text_control,mert_l3,3,229,wcos_oas_none,oas_whitened_cosine,pooled_train_midpoint,none,OAS,cd8811934cae24163755,0.8,1.0,0.8833333333333332,1.3,1.0,0.9788888888888889,0.08333333333333334,0.3614289033338112,0.13711577915265635,0.019642609098668776,0.12293080260752329,0.34178629423514245,10,90,w1_no_operating_threshold,nan,nan,nan,,,,,,,,
GTSinger_same_text_control,mert_l3,3,229,wcos_oas_query,oas_whitened_cosine,pooled_train_midpoint,query,OAS,cd8811934cae24163755,0.8,1.0,0.8833333333333332,1.3,1.0,0.9788888888888889,0.08333333333333334,0.3637473819082495,0.13688013390897338,0.02199751167089855,0.12268631747436985,0.341749870237351,10,90,w1_no_operating_threshold,nan,nan,nan,,,,,,,,
GTSinger_same_text_control,mert_l3,3,229,cos_om_none,cosine,pooled_train_midpoint,none,none,2affe6110620dd78e9e8,0.6,1.0,0.7583333333333333,1.7,1.0,0.8355555555555556,0.20555555555555555,-0.05163649033564146,0.19229738574396837,-0.31681461566977914,0.18578807052382454,0.2651781253341377,10,90,insufficient_resolution/non_independent_calibration,nan,nan,nan,,,DE-Tenor-1;ES-Bass-1;ES-Soprano-1;FR-Soprano-1;IT-Bass-1;IT-Bass-2;IT-Soprano-1;KO-Tenor-1;RU-Alto-1;ZH-Alto-1,,DE-Soprano-1;EN-Alto-1;EN-Alto-2;EN-Tenor-1;FR-Tenor-1;JA-Soprano-1;JA-Tenor-1;KO-Soprano-1;KO-Soprano-2;ZH-Tenor-1,m1_om,0,copied_from_identity_residual_metric_robustness_2026-07-13
GTSinger_same_text_control,mert_l3,3,229,cos_o0_query,cosine,zero,query,none,2affe6110620dd78e9e8,0.5,0.8,0.6466666666666667,3.0,1.5,0.76,0.2833333333333333,0.9821990030074188,0.010400044148367775,0.9725903788723951,0.010423928615756445,0.009608624135023724,10,90,insufficient_resolution/non_independent_calibration,nan,nan,nan,,,DE-Tenor-1;ES-Bass-1;ES-Soprano-1;FR-Soprano-1;IT-Bass-1;IT-Bass-2;IT-Soprano-1;KO-Tenor-1;RU-Alto-1;ZH-Alto-1,,DE-Soprano-1;EN-Alto-1;EN-Alto-2;EN-Tenor-1;FR-Tenor-1;JA-Soprano-1;JA-Tenor-1;KO-Soprano-1;KO-Soprano-2;ZH-Tenor-1,m1_o0,1,copied_from_identity_residual_metric_robustness_2026-07-13
GTSinger_same_text_control,mert_l3,3,233,wcos_diag_none,diagonal_whitened_cosine,pooled_train_midpoint,none,diagonal_variance,e9fd5448084ac5ba86b7,0.4,0.9,0.611111111111111,2.6,2.0,0.8133333333333334,0.2833333333333333,0.06129150461072164,0.188009506752263,-0.1591223919126129,0.20863498507048805,0.22041389652333454,10,90,w1_no_operating_threshold,nan,nan,nan,,,,,,,,
GTSinger_same_text_control,mert_l3,3,233,wcos_diag_query,diagonal_whitened_cosine,pooled_train_midpoint,query,diagonal_variance,e9fd5448084ac5ba86b7,0.7,1.0,0.795,1.8,1.0,0.91,0.20555555555555555,0.5066895192850671,0.10198141985015334,0.27432872216811943,0.14121587627630378,0.23236079711694768,10,90,w1_no_operating_threshold,nan,nan,nan,,,,,,,,
GTSinger_same_text_control,mert_l3,3,233,wcos_oas_none,oas_whitened_cosine,pooled_train_midpoint,none,OAS,f61ea9b40c8c747ed990,0.9,1.0,0.9333333333333332,1.2,1.0,0.9611111111111111,0.1111111111111111,0.3623353498843199,0.13314555976034428,0.044191548443315236,0.11257735330472872,0.3181438014410047,10,90,w1_no_operating_threshold,nan,nan,nan,,,,,,,,
GTSinger_same_text_control,mert_l3,3,233,wcos_oas_query,oas_whitened_cosine,pooled_train_midpoint,query,OAS,f61ea9b40c8c747ed990,0.9,1.0,0.9333333333333332,1.2,1.0,0.9622222222222222,0.1111111111111111,0.36416844074749233,0.13269993246121592,0.04594641007795847,0.11263263255945641,0.31822203066953386,10,90,w1_no_operating_threshold,nan,nan,nan,,,,,,,,
GTSinger_same_text_control,mert_l3,3,233,cos_om_none,cosine,pooled_train_midpoint,none,none,2de56707e26f688cd0f6,0.6,0.9,0.7016666666666667,2.6,1.0,0.79,0.2777777777777778,0.015584548130314003,0.16899207195145552,-0.18835961621006253,0.2092725551680325,0.20394416434037654,10,90,insufficient_resolution/non_independent_calibration,nan,nan,nan,,,DE-Soprano-1;DE-Tenor-1;EN-Alto-1;EN-Tenor-1;FR-Soprano-1;FR-Tenor-1;IT-Bass-1;IT-Bass-2;KO-Soprano-2;ZH-Tenor-1,,EN-Alto-2;ES-Bass-1;ES-Soprano-1;IT-Soprano-1;JA-Soprano-1;JA-Tenor-1;KO-Soprano-1;KO-Tenor-1;RU-Alto-1;ZH-Alto-1,m1_om,0,copied_from_identity_residual_metric_robustness_2026-07-13
GTSinger_same_text_control,mert_l3,3,233,cos_o0_query,cosine,zero,query,none,2de56707e26f688cd0f6,0.6,0.9,0.6966666666666667,2.7,1.0,0.7888888888888889,0.3,0.983729806049204,0.007118295362630628,0.9758905055639739,0.00926292312640251,0.007839300485230072,10,90,insufficient_resolution/non_independent_calibration,nan,nan,nan,,,DE-Soprano-1;DE-Tenor-1;EN-Alto-1;EN-Tenor-1;FR-Soprano-1;FR-Tenor-1;IT-Bass-1;IT-Bass-2;KO-Soprano-2;ZH-Tenor-1,,EN-Alto-2;ES-Bass-1;ES-Soprano-1;IT-Soprano-1;JA-Soprano-1;JA-Tenor-1;KO-Soprano-1;KO-Tenor-1;RU-Alto-1;ZH-Alto-1,m1_o0,1,copied_from_identity_residual_metric_robustness_2026-07-13
GTSinger_same_text_control,mert_l3,3,239,wcos_diag_none,diagonal_whitened_cosine,pooled_train_midpoint,none,diagonal_variance,dbf01f5f8c3c8423bcb4,0.4,0.9,0.6194444444444445,2.6,2.0,0.8055555555555556,0.2222222222222222,0.07149694053820106,0.21529711823115963,-0.17577095939512993,0.2357255932103084,0.24726789993333098,10,90,w1_no_operating_threshold,nan,nan,nan,,,,,,,,
GTSinger_same_text_control,mert_l3,3,239,wcos_diag_query,diagonal_whitened_cosine,pooled_train_midpoint,query,diagonal_variance,dbf01f5f8c3c8423bcb4,0.9,1.0,0.95,1.1,1.0,0.9188888888888889,0.17777777777777778,0.5634723631618499,0.1195531683891913,0.29660925425803597,0.1481898426256725,0.26686310890381393,10,90,w1_no_operating_threshold,nan,nan,nan,,,,,,,,
GTSinger_same_text_control,mert_l3,3,239,wcos_oas_none,oas_whitened_cosine,pooled_train_midpoint,none,OAS,5c335a8557ce7fbda275,0.7,1.0,0.8333333333333333,1.4,1.0,0.9188888888888889,0.2,0.35746358963815056,0.1829751466378607,0.040808389995510924,0.1325905136044483,0.31665519964263966,10,90,w1_no_operating_threshold,nan,nan,nan,,,,,,,,
GTSinger_same_text_control,mert_l3,3,239,wcos_oas_query,oas_whitened_cosine,pooled_train_midpoint,query,OAS,5c335a8557ce7fbda275,0.7,1.0,0.8333333333333333,1.4,1.0,0.9188888888888889,0.2,0.3595371472656771,0.18213015225455165,0.04280436273424637,0.13244222410104103,0.3167327845314307,10,90,w1_no_operating_threshold,nan,nan,nan,,,,,,,,
GTSinger_same_text_control,mert_l3,3,239,cos_om_none,cosine,pooled_train_midpoint,none,none,d9f1fbc8b56392a25844,0.7,0.9,0.7611111111111111,2.4,1.0,0.7677777777777778,0.28888888888888886,0.03861675562700593,0.2114467064298259,-0.1892285609806007,0.23522009728733512,0.22784531660760662,10,90,insufficient_resolution/non_independent_calibration,nan,nan,nan,,,DE-Tenor-1;EN-Tenor-1;FR-Soprano-1;FR-Tenor-1;IT-Bass-1;IT-Bass-2;IT-Soprano-1;KO-Soprano-1;KO-Soprano-2;ZH-Tenor-1,,DE-Soprano-1;EN-Alto-1;EN-Alto-2;ES-Bass-1;ES-Soprano-1;JA-Soprano-1;JA-Tenor-1;KO-Tenor-1;RU-Alto-1;ZH-Alto-1,m1_om,0,copied_from_identity_residual_metric_robustness_2026-07-13
GTSinger_same_text_control,mert_l3,3,239,cos_o0_query,cosine,zero,query,none,d9f1fbc8b56392a25844,0.7,0.9,0.7849999999999999,2.3,1.0,0.8277777777777777,0.2,0.9858849359603367,0.007088062383976799,0.9776631082920919,0.00958576756491423,0.008221827668244752,10,90,insufficient_resolution/non_independent_calibration,nan,nan,nan,,,DE-Tenor-1;EN-Tenor-1;FR-Soprano-1;FR-Tenor-1;IT-Bass-1;IT-Bass-2;IT-Soprano-1;KO-Soprano-1;KO-Soprano-2;ZH-Tenor-1,,DE-Soprano-1;EN-Alto-1;EN-Alto-2;ES-Bass-1;ES-Soprano-1;JA-Soprano-1;JA-Tenor-1;KO-Tenor-1;RU-Alto-1;ZH-Alto-1,m1_o0,1,copied_from_identity_residual_metric_robustness_2026-07-13
GTSinger_same_text_control,mert_l3,3,241,wcos_diag_none,diagonal_whitened_cosine,pooled_train_midpoint,none,diagonal_variance,b926a864f7ea67406d72,0.5,0.9,0.6433333333333333,2.8,1.5,0.8255555555555556,0.2,0.02735699370649568,0.1917389044845328,-0.21279559653900038,0.2042973734943966,0.24015259024549607,10,90,w1_no_operating_threshold,nan,nan,nan,,,,,,,,
GTSinger_same_text_control,mert_l3,3,241,wcos_diag_query,diagonal_whitened_cosine,pooled_train_midpoint,query,diagonal_variance,b926a864f7ea67406d72,0.8,1.0,0.8833333333333332,1.3,1.0,0.8988888888888888,0.2,0.4399271889101464,0.13734246777666795,0.146756596742067,0.16391072815173485,0.2931705921680794,10,90,w1_no_operating_threshold,nan,nan,nan,,,,,,,,
GTSinger_same_text_control,mert_l3,3,241,wcos_oas_none,oas_whitened_cosine,pooled_train_midpoint,none,OAS,c9ddea66a9a7918ed58a,0.8,1.0,0.8583333333333332,1.5,1.0,0.91,0.2,0.32108382960755966,0.16388550010472222,0.030792981180922854,0.10797106559384562,0.2902908484266368,10,90,w1_no_operating_threshold,nan,nan,nan,,,,,,,,
GTSinger_same_text_control,mert_l3,3,241,wcos_oas_query,oas_whitened_cosine,pooled_train_midpoint,query,OAS,c9ddea66a9a7918ed58a,0.8,1.0,0.8583333333333332,1.5,1.0,0.9111111111111111,0.2,0.32296162901388065,0.16381361935207692,0.03255940780270225,0.10818732250542352,0.2904022212111784,10,90,w1_no_operating_threshold,nan,nan,nan,,,,,,,,
GTSinger_same_text_control,mert_l3,3,241,cos_om_none,cosine,pooled_train_midpoint,none,none,353eaa83c25c4fa2ef55,0.6,0.9,0.7625,2.0,1.0,0.8888888888888888,0.2,0.008099017159019655,0.1309948769164687,-0.2610985331676337,0.1795749180549794,0.2691975503266534,10,90,insufficient_resolution/non_independent_calibration,nan,nan,nan,,,DE-Soprano-1;EN-Alto-1;FR-Tenor-1;IT-Bass-1;IT-Soprano-1;JA-Soprano-1;JA-Tenor-1;KO-Soprano-1;KO-Soprano-2;KO-Tenor-1,,DE-Tenor-1;EN-Alto-2;EN-Tenor-1;ES-Bass-1;ES-Soprano-1;FR-Soprano-1;IT-Bass-2;RU-Alto-1;ZH-Alto-1;ZH-Tenor-1,m1_om,0,copied_from_identity_residual_metric_robustness_2026-07-13
GTSinger_same_text_control,mert_l3,3,241,cos_o0_query,cosine,zero,query,none,353eaa83c25c4fa2ef55,0.8,0.9,0.8666666666666668,1.6,1.0,0.8188888888888889,0.2,0.9843668728560957,0.008859733089943396,0.9741244892003228,0.00922339986378163,0.010242383655772902,10,90,insufficient_resolution/non_independent_calibration,nan,nan,nan,,,DE-Soprano-1;EN-Alto-1;FR-Tenor-1;IT-Bass-1;IT-Soprano-1;JA-Soprano-1;JA-Tenor-1;KO-Soprano-1;KO-Soprano-2;KO-Tenor-1,,DE-Tenor-1;EN-Alto-2;EN-Tenor-1;ES-Bass-1;ES-Soprano-1;FR-Soprano-1;IT-Bass-2;RU-Alto-1;ZH-Alto-1;ZH-Tenor-1,m1_o0,1,copied_from_identity_residual_metric_robustness_2026-07-13
GTSinger_same_text_control,mert_l3,3,251,wcos_diag_none,diagonal_whitened_cosine,pooled_train_midpoint,none,diagonal_variance,cbb12375cffed9da8781,0.5,1.0,0.7083333333333333,1.8,1.5,0.87,0.2,0.15655168421695426,0.13477906918238639,-0.10182517058129073,0.18679081019689137,0.258376854798245,10,90,w1_no_operating_threshold,nan,nan,nan,,,,,,,,
GTSinger_same_text_control,mert_l3,3,251,wcos_diag_query,diagonal_whitened_cosine,pooled_train_midpoint,query,diagonal_variance,cbb12375cffed9da8781,0.6,1.0,0.7833333333333333,1.5,1.0,0.8822222222222222,0.2111111111111111,0.5231489055276294,0.12979617911210828,0.26108387026310853,0.16860336631920428,0.26206503526452085,10,90,w1_no_operating_threshold,nan,nan,nan,,,,,,,,
GTSinger_same_text_control,mert_l3,3,251,wcos_oas_none,oas_whitened_cosine,pooled_train_midpoint,none,OAS,38f14d3ebee21794ef0a,0.9,1.0,0.95,1.1,1.0,0.9711111111111111,0.1,0.39847363789537465,0.13289187371370031,0.02492272192045665,0.12556760480173138,0.373550915974918,10,90,w1_no_operating_threshold,nan,nan,nan,,,,,,,,
GTSinger_same_text_control,mert_l3,3,251,wcos_oas_query,oas_whitened_cosine,pooled_train_midpoint,query,OAS,38f14d3ebee21794ef0a,0.9,1.0,0.95,1.1,1.0,0.9711111111111111,0.1,0.39990084750282273,0.13272028183553047,0.026344419499635723,0.1256223520160831,0.373556428003187,10,90,w1_no_operating_threshold,nan,nan,nan,,,,,,,,
GTSinger_same_text_control,mert_l3,3,251,cos_om_none,cosine,pooled_train_midpoint,none,none,74a8aa7feac16312fa78,0.6,1.0,0.7283333333333333,2.0,1.0,0.84,0.2222222222222222,0.11553859758035463,0.1317877436106734,-0.13320253697088444,0.19670947103441708,0.24874113455123908,10,90,insufficient_resolution/non_independent_calibration,nan,nan,nan,,,DE-Soprano-1;EN-Tenor-1;FR-Tenor-1;IT-Bass-1;IT-Soprano-1;JA-Tenor-1;KO-Soprano-2;KO-Tenor-1;ZH-Alto-1;ZH-Tenor-1,,DE-Tenor-1;EN-Alto-1;EN-Alto-2;ES-Bass-1;ES-Soprano-1;FR-Soprano-1;IT-Bass-2;JA-Soprano-1;KO-Soprano-1;RU-Alto-1,m1_om,0,copied_from_identity_residual_metric_robustness_2026-07-13
GTSinger_same_text_control,mert_l3,3,251,cos_o0_query,cosine,zero,query,none,74a8aa7feac16312fa78,0.8,1.0,0.85,1.6,1.0,0.8188888888888889,0.3,0.9842336365873514,0.006435143354157868,0.9752289678769911,0.009531271289809991,0.00900466871036032,10,90,insufficient_resolution/non_independent_calibration,nan,nan,nan,,,DE-Soprano-1;EN-Tenor-1;FR-Tenor-1;IT-Bass-1;IT-Soprano-1;JA-Tenor-1;KO-Soprano-2;KO-Tenor-1;ZH-Alto-1;ZH-Tenor-1,,DE-Tenor-1;EN-Alto-1;EN-Alto-2;ES-Bass-1;ES-Soprano-1;FR-Soprano-1;IT-Bass-2;JA-Soprano-1;KO-Soprano-1;RU-Alto-1,m1_o0,1,copied_from_identity_residual_metric_robustness_2026-07-13
GTSinger_same_text_control,mert_l3,3,257,wcos_diag_none,diagonal_whitened_cosine,pooled_train_midpoint,none,diagonal_variance,cff3f7af4aa0e0847236,0.7,0.9,0.8111111111111111,2.0,1.0,0.8488888888888889,0.11666666666666667,0.03728879534051445,0.22516091713524428,-0.24715797895038324,0.17041336266045773,0.2844467742908977,10,90,w1_no_operating_threshold,nan,nan,nan,,,,,,,,
GTSinger_same_text_control,mert_l3,3,257,wcos_diag_query,diagonal_whitened_cosine,pooled_train_midpoint,query,diagonal_variance,cff3f7af4aa0e0847236,0.6,1.0,0.7283333333333333,2.0,1.0,0.8844444444444445,0.2222222222222222,0.5459543787698423,0.12534865750367707,0.3008584649776811,0.15741979722622304,0.24509591379216122,10,90,w1_no_operating_threshold,nan,nan,nan,,,,,,,,
GTSinger_same_text_control,mert_l3,3,257,wcos_oas_none,oas_whitened_cosine,pooled_train_midpoint,none,OAS,639f67d8a59ccd926abc,0.8,1.0,0.9,1.2,1.0,0.9666666666666667,0.1,0.38118405999625066,0.14194384180782052,0.022799901345926167,0.14323095359749538,0.35838415865032447,10,90,w1_no_operating_threshold,nan,nan,nan,,,,,,,,
GTSinger_same_text_control,mert_l3,3,257,wcos_oas_query,oas_whitened_cosine,pooled_train_midpoint,query,OAS,639f67d8a59ccd926abc,0.8,1.0,0.9,1.2,1.0,0.9655555555555555,0.1,0.3825659489031462,0.1415285741238522,0.024107603549057725,0.14311655346568197,0.3584583453540885,10,90,w1_no_operating_threshold,nan,nan,nan,,,,,,,,
GTSinger_same_text_control,mert_l3,3,257,cos_om_none,cosine,pooled_train_midpoint,none,none,bbada58014c259e83581,0.8,1.0,0.8699999999999999,1.5,1.0,0.8488888888888889,0.21666666666666667,-0.015536373883157237,0.2423502883323137,-0.30725859868014166,0.18396083023817575,0.2917222247969844,10,90,insufficient_resolution/non_independent_calibration,nan,nan,nan,,,DE-Soprano-1;EN-Alto-2;ES-Bass-1;FR-Soprano-1;FR-Tenor-1;JA-Tenor-1;KO-Soprano-2;KO-Tenor-1;RU-Alto-1;ZH-Tenor-1,,DE-Tenor-1;EN-Alto-1;EN-Tenor-1;ES-Soprano-1;IT-Bass-1;IT-Bass-2;IT-Soprano-1;JA-Soprano-1;KO-Soprano-1;ZH-Alto-1,m1_om,0,copied_from_identity_residual_metric_robustness_2026-07-13
GTSinger_same_text_control,mert_l3,3,257,cos_o0_query,cosine,zero,query,none,bbada58014c259e83581,0.6,1.0,0.7333333333333333,1.9,1.0,0.81,0.2,0.9832937607575006,0.007216480163846781,0.9729847841933676,0.00917809736688379,0.010308976564132988,10,90,insufficient_resolution/non_independent_calibration,nan,nan,nan,,,DE-Soprano-1;EN-Alto-2;ES-Bass-1;FR-Soprano-1;FR-Tenor-1;JA-Tenor-1;KO-Soprano-2;KO-Tenor-1;RU-Alto-1;ZH-Tenor-1,,DE-Tenor-1;EN-Alto-1;EN-Tenor-1;ES-Soprano-1;IT-Bass-1;IT-Bass-2;IT-Soprano-1;JA-Soprano-1;KO-Soprano-1;ZH-Alto-1,m1_o0,1,copied_from_identity_residual_metric_robustness_2026-07-13
