dataset,model,layer,split_seed,split_protocol,duration_balanced,residualization_variant,formula,nuisance_columns,direction,test_speakers_N,chance_R1,R1_num,R1_den,R1,R1_boot_CI_low,R1_boot_CI_high,R5_boot_CI_low,R5_boot_CI_high,MRR_boot_CI_low,MRR_boot_CI_high,margin_boot_CI_low,margin_boot_CI_high,R5,MRR,median_rank,same_minus_impostor_margin,delta_R1_vs_raw,mode_AUC,variance_removed,B_rank
JVS_JVSMuSiC,wavlm_l12,12,13,60_20_20_speaker_disjoint,False,raw,raw,,S->G,20,0.05,3,20,0.15,0.0,0.35,0.35,0.8,0.16444183298319326,0.43001273634453774,0.0006440688349428817,0.004669195058644536,0.6,0.2882983193277311,5.0,0.0026407108085619913,0.0,1.0,0.0,0
JVS_JVSMuSiC,wavlm_l12,12,13,60_20_20_speaker_disjoint,False,raw,raw,,G->S,20,0.05,3,20,0.15,0.0,0.3,0.4,0.8,0.20119244927221905,0.4733683035714286,0.0011698405511797816,0.003959495018666897,0.6,0.3244836851744746,4.5,0.002640710808561958,0.0,1.0,0.0,0
JVS_JVSMuSiC,wavlm_l12,12,13,60_20_20_speaker_disjoint,False,center_only_classic,classic,,S->G,20,0.05,12,20,0.6,0.4,0.8,0.85,1.0,0.6238095238095237,0.8821428571428571,0.13568291137843538,0.20130588413501896,0.95,0.7619047619047619,1.0,0.16664603263273117,0.44999999999999996,1.0,0.9767817898665104,0
JVS_JVSMuSiC,wavlm_l12,12,13,60_20_20_speaker_disjoint,False,center_only_classic,classic,,G->S,20,0.05,3,20,0.15,0.0,0.3,0.35,0.8,0.21422256562881561,0.47886351495726504,0.09210320183689141,0.23953890790488555,0.6,0.33727869352869344,3.5,0.16664603263273114,0.0,1.0,0.9767817898665104,0
JVS_JVSMuSiC,wavlm_l12,12,13,60_20_20_speaker_disjoint,False,mode_dummy_only,mean_preserving,mode_dummy,S->G,20,0.05,9,20,0.45,0.25,0.7,0.69875,1.0,0.4432846279537455,0.7722610294117648,0.0019143845545226727,0.0034541309653189035,0.85,0.6040095525389643,2.0,0.002722601559436405,0.30000000000000004,0.43175,0.002976122708120643,1
JVS_JVSMuSiC,wavlm_l12,12,13,60_20_20_speaker_disjoint,False,mode_dummy_only,mean_preserving,mode_dummy,G->S,20,0.05,16,20,0.8,0.6,0.95,0.85,1.0,0.7132499999999999,0.9625,0.0022065859807723154,0.003200085946017433,0.95,0.8533333333333333,1.0,0.0027226015594363938,0.65,0.43175,0.002976122708120643,1
JVS_JVSMuSiC,wavlm_l12,12,13,60_20_20_speaker_disjoint,False,mode_dummy_only,classic,mode_dummy,S->G,20,0.05,15,20,0.75,0.55,0.9,0.85,1.0,0.7183333333333334,0.95,0.35638676660388596,0.4623475642531623,0.95,0.8466666666666667,1.0,0.41383184217174707,0.6,0.43175,0.9797579125746315,1
JVS_JVSMuSiC,wavlm_l12,12,13,60_20_20_speaker_disjoint,False,mode_dummy_only,classic,mode_dummy,G->S,20,0.05,17,20,0.85,0.7,1.0,0.85,1.0,0.7608333333333334,1.0,0.352305411566053,0.4577858674637542,0.95,0.8841666666666667,1.0,0.41383184217174707,0.7,0.43175,0.9797579125746315,1
JVS_JVSMuSiC,wavlm_l12,12,13,60_20_20_speaker_disjoint,False,acoustic_full_no_mode,mean_preserving,logf0_mean;logf0_std;logf0_p05;logf0_p50;logf0_p95;logf0_range;rms_mean;rms_std;duration_s;voiced_rate;energy_mean;energy_std,S->G,20,0.05,4,20,0.2,0.05,0.4,0.45,0.85,0.28280308781131147,0.5597893471659919,0.0009729920248508027,0.0025033806452504893,0.65,0.42111934118513067,3.0,0.0017375788575015815,0.05000000000000002,0.93125,0.005791591934757201,9
JVS_JVSMuSiC,wavlm_l12,12,13,60_20_20_speaker_disjoint,False,acoustic_full_no_mode,mean_preserving,logf0_mean;logf0_std;logf0_p05;logf0_p50;logf0_p95;logf0_range;rms_mean;rms_std;duration_s;voiced_rate;energy_mean;energy_std,G->S,20,0.05,9,20,0.45,0.25,0.65,0.75,1.0,0.42019345238095235,0.75,0.0013721030135116002,0.002169227458961891,0.9,0.5925595238095238,3.0,0.0017375788575015928,0.30000000000000004,0.93125,0.005791591934757201,9
JVS_JVSMuSiC,wavlm_l12,12,13,60_20_20_speaker_disjoint,False,acoustic_full_no_mode,classic,logf0_mean;logf0_std;logf0_p05;logf0_p50;logf0_p95;logf0_range;rms_mean;rms_std;duration_s;voiced_rate;energy_mean;energy_std,S->G,20,0.05,13,20,0.65,0.45,0.85,0.85,1.0,0.62825,0.9017499999999998,0.24398813241313053,0.34876601773212734,0.95,0.7733333333333333,1.0,0.29417452870085803,0.5,0.93125,0.9832618177501344,9
JVS_JVSMuSiC,wavlm_l12,12,13,60_20_20_speaker_disjoint,False,acoustic_full_no_mode,classic,logf0_mean;logf0_std;logf0_p05;logf0_p50;logf0_p95;logf0_range;rms_mean;rms_std;duration_s;voiced_rate;energy_mean;energy_std,G->S,20,0.05,9,20,0.45,0.25,0.65,0.7,1.0,0.4491666666666667,0.7625,0.24653392967820723,0.3449721943017302,0.85,0.6033333333333333,2.0,0.29417452870085803,0.30000000000000004,0.93125,0.9832618177501344,9
JVS_JVSMuSiC,wavlm_l12,12,13,60_20_20_speaker_disjoint,False,acoustic_full_plus_mode,mean_preserving,logf0_mean;logf0_std;logf0_p05;logf0_p50;logf0_p95;logf0_range;rms_mean;rms_std;duration_s;voiced_rate;energy_mean;energy_std;mode_dummy,S->G,20,0.05,4,20,0.2,0.05,0.4,0.4,0.8,0.25703769841269847,0.5311830357142856,0.0009335464501211768,0.0025075930681339627,0.6,0.38918650793650794,4.0,0.001804726875200119,0.05000000000000002,0.345125,0.006306653053036904,10
JVS_JVSMuSiC,wavlm_l12,12,13,60_20_20_speaker_disjoint,False,acoustic_full_plus_mode,mean_preserving,logf0_mean;logf0_std;logf0_p05;logf0_p50;logf0_p95;logf0_range;rms_mean;rms_std;duration_s;voiced_rate;energy_mean;energy_std;mode_dummy,G->S,20,0.05,9,20,0.45,0.25,0.65,0.75,1.0,0.4638482142857143,0.7767410714285713,0.001461827260998301,0.002178887077910886,0.9,0.6192261904761904,2.0,0.0018047268752000856,0.30000000000000004,0.345125,0.006306653053036904,10
JVS_JVSMuSiC,wavlm_l12,12,13,60_20_20_speaker_disjoint,False,acoustic_full_plus_mode,classic,logf0_mean;logf0_std;logf0_p05;logf0_p50;logf0_p95;logf0_range;rms_mean;rms_std;duration_s;voiced_rate;energy_mean;energy_std;mode_dummy,S->G,20,0.05,12,20,0.6,0.4,0.8,0.85,1.0,0.5916666666666667,0.8875,0.2721228338512879,0.38217932438561114,0.95,0.7479166666666666,1.0,0.3259322678789527,0.44999999999999996,0.345125,0.9837784792986424,10
JVS_JVSMuSiC,wavlm_l12,12,13,60_20_20_speaker_disjoint,False,acoustic_full_plus_mode,classic,logf0_mean;logf0_std;logf0_p05;logf0_p50;logf0_p95;logf0_range;rms_mean;rms_std;duration_s;voiced_rate;energy_mean;energy_std;mode_dummy,G->S,20,0.05,10,20,0.5,0.25,0.7,0.85,1.0,0.5416041666666668,0.8251041666666665,0.27713344913522053,0.3763478149825952,0.95,0.6808333333333334,1.5,0.3259322678789528,0.35,0.345125,0.9837784792986424,10
JVS_JVSMuSiC,wavlm_l12,12,13,60_20_20_speaker_disjoint,False,single_group_f0,mean_preserving,logf0_mean;logf0_std;logf0_p05;logf0_p50;logf0_p95;logf0_range,S->G,20,0.05,3,20,0.15,0.0,0.3,0.35,0.75,0.15548635835913313,0.4301601522187822,-0.0002027525578001059,0.004005288379068811,0.55,0.2814305985552116,5.0,0.0018902952483501711,0.0,1.0,0.0017781156193026337,5
JVS_JVSMuSiC,wavlm_l12,12,13,60_20_20_speaker_disjoint,False,single_group_f0,mean_preserving,logf0_mean;logf0_std;logf0_p05;logf0_p50;logf0_p95;logf0_range,G->S,20,0.05,2,20,0.1,0.0,0.25,0.3,0.7,0.16283704645135566,0.39065762061403503,0.0006658767558535199,0.0030232392252422607,0.5,0.2617603668261562,5.5,0.0018902952483502323,-0.04999999999999999,1.0,0.0017781156193026337,5
JVS_JVSMuSiC,wavlm_l12,12,13,60_20_20_speaker_disjoint,False,single_group_energy,mean_preserving,rms_mean;rms_std;energy_mean;energy_std,S->G,20,0.05,4,20,0.2,0.05,0.4,0.3,0.7,0.22163988095238094,0.5226383928571428,0.0011821460117017347,0.003887022830643365,0.5,0.3654365079365079,5.0,0.0025266022660786367,0.05000000000000002,1.0,0.0020699164965247707,3
JVS_JVSMuSiC,wavlm_l12,12,13,60_20_20_speaker_disjoint,False,single_group_energy,mean_preserving,rms_mean;rms_std;energy_mean;energy_std,G->S,20,0.05,4,20,0.2,0.05,0.4,0.55,0.95,0.2795803571428571,0.5589583333333332,0.0014685395219286505,0.003557047159142039,0.75,0.4076488095238095,3.0,0.0025266022660786146,0.05000000000000002,1.0,0.0020699164965247707,3
JVS_JVSMuSiC,wavlm_l12,12,13,60_20_20_speaker_disjoint,False,single_group_duration,mean_preserving,duration_s,S->G,20,0.05,6,20,0.3,0.1,0.5,0.7,1.0,0.37748611111111113,0.6733541666666666,0.0019168109821689752,0.0033420014663096877,0.85,0.5230555555555555,2.0,0.002643711366073542,0.15,0.937125,0.0029095368844674896,1
JVS_JVSMuSiC,wavlm_l12,12,13,60_20_20_speaker_disjoint,False,single_group_duration,mean_preserving,duration_s,G->S,20,0.05,9,20,0.45,0.24875000000000008,0.65,0.7,1.0,0.466968954248366,0.7797148692810457,0.0019307449748365837,0.003208760469582361,0.85,0.6180800653594771,2.0,0.0026437113660735313,0.30000000000000004,0.937125,0.0029095368844674896,1
JVS_JVSMuSiC,wavlm_l12,12,13,60_20_20_speaker_disjoint,False,single_group_voicing,mean_preserving,voiced_rate,S->G,20,0.05,3,20,0.15,0.0,0.3,0.4,0.8,0.16710202205882352,0.4413971901260504,0.0006680058663259245,0.004652236359566574,0.6,0.2882983193277311,5.0,0.0026407108085619913,0.0,1.0,0.0,0
JVS_JVSMuSiC,wavlm_l12,12,13,60_20_20_speaker_disjoint,False,single_group_voicing,mean_preserving,voiced_rate,G->S,20,0.05,3,20,0.15,0.0,0.3,0.4,0.8,0.19929303728070177,0.46997947994987455,0.0012390604206016587,0.004003529374324723,0.6,0.3244836851744746,4.5,0.002640710808561958,0.0,1.0,0.0,0
JVS_JVSMuSiC,wavlm_l12,12,13,60_20_20_speaker_disjoint,False,full_minus_f0,mean_preserving,rms_mean;rms_std;duration_s;voiced_rate;energy_mean;energy_std,S->G,20,0.05,6,20,0.3,0.1,0.5,0.55,0.9,0.3436735347985348,0.6571904761904761,0.0017461325122912006,0.003101668062875656,0.75,0.49352869352869355,2.0,0.0024545731139138105,0.15,0.925375,0.003771046630751229,4
JVS_JVSMuSiC,wavlm_l12,12,13,60_20_20_speaker_disjoint,False,full_minus_f0,mean_preserving,rms_mean;rms_std;duration_s;voiced_rate;energy_mean;energy_std,G->S,20,0.05,9,20,0.45,0.25,0.65,0.85,1.0,0.5133125,0.7958333333333333,0.001981941657702419,0.0029651508415570967,0.95,0.6599999999999999,2.0,0.0024545731139138383,0.30000000000000004,0.925375,0.003771046630751229,4
JVS_JVSMuSiC,wavlm_l12,12,13,60_20_20_speaker_disjoint,False,full_minus_energy,mean_preserving,logf0_mean;logf0_std;logf0_p05;logf0_p50;logf0_p95;logf0_range;duration_s;voiced_rate,S->G,20,0.05,6,20,0.3,0.1,0.5,0.45,0.85,0.32406150793650795,0.6572812499999999,0.0011334574150013246,0.0026745156743247104,0.65,0.48144841269841265,2.5,0.0018694211553495267,0.15,0.93225,0.004707043960919921,6
JVS_JVSMuSiC,wavlm_l12,12,13,60_20_20_speaker_disjoint,False,full_minus_energy,mean_preserving,logf0_mean;logf0_std;logf0_p05;logf0_p50;logf0_p95;logf0_range;duration_s;voiced_rate,G->S,20,0.05,9,20,0.45,0.25,0.65,0.45,0.85,0.392214186033265,0.7397997337092731,0.001298639742527863,0.002380820612857522,0.65,0.5722365573023468,2.0,0.001869421155349499,0.30000000000000004,0.93225,0.004707043960919921,6
JVS_JVSMuSiC,wavlm_l12,12,13,60_20_20_speaker_disjoint,False,full_minus_duration,mean_preserving,logf0_mean;logf0_std;logf0_p05;logf0_p50;logf0_p95;logf0_range;rms_mean;rms_std;voiced_rate;energy_mean;energy_std,S->G,20,0.05,2,20,0.1,0.0,0.25,0.3,0.75,0.16207972756410258,0.40949719551282043,0.0004170580354662652,0.003168850576814756,0.5,0.28123397435897435,6.5,0.0018284187626126935,-0.04999999999999999,1.0,0.0040786933787828605,8
JVS_JVSMuSiC,wavlm_l12,12,13,60_20_20_speaker_disjoint,False,full_minus_duration,mean_preserving,logf0_mean;logf0_std;logf0_p05;logf0_p50;logf0_p95;logf0_range;rms_mean;rms_std;voiced_rate;energy_mean;energy_std,G->S,20,0.05,3,20,0.15,0.0,0.3,0.4487500000000001,0.85,0.22480344410491468,0.48609978991596636,0.0008954145615618996,0.00278461697976523,0.65,0.34191590272472616,3.5,0.0018284187626127046,0.0,1.0,0.0040786933787828605,8
JVS_JVSMuSiC,wavlm_l12,12,13,60_20_20_speaker_disjoint,False,full_minus_voicing,mean_preserving,logf0_mean;logf0_std;logf0_p05;logf0_p50;logf0_p95;logf0_range;rms_mean;rms_std;duration_s;energy_mean;energy_std,S->G,20,0.05,4,20,0.2,0.05,0.4,0.4,0.85,0.2804035547785548,0.5886131494601888,0.0009612424743143868,0.0025482680720723054,0.65,0.42111934118513067,3.0,0.0017375788575015537,0.05000000000000002,0.93125,0.005791591934750873,9
JVS_JVSMuSiC,wavlm_l12,12,13,60_20_20_speaker_disjoint,False,full_minus_voicing,mean_preserving,logf0_mean;logf0_std;logf0_p05;logf0_p50;logf0_p95;logf0_range;rms_mean;rms_std;duration_s;energy_mean;energy_std,G->S,20,0.05,9,20,0.45,0.25,0.65,0.75,1.0,0.4413690476190476,0.7458854166666666,0.0013702425363255758,0.0021652745147151776,0.9,0.5925595238095238,3.0,0.0017375788575015815,0.30000000000000004,0.93125,0.005791591934750873,9
JVS_JVSMuSiC,wavlm_l12,12,13,60_20_20_speaker_disjoint,False,row_shuffled_nuisance,mean_preserving,logf0_mean;logf0_std;logf0_p05;logf0_p50;logf0_p95;logf0_range;rms_mean;rms_std;duration_s;voiced_rate;energy_mean;energy_std,S->G,20,0.05,2,20,0.1,0.0,0.25,0.25,0.65,0.1503734097805789,0.38114578956582634,0.0006064518461820608,0.004484512611229811,0.45,0.2557778944911298,6.0,0.002563810877319983,-0.04999999999999999,1.0,0.00010444984599566887,9
JVS_JVSMuSiC,wavlm_l12,12,13,60_20_20_speaker_disjoint,False,row_shuffled_nuisance,mean_preserving,logf0_mean;logf0_std;logf0_p05;logf0_p50;logf0_p95;logf0_range;rms_mean;rms_std;duration_s;voiced_rate;energy_mean;energy_std,G->S,20,0.05,2,20,0.1,0.0,0.25,0.25,0.65,0.18333450385506306,0.43233427318295736,0.0012915237546003888,0.003836949440437058,0.45,0.2962483094390989,6.0,0.0025638108773199777,-0.04999999999999999,1.0,0.00010444984599566887,9
JVS_JVSMuSiC,wavlm_l12,12,13,60_20_20_speaker_disjoint,False,random_gaussian_nuisance,mean_preserving,logf0_mean;logf0_std;logf0_p05;logf0_p50;logf0_p95;logf0_range;rms_mean;rms_std;duration_s;voiced_rate;energy_mean;energy_std,S->G,20,0.05,2,20,0.1,0.0,0.25,0.29875000000000007,0.7,0.17015212391774892,0.3922926812770562,0.0007355808271939736,0.004454767131057537,0.5,0.273771645021645,5.5,0.002574490520243189,-0.04999999999999999,1.0,1.861306356421011e-05,12
JVS_JVSMuSiC,wavlm_l12,12,13,60_20_20_speaker_disjoint,False,random_gaussian_nuisance,mean_preserving,logf0_mean;logf0_std;logf0_p05;logf0_p50;logf0_p95;logf0_range;rms_mean;rms_std;duration_s;voiced_rate;energy_mean;energy_std,G->S,20,0.05,3,20,0.15,0.0,0.3,0.35,0.75,0.20223413373906796,0.467144288003663,0.0012214850594728988,0.003968990519112322,0.55,0.3336689443597338,4.0,0.0025744905202431724,0.0,1.0,1.861306356421011e-05,12
JVS_JVSMuSiC,wavlm_l12,12,13,60_20_20_speaker_disjoint,False,random_low_rank_projection,mean_preserving,random_dir_0;random_dir_1;random_dir_2;random_dir_3;random_dir_4;random_dir_5;random_dir_6;random_dir_7;random_dir_8;random_dir_9;random_dir_10;random_dir_11,S->G,20,0.05,3,20,0.15,0.0,0.3,0.3987500000000001,0.8,0.16408552170868348,0.4182305234593838,0.0007449837139812192,0.004678273581961359,0.6,0.28859593837535014,5.0,0.002625318901830592,0.0,1.0,0.00015530904072769136,12
JVS_JVSMuSiC,wavlm_l12,12,13,60_20_20_speaker_disjoint,False,random_low_rank_projection,mean_preserving,random_dir_0;random_dir_1;random_dir_2;random_dir_3;random_dir_4;random_dir_5;random_dir_6;random_dir_7;random_dir_8;random_dir_9;random_dir_10;random_dir_11,G->S,20,0.05,3,20,0.15,0.0,0.35,0.4,0.8,0.20550631988625412,0.47016228070175436,0.0011747890928333828,0.004031027704251553,0.6,0.3269836851744746,4.0,0.0026253189018305536,0.0,1.0,0.00015530904072769136,12
JVS_JVSMuSiC,wavlm_l12,12,17,60_20_20_speaker_disjoint,False,raw,raw,,S->G,20,0.05,6,20,0.3,0.1,0.5,0.2,0.65,0.2251379313786918,0.587219937865497,-0.0002554870009819256,0.005532390569794514,0.45,0.3956944137304043,8.0,0.0026189804439033402,0.0,1.0,0.0,0
JVS_JVSMuSiC,wavlm_l12,12,17,60_20_20_speaker_disjoint,False,raw,raw,,G->S,20,0.05,4,20,0.2,0.05,0.4,0.4,0.8,0.2146870715069244,0.5204359210030165,0.0015201817996147685,0.0036532642150728586,0.6,0.36070778486219657,4.0,0.002618980443903346,0.0,1.0,0.0,0
JVS_JVSMuSiC,wavlm_l12,12,17,60_20_20_speaker_disjoint,False,center_only_classic,classic,,S->G,20,0.05,11,20,0.55,0.35,0.75,0.75,1.0,0.5366666666666667,0.8366875,0.11581469288819858,0.1886318635102309,0.9,0.6950000000000001,1.0,0.1519225972695829,0.25000000000000006,1.0,0.9767702626937553,0
JVS_JVSMuSiC,wavlm_l12,12,17,60_20_20_speaker_disjoint,False,center_only_classic,classic,,G->S,20,0.05,4,20,0.2,0.05,0.4,0.35,0.8,0.21645086367880484,0.5167712153043035,0.0862597481475855,0.21518463363862703,0.6,0.3593599864188099,4.5,0.15192259726958285,0.0,1.0,0.9767702626937553,0
JVS_JVSMuSiC,wavlm_l12,12,17,60_20_20_speaker_disjoint,False,mode_dummy_only,mean_preserving,mode_dummy,S->G,20,0.05,9,20,0.45,0.25,0.65,0.4,0.85,0.405078081232493,0.7466776960784314,0.001856722328469589,0.0036476073619446485,0.65,0.574250700280112,2.0,0.0027000704919583674,0.15000000000000002,0.298625,0.002975974613180332,1
JVS_JVSMuSiC,wavlm_l12,12,17,60_20_20_speaker_disjoint,False,mode_dummy_only,mean_preserving,mode_dummy,G->S,20,0.05,14,20,0.7,0.5,0.9,0.85,1.0,0.5983333333333334,0.9200624999999999,0.0021918534752943873,0.00312825330055489,0.95,0.765,1.0,0.002700070491958406,0.49999999999999994,0.298625,0.002975974613180332,1
JVS_JVSMuSiC,wavlm_l12,12,17,60_20_20_speaker_disjoint,False,mode_dummy_only,classic,mode_dummy,S->G,20,0.05,16,20,0.8,0.6,0.95,0.7,1.0,0.6957305194805196,0.9587499999999997,0.31298197766343727,0.43334650138062347,0.85,0.845021645021645,1.0,0.3734449140610351,0.5,0.298625,0.9797462373069363,1
JVS_JVSMuSiC,wavlm_l12,12,17,60_20_20_speaker_disjoint,False,mode_dummy_only,classic,mode_dummy,G->S,20,0.05,13,20,0.65,0.45,0.85,0.85,1.0,0.6210833333333334,0.9000416666666666,0.30689775170252537,0.4404723137472989,0.95,0.7738888888888888,1.0,0.3734449140610351,0.45,0.298625,0.9797462373069363,1
JVS_JVSMuSiC,wavlm_l12,12,17,60_20_20_speaker_disjoint,False,acoustic_full_no_mode,mean_preserving,logf0_mean;logf0_std;logf0_p05;logf0_p50;logf0_p95;logf0_range;rms_mean;rms_std;duration_s;voiced_rate;energy_mean;energy_std,S->G,20,0.05,5,20,0.25,0.1,0.45,0.4,0.8,0.2831548520923521,0.5963279671717172,0.0008398606645958034,0.002262900411984571,0.6,0.4362022005772005,3.0,0.001595785929484278,-0.04999999999999999,0.893625,0.0076297850549548185,9
JVS_JVSMuSiC,wavlm_l12,12,17,60_20_20_speaker_disjoint,False,acoustic_full_no_mode,mean_preserving,logf0_mean;logf0_std;logf0_p05;logf0_p50;logf0_p95;logf0_range;rms_mean;rms_std;duration_s;voiced_rate;energy_mean;energy_std,G->S,20,0.05,7,20,0.35,0.15,0.55,0.55,0.9,0.3408391097206886,0.6833844696969696,0.0010717285479570303,0.002178913855984892,0.75,0.5099120762278657,3.0,0.0015957859294843057,0.14999999999999997,0.893625,0.0076297850549548185,9
JVS_JVSMuSiC,wavlm_l12,12,17,60_20_20_speaker_disjoint,False,acoustic_full_no_mode,classic,logf0_mean;logf0_std;logf0_p05;logf0_p50;logf0_p95;logf0_range;rms_mean;rms_std;duration_s;voiced_rate;energy_mean;energy_std,S->G,20,0.05,8,20,0.4,0.2,0.6,0.7,1.0,0.43699715909090897,0.7629109848484849,0.17569334678911797,0.3276846165853228,0.85,0.5932954545454545,2.0,0.2474340553034306,0.10000000000000003,0.893625,0.9832439796560791,9
JVS_JVSMuSiC,wavlm_l12,12,17,60_20_20_speaker_disjoint,False,acoustic_full_no_mode,classic,logf0_mean;logf0_std;logf0_p05;logf0_p50;logf0_p95;logf0_range;rms_mean;rms_std;duration_s;voiced_rate;energy_mean;energy_std,G->S,20,0.05,7,20,0.35,0.15,0.55,0.6,0.95,0.4096220238095238,0.7162604166666666,0.17896695085679024,0.3273773023080521,0.8,0.5617261904761904,2.0,0.2474340553034306,0.14999999999999997,0.893625,0.9832439796560791,9
JVS_JVSMuSiC,wavlm_l12,12,17,60_20_20_speaker_disjoint,False,acoustic_full_plus_mode,mean_preserving,logf0_mean;logf0_std;logf0_p05;logf0_p50;logf0_p95;logf0_range;rms_mean;rms_std;duration_s;voiced_rate;energy_mean;energy_std;mode_dummy,S->G,20,0.05,4,20,0.2,0.05,0.4,0.35,0.75,0.22347829131652658,0.5361618814192343,0.0008638748330580613,0.0023833468120996,0.55,0.3644887955182073,5.0,0.0016478185306533556,-0.09999999999999998,0.255125,0.008074525138656585,10
JVS_JVSMuSiC,wavlm_l12,12,17,60_20_20_speaker_disjoint,False,acoustic_full_plus_mode,mean_preserving,logf0_mean;logf0_std;logf0_p05;logf0_p50;logf0_p95;logf0_range;rms_mean;rms_std;duration_s;voiced_rate;energy_mean;energy_std;mode_dummy,G->S,20,0.05,9,20,0.45,0.25,0.65,0.55,0.95,0.4191595112403935,0.7682495915032679,0.0010976822205530092,0.002266574792851134,0.75,0.5973032033326151,2.0,0.0016478185306534276,0.25,0.255125,0.008074525138656585,10
JVS_JVSMuSiC,wavlm_l12,12,17,60_20_20_speaker_disjoint,False,acoustic_full_plus_mode,classic,logf0_mean;logf0_std;logf0_p05;logf0_p50;logf0_p95;logf0_range;rms_mean;rms_std;duration_s;voiced_rate;energy_mean;energy_std;mode_dummy,S->G,20,0.05,10,20,0.5,0.3,0.7,0.7,1.0,0.4488095238095238,0.7807217261904761,0.19142955718383028,0.3465486409789488,0.85,0.6223214285714286,1.5,0.2621370484753728,0.2,0.255125,0.9837591376889163,10
JVS_JVSMuSiC,wavlm_l12,12,17,60_20_20_speaker_disjoint,False,acoustic_full_plus_mode,classic,logf0_mean;logf0_std;logf0_p05;logf0_p50;logf0_p95;logf0_range;rms_mean;rms_std;duration_s;voiced_rate;energy_mean;energy_std;mode_dummy,G->S,20,0.05,8,20,0.4,0.2,0.6,0.7,1.0,0.43497916666666664,0.7392083333333334,0.18900292524807494,0.34028493570327023,0.85,0.5820833333333334,2.0,0.26213704847537284,0.2,0.255125,0.9837591376889163,10
JVS_JVSMuSiC,wavlm_l12,12,17,60_20_20_speaker_disjoint,False,single_group_f0,mean_preserving,logf0_mean;logf0_std;logf0_p05;logf0_p50;logf0_p95;logf0_range,S->G,20,0.05,3,20,0.15,0.0,0.35,0.15,0.55,0.1638581779202909,0.4373283954607483,-0.0007015317864830866,0.004720447666263628,0.35,0.2936252584704596,8.0,0.002023088143250501,-0.15,1.0,0.001339818643738555,5
JVS_JVSMuSiC,wavlm_l12,12,17,60_20_20_speaker_disjoint,False,single_group_f0,mean_preserving,logf0_mean;logf0_std;logf0_p05;logf0_p50;logf0_p95;logf0_range,G->S,20,0.05,2,20,0.1,0.0,0.25,0.3,0.7,0.2041403873903874,0.44206296481296464,0.0007409688747769803,0.0030363429626322747,0.5,0.3146187146187146,5.5,0.0020230881432504733,-0.1,1.0,0.001339818643738555,5
JVS_JVSMuSiC,wavlm_l12,12,17,60_20_20_speaker_disjoint,False,single_group_energy,mean_preserving,rms_mean;rms_std;energy_mean;energy_std,S->G,20,0.05,2,20,0.1,0.0,0.25,0.25,0.7,0.18168911862990814,0.4127094559314954,0.0010479132212227957,0.0036036636642248696,0.5,0.29490340434419376,6.0,0.0022697013825645207,-0.19999999999999998,0.999375,0.004566265695749805,3
JVS_JVSMuSiC,wavlm_l12,12,17,60_20_20_speaker_disjoint,False,single_group_energy,mean_preserving,rms_mean;rms_std;energy_mean;energy_std,G->S,20,0.05,3,20,0.15,0.0,0.3,0.35,0.75,0.1953798076923077,0.45103125,0.001277466795072087,0.0035061726883743923,0.55,0.31935897435897437,4.5,0.0022697013825645042,-0.05000000000000002,0.999375,0.004566265695749805,3
JVS_JVSMuSiC,wavlm_l12,12,17,60_20_20_speaker_disjoint,False,single_group_duration,mean_preserving,duration_s,S->G,20,0.05,9,20,0.45,0.24875000000000008,0.65,0.5,0.9,0.3846220238095238,0.7466785714285715,0.0013439212201551733,0.004015988543402559,0.7,0.5621428571428572,3.0,0.0026504428222398234,0.15000000000000002,0.92275,0.0028219481672311364,1
JVS_JVSMuSiC,wavlm_l12,12,17,60_20_20_speaker_disjoint,False,single_group_duration,mean_preserving,duration_s,G->S,20,0.05,7,20,0.35,0.15,0.55,0.45,0.85,0.35560119047619043,0.6884722222222222,0.0021053734766527826,0.003210152288262229,0.65,0.5187103174603174,2.0,0.002650442822239818,0.14999999999999997,0.92275,0.0028219481672311364,1
JVS_JVSMuSiC,wavlm_l12,12,17,60_20_20_speaker_disjoint,False,single_group_voicing,mean_preserving,voiced_rate,S->G,20,0.05,6,20,0.3,0.1,0.5,0.25,0.65,0.22493676900584794,0.568264084690894,-0.00019226137781829615,0.005430358473622324,0.45,0.3956944137304043,8.0,0.0026189804439033402,0.0,1.0,0.0,0
JVS_JVSMuSiC,wavlm_l12,12,17,60_20_20_speaker_disjoint,False,single_group_voicing,mean_preserving,voiced_rate,G->S,20,0.05,4,20,0.2,0.05,0.4,0.4,0.8,0.22114302027629232,0.5238104475181682,0.0014780247819623847,0.003682249075615611,0.6,0.36070778486219657,4.0,0.002618980443903346,0.0,1.0,0.0,0
JVS_JVSMuSiC,wavlm_l12,12,17,60_20_20_speaker_disjoint,False,full_minus_f0,mean_preserving,rms_mean;rms_std;duration_s;voiced_rate;energy_mean;energy_std,S->G,20,0.05,7,20,0.35,0.15,0.55,0.5,0.9,0.30815316627816625,0.6534097222222223,0.0013086464618096906,0.0029435479288302353,0.7,0.47325271950271947,3.5,0.002139379821643345,0.04999999999999999,0.899625,0.006697433572297906,4
JVS_JVSMuSiC,wavlm_l12,12,17,60_20_20_speaker_disjoint,False,full_minus_f0,mean_preserving,rms_mean;rms_std;duration_s;voiced_rate;energy_mean;energy_std,G->S,20,0.05,8,20,0.4,0.2,0.6,0.55,0.9012499999999989,0.38889766483516486,0.7236597222222222,0.0015633406430287735,0.002779832987700776,0.75,0.5528540903540903,2.0,0.002139379821643367,0.2,0.899625,0.006697433572297906,4
JVS_JVSMuSiC,wavlm_l12,12,17,60_20_20_speaker_disjoint,False,full_minus_energy,mean_preserving,logf0_mean;logf0_std;logf0_p05;logf0_p50;logf0_p95;logf0_range;duration_s;voiced_rate,S->G,20,0.05,5,20,0.25,0.05,0.45,0.4,0.8,0.29997619047619045,0.6098333333333331,0.0007768122258101563,0.003396783725414443,0.6,0.44666666666666666,3.0,0.00204322210469608,-0.04999999999999999,0.91975,0.004146285386489534,6
JVS_JVSMuSiC,wavlm_l12,12,17,60_20_20_speaker_disjoint,False,full_minus_energy,mean_preserving,logf0_mean;logf0_std;logf0_p05;logf0_p50;logf0_p95;logf0_range;duration_s;voiced_rate,G->S,20,0.05,8,20,0.4,0.2,0.6,0.6,0.95,0.3964512774806892,0.7356151960784313,0.0014248664436319065,0.002538637108783994,0.8,0.5697088532382649,2.0,0.002043222104696041,0.2,0.91975,0.004146285386489534,6
JVS_JVSMuSiC,wavlm_l12,12,17,60_20_20_speaker_disjoint,False,full_minus_duration,mean_preserving,logf0_mean;logf0_std;logf0_p05;logf0_p50;logf0_p95;logf0_range;rms_mean;rms_std;voiced_rate;energy_mean;energy_std,S->G,20,0.05,1,20,0.05,0.0,0.15,0.25,0.7,0.1654655257936508,0.36753993055555545,0.0005752475669384987,0.0029305255160708603,0.45,0.2536973443223443,7.5,0.001732506151703106,-0.25,0.99875,0.0055209387985665215,8
JVS_JVSMuSiC,wavlm_l12,12,17,60_20_20_speaker_disjoint,False,full_minus_duration,mean_preserving,logf0_mean;logf0_std;logf0_p05;logf0_p50;logf0_p95;logf0_range;rms_mean;rms_std;voiced_rate;energy_mean;energy_std,G->S,20,0.05,4,20,0.2,0.05,0.35124999999999884,0.3,0.7,0.1915645873734109,0.49374351904223224,0.000675985755865767,0.002832584718957022,0.5,0.3289004255548373,5.0,0.0017325061517030726,0.0,0.99875,0.0055209387985665215,8
JVS_JVSMuSiC,wavlm_l12,12,17,60_20_20_speaker_disjoint,False,full_minus_voicing,mean_preserving,logf0_mean;logf0_std;logf0_p05;logf0_p50;logf0_p95;logf0_range;rms_mean;rms_std;duration_s;energy_mean;energy_std,S->G,20,0.05,5,20,0.25,0.09875000000000007,0.45,0.4,0.8,0.28610328733766227,0.604959347943723,0.000885601585240509,0.002294660371794958,0.6,0.4362022005772005,3.0,0.0015957859294843668,-0.04999999999999999,0.893625,0.00762978505496581,9
JVS_JVSMuSiC,wavlm_l12,12,17,60_20_20_speaker_disjoint,False,full_minus_voicing,mean_preserving,logf0_mean;logf0_std;logf0_p05;logf0_p50;logf0_p95;logf0_range;rms_mean;rms_std;duration_s;energy_mean;energy_std,G->S,20,0.05,7,20,0.35,0.15,0.55,0.55,0.9,0.3514986376927166,0.6793216655420602,0.0010356985529269413,0.0021960864790124377,0.75,0.5099120762278657,3.0,0.0015957859294843612,0.14999999999999997,0.893625,0.00762978505496581,9
JVS_JVSMuSiC,wavlm_l12,12,17,60_20_20_speaker_disjoint,False,row_shuffled_nuisance,mean_preserving,logf0_mean;logf0_std;logf0_p05;logf0_p50;logf0_p95;logf0_range;rms_mean;rms_std;duration_s;voiced_rate;energy_mean;energy_std,S->G,20,0.05,4,20,0.2,0.05,0.4,0.24875000000000008,0.65,0.20633090622612682,0.5060148889101094,-0.00032307907899766793,0.005402755079041472,0.45,0.34463129191070363,7.0,0.0026311070548839686,-0.09999999999999998,1.0,0.00014556885044270107,9
JVS_JVSMuSiC,wavlm_l12,12,17,60_20_20_speaker_disjoint,False,row_shuffled_nuisance,mean_preserving,logf0_mean;logf0_std;logf0_p05;logf0_p50;logf0_p95;logf0_range;rms_mean;rms_std;duration_s;voiced_rate;energy_mean;energy_std,G->S,20,0.05,3,20,0.15,0.0,0.3,0.3,0.8,0.2112181590339485,0.49018023752563217,0.00150561681149431,0.0036818499457053357,0.55,0.33875441444520393,4.5,0.0026311070548839187,-0.05000000000000002,1.0,0.00014556885044270107,9
JVS_JVSMuSiC,wavlm_l12,12,17,60_20_20_speaker_disjoint,False,random_gaussian_nuisance,mean_preserving,logf0_mean;logf0_std;logf0_p05;logf0_p50;logf0_p95;logf0_range;rms_mean;rms_std;duration_s;voiced_rate;energy_mean;energy_std,S->G,20,0.05,4,20,0.2,0.05,0.4,0.25,0.65,0.20344597229610775,0.5092756915964154,-0.00026173031329516396,0.005488512668114933,0.45,0.33627848243947306,8.0,0.0025893799200521427,-0.09999999999999998,1.0,0.00015256231002624965,12
JVS_JVSMuSiC,wavlm_l12,12,17,60_20_20_speaker_disjoint,False,random_gaussian_nuisance,mean_preserving,logf0_mean;logf0_std;logf0_p05;logf0_p50;logf0_p95;logf0_range;rms_mean;rms_std;duration_s;voiced_rate;energy_mean;energy_std,G->S,20,0.05,3,20,0.15,0.0,0.3,0.4,0.8,0.21953106146304674,0.4955204326923077,0.0014616946065055115,0.0035491357030032937,0.6,0.3425084841628959,5.0,0.0025893799200521483,-0.05000000000000002,1.0,0.00015256231002624965,12
JVS_JVSMuSiC,wavlm_l12,12,17,60_20_20_speaker_disjoint,False,random_low_rank_projection,mean_preserving,random_dir_0;random_dir_1;random_dir_2;random_dir_3;random_dir_4;random_dir_5;random_dir_6;random_dir_7;random_dir_8;random_dir_9;random_dir_10;random_dir_11,S->G,20,0.05,6,20,0.3,0.1,0.5,0.25,0.65,0.2270434073848837,0.5806214755639098,-1.5626907122968185e-05,0.005316413722728066,0.45,0.3956944137304043,8.0,0.0025974598288098726,0.0,1.0,0.00023068088602895553,12
JVS_JVSMuSiC,wavlm_l12,12,17,60_20_20_speaker_disjoint,False,random_low_rank_projection,mean_preserving,random_dir_0;random_dir_1;random_dir_2;random_dir_3;random_dir_4;random_dir_5;random_dir_6;random_dir_7;random_dir_8;random_dir_9;random_dir_10;random_dir_11,G->S,20,0.05,4,20,0.2,0.05,0.4,0.4,0.8,0.22388889817290555,0.5168158143939393,0.001533019874752538,0.003634178679214216,0.6,0.36070778486219657,4.0,0.0025974598288098505,0.0,1.0,0.00023068088602895553,12
JVS_JVSMuSiC,wavlm_l12,12,19,60_20_20_speaker_disjoint,False,raw,raw,,S->G,20,0.05,2,20,0.1,0.0,0.25,0.2,0.6,0.1315830643760694,0.3684947612318452,8.685737713742552e-05,0.006392990760528497,0.4,0.23381860678880803,8.5,0.0031724126140479205,0.0,1.0,0.0,0
JVS_JVSMuSiC,wavlm_l12,12,19,60_20_20_speaker_disjoint,False,raw,raw,,G->S,20,0.05,7,20,0.35,0.15,0.55,0.35,0.75,0.2707103174603175,0.6382638125763126,-0.00045135648889036074,0.00569953474848427,0.55,0.43812881562881556,5.0,0.0031724126140478927,0.0,1.0,0.0,0
JVS_JVSMuSiC,wavlm_l12,12,19,60_20_20_speaker_disjoint,False,center_only_classic,classic,,S->G,20,0.05,9,20,0.45,0.25,0.65,0.85,1.0,0.5333333333333333,0.8,0.13620229200600711,0.1918153756153112,0.95,0.6729166666666667,2.0,0.164332987788541,0.35,1.0,0.9767574788869754,0
JVS_JVSMuSiC,wavlm_l12,12,19,60_20_20_speaker_disjoint,False,center_only_classic,classic,,G->S,20,0.05,6,20,0.3,0.1,0.5,0.5,0.9,0.31633846104231167,0.6331250214998281,0.09425634585951184,0.2270998651186777,0.7,0.46293386652906776,3.0,0.16433298778854097,-0.04999999999999999,1.0,0.9767574788869754,0
JVS_JVSMuSiC,wavlm_l12,12,19,60_20_20_speaker_disjoint,False,mode_dummy_only,mean_preserving,mode_dummy,S->G,20,0.05,9,20,0.45,0.2,0.65,0.65,1.0,0.4484464285714286,0.7802380952380952,0.001810831274646632,0.004806116614602404,0.85,0.6165476190476189,2.0,0.003272762607582935,0.35,0.4965,0.0029751214812623328,1
JVS_JVSMuSiC,wavlm_l12,12,19,60_20_20_speaker_disjoint,False,mode_dummy_only,mean_preserving,mode_dummy,G->S,20,0.05,12,20,0.6,0.4,0.8,0.85,1.0,0.5475000000000001,0.8625,0.0010454753165964736,0.004649198009726621,0.95,0.7100000000000001,1.0,0.0032727626075829074,0.25,0.4965,0.0029751214812623328,1
JVS_JVSMuSiC,wavlm_l12,12,19,60_20_20_speaker_disjoint,False,mode_dummy_only,classic,mode_dummy,S->G,20,0.05,12,20,0.6,0.4,0.8,0.85,1.0,0.6208333333333333,0.8916666666666666,0.33211789334363306,0.4584397583364248,0.95,0.7583333333333333,1.0,0.3971716801806739,0.5,0.4965,0.9797326003682395,1
JVS_JVSMuSiC,wavlm_l12,12,19,60_20_20_speaker_disjoint,False,mode_dummy_only,classic,mode_dummy,G->S,20,0.05,13,20,0.65,0.4,0.85,0.85,1.0,0.6360277777777779,0.9155833333333332,0.33141707735042886,0.4532068891232483,0.95,0.7822222222222222,1.0,0.3971716801806739,0.30000000000000004,0.4965,0.9797326003682395,1
JVS_JVSMuSiC,wavlm_l12,12,19,60_20_20_speaker_disjoint,False,acoustic_full_no_mode,mean_preserving,logf0_mean;logf0_std;logf0_p05;logf0_p50;logf0_p95;logf0_range;rms_mean;rms_std;duration_s;voiced_rate;energy_mean;energy_std,S->G,20,0.05,4,20,0.2,0.05,0.4,0.35,0.75,0.24192684837092734,0.5421388366750208,0.0008455944243952317,0.0030042956561337542,0.55,0.3808902157354169,4.5,0.001869941120548718,0.1,0.91175,0.006111663143751556,9
JVS_JVSMuSiC,wavlm_l12,12,19,60_20_20_speaker_disjoint,False,acoustic_full_no_mode,mean_preserving,logf0_mean;logf0_std;logf0_p05;logf0_p50;logf0_p95;logf0_range;rms_mean;rms_std;duration_s;voiced_rate;energy_mean;energy_std,G->S,20,0.05,5,20,0.25,0.1,0.45,0.4,0.8,0.27640502899877895,0.5975664682539683,-1.280219413101302e-05,0.0031802446345303766,0.6,0.43465964590964584,3.0,0.001869941120548696,-0.09999999999999998,0.91175,0.006111663143751556,9
JVS_JVSMuSiC,wavlm_l12,12,19,60_20_20_speaker_disjoint,False,acoustic_full_no_mode,classic,logf0_mean;logf0_std;logf0_p05;logf0_p50;logf0_p95;logf0_range;rms_mean;rms_std;duration_s;voiced_rate;energy_mean;energy_std,S->G,20,0.05,10,20,0.5,0.3,0.7,0.55,0.9,0.46083680555555556,0.8135818452380953,0.17902545355748326,0.3139526960687749,0.75,0.6328769841269841,1.5,0.24903932057279152,0.4,0.91175,0.983223369331484,9
JVS_JVSMuSiC,wavlm_l12,12,19,60_20_20_speaker_disjoint,False,acoustic_full_no_mode,classic,logf0_mean;logf0_std;logf0_p05;logf0_p50;logf0_p95;logf0_range;rms_mean;rms_std;duration_s;voiced_rate;energy_mean;energy_std,G->S,20,0.05,8,20,0.4,0.2,0.6,0.7,1.0,0.4091666666666667,0.7405336538461539,0.178952170864014,0.324415459280324,0.85,0.5713461538461538,2.0,0.24903932057279152,0.050000000000000044,0.91175,0.983223369331484,9
JVS_JVSMuSiC,wavlm_l12,12,19,60_20_20_speaker_disjoint,False,acoustic_full_plus_mode,mean_preserving,logf0_mean;logf0_std;logf0_p05;logf0_p50;logf0_p95;logf0_range;rms_mean;rms_std;duration_s;voiced_rate;energy_mean;energy_std;mode_dummy,S->G,20,0.05,3,20,0.15,0.0,0.3,0.45,0.85,0.2437619949494949,0.5203200757575757,0.00044003440123320455,0.0031784834740473046,0.65,0.3759343434343434,3.5,0.0018166981593382091,0.04999999999999999,0.58375,0.006732134865035988,10
JVS_JVSMuSiC,wavlm_l12,12,19,60_20_20_speaker_disjoint,False,acoustic_full_plus_mode,mean_preserving,logf0_mean;logf0_std;logf0_p05;logf0_p50;logf0_p95;logf0_range;rms_mean;rms_std;duration_s;voiced_rate;energy_mean;energy_std;mode_dummy,G->S,20,0.05,7,20,0.35,0.15,0.55,0.45,0.85,0.32837045940170934,0.6687187499999999,0.00028456774722474394,0.0030333679494182796,0.65,0.49245726495726494,2.5,0.001816698159338198,0.0,0.58375,0.006732134865035988,10
JVS_JVSMuSiC,wavlm_l12,12,19,60_20_20_speaker_disjoint,False,acoustic_full_plus_mode,classic,logf0_mean;logf0_std;logf0_p05;logf0_p50;logf0_p95;logf0_range;rms_mean;rms_std;duration_s;voiced_rate;energy_mean;energy_std;mode_dummy,S->G,20,0.05,10,20,0.5,0.3,0.7,0.6,0.95,0.45247426470588237,0.8099999999999999,0.16499188195131798,0.32457152780177523,0.8,0.6250245098039217,1.5,0.2471839879395939,0.4,0.58375,0.9837431266353982,10
JVS_JVSMuSiC,wavlm_l12,12,19,60_20_20_speaker_disjoint,False,acoustic_full_plus_mode,classic,logf0_mean;logf0_std;logf0_p05;logf0_p50;logf0_p95;logf0_range;rms_mean;rms_std;duration_s;voiced_rate;energy_mean;energy_std;mode_dummy,G->S,20,0.05,8,20,0.4,0.2,0.6,0.7,1.0,0.4051225490196078,0.7454509803921567,0.1652748955158107,0.32270874917793163,0.85,0.5737745098039215,2.0,0.24718398793959384,0.050000000000000044,0.58375,0.9837431266353982,10
JVS_JVSMuSiC,wavlm_l12,12,19,60_20_20_speaker_disjoint,False,single_group_f0,mean_preserving,logf0_mean;logf0_std;logf0_p05;logf0_p50;logf0_p95;logf0_range,S->G,20,0.05,2,20,0.1,0.0,0.25,0.25,0.65,0.12947740326194276,0.35600858562125004,-0.0008876029484504947,0.005367814491394074,0.45,0.22666377117035014,8.5,0.0022286375462497398,0.0,1.0,0.0016106508138666875,5
JVS_JVSMuSiC,wavlm_l12,12,19,60_20_20_speaker_disjoint,False,single_group_f0,mean_preserving,logf0_mean;logf0_std;logf0_p05;logf0_p50;logf0_p95;logf0_range,G->S,20,0.05,7,20,0.35,0.15,0.55,0.25,0.65,0.26096290606323497,0.6206313721001221,-0.0015833359922359084,0.004813634707952056,0.45,0.43237058993637933,7.0,0.0022286375462497398,0.0,1.0,0.0016106508138666875,5
JVS_JVSMuSiC,wavlm_l12,12,19,60_20_20_speaker_disjoint,False,single_group_energy,mean_preserving,rms_mean;rms_std;energy_mean;energy_std,S->G,20,0.05,3,20,0.15,0.0,0.3,0.4,0.8,0.2100119690251269,0.47930785296574774,0.0005264599670492411,0.00470450802519512,0.6,0.34703971467129363,4.0,0.0026516886066885403,0.04999999999999999,0.994625,0.002826787751678661,3
JVS_JVSMuSiC,wavlm_l12,12,19,60_20_20_speaker_disjoint,False,single_group_energy,mean_preserving,rms_mean;rms_std;energy_mean;energy_std,G->S,20,0.05,5,20,0.25,0.05,0.45,0.35,0.75,0.25107142857142856,0.5712728174603174,0.0014552209125170859,0.003739262642115165,0.55,0.4021031746031746,4.0,0.002651688606688557,-0.09999999999999998,0.994625,0.002826787751678661,3
JVS_JVSMuSiC,wavlm_l12,12,19,60_20_20_speaker_disjoint,False,single_group_duration,mean_preserving,duration_s,S->G,20,0.05,5,20,0.25,0.05,0.45,0.75,1.0,0.37415624999999997,0.6375624999999999,0.0017816884096401554,0.005133446670860794,0.9,0.5004166666666667,3.0,0.0033967338018097925,0.15,0.931375,0.0029292621551835207,1
JVS_JVSMuSiC,wavlm_l12,12,19,60_20_20_speaker_disjoint,False,single_group_duration,mean_preserving,duration_s,G->S,20,0.05,10,20,0.5,0.29875000000000007,0.7,0.55,0.9,0.44624702380952386,0.7851666666666666,0.0005292410277372209,0.005237799962155748,0.75,0.6188095238095237,1.5,0.0033967338018097704,0.15000000000000002,0.931375,0.0029292621551835207,1
JVS_JVSMuSiC,wavlm_l12,12,19,60_20_20_speaker_disjoint,False,single_group_voicing,mean_preserving,voiced_rate,S->G,20,0.05,2,20,0.1,0.0,0.25,0.2,0.6,0.13246741498632947,0.361460246119979,-0.0001412299584623949,0.006418345915649093,0.4,0.23381860678880803,8.5,0.0031724126140479205,0.0,1.0,0.0,0
JVS_JVSMuSiC,wavlm_l12,12,19,60_20_20_speaker_disjoint,False,single_group_voicing,mean_preserving,voiced_rate,G->S,20,0.05,7,20,0.35,0.15,0.55,0.35,0.75,0.26410782967032964,0.6321576617826616,-0.0009280799337330265,0.005633580711817214,0.55,0.43812881562881556,5.0,0.0031724126140478927,0.0,1.0,0.0,0
JVS_JVSMuSiC,wavlm_l12,12,19,60_20_20_speaker_disjoint,False,full_minus_f0,mean_preserving,rms_mean;rms_std;duration_s;voiced_rate;energy_mean;energy_std,S->G,20,0.05,7,20,0.35,0.15,0.6,0.55,0.9,0.3549470551378445,0.6761607142857142,0.001405222539968991,0.0036845360175832118,0.75,0.5150125313283208,2.5,0.002519171030007139,0.24999999999999997,0.9175,0.004556197622005764,4
JVS_JVSMuSiC,wavlm_l12,12,19,60_20_20_speaker_disjoint,False,full_minus_f0,mean_preserving,rms_mean;rms_std;duration_s;voiced_rate;energy_mean;energy_std,G->S,20,0.05,8,20,0.4,0.15,0.65,0.65,0.95,0.3921309523809523,0.7238095238095238,0.000572102347230468,0.0036592762393879296,0.8,0.5621428571428572,2.0,0.002519171030007189,0.050000000000000044,0.9175,0.004556197622005764,4
JVS_JVSMuSiC,wavlm_l12,12,19,60_20_20_speaker_disjoint,False,full_minus_energy,mean_preserving,logf0_mean;logf0_std;logf0_p05;logf0_p50;logf0_p95;logf0_range;duration_s;voiced_rate,S->G,20,0.05,4,20,0.2,0.05,0.35,0.5,0.9,0.28166815476190477,0.5577291666666665,0.0006085493524046717,0.004310885745221968,0.7,0.4072023809523809,3.5,0.0024304457067761353,0.1,0.931375,0.004563286548494139,6
JVS_JVSMuSiC,wavlm_l12,12,19,60_20_20_speaker_disjoint,False,full_minus_energy,mean_preserving,logf0_mean;logf0_std;logf0_p05;logf0_p50;logf0_p95;logf0_range;duration_s;voiced_rate,G->S,20,0.05,6,20,0.3,0.1,0.5,0.55,0.9,0.3356325757575757,0.6461300505050505,-0.00046471838087476524,0.004299470780032261,0.75,0.4927020202020202,2.0,0.00243044570677618,-0.04999999999999999,0.931375,0.004563286548494139,6
JVS_JVSMuSiC,wavlm_l12,12,19,60_20_20_speaker_disjoint,False,full_minus_duration,mean_preserving,logf0_mean;logf0_std;logf0_p05;logf0_p50;logf0_p95;logf0_range;rms_mean;rms_std;voiced_rate;energy_mean;energy_std,S->G,20,0.05,1,20,0.05,0.0,0.15,0.25,0.65,0.16111067284538644,0.359297471620227,7.490190689764922e-05,0.003952798410208372,0.45,0.255650684025297,6.0,0.0020136762167784704,-0.05,0.98925,0.004397975761029405,8
JVS_JVSMuSiC,wavlm_l12,12,19,60_20_20_speaker_disjoint,False,full_minus_duration,mean_preserving,logf0_mean;logf0_std;logf0_p05;logf0_p50;logf0_p95;logf0_range;rms_mean;rms_std;voiced_rate;energy_mean;energy_std,G->S,20,0.05,3,20,0.15,0.0,0.35,0.25,0.6512499999999989,0.20055406746031745,0.4682242063492063,0.0008785992260523712,0.0032105883532995375,0.45,0.32417658730158727,6.0,0.002013676216778426,-0.19999999999999998,0.98925,0.004397975761029405,8
JVS_JVSMuSiC,wavlm_l12,12,19,60_20_20_speaker_disjoint,False,full_minus_voicing,mean_preserving,logf0_mean;logf0_std;logf0_p05;logf0_p50;logf0_p95;logf0_range;rms_mean;rms_std;duration_s;energy_mean;energy_std,S->G,20,0.05,4,20,0.2,0.05,0.4,0.35,0.75,0.25030893102855184,0.5197991946778711,0.0008103074645726813,0.0029066291381352333,0.55,0.3808902157354169,4.5,0.0018699411205487348,0.1,0.91175,0.006111663143751556,9
JVS_JVSMuSiC,wavlm_l12,12,19,60_20_20_speaker_disjoint,False,full_minus_voicing,mean_preserving,logf0_mean;logf0_std;logf0_p05;logf0_p50;logf0_p95;logf0_range;rms_mean;rms_std;duration_s;energy_mean;energy_std,G->S,20,0.05,5,20,0.25,0.05,0.45,0.4,0.8,0.28182177197802194,0.5863510378510379,-3.673610972472163e-05,0.0031531818783991092,0.6,0.43465964590964584,3.0,0.0018699411205487404,-0.09999999999999998,0.91175,0.006111663143751556,9
JVS_JVSMuSiC,wavlm_l12,12,19,60_20_20_speaker_disjoint,False,row_shuffled_nuisance,mean_preserving,logf0_mean;logf0_std;logf0_p05;logf0_p50;logf0_p95;logf0_range;rms_mean;rms_std;duration_s;voiced_rate;energy_mean;energy_std,S->G,20,0.05,2,20,0.1,0.0,0.25,0.2,0.6,0.1443850508044587,0.3805935562062206,-0.0001633214818479653,0.0065245344396173705,0.4,0.25485516311174206,8.5,0.0031510320937719162,0.0,1.0,0.00029496276035878566,9
JVS_JVSMuSiC,wavlm_l12,12,19,60_20_20_speaker_disjoint,False,row_shuffled_nuisance,mean_preserving,logf0_mean;logf0_std;logf0_p05;logf0_p50;logf0_p95;logf0_range;rms_mean;rms_std;duration_s;voiced_rate;energy_mean;energy_std,G->S,20,0.05,5,20,0.25,0.1,0.45,0.3,0.75,0.21351102716727718,0.5443249007936508,-0.0003754493567966759,0.005602118391220976,0.55,0.37104548229548223,5.0,0.0031510320937718993,-0.09999999999999998,1.0,0.00029496276035878566,9
JVS_JVSMuSiC,wavlm_l12,12,19,60_20_20_speaker_disjoint,False,random_gaussian_nuisance,mean_preserving,logf0_mean;logf0_std;logf0_p05;logf0_p50;logf0_p95;logf0_range;rms_mean;rms_std;duration_s;voiced_rate;energy_mean;energy_std,S->G,20,0.05,2,20,0.1,0.0,0.25,0.25,0.65,0.1475920633642673,0.3835084052460696,-8.780266578536111e-05,0.006643490940091275,0.45,0.24712437781516733,8.0,0.0032034094264728695,0.0,1.0,0.0001723563067062006,12
JVS_JVSMuSiC,wavlm_l12,12,19,60_20_20_speaker_disjoint,False,random_gaussian_nuisance,mean_preserving,logf0_mean;logf0_std;logf0_p05;logf0_p50;logf0_p95;logf0_range;rms_mean;rms_std;duration_s;voiced_rate;energy_mean;energy_std,G->S,20,0.05,5,20,0.25,0.1,0.45,0.3,0.75,0.25162898733211236,0.5661810515873016,-0.0005578797963059528,0.005778143186418643,0.55,0.399629884004884,4.5,0.003203409426472842,-0.09999999999999998,1.0,0.0001723563067062006,12
JVS_JVSMuSiC,wavlm_l12,12,19,60_20_20_speaker_disjoint,False,random_low_rank_projection,mean_preserving,random_dir_0;random_dir_1;random_dir_2;random_dir_3;random_dir_4;random_dir_5;random_dir_6;random_dir_7;random_dir_8;random_dir_9;random_dir_10;random_dir_11,S->G,20,0.05,2,20,0.1,0.0,0.25,0.2,0.6,0.12760499482887253,0.366286204244457,-0.00031275673569562695,0.006495045038372236,0.4,0.23326305123325247,8.5,0.003151095233175105,0.0,1.0,0.00016642402108146825,12
JVS_JVSMuSiC,wavlm_l12,12,19,60_20_20_speaker_disjoint,False,random_low_rank_projection,mean_preserving,random_dir_0;random_dir_1;random_dir_2;random_dir_3;random_dir_4;random_dir_5;random_dir_6;random_dir_7;random_dir_8;random_dir_9;random_dir_10;random_dir_11,G->S,20,0.05,7,20,0.35,0.15,0.55,0.35,0.75,0.25628356365856364,0.6176707251082251,-0.0009282465762595956,0.005725058311755774,0.55,0.4385076035076034,5.0,0.003151095233175144,0.0,1.0,0.00016642402108146825,12
JVS_JVSMuSiC,wavlm_l12,12,23,60_20_20_speaker_disjoint,False,raw,raw,,S->G,20,0.05,3,20,0.15,0.0,0.3,0.25,0.65,0.16065955247882494,0.4317664684172037,0.0003997520258894105,0.005132903343979723,0.45,0.28610111594631715,7.5,0.0028355832848600436,0.0,1.0,0.0,0
JVS_JVSMuSiC,wavlm_l12,12,23,60_20_20_speaker_disjoint,False,raw,raw,,G->S,20,0.05,5,20,0.25,0.1,0.45,0.35,0.75,0.25341911129483685,0.5719264485997748,0.0012824940900504672,0.004192666970965818,0.55,0.4037987655189668,3.5,0.0028355832848600214,0.0,1.0,0.0,0
JVS_JVSMuSiC,wavlm_l12,12,23,60_20_20_speaker_disjoint,False,center_only_classic,classic,,S->G,20,0.05,13,20,0.65,0.45,0.85,0.85,1.0,0.6645833333333333,0.90625,0.14026161631841416,0.1950363863548776,0.95,0.7979166666666666,1.0,0.1677055339034317,0.5,1.0,0.9767906064863745,0
JVS_JVSMuSiC,wavlm_l12,12,23,60_20_20_speaker_disjoint,False,center_only_classic,classic,,G->S,20,0.05,5,20,0.25,0.05,0.45,0.3,0.75,0.2425525546757165,0.560155582775068,0.08880355954472738,0.24245635529752033,0.55,0.3957146529940648,4.0,0.16770553390343168,0.0,1.0,0.9767906064863745,0
JVS_JVSMuSiC,wavlm_l12,12,23,60_20_20_speaker_disjoint,False,mode_dummy_only,mean_preserving,mode_dummy,S->G,20,0.05,9,20,0.45,0.25,0.7,0.75,1.0,0.5073020833333333,0.7916666666666666,0.0023165545272871954,0.003630127871036462,0.9,0.6475,2.0,0.002926773777984787,0.30000000000000004,0.630125,0.0029741156413709557,1
JVS_JVSMuSiC,wavlm_l12,12,23,60_20_20_speaker_disjoint,False,mode_dummy_only,mean_preserving,mode_dummy,G->S,20,0.05,14,20,0.7,0.5,0.9,0.75,1.0,0.646625,0.9300833333333333,0.0024267898406823392,0.0033895068946362297,0.9,0.7899999999999999,1.0,0.002926773777984737,0.44999999999999996,0.630125,0.0029741156413709557,1
JVS_JVSMuSiC,wavlm_l12,12,23,60_20_20_speaker_disjoint,False,mode_dummy_only,classic,mode_dummy,S->G,20,0.05,14,20,0.7,0.5,0.9,0.85,1.0,0.668767857142857,0.9238095238095237,0.3530973676080525,0.46336371709557483,0.95,0.8004761904761905,1.0,0.40753508641354175,0.5499999999999999,0.630125,0.9797647221277462,1
JVS_JVSMuSiC,wavlm_l12,12,23,60_20_20_speaker_disjoint,False,mode_dummy_only,classic,mode_dummy,G->S,20,0.05,13,20,0.65,0.45,0.85,1.0,1.0,0.6732916666666666,0.925,0.35009974800501964,0.4665185048381653,1.0,0.8016666666666665,1.0,0.40753508641354186,0.4,0.630125,0.9797647221277462,1
JVS_JVSMuSiC,wavlm_l12,12,23,60_20_20_speaker_disjoint,False,acoustic_full_no_mode,mean_preserving,logf0_mean;logf0_std;logf0_p05;logf0_p50;logf0_p95;logf0_range;rms_mean;rms_std;duration_s;voiced_rate;energy_mean;energy_std,S->G,20,0.05,4,20,0.2,0.05,0.4,0.4,0.8,0.25023695054945055,0.548495879120879,0.002039472134699964,0.003249868324904528,0.6,0.3904532967032967,4.0,0.0026317099981536807,0.05000000000000002,0.918625,0.00608997311360282,9
JVS_JVSMuSiC,wavlm_l12,12,23,60_20_20_speaker_disjoint,False,acoustic_full_no_mode,mean_preserving,logf0_mean;logf0_std;logf0_p05;logf0_p50;logf0_p95;logf0_range;rms_mean;rms_std;duration_s;voiced_rate;energy_mean;energy_std,G->S,20,0.05,12,20,0.6,0.35,0.8,0.69875,1.0,0.5421026785714285,0.8635714285714287,0.001912045716677688,0.0034061143218091982,0.85,0.713154761904762,1.0,0.002631709998153692,0.35,0.918625,0.00608997311360282,9
JVS_JVSMuSiC,wavlm_l12,12,23,60_20_20_speaker_disjoint,False,acoustic_full_no_mode,classic,logf0_mean;logf0_std;logf0_p05;logf0_p50;logf0_p95;logf0_range;rms_mean;rms_std;duration_s;voiced_rate;energy_mean;energy_std,S->G,20,0.05,10,20,0.5,0.3,0.7,0.7,1.0,0.5141458333333333,0.825,0.26653589951022816,0.44225633574528556,0.85,0.66625,1.5,0.35445295139874966,0.35,0.918625,0.9831939862365194,9
JVS_JVSMuSiC,wavlm_l12,12,23,60_20_20_speaker_disjoint,False,acoustic_full_no_mode,classic,logf0_mean;logf0_std;logf0_p05;logf0_p50;logf0_p95;logf0_range;rms_mean;rms_std;duration_s;voiced_rate;energy_mean;energy_std,G->S,20,0.05,10,20,0.5,0.3,0.7,0.85,1.0,0.52078125,0.8188020833333333,0.28081295086074654,0.43053717743926806,0.95,0.6729166666666667,1.5,0.35445295139874966,0.25,0.918625,0.9831939862365194,9
JVS_JVSMuSiC,wavlm_l12,12,23,60_20_20_speaker_disjoint,False,acoustic_full_plus_mode,mean_preserving,logf0_mean;logf0_std;logf0_p05;logf0_p50;logf0_p95;logf0_range;rms_mean;rms_std;duration_s;voiced_rate;energy_mean;energy_std;mode_dummy,S->G,20,0.05,6,20,0.3,0.1,0.5,0.55,0.95,0.34872767857142856,0.6547083333333332,0.0019721586258924294,0.003294777882754486,0.75,0.48871031746031746,3.0,0.0026446273961281074,0.15,0.551375,0.00644380865222649,10
JVS_JVSMuSiC,wavlm_l12,12,23,60_20_20_speaker_disjoint,False,acoustic_full_plus_mode,mean_preserving,logf0_mean;logf0_std;logf0_p05;logf0_p50;logf0_p95;logf0_range;rms_mean;rms_std;duration_s;voiced_rate;energy_mean;energy_std;mode_dummy,G->S,20,0.05,11,20,0.55,0.35,0.75,0.7,1.0,0.5479758986928104,0.8446428571428571,0.0019482151024770903,0.0033858242383860856,0.85,0.7031395891690009,1.0,0.002644627396128069,0.30000000000000004,0.551375,0.00644380865222649,10
JVS_JVSMuSiC,wavlm_l12,12,23,60_20_20_speaker_disjoint,False,acoustic_full_plus_mode,classic,logf0_mean;logf0_std;logf0_p05;logf0_p50;logf0_p95;logf0_range;rms_mean;rms_std;duration_s;voiced_rate;energy_mean;energy_std;mode_dummy,S->G,20,0.05,12,20,0.6,0.4,0.8,0.6,0.95,0.5545625,0.8716666666666667,0.2899054090922933,0.46569979565043373,0.8,0.71625,1.0,0.3763258696437512,0.44999999999999996,0.551375,0.9837098181050857,10
JVS_JVSMuSiC,wavlm_l12,12,23,60_20_20_speaker_disjoint,False,acoustic_full_plus_mode,classic,logf0_mean;logf0_std;logf0_p05;logf0_p50;logf0_p95;logf0_range;rms_mean;rms_std;duration_s;voiced_rate;energy_mean;energy_std;mode_dummy,G->S,20,0.05,10,20,0.5,0.3,0.7,0.75,1.0,0.5665833333333333,0.8417083333333334,0.2910517001529273,0.4559248515431898,0.9,0.7016666666666668,1.5,0.3763258696437512,0.25,0.551375,0.9837098181050857,10
JVS_JVSMuSiC,wavlm_l12,12,23,60_20_20_speaker_disjoint,False,single_group_f0,mean_preserving,logf0_mean;logf0_std;logf0_p05;logf0_p50;logf0_p95;logf0_range,S->G,20,0.05,2,20,0.1,0.0,0.25,0.2,0.6,0.13819562016930442,0.38244507904376324,-0.00024312599883008986,0.004409584139099146,0.4,0.25202472965630857,8.5,0.0020311618700787236,-0.04999999999999999,1.0,0.0007901889871428924,5
JVS_JVSMuSiC,wavlm_l12,12,23,60_20_20_speaker_disjoint,False,single_group_f0,mean_preserving,logf0_mean;logf0_std;logf0_p05;logf0_p50;logf0_p95;logf0_range,G->S,20,0.05,5,20,0.25,0.09875000000000007,0.45,0.3,0.7,0.23351288501230452,0.554647412507513,0.0004246070974110564,0.0034331190905092742,0.5,0.38724103811565114,5.5,0.0020311618700787127,0.0,1.0,0.0007901889871428924,5
JVS_JVSMuSiC,wavlm_l12,12,23,60_20_20_speaker_disjoint,False,single_group_energy,mean_preserving,rms_mean;rms_std;energy_mean;energy_std,S->G,20,0.05,2,20,0.1,0.0,0.25,0.35,0.8,0.19951903478465982,0.4329323818542568,0.0019606098596373217,0.005145374277203709,0.55,0.3076078782328782,5.0,0.0035910331469279576,-0.04999999999999999,0.999125,0.0030470616166315967,3
JVS_JVSMuSiC,wavlm_l12,12,23,60_20_20_speaker_disjoint,False,single_group_energy,mean_preserving,rms_mean;rms_std;energy_mean;energy_std,G->S,20,0.05,1,20,0.05,0.0,0.15,0.5,0.9,0.26330986721611715,0.44493246336996334,0.002414742381321751,0.004987545456802912,0.7,0.34908424908424907,3.0,0.003591033146927969,-0.2,0.999125,0.0030470616166315967,3
JVS_JVSMuSiC,wavlm_l12,12,23,60_20_20_speaker_disjoint,False,single_group_duration,mean_preserving,duration_s,S->G,20,0.05,5,20,0.25,0.1,0.45,0.6,0.95,0.34411120129870126,0.6202299783549782,0.0023109887346648406,0.003823058116877362,0.8,0.48133116883116883,2.5,0.0029700649449051486,0.1,0.942125,0.002792547863521455,1
JVS_JVSMuSiC,wavlm_l12,12,23,60_20_20_speaker_disjoint,False,single_group_duration,mean_preserving,duration_s,G->S,20,0.05,9,20,0.45,0.25,0.65,0.7,1.0,0.4733099977507872,0.7804360661268556,0.002066930286331322,0.003774003717540963,0.85,0.6259221772379667,2.0,0.0029700649449051096,0.2,0.942125,0.002792547863521455,1
JVS_JVSMuSiC,wavlm_l12,12,23,60_20_20_speaker_disjoint,False,single_group_voicing,mean_preserving,voiced_rate,S->G,20,0.05,3,20,0.15,0.0,0.3,0.25,0.65,0.16365289068946187,0.4346178029701636,0.00036733265343491143,0.005411895421886796,0.45,0.28610111594631715,7.5,0.0028355832848600436,0.0,1.0,0.0,0
JVS_JVSMuSiC,wavlm_l12,12,23,60_20_20_speaker_disjoint,False,single_group_voicing,mean_preserving,voiced_rate,G->S,20,0.05,5,20,0.25,0.1,0.45,0.35,0.8,0.24839521374738088,0.5733305539919317,0.001211314595505692,0.004219091617587667,0.55,0.4037987655189668,3.5,0.0028355832848600214,0.0,1.0,0.0,0
JVS_JVSMuSiC,wavlm_l12,12,23,60_20_20_speaker_disjoint,False,full_minus_f0,mean_preserving,rms_mean;rms_std;duration_s;voiced_rate;energy_mean;energy_std,S->G,20,0.05,6,20,0.3,0.1,0.5,0.65,1.0,0.37177380952380956,0.6650699404761905,0.0026416132166818857,0.004045946626066115,0.85,0.5233928571428572,2.0,0.003372316974099937,0.15,0.918375,0.005167530120060215,4
JVS_JVSMuSiC,wavlm_l12,12,23,60_20_20_speaker_disjoint,False,full_minus_f0,mean_preserving,rms_mean;rms_std;duration_s;voiced_rate;energy_mean;energy_std,G->S,20,0.05,11,20,0.55,0.3,0.75,0.85,1.0,0.6095454545454546,0.875,0.002678545651592512,0.004137196732500409,0.95,0.7395454545454545,1.0,0.003372316974099926,0.30000000000000004,0.918375,0.005167530120060215,4
JVS_JVSMuSiC,wavlm_l12,12,23,60_20_20_speaker_disjoint,False,full_minus_energy,mean_preserving,logf0_mean;logf0_std;logf0_p05;logf0_p50;logf0_p95;logf0_range;duration_s;voiced_rate,S->G,20,0.05,4,20,0.2,0.05,0.35124999999999884,0.35,0.8,0.232552398989899,0.5277192460317461,0.0014586204218983482,0.003075160684827903,0.6,0.37744227994227997,5.0,0.0021528661493692702,0.05000000000000002,0.941,0.0035581317453839967,6
JVS_JVSMuSiC,wavlm_l12,12,23,60_20_20_speaker_disjoint,False,full_minus_energy,mean_preserving,logf0_mean;logf0_std;logf0_p05;logf0_p50;logf0_p95;logf0_range;duration_s;voiced_rate,G->S,20,0.05,8,20,0.4,0.2,0.65,0.6,0.95,0.4019612573099415,0.7379440359477124,0.0012873462148134357,0.0030564617793962462,0.8,0.5655727554179567,2.0,0.002152866149369276,0.15000000000000002,0.941,0.0035581317453839967,6
JVS_JVSMuSiC,wavlm_l12,12,23,60_20_20_speaker_disjoint,False,full_minus_duration,mean_preserving,logf0_mean;logf0_std;logf0_p05;logf0_p50;logf0_p95;logf0_range;rms_mean;rms_std;voiced_rate;energy_mean;energy_std,S->G,20,0.05,1,20,0.05,0.0,0.15,0.15,0.55,0.1644407693001443,0.3509071558547661,0.0013199854446417575,0.004497888755688627,0.35,0.24842909133350313,6.0,0.0028595006763878993,-0.09999999999999999,0.999375,0.003941198674024093,8
JVS_JVSMuSiC,wavlm_l12,12,23,60_20_20_speaker_disjoint,False,full_minus_duration,mean_preserving,logf0_mean;logf0_std;logf0_p05;logf0_p50;logf0_p95;logf0_range;rms_mean;rms_std;voiced_rate;energy_mean;energy_std,G->S,20,0.05,1,20,0.05,0.0,0.15,0.5,0.9,0.20379884453781513,0.39594922969187674,0.0015797394783004627,0.00446743655050242,0.7,0.2921918767507003,4.0,0.002859500676387838,-0.2,0.999375,0.003941198674024093,8
JVS_JVSMuSiC,wavlm_l12,12,23,60_20_20_speaker_disjoint,False,full_minus_voicing,mean_preserving,logf0_mean;logf0_std;logf0_p05;logf0_p50;logf0_p95;logf0_range;rms_mean;rms_std;duration_s;energy_mean;energy_std,S->G,20,0.05,4,20,0.2,0.05,0.35,0.35,0.8,0.25406936813186815,0.5407881181318682,0.002003470524700199,0.0032877648016714505,0.6,0.3904532967032967,4.0,0.0026317099981538307,0.05000000000000002,0.918625,0.006089973113605041,9
JVS_JVSMuSiC,wavlm_l12,12,23,60_20_20_speaker_disjoint,False,full_minus_voicing,mean_preserving,logf0_mean;logf0_std;logf0_p05;logf0_p50;logf0_p95;logf0_range;rms_mean;rms_std;duration_s;energy_mean;energy_std,G->S,20,0.05,12,20,0.6,0.3987500000000001,0.8,0.7,1.0,0.5506398809523809,0.8700892857142856,0.0019707387322351394,0.003400815066709012,0.85,0.713154761904762,1.0,0.002631709998153836,0.35,0.918625,0.006089973113605041,9
JVS_JVSMuSiC,wavlm_l12,12,23,60_20_20_speaker_disjoint,False,row_shuffled_nuisance,mean_preserving,logf0_mean;logf0_std;logf0_p05;logf0_p50;logf0_p95;logf0_range;rms_mean;rms_std;duration_s;voiced_rate;energy_mean;energy_std,S->G,20,0.05,4,20,0.2,0.05,0.4,0.2,0.6,0.16948917452516524,0.4844976639717352,0.0005984369879252473,0.004942840760220239,0.4,0.31592864952385075,7.5,0.002816760872266344,0.05000000000000002,1.0,0.0003522432564260214,9
JVS_JVSMuSiC,wavlm_l12,12,23,60_20_20_speaker_disjoint,False,row_shuffled_nuisance,mean_preserving,logf0_mean;logf0_std;logf0_p05;logf0_p50;logf0_p95;logf0_range;rms_mean;rms_std;duration_s;voiced_rate;energy_mean;energy_std,G->S,20,0.05,7,20,0.35,0.15,0.55,0.35,0.75,0.28534477054378365,0.6442714598997492,0.00126425451101758,0.004167609123618236,0.55,0.46373457317536265,4.5,0.002816760872266277,0.09999999999999998,1.0,0.0003522432564260214,9
JVS_JVSMuSiC,wavlm_l12,12,23,60_20_20_speaker_disjoint,False,random_gaussian_nuisance,mean_preserving,logf0_mean;logf0_std;logf0_p05;logf0_p50;logf0_p95;logf0_range;rms_mean;rms_std;duration_s;voiced_rate;energy_mean;energy_std,S->G,20,0.05,4,20,0.2,0.05,0.4,0.2,0.65,0.17878338483519404,0.4867636361263005,0.00038301988439136257,0.005176462747789749,0.4,0.32976812295891245,7.5,0.002807179888080563,0.05000000000000002,1.0,-2.0839201025246723e-05,12
JVS_JVSMuSiC,wavlm_l12,12,23,60_20_20_speaker_disjoint,False,random_gaussian_nuisance,mean_preserving,logf0_mean;logf0_std;logf0_p05;logf0_p50;logf0_p95;logf0_range;rms_mean;rms_std;duration_s;voiced_rate;energy_mean;energy_std,G->S,20,0.05,5,20,0.25,0.1,0.45,0.35,0.75,0.24557702313381488,0.5701678921568628,0.0012744100473794562,0.004293613900174543,0.55,0.4030972652218782,3.5,0.0028071798880805856,0.0,1.0,-2.0839201025246723e-05,12
JVS_JVSMuSiC,wavlm_l12,12,23,60_20_20_speaker_disjoint,False,random_low_rank_projection,mean_preserving,random_dir_0;random_dir_1;random_dir_2;random_dir_3;random_dir_4;random_dir_5;random_dir_6;random_dir_7;random_dir_8;random_dir_9;random_dir_10;random_dir_11,S->G,20,0.05,3,20,0.15,0.0,0.3,0.3,0.7,0.15664268563823522,0.44268418075732313,0.0004921470988056495,0.0051363851384811044,0.5,0.2877677826129838,7.0,0.002819064116837966,0.0,1.0,0.00024998704701795216,12
JVS_JVSMuSiC,wavlm_l12,12,23,60_20_20_speaker_disjoint,False,random_low_rank_projection,mean_preserving,random_dir_0;random_dir_1;random_dir_2;random_dir_3;random_dir_4;random_dir_5;random_dir_6;random_dir_7;random_dir_8;random_dir_9;random_dir_10;random_dir_11,G->S,20,0.05,5,20,0.25,0.1,0.45,0.35,0.75,0.24972525760703004,0.5730553728070176,0.0013260100092515614,0.004216165074353754,0.55,0.4037987655189668,3.5,0.0028190641168379382,0.0,1.0,0.00024998704701795216,12
JVS_JVSMuSiC,wavlm_l12,12,29,60_20_20_speaker_disjoint,False,raw,raw,,S->G,20,0.05,3,20,0.15,0.0,0.3,0.3,0.75,0.14095986519607848,0.4114479604341736,-0.0023029361404102817,0.005236061101291986,0.5,0.2696971288515407,6.0,0.0019670758519297004,0.0,1.0,0.0,0
JVS_JVSMuSiC,wavlm_l12,12,29,60_20_20_speaker_disjoint,False,raw,raw,,G->S,20,0.05,4,20,0.2,0.05,0.4,0.3,0.7,0.22913839285714283,0.5097037927350427,0.0009585367029074897,0.0029232510849701403,0.5,0.36615240968182144,5.5,0.001967075851929745,0.0,1.0,0.0,0
JVS_JVSMuSiC,wavlm_l12,12,29,60_20_20_speaker_disjoint,False,center_only_classic,classic,,S->G,20,0.05,9,20,0.45,0.25,0.65,0.7,1.0,0.52171875,0.7988095238095239,0.11933892875960311,0.1645678655733967,0.85,0.6633928571428571,2.0,0.14246305161916303,0.30000000000000004,1.0,0.9768015738530295,0
JVS_JVSMuSiC,wavlm_l12,12,29,60_20_20_speaker_disjoint,False,center_only_classic,classic,,G->S,20,0.05,4,20,0.2,0.05,0.4,0.3,0.75,0.2394131360877684,0.5232054446778712,0.07337428339171004,0.21401807466134654,0.55,0.37167600373482723,4.0,0.142463051619163,0.0,1.0,0.9768015738530295,0
JVS_JVSMuSiC,wavlm_l12,12,29,60_20_20_speaker_disjoint,False,mode_dummy_only,mean_preserving,mode_dummy,S->G,20,0.05,8,20,0.4,0.2,0.6,0.6,0.95,0.3787247807017544,0.719485745614035,0.00029926639008151913,0.003308367941444678,0.8,0.546798245614035,2.5,0.002024615389915302,0.25,0.377625,0.002973768574706659,1
JVS_JVSMuSiC,wavlm_l12,12,29,60_20_20_speaker_disjoint,False,mode_dummy_only,mean_preserving,mode_dummy,G->S,20,0.05,9,20,0.45,0.25,0.7,0.55,0.95,0.4269642857142857,0.7640922619047619,0.0014890400462136849,0.0025002941878750854,0.75,0.5892857142857143,2.0,0.0020246153899152576,0.25,0.377625,0.002973768574706659,1
JVS_JVSMuSiC,wavlm_l12,12,29,60_20_20_speaker_disjoint,False,mode_dummy_only,classic,mode_dummy,S->G,20,0.05,9,20,0.45,0.25,0.65,0.65,0.95,0.4673717948717948,0.7860187728937729,0.2587152191618661,0.3900136664096183,0.8,0.6364652014652015,2.0,0.3288768506480486,0.30000000000000004,0.377625,0.9797753424277366,1
JVS_JVSMuSiC,wavlm_l12,12,29,60_20_20_speaker_disjoint,False,mode_dummy_only,classic,mode_dummy,G->S,20,0.05,11,20,0.55,0.35,0.75,0.55,0.9,0.5028926282051283,0.8354166666666666,0.2564389033546497,0.39152098230962695,0.75,0.6609294871794872,1.0,0.3288768506480486,0.35000000000000003,0.377625,0.9797753424277366,1
JVS_JVSMuSiC,wavlm_l12,12,29,60_20_20_speaker_disjoint,False,acoustic_full_no_mode,mean_preserving,logf0_mean;logf0_std;logf0_p05;logf0_p50;logf0_p95;logf0_range;rms_mean;rms_std;duration_s;voiced_rate;energy_mean;energy_std,S->G,20,0.05,5,20,0.25,0.05,0.45,0.45,0.85,0.25350908905228753,0.5729162581699345,-0.00033644150201358433,0.0028558058102460347,0.65,0.41009395424836603,4.0,0.0015464036458444463,0.1,0.859375,0.007332883268301171,9
JVS_JVSMuSiC,wavlm_l12,12,29,60_20_20_speaker_disjoint,False,acoustic_full_no_mode,mean_preserving,logf0_mean;logf0_std;logf0_p05;logf0_p50;logf0_p95;logf0_range;rms_mean;rms_std;duration_s;voiced_rate;energy_mean;energy_std,G->S,20,0.05,11,20,0.55,0.35,0.75,0.6,0.95,0.4816167443667444,0.8288636363636362,0.0012094113749409367,0.0018777656294152788,0.8,0.6527933177933177,1.0,0.0015464036458444242,0.35000000000000003,0.859375,0.007332883268301171,9
JVS_JVSMuSiC,wavlm_l12,12,29,60_20_20_speaker_disjoint,False,acoustic_full_no_mode,classic,logf0_mean;logf0_std;logf0_p05;logf0_p50;logf0_p95;logf0_range;rms_mean;rms_std;duration_s;voiced_rate;energy_mean;energy_std,S->G,20,0.05,13,20,0.65,0.45,0.85,0.6,0.95,0.5476190476190476,0.8766785714285714,0.19810121404360226,0.33990063917594715,0.8,0.7233549783549782,1.0,0.2674072018808202,0.5,0.859375,0.9832576963171935,9
JVS_JVSMuSiC,wavlm_l12,12,29,60_20_20_speaker_disjoint,False,acoustic_full_no_mode,classic,logf0_mean;logf0_std;logf0_p05;logf0_p50;logf0_p95;logf0_range;rms_mean;rms_std;duration_s;voiced_rate;energy_mean;energy_std,G->S,20,0.05,10,20,0.5,0.3,0.7,0.7,1.0,0.4612460317460318,0.7916785714285715,0.20406420511081738,0.3266927799484715,0.85,0.6293650793650792,1.5,0.26740720188082023,0.3,0.859375,0.9832576963171935,9
JVS_JVSMuSiC,wavlm_l12,12,29,60_20_20_speaker_disjoint,False,acoustic_full_plus_mode,mean_preserving,logf0_mean;logf0_std;logf0_p05;logf0_p50;logf0_p95;logf0_range;rms_mean;rms_std;duration_s;voiced_rate;energy_mean;energy_std;mode_dummy,S->G,20,0.05,4,20,0.2,0.05,0.4,0.35,0.7512499999999989,0.22868923611111108,0.5348700396825395,-0.0007952466190602554,0.0030906957496115014,0.55,0.3714781746031746,4.5,0.0014907030753021188,0.05000000000000002,0.34925,0.00780750395447416,10
JVS_JVSMuSiC,wavlm_l12,12,29,60_20_20_speaker_disjoint,False,acoustic_full_plus_mode,mean_preserving,logf0_mean;logf0_std;logf0_p05;logf0_p50;logf0_p95;logf0_range;rms_mean;rms_std;duration_s;voiced_rate;energy_mean;energy_std;mode_dummy,G->S,20,0.05,10,20,0.5,0.3,0.7,0.69875,1.0,0.4689082167832168,0.8093589743589742,0.0011159447636117398,0.0018354457829578318,0.85,0.6322377622377623,1.5,0.0014907030753021355,0.3,0.34925,0.00780750395447416,10
JVS_JVSMuSiC,wavlm_l12,12,29,60_20_20_speaker_disjoint,False,acoustic_full_plus_mode,classic,logf0_mean;logf0_std;logf0_p05;logf0_p50;logf0_p95;logf0_range;rms_mean;rms_std;duration_s;voiced_rate;energy_mean;energy_std;mode_dummy,S->G,20,0.05,10,20,0.5,0.3,0.75,0.6,0.95,0.49255952380952384,0.8125520833333333,0.19163196076388647,0.34152824643916163,0.8,0.6529761904761904,1.5,0.2618820884595358,0.35,0.34925,0.9837725944666709,10
JVS_JVSMuSiC,wavlm_l12,12,29,60_20_20_speaker_disjoint,False,acoustic_full_plus_mode,classic,logf0_mean;logf0_std;logf0_p05;logf0_p50;logf0_p95;logf0_range;rms_mean;rms_std;duration_s;voiced_rate;energy_mean;energy_std;mode_dummy,G->S,20,0.05,8,20,0.4,0.2,0.6,0.64875,0.95,0.4486111111111112,0.75,0.20382647263362122,0.3264843961381771,0.8,0.6027777777777777,2.0,0.2618820884595358,0.2,0.34925,0.9837725944666709,10
JVS_JVSMuSiC,wavlm_l12,12,29,60_20_20_speaker_disjoint,False,single_group_f0,mean_preserving,logf0_mean;logf0_std;logf0_p05;logf0_p50;logf0_p95;logf0_range,S->G,20,0.05,3,20,0.15,0.0,0.3,0.25,0.65,0.14298155929038284,0.4310226132119514,-0.002517411269172627,0.004613186073715931,0.45,0.2618843370681606,8.5,0.0013479347116194362,0.0,1.0,0.0011388078820490088,5
JVS_JVSMuSiC,wavlm_l12,12,29,60_20_20_speaker_disjoint,False,single_group_f0,mean_preserving,logf0_mean;logf0_std;logf0_p05;logf0_p50;logf0_p95;logf0_range,G->S,20,0.05,4,20,0.2,0.05,0.4,0.3,0.7012499999999988,0.20731266833656536,0.526031950280112,0.0003374152747656442,0.0023928472415644247,0.5,0.3549916953961071,5.5,0.001347934711619403,0.0,1.0,0.0011388078820490088,5
JVS_JVSMuSiC,wavlm_l12,12,29,60_20_20_speaker_disjoint,False,single_group_energy,mean_preserving,rms_mean;rms_std;energy_mean;energy_std,S->G,20,0.05,3,20,0.15,0.0,0.3,0.2,0.6012499999999988,0.1789969063283208,0.46864352824463124,-0.001175498455369983,0.004541901925659634,0.4,0.3183604538306551,7.0,0.0021000687426970532,0.0,1.0,0.004137889714021958,3
JVS_JVSMuSiC,wavlm_l12,12,29,60_20_20_speaker_disjoint,False,single_group_energy,mean_preserving,rms_mean;rms_std;energy_mean;energy_std,G->S,20,0.05,5,20,0.25,0.05,0.45,0.4,0.8,0.2541099989675357,0.5712174773755656,0.001146958584668739,0.003077770155370291,0.6,0.4090393144437262,3.5,0.002100068742697042,0.04999999999999999,1.0,0.004137889714021958,3
JVS_JVSMuSiC,wavlm_l12,12,29,60_20_20_speaker_disjoint,False,single_group_duration,mean_preserving,duration_s,S->G,20,0.05,10,20,0.5,0.3,0.75,0.6,0.95,0.4425759711779448,0.804970238095238,0.0002515084408230988,0.003360118294641558,0.8,0.6253299916457811,1.5,0.002070550249880021,0.35,0.90325,0.0028263652307312093,1
JVS_JVSMuSiC,wavlm_l12,12,29,60_20_20_speaker_disjoint,False,single_group_duration,mean_preserving,duration_s,G->S,20,0.05,8,20,0.4,0.2,0.6012499999999988,0.7,1.0,0.4405669191919192,0.7600719696969697,0.0016039625650702098,0.0024898077643382126,0.85,0.5992676767676768,2.0,0.0020705502498800264,0.2,0.90325,0.0028263652307312093,1
JVS_JVSMuSiC,wavlm_l12,12,29,60_20_20_speaker_disjoint,False,single_group_voicing,mean_preserving,voiced_rate,S->G,20,0.05,3,20,0.15,0.0,0.3,0.29875000000000007,0.7012499999999988,0.14548853291316527,0.42218535539215685,-0.0020450588279231196,0.005114634462528923,0.5,0.2696971288515407,6.0,0.0019670758519297004,0.0,1.0,0.0,0
JVS_JVSMuSiC,wavlm_l12,12,29,60_20_20_speaker_disjoint,False,single_group_voicing,mean_preserving,voiced_rate,G->S,20,0.05,4,20,0.2,0.05,0.4,0.3,0.7,0.23440238050348342,0.5123824404761904,0.0010012027141060446,0.002927475183958701,0.5,0.36615240968182144,5.5,0.001967075851929745,0.0,1.0,0.0,0
JVS_JVSMuSiC,wavlm_l12,12,29,60_20_20_speaker_disjoint,False,full_minus_f0,mean_preserving,rms_mean;rms_std;duration_s;voiced_rate;energy_mean;energy_std,S->G,20,0.05,6,20,0.3,0.1,0.5,0.5,0.9,0.33332588612368025,0.6636041666666667,6.341537657654912e-05,0.0032284085578570695,0.7,0.49317621920563093,2.0,0.0018905137276800598,0.15,0.87125,0.006198184366906223,4
JVS_JVSMuSiC,wavlm_l12,12,29,60_20_20_speaker_disjoint,False,full_minus_f0,mean_preserving,rms_mean;rms_std;duration_s;voiced_rate;energy_mean;energy_std,G->S,20,0.05,9,20,0.45,0.25,0.65,0.55,0.95,0.4438036616161617,0.7792013888888889,0.0014321782225467452,0.002359433119249184,0.75,0.6059343434343434,2.0,0.0018905137276800377,0.25,0.87125,0.006198184366906223,4
JVS_JVSMuSiC,wavlm_l12,12,29,60_20_20_speaker_disjoint,False,full_minus_energy,mean_preserving,logf0_mean;logf0_std;logf0_p05;logf0_p50;logf0_p95;logf0_range;duration_s;voiced_rate,S->G,20,0.05,9,20,0.45,0.2,0.65,0.5,0.9,0.3780174701459531,0.7318035714285714,-0.0004645814827234895,0.0028511027786037044,0.7,0.5598584697036709,2.0,0.00144928012586778,0.30000000000000004,0.88975,0.0039421243522190785,6
JVS_JVSMuSiC,wavlm_l12,12,29,60_20_20_speaker_disjoint,False,full_minus_energy,mean_preserving,logf0_mean;logf0_std;logf0_p05;logf0_p50;logf0_p95;logf0_range;duration_s;voiced_rate,G->S,20,0.05,7,20,0.35,0.15,0.55,0.55,0.95,0.35545405982905987,0.6735336538461537,0.001101535341473169,0.0018095376409909968,0.75,0.5044017094017094,3.0,0.0014492801258677468,0.14999999999999997,0.88975,0.0039421243522190785,6
JVS_JVSMuSiC,wavlm_l12,12,29,60_20_20_speaker_disjoint,False,full_minus_duration,mean_preserving,logf0_mean;logf0_std;logf0_p05;logf0_p50;logf0_p95;logf0_range;rms_mean;rms_std;voiced_rate;energy_mean;energy_std,S->G,20,0.05,5,20,0.25,0.05,0.45,0.15,0.55,0.190066805968799,0.517218221600381,-0.001057819236238909,0.004055644858015362,0.35,0.34976268313729614,8.0,0.0017477217600090967,0.1,1.0,0.005227973996814073,8
JVS_JVSMuSiC,wavlm_l12,12,29,60_20_20_speaker_disjoint,False,full_minus_duration,mean_preserving,logf0_mean;logf0_std;logf0_p05;logf0_p50;logf0_p95;logf0_range;rms_mean;rms_std;voiced_rate;energy_mean;energy_std,G->S,20,0.05,3,20,0.15,0.0,0.3,0.4,0.85,0.21707920123177477,0.49099812248617397,0.0007067830050068992,0.0027218153056873208,0.65,0.34225521618903965,4.0,0.0017477217600091021,-0.05000000000000002,1.0,0.005227973996814073,8
JVS_JVSMuSiC,wavlm_l12,12,29,60_20_20_speaker_disjoint,False,full_minus_voicing,mean_preserving,logf0_mean;logf0_std;logf0_p05;logf0_p50;logf0_p95;logf0_range;rms_mean;rms_std;duration_s;energy_mean;energy_std,S->G,20,0.05,5,20,0.25,0.1,0.45,0.45,0.85,0.25558139297385624,0.573017361111111,-0.0001889425981775695,0.0029101415340135064,0.65,0.41009395424836603,4.0,0.001546403645844474,0.1,0.859375,0.007332883268301504,9
JVS_JVSMuSiC,wavlm_l12,12,29,60_20_20_speaker_disjoint,False,full_minus_voicing,mean_preserving,logf0_mean;logf0_std;logf0_p05;logf0_p50;logf0_p95;logf0_range;rms_mean;rms_std;duration_s;energy_mean;energy_std,G->S,20,0.05,11,20,0.55,0.3,0.75,0.64875,0.95,0.47264850427350424,0.8229040404040404,0.0011885027516734873,0.0019054311000185095,0.8,0.6527933177933177,1.0,0.001546403645844474,0.35000000000000003,0.859375,0.007332883268301504,9
JVS_JVSMuSiC,wavlm_l12,12,29,60_20_20_speaker_disjoint,False,row_shuffled_nuisance,mean_preserving,logf0_mean;logf0_std;logf0_p05;logf0_p50;logf0_p95;logf0_range;rms_mean;rms_std;duration_s;voiced_rate;energy_mean;energy_std,S->G,20,0.05,3,20,0.15,0.0,0.3,0.2,0.7,0.14743581887883356,0.42506163587229756,-0.002174571556725741,0.005579265471450623,0.45,0.2719507290095525,6.0,0.0020886834085410088,0.0,1.0,-3.4815678710442555e-05,9
JVS_JVSMuSiC,wavlm_l12,12,29,60_20_20_speaker_disjoint,False,row_shuffled_nuisance,mean_preserving,logf0_mean;logf0_std;logf0_p05;logf0_p50;logf0_p95;logf0_range;rms_mean;rms_std;duration_s;voiced_rate;energy_mean;energy_std,G->S,20,0.05,4,20,0.2,0.05,0.4,0.3,0.7,0.22495198031135533,0.5204092261904761,0.0009697192852466012,0.0031323483955667465,0.5,0.3614354395604395,5.0,0.002088683408541031,0.0,1.0,-3.4815678710442555e-05,9
JVS_JVSMuSiC,wavlm_l12,12,29,60_20_20_speaker_disjoint,False,random_gaussian_nuisance,mean_preserving,logf0_mean;logf0_std;logf0_p05;logf0_p50;logf0_p95;logf0_range;rms_mean;rms_std;duration_s;voiced_rate;energy_mean;energy_std,S->G,20,0.05,3,20,0.15,0.0,0.3,0.2,0.6,0.14271481092436972,0.418235950630252,-0.0020072857272905365,0.005117994308574124,0.4,0.2745551874595992,6.5,0.0019844855503641677,0.0,1.0,5.2020062013768964e-05,12
JVS_JVSMuSiC,wavlm_l12,12,29,60_20_20_speaker_disjoint,False,random_gaussian_nuisance,mean_preserving,logf0_mean;logf0_std;logf0_p05;logf0_p50;logf0_p95;logf0_range;rms_mean;rms_std;duration_s;voiced_rate;energy_mean;energy_std,G->S,20,0.05,4,20,0.2,0.05,0.4,0.3,0.7,0.20276874477861323,0.5153450553467002,0.001016900487875256,0.003041652154294758,0.5,0.3578299916457811,5.5,0.00198448555036414,0.0,1.0,5.2020062013768964e-05,12
JVS_JVSMuSiC,wavlm_l12,12,29,60_20_20_speaker_disjoint,False,random_low_rank_projection,mean_preserving,random_dir_0;random_dir_1;random_dir_2;random_dir_3;random_dir_4;random_dir_5;random_dir_6;random_dir_7;random_dir_8;random_dir_9;random_dir_10;random_dir_11,S->G,20,0.05,3,20,0.15,0.0,0.35,0.3,0.75,0.14499871615312793,0.4286382615546218,-0.0018110589416208338,0.005071119594522656,0.5,0.2690026844070962,6.0,0.0019603320515987786,0.0,1.0,0.00014677923328676457,12
JVS_JVSMuSiC,wavlm_l12,12,29,60_20_20_speaker_disjoint,False,random_low_rank_projection,mean_preserving,random_dir_0;random_dir_1;random_dir_2;random_dir_3;random_dir_4;random_dir_5;random_dir_6;random_dir_7;random_dir_8;random_dir_9;random_dir_10;random_dir_11,G->S,20,0.05,4,20,0.2,0.05,0.35,0.3,0.7,0.2286594237053796,0.5260671977124182,0.0010639610888321979,0.003039388778396705,0.5,0.3631762192056309,5.5,0.0019603320515987786,0.0,1.0,0.00014677923328676457,12
JVS_JVSMuSiC,wavlm_l12,12,31,60_20_20_speaker_disjoint,False,raw,raw,,S->G,20,0.05,2,20,0.1,0.0,0.25,0.25,0.7,0.13402083333333334,0.39418749999999997,0.0001827807022432421,0.007484959709953421,0.45,0.2400694444444444,8.0,0.0037004116068074465,0.0,1.0,0.0,0
JVS_JVSMuSiC,wavlm_l12,12,31,60_20_20_speaker_disjoint,False,raw,raw,,G->S,20,0.05,3,20,0.15,0.0,0.35,0.25,0.65,0.1910130574834522,0.4625219559314954,-0.00045369680563700905,0.006974606596181785,0.45,0.3150690026347921,6.0,0.0037004116068074244,0.0,1.0,0.0,0
JVS_JVSMuSiC,wavlm_l12,12,31,60_20_20_speaker_disjoint,False,center_only_classic,classic,,S->G,20,0.05,11,20,0.55,0.3,0.75,0.7,1.0,0.5697916666666667,0.8538541666666666,0.126971802274962,0.20705029522316853,0.85,0.7163461538461539,1.0,0.16536033855807564,0.45000000000000007,1.0,0.9767304417888648,0
JVS_JVSMuSiC,wavlm_l12,12,31,60_20_20_speaker_disjoint,False,center_only_classic,classic,,G->S,20,0.05,3,20,0.15,0.0,0.3,0.4,0.8,0.24980266955266953,0.5041599927849927,0.0907681260782311,0.2392343528503625,0.6,0.37025974025974023,4.0,0.16536033855807564,0.0,1.0,0.9767304417888648,0
JVS_JVSMuSiC,wavlm_l12,12,31,60_20_20_speaker_disjoint,False,mode_dummy_only,mean_preserving,mode_dummy,S->G,20,0.05,8,20,0.4,0.2,0.6,0.55,0.9,0.4260057773109243,0.7443890056022409,0.002364440342383249,0.005732796723526566,0.75,0.5859173669467788,2.0,0.0038249236936697796,0.30000000000000004,0.466125,0.002972063724649976,1
JVS_JVSMuSiC,wavlm_l12,12,31,60_20_20_speaker_disjoint,False,mode_dummy_only,mean_preserving,mode_dummy,G->S,20,0.05,12,20,0.6,0.4,0.8,0.65,1.0,0.5339634784075574,0.8666666666666666,0.0008855435342155266,0.005893426784319405,0.85,0.7173110661268556,1.0,0.003824923693669735,0.44999999999999996,0.466125,0.002972063724649976,1
JVS_JVSMuSiC,wavlm_l12,12,31,60_20_20_speaker_disjoint,False,mode_dummy_only,classic,mode_dummy,S->G,20,0.05,13,20,0.65,0.45,0.85,0.75,1.0,0.6145454545454545,0.9045568181818183,0.32152298126525436,0.4720571228561868,0.9,0.7695454545454545,1.0,0.39882118539391065,0.55,0.466125,0.9797025055135148,1
JVS_JVSMuSiC,wavlm_l12,12,31,60_20_20_speaker_disjoint,False,mode_dummy_only,classic,mode_dummy,G->S,20,0.05,13,20,0.65,0.45,0.85,0.75,1.0,0.6070833333333333,0.8999999999999998,0.3259132191326698,0.4700712385005339,0.9,0.7613095238095238,1.0,0.39882118539391054,0.5,0.466125,0.9797025055135148,1
JVS_JVSMuSiC,wavlm_l12,12,31,60_20_20_speaker_disjoint,False,acoustic_full_no_mode,mean_preserving,logf0_mean;logf0_std;logf0_p05;logf0_p50;logf0_p95;logf0_range;rms_mean;rms_std;duration_s;voiced_rate;energy_mean;energy_std,S->G,20,0.05,3,20,0.15,0.0,0.35,0.4,0.8,0.23268186327561327,0.4984320887445888,0.0014076116416439424,0.0037574597572247446,0.6,0.35550775613275615,4.0,0.0024718328964730917,0.04999999999999999,0.872125,0.006204821243569358,9
JVS_JVSMuSiC,wavlm_l12,12,31,60_20_20_speaker_disjoint,False,acoustic_full_no_mode,mean_preserving,logf0_mean;logf0_std;logf0_p05;logf0_p50;logf0_p95;logf0_range;rms_mean;rms_std;duration_s;voiced_rate;energy_mean;energy_std,G->S,20,0.05,9,20,0.45,0.25,0.65,0.7,1.0,0.4192855094466936,0.7552693994601889,0.00023765386680756965,0.004159067110814317,0.85,0.585644399460189,2.5,0.0024718328964730696,0.30000000000000004,0.872125,0.006204821243569358,9
JVS_JVSMuSiC,wavlm_l12,12,31,60_20_20_speaker_disjoint,False,acoustic_full_no_mode,classic,logf0_mean;logf0_std;logf0_p05;logf0_p50;logf0_p95;logf0_range;rms_mean;rms_std;duration_s;voiced_rate;energy_mean;energy_std,S->G,20,0.05,15,20,0.75,0.55,0.9,0.85,1.0,0.6527291666666667,0.9375,0.21950184226748232,0.37514853758208516,0.95,0.8127777777777778,1.0,0.30577249549283436,0.65,0.872125,0.9831637033262759,9
JVS_JVSMuSiC,wavlm_l12,12,31,60_20_20_speaker_disjoint,False,acoustic_full_no_mode,classic,logf0_mean;logf0_std;logf0_p05;logf0_p50;logf0_p95;logf0_range;rms_mean;rms_std;duration_s;voiced_rate;energy_mean;energy_std,G->S,20,0.05,12,20,0.6,0.4,0.8,0.6,0.95,0.5112438725490196,0.8543749999999999,0.23083144932758876,0.38233109877704,0.8,0.6904411764705882,1.0,0.30577249549283436,0.44999999999999996,0.872125,0.9831637033262759,9
JVS_JVSMuSiC,wavlm_l12,12,31,60_20_20_speaker_disjoint,False,acoustic_full_plus_mode,mean_preserving,logf0_mean;logf0_std;logf0_p05;logf0_p50;logf0_p95;logf0_range;rms_mean;rms_std;duration_s;voiced_rate;energy_mean;energy_std;mode_dummy,S->G,20,0.05,5,20,0.25,0.1,0.45,0.45,0.85,0.24979515011132655,0.5668318564605329,0.001197225403746866,0.0038407530232497664,0.65,0.4006365366659484,3.5,0.0024473319026115103,0.15,0.44775,0.0066782525471970056,10
JVS_JVSMuSiC,wavlm_l12,12,31,60_20_20_speaker_disjoint,False,acoustic_full_plus_mode,mean_preserving,logf0_mean;logf0_std;logf0_p05;logf0_p50;logf0_p95;logf0_range;rms_mean;rms_std;duration_s;voiced_rate;energy_mean;energy_std;mode_dummy,G->S,20,0.05,10,20,0.5,0.3,0.7012499999999988,0.69875,1.0,0.4544923245614036,0.7979926470588234,-2.640711988471516e-05,0.004181226327680918,0.85,0.62640608875129,1.5,0.002447331902611516,0.35,0.44775,0.0066782525471970056,10
JVS_JVSMuSiC,wavlm_l12,12,31,60_20_20_speaker_disjoint,False,acoustic_full_plus_mode,classic,logf0_mean;logf0_std;logf0_p05;logf0_p50;logf0_p95;logf0_range;rms_mean;rms_std;duration_s;voiced_rate;energy_mean;energy_std;mode_dummy,S->G,20,0.05,14,20,0.7,0.5,0.9,0.85,1.0,0.6177631578947368,0.925,0.21935062217686255,0.37766164407543823,0.95,0.7817982456140351,1.0,0.305554823659487,0.6,0.44775,0.9836670902419018,10
JVS_JVSMuSiC,wavlm_l12,12,31,60_20_20_speaker_disjoint,False,acoustic_full_plus_mode,classic,logf0_mean;logf0_std;logf0_p05;logf0_p50;logf0_p95;logf0_range;rms_mean;rms_std;duration_s;voiced_rate;energy_mean;energy_std;mode_dummy,G->S,20,0.05,11,20,0.55,0.3,0.75,0.75,1.0,0.530235745614035,0.8401699561403508,0.22610386557630582,0.371624442188162,0.9,0.6942982456140351,1.0,0.30555482365948705,0.4,0.44775,0.9836670902419018,10
JVS_JVSMuSiC,wavlm_l12,12,31,60_20_20_speaker_disjoint,False,single_group_f0,mean_preserving,logf0_mean;logf0_std;logf0_p05;logf0_p50;logf0_p95;logf0_range,S->G,20,0.05,2,20,0.1,0.0,0.25,0.15,0.55,0.12218150385154061,0.3570277777777777,-0.0006412643665230618,0.006213554037721208,0.35,0.22533891761832936,8.5,0.0029282904490564145,0.0,1.0,0.0019341971234864141,5
JVS_JVSMuSiC,wavlm_l12,12,31,60_20_20_speaker_disjoint,False,single_group_f0,mean_preserving,logf0_mean;logf0_std;logf0_p05;logf0_p50;logf0_p95;logf0_range,G->S,20,0.05,2,20,0.1,0.0,0.25,0.2,0.6,0.1554940144833237,0.3969106269278966,-0.0012526615511627987,0.006227781914167192,0.4,0.26291317235396183,6.5,0.0029282904490564475,-0.04999999999999999,1.0,0.0019341971234864141,5
JVS_JVSMuSiC,wavlm_l12,12,31,60_20_20_speaker_disjoint,False,single_group_energy,mean_preserving,rms_mean;rms_std;energy_mean;energy_std,S->G,20,0.05,4,20,0.2,0.05,0.4,0.25,0.65,0.20135735645933017,0.5222653295169741,0.0014984282805229165,0.005222202109621109,0.45,0.3445201070858966,6.0,0.0032710673853052264,0.1,0.987875,0.0026533636118656334,3
JVS_JVSMuSiC,wavlm_l12,12,31,60_20_20_speaker_disjoint,False,single_group_energy,mean_preserving,rms_mean;rms_std;energy_mean;energy_std,G->S,20,0.05,5,20,0.25,0.1,0.45,0.25,0.65,0.21245399958228908,0.5552271825396825,0.0017583078087608423,0.00480484016975261,0.45,0.37841530910609855,6.0,0.003271067385305232,0.1,0.987875,0.0026533636118656334,3
JVS_JVSMuSiC,wavlm_l12,12,31,60_20_20_speaker_disjoint,False,single_group_duration,mean_preserving,duration_s,S->G,20,0.05,9,20,0.45,0.25,0.65,0.5,0.9,0.44164583333333324,0.7666666666666666,0.002459975916517433,0.0060481171664565495,0.7,0.6033333333333333,2.0,0.003965657344685136,0.35,0.932375,0.002938979441851175,1
JVS_JVSMuSiC,wavlm_l12,12,31,60_20_20_speaker_disjoint,False,single_group_duration,mean_preserving,duration_s,G->S,20,0.05,10,20,0.5,0.29875000000000007,0.7,0.7,1.0,0.4725932017543859,0.810985745614035,0.0006553059295575746,0.006498747570281021,0.85,0.6309649122807018,1.5,0.003965657344685164,0.35,0.932375,0.002938979441851175,1
JVS_JVSMuSiC,wavlm_l12,12,31,60_20_20_speaker_disjoint,False,single_group_voicing,mean_preserving,voiced_rate,S->G,20,0.05,2,20,0.1,0.0,0.25,0.25,0.7,0.1327760416666667,0.3644600694444444,0.00029452371868243343,0.0071922288438472275,0.45,0.2400694444444444,8.0,0.0037004116068074465,0.0,1.0,0.0,0
JVS_JVSMuSiC,wavlm_l12,12,31,60_20_20_speaker_disjoint,False,single_group_voicing,mean_preserving,voiced_rate,G->S,20,0.05,3,20,0.15,0.0,0.3,0.25,0.65,0.18700551057130008,0.46253336466165407,-0.000791327388789303,0.006915342255567709,0.45,0.3150690026347921,6.0,0.0037004116068074244,0.0,1.0,0.0,0
JVS_JVSMuSiC,wavlm_l12,12,31,60_20_20_speaker_disjoint,False,full_minus_f0,mean_preserving,rms_mean;rms_std;duration_s;voiced_rate;energy_mean;energy_std,S->G,20,0.05,5,20,0.25,0.1,0.45,0.45,0.85,0.3169742063492063,0.6077653769841269,0.0018667448500648443,0.004399051363468976,0.65,0.45394536019536014,2.5,0.002975648386286611,0.15,0.89375,0.0043833044535023236,4
JVS_JVSMuSiC,wavlm_l12,12,31,60_20_20_speaker_disjoint,False,full_minus_f0,mean_preserving,rms_mean;rms_std;duration_s;voiced_rate;energy_mean;energy_std,G->S,20,0.05,11,20,0.55,0.34875000000000006,0.75,0.6,0.95,0.49832702020202013,0.8320454545454545,0.0009611469750686906,0.004523251897252959,0.8,0.6785732323232324,1.0,0.0029756483862866333,0.4,0.89375,0.0043833044535023236,4
JVS_JVSMuSiC,wavlm_l12,12,31,60_20_20_speaker_disjoint,False,full_minus_energy,mean_preserving,logf0_mean;logf0_std;logf0_p05;logf0_p50;logf0_p95;logf0_range;duration_s;voiced_rate,S->G,20,0.05,5,20,0.25,0.05,0.45,0.5,0.9,0.3198055555555555,0.6426011904761904,0.0016779674618210326,0.005109806678198705,0.7,0.4770634920634921,2.0,0.003150830818289352,0.15,0.930875,0.004901323719573303,6
JVS_JVSMuSiC,wavlm_l12,12,31,60_20_20_speaker_disjoint,False,full_minus_energy,mean_preserving,logf0_mean;logf0_std;logf0_p05;logf0_p50;logf0_p95;logf0_range;duration_s;voiced_rate,G->S,20,0.05,6,20,0.3,0.1,0.5,0.6,0.95,0.31739014202172094,0.6257145989974937,-0.0001909327914988567,0.005667244739720855,0.8,0.46699665831244774,4.0,0.0031508308182893407,0.15,0.930875,0.004901323719573303,6
JVS_JVSMuSiC,wavlm_l12,12,31,60_20_20_speaker_disjoint,False,full_minus_duration,mean_preserving,logf0_mean;logf0_std;logf0_p05;logf0_p50;logf0_p95;logf0_range;rms_mean;rms_std;voiced_rate;energy_mean;energy_std,S->G,20,0.05,4,20,0.2,0.05,0.35,0.25,0.75,0.19045273503908375,0.4956893369788107,0.0010897085579946498,0.004552407242841315,0.5,0.3345395065460855,5.5,0.0027489957172063817,0.1,0.9845,0.004512076399678322,8
JVS_JVSMuSiC,wavlm_l12,12,31,60_20_20_speaker_disjoint,False,full_minus_duration,mean_preserving,logf0_mean;logf0_std;logf0_p05;logf0_p50;logf0_p95;logf0_range;rms_mean;rms_std;voiced_rate;energy_mean;energy_std,G->S,20,0.05,5,20,0.25,0.05,0.45,0.25,0.65,0.22108598519536019,0.558301759004884,0.001123200005815316,0.004269943084580775,0.45,0.3852815934065934,6.0,0.002748995717206376,0.1,0.9845,0.004512076399678322,8
JVS_JVSMuSiC,wavlm_l12,12,31,60_20_20_speaker_disjoint,False,full_minus_voicing,mean_preserving,logf0_mean;logf0_std;logf0_p05;logf0_p50;logf0_p95;logf0_range;rms_mean;rms_std;duration_s;energy_mean;energy_std,S->G,20,0.05,3,20,0.15,0.0,0.3,0.35,0.8,0.23289914772727272,0.48948762175324667,0.0013019433802556502,0.003862211912353865,0.6,0.35550775613275615,4.0,0.0024718328964731416,0.04999999999999999,0.872125,0.0062048212435699135,9
JVS_JVSMuSiC,wavlm_l12,12,31,60_20_20_speaker_disjoint,False,full_minus_voicing,mean_preserving,logf0_mean;logf0_std;logf0_p05;logf0_p50;logf0_p95;logf0_range;rms_mean;rms_std;duration_s;energy_mean;energy_std,G->S,20,0.05,9,20,0.45,0.25,0.6512499999999989,0.65,1.0,0.4197072368421052,0.7696923076923077,0.0004483385614185008,0.004039092613352386,0.85,0.585644399460189,2.5,0.0024718328964731416,0.30000000000000004,0.872125,0.0062048212435699135,9
JVS_JVSMuSiC,wavlm_l12,12,31,60_20_20_speaker_disjoint,False,row_shuffled_nuisance,mean_preserving,logf0_mean;logf0_std;logf0_p05;logf0_p50;logf0_p95;logf0_range;rms_mean;rms_std;duration_s;voiced_rate;energy_mean;energy_std,S->G,20,0.05,2,20,0.1,0.0,0.25,0.15,0.55,0.12206626135302603,0.36909225925218564,-4.299308465196846e-05,0.0076021132219951,0.35,0.2307324823868941,9.0,0.003835731354858729,0.0,1.0,-9.501909632048111e-05,9
JVS_JVSMuSiC,wavlm_l12,12,31,60_20_20_speaker_disjoint,False,row_shuffled_nuisance,mean_preserving,logf0_mean;logf0_std;logf0_p05;logf0_p50;logf0_p95;logf0_range;rms_mean;rms_std;duration_s;voiced_rate;energy_mean;energy_std,G->S,20,0.05,3,20,0.15,0.0,0.35,0.25,0.7,0.1894128289473684,0.4579199561403508,-0.00042880797608585924,0.007347946045503886,0.5,0.31245300751879695,5.5,0.0038357313548587346,0.0,1.0,-9.501909632048111e-05,9
JVS_JVSMuSiC,wavlm_l12,12,31,60_20_20_speaker_disjoint,False,random_gaussian_nuisance,mean_preserving,logf0_mean;logf0_std;logf0_p05;logf0_p50;logf0_p95;logf0_range;rms_mean;rms_std;duration_s;voiced_rate;energy_mean;energy_std,S->G,20,0.05,1,20,0.05,0.0,0.15,0.25,0.65,0.1282649340039046,0.32746410533910525,0.0001218740873412746,0.007387315861193944,0.45,0.20879310232251408,9.0,0.0036580520258335802,-0.05,1.0,8.197208836124847e-05,12
JVS_JVSMuSiC,wavlm_l12,12,31,60_20_20_speaker_disjoint,False,random_gaussian_nuisance,mean_preserving,logf0_mean;logf0_std;logf0_p05;logf0_p50;logf0_p95;logf0_range;rms_mean;rms_std;duration_s;voiced_rate;energy_mean;energy_std,G->S,20,0.05,3,20,0.15,0.0,0.3,0.3,0.75,0.1800095551378446,0.46155383249791143,-0.0006061469376461029,0.0069389898003671836,0.5,0.30941729323308265,5.5,0.0036580520258335638,0.0,1.0,8.197208836124847e-05,12
JVS_JVSMuSiC,wavlm_l12,12,31,60_20_20_speaker_disjoint,False,random_low_rank_projection,mean_preserving,random_dir_0;random_dir_1;random_dir_2;random_dir_3;random_dir_4;random_dir_5;random_dir_6;random_dir_7;random_dir_8;random_dir_9;random_dir_10;random_dir_11,S->G,20,0.05,2,20,0.1,0.0,0.25,0.25,0.65,0.13068055555555558,0.37418749999999995,0.00013655423346074964,0.007300763940591456,0.45,0.2400694444444444,8.0,0.0036606046936870753,0.0,1.0,0.00021902270553408876,12
JVS_JVSMuSiC,wavlm_l12,12,31,60_20_20_speaker_disjoint,False,random_low_rank_projection,mean_preserving,random_dir_0;random_dir_1;random_dir_2;random_dir_3;random_dir_4;random_dir_5;random_dir_6;random_dir_7;random_dir_8;random_dir_9;random_dir_10;random_dir_11,G->S,20,0.05,3,20,0.15,0.0,0.3,0.25,0.65,0.19688549498746866,0.462740812367457,-0.0010596390632246456,0.006994547003162932,0.45,0.3150690026347921,6.0,0.0036606046936870696,0.0,1.0,0.00021902270553408876,12
JVS_JVSMuSiC,wavlm_l12,12,37,60_20_20_speaker_disjoint,False,raw,raw,,S->G,20,0.05,5,20,0.25,0.05,0.45,0.15,0.55,0.18368353097818074,0.5445679916703524,0.0006984882696104374,0.006332787690047597,0.35,0.35203108875128997,7.0,0.003491862302183646,0.0,1.0,0.0,0
JVS_JVSMuSiC,wavlm_l12,12,37,60_20_20_speaker_disjoint,False,raw,raw,,G->S,20,0.05,5,20,0.25,0.1,0.45,0.3987500000000001,0.8,0.2551911207664884,0.6049426804812833,0.001677217066920734,0.005149968927700296,0.6,0.4249866310160428,4.0,0.0034918623021835795,0.0,1.0,0.0,0
JVS_JVSMuSiC,wavlm_l12,12,37,60_20_20_speaker_disjoint,False,center_only_classic,classic,,S->G,20,0.05,12,20,0.6,0.35,0.8,0.85,1.0,0.6215833333333334,0.8875833333333332,0.15223268161060885,0.23420422518118023,0.95,0.7575,1.0,0.1902415037612175,0.35,1.0,0.9767896497947421,0
JVS_JVSMuSiC,wavlm_l12,12,37,60_20_20_speaker_disjoint,False,center_only_classic,classic,,G->S,20,0.05,4,20,0.2,0.05,0.35124999999999884,0.45,0.85,0.25569869713619714,0.5427964743589744,0.11317497378903031,0.2647406079088592,0.65,0.3938677988677989,4.0,0.19024150376121748,-0.04999999999999999,1.0,0.9767896497947421,0
JVS_JVSMuSiC,wavlm_l12,12,37,60_20_20_speaker_disjoint,False,mode_dummy_only,mean_preserving,mode_dummy,S->G,20,0.05,8,20,0.4,0.2,0.6,0.6,0.95,0.4191003289473684,0.7534199561403507,0.0022228193019004127,0.0048443348668672235,0.8,0.5860244360902256,2.0,0.0036015818566221434,0.15000000000000002,0.4665,0.00297580566668465,1
JVS_JVSMuSiC,wavlm_l12,12,37,60_20_20_speaker_disjoint,False,mode_dummy_only,mean_preserving,mode_dummy,G->S,20,0.05,15,20,0.75,0.55,0.9,0.75,1.0,0.6720801282051282,0.95,0.0029177989609724874,0.0042184308470471915,0.9,0.8194017094017095,1.0,0.0036015818566221434,0.5,0.4665,0.00297580566668465,1
JVS_JVSMuSiC,wavlm_l12,12,37,60_20_20_speaker_disjoint,False,mode_dummy_only,classic,mode_dummy,S->G,20,0.05,14,20,0.7,0.5,0.9,0.85,1.0,0.6438035714285714,0.9250416666666667,0.3495032427700351,0.511830652022837,0.95,0.7902380952380953,1.0,0.4371745638897395,0.44999999999999996,0.4665,0.979765455461427,1
JVS_JVSMuSiC,wavlm_l12,12,37,60_20_20_speaker_disjoint,False,mode_dummy_only,classic,mode_dummy,G->S,20,0.05,16,20,0.8,0.6,0.95,0.85,1.0,0.7183333333333334,0.9666666666666666,0.3598385659335222,0.5066805706327377,0.95,0.8566666666666667,1.0,0.4371745638897395,0.55,0.4665,0.979765455461427,1
JVS_JVSMuSiC,wavlm_l12,12,37,60_20_20_speaker_disjoint,False,acoustic_full_no_mode,mean_preserving,logf0_mean;logf0_std;logf0_p05;logf0_p50;logf0_p95;logf0_range;rms_mean;rms_std;duration_s;voiced_rate;energy_mean;energy_std,S->G,20,0.05,5,20,0.25,0.1,0.45,0.35,0.75,0.23733518728004016,0.5653651018099547,0.0008981038345301725,0.002836390937603382,0.55,0.40163021618903966,4.0,0.0018717804631258994,0.0,0.918875,0.007825663915677183,9
JVS_JVSMuSiC,wavlm_l12,12,37,60_20_20_speaker_disjoint,False,acoustic_full_no_mode,mean_preserving,logf0_mean;logf0_std;logf0_p05;logf0_p50;logf0_p95;logf0_range;rms_mean;rms_std;duration_s;voiced_rate;energy_mean;energy_std,G->S,20,0.05,10,20,0.5,0.3,0.7,0.5,0.9,0.3984644886363636,0.7677097902097901,0.0010175121404790999,0.0027935259049725924,0.7,0.5837388306138307,2.0,0.0018717804631258384,0.25,0.918875,0.007825663915677183,9
JVS_JVSMuSiC,wavlm_l12,12,37,60_20_20_speaker_disjoint,False,acoustic_full_no_mode,classic,logf0_mean;logf0_std;logf0_p05;logf0_p50;logf0_p95;logf0_range;rms_mean;rms_std;duration_s;voiced_rate;energy_mean;energy_std,S->G,20,0.05,10,20,0.5,0.3,0.7,0.55,0.9,0.4544602272727273,0.8004308712121212,0.20250387311738985,0.373668040259741,0.75,0.626628787878788,1.5,0.28933031177492896,0.25,0.918875,0.9832777044788559,9
JVS_JVSMuSiC,wavlm_l12,12,37,60_20_20_speaker_disjoint,False,acoustic_full_no_mode,classic,logf0_mean;logf0_std;logf0_p05;logf0_p50;logf0_p95;logf0_range;rms_mean;rms_std;duration_s;voiced_rate;energy_mean;energy_std,G->S,20,0.05,11,20,0.55,0.35,0.75,0.55,0.95,0.4978541666666666,0.8279166666666665,0.20629442101196718,0.3817233792848763,0.75,0.66125,1.0,0.289330311774929,0.30000000000000004,0.918875,0.9832777044788559,9
JVS_JVSMuSiC,wavlm_l12,12,37,60_20_20_speaker_disjoint,False,acoustic_full_plus_mode,mean_preserving,logf0_mean;logf0_std;logf0_p05;logf0_p50;logf0_p95;logf0_range;rms_mean;rms_std;duration_s;voiced_rate;energy_mean;energy_std;mode_dummy,S->G,20,0.05,8,20,0.4,0.2,0.6,0.45,0.85,0.32043502782047667,0.6809537741670093,0.0006999136483245137,0.0027479456691246193,0.65,0.49825169412630715,4.0,0.001829410961213551,0.15000000000000002,0.496,0.00845921461598298,10
JVS_JVSMuSiC,wavlm_l12,12,37,60_20_20_speaker_disjoint,False,acoustic_full_plus_mode,mean_preserving,logf0_mean;logf0_std;logf0_p05;logf0_p50;logf0_p95;logf0_range;rms_mean;rms_std;duration_s;voiced_rate;energy_mean;energy_std;mode_dummy,G->S,20,0.05,10,20,0.5,0.3,0.7,0.5,0.9,0.41975093482905984,0.774366987179487,0.0011354939101470413,0.0025767361327407447,0.7,0.6040117521367521,1.5,0.00182941096121354,0.25,0.496,0.00845921461598298,10
JVS_JVSMuSiC,wavlm_l12,12,37,60_20_20_speaker_disjoint,False,acoustic_full_plus_mode,classic,logf0_mean;logf0_std;logf0_p05;logf0_p50;logf0_p95;logf0_range;rms_mean;rms_std;duration_s;voiced_rate;energy_mean;energy_std;mode_dummy,S->G,20,0.05,12,20,0.6,0.4,0.8,0.5,0.9012499999999989,0.5157613636363636,0.862592803030303,0.2124771976972985,0.3854109349971005,0.75,0.6899621212121212,1.0,0.2982591845695808,0.35,0.496,0.9837970542335306,10
JVS_JVSMuSiC,wavlm_l12,12,37,60_20_20_speaker_disjoint,False,acoustic_full_plus_mode,classic,logf0_mean;logf0_std;logf0_p05;logf0_p50;logf0_p95;logf0_range;rms_mean;rms_std;duration_s;voiced_rate;energy_mean;energy_std;mode_dummy,G->S,20,0.05,12,20,0.6,0.4,0.8,0.6,0.95,0.5385719696969697,0.8716666666666665,0.211184573133486,0.3865843945779138,0.8,0.7128787878787879,1.0,0.2982591845695808,0.35,0.496,0.9837970542335306,10
JVS_JVSMuSiC,wavlm_l12,12,37,60_20_20_speaker_disjoint,False,single_group_f0,mean_preserving,logf0_mean;logf0_std;logf0_p05;logf0_p50;logf0_p95;logf0_range,S->G,20,0.05,2,20,0.1,0.0,0.25,0.1,0.5,0.13927435977764924,0.37883218864468865,-0.0005149519756657893,0.005300327629521978,0.3,0.2489380502538397,8.0,0.0025394035726827024,-0.15,1.0,0.0013493639211000774,5
JVS_JVSMuSiC,wavlm_l12,12,37,60_20_20_speaker_disjoint,False,single_group_f0,mean_preserving,logf0_mean;logf0_std;logf0_p05;logf0_p50;logf0_p95;logf0_range,G->S,20,0.05,2,20,0.1,0.0,0.25,0.3,0.7,0.19779727245149073,0.4463229673448326,0.000898025024064165,0.00429553923609786,0.5,0.31795065529585653,5.0,0.00253940357268273,-0.15,1.0,0.0013493639211000774,5
JVS_JVSMuSiC,wavlm_l12,12,37,60_20_20_speaker_disjoint,False,single_group_energy,mean_preserving,rms_mean;rms_std;energy_mean;energy_std,S->G,20,0.05,3,20,0.15,0.0,0.3,0.25,0.7,0.18821595418470416,0.4660735930735929,0.0013738456472775133,0.004653628901962764,0.45,0.3112139249639249,6.5,0.0030950277321800056,-0.1,0.999,0.004231832779322042,3
JVS_JVSMuSiC,wavlm_l12,12,37,60_20_20_speaker_disjoint,False,single_group_energy,mean_preserving,rms_mean;rms_std;energy_mean;energy_std,G->S,20,0.05,5,20,0.25,0.1,0.45,0.5,0.9,0.28407936507936504,0.5939583333333333,0.001548977188559837,0.0044587492932255685,0.7,0.43246031746031743,3.5,0.0030950277321799722,0.0,0.999,0.004231832779322042,3
JVS_JVSMuSiC,wavlm_l12,12,37,60_20_20_speaker_disjoint,False,single_group_duration,mean_preserving,duration_s,S->G,20,0.05,7,20,0.35,0.15,0.6,0.55,0.95,0.3871012780112044,0.6967625175070028,0.0022724784128452837,0.00520710642553964,0.75,0.5365721288515406,2.0,0.003715326713736222,0.09999999999999998,0.912375,0.002843304824883486,1
JVS_JVSMuSiC,wavlm_l12,12,37,60_20_20_speaker_disjoint,False,single_group_duration,mean_preserving,duration_s,G->S,20,0.05,11,20,0.55,0.35,0.75,0.64875,0.95,0.5039599116161616,0.8378125000000001,0.0026303936383971645,0.004813620930606699,0.8,0.6694065656565656,1.0,0.003715326713736222,0.30000000000000004,0.912375,0.002843304824883486,1
JVS_JVSMuSiC,wavlm_l12,12,37,60_20_20_speaker_disjoint,False,single_group_voicing,mean_preserving,voiced_rate,S->G,20,0.05,5,20,0.25,0.05,0.45,0.15,0.5512499999999989,0.18611523063172636,0.5379609662944125,0.0006822745297150982,0.006474266750394246,0.35,0.35203108875128997,7.0,0.003491862302183646,0.0,1.0,0.0,0
JVS_JVSMuSiC,wavlm_l12,12,37,60_20_20_speaker_disjoint,False,single_group_voicing,mean_preserving,voiced_rate,G->S,20,0.05,5,20,0.25,0.05,0.45,0.4,0.8,0.27148250891265596,0.5891879456327985,0.0018397878534479435,0.005303976214265902,0.6,0.4249866310160428,4.0,0.0034918623021835795,0.0,1.0,0.0,0
JVS_JVSMuSiC,wavlm_l12,12,37,60_20_20_speaker_disjoint,False,full_minus_f0,mean_preserving,rms_mean;rms_std;duration_s;voiced_rate;energy_mean;energy_std,S->G,20,0.05,6,20,0.3,0.1,0.5,0.4,0.8,0.28656961278100973,0.6227768732492998,0.0019385412885177206,0.0036681521841242844,0.6,0.4482357430151548,4.0,0.0028162887797050008,0.04999999999999999,0.933375,0.006285481723185438,4
JVS_JVSMuSiC,wavlm_l12,12,37,60_20_20_speaker_disjoint,False,full_minus_f0,mean_preserving,rms_mean;rms_std;duration_s;voiced_rate;energy_mean;energy_std,G->S,20,0.05,12,20,0.6,0.3987500000000001,0.8,0.55,0.95,0.5007173295454544,0.8479635416666667,0.001937507195347083,0.0037046888020893522,0.75,0.6814204545454545,1.0,0.0028162887797050285,0.35,0.933375,0.006285481723185438,4
JVS_JVSMuSiC,wavlm_l12,12,37,60_20_20_speaker_disjoint,False,full_minus_energy,mean_preserving,logf0_mean;logf0_std;logf0_p05;logf0_p50;logf0_p95;logf0_range;duration_s;voiced_rate,S->G,20,0.05,5,20,0.25,0.05,0.45,0.45,0.85,0.28293325615732734,0.5883164688124054,0.0012176418046869475,0.00421871932261309,0.65,0.4291261464713477,3.5,0.0027234046145113043,0.0,0.906,0.0041943446643157856,6
JVS_JVSMuSiC,wavlm_l12,12,37,60_20_20_speaker_disjoint,False,full_minus_energy,mean_preserving,logf0_mean;logf0_std;logf0_p05;logf0_p50;logf0_p95;logf0_range;duration_s;voiced_rate,G->S,20,0.05,11,20,0.55,0.35,0.8,0.55,0.9,0.45067422161172155,0.8146904761904762,0.0016244545747472403,0.003763738292218272,0.75,0.6381120268620268,1.0,0.002723404614511332,0.30000000000000004,0.906,0.0041943446643157856,6
JVS_JVSMuSiC,wavlm_l12,12,37,60_20_20_speaker_disjoint,False,full_minus_duration,mean_preserving,logf0_mean;logf0_std;logf0_p05;logf0_p50;logf0_p95;logf0_range;rms_mean;rms_std;voiced_rate;energy_mean;energy_std,S->G,20,0.05,3,20,0.15,0.0,0.3,0.2,0.6,0.15211955752580752,0.4235429258241757,0.0006228806179685935,0.00366810723837271,0.4,0.27095113220113215,8.0,0.002160282003274111,-0.1,0.9985,0.0057348508119134944,8
JVS_JVSMuSiC,wavlm_l12,12,37,60_20_20_speaker_disjoint,False,full_minus_duration,mean_preserving,logf0_mean;logf0_std;logf0_p05;logf0_p50;logf0_p95;logf0_range;rms_mean;rms_std;voiced_rate;energy_mean;energy_std,G->S,20,0.05,5,20,0.25,0.05,0.45,0.4,0.8,0.2514957264957265,0.567193376068376,0.0008334121559589395,0.0035097014460999986,0.6,0.4079700854700854,4.5,0.0021602820032741387,0.0,0.9985,0.0057348508119134944,8
JVS_JVSMuSiC,wavlm_l12,12,37,60_20_20_speaker_disjoint,False,full_minus_voicing,mean_preserving,logf0_mean;logf0_std;logf0_p05;logf0_p50;logf0_p95;logf0_range;rms_mean;rms_std;duration_s;energy_mean;energy_std,S->G,20,0.05,5,20,0.25,0.1,0.45,0.35,0.75,0.24995578808446453,0.5738619909502262,0.0009107887436265243,0.00279148236555144,0.55,0.40163021618903966,4.0,0.0018717804631258384,0.0,0.918875,0.007825663915674963,9
JVS_JVSMuSiC,wavlm_l12,12,37,60_20_20_speaker_disjoint,False,full_minus_voicing,mean_preserving,logf0_mean;logf0_std;logf0_p05;logf0_p50;logf0_p95;logf0_range;rms_mean;rms_std;duration_s;energy_mean;energy_std,G->S,20,0.05,10,20,0.5,0.29875000000000007,0.7,0.5,0.9,0.40501720328282825,0.7581406249999999,0.0010251997986609732,0.0028313015834804554,0.7,0.5837388306138307,2.0,0.0018717804631258384,0.25,0.918875,0.007825663915674963,9
JVS_JVSMuSiC,wavlm_l12,12,37,60_20_20_speaker_disjoint,False,row_shuffled_nuisance,mean_preserving,logf0_mean;logf0_std;logf0_p05;logf0_p50;logf0_p95;logf0_range;rms_mean;rms_std;duration_s;voiced_rate;energy_mean;energy_std,S->G,20,0.05,5,20,0.25,0.05,0.45,0.15,0.55,0.1894598535601825,0.5303204907300302,0.0007716116089807878,0.006380406407168194,0.35,0.3511770612428507,7.5,0.0033607197974365177,0.0,1.0,0.0005367422600057736,9
JVS_JVSMuSiC,wavlm_l12,12,37,60_20_20_speaker_disjoint,False,row_shuffled_nuisance,mean_preserving,logf0_mean;logf0_std;logf0_p05;logf0_p50;logf0_p95;logf0_range;rms_mean;rms_std;duration_s;voiced_rate;energy_mean;energy_std,G->S,20,0.05,5,20,0.25,0.1,0.45,0.4,0.8,0.26789641371055845,0.5872204750658698,0.0016956328055174777,0.00500234578117425,0.6,0.42542614549193497,4.0,0.00336071979743654,0.0,1.0,0.0005367422600057736,9
JVS_JVSMuSiC,wavlm_l12,12,37,60_20_20_speaker_disjoint,False,random_gaussian_nuisance,mean_preserving,logf0_mean;logf0_std;logf0_p05;logf0_p50;logf0_p95;logf0_range;rms_mean;rms_std;duration_s;voiced_rate;energy_mean;energy_std,S->G,20,0.05,4,20,0.2,0.05,0.4,0.2,0.65,0.16633841314022235,0.47969375461891905,0.0005372609668102509,0.0065146581431989314,0.4,0.3119638439046334,7.0,0.0034088293131844414,-0.04999999999999999,1.0,-9.851182289910554e-06,12
JVS_JVSMuSiC,wavlm_l12,12,37,60_20_20_speaker_disjoint,False,random_gaussian_nuisance,mean_preserving,logf0_mean;logf0_std;logf0_p05;logf0_p50;logf0_p95;logf0_range;rms_mean;rms_std;duration_s;voiced_rate;energy_mean;energy_std,G->S,20,0.05,4,20,0.2,0.05,0.4,0.4,0.8,0.2577791305916306,0.5414653679653679,0.0016976211871123324,0.005143894150374189,0.6,0.394490599270011,3.5,0.0034088293131844805,-0.04999999999999999,1.0,-9.851182289910554e-06,12
JVS_JVSMuSiC,wavlm_l12,12,37,60_20_20_speaker_disjoint,False,random_low_rank_projection,mean_preserving,random_dir_0;random_dir_1;random_dir_2;random_dir_3;random_dir_4;random_dir_5;random_dir_6;random_dir_7;random_dir_8;random_dir_9;random_dir_10;random_dir_11,S->G,20,0.05,4,20,0.2,0.05,0.4,0.15,0.55,0.17531504542606516,0.4916356493255197,0.0007154153571658494,0.006570590205651594,0.35,0.32703108875129,7.0,0.0034601116626826354,-0.04999999999999999,1.0,0.00019964632660451898,12
JVS_JVSMuSiC,wavlm_l12,12,37,60_20_20_speaker_disjoint,False,random_low_rank_projection,mean_preserving,random_dir_0;random_dir_1;random_dir_2;random_dir_3;random_dir_4;random_dir_5;random_dir_6;random_dir_7;random_dir_8;random_dir_9;random_dir_10;random_dir_11,G->S,20,0.05,4,20,0.2,0.05,0.35124999999999884,0.35,0.8,0.2512362967914438,0.5595813279857398,0.0016882056573852588,0.005237008313846261,0.6,0.39977829768270945,4.0,0.003460111662682619,-0.04999999999999999,1.0,0.00019964632660451898,12
JVS_JVSMuSiC,wavlm_l12,12,41,60_20_20_speaker_disjoint,False,raw,raw,,S->G,20,0.05,2,20,0.1,0.0,0.25,0.15,0.55,0.13938674428104572,0.3807270220588236,-0.0020619775947000605,0.005323483437146049,0.35,0.2459272875816993,7.0,0.0020753314374095887,0.0,1.0,0.0,0
JVS_JVSMuSiC,wavlm_l12,12,41,60_20_20_speaker_disjoint,False,raw,raw,,G->S,20,0.05,3,20,0.15,0.0,0.35,0.29875000000000007,0.7,0.1854242654275549,0.46003798285048275,0.0006496294312836766,0.003598163334161244,0.5,0.3121956260114155,5.5,0.0020753314374096056,0.0,1.0,0.0,0
JVS_JVSMuSiC,wavlm_l12,12,41,60_20_20_speaker_disjoint,False,center_only_classic,classic,,S->G,20,0.05,12,20,0.6,0.4,0.8,0.75,1.0,0.567140873015873,0.8543720238095238,0.10593693283862549,0.1625834601200615,0.9,0.7101984126984127,1.0,0.13466968106320046,0.5,1.0,0.9767858879054228,0
JVS_JVSMuSiC,wavlm_l12,12,41,60_20_20_speaker_disjoint,False,center_only_classic,classic,,G->S,20,0.05,4,20,0.2,0.05,0.4,0.3,0.75,0.19465503246753246,0.48409334415584415,0.04859588275846153,0.2278104308363455,0.55,0.3376244588744589,5.0,0.13466968106320049,0.05000000000000002,1.0,0.9767858879054228,0
JVS_JVSMuSiC,wavlm_l12,12,41,60_20_20_speaker_disjoint,False,mode_dummy_only,mean_preserving,mode_dummy,S->G,20,0.05,6,20,0.3,0.1,0.5,0.5,0.9,0.3044216500411353,0.6338539524201289,0.00046149108312085565,0.0033548142338938884,0.7,0.46805897533838703,3.0,0.002138892530334652,0.19999999999999998,0.599375,0.0029755160764782795,1
JVS_JVSMuSiC,wavlm_l12,12,41,60_20_20_speaker_disjoint,False,mode_dummy_only,mean_preserving,mode_dummy,G->S,20,0.05,9,20,0.45,0.25,0.65,0.65,1.0,0.42323863636363646,0.7562443181818181,0.0016472301689374593,0.0026550268130660745,0.85,0.5887121212121211,2.0,0.002138892530334585,0.30000000000000004,0.599375,0.0029755160764782795,1
JVS_JVSMuSiC,wavlm_l12,12,41,60_20_20_speaker_disjoint,False,mode_dummy_only,classic,mode_dummy,S->G,20,0.05,10,20,0.5,0.3,0.75,0.6,0.95,0.4214980158730159,0.7765,0.24824013703481457,0.39904279717843444,0.8,0.5995634920634921,2.0,0.32547153361803305,0.4,0.599375,0.9797614039819021,1
JVS_JVSMuSiC,wavlm_l12,12,41,60_20_20_speaker_disjoint,False,mode_dummy_only,classic,mode_dummy,G->S,20,0.05,9,20,0.45,0.25,0.65,0.5,0.9,0.40830208333333334,0.7634265873015873,0.24977678377118298,0.4019821612692623,0.7,0.5910912698412698,2.0,0.32547153361803305,0.30000000000000004,0.599375,0.9797614039819021,1
JVS_JVSMuSiC,wavlm_l12,12,41,60_20_20_speaker_disjoint,False,acoustic_full_no_mode,mean_preserving,logf0_mean;logf0_std;logf0_p05;logf0_p50;logf0_p95;logf0_range;rms_mean;rms_std;duration_s;voiced_rate;energy_mean;energy_std,S->G,20,0.05,3,20,0.15,0.0,0.3,0.3,0.7,0.1991470116892911,0.477515114379085,-1.6077792272662398e-05,0.003332873373240742,0.5,0.3273673956762192,5.5,0.0018168937972553646,0.04999999999999999,0.899625,0.007241329044911815,9
JVS_JVSMuSiC,wavlm_l12,12,41,60_20_20_speaker_disjoint,False,acoustic_full_no_mode,mean_preserving,logf0_mean;logf0_std;logf0_p05;logf0_p50;logf0_p95;logf0_range;rms_mean;rms_std;duration_s;voiced_rate;energy_mean;energy_std,G->S,20,0.05,7,20,0.35,0.15,0.55,0.4,0.8,0.32122420634920634,0.6736666666666666,0.0008777861890828619,0.0029439027065234187,0.6,0.4990476190476191,2.5,0.0018168937972554255,0.19999999999999998,0.899625,0.007241329044911815,9
JVS_JVSMuSiC,wavlm_l12,12,41,60_20_20_speaker_disjoint,False,acoustic_full_no_mode,classic,logf0_mean;logf0_std;logf0_p05;logf0_p50;logf0_p95;logf0_range;rms_mean;rms_std;duration_s;voiced_rate;energy_mean;energy_std,S->G,20,0.05,7,20,0.35,0.15,0.55,0.45,0.85,0.3655441468253968,0.6869508928571428,0.1442694888880307,0.34665441019122123,0.65,0.5228769841269841,2.0,0.2389116943302118,0.24999999999999997,0.899625,0.9831455816763561,9
JVS_JVSMuSiC,wavlm_l12,12,41,60_20_20_speaker_disjoint,False,acoustic_full_no_mode,classic,logf0_mean;logf0_std;logf0_p05;logf0_p50;logf0_p95;logf0_range;rms_mean;rms_std;duration_s;voiced_rate;energy_mean;energy_std,G->S,20,0.05,7,20,0.35,0.15,0.55,0.45,0.85,0.3317584511077158,0.6692121212121211,0.13790964332253366,0.3439756441992637,0.65,0.5006711548255666,3.0,0.2389116943302118,0.19999999999999998,0.899625,0.9831455816763561,9
JVS_JVSMuSiC,wavlm_l12,12,41,60_20_20_speaker_disjoint,False,acoustic_full_plus_mode,mean_preserving,logf0_mean;logf0_std;logf0_p05;logf0_p50;logf0_p95;logf0_range;rms_mean;rms_std;duration_s;voiced_rate;energy_mean;energy_std;mode_dummy,S->G,20,0.05,6,20,0.3,0.1,0.5,0.3,0.7,0.23819858440170938,0.5876117788461538,-0.00035442067741603135,0.003440548810679495,0.5,0.40329059829059827,6.5,0.0017060261702934287,0.19999999999999998,0.494375,0.007909344989552425,10
JVS_JVSMuSiC,wavlm_l12,12,41,60_20_20_speaker_disjoint,False,acoustic_full_plus_mode,mean_preserving,logf0_mean;logf0_std;logf0_p05;logf0_p50;logf0_p95;logf0_range;rms_mean;rms_std;duration_s;voiced_rate;energy_mean;energy_std;mode_dummy,G->S,20,0.05,8,20,0.4,0.2,0.6012499999999988,0.4,0.8,0.33975148809523803,0.7037460317460317,0.0008566693336585777,0.0027747228453283705,0.6,0.5244047619047618,2.5,0.0017060261702933955,0.25,0.494375,0.007909344989552425,10
JVS_JVSMuSiC,wavlm_l12,12,41,60_20_20_speaker_disjoint,False,acoustic_full_plus_mode,classic,logf0_mean;logf0_std;logf0_p05;logf0_p50;logf0_p95;logf0_range;rms_mean;rms_std;duration_s;voiced_rate;energy_mean;energy_std;mode_dummy,S->G,20,0.05,8,20,0.4,0.2,0.65,0.45,0.85,0.37378869047619045,0.7133541666666666,0.1268448719384839,0.3542762172451389,0.65,0.5404761904761906,2.0,0.23557905822207456,0.30000000000000004,0.494375,0.9836622521989745,10
JVS_JVSMuSiC,wavlm_l12,12,41,60_20_20_speaker_disjoint,False,acoustic_full_plus_mode,classic,logf0_mean;logf0_std;logf0_p05;logf0_p50;logf0_p95;logf0_range;rms_mean;rms_std;duration_s;voiced_rate;energy_mean;energy_std;mode_dummy,G->S,20,0.05,8,20,0.4,0.2,0.6,0.5,0.9,0.3513224206349207,0.6933333333333332,0.133133947135309,0.34224361302415884,0.7,0.5169642857142858,3.5,0.23557905822207453,0.25,0.494375,0.9836622521989745,10
JVS_JVSMuSiC,wavlm_l12,12,41,60_20_20_speaker_disjoint,False,single_group_f0,mean_preserving,logf0_mean;logf0_std;logf0_p05;logf0_p50;logf0_p95;logf0_range,S->G,20,0.05,2,20,0.1,0.0,0.25,0.2,0.6,0.13049810340802984,0.3590403536414565,-0.00264393358813013,0.005003319275939497,0.4,0.22934465452847802,7.5,0.0015003250011887347,0.0,1.0,0.0015070360908258085,5
JVS_JVSMuSiC,wavlm_l12,12,41,60_20_20_speaker_disjoint,False,single_group_f0,mean_preserving,logf0_mean;logf0_std;logf0_p05;logf0_p50;logf0_p95;logf0_range,G->S,20,0.05,3,20,0.15,0.0,0.35,0.25,0.65,0.16945975982866465,0.4379922099958864,0.00011566466257454042,0.0029174363858892713,0.45,0.2941645802597815,7.0,0.0015003250011887514,0.0,1.0,0.0015070360908258085,5
JVS_JVSMuSiC,wavlm_l12,12,41,60_20_20_speaker_disjoint,False,single_group_energy,mean_preserving,rms_mean;rms_std;energy_mean;energy_std,S->G,20,0.05,2,20,0.1,0.0,0.25,0.25,0.65,0.1763344971001221,0.4488116796398046,-0.0011733102197794075,0.005080222405000984,0.45,0.2993490537240537,7.5,0.0021580484252980148,0.0,0.999875,0.0037526625716854944,3
JVS_JVSMuSiC,wavlm_l12,12,41,60_20_20_speaker_disjoint,False,single_group_energy,mean_preserving,rms_mean;rms_std;energy_mean;energy_std,G->S,20,0.05,4,20,0.2,0.05,0.4,0.2,0.6,0.20022113997114,0.4980010371572871,0.001170723643176442,0.0032253630865113785,0.4,0.33857323232323233,7.0,0.0021580484252980035,0.05000000000000002,0.999875,0.0037526625716854944,3
JVS_JVSMuSiC,wavlm_l12,12,41,60_20_20_speaker_disjoint,False,single_group_duration,mean_preserving,duration_s,S->G,20,0.05,9,20,0.45,0.25,0.7,0.5,0.9,0.39006919642857146,0.7550535714285714,0.0007761419283339164,0.003518153830242987,0.7,0.5625595238095238,2.5,0.002227237300492263,0.35,0.920375,0.002864078897394151,1
JVS_JVSMuSiC,wavlm_l12,12,41,60_20_20_speaker_disjoint,False,single_group_duration,mean_preserving,duration_s,G->S,20,0.05,10,20,0.5,0.3,0.7,0.55,0.9,0.43625367647058816,0.7862843137254902,0.001355613518923878,0.0031270606409280312,0.75,0.6129411764705882,1.5,0.002227237300492324,0.35,0.920375,0.002864078897394151,1
JVS_JVSMuSiC,wavlm_l12,12,41,60_20_20_speaker_disjoint,False,single_group_voicing,mean_preserving,voiced_rate,S->G,20,0.05,2,20,0.1,0.0,0.25,0.15,0.55,0.14044914215686274,0.3672497957516339,-0.002052306440087871,0.005928626782328641,0.35,0.2459272875816993,7.0,0.0020753314374095887,0.0,1.0,0.0,0
JVS_JVSMuSiC,wavlm_l12,12,41,60_20_20_speaker_disjoint,False,single_group_voicing,mean_preserving,voiced_rate,G->S,20,0.05,3,20,0.15,0.0,0.3,0.3,0.7,0.19267488724725568,0.46229558745348215,0.0006206046685114005,0.0035723276028653663,0.5,0.3121956260114155,5.5,0.0020753314374096056,0.0,1.0,0.0,0
JVS_JVSMuSiC,wavlm_l12,12,41,60_20_20_speaker_disjoint,False,full_minus_f0,mean_preserving,rms_mean;rms_std;duration_s;voiced_rate;energy_mean;energy_std,S->G,20,0.05,5,20,0.25,0.05,0.45,0.3987500000000001,0.8,0.24824168080693812,0.5690052083333332,0.00018107937868263167,0.0034712160595345804,0.6,0.4019956636500754,4.0,0.0020351139372574547,0.15,0.90475,0.005736722424245055,4
JVS_JVSMuSiC,wavlm_l12,12,41,60_20_20_speaker_disjoint,False,full_minus_f0,mean_preserving,rms_mean;rms_std;duration_s;voiced_rate;energy_mean;energy_std,G->S,20,0.05,6,20,0.3,0.1,0.5,0.5,0.9,0.3660257414369256,0.6743342731829574,0.001202016987117556,0.0030089001544410213,0.7,0.514734753550543,2.0,0.00203511393725756,0.15,0.90475,0.005736722424245055,4
JVS_JVSMuSiC,wavlm_l12,12,41,60_20_20_speaker_disjoint,False,full_minus_energy,mean_preserving,logf0_mean;logf0_std;logf0_p05;logf0_p50;logf0_p95;logf0_range;duration_s;voiced_rate,S->G,20,0.05,8,20,0.4,0.2,0.6,0.45,0.85,0.3415225694444444,0.6934826388888888,6.471267878586598e-05,0.0029843873399247977,0.65,0.5140972222222222,3.0,0.0016575011527461714,0.30000000000000004,0.9235,0.004380586422745636,6
JVS_JVSMuSiC,wavlm_l12,12,41,60_20_20_speaker_disjoint,False,full_minus_energy,mean_preserving,logf0_mean;logf0_std;logf0_p05;logf0_p50;logf0_p95;logf0_range;duration_s;voiced_rate,G->S,20,0.05,11,20,0.55,0.35,0.75,0.4,0.85,0.4327528235653236,0.7963323412698412,0.0007593014132948363,0.002582168173197179,0.65,0.6112667887667887,1.0,0.0016575011527462159,0.4,0.9235,0.004380586422745636,6
JVS_JVSMuSiC,wavlm_l12,12,41,60_20_20_speaker_disjoint,False,full_minus_duration,mean_preserving,logf0_mean;logf0_std;logf0_p05;logf0_p50;logf0_p95;logf0_range;rms_mean;rms_std;voiced_rate;energy_mean;energy_std,S->G,20,0.05,2,20,0.1,0.0,0.25,0.25,0.65,0.16034041571173924,0.40564473384050587,-0.0010989989510509955,0.0049139007043155596,0.45,0.27150629191070363,9.0,0.0019826386104909166,0.0,0.999875,0.005208559146017588,8
JVS_JVSMuSiC,wavlm_l12,12,41,60_20_20_speaker_disjoint,False,full_minus_duration,mean_preserving,logf0_mean;logf0_std;logf0_p05;logf0_p50;logf0_p95;logf0_range;rms_mean;rms_std;voiced_rate;energy_mean;energy_std,G->S,20,0.05,4,20,0.2,0.05,0.4,0.15,0.55,0.18789831349206348,0.4920623647186147,0.0009183781691953063,0.003159171277777187,0.35,0.32462481962481965,8.0,0.0019826386104908945,0.05000000000000002,0.999875,0.005208559146017588,8
JVS_JVSMuSiC,wavlm_l12,12,41,60_20_20_speaker_disjoint,False,full_minus_voicing,mean_preserving,logf0_mean;logf0_std;logf0_p05;logf0_p50;logf0_p95;logf0_range;rms_mean;rms_std;duration_s;energy_mean;energy_std,S->G,20,0.05,3,20,0.15,0.0,0.3,0.3,0.7,0.19411755279034695,0.4719560866013071,1.5697484893882512e-05,0.0032838448641550437,0.5,0.3273673956762192,5.5,0.0018168937972555033,0.04999999999999999,0.899625,0.007241329044916145,9
JVS_JVSMuSiC,wavlm_l12,12,41,60_20_20_speaker_disjoint,False,full_minus_voicing,mean_preserving,logf0_mean;logf0_std;logf0_p05;logf0_p50;logf0_p95;logf0_range;rms_mean;rms_std;duration_s;energy_mean;energy_std,G->S,20,0.05,7,20,0.35,0.15,0.55,0.4,0.8,0.33770833333333333,0.6809523809523809,0.0008887760025814498,0.0029966790347291587,0.6,0.4990476190476191,2.5,0.0018168937972555144,0.19999999999999998,0.899625,0.007241329044916145,9
JVS_JVSMuSiC,wavlm_l12,12,41,60_20_20_speaker_disjoint,False,row_shuffled_nuisance,mean_preserving,logf0_mean;logf0_std;logf0_p05;logf0_p50;logf0_p95;logf0_range;rms_mean;rms_std;duration_s;voiced_rate;energy_mean;energy_std,S->G,20,0.05,2,20,0.1,0.0,0.25,0.15,0.55,0.12508072819208654,0.3618898921748186,-0.002629367271816162,0.006284057427365839,0.35,0.23170065529585654,8.5,0.0020277150408325173,0.0,1.0,0.000151284355168535,9
JVS_JVSMuSiC,wavlm_l12,12,41,60_20_20_speaker_disjoint,False,row_shuffled_nuisance,mean_preserving,logf0_mean;logf0_std;logf0_p05;logf0_p50;logf0_p95;logf0_range;rms_mean;rms_std;duration_s;voiced_rate;energy_mean;energy_std,G->S,20,0.05,3,20,0.15,0.0,0.3,0.35,0.75,0.1886673893916541,0.4660263009049772,0.0006128240402912163,0.0035352125867441904,0.55,0.31396681749622923,4.5,0.0020277150408325394,0.0,1.0,0.000151284355168535,9
JVS_JVSMuSiC,wavlm_l12,12,41,60_20_20_speaker_disjoint,False,random_gaussian_nuisance,mean_preserving,logf0_mean;logf0_std;logf0_p05;logf0_p50;logf0_p95;logf0_range;rms_mean;rms_std;duration_s;voiced_rate;energy_mean;energy_std,S->G,20,0.05,2,20,0.1,0.0,0.25,0.2,0.6,0.13053194260160206,0.37594141604010023,-0.0023169070886404465,0.006028354570195028,0.4,0.24618783478303602,8.5,0.0021118162404137387,0.0,1.0,-4.945626741781339e-05,12
JVS_JVSMuSiC,wavlm_l12,12,41,60_20_20_speaker_disjoint,False,random_gaussian_nuisance,mean_preserving,logf0_mean;logf0_std;logf0_p05;logf0_p50;logf0_p95;logf0_range;rms_mean;rms_std;duration_s;voiced_rate;energy_mean;energy_std,G->S,20,0.05,4,20,0.2,0.05,0.4,0.25,0.65,0.20758411033411034,0.5097925824175823,0.0006354726331451656,0.0036365551864500248,0.45,0.3521614496614497,6.5,0.002111816240413733,0.05000000000000002,1.0,-4.945626741781339e-05,12
JVS_JVSMuSiC,wavlm_l12,12,41,60_20_20_speaker_disjoint,False,random_low_rank_projection,mean_preserving,random_dir_0;random_dir_1;random_dir_2;random_dir_3;random_dir_4;random_dir_5;random_dir_6;random_dir_7;random_dir_8;random_dir_9;random_dir_10;random_dir_11,S->G,20,0.05,2,20,0.1,0.0,0.25,0.15,0.55,0.14046527777777773,0.3802324346405228,-0.002072748039326079,0.0056125886976810075,0.35,0.2459272875816993,7.0,0.002063584259665746,0.0,1.0,0.00018713565472749938,12
JVS_JVSMuSiC,wavlm_l12,12,41,60_20_20_speaker_disjoint,False,random_low_rank_projection,mean_preserving,random_dir_0;random_dir_1;random_dir_2;random_dir_3;random_dir_4;random_dir_5;random_dir_6;random_dir_7;random_dir_8;random_dir_9;random_dir_10;random_dir_11,G->S,20,0.05,3,20,0.15,0.0,0.3,0.25,0.75,0.18495492920821868,0.477903409090909,0.000598881872494136,0.003554177337590464,0.5,0.31187511319090266,5.5,0.002063584259665774,0.0,1.0,0.00018713565472749938,12
JVS_JVSMuSiC,wavlm_l12,12,43,60_20_20_speaker_disjoint,False,raw,raw,,S->G,20,0.05,2,20,0.1,0.0,0.25,0.1,0.45,0.13350547022422024,0.37301537698412696,-0.00020716278652905802,0.004861543468336669,0.25,0.24355214230214234,9.5,0.0022512955664253263,0.0,1.0,0.0,0
JVS_JVSMuSiC,wavlm_l12,12,43,60_20_20_speaker_disjoint,False,raw,raw,,G->S,20,0.05,4,20,0.2,0.05,0.4,0.3,0.7012499999999988,0.20124317897015262,0.49391309239006603,0.0005669063547042732,0.003943687658458166,0.5,0.3379336124401914,6.0,0.002251295566425443,0.0,1.0,0.0,0
JVS_JVSMuSiC,wavlm_l12,12,43,60_20_20_speaker_disjoint,False,center_only_classic,classic,,S->G,20,0.05,7,20,0.35,0.15,0.6,0.7,1.0,0.42841964285714285,0.7208333333333333,0.10901269196537759,0.1622248874615132,0.85,0.5713095238095238,2.0,0.135112981464445,0.24999999999999997,1.0,0.9767383160110432,0
JVS_JVSMuSiC,wavlm_l12,12,43,60_20_20_speaker_disjoint,False,center_only_classic,classic,,G->S,20,0.05,2,20,0.1,0.0,0.25,0.3,0.75,0.19907775950292397,0.4389704861111111,0.04561346653640088,0.2220264285650592,0.5,0.3071454678362573,5.0,0.13511298146444506,-0.1,1.0,0.9767383160110432,0
JVS_JVSMuSiC,wavlm_l12,12,43,60_20_20_speaker_disjoint,False,mode_dummy_only,mean_preserving,mode_dummy,S->G,20,0.05,7,20,0.35,0.15,0.55,0.5,0.9,0.37036691086691087,0.6821923076923077,0.0016463458927672974,0.0029512965636024602,0.7,0.5248778998778999,2.5,0.002324529046884155,0.24999999999999997,0.506875,0.00297540582569622,1
JVS_JVSMuSiC,wavlm_l12,12,43,60_20_20_speaker_disjoint,False,mode_dummy_only,mean_preserving,mode_dummy,G->S,20,0.05,9,20,0.45,0.25,0.65,0.65,1.0,0.455343344155844,0.7825511363636363,0.0018391584380432057,0.0028576875588539547,0.85,0.6227597402597402,2.0,0.0023245290468841494,0.25,0.506875,0.00297540582569622,1
JVS_JVSMuSiC,wavlm_l12,12,43,60_20_20_speaker_disjoint,False,mode_dummy_only,classic,mode_dummy,S->G,20,0.05,11,20,0.55,0.3,0.8,0.7,1.0,0.5205863095238095,0.8405178571428571,0.2707677356243105,0.3792712281756602,0.85,0.6867857142857143,1.0,0.3256853534299521,0.45000000000000007,0.506875,0.9797137218367399,1
JVS_JVSMuSiC,wavlm_l12,12,43,60_20_20_speaker_disjoint,False,mode_dummy_only,classic,mode_dummy,G->S,20,0.05,8,20,0.4,0.2,0.6,0.7,1.0,0.4441488095238094,0.7625416666666666,0.2566731320572305,0.3894701629292232,0.85,0.5938095238095238,2.0,0.3256853534299521,0.2,0.506875,0.9797137218367399,1
JVS_JVSMuSiC,wavlm_l12,12,43,60_20_20_speaker_disjoint,False,acoustic_full_no_mode,mean_preserving,logf0_mean;logf0_std;logf0_p05;logf0_p50;logf0_p95;logf0_range;rms_mean;rms_std;duration_s;voiced_rate;energy_mean;energy_std,S->G,20,0.05,4,20,0.2,0.05,0.4,0.29875000000000007,0.7,0.21013763977250818,0.5169457497911445,-0.002865409186254598,0.00441626654432196,0.5,0.3628437279095174,5.5,0.0016739397717973337,0.1,0.868375,0.008763839893982994,9
JVS_JVSMuSiC,wavlm_l12,12,43,60_20_20_speaker_disjoint,False,acoustic_full_no_mode,mean_preserving,logf0_mean;logf0_std;logf0_p05;logf0_p50;logf0_p95;logf0_range;rms_mean;rms_std;duration_s;voiced_rate;energy_mean;energy_std,G->S,20,0.05,7,20,0.35,0.15,0.55,0.4,0.85,0.34489289876789875,0.6764217449217449,0.0007880941682552512,0.0025520922823951946,0.65,0.5114639527139526,2.5,0.001673939771797328,0.14999999999999997,0.868375,0.008763839893982994,9
JVS_JVSMuSiC,wavlm_l12,12,43,60_20_20_speaker_disjoint,False,acoustic_full_no_mode,classic,logf0_mean;logf0_std;logf0_p05;logf0_p50;logf0_p95;logf0_range;rms_mean;rms_std;duration_s;voiced_rate;energy_mean;energy_std,S->G,20,0.05,8,20,0.4,0.2,0.65,0.55,0.9,0.3356553362573099,0.6803125,0.13619335154841222,0.3404563177845701,0.75,0.505687134502924,4.0,0.2386416391848341,0.30000000000000004,0.868375,0.9831628189202464,9
JVS_JVSMuSiC,wavlm_l12,12,43,60_20_20_speaker_disjoint,False,acoustic_full_no_mode,classic,logf0_mean;logf0_std;logf0_p05;logf0_p50;logf0_p95;logf0_range;rms_mean;rms_std;duration_s;voiced_rate;energy_mean;energy_std,G->S,20,0.05,8,20,0.4,0.2,0.65,0.55,0.95,0.3833764880952381,0.7200669642857144,0.13180729165067398,0.3335314516372611,0.75,0.552797619047619,2.0,0.23864163918483405,0.2,0.868375,0.9831628189202464,9
JVS_JVSMuSiC,wavlm_l12,12,43,60_20_20_speaker_disjoint,False,acoustic_full_plus_mode,mean_preserving,logf0_mean;logf0_std;logf0_p05;logf0_p50;logf0_p95;logf0_range;rms_mean;rms_std;duration_s;voiced_rate;energy_mean;energy_std;mode_dummy,S->G,20,0.05,4,20,0.2,0.05,0.4,0.4,0.8,0.25180602949681896,0.5464684909388857,-0.002454244067782763,0.00426689231884659,0.6,0.3893348756506651,4.0,0.001588555076631315,0.1,0.653375,0.009493585100593283,10
JVS_JVSMuSiC,wavlm_l12,12,43,60_20_20_speaker_disjoint,False,acoustic_full_plus_mode,mean_preserving,logf0_mean;logf0_std;logf0_p05;logf0_p50;logf0_p95;logf0_range;rms_mean;rms_std;duration_s;voiced_rate;energy_mean;energy_std;mode_dummy,G->S,20,0.05,8,20,0.4,0.2,0.6,0.45,0.85,0.3509434523809523,0.6953720238095237,0.0004892134556939717,0.0024329789699925495,0.65,0.5236904761904762,3.0,0.001588555076631304,0.2,0.653375,0.009493585100593283,10
JVS_JVSMuSiC,wavlm_l12,12,43,60_20_20_speaker_disjoint,False,acoustic_full_plus_mode,classic,logf0_mean;logf0_std;logf0_p05;logf0_p50;logf0_p95;logf0_range;rms_mean;rms_std;duration_s;voiced_rate;energy_mean;energy_std;mode_dummy,S->G,20,0.05,8,20,0.4,0.2,0.65,0.4,0.8,0.3317599135148477,0.6790219132110579,0.11333159528158318,0.3462377498852786,0.6,0.500708779524569,3.5,0.23432851435647298,0.30000000000000004,0.653375,0.9836810056219588,10
JVS_JVSMuSiC,wavlm_l12,12,43,60_20_20_speaker_disjoint,False,acoustic_full_plus_mode,classic,logf0_mean;logf0_std;logf0_p05;logf0_p50;logf0_p95;logf0_range;rms_mean;rms_std;duration_s;voiced_rate;energy_mean;energy_std;mode_dummy,G->S,20,0.05,8,20,0.4,0.2,0.6012499999999988,0.55,0.95,0.3717837301587302,0.6913740079365079,0.13143783911586057,0.3327916360611429,0.75,0.5432936507936508,2.5,0.23432851435647298,0.2,0.653375,0.9836810056219588,10
JVS_JVSMuSiC,wavlm_l12,12,43,60_20_20_speaker_disjoint,False,single_group_f0,mean_preserving,logf0_mean;logf0_std;logf0_p05;logf0_p50;logf0_p95;logf0_range,S->G,20,0.05,2,20,0.1,0.0,0.25,0.05,0.45,0.11821336527035058,0.35165000185680323,-0.0011871772035543652,0.004016965923456062,0.25,0.22611593879976238,10.0,0.0014051155675706916,0.0,1.0,0.001924627178613858,5
JVS_JVSMuSiC,wavlm_l12,12,43,60_20_20_speaker_disjoint,False,single_group_f0,mean_preserving,logf0_mean;logf0_std;logf0_p05;logf0_p50;logf0_p95;logf0_range,G->S,20,0.05,1,20,0.05,0.0,0.15,0.3,0.7,0.13811058729711984,0.33583584294962004,-0.0001880298354001748,0.0031738390805482243,0.5,0.22427150764612064,5.5,0.0014051155675707584,-0.15000000000000002,1.0,0.001924627178613858,5
JVS_JVSMuSiC,wavlm_l12,12,43,60_20_20_speaker_disjoint,False,single_group_energy,mean_preserving,rms_mean;rms_std;energy_mean;energy_std,S->G,20,0.05,4,20,0.2,0.05,0.4,0.25,0.75,0.18311334325396825,0.4885716765873016,-0.0005448587572380316,0.004639386373073826,0.5,0.32308531746031743,6.5,0.002353297794562348,0.1,0.9925,0.004866445527792473,3
JVS_JVSMuSiC,wavlm_l12,12,43,60_20_20_speaker_disjoint,False,single_group_energy,mean_preserving,rms_mean;rms_std;energy_mean;energy_std,G->S,20,0.05,3,20,0.15,0.0,0.35,0.35,0.75,0.20715815434565438,0.4832921176046175,0.0013616491273714148,0.0032143251355122725,0.55,0.329027084027084,5.0,0.0023532977945623923,-0.05000000000000002,0.9925,0.004866445527792473,3
JVS_JVSMuSiC,wavlm_l12,12,43,60_20_20_speaker_disjoint,False,single_group_duration,mean_preserving,duration_s,S->G,20,0.05,2,20,0.1,0.0,0.25,0.45,0.85,0.2589205586080586,0.48183035714285727,0.001652786979005897,0.002964745157985261,0.65,0.36396520146520145,3.0,0.0023291636143751683,0.0,0.944,0.002835662336996947,1
JVS_JVSMuSiC,wavlm_l12,12,43,60_20_20_speaker_disjoint,False,single_group_duration,mean_preserving,duration_s,G->S,20,0.05,9,20,0.45,0.25,0.65,0.55,0.95,0.40380341880341875,0.7453224206349206,0.0014221852588375695,0.003203265739438239,0.75,0.57769536019536,2.5,0.0023291636143751237,0.25,0.944,0.002835662336996947,1
JVS_JVSMuSiC,wavlm_l12,12,43,60_20_20_speaker_disjoint,False,single_group_voicing,mean_preserving,voiced_rate,S->G,20,0.05,2,20,0.1,0.0,0.25,0.1,0.45,0.13850518578643578,0.3822316919191919,-0.0002732063682377782,0.004866292420785884,0.25,0.24355214230214234,9.5,0.0022512955664253263,0.0,1.0,0.0,0
JVS_JVSMuSiC,wavlm_l12,12,43,60_20_20_speaker_disjoint,False,single_group_voicing,mean_preserving,voiced_rate,G->S,20,0.05,4,20,0.2,0.05,0.4,0.3,0.7,0.1932680031043518,0.5101516183925723,0.0005165896262012891,0.0040616842710172706,0.5,0.3379336124401914,6.0,0.002251295566425443,0.0,1.0,0.0,0
JVS_JVSMuSiC,wavlm_l12,12,43,60_20_20_speaker_disjoint,False,full_minus_f0,mean_preserving,rms_mean;rms_std;duration_s;voiced_rate;energy_mean;energy_std,S->G,20,0.05,5,20,0.25,0.1,0.45,0.34875000000000006,0.75,0.2749200914217361,0.588568317099567,-0.0019287646143432199,0.00505266974229548,0.55,0.4308476684134578,3.0,0.0022684308119315212,0.15,0.857125,0.006968036887094464,4
JVS_JVSMuSiC,wavlm_l12,12,43,60_20_20_speaker_disjoint,False,full_minus_f0,mean_preserving,rms_mean;rms_std;duration_s;voiced_rate;energy_mean;energy_std,G->S,20,0.05,8,20,0.4,0.2,0.6,0.5,0.9,0.38032918123543114,0.7226436237373737,0.0011377530135544519,0.0033112072612974754,0.7,0.5493638306138307,2.0,0.002268430811931482,0.2,0.857125,0.006968036887094464,4
JVS_JVSMuSiC,wavlm_l12,12,43,60_20_20_speaker_disjoint,False,full_minus_energy,mean_preserving,logf0_mean;logf0_std;logf0_p05;logf0_p50;logf0_p95;logf0_range;duration_s;voiced_rate,S->G,20,0.05,1,20,0.05,0.0,0.15,0.4,0.8,0.17584284812409814,0.3604494949494949,0.0007940303634559787,0.002054386903144597,0.6,0.2531168831168831,4.5,0.0014346470102894915,-0.05,0.94225,0.004782982647998257,6
JVS_JVSMuSiC,wavlm_l12,12,43,60_20_20_speaker_disjoint,False,full_minus_energy,mean_preserving,logf0_mean;logf0_std;logf0_p05;logf0_p50;logf0_p95;logf0_range;duration_s;voiced_rate,G->S,20,0.05,8,20,0.4,0.2,0.6,0.35,0.75,0.32220553221288517,0.6962610294117647,0.0006282051424690362,0.0023002972471137277,0.55,0.5050840336134453,3.0,0.0014346470102894638,0.2,0.94225,0.004782982647998257,6
JVS_JVSMuSiC,wavlm_l12,12,43,60_20_20_speaker_disjoint,False,full_minus_duration,mean_preserving,logf0_mean;logf0_std;logf0_p05;logf0_p50;logf0_p95;logf0_range;rms_mean;rms_std;voiced_rate;energy_mean;energy_std,S->G,20,0.05,2,20,0.1,0.0,0.25,0.25,0.65,0.15805784429386405,0.3902980153983443,-0.0010300756408820723,0.00390751130434508,0.45,0.26577517146596097,7.0,0.0017539887850006042,0.0,0.99675,0.006659805724771539,8
JVS_JVSMuSiC,wavlm_l12,12,43,60_20_20_speaker_disjoint,False,full_minus_duration,mean_preserving,logf0_mean;logf0_std;logf0_p05;logf0_p50;logf0_p95;logf0_range;rms_mean;rms_std;voiced_rate;energy_mean;energy_std,G->S,20,0.05,2,20,0.1,0.0,0.25,0.35,0.75,0.18984686147186153,0.4350779220779219,0.0008835395010179731,0.0025771335242992474,0.55,0.3050185925185925,4.5,0.0017539887850006098,-0.1,0.99675,0.006659805724771539,8
JVS_JVSMuSiC,wavlm_l12,12,43,60_20_20_speaker_disjoint,False,full_minus_voicing,mean_preserving,logf0_mean;logf0_std;logf0_p05;logf0_p50;logf0_p95;logf0_range;rms_mean;rms_std;duration_s;energy_mean;energy_std,S->G,20,0.05,4,20,0.2,0.05,0.4,0.25,0.7,0.23153324215988683,0.5231554949071394,-0.0025929550611727232,0.004561409518699286,0.5,0.3628437279095174,5.5,0.0016739397717973614,0.1,0.868375,0.008763839893982994,9
JVS_JVSMuSiC,wavlm_l12,12,43,60_20_20_speaker_disjoint,False,full_minus_voicing,mean_preserving,logf0_mean;logf0_std;logf0_p05;logf0_p50;logf0_p95;logf0_range;rms_mean;rms_std;duration_s;energy_mean;energy_std,G->S,20,0.05,7,20,0.35,0.15,0.55,0.45,0.85,0.3503886322011322,0.6822134115884114,0.0006758823645545148,0.0025305382929017785,0.65,0.5114639527139526,2.5,0.0016739397717973337,0.14999999999999997,0.868375,0.008763839893982994,9
JVS_JVSMuSiC,wavlm_l12,12,43,60_20_20_speaker_disjoint,False,row_shuffled_nuisance,mean_preserving,logf0_mean;logf0_std;logf0_p05;logf0_p50;logf0_p95;logf0_range;rms_mean;rms_std;duration_s;voiced_rate;energy_mean;energy_std,S->G,20,0.05,2,20,0.1,0.0,0.25,0.05,0.45,0.13799971884840304,0.3717740244039585,-0.00047736881561764725,0.005294143280241394,0.25,0.2457405533063428,9.5,0.0023809051919853053,0.0,1.0,-0.00021792380021024016,10
JVS_JVSMuSiC,wavlm_l12,12,43,60_20_20_speaker_disjoint,False,row_shuffled_nuisance,mean_preserving,logf0_mean;logf0_std;logf0_p05;logf0_p50;logf0_p95;logf0_range;rms_mean;rms_std;duration_s;voiced_rate;energy_mean;energy_std,G->S,20,0.05,3,20,0.15,0.0,0.35,0.25,0.7,0.2016314484126984,0.4901432768620268,0.0005078427286664099,0.004197044066504217,0.5,0.33383098111039283,5.0,0.002380905191985283,-0.05000000000000002,1.0,-0.00021792380021024016,10
JVS_JVSMuSiC,wavlm_l12,12,43,60_20_20_speaker_disjoint,False,random_gaussian_nuisance,mean_preserving,logf0_mean;logf0_std;logf0_p05;logf0_p50;logf0_p95;logf0_range;rms_mean;rms_std;duration_s;voiced_rate;energy_mean;energy_std,S->G,20,0.05,2,20,0.1,0.0,0.25,0.15,0.55,0.13787394467739864,0.38034398697063165,-0.00030541283651765356,0.004619951558727436,0.35,0.24992706124285075,8.5,0.0022654251479440946,0.0,1.0,3.9683892007702504e-05,12
JVS_JVSMuSiC,wavlm_l12,12,43,60_20_20_speaker_disjoint,False,random_gaussian_nuisance,mean_preserving,logf0_mean;logf0_std;logf0_p05;logf0_p50;logf0_p95;logf0_range;rms_mean;rms_std;duration_s;voiced_rate;energy_mean;energy_std,G->S,20,0.05,4,20,0.2,0.05,0.4,0.3,0.7,0.20049629884004888,0.5040647321428572,0.0006325487226212415,0.003959751482686108,0.5,0.34355845543345537,5.5,0.0022654251479441168,0.0,1.0,3.9683892007702504e-05,12
JVS_JVSMuSiC,wavlm_l12,12,43,60_20_20_speaker_disjoint,False,random_low_rank_projection,mean_preserving,random_dir_0;random_dir_1;random_dir_2;random_dir_3;random_dir_4;random_dir_5;random_dir_6;random_dir_7;random_dir_8;random_dir_9;random_dir_10;random_dir_11,S->G,20,0.05,2,20,0.1,0.0,0.25,0.05,0.45,0.1347016108891109,0.3889786532911533,-0.0002615907450731928,0.004916137180863348,0.25,0.24355214230214234,9.5,0.002237861043601419,0.0,1.0,0.00024379669511565005,12
JVS_JVSMuSiC,wavlm_l12,12,43,60_20_20_speaker_disjoint,False,random_low_rank_projection,mean_preserving,random_dir_0;random_dir_1;random_dir_2;random_dir_3;random_dir_4;random_dir_5;random_dir_6;random_dir_7;random_dir_8;random_dir_9;random_dir_10;random_dir_11,G->S,20,0.05,4,20,0.2,0.05,0.35,0.25,0.65,0.18987095935862386,0.5001715047562088,0.0005442978920304167,0.003996959804060178,0.45,0.3362669457735247,6.5,0.0022378610436013966,0.0,1.0,0.00024379669511565005,12
JVS_JVSMuSiC,wavlm_l12,12,47,60_20_20_speaker_disjoint,False,raw,raw,,S->G,20,0.05,3,20,0.15,0.0,0.3,0.1,0.5,0.16987984758297256,0.4536488771645021,0.00010041874554382352,0.0073271457511797705,0.3,0.29876172438672444,6.0,0.0035450346857661573,0.0,1.0,0.0,0
JVS_JVSMuSiC,wavlm_l12,12,47,60_20_20_speaker_disjoint,False,raw,raw,,G->S,20,0.05,3,20,0.15,0.0,0.30124999999999885,0.25,0.65,0.1863868596681097,0.44923823051948053,-0.0003766589215567442,0.006311683393807077,0.45,0.31434884559884557,6.5,0.0035450346857661464,0.0,1.0,0.0,0
JVS_JVSMuSiC,wavlm_l12,12,47,60_20_20_speaker_disjoint,False,center_only_classic,classic,,S->G,20,0.05,13,20,0.65,0.45,0.85,0.75,1.0,0.6145639880952382,0.9071428571428571,0.13134005234071422,0.19848937635984643,0.9,0.7650595238095238,1.0,0.16311965778031015,0.5,1.0,0.976739692018467,0
JVS_JVSMuSiC,wavlm_l12,12,47,60_20_20_speaker_disjoint,False,center_only_classic,classic,,G->S,20,0.05,3,20,0.15,0.0,0.3,0.35,0.75,0.18906113657584248,0.44832888894194034,0.07714386089418365,0.2569299671347133,0.55,0.3129943871487989,5.0,0.16311965778031012,0.0,1.0,0.976739692018467,0
JVS_JVSMuSiC,wavlm_l12,12,47,60_20_20_speaker_disjoint,False,mode_dummy_only,mean_preserving,mode_dummy,S->G,20,0.05,6,20,0.3,0.1,0.5,0.55,0.9,0.32001715686274507,0.6404926470588235,0.0022457798059243523,0.005679951280207898,0.75,0.4779411764705882,3.0,0.00367115705418678,0.15,0.377875,0.0029744180650267404,1
JVS_JVSMuSiC,wavlm_l12,12,47,60_20_20_speaker_disjoint,False,mode_dummy_only,mean_preserving,mode_dummy,G->S,20,0.05,16,20,0.8,0.65,0.95,0.75,1.0,0.6623200757575758,0.9626041666666666,0.0013454956966173824,0.005148206167222853,0.9,0.8362121212121212,1.0,0.0036711570541867857,0.65,0.377875,0.0029744180650267404,1
JVS_JVSMuSiC,wavlm_l12,12,47,60_20_20_speaker_disjoint,False,mode_dummy_only,classic,mode_dummy,S->G,20,0.05,15,20,0.75,0.55,0.95,0.85,1.0,0.7162499999999999,0.96,0.3291247630150318,0.45648209744771895,0.95,0.8412499999999999,1.0,0.39244603798915134,0.6,0.377875,0.979714110083494,1
JVS_JVSMuSiC,wavlm_l12,12,47,60_20_20_speaker_disjoint,False,mode_dummy_only,classic,mode_dummy,G->S,20,0.05,14,20,0.7,0.5,0.9,0.75,1.0,0.6719780219780219,0.95,0.32523865477588904,0.4598352557099723,0.9,0.810989010989011,1.0,0.39244603798915134,0.5499999999999999,0.377875,0.979714110083494,1
JVS_JVSMuSiC,wavlm_l12,12,47,60_20_20_speaker_disjoint,False,acoustic_full_no_mode,mean_preserving,logf0_mean;logf0_std;logf0_p05;logf0_p50;logf0_p95;logf0_range;rms_mean;rms_std;duration_s;voiced_rate;energy_mean;energy_std,S->G,20,0.05,5,20,0.25,0.1,0.45,0.15,0.6,0.19613920454545453,0.5435520833333333,0.0010626755764983206,0.003957197094382228,0.35,0.36624368686868686,8.0,0.002354626179615188,0.1,0.915875,0.007231379706388874,9
JVS_JVSMuSiC,wavlm_l12,12,47,60_20_20_speaker_disjoint,False,acoustic_full_no_mode,mean_preserving,logf0_mean;logf0_std;logf0_p05;logf0_p50;logf0_p95;logf0_range;rms_mean;rms_std;duration_s;voiced_rate;energy_mean;energy_std,G->S,20,0.05,8,20,0.4,0.2,0.6,0.5,0.9,0.37209532828282826,0.7137152777777777,0.0007046121597607715,0.0037901642072622316,0.7,0.5417676767676767,2.0,0.002354626179615199,0.25,0.915875,0.007231379706388874,9
JVS_JVSMuSiC,wavlm_l12,12,47,60_20_20_speaker_disjoint,False,acoustic_full_no_mode,classic,logf0_mean;logf0_std;logf0_p05;logf0_p50;logf0_p95;logf0_range;rms_mean;rms_std;duration_s;voiced_rate;energy_mean;energy_std,S->G,20,0.05,9,20,0.45,0.24875000000000008,0.65,0.55,0.9,0.4317099567099566,0.7604166666666666,0.1726560538259566,0.37027008377864246,0.75,0.5971049783549783,2.0,0.2795993266083041,0.30000000000000004,0.915875,0.9832562239303876,9
JVS_JVSMuSiC,wavlm_l12,12,47,60_20_20_speaker_disjoint,False,acoustic_full_no_mode,classic,logf0_mean;logf0_std;logf0_p05;logf0_p50;logf0_p95;logf0_range;rms_mean;rms_std;duration_s;voiced_rate;energy_mean;energy_std,G->S,20,0.05,9,20,0.45,0.25,0.65,0.45,0.9,0.37770935457516347,0.7545138888888889,0.1670505613019205,0.38458806089043907,0.65,0.5657883986928105,2.0,0.27959932660830406,0.30000000000000004,0.915875,0.9832562239303876,9
JVS_JVSMuSiC,wavlm_l12,12,47,60_20_20_speaker_disjoint,False,acoustic_full_plus_mode,mean_preserving,logf0_mean;logf0_std;logf0_p05;logf0_p50;logf0_p95;logf0_range;rms_mean;rms_std;duration_s;voiced_rate;energy_mean;energy_std;mode_dummy,S->G,20,0.05,5,20,0.25,0.1,0.45,0.25,0.65,0.2174031099619335,0.5441442577030812,0.0011607634622916314,0.003909987420923232,0.45,0.3674222509516627,6.0,0.0023983181286905686,0.1,0.426875,0.008147800026212848,10
JVS_JVSMuSiC,wavlm_l12,12,47,60_20_20_speaker_disjoint,False,acoustic_full_plus_mode,mean_preserving,logf0_mean;logf0_std;logf0_p05;logf0_p50;logf0_p95;logf0_range;rms_mean;rms_std;duration_s;voiced_rate;energy_mean;energy_std;mode_dummy,G->S,20,0.05,10,20,0.5,0.25,0.7,0.55,0.9,0.4597361111111112,0.8125208333333334,0.0007441230019723687,0.0037435188663498395,0.75,0.6298611111111112,1.5,0.002398318128690563,0.35,0.426875,0.008147800026212848,10
JVS_JVSMuSiC,wavlm_l12,12,47,60_20_20_speaker_disjoint,False,acoustic_full_plus_mode,classic,logf0_mean;logf0_std;logf0_p05;logf0_p50;logf0_p95;logf0_range;rms_mean;rms_std;duration_s;voiced_rate;energy_mean;energy_std;mode_dummy,S->G,20,0.05,10,20,0.5,0.25,0.7,0.55,0.9,0.47011011904761907,0.8023958333333333,0.19471081103991222,0.39292360453278125,0.75,0.6276190476190476,1.5,0.2998738299150501,0.35,0.426875,0.9837702816513736,10
JVS_JVSMuSiC,wavlm_l12,12,47,60_20_20_speaker_disjoint,False,acoustic_full_plus_mode,classic,logf0_mean;logf0_std;logf0_p05;logf0_p50;logf0_p95;logf0_range;rms_mean;rms_std;duration_s;voiced_rate;energy_mean;energy_std;mode_dummy,G->S,20,0.05,9,20,0.45,0.2,0.65,0.55,0.95,0.4389083081950728,0.7851041666666666,0.19367492726747515,0.4009826643345147,0.75,0.6027595525389643,2.0,0.29987382991505007,0.30000000000000004,0.426875,0.9837702816513736,10
JVS_JVSMuSiC,wavlm_l12,12,47,60_20_20_speaker_disjoint,False,single_group_f0,mean_preserving,logf0_mean;logf0_std;logf0_p05;logf0_p50;logf0_p95;logf0_range,S->G,20,0.05,3,20,0.15,0.0,0.3,0.1,0.5,0.15751076736515976,0.43937264507078744,-0.0006771636546966144,0.006342777769996584,0.3,0.28558447980468105,7.0,0.0028456078695004105,0.0,1.0,0.0014872014844818926,5
JVS_JVSMuSiC,wavlm_l12,12,47,60_20_20_speaker_disjoint,False,single_group_f0,mean_preserving,logf0_mean;logf0_std;logf0_p05;logf0_p50;logf0_p95;logf0_range,G->S,20,0.05,1,20,0.05,0.0,0.15,0.3,0.7,0.16593067553361668,0.3601226504296357,-0.000995039995383499,0.005749712805544639,0.5,0.25143379496320667,6.5,0.0028456078695004105,-0.09999999999999999,1.0,0.0014872014844818926,5
JVS_JVSMuSiC,wavlm_l12,12,47,60_20_20_speaker_disjoint,False,single_group_energy,mean_preserving,rms_mean;rms_std;energy_mean;energy_std,S->G,20,0.05,2,20,0.1,0.0,0.25,0.25,0.65,0.15952233999660467,0.40552216227400045,0.0011654581607394982,0.005615944456925847,0.45,0.26743357949240304,7.0,0.0034286205542078895,-0.04999999999999999,0.994,0.004622982635290596,3
JVS_JVSMuSiC,wavlm_l12,12,47,60_20_20_speaker_disjoint,False,single_group_energy,mean_preserving,rms_mean;rms_std;energy_mean;energy_std,G->S,20,0.05,4,20,0.2,0.05,0.4,0.45,0.85,0.28383170648795647,0.5757391826923077,0.002290766132944269,0.004774574681372578,0.65,0.41883498445998446,3.0,0.0034286205542078617,0.05000000000000002,0.994,0.004622982635290596,3
JVS_JVSMuSiC,wavlm_l12,12,47,60_20_20_speaker_disjoint,False,single_group_duration,mean_preserving,duration_s,S->G,20,0.05,6,20,0.3,0.1,0.5,0.45,0.9,0.3145435606060606,0.6182594696969698,0.0019880280929939057,0.005941186382603631,0.7,0.4681168831168831,3.0,0.003684402981461432,0.15,0.928875,0.0029789107138035176,1
JVS_JVSMuSiC,wavlm_l12,12,47,60_20_20_speaker_disjoint,False,single_group_duration,mean_preserving,duration_s,G->S,20,0.05,13,20,0.65,0.45,0.85,0.75,1.0,0.6129114583333334,0.9,0.0003997510122774472,0.005679711484672039,0.9,0.7572916666666666,1.0,0.003684402981461482,0.5,0.928875,0.0029789107138035176,1
JVS_JVSMuSiC,wavlm_l12,12,47,60_20_20_speaker_disjoint,False,single_group_voicing,mean_preserving,voiced_rate,S->G,20,0.05,3,20,0.15,0.0,0.3,0.1,0.5,0.1699534181096681,0.43345269660894664,3.900324758583235e-05,0.007051532642477809,0.3,0.29876172438672444,6.0,0.0035450346857661573,0.0,1.0,0.0,0
JVS_JVSMuSiC,wavlm_l12,12,47,60_20_20_speaker_disjoint,False,single_group_voicing,mean_preserving,voiced_rate,G->S,20,0.05,3,20,0.15,0.0,0.3,0.25,0.7,0.1871220238095238,0.460719696969697,-0.0006524479545093873,0.0067207605854455645,0.45,0.31434884559884557,6.5,0.0035450346857661464,0.0,1.0,0.0,0
JVS_JVSMuSiC,wavlm_l12,12,47,60_20_20_speaker_disjoint,False,full_minus_f0,mean_preserving,rms_mean;rms_std;duration_s;voiced_rate;energy_mean;energy_std,S->G,20,0.05,6,20,0.3,0.1,0.5,0.25,0.7,0.24944841269841267,0.5888754960317459,0.0017461703055021312,0.004485512565943155,0.45,0.40876984126984117,6.5,0.003040734394960154,0.15,0.92,0.006598889011150466,4
JVS_JVSMuSiC,wavlm_l12,12,47,60_20_20_speaker_disjoint,False,full_minus_f0,mean_preserving,rms_mean;rms_std;duration_s;voiced_rate;energy_mean;energy_std,G->S,20,0.05,11,20,0.55,0.35,0.75,0.6,0.95,0.47140327380952385,0.8125223214285714,0.0011486283360444879,0.004583795963527377,0.8,0.6478373015873016,1.0,0.003040734394960154,0.4,0.92,0.006598889011150466,4
JVS_JVSMuSiC,wavlm_l12,12,47,60_20_20_speaker_disjoint,False,full_minus_energy,mean_preserving,logf0_mean;logf0_std;logf0_p05;logf0_p50;logf0_p95;logf0_range;duration_s;voiced_rate,S->G,20,0.05,6,20,0.3,0.1,0.5,0.4,0.8,0.26696090888278384,0.5994999999999999,0.0012818263823445994,0.005404667701524213,0.6,0.4189056776556777,4.5,0.002992775820996252,0.15,0.925625,0.004447640239665596,6
JVS_JVSMuSiC,wavlm_l12,12,47,60_20_20_speaker_disjoint,False,full_minus_energy,mean_preserving,logf0_mean;logf0_std;logf0_p05;logf0_p50;logf0_p95;logf0_range;duration_s;voiced_rate,G->S,20,0.05,13,20,0.65,0.4487500000000001,0.85,0.7,1.0,0.5520882352941177,0.8816776960784313,-6.108664752680694e-05,0.004873023654638979,0.85,0.7262745098039215,1.0,0.00299277582099623,0.5,0.925625,0.004447640239665596,6
JVS_JVSMuSiC,wavlm_l12,12,47,60_20_20_speaker_disjoint,False,full_minus_duration,mean_preserving,logf0_mean;logf0_std;logf0_p05;logf0_p50;logf0_p95;logf0_range;rms_mean;rms_std;voiced_rate;energy_mean;energy_std,S->G,20,0.05,2,20,0.1,0.0,0.25,0.25,0.65,0.15521910279263218,0.4051058177933178,0.0005439883631141928,0.005209810354292411,0.45,0.2590348050642168,7.5,0.0027513494795603833,-0.04999999999999999,0.990375,0.005320502831834606,8
JVS_JVSMuSiC,wavlm_l12,12,47,60_20_20_speaker_disjoint,False,full_minus_duration,mean_preserving,logf0_mean;logf0_std;logf0_p05;logf0_p50;logf0_p95;logf0_range;rms_mean;rms_std;voiced_rate;energy_mean;energy_std,G->S,20,0.05,4,20,0.2,0.05,0.4,0.35,0.75,0.23478382034632034,0.5352259615384616,0.0016063748802469609,0.003927615746593056,0.55,0.3757267732267732,3.5,0.0027513494795604054,0.05000000000000002,0.990375,0.005320502831834606,8
JVS_JVSMuSiC,wavlm_l12,12,47,60_20_20_speaker_disjoint,False,full_minus_voicing,mean_preserving,logf0_mean;logf0_std;logf0_p05;logf0_p50;logf0_p95;logf0_range;rms_mean;rms_std;duration_s;energy_mean;energy_std,S->G,20,0.05,5,20,0.25,0.1,0.45,0.15,0.55,0.20557844065656566,0.5462463699494949,0.0010569780179404036,0.003938671269750093,0.35,0.36624368686868686,8.0,0.0023546261796153546,0.1,0.915875,0.0072313797064058605,9
JVS_JVSMuSiC,wavlm_l12,12,47,60_20_20_speaker_disjoint,False,full_minus_voicing,mean_preserving,logf0_mean;logf0_std;logf0_p05;logf0_p50;logf0_p95;logf0_range;rms_mean;rms_std;duration_s;energy_mean;energy_std,G->S,20,0.05,8,20,0.4,0.2,0.6,0.5,0.9,0.3556496212121212,0.7026748737373736,0.0005756528134653587,0.0038149919400290487,0.7,0.5417676767676767,2.0,0.00235462617961536,0.25,0.915875,0.0072313797064058605,9
JVS_JVSMuSiC,wavlm_l12,12,47,60_20_20_speaker_disjoint,False,row_shuffled_nuisance,mean_preserving,logf0_mean;logf0_std;logf0_p05;logf0_p50;logf0_p95;logf0_range;rms_mean;rms_std;duration_s;voiced_rate;energy_mean;energy_std,S->G,20,0.05,3,20,0.15,0.0,0.3,0.1,0.5,0.16672003517316017,0.4570642361111109,4.92247068854879e-07,0.007071218524040061,0.3,0.2968768037518038,6.5,0.0035194126491694066,0.0,1.0,0.00023024645980818104,9
JVS_JVSMuSiC,wavlm_l12,12,47,60_20_20_speaker_disjoint,False,row_shuffled_nuisance,mean_preserving,logf0_mean;logf0_std;logf0_p05;logf0_p50;logf0_p95;logf0_range;rms_mean;rms_std;duration_s;voiced_rate;energy_mean;energy_std,G->S,20,0.05,3,20,0.15,0.0,0.3,0.25,0.7,0.2045136183261183,0.4788852813852813,-0.00022133608601830122,0.00622185664808504,0.5,0.3363726551226551,5.5,0.0035194126491694343,0.0,1.0,0.00023024645980818104,9
JVS_JVSMuSiC,wavlm_l12,12,47,60_20_20_speaker_disjoint,False,random_gaussian_nuisance,mean_preserving,logf0_mean;logf0_std;logf0_p05;logf0_p50;logf0_p95;logf0_range;rms_mean;rms_std;duration_s;voiced_rate;energy_mean;energy_std,S->G,20,0.05,3,20,0.15,0.0,0.3,0.1,0.45,0.14832532051282052,0.4168387896825396,-0.0001540007965847471,0.0071570398792362225,0.25,0.2753540903540903,7.5,0.003579359334424459,0.0,1.0,2.3847854735081775e-05,12
JVS_JVSMuSiC,wavlm_l12,12,47,60_20_20_speaker_disjoint,False,random_gaussian_nuisance,mean_preserving,logf0_mean;logf0_std;logf0_p05;logf0_p50;logf0_p95;logf0_range;rms_mean;rms_std;duration_s;voiced_rate;energy_mean;energy_std,G->S,20,0.05,4,20,0.2,0.05,0.4,0.25,0.7,0.20706137265512267,0.5082938311688311,-0.0005162645129565738,0.006508828777949776,0.45,0.3518091630591631,6.5,0.003579359334424431,0.05000000000000002,1.0,2.3847854735081775e-05,12
JVS_JVSMuSiC,wavlm_l12,12,47,60_20_20_speaker_disjoint,False,random_low_rank_projection,mean_preserving,random_dir_0;random_dir_1;random_dir_2;random_dir_3;random_dir_4;random_dir_5;random_dir_6;random_dir_7;random_dir_8;random_dir_9;random_dir_10;random_dir_11,S->G,20,0.05,3,20,0.15,0.0,0.3,0.1,0.55,0.179631020021645,0.44318756764069267,9.761461886637432e-05,0.007020769859438862,0.3,0.29876172438672444,6.0,0.003514193209971478,0.0,1.0,0.00015950223599137114,12
JVS_JVSMuSiC,wavlm_l12,12,47,60_20_20_speaker_disjoint,False,random_low_rank_projection,mean_preserving,random_dir_0;random_dir_1;random_dir_2;random_dir_3;random_dir_4;random_dir_5;random_dir_6;random_dir_7;random_dir_8;random_dir_9;random_dir_10;random_dir_11,G->S,20,0.05,3,20,0.15,0.0,0.3,0.25,0.65,0.1899317730880231,0.4645906385281385,-0.0003252961097914337,0.00637235857656722,0.45,0.31434884559884557,6.5,0.0035141932099714834,0.0,1.0,0.00015950223599137114,12
JVS_JVSMuSiC,wavlm_l12,12,53,60_20_20_speaker_disjoint,False,raw,raw,,S->G,20,0.05,2,20,0.1,0.0,0.25,0.1,0.5,0.14277165032679737,0.39871787464985997,-0.0016587123357224244,0.00744495275233504,0.3,0.2568744164332399,8.5,0.003215923218971539,0.0,1.0,0.0,0
JVS_JVSMuSiC,wavlm_l12,12,53,60_20_20_speaker_disjoint,False,raw,raw,,G->S,20,0.05,5,20,0.25,0.1,0.45,0.25,0.65,0.20834835874909402,0.5559474345099344,-0.0005049933486072629,0.00601483483669568,0.45,0.36660244575685746,8.5,0.003215923218971556,0.0,1.0,0.0,0
JVS_JVSMuSiC,wavlm_l12,12,53,60_20_20_speaker_disjoint,False,center_only_classic,classic,,S->G,20,0.05,9,20,0.45,0.25,0.65,0.6,0.95,0.45993749999999994,0.7892291666666666,0.11750314827492188,0.19113587369158216,0.8,0.6266666666666667,2.0,0.1546021174798022,0.35,1.0,0.9767794801949835,0
JVS_JVSMuSiC,wavlm_l12,12,53,60_20_20_speaker_disjoint,False,center_only_classic,classic,,G->S,20,0.05,3,20,0.15,0.0,0.3,0.35,0.75,0.24646769549894554,0.5296185203685204,0.08509799338081324,0.23147377125144034,0.55,0.3757031163281163,3.0,0.15460211747980218,-0.1,1.0,0.9767794801949835,0
JVS_JVSMuSiC,wavlm_l12,12,53,60_20_20_speaker_disjoint,False,mode_dummy_only,mean_preserving,mode_dummy,S->G,20,0.05,6,20,0.3,0.1,0.5,0.45,0.9,0.3496937134502924,0.656704678362573,0.00143382776982919,0.005344547087501192,0.7,0.49568713450292395,2.5,0.003320816620214917,0.19999999999999998,0.356125,0.0029756599689059193,1
JVS_JVSMuSiC,wavlm_l12,12,53,60_20_20_speaker_disjoint,False,mode_dummy_only,mean_preserving,mode_dummy,G->S,20,0.05,11,20,0.55,0.35,0.75,0.55,0.95,0.4618567370129871,0.8183437499999998,0.0009910233755557696,0.004868656391270091,0.75,0.6477002164502165,1.0,0.003320816620214945,0.30000000000000004,0.356125,0.0029756599689059193,1
JVS_JVSMuSiC,wavlm_l12,12,53,60_20_20_speaker_disjoint,False,mode_dummy_only,classic,mode_dummy,S->G,20,0.05,10,20,0.5,0.3,0.75,0.6,0.95,0.5158198051948051,0.825,0.2644670146569125,0.4344628543272187,0.8,0.669426406926407,1.5,0.35155934268279654,0.4,0.356125,0.9797551401638909,1
JVS_JVSMuSiC,wavlm_l12,12,53,60_20_20_speaker_disjoint,False,mode_dummy_only,classic,mode_dummy,G->S,20,0.05,11,20,0.55,0.35,0.75,0.7,1.0,0.508505876068376,0.8267638888888886,0.25515485641089447,0.42934235952129357,0.85,0.6785683760683761,1.0,0.35155934268279665,0.30000000000000004,0.356125,0.9797551401638909,1
JVS_JVSMuSiC,wavlm_l12,12,53,60_20_20_speaker_disjoint,False,acoustic_full_no_mode,mean_preserving,logf0_mean;logf0_std;logf0_p05;logf0_p50;logf0_p95;logf0_range;rms_mean;rms_std;duration_s;voiced_rate;energy_mean;energy_std,S->G,20,0.05,3,20,0.15,0.0,0.3,0.5,0.9,0.2622276708929186,0.5184218450538111,-0.0001808328321792948,0.0034084471581733097,0.7,0.3807711681163693,3.5,0.0017764312498784185,0.04999999999999999,0.897375,0.0049492889182118915,9
JVS_JVSMuSiC,wavlm_l12,12,53,60_20_20_speaker_disjoint,False,acoustic_full_no_mode,mean_preserving,logf0_mean;logf0_std;logf0_p05;logf0_p50;logf0_p95;logf0_range;rms_mean;rms_std;duration_s;voiced_rate;energy_mean;energy_std,G->S,20,0.05,6,20,0.3,0.1,0.5,0.5,0.9,0.30235333526123,0.617063439849624,1.7857076038045345e-05,0.003020873997817197,0.7,0.4577872566030461,3.5,0.0017764312498784241,0.04999999999999999,0.897375,0.0049492889182118915,9
JVS_JVSMuSiC,wavlm_l12,12,53,60_20_20_speaker_disjoint,False,acoustic_full_no_mode,classic,logf0_mean;logf0_std;logf0_p05;logf0_p50;logf0_p95;logf0_range;rms_mean;rms_std;duration_s;voiced_rate;energy_mean;energy_std,S->G,20,0.05,7,20,0.35,0.15,0.55,0.6,0.95,0.40976582080200497,0.7207565789473683,0.15899840536094803,0.2935847829267883,0.8,0.5576911027568923,2.0,0.23086759862907896,0.24999999999999997,0.897375,0.9831286309917195,9
JVS_JVSMuSiC,wavlm_l12,12,53,60_20_20_speaker_disjoint,False,acoustic_full_no_mode,classic,logf0_mean;logf0_std;logf0_p05;logf0_p50;logf0_p95;logf0_range;rms_mean;rms_std;duration_s;voiced_rate;energy_mean;energy_std,G->S,20,0.05,9,20,0.45,0.25,0.65,0.6,0.95,0.45333333333333325,0.7601438492063491,0.15100131086401242,0.301019968357164,0.8,0.6071428571428571,2.0,0.2308675986290789,0.2,0.897375,0.9831286309917195,9
JVS_JVSMuSiC,wavlm_l12,12,53,60_20_20_speaker_disjoint,False,acoustic_full_plus_mode,mean_preserving,logf0_mean;logf0_std;logf0_p05;logf0_p50;logf0_p95;logf0_range;rms_mean;rms_std;duration_s;voiced_rate;energy_mean;energy_std;mode_dummy,S->G,20,0.05,4,20,0.2,0.05,0.4,0.45,0.85,0.2623972039473684,0.570454495614035,-0.0005898922851610371,0.0035953463994837093,0.65,0.4115899122807017,3.5,0.0017733324088139934,0.1,0.349875,0.005568780330795109,10
JVS_JVSMuSiC,wavlm_l12,12,53,60_20_20_speaker_disjoint,False,acoustic_full_plus_mode,mean_preserving,logf0_mean;logf0_std;logf0_p05;logf0_p50;logf0_p95;logf0_range;rms_mean;rms_std;duration_s;voiced_rate;energy_mean;energy_std;mode_dummy,G->S,20,0.05,6,20,0.3,0.1,0.5,0.5,0.9,0.3247902327935222,0.646536943319838,0.0002137036694170376,0.002921393343916468,0.7,0.4753666216824112,3.0,0.0017733324088140157,0.04999999999999999,0.349875,0.005568780330795109,10
JVS_JVSMuSiC,wavlm_l12,12,53,60_20_20_speaker_disjoint,False,acoustic_full_plus_mode,classic,logf0_mean;logf0_std;logf0_p05;logf0_p50;logf0_p95;logf0_range;rms_mean;rms_std;duration_s;voiced_rate;energy_mean;energy_std;mode_dummy,S->G,20,0.05,9,20,0.45,0.25,0.65,0.6,0.95,0.4625842731829574,0.7727145989974936,0.1622998378643941,0.301462194983046,0.8,0.6231077694235589,2.0,0.2370264493268051,0.35,0.349875,0.9836456961319129,10
JVS_JVSMuSiC,wavlm_l12,12,53,60_20_20_speaker_disjoint,False,acoustic_full_plus_mode,classic,logf0_mean;logf0_std;logf0_p05;logf0_p50;logf0_p95;logf0_range;rms_mean;rms_std;duration_s;voiced_rate;energy_mean;energy_std;mode_dummy,G->S,20,0.05,11,20,0.55,0.35,0.75,0.6,0.95,0.49784722222222216,0.8305729166666665,0.1613852210266716,0.30891675639514826,0.8,0.6729166666666667,1.0,0.237026449326805,0.30000000000000004,0.349875,0.9836456961319129,10
JVS_JVSMuSiC,wavlm_l12,12,53,60_20_20_speaker_disjoint,False,single_group_f0,mean_preserving,logf0_mean;logf0_std;logf0_p05;logf0_p50;logf0_p95;logf0_range,S->G,20,0.05,2,20,0.1,0.0,0.25,0.1,0.5,0.13651303598362421,0.3915076851253321,-0.002216669602270647,0.006836167807454773,0.3,0.24383259714142064,9.0,0.002427399178085571,0.0,1.0,0.0012724245053424843,5
JVS_JVSMuSiC,wavlm_l12,12,53,60_20_20_speaker_disjoint,False,single_group_f0,mean_preserving,logf0_mean;logf0_std;logf0_p05;logf0_p50;logf0_p95;logf0_range,G->S,20,0.05,3,20,0.15,0.0,0.3,0.2,0.65,0.18970841640085062,0.4752627342503988,-0.001381290965946901,0.0052196180227756786,0.45,0.32675405369484317,9.0,0.002427399178085565,-0.1,1.0,0.0012724245053424843,5
JVS_JVSMuSiC,wavlm_l12,12,53,60_20_20_speaker_disjoint,False,single_group_energy,mean_preserving,rms_mean;rms_std;energy_mean;energy_std,S->G,20,0.05,3,20,0.15,0.0,0.3,0.25,0.65,0.1794131920710868,0.45469426406926405,-0.0006043691209007678,0.005288700936089601,0.45,0.3032701070858966,7.0,0.002501786899634545,0.04999999999999999,0.9885,0.0019057630008859627,3
JVS_JVSMuSiC,wavlm_l12,12,53,60_20_20_speaker_disjoint,False,single_group_energy,mean_preserving,rms_mean;rms_std;energy_mean;energy_std,G->S,20,0.05,4,20,0.2,0.05,0.4,0.5,0.9,0.2578632036822826,0.5536661184210526,0.0010410640652289947,0.0038233518266100274,0.7,0.3954658280316175,4.0,0.002501786899634545,-0.04999999999999999,0.9885,0.0019057630008859627,3
JVS_JVSMuSiC,wavlm_l12,12,53,60_20_20_speaker_disjoint,False,single_group_duration,mean_preserving,duration_s,S->G,20,0.05,3,20,0.15,0.0,0.3,0.6,0.95,0.29356524122807015,0.5401907894736842,0.0012068377613408494,0.00567461967871099,0.8,0.4222149122807017,3.0,0.0034671183077487344,0.04999999999999999,0.904875,0.002921221896796,1
JVS_JVSMuSiC,wavlm_l12,12,53,60_20_20_speaker_disjoint,False,single_group_duration,mean_preserving,duration_s,G->S,20,0.05,8,20,0.4,0.2,0.6,0.45,0.85,0.3594646544223749,0.7029186958874459,0.000341315992579203,0.005610955723953801,0.65,0.5270302818096935,2.5,0.0034671183077487123,0.15000000000000002,0.904875,0.002921221896796,1
JVS_JVSMuSiC,wavlm_l12,12,53,60_20_20_speaker_disjoint,False,single_group_voicing,mean_preserving,voiced_rate,S->G,20,0.05,2,20,0.1,0.0,0.25,0.1,0.5,0.14319596171802054,0.3854870739962651,-0.0013651204605649625,0.007546945264991262,0.3,0.2568744164332399,8.5,0.003215923218971539,0.0,1.0,0.0,0
JVS_JVSMuSiC,wavlm_l12,12,53,60_20_20_speaker_disjoint,False,single_group_voicing,mean_preserving,voiced_rate,G->S,20,0.05,5,20,0.25,0.05,0.45,0.25,0.65,0.20651309974747475,0.5429106055300909,-0.0007651835182229191,0.006144824882250299,0.45,0.36660244575685746,8.5,0.003215923218971556,0.0,1.0,0.0,0
JVS_JVSMuSiC,wavlm_l12,12,53,60_20_20_speaker_disjoint,False,full_minus_f0,mean_preserving,rms_mean;rms_std;duration_s;voiced_rate;energy_mean;energy_std,S->G,20,0.05,5,20,0.25,0.05,0.45,0.5,0.9,0.27828124287992706,0.5971759085213033,0.00041567398494841534,0.0038883189269816824,0.7,0.43066604448183393,4.0,0.002279497619843135,0.15,0.8985,0.003733374672775458,4
JVS_JVSMuSiC,wavlm_l12,12,53,60_20_20_speaker_disjoint,False,full_minus_f0,mean_preserving,rms_mean;rms_std;duration_s;voiced_rate;energy_mean;energy_std,G->S,20,0.05,7,20,0.35,0.15,0.55,0.45,0.85,0.3252562134502924,0.6685341739766081,0.0005554005068949027,0.0035714600021216673,0.65,0.48832602339181286,3.5,0.0022794976198431405,0.09999999999999998,0.8985,0.003733374672775458,4
JVS_JVSMuSiC,wavlm_l12,12,53,60_20_20_speaker_disjoint,False,full_minus_energy,mean_preserving,logf0_mean;logf0_std;logf0_p05;logf0_p50;logf0_p95;logf0_range;duration_s;voiced_rate,S->G,20,0.05,4,20,0.2,0.05,0.4,0.55,0.9,0.26699117987275883,0.544771749084249,0.00030162361818089617,0.005340737020136395,0.75,0.39362058993637944,4.0,0.00266695417173729,0.1,0.911125,0.0041896257768055944,6
JVS_JVSMuSiC,wavlm_l12,12,53,60_20_20_speaker_disjoint,False,full_minus_energy,mean_preserving,logf0_mean;logf0_std;logf0_p05;logf0_p50;logf0_p95;logf0_range;duration_s;voiced_rate,G->S,20,0.05,6,20,0.3,0.1,0.5,0.35,0.75,0.2922593999138117,0.634023674854557,-0.0004578489158657744,0.004673920203857752,0.55,0.4564897112691231,3.0,0.002666954171737268,0.04999999999999999,0.911125,0.0041896257768055944,6
JVS_JVSMuSiC,wavlm_l12,12,53,60_20_20_speaker_disjoint,False,full_minus_duration,mean_preserving,logf0_mean;logf0_std;logf0_p05;logf0_p50;logf0_p95;logf0_range;rms_mean;rms_std;voiced_rate;energy_mean;energy_std,S->G,20,0.05,2,20,0.1,0.0,0.25,0.15,0.55,0.1461286871023713,0.37145169112685555,-0.0012334456102680183,0.004809344801588333,0.35,0.25097178041256984,7.5,0.0020130224217296266,0.0,0.984,0.00313875778761441,8
JVS_JVSMuSiC,wavlm_l12,12,53,60_20_20_speaker_disjoint,False,full_minus_duration,mean_preserving,logf0_mean;logf0_std;logf0_p05;logf0_p50;logf0_p95;logf0_range;rms_mean;rms_std;voiced_rate;energy_mean;energy_std,G->S,20,0.05,2,20,0.1,0.0,0.25,0.3,0.75,0.1990949969900241,0.44293792999655995,0.0005513300537609166,0.0033264515681713292,0.5,0.3134894220846233,5.5,0.0020130224217296488,-0.15,0.984,0.00313875778761441,8
JVS_JVSMuSiC,wavlm_l12,12,53,60_20_20_speaker_disjoint,False,full_minus_voicing,mean_preserving,logf0_mean;logf0_std;logf0_p05;logf0_p50;logf0_p95;logf0_range;rms_mean;rms_std;duration_s;energy_mean;energy_std,S->G,20,0.05,3,20,0.15,0.0,0.3,0.5,0.8512499999999988,0.2581497708732616,0.5212165831244777,-0.00021413008034901342,0.0034774598918002374,0.7,0.3807711681163693,3.5,0.0017764312498785683,0.04999999999999999,0.897375,0.004949288918210115,9
JVS_JVSMuSiC,wavlm_l12,12,53,60_20_20_speaker_disjoint,False,full_minus_voicing,mean_preserving,logf0_mean;logf0_std;logf0_p05;logf0_p50;logf0_p95;logf0_range;rms_mean;rms_std;duration_s;energy_mean;energy_std,G->S,20,0.05,6,20,0.3,0.1,0.5,0.5,0.9,0.28073697464815883,0.6334935294968189,-0.00010189220091151612,0.0029902934487776207,0.7,0.4577872566030461,3.5,0.0017764312498785573,0.04999999999999999,0.897375,0.004949288918210115,9
JVS_JVSMuSiC,wavlm_l12,12,53,60_20_20_speaker_disjoint,False,row_shuffled_nuisance,mean_preserving,logf0_mean;logf0_std;logf0_p05;logf0_p50;logf0_p95;logf0_range;rms_mean;rms_std;duration_s;voiced_rate;energy_mean;energy_std,S->G,20,0.05,2,20,0.1,0.0,0.25,0.1,0.5,0.15465563725490192,0.399141952614379,-0.0013901418760735973,0.007476364728071341,0.3,0.26393790849673204,8.0,0.003259495840112786,0.0,1.0,-4.277157530085951e-05,10
JVS_JVSMuSiC,wavlm_l12,12,53,60_20_20_speaker_disjoint,False,row_shuffled_nuisance,mean_preserving,logf0_mean;logf0_std;logf0_p05;logf0_p50;logf0_p95;logf0_range;rms_mean;rms_std;duration_s;voiced_rate;energy_mean;energy_std,G->S,20,0.05,4,20,0.2,0.05,0.4,0.25,0.65,0.22216666666666665,0.5254509803921569,-0.0007552178590586462,0.005861210732099033,0.45,0.36657899698340873,7.0,0.0032594958401127084,-0.04999999999999999,1.0,-4.277157530085951e-05,10
JVS_JVSMuSiC,wavlm_l12,12,53,60_20_20_speaker_disjoint,False,random_gaussian_nuisance,mean_preserving,logf0_mean;logf0_std;logf0_p05;logf0_p50;logf0_p95;logf0_range;rms_mean;rms_std;duration_s;voiced_rate;energy_mean;energy_std,S->G,20,0.05,1,20,0.05,0.0,0.15,0.15,0.55,0.13305202497665733,0.33199215102707746,-0.0016930078506584409,0.007532569810221709,0.35,0.22167820333261506,8.5,0.003247627506721218,-0.05,1.0,6.265648646919253e-05,12
JVS_JVSMuSiC,wavlm_l12,12,53,60_20_20_speaker_disjoint,False,random_gaussian_nuisance,mean_preserving,logf0_mean;logf0_std;logf0_p05;logf0_p50;logf0_p95;logf0_range;rms_mean;rms_std;duration_s;voiced_rate;energy_mean;energy_std,G->S,20,0.05,2,20,0.1,0.0,0.25,0.25,0.65,0.1587505184766214,0.4086697382478633,-0.0008929143759743376,0.006173657424874845,0.45,0.28757792860734027,8.5,0.0032476275067212013,-0.15,1.0,6.265648646919253e-05,12
JVS_JVSMuSiC,wavlm_l12,12,53,60_20_20_speaker_disjoint,False,random_low_rank_projection,mean_preserving,random_dir_0;random_dir_1;random_dir_2;random_dir_3;random_dir_4;random_dir_5;random_dir_6;random_dir_7;random_dir_8;random_dir_9;random_dir_10;random_dir_11,S->G,20,0.05,2,20,0.1,0.0,0.25,0.1,0.5,0.1428377100840336,0.3949765989729224,-0.001204030012872619,0.007537796321831644,0.3,0.2568744164332399,8.5,0.003198655245048132,0.0,1.0,0.00016104509404712974,12
JVS_JVSMuSiC,wavlm_l12,12,53,60_20_20_speaker_disjoint,False,random_low_rank_projection,mean_preserving,random_dir_0;random_dir_1;random_dir_2;random_dir_3;random_dir_4;random_dir_5;random_dir_6;random_dir_7;random_dir_8;random_dir_9;random_dir_10;random_dir_11,G->S,20,0.05,5,20,0.25,0.1,0.45,0.25,0.65,0.2115987302117816,0.5289667884199133,-0.0008195326049024768,0.006085456006431701,0.45,0.3707691124235241,8.5,0.0031986552450481544,0.0,1.0,0.00016104509404712974,12
JVS_JVSMuSiC,wavlm_l12,12,59,60_20_20_speaker_disjoint,False,raw,raw,,S->G,20,0.05,2,20,0.1,0.0,0.25,0.25,0.65,0.16225540413533834,0.40314118629908097,0.00037550232554032115,0.004713304149782102,0.45,0.2663022138680033,6.0,0.002510202043857784,0.0,1.0,0.0,0
JVS_JVSMuSiC,wavlm_l12,12,59,60_20_20_speaker_disjoint,False,raw,raw,,G->S,20,0.05,6,20,0.3,0.1,0.5,0.4,0.85,0.3030187728937728,0.6250534188034188,0.0012573163576834838,0.0037291244205626753,0.65,0.463089133089133,3.0,0.00251020204385779,0.0,1.0,0.0,0
JVS_JVSMuSiC,wavlm_l12,12,59,60_20_20_speaker_disjoint,False,center_only_classic,classic,,S->G,20,0.05,10,20,0.5,0.3,0.7,0.75,1.0,0.5375,0.8333333333333333,0.12022641680402518,0.18885776820023997,0.9,0.6875,1.5,0.1541642942027281,0.4,1.0,0.9767877317827056,0
JVS_JVSMuSiC,wavlm_l12,12,59,60_20_20_speaker_disjoint,False,center_only_classic,classic,,G->S,20,0.05,7,20,0.35,0.15,0.5512499999999989,0.5,0.9,0.3441202200577201,0.6761245265151515,0.0650336300694889,0.2318809271271947,0.7,0.5119363275613276,2.0,0.15416429420272806,0.04999999999999999,1.0,0.9767877317827056,0
JVS_JVSMuSiC,wavlm_l12,12,59,60_20_20_speaker_disjoint,False,mode_dummy_only,mean_preserving,mode_dummy,S->G,20,0.05,5,20,0.25,0.09875000000000007,0.45,0.5,0.9,0.3278050595238095,0.606830357142857,0.001851344399063834,0.003310877470287607,0.7,0.45994734432234424,3.0,0.002586176378277116,0.15,0.395625,0.002970057105670554,1
JVS_JVSMuSiC,wavlm_l12,12,59,60_20_20_speaker_disjoint,False,mode_dummy_only,mean_preserving,mode_dummy,G->S,20,0.05,12,20,0.6,0.3987500000000001,0.8,0.75,1.0,0.5807083333333333,0.8933333333333333,0.002018369408413128,0.0031758610035798472,0.9,0.7341666666666666,1.0,0.002586176378277161,0.3,0.395625,0.002970057105670554,1
JVS_JVSMuSiC,wavlm_l12,12,59,60_20_20_speaker_disjoint,False,mode_dummy_only,classic,mode_dummy,S->G,20,0.05,12,20,0.6,0.4,0.8,0.85,1.0,0.5896160714285714,0.8785714285714284,0.2963418758986511,0.42481531516080095,0.95,0.7385714285714285,1.0,0.36332928878151677,0.5,0.395625,0.9797577888883768,1
JVS_JVSMuSiC,wavlm_l12,12,59,60_20_20_speaker_disjoint,False,mode_dummy_only,classic,mode_dummy,G->S,20,0.05,10,20,0.5,0.3,0.7,0.75,1.0,0.5415625,0.825,0.28606134798790406,0.4401074527139427,0.9,0.6875,1.5,0.3633292887815168,0.2,0.395625,0.9797577888883768,1
JVS_JVSMuSiC,wavlm_l12,12,59,60_20_20_speaker_disjoint,False,acoustic_full_no_mode,mean_preserving,logf0_mean;logf0_std;logf0_p05;logf0_p50;logf0_p95;logf0_range;rms_mean;rms_std;duration_s;voiced_rate;energy_mean;energy_std,S->G,20,0.05,7,20,0.35,0.15,0.55,0.45,0.85,0.30982986311933675,0.6391208791208791,0.0013872710877094229,0.0034916937894855287,0.65,0.47832983902062853,3.0,0.002482709353487639,0.24999999999999997,0.829125,0.006393438636894122,9
JVS_JVSMuSiC,wavlm_l12,12,59,60_20_20_speaker_disjoint,False,acoustic_full_no_mode,mean_preserving,logf0_mean;logf0_std;logf0_p05;logf0_p50;logf0_p95;logf0_range;rms_mean;rms_std;duration_s;voiced_rate;energy_mean;energy_std,G->S,20,0.05,13,20,0.65,0.4,0.85,0.7,1.0,0.5684523809523809,0.8910714285714285,0.0017938313572880623,0.0032369328206769384,0.85,0.7404761904761904,1.0,0.002482709353487661,0.35000000000000003,0.829125,0.006393438636894122,9
JVS_JVSMuSiC,wavlm_l12,12,59,60_20_20_speaker_disjoint,False,acoustic_full_no_mode,classic,logf0_mean;logf0_std;logf0_p05;logf0_p50;logf0_p95;logf0_range;rms_mean;rms_std;duration_s;voiced_rate;energy_mean;energy_std,S->G,20,0.05,12,20,0.6,0.4,0.8,0.6,0.95,0.5095563186813186,0.8572321428571428,0.2233049497850652,0.4012587768947528,0.8,0.6895604395604396,1.0,0.31346574480102873,0.5,0.829125,0.9832130209596092,9
JVS_JVSMuSiC,wavlm_l12,12,59,60_20_20_speaker_disjoint,False,acoustic_full_no_mode,classic,logf0_mean;logf0_std;logf0_p05;logf0_p50;logf0_p95;logf0_range;rms_mean;rms_std;duration_s;voiced_rate;energy_mean;energy_std,G->S,20,0.05,10,20,0.5,0.3,0.7012499999999988,0.7,1.0,0.48440170940170946,0.8042628205128204,0.23699863987852757,0.39180679292407894,0.85,0.6465811965811966,1.5,0.3134657448010287,0.2,0.829125,0.9832130209596092,9
JVS_JVSMuSiC,wavlm_l12,12,59,60_20_20_speaker_disjoint,False,acoustic_full_plus_mode,mean_preserving,logf0_mean;logf0_std;logf0_p05;logf0_p50;logf0_p95;logf0_range;rms_mean;rms_std;duration_s;voiced_rate;energy_mean;energy_std;mode_dummy,S->G,20,0.05,5,20,0.25,0.05,0.45,0.4,0.8,0.24075595238095238,0.5486269841269841,0.0014538997283301536,0.0037161749339562978,0.6,0.38190476190476186,4.5,0.002528787689895584,0.15,0.469375,0.006924209375699153,10
JVS_JVSMuSiC,wavlm_l12,12,59,60_20_20_speaker_disjoint,False,acoustic_full_plus_mode,mean_preserving,logf0_mean;logf0_std;logf0_p05;logf0_p50;logf0_p95;logf0_range;rms_mean;rms_std;duration_s;voiced_rate;energy_mean;energy_std;mode_dummy,G->S,20,0.05,14,20,0.7,0.5,0.9,0.7,0.9512499999999988,0.5946428571428571,0.9120089285714285,0.0017869333033308746,0.0032775397734089596,0.85,0.7571428571428571,1.0,0.0025287876898956287,0.39999999999999997,0.469375,0.006924209375699153,10
JVS_JVSMuSiC,wavlm_l12,12,59,60_20_20_speaker_disjoint,False,acoustic_full_plus_mode,classic,logf0_mean;logf0_std;logf0_p05;logf0_p50;logf0_p95;logf0_range;rms_mean;rms_std;duration_s;voiced_rate;energy_mean;energy_std;mode_dummy,S->G,20,0.05,13,20,0.65,0.45,0.85,0.7,1.0,0.5829212662337662,0.8958333333333333,0.2274234224105306,0.409020458964544,0.85,0.7389502164502164,1.0,0.31676157443746794,0.55,0.469375,0.983724144514333,10
JVS_JVSMuSiC,wavlm_l12,12,59,60_20_20_speaker_disjoint,False,acoustic_full_plus_mode,classic,logf0_mean;logf0_std;logf0_p05;logf0_p50;logf0_p95;logf0_range;rms_mean;rms_std;duration_s;voiced_rate;energy_mean;energy_std;mode_dummy,G->S,20,0.05,12,20,0.6,0.4,0.8,0.7,1.0,0.5551417124542125,0.875,0.2346367636422793,0.3942984159728502,0.85,0.7165842490842491,1.0,0.31676157443746794,0.3,0.469375,0.983724144514333,10
JVS_JVSMuSiC,wavlm_l12,12,59,60_20_20_speaker_disjoint,False,single_group_f0,mean_preserving,logf0_mean;logf0_std;logf0_p05;logf0_p50;logf0_p95;logf0_range,S->G,20,0.05,2,20,0.1,0.0,0.25,0.2,0.6,0.13114612644300144,0.36894273088023083,-0.00019317664895378365,0.003929113799056995,0.4,0.23370220057720056,7.5,0.0018969051150031003,0.0,1.0,0.0016847840181115625,5
JVS_JVSMuSiC,wavlm_l12,12,59,60_20_20_speaker_disjoint,False,single_group_f0,mean_preserving,logf0_mean;logf0_std;logf0_p05;logf0_p50;logf0_p95;logf0_range,G->S,20,0.05,6,20,0.3,0.1,0.55,0.3,0.75,0.29594774669774665,0.6219606782106781,0.0009032655670984488,0.0028179088029192546,0.55,0.45275363525363527,3.5,0.001896905115003128,0.0,1.0,0.0016847840181115625,5
JVS_JVSMuSiC,wavlm_l12,12,59,60_20_20_speaker_disjoint,False,single_group_energy,mean_preserving,rms_mean;rms_std;energy_mean;energy_std,S->G,20,0.05,1,20,0.05,0.0,0.15,0.25,0.6512499999999989,0.18020060107376287,0.3636563375350139,0.0013415422847394452,0.004088109037896366,0.45,0.2617705415499533,6.5,0.0027381338951159295,-0.05,0.996625,0.003063639036895882,3
JVS_JVSMuSiC,wavlm_l12,12,59,60_20_20_speaker_disjoint,False,single_group_energy,mean_preserving,rms_mean;rms_std;energy_mean;energy_std,G->S,20,0.05,4,20,0.2,0.05,0.4,0.35,0.8,0.26133192355889723,0.5630029761904762,0.0010522087309335442,0.0043228625140055744,0.6,0.39167919799498746,4.5,0.0027381338951159516,-0.09999999999999998,0.996625,0.003063639036895882,3
JVS_JVSMuSiC,wavlm_l12,12,59,60_20_20_speaker_disjoint,False,single_group_duration,mean_preserving,duration_s,S->G,20,0.05,8,20,0.4,0.2,0.6,0.6,0.95,0.37875577731092436,0.7196286764705881,0.001820517870745528,0.0032353261910840116,0.8,0.5396673669467786,3.0,0.0025437804933010123,0.30000000000000004,0.896625,0.0028881525004356146,1
JVS_JVSMuSiC,wavlm_l12,12,59,60_20_20_speaker_disjoint,False,single_group_duration,mean_preserving,duration_s,G->S,20,0.05,11,20,0.55,0.35,0.75,0.75,1.0,0.5112946428571428,0.8444107142857143,0.0019712445904687633,0.00310914676008186,0.9,0.6752380952380952,1.0,0.002543780493300979,0.25000000000000006,0.896625,0.0028881525004356146,1
JVS_JVSMuSiC,wavlm_l12,12,59,60_20_20_speaker_disjoint,False,single_group_voicing,mean_preserving,voiced_rate,S->G,20,0.05,2,20,0.1,0.0,0.25,0.25,0.65,0.16474715434419387,0.4022729479949875,0.00045885490220615844,0.0045013352409910504,0.45,0.2663022138680033,6.0,0.002510202043857784,0.0,1.0,0.0,0
JVS_JVSMuSiC,wavlm_l12,12,59,60_20_20_speaker_disjoint,False,single_group_voicing,mean_preserving,voiced_rate,G->S,20,0.05,6,20,0.3,0.1,0.5,0.45,0.85,0.2980474664224664,0.6446011904761904,0.0011163950794193453,0.0036721896406801536,0.65,0.463089133089133,3.0,0.00251020204385779,0.0,1.0,0.0,0
JVS_JVSMuSiC,wavlm_l12,12,59,60_20_20_speaker_disjoint,False,full_minus_f0,mean_preserving,rms_mean;rms_std;duration_s;voiced_rate;energy_mean;energy_std,S->G,20,0.05,7,20,0.35,0.15,0.55,0.45,0.85,0.31718625992063487,0.650644097222222,0.001669303013407698,0.003667663407230693,0.65,0.49360119047619044,3.0,0.002743967707754741,0.24999999999999997,0.816625,0.004795781854854186,4
JVS_JVSMuSiC,wavlm_l12,12,59,60_20_20_speaker_disjoint,False,full_minus_f0,mean_preserving,rms_mean;rms_std;duration_s;voiced_rate;energy_mean;energy_std,G->S,20,0.05,13,20,0.65,0.45,0.85,0.69875,1.0,0.5672676282051282,0.9062860576923076,0.0018923119616472159,0.003635237314214388,0.85,0.7467628205128205,1.0,0.002743967707754774,0.35000000000000003,0.816625,0.004795781854854186,4
JVS_JVSMuSiC,wavlm_l12,12,59,60_20_20_speaker_disjoint,False,full_minus_energy,mean_preserving,logf0_mean;logf0_std;logf0_p05;logf0_p50;logf0_p95;logf0_range;duration_s;voiced_rate,S->G,20,0.05,6,20,0.3,0.1,0.5,0.55,0.9,0.30456182012432004,0.653201583139083,0.0011169507905125018,0.0026731027494225133,0.75,0.47533605283605285,3.0,0.0019087680867935163,0.19999999999999998,0.898875,0.004586487816140461,6
JVS_JVSMuSiC,wavlm_l12,12,59,60_20_20_speaker_disjoint,False,full_minus_energy,mean_preserving,logf0_mean;logf0_std;logf0_p05;logf0_p50;logf0_p95;logf0_range;duration_s;voiced_rate,G->S,20,0.05,8,20,0.4,0.2,0.6,0.55,0.9,0.4147470238095238,0.7379910714285712,0.0013917628626919506,0.002323776420394447,0.75,0.5772619047619048,2.0,0.0019087680867935497,0.10000000000000003,0.898875,0.004586487816140461,6
JVS_JVSMuSiC,wavlm_l12,12,59,60_20_20_speaker_disjoint,False,full_minus_duration,mean_preserving,logf0_mean;logf0_std;logf0_p05;logf0_p50;logf0_p95;logf0_range;rms_mean;rms_std;voiced_rate;energy_mean;energy_std,S->G,20,0.05,1,20,0.05,0.0,0.15,0.35,0.75,0.17210468266253873,0.36736529743476337,0.0009443558238558717,0.003786334821988518,0.55,0.2569418030370042,4.5,0.002422492294957462,-0.05,0.997125,0.004669012561530406,8
JVS_JVSMuSiC,wavlm_l12,12,59,60_20_20_speaker_disjoint,False,full_minus_duration,mean_preserving,logf0_mean;logf0_std;logf0_p05;logf0_p50;logf0_p95;logf0_range;rms_mean;rms_std;voiced_rate;energy_mean;energy_std,G->S,20,0.05,4,20,0.2,0.05,0.35,0.3,0.7,0.2169080298786181,0.5066916433239962,0.0010870606044649364,0.003946434667855042,0.5,0.3536951447245565,5.5,0.00242249229495749,-0.09999999999999998,0.997125,0.004669012561530406,8
JVS_JVSMuSiC,wavlm_l12,12,59,60_20_20_speaker_disjoint,False,full_minus_voicing,mean_preserving,logf0_mean;logf0_std;logf0_p05;logf0_p50;logf0_p95;logf0_range;rms_mean;rms_std;duration_s;energy_mean;energy_std,S->G,20,0.05,7,20,0.35,0.15,0.55,0.4487500000000001,0.85,0.31547698874590313,0.6422006337960285,0.0014253960561459343,0.003458875084020273,0.65,0.47832983902062853,3.0,0.0024827093534876333,0.24999999999999997,0.829125,0.006393438636895565,9
JVS_JVSMuSiC,wavlm_l12,12,59,60_20_20_speaker_disjoint,False,full_minus_voicing,mean_preserving,logf0_mean;logf0_std;logf0_p05;logf0_p50;logf0_p95;logf0_range;rms_mean;rms_std;duration_s;energy_mean;energy_std,G->S,20,0.05,13,20,0.65,0.4,0.85,0.65,1.0,0.5648809523809524,0.8875892857142856,0.0018114901305147368,0.003358633258803565,0.85,0.7404761904761904,1.0,0.0024827093534876997,0.35000000000000003,0.829125,0.006393438636895565,9
JVS_JVSMuSiC,wavlm_l12,12,59,60_20_20_speaker_disjoint,False,row_shuffled_nuisance,mean_preserving,logf0_mean;logf0_std;logf0_p05;logf0_p50;logf0_p95;logf0_range;rms_mean;rms_std;duration_s;voiced_rate;energy_mean;energy_std,S->G,20,0.05,2,20,0.1,0.0,0.25,0.3,0.7,0.15956727994227993,0.392263437950938,0.00040075276193680395,0.0048526462004974775,0.5,0.26768037518037513,5.5,0.0025443236601884025,0.0,1.0,9.252455068586851e-05,9
JVS_JVSMuSiC,wavlm_l12,12,59,60_20_20_speaker_disjoint,False,row_shuffled_nuisance,mean_preserving,logf0_mean;logf0_std;logf0_p05;logf0_p50;logf0_p95;logf0_range;rms_mean;rms_std;duration_s;voiced_rate;energy_mean;energy_std,G->S,20,0.05,7,20,0.35,0.15,0.5512499999999989,0.5,0.9,0.31475918444300793,0.6765080532212884,0.001266289922858232,0.003596364450837858,0.7,0.48968110321051495,3.0,0.002544323660188419,0.04999999999999999,1.0,9.252455068586851e-05,9
JVS_JVSMuSiC,wavlm_l12,12,59,60_20_20_speaker_disjoint,False,random_gaussian_nuisance,mean_preserving,logf0_mean;logf0_std;logf0_p05;logf0_p50;logf0_p95;logf0_range;rms_mean;rms_std;duration_s;voiced_rate;energy_mean;energy_std,S->G,20,0.05,2,20,0.1,0.0,0.25,0.3,0.75,0.15801275205058105,0.3905491000227842,0.0003297787430732946,0.0047795965835049775,0.5,0.26546337434495326,6.0,0.002540789767572238,0.0,1.0,0.0001294423249281751,12
JVS_JVSMuSiC,wavlm_l12,12,59,60_20_20_speaker_disjoint,False,random_gaussian_nuisance,mean_preserving,logf0_mean;logf0_std;logf0_p05;logf0_p50;logf0_p95;logf0_range;rms_mean;rms_std;duration_s;voiced_rate;energy_mean;energy_std,G->S,20,0.05,5,20,0.25,0.05,0.45,0.45,0.85,0.2892875457875458,0.602958257020757,0.0013574370397816935,0.0035601086955877135,0.65,0.44386294261294257,2.5,0.00254078976757226,-0.04999999999999999,1.0,0.0001294423249281751,12
JVS_JVSMuSiC,wavlm_l12,12,59,60_20_20_speaker_disjoint,False,random_low_rank_projection,mean_preserving,random_dir_0;random_dir_1;random_dir_2;random_dir_3;random_dir_4;random_dir_5;random_dir_6;random_dir_7;random_dir_8;random_dir_9;random_dir_10;random_dir_11,S->G,20,0.05,2,20,0.1,0.0,0.25,0.25,0.65,0.16418506493506493,0.3928418560606061,0.00036413425045813574,0.004384616073040356,0.45,0.26571608946608943,6.0,0.0024904038671246685,0.0,1.0,0.00024329062683903224,12
JVS_JVSMuSiC,wavlm_l12,12,59,60_20_20_speaker_disjoint,False,random_low_rank_projection,mean_preserving,random_dir_0;random_dir_1;random_dir_2;random_dir_3;random_dir_4;random_dir_5;random_dir_6;random_dir_7;random_dir_8;random_dir_9;random_dir_10;random_dir_11,G->S,20,0.05,6,20,0.3,0.1,0.5,0.45,0.85,0.29838558500323203,0.6302159017453133,0.0013023244967457716,0.0035953994446834598,0.65,0.4549191984486102,3.0,0.0024904038671246685,0.0,1.0,0.00024329062683903224,12
JVS_JVSMuSiC,wavlm_l12,12,61,60_20_20_speaker_disjoint,False,raw,raw,,S->G,20,0.05,3,20,0.15,0.0,0.3,0.15,0.55,0.14637126762126762,0.4209115988178488,-0.0014642115720328874,0.005193389577075102,0.35,0.276186174936175,7.5,0.0021557396851379362,0.0,1.0,0.0,0
JVS_JVSMuSiC,wavlm_l12,12,61,60_20_20_speaker_disjoint,False,raw,raw,,G->S,20,0.05,3,20,0.15,0.0,0.30124999999999885,0.35,0.75,0.21224461322990731,0.4835908613445378,0.00085229252158774,0.0033699522974738076,0.55,0.3406808877397113,4.0,0.0021557396851379696,0.0,1.0,0.0,0
JVS_JVSMuSiC,wavlm_l12,12,61,60_20_20_speaker_disjoint,False,center_only_classic,classic,,S->G,20,0.05,9,20,0.45,0.25,0.65,0.85,1.0,0.49083333333333334,0.7966875,0.11216966622015295,0.17058245526960067,0.95,0.64,2.0,0.142939495446337,0.30000000000000004,1.0,0.9768019793339744,0
JVS_JVSMuSiC,wavlm_l12,12,61,60_20_20_speaker_disjoint,False,center_only_classic,classic,,G->S,20,0.05,3,20,0.15,0.0,0.3,0.4,0.8,0.21192635328422868,0.4707225278269201,0.06274421988795537,0.21843593199567582,0.6,0.3300736711688724,4.0,0.14293949544633702,0.0,1.0,0.9768019793339744,0
JVS_JVSMuSiC,wavlm_l12,12,61,60_20_20_speaker_disjoint,False,mode_dummy_only,mean_preserving,mode_dummy,S->G,20,0.05,8,20,0.4,0.2,0.6012499999999988,0.55,0.9,0.3993214285714286,0.7350416666666667,0.000638948233438859,0.0033155308220615856,0.75,0.5702380952380952,2.0,0.0022149489754425267,0.25,0.52875,0.002975905126722078,1
JVS_JVSMuSiC,wavlm_l12,12,61,60_20_20_speaker_disjoint,False,mode_dummy_only,mean_preserving,mode_dummy,G->S,20,0.05,11,20,0.55,0.35,0.75,0.75,1.0,0.533392857142857,0.8388869047619046,0.0017376373119250088,0.0026739492768239684,0.9,0.6893223443223443,1.0,0.0022149489754425154,0.4,0.52875,0.002975905126722078,1
JVS_JVSMuSiC,wavlm_l12,12,61,60_20_20_speaker_disjoint,False,mode_dummy_only,classic,mode_dummy,S->G,20,0.05,10,20,0.5,0.3,0.7,0.7,1.0,0.49615625,0.8162499999999999,0.25969322956285323,0.41709571309661825,0.85,0.6608333333333333,1.5,0.3408117312498226,0.35,0.52875,0.9797778844606965,1
JVS_JVSMuSiC,wavlm_l12,12,61,60_20_20_speaker_disjoint,False,mode_dummy_only,classic,mode_dummy,G->S,20,0.05,11,20,0.55,0.35,0.75,0.65,0.95,0.5183333333333333,0.8383333333333333,0.26506651583280566,0.409628217006054,0.8,0.6816666666666666,1.0,0.3408117312498226,0.4,0.52875,0.9797778844606965,1
JVS_JVSMuSiC,wavlm_l12,12,61,60_20_20_speaker_disjoint,False,acoustic_full_no_mode,mean_preserving,logf0_mean;logf0_std;logf0_p05;logf0_p50;logf0_p95;logf0_range;rms_mean;rms_std;duration_s;voiced_rate;energy_mean;energy_std,S->G,20,0.05,6,20,0.3,0.1,0.5,0.3,0.75,0.288766134085213,0.6058518170426065,-0.0002849594840727788,0.003127718602007039,0.55,0.4415601503759398,3.5,0.0016219539318748587,0.15,0.896625,0.005127250515977733,9
JVS_JVSMuSiC,wavlm_l12,12,61,60_20_20_speaker_disjoint,False,acoustic_full_no_mode,mean_preserving,logf0_mean;logf0_std;logf0_p05;logf0_p50;logf0_p95;logf0_range;rms_mean;rms_std;duration_s;voiced_rate;energy_mean;energy_std,G->S,20,0.05,12,20,0.6,0.4,0.8,0.55,0.9,0.49551488095238094,0.8441785714285713,0.001063631949852127,0.0021508200305608662,0.75,0.6807142857142856,1.0,0.0016219539318748422,0.44999999999999996,0.896625,0.005127250515977733,9
JVS_JVSMuSiC,wavlm_l12,12,61,60_20_20_speaker_disjoint,False,acoustic_full_no_mode,classic,logf0_mean;logf0_std;logf0_p05;logf0_p50;logf0_p95;logf0_range;rms_mean;rms_std;duration_s;voiced_rate;energy_mean;energy_std,S->G,20,0.05,8,20,0.4,0.2,0.65,0.55,0.9,0.3782671182983683,0.7197594696969696,0.15529277620827553,0.32835744519157356,0.75,0.5479054972804972,2.5,0.24649873459514954,0.25,0.896625,0.9832663568203311,9
JVS_JVSMuSiC,wavlm_l12,12,61,60_20_20_speaker_disjoint,False,acoustic_full_no_mode,classic,logf0_mean;logf0_std;logf0_p05;logf0_p50;logf0_p95;logf0_range;rms_mean;rms_std;duration_s;voiced_rate;energy_mean;energy_std,G->S,20,0.05,11,20,0.55,0.35,0.75,0.6,0.95,0.5206765350877193,0.8350138888888888,0.1578302334778006,0.32758594971472893,0.8,0.680687134502924,1.0,0.24649873459514957,0.4,0.896625,0.9832663568203311,9
JVS_JVSMuSiC,wavlm_l12,12,61,60_20_20_speaker_disjoint,False,acoustic_full_plus_mode,mean_preserving,logf0_mean;logf0_std;logf0_p05;logf0_p50;logf0_p95;logf0_range;rms_mean;rms_std;duration_s;voiced_rate;energy_mean;energy_std;mode_dummy,S->G,20,0.05,7,20,0.35,0.15,0.55,0.4,0.85,0.34264446125340087,0.6664172882071489,-0.0008640215912682184,0.0031347481719872406,0.65,0.5027497889107797,2.5,0.0014673541263631074,0.19999999999999998,0.620625,0.005630074212696012,10
JVS_JVSMuSiC,wavlm_l12,12,61,60_20_20_speaker_disjoint,False,acoustic_full_plus_mode,mean_preserving,logf0_mean;logf0_std;logf0_p05;logf0_p50;logf0_p95;logf0_range;rms_mean;rms_std;duration_s;voiced_rate;energy_mean;energy_std;mode_dummy,G->S,20,0.05,11,20,0.55,0.35,0.75,0.65,0.95,0.5015246848739495,0.8375110294117647,0.0009185298285525914,0.0020097532394068064,0.8,0.6685959383753501,1.0,0.0014673541263630018,0.4,0.620625,0.005630074212696012,10
JVS_JVSMuSiC,wavlm_l12,12,61,60_20_20_speaker_disjoint,False,acoustic_full_plus_mode,classic,logf0_mean;logf0_std;logf0_p05;logf0_p50;logf0_p95;logf0_range;rms_mean;rms_std;duration_s;voiced_rate;energy_mean;energy_std;mode_dummy,S->G,20,0.05,8,20,0.4,0.2,0.6012499999999988,0.55,0.95,0.37348827030812326,0.7183660714285715,0.12910119076079826,0.32772553447573954,0.75,0.5361554621848739,3.0,0.23484542991010343,0.25,0.620625,0.983775311059964,10
JVS_JVSMuSiC,wavlm_l12,12,61,60_20_20_speaker_disjoint,False,acoustic_full_plus_mode,classic,logf0_mean;logf0_std;logf0_p05;logf0_p50;logf0_p95;logf0_range;rms_mean;rms_std;duration_s;voiced_rate;energy_mean;energy_std;mode_dummy,G->S,20,0.05,11,20,0.55,0.35,0.75,0.6,0.95,0.48583333333333334,0.85,0.14546671558032154,0.31770252763675666,0.8,0.6741666666666666,1.0,0.2348454299101035,0.4,0.620625,0.983775311059964,10
JVS_JVSMuSiC,wavlm_l12,12,61,60_20_20_speaker_disjoint,False,single_group_f0,mean_preserving,logf0_mean;logf0_std;logf0_p05;logf0_p50;logf0_p95;logf0_range,S->G,20,0.05,2,20,0.1,0.0,0.25,0.15,0.55,0.11924335631688573,0.36577255261078784,-0.0022707770328042123,0.004648037117761158,0.35,0.22541217769158947,9.0,0.0012846768526563635,-0.04999999999999999,1.0,0.0013204632078797074,5
JVS_JVSMuSiC,wavlm_l12,12,61,60_20_20_speaker_disjoint,False,single_group_f0,mean_preserving,logf0_mean;logf0_std;logf0_p05;logf0_p50;logf0_p95;logf0_range,G->S,20,0.05,3,20,0.15,0.0,0.3,0.25,0.65,0.19125992063492064,0.4605678186944634,4.444693494956521e-05,0.0024197479298679074,0.45,0.31009370015948956,6.5,0.0012846768526564023,0.0,1.0,0.0013204632078797074,5
JVS_JVSMuSiC,wavlm_l12,12,61,60_20_20_speaker_disjoint,False,single_group_energy,mean_preserving,rms_mean;rms_std;energy_mean;energy_std,S->G,20,0.05,2,20,0.1,0.0,0.25,0.2,0.6,0.15072443702131202,0.401438244047619,-0.0006817630405360678,0.005100058086079731,0.4,0.26104041791541793,7.0,0.0024160903259821285,-0.04999999999999999,0.976125,0.002389161075496138,3
JVS_JVSMuSiC,wavlm_l12,12,61,60_20_20_speaker_disjoint,False,single_group_energy,mean_preserving,rms_mean;rms_std;energy_mean;energy_std,G->S,20,0.05,6,20,0.3,0.1,0.5,0.35,0.8,0.2959093045112782,0.621437813283208,0.0011967781106062944,0.003503985744248835,0.6,0.4611801137459032,3.0,0.0024160903259821008,0.15,0.976125,0.002389161075496138,3
JVS_JVSMuSiC,wavlm_l12,12,61,60_20_20_speaker_disjoint,False,single_group_duration,mean_preserving,duration_s,S->G,20,0.05,6,20,0.3,0.1,0.5,0.65,1.0,0.3721220238095238,0.6743035714285713,0.0008924162485403657,0.003381891962828415,0.85,0.5192261904761905,2.0,0.0023617510932031514,0.15,0.93875,0.002947810503496684,1
JVS_JVSMuSiC,wavlm_l12,12,61,60_20_20_speaker_disjoint,False,single_group_duration,mean_preserving,duration_s,G->S,20,0.05,11,20,0.55,0.34875000000000006,0.75,0.75,1.0,0.5488095238095239,0.8559821428571429,0.0019161880580301888,0.0028329847781389536,0.9,0.7113095238095238,1.0,0.002361751093203218,0.4,0.93875,0.002947810503496684,1
JVS_JVSMuSiC,wavlm_l12,12,61,60_20_20_speaker_disjoint,False,single_group_voicing,mean_preserving,voiced_rate,S->G,20,0.05,3,20,0.15,0.0,0.3,0.15,0.55,0.14763652666777666,0.43426232448107444,-0.001705229523448551,0.005311610831738026,0.35,0.276186174936175,7.5,0.0021557396851379362,0.0,1.0,0.0,0
JVS_JVSMuSiC,wavlm_l12,12,61,60_20_20_speaker_disjoint,False,single_group_voicing,mean_preserving,voiced_rate,G->S,20,0.05,3,20,0.15,0.0,0.3,0.35,0.75,0.2202010207929325,0.4799536064425769,0.0009076694013926976,0.0033381082816628664,0.55,0.3406808877397113,4.0,0.0021557396851379696,0.0,1.0,0.0,0
JVS_JVSMuSiC,wavlm_l12,12,61,60_20_20_speaker_disjoint,False,full_minus_f0,mean_preserving,rms_mean;rms_std;duration_s;voiced_rate;energy_mean;energy_std,S->G,20,0.05,9,20,0.45,0.25,0.65,0.5,0.9,0.3866691468253968,0.73959375,0.0006125135071956997,0.0038784721799400763,0.7,0.5692658730158731,2.0,0.002442210789748178,0.30000000000000004,0.898875,0.004156010498507223,4
JVS_JVSMuSiC,wavlm_l12,12,61,60_20_20_speaker_disjoint,False,full_minus_f0,mean_preserving,rms_mean;rms_std;duration_s;voiced_rate;energy_mean;energy_std,G->S,20,0.05,14,20,0.7,0.5,0.85,0.6,0.95,0.571265931372549,0.9175526960784314,0.0017361257217681331,0.0031277675984230863,0.8,0.7487745098039216,1.0,0.0024422107897481673,0.5499999999999999,0.898875,0.004156010498507223,4
JVS_JVSMuSiC,wavlm_l12,12,61,60_20_20_speaker_disjoint,False,full_minus_energy,mean_preserving,logf0_mean;logf0_std;logf0_p05;logf0_p50;logf0_p95;logf0_range;duration_s;voiced_rate,S->G,20,0.05,4,20,0.2,0.05,0.4,0.34875000000000006,0.75,0.24755665902724727,0.5440269607843138,-0.00015311785169219852,0.0025078297966786896,0.55,0.3873675833969952,3.5,0.0014660511747710049,0.05000000000000002,0.934875,0.0042606208371117615,6
JVS_JVSMuSiC,wavlm_l12,12,61,60_20_20_speaker_disjoint,False,full_minus_energy,mean_preserving,logf0_mean;logf0_std;logf0_p05;logf0_p50;logf0_p95;logf0_range;duration_s;voiced_rate,G->S,20,0.05,7,20,0.35,0.15,0.55,0.55,0.95,0.42079166666666656,0.7208333333333333,0.0011234662972798002,0.001795329450169449,0.75,0.5633333333333334,2.0,0.001466051174771027,0.19999999999999998,0.934875,0.0042606208371117615,6
JVS_JVSMuSiC,wavlm_l12,12,61,60_20_20_speaker_disjoint,False,full_minus_duration,mean_preserving,logf0_mean;logf0_std;logf0_p05;logf0_p50;logf0_p95;logf0_range;rms_mean;rms_std;voiced_rate;energy_mean;energy_std,S->G,20,0.05,1,20,0.05,0.0,0.15,0.15,0.55,0.1332934789883319,0.3303506240491534,-0.0014744447972340295,0.004290772605777961,0.35,0.22248413351354532,9.0,0.0016333325311375657,-0.09999999999999999,0.977,0.0033980915011097013,8
JVS_JVSMuSiC,wavlm_l12,12,61,60_20_20_speaker_disjoint,False,full_minus_duration,mean_preserving,logf0_mean;logf0_std;logf0_p05;logf0_p50;logf0_p95;logf0_range;rms_mean;rms_std;voiced_rate;energy_mean;energy_std,G->S,20,0.05,5,20,0.25,0.09875000000000007,0.45,0.35,0.75,0.2618708062770562,0.5742248376623375,0.0006070989509072199,0.0026263029592314274,0.55,0.410755772005772,4.0,0.0016333325311375935,0.1,0.977,0.0033980915011097013,8
JVS_JVSMuSiC,wavlm_l12,12,61,60_20_20_speaker_disjoint,False,full_minus_voicing,mean_preserving,logf0_mean;logf0_std;logf0_p05;logf0_p50;logf0_p95;logf0_range;rms_mean;rms_std;duration_s;energy_mean;energy_std,S->G,20,0.05,6,20,0.3,0.1,0.5,0.35,0.75,0.27072384085213036,0.6160925751879698,-0.00021399655986669203,0.0031054416448547738,0.55,0.4415601503759398,3.5,0.0016219539318748921,0.15,0.896625,0.005127250515977733,9
JVS_JVSMuSiC,wavlm_l12,12,61,60_20_20_speaker_disjoint,False,full_minus_voicing,mean_preserving,logf0_mean;logf0_std;logf0_p05;logf0_p50;logf0_p95;logf0_range;rms_mean;rms_std;duration_s;energy_mean;energy_std,G->S,20,0.05,12,20,0.6,0.3987500000000001,0.8,0.55,0.9,0.48958035714285714,0.8402529761904762,0.0010609366487987118,0.0021070516281110926,0.75,0.6807142857142856,1.0,0.0016219539318748865,0.44999999999999996,0.896625,0.005127250515977733,9
JVS_JVSMuSiC,wavlm_l12,12,61,60_20_20_speaker_disjoint,False,row_shuffled_nuisance,mean_preserving,logf0_mean;logf0_std;logf0_p05;logf0_p50;logf0_p95;logf0_range;rms_mean;rms_std;duration_s;voiced_rate;energy_mean;energy_std,S->G,20,0.05,3,20,0.15,0.0,0.3,0.2,0.6,0.15041765398344342,0.4296144005847953,-0.0018274047487503993,0.0058367181914337745,0.4,0.2867802080959976,8.0,0.0021644272429587608,0.0,1.0,-1.4248693144258695e-05,9
JVS_JVSMuSiC,wavlm_l12,12,61,60_20_20_speaker_disjoint,False,row_shuffled_nuisance,mean_preserving,logf0_mean;logf0_std;logf0_p05;logf0_p50;logf0_p95;logf0_range;rms_mean;rms_std;duration_s;voiced_rate;energy_mean;energy_std,G->S,20,0.05,1,20,0.05,0.0,0.15,0.3,0.7,0.17228352723665225,0.3679222132034632,0.000995995701864909,0.003328523808443646,0.5,0.2614006132756132,5.5,0.002164427242958711,-0.09999999999999999,1.0,-1.4248693144258695e-05,9
JVS_JVSMuSiC,wavlm_l12,12,61,60_20_20_speaker_disjoint,False,random_gaussian_nuisance,mean_preserving,logf0_mean;logf0_std;logf0_p05;logf0_p50;logf0_p95;logf0_range;rms_mean;rms_std;duration_s;voiced_rate;energy_mean;energy_std,S->G,20,0.05,3,20,0.15,0.0,0.35,0.2,0.6,0.16280666993824888,0.43503271837811314,-0.002096480780741043,0.005644748127023742,0.4,0.28853872735451686,8.0,0.0021885473346879404,0.0,1.0,0.00012614109239239557,12
JVS_JVSMuSiC,wavlm_l12,12,61,60_20_20_speaker_disjoint,False,random_gaussian_nuisance,mean_preserving,logf0_mean;logf0_std;logf0_p05;logf0_p50;logf0_p95;logf0_range;rms_mean;rms_std;duration_s;voiced_rate;energy_mean;energy_std,G->S,20,0.05,2,20,0.1,0.0,0.25,0.35,0.75,0.1914999522536287,0.4389369111280876,0.0009863047510867695,0.003388370351338567,0.55,0.30177234530175706,4.5,0.0021885473346879513,-0.04999999999999999,1.0,0.00012614109239239557,12
JVS_JVSMuSiC,wavlm_l12,12,61,60_20_20_speaker_disjoint,False,random_low_rank_projection,mean_preserving,random_dir_0;random_dir_1;random_dir_2;random_dir_3;random_dir_4;random_dir_5;random_dir_6;random_dir_7;random_dir_8;random_dir_9;random_dir_10;random_dir_11,S->G,20,0.05,2,20,0.1,0.0,0.25,0.15,0.55,0.14047196206571208,0.38075634088134086,-0.0018790292221282285,0.005313314558503853,0.35,0.25118617493617496,7.5,0.0021396384781878497,-0.04999999999999999,1.0,0.00017999999057605187,12
JVS_JVSMuSiC,wavlm_l12,12,61,60_20_20_speaker_disjoint,False,random_low_rank_projection,mean_preserving,random_dir_0;random_dir_1;random_dir_2;random_dir_3;random_dir_4;random_dir_5;random_dir_6;random_dir_7;random_dir_8;random_dir_9;random_dir_10;random_dir_11,G->S,20,0.05,3,20,0.15,0.0,0.35,0.35,0.75,0.20286544521654815,0.48298852617970256,0.0009897261546038504,0.0032520228324535464,0.55,0.3397880305968541,4.0,0.002139638478187861,0.0,1.0,0.00017999999057605187,12
JVS_JVSMuSiC,wavlm_l12,12,67,60_20_20_speaker_disjoint,False,raw,raw,,S->G,20,0.05,2,20,0.1,0.0,0.25,0.2,0.6,0.13940517162575985,0.384978812445724,0.0001708132100207921,0.004451523173350954,0.4,0.2486329356917592,9.0,0.0023033056423011735,0.0,1.0,0.0,0
JVS_JVSMuSiC,wavlm_l12,12,67,60_20_20_speaker_disjoint,False,raw,raw,,G->S,20,0.05,6,20,0.3,0.1,0.5,0.25,0.6512499999999989,0.24059434142246636,0.5799667658730158,0.0007465778509903247,0.003804672339000564,0.45,0.403895757020757,6.0,0.0023033056423012177,0.0,1.0,0.0,0
JVS_JVSMuSiC,wavlm_l12,12,67,60_20_20_speaker_disjoint,False,center_only_classic,classic,,S->G,20,0.05,12,20,0.6,0.4,0.8,0.85,1.0,0.5623630952380951,0.861672619047619,0.10252617578727288,0.1870395411895131,0.95,0.7219047619047618,1.0,0.1411578452951739,0.5,1.0,0.9767742950524633,0
JVS_JVSMuSiC,wavlm_l12,12,67,60_20_20_speaker_disjoint,False,center_only_classic,classic,,G->S,20,0.05,3,20,0.15,0.0,0.3,0.25,0.65,0.21380284043441944,0.4849113408521302,0.06167001005491407,0.2211961205336108,0.45,0.33921888053467,6.0,0.14115784529517386,-0.15,1.0,0.9767742950524633,0
JVS_JVSMuSiC,wavlm_l12,12,67,60_20_20_speaker_disjoint,False,mode_dummy_only,mean_preserving,mode_dummy,S->G,20,0.05,8,20,0.4,0.2,0.6,0.5,0.9,0.40977809873949583,0.7361340161064425,0.0016321871965472683,0.003076139241572667,0.7,0.5641018907563025,2.0,0.002377688318399296,0.30000000000000004,0.4525,0.0029743936378989755,1
JVS_JVSMuSiC,wavlm_l12,12,67,60_20_20_speaker_disjoint,False,mode_dummy_only,mean_preserving,mode_dummy,G->S,20,0.05,12,20,0.6,0.4,0.8,0.6,0.95,0.5341911764705882,0.8542708333333333,0.001763826766712123,0.002991935466171708,0.8,0.700857843137255,1.0,0.0023776883183993236,0.3,0.4525,0.0029743936378989755,1
JVS_JVSMuSiC,wavlm_l12,12,67,60_20_20_speaker_disjoint,False,mode_dummy_only,classic,mode_dummy,S->G,20,0.05,12,20,0.6,0.4,0.8,0.7,1.0,0.5541458333333331,0.8560535714285714,0.25581453325214876,0.40215430897121557,0.85,0.7088095238095238,1.0,0.3304930827945936,0.5,0.4525,0.979748688690362,1
JVS_JVSMuSiC,wavlm_l12,12,67,60_20_20_speaker_disjoint,False,mode_dummy_only,classic,mode_dummy,G->S,20,0.05,12,20,0.6,0.4,0.8,0.75,1.0,0.581625,0.8800000000000001,0.26342651223965297,0.38962074087919896,0.9,0.7366666666666666,1.0,0.33049308279459366,0.3,0.4525,0.979748688690362,1
JVS_JVSMuSiC,wavlm_l12,12,67,60_20_20_speaker_disjoint,False,acoustic_full_no_mode,mean_preserving,logf0_mean;logf0_std;logf0_p05;logf0_p50;logf0_p95;logf0_range;rms_mean;rms_std;duration_s;voiced_rate;energy_mean;energy_std,S->G,20,0.05,7,20,0.35,0.15,0.55,0.35,0.8,0.2990950854700855,0.6483233363858363,-0.0024699609397462723,0.004858112089007813,0.55,0.4709859584859585,3.5,0.001780764544412089,0.24999999999999997,0.815625,0.0063585578598680526,9
JVS_JVSMuSiC,wavlm_l12,12,67,60_20_20_speaker_disjoint,False,acoustic_full_no_mode,mean_preserving,logf0_mean;logf0_std;logf0_p05;logf0_p50;logf0_p95;logf0_range;rms_mean;rms_std;duration_s;voiced_rate;energy_mean;energy_std,G->S,20,0.05,11,20,0.55,0.35,0.75,0.7,1.0,0.5112605042016807,0.8291666666666666,0.0008538909342009182,0.00260462815994429,0.85,0.6773459383753501,1.0,0.001780764544412111,0.25000000000000006,0.815625,0.0063585578598680526,9
JVS_JVSMuSiC,wavlm_l12,12,67,60_20_20_speaker_disjoint,False,acoustic_full_no_mode,classic,logf0_mean;logf0_std;logf0_p05;logf0_p50;logf0_p95;logf0_range;rms_mean;rms_std;duration_s;voiced_rate;energy_mean;energy_std,S->G,20,0.05,9,20,0.45,0.2,0.65,0.75,1.0,0.46569711538461545,0.7833333333333333,0.1738413558923751,0.3606123404009615,0.9,0.6232905982905983,2.0,0.2794485654268174,0.35,0.815625,0.983167783891919,9
JVS_JVSMuSiC,wavlm_l12,12,67,60_20_20_speaker_disjoint,False,acoustic_full_no_mode,classic,logf0_mean;logf0_std;logf0_p05;logf0_p50;logf0_p95;logf0_range;rms_mean;rms_std;duration_s;voiced_rate;energy_mean;energy_std,G->S,20,0.05,12,20,0.6,0.4,0.8,0.7,1.0,0.5225155075187969,0.8633693609022556,0.1906616603782638,0.3559365246065177,0.85,0.7022744360902256,1.0,0.2794485654268173,0.3,0.815625,0.983167783891919,9
JVS_JVSMuSiC,wavlm_l12,12,67,60_20_20_speaker_disjoint,False,acoustic_full_plus_mode,mean_preserving,logf0_mean;logf0_std;logf0_p05;logf0_p50;logf0_p95;logf0_range;rms_mean;rms_std;duration_s;voiced_rate;energy_mean;energy_std;mode_dummy,S->G,20,0.05,4,20,0.2,0.05,0.4,0.4,0.8,0.24910837189126658,0.5616910374895573,-0.0026181709337337517,0.004667070290946972,0.6,0.39851146295225237,3.5,0.001718202588433504,0.1,0.621625,0.006942075174088291,10
JVS_JVSMuSiC,wavlm_l12,12,67,60_20_20_speaker_disjoint,False,acoustic_full_plus_mode,mean_preserving,logf0_mean;logf0_std;logf0_p05;logf0_p50;logf0_p95;logf0_range;rms_mean;rms_std;duration_s;voiced_rate;energy_mean;energy_std;mode_dummy,G->S,20,0.05,12,20,0.6,0.35,0.8,0.75,1.0,0.5499424603174604,0.8619265873015872,0.0006635623777608015,0.0025522771681302193,0.9,0.7163492063492063,1.0,0.0017182025884334763,0.3,0.621625,0.006942075174088291,10
JVS_JVSMuSiC,wavlm_l12,12,67,60_20_20_speaker_disjoint,False,acoustic_full_plus_mode,classic,logf0_mean;logf0_std;logf0_p05;logf0_p50;logf0_p95;logf0_range;rms_mean;rms_std;duration_s;voiced_rate;energy_mean;energy_std;mode_dummy,S->G,20,0.05,11,20,0.55,0.35,0.75,0.75,1.0,0.5424375,0.8416874999999999,0.1672783728646572,0.38707002653690664,0.9,0.6975,1.0,0.283319432621622,0.45000000000000007,0.621625,0.9836872019682636,10
JVS_JVSMuSiC,wavlm_l12,12,67,60_20_20_speaker_disjoint,False,acoustic_full_plus_mode,classic,logf0_mean;logf0_std;logf0_p05;logf0_p50;logf0_p95;logf0_range;rms_mean;rms_std;duration_s;voiced_rate;energy_mean;energy_std;mode_dummy,G->S,20,0.05,11,20,0.55,0.35,0.75,0.7,1.0,0.5001235902255639,0.8338392857142858,0.18080128500207215,0.3679551568702111,0.85,0.6781077694235589,1.0,0.2833194326216219,0.25000000000000006,0.621625,0.9836872019682636,10
JVS_JVSMuSiC,wavlm_l12,12,67,60_20_20_speaker_disjoint,False,single_group_f0,mean_preserving,logf0_mean;logf0_std;logf0_p05;logf0_p50;logf0_p95;logf0_range,S->G,20,0.05,1,20,0.05,0.0,0.15,0.15,0.55,0.12015106421356422,0.3016805555555555,-0.00048795128535902843,0.004080775708116641,0.35,0.20446608946608946,9.5,0.0017538301621971009,-0.05,1.0,0.001214785371269067,5
JVS_JVSMuSiC,wavlm_l12,12,67,60_20_20_speaker_disjoint,False,single_group_f0,mean_preserving,logf0_mean;logf0_std;logf0_p05;logf0_p50;logf0_p95;logf0_range,G->S,20,0.05,2,20,0.1,0.0,0.25,0.35,0.8,0.1841981792717087,0.4124584208683473,0.00026968002337131845,0.0033132556955154098,0.6,0.28411181139122316,5.0,0.0017538301621971009,-0.19999999999999998,1.0,0.001214785371269067,5
JVS_JVSMuSiC,wavlm_l12,12,67,60_20_20_speaker_disjoint,False,single_group_energy,mean_preserving,rms_mean;rms_std;energy_mean;energy_std,S->G,20,0.05,2,20,0.1,0.0,0.25,0.35,0.75,0.17682873814781713,0.4112606373889268,-0.0008531159022711603,0.00441051084319619,0.55,0.28276977408556353,5.0,0.0022903449367609463,0.0,0.99,0.002971145788927765,3
JVS_JVSMuSiC,wavlm_l12,12,67,60_20_20_speaker_disjoint,False,single_group_energy,mean_preserving,rms_mean;rms_std;energy_mean;energy_std,G->S,20,0.05,7,20,0.35,0.15,0.55,0.3,0.75,0.3021346187513467,0.6463133719834088,0.0010121953559975349,0.0034794799297780277,0.55,0.4652496319040436,4.5,0.0022903449367609407,0.04999999999999999,0.99,0.002971145788927765,3
JVS_JVSMuSiC,wavlm_l12,12,67,60_20_20_speaker_disjoint,False,single_group_duration,mean_preserving,duration_s,S->G,20,0.05,8,20,0.4,0.2,0.6,0.5,0.9,0.3896419340463458,0.7218124522536287,0.0016767324973898745,0.003007322618781171,0.7,0.5565558950853068,2.0,0.002371246572118951,0.30000000000000004,0.928125,0.002881632168592496,1
JVS_JVSMuSiC,wavlm_l12,12,67,60_20_20_speaker_disjoint,False,single_group_duration,mean_preserving,duration_s,G->S,20,0.05,11,20,0.55,0.35,0.75,0.7,1.0,0.4903823661718398,0.8242222222222222,0.0015476646437322017,0.003262856880510758,0.85,0.6595332883490779,1.0,0.0023712465721189625,0.25000000000000006,0.928125,0.002881632168592496,1
JVS_JVSMuSiC,wavlm_l12,12,67,60_20_20_speaker_disjoint,False,single_group_voicing,mean_preserving,voiced_rate,S->G,20,0.05,2,20,0.1,0.0,0.25,0.2,0.6,0.14374976575711867,0.3851082516339869,0.00015665963316171982,0.004499823245261858,0.4,0.2486329356917592,9.0,0.0023033056423011735,0.0,1.0,0.0,0
JVS_JVSMuSiC,wavlm_l12,12,67,60_20_20_speaker_disjoint,False,single_group_voicing,mean_preserving,voiced_rate,G->S,20,0.05,6,20,0.3,0.1,0.5,0.25,0.65,0.23539012896825398,0.5904689217032966,0.0005792743010501928,0.003908707976900026,0.45,0.403895757020757,6.0,0.0023033056423012177,0.0,1.0,0.0,0
JVS_JVSMuSiC,wavlm_l12,12,67,60_20_20_speaker_disjoint,False,full_minus_f0,mean_preserving,rms_mean;rms_std;duration_s;voiced_rate;energy_mean;energy_std,S->G,20,0.05,7,20,0.35,0.15,0.55,0.35,0.7512499999999989,0.30754414235790006,0.6499461957031615,-0.0022942605801016544,0.0052893481492386745,0.55,0.4809353095305108,3.0,0.0021996678148943015,0.24999999999999997,0.8125,0.004781194901673835,4
JVS_JVSMuSiC,wavlm_l12,12,67,60_20_20_speaker_disjoint,False,full_minus_f0,mean_preserving,rms_mean;rms_std;duration_s;voiced_rate;energy_mean;energy_std,G->S,20,0.05,12,20,0.6,0.4,0.8,0.6,0.95,0.5345301757066463,0.8629734848484848,0.0010459662509086348,0.003161377652731444,0.8,0.6983416093710211,1.0,0.002199667814894307,0.3,0.8125,0.004781194901673835,4
JVS_JVSMuSiC,wavlm_l12,12,67,60_20_20_speaker_disjoint,False,full_minus_energy,mean_preserving,logf0_mean;logf0_std;logf0_p05;logf0_p50;logf0_p95;logf0_range;duration_s;voiced_rate,S->G,20,0.05,7,20,0.35,0.15,0.55,0.45,0.85,0.3699510233918128,0.6892552083333333,0.0009607314922225786,0.002567492139384332,0.65,0.5285343567251461,2.0,0.0017785055534433936,0.24999999999999997,0.92025,0.00409598729649252,6
JVS_JVSMuSiC,wavlm_l12,12,67,60_20_20_speaker_disjoint,False,full_minus_energy,mean_preserving,logf0_mean;logf0_std;logf0_p05;logf0_p50;logf0_p95;logf0_range;duration_s;voiced_rate,G->S,20,0.05,10,20,0.5,0.3,0.75,0.5,0.9,0.4282617243867243,0.7714226190476189,0.0011131381661476547,0.0024849221207846523,0.7,0.5936327561327561,1.5,0.0017785055534434325,0.2,0.92025,0.00409598729649252,6
JVS_JVSMuSiC,wavlm_l12,12,67,60_20_20_speaker_disjoint,False,full_minus_duration,mean_preserving,logf0_mean;logf0_std;logf0_p05;logf0_p50;logf0_p95;logf0_range;rms_mean;rms_std;voiced_rate;energy_mean;energy_std,S->G,20,0.05,2,20,0.1,0.0,0.25,0.25,0.65,0.16090774931767576,0.3972566526610644,-0.0009933804104147969,0.0040584569707017085,0.45,0.2599024096818214,6.5,0.0018780889835049886,0.0,0.991125,0.0044870650524670985,8
JVS_JVSMuSiC,wavlm_l12,12,67,60_20_20_speaker_disjoint,False,full_minus_duration,mean_preserving,logf0_mean;logf0_std;logf0_p05;logf0_p50;logf0_p95;logf0_range;rms_mean;rms_std;voiced_rate;energy_mean;energy_std,G->S,20,0.05,4,20,0.2,0.05,0.4,0.35,0.8,0.2450308998599439,0.5409262955182073,0.0006800751674598421,0.0029631145518759132,0.6,0.37594187675070023,4.5,0.0018780889835050274,-0.09999999999999998,0.991125,0.0044870650524670985,8
JVS_JVSMuSiC,wavlm_l12,12,67,60_20_20_speaker_disjoint,False,full_minus_voicing,mean_preserving,logf0_mean;logf0_std;logf0_p05;logf0_p50;logf0_p95;logf0_range;rms_mean;rms_std;duration_s;energy_mean;energy_std,S->G,20,0.05,7,20,0.35,0.15,0.55,0.35,0.75,0.305057387057387,0.6538530982905982,-0.002374726005896727,0.004698923430526249,0.55,0.4709859584859585,3.5,0.0017807645444120113,0.24999999999999997,0.815625,0.00635855785986883,9
JVS_JVSMuSiC,wavlm_l12,12,67,60_20_20_speaker_disjoint,False,full_minus_voicing,mean_preserving,logf0_mean;logf0_std;logf0_p05;logf0_p50;logf0_p95;logf0_range;rms_mean;rms_std;duration_s;energy_mean;energy_std,G->S,20,0.05,11,20,0.55,0.35,0.75,0.7,1.0,0.5129219187675069,0.8417401960784312,0.000849527149564479,0.0025593483482015717,0.85,0.6773459383753501,1.0,0.0017807645444120723,0.25000000000000006,0.815625,0.00635855785986883,9
JVS_JVSMuSiC,wavlm_l12,12,67,60_20_20_speaker_disjoint,False,row_shuffled_nuisance,mean_preserving,logf0_mean;logf0_std;logf0_p05;logf0_p50;logf0_p95;logf0_range;rms_mean;rms_std;duration_s;voiced_rate;energy_mean;energy_std,S->G,20,0.05,2,20,0.1,0.0,0.25,0.2,0.6012499999999988,0.14359976134976132,0.3839216057635175,-7.104550628358323e-05,0.004804318380720782,0.4,0.24736147839089018,9.0,0.0023236937188578556,0.0,1.0,0.0001420284170495778,9
JVS_JVSMuSiC,wavlm_l12,12,67,60_20_20_speaker_disjoint,False,row_shuffled_nuisance,mean_preserving,logf0_mean;logf0_std;logf0_p05;logf0_p50;logf0_p95;logf0_range;rms_mean;rms_std;duration_s;voiced_rate;energy_mean;energy_std,G->S,20,0.05,2,20,0.1,0.0,0.25,0.3,0.7,0.18377092790250685,0.4214062615016563,0.0006706595191362231,0.004049292724354589,0.5,0.30491207622786565,5.5,0.0023236937188578556,-0.19999999999999998,1.0,0.0001420284170495778,9
JVS_JVSMuSiC,wavlm_l12,12,67,60_20_20_speaker_disjoint,False,random_gaussian_nuisance,mean_preserving,logf0_mean;logf0_std;logf0_p05;logf0_p50;logf0_p95;logf0_range;rms_mean;rms_std;duration_s;voiced_rate;energy_mean;energy_std,S->G,20,0.05,2,20,0.1,0.0,0.25,0.2,0.6,0.1465978812853813,0.378716523060273,0.00011511432040186611,0.004406558946046791,0.4,0.2512108724608725,8.5,0.002271848680958433,0.0,1.0,-4.215066973745074e-05,12
JVS_JVSMuSiC,wavlm_l12,12,67,60_20_20_speaker_disjoint,False,random_gaussian_nuisance,mean_preserving,logf0_mean;logf0_std;logf0_p05;logf0_p50;logf0_p95;logf0_range;rms_mean;rms_std;duration_s;voiced_rate;energy_mean;energy_std,G->S,20,0.05,6,20,0.3,0.1,0.5,0.25,0.65,0.24135664682539681,0.5969278273809523,0.0006590601993722397,0.004055732484393299,0.45,0.41560515873015874,6.5,0.0022718486809584493,0.0,1.0,-4.215066973745074e-05,12
JVS_JVSMuSiC,wavlm_l12,12,67,60_20_20_speaker_disjoint,False,random_low_rank_projection,mean_preserving,random_dir_0;random_dir_1;random_dir_2;random_dir_3;random_dir_4;random_dir_5;random_dir_6;random_dir_7;random_dir_8;random_dir_9;random_dir_10;random_dir_11,S->G,20,0.05,2,20,0.1,0.0,0.25,0.2,0.6,0.13840322055395585,0.38454394053658747,3.54059813721769e-05,0.004336302760933385,0.4,0.2486329356917592,9.0,0.0022797386709343115,0.0,1.0,0.00025289892423197013,12
JVS_JVSMuSiC,wavlm_l12,12,67,60_20_20_speaker_disjoint,False,random_low_rank_projection,mean_preserving,random_dir_0;random_dir_1;random_dir_2;random_dir_3;random_dir_4;random_dir_5;random_dir_6;random_dir_7;random_dir_8;random_dir_9;random_dir_10;random_dir_11,G->S,20,0.05,6,20,0.3,0.1,0.5,0.25,0.65,0.23584573412698412,0.5762222222222222,0.0007591448813460529,0.0038422282230269654,0.45,0.3989583333333333,6.5,0.0022797386709343115,0.0,1.0,0.00025289892423197013,12
JVS_JVSMuSiC,wavlm_l12,12,71,60_20_20_speaker_disjoint,False,raw,raw,,S->G,20,0.05,3,20,0.15,0.0,0.3,0.15,0.55,0.1334367923742924,0.41758911921411906,9.896972976611917e-06,0.00623873393795632,0.35,0.2644468031968032,9.0,0.0030776750285195554,0.0,1.0,0.0,0
JVS_JVSMuSiC,wavlm_l12,12,71,60_20_20_speaker_disjoint,False,raw,raw,,G->S,20,0.05,3,20,0.15,0.0,0.3,0.25,0.65,0.17875835622710626,0.46292460317460327,0.0004131765604742119,0.005514416097876188,0.45,0.3178907203907204,7.5,0.0030776750285195554,0.0,1.0,0.0,0
JVS_JVSMuSiC,wavlm_l12,12,71,60_20_20_speaker_disjoint,False,center_only_classic,classic,,S->G,20,0.05,11,20,0.55,0.35,0.75,0.75,1.0,0.5504861111111111,0.8583333333333332,0.12269790829160523,0.1890736786088023,0.9,0.7088888888888889,1.0,0.1541791511149562,0.4,1.0,0.9767868920122209,0
JVS_JVSMuSiC,wavlm_l12,12,71,60_20_20_speaker_disjoint,False,center_only_classic,classic,,G->S,20,0.05,1,20,0.05,0.0,0.15,0.25,0.65,0.18990004429802226,0.3995316080977845,0.07156389924289841,0.25827867433922885,0.45,0.28025448815889986,6.5,0.1541791511149562,-0.09999999999999999,1.0,0.9767868920122209,0
JVS_JVSMuSiC,wavlm_l12,12,71,60_20_20_speaker_disjoint,False,mode_dummy_only,mean_preserving,mode_dummy,S->G,20,0.05,7,20,0.35,0.15,0.55,0.6,0.95,0.34105097853535354,0.6745637626262626,0.002256521718764138,0.00416630824682823,0.8,0.51572601010101,2.5,0.0031821572538080823,0.19999999999999998,0.4835,0.002974661669055023,1
JVS_JVSMuSiC,wavlm_l12,12,71,60_20_20_speaker_disjoint,False,mode_dummy_only,mean_preserving,mode_dummy,G->S,20,0.05,10,20,0.5,0.3,0.7,0.75,1.0,0.49914583333333334,0.805875,0.001580670585234059,0.004191435261721284,0.9,0.6625,1.5,0.0031821572538080767,0.35,0.4835,0.002974661669055023,1
JVS_JVSMuSiC,wavlm_l12,12,71,60_20_20_speaker_disjoint,False,mode_dummy_only,classic,mode_dummy,S->G,20,0.05,11,20,0.55,0.35,0.75,0.85,1.0,0.5222083333333334,0.8309374999999999,0.3166213558733023,0.4533745617806122,0.95,0.6813888888888888,1.0,0.3831570952493784,0.4,0.4835,0.9797615536812767,1
JVS_JVSMuSiC,wavlm_l12,12,71,60_20_20_speaker_disjoint,False,mode_dummy_only,classic,mode_dummy,G->S,20,0.05,11,20,0.55,0.3,0.75,0.75,1.0,0.5182916666666666,0.8433958333333333,0.32086172398658586,0.4506541405426701,0.9,0.6849999999999999,1.0,0.38315709524937847,0.4,0.4835,0.9797615536812767,1
JVS_JVSMuSiC,wavlm_l12,12,71,60_20_20_speaker_disjoint,False,acoustic_full_no_mode,mean_preserving,logf0_mean;logf0_std;logf0_p05;logf0_p50;logf0_p95;logf0_range;rms_mean;rms_std;duration_s;voiced_rate;energy_mean;energy_std,S->G,20,0.05,3,20,0.15,0.0,0.3,0.3,0.7,0.18901813433706816,0.45523101949112976,0.0010176857232888302,0.002661137583057682,0.5,0.3184074463118581,5.5,0.0017849085166813162,0.0,0.934375,0.005950344533385388,9
JVS_JVSMuSiC,wavlm_l12,12,71,60_20_20_speaker_disjoint,False,acoustic_full_no_mode,mean_preserving,logf0_mean;logf0_std;logf0_p05;logf0_p50;logf0_p95;logf0_range;rms_mean;rms_std;duration_s;voiced_rate;energy_mean;energy_std,G->S,20,0.05,8,20,0.4,0.2,0.6,0.5,0.9,0.3386537698412699,0.6953283730158727,0.00034342633406664807,0.0029582600576725806,0.7,0.5125522138680033,3.5,0.0017849085166813216,0.25,0.934375,0.005950344533385388,9
JVS_JVSMuSiC,wavlm_l12,12,71,60_20_20_speaker_disjoint,False,acoustic_full_no_mode,classic,logf0_mean;logf0_std;logf0_p05;logf0_p50;logf0_p95;logf0_range;rms_mean;rms_std;duration_s;voiced_rate;energy_mean;energy_std,S->G,20,0.05,9,20,0.45,0.25,0.65,0.55,0.9,0.4080718201754386,0.7451315789473684,0.12128390964207213,0.31258434297827703,0.75,0.5841196741854636,2.0,0.22545733335844464,0.30000000000000004,0.934375,0.9832639827634875,9
JVS_JVSMuSiC,wavlm_l12,12,71,60_20_20_speaker_disjoint,False,acoustic_full_no_mode,classic,logf0_mean;logf0_std;logf0_p05;logf0_p50;logf0_p95;logf0_range;rms_mean;rms_std;duration_s;voiced_rate;energy_mean;energy_std,G->S,20,0.05,6,20,0.3,0.1,0.5,0.5,0.9,0.30863789682539683,0.6371547619047618,0.10960466024547712,0.3317752714139044,0.7,0.48087301587301584,3.0,0.22545733335844464,0.15,0.934375,0.9832639827634875,9
JVS_JVSMuSiC,wavlm_l12,12,71,60_20_20_speaker_disjoint,False,acoustic_full_plus_mode,mean_preserving,logf0_mean;logf0_std;logf0_p05;logf0_p50;logf0_p95;logf0_range;rms_mean;rms_std;duration_s;voiced_rate;energy_mean;energy_std;mode_dummy,S->G,20,0.05,4,20,0.2,0.05,0.4,0.2,0.6,0.19390969730196703,0.49728898358585855,0.000889039902811266,0.0026099558190311517,0.4,0.3242491974399869,7.0,0.0017849753782974598,0.05000000000000002,0.5965,0.006607379754522524,10
JVS_JVSMuSiC,wavlm_l12,12,71,60_20_20_speaker_disjoint,False,acoustic_full_plus_mode,mean_preserving,logf0_mean;logf0_std;logf0_p05;logf0_p50;logf0_p95;logf0_range;rms_mean;rms_std;duration_s;voiced_rate;energy_mean;energy_std;mode_dummy,G->S,20,0.05,9,20,0.45,0.25,0.65,0.45,0.85,0.3868369360902255,0.7568306704260651,0.00026134909224920016,0.003026439822013682,0.65,0.5651911027568922,2.0,0.0017849753782974542,0.30000000000000004,0.5965,0.006607379754522524,10
JVS_JVSMuSiC,wavlm_l12,12,71,60_20_20_speaker_disjoint,False,acoustic_full_plus_mode,classic,logf0_mean;logf0_std;logf0_p05;logf0_p50;logf0_p95;logf0_range;rms_mean;rms_std;duration_s;voiced_rate;energy_mean;energy_std;mode_dummy,S->G,20,0.05,10,20,0.5,0.3,0.7,0.5,0.9,0.4241044372294372,0.7914883658008658,0.142172045190484,0.3305317015734523,0.7,0.6132725607725608,1.5,0.23865861697730742,0.35,0.5965,0.9837808649152381,10
JVS_JVSMuSiC,wavlm_l12,12,71,60_20_20_speaker_disjoint,False,acoustic_full_plus_mode,classic,logf0_mean;logf0_std;logf0_p05;logf0_p50;logf0_p95;logf0_range;rms_mean;rms_std;duration_s;voiced_rate;energy_mean;energy_std;mode_dummy,G->S,20,0.05,7,20,0.35,0.15,0.55,0.5,0.9,0.380119391025641,0.6979270833333334,0.1318027492085171,0.3482619320787827,0.7,0.5421794871794872,2.0,0.23865861697730736,0.19999999999999998,0.5965,0.9837808649152381,10
JVS_JVSMuSiC,wavlm_l12,12,71,60_20_20_speaker_disjoint,False,single_group_f0,mean_preserving,logf0_mean;logf0_std;logf0_p05;logf0_p50;logf0_p95;logf0_range,S->G,20,0.05,3,20,0.15,0.0,0.3,0.15,0.55,0.13152351294538794,0.4025286345598846,-0.0007245373590060397,0.005677916565670323,0.35,0.254208707958708,10.0,0.002250777778473967,0.0,1.0,0.0007674035657285749,5
JVS_JVSMuSiC,wavlm_l12,12,71,60_20_20_speaker_disjoint,False,single_group_f0,mean_preserving,logf0_mean;logf0_std;logf0_p05;logf0_p50;logf0_p95;logf0_range,G->S,20,0.05,1,20,0.05,0.0,0.15,0.3,0.7,0.15608512759170654,0.3576524122807017,-0.00033377059877736216,0.004664854161128993,0.5,0.2449151287309182,7.5,0.0022507777784739947,-0.09999999999999999,1.0,0.0007674035657285749,5
JVS_JVSMuSiC,wavlm_l12,12,71,60_20_20_speaker_disjoint,False,single_group_energy,mean_preserving,rms_mean;rms_std;energy_mean;energy_std,S->G,20,0.05,3,20,0.15,0.0,0.30124999999999885,0.25,0.65,0.1823971237096237,0.45360457251082237,0.0014564194012801318,0.003912970605535563,0.45,0.30825452325452324,7.0,0.0027026881271919657,0.0,0.999375,0.0035776403148758407,3
JVS_JVSMuSiC,wavlm_l12,12,71,60_20_20_speaker_disjoint,False,single_group_energy,mean_preserving,rms_mean;rms_std;energy_mean;energy_std,G->S,20,0.05,4,20,0.2,0.05,0.4,0.4,0.85,0.2724463522588523,0.5682142857142858,0.0017557039421700602,0.0037768239654162265,0.65,0.4017429792429793,3.5,0.0027026881271919765,0.05000000000000002,0.999375,0.0035776403148758407,3
JVS_JVSMuSiC,wavlm_l12,12,71,60_20_20_speaker_disjoint,False,single_group_duration,mean_preserving,duration_s,S->G,20,0.05,6,20,0.3,0.1,0.5,0.5,0.9,0.3291128246753246,0.644013437950938,0.001961362789216108,0.004637347425491256,0.7,0.48151154401154395,2.5,0.0032552665387102055,0.15,0.940875,0.0029694273187829134,1
JVS_JVSMuSiC,wavlm_l12,12,71,60_20_20_speaker_disjoint,False,single_group_duration,mean_preserving,duration_s,G->S,20,0.05,8,20,0.4,0.2,0.6,0.45,0.85,0.39130208333333333,0.7222792658730157,0.0010736737422513722,0.004730937645634265,0.65,0.5647817460317459,2.0,0.0032552665387102,0.25,0.940875,0.0029694273187829134,1
JVS_JVSMuSiC,wavlm_l12,12,71,60_20_20_speaker_disjoint,False,single_group_voicing,mean_preserving,voiced_rate,S->G,20,0.05,3,20,0.15,0.0,0.3,0.15,0.55,0.138380275974026,0.41416869588744587,-5.1905064470574846e-05,0.006012430582914578,0.35,0.2644468031968032,9.0,0.0030776750285195554,0.0,1.0,0.0,0
JVS_JVSMuSiC,wavlm_l12,12,71,60_20_20_speaker_disjoint,False,single_group_voicing,mean_preserving,voiced_rate,G->S,20,0.05,3,20,0.15,0.0,0.3,0.25,0.7,0.18254067460317464,0.4679618055555555,0.00021076084765572498,0.005302573289813812,0.45,0.3178907203907204,7.5,0.0030776750285195554,0.0,1.0,0.0,0
JVS_JVSMuSiC,wavlm_l12,12,71,60_20_20_speaker_disjoint,False,full_minus_f0,mean_preserving,rms_mean;rms_std;duration_s;voiced_rate;energy_mean;energy_std,S->G,20,0.05,4,20,0.2,0.05,0.4,0.35,0.75,0.24123498029748028,0.5400932227494728,0.0018169928007986298,0.0034234717239376867,0.55,0.38646700521700517,4.0,0.0026124794924726248,0.05000000000000002,0.9375,0.005369780971185456,4
JVS_JVSMuSiC,wavlm_l12,12,71,60_20_20_speaker_disjoint,False,full_minus_f0,mean_preserving,rms_mean;rms_std;duration_s;voiced_rate;energy_mean;energy_std,G->S,20,0.05,9,20,0.45,0.25,0.7,0.55,0.95,0.4141213309716599,0.7476018471659919,0.0012627301534500058,0.0037809879577266215,0.75,0.5886205899363793,2.0,0.00261247949247258,0.30000000000000004,0.9375,0.005369780971185456,4
JVS_JVSMuSiC,wavlm_l12,12,71,60_20_20_speaker_disjoint,False,full_minus_energy,mean_preserving,logf0_mean;logf0_std;logf0_p05;logf0_p50;logf0_p95;logf0_range;duration_s;voiced_rate,S->G,20,0.05,4,20,0.2,0.05,0.4,0.35,0.8,0.22936090992340996,0.5344490705373058,0.0012273337991148224,0.003788649766776745,0.6,0.37881169484110655,4.5,0.00237532888300121,0.05000000000000002,0.9405,0.0037091279071821415,6
JVS_JVSMuSiC,wavlm_l12,12,71,60_20_20_speaker_disjoint,False,full_minus_energy,mean_preserving,logf0_mean;logf0_std;logf0_p05;logf0_p50;logf0_p95;logf0_range;duration_s;voiced_rate,G->S,20,0.05,8,20,0.4,0.2,0.65,0.35,0.75,0.33505075826950825,0.6973595467032966,0.00020805180502262523,0.0038671625131356012,0.55,0.5208717671217671,2.0,0.002375328883001282,0.25,0.9405,0.0037091279071821415,6
JVS_JVSMuSiC,wavlm_l12,12,71,60_20_20_speaker_disjoint,False,full_minus_duration,mean_preserving,logf0_mean;logf0_std;logf0_p05;logf0_p50;logf0_p95;logf0_range;rms_mean;rms_std;voiced_rate;energy_mean;energy_std,S->G,20,0.05,2,20,0.1,0.0,0.25,0.1,0.5,0.14770481254856255,0.3847227321289821,0.0006899455071231647,0.0030305108011510836,0.3,0.25228049728049723,8.5,0.0018522308576812917,-0.04999999999999999,0.99925,0.0041885186924641715,8
JVS_JVSMuSiC,wavlm_l12,12,71,60_20_20_speaker_disjoint,False,full_minus_duration,mean_preserving,logf0_mean;logf0_std;logf0_p05;logf0_p50;logf0_p95;logf0_range;rms_mean;rms_std;voiced_rate;energy_mean;energy_std,G->S,20,0.05,4,20,0.2,0.05,0.4,0.35,0.75,0.21843209333558594,0.5195896955373058,0.000943791019762008,0.0028184456417321506,0.55,0.3503506420050537,4.5,0.001852230857681264,0.05000000000000002,0.99925,0.0041885186924641715,8
JVS_JVSMuSiC,wavlm_l12,12,71,60_20_20_speaker_disjoint,False,full_minus_voicing,mean_preserving,logf0_mean;logf0_std;logf0_p05;logf0_p50;logf0_p95;logf0_range;rms_mean;rms_std;duration_s;energy_mean;energy_std,S->G,20,0.05,3,20,0.15,0.0,0.3,0.3,0.7,0.18339918884220355,0.45552008928571425,0.0010037683571528944,0.002572379186207285,0.5,0.3184074463118581,5.5,0.0017849085166813162,0.0,0.934375,0.005950344533387386,9
JVS_JVSMuSiC,wavlm_l12,12,71,60_20_20_speaker_disjoint,False,full_minus_voicing,mean_preserving,logf0_mean;logf0_std;logf0_p05;logf0_p50;logf0_p95;logf0_range;rms_mean;rms_std;duration_s;energy_mean;energy_std,G->S,20,0.05,8,20,0.4,0.2,0.6,0.5,0.9,0.34518347953216366,0.7024999999999999,9.062352622111593e-05,0.003060745560623331,0.7,0.5125522138680033,3.5,0.001784908516681305,0.25,0.934375,0.005950344533387386,9
JVS_JVSMuSiC,wavlm_l12,12,71,60_20_20_speaker_disjoint,False,row_shuffled_nuisance,mean_preserving,logf0_mean;logf0_std;logf0_p05;logf0_p50;logf0_p95;logf0_range;rms_mean;rms_std;duration_s;voiced_rate;energy_mean;energy_std,S->G,20,0.05,3,20,0.15,0.0,0.3,0.1,0.5,0.1349552183927184,0.42025016303141305,-2.2255332507090112e-05,0.006634983579431269,0.3,0.2651574814074814,8.5,0.0032599812582408405,0.0,1.0,-0.00014482828749473597,9
JVS_JVSMuSiC,wavlm_l12,12,71,60_20_20_speaker_disjoint,False,row_shuffled_nuisance,mean_preserving,logf0_mean;logf0_std;logf0_p05;logf0_p50;logf0_p95;logf0_range;rms_mean;rms_std;duration_s;voiced_rate;energy_mean;energy_std,G->S,20,0.05,3,20,0.15,0.0,0.3,0.3,0.75,0.17592246642246648,0.445056891025641,0.0006438918365149813,0.005852317611311481,0.5,0.3009859584859585,6.5,0.0032599812582408847,0.0,1.0,-0.00014482828749473597,9
JVS_JVSMuSiC,wavlm_l12,12,71,60_20_20_speaker_disjoint,False,random_gaussian_nuisance,mean_preserving,logf0_mean;logf0_std;logf0_p05;logf0_p50;logf0_p95;logf0_range;rms_mean;rms_std;duration_s;voiced_rate;energy_mean;energy_std,S->G,20,0.05,3,20,0.15,0.0,0.3,0.1,0.5,0.12561381327006324,0.4091989364801864,-9.816985975769985e-06,0.00649260499411402,0.3,0.25513819513819513,9.0,0.0030391082649708747,0.0,1.0,0.00011701156325183426,12
JVS_JVSMuSiC,wavlm_l12,12,71,60_20_20_speaker_disjoint,False,random_gaussian_nuisance,mean_preserving,logf0_mean;logf0_std;logf0_p05;logf0_p50;logf0_p95;logf0_range;rms_mean;rms_std;duration_s;voiced_rate;energy_mean;energy_std,G->S,20,0.05,2,20,0.1,0.0,0.25,0.25,0.7,0.18308074768368884,0.43163652544351067,0.0002897121776135696,0.00564383732255251,0.45,0.2969857430151548,7.5,0.0030391082649708634,-0.04999999999999999,1.0,0.00011701156325183426,12
JVS_JVSMuSiC,wavlm_l12,12,71,60_20_20_speaker_disjoint,False,random_low_rank_projection,mean_preserving,random_dir_0;random_dir_1;random_dir_2;random_dir_3;random_dir_4;random_dir_5;random_dir_6;random_dir_7;random_dir_8;random_dir_9;random_dir_10;random_dir_11,S->G,20,0.05,3,20,0.15,0.0,0.3,0.15,0.55,0.1407112783050283,0.4145643939393939,9.495141849398134e-05,0.006070455467066637,0.35,0.2656372793872794,9.0,0.0030413266465836144,0.0,1.0,0.00021968631930080473,12
JVS_JVSMuSiC,wavlm_l12,12,71,60_20_20_speaker_disjoint,False,random_low_rank_projection,mean_preserving,random_dir_0;random_dir_1;random_dir_2;random_dir_3;random_dir_4;random_dir_5;random_dir_6;random_dir_7;random_dir_8;random_dir_9;random_dir_10;random_dir_11,G->S,20,0.05,3,20,0.15,0.0,0.3,0.25,0.65,0.19455582264957264,0.4810758928571428,0.0005165326414618622,0.005378929782880145,0.45,0.322057387057387,7.5,0.0030413266465835974,0.0,1.0,0.00021968631930080473,12
JVS_JVSMuSiC,wavlm_l12,12,73,60_20_20_speaker_disjoint,False,raw,raw,,S->G,20,0.05,1,20,0.05,0.0,0.15,0.2,0.65,0.16455933952528384,0.37141589267285857,0.00027232857039624956,0.0044056393332357075,0.4,0.26154497764017887,9.5,0.0022779371498520664,0.0,1.0,0.0,0
JVS_JVSMuSiC,wavlm_l12,12,73,60_20_20_speaker_disjoint,False,raw,raw,,G->S,20,0.05,5,20,0.25,0.1,0.45,0.4,0.8,0.2757077850877192,0.5856336805555555,0.0010737258800485175,0.003404360983848021,0.6,0.4298538011695907,3.5,0.0022779371498520386,0.0,1.0,0.0,0
JVS_JVSMuSiC,wavlm_l12,12,73,60_20_20_speaker_disjoint,False,center_only_classic,classic,,S->G,20,0.05,13,20,0.65,0.45,0.85,0.75,1.0,0.600811011904762,0.9,0.12137442739455385,0.1732191784413765,0.9,0.7550595238095238,1.0,0.1465686306121013,0.6,1.0,0.9767262212185023,0
JVS_JVSMuSiC,wavlm_l12,12,73,60_20_20_speaker_disjoint,False,center_only_classic,classic,,G->S,20,0.05,5,20,0.25,0.1,0.45,0.45,0.85,0.28568229166666664,0.5868906249999999,0.0803650501983071,0.21875383359462242,0.65,0.43923611111111116,3.0,0.1465686306121013,0.0,1.0,0.9767262212185023,0
JVS_JVSMuSiC,wavlm_l12,12,73,60_20_20_speaker_disjoint,False,mode_dummy_only,mean_preserving,mode_dummy,S->G,20,0.05,8,20,0.4,0.2,0.6,0.65,0.95,0.4298886824980575,0.7487164554195803,0.0016049693685745133,0.0029979333282132885,0.8,0.5854054972804973,2.0,0.002353305008615364,0.35000000000000003,0.723125,0.0029737261351372446,1
JVS_JVSMuSiC,wavlm_l12,12,73,60_20_20_speaker_disjoint,False,mode_dummy_only,mean_preserving,mode_dummy,G->S,20,0.05,14,20,0.7,0.4987500000000001,0.9,0.85,1.0,0.6253693181818182,0.925,0.0020090349748302853,0.0026942022404225444,0.95,0.7837121212121212,1.0,0.0023533050086153805,0.44999999999999996,0.723125,0.0029737261351372446,1
JVS_JVSMuSiC,wavlm_l12,12,73,60_20_20_speaker_disjoint,False,mode_dummy_only,classic,mode_dummy,S->G,20,0.05,16,20,0.8,0.6,0.95,0.85,1.0,0.7135357142857143,0.975,0.3071706092302175,0.39794142554185047,0.95,0.854642857142857,1.0,0.3545382369486486,0.75,0.723125,0.9796999473536401,1
JVS_JVSMuSiC,wavlm_l12,12,73,60_20_20_speaker_disjoint,False,mode_dummy_only,classic,mode_dummy,G->S,20,0.05,14,20,0.7,0.5,0.9,0.85,1.0,0.6540909090909092,0.925,0.3061065517244327,0.3999420689807098,0.95,0.8020454545454545,1.0,0.3545382369486486,0.44999999999999996,0.723125,0.9796999473536401,1
JVS_JVSMuSiC,wavlm_l12,12,73,60_20_20_speaker_disjoint,False,acoustic_full_no_mode,mean_preserving,logf0_mean;logf0_std;logf0_p05;logf0_p50;logf0_p95;logf0_range;rms_mean;rms_std;duration_s;voiced_rate;energy_mean;energy_std,S->G,20,0.05,7,20,0.35,0.15,0.55,0.35,0.75,0.27132936507936506,0.630843253968254,-0.0026999054898468253,0.003733993693157226,0.55,0.4506349206349206,5.0,0.0013713569013233118,0.3,0.884375,0.007748549387373016,9
JVS_JVSMuSiC,wavlm_l12,12,73,60_20_20_speaker_disjoint,False,acoustic_full_no_mode,mean_preserving,logf0_mean;logf0_std;logf0_p05;logf0_p50;logf0_p95;logf0_range;rms_mean;rms_std;duration_s;voiced_rate;energy_mean;energy_std,G->S,20,0.05,10,20,0.5,0.25,0.7,0.55,0.95,0.4710508976317799,0.8074969760631524,0.00029658851305851915,0.0022595000301159547,0.75,0.641380188439012,1.5,0.0013713569013233174,0.25,0.884375,0.007748549387373016,9
JVS_JVSMuSiC,wavlm_l12,12,73,60_20_20_speaker_disjoint,False,acoustic_full_no_mode,classic,logf0_mean;logf0_std;logf0_p05;logf0_p50;logf0_p95;logf0_range;rms_mean;rms_std;duration_s;voiced_rate;energy_mean;energy_std,S->G,20,0.05,8,20,0.4,0.2,0.6,0.55,0.9,0.3916111111111111,0.7305694444444444,0.1408497541370032,0.32892543936302543,0.75,0.5633333333333334,2.0,0.23907903428596006,0.35000000000000003,0.884375,0.9831288651576279,9
JVS_JVSMuSiC,wavlm_l12,12,73,60_20_20_speaker_disjoint,False,acoustic_full_no_mode,classic,logf0_mean;logf0_std;logf0_p05;logf0_p50;logf0_p95;logf0_range;rms_mean;rms_std;duration_s;voiced_rate;energy_mean;energy_std,G->S,20,0.05,8,20,0.4,0.2,0.6,0.7,1.0,0.40986618589743584,0.721349830316742,0.14075562243659803,0.3227084623605867,0.85,0.5705373303167421,2.0,0.23907903428596017,0.15000000000000002,0.884375,0.9831288651576279,9
JVS_JVSMuSiC,wavlm_l12,12,73,60_20_20_speaker_disjoint,False,acoustic_full_plus_mode,mean_preserving,logf0_mean;logf0_std;logf0_p05;logf0_p50;logf0_p95;logf0_range;rms_mean;rms_std;duration_s;voiced_rate;energy_mean;energy_std;mode_dummy,S->G,20,0.05,6,20,0.3,0.1,0.5,0.35,0.75,0.2718888888888889,0.6153898809523809,-0.003158487186559799,0.003804653870636833,0.55,0.44086309523809525,4.0,0.00125370942819219,0.25,0.674125,0.008435455156360572,10
JVS_JVSMuSiC,wavlm_l12,12,73,60_20_20_speaker_disjoint,False,acoustic_full_plus_mode,mean_preserving,logf0_mean;logf0_std;logf0_p05;logf0_p50;logf0_p95;logf0_range;rms_mean;rms_std;duration_s;voiced_rate;energy_mean;energy_std;mode_dummy,G->S,20,0.05,11,20,0.55,0.35,0.75,0.55,0.9,0.4988888888888888,0.830563725490196,6.324628583592132e-05,0.002162044731753244,0.75,0.6760212418300654,1.0,0.0012537094281922234,0.30000000000000004,0.674125,0.008435455156360572,10
JVS_JVSMuSiC,wavlm_l12,12,73,60_20_20_speaker_disjoint,False,acoustic_full_plus_mode,classic,logf0_mean;logf0_std;logf0_p05;logf0_p50;logf0_p95;logf0_range;rms_mean;rms_std;duration_s;voiced_rate;energy_mean;energy_std;mode_dummy,S->G,20,0.05,9,20,0.45,0.25,0.7,0.6,0.95,0.4170694444444444,0.7539201388888888,0.13283039071484717,0.3581332876092461,0.8,0.5834722222222222,2.0,0.24634021493157449,0.4,0.674125,0.9836445583795153,10
JVS_JVSMuSiC,wavlm_l12,12,73,60_20_20_speaker_disjoint,False,acoustic_full_plus_mode,classic,logf0_mean;logf0_std;logf0_p05;logf0_p50;logf0_p95;logf0_range;rms_mean;rms_std;duration_s;voiced_rate;energy_mean;energy_std;mode_dummy,G->S,20,0.05,10,20,0.5,0.3,0.7,0.6,0.95,0.46973958333333327,0.7946428571428571,0.1406121193912525,0.3436784894689723,0.8,0.6322420634920636,1.5,0.24634021493157449,0.25,0.674125,0.9836445583795153,10
JVS_JVSMuSiC,wavlm_l12,12,73,60_20_20_speaker_disjoint,False,single_group_f0,mean_preserving,logf0_mean;logf0_std;logf0_p05;logf0_p50;logf0_p95;logf0_range,S->G,20,0.05,1,20,0.05,0.0,0.15,0.15,0.55,0.14814457999108735,0.36187123997326187,-0.0005117552970771051,0.003777903320886031,0.35,0.2495320855614973,10.0,0.00155074927339261,0.0,1.0,0.0008888629964757255,5
JVS_JVSMuSiC,wavlm_l12,12,73,60_20_20_speaker_disjoint,False,single_group_f0,mean_preserving,logf0_mean;logf0_std;logf0_p05;logf0_p50;logf0_p95;logf0_range,G->S,20,0.05,4,20,0.2,0.05,0.35,0.25,0.65,0.21317232649638804,0.5082845901518501,0.00034452175461345384,0.0027874283442217576,0.45,0.3512572792274804,6.0,0.0015507492733926654,-0.04999999999999999,1.0,0.0008888629964757255,5
JVS_JVSMuSiC,wavlm_l12,12,73,60_20_20_speaker_disjoint,False,single_group_energy,mean_preserving,rms_mean;rms_std;energy_mean;energy_std,S->G,20,0.05,2,20,0.1,0.0,0.25,0.15,0.55,0.1466190614940615,0.37859597347097346,-0.001196193682469133,0.0039647500347833615,0.35,0.25040549728049727,7.0,0.001739520430219632,0.05,0.9945,0.005262799514770489,3
JVS_JVSMuSiC,wavlm_l12,12,73,60_20_20_speaker_disjoint,False,single_group_energy,mean_preserving,rms_mean;rms_std;energy_mean;energy_std,G->S,20,0.05,4,20,0.2,0.05,0.4,0.45,0.85,0.23745328282828276,0.528342803030303,0.00021689553988187466,0.0030336528334710833,0.65,0.37579545454545454,4.5,0.0017395204302196765,-0.04999999999999999,0.9945,0.005262799514770489,3
JVS_JVSMuSiC,wavlm_l12,12,73,60_20_20_speaker_disjoint,False,single_group_duration,mean_preserving,duration_s,S->G,20,0.05,9,20,0.45,0.25,0.65,0.55,0.95,0.40655803571428567,0.7503318452380952,0.0017546245643621742,0.003024234302431165,0.75,0.5791865079365079,2.0,0.002403812139713535,0.4,0.952125,0.0028240705492211804,1
JVS_JVSMuSiC,wavlm_l12,12,73,60_20_20_speaker_disjoint,False,single_group_duration,mean_preserving,duration_s,G->S,20,0.05,12,20,0.6,0.35,0.8,0.7,1.0,0.5198768939393938,0.8545568181818184,0.0018597471347167195,0.0029400590824512083,0.85,0.6891883116883117,1.0,0.0024038121397135627,0.35,0.952125,0.0028240705492211804,1
JVS_JVSMuSiC,wavlm_l12,12,73,60_20_20_speaker_disjoint,False,single_group_voicing,mean_preserving,voiced_rate,S->G,20,0.05,1,20,0.05,0.0,0.15,0.2,0.6,0.16427455280357758,0.3770839460784314,0.00029676960407700825,0.004239640445756325,0.4,0.26154497764017887,9.5,0.0022779371498520664,0.0,1.0,0.0,0
JVS_JVSMuSiC,wavlm_l12,12,73,60_20_20_speaker_disjoint,False,single_group_voicing,mean_preserving,voiced_rate,G->S,20,0.05,5,20,0.25,0.1,0.45,0.4,0.8,0.2714678362573099,0.6027309027777777,0.0009887222683501334,0.0034001687075560765,0.6,0.4298538011695907,3.5,0.0022779371498520386,0.0,1.0,0.0,0
JVS_JVSMuSiC,wavlm_l12,12,73,60_20_20_speaker_disjoint,False,full_minus_f0,mean_preserving,rms_mean;rms_std;duration_s;voiced_rate;energy_mean;energy_std,S->G,20,0.05,5,20,0.25,0.05,0.45,0.4,0.8,0.26743799256299255,0.5983787115662115,-0.0027547526473426535,0.004056720036448891,0.6,0.43004023754023757,3.0,0.0015562717253445046,0.2,0.888875,0.007637860569192689,4
JVS_JVSMuSiC,wavlm_l12,12,73,60_20_20_speaker_disjoint,False,full_minus_f0,mean_preserving,rms_mean;rms_std;duration_s;voiced_rate;energy_mean;energy_std,G->S,20,0.05,7,20,0.35,0.15,0.6,0.75,1.0,0.4369696969696969,0.7300208333333333,0.00010288197139521021,0.0025790574943734047,0.9,0.5837121212121212,2.0,0.0015562717253445157,0.09999999999999998,0.888875,0.007637860569192689,4
JVS_JVSMuSiC,wavlm_l12,12,73,60_20_20_speaker_disjoint,False,full_minus_energy,mean_preserving,logf0_mean;logf0_std;logf0_p05;logf0_p50;logf0_p95;logf0_range;duration_s;voiced_rate,S->G,20,0.05,6,20,0.3,0.1,0.5,0.5,0.9,0.31553258547008545,0.6368322649572649,0.0008547698691538828,0.0022575110060060292,0.7,0.4811645299145299,2.5,0.0016256746139711286,0.25,0.944375,0.0036997186235765422,6
JVS_JVSMuSiC,wavlm_l12,12,73,60_20_20_speaker_disjoint,False,full_minus_energy,mean_preserving,logf0_mean;logf0_std;logf0_p05;logf0_p50;logf0_p95;logf0_range;duration_s;voiced_rate,G->S,20,0.05,10,20,0.5,0.3,0.75,0.6,0.95,0.42438854489164085,0.7851426083591331,0.0009288767579365326,0.0022438282123360934,0.8,0.6052156125608138,1.5,0.0016256746139711343,0.25,0.944375,0.0036997186235765422,6
JVS_JVSMuSiC,wavlm_l12,12,73,60_20_20_speaker_disjoint,False,full_minus_duration,mean_preserving,logf0_mean;logf0_std;logf0_p05;logf0_p50;logf0_p95;logf0_range;rms_mean;rms_std;voiced_rate;energy_mean;energy_std,S->G,20,0.05,2,20,0.1,0.0,0.25,0.1,0.5,0.15574526515151513,0.3967642045454545,-0.0009837484011927953,0.0036735401258503413,0.3,0.2604370629370629,7.0,0.0015590883280176381,0.05,0.996125,0.005400513324166023,8
JVS_JVSMuSiC,wavlm_l12,12,73,60_20_20_speaker_disjoint,False,full_minus_duration,mean_preserving,logf0_mean;logf0_std;logf0_p05;logf0_p50;logf0_p95;logf0_range;rms_mean;rms_std;voiced_rate;energy_mean;energy_std,G->S,20,0.05,3,20,0.15,0.0,0.3,0.4,0.8,0.2095553670186023,0.47253385809451987,0.0003065310609159726,0.0028522450754228804,0.6,0.33303733031674204,5.0,0.0015590883280176381,-0.1,0.996125,0.005400513324166023,8
JVS_JVSMuSiC,wavlm_l12,12,73,60_20_20_speaker_disjoint,False,full_minus_voicing,mean_preserving,logf0_mean;logf0_std;logf0_p05;logf0_p50;logf0_p95;logf0_range;rms_mean;rms_std;duration_s;energy_mean;energy_std,S->G,20,0.05,7,20,0.35,0.15,0.55,0.3,0.75,0.2684067460317461,0.6341339285714285,-0.0028823987351714155,0.0037167406035364414,0.55,0.4506349206349206,5.0,0.0013713569013231786,0.3,0.884375,0.007748549387349701,9
JVS_JVSMuSiC,wavlm_l12,12,73,60_20_20_speaker_disjoint,False,full_minus_voicing,mean_preserving,logf0_mean;logf0_std;logf0_p05;logf0_p50;logf0_p95;logf0_range;rms_mean;rms_std;duration_s;energy_mean;energy_std,G->S,20,0.05,10,20,0.5,0.3,0.7012499999999988,0.55,0.9,0.4604553412274001,0.8059821428571429,0.00035302707259453326,0.002203806435019055,0.75,0.641380188439012,1.5,0.0013713569013231897,0.25,0.884375,0.007748549387349701,9
JVS_JVSMuSiC,wavlm_l12,12,73,60_20_20_speaker_disjoint,False,row_shuffled_nuisance,mean_preserving,logf0_mean;logf0_std;logf0_p05;logf0_p50;logf0_p95;logf0_range;rms_mean;rms_std;duration_s;voiced_rate;energy_mean;energy_std,S->G,20,0.05,1,20,0.05,0.0,0.15,0.2,0.6,0.1613812055999556,0.3790516774891774,0.0004288205665072168,0.004626722805258445,0.4,0.25840839715839714,8.5,0.002449154121783137,0.0,1.0,-0.0003610804544407209,9
JVS_JVSMuSiC,wavlm_l12,12,73,60_20_20_speaker_disjoint,False,row_shuffled_nuisance,mean_preserving,logf0_mean;logf0_std;logf0_p05;logf0_p50;logf0_p95;logf0_range;rms_mean;rms_std;duration_s;voiced_rate;energy_mean;energy_std,G->S,20,0.05,6,20,0.3,0.1,0.5,0.45,0.85,0.2861608448203843,0.6258257101086049,0.001188145848911461,0.0035535945394804145,0.65,0.4448068086883876,3.5,0.002449154121783148,0.04999999999999999,1.0,-0.0003610804544407209,9
JVS_JVSMuSiC,wavlm_l12,12,73,60_20_20_speaker_disjoint,False,random_gaussian_nuisance,mean_preserving,logf0_mean;logf0_std;logf0_p05;logf0_p50;logf0_p95;logf0_range;rms_mean;rms_std;duration_s;voiced_rate;energy_mean;energy_std,S->G,20,0.05,1,20,0.05,0.0,0.15,0.2,0.6,0.14135612090115768,0.34159778375219546,0.0004717326751091448,0.004597997108867058,0.4,0.2337602879146997,7.0,0.0023781506032035772,0.0,1.0,5.409058616456797e-06,12
JVS_JVSMuSiC,wavlm_l12,12,73,60_20_20_speaker_disjoint,False,random_gaussian_nuisance,mean_preserving,logf0_mean;logf0_std;logf0_p05;logf0_p50;logf0_p95;logf0_range;rms_mean;rms_std;duration_s;voiced_rate;energy_mean;energy_std,G->S,20,0.05,4,20,0.2,0.05,0.4,0.35,0.8,0.2461622023809524,0.5390974702380952,0.0011959738877712336,0.003556502936252202,0.55,0.3867559523809524,4.0,0.0023781506032035495,-0.04999999999999999,1.0,5.409058616456797e-06,12
JVS_JVSMuSiC,wavlm_l12,12,73,60_20_20_speaker_disjoint,False,random_low_rank_projection,mean_preserving,random_dir_0;random_dir_1;random_dir_2;random_dir_3;random_dir_4;random_dir_5;random_dir_6;random_dir_7;random_dir_8;random_dir_9;random_dir_10;random_dir_11,S->G,20,0.05,1,20,0.05,0.0,0.15,0.2,0.6,0.1587843997248022,0.3756232262641898,0.0002492242513221052,0.004277492606252938,0.4,0.2573783109735122,9.5,0.002261097732635281,0.0,1.0,0.00018393233235169948,12
JVS_JVSMuSiC,wavlm_l12,12,73,60_20_20_speaker_disjoint,False,random_low_rank_projection,mean_preserving,random_dir_0;random_dir_1;random_dir_2;random_dir_3;random_dir_4;random_dir_5;random_dir_6;random_dir_7;random_dir_8;random_dir_9;random_dir_10;random_dir_11,G->S,20,0.05,5,20,0.25,0.1,0.45,0.4,0.8,0.28341264619883033,0.5781317616959063,0.0010242769021935382,0.003427307813245064,0.6,0.43027046783625733,3.5,0.0022610977326352867,0.0,1.0,0.00018393233235169948,12
JVS_JVSMuSiC,wavlm_l12,12,79,60_20_20_speaker_disjoint,False,raw,raw,,S->G,20,0.05,2,20,0.1,0.0,0.25,0.15,0.55,0.12917370650183152,0.3799855387667887,-0.0003479478830196002,0.006035719867307189,0.35,0.23985805860805862,8.0,0.0028135545091373393,0.0,1.0,0.0,0
JVS_JVSMuSiC,wavlm_l12,12,79,60_20_20_speaker_disjoint,False,raw,raw,,G->S,20,0.05,2,20,0.1,0.0,0.25,0.3,0.75,0.18882010284177467,0.44157696694108256,0.0005007922503563715,0.004819064410249489,0.55,0.30804946579907877,5.0,0.002813554509137317,0.0,1.0,0.0,0
JVS_JVSMuSiC,wavlm_l12,12,79,60_20_20_speaker_disjoint,False,center_only_classic,classic,,S->G,20,0.05,8,20,0.4,0.2,0.65,0.7,1.0,0.47508623321123317,0.767804487179487,0.1066440667160439,0.17632269877929954,0.85,0.6165445665445667,2.0,0.1406160299466,0.30000000000000004,1.0,0.9767880372331054,0
JVS_JVSMuSiC,wavlm_l12,12,79,60_20_20_speaker_disjoint,False,center_only_classic,classic,,G->S,20,0.05,2,20,0.1,0.0,0.25,0.45,0.85,0.2041974524658348,0.4402171345811051,0.07853828211808488,0.19990265750238606,0.65,0.31174093879976233,4.0,0.14061602994660002,0.0,1.0,0.9767880372331054,0
JVS_JVSMuSiC,wavlm_l12,12,79,60_20_20_speaker_disjoint,False,mode_dummy_only,mean_preserving,mode_dummy,S->G,20,0.05,6,20,0.3,0.1,0.5,0.4,0.85,0.29715710066077705,0.6315255602240897,0.001859916012972998,0.004089629465242681,0.65,0.46121193349134526,3.5,0.002906087981188593,0.19999999999999998,0.521125,0.002973762452671558,1
JVS_JVSMuSiC,wavlm_l12,12,79,60_20_20_speaker_disjoint,False,mode_dummy_only,mean_preserving,mode_dummy,G->S,20,0.05,10,20,0.5,0.3,0.75,0.65,0.95,0.46731964307622204,0.7917329545454544,0.0015543817513494632,0.0038837818949700596,0.8,0.6306660444818339,1.5,0.00290608798118861,0.4,0.521125,0.002973762452671558,1
JVS_JVSMuSiC,wavlm_l12,12,79,60_20_20_speaker_disjoint,False,mode_dummy_only,classic,mode_dummy,S->G,20,0.05,12,20,0.6,0.35,0.8,0.7,1.0,0.5410256410256411,0.8667628205128206,0.2738164249416657,0.415709294451353,0.85,0.7080128205128207,1.0,0.3485888029127521,0.5,0.521125,0.9797617996857778,1
JVS_JVSMuSiC,wavlm_l12,12,79,60_20_20_speaker_disjoint,False,mode_dummy_only,classic,mode_dummy,G->S,20,0.05,12,20,0.6,0.4,0.8,0.7,1.0,0.5784722222222223,0.8722222222222221,0.2852094242186497,0.41406606755883746,0.85,0.7284722222222222,1.0,0.34858880291275207,0.5,0.521125,0.9797617996857778,1
JVS_JVSMuSiC,wavlm_l12,12,79,60_20_20_speaker_disjoint,False,acoustic_full_no_mode,mean_preserving,logf0_mean;logf0_std;logf0_p05;logf0_p50;logf0_p95;logf0_range;rms_mean;rms_std;duration_s;voiced_rate;energy_mean;energy_std,S->G,20,0.05,3,20,0.15,0.0,0.3,0.25,0.65,0.20119897399749373,0.46362624007936487,0.0009258459444226908,0.0026287386759513646,0.45,0.32750261069340014,6.0,0.0017992759483051236,0.04999999999999999,0.902375,0.005978993382741771,9
JVS_JVSMuSiC,wavlm_l12,12,79,60_20_20_speaker_disjoint,False,acoustic_full_no_mode,mean_preserving,logf0_mean;logf0_std;logf0_p05;logf0_p50;logf0_p95;logf0_range;rms_mean;rms_std;duration_s;voiced_rate;energy_mean;energy_std,G->S,20,0.05,10,20,0.5,0.3,0.7012499999999988,0.45,0.85,0.40819041783380017,0.7768895891690009,0.0004257645535542185,0.002778381677385357,0.65,0.6002824463118581,1.5,0.0017992759483050791,0.4,0.902375,0.005978993382741771,9
JVS_JVSMuSiC,wavlm_l12,12,79,60_20_20_speaker_disjoint,False,acoustic_full_no_mode,classic,logf0_mean;logf0_std;logf0_p05;logf0_p50;logf0_p95;logf0_range;rms_mean;rms_std;duration_s;voiced_rate;energy_mean;energy_std,S->G,20,0.05,11,20,0.55,0.3,0.75,0.7,1.0,0.5463333333333332,0.8499999999999999,0.17702528151811692,0.3264519892562042,0.85,0.6955555555555555,1.0,0.25499983390013004,0.45000000000000007,0.902375,0.9832341884490425,9
JVS_JVSMuSiC,wavlm_l12,12,79,60_20_20_speaker_disjoint,False,acoustic_full_no_mode,classic,logf0_mean;logf0_std;logf0_p05;logf0_p50;logf0_p95;logf0_range;rms_mean;rms_std;duration_s;voiced_rate;energy_mean;energy_std,G->S,20,0.05,13,20,0.65,0.45,0.85,0.6,0.95,0.531079365079365,0.8788253968253968,0.17936148002419508,0.3268769544528251,0.8,0.7165873015873017,1.0,0.2549998339001301,0.55,0.902375,0.9832341884490425,9
JVS_JVSMuSiC,wavlm_l12,12,79,60_20_20_speaker_disjoint,False,acoustic_full_plus_mode,mean_preserving,logf0_mean;logf0_std;logf0_p05;logf0_p50;logf0_p95;logf0_range;rms_mean;rms_std;duration_s;voiced_rate;energy_mean;energy_std;mode_dummy,S->G,20,0.05,5,20,0.25,0.1,0.45,0.2,0.6,0.21816331073896864,0.5509643640350878,0.0007125402104313138,0.002637678541823518,0.4,0.3684197235513025,7.0,0.001718082698961082,0.15,0.5395,0.006489571457676591,10
JVS_JVSMuSiC,wavlm_l12,12,79,60_20_20_speaker_disjoint,False,acoustic_full_plus_mode,mean_preserving,logf0_mean;logf0_std;logf0_p05;logf0_p50;logf0_p95;logf0_range;rms_mean;rms_std;duration_s;voiced_rate;energy_mean;energy_std;mode_dummy,G->S,20,0.05,10,20,0.5,0.3,0.7,0.5,0.9,0.4336017740429505,0.780296626984127,0.0004311527832438839,0.0026605223154352996,0.7,0.6086951447245564,1.5,0.001718082698961082,0.4,0.5395,0.006489571457676591,10
JVS_JVSMuSiC,wavlm_l12,12,79,60_20_20_speaker_disjoint,False,acoustic_full_plus_mode,classic,logf0_mean;logf0_std;logf0_p05;logf0_p50;logf0_p95;logf0_range;rms_mean;rms_std;duration_s;voiced_rate;energy_mean;energy_std;mode_dummy,S->G,20,0.05,11,20,0.55,0.3,0.75,0.7,1.0,0.5273018483709273,0.8405555555555555,0.17105652111542638,0.34407154851059146,0.85,0.6878299916457811,1.0,0.2595947781431666,0.45000000000000007,0.5395,0.9837466020209327,10
JVS_JVSMuSiC,wavlm_l12,12,79,60_20_20_speaker_disjoint,False,acoustic_full_plus_mode,classic,logf0_mean;logf0_std;logf0_p05;logf0_p50;logf0_p95;logf0_range;rms_mean;rms_std;duration_s;voiced_rate;energy_mean;energy_std;mode_dummy,G->S,20,0.05,13,20,0.65,0.45,0.85,0.6,0.95,0.5541647727272727,0.8893035714285714,0.16279594976371964,0.33226885781660737,0.8,0.7338311688311687,1.0,0.2595947781431666,0.55,0.5395,0.9837466020209327,10
JVS_JVSMuSiC,wavlm_l12,12,79,60_20_20_speaker_disjoint,False,single_group_f0,mean_preserving,logf0_mean;logf0_std;logf0_p05;logf0_p50;logf0_p95;logf0_range,S->G,20,0.05,2,20,0.1,0.0,0.25,0.15,0.55,0.10876788014616962,0.35489439946018886,-0.0014039793694133951,0.005350127283927943,0.35,0.22309660003738951,10.0,0.002036981563036,0.0,1.0,0.0009565689984974979,5
JVS_JVSMuSiC,wavlm_l12,12,79,60_20_20_speaker_disjoint,False,single_group_f0,mean_preserving,logf0_mean;logf0_std;logf0_p05;logf0_p50;logf0_p95;logf0_range,G->S,20,0.05,2,20,0.1,0.0,0.25,0.25,0.7,0.1490198922272258,0.38003197415329765,-0.0003624746590992664,0.004069381747199843,0.45,0.25264271976733277,6.0,0.002036981563036022,0.0,1.0,0.0009565689984974979,5
JVS_JVSMuSiC,wavlm_l12,12,79,60_20_20_speaker_disjoint,False,single_group_energy,mean_preserving,rms_mean;rms_std;energy_mean;energy_std,S->G,20,0.05,5,20,0.25,0.05,0.45,0.15,0.55,0.1895124007936508,0.5225304521867021,0.001016046067818243,0.0037955622771505,0.35,0.3467051004551004,7.5,0.0024763446514829033,0.15,0.993375,0.00335446224519953,3
JVS_JVSMuSiC,wavlm_l12,12,79,60_20_20_speaker_disjoint,False,single_group_energy,mean_preserving,rms_mean;rms_std;energy_mean;energy_std,G->S,20,0.05,8,20,0.4,0.2,0.6,0.45,0.85,0.3580854215229215,0.6945587259962258,0.0014166275320027602,0.0036003659816278106,0.65,0.5246264356558473,2.5,0.0024763446514828925,0.30000000000000004,0.993375,0.00335446224519953,3
JVS_JVSMuSiC,wavlm_l12,12,79,60_20_20_speaker_disjoint,False,single_group_duration,mean_preserving,duration_s,S->G,20,0.05,5,20,0.25,0.1,0.45,0.5,0.9,0.2859290674603174,0.5859660218253968,0.0016905896126728393,0.00455105401931105,0.7,0.4369345238095237,3.0,0.003053445442379776,0.15,0.924125,0.00289734025897892,1
JVS_JVSMuSiC,wavlm_l12,12,79,60_20_20_speaker_disjoint,False,single_group_duration,mean_preserving,duration_s,G->S,20,0.05,10,20,0.5,0.3,0.7,0.5,0.9,0.4452536051302498,0.7891161616161616,0.0014015789111498668,0.0043881969462125515,0.7,0.6178714779372674,1.5,0.0030534454423797597,0.4,0.924125,0.00289734025897892,1
JVS_JVSMuSiC,wavlm_l12,12,79,60_20_20_speaker_disjoint,False,single_group_voicing,mean_preserving,voiced_rate,S->G,20,0.05,2,20,0.1,0.0,0.25,0.15,0.55,0.13627762515262518,0.3669623015873016,-0.0003606332299937747,0.006045162164173923,0.35,0.23985805860805862,8.0,0.0028135545091373393,0.0,1.0,0.0,0
JVS_JVSMuSiC,wavlm_l12,12,79,60_20_20_speaker_disjoint,False,single_group_voicing,mean_preserving,voiced_rate,G->S,20,0.05,2,20,0.1,0.0,0.25,0.35,0.75,0.198974273222048,0.44845796706840635,0.00022544513823824288,0.004793311334594614,0.55,0.30804946579907877,5.0,0.002813554509137317,0.0,1.0,0.0,0
JVS_JVSMuSiC,wavlm_l12,12,79,60_20_20_speaker_disjoint,False,full_minus_f0,mean_preserving,rms_mean;rms_std;duration_s;voiced_rate;energy_mean;energy_std,S->G,20,0.05,5,20,0.25,0.1,0.45,0.4487500000000001,0.85,0.2851830357142857,0.5829970238095239,0.0015902338453028558,0.003216681904388051,0.65,0.4241071428571429,4.5,0.0023506929714724512,0.15,0.91575,0.005202068815897687,4
JVS_JVSMuSiC,wavlm_l12,12,79,60_20_20_speaker_disjoint,False,full_minus_f0,mean_preserving,rms_mean;rms_std;duration_s;voiced_rate;energy_mean;energy_std,G->S,20,0.05,10,20,0.5,0.25,0.7,0.55,0.9,0.4346481259968102,0.7701794258373206,0.0010138066888158675,0.003283757566873739,0.75,0.6163437001594897,1.5,0.002350692971472462,0.4,0.91575,0.005202068815897687,4
JVS_JVSMuSiC,wavlm_l12,12,79,60_20_20_speaker_disjoint,False,full_minus_energy,mean_preserving,logf0_mean;logf0_std;logf0_p05;logf0_p50;logf0_p95;logf0_range;duration_s;voiced_rate,S->G,20,0.05,3,20,0.15,0.0,0.3,0.3,0.7,0.20316484169425345,0.47152410395976563,0.0009787588483757144,0.0037928359554746955,0.5,0.3201670061964179,5.5,0.002219125277101136,0.04999999999999999,0.9235,0.003824168803372885,6
JVS_JVSMuSiC,wavlm_l12,12,79,60_20_20_speaker_disjoint,False,full_minus_energy,mean_preserving,logf0_mean;logf0_std;logf0_p05;logf0_p50;logf0_p95;logf0_range;duration_s;voiced_rate,G->S,20,0.05,9,20,0.45,0.25,0.7,0.45,0.85,0.3744763257575757,0.7410498737373737,0.00021077253709723327,0.0035817339337532355,0.65,0.5546843434343434,2.0,0.002219125277101092,0.35,0.9235,0.003824168803372885,6
JVS_JVSMuSiC,wavlm_l12,12,79,60_20_20_speaker_disjoint,False,full_minus_duration,mean_preserving,logf0_mean;logf0_std;logf0_p05;logf0_p50;logf0_p95;logf0_range;rms_mean;rms_std;voiced_rate;energy_mean;energy_std,S->G,20,0.05,3,20,0.15,0.0,0.3,0.1,0.5,0.15568563034188038,0.45211309523809506,0.000662066869022912,0.0030245325399397365,0.3,0.28664072039072036,8.5,0.0019158908749382197,0.04999999999999999,0.9915,0.004135939276187828,8
JVS_JVSMuSiC,wavlm_l12,12,79,60_20_20_speaker_disjoint,False,full_minus_duration,mean_preserving,logf0_mean;logf0_std;logf0_p05;logf0_p50;logf0_p95;logf0_range;rms_mean;rms_std;voiced_rate;energy_mean;energy_std,G->S,20,0.05,7,20,0.35,0.15,0.55,0.4,0.8,0.30802531669719163,0.6653778998778999,0.0009236829345336996,0.002812650958037957,0.6,0.4848649267399267,3.0,0.0019158908749382308,0.24999999999999997,0.9915,0.004135939276187828,8
JVS_JVSMuSiC,wavlm_l12,12,79,60_20_20_speaker_disjoint,False,full_minus_voicing,mean_preserving,logf0_mean;logf0_std;logf0_p05;logf0_p50;logf0_p95;logf0_range;rms_mean;rms_std;duration_s;energy_mean;energy_std,S->G,20,0.05,3,20,0.15,0.0,0.3,0.25,0.65,0.20876358865914785,0.47728602756892224,0.0009647223253522373,0.002632382196218676,0.45,0.32750261069340014,6.0,0.0017992759483051236,0.04999999999999999,0.902375,0.005978993382747766,9
JVS_JVSMuSiC,wavlm_l12,12,79,60_20_20_speaker_disjoint,False,full_minus_voicing,mean_preserving,logf0_mean;logf0_std;logf0_p05;logf0_p50;logf0_p95;logf0_range;rms_mean;rms_std;duration_s;energy_mean;energy_std,G->S,20,0.05,10,20,0.5,0.3,0.7,0.4,0.85,0.4308269724556488,0.7683095238095237,0.0004399599220015843,0.002792708521855866,0.65,0.6002824463118581,1.5,0.001799275948305129,0.4,0.902375,0.005978993382747766,9
JVS_JVSMuSiC,wavlm_l12,12,79,60_20_20_speaker_disjoint,False,row_shuffled_nuisance,mean_preserving,logf0_mean;logf0_std;logf0_p05;logf0_p50;logf0_p95;logf0_range;rms_mean;rms_std;duration_s;voiced_rate;energy_mean;energy_std,S->G,20,0.05,2,20,0.1,0.0,0.25,0.15,0.55,0.12620274833418216,0.360429323433919,-0.00024665201035594303,0.006130170446051586,0.35,0.23018504371445553,8.5,0.002830831202112899,0.0,1.0,1.0986363881970718e-06,9
JVS_JVSMuSiC,wavlm_l12,12,79,60_20_20_speaker_disjoint,False,row_shuffled_nuisance,mean_preserving,logf0_mean;logf0_std;logf0_p05;logf0_p50;logf0_p95;logf0_range;rms_mean;rms_std;duration_s;voiced_rate;energy_mean;energy_std,G->S,20,0.05,2,20,0.1,0.0,0.25,0.3,0.7512499999999989,0.1880629764166432,0.4201120732284141,0.000441083727126997,0.004640164480914062,0.55,0.2967154321856334,4.5,0.0028308312021128766,0.0,1.0,1.0986363881970718e-06,9
JVS_JVSMuSiC,wavlm_l12,12,79,60_20_20_speaker_disjoint,False,random_gaussian_nuisance,mean_preserving,logf0_mean;logf0_std;logf0_p05;logf0_p50;logf0_p95;logf0_range;rms_mean;rms_std;duration_s;voiced_rate;energy_mean;energy_std,S->G,20,0.05,2,20,0.1,0.0,0.25,0.15,0.55,0.1253561958874459,0.37218303571428574,-0.00014841377571446599,0.006206533051667583,0.35,0.2429283910533911,8.0,0.002868308611785675,0.0,1.0,2.58461524076381e-05,12
JVS_JVSMuSiC,wavlm_l12,12,79,60_20_20_speaker_disjoint,False,random_gaussian_nuisance,mean_preserving,logf0_mean;logf0_std;logf0_p05;logf0_p50;logf0_p95;logf0_range;rms_mean;rms_std;duration_s;voiced_rate;energy_mean;energy_std,G->S,20,0.05,2,20,0.1,0.0,0.25,0.35,0.75,0.1839639570740577,0.4172587535014005,0.00018305411663819776,0.004922329797515063,0.55,0.29232345569806867,4.5,0.002868308611785697,0.0,1.0,2.58461524076381e-05,12
JVS_JVSMuSiC,wavlm_l12,12,79,60_20_20_speaker_disjoint,False,random_low_rank_projection,mean_preserving,random_dir_0;random_dir_1;random_dir_2;random_dir_3;random_dir_4;random_dir_5;random_dir_6;random_dir_7;random_dir_8;random_dir_9;random_dir_10;random_dir_11,S->G,20,0.05,2,20,0.1,0.0,0.25,0.15,0.55,0.13248372634310135,0.37415071733821725,-0.0001935886619684931,0.00607319368665178,0.35,0.23985805860805862,8.0,0.0027978163744085795,0.0,1.0,0.00018681983904500488,12
JVS_JVSMuSiC,wavlm_l12,12,79,60_20_20_speaker_disjoint,False,random_low_rank_projection,mean_preserving,random_dir_0;random_dir_1;random_dir_2;random_dir_3;random_dir_4;random_dir_5;random_dir_6;random_dir_7;random_dir_8;random_dir_9;random_dir_10;random_dir_11,G->S,20,0.05,2,20,0.1,0.0,0.25,0.35,0.75,0.19056273426435966,0.4404706895916261,0.0004837998348496124,0.0047594115687253835,0.55,0.30825779913241214,5.0,0.002797816374408574,0.0,1.0,0.00018681983904500488,12
JVS_JVSMuSiC,wavlm_l12,12,83,60_20_20_speaker_disjoint,False,raw,raw,,S->G,20,0.05,4,20,0.2,0.05,0.4,0.2,0.6,0.16879468101343104,0.46978456959706955,0.0009896592464782481,0.005882541548851299,0.4,0.30947496947496944,7.5,0.003372713604924199,0.0,1.0,0.0,0
JVS_JVSMuSiC,wavlm_l12,12,83,60_20_20_speaker_disjoint,False,raw,raw,,G->S,20,0.05,2,20,0.1,0.0,0.25,0.35,0.75,0.18124107142857143,0.4252648809523809,0.0006775905681992285,0.005580010296570739,0.55,0.2901159951159951,5.0,0.00337271360492416,0.0,1.0,0.0,0
JVS_JVSMuSiC,wavlm_l12,12,83,60_20_20_speaker_disjoint,False,center_only_classic,classic,,S->G,20,0.05,12,20,0.6,0.4,0.8,0.75,1.0,0.6041145833333333,0.8833333333333332,0.14140316457471888,0.2075821055791854,0.9,0.7479166666666666,1.0,0.17467740100149803,0.39999999999999997,1.0,0.9767717215320787,0
JVS_JVSMuSiC,wavlm_l12,12,83,60_20_20_speaker_disjoint,False,center_only_classic,classic,,G->S,20,0.05,2,20,0.1,0.0,0.25,0.35,0.75,0.1889453601953602,0.4327182539682538,0.090911870605056,0.2640569142894596,0.55,0.29686202686202684,5.0,0.17467740100149803,0.0,1.0,0.9767717215320787,0
JVS_JVSMuSiC,wavlm_l12,12,83,60_20_20_speaker_disjoint,False,mode_dummy_only,mean_preserving,mode_dummy,S->G,20,0.05,8,20,0.4,0.2,0.65,0.7,1.0,0.4347315705128205,0.7354166666666666,0.0026341006049862624,0.004458753287270923,0.85,0.5871794871794871,2.0,0.0034815674363336212,0.2,0.4085,0.002975178317499938,1
JVS_JVSMuSiC,wavlm_l12,12,83,60_20_20_speaker_disjoint,False,mode_dummy_only,mean_preserving,mode_dummy,G->S,20,0.05,10,20,0.5,0.29875000000000007,0.7,0.7,1.0,0.5260576156299841,0.8192982456140351,0.0020574365765792238,0.004451774999234531,0.85,0.682177033492823,1.5,0.003481567436333599,0.4,0.4085,0.002975178317499938,1
JVS_JVSMuSiC,wavlm_l12,12,83,60_20_20_speaker_disjoint,False,mode_dummy_only,classic,mode_dummy,S->G,20,0.05,13,20,0.65,0.4487500000000001,0.85,0.75,1.0,0.5788988095238096,0.8838095238095237,0.34518814027467826,0.4814363718051634,0.9,0.7396428571428572,1.0,0.41935935021997206,0.45,0.4085,0.9797468998495792,1
JVS_JVSMuSiC,wavlm_l12,12,83,60_20_20_speaker_disjoint,False,mode_dummy_only,classic,mode_dummy,G->S,20,0.05,11,20,0.55,0.35,0.75,0.7,1.0,0.5270758928571428,0.8375,0.35034410809825933,0.4878680106115608,0.85,0.6842261904761905,1.0,0.4193593502199723,0.45000000000000007,0.4085,0.9797468998495792,1
JVS_JVSMuSiC,wavlm_l12,12,83,60_20_20_speaker_disjoint,False,acoustic_full_no_mode,mean_preserving,logf0_mean;logf0_std;logf0_p05;logf0_p50;logf0_p95;logf0_range;rms_mean;rms_std;duration_s;voiced_rate;energy_mean;energy_std,S->G,20,0.05,3,20,0.15,0.0,0.3,0.3,0.7,0.20870902014652012,0.4751199633699633,0.0010706956468967978,0.0028265398823531353,0.5,0.32640262515262514,5.0,0.0020262935497555312,-0.05000000000000002,0.899375,0.007374430302175661,9
JVS_JVSMuSiC,wavlm_l12,12,83,60_20_20_speaker_disjoint,False,acoustic_full_no_mode,mean_preserving,logf0_mean;logf0_std;logf0_p05;logf0_p50;logf0_p95;logf0_range;rms_mean;rms_std;duration_s;voiced_rate;energy_mean;energy_std,G->S,20,0.05,11,20,0.55,0.35,0.75,0.55,0.9,0.45968695175438584,0.8069616228070176,0.0007112666580617836,0.003206112417763187,0.75,0.6544371345029238,1.0,0.0020262935497555147,0.45000000000000007,0.899375,0.007374430302175661,9
JVS_JVSMuSiC,wavlm_l12,12,83,60_20_20_speaker_disjoint,False,acoustic_full_no_mode,classic,logf0_mean;logf0_std;logf0_p05;logf0_p50;logf0_p95;logf0_range;rms_mean;rms_std;duration_s;voiced_rate;energy_mean;energy_std,S->G,20,0.05,11,20,0.55,0.3,0.8,0.7,1.0,0.5271527777777778,0.8333749999999999,0.18508016274298816,0.34108290246520195,0.85,0.6851633986928104,1.0,0.27098289581555507,0.35000000000000003,0.899375,0.983268891178652,9
JVS_JVSMuSiC,wavlm_l12,12,83,60_20_20_speaker_disjoint,False,acoustic_full_no_mode,classic,logf0_mean;logf0_std;logf0_p05;logf0_p50;logf0_p95;logf0_range;rms_mean;rms_std;duration_s;voiced_rate;energy_mean;energy_std,G->S,20,0.05,9,20,0.45,0.25,0.6512499999999989,0.65,0.95,0.44149900793650787,0.7833333333333333,0.17130922871916074,0.3633366595829644,0.8,0.6157539682539682,2.0,0.2709828958155551,0.35,0.899375,0.983268891178652,9
JVS_JVSMuSiC,wavlm_l12,12,83,60_20_20_speaker_disjoint,False,acoustic_full_plus_mode,mean_preserving,logf0_mean;logf0_std;logf0_p05;logf0_p50;logf0_p95;logf0_range;rms_mean;rms_std;duration_s;voiced_rate;energy_mean;energy_std;mode_dummy,S->G,20,0.05,3,20,0.15,0.0,0.35,0.35,0.8,0.20972653388278384,0.4838668154761904,0.0012832895463088872,0.002842839083765595,0.55,0.32834020146520143,4.5,0.0020755291571715904,-0.05000000000000002,0.458625,0.007822665099153414,10
JVS_JVSMuSiC,wavlm_l12,12,83,60_20_20_speaker_disjoint,False,acoustic_full_plus_mode,mean_preserving,logf0_mean;logf0_std;logf0_p05;logf0_p50;logf0_p95;logf0_range;rms_mean;rms_std;duration_s;voiced_rate;energy_mean;energy_std;mode_dummy,G->S,20,0.05,9,20,0.45,0.25,0.65,0.55,0.9,0.42555545112781945,0.7635922619047619,0.000777340940090706,0.0032681629279435096,0.75,0.6020363408521303,2.0,0.002075529157171646,0.35,0.458625,0.007822665099153414,10
JVS_JVSMuSiC,wavlm_l12,12,83,60_20_20_speaker_disjoint,False,acoustic_full_plus_mode,classic,logf0_mean;logf0_std;logf0_p05;logf0_p50;logf0_p95;logf0_range;rms_mean;rms_std;duration_s;voiced_rate;energy_mean;energy_std;mode_dummy,S->G,20,0.05,11,20,0.55,0.3,0.75,0.55,0.9,0.4860739087301587,0.8333730158730157,0.1950325686130271,0.3661114520296621,0.75,0.6628373015873016,1.0,0.2808172331207325,0.35000000000000003,0.458625,0.9837841960212106,10
JVS_JVSMuSiC,wavlm_l12,12,83,60_20_20_speaker_disjoint,False,acoustic_full_plus_mode,classic,logf0_mean;logf0_std;logf0_p05;logf0_p50;logf0_p95;logf0_range;rms_mean;rms_std;duration_s;voiced_rate;energy_mean;energy_std;mode_dummy,G->S,20,0.05,10,20,0.5,0.3,0.7,0.55,0.9,0.4435852272727273,0.7958333333333333,0.17639462587434762,0.3714776342892219,0.75,0.6149621212121212,1.5,0.28081723312073253,0.4,0.458625,0.9837841960212106,10
JVS_JVSMuSiC,wavlm_l12,12,83,60_20_20_speaker_disjoint,False,single_group_f0,mean_preserving,logf0_mean;logf0_std;logf0_p05;logf0_p50;logf0_p95;logf0_range,S->G,20,0.05,3,20,0.15,0.0,0.3,0.1,0.5,0.14141758277197516,0.4088982510008051,-0.00041564565410116366,0.0053597096099715765,0.3,0.2600752871999002,8.0,0.0023149036994615513,-0.05000000000000002,1.0,0.0016227417885306128,5
JVS_JVSMuSiC,wavlm_l12,12,83,60_20_20_speaker_disjoint,False,single_group_f0,mean_preserving,logf0_mean;logf0_std;logf0_p05;logf0_p50;logf0_p95;logf0_range,G->S,20,0.05,1,20,0.05,0.0,0.15,0.2,0.6,0.14351360645933012,0.33764288251952723,-0.0001919983546959983,0.0045444875586130844,0.4,0.2261620762278657,8.0,0.0023149036994615847,-0.05,1.0,0.0016227417885306128,5
JVS_JVSMuSiC,wavlm_l12,12,83,60_20_20_speaker_disjoint,False,single_group_energy,mean_preserving,rms_mean;rms_std;energy_mean;energy_std,S->G,20,0.05,5,20,0.25,0.05,0.45,0.3,0.7012499999999988,0.216699083263228,0.5423214285714285,0.0015605191847682886,0.0049639525198484765,0.5,0.36864223495802445,6.0,0.0032745333604776773,0.04999999999999999,0.997875,0.003509045001269917,3
JVS_JVSMuSiC,wavlm_l12,12,83,60_20_20_speaker_disjoint,False,single_group_energy,mean_preserving,rms_mean;rms_std;energy_mean;energy_std,G->S,20,0.05,5,20,0.25,0.1,0.45,0.5,0.9,0.2694340277777778,0.5718504464285713,0.0022127516510600984,0.004320195247654532,0.7,0.4146329365079365,3.5,0.0032745333604776604,0.15,0.997875,0.003509045001269917,3
JVS_JVSMuSiC,wavlm_l12,12,83,60_20_20_speaker_disjoint,False,single_group_duration,mean_preserving,duration_s,S->G,20,0.05,6,20,0.3,0.1,0.5,0.6,0.95,0.3731994047619047,0.669077380952381,0.0026748817460899603,0.004708190104651275,0.8,0.525,2.0,0.003551263730546428,0.09999999999999998,0.924,0.002832150779139564,1
JVS_JVSMuSiC,wavlm_l12,12,83,60_20_20_speaker_disjoint,False,single_group_duration,mean_preserving,duration_s,G->S,20,0.05,8,20,0.4,0.2,0.6,0.55,0.95,0.39912103174603175,0.7269047619047618,0.0015154709945276342,0.005011738648327105,0.75,0.5699603174603174,2.0,0.0035512637305463945,0.30000000000000004,0.924,0.002832150779139564,1
JVS_JVSMuSiC,wavlm_l12,12,83,60_20_20_speaker_disjoint,False,single_group_voicing,mean_preserving,voiced_rate,S->G,20,0.05,4,20,0.2,0.05,0.35124999999999884,0.2,0.6012499999999988,0.16520928724053724,0.46804632173382177,0.0006279947787667421,0.005989320504305093,0.4,0.30947496947496944,7.5,0.003372713604924199,0.0,1.0,0.0,0
JVS_JVSMuSiC,wavlm_l12,12,83,60_20_20_speaker_disjoint,False,single_group_voicing,mean_preserving,voiced_rate,G->S,20,0.05,2,20,0.1,0.0,0.25,0.3,0.75,0.18962797619047617,0.42754456654456646,0.0007828644745396345,0.005746958370096353,0.55,0.2901159951159951,5.0,0.00337271360492416,0.0,1.0,0.0,0
JVS_JVSMuSiC,wavlm_l12,12,83,60_20_20_speaker_disjoint,False,full_minus_f0,mean_preserving,rms_mean;rms_std;duration_s;voiced_rate;energy_mean;energy_std,S->G,20,0.05,3,20,0.15,0.0,0.35,0.45,0.85,0.2275157342657342,0.5014567099567099,0.0020022163650528497,0.003839534918676222,0.65,0.35567515817515816,4.5,0.002971300762093609,-0.05000000000000002,0.9,0.005370381741074071,4
JVS_JVSMuSiC,wavlm_l12,12,83,60_20_20_speaker_disjoint,False,full_minus_f0,mean_preserving,rms_mean;rms_std;duration_s;voiced_rate;energy_mean;energy_std,G->S,20,0.05,9,20,0.45,0.25,0.65,0.64875,0.95,0.46409320175438584,0.7677631578947368,0.0016188387015518512,0.004082574635889552,0.8,0.6251315789473685,2.0,0.0029713007620935984,0.35,0.9,0.005370381741074071,4
JVS_JVSMuSiC,wavlm_l12,12,83,60_20_20_speaker_disjoint,False,full_minus_energy,mean_preserving,logf0_mean;logf0_std;logf0_p05;logf0_p50;logf0_p95;logf0_range;duration_s;voiced_rate,S->G,20,0.05,5,20,0.25,0.1,0.45,0.45,0.85,0.3097631448412699,0.6101649305555554,0.001523665614025939,0.0034592955895044112,0.65,0.4508234126984127,2.5,0.0023980105843929567,0.04999999999999999,0.922375,0.004474641157022785,6
JVS_JVSMuSiC,wavlm_l12,12,83,60_20_20_speaker_disjoint,False,full_minus_energy,mean_preserving,logf0_mean;logf0_std;logf0_p05;logf0_p50;logf0_p95;logf0_range;duration_s;voiced_rate,G->S,20,0.05,6,20,0.3,0.1,0.5,0.5,0.9,0.30819196428571427,0.6267862103174603,0.00046842954666543067,0.0038486125027233954,0.7,0.45814484126984123,4.0,0.002398010584393012,0.19999999999999998,0.922375,0.004474641157022785,6
JVS_JVSMuSiC,wavlm_l12,12,83,60_20_20_speaker_disjoint,False,full_minus_duration,mean_preserving,logf0_mean;logf0_std;logf0_p05;logf0_p50;logf0_p95;logf0_range;rms_mean;rms_std;voiced_rate;energy_mean;energy_std,S->G,20,0.05,3,20,0.15,0.0,0.3,0.2,0.65,0.15657962614870513,0.42976190476190473,0.0006397427575867921,0.0038369848355707154,0.4,0.2835839598997494,7.0,0.0023221295488653646,-0.05000000000000002,0.997375,0.005477216996120915,8
JVS_JVSMuSiC,wavlm_l12,12,83,60_20_20_speaker_disjoint,False,full_minus_duration,mean_preserving,logf0_mean;logf0_std;logf0_p05;logf0_p50;logf0_p95;logf0_range;rms_mean;rms_std;voiced_rate;energy_mean;energy_std,G->S,20,0.05,5,20,0.25,0.1,0.45,0.45,0.85,0.2419904088966589,0.5317742205710955,0.0012736654054984328,0.003369354094263249,0.65,0.38519716394716397,5.0,0.002322129548865415,0.15,0.997375,0.005477216996120915,8
JVS_JVSMuSiC,wavlm_l12,12,83,60_20_20_speaker_disjoint,False,full_minus_voicing,mean_preserving,logf0_mean;logf0_std;logf0_p05;logf0_p50;logf0_p95;logf0_range;rms_mean;rms_std;duration_s;energy_mean;energy_std,S->G,20,0.05,3,20,0.15,0.0,0.3,0.3,0.7,0.18650272817460317,0.46210483440170935,0.0012099062428473362,0.0028474579626990995,0.5,0.32640262515262514,5.0,0.0020262935497557142,-0.05000000000000002,0.899375,0.007374430302180879,9
JVS_JVSMuSiC,wavlm_l12,12,83,60_20_20_speaker_disjoint,False,full_minus_voicing,mean_preserving,logf0_mean;logf0_std;logf0_p05;logf0_p50;logf0_p95;logf0_range;rms_mean;rms_std;duration_s;energy_mean;energy_std,G->S,20,0.05,11,20,0.55,0.35,0.75,0.55,0.95,0.4584470029239766,0.8280725511695907,0.0007393410294724168,0.00315416201318848,0.75,0.6544371345029238,1.0,0.002026293549755737,0.45000000000000007,0.899375,0.007374430302180879,9
JVS_JVSMuSiC,wavlm_l12,12,83,60_20_20_speaker_disjoint,False,row_shuffled_nuisance,mean_preserving,logf0_mean;logf0_std;logf0_p05;logf0_p50;logf0_p95;logf0_range;rms_mean;rms_std;duration_s;voiced_rate;energy_mean;energy_std,S->G,20,0.05,3,20,0.15,0.0,0.35,0.2,0.6,0.15972322346770873,0.42105947667528537,0.0008068974350926913,0.006117686745840577,0.4,0.28317963898846255,8.0,0.00344287068141248,-0.05000000000000002,1.0,0.0002215609513475103,9
JVS_JVSMuSiC,wavlm_l12,12,83,60_20_20_speaker_disjoint,False,row_shuffled_nuisance,mean_preserving,logf0_mean;logf0_std;logf0_p05;logf0_p50;logf0_p95;logf0_range;rms_mean;rms_std;duration_s;voiced_rate;energy_mean;energy_std,G->S,20,0.05,2,20,0.1,0.0,0.25,0.35,0.75,0.18228133753501402,0.4148676470588235,0.0006002178673359648,0.005624262902021197,0.55,0.2885730446024563,5.0,0.0034428706814125356,0.0,1.0,0.0002215609513475103,9
JVS_JVSMuSiC,wavlm_l12,12,83,60_20_20_speaker_disjoint,False,random_gaussian_nuisance,mean_preserving,logf0_mean;logf0_std;logf0_p05;logf0_p50;logf0_p95;logf0_range;rms_mean;rms_std;duration_s;voiced_rate;energy_mean;energy_std,S->G,20,0.05,4,20,0.2,0.05,0.4,0.2,0.6,0.16246594551282054,0.4716056547619047,0.0008727963127916728,0.006430499079735563,0.4,0.304478021978022,7.5,0.0033958195320909932,0.0,1.0,7.006245822516188e-05,12
JVS_JVSMuSiC,wavlm_l12,12,83,60_20_20_speaker_disjoint,False,random_gaussian_nuisance,mean_preserving,logf0_mean;logf0_std;logf0_p05;logf0_p50;logf0_p95;logf0_range;rms_mean;rms_std;duration_s;voiced_rate;energy_mean;energy_std,G->S,20,0.05,2,20,0.1,0.0,0.25,0.3,0.75,0.17844031836219337,0.40281083152958147,0.0008891524404556009,0.0058693159359077774,0.5,0.2812617243867243,5.5,0.0033958195320910487,0.0,1.0,7.006245822516188e-05,12
JVS_JVSMuSiC,wavlm_l12,12,83,60_20_20_speaker_disjoint,False,random_low_rank_projection,mean_preserving,random_dir_0;random_dir_1;random_dir_2;random_dir_3;random_dir_4;random_dir_5;random_dir_6;random_dir_7;random_dir_8;random_dir_9;random_dir_10;random_dir_11,S->G,20,0.05,4,20,0.2,0.05,0.4,0.25,0.65,0.15904616910866914,0.4691531211843712,0.000697931672907922,0.006139379370755317,0.45,0.3111416361416361,7.5,0.0033528623695637584,0.0,1.0,0.00017304326650680046,12
JVS_JVSMuSiC,wavlm_l12,12,83,60_20_20_speaker_disjoint,False,random_low_rank_projection,mean_preserving,random_dir_0;random_dir_1;random_dir_2;random_dir_3;random_dir_4;random_dir_5;random_dir_6;random_dir_7;random_dir_8;random_dir_9;random_dir_10;random_dir_11,G->S,20,0.05,2,20,0.1,0.0,0.25,0.3987500000000001,0.8,0.186953373015873,0.42142633928571427,0.0005338627089678384,0.005525183134159454,0.6,0.2919909951159951,5.0,0.0033528623695637137,0.0,1.0,0.00017304326650680046,12
JVS_JVSMuSiC,wavlm_l12,12,89,60_20_20_speaker_disjoint,False,raw,raw,,S->G,20,0.05,2,20,0.1,0.0,0.25,0.25,0.65,0.16966125541125546,0.41653984036796526,-4.979650322013316e-05,0.004646538048918511,0.45,0.2892397186147186,6.5,0.0023252632996282495,0.0,1.0,0.0,0
JVS_JVSMuSiC,wavlm_l12,12,89,60_20_20_speaker_disjoint,False,raw,raw,,G->S,20,0.05,1,20,0.05,0.0,0.15,0.3,0.75,0.21340187590187593,0.40916829004329,0.0010341457196482667,0.0036073181879849457,0.55,0.30647186147186145,3.5,0.0023252632996282495,0.0,1.0,0.0,0
JVS_JVSMuSiC,wavlm_l12,12,89,60_20_20_speaker_disjoint,False,center_only_classic,classic,,S->G,20,0.05,12,20,0.6,0.4,0.8,0.75,1.0,0.5878303571428571,0.8785714285714284,0.10966643335504955,0.1710666181712584,0.9,0.7332142857142856,1.0,0.14016751880346717,0.5,1.0,0.9767852567280018,0
JVS_JVSMuSiC,wavlm_l12,12,89,60_20_20_speaker_disjoint,False,center_only_classic,classic,,G->S,20,0.05,2,20,0.1,0.0,0.25,0.35,0.75,0.22217042852980348,0.45435971320346297,0.058943700727638014,0.22297759142690715,0.55,0.33424658674658675,4.0,0.14016751880346717,0.05,1.0,0.9767852567280018,0
JVS_JVSMuSiC,wavlm_l12,12,89,60_20_20_speaker_disjoint,False,mode_dummy_only,mean_preserving,mode_dummy,S->G,20,0.05,6,20,0.3,0.1,0.5,0.55,0.9,0.3381274801587302,0.6542434752747252,0.0017702090043754362,0.003050113767009484,0.75,0.49112789987789984,3.0,0.0023992134443694855,0.19999999999999998,0.568125,0.0029750557247505416,1
JVS_JVSMuSiC,wavlm_l12,12,89,60_20_20_speaker_disjoint,False,mode_dummy_only,mean_preserving,mode_dummy,G->S,20,0.05,10,20,0.5,0.3,0.7,0.6,0.95,0.4892532467532468,0.8019345238095237,0.0018163726944998484,0.0028732640480927624,0.8,0.648146645021645,1.5,0.0023992134443694634,0.45,0.568125,0.0029750557247505416,1
JVS_JVSMuSiC,wavlm_l12,12,89,60_20_20_speaker_disjoint,False,mode_dummy_only,classic,mode_dummy,S->G,20,0.05,14,20,0.7,0.5,0.9,0.75,1.0,0.6487797619047619,0.9285714285714285,0.28326054088984287,0.4124260223051237,0.9,0.799404761904762,1.0,0.3519927184689135,0.6,0.568125,0.9797603124527531,1
JVS_JVSMuSiC,wavlm_l12,12,89,60_20_20_speaker_disjoint,False,mode_dummy_only,classic,mode_dummy,G->S,20,0.05,11,20,0.55,0.3,0.75,0.75,1.0,0.5588988095238094,0.85,0.2849724811307017,0.42094216653040795,0.9,0.7113095238095238,1.0,0.35199271846891356,0.5,0.568125,0.9797603124527531,1
JVS_JVSMuSiC,wavlm_l12,12,89,60_20_20_speaker_disjoint,False,acoustic_full_no_mode,mean_preserving,logf0_mean;logf0_std;logf0_p05;logf0_p50;logf0_p95;logf0_range;rms_mean;rms_std;duration_s;voiced_rate;energy_mean;energy_std,S->G,20,0.05,5,20,0.25,0.05,0.45,0.4,0.8,0.2718210312971342,0.5842272341628959,0.0007820912586559573,0.00228826402079147,0.6,0.4189196832579185,3.0,0.0015371375245062102,0.15,0.905875,0.007044822373302617,9
JVS_JVSMuSiC,wavlm_l12,12,89,60_20_20_speaker_disjoint,False,acoustic_full_no_mode,mean_preserving,logf0_mean;logf0_std;logf0_p05;logf0_p50;logf0_p95;logf0_range;rms_mean;rms_std;duration_s;voiced_rate;energy_mean;energy_std,G->S,20,0.05,8,20,0.4,0.2,0.6012499999999988,0.55,0.9,0.40566071428571426,0.7322142857142856,0.0006521736772426482,0.0021795210169048046,0.75,0.5650793650793651,2.0,0.0015371375245061992,0.35000000000000003,0.905875,0.007044822373302617,9
JVS_JVSMuSiC,wavlm_l12,12,89,60_20_20_speaker_disjoint,False,acoustic_full_no_mode,classic,logf0_mean;logf0_std;logf0_p05;logf0_p50;logf0_p95;logf0_range;rms_mean;rms_std;duration_s;voiced_rate;energy_mean;energy_std,S->G,20,0.05,10,20,0.5,0.3,0.75,0.6,0.95,0.44452216880341877,0.7895902777777778,0.15181717390154228,0.31337915194496796,0.8,0.6187072649572649,1.5,0.23943815316172934,0.4,0.905875,0.9830921736963255,9
JVS_JVSMuSiC,wavlm_l12,12,89,60_20_20_speaker_disjoint,False,acoustic_full_no_mode,classic,logf0_mean;logf0_std;logf0_p05;logf0_p50;logf0_p95;logf0_range;rms_mean;rms_std;duration_s;voiced_rate;energy_mean;energy_std,G->S,20,0.05,8,20,0.4,0.2,0.6,0.55,0.9,0.38639700102529045,0.7234743819776714,0.1449829291508708,0.31858386392133514,0.75,0.5526532239690134,2.5,0.23943815316172928,0.35000000000000003,0.905875,0.9830921736963255,9
JVS_JVSMuSiC,wavlm_l12,12,89,60_20_20_speaker_disjoint,False,acoustic_full_plus_mode,mean_preserving,logf0_mean;logf0_std;logf0_p05;logf0_p50;logf0_p95;logf0_range;rms_mean;rms_std;duration_s;voiced_rate;energy_mean;energy_std;mode_dummy,S->G,20,0.05,4,20,0.2,0.05,0.4,0.4,0.8,0.2461144082633053,0.540687003968254,0.0005356127812075616,0.0024892332043708653,0.6,0.38462768440709616,3.0,0.0015444891306771458,0.1,0.508625,0.007509577751002361,10
JVS_JVSMuSiC,wavlm_l12,12,89,60_20_20_speaker_disjoint,False,acoustic_full_plus_mode,mean_preserving,logf0_mean;logf0_std;logf0_p05;logf0_p50;logf0_p95;logf0_range;rms_mean;rms_std;duration_s;voiced_rate;energy_mean;energy_std;mode_dummy,G->S,20,0.05,7,20,0.35,0.15,0.55,0.55,0.9,0.360875,0.6946517857142857,0.0006476507424097207,0.0022632154468195673,0.75,0.5296428571428572,2.0,0.0015444891306771237,0.3,0.508625,0.007509577751002361,10
JVS_JVSMuSiC,wavlm_l12,12,89,60_20_20_speaker_disjoint,False,acoustic_full_plus_mode,classic,logf0_mean;logf0_std;logf0_p05;logf0_p50;logf0_p95;logf0_range;rms_mean;rms_std;duration_s;voiced_rate;energy_mean;energy_std;mode_dummy,S->G,20,0.05,9,20,0.45,0.2,0.65,0.75,1.0,0.4632807017543859,0.7750657894736842,0.17229423684324066,0.3390589593295545,0.9,0.6167982456140351,2.0,0.2521612469333644,0.35,0.508625,0.9836100551692792,10
JVS_JVSMuSiC,wavlm_l12,12,89,60_20_20_speaker_disjoint,False,acoustic_full_plus_mode,classic,logf0_mean;logf0_std;logf0_p05;logf0_p50;logf0_p95;logf0_range;rms_mean;rms_std;duration_s;voiced_rate;energy_mean;energy_std;mode_dummy,G->S,20,0.05,7,20,0.35,0.15,0.55,0.6,0.95,0.34886805555555556,0.6800624999999999,0.15343870734326925,0.33571575190434466,0.8,0.5225,2.5,0.2521612469333644,0.3,0.508625,0.9836100551692792,10
JVS_JVSMuSiC,wavlm_l12,12,89,60_20_20_speaker_disjoint,False,single_group_f0,mean_preserving,logf0_mean;logf0_std;logf0_p05;logf0_p50;logf0_p95;logf0_range,S->G,20,0.05,2,20,0.1,0.0,0.25,0.2,0.6,0.14401179590425914,0.3928809437090685,-0.0006963220952542917,0.0038505683790929284,0.4,0.25785064200505375,7.5,0.0016624813976809539,0.0,1.0,0.0017510390980596258,5
JVS_JVSMuSiC,wavlm_l12,12,89,60_20_20_speaker_disjoint,False,single_group_f0,mean_preserving,logf0_mean;logf0_std;logf0_p05;logf0_p50;logf0_p95;logf0_range,G->S,20,0.05,1,20,0.05,0.0,0.15,0.25,0.7,0.1958219803072744,0.4126009550090432,0.0006108139979391467,0.0028954729040241256,0.5,0.30518665974548326,6.0,0.0016624813976809706,0.0,1.0,0.0017510390980596258,5
JVS_JVSMuSiC,wavlm_l12,12,89,60_20_20_speaker_disjoint,False,single_group_energy,mean_preserving,rms_mean;rms_std;energy_mean;energy_std,S->G,20,0.05,2,20,0.1,0.0,0.25,0.25,0.65,0.1760849757881008,0.4212546047702297,0.0008848036191509055,0.004111102872047178,0.45,0.28331224331224336,6.5,0.0025642289287606534,0.0,0.998,0.0033157031704468265,3
JVS_JVSMuSiC,wavlm_l12,12,89,60_20_20_speaker_disjoint,False,single_group_energy,mean_preserving,rms_mean;rms_std;energy_mean;energy_std,G->S,20,0.05,2,20,0.1,0.0,0.25,0.4,0.85,0.21511645992895992,0.4279776473526474,0.0005995359280294546,0.004437302572010975,0.65,0.3116455766455766,4.0,0.00256422892876067,0.05,0.998,0.0033157031704468265,3
JVS_JVSMuSiC,wavlm_l12,12,89,60_20_20_speaker_disjoint,False,single_group_duration,mean_preserving,duration_s,S->G,20,0.05,8,20,0.4,0.2,0.65,0.7,1.0,0.4150964912280702,0.7386472039473685,0.001542325902041204,0.003260774440615495,0.85,0.5657565789473684,2.0,0.0024402753326278224,0.30000000000000004,0.934625,0.002799648278252409,1
JVS_JVSMuSiC,wavlm_l12,12,89,60_20_20_speaker_disjoint,False,single_group_duration,mean_preserving,duration_s,G->S,20,0.05,10,20,0.5,0.3,0.7,0.6,0.95,0.44157291666666665,0.7830336538461538,0.001842949740409976,0.0029692425354319956,0.8,0.6203044871794872,1.5,0.002440275332627828,0.45,0.934625,0.002799648278252409,1
JVS_JVSMuSiC,wavlm_l12,12,89,60_20_20_speaker_disjoint,False,single_group_voicing,mean_preserving,voiced_rate,S->G,20,0.05,2,20,0.1,0.0,0.25,0.25,0.65,0.17122213203463202,0.4301742424242425,-0.00016377124162566468,0.004345792710247698,0.45,0.2892397186147186,6.5,0.0023252632996282495,0.0,1.0,0.0,0
JVS_JVSMuSiC,wavlm_l12,12,89,60_20_20_speaker_disjoint,False,single_group_voicing,mean_preserving,voiced_rate,G->S,20,0.05,1,20,0.05,0.0,0.15,0.35,0.75,0.20961408730158732,0.43077290764790765,0.0010902898804577095,0.003532457312786719,0.55,0.30647186147186145,3.5,0.0023252632996282495,0.0,1.0,0.0,0
JVS_JVSMuSiC,wavlm_l12,12,89,60_20_20_speaker_disjoint,False,full_minus_f0,mean_preserving,rms_mean;rms_std;duration_s;voiced_rate;energy_mean;energy_std,S->G,20,0.05,7,20,0.35,0.15,0.55,0.55,0.9,0.3724375,0.6954427083333333,0.001496691449316979,0.003090895193480793,0.75,0.52875,2.0,0.002344674953033826,0.24999999999999997,0.895,0.005457097720205084,4
JVS_JVSMuSiC,wavlm_l12,12,89,60_20_20_speaker_disjoint,False,full_minus_f0,mean_preserving,rms_mean;rms_std;duration_s;voiced_rate;energy_mean;energy_std,G->S,20,0.05,10,20,0.5,0.3,0.7,0.6,0.95,0.47087202380952375,0.7954419642857142,0.001263853450056445,0.0032321392041549453,0.8,0.6383928571428571,1.5,0.002344674953033793,0.45,0.895,0.005457097720205084,4
JVS_JVSMuSiC,wavlm_l12,12,89,60_20_20_speaker_disjoint,False,full_minus_energy,mean_preserving,logf0_mean;logf0_std;logf0_p05;logf0_p50;logf0_p95;logf0_range;duration_s;voiced_rate,S->G,20,0.05,6,20,0.3,0.1,0.5,0.5,0.9,0.33098856872294374,0.6546428571428571,0.0009490612675734585,0.0026787603256731942,0.7,0.4883053751803752,2.0,0.0017454106094655585,0.19999999999999998,0.935875,0.004561469640413707,6
JVS_JVSMuSiC,wavlm_l12,12,89,60_20_20_speaker_disjoint,False,full_minus_energy,mean_preserving,logf0_mean;logf0_std;logf0_p05;logf0_p50;logf0_p95;logf0_range;duration_s;voiced_rate,G->S,20,0.05,10,20,0.5,0.3,0.7,0.6,0.95,0.41096880896880894,0.7687657967032965,0.001209362641019937,0.0022852098406772516,0.8,0.5947408147408146,1.5,0.0017454106094656086,0.45,0.935875,0.004561469640413707,6
JVS_JVSMuSiC,wavlm_l12,12,89,60_20_20_speaker_disjoint,False,full_minus_duration,mean_preserving,logf0_mean;logf0_std;logf0_p05;logf0_p50;logf0_p95;logf0_range;rms_mean;rms_std;voiced_rate;energy_mean;energy_std,S->G,20,0.05,3,20,0.15,0.0,0.30124999999999885,0.25,0.65,0.1632866541353384,0.43772055137844607,5.712269522546373e-05,0.0035111420532732817,0.45,0.2885309083761096,6.5,0.0017850012789114467,0.04999999999999999,0.997875,0.004869128828300817,8
JVS_JVSMuSiC,wavlm_l12,12,89,60_20_20_speaker_disjoint,False,full_minus_duration,mean_preserving,logf0_mean;logf0_std;logf0_p05;logf0_p50;logf0_p95;logf0_range;rms_mean;rms_std;voiced_rate;energy_mean;energy_std,G->S,20,0.05,1,20,0.05,0.0,0.15,0.4,0.8,0.16816758241758242,0.3487062728937728,-0.00024083836874739473,0.0035859424920512005,0.6,0.24400183150183147,5.0,0.0017850012789114023,0.0,0.997875,0.004869128828300817,8
JVS_JVSMuSiC,wavlm_l12,12,89,60_20_20_speaker_disjoint,False,full_minus_voicing,mean_preserving,logf0_mean;logf0_std;logf0_p05;logf0_p50;logf0_p95;logf0_range;rms_mean;rms_std;duration_s;energy_mean;energy_std,S->G,20,0.05,5,20,0.25,0.1,0.45,0.4,0.8,0.2664380656108597,0.5841911764705883,0.0007266619392332371,0.0022744973076145175,0.6,0.4189196832579185,3.0,0.001537137524506138,0.15,0.905875,0.007044822373300397,9
JVS_JVSMuSiC,wavlm_l12,12,89,60_20_20_speaker_disjoint,False,full_minus_voicing,mean_preserving,logf0_mean;logf0_std;logf0_p05;logf0_p50;logf0_p95;logf0_range;rms_mean;rms_std;duration_s;energy_mean;energy_std,G->S,20,0.05,8,20,0.4,0.2,0.6,0.55,0.9,0.3938452380952381,0.7288095238095237,0.0006534846434546428,0.0022212305905777887,0.75,0.5650793650793651,2.0,0.0015371375245061992,0.35000000000000003,0.905875,0.007044822373300397,9
JVS_JVSMuSiC,wavlm_l12,12,89,60_20_20_speaker_disjoint,False,row_shuffled_nuisance,mean_preserving,logf0_mean;logf0_std;logf0_p05;logf0_p50;logf0_p95;logf0_range;rms_mean;rms_std;duration_s;voiced_rate;energy_mean;energy_std,S->G,20,0.05,3,20,0.15,0.0,0.3,0.2,0.6,0.16800773491214668,0.44409009740259736,-0.0002689968170342413,0.004683270556094427,0.4,0.2944806786350904,6.5,0.002331255976784774,0.04999999999999999,1.0,0.0003094167525117264,9
JVS_JVSMuSiC,wavlm_l12,12,89,60_20_20_speaker_disjoint,False,row_shuffled_nuisance,mean_preserving,logf0_mean;logf0_std;logf0_p05;logf0_p50;logf0_p95;logf0_range;rms_mean;rms_std;duration_s;voiced_rate;energy_mean;energy_std,G->S,20,0.05,1,20,0.05,0.0,0.15,0.25,0.65,0.16924416555666558,0.37356199397008216,0.0009408385606045354,0.003639498096129072,0.45,0.26264878095760447,7.0,0.002331255976784763,0.0,1.0,0.0003094167525117264,9
JVS_JVSMuSiC,wavlm_l12,12,89,60_20_20_speaker_disjoint,False,random_gaussian_nuisance,mean_preserving,logf0_mean;logf0_std;logf0_p05;logf0_p50;logf0_p95;logf0_range;rms_mean;rms_std;duration_s;voiced_rate;energy_mean;energy_std,S->G,20,0.05,2,20,0.1,0.0,0.25,0.25,0.7,0.16729160422910422,0.4060528638028639,-0.00024107278435678829,0.004845145004512235,0.45,0.274048174048174,7.0,0.0023166564637334464,0.0,1.0,-0.00012122593908592272,12
JVS_JVSMuSiC,wavlm_l12,12,89,60_20_20_speaker_disjoint,False,random_gaussian_nuisance,mean_preserving,logf0_mean;logf0_std;logf0_p05;logf0_p50;logf0_p95;logf0_range;rms_mean;rms_std;duration_s;voiced_rate;energy_mean;energy_std,G->S,20,0.05,3,20,0.15,0.0,0.3,0.35,0.75,0.23092087189126662,0.48698433583959894,0.001009841721378953,0.0035779553542328543,0.55,0.35004916136495084,4.5,0.002316656463733435,0.09999999999999999,1.0,-0.00012122593908592272,12
JVS_JVSMuSiC,wavlm_l12,12,89,60_20_20_speaker_disjoint,False,random_low_rank_projection,mean_preserving,random_dir_0;random_dir_1;random_dir_2;random_dir_3;random_dir_4;random_dir_5;random_dir_6;random_dir_7;random_dir_8;random_dir_9;random_dir_10;random_dir_11,S->G,20,0.05,2,20,0.1,0.0,0.25,0.25,0.65,0.1740905708874459,0.4195679788961038,-0.00018742289386362575,0.0044567687959568576,0.45,0.2892397186147186,6.5,0.002303978612303531,0.0,1.0,0.0002564012853371045,12
JVS_JVSMuSiC,wavlm_l12,12,89,60_20_20_speaker_disjoint,False,random_low_rank_projection,mean_preserving,random_dir_0;random_dir_1;random_dir_2;random_dir_3;random_dir_4;random_dir_5;random_dir_6;random_dir_7;random_dir_8;random_dir_9;random_dir_10;random_dir_11,G->S,20,0.05,1,20,0.05,0.0,0.15,0.35,0.75,0.2202423340548341,0.41791351010100997,0.0010442059413808494,0.003498910630271514,0.55,0.31401154401154396,3.5,0.0023039786123035533,0.0,1.0,0.0002564012853371045,12
JVS_JVSMuSiC,wavlm_l12,12,97,60_20_20_speaker_disjoint,False,raw,raw,,S->G,20,0.05,2,20,0.1,0.0,0.25,0.3,0.7,0.14145920929560638,0.3815717554504318,-9.557680033856955e-05,0.004434481276299741,0.5,0.2492413346457464,8.0,0.0021406415607582107,0.0,1.0,0.0,0
JVS_JVSMuSiC,wavlm_l12,12,97,60_20_20_speaker_disjoint,False,raw,raw,,G->S,20,0.05,4,20,0.2,0.05,0.4,0.4,0.8,0.20013278388278388,0.518301510989011,0.0003609883083268533,0.0038886785859008613,0.6,0.346504884004884,5.0,0.002140641560758233,0.0,1.0,0.0,0
JVS_JVSMuSiC,wavlm_l12,12,97,60_20_20_speaker_disjoint,False,center_only_classic,classic,,S->G,20,0.05,10,20,0.5,0.3,0.7,0.85,1.0,0.5404464285714287,0.8249999999999998,0.11657087074569826,0.16617499641752176,0.95,0.6821428571428572,1.5,0.14014034612221837,0.4,1.0,0.9767734242630768,0
JVS_JVSMuSiC,wavlm_l12,12,97,60_20_20_speaker_disjoint,False,center_only_classic,classic,,G->S,20,0.05,1,20,0.05,0.0,0.15,0.25,0.65,0.19228484158815043,0.4030310696248196,0.05335634067950055,0.23511647583867457,0.45,0.29075051990493167,7.0,0.14014034612221837,-0.15000000000000002,1.0,0.9767734242630768,0
JVS_JVSMuSiC,wavlm_l12,12,97,60_20_20_speaker_disjoint,False,mode_dummy_only,mean_preserving,mode_dummy,S->G,20,0.05,6,20,0.3,0.1,0.5,0.5,0.9,0.331641369047619,0.647953869047619,0.0015544629270484985,0.0028234758946182495,0.7,0.48773809523809525,3.0,0.002205849885980071,0.19999999999999998,0.5215,0.0029732732557691266,1
JVS_JVSMuSiC,wavlm_l12,12,97,60_20_20_speaker_disjoint,False,mode_dummy_only,mean_preserving,mode_dummy,G->S,20,0.05,11,20,0.55,0.35,0.75,0.75,1.0,0.4981733682983683,0.8459318181818182,0.0016449026132102397,0.002691911521947945,0.9,0.6700582750582751,1.0,0.0022058498859800824,0.35000000000000003,0.5215,0.0029732732557691266,1
JVS_JVSMuSiC,wavlm_l12,12,97,60_20_20_speaker_disjoint,False,mode_dummy_only,classic,mode_dummy,S->G,20,0.05,9,20,0.45,0.25,0.65,0.85,1.0,0.51125,0.7917708333333333,0.2825643712907738,0.39197333202651063,0.95,0.6571428571428571,2.0,0.33731497343707,0.35,0.5215,0.9797466975188466,1
JVS_JVSMuSiC,wavlm_l12,12,97,60_20_20_speaker_disjoint,False,mode_dummy_only,classic,mode_dummy,G->S,20,0.05,11,20,0.55,0.35,0.75,0.85,1.0,0.5361060606060606,0.8379109848484848,0.2827331059911145,0.3927838802018779,0.95,0.6870454545454546,1.0,0.3373149734370699,0.35000000000000003,0.5215,0.9797466975188466,1
JVS_JVSMuSiC,wavlm_l12,12,97,60_20_20_speaker_disjoint,False,acoustic_full_no_mode,mean_preserving,logf0_mean;logf0_std;logf0_p05;logf0_p50;logf0_p95;logf0_range;rms_mean;rms_std;duration_s;voiced_rate;energy_mean;energy_std,S->G,20,0.05,4,20,0.2,0.05,0.4,0.3,0.75,0.21256775210084028,0.5203667717086835,0.0004350435819280924,0.002322977346057101,0.5,0.3551680672268907,6.0,0.0014033217315868485,0.1,0.871,0.005598298281925929,9
JVS_JVSMuSiC,wavlm_l12,12,97,60_20_20_speaker_disjoint,False,acoustic_full_no_mode,mean_preserving,logf0_mean;logf0_std;logf0_p05;logf0_p50;logf0_p95;logf0_range;rms_mean;rms_std;duration_s;voiced_rate;energy_mean;energy_std,G->S,20,0.05,9,20,0.45,0.25,0.65,0.4,0.8,0.34443229166666667,0.7311284722222222,0.0006093528198954383,0.0022438107027018973,0.6,0.5304861111111111,3.0,0.0014033217315868596,0.25,0.871,0.005598298281925929,9
JVS_JVSMuSiC,wavlm_l12,12,97,60_20_20_speaker_disjoint,False,acoustic_full_no_mode,classic,logf0_mean;logf0_std;logf0_p05;logf0_p50;logf0_p95;logf0_range;rms_mean;rms_std;duration_s;voiced_rate;energy_mean;energy_std,S->G,20,0.05,8,20,0.4,0.2,0.6,0.55,0.9,0.399775974025974,0.7369291125541125,0.14456424231417064,0.29070252424093074,0.75,0.5643290043290043,2.0,0.2196960852999157,0.30000000000000004,0.871,0.9832175000988684,9
JVS_JVSMuSiC,wavlm_l12,12,97,60_20_20_speaker_disjoint,False,acoustic_full_no_mode,classic,logf0_mean;logf0_std;logf0_p05;logf0_p50;logf0_p95;logf0_range;rms_mean;rms_std;duration_s;voiced_rate;energy_mean;energy_std,G->S,20,0.05,9,20,0.45,0.25,0.65,0.4,0.8,0.36694280372405375,0.7247142094017094,0.1314800888748835,0.3038738291111408,0.6,0.5449374236874237,3.0,0.21969608529991574,0.25,0.871,0.9832175000988684,9
JVS_JVSMuSiC,wavlm_l12,12,97,60_20_20_speaker_disjoint,False,acoustic_full_plus_mode,mean_preserving,logf0_mean;logf0_std;logf0_p05;logf0_p50;logf0_p95;logf0_range;rms_mean;rms_std;duration_s;voiced_rate;energy_mean;energy_std;mode_dummy,S->G,20,0.05,3,20,0.15,0.0,0.35,0.3,0.7,0.1788232069143447,0.45583934330311066,0.00040366730806853213,0.0023863732549154492,0.5,0.30560251732271854,5.5,0.0014546772145070275,0.04999999999999999,0.524875,0.006128796849265261,10
JVS_JVSMuSiC,wavlm_l12,12,97,60_20_20_speaker_disjoint,False,acoustic_full_plus_mode,mean_preserving,logf0_mean;logf0_std;logf0_p05;logf0_p50;logf0_p95;logf0_range;rms_mean;rms_std;duration_s;voiced_rate;energy_mean;energy_std;mode_dummy,G->S,20,0.05,6,20,0.3,0.1,0.5,0.4,0.8,0.31299486998746867,0.6378460474101922,0.0007405074324303087,0.002243099443321894,0.6,0.4687327694235589,2.5,0.0014546772145070275,0.09999999999999998,0.524875,0.006128796849265261,10
JVS_JVSMuSiC,wavlm_l12,12,97,60_20_20_speaker_disjoint,False,acoustic_full_plus_mode,classic,logf0_mean;logf0_std;logf0_p05;logf0_p50;logf0_p95;logf0_range;rms_mean;rms_std;duration_s;voiced_rate;energy_mean;energy_std;mode_dummy,S->G,20,0.05,8,20,0.4,0.2,0.6,0.6,0.95,0.40609970238095233,0.7300059523809523,0.16796654748239007,0.3284779109189135,0.8,0.5675595238095238,2.0,0.24657321719638295,0.30000000000000004,0.524875,0.9837320173381752,10
JVS_JVSMuSiC,wavlm_l12,12,97,60_20_20_speaker_disjoint,False,acoustic_full_plus_mode,classic,logf0_mean;logf0_std;logf0_p05;logf0_p50;logf0_p95;logf0_range;rms_mean;rms_std;duration_s;voiced_rate;energy_mean;energy_std;mode_dummy,G->S,20,0.05,7,20,0.35,0.15,0.55,0.55,0.95,0.3672048611111111,0.68196875,0.13450256633834792,0.34488831433844797,0.75,0.5273611111111112,2.0,0.24657321719638295,0.14999999999999997,0.524875,0.9837320173381752,10
JVS_JVSMuSiC,wavlm_l12,12,97,60_20_20_speaker_disjoint,False,single_group_f0,mean_preserving,logf0_mean;logf0_std;logf0_p05;logf0_p50;logf0_p95;logf0_range,S->G,20,0.05,1,20,0.05,0.0,0.15,0.1,0.45,0.12345959249084248,0.3087423305860805,-0.0008249421212393671,0.0037784198985139224,0.25,0.20128052503052501,9.0,0.001461895176188277,-0.05,1.0,0.0013675222332841797,5
JVS_JVSMuSiC,wavlm_l12,12,97,60_20_20_speaker_disjoint,False,single_group_f0,mean_preserving,logf0_mean;logf0_std;logf0_p05;logf0_p50;logf0_p95;logf0_range,G->S,20,0.05,1,20,0.05,0.0,0.15,0.2,0.6012499999999988,0.14451884920634922,0.3416671626984127,-0.00019864976270273115,0.003175469915610395,0.4,0.23803571428571427,7.5,0.0014618951761882326,-0.15000000000000002,1.0,0.0013675222332841797,5
JVS_JVSMuSiC,wavlm_l12,12,97,60_20_20_speaker_disjoint,False,single_group_energy,mean_preserving,rms_mean;rms_std;energy_mean;energy_std,S->G,20,0.05,4,20,0.2,0.05,0.4,0.25,0.65,0.1878558937407622,0.49790847109761566,0.0002607886320374284,0.004193861496511457,0.45,0.32392507711586654,7.5,0.0022363352780738087,0.1,0.98725,0.0022114882544196357,3
JVS_JVSMuSiC,wavlm_l12,12,97,60_20_20_speaker_disjoint,False,single_group_energy,mean_preserving,rms_mean;rms_std;energy_mean;energy_std,G->S,20,0.05,5,20,0.25,0.1,0.45,0.25,0.7,0.2334420995670996,0.5555992965367965,0.0011434807380294326,0.0032843784648838295,0.5,0.3928787878787878,5.0,0.0022363352780738087,0.04999999999999999,0.98725,0.0022114882544196357,3
JVS_JVSMuSiC,wavlm_l12,12,97,60_20_20_speaker_disjoint,False,single_group_duration,mean_preserving,duration_s,S->G,20,0.05,9,20,0.45,0.25,0.7,0.55,0.9,0.417547619047619,0.7500267857142857,0.001520472744543511,0.002821609649653275,0.75,0.5859523809523809,2.0,0.0021840038166026864,0.35,0.920375,0.0029306368355568324,1
JVS_JVSMuSiC,wavlm_l12,12,97,60_20_20_speaker_disjoint,False,single_group_duration,mean_preserving,duration_s,G->S,20,0.05,9,20,0.45,0.24875000000000008,0.7,0.55,0.9,0.3884561449579832,0.7446868434873949,0.0013496780856184598,0.0030654554583214597,0.75,0.571125700280112,2.5,0.0021840038166027363,0.25,0.920375,0.0029306368355568324,1
JVS_JVSMuSiC,wavlm_l12,12,97,60_20_20_speaker_disjoint,False,single_group_voicing,mean_preserving,voiced_rate,S->G,20,0.05,2,20,0.1,0.0,0.25,0.3,0.7,0.14037108204295703,0.3757273164947797,-0.00020750567641009588,0.00437442378426857,0.5,0.2492413346457464,8.0,0.0021406415607582107,0.0,1.0,0.0,0
JVS_JVSMuSiC,wavlm_l12,12,97,60_20_20_speaker_disjoint,False,single_group_voicing,mean_preserving,voiced_rate,G->S,20,0.05,4,20,0.2,0.05,0.4,0.4,0.8,0.19859004884004886,0.504646749084249,0.00034441882311944455,0.004107041441443571,0.6,0.346504884004884,5.0,0.002140641560758233,0.0,1.0,0.0,0
JVS_JVSMuSiC,wavlm_l12,12,97,60_20_20_speaker_disjoint,False,full_minus_f0,mean_preserving,rms_mean;rms_std;duration_s;voiced_rate;energy_mean;energy_std,S->G,20,0.05,6,20,0.3,0.1,0.5,0.35,0.75,0.28770108251633986,0.62278125,0.00108547303670603,0.0028509905175797424,0.55,0.44876458916900097,4.0,0.0020106283772226173,0.19999999999999998,0.858875,0.003973982779567176,4
JVS_JVSMuSiC,wavlm_l12,12,97,60_20_20_speaker_disjoint,False,full_minus_f0,mean_preserving,rms_mean;rms_std;duration_s;voiced_rate;energy_mean;energy_std,G->S,20,0.05,9,20,0.45,0.25,0.65,0.45,0.85,0.38786434837092737,0.7547803884711779,0.0011590663530785244,0.002790291466645163,0.65,0.5638220551378447,2.5,0.0020106283772226064,0.25,0.858875,0.003973982779567176,4
JVS_JVSMuSiC,wavlm_l12,12,97,60_20_20_speaker_disjoint,False,full_minus_energy,mean_preserving,logf0_mean;logf0_std;logf0_p05;logf0_p50;logf0_p95;logf0_range;duration_s;voiced_rate,S->G,20,0.05,7,20,0.35,0.15,0.55,0.4,0.8,0.2965861344537815,0.6651474964985994,0.0007418984592756833,0.002091656622074238,0.6,0.4731442577030812,3.5,0.0014590406076937124,0.24999999999999997,0.921,0.004300853852117981,6
JVS_JVSMuSiC,wavlm_l12,12,97,60_20_20_speaker_disjoint,False,full_minus_energy,mean_preserving,logf0_mean;logf0_std;logf0_p05;logf0_p50;logf0_p95;logf0_range;duration_s;voiced_rate,G->S,20,0.05,8,20,0.4,0.2,0.6,0.4,0.8,0.32439121642246643,0.6932986111111111,0.0006824125701428499,0.0022280574801652546,0.6,0.5104731379731379,3.0,0.0014590406076937512,0.2,0.921,0.004300853852117981,6
JVS_JVSMuSiC,wavlm_l12,12,97,60_20_20_speaker_disjoint,False,full_minus_duration,mean_preserving,logf0_mean;logf0_std;logf0_p05;logf0_p50;logf0_p95;logf0_range;rms_mean;rms_std;voiced_rate;energy_mean;energy_std,S->G,20,0.05,0,20,0.0,0.0,0.0,0.15,0.55,0.1526556634155318,0.31095241892610315,-0.00037802110084417874,0.0033739686719600277,0.35,0.22694536457694353,7.5,0.0016021412188476746,-0.1,0.989375,0.003843735582653718,8
JVS_JVSMuSiC,wavlm_l12,12,97,60_20_20_speaker_disjoint,False,full_minus_duration,mean_preserving,logf0_mean;logf0_std;logf0_p05;logf0_p50;logf0_p95;logf0_range;rms_mean;rms_std;voiced_rate;energy_mean;energy_std,G->S,20,0.05,6,20,0.3,0.1,0.5,0.3,0.7,0.2338891369047619,0.5769330357142857,0.0006458900629805731,0.002598241974378144,0.5,0.39919642857142856,6.0,0.0016021412188476415,0.09999999999999998,0.989375,0.003843735582653718,8
JVS_JVSMuSiC,wavlm_l12,12,97,60_20_20_speaker_disjoint,False,full_minus_voicing,mean_preserving,logf0_mean;logf0_std;logf0_p05;logf0_p50;logf0_p95;logf0_range;rms_mean;rms_std;duration_s;energy_mean;energy_std,S->G,20,0.05,4,20,0.2,0.05,0.4,0.3,0.75,0.21275128384687203,0.5081811391223156,0.0004235538236536765,0.002341983337623142,0.5,0.3551680672268907,6.0,0.0014033217315868817,0.1,0.871,0.005598298281931036,9
JVS_JVSMuSiC,wavlm_l12,12,97,60_20_20_speaker_disjoint,False,full_minus_voicing,mean_preserving,logf0_mean;logf0_std;logf0_p05;logf0_p50;logf0_p95;logf0_range;rms_mean;rms_std;duration_s;energy_mean;energy_std,G->S,20,0.05,9,20,0.45,0.25,0.65,0.4,0.8,0.34204861111111107,0.7088489583333333,0.0005460027789704919,0.0021192870371618496,0.6,0.5304861111111111,3.0,0.0014033217315868873,0.25,0.871,0.005598298281931036,9
JVS_JVSMuSiC,wavlm_l12,12,97,60_20_20_speaker_disjoint,False,row_shuffled_nuisance,mean_preserving,logf0_mean;logf0_std;logf0_p05;logf0_p50;logf0_p95;logf0_range;rms_mean;rms_std;duration_s;voiced_rate;energy_mean;energy_std,S->G,20,0.05,3,20,0.15,0.0,0.3,0.3,0.75,0.1534865116178971,0.4307087320574162,-6.327520769040308e-05,0.0045322252798199415,0.5,0.2797152795604808,5.5,0.002222577959049077,0.04999999999999999,1.0,0.0001341000009027482,9
JVS_JVSMuSiC,wavlm_l12,12,97,60_20_20_speaker_disjoint,False,row_shuffled_nuisance,mean_preserving,logf0_mean;logf0_std;logf0_p05;logf0_p50;logf0_p95;logf0_range;rms_mean;rms_std;duration_s;voiced_rate;energy_mean;energy_std,G->S,20,0.05,2,20,0.1,0.0,0.25,0.3,0.7012499999999988,0.17677449633699635,0.4172617521367521,0.0004001271278168717,0.00411272771382733,0.5,0.29118131868131863,5.5,0.0022225779590491048,-0.1,1.0,0.0001341000009027482,9
JVS_JVSMuSiC,wavlm_l12,12,97,60_20_20_speaker_disjoint,False,random_gaussian_nuisance,mean_preserving,logf0_mean;logf0_std;logf0_p05;logf0_p50;logf0_p95;logf0_range;rms_mean;rms_std;duration_s;voiced_rate;energy_mean;energy_std,S->G,20,0.05,1,20,0.05,0.0,0.15,0.15,0.55,0.13700093984962408,0.3234295112781955,-3.709689535992432e-05,0.004575199226537094,0.35,0.21917919799498745,7.0,0.0022290579998621106,-0.05,1.0,4.7178834579941764e-05,12
JVS_JVSMuSiC,wavlm_l12,12,97,60_20_20_speaker_disjoint,False,random_gaussian_nuisance,mean_preserving,logf0_mean;logf0_std;logf0_p05;logf0_p50;logf0_p95;logf0_range;rms_mean;rms_std;duration_s;voiced_rate;energy_mean;energy_std,G->S,20,0.05,4,20,0.2,0.05,0.4,0.3,0.75,0.2184075630252101,0.5171176470588235,0.0006023935981872758,0.004133537566032393,0.55,0.3600840336134453,5.0,0.002229057999862122,0.0,1.0,4.7178834579941764e-05,12
JVS_JVSMuSiC,wavlm_l12,12,97,60_20_20_speaker_disjoint,False,random_low_rank_projection,mean_preserving,random_dir_0;random_dir_1;random_dir_2;random_dir_3;random_dir_4;random_dir_5;random_dir_6;random_dir_7;random_dir_8;random_dir_9;random_dir_10;random_dir_11,S->G,20,0.05,2,20,0.1,0.0,0.25,0.3,0.75,0.1457347429402383,0.3739957664884135,-2.635976617413548e-05,0.004271808684521052,0.5,0.2494553311755324,8.0,0.002120336597456629,0.0,1.0,0.0001556818414332195,12
JVS_JVSMuSiC,wavlm_l12,12,97,60_20_20_speaker_disjoint,False,random_low_rank_projection,mean_preserving,random_dir_0;random_dir_1;random_dir_2;random_dir_3;random_dir_4;random_dir_5;random_dir_6;random_dir_7;random_dir_8;random_dir_9;random_dir_10;random_dir_11,G->S,20,0.05,4,20,0.2,0.05,0.4,0.4,0.8,0.20482333638583639,0.49761507936507926,0.0003493211104382453,0.003917198749132569,0.6,0.346504884004884,5.0,0.0021203365974565903,0.0,1.0,0.0001556818414332195,12
JVS_JVSMuSiC,mert_l3,3,13,60_20_20_speaker_disjoint,False,raw,raw,,S->G,20,0.05,9,20,0.45,0.25,0.65,0.65,1.0,0.4503809523809524,0.771790521978022,0.007376135604409168,0.012439799992497225,0.85,0.6047985347985347,2.0,0.00997730066704589,0.0,1.0,0.0,0
JVS_JVSMuSiC,mert_l3,3,13,60_20_20_speaker_disjoint,False,raw,raw,,G->S,20,0.05,12,20,0.6,0.4,0.8,0.6,0.95,0.49696825396825395,0.8421964285714285,0.0073137273193171065,0.012318373500626652,0.8,0.6837301587301587,1.0,0.00997730066704593,0.0,1.0,0.0,0
JVS_JVSMuSiC,mert_l3,3,13,60_20_20_speaker_disjoint,False,center_only_classic,classic,,S->G,20,0.05,16,20,0.8,0.6,0.95,1.0,1.0,0.775,0.975,0.3191023657878124,0.40839750603020913,1.0,0.8833333333333332,1.0,0.3597641229714344,0.35000000000000003,1.0,0.9664698595351812,0
JVS_JVSMuSiC,mert_l3,3,13,60_20_20_speaker_disjoint,False,center_only_classic,classic,,G->S,20,0.05,12,20,0.6,0.4,0.8,0.7,1.0,0.5534970238095238,0.8559821428571429,0.29605078886451625,0.42233431676086725,0.85,0.7184523809523808,1.0,0.35976412297143445,0.0,1.0,0.9664698595351812,0
JVS_JVSMuSiC,mert_l3,3,13,60_20_20_speaker_disjoint,False,mode_dummy_only,mean_preserving,mode_dummy,S->G,20,0.05,16,20,0.8,0.6,0.95,1.0,1.0,0.7332291666666666,0.975,0.00844829782338805,0.011284613231934531,1.0,0.8666666666666666,1.0,0.009945815986460733,0.35000000000000003,0.455375,0.0025381584294633663,1
JVS_JVSMuSiC,mert_l3,3,13,60_20_20_speaker_disjoint,False,mode_dummy_only,mean_preserving,mode_dummy,G->S,20,0.05,17,20,0.85,0.7,1.0,1.0,1.0,0.7958333333333333,1.0,0.00882369145182619,0.011191171913917096,1.0,0.9041666666666666,1.0,0.009945815986460793,0.25,0.455375,0.0025381584294633663,1
JVS_JVSMuSiC,mert_l3,3,13,60_20_20_speaker_disjoint,False,mode_dummy_only,classic,mode_dummy,S->G,20,0.05,19,20,0.95,0.85,1.0,1.0,1.0,0.9,1.0,0.48988219543939515,0.5896511552846064,1.0,0.9666666666666666,1.0,0.5396507055465468,0.49999999999999994,0.455375,0.9690080179646443,1
JVS_JVSMuSiC,mert_l3,3,13,60_20_20_speaker_disjoint,False,mode_dummy_only,classic,mode_dummy,G->S,20,0.05,16,20,0.8,0.64875,0.95,1.0,1.0,0.75,0.9666666666666666,0.4844783183139202,0.5861158089933486,1.0,0.875,1.0,0.5396507055465469,0.20000000000000007,0.455375,0.9690080179646443,1
JVS_JVSMuSiC,mert_l3,3,13,60_20_20_speaker_disjoint,False,acoustic_full_no_mode,mean_preserving,logf0_mean;logf0_std;logf0_p05;logf0_p50;logf0_p95;logf0_range;rms_mean;rms_std;duration_s;voiced_rate;energy_mean;energy_std,S->G,20,0.05,14,20,0.7,0.5,0.9,0.7,1.0,0.5931100427350428,0.9201249999999999,0.004985182498959201,0.007557779989315512,0.85,0.7744017094017094,1.0,0.006332811504584696,0.24999999999999994,0.81475,0.010534971440119723,9
JVS_JVSMuSiC,mert_l3,3,13,60_20_20_speaker_disjoint,False,acoustic_full_no_mode,mean_preserving,logf0_mean;logf0_std;logf0_p05;logf0_p50;logf0_p95;logf0_range;rms_mean;rms_std;duration_s;voiced_rate;energy_mean;energy_std,G->S,20,0.05,16,20,0.8,0.6,0.95,0.85,1.0,0.7142857142857142,0.96,0.005340639558962693,0.007356924273379702,0.95,0.8521428571428572,1.0,0.006332811504584724,0.20000000000000007,0.81475,0.010534971440119723,9
JVS_JVSMuSiC,mert_l3,3,13,60_20_20_speaker_disjoint,False,acoustic_full_no_mode,classic,logf0_mean;logf0_std;logf0_p05;logf0_p50;logf0_p95;logf0_range;rms_mean;rms_std;duration_s;voiced_rate;energy_mean;energy_std,S->G,20,0.05,17,20,0.85,0.7,1.0,0.85,1.0,0.76875,0.9756249999999994,0.3455224188521088,0.4787207054713697,0.95,0.89375,1.0,0.41662314822090807,0.39999999999999997,0.81475,0.9775568981607111,9
JVS_JVSMuSiC,mert_l3,3,13,60_20_20_speaker_disjoint,False,acoustic_full_no_mode,classic,logf0_mean;logf0_std;logf0_p05;logf0_p50;logf0_p95;logf0_range;rms_mean;rms_std;duration_s;voiced_rate;energy_mean;energy_std,G->S,20,0.05,16,20,0.8,0.65,0.95,0.85,1.0,0.7228645833333334,0.9666666666666666,0.35381341396922744,0.47345009045400716,0.95,0.8604166666666666,1.0,0.4166231482209081,0.20000000000000007,0.81475,0.9775568981607111,9
JVS_JVSMuSiC,mert_l3,3,13,60_20_20_speaker_disjoint,False,acoustic_full_plus_mode,mean_preserving,logf0_mean;logf0_std;logf0_p05;logf0_p50;logf0_p95;logf0_range;rms_mean;rms_std;duration_s;voiced_rate;energy_mean;energy_std;mode_dummy,S->G,20,0.05,15,20,0.75,0.55,0.9,0.7,1.0,0.6325274725274725,0.9535714285714285,0.00496806746670956,0.007455816216155405,0.85,0.7999175824175824,1.0,0.006228035567043488,0.3,0.3425,0.010880986667247794,10
JVS_JVSMuSiC,mert_l3,3,13,60_20_20_speaker_disjoint,False,acoustic_full_plus_mode,mean_preserving,logf0_mean;logf0_std;logf0_p05;logf0_p50;logf0_p95;logf0_range;rms_mean;rms_std;duration_s;voiced_rate;energy_mean;energy_std;mode_dummy,G->S,20,0.05,16,20,0.8,0.6,0.95,0.75,1.0,0.7057142857142857,0.975,0.00521752760182973,0.007182656719825638,0.9,0.8492857142857142,1.0,0.006228035567043494,0.20000000000000007,0.3425,0.010880986667247794,10
JVS_JVSMuSiC,mert_l3,3,13,60_20_20_speaker_disjoint,False,acoustic_full_plus_mode,classic,logf0_mean;logf0_std;logf0_p05;logf0_p50;logf0_p95;logf0_range;rms_mean;rms_std;duration_s;voiced_rate;energy_mean;energy_std;mode_dummy,S->G,20,0.05,17,20,0.85,0.7,1.0,0.85,1.0,0.7916666666666666,1.0,0.35080711833365513,0.47827618992307397,0.95,0.9,1.0,0.4158656324208959,0.39999999999999997,0.3425,0.9779043388393533,10
JVS_JVSMuSiC,mert_l3,3,13,60_20_20_speaker_disjoint,False,acoustic_full_plus_mode,classic,logf0_mean;logf0_std;logf0_p05;logf0_p50;logf0_p95;logf0_range;rms_mean;rms_std;duration_s;voiced_rate;energy_mean;energy_std;mode_dummy,G->S,20,0.05,16,20,0.8,0.6,0.95,0.85,1.0,0.7186979166666667,0.9666666666666666,0.35350034281416315,0.4786168768362846,0.95,0.8604166666666666,1.0,0.41586563242089597,0.20000000000000007,0.3425,0.9779043388393533,10
JVS_JVSMuSiC,mert_l3,3,13,60_20_20_speaker_disjoint,False,single_group_f0,mean_preserving,logf0_mean;logf0_std;logf0_p05;logf0_p50;logf0_p95;logf0_range,S->G,20,0.05,6,20,0.3,0.1,0.5012499999999989,0.4,0.8,0.30547659285159284,0.6494806235431234,0.003247829317669129,0.008843316910763812,0.6,0.462558275058275,3.0,0.006144422041664132,-0.15000000000000002,1.0,0.005251706287518587,5
JVS_JVSMuSiC,mert_l3,3,13,60_20_20_speaker_disjoint,False,single_group_f0,mean_preserving,logf0_mean;logf0_std;logf0_p05;logf0_p50;logf0_p95;logf0_range,G->S,20,0.05,9,20,0.45,0.25,0.65,0.5,0.9,0.4194776785714286,0.7516071428571428,0.003852282532428884,0.008214461684406557,0.7,0.5786675824175824,2.0,0.006144422041664072,-0.14999999999999997,1.0,0.005251706287518587,5
JVS_JVSMuSiC,mert_l3,3,13,60_20_20_speaker_disjoint,False,single_group_energy,mean_preserving,rms_mean;rms_std;energy_mean;energy_std,S->G,20,0.05,12,20,0.6,0.4,0.8,0.7,1.0,0.5773282967032967,0.8788888888888888,0.00800067255103779,0.011983919996949297,0.85,0.7332112332112332,1.0,0.010088502010435601,0.14999999999999997,0.997875,0.004855417098286741,3
JVS_JVSMuSiC,mert_l3,3,13,60_20_20_speaker_disjoint,False,single_group_energy,mean_preserving,rms_mean;rms_std;energy_mean;energy_std,G->S,20,0.05,16,20,0.8,0.6,0.95,0.85,1.0,0.7534226190476191,0.975,0.00880749583867398,0.011453077811899547,0.95,0.8738095238095237,1.0,0.010088502010435619,0.20000000000000007,0.997875,0.004855417098286741,3
JVS_JVSMuSiC,mert_l3,3,13,60_20_20_speaker_disjoint,False,single_group_duration,mean_preserving,duration_s,S->G,20,0.05,14,20,0.7,0.5,0.9,1.0,1.0,0.6783333333333335,0.9375,0.008663964387919864,0.011450896661872781,1.0,0.8141666666666666,1.0,0.010082201263036689,0.24999999999999994,0.868125,0.0024157546593531753,1
JVS_JVSMuSiC,mert_l3,3,13,60_20_20_speaker_disjoint,False,single_group_duration,mean_preserving,duration_s,G->S,20,0.05,17,20,0.85,0.7,1.0,1.0,1.0,0.7799999999999999,1.0,0.008970172387262963,0.011186958234839443,1.0,0.8933333333333333,1.0,0.010082201263036699,0.25,0.868125,0.0024157546593531753,1
JVS_JVSMuSiC,mert_l3,3,13,60_20_20_speaker_disjoint,False,single_group_voicing,mean_preserving,voiced_rate,S->G,20,0.05,9,20,0.45,0.25,0.65,0.65,1.0,0.45291552197802193,0.7651556776556776,0.007666934731434441,0.012512218848344447,0.85,0.6047985347985347,2.0,0.00997730066704589,0.0,1.0,0.0,0
JVS_JVSMuSiC,mert_l3,3,13,60_20_20_speaker_disjoint,False,single_group_voicing,mean_preserving,voiced_rate,G->S,20,0.05,12,20,0.6,0.4,0.8,0.6,0.95,0.4985456349206349,0.845517857142857,0.007257389084242507,0.012421147868453756,0.8,0.6837301587301587,1.0,0.00997730066704593,0.0,1.0,0.0,0
JVS_JVSMuSiC,mert_l3,3,13,60_20_20_speaker_disjoint,False,full_minus_f0,mean_preserving,rms_mean;rms_std;duration_s;voiced_rate;energy_mean;energy_std,S->G,20,0.05,14,20,0.7,0.5,0.9,0.85,1.0,0.6574375,0.925,0.008233268115139112,0.011673810645096348,0.95,0.8024999999999999,1.0,0.01002683983919066,0.24999999999999994,0.808625,0.0056191994762272435,4
JVS_JVSMuSiC,mert_l3,3,13,60_20_20_speaker_disjoint,False,full_minus_f0,mean_preserving,rms_mean;rms_std;duration_s;voiced_rate;energy_mean;energy_std,G->S,20,0.05,17,20,0.85,0.7,1.0,1.0,1.0,0.7958333333333333,1.0,0.008971629552962806,0.011191714994102198,1.0,0.9041666666666666,1.0,0.01002683983919066,0.25,0.808625,0.0056191994762272435,4
JVS_JVSMuSiC,mert_l3,3,13,60_20_20_speaker_disjoint,False,full_minus_energy,mean_preserving,logf0_mean;logf0_std;logf0_p05;logf0_p50;logf0_p95;logf0_range;duration_s;voiced_rate,S->G,20,0.05,15,20,0.75,0.55,0.9012499999999989,0.6,0.95,0.6212072649572649,0.9538461538461538,0.004976450935241058,0.007332111128448619,0.8,0.7969017094017093,1.0,0.0061720795789709845,0.3,0.85425,0.007624807327762606,6
JVS_JVSMuSiC,mert_l3,3,13,60_20_20_speaker_disjoint,False,full_minus_energy,mean_preserving,logf0_mean;logf0_std;logf0_p05;logf0_p50;logf0_p95;logf0_range;duration_s;voiced_rate,G->S,20,0.05,14,20,0.7,0.5,0.9,0.65,0.95,0.6136217948717949,0.925,0.0048856815565497215,0.00746741449045715,0.8,0.7746794871794872,1.0,0.0061720795789710235,0.09999999999999998,0.85425,0.007624807327762606,6
JVS_JVSMuSiC,mert_l3,3,13,60_20_20_speaker_disjoint,False,full_minus_duration,mean_preserving,logf0_mean;logf0_std;logf0_p05;logf0_p50;logf0_p95;logf0_range;rms_mean;rms_std;voiced_rate;energy_mean;energy_std,S->G,20,0.05,12,20,0.6,0.4,0.8,0.5,0.85,0.4964172794117647,0.8641666666666665,0.004654785415528795,0.008317123764614015,0.7,0.6721673669467786,1.0,0.006446081474634135,0.14999999999999997,0.997375,0.009680079697483523,8
JVS_JVSMuSiC,mert_l3,3,13,60_20_20_speaker_disjoint,False,full_minus_duration,mean_preserving,logf0_mean;logf0_std;logf0_p05;logf0_p50;logf0_p95;logf0_range;rms_mean;rms_std;voiced_rate;energy_mean;energy_std,G->S,20,0.05,11,20,0.55,0.34875000000000006,0.75,0.75,1.0,0.5360252976190476,0.8450059523809523,0.004970017991181416,0.007793806305337781,0.9,0.6948214285714286,1.0,0.006446081474634091,-0.04999999999999993,0.997375,0.009680079697483523,8
JVS_JVSMuSiC,mert_l3,3,13,60_20_20_speaker_disjoint,False,full_minus_voicing,mean_preserving,logf0_mean;logf0_std;logf0_p05;logf0_p50;logf0_p95;logf0_range;rms_mean;rms_std;duration_s;energy_mean;energy_std,S->G,20,0.05,14,20,0.7,0.5,0.9,0.69875,1.0,0.5982478632478633,0.925,0.004972793716072242,0.007618832283623698,0.85,0.7744017094017094,1.0,0.006332811504584518,0.24999999999999994,0.81475,0.010534971440114727,9
JVS_JVSMuSiC,mert_l3,3,13,60_20_20_speaker_disjoint,False,full_minus_voicing,mean_preserving,logf0_mean;logf0_std;logf0_p05;logf0_p50;logf0_p95;logf0_range;rms_mean;rms_std;duration_s;energy_mean;energy_std,G->S,20,0.05,16,20,0.8,0.6,0.95,0.85,1.0,0.7071428571428571,0.96,0.005466925504985023,0.007289654818568518,0.95,0.8521428571428572,1.0,0.00633281150458454,0.20000000000000007,0.81475,0.010534971440114727,9
JVS_JVSMuSiC,mert_l3,3,13,60_20_20_speaker_disjoint,False,row_shuffled_nuisance,mean_preserving,logf0_mean;logf0_std;logf0_p05;logf0_p50;logf0_p95;logf0_range;rms_mean;rms_std;duration_s;voiced_rate;energy_mean;energy_std,S->G,20,0.05,9,20,0.45,0.25,0.65,0.6,0.95,0.44424473443223444,0.7571565934065934,0.006961346031394366,0.01189391853712672,0.8,0.6072985347985348,2.0,0.009528250613760053,0.0,1.0,0.00017280752344062122,9
JVS_JVSMuSiC,mert_l3,3,13,60_20_20_speaker_disjoint,False,row_shuffled_nuisance,mean_preserving,logf0_mean;logf0_std;logf0_p05;logf0_p50;logf0_p95;logf0_range;rms_mean;rms_std;duration_s;voiced_rate;energy_mean;energy_std,G->S,20,0.05,11,20,0.55,0.35,0.75,0.6,0.95,0.47928335084033613,0.814233455882353,0.00683638975989018,0.011885615844814476,0.8,0.6538340336134454,1.0,0.009528250613760104,-0.04999999999999993,1.0,0.00017280752344062122,9
JVS_JVSMuSiC,mert_l3,3,13,60_20_20_speaker_disjoint,False,random_gaussian_nuisance,mean_preserving,logf0_mean;logf0_std;logf0_p05;logf0_p50;logf0_p95;logf0_range;rms_mean;rms_std;duration_s;voiced_rate;energy_mean;energy_std,S->G,20,0.05,10,20,0.5,0.3,0.7012499999999988,0.6,0.95,0.4551071428571429,0.8083333333333332,0.007294310545637707,0.012431297667867023,0.8,0.6302380952380953,1.5,0.009945663815463867,0.04999999999999999,1.0,1.2836662203308258e-05,12
JVS_JVSMuSiC,mert_l3,3,13,60_20_20_speaker_disjoint,False,random_gaussian_nuisance,mean_preserving,logf0_mean;logf0_std;logf0_p05;logf0_p50;logf0_p95;logf0_range;rms_mean;rms_std;duration_s;voiced_rate;energy_mean;energy_std,G->S,20,0.05,12,20,0.6,0.4,0.8,0.55,0.9,0.5004742063492063,0.8488333333333333,0.007304040753368051,0.012356293773342162,0.75,0.6770039682539682,1.0,0.00994566381546388,0.0,1.0,1.2836662203308258e-05,12
JVS_JVSMuSiC,mert_l3,3,13,60_20_20_speaker_disjoint,False,random_low_rank_projection,mean_preserving,random_dir_0;random_dir_1;random_dir_2;random_dir_3;random_dir_4;random_dir_5;random_dir_6;random_dir_7;random_dir_8;random_dir_9;random_dir_10;random_dir_11,S->G,20,0.05,9,20,0.45,0.25,0.65,0.7,1.0,0.44143452380952386,0.7646476648351649,0.007453720635330116,0.012400310655756792,0.85,0.6047985347985347,2.0,0.009893802032436488,0.0,1.0,0.00023358172573240132,12
JVS_JVSMuSiC,mert_l3,3,13,60_20_20_speaker_disjoint,False,random_low_rank_projection,mean_preserving,random_dir_0;random_dir_1;random_dir_2;random_dir_3;random_dir_4;random_dir_5;random_dir_6;random_dir_7;random_dir_8;random_dir_9;random_dir_10;random_dir_11,G->S,20,0.05,12,20,0.6,0.35,0.8,0.6,0.95,0.49550496031746033,0.8458437499999999,0.007370256918160367,0.012147100475129199,0.8,0.6828373015873016,1.0,0.009893802032436472,0.0,1.0,0.00023358172573240132,12
JVS_JVSMuSiC,mert_l3,3,17,60_20_20_speaker_disjoint,False,raw,raw,,S->G,20,0.05,9,20,0.45,0.25,0.65,0.55,0.9,0.41299664183855356,0.7404420518207283,0.00670293490709928,0.01416456666320008,0.75,0.5759390119684238,2.5,0.010040504350881796,0.0,1.0,0.0,0
JVS_JVSMuSiC,mert_l3,3,17,60_20_20_speaker_disjoint,False,raw,raw,,G->S,20,0.05,8,20,0.4,0.2,0.6,0.55,0.95,0.38994047619047617,0.712703373015873,0.007983714912881369,0.01215134220193267,0.75,0.5520634920634919,2.5,0.010040504350881769,0.0,1.0,0.0,0
JVS_JVSMuSiC,mert_l3,3,17,60_20_20_speaker_disjoint,False,center_only_classic,classic,,S->G,20,0.05,13,20,0.65,0.45,0.85,1.0,1.0,0.6875,0.925,0.30148249896122015,0.40971632713346723,1.0,0.8041666666666668,1.0,0.3497648078529036,0.2,1.0,0.966476963961938,0
JVS_JVSMuSiC,mert_l3,3,17,60_20_20_speaker_disjoint,False,center_only_classic,classic,,G->S,20,0.05,7,20,0.35,0.15,0.55,0.55,0.95,0.37329166666666663,0.6841666666666666,0.25907189102591016,0.43228318680809796,0.75,0.5249999999999999,2.5,0.34976480785290365,-0.050000000000000044,1.0,0.966476963961938,0
JVS_JVSMuSiC,mert_l3,3,17,60_20_20_speaker_disjoint,False,mode_dummy_only,mean_preserving,mode_dummy,S->G,20,0.05,16,20,0.8,0.6,0.95,0.75,1.0,0.6819791666666667,0.9666666666666666,0.00834039866563862,0.011610962693424532,0.9,0.8434294871794872,1.0,0.0100088881533071,0.35000000000000003,0.39125,0.002537614416552647,1
JVS_JVSMuSiC,mert_l3,3,17,60_20_20_speaker_disjoint,False,mode_dummy_only,mean_preserving,mode_dummy,G->S,20,0.05,18,20,0.9,0.75,1.0,0.85,1.0,0.8214285714285714,1.0,0.008477570609265093,0.011871975363029872,0.95,0.9321428571428572,1.0,0.010008888153307093,0.5,0.39125,0.002537614416552647,1
JVS_JVSMuSiC,mert_l3,3,17,60_20_20_speaker_disjoint,False,mode_dummy_only,classic,mode_dummy,S->G,20,0.05,15,20,0.75,0.55,0.9,1.0,1.0,0.7,0.9503124999999997,0.4685522822611878,0.5860453306489164,1.0,0.8375,1.0,0.5324148742339982,0.3,0.39125,0.9690145783784909,1
JVS_JVSMuSiC,mert_l3,3,17,60_20_20_speaker_disjoint,False,mode_dummy_only,classic,mode_dummy,G->S,20,0.05,17,20,0.85,0.7,1.0,0.85,1.0,0.7714285714285715,1.0,0.4746886276304813,0.5893682429396775,0.95,0.8904761904761903,1.0,0.5324148742339982,0.44999999999999996,0.39125,0.9690145783784909,1
JVS_JVSMuSiC,mert_l3,3,17,60_20_20_speaker_disjoint,False,acoustic_full_no_mode,mean_preserving,logf0_mean;logf0_std;logf0_p05;logf0_p50;logf0_p95;logf0_range;rms_mean;rms_std;duration_s;voiced_rate;energy_mean;energy_std,S->G,20,0.05,13,20,0.65,0.45,0.85,0.6,0.95,0.5343096405228758,0.8816805555555555,0.004022025059693534,0.0070280677826104745,0.8,0.7184967320261437,1.0,0.005602362678634709,0.2,0.81525,0.011570432168180211,9
JVS_JVSMuSiC,mert_l3,3,17,60_20_20_speaker_disjoint,False,acoustic_full_no_mode,mean_preserving,logf0_mean;logf0_std;logf0_p05;logf0_p50;logf0_p95;logf0_range;rms_mean;rms_std;duration_s;voiced_rate;energy_mean;energy_std,G->S,20,0.05,16,20,0.8,0.6,0.95,0.75,1.0,0.71739898989899,0.975,0.00449624965412196,0.006648379130029949,0.9,0.8517676767676768,1.0,0.005602362678634731,0.4,0.81525,0.011570432168180211,9
JVS_JVSMuSiC,mert_l3,3,17,60_20_20_speaker_disjoint,False,acoustic_full_no_mode,classic,logf0_mean;logf0_std;logf0_p05;logf0_p50;logf0_p95;logf0_range;rms_mean;rms_std;duration_s;voiced_rate;energy_mean;energy_std,S->G,20,0.05,13,20,0.65,0.45,0.85,1.0,1.0,0.6349166666666667,0.9099999999999999,0.3112080015505366,0.45760818552492316,1.0,0.7783333333333334,1.0,0.38743760267225946,0.2,0.81525,0.9777134703811118,9
JVS_JVSMuSiC,mert_l3,3,17,60_20_20_speaker_disjoint,False,acoustic_full_no_mode,classic,logf0_mean;logf0_std;logf0_p05;logf0_p50;logf0_p95;logf0_range;rms_mean;rms_std;duration_s;voiced_rate;energy_mean;energy_std,G->S,20,0.05,14,20,0.7,0.5,0.9,0.85,1.0,0.63475,0.9266666666666665,0.3152522604361793,0.45628495203162434,0.95,0.7879761904761905,1.0,0.38743760267225935,0.29999999999999993,0.81525,0.9777134703811118,9
JVS_JVSMuSiC,mert_l3,3,17,60_20_20_speaker_disjoint,False,acoustic_full_plus_mode,mean_preserving,logf0_mean;logf0_std;logf0_p05;logf0_p50;logf0_p95;logf0_range;rms_mean;rms_std;duration_s;voiced_rate;energy_mean;energy_std;mode_dummy,S->G,20,0.05,13,20,0.65,0.45,0.85,0.65,0.95,0.5627120098039216,0.900078125,0.003797574034885458,0.006959818596430991,0.8,0.7323161764705881,1.0,0.005477659074603525,0.2,0.3285,0.011834708313075204,10
JVS_JVSMuSiC,mert_l3,3,17,60_20_20_speaker_disjoint,False,acoustic_full_plus_mode,mean_preserving,logf0_mean;logf0_std;logf0_p05;logf0_p50;logf0_p95;logf0_range;rms_mean;rms_std;duration_s;voiced_rate;energy_mean;energy_std;mode_dummy,G->S,20,0.05,16,20,0.8,0.6,0.95,0.75,1.0,0.7080808080808082,0.9666666666666666,0.004450007091213923,0.0064351957615473715,0.9,0.8434343434343436,1.0,0.005477659074603547,0.4,0.3285,0.011834708313075204,10
JVS_JVSMuSiC,mert_l3,3,17,60_20_20_speaker_disjoint,False,acoustic_full_plus_mode,classic,logf0_mean;logf0_std;logf0_p05;logf0_p50;logf0_p95;logf0_range;rms_mean;rms_std;duration_s;voiced_rate;energy_mean;energy_std;mode_dummy,S->G,20,0.05,14,20,0.7,0.5,0.9,0.75,1.0,0.6324791666666667,0.925,0.29673246862356306,0.44816192368948016,0.9,0.79125,1.0,0.38314649346334745,0.24999999999999994,0.3285,0.9780541438156218,10
JVS_JVSMuSiC,mert_l3,3,17,60_20_20_speaker_disjoint,False,acoustic_full_plus_mode,classic,logf0_mean;logf0_std;logf0_p05;logf0_p50;logf0_p95;logf0_range;rms_mean;rms_std;duration_s;voiced_rate;energy_mean;energy_std;mode_dummy,G->S,20,0.05,15,20,0.75,0.55,0.9,1.0,1.0,0.6883333333333334,0.95,0.3131476701712372,0.45004934779560396,1.0,0.8283333333333334,1.0,0.38314649346334756,0.35,0.3285,0.9780541438156218,10
JVS_JVSMuSiC,mert_l3,3,17,60_20_20_speaker_disjoint,False,single_group_f0,mean_preserving,logf0_mean;logf0_std;logf0_p05;logf0_p50;logf0_p95;logf0_range,S->G,20,0.05,6,20,0.3,0.1,0.5,0.5,0.9,0.3244070060056902,0.6503211695103142,0.0030573197894593787,0.009231012030244536,0.7,0.4874418381326276,2.0,0.006166345266805378,-0.15000000000000002,1.0,0.005752781515027561,5
JVS_JVSMuSiC,mert_l3,3,17,60_20_20_speaker_disjoint,False,single_group_f0,mean_preserving,logf0_mean;logf0_std;logf0_p05;logf0_p50;logf0_p95;logf0_range,G->S,20,0.05,5,20,0.25,0.05,0.45,0.55,0.9,0.30467116013071893,0.6053194444444444,0.004076607219323555,0.00806572051500855,0.75,0.4473856209150327,3.0,0.006166345266805378,-0.15000000000000002,1.0,0.005752781515027561,5
JVS_JVSMuSiC,mert_l3,3,17,60_20_20_speaker_disjoint,False,single_group_energy,mean_preserving,rms_mean;rms_std;energy_mean;energy_std,S->G,20,0.05,12,20,0.6,0.35,0.8,0.55,0.95,0.529411525974026,0.8643120941558441,0.007426197467392326,0.011972701867953017,0.75,0.7068272005772006,1.0,0.009657922564226418,0.14999999999999997,0.9795,0.0051159437698937715,3
JVS_JVSMuSiC,mert_l3,3,17,60_20_20_speaker_disjoint,False,single_group_energy,mean_preserving,rms_mean;rms_std;energy_mean;energy_std,G->S,20,0.05,16,20,0.8,0.6,0.95,0.75,1.0,0.7242321428571429,0.975,0.00803863773257399,0.011202073934599767,0.9,0.8621428571428572,1.0,0.009657922564226406,0.4,0.9795,0.0051159437698937715,3
JVS_JVSMuSiC,mert_l3,3,17,60_20_20_speaker_disjoint,False,single_group_duration,mean_preserving,duration_s,S->G,20,0.05,16,20,0.8,0.6,0.95,0.75,1.0,0.7157051282051282,0.975,0.008050164803242334,0.011991845627332215,0.9,0.8496794871794873,1.0,0.010074707409256006,0.35000000000000003,0.8645,0.002461305286236559,1
JVS_JVSMuSiC,mert_l3,3,17,60_20_20_speaker_disjoint,False,single_group_duration,mean_preserving,duration_s,G->S,20,0.05,17,20,0.85,0.69875,1.0,0.85,1.0,0.7375,1.0,0.008768622572841863,0.011773449448133499,0.95,0.88125,1.0,0.010074707409256034,0.44999999999999996,0.8645,0.002461305286236559,1
JVS_JVSMuSiC,mert_l3,3,17,60_20_20_speaker_disjoint,False,single_group_voicing,mean_preserving,voiced_rate,S->G,20,0.05,9,20,0.45,0.25,0.65,0.55,0.9,0.4051889164756812,0.7405059523809522,0.006819582556003459,0.013750695657454522,0.75,0.5759390119684238,2.5,0.010040504350881796,0.0,1.0,0.0,0
JVS_JVSMuSiC,mert_l3,3,17,60_20_20_speaker_disjoint,False,single_group_voicing,mean_preserving,voiced_rate,G->S,20,0.05,8,20,0.4,0.2,0.6,0.55,0.95,0.3948730158730159,0.7280833333333333,0.007893340624528598,0.012260786850915383,0.75,0.5520634920634919,2.5,0.010040504350881769,0.0,1.0,0.0,0
JVS_JVSMuSiC,mert_l3,3,17,60_20_20_speaker_disjoint,False,full_minus_f0,mean_preserving,rms_mean;rms_std;duration_s;voiced_rate;energy_mean;energy_std,S->G,20,0.05,15,20,0.75,0.55,0.9,0.6,0.95,0.6101340187590188,0.9545454545454545,0.007365232169336552,0.011217545519299273,0.8,0.7847438672438672,1.0,0.009384918074442538,0.3,0.84525,0.006351762575797393,4
JVS_JVSMuSiC,mert_l3,3,17,60_20_20_speaker_disjoint,False,full_minus_f0,mean_preserving,rms_mean;rms_std;duration_s;voiced_rate;energy_mean;energy_std,G->S,20,0.05,17,20,0.85,0.7,1.0,0.85,1.0,0.7680795454545456,1.0,0.007862075743038273,0.011156663394094029,0.95,0.8895454545454544,1.0,0.009384918074442517,0.44999999999999996,0.84525,0.006351762575797393,4
JVS_JVSMuSiC,mert_l3,3,17,60_20_20_speaker_disjoint,False,full_minus_energy,mean_preserving,logf0_mean;logf0_std;logf0_p05;logf0_p50;logf0_p95;logf0_range;duration_s;voiced_rate,S->G,20,0.05,12,20,0.6,0.35,0.8,0.7,1.0,0.5510355392156863,0.8738392857142856,0.004553215354566545,0.007860159858345678,0.85,0.7109173669467788,1.0,0.006205371817253297,0.14999999999999997,0.847375,0.008189234336872353,6
JVS_JVSMuSiC,mert_l3,3,17,60_20_20_speaker_disjoint,False,full_minus_energy,mean_preserving,logf0_mean;logf0_std;logf0_p05;logf0_p50;logf0_p95;logf0_range;duration_s;voiced_rate,G->S,20,0.05,16,20,0.8,0.6,0.95,0.75,1.0,0.7018749999999999,0.9666666666666666,0.005198297980046181,0.00707066976438533,0.9,0.8458333333333332,1.0,0.006205371817253341,0.4,0.847375,0.008189234336872353,6
JVS_JVSMuSiC,mert_l3,3,17,60_20_20_speaker_disjoint,False,full_minus_duration,mean_preserving,logf0_mean;logf0_std;logf0_p05;logf0_p50;logf0_p95;logf0_range;rms_mean;rms_std;voiced_rate;energy_mean;energy_std,S->G,20,0.05,6,20,0.3,0.1,0.5,0.55,0.9,0.37619978673287496,0.6770928030303031,0.003867998890265323,0.007716550106486729,0.75,0.5208794881589,2.0,0.005836130389124733,-0.15000000000000002,0.9725,0.010318654191488807,8
JVS_JVSMuSiC,mert_l3,3,17,60_20_20_speaker_disjoint,False,full_minus_duration,mean_preserving,logf0_mean;logf0_std;logf0_p05;logf0_p50;logf0_p95;logf0_range;rms_mean;rms_std;voiced_rate;energy_mean;energy_std,G->S,20,0.05,12,20,0.6,0.4,0.8,0.85,1.0,0.5883333333333333,0.8876041666666665,0.004573496165125621,0.006997168122915895,0.95,0.7408333333333333,1.0,0.005836130389124811,0.19999999999999996,0.9725,0.010318654191488807,8
JVS_JVSMuSiC,mert_l3,3,17,60_20_20_speaker_disjoint,False,full_minus_voicing,mean_preserving,logf0_mean;logf0_std;logf0_p05;logf0_p50;logf0_p95;logf0_range;rms_mean;rms_std;duration_s;energy_mean;energy_std,S->G,20,0.05,13,20,0.65,0.45,0.85,0.6,0.95,0.5434452614379085,0.8883749999999999,0.0039479580027812315,0.007091165215851276,0.8,0.7184967320261437,1.0,0.005602362678634726,0.2,0.81525,0.011570432168189204,9
JVS_JVSMuSiC,mert_l3,3,17,60_20_20_speaker_disjoint,False,full_minus_voicing,mean_preserving,logf0_mean;logf0_std;logf0_p05;logf0_p50;logf0_p95;logf0_range;rms_mean;rms_std;duration_s;energy_mean;energy_std,G->S,20,0.05,16,20,0.8,0.6,0.95,0.75,1.0,0.697929292929293,0.975,0.004471265571276707,0.006666121469483729,0.9,0.8517676767676768,1.0,0.005602362678634776,0.4,0.81525,0.011570432168189204,9
JVS_JVSMuSiC,mert_l3,3,17,60_20_20_speaker_disjoint,False,row_shuffled_nuisance,mean_preserving,logf0_mean;logf0_std;logf0_p05;logf0_p50;logf0_p95;logf0_range;rms_mean;rms_std;duration_s;voiced_rate;energy_mean;energy_std,S->G,20,0.05,8,20,0.4,0.2,0.6,0.55,0.9,0.4202430555555555,0.7370624999999998,0.006710919655140881,0.013630350539181485,0.75,0.5719444444444444,2.0,0.010128123160855023,-0.04999999999999999,1.0,9.622388945962346e-05,9
JVS_JVSMuSiC,mert_l3,3,17,60_20_20_speaker_disjoint,False,row_shuffled_nuisance,mean_preserving,logf0_mean;logf0_std;logf0_p05;logf0_p50;logf0_p95;logf0_range;rms_mean;rms_std;duration_s;voiced_rate;energy_mean;energy_std,G->S,20,0.05,9,20,0.45,0.25,0.65,0.55,0.95,0.42569047619047606,0.7410238095238095,0.00794535681758158,0.012180111164932695,0.75,0.588095238095238,2.0,0.01012812316085499,0.04999999999999999,1.0,9.622388945962346e-05,9
JVS_JVSMuSiC,mert_l3,3,17,60_20_20_speaker_disjoint,False,random_gaussian_nuisance,mean_preserving,logf0_mean;logf0_std;logf0_p05;logf0_p50;logf0_p95;logf0_range;rms_mean;rms_std;duration_s;voiced_rate;energy_mean;energy_std,S->G,20,0.05,7,20,0.35,0.15,0.55,0.55,0.95,0.34877450980392155,0.6875,0.006486498870834375,0.013422483404971463,0.75,0.5112745098039215,3.0,0.009925906175618204,-0.10000000000000003,1.0,4.269923673072551e-05,12
JVS_JVSMuSiC,mert_l3,3,17,60_20_20_speaker_disjoint,False,random_gaussian_nuisance,mean_preserving,logf0_mean;logf0_std;logf0_p05;logf0_p50;logf0_p95;logf0_range;rms_mean;rms_std;duration_s;voiced_rate;energy_mean;energy_std,G->S,20,0.05,8,20,0.4,0.2,0.6,0.55,0.9012499999999989,0.384594246031746,0.711594246031746,0.007731255798476764,0.0120598190456499,0.75,0.5440079365079364,3.0,0.009925906175618194,0.0,1.0,4.269923673072551e-05,12
JVS_JVSMuSiC,mert_l3,3,17,60_20_20_speaker_disjoint,False,random_low_rank_projection,mean_preserving,random_dir_0;random_dir_1;random_dir_2;random_dir_3;random_dir_4;random_dir_5;random_dir_6;random_dir_7;random_dir_8;random_dir_9;random_dir_10;random_dir_11,S->G,20,0.05,9,20,0.45,0.25,0.65,0.55,0.9,0.4008891170104405,0.7312970301757066,0.0065226251602926565,0.013493718351955269,0.75,0.5759390119684238,2.5,0.009937546195705865,0.0,1.0,0.0002708493378557053,12
JVS_JVSMuSiC,mert_l3,3,17,60_20_20_speaker_disjoint,False,random_low_rank_projection,mean_preserving,random_dir_0;random_dir_1;random_dir_2;random_dir_3;random_dir_4;random_dir_5;random_dir_6;random_dir_7;random_dir_8;random_dir_9;random_dir_10;random_dir_11,G->S,20,0.05,8,20,0.4,0.2,0.6,0.55,0.9,0.3881448412698413,0.7187976190476191,0.0078087170026689,0.011994780542745744,0.75,0.5520634920634919,2.5,0.009937546195705865,0.0,1.0,0.0002708493378557053,12
JVS_JVSMuSiC,mert_l3,3,19,60_20_20_speaker_disjoint,False,raw,raw,,S->G,20,0.05,4,20,0.2,0.05,0.4,0.55,0.95,0.2952380952380952,0.5678154761904761,0.006238863482833784,0.012077248383496393,0.75,0.4219047619047619,3.0,0.009127723168734064,0.0,1.0,0.0,0
JVS_JVSMuSiC,mert_l3,3,19,60_20_20_speaker_disjoint,False,raw,raw,,G->S,20,0.05,2,20,0.1,0.0,0.25,0.55,0.9,0.2694621212121212,0.4958844696969696,0.004469212950445668,0.012443991746758464,0.75,0.37371212121212116,3.0,0.009127723168734097,0.0,1.0,0.0,0
JVS_JVSMuSiC,mert_l3,3,19,60_20_20_speaker_disjoint,False,center_only_classic,classic,,S->G,20,0.05,14,20,0.7,0.5,0.9,0.85,1.0,0.675,0.9416666666666667,0.2786358069833377,0.36985100470235405,0.95,0.8166666666666668,1.0,0.3224269536636634,0.49999999999999994,1.0,0.9664539272870522,0
JVS_JVSMuSiC,mert_l3,3,19,60_20_20_speaker_disjoint,False,center_only_classic,classic,,G->S,20,0.05,2,20,0.1,0.0,0.25,0.55,0.9,0.27049134199134195,0.48131750541125534,0.24405263410538136,0.4162816337847898,0.75,0.3696049783549783,3.0,0.3224269536636635,0.0,1.0,0.9664539272870522,0
JVS_JVSMuSiC,mert_l3,3,19,60_20_20_speaker_disjoint,False,mode_dummy_only,mean_preserving,mode_dummy,S->G,20,0.05,11,20,0.55,0.3,0.75,0.75,1.0,0.5507575757575758,0.85,0.007781140138009471,0.01060973125488983,0.9,0.7045454545454545,1.0,0.009132710206784305,0.35000000000000003,0.5825,0.0025359512549102403,1
JVS_JVSMuSiC,mert_l3,3,19,60_20_20_speaker_disjoint,False,mode_dummy_only,mean_preserving,mode_dummy,G->S,20,0.05,17,20,0.85,0.7,1.0,0.85,1.0,0.7666666666666666,1.0,0.007238909720493484,0.010826544060455167,0.95,0.8944444444444443,1.0,0.009132710206784267,0.75,0.5825,0.0025359512549102403,1
JVS_JVSMuSiC,mert_l3,3,19,60_20_20_speaker_disjoint,False,mode_dummy_only,classic,mode_dummy,S->G,20,0.05,15,20,0.75,0.55,0.95,1.0,1.0,0.7333333333333333,0.9625,0.4469950823899792,0.5467393550067181,1.0,0.8541666666666666,1.0,0.4978957208835264,0.55,0.5825,0.968989878541963,1
JVS_JVSMuSiC,mert_l3,3,19,60_20_20_speaker_disjoint,False,mode_dummy_only,classic,mode_dummy,G->S,20,0.05,16,20,0.8,0.6,0.95,1.0,1.0,0.7833333333333333,0.975,0.44519137626660693,0.5494360042649912,1.0,0.8916666666666666,1.0,0.4978957208835263,0.7000000000000001,0.5825,0.968989878541963,1
JVS_JVSMuSiC,mert_l3,3,19,60_20_20_speaker_disjoint,False,acoustic_full_no_mode,mean_preserving,logf0_mean;logf0_std;logf0_p05;logf0_p50;logf0_p95;logf0_range;rms_mean;rms_std;duration_s;voiced_rate;energy_mean;energy_std,S->G,20,0.05,10,20,0.5,0.3,0.7,0.5,0.9,0.45921875,0.7990029761904762,0.0038638888506310953,0.00647892195460594,0.7,0.6361607142857143,1.5,0.005176643930350877,0.3,0.870625,0.011056326225399093,9
JVS_JVSMuSiC,mert_l3,3,19,60_20_20_speaker_disjoint,False,acoustic_full_no_mode,mean_preserving,logf0_mean;logf0_std;logf0_p05;logf0_p50;logf0_p95;logf0_range;rms_mean;rms_std;duration_s;voiced_rate;energy_mean;energy_std,G->S,20,0.05,15,20,0.75,0.55,0.9,0.75,1.0,0.6828958333333333,0.95,0.003844549607153806,0.006420957988772233,0.9,0.8254166666666667,1.0,0.0051766439303508275,0.65,0.870625,0.011056326225399093,9
JVS_JVSMuSiC,mert_l3,3,19,60_20_20_speaker_disjoint,False,acoustic_full_no_mode,classic,logf0_mean;logf0_std;logf0_p05;logf0_p50;logf0_p95;logf0_range;rms_mean;rms_std;duration_s;voiced_rate;energy_mean;energy_std,S->G,20,0.05,14,20,0.7,0.5,0.9,0.85,1.0,0.6482916666666666,0.9349999999999999,0.2972899365897492,0.4131004449792662,0.95,0.8033333333333333,1.0,0.3572091804114066,0.49999999999999994,0.870625,0.9776928152676938,9
JVS_JVSMuSiC,mert_l3,3,19,60_20_20_speaker_disjoint,False,acoustic_full_no_mode,classic,logf0_mean;logf0_std;logf0_p05;logf0_p50;logf0_p95;logf0_range;rms_mean;rms_std;duration_s;voiced_rate;energy_mean;energy_std,G->S,20,0.05,13,20,0.65,0.45,0.85,1.0,1.0,0.6665625,0.9166666666666666,0.2940354804617781,0.4222207053686308,1.0,0.7958333333333333,1.0,0.3572091804114066,0.55,0.870625,0.9776928152676938,9
JVS_JVSMuSiC,mert_l3,3,19,60_20_20_speaker_disjoint,False,acoustic_full_plus_mode,mean_preserving,logf0_mean;logf0_std;logf0_p05;logf0_p50;logf0_p95;logf0_range;rms_mean;rms_std;duration_s;voiced_rate;energy_mean;energy_std;mode_dummy,S->G,20,0.05,10,20,0.5,0.3,0.7,0.6,0.95,0.4421336805555556,0.7836180555555556,0.0033519764234569357,0.006542496146679989,0.8,0.6161805555555555,1.5,0.005142307797359552,0.3,0.596875,0.011486717044393191,10
JVS_JVSMuSiC,mert_l3,3,19,60_20_20_speaker_disjoint,False,acoustic_full_plus_mode,mean_preserving,logf0_mean;logf0_std;logf0_p05;logf0_p50;logf0_p95;logf0_range;rms_mean;rms_std;duration_s;voiced_rate;energy_mean;energy_std;mode_dummy,G->S,20,0.05,16,20,0.8,0.6,0.95,0.75,1.0,0.6989747807017543,0.9666666666666666,0.003729252133993406,0.00641783134117852,0.9,0.850548245614035,1.0,0.005142307797359547,0.7000000000000001,0.596875,0.011486717044393191,10
JVS_JVSMuSiC,mert_l3,3,19,60_20_20_speaker_disjoint,False,acoustic_full_plus_mode,classic,logf0_mean;logf0_std;logf0_p05;logf0_p50;logf0_p95;logf0_range;rms_mean;rms_std;duration_s;voiced_rate;energy_mean;energy_std;mode_dummy,S->G,20,0.05,16,20,0.8,0.6,0.95,0.85,1.0,0.70621875,0.96,0.29625474871371615,0.4212063514803397,0.95,0.85125,1.0,0.35953483494474214,0.6000000000000001,0.596875,0.9780368513274647,10
JVS_JVSMuSiC,mert_l3,3,19,60_20_20_speaker_disjoint,False,acoustic_full_plus_mode,classic,logf0_mean;logf0_std;logf0_p05;logf0_p50;logf0_p95;logf0_range;rms_mean;rms_std;duration_s;voiced_rate;energy_mean;energy_std;mode_dummy,G->S,20,0.05,15,20,0.75,0.55,0.95,1.0,1.0,0.72,0.95,0.29291678899566975,0.42243971257806234,1.0,0.8474999999999999,1.0,0.35953483494474214,0.65,0.596875,0.9780368513274647,10
JVS_JVSMuSiC,mert_l3,3,19,60_20_20_speaker_disjoint,False,single_group_f0,mean_preserving,logf0_mean;logf0_std;logf0_p05;logf0_p50;logf0_p95;logf0_range,S->G,20,0.05,3,20,0.15,0.0,0.30124999999999885,0.25,0.7,0.19536135835913315,0.45797977941176465,0.002735872236565711,0.008777923267141535,0.5,0.3174179935131947,5.0,0.005664220715316359,-0.05000000000000002,1.0,0.005608030800529518,5
JVS_JVSMuSiC,mert_l3,3,19,60_20_20_speaker_disjoint,False,single_group_f0,mean_preserving,logf0_mean;logf0_std;logf0_p05;logf0_p50;logf0_p95;logf0_range,G->S,20,0.05,2,20,0.1,0.0,0.25,0.5,0.9,0.241267942583732,0.47302173046252,0.000658258672183863,0.009382469868234888,0.7,0.35338915470494414,3.0,0.00566422071531641,0.0,1.0,0.005608030800529518,5
JVS_JVSMuSiC,mert_l3,3,19,60_20_20_speaker_disjoint,False,single_group_energy,mean_preserving,rms_mean;rms_std;energy_mean;energy_std,S->G,20,0.05,9,20,0.45,0.25,0.65,0.7,1.0,0.45583333333333337,0.7725208333333333,0.006266854552701043,0.010503382525053487,0.85,0.6191666666666666,2.0,0.008641243708208169,0.25,0.992125,0.005004561427127463,3
JVS_JVSMuSiC,mert_l3,3,19,60_20_20_speaker_disjoint,False,single_group_energy,mean_preserving,rms_mean;rms_std;energy_mean;energy_std,G->S,20,0.05,12,20,0.6,0.4,0.8,0.69875,1.0,0.5708229166666667,0.868375,0.006771076205064028,0.01083678277346629,0.85,0.7245833333333334,1.0,0.008641243708208107,0.5,0.992125,0.005004561427127463,3
JVS_JVSMuSiC,mert_l3,3,19,60_20_20_speaker_disjoint,False,single_group_duration,mean_preserving,duration_s,S->G,20,0.05,10,20,0.5,0.3,0.7,0.75,1.0,0.5117708333333333,0.8084374999999998,0.007733588367967546,0.011038483052621936,0.9,0.670138888888889,1.5,0.009192319637011576,0.3,0.8805,0.0024125105804265745,1
JVS_JVSMuSiC,mert_l3,3,19,60_20_20_speaker_disjoint,False,single_group_duration,mean_preserving,duration_s,G->S,20,0.05,15,20,0.75,0.55,0.9,0.85,1.0,0.6991041666666667,0.9525,0.0061161256555622686,0.011170399315864334,0.95,0.8358333333333334,1.0,0.009192319637011554,0.65,0.8805,0.0024125105804265745,1
JVS_JVSMuSiC,mert_l3,3,19,60_20_20_speaker_disjoint,False,single_group_voicing,mean_preserving,voiced_rate,S->G,20,0.05,4,20,0.2,0.05,0.35,0.55,0.95,0.2968690476190476,0.5700059523809523,0.006367556350538863,0.0121688845918213,0.75,0.4219047619047619,3.0,0.009127723168734064,0.0,1.0,0.0,0
JVS_JVSMuSiC,mert_l3,3,19,60_20_20_speaker_disjoint,False,single_group_voicing,mean_preserving,voiced_rate,G->S,20,0.05,2,20,0.1,0.0,0.25,0.55,0.9,0.2787121212121212,0.4900094696969698,0.004492483875292258,0.012418172007203517,0.75,0.37371212121212116,3.0,0.009127723168734097,0.0,1.0,0.0,0
JVS_JVSMuSiC,mert_l3,3,19,60_20_20_speaker_disjoint,False,full_minus_f0,mean_preserving,rms_mean;rms_std;duration_s;voiced_rate;energy_mean;energy_std,S->G,20,0.05,11,20,0.55,0.35,0.75,0.7,1.0,0.49884978070175434,0.8281942616959064,0.006383208892544006,0.009948073396767064,0.85,0.6636038011695906,1.0,0.00829754175676462,0.35000000000000003,0.845125,0.005794225570817879,4
JVS_JVSMuSiC,mert_l3,3,19,60_20_20_speaker_disjoint,False,full_minus_f0,mean_preserving,rms_mean;rms_std;duration_s;voiced_rate;energy_mean;energy_std,G->S,20,0.05,15,20,0.75,0.55,0.9,0.85,1.0,0.6841458333333332,0.95,0.006432010011259355,0.010098628403399154,0.95,0.8308333333333333,1.0,0.008297541756764643,0.65,0.845125,0.005794225570817879,4
JVS_JVSMuSiC,mert_l3,3,19,60_20_20_speaker_disjoint,False,full_minus_energy,mean_preserving,logf0_mean;logf0_std;logf0_p05;logf0_p50;logf0_p95;logf0_range;duration_s;voiced_rate,S->G,20,0.05,9,20,0.45,0.25,0.7,0.55,0.9,0.43110805860805856,0.7705208333333332,0.004077701626121555,0.007519183651901878,0.75,0.5993223443223444,2.0,0.0057284496697483315,0.25,0.871625,0.007977814791844118,6
JVS_JVSMuSiC,mert_l3,3,19,60_20_20_speaker_disjoint,False,full_minus_energy,mean_preserving,logf0_mean;logf0_std;logf0_p05;logf0_p50;logf0_p95;logf0_range;duration_s;voiced_rate,G->S,20,0.05,15,20,0.75,0.55,0.9,0.85,1.0,0.6941666666666666,0.9625,0.003178531632838908,0.007474377139092704,0.95,0.8316666666666667,1.0,0.005728449669748325,0.65,0.871625,0.007977814791844118,6
JVS_JVSMuSiC,mert_l3,3,19,60_20_20_speaker_disjoint,False,full_minus_duration,mean_preserving,logf0_mean;logf0_std;logf0_p05;logf0_p50;logf0_p95;logf0_range;rms_mean;rms_std;voiced_rate;energy_mean;energy_std,S->G,20,0.05,9,20,0.45,0.25,0.6512499999999989,0.55,0.95,0.4069345238095238,0.758342013888889,0.0036710549241457347,0.0071609984146320735,0.75,0.5879464285714285,2.0,0.005539400507628234,0.25,0.983375,0.010198814759706076,8
JVS_JVSMuSiC,mert_l3,3,19,60_20_20_speaker_disjoint,False,full_minus_duration,mean_preserving,logf0_mean;logf0_std;logf0_p05;logf0_p50;logf0_p95;logf0_range;rms_mean;rms_std;voiced_rate;energy_mean;energy_std,G->S,20,0.05,11,20,0.55,0.35,0.75,0.6,0.95,0.519200892857143,0.8383333333333333,0.003887147872375345,0.007197203919753561,0.8,0.6814880952380953,1.0,0.005539400507628228,0.45000000000000007,0.983375,0.010198814759706076,8
JVS_JVSMuSiC,mert_l3,3,19,60_20_20_speaker_disjoint,False,full_minus_voicing,mean_preserving,logf0_mean;logf0_std;logf0_p05;logf0_p50;logf0_p95;logf0_range;rms_mean;rms_std;duration_s;energy_mean;energy_std,S->G,20,0.05,10,20,0.5,0.3,0.7,0.5,0.9,0.45594494047619044,0.7988616071428571,0.0036746279006097146,0.006523988060284311,0.7,0.6361607142857143,1.5,0.005176643930350911,0.3,0.870625,0.011056326225399538,9
JVS_JVSMuSiC,mert_l3,3,19,60_20_20_speaker_disjoint,False,full_minus_voicing,mean_preserving,logf0_mean;logf0_std;logf0_p05;logf0_p50;logf0_p95;logf0_range;rms_mean;rms_std;duration_s;energy_mean;energy_std,G->S,20,0.05,15,20,0.75,0.55,0.9,0.75,1.0,0.6699999999999999,0.95,0.0036011388379445677,0.006419663295592561,0.9,0.8254166666666667,1.0,0.0051766439303508995,0.65,0.870625,0.011056326225399538,9
JVS_JVSMuSiC,mert_l3,3,19,60_20_20_speaker_disjoint,False,row_shuffled_nuisance,mean_preserving,logf0_mean;logf0_std;logf0_p05;logf0_p50;logf0_p95;logf0_range;rms_mean;rms_std;duration_s;voiced_rate;energy_mean;energy_std,S->G,20,0.05,4,20,0.2,0.05,0.4,0.55,0.9,0.28634226190476186,0.558627976190476,0.005440533291128596,0.012063059788978921,0.75,0.4181746031746032,3.0,0.008787609405504543,0.0,1.0,0.0001499437249959934,9
JVS_JVSMuSiC,mert_l3,3,19,60_20_20_speaker_disjoint,False,row_shuffled_nuisance,mean_preserving,logf0_mean;logf0_std;logf0_p05;logf0_p50;logf0_p95;logf0_range;rms_mean;rms_std;duration_s;voiced_rate;energy_mean;energy_std,G->S,20,0.05,2,20,0.1,0.0,0.25,0.45,0.85,0.2558229166666667,0.4776845238095238,0.0045027405845410795,0.012305868819057243,0.65,0.35839285714285707,3.0,0.008787609405504576,0.0,1.0,0.0001499437249959934,9
JVS_JVSMuSiC,mert_l3,3,19,60_20_20_speaker_disjoint,False,random_gaussian_nuisance,mean_preserving,logf0_mean;logf0_std;logf0_p05;logf0_p50;logf0_p95;logf0_range;rms_mean;rms_std;duration_s;voiced_rate;energy_mean;energy_std,S->G,20,0.05,4,20,0.2,0.05,0.4,0.6,0.95,0.2812931547619048,0.55628125,0.006070446739178351,0.012364068562168895,0.8,0.4114880952380952,3.5,0.00931308450540282,0.0,1.0,2.0046324225919676e-05,12
JVS_JVSMuSiC,mert_l3,3,19,60_20_20_speaker_disjoint,False,random_gaussian_nuisance,mean_preserving,logf0_mean;logf0_std;logf0_p05;logf0_p50;logf0_p95;logf0_range;rms_mean;rms_std;duration_s;voiced_rate;energy_mean;energy_std,G->S,20,0.05,3,20,0.15,0.0,0.35,0.55,0.9,0.2908124999999999,0.5442083333333332,0.004761221460267831,0.012749059406465094,0.75,0.40083333333333326,3.0,0.009313084505402835,0.04999999999999999,1.0,2.0046324225919676e-05,12
JVS_JVSMuSiC,mert_l3,3,19,60_20_20_speaker_disjoint,False,random_low_rank_projection,mean_preserving,random_dir_0;random_dir_1;random_dir_2;random_dir_3;random_dir_4;random_dir_5;random_dir_6;random_dir_7;random_dir_8;random_dir_9;random_dir_10;random_dir_11,S->G,20,0.05,4,20,0.2,0.05,0.4,0.55,0.9,0.294047619047619,0.5619047619047619,0.006142236636947643,0.012076909673792319,0.75,0.42023809523809524,3.0,0.009047498384264534,0.0,1.0,0.00024418572721485177,12
JVS_JVSMuSiC,mert_l3,3,19,60_20_20_speaker_disjoint,False,random_low_rank_projection,mean_preserving,random_dir_0;random_dir_1;random_dir_2;random_dir_3;random_dir_4;random_dir_5;random_dir_6;random_dir_7;random_dir_8;random_dir_9;random_dir_10;random_dir_11,G->S,20,0.05,2,20,0.1,0.0,0.25,0.55,0.95,0.26864015151515147,0.48585416666666653,0.004575637725610867,0.012434646810784806,0.75,0.37371212121212116,3.0,0.009047498384264524,0.0,1.0,0.00024418572721485177,12
JVS_JVSMuSiC,mert_l3,3,23,60_20_20_speaker_disjoint,False,raw,raw,,S->G,20,0.05,8,20,0.4,0.2,0.65,0.5,0.9,0.36176835317460315,0.7021299603174603,0.007505855675188898,0.014493392034120348,0.7,0.5374603174603175,2.5,0.01064334390420047,0.0,1.0,0.0,0
JVS_JVSMuSiC,mert_l3,3,23,60_20_20_speaker_disjoint,False,raw,raw,,G->S,20,0.05,6,20,0.3,0.1,0.5,0.55,0.95,0.3565706845238095,0.646079613095238,0.008144486890289392,0.013200279178519842,0.75,0.4952678571428571,3.0,0.01064334390420047,0.0,1.0,0.0,0
JVS_JVSMuSiC,mert_l3,3,23,60_20_20_speaker_disjoint,False,center_only_classic,classic,,S->G,20,0.05,14,20,0.7,0.5,0.9,1.0,1.0,0.7333333333333333,0.95,0.29798093157763317,0.4070198814621258,1.0,0.8416666666666666,1.0,0.34866747774501994,0.29999999999999993,1.0,0.9664933176587192,0
JVS_JVSMuSiC,mert_l3,3,23,60_20_20_speaker_disjoint,False,center_only_classic,classic,,G->S,20,0.05,6,20,0.3,0.1,0.5,0.6,0.95,0.35038541666666667,0.6533749999999999,0.26528519202381007,0.43680677192154593,0.8,0.5016287878787878,3.0,0.34866747774501994,0.0,1.0,0.9664933176587192,0
JVS_JVSMuSiC,mert_l3,3,23,60_20_20_speaker_disjoint,False,mode_dummy_only,mean_preserving,mode_dummy,S->G,20,0.05,14,20,0.7,0.5,0.9,1.0,1.0,0.6749166666666667,0.9333333333333332,0.009377704639302606,0.012013386348081974,1.0,0.8099999999999999,1.0,0.010632778238541012,0.29999999999999993,0.544375,0.0025371361638136802,1
JVS_JVSMuSiC,mert_l3,3,23,60_20_20_speaker_disjoint,False,mode_dummy_only,mean_preserving,mode_dummy,G->S,20,0.05,18,20,0.9,0.75,1.0,1.0,1.0,0.8333333333333333,1.0,0.009077618962091232,0.012820520367930601,1.0,0.9333333333333332,1.0,0.010632778238541002,0.6000000000000001,0.544375,0.0025371361638136802,1
JVS_JVSMuSiC,mert_l3,3,23,60_20_20_speaker_disjoint,False,mode_dummy_only,classic,mode_dummy,S->G,20,0.05,16,20,0.8,0.6,0.95,1.0,1.0,0.775,0.975,0.4579510429941807,0.5744803634010839,1.0,0.8833333333333332,1.0,0.5189029054963508,0.4,0.544375,0.9690304538225317,1
JVS_JVSMuSiC,mert_l3,3,23,60_20_20_speaker_disjoint,False,mode_dummy_only,classic,mode_dummy,G->S,20,0.05,17,20,0.85,0.7,1.0,1.0,1.0,0.7916666666666666,1.0,0.4586343739700222,0.5834726527628903,1.0,0.9041666666666666,1.0,0.5189029054963509,0.55,0.544375,0.9690304538225317,1
JVS_JVSMuSiC,mert_l3,3,23,60_20_20_speaker_disjoint,False,acoustic_full_no_mode,mean_preserving,logf0_mean;logf0_std;logf0_p05;logf0_p50;logf0_p95;logf0_range;rms_mean;rms_std;duration_s;voiced_rate;energy_mean;energy_std,S->G,20,0.05,10,20,0.5,0.3,0.7,0.75,1.0,0.5113541666666667,0.8208333333333334,0.004865280026862984,0.00810866192708914,0.9,0.6655555555555555,1.5,0.006454248872324897,0.09999999999999998,0.7755,0.011291469455628977,9
JVS_JVSMuSiC,mert_l3,3,23,60_20_20_speaker_disjoint,False,acoustic_full_no_mode,mean_preserving,logf0_mean;logf0_std;logf0_p05;logf0_p50;logf0_p95;logf0_range;rms_mean;rms_std;duration_s;voiced_rate;energy_mean;energy_std,G->S,20,0.05,17,20,0.85,0.7,1.0,1.0,1.0,0.7849166666666667,1.0,0.005503323273960526,0.007515838825191399,1.0,0.9016666666666666,1.0,0.006454248872324886,0.55,0.7755,0.011291469455628977,9
JVS_JVSMuSiC,mert_l3,3,23,60_20_20_speaker_disjoint,False,acoustic_full_no_mode,classic,logf0_mean;logf0_std;logf0_p05;logf0_p50;logf0_p95;logf0_range;rms_mean;rms_std;duration_s;voiced_rate;energy_mean;energy_std,S->G,20,0.05,13,20,0.65,0.45,0.85,0.85,1.0,0.6204375000000001,0.8949999999999999,0.3083677570802868,0.4642806285723384,0.95,0.7629761904761905,1.0,0.38811012975871906,0.25,0.7755,0.9775197940330502,9
JVS_JVSMuSiC,mert_l3,3,23,60_20_20_speaker_disjoint,False,acoustic_full_no_mode,classic,logf0_mean;logf0_std;logf0_p05;logf0_p50;logf0_p95;logf0_range;rms_mean;rms_std;duration_s;voiced_rate;energy_mean;energy_std,G->S,20,0.05,15,20,0.75,0.55,0.95,0.85,1.0,0.6980535714285714,0.9416666666666667,0.3203680698441775,0.45432228642891076,0.95,0.8338095238095239,1.0,0.38811012975871906,0.45,0.7755,0.9775197940330502,9
JVS_JVSMuSiC,mert_l3,3,23,60_20_20_speaker_disjoint,False,acoustic_full_plus_mode,mean_preserving,logf0_mean;logf0_std;logf0_p05;logf0_p50;logf0_p95;logf0_range;rms_mean;rms_std;duration_s;voiced_rate;energy_mean;energy_std;mode_dummy,S->G,20,0.05,10,20,0.5,0.3,0.7,0.75,1.0,0.53121875,0.8250833333333332,0.005087493854246652,0.0077222810361971435,0.9,0.67875,1.5,0.006415980962273143,0.09999999999999998,0.4715,0.011478333110725325,10
JVS_JVSMuSiC,mert_l3,3,23,60_20_20_speaker_disjoint,False,acoustic_full_plus_mode,mean_preserving,logf0_mean;logf0_std;logf0_p05;logf0_p50;logf0_p95;logf0_range;rms_mean;rms_std;duration_s;voiced_rate;energy_mean;energy_std;mode_dummy,G->S,20,0.05,17,20,0.85,0.7,1.0,0.85,1.0,0.7699999999999999,1.0,0.005530805621769029,0.007356214365914382,0.95,0.8933333333333333,1.0,0.006415980962273166,0.55,0.4715,0.011478333110725325,10
JVS_JVSMuSiC,mert_l3,3,23,60_20_20_speaker_disjoint,False,acoustic_full_plus_mode,classic,logf0_mean;logf0_std;logf0_p05;logf0_p50;logf0_p95;logf0_range;rms_mean;rms_std;duration_s;voiced_rate;energy_mean;energy_std;mode_dummy,S->G,20,0.05,13,20,0.65,0.45,0.85,0.85,1.0,0.6267857142857143,0.9083333333333332,0.322624197166888,0.46437616695742423,0.95,0.7696428571428572,1.0,0.39416021198549317,0.25,0.4715,0.9778638926560623,10
JVS_JVSMuSiC,mert_l3,3,23,60_20_20_speaker_disjoint,False,acoustic_full_plus_mode,classic,logf0_mean;logf0_std;logf0_p05;logf0_p50;logf0_p95;logf0_range;rms_mean;rms_std;duration_s;voiced_rate;energy_mean;energy_std;mode_dummy,G->S,20,0.05,17,20,0.85,0.7,1.0,0.85,1.0,0.7665833333333334,1.0,0.32443409981515003,0.46036975083105036,0.95,0.8933333333333333,1.0,0.3941602119854931,0.55,0.4715,0.9778638926560623,10
JVS_JVSMuSiC,mert_l3,3,23,60_20_20_speaker_disjoint,False,single_group_f0,mean_preserving,logf0_mean;logf0_std;logf0_p05;logf0_p50;logf0_p95;logf0_range,S->G,20,0.05,7,20,0.35,0.15,0.55,0.25,0.7,0.2762284982174688,0.6444193297511311,0.0026722226744294976,0.00977610756441573,0.5,0.4628872720416838,4.5,0.006099384296322186,-0.050000000000000044,1.0,0.005412559311569476,5
JVS_JVSMuSiC,mert_l3,3,23,60_20_20_speaker_disjoint,False,single_group_f0,mean_preserving,logf0_mean;logf0_std;logf0_p05;logf0_p50;logf0_p95;logf0_range,G->S,20,0.05,3,20,0.15,0.0,0.3,0.45,0.85,0.2501271883753501,0.5279910714285713,0.0035007827727483202,0.008547381715414892,0.65,0.383000700280112,3.0,0.006099384296322197,-0.15,1.0,0.005412559311569476,5
JVS_JVSMuSiC,mert_l3,3,23,60_20_20_speaker_disjoint,False,single_group_energy,mean_preserving,rms_mean;rms_std;energy_mean;energy_std,S->G,20,0.05,11,20,0.55,0.35,0.75,0.7,1.0,0.5249652777777777,0.8472916666666664,0.008656182367103863,0.013500605903753444,0.85,0.6888888888888889,1.0,0.01095677783386636,0.15000000000000002,0.994375,0.0048748920451457955,3
JVS_JVSMuSiC,mert_l3,3,23,60_20_20_speaker_disjoint,False,single_group_energy,mean_preserving,rms_mean;rms_std;energy_mean;energy_std,G->S,20,0.05,16,20,0.8,0.6,0.95,1.0,1.0,0.7833333333333333,0.975,0.009479931483123299,0.012632233506203386,1.0,0.8916666666666666,1.0,0.010956777833866293,0.5,0.994375,0.0048748920451457955,3
JVS_JVSMuSiC,mert_l3,3,23,60_20_20_speaker_disjoint,False,single_group_duration,mean_preserving,duration_s,S->G,20,0.05,13,20,0.65,0.45,0.85,0.85,1.0,0.5996369047619048,0.9001041666666666,0.009536595923174218,0.012531330883289673,0.95,0.7588095238095238,1.0,0.010988764296872473,0.25,0.82225,0.0024658923409432987,1
JVS_JVSMuSiC,mert_l3,3,23,60_20_20_speaker_disjoint,False,single_group_duration,mean_preserving,duration_s,G->S,20,0.05,15,20,0.75,0.55,0.9,1.0,1.0,0.7666666666666666,0.9666666666666666,0.009391263971750346,0.013268936790889429,1.0,0.8666666666666666,1.0,0.010988764296872473,0.45,0.82225,0.0024658923409432987,1
JVS_JVSMuSiC,mert_l3,3,23,60_20_20_speaker_disjoint,False,single_group_voicing,mean_preserving,voiced_rate,S->G,20,0.05,8,20,0.4,0.2,0.65,0.5,0.9,0.3748154761904762,0.7170714285714285,0.007236941025813727,0.014511461142878882,0.7,0.5374603174603175,2.5,0.01064334390420047,0.0,1.0,0.0,0
JVS_JVSMuSiC,mert_l3,3,23,60_20_20_speaker_disjoint,False,single_group_voicing,mean_preserving,voiced_rate,G->S,20,0.05,6,20,0.3,0.1,0.5,0.55,0.9,0.34957961309523805,0.6477834821428571,0.008012987796785512,0.013466419085964486,0.75,0.4952678571428571,3.0,0.01064334390420047,0.0,1.0,0.0,0
JVS_JVSMuSiC,mert_l3,3,23,60_20_20_speaker_disjoint,False,full_minus_f0,mean_preserving,rms_mean;rms_std;duration_s;voiced_rate;energy_mean;energy_std,S->G,20,0.05,12,20,0.6,0.4,0.8,0.85,1.0,0.5757916666666666,0.8724999999999999,0.009018664614314695,0.012451152787044024,0.95,0.7308333333333333,1.0,0.01071129060511249,0.19999999999999996,0.812875,0.006106668200697163,4
JVS_JVSMuSiC,mert_l3,3,23,60_20_20_speaker_disjoint,False,full_minus_f0,mean_preserving,rms_mean;rms_std;duration_s;voiced_rate;energy_mean;energy_std,G->S,20,0.05,19,20,0.95,0.85,1.0,1.0,1.0,0.8999999999999998,1.0,0.008966378029019268,0.01318897280535443,1.0,0.9666666666666666,1.0,0.010711290605112505,0.6499999999999999,0.812875,0.006106668200697163,4
JVS_JVSMuSiC,mert_l3,3,23,60_20_20_speaker_disjoint,False,full_minus_energy,mean_preserving,logf0_mean;logf0_std;logf0_p05;logf0_p50;logf0_p95;logf0_range;duration_s;voiced_rate,S->G,20,0.05,10,20,0.5,0.3,0.7,0.65,1.0,0.4988095238095238,0.8030178571428571,0.004987216785410251,0.007801577246442467,0.85,0.6546428571428571,1.5,0.006411635976002833,0.09999999999999998,0.813625,0.007853015984590206,6
JVS_JVSMuSiC,mert_l3,3,23,60_20_20_speaker_disjoint,False,full_minus_energy,mean_preserving,logf0_mean;logf0_std;logf0_p05;logf0_p50;logf0_p95;logf0_range;duration_s;voiced_rate,G->S,20,0.05,14,20,0.7,0.5,0.9,0.7,1.0,0.6245729166666666,0.9183749999999999,0.0051160663709387665,0.007828022137772011,0.85,0.77875,1.0,0.006411635976002844,0.39999999999999997,0.813625,0.007853015984590206,6
JVS_JVSMuSiC,mert_l3,3,23,60_20_20_speaker_disjoint,False,full_minus_duration,mean_preserving,logf0_mean;logf0_std;logf0_p05;logf0_p50;logf0_p95;logf0_range;rms_mean;rms_std;voiced_rate;energy_mean;energy_std,S->G,20,0.05,10,20,0.5,0.3,0.7,0.6,0.95,0.4594938725490196,0.7958464635854342,0.004650237790069338,0.008896954182611508,0.8,0.6289729225023343,1.5,0.006700081922382329,0.09999999999999998,0.992125,0.009982945118013897,8
JVS_JVSMuSiC,mert_l3,3,23,60_20_20_speaker_disjoint,False,full_minus_duration,mean_preserving,logf0_mean;logf0_std;logf0_p05;logf0_p50;logf0_p95;logf0_range;rms_mean;rms_std;voiced_rate;energy_mean;energy_std,G->S,20,0.05,14,20,0.7,0.5,0.9,1.0,1.0,0.6549791666666667,0.9291666666666666,0.0057377645990529655,0.007789125391522622,1.0,0.8058333333333334,1.0,0.0067000819223823225,0.39999999999999997,0.992125,0.009982945118013897,8
JVS_JVSMuSiC,mert_l3,3,23,60_20_20_speaker_disjoint,False,full_minus_voicing,mean_preserving,logf0_mean;logf0_std;logf0_p05;logf0_p50;logf0_p95;logf0_range;rms_mean;rms_std;duration_s;energy_mean;energy_std,S->G,20,0.05,10,20,0.5,0.25,0.7,0.75,1.0,0.519125,0.8226041666666666,0.00499727756017363,0.008032981472095252,0.9,0.6655555555555555,1.5,0.006454248872324669,0.09999999999999998,0.7755,0.011291469455629533,9
JVS_JVSMuSiC,mert_l3,3,23,60_20_20_speaker_disjoint,False,full_minus_voicing,mean_preserving,logf0_mean;logf0_std;logf0_p05;logf0_p50;logf0_p95;logf0_range;rms_mean;rms_std;duration_s;energy_mean;energy_std,G->S,20,0.05,17,20,0.85,0.7,1.0,1.0,1.0,0.7883333333333333,1.0,0.005501598558015054,0.007442268332583175,1.0,0.9016666666666666,1.0,0.0064542488723246475,0.55,0.7755,0.011291469455629533,9
JVS_JVSMuSiC,mert_l3,3,23,60_20_20_speaker_disjoint,False,row_shuffled_nuisance,mean_preserving,logf0_mean;logf0_std;logf0_p05;logf0_p50;logf0_p95;logf0_range;rms_mean;rms_std;duration_s;voiced_rate;energy_mean;energy_std,S->G,20,0.05,10,20,0.5,0.3,0.7,0.5,0.9,0.40512896825396827,0.7529885912698412,0.006820798472348919,0.013626164853692696,0.7,0.5871031746031746,2.0,0.010184995360726928,0.09999999999999998,1.0,0.0003991848646609508,9
JVS_JVSMuSiC,mert_l3,3,23,60_20_20_speaker_disjoint,False,row_shuffled_nuisance,mean_preserving,logf0_mean;logf0_std;logf0_p05;logf0_p50;logf0_p95;logf0_range;rms_mean;rms_std;duration_s;voiced_rate;energy_mean;energy_std,G->S,20,0.05,6,20,0.3,0.1,0.5,0.5,0.9,0.32808750583566754,0.6507208508403362,0.0075135255073455155,0.013004657226620983,0.7,0.4927229225023343,3.0,0.010184995360726945,0.0,1.0,0.0003991848646609508,9
JVS_JVSMuSiC,mert_l3,3,23,60_20_20_speaker_disjoint,False,random_gaussian_nuisance,mean_preserving,logf0_mean;logf0_std;logf0_p05;logf0_p50;logf0_p95;logf0_range;rms_mean;rms_std;duration_s;voiced_rate;energy_mean;energy_std,S->G,20,0.05,9,20,0.45,0.25,0.65,0.4,0.8,0.3954156746031745,0.7398422619047619,0.007041922332761411,0.014359764897969226,0.6,0.563531746031746,2.0,0.010582578939917675,0.04999999999999999,1.0,5.3049442210739706e-05,12
JVS_JVSMuSiC,mert_l3,3,23,60_20_20_speaker_disjoint,False,random_gaussian_nuisance,mean_preserving,logf0_mean;logf0_std;logf0_p05;logf0_p50;logf0_p95;logf0_range;rms_mean;rms_std;duration_s;voiced_rate;energy_mean;energy_std,G->S,20,0.05,5,20,0.25,0.05,0.45,0.5,0.9,0.3338637955182073,0.6119940476190476,0.00800631530266665,0.0132503639651388,0.7,0.4755602240896358,3.0,0.010582578939917648,-0.04999999999999999,1.0,5.3049442210739706e-05,12
JVS_JVSMuSiC,mert_l3,3,23,60_20_20_speaker_disjoint,False,random_low_rank_projection,mean_preserving,random_dir_0;random_dir_1;random_dir_2;random_dir_3;random_dir_4;random_dir_5;random_dir_6;random_dir_7;random_dir_8;random_dir_9;random_dir_10;random_dir_11,S->G,20,0.05,8,20,0.4,0.2,0.6,0.5,0.9,0.36765922619047614,0.7086388888888888,0.007165301966260276,0.014486861636872852,0.7,0.5374603174603175,2.5,0.010571119359277658,0.0,1.0,0.00022052550948270522,12
JVS_JVSMuSiC,mert_l3,3,23,60_20_20_speaker_disjoint,False,random_low_rank_projection,mean_preserving,random_dir_0;random_dir_1;random_dir_2;random_dir_3;random_dir_4;random_dir_5;random_dir_6;random_dir_7;random_dir_8;random_dir_9;random_dir_10;random_dir_11,G->S,20,0.05,6,20,0.3,0.1,0.5,0.55,0.9,0.3543095238095238,0.6467782738095238,0.007843991823349774,0.01355570753168154,0.75,0.4952678571428571,3.0,0.01057111935927767,0.0,1.0,0.00022052550948270522,12
JVS_JVSMuSiC,mert_l3,3,29,60_20_20_speaker_disjoint,False,raw,raw,,S->G,20,0.05,8,20,0.4,0.2,0.6,0.5,0.9,0.37900310672514614,0.7297149122807017,0.006782699039945507,0.012753090960340451,0.7,0.5498538011695906,2.0,0.01004320855096148,0.0,1.0,0.0,0
JVS_JVSMuSiC,mert_l3,3,29,60_20_20_speaker_disjoint,False,raw,raw,,G->S,20,0.05,7,20,0.35,0.15,0.55,0.65,0.95,0.419625496031746,0.7209374999999999,0.007825541774734067,0.012302969885189374,0.8,0.5731150793650793,2.0,0.01004320855096153,0.0,1.0,0.0,0
JVS_JVSMuSiC,mert_l3,3,29,60_20_20_speaker_disjoint,False,center_only_classic,classic,,S->G,20,0.05,19,20,0.95,0.85,1.0,1.0,1.0,0.925,1.0,0.3176206702643855,0.40564531123739744,1.0,0.975,1.0,0.3604666387447858,0.5499999999999999,1.0,0.9665245528415466,0
JVS_JVSMuSiC,mert_l3,3,29,60_20_20_speaker_disjoint,False,center_only_classic,classic,,G->S,20,0.05,7,20,0.35,0.15,0.55,0.6,0.95,0.42701785714285706,0.7122261904761903,0.27532939430168646,0.44024311872220406,0.8,0.5754761904761904,2.0,0.3604666387447857,0.0,1.0,0.9665245528415466,0
JVS_JVSMuSiC,mert_l3,3,29,60_20_20_speaker_disjoint,False,mode_dummy_only,mean_preserving,mode_dummy,S->G,20,0.05,15,20,0.75,0.55,0.9012499999999989,0.75,1.0,0.6502951388888889,0.953125,0.00791642536752179,0.011967652401373544,0.9,0.8170138888888889,1.0,0.0100381392928648,0.35,0.368,0.0025337921217311044,1
JVS_JVSMuSiC,mert_l3,3,29,60_20_20_speaker_disjoint,False,mode_dummy_only,mean_preserving,mode_dummy,G->S,20,0.05,15,20,0.75,0.55,0.9,1.0,1.0,0.7248958333333333,0.9625,0.008773825548680971,0.011569157531988993,1.0,0.8458333333333332,1.0,0.010038139292864795,0.4,0.368,0.0025337921217311044,1
JVS_JVSMuSiC,mert_l3,3,29,60_20_20_speaker_disjoint,False,mode_dummy_only,classic,mode_dummy,S->G,20,0.05,19,20,0.95,0.85,1.0,1.0,1.0,0.925,1.0,0.47641890388541885,0.6005504386496389,1.0,0.975,1.0,0.5394420570020793,0.5499999999999999,0.368,0.9690583449632784,1
JVS_JVSMuSiC,mert_l3,3,29,60_20_20_speaker_disjoint,False,mode_dummy_only,classic,mode_dummy,G->S,20,0.05,15,20,0.75,0.55,0.9,0.85,1.0,0.7032916666666666,0.95,0.48012716520999216,0.5981361183988847,0.95,0.835,1.0,0.5394420570020793,0.4,0.368,0.9690583449632784,1
JVS_JVSMuSiC,mert_l3,3,29,60_20_20_speaker_disjoint,False,acoustic_full_no_mode,mean_preserving,logf0_mean;logf0_std;logf0_p05;logf0_p50;logf0_p95;logf0_range;rms_mean;rms_std;duration_s;voiced_rate;energy_mean;energy_std,S->G,20,0.05,10,20,0.5,0.3,0.75,0.7,1.0,0.51121875,0.81503125,0.0042739706678294395,0.00824995555737958,0.85,0.66125,1.5,0.006472907157896501,0.09999999999999998,0.78575,0.011411724477090601,9
JVS_JVSMuSiC,mert_l3,3,29,60_20_20_speaker_disjoint,False,acoustic_full_no_mode,mean_preserving,logf0_mean;logf0_std;logf0_p05;logf0_p50;logf0_p95;logf0_range;rms_mean;rms_std;duration_s;voiced_rate;energy_mean;energy_std,G->S,20,0.05,14,20,0.7,0.5,0.9,1.0,1.0,0.7,0.9291666666666666,0.005577426640377318,0.007407767581052363,1.0,0.8291666666666666,1.0,0.006472907157896496,0.35,0.78575,0.011411724477090601,9
JVS_JVSMuSiC,mert_l3,3,29,60_20_20_speaker_disjoint,False,acoustic_full_no_mode,classic,logf0_mean;logf0_std;logf0_p05;logf0_p50;logf0_p95;logf0_range;rms_mean;rms_std;duration_s;voiced_rate;energy_mean;energy_std,S->G,20,0.05,16,20,0.8,0.6,0.95,0.85,1.0,0.7399444444444444,0.975,0.34956905449042963,0.4818296391984165,0.95,0.8655555555555555,1.0,0.41976713454068093,0.4,0.78575,0.9776085394851146,9
JVS_JVSMuSiC,mert_l3,3,29,60_20_20_speaker_disjoint,False,acoustic_full_no_mode,classic,logf0_mean;logf0_std;logf0_p05;logf0_p50;logf0_p95;logf0_range;rms_mean;rms_std;duration_s;voiced_rate;energy_mean;energy_std,G->S,20,0.05,15,20,0.75,0.55,0.9,0.85,1.0,0.7139772727272727,0.95,0.3455464576204687,0.4938533411322669,0.95,0.8395454545454545,1.0,0.41976713454068104,0.4,0.78575,0.9776085394851146,9
JVS_JVSMuSiC,mert_l3,3,29,60_20_20_speaker_disjoint,False,acoustic_full_plus_mode,mean_preserving,logf0_mean;logf0_std;logf0_p05;logf0_p50;logf0_p95;logf0_range;rms_mean;rms_std;duration_s;voiced_rate;energy_mean;energy_std;mode_dummy,S->G,20,0.05,11,20,0.55,0.35,0.75,0.7,1.0,0.5395416666666666,0.8542291666666667,0.004321741985177566,0.008267340103247613,0.85,0.6920833333333333,1.0,0.006458829981310638,0.15000000000000002,0.3845,0.011717344342786484,10
JVS_JVSMuSiC,mert_l3,3,29,60_20_20_speaker_disjoint,False,acoustic_full_plus_mode,mean_preserving,logf0_mean;logf0_std;logf0_p05;logf0_p50;logf0_p95;logf0_range;rms_mean;rms_std;duration_s;voiced_rate;energy_mean;energy_std;mode_dummy,G->S,20,0.05,14,20,0.7,0.5,0.9,1.0,1.0,0.725,0.9416666666666667,0.005643334046484188,0.007208826535169188,1.0,0.8333333333333333,1.0,0.006458829981310654,0.35,0.3845,0.011717344342786484,10
JVS_JVSMuSiC,mert_l3,3,29,60_20_20_speaker_disjoint,False,acoustic_full_plus_mode,classic,logf0_mean;logf0_std;logf0_p05;logf0_p50;logf0_p95;logf0_range;rms_mean;rms_std;duration_s;voiced_rate;energy_mean;energy_std;mode_dummy,S->G,20,0.05,16,20,0.8,0.6,0.95,0.85,1.0,0.7275,0.975,0.3501306955870093,0.4816992805207244,0.95,0.86625,1.0,0.4209110856563528,0.4,0.3845,0.9779570633583856,10
JVS_JVSMuSiC,mert_l3,3,29,60_20_20_speaker_disjoint,False,acoustic_full_plus_mode,classic,logf0_mean;logf0_std;logf0_p05;logf0_p50;logf0_p95;logf0_range;rms_mean;rms_std;duration_s;voiced_rate;energy_mean;energy_std;mode_dummy,G->S,20,0.05,14,20,0.7,0.5,0.9,0.85,1.0,0.6662395833333333,0.9313020833333333,0.341971237532716,0.4914897851530637,0.95,0.8079166666666666,1.0,0.4209110856563528,0.35,0.3845,0.9779570633583856,10
JVS_JVSMuSiC,mert_l3,3,29,60_20_20_speaker_disjoint,False,single_group_f0,mean_preserving,logf0_mean;logf0_std;logf0_p05;logf0_p50;logf0_p95;logf0_range,S->G,20,0.05,6,20,0.3,0.1,0.5,0.34875000000000006,0.75,0.30202182539682537,0.6301944444444443,0.0035051629238220996,0.008892422787682137,0.55,0.454265873015873,3.5,0.006382444738587461,-0.10000000000000003,1.0,0.005562433528127797,5
JVS_JVSMuSiC,mert_l3,3,29,60_20_20_speaker_disjoint,False,single_group_f0,mean_preserving,logf0_mean;logf0_std;logf0_p05;logf0_p50;logf0_p95;logf0_range,G->S,20,0.05,6,20,0.3,0.1,0.5,0.45,0.85,0.3426190476190477,0.6638214285714286,0.004442596064293761,0.008737402619410991,0.65,0.49797619047619046,2.5,0.006382444738587489,-0.04999999999999999,1.0,0.005562433528127797,5
JVS_JVSMuSiC,mert_l3,3,29,60_20_20_speaker_disjoint,False,single_group_energy,mean_preserving,rms_mean;rms_std;energy_mean;energy_std,S->G,20,0.05,11,20,0.55,0.34875000000000006,0.75,0.6,0.95,0.5121231617647058,0.8375428921568627,0.007797950396688588,0.012836766921769292,0.8,0.6758578431372549,1.0,0.01044728703896719,0.15000000000000002,0.978625,0.0049863552637341435,3
JVS_JVSMuSiC,mert_l3,3,29,60_20_20_speaker_disjoint,False,single_group_energy,mean_preserving,rms_mean;rms_std;energy_mean;energy_std,G->S,20,0.05,15,20,0.75,0.55,0.95,1.0,1.0,0.75,0.95,0.008903217988322975,0.012107573969368178,1.0,0.8583333333333332,1.0,0.010447287038967145,0.4,0.978625,0.0049863552637341435,3
JVS_JVSMuSiC,mert_l3,3,29,60_20_20_speaker_disjoint,False,single_group_duration,mean_preserving,duration_s,S->G,20,0.05,15,20,0.75,0.55,0.9,0.69875,1.0,0.6425223214285714,0.9536383928571428,0.008096844799658939,0.01205976698902696,0.85,0.7973214285714285,1.0,0.010157470828978572,0.35,0.83425,0.0024530277775217657,1
JVS_JVSMuSiC,mert_l3,3,29,60_20_20_speaker_disjoint,False,single_group_duration,mean_preserving,duration_s,G->S,20,0.05,17,20,0.85,0.7,1.0,1.0,1.0,0.8,1.0,0.008845540764436432,0.011702176050951802,1.0,0.9083333333333332,1.0,0.010157470828978627,0.5,0.83425,0.0024530277775217657,1
JVS_JVSMuSiC,mert_l3,3,29,60_20_20_speaker_disjoint,False,single_group_voicing,mean_preserving,voiced_rate,S->G,20,0.05,8,20,0.4,0.2,0.6,0.5,0.9,0.38387426900584787,0.7234859283625731,0.006705410466458127,0.013036861699677046,0.7,0.5498538011695906,2.0,0.01004320855096148,0.0,1.0,0.0,0
JVS_JVSMuSiC,mert_l3,3,29,60_20_20_speaker_disjoint,False,single_group_voicing,mean_preserving,voiced_rate,G->S,20,0.05,7,20,0.35,0.15,0.55,0.6,0.95,0.43194444444444446,0.7250520833333333,0.007946805429921332,0.012231273537383763,0.8,0.5731150793650793,2.0,0.01004320855096153,0.0,1.0,0.0,0
JVS_JVSMuSiC,mert_l3,3,29,60_20_20_speaker_disjoint,False,full_minus_f0,mean_preserving,rms_mean;rms_std;duration_s;voiced_rate;energy_mean;energy_std,S->G,20,0.05,14,20,0.7,0.5,0.9,0.7,1.0,0.6177619047619047,0.9250833333333333,0.007830206866904622,0.01188794364695697,0.85,0.7826984126984127,1.0,0.01007434062239505,0.29999999999999993,0.767875,0.006156836670533905,4
JVS_JVSMuSiC,mert_l3,3,29,60_20_20_speaker_disjoint,False,full_minus_f0,mean_preserving,rms_mean;rms_std;duration_s;voiced_rate;energy_mean;energy_std,G->S,20,0.05,16,20,0.8,0.6,0.95,1.0,1.0,0.8,0.975,0.008934342325154696,0.011355142738113753,1.0,0.9,1.0,0.010074340622395062,0.45000000000000007,0.767875,0.006156836670533905,4
JVS_JVSMuSiC,mert_l3,3,29,60_20_20_speaker_disjoint,False,full_minus_energy,mean_preserving,logf0_mean;logf0_std;logf0_p05;logf0_p50;logf0_p95;logf0_range;duration_s;voiced_rate,S->G,20,0.05,12,20,0.6,0.4,0.8,0.55,0.95,0.5275305250305249,0.8680525793650794,0.004346891235295909,0.008070568927477813,0.75,0.7023778998778999,1.0,0.006423476882127632,0.19999999999999996,0.8115,0.007991757112917441,6
JVS_JVSMuSiC,mert_l3,3,29,60_20_20_speaker_disjoint,False,full_minus_energy,mean_preserving,logf0_mean;logf0_std;logf0_p05;logf0_p50;logf0_p95;logf0_range;duration_s;voiced_rate,G->S,20,0.05,17,20,0.85,0.65,1.0,1.0,1.0,0.7958333333333333,1.0,0.005349936504569295,0.0076003787000754695,1.0,0.9041666666666666,1.0,0.0064234768821276374,0.5,0.8115,0.007991757112917441,6
JVS_JVSMuSiC,mert_l3,3,29,60_20_20_speaker_disjoint,False,full_minus_duration,mean_preserving,logf0_mean;logf0_std;logf0_p05;logf0_p50;logf0_p95;logf0_range;rms_mean;rms_std;voiced_rate;energy_mean;energy_std,S->G,20,0.05,10,20,0.5,0.3,0.7,0.6,0.95,0.46488392857142863,0.7984890109890109,0.00412738360208409,0.008992807714227787,0.8,0.6351556776556777,1.5,0.00685106906791198,0.09999999999999998,0.9775,0.01015791104312136,8
JVS_JVSMuSiC,mert_l3,3,29,60_20_20_speaker_disjoint,False,full_minus_duration,mean_preserving,logf0_mean;logf0_std;logf0_p05;logf0_p50;logf0_p95;logf0_range;rms_mean;rms_std;voiced_rate;energy_mean;energy_std,G->S,20,0.05,14,20,0.7,0.5,0.9,0.75,1.0,0.6664583333333333,0.9416666666666667,0.005489424640334996,0.008284414466914993,0.9,0.8,1.0,0.00685106906791198,0.35,0.9775,0.01015791104312136,8
JVS_JVSMuSiC,mert_l3,3,29,60_20_20_speaker_disjoint,False,full_minus_voicing,mean_preserving,logf0_mean;logf0_std;logf0_p05;logf0_p50;logf0_p95;logf0_range;rms_mean;rms_std;duration_s;energy_mean;energy_std,S->G,20,0.05,10,20,0.5,0.3,0.7,0.65,1.0,0.48996874999999995,0.8100624999999999,0.004482359622990259,0.008155516980455803,0.85,0.66125,1.5,0.006472907157896451,0.09999999999999998,0.78575,0.011411724477091711,9
JVS_JVSMuSiC,mert_l3,3,29,60_20_20_speaker_disjoint,False,full_minus_voicing,mean_preserving,logf0_mean;logf0_std;logf0_p05;logf0_p50;logf0_p95;logf0_range;rms_mean;rms_std;duration_s;energy_mean;energy_std,G->S,20,0.05,14,20,0.7,0.5,0.9,1.0,1.0,0.7041666666666666,0.9416666666666667,0.005567298257215982,0.00735739905153469,1.0,0.8291666666666666,1.0,0.006472907157896479,0.35,0.78575,0.011411724477091711,9
JVS_JVSMuSiC,mert_l3,3,29,60_20_20_speaker_disjoint,False,row_shuffled_nuisance,mean_preserving,logf0_mean;logf0_std;logf0_p05;logf0_p50;logf0_p95;logf0_range;rms_mean;rms_std;duration_s;voiced_rate;energy_mean;energy_std,S->G,20,0.05,6,20,0.3,0.1,0.5,0.5,0.9,0.35883607456140343,0.6680937499999999,0.006741376716570563,0.013260266005161793,0.7,0.5023538011695907,2.0,0.010195039454298177,-0.10000000000000003,1.0,9.775172708725854e-06,9
JVS_JVSMuSiC,mert_l3,3,29,60_20_20_speaker_disjoint,False,row_shuffled_nuisance,mean_preserving,logf0_mean;logf0_std;logf0_p05;logf0_p50;logf0_p95;logf0_range;rms_mean;rms_std;duration_s;voiced_rate;energy_mean;energy_std,G->S,20,0.05,7,20,0.35,0.15,0.55,0.6,0.95,0.41248263888888886,0.7155059523809524,0.00802603283508908,0.01231265872044155,0.8,0.5522817460317461,2.5,0.010195039454298177,0.0,1.0,9.775172708725854e-06,9
JVS_JVSMuSiC,mert_l3,3,29,60_20_20_speaker_disjoint,False,random_gaussian_nuisance,mean_preserving,logf0_mean;logf0_std;logf0_p05;logf0_p50;logf0_p95;logf0_range;rms_mean;rms_std;duration_s;voiced_rate;energy_mean;energy_std,S->G,20,0.05,8,20,0.4,0.2,0.6,0.6,0.95,0.38750111785144686,0.714296444235589,0.006869331338522685,0.013254466007267962,0.8,0.5614032239690134,2.0,0.010133911844534877,0.0,1.0,2.6101110530363236e-05,12
JVS_JVSMuSiC,mert_l3,3,29,60_20_20_speaker_disjoint,False,random_gaussian_nuisance,mean_preserving,logf0_mean;logf0_std;logf0_p05;logf0_p50;logf0_p95;logf0_range;rms_mean;rms_std;duration_s;voiced_rate;energy_mean;energy_std,G->S,20,0.05,7,20,0.35,0.15,0.55,0.6,0.95,0.42483134920634924,0.73,0.007832015037283067,0.012231170073292014,0.8,0.5718650793650794,2.0,0.01013391184453486,0.0,1.0,2.6101110530363236e-05,12
JVS_JVSMuSiC,mert_l3,3,29,60_20_20_speaker_disjoint,False,random_low_rank_projection,mean_preserving,random_dir_0;random_dir_1;random_dir_2;random_dir_3;random_dir_4;random_dir_5;random_dir_6;random_dir_7;random_dir_8;random_dir_9;random_dir_10;random_dir_11,S->G,20,0.05,8,20,0.4,0.2,0.6,0.55,0.9,0.39320666248955727,0.7297428728070176,0.006681049297059577,0.012812887882144427,0.75,0.5524133249791146,2.0,0.009987705992004959,0.0,1.0,0.00014951853476541377,12
JVS_JVSMuSiC,mert_l3,3,29,60_20_20_speaker_disjoint,False,random_low_rank_projection,mean_preserving,random_dir_0;random_dir_1;random_dir_2;random_dir_3;random_dir_4;random_dir_5;random_dir_6;random_dir_7;random_dir_8;random_dir_9;random_dir_10;random_dir_11,G->S,20,0.05,8,20,0.4,0.2,0.6,0.6,0.95,0.44741567460317455,0.7427703373015873,0.007767160167014128,0.012129008713026676,0.8,0.5981150793650793,2.0,0.009987705992004981,0.050000000000000044,1.0,0.00014951853476541377,12
JVS_JVSMuSiC,mert_l3,3,31,60_20_20_speaker_disjoint,False,raw,raw,,S->G,20,0.05,7,20,0.35,0.15,0.55,0.69875,1.0,0.3622239583333333,0.6675781249999999,0.008198791777185651,0.015285449570114216,0.85,0.5131249999999999,3.0,0.011640431649170935,0.0,1.0,0.0,0
JVS_JVSMuSiC,mert_l3,3,31,60_20_20_speaker_disjoint,False,raw,raw,,G->S,20,0.05,7,20,0.35,0.15,0.55,0.45,0.85,0.3305708874458874,0.6745597943722944,0.0064582644608401464,0.016247439670428614,0.65,0.504396645021645,2.5,0.011640431649170929,0.0,1.0,0.0,0
JVS_JVSMuSiC,mert_l3,3,31,60_20_20_speaker_disjoint,False,center_only_classic,classic,,S->G,20,0.05,11,20,0.55,0.35,0.75,1.0,1.0,0.5748958333333333,0.8533333333333335,0.3104241822714401,0.40702209331114786,1.0,0.7158333333333334,1.0,0.3554480322395039,0.20000000000000007,1.0,0.9664166665442966,0
JVS_JVSMuSiC,mert_l3,3,31,60_20_20_speaker_disjoint,False,center_only_classic,classic,,G->S,20,0.05,8,20,0.4,0.2,0.6,0.5,0.85,0.3933035714285715,0.715547619047619,0.26923733184338566,0.43587837694531256,0.7,0.5538095238095238,2.0,0.3554480322395039,0.050000000000000044,1.0,0.9664166665442966,0
JVS_JVSMuSiC,mert_l3,3,31,60_20_20_speaker_disjoint,False,mode_dummy_only,mean_preserving,mode_dummy,S->G,20,0.05,14,20,0.7,0.5,0.9,0.85,1.0,0.6683154761904762,0.9416666666666667,0.009770219046453237,0.013469632538779714,0.95,0.8088095238095239,1.0,0.011645858347147108,0.35,0.53125,0.0025331560114205676,1
JVS_JVSMuSiC,mert_l3,3,31,60_20_20_speaker_disjoint,False,mode_dummy_only,mean_preserving,mode_dummy,G->S,20,0.05,13,20,0.65,0.4,0.85,0.75,1.0,0.6159443277310923,0.9029411764705882,0.009163594817524505,0.013604552246005293,0.9,0.7700840336134454,1.0,0.011645858347147075,0.30000000000000004,0.53125,0.0025331560114205676,1
JVS_JVSMuSiC,mert_l3,3,31,60_20_20_speaker_disjoint,False,mode_dummy_only,classic,mode_dummy,S->G,20,0.05,16,20,0.8,0.6,0.95,0.85,1.0,0.7547619047619047,0.975,0.48492339925893474,0.5876559744814779,0.95,0.8738095238095237,1.0,0.5358924593057061,0.45000000000000007,0.53125,0.9689498225557174,1
JVS_JVSMuSiC,mert_l3,3,31,60_20_20_speaker_disjoint,False,mode_dummy_only,classic,mode_dummy,G->S,20,0.05,15,20,0.75,0.55,0.95,1.0,1.0,0.72475,0.96,0.48455478475523295,0.5852984102977001,1.0,0.845,1.0,0.5358924593057061,0.4,0.53125,0.9689498225557174,1
JVS_JVSMuSiC,mert_l3,3,31,60_20_20_speaker_disjoint,False,acoustic_full_no_mode,mean_preserving,logf0_mean;logf0_std;logf0_p05;logf0_p50;logf0_p95;logf0_range;rms_mean;rms_std;duration_s;voiced_rate;energy_mean;energy_std,S->G,20,0.05,8,20,0.4,0.2,0.6,0.6,0.95,0.42518749999999994,0.74875,0.004521004296882755,0.007673015819652912,0.8,0.5835416666666667,2.0,0.006199325791847293,0.050000000000000044,0.788,0.010944440628782526,9
JVS_JVSMuSiC,mert_l3,3,31,60_20_20_speaker_disjoint,False,acoustic_full_no_mode,mean_preserving,logf0_mean;logf0_std;logf0_p05;logf0_p50;logf0_p95;logf0_range;rms_mean;rms_std;duration_s;voiced_rate;energy_mean;energy_std,G->S,20,0.05,14,20,0.7,0.45,0.9,0.6,0.95,0.5759722222222223,0.9166666666666667,0.004274091113703696,0.007962916899632853,0.8,0.7554861111111111,1.0,0.006199325791847288,0.35,0.788,0.010944440628782526,9
JVS_JVSMuSiC,mert_l3,3,31,60_20_20_speaker_disjoint,False,acoustic_full_no_mode,classic,logf0_mean;logf0_std;logf0_p05;logf0_p50;logf0_p95;logf0_range;rms_mean;rms_std;duration_s;voiced_rate;energy_mean;energy_std,S->G,20,0.05,14,20,0.7,0.5,0.9,0.85,1.0,0.6616666666666666,0.9416666666666667,0.3109447801035463,0.44377448484718834,0.95,0.8016666666666667,1.0,0.3782082079291994,0.35,0.788,0.9776295141076765,9
JVS_JVSMuSiC,mert_l3,3,31,60_20_20_speaker_disjoint,False,acoustic_full_no_mode,classic,logf0_mean;logf0_std;logf0_p05;logf0_p50;logf0_p95;logf0_range;rms_mean;rms_std;duration_s;voiced_rate;energy_mean;energy_std,G->S,20,0.05,13,20,0.65,0.4487500000000001,0.85,1.0,1.0,0.5900000000000001,0.8866666666666667,0.3007805847305379,0.45260916810520985,1.0,0.7491666666666668,1.0,0.3782082079291994,0.30000000000000004,0.788,0.9776295141076765,9
JVS_JVSMuSiC,mert_l3,3,31,60_20_20_speaker_disjoint,False,acoustic_full_plus_mode,mean_preserving,logf0_mean;logf0_std;logf0_p05;logf0_p50;logf0_p95;logf0_range;rms_mean;rms_std;duration_s;voiced_rate;energy_mean;energy_std;mode_dummy,S->G,20,0.05,8,20,0.4,0.2,0.6,0.55,0.9012499999999989,0.4204202516233766,0.7475535714285714,0.004278867021004258,0.0077750314565360615,0.75,0.5873133116883117,2.0,0.006136145443369006,0.050000000000000044,0.4535,0.011262706128494226,10
JVS_JVSMuSiC,mert_l3,3,31,60_20_20_speaker_disjoint,False,acoustic_full_plus_mode,mean_preserving,logf0_mean;logf0_std;logf0_p05;logf0_p50;logf0_p95;logf0_range;rms_mean;rms_std;duration_s;voiced_rate;energy_mean;energy_std;mode_dummy,G->S,20,0.05,14,20,0.7,0.5,0.9,0.6,0.95,0.5753392857142856,0.915625,0.00392167339432814,0.00800935048368895,0.8,0.7574107142857143,1.0,0.0061361454433690125,0.35,0.4535,0.011262706128494226,10
JVS_JVSMuSiC,mert_l3,3,31,60_20_20_speaker_disjoint,False,acoustic_full_plus_mode,classic,logf0_mean;logf0_std;logf0_p05;logf0_p50;logf0_p95;logf0_range;rms_mean;rms_std;duration_s;voiced_rate;energy_mean;energy_std;mode_dummy,S->G,20,0.05,14,20,0.7,0.5,0.9,0.75,1.0,0.6351190476190477,0.9291666666666666,0.30983776658441603,0.4503440818739897,0.9,0.7946428571428572,1.0,0.3799758755836468,0.35,0.4535,0.977967736071757,10
JVS_JVSMuSiC,mert_l3,3,31,60_20_20_speaker_disjoint,False,acoustic_full_plus_mode,classic,logf0_mean;logf0_std;logf0_p05;logf0_p50;logf0_p95;logf0_range;rms_mean;rms_std;duration_s;voiced_rate;energy_mean;energy_std;mode_dummy,G->S,20,0.05,13,20,0.65,0.45,0.85,0.85,1.0,0.6082291666666666,0.8916666666666666,0.302730433578212,0.45638090389927705,0.95,0.7583333333333334,1.0,0.37997587558364687,0.30000000000000004,0.4535,0.977967736071757,10
JVS_JVSMuSiC,mert_l3,3,31,60_20_20_speaker_disjoint,False,single_group_f0,mean_preserving,logf0_mean;logf0_std;logf0_p05;logf0_p50;logf0_p95;logf0_range,S->G,20,0.05,3,20,0.15,0.0,0.3,0.25,0.75,0.18548392273576098,0.44849375583566764,0.003249872007582283,0.010741115937332141,0.5,0.3087149859943978,5.5,0.007062518621428898,-0.19999999999999998,1.0,0.005519706967029081,5
JVS_JVSMuSiC,mert_l3,3,31,60_20_20_speaker_disjoint,False,single_group_f0,mean_preserving,logf0_mean;logf0_std;logf0_p05;logf0_p50;logf0_p95;logf0_range,G->S,20,0.05,6,20,0.3,0.1,0.5,0.45,0.85,0.304406205464642,0.6270234302054155,0.001490372713046589,0.01152835843639328,0.65,0.468687834783036,3.0,0.007062518621428859,-0.04999999999999999,1.0,0.005519706967029081,5
JVS_JVSMuSiC,mert_l3,3,31,60_20_20_speaker_disjoint,False,single_group_energy,mean_preserving,rms_mean;rms_std;energy_mean;energy_std,S->G,20,0.05,10,20,0.5,0.3,0.75,0.5,0.9,0.41079829545454544,0.7771397456709955,0.007346590960428582,0.013088847122722937,0.7,0.5971049783549784,1.5,0.010460581107901818,0.15000000000000002,0.95225,0.005142568046476392,3
JVS_JVSMuSiC,mert_l3,3,31,60_20_20_speaker_disjoint,False,single_group_energy,mean_preserving,rms_mean;rms_std;energy_mean;energy_std,G->S,20,0.05,15,20,0.75,0.55,0.9012499999999989,0.75,1.0,0.6659548611111112,0.9416666666666667,0.008861538897140886,0.012175256204296313,0.9,0.820138888888889,1.0,0.01046058110790179,0.4,0.95225,0.005142568046476392,3
JVS_JVSMuSiC,mert_l3,3,31,60_20_20_speaker_disjoint,False,single_group_duration,mean_preserving,duration_s,S->G,20,0.05,12,20,0.6,0.4,0.8,1.0,1.0,0.5875,0.8724999999999999,0.009973899066182868,0.013821236681248215,1.0,0.7408333333333333,1.0,0.011848135954483224,0.25,0.869125,0.0024048892271799627,1
JVS_JVSMuSiC,mert_l3,3,31,60_20_20_speaker_disjoint,False,single_group_duration,mean_preserving,duration_s,G->S,20,0.05,14,20,0.7,0.5,0.9,0.75,1.0,0.656,0.9250694444444444,0.008820363608319339,0.014345315198316354,0.9,0.7933333333333332,1.0,0.011848135954483169,0.35,0.869125,0.0024048892271799627,1
JVS_JVSMuSiC,mert_l3,3,31,60_20_20_speaker_disjoint,False,single_group_voicing,mean_preserving,voiced_rate,S->G,20,0.05,7,20,0.35,0.15,0.6,0.7,1.0,0.3487395833333333,0.6658958333333332,0.008119917629380101,0.015311788783349479,0.85,0.5131249999999999,3.0,0.011640431649170935,0.0,1.0,0.0,0
JVS_JVSMuSiC,mert_l3,3,31,60_20_20_speaker_disjoint,False,single_group_voicing,mean_preserving,voiced_rate,G->S,20,0.05,7,20,0.35,0.15,0.55,0.45,0.85,0.33699512987012986,0.6577450622294372,0.006249817793055225,0.016266202000190376,0.65,0.504396645021645,2.5,0.011640431649170929,0.0,1.0,0.0,0
JVS_JVSMuSiC,mert_l3,3,31,60_20_20_speaker_disjoint,False,full_minus_f0,mean_preserving,rms_mean;rms_std;duration_s;voiced_rate;energy_mean;energy_std,S->G,20,0.05,9,20,0.45,0.25,0.65,0.6,0.95,0.4419444444444444,0.7771354166666666,0.007334581457617131,0.012393304822378213,0.8,0.6106944444444444,2.0,0.00998759340845078,0.10000000000000003,0.852875,0.005797161960870323,4
JVS_JVSMuSiC,mert_l3,3,31,60_20_20_speaker_disjoint,False,full_minus_f0,mean_preserving,rms_mean;rms_std;duration_s;voiced_rate;energy_mean;energy_std,G->S,20,0.05,13,20,0.65,0.45,0.85,0.7,1.0,0.5757398504273503,0.8955208333333332,0.008114087407615355,0.01178847139118879,0.85,0.7385683760683761,1.0,0.009987593408450757,0.30000000000000004,0.852875,0.005797161960870323,4
JVS_JVSMuSiC,mert_l3,3,31,60_20_20_speaker_disjoint,False,full_minus_energy,mean_preserving,logf0_mean;logf0_std;logf0_p05;logf0_p50;logf0_p95;logf0_range;duration_s;voiced_rate,S->G,20,0.05,9,20,0.45,0.25,0.65,0.75,1.0,0.45404464285714285,0.767172619047619,0.005395916817275741,0.00905140468382361,0.9,0.6176190476190475,2.0,0.007146075476508357,0.10000000000000003,0.838875,0.00787961274675042,6
JVS_JVSMuSiC,mert_l3,3,31,60_20_20_speaker_disjoint,False,full_minus_energy,mean_preserving,logf0_mean;logf0_std;logf0_p05;logf0_p50;logf0_p95;logf0_range;duration_s;voiced_rate,G->S,20,0.05,12,20,0.6,0.4,0.8,0.7,1.0,0.5405733082706767,0.8722142857142856,0.003693254311216726,0.00986246151960599,0.85,0.7122744360902256,1.0,0.007146075476508395,0.25,0.838875,0.00787961274675042,6
JVS_JVSMuSiC,mert_l3,3,31,60_20_20_speaker_disjoint,False,full_minus_duration,mean_preserving,logf0_mean;logf0_std;logf0_p05;logf0_p50;logf0_p95;logf0_range;rms_mean;rms_std;voiced_rate;energy_mean;energy_std,S->G,20,0.05,11,20,0.55,0.3,0.75,0.4987500000000001,0.9,0.471030257936508,0.8221041666666666,0.004461718167694901,0.00859151599389665,0.7,0.6431150793650794,1.0,0.006657713429562079,0.20000000000000007,0.9415,0.010212028107230764,8
JVS_JVSMuSiC,mert_l3,3,31,60_20_20_speaker_disjoint,False,full_minus_duration,mean_preserving,logf0_mean;logf0_std;logf0_p05;logf0_p50;logf0_p95;logf0_range;rms_mean;rms_std;voiced_rate;energy_mean;energy_std,G->S,20,0.05,13,20,0.65,0.45,0.85,0.69875,1.0,0.5712526709401711,0.9055555555555556,0.005015401018248426,0.008450864446071828,0.85,0.7507478632478632,1.0,0.006657713429562129,0.30000000000000004,0.9415,0.010212028107230764,8
JVS_JVSMuSiC,mert_l3,3,31,60_20_20_speaker_disjoint,False,full_minus_voicing,mean_preserving,logf0_mean;logf0_std;logf0_p05;logf0_p50;logf0_p95;logf0_range;rms_mean;rms_std;duration_s;energy_mean;energy_std,S->G,20,0.05,8,20,0.4,0.2,0.6,0.6,0.95,0.41810416666666667,0.7417812499999998,0.004548542584795919,0.00775157957962501,0.8,0.5835416666666667,2.0,0.006199325791847126,0.050000000000000044,0.788,0.010944440628780971,9
JVS_JVSMuSiC,mert_l3,3,31,60_20_20_speaker_disjoint,False,full_minus_voicing,mean_preserving,logf0_mean;logf0_std;logf0_p05;logf0_p50;logf0_p95;logf0_range;rms_mean;rms_std;duration_s;energy_mean;energy_std,G->S,20,0.05,14,20,0.7,0.5,0.9,0.6,0.95,0.5773107638888889,0.91625,0.004227465616184078,0.008035688491663645,0.8,0.7554861111111111,1.0,0.006199325791847099,0.35,0.788,0.010944440628780971,9
JVS_JVSMuSiC,mert_l3,3,31,60_20_20_speaker_disjoint,False,row_shuffled_nuisance,mean_preserving,logf0_mean;logf0_std;logf0_p05;logf0_p50;logf0_p95;logf0_range;rms_mean;rms_std;duration_s;voiced_rate;energy_mean;energy_std,S->G,20,0.05,6,20,0.3,0.1,0.5,0.7,1.0,0.3192274305555556,0.6344895833333333,0.007222457380563556,0.01592727873447631,0.85,0.4717361111111111,3.5,0.011633421716744119,-0.04999999999999999,1.0,-0.0001575483774414188,9
JVS_JVSMuSiC,mert_l3,3,31,60_20_20_speaker_disjoint,False,row_shuffled_nuisance,mean_preserving,logf0_mean;logf0_std;logf0_p05;logf0_p50;logf0_p95;logf0_range;rms_mean;rms_std;duration_s;voiced_rate;energy_mean;energy_std,G->S,20,0.05,8,20,0.4,0.2,0.6,0.4,0.8,0.3509738270308123,0.6996946778711484,0.006027483187346573,0.01610713156847213,0.6,0.5259768907563026,2.5,0.011633421716744141,0.050000000000000044,1.0,-0.0001575483774414188,9
JVS_JVSMuSiC,mert_l3,3,31,60_20_20_speaker_disjoint,False,random_gaussian_nuisance,mean_preserving,logf0_mean;logf0_std;logf0_p05;logf0_p50;logf0_p95;logf0_range;rms_mean;rms_std;duration_s;voiced_rate;energy_mean;energy_std,S->G,20,0.05,6,20,0.3,0.1,0.5,0.7,1.0,0.33422916666666663,0.6347447916666666,0.0077012647107154745,0.014955783449533378,0.85,0.48368055555555556,3.0,0.011535739008239499,-0.04999999999999999,1.0,7.171853907517178e-05,12
JVS_JVSMuSiC,mert_l3,3,31,60_20_20_speaker_disjoint,False,random_gaussian_nuisance,mean_preserving,logf0_mean;logf0_std;logf0_p05;logf0_p50;logf0_p95;logf0_range;rms_mean;rms_std;duration_s;voiced_rate;energy_mean;energy_std,G->S,20,0.05,8,20,0.4,0.2,0.6,0.4,0.8,0.343515625,0.6901354166666666,0.006127683315521764,0.016108286929249906,0.6,0.5218750000000001,2.5,0.011535739008239426,0.050000000000000044,1.0,7.171853907517178e-05,12
JVS_JVSMuSiC,mert_l3,3,31,60_20_20_speaker_disjoint,False,random_low_rank_projection,mean_preserving,random_dir_0;random_dir_1;random_dir_2;random_dir_3;random_dir_4;random_dir_5;random_dir_6;random_dir_7;random_dir_8;random_dir_9;random_dir_10;random_dir_11,S->G,20,0.05,7,20,0.35,0.15,0.55,0.7,1.0,0.371453125,0.6800208333333333,0.007662290344875018,0.015094082768429329,0.85,0.525625,3.0,0.011584893147379632,0.0,1.0,0.00011825483540006676,12
JVS_JVSMuSiC,mert_l3,3,31,60_20_20_speaker_disjoint,False,random_low_rank_projection,mean_preserving,random_dir_0;random_dir_1;random_dir_2;random_dir_3;random_dir_4;random_dir_5;random_dir_6;random_dir_7;random_dir_8;random_dir_9;random_dir_10;random_dir_11,G->S,20,0.05,7,20,0.35,0.15,0.55,0.4,0.8,0.3387119859307359,0.6813690476190476,0.006490859543608411,0.015855986613815265,0.6,0.5027299783549783,2.5,0.011584893147379616,0.0,1.0,0.00011825483540006676,12
JVS_JVSMuSiC,mert_l3,3,37,60_20_20_speaker_disjoint,False,raw,raw,,S->G,20,0.05,10,20,0.5,0.3,0.7,0.5,0.9,0.4372363782051282,0.7967747252747253,0.007640430614708973,0.014124731448352822,0.7,0.6021199633699632,1.5,0.010885386212027554,0.0,1.0,0.0,0
JVS_JVSMuSiC,mert_l3,3,37,60_20_20_speaker_disjoint,False,raw,raw,,G->S,20,0.05,10,20,0.5,0.3,0.7012499999999988,0.6,0.95,0.4387500000000001,0.795845238095238,0.008220488344123415,0.01359435195164504,0.8,0.6158928571428571,1.5,0.010885386212027592,0.0,1.0,0.0,0
JVS_JVSMuSiC,mert_l3,3,37,60_20_20_speaker_disjoint,False,center_only_classic,classic,,S->G,20,0.05,14,20,0.7,0.5,0.9,1.0,1.0,0.725,0.9375,0.30489507902434404,0.41579802995531695,1.0,0.8375,1.0,0.3590702078679743,0.19999999999999996,1.0,0.966479304230822,0
JVS_JVSMuSiC,mert_l3,3,37,60_20_20_speaker_disjoint,False,center_only_classic,classic,,G->S,20,0.05,9,20,0.45,0.25,0.7,0.55,0.95,0.4179464285714285,0.7572232142857143,0.2676482981998209,0.44498508862716873,0.75,0.5789285714285713,2.5,0.3590702078679743,-0.04999999999999999,1.0,0.966479304230822,0
JVS_JVSMuSiC,mert_l3,3,37,60_20_20_speaker_disjoint,False,mode_dummy_only,mean_preserving,mode_dummy,S->G,20,0.05,14,20,0.7,0.5,0.9,0.75,1.0,0.6287499999999999,0.91875,0.00916528734033441,0.012454128343153015,0.9,0.7849999999999999,1.0,0.010874519798460852,0.19999999999999996,0.422,0.002536070682813363,1
JVS_JVSMuSiC,mert_l3,3,37,60_20_20_speaker_disjoint,False,mode_dummy_only,mean_preserving,mode_dummy,G->S,20,0.05,18,20,0.9,0.75,1.0,1.0,1.0,0.875,1.0,0.009546440038057814,0.012329733693747649,1.0,0.95,1.0,0.01087451979846088,0.4,0.422,0.002536070682813363,1
JVS_JVSMuSiC,mert_l3,3,37,60_20_20_speaker_disjoint,False,mode_dummy_only,classic,mode_dummy,S->G,20,0.05,16,20,0.8,0.6,0.95,1.0,1.0,0.7833333333333333,0.975,0.4756096382891873,0.591149207846301,1.0,0.8916666666666668,1.0,0.5331439324296439,0.30000000000000004,0.422,0.9690153749136357,1
JVS_JVSMuSiC,mert_l3,3,37,60_20_20_speaker_disjoint,False,mode_dummy_only,classic,mode_dummy,G->S,20,0.05,17,20,0.85,0.7,1.0,1.0,1.0,0.8164583333333333,1.0,0.47458401778041776,0.5895071724568043,1.0,0.9166666666666666,1.0,0.5331439324296439,0.35,0.422,0.9690153749136357,1
JVS_JVSMuSiC,mert_l3,3,37,60_20_20_speaker_disjoint,False,acoustic_full_no_mode,mean_preserving,logf0_mean;logf0_std;logf0_p05;logf0_p50;logf0_p95;logf0_range;rms_mean;rms_std;duration_s;voiced_rate;energy_mean;energy_std,S->G,20,0.05,11,20,0.55,0.3,0.75,0.55,0.95,0.4698188131313132,0.8101496212121211,0.004238987810882928,0.007503437506887087,0.75,0.6471464646464646,1.0,0.005865349604293119,0.050000000000000044,0.8105,0.011519966587913433,9
JVS_JVSMuSiC,mert_l3,3,37,60_20_20_speaker_disjoint,False,acoustic_full_no_mode,mean_preserving,logf0_mean;logf0_std;logf0_p05;logf0_p50;logf0_p95;logf0_range;rms_mean;rms_std;duration_s;voiced_rate;energy_mean;energy_std,G->S,20,0.05,15,20,0.75,0.55,0.9012499999999989,0.85,1.0,0.6930555555555556,0.9555555555555555,0.004769421328148888,0.006957791443077572,0.95,0.8347222222222221,1.0,0.005865349604293113,0.25,0.8105,0.011519966587913433,9
JVS_JVSMuSiC,mert_l3,3,37,60_20_20_speaker_disjoint,False,acoustic_full_no_mode,classic,logf0_mean;logf0_std;logf0_p05;logf0_p50;logf0_p95;logf0_range;rms_mean;rms_std;duration_s;voiced_rate;energy_mean;energy_std,S->G,20,0.05,12,20,0.6,0.4,0.8,1.0,1.0,0.6291041666666667,0.8792708333333332,0.30042017927534337,0.44507105381893775,1.0,0.7558333333333334,1.0,0.3737003097082333,0.09999999999999998,0.8105,0.9776595576749247,9
JVS_JVSMuSiC,mert_l3,3,37,60_20_20_speaker_disjoint,False,acoustic_full_no_mode,classic,logf0_mean;logf0_std;logf0_p05;logf0_p50;logf0_p95;logf0_range;rms_mean;rms_std;duration_s;voiced_rate;energy_mean;energy_std,G->S,20,0.05,14,20,0.7,0.5,0.9,0.85,1.0,0.6916666666666667,0.925,0.2989635106613824,0.438073998704263,0.95,0.825,1.0,0.3737003097082333,0.19999999999999996,0.8105,0.9776595576749247,9
JVS_JVSMuSiC,mert_l3,3,37,60_20_20_speaker_disjoint,False,acoustic_full_plus_mode,mean_preserving,logf0_mean;logf0_std;logf0_p05;logf0_p50;logf0_p95;logf0_range;rms_mean;rms_std;duration_s;voiced_rate;energy_mean;energy_std;mode_dummy,S->G,20,0.05,13,20,0.65,0.45,0.85,0.6,0.95,0.5472590187590188,0.8802529761904762,0.004201965238212406,0.007297023343957018,0.8,0.7195057720057719,1.0,0.005845432755706964,0.15000000000000002,0.471375,0.011975640130209575,10
JVS_JVSMuSiC,mert_l3,3,37,60_20_20_speaker_disjoint,False,acoustic_full_plus_mode,mean_preserving,logf0_mean;logf0_std;logf0_p05;logf0_p50;logf0_p95;logf0_range;rms_mean;rms_std;duration_s;voiced_rate;energy_mean;energy_std;mode_dummy,G->S,20,0.05,15,20,0.75,0.55,0.9,0.85,1.0,0.6805555555555556,0.9416666666666667,0.004789618046425455,0.006917385018984972,0.95,0.826388888888889,1.0,0.005845432755706992,0.25,0.471375,0.011975640130209575,10
JVS_JVSMuSiC,mert_l3,3,37,60_20_20_speaker_disjoint,False,acoustic_full_plus_mode,classic,logf0_mean;logf0_std;logf0_p05;logf0_p50;logf0_p95;logf0_range;rms_mean;rms_std;duration_s;voiced_rate;energy_mean;energy_std;mode_dummy,S->G,20,0.05,12,20,0.6,0.4,0.8,0.85,1.0,0.6172619047619048,0.8833333333333332,0.31062308809051825,0.4449528158043314,0.95,0.7529761904761905,1.0,0.3753226216677734,0.09999999999999998,0.471375,0.9780069173147211,10
JVS_JVSMuSiC,mert_l3,3,37,60_20_20_speaker_disjoint,False,acoustic_full_plus_mode,classic,logf0_mean;logf0_std;logf0_p05;logf0_p50;logf0_p95;logf0_range;rms_mean;rms_std;duration_s;voiced_rate;energy_mean;energy_std;mode_dummy,G->S,20,0.05,15,20,0.75,0.55,0.9,0.85,1.0,0.7000000000000001,0.9583333333333334,0.305070091038629,0.4378810449922145,0.95,0.8333333333333333,1.0,0.3753226216677734,0.25,0.471375,0.9780069173147211,10
JVS_JVSMuSiC,mert_l3,3,37,60_20_20_speaker_disjoint,False,single_group_f0,mean_preserving,logf0_mean;logf0_std;logf0_p05;logf0_p50;logf0_p95;logf0_range,S->G,20,0.05,8,20,0.4,0.2,0.6,0.35,0.75,0.33863189057674353,0.6957766106442576,0.0032582132021573684,0.010199552583125042,0.55,0.5062912985707102,3.5,0.0067105141441858585,-0.09999999999999998,1.0,0.005478550713265973,5
JVS_JVSMuSiC,mert_l3,3,37,60_20_20_speaker_disjoint,False,single_group_f0,mean_preserving,logf0_mean;logf0_std;logf0_p05;logf0_p50;logf0_p95;logf0_range,G->S,20,0.05,8,20,0.4,0.2,0.6,0.55,0.9,0.36786351495726494,0.7059294871794871,0.004268933847273376,0.009255806589311109,0.75,0.5353044871794872,2.5,0.00671051414418587,-0.09999999999999998,1.0,0.005478550713265973,5
JVS_JVSMuSiC,mert_l3,3,37,60_20_20_speaker_disjoint,False,single_group_energy,mean_preserving,rms_mean;rms_std;energy_mean;energy_std,S->G,20,0.05,10,20,0.5,0.3,0.7,0.55,0.9,0.44079166666666664,0.7691874999999999,0.008713892294514044,0.013625336376221861,0.75,0.6108333333333333,2.0,0.011098840556343682,0.0,0.979125,0.004994920936669867,3
JVS_JVSMuSiC,mert_l3,3,37,60_20_20_speaker_disjoint,False,single_group_energy,mean_preserving,rms_mean;rms_std;energy_mean;energy_std,G->S,20,0.05,16,20,0.8,0.6,0.95,0.85,1.0,0.7445535714285715,0.975,0.00889322426465529,0.013189144319156411,0.95,0.8696428571428572,1.0,0.011098840556343675,0.30000000000000004,0.979125,0.004994920936669867,3
JVS_JVSMuSiC,mert_l3,3,37,60_20_20_speaker_disjoint,False,single_group_duration,mean_preserving,duration_s,S->G,20,0.05,13,20,0.65,0.45,0.85,0.6,0.95,0.6061979166666667,0.90625,0.00899909513027013,0.01296587297962255,0.8,0.75625,1.0,0.011016756911556541,0.15000000000000002,0.802625,0.002447986442006611,1
JVS_JVSMuSiC,mert_l3,3,37,60_20_20_speaker_disjoint,False,single_group_duration,mean_preserving,duration_s,G->S,20,0.05,16,20,0.8,0.6,0.95,1.0,1.0,0.7666666666666667,0.975,0.009451651788840575,0.012778850903815102,1.0,0.8833333333333332,1.0,0.011016756911556513,0.30000000000000004,0.802625,0.002447986442006611,1
JVS_JVSMuSiC,mert_l3,3,37,60_20_20_speaker_disjoint,False,single_group_voicing,mean_preserving,voiced_rate,S->G,20,0.05,10,20,0.5,0.3,0.7,0.5,0.9,0.4216259157509157,0.7655143086080585,0.0075380436555562685,0.014333131969534424,0.7,0.6021199633699632,1.5,0.010885386212027554,0.0,1.0,0.0,0
JVS_JVSMuSiC,mert_l3,3,37,60_20_20_speaker_disjoint,False,single_group_voicing,mean_preserving,voiced_rate,G->S,20,0.05,10,20,0.5,0.3,0.7,0.6,0.95,0.45427827380952374,0.789313988095238,0.008064675355506869,0.013669731893638173,0.8,0.6158928571428571,1.5,0.010885386212027592,0.0,1.0,0.0,0
JVS_JVSMuSiC,mert_l3,3,37,60_20_20_speaker_disjoint,False,full_minus_f0,mean_preserving,rms_mean;rms_std;duration_s;voiced_rate;energy_mean;energy_std,S->G,20,0.05,14,20,0.7,0.5,0.9,0.65,1.0,0.6003482142857143,0.917142857142857,0.008736789385721663,0.012738745527904464,0.85,0.7689285714285714,1.0,0.010670676579653714,0.19999999999999996,0.797125,0.006195070281420079,4
JVS_JVSMuSiC,mert_l3,3,37,60_20_20_speaker_disjoint,False,full_minus_f0,mean_preserving,rms_mean;rms_std;duration_s;voiced_rate;energy_mean;energy_std,G->S,20,0.05,17,20,0.85,0.7,1.0,1.0,1.0,0.78,1.0,0.009031028681728252,0.012322130513306877,1.0,0.8975,1.0,0.010670676579653737,0.35,0.797125,0.006195070281420079,4
JVS_JVSMuSiC,mert_l3,3,37,60_20_20_speaker_disjoint,False,full_minus_energy,mean_preserving,logf0_mean;logf0_std;logf0_p05;logf0_p50;logf0_p95;logf0_range;duration_s;voiced_rate,S->G,20,0.05,10,20,0.5,0.3,0.7,0.6,0.95,0.4826322115384614,0.7971899038461538,0.004983946837439589,0.008577323545833125,0.8,0.6309294871794872,1.5,0.006705557268453682,0.0,0.78475,0.007893465469612115,6
JVS_JVSMuSiC,mert_l3,3,37,60_20_20_speaker_disjoint,False,full_minus_energy,mean_preserving,logf0_mean;logf0_std;logf0_p05;logf0_p50;logf0_p95;logf0_range;duration_s;voiced_rate,G->S,20,0.05,15,20,0.75,0.55,0.95,0.85,1.0,0.685,0.9583333333333334,0.005423195793901849,0.008062584284749564,0.95,0.8266666666666665,1.0,0.006705557268453672,0.25,0.78475,0.007893465469612115,6
JVS_JVSMuSiC,mert_l3,3,37,60_20_20_speaker_disjoint,False,full_minus_duration,mean_preserving,logf0_mean;logf0_std;logf0_p05;logf0_p50;logf0_p95;logf0_range;rms_mean;rms_std;voiced_rate;energy_mean;energy_std,S->G,20,0.05,8,20,0.4,0.2,0.6,0.4987500000000001,0.9,0.3682806776556776,0.7222414148351648,0.004049037007168258,0.008407849723403665,0.7,0.5349771062271063,3.0,0.006259237459762706,-0.09999999999999998,0.972,0.01025965688367958,8
JVS_JVSMuSiC,mert_l3,3,37,60_20_20_speaker_disjoint,False,full_minus_duration,mean_preserving,logf0_mean;logf0_std;logf0_p05;logf0_p50;logf0_p95;logf0_range;rms_mean;rms_std;voiced_rate;energy_mean;energy_std,G->S,20,0.05,14,20,0.7,0.5,0.9,0.75,1.0,0.6308035714285715,0.9196428571428571,0.004842563998479994,0.007649421827316684,0.9,0.7852678571428571,1.0,0.006259237459762706,0.19999999999999996,0.972,0.01025965688367958,8
JVS_JVSMuSiC,mert_l3,3,37,60_20_20_speaker_disjoint,False,full_minus_voicing,mean_preserving,logf0_mean;logf0_std;logf0_p05;logf0_p50;logf0_p95;logf0_range;rms_mean;rms_std;duration_s;energy_mean;energy_std,S->G,20,0.05,11,20,0.55,0.35,0.75,0.55,0.9012499999999989,0.4553945707070707,0.7976496212121212,0.004219798645937779,0.007424527512493203,0.75,0.6471464646464646,1.0,0.005865349604293246,0.050000000000000044,0.8105,0.011519966587910768,9
JVS_JVSMuSiC,mert_l3,3,37,60_20_20_speaker_disjoint,False,full_minus_voicing,mean_preserving,logf0_mean;logf0_std;logf0_p05;logf0_p50;logf0_p95;logf0_range;rms_mean;rms_std;duration_s;energy_mean;energy_std,G->S,20,0.05,15,20,0.75,0.55,0.95,0.85,1.0,0.6902083333333333,0.9555555555555555,0.00479500884756318,0.006977121564621553,0.95,0.8347222222222221,1.0,0.005865349604293235,0.25,0.8105,0.011519966587910768,9
JVS_JVSMuSiC,mert_l3,3,37,60_20_20_speaker_disjoint,False,row_shuffled_nuisance,mean_preserving,logf0_mean;logf0_std;logf0_p05;logf0_p50;logf0_p95;logf0_range;rms_mean;rms_std;duration_s;voiced_rate;energy_mean;energy_std,S->G,20,0.05,9,20,0.45,0.25,0.65,0.5,0.85,0.3887219655344655,0.7532260551948051,0.007308575059313103,0.013807222923248678,0.7,0.5774987512487512,2.0,0.010534937476949396,-0.04999999999999999,1.0,0.000359786387106098,9
JVS_JVSMuSiC,mert_l3,3,37,60_20_20_speaker_disjoint,False,row_shuffled_nuisance,mean_preserving,logf0_mean;logf0_std;logf0_p05;logf0_p50;logf0_p95;logf0_range;rms_mean;rms_std;duration_s;voiced_rate;energy_mean;energy_std,G->S,20,0.05,10,20,0.5,0.3,0.7,0.6,0.95,0.4618541666666666,0.7908690476190475,0.008139349687140226,0.013048319831155045,0.8,0.6298412698412699,1.5,0.010534937476949429,0.0,1.0,0.000359786387106098,9
JVS_JVSMuSiC,mert_l3,3,37,60_20_20_speaker_disjoint,False,random_gaussian_nuisance,mean_preserving,logf0_mean;logf0_std;logf0_p05;logf0_p50;logf0_p95;logf0_range;rms_mean;rms_std;duration_s;voiced_rate;energy_mean;energy_std,S->G,20,0.05,11,20,0.55,0.3,0.75,0.5,0.9,0.4434265109890109,0.7995684523809523,0.0076815993965030195,0.014549220770081455,0.7,0.6296199633699633,1.0,0.01083751082834895,0.050000000000000044,1.0,0.0001409256749204113,12
JVS_JVSMuSiC,mert_l3,3,37,60_20_20_speaker_disjoint,False,random_gaussian_nuisance,mean_preserving,logf0_mean;logf0_std;logf0_p05;logf0_p50;logf0_p95;logf0_range;rms_mean;rms_std;duration_s;voiced_rate;energy_mean;energy_std,G->S,20,0.05,8,20,0.4,0.2,0.6,0.6,0.95,0.4046726190476191,0.7283591269841269,0.007895416106202546,0.013889029817460829,0.8,0.5651984126984126,2.0,0.010837510828349,-0.09999999999999998,1.0,0.0001409256749204113,12
JVS_JVSMuSiC,mert_l3,3,37,60_20_20_speaker_disjoint,False,random_low_rank_projection,mean_preserving,random_dir_0;random_dir_1;random_dir_2;random_dir_3;random_dir_4;random_dir_5;random_dir_6;random_dir_7;random_dir_8;random_dir_9;random_dir_10;random_dir_11,S->G,20,0.05,10,20,0.5,0.3,0.75,0.5,0.9,0.41753960622710623,0.7733997252747252,0.007424687637335189,0.014345075290859766,0.7,0.6021199633699632,1.5,0.010806360481915028,0.0,1.0,0.00021594893497034473,12
JVS_JVSMuSiC,mert_l3,3,37,60_20_20_speaker_disjoint,False,random_low_rank_projection,mean_preserving,random_dir_0;random_dir_1;random_dir_2;random_dir_3;random_dir_4;random_dir_5;random_dir_6;random_dir_7;random_dir_8;random_dir_9;random_dir_10;random_dir_11,G->S,20,0.05,10,20,0.5,0.3,0.75,0.6,0.95,0.4476175595238096,0.7787604166666666,0.008196955056344659,0.013571314528075102,0.8,0.6158928571428571,1.5,0.010806360481915,0.0,1.0,0.00021594893497034473,12
JVS_JVSMuSiC,mert_l3,3,41,60_20_20_speaker_disjoint,False,raw,raw,,S->G,20,0.05,5,20,0.25,0.1,0.45,0.4,0.8,0.2912391549422799,0.6120755546536796,0.0069433485376305185,0.012878310410604131,0.6,0.4462022005772006,3.0,0.009952613384690317,0.0,1.0,0.0,0
JVS_JVSMuSiC,mert_l3,3,41,60_20_20_speaker_disjoint,False,raw,raw,,G->S,20,0.05,7,20,0.35,0.15,0.55,0.7,1.0,0.3573333333333333,0.67890625,0.006997938856908799,0.013168841389775317,0.85,0.5104166666666666,3.0,0.00995261338469034,0.0,1.0,0.0,0
JVS_JVSMuSiC,mert_l3,3,41,60_20_20_speaker_disjoint,False,center_only_classic,classic,,S->G,20,0.05,18,20,0.9,0.75,1.0,0.85,1.0,0.8,1.0,0.28964172123170956,0.37117749587291293,0.95,0.925,1.0,0.3296729489642945,0.65,1.0,0.9664413356238736,0
JVS_JVSMuSiC,mert_l3,3,41,60_20_20_speaker_disjoint,False,center_only_classic,classic,,G->S,20,0.05,7,20,0.35,0.15,0.55,0.65,0.95,0.3529613095238095,0.6647083333333332,0.2340825564302013,0.4220692896235172,0.8,0.49970238095238095,3.5,0.32967294896429455,0.0,1.0,0.9664413356238736,0
JVS_JVSMuSiC,mert_l3,3,41,60_20_20_speaker_disjoint,False,mode_dummy_only,mean_preserving,mode_dummy,S->G,20,0.05,14,20,0.7,0.5,0.9,0.7,1.0,0.6167857142857143,0.9239434523809522,0.008332588957302784,0.011593642286206829,0.85,0.7734523809523809,1.0,0.009976134553954297,0.44999999999999996,0.623375,0.0025369266244554822,1
JVS_JVSMuSiC,mert_l3,3,41,60_20_20_speaker_disjoint,False,mode_dummy_only,mean_preserving,mode_dummy,G->S,20,0.05,17,20,0.85,0.69875,1.0,1.0,1.0,0.735,1.0,0.008668878657315993,0.011270400628118868,1.0,0.885,1.0,0.00997613455395428,0.5,0.623375,0.0025369266244554822,1
JVS_JVSMuSiC,mert_l3,3,41,60_20_20_speaker_disjoint,False,mode_dummy_only,classic,mode_dummy,S->G,20,0.05,18,20,0.9,0.75,1.0,0.85,1.0,0.839017857142857,1.0,0.45722051958143506,0.5673994690441907,0.95,0.9321428571428572,1.0,0.5115401244249564,0.65,0.623375,0.9689782622483295,1
JVS_JVSMuSiC,mert_l3,3,41,60_20_20_speaker_disjoint,False,mode_dummy_only,classic,mode_dummy,G->S,20,0.05,15,20,0.75,0.55,0.9,1.0,1.0,0.7149791666666667,0.9502499999999997,0.44868547384840024,0.5660497458712873,1.0,0.8391666666666666,1.0,0.5115401244249563,0.4,0.623375,0.9689782622483295,1
JVS_JVSMuSiC,mert_l3,3,41,60_20_20_speaker_disjoint,False,acoustic_full_no_mode,mean_preserving,logf0_mean;logf0_std;logf0_p05;logf0_p50;logf0_p95;logf0_range;rms_mean;rms_std;duration_s;voiced_rate;energy_mean;energy_std,S->G,20,0.05,9,20,0.45,0.25,0.65,0.5,0.9,0.3848611111111111,0.740768849206349,0.004192574011104579,0.00819362457279905,0.7,0.5693253968253968,2.0,0.006283585313508089,0.2,0.809,0.011061640262036154,9
JVS_JVSMuSiC,mert_l3,3,41,60_20_20_speaker_disjoint,False,acoustic_full_no_mode,mean_preserving,logf0_mean;logf0_std;logf0_p05;logf0_p50;logf0_p95;logf0_range;rms_mean;rms_std;duration_s;voiced_rate;energy_mean;energy_std,G->S,20,0.05,15,20,0.75,0.55,0.95,0.7,1.0,0.6493679971988796,0.9583333333333334,0.004743410016175919,0.007728424737761441,0.85,0.8100840336134454,1.0,0.006283585313508066,0.4,0.809,0.011061640262036154,9
JVS_JVSMuSiC,mert_l3,3,41,60_20_20_speaker_disjoint,False,acoustic_full_no_mode,classic,logf0_mean;logf0_std;logf0_p05;logf0_p50;logf0_p95;logf0_range;rms_mean;rms_std;duration_s;voiced_rate;energy_mean;energy_std,S->G,20,0.05,15,20,0.75,0.55,0.9,0.69875,1.0,0.6489806547619048,0.9535714285714285,0.29079489683435544,0.46094949194773543,0.85,0.8086309523809524,1.0,0.3820425653499476,0.5,0.809,0.977539754576492,9
JVS_JVSMuSiC,mert_l3,3,41,60_20_20_speaker_disjoint,False,acoustic_full_no_mode,classic,logf0_mean;logf0_std;logf0_p05;logf0_p50;logf0_p95;logf0_range;rms_mean;rms_std;duration_s;voiced_rate;energy_mean;energy_std,G->S,20,0.05,13,20,0.65,0.45,0.85,0.65,1.0,0.5877842261904761,0.9001562499999997,0.30575712131767113,0.46766770980389033,0.85,0.7472023809523809,1.0,0.3820425653499476,0.30000000000000004,0.809,0.977539754576492,9
JVS_JVSMuSiC,mert_l3,3,41,60_20_20_speaker_disjoint,False,acoustic_full_plus_mode,mean_preserving,logf0_mean;logf0_std;logf0_p05;logf0_p50;logf0_p95;logf0_range;rms_mean;rms_std;duration_s;voiced_rate;energy_mean;energy_std;mode_dummy,S->G,20,0.05,9,20,0.45,0.25,0.65,0.5,0.9,0.4152171717171718,0.7611111111111111,0.003711382252256856,0.008086662155914562,0.7,0.5831565656565657,2.0,0.006094807582526019,0.2,0.547625,0.011558356506756295,10
JVS_JVSMuSiC,mert_l3,3,41,60_20_20_speaker_disjoint,False,acoustic_full_plus_mode,mean_preserving,logf0_mean;logf0_std;logf0_p05;logf0_p50;logf0_p95;logf0_range;rms_mean;rms_std;duration_s;voiced_rate;energy_mean;energy_std;mode_dummy,G->S,20,0.05,15,20,0.75,0.55,0.9,0.7,1.0,0.650952380952381,0.9333333333333332,0.004848629048444427,0.007488013804879273,0.85,0.802142857142857,1.0,0.006094807582526035,0.4,0.547625,0.011558356506756295,10
JVS_JVSMuSiC,mert_l3,3,41,60_20_20_speaker_disjoint,False,acoustic_full_plus_mode,classic,logf0_mean;logf0_std;logf0_p05;logf0_p50;logf0_p95;logf0_range;rms_mean;rms_std;duration_s;voiced_rate;energy_mean;energy_std;mode_dummy,S->G,20,0.05,15,20,0.75,0.55,0.95,0.7,1.0,0.6514621489621489,0.9416666666666667,0.29951730106186997,0.4611959653471503,0.85,0.8082112332112331,1.0,0.3802553994736923,0.5,0.547625,0.9778871617917244,10
JVS_JVSMuSiC,mert_l3,3,41,60_20_20_speaker_disjoint,False,acoustic_full_plus_mode,classic,logf0_mean;logf0_std;logf0_p05;logf0_p50;logf0_p95;logf0_range;rms_mean;rms_std;duration_s;voiced_rate;energy_mean;energy_std;mode_dummy,G->S,20,0.05,15,20,0.75,0.55,0.95,0.7,1.0,0.6323095238095238,0.9571428571428571,0.3018749757638191,0.4549691852457092,0.85,0.7980952380952381,1.0,0.3802553994736923,0.4,0.547625,0.9778871617917244,10
JVS_JVSMuSiC,mert_l3,3,41,60_20_20_speaker_disjoint,False,single_group_f0,mean_preserving,logf0_mean;logf0_std;logf0_p05;logf0_p50;logf0_p95;logf0_range,S->G,20,0.05,5,20,0.25,0.1,0.45,0.3,0.7,0.2291565431096681,0.5441025207431457,0.002646588510063038,0.009069090758957603,0.5,0.382412518037518,5.0,0.005823231420756558,0.0,1.0,0.005445090873463121,5
JVS_JVSMuSiC,mert_l3,3,41,60_20_20_speaker_disjoint,False,single_group_f0,mean_preserving,logf0_mean;logf0_std;logf0_p05;logf0_p50;logf0_p95;logf0_range,G->S,20,0.05,7,20,0.35,0.15,0.55,0.35,0.75,0.2767552453673778,0.6434086538461538,0.0030044154573533933,0.008620187654739203,0.55,0.4630968541262659,4.5,0.00582323142075653,0.0,1.0,0.005445090873463121,5
JVS_JVSMuSiC,mert_l3,3,41,60_20_20_speaker_disjoint,False,single_group_energy,mean_preserving,rms_mean;rms_std;energy_mean;energy_std,S->G,20,0.05,7,20,0.35,0.15,0.55,0.55,0.9,0.3820976419413919,0.6979687499999999,0.007528563905941412,0.012627781253724508,0.75,0.5353937728937728,2.0,0.010100300375139214,0.09999999999999998,0.976375,0.004815697753536408,3
JVS_JVSMuSiC,mert_l3,3,41,60_20_20_speaker_disjoint,False,single_group_energy,mean_preserving,rms_mean;rms_std;energy_mean;energy_std,G->S,20,0.05,14,20,0.7,0.5,0.9,0.85,1.0,0.6414107142857142,0.9238095238095237,0.008357377424738835,0.01182843908701566,0.95,0.7854761904761905,1.0,0.010100300375139171,0.35,0.976375,0.004815697753536408,3
JVS_JVSMuSiC,mert_l3,3,41,60_20_20_speaker_disjoint,False,single_group_duration,mean_preserving,duration_s,S->G,20,0.05,13,20,0.65,0.45,0.85,0.7,1.0,0.5721666666666666,0.8933749999999999,0.008534562442142452,0.0116592657425989,0.85,0.7422222222222221,1.0,0.010160116590871588,0.4,0.843125,0.0024389123671603175,1
JVS_JVSMuSiC,mert_l3,3,41,60_20_20_speaker_disjoint,False,single_group_duration,mean_preserving,duration_s,G->S,20,0.05,15,20,0.75,0.55,0.9,0.75,1.0,0.6685873015873016,0.9571428571428571,0.008489616823303986,0.011914742991394894,0.9,0.8143650793650794,1.0,0.010160116590871581,0.4,0.843125,0.0024389123671603175,1
JVS_JVSMuSiC,mert_l3,3,41,60_20_20_speaker_disjoint,False,single_group_voicing,mean_preserving,voiced_rate,S->G,20,0.05,5,20,0.25,0.09875000000000007,0.45,0.35,0.8,0.2979136228354978,0.5949452335858586,0.00664264672833042,0.013128566820543842,0.6,0.4462022005772006,3.0,0.009952613384690317,0.0,1.0,0.0,0
JVS_JVSMuSiC,mert_l3,3,41,60_20_20_speaker_disjoint,False,single_group_voicing,mean_preserving,voiced_rate,G->S,20,0.05,7,20,0.35,0.15,0.55,0.7,1.0,0.35471874999999997,0.6686284722222221,0.006931261014731926,0.012972490077442533,0.85,0.5104166666666666,3.0,0.00995261338469034,0.0,1.0,0.0,0
JVS_JVSMuSiC,mert_l3,3,41,60_20_20_speaker_disjoint,False,full_minus_f0,mean_preserving,rms_mean;rms_std;duration_s;voiced_rate;energy_mean;energy_std,S->G,20,0.05,10,20,0.5,0.25,0.7,0.55,0.95,0.44796085858585866,0.8041761363636363,0.00800947507146503,0.01160728237892706,0.75,0.6309343434343434,1.5,0.009849434113338967,0.25,0.83875,0.005939767451369038,4
JVS_JVSMuSiC,mert_l3,3,41,60_20_20_speaker_disjoint,False,full_minus_f0,mean_preserving,rms_mean;rms_std;duration_s;voiced_rate;energy_mean;energy_std,G->S,20,0.05,15,20,0.75,0.55,0.9,0.85,1.0,0.6779464285714286,0.9501785714285712,0.008238764596893941,0.011365535849677678,0.95,0.8238095238095238,1.0,0.009849434113338978,0.4,0.83875,0.005939767451369038,4
JVS_JVSMuSiC,mert_l3,3,41,60_20_20_speaker_disjoint,False,full_minus_energy,mean_preserving,logf0_mean;logf0_std;logf0_p05;logf0_p50;logf0_p95;logf0_range;duration_s;voiced_rate,S->G,20,0.05,9,20,0.45,0.25,0.65,0.55,0.9,0.40989835858585866,0.7616753472222222,0.004139686417630993,0.007945845137170527,0.75,0.58822601010101,2.0,0.006127020029921765,0.2,0.83725,0.007847555005402573,6
JVS_JVSMuSiC,mert_l3,3,41,60_20_20_speaker_disjoint,False,full_minus_energy,mean_preserving,logf0_mean;logf0_std;logf0_p05;logf0_p50;logf0_p95;logf0_range;duration_s;voiced_rate,G->S,20,0.05,15,20,0.75,0.55,0.95,0.69875,1.0,0.6246028554778554,0.9538461538461538,0.004543130800719444,0.007704509337155788,0.85,0.8017249417249419,1.0,0.00612702002992177,0.4,0.83725,0.007847555005402573,6
JVS_JVSMuSiC,mert_l3,3,41,60_20_20_speaker_disjoint,False,full_minus_duration,mean_preserving,logf0_mean;logf0_std;logf0_p05;logf0_p50;logf0_p95;logf0_range;rms_mean;rms_std;voiced_rate;energy_mean;energy_std,S->G,20,0.05,6,20,0.3,0.1,0.5,0.55,0.9,0.3237672311348782,0.6329812834224599,0.003527021410131234,0.009276748652402095,0.75,0.47526440879382054,3.0,0.006508710438495607,0.04999999999999999,0.965375,0.009863783041010099,8
JVS_JVSMuSiC,mert_l3,3,41,60_20_20_speaker_disjoint,False,full_minus_duration,mean_preserving,logf0_mean;logf0_std;logf0_p05;logf0_p50;logf0_p95;logf0_range;rms_mean;rms_std;voiced_rate;energy_mean;energy_std,G->S,20,0.05,14,20,0.7,0.5,0.9,0.7,1.0,0.5882420634920635,0.915,0.004908748345685518,0.008220737031621303,0.85,0.7626984126984127,1.0,0.006508710438495563,0.35,0.965375,0.009863783041010099,8
JVS_JVSMuSiC,mert_l3,3,41,60_20_20_speaker_disjoint,False,full_minus_voicing,mean_preserving,logf0_mean;logf0_std;logf0_p05;logf0_p50;logf0_p95;logf0_range;rms_mean;rms_std;duration_s;energy_mean;energy_std,S->G,20,0.05,9,20,0.45,0.25,0.65,0.5,0.9,0.39198115079365076,0.7565545634920635,0.004267009864024393,0.008289533854292179,0.7,0.5693253968253968,2.0,0.006283585313508283,0.2,0.809,0.011061640262039596,9
JVS_JVSMuSiC,mert_l3,3,41,60_20_20_speaker_disjoint,False,full_minus_voicing,mean_preserving,logf0_mean;logf0_std;logf0_p05;logf0_p50;logf0_p95;logf0_range;rms_mean;rms_std;duration_s;energy_mean;energy_std,G->S,20,0.05,15,20,0.75,0.55,0.95,0.7,1.0,0.63984418767507,0.9571428571428571,0.004679476093534537,0.007835115529164369,0.85,0.8100840336134454,1.0,0.006283585313508294,0.4,0.809,0.011061640262039596,9
JVS_JVSMuSiC,mert_l3,3,41,60_20_20_speaker_disjoint,False,row_shuffled_nuisance,mean_preserving,logf0_mean;logf0_std;logf0_p05;logf0_p50;logf0_p95;logf0_range;rms_mean;rms_std;duration_s;voiced_rate;energy_mean;energy_std,S->G,20,0.05,6,20,0.3,0.1,0.5,0.45,0.85,0.3140803324534942,0.6344098793363498,0.00632813314062895,0.01284109421965342,0.65,0.47174459527400703,3.0,0.009603840731909136,0.04999999999999999,1.0,0.0002650593300158599,9
JVS_JVSMuSiC,mert_l3,3,41,60_20_20_speaker_disjoint,False,row_shuffled_nuisance,mean_preserving,logf0_mean;logf0_std;logf0_p05;logf0_p50;logf0_p95;logf0_range;rms_mean;rms_std;duration_s;voiced_rate;energy_mean;energy_std,G->S,20,0.05,7,20,0.35,0.15,0.5512499999999989,0.55,0.9,0.3432276785714286,0.6658494543650793,0.006979376890914455,0.01247880854047401,0.75,0.501656746031746,3.0,0.009603840731909119,0.0,1.0,0.0002650593300158599,9
JVS_JVSMuSiC,mert_l3,3,41,60_20_20_speaker_disjoint,False,random_gaussian_nuisance,mean_preserving,logf0_mean;logf0_std;logf0_p05;logf0_p50;logf0_p95;logf0_range;rms_mean;rms_std;duration_s;voiced_rate;energy_mean;energy_std,S->G,20,0.05,5,20,0.25,0.1,0.45,0.4,0.85,0.25673855137917634,0.5785396062271062,0.006755550542052258,0.013377343054420022,0.65,0.4050483544233544,3.5,0.009953229107720096,0.0,1.0,4.78021107701565e-05,12
JVS_JVSMuSiC,mert_l3,3,41,60_20_20_speaker_disjoint,False,random_gaussian_nuisance,mean_preserving,logf0_mean;logf0_std;logf0_p05;logf0_p50;logf0_p95;logf0_range;rms_mean;rms_std;duration_s;voiced_rate;energy_mean;energy_std,G->S,20,0.05,7,20,0.35,0.15,0.6,0.7,0.95,0.3478888888888889,0.6795451388888888,0.006854323326670692,0.01323037330777452,0.85,0.5104166666666667,3.0,0.009953229107720101,0.0,1.0,4.78021107701565e-05,12
JVS_JVSMuSiC,mert_l3,3,41,60_20_20_speaker_disjoint,False,random_low_rank_projection,mean_preserving,random_dir_0;random_dir_1;random_dir_2;random_dir_3;random_dir_4;random_dir_5;random_dir_6;random_dir_7;random_dir_8;random_dir_9;random_dir_10;random_dir_11,S->G,20,0.05,5,20,0.25,0.05,0.45,0.4,0.8,0.29513446969696977,0.6019820075757576,0.006938951856468294,0.012886232440780953,0.6,0.4473926767676768,3.0,0.009856154340492146,0.0,1.0,0.00025021159741600574,12
JVS_JVSMuSiC,mert_l3,3,41,60_20_20_speaker_disjoint,False,random_low_rank_projection,mean_preserving,random_dir_0;random_dir_1;random_dir_2;random_dir_3;random_dir_4;random_dir_5;random_dir_6;random_dir_7;random_dir_8;random_dir_9;random_dir_10;random_dir_11,G->S,20,0.05,7,20,0.35,0.15,0.55,0.65,1.0,0.3545112336601307,0.6747540849673203,0.006961011697297413,0.01292487852147499,0.85,0.5105800653594772,3.0,0.009856154340492179,0.0,1.0,0.00025021159741600574,12
JVS_JVSMuSiC,mert_l3,3,43,60_20_20_speaker_disjoint,False,raw,raw,,S->G,20,0.05,6,20,0.3,0.1,0.5,0.35,0.75,0.27179788961038964,0.5930605158730159,0.006282470855375557,0.014240935144532856,0.55,0.43093434343434345,4.0,0.01001894449936791,0.0,1.0,0.0,0
JVS_JVSMuSiC,mert_l3,3,43,60_20_20_speaker_disjoint,False,raw,raw,,G->S,20,0.05,6,20,0.3,0.1,0.5,0.45,0.85,0.33562301587301585,0.6453000992063491,0.007017529650104645,0.012804341192604466,0.65,0.49158730158730163,2.0,0.010018944499367905,0.0,1.0,0.0,0
JVS_JVSMuSiC,mert_l3,3,43,60_20_20_speaker_disjoint,False,center_only_classic,classic,,S->G,20,0.05,9,20,0.45,0.25,0.65,0.75,1.0,0.5125,0.7834375,0.2620931483132637,0.38533899348765316,0.9,0.6555555555555556,2.0,0.3187775962375907,0.15000000000000002,1.0,0.966436815504242,0
JVS_JVSMuSiC,mert_l3,3,43,60_20_20_speaker_disjoint,False,center_only_classic,classic,,G->S,20,0.05,5,20,0.25,0.1,0.45,0.45,0.85,0.3192559523809524,0.6246716269841269,0.22077742438717382,0.41405402617912906,0.65,0.45900793650793653,2.5,0.3187775962375907,-0.04999999999999999,1.0,0.966436815504242,0
JVS_JVSMuSiC,mert_l3,3,43,60_20_20_speaker_disjoint,False,mode_dummy_only,mean_preserving,mode_dummy,S->G,20,0.05,9,20,0.45,0.25,0.65,0.85,1.0,0.4852708333333334,0.7847222222222222,0.008062650169129524,0.012055782613116144,0.95,0.6363888888888889,2.0,0.01002413611757239,0.15000000000000002,0.4965,0.0025362567423212745,1
JVS_JVSMuSiC,mert_l3,3,43,60_20_20_speaker_disjoint,False,mode_dummy_only,mean_preserving,mode_dummy,G->S,20,0.05,11,20,0.55,0.35,0.75,0.85,1.0,0.5327232142857141,0.8541666666666666,0.008372897804286157,0.011662116473988592,0.95,0.6946428571428572,1.0,0.010024136117572413,0.25000000000000006,0.4965,0.0025362567423212745,1
JVS_JVSMuSiC,mert_l3,3,43,60_20_20_speaker_disjoint,False,mode_dummy_only,classic,mode_dummy,S->G,20,0.05,11,20,0.55,0.35,0.75,0.85,1.0,0.5242648809523809,0.8333749999999999,0.4084809018697203,0.5428627099220136,0.95,0.6879761904761905,1.0,0.47275217659853225,0.25000000000000006,0.4965,0.9689730722465635,1
JVS_JVSMuSiC,mert_l3,3,43,60_20_20_speaker_disjoint,False,mode_dummy_only,classic,mode_dummy,G->S,20,0.05,10,20,0.5,0.3,0.7,0.85,1.0,0.5041458333333333,0.8,0.4103027559270826,0.537025890848141,0.95,0.6599999999999999,1.5,0.47275217659853225,0.2,0.4965,0.9689730722465635,1
JVS_JVSMuSiC,mert_l3,3,43,60_20_20_speaker_disjoint,False,acoustic_full_no_mode,mean_preserving,logf0_mean;logf0_std;logf0_p05;logf0_p50;logf0_p95;logf0_range;rms_mean;rms_std;duration_s;voiced_rate;energy_mean;energy_std,S->G,20,0.05,7,20,0.35,0.15,0.55,0.5,0.9,0.3525523538961039,0.694812297077922,0.0007849855388564575,0.008725782904113185,0.7,0.5137418831168831,2.5,0.005250668887211668,0.04999999999999999,0.79225,0.011469843195200613,9
JVS_JVSMuSiC,mert_l3,3,43,60_20_20_speaker_disjoint,False,acoustic_full_no_mode,mean_preserving,logf0_mean;logf0_std;logf0_p05;logf0_p50;logf0_p95;logf0_range;rms_mean;rms_std;duration_s;voiced_rate;energy_mean;energy_std,G->S,20,0.05,10,20,0.5,0.25,0.7012499999999988,0.7,1.0,0.4990608766233766,0.8033549783549784,0.004096350628863959,0.006401584879387669,0.85,0.6608549783549783,1.5,0.005250668887211618,0.2,0.79225,0.011469843195200613,9
JVS_JVSMuSiC,mert_l3,3,43,60_20_20_speaker_disjoint,False,acoustic_full_no_mode,classic,logf0_mean;logf0_std;logf0_p05;logf0_p50;logf0_p95;logf0_range;rms_mean;rms_std;duration_s;voiced_rate;energy_mean;energy_std,S->G,20,0.05,9,20,0.45,0.25,0.65,0.55,0.9,0.426547619047619,0.7596547619047618,0.20948290389647903,0.3729130755294061,0.75,0.5944047619047619,2.0,0.29205609932174886,0.15000000000000002,0.79225,0.9774756145213337,9
JVS_JVSMuSiC,mert_l3,3,43,60_20_20_speaker_disjoint,False,acoustic_full_no_mode,classic,logf0_mean;logf0_std;logf0_p05;logf0_p50;logf0_p95;logf0_range;rms_mean;rms_std;duration_s;voiced_rate;energy_mean;energy_std,G->S,20,0.05,10,20,0.5,0.29875000000000007,0.7,0.55,0.95,0.472797619047619,0.8155505952380951,0.21239524808733756,0.3677189656550413,0.75,0.6478174603174602,1.5,0.2920560993217488,0.2,0.79225,0.9774756145213337,9
JVS_JVSMuSiC,mert_l3,3,43,60_20_20_speaker_disjoint,False,acoustic_full_plus_mode,mean_preserving,logf0_mean;logf0_std;logf0_p05;logf0_p50;logf0_p95;logf0_range;rms_mean;rms_std;duration_s;voiced_rate;energy_mean;energy_std;mode_dummy,S->G,20,0.05,8,20,0.4,0.2,0.65,0.5,0.9,0.36352182539682537,0.7236458333333333,0.00019355851225261034,0.008494935800531785,0.7,0.5438492063492064,2.0,0.005138842812410227,0.10000000000000003,0.541625,0.01200169012944563,10
JVS_JVSMuSiC,mert_l3,3,43,60_20_20_speaker_disjoint,False,acoustic_full_plus_mode,mean_preserving,logf0_mean;logf0_std;logf0_p05;logf0_p50;logf0_p95;logf0_range;rms_mean;rms_std;duration_s;voiced_rate;energy_mean;energy_std;mode_dummy,G->S,20,0.05,10,20,0.5,0.3,0.7,0.6,0.95,0.48158225108225106,0.7964464285714286,0.003922848877766382,0.006332615640140773,0.8,0.6441883116883116,1.5,0.005138842812410194,0.2,0.541625,0.01200169012944563,10
JVS_JVSMuSiC,mert_l3,3,43,60_20_20_speaker_disjoint,False,acoustic_full_plus_mode,classic,logf0_mean;logf0_std;logf0_p05;logf0_p50;logf0_p95;logf0_range;rms_mean;rms_std;duration_s;voiced_rate;energy_mean;energy_std;mode_dummy,S->G,20,0.05,9,20,0.45,0.25,0.7,0.55,0.95,0.4312564484126984,0.7610104166666667,0.207400669035449,0.380730071044561,0.75,0.5931150793650793,2.0,0.28943450890336503,0.15000000000000002,0.541625,0.977815218662755,10
JVS_JVSMuSiC,mert_l3,3,43,60_20_20_speaker_disjoint,False,acoustic_full_plus_mode,classic,logf0_mean;logf0_std;logf0_p05;logf0_p50;logf0_p95;logf0_range;rms_mean;rms_std;duration_s;voiced_rate;energy_mean;energy_std;mode_dummy,G->S,20,0.05,10,20,0.5,0.3,0.7,0.6,0.95,0.48389880952380937,0.8006249999999998,0.22032503869304115,0.3651082010584132,0.8,0.6476190476190475,1.5,0.289434508903365,0.2,0.541625,0.977815218662755,10
JVS_JVSMuSiC,mert_l3,3,43,60_20_20_speaker_disjoint,False,single_group_f0,mean_preserving,logf0_mean;logf0_std;logf0_p05;logf0_p50;logf0_p95;logf0_range,S->G,20,0.05,4,20,0.2,0.05,0.4,0.2,0.65,0.19106505345896796,0.5207413083992031,0.0013414425230918797,0.0085882928945403,0.4,0.34452031521110466,6.0,0.004945446963578642,-0.09999999999999998,1.0,0.005652020186641571,5
JVS_JVSMuSiC,mert_l3,3,43,60_20_20_speaker_disjoint,False,single_group_f0,mean_preserving,logf0_mean;logf0_std;logf0_p05;logf0_p50;logf0_p95;logf0_range,G->S,20,0.05,5,20,0.25,0.05,0.45,0.4,0.8,0.2838006993006993,0.593088578088578,0.002607421060721531,0.0075398685014176955,0.6,0.4349825174825175,3.0,0.004945446963578626,-0.04999999999999999,1.0,0.005652020186641571,5
JVS_JVSMuSiC,mert_l3,3,43,60_20_20_speaker_disjoint,False,single_group_energy,mean_preserving,rms_mean;rms_std;energy_mean;energy_std,S->G,20,0.05,6,20,0.3,0.1,0.5,0.64875,0.95,0.35039632936507936,0.6633963293650793,0.0058351351178744515,0.01340083417513307,0.8,0.5039484126984127,2.5,0.009949456021727716,0.0,0.972875,0.005089552997760705,3
JVS_JVSMuSiC,mert_l3,3,43,60_20_20_speaker_disjoint,False,single_group_energy,mean_preserving,rms_mean;rms_std;energy_mean;energy_std,G->S,20,0.05,13,20,0.65,0.45,0.85,0.85,1.0,0.6166666666666667,0.9,0.008518288623194715,0.01140347109657567,0.95,0.7666666666666666,1.0,0.009949456021727698,0.35000000000000003,0.972875,0.005089552997760705,3
JVS_JVSMuSiC,mert_l3,3,43,60_20_20_speaker_disjoint,False,single_group_duration,mean_preserving,duration_s,S->G,20,0.05,7,20,0.35,0.15,0.55,0.75,1.0,0.463626893939394,0.7250511363636363,0.008196288225512776,0.012245854444926147,0.9,0.5978787878787879,2.0,0.010173013065920689,0.04999999999999999,0.876625,0.0024481345304938618,1
JVS_JVSMuSiC,mert_l3,3,43,60_20_20_speaker_disjoint,False,single_group_duration,mean_preserving,duration_s,G->S,20,0.05,11,20,0.55,0.35,0.7512499999999989,0.85,1.0,0.5498437500000001,0.8376041666666666,0.008567847865178196,0.012018238652416632,0.95,0.7020833333333333,1.0,0.010173013065920639,0.25000000000000006,0.876625,0.0024481345304938618,1
JVS_JVSMuSiC,mert_l3,3,43,60_20_20_speaker_disjoint,False,single_group_voicing,mean_preserving,voiced_rate,S->G,20,0.05,6,20,0.3,0.1,0.5,0.35,0.75,0.26978625541125545,0.6071252705627705,0.006260805315103065,0.014098713787615543,0.55,0.43093434343434345,4.0,0.01001894449936791,0.0,1.0,0.0,0
JVS_JVSMuSiC,mert_l3,3,43,60_20_20_speaker_disjoint,False,single_group_voicing,mean_preserving,voiced_rate,G->S,20,0.05,6,20,0.3,0.1,0.5,0.45,0.85,0.33933878968253967,0.6642152777777778,0.007042136576292881,0.012836282855633882,0.65,0.49158730158730163,2.0,0.010018944499367905,0.0,1.0,0.0,0
JVS_JVSMuSiC,mert_l3,3,43,60_20_20_speaker_disjoint,False,full_minus_f0,mean_preserving,rms_mean;rms_std;duration_s;voiced_rate;energy_mean;energy_std,S->G,20,0.05,9,20,0.45,0.2,0.65,0.65,0.95,0.44206249999999997,0.7714062499999998,0.005489457671668221,0.013052565080282866,0.8,0.6004166666666666,2.0,0.009733234536480395,0.15000000000000002,0.731,0.006299013594826874,4
JVS_JVSMuSiC,mert_l3,3,43,60_20_20_speaker_disjoint,False,full_minus_f0,mean_preserving,rms_mean;rms_std;duration_s;voiced_rate;energy_mean;energy_std,G->S,20,0.05,11,20,0.55,0.35,0.75,0.85,1.0,0.5915104166666666,0.86875,0.008293222673711964,0.011111615915953017,0.95,0.7270833333333333,1.0,0.0097332345364804,0.25000000000000006,0.731,0.006299013594826874,4
JVS_JVSMuSiC,mert_l3,3,43,60_20_20_speaker_disjoint,False,full_minus_energy,mean_preserving,logf0_mean;logf0_std;logf0_p05;logf0_p50;logf0_p95;logf0_range;duration_s;voiced_rate,S->G,20,0.05,4,20,0.2,0.05,0.4,0.55,0.9,0.3275173478482303,0.5995545900178254,0.003448607755107957,0.006700232929049327,0.75,0.45584160937102114,2.0,0.004959165189801601,-0.09999999999999998,0.87725,0.008057109524308936,6
JVS_JVSMuSiC,mert_l3,3,43,60_20_20_speaker_disjoint,False,full_minus_energy,mean_preserving,logf0_mean;logf0_std;logf0_p05;logf0_p50;logf0_p95;logf0_range;duration_s;voiced_rate,G->S,20,0.05,12,20,0.6,0.4,0.8,0.6,0.95,0.48342948717948714,0.8412524038461537,0.003593587025043182,0.006303296225755992,0.8,0.6705723443223442,1.0,0.004959165189801612,0.3,0.87725,0.008057109524308936,6
JVS_JVSMuSiC,mert_l3,3,43,60_20_20_speaker_disjoint,False,full_minus_duration,mean_preserving,logf0_mean;logf0_std;logf0_p05;logf0_p50;logf0_p95;logf0_range;rms_mean;rms_std;voiced_rate;energy_mean;energy_std,S->G,20,0.05,5,20,0.25,0.1,0.45,0.45,0.85,0.29070211038961036,0.5984169372294371,0.0011687062460531675,0.009018850159529723,0.65,0.43936688311688316,3.0,0.005469855166080856,-0.04999999999999999,0.970875,0.01022749420816882,8
JVS_JVSMuSiC,mert_l3,3,43,60_20_20_speaker_disjoint,False,full_minus_duration,mean_preserving,logf0_mean;logf0_std;logf0_p05;logf0_p50;logf0_p95;logf0_range;rms_mean;rms_std;voiced_rate;energy_mean;energy_std,G->S,20,0.05,8,20,0.4,0.2,0.6,0.65,1.0,0.42079861111111105,0.7222222222222222,0.004216817500538707,0.006686480576902892,0.85,0.5736111111111111,2.5,0.005469855166080862,0.10000000000000003,0.970875,0.01022749420816882,8
JVS_JVSMuSiC,mert_l3,3,43,60_20_20_speaker_disjoint,False,full_minus_voicing,mean_preserving,logf0_mean;logf0_std;logf0_p05;logf0_p50;logf0_p95;logf0_range;rms_mean;rms_std;duration_s;energy_mean;energy_std,S->G,20,0.05,7,20,0.35,0.15,0.55,0.5,0.9,0.33964191017316014,0.6769196428571428,0.001385827884827831,0.008643415193851763,0.7,0.5137418831168831,2.5,0.005250668887212534,0.04999999999999999,0.79225,0.01146984319519928,9
JVS_JVSMuSiC,mert_l3,3,43,60_20_20_speaker_disjoint,False,full_minus_voicing,mean_preserving,logf0_mean;logf0_std;logf0_p05;logf0_p50;logf0_p95;logf0_range;rms_mean;rms_std;duration_s;energy_mean;energy_std,G->S,20,0.05,10,20,0.5,0.3,0.75,0.7,1.0,0.5025422077922078,0.8125630411255411,0.004133659751899061,0.006454139611887834,0.85,0.6608549783549783,1.5,0.005250668887212618,0.2,0.79225,0.01146984319519928,9
JVS_JVSMuSiC,mert_l3,3,43,60_20_20_speaker_disjoint,False,row_shuffled_nuisance,mean_preserving,logf0_mean;logf0_std;logf0_p05;logf0_p50;logf0_p95;logf0_range;rms_mean;rms_std;duration_s;voiced_rate;energy_mean;energy_std,S->G,20,0.05,6,20,0.3,0.1,0.5,0.4,0.8,0.2710294913419913,0.6013184523809523,0.006304717505861823,0.01495932960208793,0.6,0.43220779220779226,4.0,0.010453196963125222,0.0,1.0,-8.641947266796457e-05,10
JVS_JVSMuSiC,mert_l3,3,43,60_20_20_speaker_disjoint,False,row_shuffled_nuisance,mean_preserving,logf0_mean;logf0_std;logf0_p05;logf0_p50;logf0_p95;logf0_range;rms_mean;rms_std;duration_s;voiced_rate;energy_mean;energy_std,G->S,20,0.05,6,20,0.3,0.1,0.5,0.5,0.9,0.33888974567099567,0.643112599206349,0.007451162967462073,0.01335818961264829,0.7,0.4890494227994228,2.5,0.010453196963125234,0.0,1.0,-8.641947266796457e-05,10
JVS_JVSMuSiC,mert_l3,3,43,60_20_20_speaker_disjoint,False,random_gaussian_nuisance,mean_preserving,logf0_mean;logf0_std;logf0_p05;logf0_p50;logf0_p95;logf0_range;rms_mean;rms_std;duration_s;voiced_rate;energy_mean;energy_std,S->G,20,0.05,6,20,0.3,0.1,0.5,0.45,0.85,0.29108759990009997,0.6117353896103896,0.006132771887265081,0.014590484552399806,0.65,0.45525668775668776,3.5,0.009999521607148138,0.0,1.0,8.40580995672413e-05,12
JVS_JVSMuSiC,mert_l3,3,43,60_20_20_speaker_disjoint,False,random_gaussian_nuisance,mean_preserving,logf0_mean;logf0_std;logf0_p05;logf0_p50;logf0_p95;logf0_range;rms_mean;rms_std;duration_s;voiced_rate;energy_mean;energy_std,G->S,20,0.05,6,20,0.3,0.1,0.5,0.5,0.9,0.3417837301587302,0.6535248015873014,0.007288432476291676,0.012633309609867279,0.7,0.4941468253968254,2.0,0.009999521607148143,0.0,1.0,8.40580995672413e-05,12
JVS_JVSMuSiC,mert_l3,3,43,60_20_20_speaker_disjoint,False,random_low_rank_projection,mean_preserving,random_dir_0;random_dir_1;random_dir_2;random_dir_3;random_dir_4;random_dir_5;random_dir_6;random_dir_7;random_dir_8;random_dir_9;random_dir_10;random_dir_11,S->G,20,0.05,6,20,0.3,0.1,0.5,0.34875000000000006,0.75,0.2667619047619048,0.6026488095238095,0.006122823623733846,0.013957602929165688,0.55,0.4304960317460317,4.0,0.00992222157774338,0.0,1.0,0.0001806271316735497,12
JVS_JVSMuSiC,mert_l3,3,43,60_20_20_speaker_disjoint,False,random_low_rank_projection,mean_preserving,random_dir_0;random_dir_1;random_dir_2;random_dir_3;random_dir_4;random_dir_5;random_dir_6;random_dir_7;random_dir_8;random_dir_9;random_dir_10;random_dir_11,G->S,20,0.05,6,20,0.3,0.15,0.5,0.45,0.85,0.347787022005772,0.6497495039682539,0.007010158183445876,0.012740340359061903,0.65,0.4945256132756133,2.0,0.009922221577743357,0.0,1.0,0.0001806271316735497,12
JVS_JVSMuSiC,mert_l3,3,47,60_20_20_speaker_disjoint,False,raw,raw,,S->G,20,0.05,11,20,0.55,0.35,0.75,0.55,0.9012499999999989,0.4859463009900316,0.8181077694235588,0.006989894737266616,0.015380674387258174,0.75,0.6548950997403009,1.0,0.01141225729159499,0.0,1.0,0.0,0
JVS_JVSMuSiC,mert_l3,3,47,60_20_20_speaker_disjoint,False,raw,raw,,G->S,20,0.05,9,20,0.45,0.25,0.65,0.5,0.9,0.4265079365079365,0.7638115079365079,0.0061640879049812605,0.015367394380357316,0.7,0.592281746031746,2.0,0.011412257291594985,0.0,1.0,0.0,0
JVS_JVSMuSiC,mert_l3,3,47,60_20_20_speaker_disjoint,False,center_only_classic,classic,,S->G,20,0.05,17,20,0.85,0.7,1.0,0.85,1.0,0.7898749999999999,1.0,0.3024409815853757,0.4117366349575653,0.95,0.905,1.0,0.3573321674575483,0.29999999999999993,1.0,0.9663095148731248,0
JVS_JVSMuSiC,mert_l3,3,47,60_20_20_speaker_disjoint,False,center_only_classic,classic,,G->S,20,0.05,9,20,0.45,0.25,0.65,0.5,0.9,0.4132911706349206,0.7634469246031745,0.26027351254743986,0.4535817554814935,0.7,0.5922420634920634,2.0,0.3573321674575483,0.0,1.0,0.9663095148731248,0
JVS_JVSMuSiC,mert_l3,3,47,60_20_20_speaker_disjoint,False,mode_dummy_only,mean_preserving,mode_dummy,S->G,20,0.05,14,20,0.7,0.5,0.9,0.75,1.0,0.6375000000000001,0.9333333333333332,0.009044020246845695,0.013992533422777923,0.9,0.7958333333333333,1.0,0.011420706629815503,0.1499999999999999,0.344375,0.00252662557392469,1
JVS_JVSMuSiC,mert_l3,3,47,60_20_20_speaker_disjoint,False,mode_dummy_only,mean_preserving,mode_dummy,G->S,20,0.05,15,20,0.75,0.55,0.9,0.75,1.0,0.6726004464285714,0.95,0.00904157527146295,0.013741641473129444,0.9,0.8202678571428571,1.0,0.011420706629815503,0.3,0.344375,0.00252662557392469,1
JVS_JVSMuSiC,mert_l3,3,47,60_20_20_speaker_disjoint,False,mode_dummy_only,classic,mode_dummy,S->G,20,0.05,18,20,0.9,0.75,1.0,1.0,1.0,0.85,1.0,0.4643286165652262,0.606470736946704,1.0,0.9375,1.0,0.5327273366356634,0.35,0.344375,0.9688361404470501,1
JVS_JVSMuSiC,mert_l3,3,47,60_20_20_speaker_disjoint,False,mode_dummy_only,classic,mode_dummy,G->S,20,0.05,15,20,0.75,0.55,0.9,0.85,1.0,0.7065833333333333,0.9502083333333331,0.45956165739400245,0.6022015783801704,0.95,0.8433333333333334,1.0,0.5327273366356633,0.3,0.344375,0.9688361404470501,1
JVS_JVSMuSiC,mert_l3,3,47,60_20_20_speaker_disjoint,False,acoustic_full_no_mode,mean_preserving,logf0_mean;logf0_std;logf0_p05;logf0_p50;logf0_p95;logf0_range;rms_mean;rms_std;duration_s;voiced_rate;energy_mean;energy_std,S->G,20,0.05,9,20,0.45,0.25,0.65,0.5,0.9,0.409375,0.7653125000000001,0.0044451176807946404,0.008871772851312291,0.7,0.585763888888889,2.0,0.006815531457741853,-0.10000000000000003,0.839625,0.011694121599814644,9
JVS_JVSMuSiC,mert_l3,3,47,60_20_20_speaker_disjoint,False,acoustic_full_no_mode,mean_preserving,logf0_mean;logf0_std;logf0_p05;logf0_p50;logf0_p95;logf0_range;rms_mean;rms_std;duration_s;voiced_rate;energy_mean;energy_std,G->S,20,0.05,11,20,0.55,0.3,0.75,0.65,1.0,0.5301626461988305,0.8375657894736842,0.004891891132235193,0.008476385904354145,0.85,0.6909252297410192,1.0,0.0068155314577418025,0.10000000000000003,0.839625,0.011694121599814644,9
JVS_JVSMuSiC,mert_l3,3,47,60_20_20_speaker_disjoint,False,acoustic_full_no_mode,classic,logf0_mean;logf0_std;logf0_p05;logf0_p50;logf0_p95;logf0_range;rms_mean;rms_std;duration_s;voiced_rate;energy_mean;energy_std,S->G,20,0.05,14,20,0.7,0.5,0.9,0.85,1.0,0.6431534090909092,0.925,0.313062283321981,0.49575188890888694,0.95,0.8020454545454545,1.0,0.40873202385775426,0.1499999999999999,0.839625,0.9775644076545041,9
JVS_JVSMuSiC,mert_l3,3,47,60_20_20_speaker_disjoint,False,acoustic_full_no_mode,classic,logf0_mean;logf0_std;logf0_p05;logf0_p50;logf0_p95;logf0_range;rms_mean;rms_std;duration_s;voiced_rate;energy_mean;energy_std,G->S,20,0.05,11,20,0.55,0.35,0.75,0.75,1.0,0.5457670454545455,0.8416666666666666,0.31414354425784613,0.49335564647380287,0.9,0.7003787878787879,1.0,0.40873202385775426,0.10000000000000003,0.839625,0.9775644076545041,9
JVS_JVSMuSiC,mert_l3,3,47,60_20_20_speaker_disjoint,False,acoustic_full_plus_mode,mean_preserving,logf0_mean;logf0_std;logf0_p05;logf0_p50;logf0_p95;logf0_range;rms_mean;rms_std;duration_s;voiced_rate;energy_mean;energy_std;mode_dummy,S->G,20,0.05,12,20,0.6,0.4,0.8,0.55,0.9012499999999989,0.5087125374625374,0.8527271062271062,0.004826535738395414,0.008665088240101293,0.75,0.6781901431901431,1.0,0.0068112626240528105,0.04999999999999993,0.441625,0.012350350814272826,10
JVS_JVSMuSiC,mert_l3,3,47,60_20_20_speaker_disjoint,False,acoustic_full_plus_mode,mean_preserving,logf0_mean;logf0_std;logf0_p05;logf0_p50;logf0_p95;logf0_range;rms_mean;rms_std;duration_s;voiced_rate;energy_mean;energy_std;mode_dummy,G->S,20,0.05,12,20,0.6,0.4,0.8,0.75,1.0,0.5687866541353385,0.8812265037593986,0.004942199020983853,0.008567854372478553,0.9,0.7328696741854637,1.0,0.0068112626240527715,0.14999999999999997,0.441625,0.012350350814272826,10
JVS_JVSMuSiC,mert_l3,3,47,60_20_20_speaker_disjoint,False,acoustic_full_plus_mode,classic,logf0_mean;logf0_std;logf0_p05;logf0_p50;logf0_p95;logf0_range;rms_mean;rms_std;duration_s;voiced_rate;energy_mean;energy_std;mode_dummy,S->G,20,0.05,15,20,0.75,0.55,0.95,0.85,1.0,0.6790284090909092,0.95,0.32443938596522737,0.48849330629769705,0.95,0.8270454545454544,1.0,0.41055580902664246,0.19999999999999996,0.441625,0.9779082791436585,10
JVS_JVSMuSiC,mert_l3,3,47,60_20_20_speaker_disjoint,False,acoustic_full_plus_mode,classic,logf0_mean;logf0_std;logf0_p05;logf0_p50;logf0_p95;logf0_range;rms_mean;rms_std;duration_s;voiced_rate;energy_mean;energy_std;mode_dummy,G->S,20,0.05,13,20,0.65,0.45,0.85,0.85,1.0,0.6241666666666666,0.9050833333333332,0.3188819902457953,0.49247113313391566,0.95,0.7691666666666667,1.0,0.41055580902664246,0.2,0.441625,0.9779082791436585,10
JVS_JVSMuSiC,mert_l3,3,47,60_20_20_speaker_disjoint,False,single_group_f0,mean_preserving,logf0_mean;logf0_std;logf0_p05;logf0_p50;logf0_p95;logf0_range,S->G,20,0.05,8,20,0.4,0.2,0.6,0.35,0.8,0.35845918062200954,0.7188791438824333,0.0038191726478302686,0.011127745562813984,0.6,0.5307683033340928,2.0,0.007640375284939699,-0.15000000000000002,1.0,0.005919285892943438,5
JVS_JVSMuSiC,mert_l3,3,47,60_20_20_speaker_disjoint,False,single_group_f0,mean_preserving,logf0_mean;logf0_std;logf0_p05;logf0_p50;logf0_p95;logf0_range,G->S,20,0.05,7,20,0.35,0.15,0.55,0.55,0.95,0.4060669642857143,0.7163705357142857,0.002461215267406945,0.011289524256679196,0.75,0.5536309523809524,2.0,0.0076403752849396826,-0.10000000000000003,1.0,0.005919285892943438,5
JVS_JVSMuSiC,mert_l3,3,47,60_20_20_speaker_disjoint,False,single_group_energy,mean_preserving,rms_mean;rms_std;energy_mean;energy_std,S->G,20,0.05,10,20,0.5,0.3,0.7012499999999988,0.5,0.9,0.43400240384615385,0.7875,0.00811458157263482,0.014401310845433845,0.7,0.6135683760683761,1.5,0.01115199457276691,-0.050000000000000044,0.969625,0.005305552588036666,3
JVS_JVSMuSiC,mert_l3,3,47,60_20_20_speaker_disjoint,False,single_group_energy,mean_preserving,rms_mean;rms_std;energy_mean;energy_std,G->S,20,0.05,14,20,0.7,0.5,0.9,0.7,1.0,0.6467857142857142,0.9321428571428572,0.009014138494743787,0.013605499489359147,0.85,0.7948412698412698,1.0,0.011151994572766938,0.24999999999999994,0.969625,0.005305552588036666,3
JVS_JVSMuSiC,mert_l3,3,47,60_20_20_speaker_disjoint,False,single_group_duration,mean_preserving,duration_s,S->G,20,0.05,15,20,0.75,0.55,0.95,0.65,1.0,0.6478511904761904,0.9333333333333333,0.00899825438060088,0.013932633649023059,0.85,0.8040476190476191,1.0,0.011468720701255652,0.19999999999999996,0.801875,0.0023868242169827747,1
JVS_JVSMuSiC,mert_l3,3,47,60_20_20_speaker_disjoint,False,single_group_duration,mean_preserving,duration_s,G->S,20,0.05,17,20,0.85,0.7,1.0,0.7,1.0,0.725109649122807,1.0,0.008374218153069268,0.014002442815319142,0.85,0.8672149122807017,1.0,0.011468720701255663,0.39999999999999997,0.801875,0.0023868242169827747,1
JVS_JVSMuSiC,mert_l3,3,47,60_20_20_speaker_disjoint,False,single_group_voicing,mean_preserving,voiced_rate,S->G,20,0.05,11,20,0.55,0.35,0.75,0.55,0.9,0.4875793343653251,0.8293307108268408,0.007225915065529088,0.015337850315060523,0.75,0.6548950997403009,1.0,0.01141225729159499,0.0,1.0,0.0,0
JVS_JVSMuSiC,mert_l3,3,47,60_20_20_speaker_disjoint,False,single_group_voicing,mean_preserving,voiced_rate,G->S,20,0.05,9,20,0.45,0.2,0.65,0.5,0.8512499999999988,0.4304290674603175,0.7554880952380952,0.006078498292451387,0.015548321010998293,0.7,0.592281746031746,2.0,0.011412257291594985,0.0,1.0,0.0,0
JVS_JVSMuSiC,mert_l3,3,47,60_20_20_speaker_disjoint,False,full_minus_f0,mean_preserving,rms_mean;rms_std;duration_s;voiced_rate;energy_mean;energy_std,S->G,20,0.05,11,20,0.55,0.35,0.75,0.6,0.95,0.4966071428571428,0.8300238095238096,0.008131767445910305,0.013676687424145904,0.8,0.6621428571428571,1.0,0.010780276388631415,0.0,0.790375,0.006464157664746728,4
JVS_JVSMuSiC,mert_l3,3,47,60_20_20_speaker_disjoint,False,full_minus_f0,mean_preserving,rms_mean;rms_std;duration_s;voiced_rate;energy_mean;energy_std,G->S,20,0.05,13,20,0.65,0.45,0.85,0.7,1.0,0.6121071428571428,0.9083333333333334,0.008286069705740553,0.012942379406087893,0.85,0.766904761904762,1.0,0.01078027638863147,0.2,0.790375,0.006464157664746728,4
JVS_JVSMuSiC,mert_l3,3,47,60_20_20_speaker_disjoint,False,full_minus_energy,mean_preserving,logf0_mean;logf0_std;logf0_p05;logf0_p50;logf0_p95;logf0_range;duration_s;voiced_rate,S->G,20,0.05,14,20,0.7,0.5,0.9,0.65,1.0,0.6116507936507937,0.9321428571428572,0.005516620262227166,0.009805766775072751,0.85,0.7754761904761904,1.0,0.007743298439948265,0.1499999999999999,0.809875,0.008274201074700116,6
JVS_JVSMuSiC,mert_l3,3,47,60_20_20_speaker_disjoint,False,full_minus_energy,mean_preserving,logf0_mean;logf0_std;logf0_p05;logf0_p50;logf0_p95;logf0_range;duration_s;voiced_rate,G->S,20,0.05,17,20,0.85,0.65,1.0,0.7,1.0,0.7258333333333333,1.0,0.005070160570448852,0.009889558529028878,0.85,0.8658333333333333,1.0,0.007743298439948265,0.39999999999999997,0.809875,0.008274201074700116,6
JVS_JVSMuSiC,mert_l3,3,47,60_20_20_speaker_disjoint,False,full_minus_duration,mean_preserving,logf0_mean;logf0_std;logf0_p05;logf0_p50;logf0_p95;logf0_range;rms_mean;rms_std;voiced_rate;energy_mean;energy_std,S->G,20,0.05,5,20,0.25,0.05,0.45,0.45,0.85,0.31295614761055934,0.6404404761904762,0.004171910013345983,0.010071194809571193,0.65,0.45685171038112227,2.5,0.007202920639887089,-0.30000000000000004,0.952875,0.010600559109418373,8
JVS_JVSMuSiC,mert_l3,3,47,60_20_20_speaker_disjoint,False,full_minus_duration,mean_preserving,logf0_mean;logf0_std;logf0_p05;logf0_p50;logf0_p95;logf0_range;rms_mean;rms_std;voiced_rate;energy_mean;energy_std,G->S,20,0.05,10,20,0.5,0.29875000000000007,0.7012499999999988,0.6,0.95,0.5063064539627039,0.818811553030303,0.005474137162490035,0.008864626168835857,0.8,0.6646416083916084,1.5,0.007202920639887067,0.04999999999999999,0.952875,0.010600559109418373,8
JVS_JVSMuSiC,mert_l3,3,47,60_20_20_speaker_disjoint,False,full_minus_voicing,mean_preserving,logf0_mean;logf0_std;logf0_p05;logf0_p50;logf0_p95;logf0_range;rms_mean;rms_std;duration_s;energy_mean;energy_std,S->G,20,0.05,9,20,0.45,0.25,0.65,0.4987500000000001,0.9,0.4097135416666667,0.7406336805555557,0.004628075711368902,0.008985516148126852,0.7,0.585763888888889,2.0,0.006815531457741908,-0.10000000000000003,0.839625,0.011694121599832408,9
JVS_JVSMuSiC,mert_l3,3,47,60_20_20_speaker_disjoint,False,full_minus_voicing,mean_preserving,logf0_mean;logf0_std;logf0_p05;logf0_p50;logf0_p95;logf0_range;rms_mean;rms_std;duration_s;energy_mean;energy_std,G->S,20,0.05,11,20,0.55,0.35,0.75,0.7,1.0,0.5326354949874686,0.8437178884711779,0.005051749766950471,0.008637092135476043,0.85,0.6909252297410192,1.0,0.0068155314577419465,0.10000000000000003,0.839625,0.011694121599832408,9
JVS_JVSMuSiC,mert_l3,3,47,60_20_20_speaker_disjoint,False,row_shuffled_nuisance,mean_preserving,logf0_mean;logf0_std;logf0_p05;logf0_p50;logf0_p95;logf0_range;rms_mean;rms_std;duration_s;voiced_rate;energy_mean;energy_std,S->G,20,0.05,10,20,0.5,0.3,0.7,0.55,0.95,0.4576401205218929,0.7942857142857143,0.007340994349395411,0.015516854789961019,0.75,0.6337870411322424,1.5,0.011510621856928893,-0.050000000000000044,1.0,0.00017949961897689715,9
JVS_JVSMuSiC,mert_l3,3,47,60_20_20_speaker_disjoint,False,row_shuffled_nuisance,mean_preserving,logf0_mean;logf0_std;logf0_p05;logf0_p50;logf0_p95;logf0_range;rms_mean;rms_std;duration_s;voiced_rate;energy_mean;energy_std,G->S,20,0.05,10,20,0.5,0.3,0.7,0.5,0.9,0.4501359126984127,0.7914355158730159,0.0068015860262429576,0.0153173188267637,0.7,0.6278968253968255,1.5,0.011510621856928877,0.04999999999999999,1.0,0.00017949961897689715,9
JVS_JVSMuSiC,mert_l3,3,47,60_20_20_speaker_disjoint,False,random_gaussian_nuisance,mean_preserving,logf0_mean;logf0_std;logf0_p05;logf0_p50;logf0_p95;logf0_range;rms_mean;rms_std;duration_s;voiced_rate;energy_mean;energy_std,S->G,20,0.05,13,20,0.65,0.45,0.85,0.55,0.95,0.53156406641604,0.8746964285714285,0.007012762657630608,0.015289810408383241,0.75,0.7097744360902255,1.0,0.011390937727390171,0.09999999999999998,1.0,2.5286447344563534e-05,12
JVS_JVSMuSiC,mert_l3,3,47,60_20_20_speaker_disjoint,False,random_gaussian_nuisance,mean_preserving,logf0_mean;logf0_std;logf0_p05;logf0_p50;logf0_p95;logf0_range;rms_mean;rms_std;duration_s;voiced_rate;energy_mean;energy_std,G->S,20,0.05,9,20,0.45,0.25,0.65,0.55,0.9,0.4265833333333333,0.7416909722222221,0.005852639337478846,0.01547729899151201,0.75,0.5930555555555556,2.0,0.01139093772739021,0.0,1.0,2.5286447344563534e-05,12
JVS_JVSMuSiC,mert_l3,3,47,60_20_20_speaker_disjoint,False,random_low_rank_projection,mean_preserving,random_dir_0;random_dir_1;random_dir_2;random_dir_3;random_dir_4;random_dir_5;random_dir_6;random_dir_7;random_dir_8;random_dir_9;random_dir_10;random_dir_11,S->G,20,0.05,11,20,0.55,0.3,0.75,0.55,0.9012499999999989,0.4767067314780163,0.8201301783871442,0.007222409944269858,0.015111337014275496,0.75,0.6548950997403009,1.0,0.011322686881207638,0.0,1.0,0.00023894655941758547,12
JVS_JVSMuSiC,mert_l3,3,47,60_20_20_speaker_disjoint,False,random_low_rank_projection,mean_preserving,random_dir_0;random_dir_1;random_dir_2;random_dir_3;random_dir_4;random_dir_5;random_dir_6;random_dir_7;random_dir_8;random_dir_9;random_dir_10;random_dir_11,G->S,20,0.05,9,20,0.45,0.25,0.65,0.5,0.9,0.4112544642857143,0.7550699404761904,0.006217636262254686,0.015010587033782564,0.7,0.5910912698412698,2.0,0.011322686881207671,0.0,1.0,0.00023894655941758547,12
JVS_JVSMuSiC,mert_l3,3,53,60_20_20_speaker_disjoint,False,raw,raw,,S->G,20,0.05,6,20,0.3,0.1,0.5,0.6,0.95,0.3680765550239235,0.6666116427432216,0.0073670441325142015,0.014398446074001222,0.8,0.5063437001594896,2.0,0.011068975986545677,0.0,1.0,0.0,0
JVS_JVSMuSiC,mert_l3,3,53,60_20_20_speaker_disjoint,False,raw,raw,,G->S,20,0.05,5,20,0.25,0.1,0.45,0.6,0.95,0.3326284722222222,0.6198263888888887,0.0060014007550351755,0.014921426453428524,0.8,0.47013888888888894,3.0,0.01106897598654571,0.0,1.0,0.0,0
JVS_JVSMuSiC,mert_l3,3,53,60_20_20_speaker_disjoint,False,center_only_classic,classic,,S->G,20,0.05,13,20,0.65,0.45,0.85,1.0,1.0,0.6664583333333333,0.9083333333333332,0.2994335015065902,0.3996987083935517,1.0,0.7916666666666667,1.0,0.34752045023856165,0.35000000000000003,1.0,0.9664949948031109,0
JVS_JVSMuSiC,mert_l3,3,53,60_20_20_speaker_disjoint,False,center_only_classic,classic,,G->S,20,0.05,5,20,0.25,0.1,0.45,0.55,0.95,0.3069146825396825,0.6071428571428571,0.24839215428130476,0.44301265534034917,0.75,0.44742063492063505,4.0,0.3475204502385616,0.0,1.0,0.9664949948031109,0
JVS_JVSMuSiC,mert_l3,3,53,60_20_20_speaker_disjoint,False,mode_dummy_only,mean_preserving,mode_dummy,S->G,20,0.05,14,20,0.7,0.5,0.9,0.65,1.0,0.6162450396825396,0.9126388888888888,0.0089830972361136,0.013037989038396028,0.85,0.7771825396825396,1.0,0.011061524971793307,0.39999999999999997,0.417625,0.0025366754767415234,1
JVS_JVSMuSiC,mert_l3,3,53,60_20_20_speaker_disjoint,False,mode_dummy_only,mean_preserving,mode_dummy,G->S,20,0.05,15,20,0.75,0.55,0.9,0.85,1.0,0.7009635416666665,0.95,0.008908981763786579,0.01294019134796732,0.95,0.8447916666666666,1.0,0.011061524971793284,0.5,0.417625,0.0025366754767415234,1
JVS_JVSMuSiC,mert_l3,3,53,60_20_20_speaker_disjoint,False,mode_dummy_only,classic,mode_dummy,S->G,20,0.05,16,20,0.8,0.6,0.95,1.0,1.0,0.7666666666666666,0.975,0.46777173441482833,0.576999679909603,1.0,0.8833333333333332,1.0,0.519523567724467,0.5,0.417625,0.9690316702798522,1
JVS_JVSMuSiC,mert_l3,3,53,60_20_20_speaker_disjoint,False,mode_dummy_only,classic,mode_dummy,G->S,20,0.05,16,20,0.8,0.6,0.95,1.0,1.0,0.7583333333333333,0.975,0.465602791823217,0.5786870854610502,1.0,0.8791666666666667,1.0,0.5195235677244671,0.55,0.417625,0.9690316702798522,1
JVS_JVSMuSiC,mert_l3,3,53,60_20_20_speaker_disjoint,False,acoustic_full_no_mode,mean_preserving,logf0_mean;logf0_std;logf0_p05;logf0_p50;logf0_p95;logf0_range;rms_mean;rms_std;duration_s;voiced_rate;energy_mean;energy_std,S->G,20,0.05,12,20,0.6,0.4,0.8,0.55,0.95,0.5199242424242425,0.8462373737373738,0.004410322811583771,0.008017465332048163,0.75,0.6959343434343433,1.0,0.0063671706261219044,0.3,0.775625,0.010867375350747,9
JVS_JVSMuSiC,mert_l3,3,53,60_20_20_speaker_disjoint,False,acoustic_full_no_mode,mean_preserving,logf0_mean;logf0_std;logf0_p05;logf0_p50;logf0_p95;logf0_range;rms_mean;rms_std;duration_s;voiced_rate;energy_mean;energy_std,G->S,20,0.05,16,20,0.8,0.6,0.95,0.75,1.0,0.6979989035087718,0.975,0.00480887515016131,0.0078029922816492455,0.9,0.8505482456140351,1.0,0.006367170626121882,0.55,0.775625,0.010867375350747,9
JVS_JVSMuSiC,mert_l3,3,53,60_20_20_speaker_disjoint,False,acoustic_full_no_mode,classic,logf0_mean;logf0_std;logf0_p05;logf0_p50;logf0_p95;logf0_range;rms_mean;rms_std;duration_s;voiced_rate;energy_mean;energy_std,S->G,20,0.05,15,20,0.75,0.55,0.9,0.85,1.0,0.725,0.9666666666666666,0.31259148853508983,0.4512313898150445,0.95,0.85,1.0,0.3812232251270649,0.45,0.775625,0.9775738693788145,9
JVS_JVSMuSiC,mert_l3,3,53,60_20_20_speaker_disjoint,False,acoustic_full_no_mode,classic,logf0_mean;logf0_std;logf0_p05;logf0_p50;logf0_p95;logf0_range;rms_mean;rms_std;duration_s;voiced_rate;energy_mean;energy_std,G->S,20,0.05,16,20,0.8,0.6,0.95,0.85,1.0,0.7444444444444445,0.9666666666666666,0.31238034638172063,0.4490394294928785,0.95,0.8638888888888889,1.0,0.38122322512706486,0.55,0.775625,0.9775738693788145,9
JVS_JVSMuSiC,mert_l3,3,53,60_20_20_speaker_disjoint,False,acoustic_full_plus_mode,mean_preserving,logf0_mean;logf0_std;logf0_p05;logf0_p50;logf0_p95;logf0_range;rms_mean;rms_std;duration_s;voiced_rate;energy_mean;energy_std;mode_dummy,S->G,20,0.05,10,20,0.5,0.3,0.7,0.6,0.95,0.4684315476190476,0.7875520833333333,0.004295552554359618,0.008026463109940164,0.8,0.6431547619047618,1.5,0.006379098411407036,0.2,0.367875,0.01130522046947846,10
JVS_JVSMuSiC,mert_l3,3,53,60_20_20_speaker_disjoint,False,acoustic_full_plus_mode,mean_preserving,logf0_mean;logf0_std;logf0_p05;logf0_p50;logf0_p95;logf0_range;rms_mean;rms_std;duration_s;voiced_rate;energy_mean;energy_std;mode_dummy,G->S,20,0.05,16,20,0.8,0.65,0.95,0.75,1.0,0.7213569078947368,0.975,0.004738939316153034,0.007772265874328978,0.9,0.8588815789473685,1.0,0.006379098411406986,0.55,0.367875,0.01130522046947846,10
JVS_JVSMuSiC,mert_l3,3,53,60_20_20_speaker_disjoint,False,acoustic_full_plus_mode,classic,logf0_mean;logf0_std;logf0_p05;logf0_p50;logf0_p95;logf0_range;rms_mean;rms_std;duration_s;voiced_rate;energy_mean;energy_std;mode_dummy,S->G,20,0.05,16,20,0.8,0.6,0.95,0.85,1.0,0.7714285714285714,0.975,0.3264190110235519,0.45082677866056703,0.95,0.8821428571428571,1.0,0.3884582530358701,0.5,0.367875,0.9779142324646578,10
JVS_JVSMuSiC,mert_l3,3,53,60_20_20_speaker_disjoint,False,acoustic_full_plus_mode,classic,logf0_mean;logf0_std;logf0_p05;logf0_p50;logf0_p95;logf0_range;rms_mean;rms_std;duration_s;voiced_rate;energy_mean;energy_std;mode_dummy,G->S,20,0.05,17,20,0.85,0.69875,1.0,0.85,1.0,0.7750000000000001,1.0,0.3230743591802675,0.44762962260645617,0.95,0.8972222222222221,1.0,0.38845825303587006,0.6,0.367875,0.9779142324646578,10
JVS_JVSMuSiC,mert_l3,3,53,60_20_20_speaker_disjoint,False,single_group_f0,mean_preserving,logf0_mean;logf0_std;logf0_p05;logf0_p50;logf0_p95;logf0_range,S->G,20,0.05,6,20,0.3,0.1,0.5,0.4,0.8,0.27249956023079086,0.6101751395534291,0.0034496262739323403,0.010748261066631574,0.6,0.4442848766300779,3.5,0.007069374773164133,0.0,1.0,0.005625563918789878,5
JVS_JVSMuSiC,mert_l3,3,53,60_20_20_speaker_disjoint,False,single_group_f0,mean_preserving,logf0_mean;logf0_std;logf0_p05;logf0_p50;logf0_p95;logf0_range,G->S,20,0.05,7,20,0.35,0.15,0.5512499999999989,0.65,1.0,0.33816091008771937,0.680206414473684,0.0018907330288115425,0.010995075552739177,0.85,0.49408991228070176,3.5,0.00706937477316415,0.09999999999999998,1.0,0.005625563918789878,5
JVS_JVSMuSiC,mert_l3,3,53,60_20_20_speaker_disjoint,False,single_group_energy,mean_preserving,rms_mean;rms_std;energy_mean;energy_std,S->G,20,0.05,12,20,0.6,0.4,0.8,0.6,0.95,0.5569311683006535,0.8585661764705881,0.007991299976403925,0.012935157966440129,0.8,0.7105800653594772,1.0,0.010641175561041544,0.3,0.95025,0.004587943521241922,3
JVS_JVSMuSiC,mert_l3,3,53,60_20_20_speaker_disjoint,False,single_group_energy,mean_preserving,rms_mean;rms_std;energy_mean;energy_std,G->S,20,0.05,18,20,0.9,0.75,1.0,0.75,1.0,0.7857142857142857,1.0,0.008949976736895262,0.012295778447011203,0.9,0.9142857142857143,1.0,0.010641175561041522,0.65,0.95025,0.004587943521241922,3
JVS_JVSMuSiC,mert_l3,3,53,60_20_20_speaker_disjoint,False,single_group_duration,mean_preserving,duration_s,S->G,20,0.05,12,20,0.6,0.35,0.8,0.7,1.0,0.5227860576923078,0.8639687499999998,0.008809563506560482,0.013264822486077773,0.85,0.6988461538461539,1.0,0.011262156357613268,0.3,0.798875,0.0024099732319713407,1
JVS_JVSMuSiC,mert_l3,3,53,60_20_20_speaker_disjoint,False,single_group_duration,mean_preserving,duration_s,G->S,20,0.05,13,20,0.65,0.45,0.85,0.85,1.0,0.6162006578947368,0.8958333333333333,0.008470599343705263,0.013431423743979017,0.95,0.7609649122807017,1.0,0.011262156357613223,0.4,0.798875,0.0024099732319713407,1
JVS_JVSMuSiC,mert_l3,3,53,60_20_20_speaker_disjoint,False,single_group_voicing,mean_preserving,voiced_rate,S->G,20,0.05,6,20,0.3,0.1,0.5,0.6,0.95,0.35395255183413077,0.6611202153110047,0.007132740435091539,0.01427496609270141,0.8,0.5063437001594896,2.0,0.011068975986545677,0.0,1.0,0.0,0
JVS_JVSMuSiC,mert_l3,3,53,60_20_20_speaker_disjoint,False,single_group_voicing,mean_preserving,voiced_rate,G->S,20,0.05,5,20,0.25,0.1,0.45,0.6,0.95,0.33166666666666667,0.6250347222222222,0.006030459325724675,0.015160507907433835,0.8,0.47013888888888894,3.0,0.01106897598654571,0.0,1.0,0.0,0
JVS_JVSMuSiC,mert_l3,3,53,60_20_20_speaker_disjoint,False,full_minus_f0,mean_preserving,rms_mean;rms_std;duration_s;voiced_rate;energy_mean;energy_std,S->G,20,0.05,13,20,0.65,0.4,0.85,0.7,1.0,0.5892548076923078,0.9038461538461539,0.008201511880769143,0.011970610193208652,0.85,0.7534294871794872,1.0,0.01020453888710603,0.35000000000000003,0.78125,0.0055345104095900766,4
JVS_JVSMuSiC,mert_l3,3,53,60_20_20_speaker_disjoint,False,full_minus_f0,mean_preserving,rms_mean;rms_std;duration_s;voiced_rate;energy_mean;energy_std,G->S,20,0.05,15,20,0.75,0.55,0.95,0.85,1.0,0.6807916666666667,0.9541666666666666,0.008383435634135177,0.011647528234939966,0.95,0.8308333333333333,1.0,0.010204538887106035,0.5,0.78125,0.0055345104095900766,4
JVS_JVSMuSiC,mert_l3,3,53,60_20_20_speaker_disjoint,False,full_minus_energy,mean_preserving,logf0_mean;logf0_std;logf0_p05;logf0_p50;logf0_p95;logf0_range;duration_s;voiced_rate,S->G,20,0.05,12,20,0.6,0.4,0.8,0.55,0.95,0.4835581140350877,0.8483333333333334,0.0047781962494545405,0.009473025334573913,0.75,0.6759649122807018,1.0,0.007225044195122254,0.3,0.798375,0.007996831140933303,6
JVS_JVSMuSiC,mert_l3,3,53,60_20_20_speaker_disjoint,False,full_minus_energy,mean_preserving,logf0_mean;logf0_std;logf0_p05;logf0_p50;logf0_p95;logf0_range;duration_s;voiced_rate,G->S,20,0.05,14,20,0.7,0.5,0.9,0.75,1.0,0.6116458333333333,0.925,0.00443675803364182,0.009372634795744302,0.9,0.7733333333333332,1.0,0.007225044195122238,0.44999999999999996,0.798375,0.007996831140933303,6
JVS_JVSMuSiC,mert_l3,3,53,60_20_20_speaker_disjoint,False,full_minus_duration,mean_preserving,logf0_mean;logf0_std;logf0_p05;logf0_p50;logf0_p95;logf0_range;rms_mean;rms_std;voiced_rate;energy_mean;energy_std,S->G,20,0.05,13,20,0.65,0.45,0.85,0.6,0.95,0.5325727813852814,0.8763095238095238,0.0041746844026723014,0.008914111856178249,0.8,0.7138677988677988,1.0,0.006768949993158052,0.35000000000000003,0.942625,0.009905929820695936,8
JVS_JVSMuSiC,mert_l3,3,53,60_20_20_speaker_disjoint,False,full_minus_duration,mean_preserving,logf0_mean;logf0_std;logf0_p05;logf0_p50;logf0_p95;logf0_range;rms_mean;rms_std;voiced_rate;energy_mean;energy_std,G->S,20,0.05,18,20,0.9,0.75,1.0,0.75,1.0,0.7696428571428571,1.0,0.0052489846131081935,0.008284144715358698,0.9,0.9077380952380952,1.0,0.006768949993158052,0.65,0.942625,0.009905929820695936,8
JVS_JVSMuSiC,mert_l3,3,53,60_20_20_speaker_disjoint,False,full_minus_voicing,mean_preserving,logf0_mean;logf0_std;logf0_p05;logf0_p50;logf0_p95;logf0_range;rms_mean;rms_std;duration_s;energy_mean;energy_std,S->G,20,0.05,12,20,0.6,0.4,0.8,0.55,0.9,0.5287253787878787,0.8608333333333335,0.004339082449245802,0.008000675412403383,0.75,0.6959343434343433,1.0,0.006367170626121915,0.3,0.775625,0.010867375350745667,9
JVS_JVSMuSiC,mert_l3,3,53,60_20_20_speaker_disjoint,False,full_minus_voicing,mean_preserving,logf0_mean;logf0_std;logf0_p05;logf0_p50;logf0_p95;logf0_range;rms_mean;rms_std;duration_s;energy_mean;energy_std,G->S,20,0.05,16,20,0.8,0.65,0.95,0.75,1.0,0.7009786184210526,0.975,0.00486239169204793,0.007828692776810104,0.9,0.8505482456140351,1.0,0.006367170626121949,0.55,0.775625,0.010867375350745667,9
JVS_JVSMuSiC,mert_l3,3,53,60_20_20_speaker_disjoint,False,row_shuffled_nuisance,mean_preserving,logf0_mean;logf0_std;logf0_p05;logf0_p50;logf0_p95;logf0_range;rms_mean;rms_std;duration_s;voiced_rate;energy_mean;energy_std,S->G,20,0.05,7,20,0.35,0.15,0.55,0.55,0.9,0.36545065789473685,0.687066287878788,0.007361687933850713,0.014343637648311324,0.75,0.5300558213716109,2.0,0.011014545337777636,0.04999999999999999,1.0,4.5041354599706374e-05,9
JVS_JVSMuSiC,mert_l3,3,53,60_20_20_speaker_disjoint,False,row_shuffled_nuisance,mean_preserving,logf0_mean;logf0_std;logf0_p05;logf0_p50;logf0_p95;logf0_range;rms_mean;rms_std;duration_s;voiced_rate;energy_mean;energy_std,G->S,20,0.05,6,20,0.3,0.1,0.5,0.6,0.95,0.34665972222222213,0.6539166666666666,0.006181312348003382,0.014858648385966525,0.8,0.4922222222222222,3.0,0.011014545337777681,0.04999999999999999,1.0,4.5041354599706374e-05,9
JVS_JVSMuSiC,mert_l3,3,53,60_20_20_speaker_disjoint,False,random_gaussian_nuisance,mean_preserving,logf0_mean;logf0_std;logf0_p05;logf0_p50;logf0_p95;logf0_range;rms_mean;rms_std;duration_s;voiced_rate;energy_mean;energy_std,S->G,20,0.05,7,20,0.35,0.15,0.55,0.6,0.95,0.4022143134643134,0.7084992784992783,0.007075441665813202,0.01464153293149331,0.8,0.5516455766455767,2.0,0.011111088729998785,0.04999999999999999,1.0,2.4099196987314997e-05,12
JVS_JVSMuSiC,mert_l3,3,53,60_20_20_speaker_disjoint,False,random_gaussian_nuisance,mean_preserving,logf0_mean;logf0_std;logf0_p05;logf0_p50;logf0_p95;logf0_range;rms_mean;rms_std;duration_s;voiced_rate;energy_mean;energy_std,G->S,20,0.05,6,20,0.3,0.1,0.5,0.6,0.95,0.3426666666666666,0.6431145833333334,0.006205879013871735,0.015051130061373557,0.8,0.48263888888888895,3.0,0.01111108872999882,0.04999999999999999,1.0,2.4099196987314997e-05,12
JVS_JVSMuSiC,mert_l3,3,53,60_20_20_speaker_disjoint,False,random_low_rank_projection,mean_preserving,random_dir_0;random_dir_1;random_dir_2;random_dir_3;random_dir_4;random_dir_5;random_dir_6;random_dir_7;random_dir_8;random_dir_9;random_dir_10;random_dir_11,S->G,20,0.05,6,20,0.3,0.15,0.5,0.6,0.95,0.3597186004784688,0.6546916866028707,0.0075398903241852945,0.014409645963090497,0.8,0.5063437001594896,2.0,0.010981419435308264,0.0,1.0,0.0003169579403108358,12
JVS_JVSMuSiC,mert_l3,3,53,60_20_20_speaker_disjoint,False,random_low_rank_projection,mean_preserving,random_dir_0;random_dir_1;random_dir_2;random_dir_3;random_dir_4;random_dir_5;random_dir_6;random_dir_7;random_dir_8;random_dir_9;random_dir_10;random_dir_11,G->S,20,0.05,5,20,0.25,0.1,0.45,0.6,0.95,0.33555555555555555,0.6125,0.005980094619775395,0.014887532859348188,0.8,0.46944444444444444,3.0,0.010981419435308188,0.0,1.0,0.0003169579403108358,12
JVS_JVSMuSiC,mert_l3,3,59,60_20_20_speaker_disjoint,False,raw,raw,,S->G,20,0.05,10,20,0.5,0.3,0.7,0.55,0.9,0.44339840102707745,0.7954122899159664,0.006137657447348176,0.012213136113679883,0.75,0.6120681605975723,1.5,0.009133374624325258,0.0,1.0,0.0,0
JVS_JVSMuSiC,mert_l3,3,59,60_20_20_speaker_disjoint,False,raw,raw,,G->S,20,0.05,5,20,0.25,0.1,0.45,0.7,1.0,0.3291486742424243,0.6292552083333333,0.006594110108865231,0.01187266134962435,0.85,0.4698499417249417,2.5,0.009133374624325336,0.0,1.0,0.0,0
JVS_JVSMuSiC,mert_l3,3,59,60_20_20_speaker_disjoint,False,center_only_classic,classic,,S->G,20,0.05,13,20,0.65,0.45,0.85,0.85,1.0,0.6232708333333333,0.9000416666666666,0.28276728755730035,0.3907750452227561,0.95,0.7641666666666665,1.0,0.335427741460426,0.15000000000000002,1.0,0.9665099058554097,0
JVS_JVSMuSiC,mert_l3,3,59,60_20_20_speaker_disjoint,False,center_only_classic,classic,,G->S,20,0.05,5,20,0.25,0.1,0.45,0.55,0.95,0.3146981837606837,0.6055208333333333,0.226833818840592,0.4386415471726906,0.75,0.46491452991452986,3.0,0.335427741460426,0.0,1.0,0.9665099058554097,0
JVS_JVSMuSiC,mert_l3,3,59,60_20_20_speaker_disjoint,False,mode_dummy_only,mean_preserving,mode_dummy,S->G,20,0.05,14,20,0.7,0.5,0.9,0.75,1.0,0.6472222222222223,0.9333333333333332,0.007958473416396782,0.01042562001512319,0.9,0.7972222222222223,1.0,0.009111125632359324,0.19999999999999996,0.482375,0.0025323603809795925,1
JVS_JVSMuSiC,mert_l3,3,59,60_20_20_speaker_disjoint,False,mode_dummy_only,mean_preserving,mode_dummy,G->S,20,0.05,16,20,0.8,0.64875,0.95,0.85,1.0,0.7497916666666665,0.975,0.007794235956153705,0.010391432789519059,0.95,0.8666666666666666,1.0,0.009111125632359256,0.55,0.482375,0.0025323603809795925,1
JVS_JVSMuSiC,mert_l3,3,59,60_20_20_speaker_disjoint,False,mode_dummy_only,classic,mode_dummy,S->G,20,0.05,14,20,0.7,0.5,0.9,1.0,1.0,0.6741041666666666,0.9267291666666665,0.4355722742256462,0.5508667703997144,1.0,0.8141666666666666,1.0,0.4928623679972534,0.19999999999999996,0.482375,0.9690422662363901,1
JVS_JVSMuSiC,mert_l3,3,59,60_20_20_speaker_disjoint,False,mode_dummy_only,classic,mode_dummy,G->S,20,0.05,13,20,0.65,0.45,0.85,0.85,1.0,0.6416666666666667,0.9166666666666666,0.4189883261426316,0.5619023217948493,0.95,0.7916666666666666,1.0,0.4928623679972535,0.4,0.482375,0.9690422662363901,1
JVS_JVSMuSiC,mert_l3,3,59,60_20_20_speaker_disjoint,False,acoustic_full_no_mode,mean_preserving,logf0_mean;logf0_std;logf0_p05;logf0_p50;logf0_p95;logf0_range;rms_mean;rms_std;duration_s;voiced_rate;energy_mean;energy_std,S->G,20,0.05,8,20,0.4,0.1987500000000001,0.65,0.7,1.0,0.3910367647058823,0.7142561274509802,0.003840872269091174,0.00783319367481532,0.85,0.5493995098039216,3.0,0.005873033957106938,-0.09999999999999998,0.800625,0.011031227764736862,9
JVS_JVSMuSiC,mert_l3,3,59,60_20_20_speaker_disjoint,False,acoustic_full_no_mode,mean_preserving,logf0_mean;logf0_std;logf0_p05;logf0_p50;logf0_p95;logf0_range;rms_mean;rms_std;duration_s;voiced_rate;energy_mean;energy_std,G->S,20,0.05,13,20,0.65,0.45,0.85,0.75,1.0,0.600796875,0.903125,0.004327311547517346,0.007214939844685137,0.9,0.7564583333333332,1.0,0.005873033957106949,0.4,0.800625,0.011031227764736862,9
JVS_JVSMuSiC,mert_l3,3,59,60_20_20_speaker_disjoint,False,acoustic_full_no_mode,classic,logf0_mean;logf0_std;logf0_p05;logf0_p50;logf0_p95;logf0_range;rms_mean;rms_std;duration_s;voiced_rate;energy_mean;energy_std,S->G,20,0.05,15,20,0.75,0.55,0.9,0.75,1.0,0.6234265873015872,0.9555555555555555,0.27713168120757653,0.4573662483219771,0.9,0.7976984126984126,1.0,0.3731885298968141,0.25,0.800625,0.9776411226917093,9
JVS_JVSMuSiC,mert_l3,3,59,60_20_20_speaker_disjoint,False,acoustic_full_no_mode,classic,logf0_mean;logf0_std;logf0_p05;logf0_p50;logf0_p95;logf0_range;rms_mean;rms_std;duration_s;voiced_rate;energy_mean;energy_std,G->S,20,0.05,13,20,0.65,0.45,0.85,0.75,1.0,0.6047172619047618,0.8916666666666666,0.2928418035445061,0.45547486097495016,0.9,0.7613095238095238,1.0,0.37318852989681417,0.4,0.800625,0.9776411226917093,9
JVS_JVSMuSiC,mert_l3,3,59,60_20_20_speaker_disjoint,False,acoustic_full_plus_mode,mean_preserving,logf0_mean;logf0_std;logf0_p05;logf0_p50;logf0_p95;logf0_range;rms_mean;rms_std;duration_s;voiced_rate;energy_mean;energy_std;mode_dummy,S->G,20,0.05,8,20,0.4,0.2,0.6,0.7,1.0,0.3772541592394533,0.7075147430184195,0.0037258821364324047,0.008081224147601554,0.85,0.5452644087938205,3.0,0.0059261265136763995,-0.09999999999999998,0.4815,0.011391333247788404,10
JVS_JVSMuSiC,mert_l3,3,59,60_20_20_speaker_disjoint,False,acoustic_full_plus_mode,mean_preserving,logf0_mean;logf0_std;logf0_p05;logf0_p50;logf0_p95;logf0_range;rms_mean;rms_std;duration_s;voiced_rate;energy_mean;energy_std;mode_dummy,G->S,20,0.05,14,20,0.7,0.5,0.9,0.85,1.0,0.6304861111111111,0.925,0.004335328566077512,0.007389968015936884,0.95,0.7902777777777777,1.0,0.005926126513676433,0.44999999999999996,0.4815,0.011391333247788404,10
JVS_JVSMuSiC,mert_l3,3,59,60_20_20_speaker_disjoint,False,acoustic_full_plus_mode,classic,logf0_mean;logf0_std;logf0_p05;logf0_p50;logf0_p95;logf0_range;rms_mean;rms_std;duration_s;voiced_rate;energy_mean;energy_std;mode_dummy,S->G,20,0.05,15,20,0.75,0.55,0.9,0.75,1.0,0.6340710227272727,0.9545454545454545,0.28541411288239715,0.4723247263919412,0.9,0.7957954545454544,1.0,0.3786026776373829,0.25,0.4815,0.9779846528006467,10
JVS_JVSMuSiC,mert_l3,3,59,60_20_20_speaker_disjoint,False,acoustic_full_plus_mode,classic,logf0_mean;logf0_std;logf0_p05;logf0_p50;logf0_p95;logf0_range;rms_mean;rms_std;duration_s;voiced_rate;energy_mean;energy_std;mode_dummy,G->S,20,0.05,13,20,0.65,0.45,0.85,0.75,1.0,0.6137291666666667,0.8979687499999999,0.29020284335678265,0.4633825245738472,0.9,0.7679166666666667,1.0,0.3786026776373829,0.4,0.4815,0.9779846528006467,10
JVS_JVSMuSiC,mert_l3,3,59,60_20_20_speaker_disjoint,False,single_group_f0,mean_preserving,logf0_mean;logf0_std;logf0_p05;logf0_p50;logf0_p95;logf0_range,S->G,20,0.05,7,20,0.35,0.15,0.55,0.3,0.7,0.2804310515873015,0.6302435515873015,0.002475097507288802,0.009600799834071565,0.5,0.44867063492063497,5.5,0.005936841003348514,-0.15000000000000002,1.0,0.005513126015689429,5
JVS_JVSMuSiC,mert_l3,3,59,60_20_20_speaker_disjoint,False,single_group_f0,mean_preserving,logf0_mean;logf0_std;logf0_p05;logf0_p50;logf0_p95;logf0_range,G->S,20,0.05,8,20,0.4,0.2,0.6,0.55,0.9,0.388525641025641,0.7258333333333333,0.0036555478244387077,0.007993463272628133,0.75,0.5543589743589743,2.5,0.005936841003348492,0.15000000000000002,1.0,0.005513126015689429,5
JVS_JVSMuSiC,mert_l3,3,59,60_20_20_speaker_disjoint,False,single_group_energy,mean_preserving,rms_mean;rms_std;energy_mean;energy_std,S->G,20,0.05,12,20,0.6,0.4,0.8,0.7,1.0,0.5177405303030304,0.8625,0.006093747750326879,0.011413503529474218,0.85,0.6928787878787879,1.0,0.008966876484759956,0.09999999999999998,0.990375,0.005067883805974227,3
JVS_JVSMuSiC,mert_l3,3,59,60_20_20_speaker_disjoint,False,single_group_energy,mean_preserving,rms_mean;rms_std;energy_mean;energy_std,G->S,20,0.05,11,20,0.55,0.35,0.75,0.75,1.0,0.5732499999999999,0.8583333333333332,0.007093099876328047,0.010689993878534223,0.9,0.7141666666666666,1.0,0.008966876484759967,0.30000000000000004,0.990375,0.005067883805974227,3
JVS_JVSMuSiC,mert_l3,3,59,60_20_20_speaker_disjoint,False,single_group_duration,mean_preserving,duration_s,S->G,20,0.05,12,20,0.6,0.4,0.8,0.75,1.0,0.5696428571428571,0.8626041666666666,0.007453778972213009,0.010709637047069176,0.9,0.7238095238095237,1.0,0.009088720413407293,0.09999999999999998,0.804875,0.0024231967418628653,1
JVS_JVSMuSiC,mert_l3,3,59,60_20_20_speaker_disjoint,False,single_group_duration,mean_preserving,duration_s,G->S,20,0.05,11,20,0.55,0.35,0.8,0.75,1.0,0.5597222222222221,0.8501041666666665,0.007716162384299264,0.010419175685684356,0.9,0.7097222222222221,1.0,0.009088720413407237,0.30000000000000004,0.804875,0.0024231967418628653,1
JVS_JVSMuSiC,mert_l3,3,59,60_20_20_speaker_disjoint,False,single_group_voicing,mean_preserving,voiced_rate,S->G,20,0.05,10,20,0.5,0.3,0.7,0.55,0.9,0.43678250466853397,0.7833680555555557,0.005973741154876124,0.011957356772099666,0.75,0.6120681605975723,1.5,0.009133374624325258,0.0,1.0,0.0,0
JVS_JVSMuSiC,mert_l3,3,59,60_20_20_speaker_disjoint,False,single_group_voicing,mean_preserving,voiced_rate,G->S,20,0.05,5,20,0.25,0.05,0.45,0.65,0.9512499999999988,0.3267608901515151,0.6233347902097902,0.006262967008340669,0.011887599523532631,0.85,0.4698499417249417,2.5,0.009133374624325336,0.0,1.0,0.0,0
JVS_JVSMuSiC,mert_l3,3,59,60_20_20_speaker_disjoint,False,full_minus_f0,mean_preserving,rms_mean;rms_std;duration_s;voiced_rate;energy_mean;energy_std,S->G,20,0.05,14,20,0.7,0.5,0.9,0.7,1.0,0.5959416118421053,0.9276439144736842,0.006027916558003536,0.01098942898401192,0.85,0.7661732456140351,1.0,0.008646987004443236,0.19999999999999996,0.7085,0.005954683453298859,4
JVS_JVSMuSiC,mert_l3,3,59,60_20_20_speaker_disjoint,False,full_minus_f0,mean_preserving,rms_mean;rms_std;duration_s;voiced_rate;energy_mean;energy_std,G->S,20,0.05,13,20,0.65,0.45,0.85,0.85,1.0,0.6132708333333333,0.9041666666666666,0.0070328000526354885,0.010324178706829333,0.95,0.7616666666666665,1.0,0.008646987004443236,0.4,0.7085,0.005954683453298859,4
JVS_JVSMuSiC,mert_l3,3,59,60_20_20_speaker_disjoint,False,full_minus_energy,mean_preserving,logf0_mean;logf0_std;logf0_p05;logf0_p50;logf0_p95;logf0_range;duration_s;voiced_rate,S->G,20,0.05,8,20,0.4,0.2,0.6,0.55,0.95,0.3968977272727272,0.7212121212121212,0.004171911253117744,0.0074797117880764236,0.75,0.5557575757575758,3.0,0.005877940305749396,-0.09999999999999998,0.809,0.007895275376974542,6
JVS_JVSMuSiC,mert_l3,3,59,60_20_20_speaker_disjoint,False,full_minus_energy,mean_preserving,logf0_mean;logf0_std;logf0_p05;logf0_p50;logf0_p95;logf0_range;duration_s;voiced_rate,G->S,20,0.05,12,20,0.6,0.4,0.8,0.6,0.95,0.536076388888889,0.8750347222222222,0.004691099764001242,0.007077793110134047,0.8,0.7055555555555555,1.0,0.005877940305749357,0.35,0.809,0.007895275376974542,6
JVS_JVSMuSiC,mert_l3,3,59,60_20_20_speaker_disjoint,False,full_minus_duration,mean_preserving,logf0_mean;logf0_std;logf0_p05;logf0_p50;logf0_p95;logf0_range;rms_mean;rms_std;voiced_rate;energy_mean;energy_std,S->G,20,0.05,11,20,0.55,0.3,0.75,0.5,0.9,0.4478771929824561,0.8069407894736841,0.0037347632275304024,0.008419703175676687,0.7,0.6359649122807017,1.0,0.006123865754090674,0.050000000000000044,0.99425,0.010093469544025124,8
JVS_JVSMuSiC,mert_l3,3,59,60_20_20_speaker_disjoint,False,full_minus_duration,mean_preserving,logf0_mean;logf0_std;logf0_p05;logf0_p50;logf0_p95;logf0_range;rms_mean;rms_std;voiced_rate;energy_mean;energy_std,G->S,20,0.05,10,20,0.5,0.3,0.7,0.75,1.0,0.4874722222222222,0.8125347222222222,0.0044738143071575516,0.008040279277099324,0.9,0.6558333333333333,1.5,0.006123865754090713,0.25,0.99425,0.010093469544025124,8
JVS_JVSMuSiC,mert_l3,3,59,60_20_20_speaker_disjoint,False,full_minus_voicing,mean_preserving,logf0_mean;logf0_std;logf0_p05;logf0_p50;logf0_p95;logf0_range;rms_mean;rms_std;duration_s;energy_mean;energy_std,S->G,20,0.05,8,20,0.4,0.2,0.6,0.7,1.0,0.38881832107843134,0.7266770833333334,0.003776544850955407,0.007821409611915112,0.85,0.5493995098039216,3.0,0.0058730339571069655,-0.09999999999999998,0.800625,0.011031227764737639,9
JVS_JVSMuSiC,mert_l3,3,59,60_20_20_speaker_disjoint,False,full_minus_voicing,mean_preserving,logf0_mean;logf0_std;logf0_p05;logf0_p50;logf0_p95;logf0_range;rms_mean;rms_std;duration_s;energy_mean;energy_std,G->S,20,0.05,13,20,0.65,0.45,0.85,0.75,1.0,0.5891354166666666,0.903125,0.0044688978185391795,0.007337827123522935,0.9,0.7564583333333332,1.0,0.00587303395710701,0.4,0.800625,0.011031227764737639,9
JVS_JVSMuSiC,mert_l3,3,59,60_20_20_speaker_disjoint,False,row_shuffled_nuisance,mean_preserving,logf0_mean;logf0_std;logf0_p05;logf0_p50;logf0_p95;logf0_range;rms_mean;rms_std;duration_s;voiced_rate;energy_mean;energy_std,S->G,20,0.05,9,20,0.45,0.25,0.65,0.55,0.95,0.41650752801120444,0.7452431722689076,0.005589369478654247,0.012256261854982232,0.75,0.5815126050420167,2.0,0.008992052719122656,-0.04999999999999999,1.0,0.00011792963649714938,9
JVS_JVSMuSiC,mert_l3,3,59,60_20_20_speaker_disjoint,False,row_shuffled_nuisance,mean_preserving,logf0_mean;logf0_std;logf0_p05;logf0_p50;logf0_p95;logf0_range;rms_mean;rms_std;duration_s;voiced_rate;energy_mean;energy_std,G->S,20,0.05,5,20,0.25,0.09875000000000007,0.45,0.65,1.0,0.3355128205128205,0.6373461538461537,0.006430793341311935,0.011533524741652224,0.85,0.48134615384615387,2.0,0.008992052719122645,0.0,1.0,0.00011792963649714938,9
JVS_JVSMuSiC,mert_l3,3,59,60_20_20_speaker_disjoint,False,random_gaussian_nuisance,mean_preserving,logf0_mean;logf0_std;logf0_p05;logf0_p50;logf0_p95;logf0_range;rms_mean;rms_std;duration_s;voiced_rate;energy_mean;energy_std,S->G,20,0.05,9,20,0.45,0.2,0.65,0.55,0.9,0.4226091999299719,0.7646517857142854,0.005884044544853724,0.012089531316429928,0.75,0.5929312558356676,2.0,0.009124014407408421,-0.04999999999999999,1.0,4.2809907961682825e-05,12
JVS_JVSMuSiC,mert_l3,3,59,60_20_20_speaker_disjoint,False,random_gaussian_nuisance,mean_preserving,logf0_mean;logf0_std;logf0_p05;logf0_p50;logf0_p95;logf0_range;rms_mean;rms_std;duration_s;voiced_rate;energy_mean;energy_std,G->S,20,0.05,5,20,0.25,0.05,0.45,0.6,0.95,0.33076941287878786,0.6126704545454545,0.0063029377048344475,0.011805474842597963,0.8,0.47100378787878794,2.5,0.009124014407408437,0.0,1.0,4.2809907961682825e-05,12
JVS_JVSMuSiC,mert_l3,3,59,60_20_20_speaker_disjoint,False,random_low_rank_projection,mean_preserving,random_dir_0;random_dir_1;random_dir_2;random_dir_3;random_dir_4;random_dir_5;random_dir_6;random_dir_7;random_dir_8;random_dir_9;random_dir_10;random_dir_11,S->G,20,0.05,10,20,0.5,0.3,0.7,0.55,0.9,0.4385075280112044,0.7808981092436975,0.005912128475608034,0.01197572362521479,0.75,0.6162348272642391,1.5,0.009074569733383404,0.0,1.0,0.00028354611712744227,12
JVS_JVSMuSiC,mert_l3,3,59,60_20_20_speaker_disjoint,False,random_low_rank_projection,mean_preserving,random_dir_0;random_dir_1;random_dir_2;random_dir_3;random_dir_4;random_dir_5;random_dir_6;random_dir_7;random_dir_8;random_dir_9;random_dir_10;random_dir_11,G->S,20,0.05,5,20,0.25,0.1,0.45,0.7,1.0,0.33892803030303026,0.6205128205128204,0.006371105544546526,0.011797091846463638,0.85,0.4698499417249417,2.5,0.009074569733383452,0.0,1.0,0.00028354611712744227,12
JVS_JVSMuSiC,mert_l3,3,61,60_20_20_speaker_disjoint,False,raw,raw,,S->G,20,0.05,7,20,0.35,0.15,0.55,0.45,0.85,0.35334469696969695,0.6879204545454545,0.006178376707179177,0.012749438908939549,0.65,0.5113131313131313,2.5,0.009330814819422417,0.0,0.999875,0.0,0
JVS_JVSMuSiC,mert_l3,3,61,60_20_20_speaker_disjoint,False,raw,raw,,G->S,20,0.05,6,20,0.3,0.1,0.5,0.6,0.95,0.36025694444444434,0.6625763888888888,0.0067268557779413115,0.011734740203282254,0.8,0.49416666666666664,3.0,0.009330814819422445,0.0,0.999875,0.0,0
JVS_JVSMuSiC,mert_l3,3,61,60_20_20_speaker_disjoint,False,center_only_classic,classic,,S->G,20,0.05,11,20,0.55,0.35,0.75,0.75,1.0,0.5541666666666667,0.8472569444444443,0.2679436437264957,0.3735938869259896,0.9,0.701388888888889,1.0,0.3204605175017913,0.20000000000000007,0.999875,0.9665069984428066,0
JVS_JVSMuSiC,mert_l3,3,61,60_20_20_speaker_disjoint,False,center_only_classic,classic,,G->S,20,0.05,6,20,0.3,0.1,0.55,0.6,0.95,0.35055059523809523,0.6588392857142856,0.24513776067459767,0.3932571184779944,0.8,0.4989285714285714,3.0,0.3204605175017913,0.0,0.999875,0.9665069984428066,0
JVS_JVSMuSiC,mert_l3,3,61,60_20_20_speaker_disjoint,False,mode_dummy_only,mean_preserving,mode_dummy,S->G,20,0.05,11,20,0.55,0.35,0.75,0.85,1.0,0.5393749999999999,0.8375,0.007977259383832013,0.010595053341204063,0.95,0.6962121212121212,1.0,0.009350372965626302,0.20000000000000007,0.637875,0.0025367836108582953,1
JVS_JVSMuSiC,mert_l3,3,61,60_20_20_speaker_disjoint,False,mode_dummy_only,mean_preserving,mode_dummy,G->S,20,0.05,14,20,0.7,0.5,0.9,1.0,1.0,0.6424791666666665,0.9291666666666666,0.007929508702641514,0.010869165337009157,1.0,0.7975000000000001,1.0,0.009350372965626342,0.39999999999999997,0.637875,0.0025367836108582953,1
JVS_JVSMuSiC,mert_l3,3,61,60_20_20_speaker_disjoint,False,mode_dummy_only,classic,mode_dummy,S->G,20,0.05,12,20,0.6,0.4,0.8,0.85,1.0,0.5704761904761905,0.8666666666666666,0.4174807464120938,0.5408258147812502,0.95,0.7254761904761905,1.0,0.4777754410477587,0.25,0.637875,0.969043782053665,1
JVS_JVSMuSiC,mert_l3,3,61,60_20_20_speaker_disjoint,False,mode_dummy_only,classic,mode_dummy,G->S,20,0.05,13,20,0.65,0.45,0.85,1.0,1.0,0.6416666666666667,0.9084374999999998,0.41725159397941425,0.541275403721138,1.0,0.7791666666666667,1.0,0.47777544104775876,0.35000000000000003,0.637875,0.969043782053665,1
JVS_JVSMuSiC,mert_l3,3,61,60_20_20_speaker_disjoint,False,acoustic_full_no_mode,mean_preserving,logf0_mean;logf0_std;logf0_p05;logf0_p50;logf0_p95;logf0_range;rms_mean;rms_std;duration_s;voiced_rate;energy_mean;energy_std,S->G,20,0.05,7,20,0.35,0.15,0.55,0.7,1.0,0.369765507518797,0.687547932330827,0.0028548439654367645,0.006522226583412142,0.85,0.5247744360902256,2.0,0.0047922743358959794,0.0,0.90525,0.010712520824557759,9
JVS_JVSMuSiC,mert_l3,3,61,60_20_20_speaker_disjoint,False,acoustic_full_no_mode,mean_preserving,logf0_mean;logf0_std;logf0_p05;logf0_p50;logf0_p95;logf0_range;rms_mean;rms_std;duration_s;voiced_rate;energy_mean;energy_std,G->S,20,0.05,13,20,0.65,0.45,0.85,0.7,1.0,0.5660107376283847,0.8904761904761905,0.0031834069472650027,0.006223725543891681,0.85,0.7406395891690009,1.0,0.004792274335895963,0.35000000000000003,0.90525,0.010712520824557759,9
JVS_JVSMuSiC,mert_l3,3,61,60_20_20_speaker_disjoint,False,acoustic_full_no_mode,classic,logf0_mean;logf0_std;logf0_p05;logf0_p50;logf0_p95;logf0_range;rms_mean;rms_std;duration_s;voiced_rate;energy_mean;energy_std,S->G,20,0.05,13,20,0.65,0.45,0.85,0.65,1.0,0.5501030701754386,0.8817916666666665,0.2070208764066056,0.3831777432513634,0.85,0.7248538011695906,1.0,0.2992622643729065,0.30000000000000004,0.90525,0.9776690220321144,9
JVS_JVSMuSiC,mert_l3,3,61,60_20_20_speaker_disjoint,False,acoustic_full_no_mode,classic,logf0_mean;logf0_std;logf0_p05;logf0_p50;logf0_p95;logf0_range;rms_mean;rms_std;duration_s;voiced_rate;energy_mean;energy_std,G->S,20,0.05,13,20,0.65,0.45,0.85,0.7,1.0,0.5704340277777777,0.8937760416666667,0.21368629225514363,0.3808752213004629,0.85,0.7315972222222221,1.0,0.2992622643729065,0.35000000000000003,0.90525,0.9776690220321144,9
JVS_JVSMuSiC,mert_l3,3,61,60_20_20_speaker_disjoint,False,acoustic_full_plus_mode,mean_preserving,logf0_mean;logf0_std;logf0_p05;logf0_p50;logf0_p95;logf0_range;rms_mean;rms_std;duration_s;voiced_rate;energy_mean;energy_std;mode_dummy,S->G,20,0.05,8,20,0.4,0.2,0.6,0.6,0.95,0.40145923046251986,0.7250657894736842,0.002447267517858791,0.006464665108548882,0.8,0.5580103668261562,2.0,0.004728702103733945,0.050000000000000044,0.60175,0.011044954933735363,10
JVS_JVSMuSiC,mert_l3,3,61,60_20_20_speaker_disjoint,False,acoustic_full_plus_mode,mean_preserving,logf0_mean;logf0_std;logf0_p05;logf0_p50;logf0_p95;logf0_range;rms_mean;rms_std;duration_s;voiced_rate;energy_mean;energy_std;mode_dummy,G->S,20,0.05,12,20,0.6,0.4,0.8,0.7,1.0,0.5409973155929038,0.869642565359477,0.0031640469862703503,0.006229049268847505,0.85,0.7114729225023343,1.0,0.004728702103733939,0.3,0.60175,0.011044954933735363,10
JVS_JVSMuSiC,mert_l3,3,61,60_20_20_speaker_disjoint,False,acoustic_full_plus_mode,classic,logf0_mean;logf0_std;logf0_p05;logf0_p50;logf0_p95;logf0_range;rms_mean;rms_std;duration_s;voiced_rate;energy_mean;energy_std;mode_dummy,S->G,20,0.05,13,20,0.65,0.45,0.85,0.6,0.95,0.5385625,0.8875,0.20812628091167124,0.3889184937461755,0.8,0.7168055555555555,1.0,0.2989291188926949,0.30000000000000004,0.60175,0.9780059765199716,10
JVS_JVSMuSiC,mert_l3,3,61,60_20_20_speaker_disjoint,False,acoustic_full_plus_mode,classic,logf0_mean;logf0_std;logf0_p05;logf0_p50;logf0_p95;logf0_range;rms_mean;rms_std;duration_s;voiced_rate;energy_mean;energy_std;mode_dummy,G->S,20,0.05,13,20,0.65,0.45,0.85,0.6,0.95,0.5647743055555554,0.8930555555555555,0.21236400563958244,0.38636677446865086,0.8,0.736656746031746,1.0,0.2989291188926949,0.35000000000000003,0.60175,0.9780059765199716,10
JVS_JVSMuSiC,mert_l3,3,61,60_20_20_speaker_disjoint,False,single_group_f0,mean_preserving,logf0_mean;logf0_std;logf0_p05;logf0_p50;logf0_p95;logf0_range,S->G,20,0.05,2,20,0.1,0.0,0.25,0.3,0.7,0.18136278488668195,0.4114114225235548,0.0015867584677698241,0.008253964241925633,0.5,0.28370161701044055,5.0,0.004970597796750731,-0.24999999999999997,0.999875,0.005619002227256864,5
JVS_JVSMuSiC,mert_l3,3,61,60_20_20_speaker_disjoint,False,single_group_f0,mean_preserving,logf0_mean;logf0_std;logf0_p05;logf0_p50;logf0_p95;logf0_range,G->S,20,0.05,5,20,0.25,0.1,0.45,0.5,0.9,0.2841666666666667,0.5791770833333333,0.002830559814438061,0.007251119121810668,0.7,0.43374999999999997,3.5,0.004970597796750703,-0.04999999999999999,0.999875,0.005619002227256864,5
JVS_JVSMuSiC,mert_l3,3,61,60_20_20_speaker_disjoint,False,single_group_energy,mean_preserving,rms_mean;rms_std;energy_mean;energy_std,S->G,20,0.05,6,20,0.3,0.1,0.5,0.6,0.95,0.3504156746031745,0.6421964285714284,0.006933855914699868,0.011518177323082041,0.8,0.4962698412698413,3.0,0.009301292135052337,-0.04999999999999999,0.98375,0.004786258730265502,3
JVS_JVSMuSiC,mert_l3,3,61,60_20_20_speaker_disjoint,False,single_group_energy,mean_preserving,rms_mean;rms_std;energy_mean;energy_std,G->S,20,0.05,15,20,0.75,0.55,0.9,0.6,0.95,0.6166458333333333,0.9500833333333332,0.007120436904468489,0.011529596005731097,0.8,0.8012499999999999,1.0,0.009301292135052357,0.45,0.98375,0.004786258730265502,3
JVS_JVSMuSiC,mert_l3,3,61,60_20_20_speaker_disjoint,False,single_group_duration,mean_preserving,duration_s,S->G,20,0.05,12,20,0.6,0.4,0.8,0.85,1.0,0.5928030303030303,0.875,0.008026577829623417,0.010759981061716212,0.95,0.7420454545454545,1.0,0.00947557345166285,0.25,0.89025,0.002406188435292833,1
JVS_JVSMuSiC,mert_l3,3,61,60_20_20_speaker_disjoint,False,single_group_duration,mean_preserving,duration_s,G->S,20,0.05,14,20,0.7,0.5,0.9,1.0,1.0,0.68325,0.91675,0.008105697987873852,0.010882138866749625,1.0,0.8099999999999999,1.0,0.009475573451662866,0.39999999999999997,0.89025,0.002406188435292833,1
JVS_JVSMuSiC,mert_l3,3,61,60_20_20_speaker_disjoint,False,single_group_voicing,mean_preserving,voiced_rate,S->G,20,0.05,7,20,0.35,0.15,0.55,0.45,0.85,0.36540151515151514,0.6879040404040404,0.006432876549365947,0.012646890256267905,0.65,0.5113131313131313,2.5,0.009330814819422417,0.0,0.999875,0.0,0
JVS_JVSMuSiC,mert_l3,3,61,60_20_20_speaker_disjoint,False,single_group_voicing,mean_preserving,voiced_rate,G->S,20,0.05,6,20,0.3,0.1,0.5,0.6,0.95,0.34305555555555556,0.6531249999999998,0.006697364331467474,0.011647692531310577,0.8,0.49416666666666664,3.0,0.009330814819422445,0.0,0.999875,0.0,0
JVS_JVSMuSiC,mert_l3,3,61,60_20_20_speaker_disjoint,False,full_minus_f0,mean_preserving,rms_mean;rms_std;duration_s;voiced_rate;energy_mean;energy_std,S->G,20,0.05,10,20,0.5,0.29875000000000007,0.7,0.75,1.0,0.5253983957219251,0.8128803475935829,0.007098006994388178,0.010594400197559058,0.9,0.6691532976827095,1.5,0.008963909989905433,0.15000000000000002,0.859375,0.005597779951345139,4
JVS_JVSMuSiC,mert_l3,3,61,60_20_20_speaker_disjoint,False,full_minus_f0,mean_preserving,rms_mean;rms_std;duration_s;voiced_rate;energy_mean;energy_std,G->S,20,0.05,13,20,0.65,0.45,0.85,0.75,1.0,0.6213660714285714,0.9071428571428571,0.007305127815907599,0.01054572439020566,0.9,0.7729761904761905,1.0,0.00896390998990546,0.35000000000000003,0.859375,0.005597779951345139,4
JVS_JVSMuSiC,mert_l3,3,61,60_20_20_speaker_disjoint,False,full_minus_energy,mean_preserving,logf0_mean;logf0_std;logf0_p05;logf0_p50;logf0_p95;logf0_range;duration_s;voiced_rate,S->G,20,0.05,10,20,0.5,0.3,0.7,0.55,0.9,0.4710444078947368,0.8000416666666665,0.003621634711651731,0.006412776651901333,0.75,0.6417982456140351,1.5,0.005115060711779845,0.15000000000000002,0.895125,0.007995488843514753,6
JVS_JVSMuSiC,mert_l3,3,61,60_20_20_speaker_disjoint,False,full_minus_energy,mean_preserving,logf0_mean;logf0_std;logf0_p05;logf0_p50;logf0_p95;logf0_range;duration_s;voiced_rate,G->S,20,0.05,14,20,0.7,0.5,0.9,0.75,1.0,0.6094732142857143,0.9212443181818181,0.003950928878448159,0.00627824433729509,0.9,0.7758549783549784,1.0,0.005115060711779834,0.39999999999999997,0.895125,0.007995488843514753,6
JVS_JVSMuSiC,mert_l3,3,61,60_20_20_speaker_disjoint,False,full_minus_duration,mean_preserving,logf0_mean;logf0_std;logf0_p05;logf0_p50;logf0_p95;logf0_range;rms_mean;rms_std;voiced_rate;energy_mean;energy_std,S->G,20,0.05,5,20,0.25,0.1,0.45,0.35,0.75,0.24731639194139196,0.5726011904761904,0.002936020425417675,0.007217666194441771,0.55,0.40384615384615385,4.0,0.005143671161067903,-0.09999999999999998,0.9895,0.009881703667624309,8
JVS_JVSMuSiC,mert_l3,3,61,60_20_20_speaker_disjoint,False,full_minus_duration,mean_preserving,logf0_mean;logf0_std;logf0_p05;logf0_p50;logf0_p95;logf0_range;rms_mean;rms_std;voiced_rate;energy_mean;energy_std,G->S,20,0.05,11,20,0.55,0.3,0.75,0.6,0.95,0.4874166666666667,0.8126801470588236,0.002999974637060493,0.00723694478466055,0.8,0.649607843137255,1.0,0.005143671161067942,0.25000000000000006,0.9895,0.009881703667624309,8
JVS_JVSMuSiC,mert_l3,3,61,60_20_20_speaker_disjoint,False,full_minus_voicing,mean_preserving,logf0_mean;logf0_std;logf0_p05;logf0_p50;logf0_p95;logf0_range;rms_mean;rms_std;duration_s;energy_mean;energy_std,S->G,20,0.05,7,20,0.35,0.15,0.55,0.65,1.0,0.3561860902255639,0.6826315789473684,0.002959013492474327,0.006521818031023119,0.85,0.5247744360902256,2.0,0.0047922743358960575,0.0,0.90525,0.010712520824557537,9
JVS_JVSMuSiC,mert_l3,3,61,60_20_20_speaker_disjoint,False,full_minus_voicing,mean_preserving,logf0_mean;logf0_std;logf0_p05;logf0_p50;logf0_p95;logf0_range;rms_mean;rms_std;duration_s;energy_mean;energy_std,G->S,20,0.05,13,20,0.65,0.4,0.85,0.7,1.0,0.5702532679738562,0.894673202614379,0.003093748155466551,0.0062766675180855845,0.85,0.7406395891690009,1.0,0.00479227433589603,0.35000000000000003,0.90525,0.010712520824557537,9
JVS_JVSMuSiC,mert_l3,3,61,60_20_20_speaker_disjoint,False,row_shuffled_nuisance,mean_preserving,logf0_mean;logf0_std;logf0_p05;logf0_p50;logf0_p95;logf0_range;rms_mean;rms_std;duration_s;voiced_rate;energy_mean;energy_std,S->G,20,0.05,7,20,0.35,0.15,0.55,0.4,0.85,0.3152484581390831,0.6647490530303031,0.0060260650848026325,0.012816722303032912,0.65,0.4999888306138306,3.0,0.00937593572497511,0.0,1.0,-9.761378122186137e-05,9
JVS_JVSMuSiC,mert_l3,3,61,60_20_20_speaker_disjoint,False,row_shuffled_nuisance,mean_preserving,logf0_mean;logf0_std;logf0_p05;logf0_p50;logf0_p95;logf0_range;rms_mean;rms_std;duration_s;voiced_rate;energy_mean;energy_std,G->S,20,0.05,6,20,0.3,0.1,0.5,0.45,0.85,0.32107638888888884,0.6458541666666666,0.006626738433536934,0.012018316062583086,0.65,0.48069444444444437,3.0,0.00937593572497511,0.0,1.0,-9.761378122186137e-05,9
JVS_JVSMuSiC,mert_l3,3,61,60_20_20_speaker_disjoint,False,random_gaussian_nuisance,mean_preserving,logf0_mean;logf0_std;logf0_p05;logf0_p50;logf0_p95;logf0_range;rms_mean;rms_std;duration_s;voiced_rate;energy_mean;energy_std,S->G,20,0.05,9,20,0.45,0.25,0.65,0.45,0.85,0.3881308170995671,0.7388948863636364,0.005692525917027451,0.012673649874708537,0.65,0.5637319624819626,2.0,0.009358150803313143,0.10000000000000003,0.999875,0.00011023313803237844,12
JVS_JVSMuSiC,mert_l3,3,61,60_20_20_speaker_disjoint,False,random_gaussian_nuisance,mean_preserving,logf0_mean;logf0_std;logf0_p05;logf0_p50;logf0_p95;logf0_range;rms_mean;rms_std;duration_s;voiced_rate;energy_mean;energy_std,G->S,20,0.05,6,20,0.3,0.1,0.5,0.6,0.95,0.3544781746031746,0.653125,0.006947869057471562,0.011574191742965239,0.8,0.4999206349206348,3.0,0.00935815080331318,0.0,0.999875,0.00011023313803237844,12
JVS_JVSMuSiC,mert_l3,3,61,60_20_20_speaker_disjoint,False,random_low_rank_projection,mean_preserving,random_dir_0;random_dir_1;random_dir_2;random_dir_3;random_dir_4;random_dir_5;random_dir_6;random_dir_7;random_dir_8;random_dir_9;random_dir_10;random_dir_11,S->G,20,0.05,7,20,0.35,0.15,0.55,0.45,0.85,0.34371843434343435,0.6807689393939395,0.006078310796557952,0.012449980653401195,0.65,0.5113131313131313,2.5,0.009266157982139072,0.0,1.0,0.00033003314812918294,12
JVS_JVSMuSiC,mert_l3,3,61,60_20_20_speaker_disjoint,False,random_low_rank_projection,mean_preserving,random_dir_0;random_dir_1;random_dir_2;random_dir_3;random_dir_4;random_dir_5;random_dir_6;random_dir_7;random_dir_8;random_dir_9;random_dir_10;random_dir_11,G->S,20,0.05,6,20,0.3,0.1,0.5,0.6,0.95,0.34637499999999993,0.6527847222222222,0.006789155367210841,0.011461731003788818,0.8,0.49416666666666664,3.0,0.009266157982139029,0.0,1.0,0.00033003314812918294,12
JVS_JVSMuSiC,mert_l3,3,67,60_20_20_speaker_disjoint,False,raw,raw,,S->G,20,0.05,9,20,0.45,0.25,0.65,0.55,0.9,0.40225892857142864,0.747921130952381,0.007205141419588165,0.01417440843829618,0.75,0.5783928571428572,2.0,0.010714536273826469,0.0,1.0,0.0,0
JVS_JVSMuSiC,mert_l3,3,67,60_20_20_speaker_disjoint,False,raw,raw,,G->S,20,0.05,8,20,0.4,0.2,0.65,0.6,0.95,0.4215145202020202,0.7393172348484848,0.007784992864292208,0.013485373218042473,0.8,0.5763510101010101,2.0,0.010714536273826458,0.0,1.0,0.0,0
JVS_JVSMuSiC,mert_l3,3,67,60_20_20_speaker_disjoint,False,center_only_classic,classic,,S->G,20,0.05,14,20,0.7,0.5,0.9,0.75,1.0,0.6299583333333332,0.9266666666666665,0.2853268040037687,0.41388052784273305,0.9,0.7899999999999999,1.0,0.34746994762741557,0.24999999999999994,1.0,0.9664535944461509,0
JVS_JVSMuSiC,mert_l3,3,67,60_20_20_speaker_disjoint,False,center_only_classic,classic,,G->S,20,0.05,5,20,0.25,0.09875000000000007,0.45,0.7,1.0,0.3723184523809524,0.6475104166666666,0.26906131842305314,0.4280270944912973,0.85,0.5025595238095238,2.5,0.34746994762741557,-0.15000000000000002,1.0,0.9664535944461509,0
JVS_JVSMuSiC,mert_l3,3,67,60_20_20_speaker_disjoint,False,mode_dummy_only,mean_preserving,mode_dummy,S->G,20,0.05,13,20,0.65,0.45,0.85,1.0,1.0,0.6141041666666667,0.9016666666666666,0.008768218810837804,0.012535219791372105,1.0,0.7641666666666668,1.0,0.010685575753852317,0.2,0.46775,0.0025331080913173487,1
JVS_JVSMuSiC,mert_l3,3,67,60_20_20_speaker_disjoint,False,mode_dummy_only,mean_preserving,mode_dummy,G->S,20,0.05,13,20,0.65,0.45,0.85,1.0,1.0,0.6766666666666666,0.9166666666666666,0.009279235038473792,0.012236565524121291,1.0,0.8016666666666665,1.0,0.010685575753852244,0.25,0.46775,0.0025331080913173487,1
JVS_JVSMuSiC,mert_l3,3,67,60_20_20_speaker_disjoint,False,mode_dummy_only,classic,mode_dummy,S->G,20,0.05,14,20,0.7,0.5,0.9,0.85,1.0,0.6407708333333334,0.9225,0.43569956465523146,0.5795590226599086,0.95,0.7941666666666667,1.0,0.501498921195173,0.24999999999999994,0.46775,0.9689867025374692,1
JVS_JVSMuSiC,mert_l3,3,67,60_20_20_speaker_disjoint,False,mode_dummy_only,classic,mode_dummy,G->S,20,0.05,16,20,0.8,0.6,0.95,1.0,1.0,0.775,0.975,0.446747941180481,0.5574015991480626,1.0,0.8833333333333332,1.0,0.501498921195173,0.4,0.46775,0.9689867025374692,1
JVS_JVSMuSiC,mert_l3,3,67,60_20_20_speaker_disjoint,False,acoustic_full_no_mode,mean_preserving,logf0_mean;logf0_std;logf0_p05;logf0_p50;logf0_p95;logf0_range;rms_mean;rms_std;duration_s;voiced_rate;energy_mean;energy_std,S->G,20,0.05,9,20,0.45,0.25,0.65,0.5,0.9,0.3901459176788124,0.7444722222222222,0.0011600370705903014,0.009814051979205438,0.7,0.5749499550157446,2.0,0.006107690129263504,0.0,0.780875,0.010825159380491778,9
JVS_JVSMuSiC,mert_l3,3,67,60_20_20_speaker_disjoint,False,acoustic_full_no_mode,mean_preserving,logf0_mean;logf0_std;logf0_p05;logf0_p50;logf0_p95;logf0_range;rms_mean;rms_std;duration_s;voiced_rate;energy_mean;energy_std,G->S,20,0.05,13,20,0.65,0.45,0.85,0.75,1.0,0.5508333333333334,0.885,0.004651529342897628,0.007598077348280484,0.9,0.7314583333333334,1.0,0.006107690129263493,0.25,0.780875,0.010825159380491778,9
JVS_JVSMuSiC,mert_l3,3,67,60_20_20_speaker_disjoint,False,acoustic_full_no_mode,classic,logf0_mean;logf0_std;logf0_p05;logf0_p50;logf0_p95;logf0_range;rms_mean;rms_std;duration_s;voiced_rate;energy_mean;energy_std,S->G,20,0.05,11,20,0.55,0.35,0.75,0.75,1.0,0.5154313725490196,0.8343088235294117,0.2560973846254561,0.45342572537224085,0.9,0.6954411764705882,1.0,0.35792833425479614,0.10000000000000003,0.780875,0.9775492575372892,9
JVS_JVSMuSiC,mert_l3,3,67,60_20_20_speaker_disjoint,False,acoustic_full_no_mode,classic,logf0_mean;logf0_std;logf0_p05;logf0_p50;logf0_p95;logf0_range;rms_mean;rms_std;duration_s;voiced_rate;energy_mean;energy_std,G->S,20,0.05,12,20,0.6,0.4,0.8,0.75,1.0,0.5971428571428572,0.9,0.26403252672060695,0.44924610174248336,0.9,0.7485714285714284,1.0,0.35792833425479614,0.19999999999999996,0.780875,0.9775492575372892,9
JVS_JVSMuSiC,mert_l3,3,67,60_20_20_speaker_disjoint,False,acoustic_full_plus_mode,mean_preserving,logf0_mean;logf0_std;logf0_p05;logf0_p50;logf0_p95;logf0_range;rms_mean;rms_std;duration_s;voiced_rate;energy_mean;energy_std;mode_dummy,S->G,20,0.05,9,20,0.45,0.25,0.6512499999999989,0.5,0.8512499999999988,0.40865737259816204,0.7541875,0.0010027464902765619,0.009868977024111167,0.7,0.5836633249791146,2.0,0.005925970055350366,0.0,0.526,0.011228758260741878,10
JVS_JVSMuSiC,mert_l3,3,67,60_20_20_speaker_disjoint,False,acoustic_full_plus_mode,mean_preserving,logf0_mean;logf0_std;logf0_p05;logf0_p50;logf0_p95;logf0_range;rms_mean;rms_std;duration_s;voiced_rate;energy_mean;energy_std;mode_dummy,G->S,20,0.05,12,20,0.6,0.4,0.8,0.75,1.0,0.541625,0.8533333333333333,0.004288024244898623,0.007280176220427427,0.9,0.705,1.0,0.005925970055350349,0.19999999999999996,0.526,0.011228758260741878,10
JVS_JVSMuSiC,mert_l3,3,67,60_20_20_speaker_disjoint,False,acoustic_full_plus_mode,classic,logf0_mean;logf0_std;logf0_p05;logf0_p50;logf0_p95;logf0_range;rms_mean;rms_std;duration_s;voiced_rate;energy_mean;energy_std;mode_dummy,S->G,20,0.05,13,20,0.65,0.45,0.85,0.75,1.0,0.6005138888888888,0.8944444444444445,0.23975645356831732,0.45292646361870526,0.9,0.7488888888888889,1.0,0.3508871978470495,0.2,0.526,0.9778925819450218,10
JVS_JVSMuSiC,mert_l3,3,67,60_20_20_speaker_disjoint,False,acoustic_full_plus_mode,classic,logf0_mean;logf0_std;logf0_p05;logf0_p50;logf0_p95;logf0_range;rms_mean;rms_std;duration_s;voiced_rate;energy_mean;energy_std;mode_dummy,G->S,20,0.05,14,20,0.7,0.5,0.9,0.75,1.0,0.6264620535714286,0.925,0.2466512000877968,0.43735502308161484,0.9,0.7858630952380952,1.0,0.3508871978470495,0.29999999999999993,0.526,0.9778925819450218,10
JVS_JVSMuSiC,mert_l3,3,67,60_20_20_speaker_disjoint,False,single_group_f0,mean_preserving,logf0_mean;logf0_std;logf0_p05;logf0_p50;logf0_p95;logf0_range,S->G,20,0.05,7,20,0.35,0.15,0.55,0.3,0.7,0.2767182393790849,0.6296093749999999,0.002832830026486761,0.010175855455962763,0.5,0.44564950980392154,5.0,0.006425703606656769,-0.10000000000000003,1.0,0.005292276628001247,5
JVS_JVSMuSiC,mert_l3,3,67,60_20_20_speaker_disjoint,False,single_group_f0,mean_preserving,logf0_mean;logf0_std;logf0_p05;logf0_p50;logf0_p95;logf0_range,G->S,20,0.05,7,20,0.35,0.15,0.55,0.45,0.85,0.3386441336441336,0.6601123737373737,0.004182282554080323,0.00879396242848099,0.65,0.5014471639471639,3.0,0.006425703606656808,-0.050000000000000044,1.0,0.005292276628001247,5
JVS_JVSMuSiC,mert_l3,3,67,60_20_20_speaker_disjoint,False,single_group_energy,mean_preserving,rms_mean;rms_std;energy_mean;energy_std,S->G,20,0.05,10,20,0.5,0.3,0.7,0.55,0.95,0.42405456349206355,0.7952827380952381,0.005648196436252897,0.015147835951680236,0.75,0.6090873015873017,1.5,0.01078059736154487,0.04999999999999999,0.97475,0.0047639976637264825,3
JVS_JVSMuSiC,mert_l3,3,67,60_20_20_speaker_disjoint,False,single_group_energy,mean_preserving,rms_mean;rms_std;energy_mean;energy_std,G->S,20,0.05,12,20,0.6,0.4,0.8,0.75,1.0,0.6015416666666666,0.8800000000000001,0.008664139070143073,0.012891621718095454,0.9,0.7438888888888888,1.0,0.010780597361544825,0.19999999999999996,0.97475,0.0047639976637264825,3
JVS_JVSMuSiC,mert_l3,3,67,60_20_20_speaker_disjoint,False,single_group_duration,mean_preserving,duration_s,S->G,20,0.05,11,20,0.55,0.35,0.75,0.85,1.0,0.5520833333333334,0.8363392857142856,0.00865964811781614,0.012733998917907477,0.95,0.7046428571428571,1.0,0.010719143932147285,0.10000000000000003,0.8435,0.0024306062563176356,1
JVS_JVSMuSiC,mert_l3,3,67,60_20_20_speaker_disjoint,False,single_group_duration,mean_preserving,duration_s,G->S,20,0.05,12,20,0.6,0.4,0.8,1.0,1.0,0.6498958333333333,0.8916666666666666,0.009287908506853265,0.012282788154356648,1.0,0.7708333333333333,1.0,0.010719143932147318,0.19999999999999996,0.8435,0.0024306062563176356,1
JVS_JVSMuSiC,mert_l3,3,67,60_20_20_speaker_disjoint,False,single_group_voicing,mean_preserving,voiced_rate,S->G,20,0.05,9,20,0.45,0.2,0.65,0.55,0.9,0.399141369047619,0.7433943452380952,0.007393508753661246,0.014094042000123364,0.75,0.5783928571428572,2.0,0.010714536273826469,0.0,1.0,0.0,0
JVS_JVSMuSiC,mert_l3,3,67,60_20_20_speaker_disjoint,False,single_group_voicing,mean_preserving,voiced_rate,G->S,20,0.05,8,20,0.4,0.2,0.6,0.6,0.95,0.43098200757575755,0.7333522727272727,0.00809493370799993,0.013490057496604119,0.8,0.5763510101010101,2.0,0.010714536273826458,0.0,1.0,0.0,0
JVS_JVSMuSiC,mert_l3,3,67,60_20_20_speaker_disjoint,False,full_minus_f0,mean_preserving,rms_mean;rms_std;duration_s;voiced_rate;energy_mean;energy_std,S->G,20,0.05,10,20,0.5,0.3,0.7,0.6,0.95,0.44178070175438594,0.7708333333333333,0.004818532202775761,0.014975148825291192,0.8,0.6151315789473685,1.5,0.010483187753392109,0.04999999999999999,0.72725,0.0056861974375145286,4
JVS_JVSMuSiC,mert_l3,3,67,60_20_20_speaker_disjoint,False,full_minus_f0,mean_preserving,rms_mean;rms_std;duration_s;voiced_rate;energy_mean;energy_std,G->S,20,0.05,13,20,0.65,0.45,0.85,0.75,1.0,0.6411111111111111,0.925,0.008523528871176697,0.012380117402587315,0.9,0.7855555555555556,1.0,0.010483187753392131,0.25,0.72725,0.0056861974375145286,4
JVS_JVSMuSiC,mert_l3,3,67,60_20_20_speaker_disjoint,False,full_minus_energy,mean_preserving,logf0_mean;logf0_std;logf0_p05;logf0_p50;logf0_p95;logf0_range;duration_s;voiced_rate,S->G,20,0.05,10,20,0.5,0.3,0.7,0.7,0.95,0.43997807017543855,0.7763888888888888,0.004404221825600978,0.008288989465040301,0.85,0.6123538011695906,2.0,0.00635934737420622,0.04999999999999999,0.826875,0.007690292625770034,6
JVS_JVSMuSiC,mert_l3,3,67,60_20_20_speaker_disjoint,False,full_minus_energy,mean_preserving,logf0_mean;logf0_std;logf0_p05;logf0_p50;logf0_p95;logf0_range;duration_s;voiced_rate,G->S,20,0.05,13,20,0.65,0.4,0.85,0.6,0.95,0.5484131944444445,0.8783888888888888,0.005052936110160855,0.007708844435047827,0.8,0.7268055555555556,1.0,0.006359347374206209,0.25,0.826875,0.007690292625770034,6
JVS_JVSMuSiC,mert_l3,3,67,60_20_20_speaker_disjoint,False,full_minus_duration,mean_preserving,logf0_mean;logf0_std;logf0_p05;logf0_p50;logf0_p95;logf0_range;rms_mean;rms_std;voiced_rate;energy_mean;energy_std,S->G,20,0.05,8,20,0.4,0.2,0.6,0.5,0.9,0.3573041216824111,0.7058119517543859,0.0019228917851176158,0.010512318843662381,0.7,0.538283288349078,2.5,0.00648556297679539,-0.04999999999999999,0.9795,0.009772084985721241,8
JVS_JVSMuSiC,mert_l3,3,67,60_20_20_speaker_disjoint,False,full_minus_duration,mean_preserving,logf0_mean;logf0_std;logf0_p05;logf0_p50;logf0_p95;logf0_range;rms_mean;rms_std;voiced_rate;energy_mean;energy_std,G->S,20,0.05,10,20,0.5,0.3,0.75,0.7,1.0,0.4785565476190476,0.7827529761904761,0.00468845338410381,0.008194139837130488,0.85,0.6410714285714285,1.5,0.006485562976795362,0.09999999999999998,0.9795,0.009772084985721241,8
JVS_JVSMuSiC,mert_l3,3,67,60_20_20_speaker_disjoint,False,full_minus_voicing,mean_preserving,logf0_mean;logf0_std;logf0_p05;logf0_p50;logf0_p95;logf0_range;rms_mean;rms_std;duration_s;energy_mean;energy_std,S->G,20,0.05,9,20,0.45,0.25,0.65,0.5,0.9,0.3954844944894287,0.7547206056005398,0.001492117595283435,0.010191510905443402,0.7,0.5749499550157446,2.0,0.006107690129263682,0.0,0.780875,0.010825159380493443,9
JVS_JVSMuSiC,mert_l3,3,67,60_20_20_speaker_disjoint,False,full_minus_voicing,mean_preserving,logf0_mean;logf0_std;logf0_p05;logf0_p50;logf0_p95;logf0_range;rms_mean;rms_std;duration_s;energy_mean;energy_std,G->S,20,0.05,13,20,0.65,0.45,0.85,0.75,1.0,0.5655989583333334,0.8891666666666665,0.004458240159783997,0.0077320190227821856,0.9,0.7314583333333334,1.0,0.006107690129263677,0.25,0.780875,0.010825159380493443,9
JVS_JVSMuSiC,mert_l3,3,67,60_20_20_speaker_disjoint,False,row_shuffled_nuisance,mean_preserving,logf0_mean;logf0_std;logf0_p05;logf0_p50;logf0_p95;logf0_range;rms_mean;rms_std;duration_s;voiced_rate;energy_mean;energy_std,S->G,20,0.05,9,20,0.45,0.25,0.65,0.6,0.95,0.4045193556443556,0.7378821386946386,0.006689165513940858,0.014880937562263913,0.8,0.5661297036297036,2.5,0.011023674457785414,0.0,1.0,-5.899560966393658e-05,9
JVS_JVSMuSiC,mert_l3,3,67,60_20_20_speaker_disjoint,False,row_shuffled_nuisance,mean_preserving,logf0_mean;logf0_std;logf0_p05;logf0_p50;logf0_p95;logf0_range;rms_mean;rms_std;duration_s;voiced_rate;energy_mean;energy_std,G->S,20,0.05,8,20,0.4,0.2,0.6,0.7,1.0,0.414650641025641,0.7113402777777778,0.007848022140431118,0.014260851681082161,0.85,0.566068376068376,2.5,0.011023674457785404,0.0,1.0,-5.899560966393658e-05,9
JVS_JVSMuSiC,mert_l3,3,67,60_20_20_speaker_disjoint,False,random_gaussian_nuisance,mean_preserving,logf0_mean;logf0_std;logf0_p05;logf0_p50;logf0_p95;logf0_range;rms_mean;rms_std;duration_s;voiced_rate;energy_mean;energy_std,S->G,20,0.05,9,20,0.45,0.25,0.6512499999999989,0.55,0.9,0.4003697916666667,0.7512599431818181,0.007184172397878099,0.014158905351269596,0.75,0.5786426767676767,2.0,0.01072690563916454,0.0,1.0,4.023321897850263e-05,12
JVS_JVSMuSiC,mert_l3,3,67,60_20_20_speaker_disjoint,False,random_gaussian_nuisance,mean_preserving,logf0_mean;logf0_std;logf0_p05;logf0_p50;logf0_p95;logf0_range;rms_mean;rms_std;duration_s;voiced_rate;energy_mean;energy_std,G->S,20,0.05,8,20,0.4,0.2,0.6,0.6,0.95,0.40913699494949496,0.7354867424242424,0.007864778532603946,0.013429981891353788,0.8,0.5756565656565658,2.0,0.010726905639164553,0.0,1.0,4.023321897850263e-05,12
JVS_JVSMuSiC,mert_l3,3,67,60_20_20_speaker_disjoint,False,random_low_rank_projection,mean_preserving,random_dir_0;random_dir_1;random_dir_2;random_dir_3;random_dir_4;random_dir_5;random_dir_6;random_dir_7;random_dir_8;random_dir_9;random_dir_10;random_dir_11,S->G,20,0.05,9,20,0.45,0.25,0.65,0.55,0.9,0.40064955357142856,0.7556369047619047,0.00712131617150185,0.01399947023209027,0.75,0.5781845238095238,2.0,0.010668811077722084,0.0,1.0,0.00011781513396980081,12
JVS_JVSMuSiC,mert_l3,3,67,60_20_20_speaker_disjoint,False,random_low_rank_projection,mean_preserving,random_dir_0;random_dir_1;random_dir_2;random_dir_3;random_dir_4;random_dir_5;random_dir_6;random_dir_7;random_dir_8;random_dir_9;random_dir_10;random_dir_11,G->S,20,0.05,8,20,0.4,0.2,0.6,0.6,0.95,0.41127840909090907,0.7380255681818181,0.00799716754042411,0.013426608242731546,0.8,0.5763510101010101,2.0,0.010668811077722096,0.0,1.0,0.00011781513396980081,12
JVS_JVSMuSiC,mert_l3,3,71,60_20_20_speaker_disjoint,False,raw,raw,,S->G,20,0.05,7,20,0.35,0.15,0.55,0.45,0.85,0.3390108225108225,0.688849025974026,0.0072203853730559864,0.015202908422551118,0.65,0.5085930735930736,2.5,0.011297433850526183,0.0,1.0,0.0,0
JVS_JVSMuSiC,mert_l3,3,71,60_20_20_speaker_disjoint,False,raw,raw,,G->S,20,0.05,10,20,0.5,0.25,0.7,0.55,0.9,0.41860416666666667,0.7794895833333332,0.00829543240225363,0.01445932367647662,0.75,0.6079166666666667,1.5,0.011297433850526228,0.0,1.0,0.0,0
JVS_JVSMuSiC,mert_l3,3,71,60_20_20_speaker_disjoint,False,center_only_classic,classic,,S->G,20,0.05,15,20,0.75,0.55,0.9,0.85,1.0,0.6880803571428571,0.95,0.2956108884611623,0.3900205823535953,0.95,0.8279761904761905,1.0,0.3461589473794585,0.4,1.0,0.966409985538386,0
JVS_JVSMuSiC,mert_l3,3,71,60_20_20_speaker_disjoint,False,center_only_classic,classic,,G->S,20,0.05,10,20,0.5,0.3,0.7,0.5,0.9,0.42316765873015866,0.7627281746031745,0.27736800529497024,0.4249467834230601,0.7,0.5937301587301587,2.0,0.3461589473794585,0.0,1.0,0.966409985538386,0
JVS_JVSMuSiC,mert_l3,3,71,60_20_20_speaker_disjoint,False,mode_dummy_only,mean_preserving,mode_dummy,S->G,20,0.05,13,20,0.65,0.45,0.85,0.75,1.0,0.6325297619047617,0.9083333333333332,0.009321450909844004,0.013278254969697643,0.9,0.7793650793650794,1.0,0.011331484607452164,0.30000000000000004,0.463875,0.002534361435897914,1
JVS_JVSMuSiC,mert_l3,3,71,60_20_20_speaker_disjoint,False,mode_dummy_only,mean_preserving,mode_dummy,G->S,20,0.05,17,20,0.85,0.7,1.0,0.85,1.0,0.727017857142857,1.0,0.010018440112133348,0.012773810372735462,0.95,0.8796428571428571,1.0,0.011331484607452197,0.35,0.463875,0.002534361435897914,1
JVS_JVSMuSiC,mert_l3,3,71,60_20_20_speaker_disjoint,False,mode_dummy_only,classic,mode_dummy,S->G,20,0.05,17,20,0.85,0.7,1.0,0.85,1.0,0.775,1.0,0.4571644585199686,0.5776847118537017,0.95,0.8958333333333334,1.0,0.5192615879624849,0.5,0.463875,0.9689443469742837,1
JVS_JVSMuSiC,mert_l3,3,71,60_20_20_speaker_disjoint,False,mode_dummy_only,classic,mode_dummy,G->S,20,0.05,16,20,0.8,0.6,0.95,0.85,1.0,0.7255952380952381,0.9666666666666666,0.45252558097409373,0.5885991102339858,0.95,0.8613095238095237,1.0,0.519261587962485,0.30000000000000004,0.463875,0.9689443469742837,1
JVS_JVSMuSiC,mert_l3,3,71,60_20_20_speaker_disjoint,False,acoustic_full_no_mode,mean_preserving,logf0_mean;logf0_std;logf0_p05;logf0_p50;logf0_p95;logf0_range;rms_mean;rms_std;duration_s;voiced_rate;energy_mean;energy_std,S->G,20,0.05,10,20,0.5,0.3,0.7,0.5,0.9,0.42542024815462315,0.7743726325757575,0.0033677383447214128,0.0076677751618387715,0.7,0.6045721639471638,1.5,0.005586897739635099,0.15000000000000002,0.884,0.010780330652275238,9
JVS_JVSMuSiC,mert_l3,3,71,60_20_20_speaker_disjoint,False,acoustic_full_no_mode,mean_preserving,logf0_mean;logf0_std;logf0_p05;logf0_p50;logf0_p95;logf0_range;rms_mean;rms_std;duration_s;voiced_rate;energy_mean;energy_std,G->S,20,0.05,15,20,0.75,0.55,0.9,0.7,1.0,0.6174816176470588,0.925,0.004022947963410378,0.0071754174961595986,0.85,0.7879411764705881,1.0,0.0055868977396351495,0.25,0.884,0.010780330652275238,9
JVS_JVSMuSiC,mert_l3,3,71,60_20_20_speaker_disjoint,False,acoustic_full_no_mode,classic,logf0_mean;logf0_std;logf0_p05;logf0_p50;logf0_p95;logf0_range;rms_mean;rms_std;duration_s;voiced_rate;energy_mean;energy_std,S->G,20,0.05,12,20,0.6,0.4,0.8,0.7,1.0,0.5237363782051282,0.86875,0.2405051092986031,0.3982398335787576,0.85,0.7034294871794872,1.0,0.3174223366116035,0.25,0.884,0.9775815923921325,9
JVS_JVSMuSiC,mert_l3,3,71,60_20_20_speaker_disjoint,False,acoustic_full_no_mode,classic,logf0_mean;logf0_std;logf0_p05;logf0_p50;logf0_p95;logf0_range;rms_mean;rms_std;duration_s;voiced_rate;energy_mean;energy_std,G->S,20,0.05,14,20,0.7,0.5,0.9,0.75,1.0,0.6550198412698413,0.9416666666666667,0.23083966972248873,0.4022385161673595,0.9,0.8007936507936508,1.0,0.3174223366116036,0.19999999999999996,0.884,0.9775815923921325,9
JVS_JVSMuSiC,mert_l3,3,71,60_20_20_speaker_disjoint,False,acoustic_full_plus_mode,mean_preserving,logf0_mean;logf0_std;logf0_p05;logf0_p50;logf0_p95;logf0_range;rms_mean;rms_std;duration_s;voiced_rate;energy_mean;energy_std;mode_dummy,S->G,20,0.05,10,20,0.5,0.3,0.7,0.5,0.9,0.41164015151515143,0.7700270562770563,0.00355694311375766,0.007509811408435624,0.7,0.6038744588744589,1.5,0.005591442291338178,0.15000000000000002,0.5055,0.011233706720768288,10
JVS_JVSMuSiC,mert_l3,3,71,60_20_20_speaker_disjoint,False,acoustic_full_plus_mode,mean_preserving,logf0_mean;logf0_std;logf0_p05;logf0_p50;logf0_p95;logf0_range;rms_mean;rms_std;duration_s;voiced_rate;energy_mean;energy_std;mode_dummy,G->S,20,0.05,15,20,0.75,0.55,0.9012499999999989,0.75,1.0,0.6291686507936508,0.925,0.0040247586426353085,0.007133813568522864,0.9,0.7924206349206349,1.0,0.005591442291338134,0.25,0.5055,0.011233706720768288,10
JVS_JVSMuSiC,mert_l3,3,71,60_20_20_speaker_disjoint,False,acoustic_full_plus_mode,classic,logf0_mean;logf0_std;logf0_p05;logf0_p50;logf0_p95;logf0_range;rms_mean;rms_std;duration_s;voiced_rate;energy_mean;energy_std;mode_dummy,S->G,20,0.05,12,20,0.6,0.4,0.8,0.7,1.0,0.5426923076923077,0.8666666666666666,0.24264854876669487,0.40006839487599566,0.85,0.7052350427350427,1.0,0.32313926660096687,0.25,0.5055,0.977928700949007,10
JVS_JVSMuSiC,mert_l3,3,71,60_20_20_speaker_disjoint,False,acoustic_full_plus_mode,classic,logf0_mean;logf0_std;logf0_p05;logf0_p50;logf0_p95;logf0_range;rms_mean;rms_std;duration_s;voiced_rate;energy_mean;energy_std;mode_dummy,G->S,20,0.05,14,20,0.7,0.5,0.9,0.75,1.0,0.6333234126984126,0.9305555555555556,0.2416458295995102,0.4025543282971318,0.9,0.7882936507936508,1.0,0.3231392666009669,0.19999999999999996,0.5055,0.977928700949007,10
JVS_JVSMuSiC,mert_l3,3,71,60_20_20_speaker_disjoint,False,single_group_f0,mean_preserving,logf0_mean;logf0_std;logf0_p05;logf0_p50;logf0_p95;logf0_range,S->G,20,0.05,5,20,0.25,0.05,0.45,0.2,0.6,0.21730902777777772,0.5386210317460317,0.0024244455694299198,0.010530763326915113,0.4,0.36478174603174607,7.5,0.0064160915935561665,-0.09999999999999998,1.0,0.00495559014151703,5
JVS_JVSMuSiC,mert_l3,3,71,60_20_20_speaker_disjoint,False,single_group_f0,mean_preserving,logf0_mean;logf0_std;logf0_p05;logf0_p50;logf0_p95;logf0_range,G->S,20,0.05,8,20,0.4,0.2,0.6,0.45,0.85,0.35298989898989896,0.7077738095238095,0.002706889638459169,0.009862327508183612,0.65,0.5350613275613275,2.0,0.006416091593556217,-0.09999999999999998,1.0,0.00495559014151703,5
JVS_JVSMuSiC,mert_l3,3,71,60_20_20_speaker_disjoint,False,single_group_energy,mean_preserving,rms_mean;rms_std;energy_mean;energy_std,S->G,20,0.05,10,20,0.5,0.3,0.7,0.55,0.95,0.43506980519480515,0.787532738095238,0.008132696866450186,0.013203863443620498,0.75,0.6158549783549783,1.5,0.010500357774578445,0.15000000000000002,0.987125,0.005384256894659489,3
JVS_JVSMuSiC,mert_l3,3,71,60_20_20_speaker_disjoint,False,single_group_energy,mean_preserving,rms_mean;rms_std;energy_mean;energy_std,G->S,20,0.05,15,20,0.75,0.55,0.95,0.75,1.0,0.6598184523809524,0.9571428571428571,0.008556187147660136,0.012643285615145118,0.9,0.8150595238095238,1.0,0.010500357774578422,0.25,0.987125,0.005384256894659489,3
JVS_JVSMuSiC,mert_l3,3,71,60_20_20_speaker_disjoint,False,single_group_duration,mean_preserving,duration_s,S->G,20,0.05,13,20,0.65,0.45,0.85,0.75,1.0,0.6386174242424242,0.9125,0.009484095262177429,0.013432942337843359,0.9,0.7753787878787879,1.0,0.011543769444035495,0.30000000000000004,0.833625,0.0023927252270141697,1
JVS_JVSMuSiC,mert_l3,3,71,60_20_20_speaker_disjoint,False,single_group_duration,mean_preserving,duration_s,G->S,20,0.05,17,20,0.85,0.65,1.0,0.75,1.0,0.7457812500000001,1.0,0.010058826671320844,0.013174116779326613,0.9,0.8770833333333334,1.0,0.011543769444035517,0.35,0.833625,0.0023927252270141697,1
JVS_JVSMuSiC,mert_l3,3,71,60_20_20_speaker_disjoint,False,single_group_voicing,mean_preserving,voiced_rate,S->G,20,0.05,7,20,0.35,0.15,0.55,0.45,0.85,0.35029329004328996,0.6645573593073593,0.0074293283932379975,0.015178325071665362,0.65,0.5085930735930736,2.5,0.011297433850526183,0.0,1.0,0.0,0
JVS_JVSMuSiC,mert_l3,3,71,60_20_20_speaker_disjoint,False,single_group_voicing,mean_preserving,voiced_rate,G->S,20,0.05,10,20,0.5,0.3,0.75,0.55,0.95,0.42051736111111115,0.7685069444444442,0.00791444631238165,0.01449691596186619,0.75,0.6079166666666667,1.5,0.011297433850526228,0.0,1.0,0.0,0
JVS_JVSMuSiC,mert_l3,3,71,60_20_20_speaker_disjoint,False,full_minus_f0,mean_preserving,rms_mean;rms_std;duration_s;voiced_rate;energy_mean;energy_std,S->G,20,0.05,11,20,0.55,0.35,0.75,0.55,0.9,0.48053769841269844,0.8333591269841268,0.008012905854981815,0.012524018497598603,0.75,0.6602579365079364,1.0,0.010216930124271162,0.20000000000000007,0.82775,0.006294620957031594,4
JVS_JVSMuSiC,mert_l3,3,71,60_20_20_speaker_disjoint,False,full_minus_f0,mean_preserving,rms_mean;rms_std;duration_s;voiced_rate;energy_mean;energy_std,G->S,20,0.05,16,20,0.8,0.6,0.95,0.7,1.0,0.6672222222222222,0.9583333333333334,0.008478407478630986,0.012043179199597642,0.85,0.8322222222222223,1.0,0.01021693012427118,0.30000000000000004,0.82775,0.006294620957031594,4
JVS_JVSMuSiC,mert_l3,3,71,60_20_20_speaker_disjoint,False,full_minus_energy,mean_preserving,logf0_mean;logf0_std;logf0_p05;logf0_p50;logf0_p95;logf0_range;duration_s;voiced_rate,S->G,20,0.05,12,20,0.6,0.35,0.8,0.6,0.95,0.5362647058823531,0.8779926470588235,0.004304147734535446,0.008390393475606448,0.8,0.7051633986928104,1.0,0.006492147636239465,0.25,0.834375,0.007323886230011789,6
JVS_JVSMuSiC,mert_l3,3,71,60_20_20_speaker_disjoint,False,full_minus_energy,mean_preserving,logf0_mean;logf0_std;logf0_p05;logf0_p50;logf0_p95;logf0_range;duration_s;voiced_rate,G->S,20,0.05,15,20,0.75,0.55,0.95,0.65,1.0,0.6361473214285716,0.95625,0.004462012453798853,0.00829575886992018,0.85,0.8033928571428571,1.0,0.006492147636239476,0.25,0.834375,0.007323886230011789,6
JVS_JVSMuSiC,mert_l3,3,71,60_20_20_speaker_disjoint,False,full_minus_duration,mean_preserving,logf0_mean;logf0_std;logf0_p05;logf0_p50;logf0_p95;logf0_range;rms_mean;rms_std;voiced_rate;energy_mean;energy_std,S->G,20,0.05,10,20,0.5,0.3,0.7,0.45,0.85,0.3894516859774213,0.7737383021390374,0.0032644427475434857,0.008182745672631405,0.65,0.5827083047671283,1.5,0.005804053719779922,0.15000000000000002,0.9945,0.009855578920685115,8
JVS_JVSMuSiC,mert_l3,3,71,60_20_20_speaker_disjoint,False,full_minus_duration,mean_preserving,logf0_mean;logf0_std;logf0_p05;logf0_p50;logf0_p95;logf0_range;rms_mean;rms_std;voiced_rate;energy_mean;energy_std,G->S,20,0.05,12,20,0.6,0.4,0.8,0.6,0.95,0.5330943627450979,0.8592738970588234,0.00402897037408733,0.007668099692360197,0.8,0.7002626050420168,1.0,0.005804053719779889,0.09999999999999998,0.9945,0.009855578920685115,8
JVS_JVSMuSiC,mert_l3,3,71,60_20_20_speaker_disjoint,False,full_minus_voicing,mean_preserving,logf0_mean;logf0_std;logf0_p05;logf0_p50;logf0_p95;logf0_range;rms_mean;rms_std;duration_s;energy_mean;energy_std,S->G,20,0.05,10,20,0.5,0.3,0.75,0.5,0.9,0.4083567647630148,0.7746874999999999,0.0035530895407390965,0.0075147996859197055,0.7,0.6045721639471638,1.5,0.0055868977396349665,0.15000000000000002,0.884,0.010780330652276127,9
JVS_JVSMuSiC,mert_l3,3,71,60_20_20_speaker_disjoint,False,full_minus_voicing,mean_preserving,logf0_mean;logf0_std;logf0_p05;logf0_p50;logf0_p95;logf0_range;rms_mean;rms_std;duration_s;energy_mean;energy_std,G->S,20,0.05,15,20,0.75,0.55,0.95,0.7,1.0,0.6208823529411764,0.925,0.003873914584342588,0.007090518504815703,0.85,0.7879411764705881,1.0,0.005586897739635005,0.25,0.884,0.010780330652276127,9
JVS_JVSMuSiC,mert_l3,3,71,60_20_20_speaker_disjoint,False,row_shuffled_nuisance,mean_preserving,logf0_mean;logf0_std;logf0_p05;logf0_p50;logf0_p95;logf0_range;rms_mean;rms_std;duration_s;voiced_rate;energy_mean;energy_std,S->G,20,0.05,9,20,0.45,0.25,0.65,0.5,0.9,0.40875000000000006,0.7525208333333333,0.007925478637091631,0.01583086458744051,0.7,0.5754166666666667,2.0,0.011843720619045628,0.10000000000000003,1.0,-0.00030557940926612126,9
JVS_JVSMuSiC,mert_l3,3,71,60_20_20_speaker_disjoint,False,row_shuffled_nuisance,mean_preserving,logf0_mean;logf0_std;logf0_p05;logf0_p50;logf0_p95;logf0_range;rms_mean;rms_std;duration_s;voiced_rate;energy_mean;energy_std,G->S,20,0.05,10,20,0.5,0.25,0.7,0.55,0.9,0.41128472222222223,0.7652847222222222,0.008459773799943586,0.014928416212295991,0.75,0.5907539682539682,2.0,0.01184372061904565,0.0,1.0,-0.00030557940926612126,9
JVS_JVSMuSiC,mert_l3,3,71,60_20_20_speaker_disjoint,False,random_gaussian_nuisance,mean_preserving,logf0_mean;logf0_std;logf0_p05;logf0_p50;logf0_p95;logf0_range;rms_mean;rms_std;duration_s;voiced_rate;energy_mean;energy_std,S->G,20,0.05,7,20,0.35,0.15,0.55,0.45,0.85,0.36050644841269835,0.6764122023809523,0.007283152248892746,0.015399560254965155,0.65,0.5112103174603174,2.5,0.01128172289924947,0.0,1.0,0.00015081506735414862,12
JVS_JVSMuSiC,mert_l3,3,71,60_20_20_speaker_disjoint,False,random_gaussian_nuisance,mean_preserving,logf0_mean;logf0_std;logf0_p05;logf0_p50;logf0_p95;logf0_range;rms_mean;rms_std;duration_s;voiced_rate;energy_mean;energy_std,G->S,20,0.05,10,20,0.5,0.3,0.7,0.5,0.9,0.4494548611111111,0.78196875,0.008097068665706978,0.014532861576692303,0.7,0.6120833333333333,1.5,0.01128172289924943,0.0,1.0,0.00015081506735414862,12
JVS_JVSMuSiC,mert_l3,3,71,60_20_20_speaker_disjoint,False,random_low_rank_projection,mean_preserving,random_dir_0;random_dir_1;random_dir_2;random_dir_3;random_dir_4;random_dir_5;random_dir_6;random_dir_7;random_dir_8;random_dir_9;random_dir_10;random_dir_11,S->G,20,0.05,7,20,0.35,0.15,0.55,0.45,0.85,0.3419017857142857,0.6741190476190475,0.007424551901986183,0.014936971460390856,0.65,0.511547619047619,2.5,0.011220623814067576,0.0,1.0,0.00023092109193512123,12
JVS_JVSMuSiC,mert_l3,3,71,60_20_20_speaker_disjoint,False,random_low_rank_projection,mean_preserving,random_dir_0;random_dir_1;random_dir_2;random_dir_3;random_dir_4;random_dir_5;random_dir_6;random_dir_7;random_dir_8;random_dir_9;random_dir_10;random_dir_11,G->S,20,0.05,10,20,0.5,0.29875000000000007,0.7,0.55,0.9012499999999989,0.4565034722222222,0.7847812499999999,0.008169877853666156,0.014191041670606277,0.75,0.61625,1.5,0.011220623814067576,0.0,1.0,0.00023092109193512123,12
JVS_JVSMuSiC,mert_l3,3,73,60_20_20_speaker_disjoint,False,raw,raw,,S->G,20,0.05,6,20,0.3,0.1,0.5,0.55,0.95,0.2879112554112554,0.6233170093795094,0.006298170705982,0.011599175574681502,0.75,0.45331529581529584,3.5,0.009001361839152655,0.0,1.0,0.0,0
JVS_JVSMuSiC,mert_l3,3,73,60_20_20_speaker_disjoint,False,raw,raw,,G->S,20,0.05,5,20,0.25,0.1,0.45,0.7,1.0,0.34610416666666666,0.6326666666666665,0.007249852440574818,0.010792492152532968,0.85,0.4809722222222222,3.0,0.00900136183915266,0.0,1.0,0.0,0
JVS_JVSMuSiC,mert_l3,3,73,60_20_20_speaker_disjoint,False,center_only_classic,classic,,S->G,20,0.05,14,20,0.7,0.5,0.9,0.85,1.0,0.6963095238095238,0.95,0.2664091862937106,0.36812636947886923,0.95,0.8238095238095238,1.0,0.31417946641601724,0.39999999999999997,1.0,0.9664591193869413,0
JVS_JVSMuSiC,mert_l3,3,73,60_20_20_speaker_disjoint,False,center_only_classic,classic,,G->S,20,0.05,5,20,0.25,0.1,0.45,0.7,1.0,0.3452211538461538,0.627193376068376,0.24886151436926307,0.38084945700339096,0.85,0.4785683760683761,3.0,0.31417946641601724,0.0,1.0,0.9664591193869413,0
JVS_JVSMuSiC,mert_l3,3,73,60_20_20_speaker_disjoint,False,mode_dummy_only,mean_preserving,mode_dummy,S->G,20,0.05,11,20,0.55,0.3,0.75,0.85,1.0,0.5670803571428571,0.8560119047619046,0.008057675036663976,0.010071979504080446,0.95,0.7129761904761904,1.0,0.009027810289393501,0.25000000000000006,0.61425,0.002535624453227081,1
JVS_JVSMuSiC,mert_l3,3,73,60_20_20_speaker_disjoint,False,mode_dummy_only,mean_preserving,mode_dummy,G->S,20,0.05,16,20,0.8,0.6,0.95,1.0,1.0,0.7666666666666666,0.975,0.007507549232655057,0.010533226170412158,1.0,0.8791666666666667,1.0,0.009027810289393413,0.55,0.61425,0.002535624453227081,1
JVS_JVSMuSiC,mert_l3,3,73,60_20_20_speaker_disjoint,False,mode_dummy_only,classic,mode_dummy,S->G,20,0.05,14,20,0.7,0.5,0.9,0.85,1.0,0.6738095238095239,0.932172619047619,0.42535724675184405,0.5398122281764415,0.95,0.8154761904761905,1.0,0.48115879495537095,0.39999999999999997,0.61425,0.9689947438401675,1
JVS_JVSMuSiC,mert_l3,3,73,60_20_20_speaker_disjoint,False,mode_dummy_only,classic,mode_dummy,G->S,20,0.05,15,20,0.75,0.55,0.9,1.0,1.0,0.7175,0.95,0.41670966380420577,0.5484511424270454,1.0,0.8474999999999999,1.0,0.48115879495537095,0.5,0.61425,0.9689947438401675,1
JVS_JVSMuSiC,mert_l3,3,73,60_20_20_speaker_disjoint,False,acoustic_full_no_mode,mean_preserving,logf0_mean;logf0_std;logf0_p05;logf0_p50;logf0_p95;logf0_range;rms_mean;rms_std;duration_s;voiced_rate;energy_mean;energy_std,S->G,20,0.05,7,20,0.35,0.15,0.55,0.6,0.95,0.383078125,0.6850677083333332,0.00031518329714908064,0.00841875674536116,0.8,0.534375,2.5,0.005252854546115326,0.04999999999999999,0.87625,0.011975257179051235,9
JVS_JVSMuSiC,mert_l3,3,73,60_20_20_speaker_disjoint,False,acoustic_full_no_mode,mean_preserving,logf0_mean;logf0_std;logf0_p05;logf0_p50;logf0_p95;logf0_range;rms_mean;rms_std;duration_s;voiced_rate;energy_mean;energy_std,G->S,20,0.05,13,20,0.65,0.45,0.85,0.75,1.0,0.5987619047619047,0.9017083333333332,0.003952121628976792,0.006463969666793461,0.9,0.7585714285714287,1.0,0.005252854546115316,0.4,0.87625,0.011975257179051235,9
JVS_JVSMuSiC,mert_l3,3,73,60_20_20_speaker_disjoint,False,acoustic_full_no_mode,classic,logf0_mean;logf0_std;logf0_p05;logf0_p50;logf0_p95;logf0_range;rms_mean;rms_std;duration_s;voiced_rate;energy_mean;energy_std,S->G,20,0.05,14,20,0.7,0.5,0.9,0.75,1.0,0.6475,0.93125,0.2667467045417286,0.4069380342900602,0.9,0.7962499999999999,1.0,0.33945304561952155,0.39999999999999997,0.87625,0.9774465952376725,9
JVS_JVSMuSiC,mert_l3,3,73,60_20_20_speaker_disjoint,False,acoustic_full_no_mode,classic,logf0_mean;logf0_std;logf0_p05;logf0_p50;logf0_p95;logf0_range;rms_mean;rms_std;duration_s;voiced_rate;energy_mean;energy_std,G->S,20,0.05,13,20,0.65,0.45,0.85,0.7,1.0,0.567362567987568,0.8933749999999999,0.25805144009400527,0.4176600892105257,0.85,0.7406138306138306,1.0,0.3394530456195215,0.4,0.87625,0.9774465952376725,9
JVS_JVSMuSiC,mert_l3,3,73,60_20_20_speaker_disjoint,False,acoustic_full_plus_mode,mean_preserving,logf0_mean;logf0_std;logf0_p05;logf0_p50;logf0_p95;logf0_range;rms_mean;rms_std;duration_s;voiced_rate;energy_mean;energy_std;mode_dummy,S->G,20,0.05,7,20,0.35,0.15,0.5512499999999989,0.6,0.95,0.3885763888888889,0.705236111111111,-0.000771187579479272,0.008529219601984722,0.8,0.5381944444444444,2.0,0.00500889974376229,0.04999999999999999,0.708375,0.01246659077700285,10
JVS_JVSMuSiC,mert_l3,3,73,60_20_20_speaker_disjoint,False,acoustic_full_plus_mode,mean_preserving,logf0_mean;logf0_std;logf0_p05;logf0_p50;logf0_p95;logf0_range;rms_mean;rms_std;duration_s;voiced_rate;energy_mean;energy_std;mode_dummy,G->S,20,0.05,13,20,0.65,0.45,0.85,0.75,1.0,0.6137678571428571,0.9035714285714285,0.0037709840362470035,0.006225258566390463,0.9,0.7652380952380953,1.0,0.0050088997437623016,0.4,0.708375,0.01246659077700285,10
JVS_JVSMuSiC,mert_l3,3,73,60_20_20_speaker_disjoint,False,acoustic_full_plus_mode,classic,logf0_mean;logf0_std;logf0_p05;logf0_p50;logf0_p95;logf0_range;rms_mean;rms_std;duration_s;voiced_rate;energy_mean;energy_std;mode_dummy,S->G,20,0.05,15,20,0.75,0.55,0.95,0.75,1.0,0.6698214285714287,0.9418749999999998,0.25377151214863297,0.40671689776325853,0.9,0.8257936507936506,1.0,0.33611511879498135,0.45,0.708375,0.9777992095292772,10
JVS_JVSMuSiC,mert_l3,3,73,60_20_20_speaker_disjoint,False,acoustic_full_plus_mode,classic,logf0_mean;logf0_std;logf0_p05;logf0_p50;logf0_p95;logf0_range;rms_mean;rms_std;duration_s;voiced_rate;energy_mean;energy_std;mode_dummy,G->S,20,0.05,13,20,0.65,0.45,0.85,0.69875,1.0,0.5714623015873016,0.9016666666666666,0.25252198242235047,0.4129981317991238,0.85,0.7441269841269842,1.0,0.33611511879498135,0.4,0.708375,0.9777992095292772,10
JVS_JVSMuSiC,mert_l3,3,73,60_20_20_speaker_disjoint,False,single_group_f0,mean_preserving,logf0_mean;logf0_std;logf0_p05;logf0_p50;logf0_p95;logf0_range,S->G,20,0.05,4,20,0.2,0.05,0.4,0.3,0.7,0.19976844856532355,0.4992393353174603,0.0025201037842453302,0.007935124948351706,0.5,0.34383623321123324,5.5,0.005290902314063794,-0.09999999999999998,1.0,0.006134868276342131,5
JVS_JVSMuSiC,mert_l3,3,73,60_20_20_speaker_disjoint,False,single_group_f0,mean_preserving,logf0_mean;logf0_std;logf0_p05;logf0_p50;logf0_p95;logf0_range,G->S,20,0.05,4,20,0.2,0.05,0.4,0.5,0.9,0.2746899801587302,0.5453720238095238,0.0033640076254966757,0.007354783864952399,0.7,0.4031746031746032,3.0,0.005290902314063756,-0.04999999999999999,1.0,0.006134868276342131,5
JVS_JVSMuSiC,mert_l3,3,73,60_20_20_speaker_disjoint,False,single_group_energy,mean_preserving,rms_mean;rms_std;energy_mean;energy_std,S->G,20,0.05,10,20,0.5,0.3,0.7,0.65,0.95,0.4851006944444445,0.8166666666666667,0.00367120156740044,0.011178379522885999,0.8,0.6451388888888889,1.5,0.008197779809669199,0.2,0.99475,0.0051133683068010916,3
JVS_JVSMuSiC,mert_l3,3,73,60_20_20_speaker_disjoint,False,single_group_energy,mean_preserving,rms_mean;rms_std;energy_mean;energy_std,G->S,20,0.05,11,20,0.55,0.35,0.75,0.7,1.0,0.5302708333333334,0.8444791666666667,0.005662472050798372,0.010730143424406004,0.85,0.6911111111111111,1.0,0.008197779809669176,0.30000000000000004,0.99475,0.0051133683068010916,3
JVS_JVSMuSiC,mert_l3,3,73,60_20_20_speaker_disjoint,False,single_group_duration,mean_preserving,duration_s,S->G,20,0.05,10,20,0.5,0.3,0.7,1.0,1.0,0.5341458333333333,0.8183333333333334,0.00815506728617424,0.010347228089424825,1.0,0.6825,1.5,0.009211305549612431,0.2,0.912875,0.002442497595766313,1
JVS_JVSMuSiC,mert_l3,3,73,60_20_20_speaker_disjoint,False,single_group_duration,mean_preserving,duration_s,G->S,20,0.05,14,20,0.7,0.5,0.9,1.0,1.0,0.6748958333333334,0.9375,0.007666356372969639,0.010998464481076997,1.0,0.8083333333333332,1.0,0.009211305549612397,0.44999999999999996,0.912875,0.002442497595766313,1
JVS_JVSMuSiC,mert_l3,3,73,60_20_20_speaker_disjoint,False,single_group_voicing,mean_preserving,voiced_rate,S->G,20,0.05,6,20,0.3,0.1,0.5,0.55,0.9,0.29226199494949495,0.6172944624819625,0.006394871687860031,0.01160518778032399,0.75,0.45331529581529584,3.5,0.009001361839152655,0.0,1.0,0.0,0
JVS_JVSMuSiC,mert_l3,3,73,60_20_20_speaker_disjoint,False,single_group_voicing,mean_preserving,voiced_rate,G->S,20,0.05,5,20,0.25,0.1,0.45,0.7,1.0,0.33512847222222214,0.6264305555555555,0.007154326472802247,0.010857770753404038,0.85,0.4809722222222222,3.0,0.00900136183915266,0.0,1.0,0.0,0
JVS_JVSMuSiC,mert_l3,3,73,60_20_20_speaker_disjoint,False,full_minus_f0,mean_preserving,rms_mean;rms_std;duration_s;voiced_rate;energy_mean;energy_std,S->G,20,0.05,7,20,0.35,0.15,0.55,0.65,1.0,0.38829166666666665,0.7,0.00217880609569978,0.011382753088770846,0.85,0.5466666666666667,2.0,0.00789153222406298,0.04999999999999999,0.853,0.006470823701900552,4
JVS_JVSMuSiC,mert_l3,3,73,60_20_20_speaker_disjoint,False,full_minus_f0,mean_preserving,rms_mean;rms_std;duration_s;voiced_rate;energy_mean;energy_std,G->S,20,0.05,12,20,0.6,0.4,0.8,0.75,1.0,0.587482638888889,0.8813194444444443,0.005576745538665966,0.0102461117596811,0.9,0.7381944444444445,1.0,0.00789153222406302,0.35,0.853,0.006470823701900552,4
JVS_JVSMuSiC,mert_l3,3,73,60_20_20_speaker_disjoint,False,full_minus_energy,mean_preserving,logf0_mean;logf0_std;logf0_p05;logf0_p50;logf0_p95;logf0_range;duration_s;voiced_rate,S->G,20,0.05,8,20,0.4,0.2,0.6,0.75,1.0,0.4495892857142857,0.75,0.004312219980377174,0.006351270439128598,0.9,0.5971428571428572,2.0,0.0053348333981572404,0.10000000000000003,0.89475,0.008554461363037835,6
JVS_JVSMuSiC,mert_l3,3,73,60_20_20_speaker_disjoint,False,full_minus_energy,mean_preserving,logf0_mean;logf0_std;logf0_p05;logf0_p50;logf0_p95;logf0_range;duration_s;voiced_rate,G->S,20,0.05,14,20,0.7,0.5,0.9,0.85,1.0,0.6449722222222223,0.9305555555555556,0.00413686065633799,0.006617984681775672,0.95,0.7905555555555556,1.0,0.005334833398157185,0.44999999999999996,0.89475,0.008554461363037835,6
JVS_JVSMuSiC,mert_l3,3,73,60_20_20_speaker_disjoint,False,full_minus_duration,mean_preserving,logf0_mean;logf0_std;logf0_p05;logf0_p50;logf0_p95;logf0_range;rms_mean;rms_std;voiced_rate;energy_mean;energy_std,S->G,20,0.05,8,20,0.4,0.2,0.6,0.65,0.95,0.4036771561771561,0.7238312728937728,0.0013303448861769127,0.008330134461856957,0.8,0.5638677988677989,2.0,0.00552480231582469,0.10000000000000003,0.994875,0.010586745653920482,8
JVS_JVSMuSiC,mert_l3,3,73,60_20_20_speaker_disjoint,False,full_minus_duration,mean_preserving,logf0_mean;logf0_std;logf0_p05;logf0_p50;logf0_p95;logf0_range;rms_mean;rms_std;voiced_rate;energy_mean;energy_std,G->S,20,0.05,11,20,0.55,0.3,0.75,0.7,1.0,0.4973273809523809,0.8350119047619047,0.0040479831797332125,0.007126869757909159,0.85,0.6715476190476191,1.0,0.005524802315824767,0.30000000000000004,0.994875,0.010586745653920482,8
JVS_JVSMuSiC,mert_l3,3,73,60_20_20_speaker_disjoint,False,full_minus_voicing,mean_preserving,logf0_mean;logf0_std;logf0_p05;logf0_p50;logf0_p95;logf0_range;rms_mean;rms_std;duration_s;energy_mean;energy_std,S->G,20,0.05,7,20,0.35,0.15,0.55,0.6,0.95,0.37478125,0.696703125,-3.5141394403313808e-06,0.008447857296183905,0.8,0.534375,2.5,0.005252854546114366,0.04999999999999999,0.87625,0.01197525717902681,9
JVS_JVSMuSiC,mert_l3,3,73,60_20_20_speaker_disjoint,False,full_minus_voicing,mean_preserving,logf0_mean;logf0_std;logf0_p05;logf0_p50;logf0_p95;logf0_range;rms_mean;rms_std;duration_s;energy_mean;energy_std,G->S,20,0.05,13,20,0.65,0.45,0.85,0.75,1.0,0.6068809523809523,0.9017083333333332,0.003950840085213038,0.006637069801928673,0.9,0.7585714285714287,1.0,0.00525285454611441,0.4,0.87625,0.01197525717902681,9
JVS_JVSMuSiC,mert_l3,3,73,60_20_20_speaker_disjoint,False,row_shuffled_nuisance,mean_preserving,logf0_mean;logf0_std;logf0_p05;logf0_p50;logf0_p95;logf0_range;rms_mean;rms_std;duration_s;voiced_rate;energy_mean;energy_std,S->G,20,0.05,5,20,0.25,0.05,0.45,0.5,0.9,0.2962463474025974,0.5924166666666666,0.006812001512834241,0.012284401984158179,0.7,0.4382359307359308,3.5,0.009556965183302879,-0.04999999999999999,1.0,-0.0004243702668693672,9
JVS_JVSMuSiC,mert_l3,3,73,60_20_20_speaker_disjoint,False,row_shuffled_nuisance,mean_preserving,logf0_mean;logf0_std;logf0_p05;logf0_p50;logf0_p95;logf0_range;rms_mean;rms_std;duration_s;voiced_rate;energy_mean;energy_std,G->S,20,0.05,5,20,0.25,0.1,0.45,0.6,0.95,0.3105208333333333,0.6082013888888886,0.007465784806704627,0.01162984841773427,0.8,0.4552777777777777,3.5,0.009556965183302879,0.0,1.0,-0.0004243702668693672,9
JVS_JVSMuSiC,mert_l3,3,73,60_20_20_speaker_disjoint,False,random_gaussian_nuisance,mean_preserving,logf0_mean;logf0_std;logf0_p05;logf0_p50;logf0_p95;logf0_range;rms_mean;rms_std;duration_s;voiced_rate;energy_mean;energy_std,S->G,20,0.05,5,20,0.25,0.05,0.45,0.5,0.9,0.3289672619047619,0.61228125,0.0064103440710115995,0.01158505761093401,0.7,0.4668452380952381,2.5,0.009179231432730256,-0.04999999999999999,1.0,3.5711186222697755e-05,12
JVS_JVSMuSiC,mert_l3,3,73,60_20_20_speaker_disjoint,False,random_gaussian_nuisance,mean_preserving,logf0_mean;logf0_std;logf0_p05;logf0_p50;logf0_p95;logf0_range;rms_mean;rms_std;duration_s;voiced_rate;energy_mean;energy_std,G->S,20,0.05,5,20,0.25,0.05,0.45,0.7,1.0,0.3463819444444444,0.6210763888888888,0.0073697069573432205,0.01097453830475853,0.85,0.4793055555555556,3.0,0.009179231432730245,0.0,1.0,3.5711186222697755e-05,12
JVS_JVSMuSiC,mert_l3,3,73,60_20_20_speaker_disjoint,False,random_low_rank_projection,mean_preserving,random_dir_0;random_dir_1;random_dir_2;random_dir_3;random_dir_4;random_dir_5;random_dir_6;random_dir_7;random_dir_8;random_dir_9;random_dir_10;random_dir_11,S->G,20,0.05,6,20,0.3,0.1,0.5,0.55,0.95,0.2993668831168831,0.6166706349206348,0.006557571877189904,0.011489339928099957,0.75,0.45331529581529584,3.5,0.008952870962134447,0.0,1.0,0.00026352804120999274,12
JVS_JVSMuSiC,mert_l3,3,73,60_20_20_speaker_disjoint,False,random_low_rank_projection,mean_preserving,random_dir_0;random_dir_1;random_dir_2;random_dir_3;random_dir_4;random_dir_5;random_dir_6;random_dir_7;random_dir_8;random_dir_9;random_dir_10;random_dir_11,G->S,20,0.05,5,20,0.25,0.05,0.45,0.65,1.0,0.3534409722222222,0.6180625000000001,0.007051798695488466,0.010757970184496979,0.85,0.4851388888888889,3.0,0.008952870962134468,0.0,1.0,0.00026352804120999274,12
JVS_JVSMuSiC,mert_l3,3,79,60_20_20_speaker_disjoint,False,raw,raw,,S->G,20,0.05,5,20,0.25,0.1,0.45,0.65,0.95,0.31392234848484846,0.6188484848484846,0.007675871500950335,0.014731901894847356,0.8,0.45992424242424246,3.0,0.01133518701408549,0.0,1.0,0.0,0
JVS_JVSMuSiC,mert_l3,3,79,60_20_20_speaker_disjoint,False,raw,raw,,G->S,20,0.05,7,20,0.35,0.15,0.55,0.6,0.95,0.40343352113572695,0.6992226094983448,0.008535694319057305,0.013931289242453699,0.8,0.5500461548255665,2.0,0.011335187014085535,0.0,1.0,0.0,0
JVS_JVSMuSiC,mert_l3,3,79,60_20_20_speaker_disjoint,False,center_only_classic,classic,,S->G,20,0.05,14,20,0.7,0.5,0.9,1.0,1.0,0.6966666666666667,0.925,0.3044897224964603,0.3936257513165311,1.0,0.8266666666666665,1.0,0.3472176024605399,0.44999999999999996,1.0,0.9664759499420376,0
JVS_JVSMuSiC,mert_l3,3,79,60_20_20_speaker_disjoint,False,center_only_classic,classic,,G->S,20,0.05,6,20,0.3,0.1,0.5,0.7,1.0,0.42617559523809534,0.6905580357142856,0.29925726189803503,0.3992606856052974,0.85,0.5592261904761904,2.0,0.34721760246053984,-0.04999999999999999,1.0,0.9664759499420376,0
JVS_JVSMuSiC,mert_l3,3,79,60_20_20_speaker_disjoint,False,mode_dummy_only,mean_preserving,mode_dummy,S->G,20,0.05,14,20,0.7,0.5,0.9,0.85,1.0,0.658298611111111,0.9305555555555556,0.009709842092169112,0.012876705048780178,0.95,0.8013888888888889,1.0,0.011373658325852177,0.44999999999999996,0.537625,0.002537395228767614,1
JVS_JVSMuSiC,mert_l3,3,79,60_20_20_speaker_disjoint,False,mode_dummy_only,mean_preserving,mode_dummy,G->S,20,0.05,17,20,0.85,0.69875,1.0,0.75,1.0,0.7582638888888888,1.0,0.009937713369484463,0.012949398315501822,0.9,0.888888888888889,1.0,0.011373658325852127,0.5,0.537625,0.002537395228767614,1
JVS_JVSMuSiC,mert_l3,3,79,60_20_20_speaker_disjoint,False,mode_dummy_only,classic,mode_dummy,S->G,20,0.05,17,20,0.85,0.7,1.0,1.0,1.0,0.8166666666666668,1.0,0.4684180654246026,0.5744705358808063,1.0,0.9166666666666666,1.0,0.5195765738861046,0.6,0.537625,0.9690133451708056,1
JVS_JVSMuSiC,mert_l3,3,79,60_20_20_speaker_disjoint,False,mode_dummy_only,classic,mode_dummy,G->S,20,0.05,17,20,0.85,0.7,1.0,0.85,1.0,0.7804861111111111,1.0,0.4545101891007394,0.5833884967442684,0.95,0.8972222222222221,1.0,0.5195765738861047,0.5,0.537625,0.9690133451708056,1
JVS_JVSMuSiC,mert_l3,3,79,60_20_20_speaker_disjoint,False,acoustic_full_no_mode,mean_preserving,logf0_mean;logf0_std;logf0_p05;logf0_p50;logf0_p95;logf0_range;rms_mean;rms_std;duration_s;voiced_rate;energy_mean;energy_std,S->G,20,0.05,13,20,0.65,0.45,0.85,0.7,1.0,0.554333916083916,0.8872083333333334,0.004784841455193939,0.00749643195889707,0.85,0.7217249417249417,1.0,0.006185088218877649,0.4,0.865125,0.011181486718866429,9
JVS_JVSMuSiC,mert_l3,3,79,60_20_20_speaker_disjoint,False,acoustic_full_no_mode,mean_preserving,logf0_mean;logf0_std;logf0_p05;logf0_p50;logf0_p95;logf0_range;rms_mean;rms_std;duration_s;voiced_rate;energy_mean;energy_std,G->S,20,0.05,17,20,0.85,0.65,1.0,0.75,1.0,0.7400717703349282,1.0,0.004642861184226752,0.0074265787381677315,0.9,0.882177033492823,1.0,0.006185088218877632,0.5,0.865125,0.011181486718866429,9
JVS_JVSMuSiC,mert_l3,3,79,60_20_20_speaker_disjoint,False,acoustic_full_no_mode,classic,logf0_mean;logf0_std;logf0_p05;logf0_p50;logf0_p95;logf0_range;rms_mean;rms_std;duration_s;voiced_rate;energy_mean;energy_std,S->G,20,0.05,17,20,0.85,0.7,1.0,0.85,1.0,0.7615555555555555,1.0,0.31400457660661,0.4397690468541422,0.95,0.8905555555555555,1.0,0.381924404828016,0.6,0.865125,0.9776415605358012,9
JVS_JVSMuSiC,mert_l3,3,79,60_20_20_speaker_disjoint,False,acoustic_full_no_mode,classic,logf0_mean;logf0_std;logf0_p05;logf0_p50;logf0_p95;logf0_range;rms_mean;rms_std;duration_s;voiced_rate;energy_mean;energy_std,G->S,20,0.05,16,20,0.8,0.6,0.95,0.75,1.0,0.7291666666666667,0.975,0.31333104839007714,0.44061200601683737,0.9,0.8645833333333334,1.0,0.3819244048280159,0.45000000000000007,0.865125,0.9776415605358012,9
JVS_JVSMuSiC,mert_l3,3,79,60_20_20_speaker_disjoint,False,acoustic_full_plus_mode,mean_preserving,logf0_mean;logf0_std;logf0_p05;logf0_p50;logf0_p95;logf0_range;rms_mean;rms_std;duration_s;voiced_rate;energy_mean;energy_std;mode_dummy,S->G,20,0.05,13,20,0.65,0.45,0.85,0.7,1.0,0.5546037296037296,0.8878787878787877,0.0043927981373297195,0.007503353144113804,0.85,0.7247377622377622,1.0,0.006034549838412967,0.4,0.576375,0.011524987350273186,10
JVS_JVSMuSiC,mert_l3,3,79,60_20_20_speaker_disjoint,False,acoustic_full_plus_mode,mean_preserving,logf0_mean;logf0_std;logf0_p05;logf0_p50;logf0_p95;logf0_range;rms_mean;rms_std;duration_s;voiced_rate;energy_mean;energy_std;mode_dummy,G->S,20,0.05,16,20,0.8,0.6,0.95,0.75,1.0,0.7128355263157895,0.975,0.004533190383721643,0.007233392781614248,0.9,0.8576315789473685,1.0,0.006034549838412962,0.45000000000000007,0.576375,0.011524987350273186,10
JVS_JVSMuSiC,mert_l3,3,79,60_20_20_speaker_disjoint,False,acoustic_full_plus_mode,classic,logf0_mean;logf0_std;logf0_p05;logf0_p50;logf0_p95;logf0_range;rms_mean;rms_std;duration_s;voiced_rate;energy_mean;energy_std;mode_dummy,S->G,20,0.05,17,20,0.85,0.65,1.0,0.75,1.0,0.7680492424242424,1.0,0.3165919224576327,0.44340416613133155,0.9,0.8878787878787879,1.0,0.38194392652581033,0.6,0.576375,0.9779864577825836,10
JVS_JVSMuSiC,mert_l3,3,79,60_20_20_speaker_disjoint,False,acoustic_full_plus_mode,classic,logf0_mean;logf0_std;logf0_p05;logf0_p50;logf0_p95;logf0_range;rms_mean;rms_std;duration_s;voiced_rate;energy_mean;energy_std;mode_dummy,G->S,20,0.05,16,20,0.8,0.6,0.95,0.75,1.0,0.7166666666666667,0.975,0.3175583014661091,0.4414228800956493,0.9,0.8638888888888889,1.0,0.3819439265258104,0.45000000000000007,0.576375,0.9779864577825836,10
JVS_JVSMuSiC,mert_l3,3,79,60_20_20_speaker_disjoint,False,single_group_f0,mean_preserving,logf0_mean;logf0_std;logf0_p05;logf0_p50;logf0_p95;logf0_range,S->G,20,0.05,4,20,0.2,0.05,0.4,0.3,0.7,0.183982931998557,0.4915719471500721,0.0027917764505377817,0.010290771601062176,0.5,0.3327696608946609,5.5,0.006693887935461579,-0.04999999999999999,1.0,0.0055519887158095305,5
JVS_JVSMuSiC,mert_l3,3,79,60_20_20_speaker_disjoint,False,single_group_f0,mean_preserving,logf0_mean;logf0_std;logf0_p05;logf0_p50;logf0_p95;logf0_range,G->S,20,0.05,4,20,0.2,0.05,0.4,0.55,0.95,0.307822192513369,0.5787121212121212,0.0031112253819199375,0.009648944437112969,0.75,0.4341532976827095,3.0,0.006693887935461618,-0.14999999999999997,1.0,0.0055519887158095305,5
JVS_JVSMuSiC,mert_l3,3,79,60_20_20_speaker_disjoint,False,single_group_energy,mean_preserving,rms_mean;rms_std;energy_mean;energy_std,S->G,20,0.05,10,20,0.5,0.3,0.7,0.6,0.95,0.4864682539682539,0.8073115079365079,0.008842502052267493,0.012475990495145103,0.8,0.6543650793650794,1.5,0.010600954662917144,0.25,0.9645,0.005103991703854893,3
JVS_JVSMuSiC,mert_l3,3,79,60_20_20_speaker_disjoint,False,single_group_energy,mean_preserving,rms_mean;rms_std;energy_mean;energy_std,G->S,20,0.05,17,20,0.85,0.7,1.0,0.75,1.0,0.7582638888888888,1.0,0.008917600619803923,0.012530731037537745,0.9,0.888888888888889,1.0,0.010600954662917139,0.5,0.9645,0.005103991703854893,3
JVS_JVSMuSiC,mert_l3,3,79,60_20_20_speaker_disjoint,False,single_group_duration,mean_preserving,duration_s,S->G,20,0.05,15,20,0.75,0.55,0.95,0.85,1.0,0.6787395833333334,0.9601666666666665,0.010353071380676883,0.013264037923702572,0.95,0.8245833333333333,1.0,0.011679612306945548,0.5,0.87275,0.0024268631030244237,1
JVS_JVSMuSiC,mert_l3,3,79,60_20_20_speaker_disjoint,False,single_group_duration,mean_preserving,duration_s,G->S,20,0.05,16,20,0.8,0.6,0.95,0.75,1.0,0.7310416666666668,0.975,0.01003558938816421,0.013671566241870312,0.9,0.8628787878787879,1.0,0.01167961230694558,0.45000000000000007,0.87275,0.0024268631030244237,1
JVS_JVSMuSiC,mert_l3,3,79,60_20_20_speaker_disjoint,False,single_group_voicing,mean_preserving,voiced_rate,S->G,20,0.05,5,20,0.25,0.05,0.45,0.6,0.95,0.32021969696969693,0.6187443181818182,0.007692399823777003,0.01467246362879041,0.8,0.45992424242424246,3.0,0.01133518701408549,0.0,1.0,0.0,0
JVS_JVSMuSiC,mert_l3,3,79,60_20_20_speaker_disjoint,False,single_group_voicing,mean_preserving,voiced_rate,G->S,20,0.05,7,20,0.35,0.15,0.55,0.6,0.95,0.396583110516934,0.7014263830532214,0.008476852479712336,0.014071813305384205,0.8,0.5500461548255665,2.0,0.011335187014085535,0.0,1.0,0.0,0
JVS_JVSMuSiC,mert_l3,3,79,60_20_20_speaker_disjoint,False,full_minus_f0,mean_preserving,rms_mean;rms_std;duration_s;voiced_rate;energy_mean;energy_std,S->G,20,0.05,13,20,0.65,0.45,0.85,0.7,1.0,0.6043303571428571,0.8946428571428571,0.008816843209652075,0.01180796069697332,0.85,0.7557539682539682,1.0,0.010452215509158003,0.4,0.888375,0.006103043057992585,4
JVS_JVSMuSiC,mert_l3,3,79,60_20_20_speaker_disjoint,False,full_minus_f0,mean_preserving,rms_mean;rms_std;duration_s;voiced_rate;energy_mean;energy_std,G->S,20,0.05,17,20,0.85,0.65,1.0,0.75,1.0,0.76,1.0,0.008792767186282614,0.012291685716226889,0.9,0.8883333333333334,1.0,0.01045221550915798,0.5,0.888375,0.006103043057992585,4
JVS_JVSMuSiC,mert_l3,3,79,60_20_20_speaker_disjoint,False,full_minus_energy,mean_preserving,logf0_mean;logf0_std;logf0_p05;logf0_p50;logf0_p95;logf0_range;duration_s;voiced_rate,S->G,20,0.05,15,20,0.75,0.55,0.9,0.75,1.0,0.6212836538461538,0.9225,0.005239694576013628,0.008384377311755098,0.9,0.7919017094017093,1.0,0.006835216906711872,0.5,0.86125,0.007955712351564226,6
JVS_JVSMuSiC,mert_l3,3,79,60_20_20_speaker_disjoint,False,full_minus_energy,mean_preserving,logf0_mean;logf0_std;logf0_p05;logf0_p50;logf0_p95;logf0_range;duration_s;voiced_rate,G->S,20,0.05,15,20,0.75,0.55,0.95,0.75,1.0,0.6474791666666666,0.9416666666666667,0.004402915116507908,0.008528733782890688,0.9,0.8091666666666665,1.0,0.006835216906711855,0.4,0.86125,0.007955712351564226,6
JVS_JVSMuSiC,mert_l3,3,79,60_20_20_speaker_disjoint,False,full_minus_duration,mean_preserving,logf0_mean;logf0_std;logf0_p05;logf0_p50;logf0_p95;logf0_range;rms_mean;rms_std;voiced_rate;energy_mean;energy_std,S->G,20,0.05,11,20,0.55,0.3,0.75,0.6,0.95,0.5120312499999999,0.8438080357142856,0.004705991824895635,0.007950915910200244,0.8,0.6808928571428571,1.0,0.006276688465051183,0.30000000000000004,0.964875,0.0101586764770637,8
JVS_JVSMuSiC,mert_l3,3,79,60_20_20_speaker_disjoint,False,full_minus_duration,mean_preserving,logf0_mean;logf0_std;logf0_p05;logf0_p50;logf0_p95;logf0_range;rms_mean;rms_std;voiced_rate;energy_mean;energy_std,G->S,20,0.05,16,20,0.8,0.6,0.95,0.85,1.0,0.719375,0.975,0.004865137724345102,0.007709956543772578,0.95,0.8631249999999999,1.0,0.006276688465051178,0.45000000000000007,0.964875,0.0101586764770637,8
JVS_JVSMuSiC,mert_l3,3,79,60_20_20_speaker_disjoint,False,full_minus_voicing,mean_preserving,logf0_mean;logf0_std;logf0_p05;logf0_p50;logf0_p95;logf0_range;rms_mean;rms_std;duration_s;energy_mean;energy_std,S->G,20,0.05,13,20,0.65,0.45,0.85,0.7,1.0,0.5286681235431235,0.8837121212121211,0.004577019690576818,0.007589147955219637,0.85,0.7217249417249417,1.0,0.006185088218877871,0.4,0.865125,0.011181486718870315,9
JVS_JVSMuSiC,mert_l3,3,79,60_20_20_speaker_disjoint,False,full_minus_voicing,mean_preserving,logf0_mean;logf0_std;logf0_p05;logf0_p50;logf0_p95;logf0_range;rms_mean;rms_std;duration_s;energy_mean;energy_std,G->S,20,0.05,17,20,0.85,0.65,1.0,0.75,1.0,0.7419677033492823,1.0,0.004794585293916455,0.007478060463851592,0.9,0.882177033492823,1.0,0.006185088218877877,0.5,0.865125,0.011181486718870315,9
JVS_JVSMuSiC,mert_l3,3,79,60_20_20_speaker_disjoint,False,row_shuffled_nuisance,mean_preserving,logf0_mean;logf0_std;logf0_p05;logf0_p50;logf0_p95;logf0_range;rms_mean;rms_std;duration_s;voiced_rate;energy_mean;energy_std,S->G,20,0.05,5,20,0.25,0.1,0.45,0.6,0.95,0.3158087121212121,0.617530303030303,0.007764119766744559,0.014664681821989104,0.8,0.46037878787878783,3.0,0.011159862379833935,0.0,1.0,1.6863033575953423e-05,9
JVS_JVSMuSiC,mert_l3,3,79,60_20_20_speaker_disjoint,False,row_shuffled_nuisance,mean_preserving,logf0_mean;logf0_std;logf0_p05;logf0_p50;logf0_p95;logf0_range;rms_mean;rms_std;duration_s;voiced_rate;energy_mean;energy_std,G->S,20,0.05,9,20,0.45,0.25,0.65,0.6,0.95,0.4402012310606061,0.7605923295454544,0.008616585281424857,0.013772393282324916,0.8,0.6147537878787879,2.0,0.011159862379833995,0.10000000000000003,1.0,1.6863033575953423e-05,9
JVS_JVSMuSiC,mert_l3,3,79,60_20_20_speaker_disjoint,False,random_gaussian_nuisance,mean_preserving,logf0_mean;logf0_std;logf0_p05;logf0_p50;logf0_p95;logf0_range;rms_mean;rms_std;duration_s;voiced_rate;energy_mean;energy_std,S->G,20,0.05,7,20,0.35,0.15,0.55,0.55,0.9,0.33911742424242425,0.6662604166666667,0.007861824815052515,0.015291205523805786,0.75,0.49996212121212125,3.5,0.011333280594092405,0.09999999999999998,1.0,3.075580968792124e-05,12
JVS_JVSMuSiC,mert_l3,3,79,60_20_20_speaker_disjoint,False,random_gaussian_nuisance,mean_preserving,logf0_mean;logf0_std;logf0_p05;logf0_p50;logf0_p95;logf0_range;rms_mean;rms_std;duration_s;voiced_rate;energy_mean;energy_std,G->S,20,0.05,7,20,0.35,0.15,0.55,0.6,0.95,0.4011101641414141,0.708919191919192,0.008585766648719155,0.01421724250423593,0.8,0.5530176767676768,2.0,0.011333280594092438,0.0,1.0,3.075580968792124e-05,12
JVS_JVSMuSiC,mert_l3,3,79,60_20_20_speaker_disjoint,False,random_low_rank_projection,mean_preserving,random_dir_0;random_dir_1;random_dir_2;random_dir_3;random_dir_4;random_dir_5;random_dir_6;random_dir_7;random_dir_8;random_dir_9;random_dir_10;random_dir_11,S->G,20,0.05,5,20,0.25,0.05,0.45,0.6,0.95,0.3237007575757576,0.6150416666666666,0.007700703055563778,0.014648000168599162,0.8,0.45992424242424246,3.0,0.01127881684875497,0.0,1.0,0.0002902756026740283,12
JVS_JVSMuSiC,mert_l3,3,79,60_20_20_speaker_disjoint,False,random_low_rank_projection,mean_preserving,random_dir_0;random_dir_1;random_dir_2;random_dir_3;random_dir_4;random_dir_5;random_dir_6;random_dir_7;random_dir_8;random_dir_9;random_dir_10;random_dir_11,G->S,20,0.05,7,20,0.35,0.15,0.55,0.65,0.95,0.39994421632289284,0.7029761904761904,0.008356182178779252,0.013957951634950344,0.8,0.5509390119684238,2.0,0.01127881684875497,0.0,1.0,0.0002902756026740283,12
JVS_JVSMuSiC,mert_l3,3,83,60_20_20_speaker_disjoint,False,raw,raw,,S->G,20,0.05,7,20,0.35,0.15,0.55,0.4,0.8,0.35221180555555553,0.6871443452380953,0.008336571382522383,0.014962278625447753,0.6,0.5176984126984127,2.0,0.011611244285062656,0.0,1.0,0.0,0
JVS_JVSMuSiC,mert_l3,3,83,60_20_20_speaker_disjoint,False,raw,raw,,G->S,20,0.05,8,20,0.4,0.2,0.6,0.35,0.75,0.3291602182539683,0.6888253968253968,0.007817237582614331,0.015430768315545795,0.55,0.5140873015873015,3.5,0.011611244285062678,0.0,1.0,0.0,0
JVS_JVSMuSiC,mert_l3,3,83,60_20_20_speaker_disjoint,False,center_only_classic,classic,,S->G,20,0.05,14,20,0.7,0.5,0.9,1.0,1.0,0.6433333333333333,0.925,0.32031319364959554,0.4065038046224361,1.0,0.7891666666666666,1.0,0.3642533835865861,0.35,1.0,0.9665097501404409,0
JVS_JVSMuSiC,mert_l3,3,83,60_20_20_speaker_disjoint,False,center_only_classic,classic,,G->S,20,0.05,8,20,0.4,0.2,0.6,0.4,0.85,0.35831547619047616,0.7062222222222222,0.26796992815123827,0.46511842802584874,0.65,0.5282539682539682,3.5,0.36425338358658604,0.0,1.0,0.9665097501404409,0
JVS_JVSMuSiC,mert_l3,3,83,60_20_20_speaker_disjoint,False,mode_dummy_only,mean_preserving,mode_dummy,S->G,20,0.05,15,20,0.75,0.55,0.9,1.0,1.0,0.7333333333333333,0.95,0.0097926738757089,0.01342027573698352,1.0,0.8541666666666666,1.0,0.011616255821537197,0.4,0.480625,0.002538277768922015,1
JVS_JVSMuSiC,mert_l3,3,83,60_20_20_speaker_disjoint,False,mode_dummy_only,mean_preserving,mode_dummy,G->S,20,0.05,15,20,0.75,0.55,0.95,0.85,1.0,0.6873958333333334,0.9502083333333331,0.010266226334201146,0.012913222451002996,0.95,0.825,1.0,0.011616255821537214,0.35,0.480625,0.002538277768922015,1
JVS_JVSMuSiC,mert_l3,3,83,60_20_20_speaker_disjoint,False,mode_dummy_only,classic,mode_dummy,S->G,20,0.05,17,20,0.85,0.7,1.0,1.0,1.0,0.7498958333333333,1.0,0.48519441326144014,0.5905732759514647,1.0,0.8916666666666666,1.0,0.5409025553278908,0.5,0.480625,0.969048027909363,1
JVS_JVSMuSiC,mert_l3,3,83,60_20_20_speaker_disjoint,False,mode_dummy_only,classic,mode_dummy,G->S,20,0.05,14,20,0.7,0.5,0.9,1.0,1.0,0.665,0.9351666666666665,0.47963426373031426,0.5966125229971964,1.0,0.8116666666666665,1.0,0.5409025553278908,0.29999999999999993,0.480625,0.969048027909363,1
JVS_JVSMuSiC,mert_l3,3,83,60_20_20_speaker_disjoint,False,acoustic_full_no_mode,mean_preserving,logf0_mean;logf0_std;logf0_p05;logf0_p50;logf0_p95;logf0_range;rms_mean;rms_std;duration_s;voiced_rate;energy_mean;energy_std,S->G,20,0.05,11,20,0.55,0.35,0.75,0.4,0.85,0.41960299953314656,0.7960705532212885,0.004075815837202118,0.008473433404658589,0.65,0.6157784780578898,1.0,0.006312565443986196,0.20000000000000007,0.839875,0.011511478959040256,9
JVS_JVSMuSiC,mert_l3,3,83,60_20_20_speaker_disjoint,False,acoustic_full_no_mode,mean_preserving,logf0_mean;logf0_std;logf0_p05;logf0_p50;logf0_p95;logf0_range;rms_mean;rms_std;duration_s;voiced_rate;energy_mean;energy_std,G->S,20,0.05,15,20,0.75,0.55,0.9,0.6,0.95,0.6114166480986333,0.9222222222222222,0.004746091867008718,0.007905161564890899,0.8,0.7859588532382651,1.0,0.006312565443986146,0.35,0.839875,0.011511478959040256,9
JVS_JVSMuSiC,mert_l3,3,83,60_20_20_speaker_disjoint,False,acoustic_full_no_mode,classic,logf0_mean;logf0_std;logf0_p05;logf0_p50;logf0_p95;logf0_range;rms_mean;rms_std;duration_s;voiced_rate;energy_mean;energy_std,S->G,20,0.05,15,20,0.75,0.55,0.9,0.75,1.0,0.66,0.9333333333333332,0.3014012645606599,0.4449200913225342,0.9,0.8133333333333332,1.0,0.37069384729390453,0.4,0.839875,0.9776419758307627,9
JVS_JVSMuSiC,mert_l3,3,83,60_20_20_speaker_disjoint,False,acoustic_full_no_mode,classic,logf0_mean;logf0_std;logf0_p05;logf0_p50;logf0_p95;logf0_range;rms_mean;rms_std;duration_s;voiced_rate;energy_mean;energy_std,G->S,20,0.05,12,20,0.6,0.4,0.8,0.7,1.0,0.5824895833333334,0.8833333333333332,0.29391493916732647,0.44529824798583545,0.85,0.7362500000000001,1.0,0.3706938472939045,0.19999999999999996,0.839875,0.9776419758307627,9
JVS_JVSMuSiC,mert_l3,3,83,60_20_20_speaker_disjoint,False,acoustic_full_plus_mode,mean_preserving,logf0_mean;logf0_std;logf0_p05;logf0_p50;logf0_p95;logf0_range;rms_mean;rms_std;duration_s;voiced_rate;energy_mean;energy_std;mode_dummy,S->G,20,0.05,10,20,0.5,0.3,0.7,0.45,0.85,0.40455249183006536,0.7643437499999999,0.004315560527154908,0.00821986666449174,0.65,0.5861356209150327,1.5,0.006329938410102426,0.15000000000000002,0.43925,0.011801619886568915,10
JVS_JVSMuSiC,mert_l3,3,83,60_20_20_speaker_disjoint,False,acoustic_full_plus_mode,mean_preserving,logf0_mean;logf0_std;logf0_p05;logf0_p50;logf0_p95;logf0_range;rms_mean;rms_std;duration_s;voiced_rate;energy_mean;energy_std;mode_dummy,G->S,20,0.05,14,20,0.7,0.5,0.9,0.6,0.95,0.6123423202614379,0.9133472222222223,0.004697604481070948,0.00786781386107584,0.8,0.7718300653594772,1.0,0.006329938410102464,0.29999999999999993,0.43925,0.011801619886568915,10
JVS_JVSMuSiC,mert_l3,3,83,60_20_20_speaker_disjoint,False,acoustic_full_plus_mode,classic,logf0_mean;logf0_std;logf0_p05;logf0_p50;logf0_p95;logf0_range;rms_mean;rms_std;duration_s;voiced_rate;energy_mean;energy_std;mode_dummy,S->G,20,0.05,15,20,0.75,0.55,0.95,0.75,1.0,0.675,0.95,0.3028454814526294,0.45216192059723653,0.9,0.8208333333333334,1.0,0.37753198276130673,0.4,0.43925,0.9779872582477198,10
JVS_JVSMuSiC,mert_l3,3,83,60_20_20_speaker_disjoint,False,acoustic_full_plus_mode,classic,logf0_mean;logf0_std;logf0_p05;logf0_p50;logf0_p95;logf0_range;rms_mean;rms_std;duration_s;voiced_rate;energy_mean;energy_std;mode_dummy,G->S,20,0.05,14,20,0.7,0.5,0.9,0.75,1.0,0.6416517857142857,0.9321428571428572,0.30003914285012945,0.4503355350675272,0.9,0.7946428571428571,1.0,0.37753198276130673,0.29999999999999993,0.43925,0.9779872582477198,10
JVS_JVSMuSiC,mert_l3,3,83,60_20_20_speaker_disjoint,False,single_group_f0,mean_preserving,logf0_mean;logf0_std;logf0_p05;logf0_p50;logf0_p95;logf0_range,S->G,20,0.05,4,20,0.2,0.05,0.4,0.25,0.65,0.2273789629488159,0.524013189935065,0.0030462625061005266,0.010443058483280969,0.45,0.3664449643493761,6.5,0.006716182086166816,-0.14999999999999997,1.0,0.00540248002972199,5
JVS_JVSMuSiC,mert_l3,3,83,60_20_20_speaker_disjoint,False,single_group_f0,mean_preserving,logf0_mean;logf0_std;logf0_p05;logf0_p50;logf0_p95;logf0_range,G->S,20,0.05,7,20,0.35,0.15,0.55,0.4,0.8,0.29908856074481066,0.6550857371794871,0.00243682781937762,0.010675159838880422,0.6,0.47847909035409036,3.0,0.006716182086166816,-0.050000000000000044,1.0,0.00540248002972199,5
JVS_JVSMuSiC,mert_l3,3,83,60_20_20_speaker_disjoint,False,single_group_energy,mean_preserving,rms_mean;rms_std;energy_mean;energy_std,S->G,20,0.05,9,20,0.45,0.25,0.65,0.45,0.85,0.40059090909090916,0.7438425324675325,0.00759173478003798,0.014643734415204593,0.65,0.5700811688311689,2.0,0.011271586913425818,0.10000000000000003,0.981625,0.0053467783615918085,3
JVS_JVSMuSiC,mert_l3,3,83,60_20_20_speaker_disjoint,False,single_group_energy,mean_preserving,rms_mean;rms_std;energy_mean;energy_std,G->S,20,0.05,12,20,0.6,0.4,0.8,0.75,1.0,0.6033333333333333,0.875,0.009727815607925005,0.012917773746807052,0.9,0.7391666666666666,1.0,0.011271586913425858,0.19999999999999996,0.981625,0.0053467783615918085,3
JVS_JVSMuSiC,mert_l3,3,83,60_20_20_speaker_disjoint,False,single_group_duration,mean_preserving,duration_s,S->G,20,0.05,12,20,0.6,0.4,0.8,1.0,1.0,0.6032916666666666,0.8791666666666667,0.010155824467228444,0.013921348855975662,1.0,0.7474999999999999,1.0,0.011996544043154866,0.25,0.8055,0.0024491410524242196,1
JVS_JVSMuSiC,mert_l3,3,83,60_20_20_speaker_disjoint,False,single_group_duration,mean_preserving,duration_s,G->S,20,0.05,15,20,0.75,0.55,0.9,0.85,1.0,0.6721527777777777,0.9555555555555555,0.010311286051111163,0.013762025179959989,0.95,0.8138888888888889,1.0,0.011996544043154783,0.35,0.8055,0.0024491410524242196,1
JVS_JVSMuSiC,mert_l3,3,83,60_20_20_speaker_disjoint,False,single_group_voicing,mean_preserving,voiced_rate,S->G,20,0.05,7,20,0.35,0.15,0.55,0.4,0.8,0.35630753968253975,0.6847430555555556,0.008465679989808836,0.014819124363919262,0.6,0.5176984126984127,2.0,0.011611244285062656,0.0,1.0,0.0,0
JVS_JVSMuSiC,mert_l3,3,83,60_20_20_speaker_disjoint,False,single_group_voicing,mean_preserving,voiced_rate,G->S,20,0.05,8,20,0.4,0.2,0.6,0.35,0.75,0.33485714285714285,0.6937673611111109,0.0076773102800898295,0.01562744733330226,0.55,0.5140873015873015,3.5,0.011611244285062678,0.0,1.0,0.0,0
JVS_JVSMuSiC,mert_l3,3,83,60_20_20_speaker_disjoint,False,full_minus_f0,mean_preserving,rms_mean;rms_std;duration_s;voiced_rate;energy_mean;energy_std,S->G,20,0.05,12,20,0.6,0.4,0.8,0.5,0.9,0.5042463402825245,0.8363189935064934,0.007845905970763872,0.013674046403800249,0.7,0.6714032239690134,1.0,0.010955332348846585,0.25,0.74425,0.006338760528681209,4
JVS_JVSMuSiC,mert_l3,3,83,60_20_20_speaker_disjoint,False,full_minus_f0,mean_preserving,rms_mean;rms_std;duration_s;voiced_rate;energy_mean;energy_std,G->S,20,0.05,15,20,0.75,0.55,0.95,0.75,1.0,0.6359657738095238,0.9266666666666665,0.009390484278798128,0.012662139754371873,0.9,0.8025595238095239,1.0,0.01095533234884657,0.35,0.74425,0.006338760528681209,4
JVS_JVSMuSiC,mert_l3,3,83,60_20_20_speaker_disjoint,False,full_minus_energy,mean_preserving,logf0_mean;logf0_std;logf0_p05;logf0_p50;logf0_p95;logf0_range;duration_s;voiced_rate,S->G,20,0.05,10,20,0.5,0.3,0.7,0.55,0.9,0.4618472222222222,0.8008749999999999,0.005157265470386367,0.008785492531846403,0.75,0.6276388888888889,1.5,0.006917273335598944,0.15000000000000002,0.8125,0.007808336963457951,6
JVS_JVSMuSiC,mert_l3,3,83,60_20_20_speaker_disjoint,False,full_minus_energy,mean_preserving,logf0_mean;logf0_std;logf0_p05;logf0_p50;logf0_p95;logf0_range;duration_s;voiced_rate,G->S,20,0.05,15,20,0.75,0.55,0.95,0.6,0.95,0.5970531655844155,0.9545454545454545,0.0047343040871905325,0.009000019066880817,0.8,0.7804383116883116,1.0,0.006917273335598906,0.35,0.8125,0.007808336963457951,6
JVS_JVSMuSiC,mert_l3,3,83,60_20_20_speaker_disjoint,False,full_minus_duration,mean_preserving,logf0_mean;logf0_std;logf0_p05;logf0_p50;logf0_p95;logf0_range;rms_mean;rms_std;voiced_rate;energy_mean;energy_std,S->G,20,0.05,7,20,0.35,0.15,0.55,0.5,0.9,0.32163468567251463,0.6700359350079745,0.003990665541018019,0.009124458775582867,0.7,0.4870381446039341,3.5,0.006539712806864145,0.0,0.989,0.010441997232418121,8
JVS_JVSMuSiC,mert_l3,3,83,60_20_20_speaker_disjoint,False,full_minus_duration,mean_preserving,logf0_mean;logf0_std;logf0_p05;logf0_p50;logf0_p95;logf0_range;rms_mean;rms_std;voiced_rate;energy_mean;energy_std,G->S,20,0.05,12,20,0.6,0.35,0.8,0.7,1.0,0.5238065476190475,0.8463184523809524,0.004705586360737567,0.008352404235693627,0.85,0.6865476190476191,1.0,0.006539712806864145,0.19999999999999996,0.989,0.010441997232418121,8
JVS_JVSMuSiC,mert_l3,3,83,60_20_20_speaker_disjoint,False,full_minus_voicing,mean_preserving,logf0_mean;logf0_std;logf0_p05;logf0_p50;logf0_p95;logf0_range;rms_mean;rms_std;duration_s;energy_mean;energy_std,S->G,20,0.05,11,20,0.55,0.35,0.75,0.45,0.85,0.4155111461251167,0.7886027952847805,0.004442484180186485,0.00820479895057451,0.65,0.6157784780578898,1.0,0.006312565443986113,0.20000000000000007,0.839875,0.011511478959045474,9
JVS_JVSMuSiC,mert_l3,3,83,60_20_20_speaker_disjoint,False,full_minus_voicing,mean_preserving,logf0_mean;logf0_std;logf0_p05;logf0_p50;logf0_p95;logf0_range;rms_mean;rms_std;duration_s;energy_mean;energy_std,G->S,20,0.05,15,20,0.75,0.55,0.95,0.6,0.95,0.6309974747474747,0.9229166666666668,0.004566943602403493,0.007865360936498603,0.8,0.7859588532382651,1.0,0.006312565443986113,0.35,0.839875,0.011511478959045474,9
JVS_JVSMuSiC,mert_l3,3,83,60_20_20_speaker_disjoint,False,row_shuffled_nuisance,mean_preserving,logf0_mean;logf0_std;logf0_p05;logf0_p50;logf0_p95;logf0_range;rms_mean;rms_std;duration_s;voiced_rate;energy_mean;energy_std,S->G,20,0.05,8,20,0.4,0.2,0.6,0.4,0.85,0.39038999766573296,0.7236238036881419,0.007997723418264558,0.014992072447960263,0.65,0.552782446311858,2.0,0.0116298208432836,0.050000000000000044,1.0,5.137078546990637e-07,9
JVS_JVSMuSiC,mert_l3,3,83,60_20_20_speaker_disjoint,False,row_shuffled_nuisance,mean_preserving,logf0_mean;logf0_std;logf0_p05;logf0_p50;logf0_p95;logf0_range;rms_mean;rms_std;duration_s;voiced_rate;energy_mean;energy_std,G->S,20,0.05,7,20,0.35,0.15,0.55,0.35,0.75,0.32204752886002885,0.666213564213564,0.0074405994719102435,0.015715635525144735,0.55,0.48279942279942273,3.5,0.011629820843283595,-0.050000000000000044,1.0,5.137078546990637e-07,9
JVS_JVSMuSiC,mert_l3,3,83,60_20_20_speaker_disjoint,False,random_gaussian_nuisance,mean_preserving,logf0_mean;logf0_std;logf0_p05;logf0_p50;logf0_p95;logf0_range;rms_mean;rms_std;duration_s;voiced_rate;energy_mean;energy_std,S->G,20,0.05,7,20,0.35,0.15,0.55,0.4,0.85,0.366188492063492,0.6865099206349207,0.008265499378021799,0.01485091031526995,0.65,0.5210119047619047,2.0,0.011600947424475367,0.0,1.0,7.537844885108225e-05,12
JVS_JVSMuSiC,mert_l3,3,83,60_20_20_speaker_disjoint,False,random_gaussian_nuisance,mean_preserving,logf0_mean;logf0_std;logf0_p05;logf0_p50;logf0_p95;logf0_range;rms_mean;rms_std;duration_s;voiced_rate;energy_mean;energy_std,G->S,20,0.05,8,20,0.4,0.2,0.6,0.35,0.8,0.32025173611111113,0.7113214285714285,0.00765246642554542,0.01535716790078433,0.6,0.5143551587301587,3.5,0.011600947424475394,0.0,1.0,7.537844885108225e-05,12
JVS_JVSMuSiC,mert_l3,3,83,60_20_20_speaker_disjoint,False,random_low_rank_projection,mean_preserving,random_dir_0;random_dir_1;random_dir_2;random_dir_3;random_dir_4;random_dir_5;random_dir_6;random_dir_7;random_dir_8;random_dir_9;random_dir_10;random_dir_11,S->G,20,0.05,7,20,0.35,0.15,0.6,0.4,0.8,0.35698926767676764,0.6885580357142858,0.008330648064142968,0.014642434589097184,0.6,0.5180772005772005,2.0,0.01149765545915173,0.0,1.0,0.00026214208905905867,12
JVS_JVSMuSiC,mert_l3,3,83,60_20_20_speaker_disjoint,False,random_low_rank_projection,mean_preserving,random_dir_0;random_dir_1;random_dir_2;random_dir_3;random_dir_4;random_dir_5;random_dir_6;random_dir_7;random_dir_8;random_dir_9;random_dir_10;random_dir_11,G->S,20,0.05,8,20,0.4,0.2,0.65,0.35,0.75,0.33130753968253973,0.7061899801587301,0.007373958135024565,0.015328493420723028,0.55,0.5140873015873015,3.5,0.01149765545915175,0.0,1.0,0.00026214208905905867,12
JVS_JVSMuSiC,mert_l3,3,89,60_20_20_speaker_disjoint,False,raw,raw,,S->G,20,0.05,5,20,0.25,0.1,0.45,0.6,0.95,0.3337255116959064,0.6147291666666667,0.005194641317401475,0.011093192030388837,0.8,0.4723538011695907,3.0,0.008531271906146892,0.0,1.0,0.0,0
JVS_JVSMuSiC,mert_l3,3,89,60_20_20_speaker_disjoint,False,raw,raw,,G->S,20,0.05,9,20,0.45,0.25,0.65,0.45,0.85,0.368579131652661,0.7245503034547152,0.005829392037703526,0.011280652108360907,0.65,0.5558479225023342,2.5,0.008531271906146876,0.0,1.0,0.0,0
JVS_JVSMuSiC,mert_l3,3,89,60_20_20_speaker_disjoint,False,center_only_classic,classic,,S->G,20,0.05,16,20,0.8,0.6,0.95,1.0,1.0,0.7540625,0.9668749999999997,0.26998252280081747,0.352059005816282,1.0,0.8708333333333332,1.0,0.31288887783144,0.55,1.0,0.9665145488388188,0
JVS_JVSMuSiC,mert_l3,3,89,60_20_20_speaker_disjoint,False,center_only_classic,classic,,G->S,20,0.05,9,20,0.45,0.25,0.65,0.55,0.9,0.39582135225885223,0.7347291666666667,0.23247968702913507,0.3957464510329061,0.75,0.5671001221001221,2.5,0.3128888778314399,0.0,1.0,0.9665145488388188,0
JVS_JVSMuSiC,mert_l3,3,89,60_20_20_speaker_disjoint,False,mode_dummy_only,mean_preserving,mode_dummy,S->G,20,0.05,13,20,0.65,0.45,0.85,0.75,1.0,0.5904166666666667,0.8958333333333333,0.007241212874416751,0.00972203152205713,0.9,0.74125,1.0,0.00854985631312562,0.4,0.5565,0.002538050854467677,1
JVS_JVSMuSiC,mert_l3,3,89,60_20_20_speaker_disjoint,False,mode_dummy_only,mean_preserving,mode_dummy,G->S,20,0.05,15,20,0.75,0.55,0.9,0.85,1.0,0.7058779761904761,0.9571428571428571,0.007520358121905495,0.009578178287037968,0.95,0.8363095238095237,1.0,0.008549856313125593,0.3,0.5565,0.002538050854467677,1
JVS_JVSMuSiC,mert_l3,3,89,60_20_20_speaker_disjoint,False,mode_dummy_only,classic,mode_dummy,S->G,20,0.05,15,20,0.75,0.55,0.95,1.0,1.0,0.7266666666666667,0.95,0.43693242266238275,0.5500723473703878,1.0,0.8516666666666666,1.0,0.49227962710447865,0.5,0.5565,0.9690525996932856,1
JVS_JVSMuSiC,mert_l3,3,89,60_20_20_speaker_disjoint,False,mode_dummy_only,classic,mode_dummy,G->S,20,0.05,14,20,0.7,0.5,0.9,1.0,1.0,0.7041666666666667,0.9416666666666667,0.44120012255106544,0.5450512931139275,1.0,0.8208333333333332,1.0,0.49227962710447865,0.24999999999999994,0.5565,0.9690525996932856,1
JVS_JVSMuSiC,mert_l3,3,89,60_20_20_speaker_disjoint,False,acoustic_full_no_mode,mean_preserving,logf0_mean;logf0_std;logf0_p05;logf0_p50;logf0_p95;logf0_range;rms_mean;rms_std;duration_s;voiced_rate;energy_mean;energy_std,S->G,20,0.05,9,20,0.45,0.24875000000000008,0.65,0.55,0.95,0.43139526098901104,0.7476636904761904,0.003822706525468299,0.006573941897748121,0.75,0.5893223443223443,2.0,0.005240060102088473,0.2,0.800125,0.011405706532460758,9
JVS_JVSMuSiC,mert_l3,3,89,60_20_20_speaker_disjoint,False,acoustic_full_no_mode,mean_preserving,logf0_mean;logf0_std;logf0_p05;logf0_p50;logf0_p95;logf0_range;rms_mean;rms_std;duration_s;voiced_rate;energy_mean;energy_std,G->S,20,0.05,11,20,0.55,0.35,0.75,0.75,1.0,0.5328053977272729,0.8481718749999999,0.004042142836368022,0.0063856913041442556,0.9,0.6901704545454546,1.0,0.005240060102088456,0.10000000000000003,0.800125,0.011405706532460758,9
JVS_JVSMuSiC,mert_l3,3,89,60_20_20_speaker_disjoint,False,acoustic_full_no_mode,classic,logf0_mean;logf0_std;logf0_p05;logf0_p50;logf0_p95;logf0_range;rms_mean;rms_std;duration_s;voiced_rate;energy_mean;energy_std,S->G,20,0.05,14,20,0.7,0.5,0.9,0.75,1.0,0.6307916666666665,0.9266666666666665,0.27636930659816283,0.4148570729705051,0.9,0.7808333333333333,1.0,0.3471947734045593,0.44999999999999996,0.800125,0.9775152236152269,9
JVS_JVSMuSiC,mert_l3,3,89,60_20_20_speaker_disjoint,False,acoustic_full_no_mode,classic,logf0_mean;logf0_std;logf0_p05;logf0_p50;logf0_p95;logf0_range;rms_mean;rms_std;duration_s;voiced_rate;energy_mean;energy_std,G->S,20,0.05,11,20,0.55,0.35,0.75,0.85,1.0,0.555,0.8450624999999999,0.27623639969840214,0.424384956736242,0.95,0.70375,1.0,0.34719477340455934,0.10000000000000003,0.800125,0.9775152236152269,9
JVS_JVSMuSiC,mert_l3,3,89,60_20_20_speaker_disjoint,False,acoustic_full_plus_mode,mean_preserving,logf0_mean;logf0_std;logf0_p05;logf0_p50;logf0_p95;logf0_range;rms_mean;rms_std;duration_s;voiced_rate;energy_mean;energy_std;mode_dummy,S->G,20,0.05,9,20,0.45,0.25,0.65,0.55,0.9,0.40867187499999996,0.7649739583333333,0.003870138528370043,0.006594802342359818,0.75,0.5889155982905983,2.0,0.0052294926817768265,0.2,0.542,0.011707677686804474,10
JVS_JVSMuSiC,mert_l3,3,89,60_20_20_speaker_disjoint,False,acoustic_full_plus_mode,mean_preserving,logf0_mean;logf0_std;logf0_p05;logf0_p50;logf0_p95;logf0_range;rms_mean;rms_std;duration_s;voiced_rate;energy_mean;energy_std;mode_dummy,G->S,20,0.05,11,20,0.55,0.34875000000000006,0.75,0.75,1.0,0.529251893939394,0.8463849431818179,0.004121515549229689,0.006326049394649514,0.9,0.6868371212121211,1.0,0.005229492681776832,0.10000000000000003,0.542,0.011707677686804474,10
JVS_JVSMuSiC,mert_l3,3,89,60_20_20_speaker_disjoint,False,acoustic_full_plus_mode,classic,logf0_mean;logf0_std;logf0_p05;logf0_p50;logf0_p95;logf0_range;rms_mean;rms_std;duration_s;voiced_rate;energy_mean;energy_std;mode_dummy,S->G,20,0.05,14,20,0.7,0.5,0.9,0.75,1.0,0.6333333333333334,0.9208333333333334,0.2857754964069785,0.420821279841563,0.9,0.7833333333333333,1.0,0.35207951218614164,0.44999999999999996,0.542,0.9778692925802952,10
JVS_JVSMuSiC,mert_l3,3,89,60_20_20_speaker_disjoint,False,acoustic_full_plus_mode,classic,logf0_mean;logf0_std;logf0_p05;logf0_p50;logf0_p95;logf0_range;rms_mean;rms_std;duration_s;voiced_rate;energy_mean;energy_std;mode_dummy,G->S,20,0.05,12,20,0.6,0.4,0.8,0.75,1.0,0.5666145833333334,0.8688541666666666,0.27995132694797925,0.42128213638945444,0.9,0.7291666666666666,1.0,0.35207951218614175,0.14999999999999997,0.542,0.9778692925802952,10
JVS_JVSMuSiC,mert_l3,3,89,60_20_20_speaker_disjoint,False,single_group_f0,mean_preserving,logf0_mean;logf0_std;logf0_p05;logf0_p50;logf0_p95;logf0_range,S->G,20,0.05,3,20,0.15,0.0,0.3,0.4,0.8,0.21457796717171718,0.4761255099067599,0.0023464666915078004,0.00828989007581765,0.6,0.33964160839160834,5.0,0.005297519566994207,-0.1,1.0,0.0054181811518626555,5
JVS_JVSMuSiC,mert_l3,3,89,60_20_20_speaker_disjoint,False,single_group_f0,mean_preserving,logf0_mean;logf0_std;logf0_p05;logf0_p50;logf0_p95;logf0_range,G->S,20,0.05,5,20,0.25,0.09875000000000007,0.45,0.45,0.85,0.2840034722222222,0.6004375,0.00318707930336865,0.007290554867194986,0.65,0.4406944444444445,3.0,0.005297519566994186,-0.2,1.0,0.0054181811518626555,5
JVS_JVSMuSiC,mert_l3,3,89,60_20_20_speaker_disjoint,False,single_group_energy,mean_preserving,rms_mean;rms_std;energy_mean;energy_std,S->G,20,0.05,8,20,0.4,0.2,0.6,0.65,1.0,0.40552083333333333,0.7308333333333333,0.00717847125041464,0.01059323768288297,0.85,0.5705555555555556,2.0,0.008885691115546346,0.15000000000000002,0.978375,0.004798518304565902,3
JVS_JVSMuSiC,mert_l3,3,89,60_20_20_speaker_disjoint,False,single_group_energy,mean_preserving,rms_mean;rms_std;energy_mean;energy_std,G->S,20,0.05,12,20,0.6,0.4,0.8,0.75,1.0,0.5808550824175824,0.8696428571428572,0.007277875920325243,0.010555076779396924,0.9,0.7318223443223444,1.0,0.008885691115546324,0.14999999999999997,0.978375,0.004798518304565902,3
JVS_JVSMuSiC,mert_l3,3,89,60_20_20_speaker_disjoint,False,single_group_duration,mean_preserving,duration_s,S->G,20,0.05,13,20,0.65,0.45,0.85,0.7,1.0,0.5620907738095238,0.8850416666666666,0.00743919899291267,0.010061651586430758,0.85,0.7400595238095238,1.0,0.008735045701292781,0.4,0.875375,0.002466664895748094,1
JVS_JVSMuSiC,mert_l3,3,89,60_20_20_speaker_disjoint,False,single_group_duration,mean_preserving,duration_s,G->S,20,0.05,14,20,0.7,0.5,0.9,0.85,1.0,0.673611111111111,0.9375,0.0075844024256546995,0.009836619263298657,0.95,0.8055555555555556,1.0,0.008735045701292765,0.24999999999999994,0.875375,0.002466664895748094,1
JVS_JVSMuSiC,mert_l3,3,89,60_20_20_speaker_disjoint,False,single_group_voicing,mean_preserving,voiced_rate,S->G,20,0.05,5,20,0.25,0.1,0.45,0.64875,0.95,0.3316487573099415,0.6133680555555556,0.005283682844218022,0.01128985564971976,0.8,0.4723538011695907,3.0,0.008531271906146892,0.0,1.0,0.0,0
JVS_JVSMuSiC,mert_l3,3,89,60_20_20_speaker_disjoint,False,single_group_voicing,mean_preserving,voiced_rate,G->S,20,0.05,9,20,0.45,0.24875000000000008,0.65,0.4,0.85,0.38222709500466856,0.7359212184873949,0.005704302306263507,0.011234118778484922,0.65,0.5558479225023342,2.5,0.008531271906146876,0.0,1.0,0.0,0
JVS_JVSMuSiC,mert_l3,3,89,60_20_20_speaker_disjoint,False,full_minus_f0,mean_preserving,rms_mean;rms_std;duration_s;voiced_rate;energy_mean;energy_std,S->G,20,0.05,11,20,0.55,0.3,0.75,0.75,1.0,0.5623068181818182,0.86,0.00708665787592015,0.010163975702882563,0.9,0.7117676767676768,1.0,0.008656731059258566,0.30000000000000004,0.77375,0.006058393266155648,4
JVS_JVSMuSiC,mert_l3,3,89,60_20_20_speaker_disjoint,False,full_minus_f0,mean_preserving,rms_mean;rms_std;duration_s;voiced_rate;energy_mean;energy_std,G->S,20,0.05,11,20,0.55,0.3,0.75,0.85,1.0,0.5699583333333333,0.8601666666666666,0.007330821966271566,0.010039558708105136,0.95,0.7183333333333333,1.0,0.008656731059258582,0.10000000000000003,0.77375,0.006058393266155648,4
JVS_JVSMuSiC,mert_l3,3,89,60_20_20_speaker_disjoint,False,full_minus_energy,mean_preserving,logf0_mean;logf0_std;logf0_p05;logf0_p50;logf0_p95;logf0_range;duration_s;voiced_rate,S->G,20,0.05,10,20,0.5,0.29875000000000007,0.7,0.5,0.9,0.42638888888888893,0.76953125,0.004028709680308226,0.006921181384664521,0.7,0.5979166666666667,1.5,0.005489768641288912,0.25,0.882125,0.007847991072021387,6
JVS_JVSMuSiC,mert_l3,3,89,60_20_20_speaker_disjoint,False,full_minus_energy,mean_preserving,logf0_mean;logf0_std;logf0_p05;logf0_p50;logf0_p95;logf0_range;duration_s;voiced_rate,G->S,20,0.05,14,20,0.7,0.5,0.9,0.85,1.0,0.6037007575757576,0.9212121212121211,0.0043507583575071885,0.006577155505825734,0.95,0.7662121212121213,1.0,0.005489768641288939,0.24999999999999994,0.882125,0.007847991072021387,6
JVS_JVSMuSiC,mert_l3,3,89,60_20_20_speaker_disjoint,False,full_minus_duration,mean_preserving,logf0_mean;logf0_std;logf0_p05;logf0_p50;logf0_p95;logf0_range;rms_mean;rms_std;voiced_rate;energy_mean;energy_std,S->G,20,0.05,5,20,0.25,0.1,0.45,0.5,0.9,0.31218816773504265,0.626787126068376,0.0037138886853613664,0.007187827283845488,0.7,0.45808226495726484,3.0,0.0054661865532596166,0.0,0.975875,0.010089219233543556,8
JVS_JVSMuSiC,mert_l3,3,89,60_20_20_speaker_disjoint,False,full_minus_duration,mean_preserving,logf0_mean;logf0_std;logf0_p05;logf0_p50;logf0_p95;logf0_range;rms_mean;rms_std;voiced_rate;energy_mean;energy_std,G->S,20,0.05,9,20,0.45,0.25,0.65,0.6,0.95,0.4734201388888889,0.7861458333333333,0.0036825894422055933,0.007039170545598023,0.8,0.6290277777777777,2.0,0.005466186553259611,0.0,0.975875,0.010089219233543556,8
JVS_JVSMuSiC,mert_l3,3,89,60_20_20_speaker_disjoint,False,full_minus_voicing,mean_preserving,logf0_mean;logf0_std;logf0_p05;logf0_p50;logf0_p95;logf0_range;rms_mean;rms_std;duration_s;energy_mean;energy_std,S->G,20,0.05,9,20,0.45,0.25,0.65,0.55,0.9,0.42702415293040286,0.7506116071428571,0.003654329129973676,0.006616806179549961,0.75,0.5893223443223443,2.0,0.005240060102088278,0.2,0.800125,0.011405706532458648,9
JVS_JVSMuSiC,mert_l3,3,89,60_20_20_speaker_disjoint,False,full_minus_voicing,mean_preserving,logf0_mean;logf0_std;logf0_p05;logf0_p50;logf0_p95;logf0_range;rms_mean;rms_std;duration_s;energy_mean;energy_std,G->S,20,0.05,11,20,0.55,0.35,0.75,0.75,1.0,0.530784090909091,0.8475156249999999,0.004086335879006415,0.0063741874331579625,0.9,0.6901704545454546,1.0,0.005240060102088273,0.10000000000000003,0.800125,0.011405706532458648,9
JVS_JVSMuSiC,mert_l3,3,89,60_20_20_speaker_disjoint,False,row_shuffled_nuisance,mean_preserving,logf0_mean;logf0_std;logf0_p05;logf0_p50;logf0_p95;logf0_range;rms_mean;rms_std;duration_s;voiced_rate;energy_mean;energy_std,S->G,20,0.05,5,20,0.25,0.1,0.45,0.55,0.9012499999999989,0.33261403508771925,0.6127324561403508,0.005459479013961792,0.01160733429392808,0.75,0.4626315789473684,3.0,0.008560338081420298,0.0,1.0,1.860258702157669e-05,9
JVS_JVSMuSiC,mert_l3,3,89,60_20_20_speaker_disjoint,False,row_shuffled_nuisance,mean_preserving,logf0_mean;logf0_std;logf0_p05;logf0_p50;logf0_p95;logf0_range;rms_mean;rms_std;duration_s;voiced_rate;energy_mean;energy_std,G->S,20,0.05,5,20,0.25,0.05,0.45,0.4,0.8,0.2982960787385129,0.6132998511904763,0.005106155492812909,0.011769206779883207,0.6,0.4441891186299081,2.5,0.00856033808142026,-0.2,1.0,1.860258702157669e-05,9
JVS_JVSMuSiC,mert_l3,3,89,60_20_20_speaker_disjoint,False,random_gaussian_nuisance,mean_preserving,logf0_mean;logf0_std;logf0_p05;logf0_p50;logf0_p95;logf0_range;rms_mean;rms_std;duration_s;voiced_rate;energy_mean;energy_std,S->G,20,0.05,4,20,0.2,0.05,0.4,0.6,0.95,0.3348053229665071,0.5966666666666667,0.005585095977560502,0.011424930646175948,0.8,0.46217703349282296,2.5,0.008518859143808215,-0.04999999999999999,1.0,-1.6851139680973404e-05,12
JVS_JVSMuSiC,mert_l3,3,89,60_20_20_speaker_disjoint,False,random_gaussian_nuisance,mean_preserving,logf0_mean;logf0_std;logf0_p05;logf0_p50;logf0_p95;logf0_range;rms_mean;rms_std;duration_s;voiced_rate;energy_mean;energy_std,G->S,20,0.05,7,20,0.35,0.15,0.55,0.4,0.8,0.32794518849206344,0.6628782242063492,0.005666594238658917,0.011099254290497653,0.6,0.49290674603174606,3.0,0.008518859143808177,-0.10000000000000003,1.0,-1.6851139680973404e-05,12
JVS_JVSMuSiC,mert_l3,3,89,60_20_20_speaker_disjoint,False,random_low_rank_projection,mean_preserving,random_dir_0;random_dir_1;random_dir_2;random_dir_3;random_dir_4;random_dir_5;random_dir_6;random_dir_7;random_dir_8;random_dir_9;random_dir_10;random_dir_11,S->G,20,0.05,5,20,0.25,0.05,0.45,0.6,0.95,0.3295303362573099,0.6141805555555555,0.005600720173603861,0.011428625396831982,0.8,0.4723538011695907,3.0,0.008482974861846532,0.0,1.0,0.0002466355756549632,12
JVS_JVSMuSiC,mert_l3,3,89,60_20_20_speaker_disjoint,False,random_low_rank_projection,mean_preserving,random_dir_0;random_dir_1;random_dir_2;random_dir_3;random_dir_4;random_dir_5;random_dir_6;random_dir_7;random_dir_8;random_dir_9;random_dir_10;random_dir_11,G->S,20,0.05,8,20,0.4,0.2,0.6,0.45,0.85,0.3570619310224089,0.6986308210784313,0.005645937965489231,0.011121749474475928,0.65,0.5308479225023341,2.5,0.008482974861846505,-0.04999999999999999,1.0,0.0002466355756549632,12
JVS_JVSMuSiC,mert_l3,3,97,60_20_20_speaker_disjoint,False,raw,raw,,S->G,20,0.05,7,20,0.35,0.15,0.55,0.5,0.9,0.3462395833333333,0.6936011904761903,0.006940411998076489,0.012689109652926722,0.7,0.510952380952381,2.5,0.009774818651232853,0.0,1.0,0.0,0
JVS_JVSMuSiC,mert_l3,3,97,60_20_20_speaker_disjoint,False,raw,raw,,G->S,20,0.05,7,20,0.35,0.15,0.55,0.5,0.9,0.3499635780885781,0.6695454545454544,0.007053263933461197,0.012779874059737958,0.7,0.508947163947164,3.0,0.009774818651232909,0.0,1.0,0.0,0
JVS_JVSMuSiC,mert_l3,3,97,60_20_20_speaker_disjoint,False,center_only_classic,classic,,S->G,20,0.05,12,20,0.6,0.4,0.8,0.65,1.0,0.5883333333333334,0.8833333333333334,0.27336229738100226,0.3806315719915239,0.85,0.7383333333333333,1.0,0.3298766746703864,0.25,1.0,0.9664419890711253,0
JVS_JVSMuSiC,mert_l3,3,97,60_20_20_speaker_disjoint,False,center_only_classic,classic,,G->S,20,0.05,7,20,0.35,0.15,0.55,0.5,0.9,0.34967948717948716,0.6793749999999998,0.2465557175565773,0.41672954925618994,0.7,0.5080128205128205,3.5,0.32987667467038645,0.0,1.0,0.9664419890711253,0
JVS_JVSMuSiC,mert_l3,3,97,60_20_20_speaker_disjoint,False,mode_dummy_only,mean_preserving,mode_dummy,S->G,20,0.05,12,20,0.6,0.4,0.8,0.75,1.0,0.5561979166666667,0.8688020833333333,0.008157888772884469,0.011304118113274043,0.9,0.7229166666666667,1.0,0.009772088744653035,0.25,0.520875,0.0025361263489382946,1
JVS_JVSMuSiC,mert_l3,3,97,60_20_20_speaker_disjoint,False,mode_dummy_only,mean_preserving,mode_dummy,G->S,20,0.05,15,20,0.75,0.55,0.9,1.0,1.0,0.6874166666666667,0.9625,0.008544529042358669,0.011120973326048167,1.0,0.8308333333333333,1.0,0.009772088744653028,0.4,0.520875,0.0025361263489382946,1
JVS_JVSMuSiC,mert_l3,3,97,60_20_20_speaker_disjoint,False,mode_dummy_only,classic,mode_dummy,S->G,20,0.05,13,20,0.65,0.45,0.85,0.75,1.0,0.6192708333333333,0.8958333333333333,0.4208595223256491,0.541563970632334,0.9,0.7680555555555555,1.0,0.48299794341716523,0.30000000000000004,0.520875,0.9689781154200635,1
JVS_JVSMuSiC,mert_l3,3,97,60_20_20_speaker_disjoint,False,mode_dummy_only,classic,mode_dummy,G->S,20,0.05,16,20,0.8,0.65,0.95,1.0,1.0,0.6983333333333334,0.9625,0.4238450289682847,0.5361089795672999,1.0,0.8491666666666665,1.0,0.4829979434171651,0.45000000000000007,0.520875,0.9689781154200635,1
JVS_JVSMuSiC,mert_l3,3,97,60_20_20_speaker_disjoint,False,acoustic_full_no_mode,mean_preserving,logf0_mean;logf0_std;logf0_p05;logf0_p50;logf0_p95;logf0_range;rms_mean;rms_std;duration_s;voiced_rate;energy_mean;energy_std,S->G,20,0.05,10,20,0.5,0.3,0.7,0.55,0.95,0.43970738636363643,0.7903162878787878,0.0038552457661537743,0.007497739603857385,0.75,0.6180176767676767,1.5,0.005609285742610592,0.15000000000000002,0.824875,0.010644314598457827,9
JVS_JVSMuSiC,mert_l3,3,97,60_20_20_speaker_disjoint,False,acoustic_full_no_mode,mean_preserving,logf0_mean;logf0_std;logf0_p05;logf0_p50;logf0_p95;logf0_range;rms_mean;rms_std;duration_s;voiced_rate;energy_mean;energy_std,G->S,20,0.05,13,20,0.65,0.4487500000000001,0.85,0.65,1.0,0.5505783288349078,0.8917013888888888,0.003918949850244634,0.007028973924960443,0.85,0.7286999550157445,1.0,0.005609285742610537,0.30000000000000004,0.824875,0.010644314598457827,9
JVS_JVSMuSiC,mert_l3,3,97,60_20_20_speaker_disjoint,False,acoustic_full_no_mode,classic,logf0_mean;logf0_std;logf0_p05;logf0_p50;logf0_p95;logf0_range;rms_mean;rms_std;duration_s;voiced_rate;energy_mean;energy_std,S->G,20,0.05,10,20,0.5,0.3,0.7,0.6,0.95,0.4718779761904761,0.7905059523809523,0.24271683317156947,0.4187419414823839,0.8,0.628452380952381,1.5,0.3323518287301813,0.15000000000000002,0.824875,0.9776004906730947,9
JVS_JVSMuSiC,mert_l3,3,97,60_20_20_speaker_disjoint,False,acoustic_full_no_mode,classic,logf0_mean;logf0_std;logf0_p05;logf0_p50;logf0_p95;logf0_range;rms_mean;rms_std;duration_s;voiced_rate;energy_mean;energy_std,G->S,20,0.05,13,20,0.65,0.45,0.85,0.65,1.0,0.553859126984127,0.8863095238095238,0.2506831164878559,0.40598493849027,0.85,0.7290445665445665,1.0,0.3323518287301812,0.30000000000000004,0.824875,0.9776004906730947,9
JVS_JVSMuSiC,mert_l3,3,97,60_20_20_speaker_disjoint,False,acoustic_full_plus_mode,mean_preserving,logf0_mean;logf0_std;logf0_p05;logf0_p50;logf0_p95;logf0_range;rms_mean;rms_std;duration_s;voiced_rate;energy_mean;energy_std;mode_dummy,S->G,20,0.05,11,20,0.55,0.35,0.75,0.5,0.9,0.46984151785714284,0.8156927083333333,0.0038458986060637443,0.006997076026784827,0.7,0.6494345238095238,1.0,0.005440873748706615,0.20000000000000007,0.53125,0.01099903053246365,10
JVS_JVSMuSiC,mert_l3,3,97,60_20_20_speaker_disjoint,False,acoustic_full_plus_mode,mean_preserving,logf0_mean;logf0_std;logf0_p05;logf0_p50;logf0_p95;logf0_range;rms_mean;rms_std;duration_s;voiced_rate;energy_mean;energy_std;mode_dummy,G->S,20,0.05,13,20,0.65,0.45,0.85,0.7,1.0,0.5548090277777777,0.8916666666666666,0.004063331796290665,0.0067648722003640725,0.85,0.7298611111111111,1.0,0.0054408737487065765,0.30000000000000004,0.53125,0.01099903053246365,10
JVS_JVSMuSiC,mert_l3,3,97,60_20_20_speaker_disjoint,False,acoustic_full_plus_mode,classic,logf0_mean;logf0_std;logf0_p05;logf0_p50;logf0_p95;logf0_range;rms_mean;rms_std;duration_s;voiced_rate;energy_mean;energy_std;mode_dummy,S->G,20,0.05,10,20,0.5,0.3,0.7,0.6,0.95,0.48119791666666667,0.7958854166666666,0.247200891237248,0.412063149324438,0.8,0.6437499999999999,1.5,0.3305279859617547,0.15000000000000002,0.53125,0.9779431775630499,10
JVS_JVSMuSiC,mert_l3,3,97,60_20_20_speaker_disjoint,False,acoustic_full_plus_mode,classic,logf0_mean;logf0_std;logf0_p05;logf0_p50;logf0_p95;logf0_range;rms_mean;rms_std;duration_s;voiced_rate;energy_mean;energy_std;mode_dummy,G->S,20,0.05,13,20,0.65,0.4,0.85,0.65,1.0,0.5560416666666667,0.880594362745098,0.2502183512859864,0.40908177737944496,0.85,0.7251633986928104,1.0,0.3305279859617546,0.30000000000000004,0.53125,0.9779431775630499,10
JVS_JVSMuSiC,mert_l3,3,97,60_20_20_speaker_disjoint,False,single_group_f0,mean_preserving,logf0_mean;logf0_std;logf0_p05;logf0_p50;logf0_p95;logf0_range,S->G,20,0.05,3,20,0.15,0.0,0.3,0.3,0.7,0.2000830574654104,0.46053012265512266,0.0025498486874689914,0.007817659027624926,0.5,0.32726837704778877,5.5,0.005187363249378912,-0.19999999999999998,1.0,0.005203655860285039,5
JVS_JVSMuSiC,mert_l3,3,97,60_20_20_speaker_disjoint,False,single_group_f0,mean_preserving,logf0_mean;logf0_std;logf0_p05;logf0_p50;logf0_p95;logf0_range,G->S,20,0.05,6,20,0.3,0.1,0.5,0.3,0.7,0.27891098484848487,0.6145696022727272,0.002964366692452698,0.00781332967445767,0.5,0.44363636363636366,4.5,0.005187363249378902,-0.04999999999999999,1.0,0.005203655860285039,5
JVS_JVSMuSiC,mert_l3,3,97,60_20_20_speaker_disjoint,False,single_group_energy,mean_preserving,rms_mean;rms_std;energy_mean;energy_std,S->G,20,0.05,11,20,0.55,0.35,0.75,0.7,1.0,0.5013869047619047,0.8291904761904761,0.007762096872229208,0.012788011400159782,0.85,0.675952380952381,1.0,0.010401882067068713,0.20000000000000007,0.94125,0.004720266901039216,3
JVS_JVSMuSiC,mert_l3,3,97,60_20_20_speaker_disjoint,False,single_group_energy,mean_preserving,rms_mean;rms_std;energy_mean;energy_std,G->S,20,0.05,14,20,0.7,0.5,0.9,0.75,1.0,0.6522916666666666,0.9285714285714285,0.00854876753562412,0.012055355696524453,0.9,0.8035714285714285,1.0,0.010401882067068708,0.35,0.94125,0.004720266901039216,3
JVS_JVSMuSiC,mert_l3,3,97,60_20_20_speaker_disjoint,False,single_group_duration,mean_preserving,duration_s,S->G,20,0.05,11,20,0.55,0.35,0.75,0.85,1.0,0.549125,0.85,0.008433345305615207,0.011584637864400121,0.95,0.6975,1.0,0.00992995814070457,0.20000000000000007,0.892625,0.0024163536127764784,1
JVS_JVSMuSiC,mert_l3,3,97,60_20_20_speaker_disjoint,False,single_group_duration,mean_preserving,duration_s,G->S,20,0.05,15,20,0.75,0.55,0.9,1.0,1.0,0.6915833333333333,0.96,0.008512516887824634,0.011431780983359719,1.0,0.8241666666666667,1.0,0.009929958140704593,0.4,0.892625,0.0024163536127764784,1
JVS_JVSMuSiC,mert_l3,3,97,60_20_20_speaker_disjoint,False,single_group_voicing,mean_preserving,voiced_rate,S->G,20,0.05,7,20,0.35,0.15,0.5512499999999989,0.5,0.9,0.35175595238095236,0.6784598214285715,0.007025198627029863,0.012629648068387973,0.7,0.510952380952381,2.5,0.009774818651232853,0.0,1.0,0.0,0
JVS_JVSMuSiC,mert_l3,3,97,60_20_20_speaker_disjoint,False,single_group_voicing,mean_preserving,voiced_rate,G->S,20,0.05,7,20,0.35,0.15,0.6,0.5,0.9,0.3453537296037296,0.6766666666666666,0.007031432177998233,0.012490901866532761,0.7,0.508947163947164,3.0,0.009774818651232909,0.0,1.0,0.0,0
JVS_JVSMuSiC,mert_l3,3,97,60_20_20_speaker_disjoint,False,full_minus_f0,mean_preserving,rms_mean;rms_std;duration_s;voiced_rate;energy_mean;energy_std,S->G,20,0.05,13,20,0.65,0.45,0.85,0.85,1.0,0.6038173076923077,0.9,0.008135814425381322,0.011851776782415951,0.95,0.7638461538461538,1.0,0.009995062147456801,0.30000000000000004,0.78825,0.00553432407124399,4
JVS_JVSMuSiC,mert_l3,3,97,60_20_20_speaker_disjoint,False,full_minus_f0,mean_preserving,rms_mean;rms_std;duration_s;voiced_rate;energy_mean;energy_std,G->S,20,0.05,16,20,0.8,0.6,0.95,0.75,1.0,0.7077380952380953,0.9625,0.008532507764081742,0.011400425166402618,0.9,0.8494047619047619,1.0,0.009995062147456824,0.45000000000000007,0.78825,0.00553432407124399,4
JVS_JVSMuSiC,mert_l3,3,97,60_20_20_speaker_disjoint,False,full_minus_energy,mean_preserving,logf0_mean;logf0_std;logf0_p05;logf0_p50;logf0_p95;logf0_range;duration_s;voiced_rate,S->G,20,0.05,9,20,0.45,0.25,0.65,0.5,0.9,0.4088095238095238,0.7458541666666667,0.003656096416928315,0.006884548999768102,0.7,0.5850595238095238,2.0,0.0052288948188013,0.10000000000000003,0.904625,0.00759087970804917,6
JVS_JVSMuSiC,mert_l3,3,97,60_20_20_speaker_disjoint,False,full_minus_energy,mean_preserving,logf0_mean;logf0_std;logf0_p05;logf0_p50;logf0_p95;logf0_range;duration_s;voiced_rate,G->S,20,0.05,11,20,0.55,0.35,0.75,0.55,0.95,0.48346139971139973,0.8174891774891774,0.003995470744086658,0.006579639199836951,0.75,0.653553391053391,1.0,0.0052288948188013605,0.20000000000000007,0.904625,0.00759087970804917,6
JVS_JVSMuSiC,mert_l3,3,97,60_20_20_speaker_disjoint,False,full_minus_duration,mean_preserving,logf0_mean;logf0_std;logf0_p05;logf0_p50;logf0_p95;logf0_range;rms_mean;rms_std;voiced_rate;energy_mean;energy_std,S->G,20,0.05,9,20,0.45,0.25,0.65,0.5,0.9,0.38165538847117797,0.7383809523809524,0.003479535743241541,0.008353536484553921,0.7,0.5505680868838764,3.0,0.006016123982504845,0.10000000000000003,0.95925,0.009752412349373296,8
JVS_JVSMuSiC,mert_l3,3,97,60_20_20_speaker_disjoint,False,full_minus_duration,mean_preserving,logf0_mean;logf0_std;logf0_p05;logf0_p50;logf0_p95;logf0_range;rms_mean;rms_std;voiced_rate;energy_mean;energy_std,G->S,20,0.05,11,20,0.55,0.35,0.75,0.6,0.95,0.5028460775335776,0.8344017094017093,0.004354004394612007,0.007717648761302886,0.8,0.6734890109890109,1.0,0.0060161239825048006,0.20000000000000007,0.95925,0.009752412349373296,8
JVS_JVSMuSiC,mert_l3,3,97,60_20_20_speaker_disjoint,False,full_minus_voicing,mean_preserving,logf0_mean;logf0_std;logf0_p05;logf0_p50;logf0_p95;logf0_range;rms_mean;rms_std;duration_s;energy_mean;energy_std,S->G,20,0.05,10,20,0.5,0.3,0.75,0.55,0.9,0.44680871212121215,0.7929782196969697,0.0038633728575176254,0.007438076111470073,0.75,0.6180176767676767,1.5,0.005609285742611003,0.15000000000000002,0.824875,0.010644314598462823,9
JVS_JVSMuSiC,mert_l3,3,97,60_20_20_speaker_disjoint,False,full_minus_voicing,mean_preserving,logf0_mean;logf0_std;logf0_p05;logf0_p50;logf0_p95;logf0_range;rms_mean;rms_std;duration_s;energy_mean;energy_std,G->S,20,0.05,13,20,0.65,0.45,0.85,0.65,1.0,0.5604901878092668,0.8805786099865047,0.004093932088818655,0.006958540709134115,0.85,0.7286999550157445,1.0,0.005609285742610981,0.30000000000000004,0.824875,0.010644314598462823,9
JVS_JVSMuSiC,mert_l3,3,97,60_20_20_speaker_disjoint,False,row_shuffled_nuisance,mean_preserving,logf0_mean;logf0_std;logf0_p05;logf0_p50;logf0_p95;logf0_range;rms_mean;rms_std;duration_s;voiced_rate;energy_mean;energy_std,S->G,20,0.05,6,20,0.3,0.1,0.5,0.55,0.9,0.326704365079365,0.6471498015873016,0.007747946441354869,0.012879028437709291,0.75,0.4868650793650794,3.0,0.010232543168844282,-0.04999999999999999,1.0,7.499430047874789e-05,9
JVS_JVSMuSiC,mert_l3,3,97,60_20_20_speaker_disjoint,False,row_shuffled_nuisance,mean_preserving,logf0_mean;logf0_std;logf0_p05;logf0_p50;logf0_p95;logf0_range;rms_mean;rms_std;duration_s;voiced_rate;energy_mean;energy_std,G->S,20,0.05,8,20,0.4,0.2,0.6012499999999988,0.55,0.9,0.37673143523143515,0.7097145562770562,0.007299670519328208,0.012934695784914971,0.75,0.5363677988677988,3.0,0.010232543168844272,0.050000000000000044,1.0,7.499430047874789e-05,9
JVS_JVSMuSiC,mert_l3,3,97,60_20_20_speaker_disjoint,False,random_gaussian_nuisance,mean_preserving,logf0_mean;logf0_std;logf0_p05;logf0_p50;logf0_p95;logf0_range;rms_mean;rms_std;duration_s;voiced_rate;energy_mean;energy_std,S->G,20,0.05,7,20,0.35,0.15,0.55,0.45,0.85,0.3320580357142857,0.6689394841269841,0.0074617598138349926,0.0128921250502337,0.65,0.4890079365079365,3.5,0.010037743211448163,0.0,1.0,6.622083668650358e-05,12
JVS_JVSMuSiC,mert_l3,3,97,60_20_20_speaker_disjoint,False,random_gaussian_nuisance,mean_preserving,logf0_mean;logf0_std;logf0_p05;logf0_p50;logf0_p95;logf0_range;rms_mean;rms_std;duration_s;voiced_rate;energy_mean;energy_std,G->S,20,0.05,8,20,0.4,0.2,0.6,0.5,0.9,0.3664717851592852,0.709758207070707,0.0072973890103098975,0.012853014264750294,0.7,0.533947163947164,3.0,0.010037743211448142,0.050000000000000044,1.0,6.622083668650358e-05,12
JVS_JVSMuSiC,mert_l3,3,97,60_20_20_speaker_disjoint,False,random_low_rank_projection,mean_preserving,random_dir_0;random_dir_1;random_dir_2;random_dir_3;random_dir_4;random_dir_5;random_dir_6;random_dir_7;random_dir_8;random_dir_9;random_dir_10;random_dir_11,S->G,20,0.05,7,20,0.35,0.15,0.55,0.5,0.9,0.34270734126984126,0.6832713293650793,0.006783315575171804,0.01249055423273938,0.7,0.5102579365079365,2.5,0.00970122158769236,0.0,1.0,0.00029490366163587023,12
JVS_JVSMuSiC,mert_l3,3,97,60_20_20_speaker_disjoint,False,random_low_rank_projection,mean_preserving,random_dir_0;random_dir_1;random_dir_2;random_dir_3;random_dir_4;random_dir_5;random_dir_6;random_dir_7;random_dir_8;random_dir_9;random_dir_10;random_dir_11,G->S,20,0.05,7,20,0.35,0.15,0.55,0.5,0.9,0.35160246697746694,0.6837992424242424,0.006992204645226866,0.012566282855628982,0.7,0.508947163947164,3.0,0.009701221587692366,0.0,1.0,0.00029490366163587023,12
