dataset,model,layer,split_seed,variant,AUC,balanced_accuracy,F1,coefficient_norm,intercept,decision_threshold,fit_iterations,train_speakers,test_speakers,probe_granularity
GTSinger_same_text_control,wavlm_l12,12,13,raw,1.0,1.0,1.0,0.37646904494634614,0.9532221854057673,0.0,12.0,DE-Soprano-1;DE-Tenor-1;EN-Alto-2;EN-Tenor-1;ES-Bass-1;ES-Soprano-1;IT-Bass-2;JA-Tenor-1;KO-Soprano-2;RU-Alto-1,EN-Alto-1;FR-Soprano-1;FR-Tenor-1;IT-Bass-1;IT-Soprano-1;JA-Soprano-1;KO-Soprano-1;KO-Tenor-1;ZH-Alto-1;ZH-Tenor-1,speaker_mode_centroid
GTSinger_same_text_control,wavlm_l12,12,13,symmetric_global_corrected,0.46,0.5,0.5833333333333334,3.0433046188025345e-13,-5.886637013975609e-29,0.0,1.0,DE-Soprano-1;DE-Tenor-1;EN-Alto-2;EN-Tenor-1;ES-Bass-1;ES-Soprano-1;IT-Bass-2;JA-Tenor-1;KO-Soprano-2;RU-Alto-1,EN-Alto-1;FR-Soprano-1;FR-Tenor-1;IT-Bass-1;IT-Soprano-1;JA-Soprano-1;KO-Soprano-1;KO-Tenor-1;ZH-Alto-1;ZH-Tenor-1,speaker_mode_centroid
GTSinger_same_text_control,wavlm_l12,12,17,raw,1.0,1.0,1.0,0.3864523856492241,0.7262662402089824,0.0,12.0,EN-Alto-2;EN-Tenor-1;ES-Bass-1;ES-Soprano-1;FR-Tenor-1;IT-Bass-1;JA-Soprano-1;KO-Soprano-1;KO-Tenor-1;RU-Alto-1,DE-Soprano-1;DE-Tenor-1;EN-Alto-1;FR-Soprano-1;IT-Bass-2;IT-Soprano-1;JA-Tenor-1;KO-Soprano-2;ZH-Alto-1;ZH-Tenor-1,speaker_mode_centroid
GTSinger_same_text_control,wavlm_l12,12,17,symmetric_global_corrected,0.63,0.6,0.6363636363636365,3.112808465100234e-13,-3.0178347226509873e-30,1.3556649189471001e-13,1.0,EN-Alto-2;EN-Tenor-1;ES-Bass-1;ES-Soprano-1;FR-Tenor-1;IT-Bass-1;JA-Soprano-1;KO-Soprano-1;KO-Tenor-1;RU-Alto-1,DE-Soprano-1;DE-Tenor-1;EN-Alto-1;FR-Soprano-1;IT-Bass-2;IT-Soprano-1;JA-Tenor-1;KO-Soprano-2;ZH-Alto-1;ZH-Tenor-1,speaker_mode_centroid
GTSinger_same_text_control,wavlm_l12,12,19,raw,1.0,1.0,1.0,0.383807197046542,0.7004790685470161,0.0,12.0,DE-Tenor-1;EN-Alto-1;EN-Tenor-1;ES-Bass-1;FR-Tenor-1;IT-Bass-1;JA-Soprano-1;KO-Soprano-1;KO-Tenor-1;ZH-Alto-1,DE-Soprano-1;EN-Alto-2;ES-Soprano-1;FR-Soprano-1;IT-Bass-2;IT-Soprano-1;JA-Tenor-1;KO-Soprano-2;RU-Alto-1;ZH-Tenor-1,speaker_mode_centroid
GTSinger_same_text_control,wavlm_l12,12,19,symmetric_global_corrected,0.43,0.44999999999999996,0.5217391304347826,3.128334548809131e-13,-9.98615928801718e-28,-1.4968885167247414e-13,1.0,DE-Tenor-1;EN-Alto-1;EN-Tenor-1;ES-Bass-1;FR-Tenor-1;IT-Bass-1;JA-Soprano-1;KO-Soprano-1;KO-Tenor-1;ZH-Alto-1,DE-Soprano-1;EN-Alto-2;ES-Soprano-1;FR-Soprano-1;IT-Bass-2;IT-Soprano-1;JA-Tenor-1;KO-Soprano-2;RU-Alto-1;ZH-Tenor-1,speaker_mode_centroid
GTSinger_same_text_control,wavlm_l12,12,23,raw,1.0,1.0,1.0,0.36312228795201995,0.631649501183829,0.0,12.0,DE-Tenor-1;EN-Alto-2;ES-Bass-1;FR-Soprano-1;IT-Soprano-1;JA-Soprano-1;JA-Tenor-1;KO-Soprano-1;ZH-Alto-1;ZH-Tenor-1,DE-Soprano-1;EN-Alto-1;EN-Tenor-1;ES-Soprano-1;FR-Tenor-1;IT-Bass-1;IT-Bass-2;KO-Soprano-2;KO-Tenor-1;RU-Alto-1,speaker_mode_centroid
GTSinger_same_text_control,wavlm_l12,12,23,symmetric_global_corrected,0.16,0.25,0.2105263157894737,2.91672102477501e-13,-2.1167949117250543e-28,1.759450165547665e-13,1.0,DE-Tenor-1;EN-Alto-2;ES-Bass-1;FR-Soprano-1;IT-Soprano-1;JA-Soprano-1;JA-Tenor-1;KO-Soprano-1;ZH-Alto-1;ZH-Tenor-1,DE-Soprano-1;EN-Alto-1;EN-Tenor-1;ES-Soprano-1;FR-Tenor-1;IT-Bass-1;IT-Bass-2;KO-Soprano-2;KO-Tenor-1;RU-Alto-1,speaker_mode_centroid
GTSinger_same_text_control,wavlm_l12,12,29,raw,1.0,1.0,1.0,0.370383680457316,0.6077367208936701,0.0,12.0,DE-Soprano-1;DE-Tenor-1;EN-Alto-2;EN-Tenor-1;ES-Bass-1;FR-Soprano-1;FR-Tenor-1;IT-Soprano-1;KO-Soprano-1;KO-Tenor-1,EN-Alto-1;ES-Soprano-1;IT-Bass-1;IT-Bass-2;JA-Soprano-1;JA-Tenor-1;KO-Soprano-2;RU-Alto-1;ZH-Alto-1;ZH-Tenor-1,speaker_mode_centroid
GTSinger_same_text_control,wavlm_l12,12,29,symmetric_global_corrected,0.56,0.5,0.4444444444444445,3.2094551144433704e-13,-1.2047559433582067e-28,-7.36323310647992e-14,1.0,DE-Soprano-1;DE-Tenor-1;EN-Alto-2;EN-Tenor-1;ES-Bass-1;FR-Soprano-1;FR-Tenor-1;IT-Soprano-1;KO-Soprano-1;KO-Tenor-1,EN-Alto-1;ES-Soprano-1;IT-Bass-1;IT-Bass-2;JA-Soprano-1;JA-Tenor-1;KO-Soprano-2;RU-Alto-1;ZH-Alto-1;ZH-Tenor-1,speaker_mode_centroid
GTSinger_same_text_control,wavlm_l12,12,31,raw,1.0,1.0,1.0,0.3405511014451312,0.49191522207288507,0.0,11.0,DE-Soprano-1;EN-Alto-1;EN-Tenor-1;ES-Soprano-1;FR-Soprano-1;IT-Soprano-1;KO-Soprano-2;KO-Tenor-1;RU-Alto-1;ZH-Tenor-1,DE-Tenor-1;EN-Alto-2;ES-Bass-1;FR-Tenor-1;IT-Bass-1;IT-Bass-2;JA-Soprano-1;JA-Tenor-1;KO-Soprano-1;ZH-Alto-1,speaker_mode_centroid
GTSinger_same_text_control,wavlm_l12,12,31,symmetric_global_corrected,0.49,0.6,0.6,3.6048893033315264e-13,1.937927497892407e-27,-9.016621368547797e-14,1.0,DE-Soprano-1;EN-Alto-1;EN-Tenor-1;ES-Soprano-1;FR-Soprano-1;IT-Soprano-1;KO-Soprano-2;KO-Tenor-1;RU-Alto-1;ZH-Tenor-1,DE-Tenor-1;EN-Alto-2;ES-Bass-1;FR-Tenor-1;IT-Bass-1;IT-Bass-2;JA-Soprano-1;JA-Tenor-1;KO-Soprano-1;ZH-Alto-1,speaker_mode_centroid
GTSinger_same_text_control,wavlm_l12,12,37,raw,1.0,1.0,1.0,0.36468045279747807,0.5042990405853973,0.0,12.0,DE-Soprano-1;DE-Tenor-1;EN-Alto-2;FR-Soprano-1;FR-Tenor-1;IT-Bass-2;KO-Soprano-1;KO-Tenor-1;RU-Alto-1;ZH-Alto-1,EN-Alto-1;EN-Tenor-1;ES-Bass-1;ES-Soprano-1;IT-Bass-1;IT-Soprano-1;JA-Soprano-1;JA-Tenor-1;KO-Soprano-2;ZH-Tenor-1,speaker_mode_centroid
GTSinger_same_text_control,wavlm_l12,12,37,symmetric_global_corrected,0.29,0.45,0.5925925925925927,2.972571652731356e-13,3.757573725379311e-28,-5.570176133569324e-14,1.0,DE-Soprano-1;DE-Tenor-1;EN-Alto-2;FR-Soprano-1;FR-Tenor-1;IT-Bass-2;KO-Soprano-1;KO-Tenor-1;RU-Alto-1;ZH-Alto-1,EN-Alto-1;EN-Tenor-1;ES-Bass-1;ES-Soprano-1;IT-Bass-1;IT-Soprano-1;JA-Soprano-1;JA-Tenor-1;KO-Soprano-2;ZH-Tenor-1,speaker_mode_centroid
GTSinger_same_text_control,wavlm_l12,12,41,raw,1.0,1.0,1.0,0.3772977886972759,0.4795023125578149,0.0,12.0,DE-Soprano-1;DE-Tenor-1;EN-Alto-1;ES-Bass-1;FR-Tenor-1;IT-Bass-1;IT-Soprano-1;JA-Soprano-1;KO-Soprano-2;ZH-Tenor-1,EN-Alto-2;EN-Tenor-1;ES-Soprano-1;FR-Soprano-1;IT-Bass-2;JA-Tenor-1;KO-Soprano-1;KO-Tenor-1;RU-Alto-1;ZH-Alto-1,speaker_mode_centroid
GTSinger_same_text_control,wavlm_l12,12,41,symmetric_global_corrected,0.6,0.65,0.588235294117647,3.082519264605636e-13,1.609995342248481e-28,2.2207027658307762e-13,1.0,DE-Soprano-1;DE-Tenor-1;EN-Alto-1;ES-Bass-1;FR-Tenor-1;IT-Bass-1;IT-Soprano-1;JA-Soprano-1;KO-Soprano-2;ZH-Tenor-1,EN-Alto-2;EN-Tenor-1;ES-Soprano-1;FR-Soprano-1;IT-Bass-2;JA-Tenor-1;KO-Soprano-1;KO-Tenor-1;RU-Alto-1;ZH-Alto-1,speaker_mode_centroid
GTSinger_same_text_control,wavlm_l12,12,43,raw,1.0,1.0,1.0,0.37638075497283935,0.8127231634206169,0.0,12.0,EN-Alto-1;ES-Soprano-1;FR-Soprano-1;FR-Tenor-1;IT-Bass-2;JA-Soprano-1;JA-Tenor-1;RU-Alto-1;ZH-Alto-1;ZH-Tenor-1,DE-Soprano-1;DE-Tenor-1;EN-Alto-2;EN-Tenor-1;ES-Bass-1;IT-Bass-1;IT-Soprano-1;KO-Soprano-1;KO-Soprano-2;KO-Tenor-1,speaker_mode_centroid
GTSinger_same_text_control,wavlm_l12,12,43,symmetric_global_corrected,0.64,0.7,0.7272727272727272,2.892823081178167e-13,-1.4115489577031161e-27,1.6817314988294322e-14,1.0,EN-Alto-1;ES-Soprano-1;FR-Soprano-1;FR-Tenor-1;IT-Bass-2;JA-Soprano-1;JA-Tenor-1;RU-Alto-1;ZH-Alto-1;ZH-Tenor-1,DE-Soprano-1;DE-Tenor-1;EN-Alto-2;EN-Tenor-1;ES-Bass-1;IT-Bass-1;IT-Soprano-1;KO-Soprano-1;KO-Soprano-2;KO-Tenor-1,speaker_mode_centroid
GTSinger_same_text_control,wavlm_l12,12,47,raw,1.0,1.0,1.0,0.37038923215606195,0.4494269241916059,0.0,11.0,DE-Soprano-1;EN-Alto-1;EN-Alto-2;ES-Bass-1;ES-Soprano-1;FR-Tenor-1;JA-Soprano-1;RU-Alto-1;ZH-Alto-1;ZH-Tenor-1,DE-Tenor-1;EN-Tenor-1;FR-Soprano-1;IT-Bass-1;IT-Bass-2;IT-Soprano-1;JA-Tenor-1;KO-Soprano-1;KO-Soprano-2;KO-Tenor-1,speaker_mode_centroid
GTSinger_same_text_control,wavlm_l12,12,47,symmetric_global_corrected,0.26,0.35,0.23529411764705882,3.2300577405438366e-13,-2.330754610814945e-28,0.0,1.0,DE-Soprano-1;EN-Alto-1;EN-Alto-2;ES-Bass-1;ES-Soprano-1;FR-Tenor-1;JA-Soprano-1;RU-Alto-1;ZH-Alto-1;ZH-Tenor-1,DE-Tenor-1;EN-Tenor-1;FR-Soprano-1;IT-Bass-1;IT-Bass-2;IT-Soprano-1;JA-Tenor-1;KO-Soprano-1;KO-Soprano-2;KO-Tenor-1,speaker_mode_centroid
GTSinger_same_text_control,wavlm_l12,12,53,raw,1.0,1.0,1.0,0.3562383278526172,0.36644620659685595,0.0,12.0,DE-Soprano-1;EN-Alto-2;EN-Tenor-1;FR-Soprano-1;IT-Bass-1;IT-Bass-2;JA-Soprano-1;KO-Soprano-2;KO-Tenor-1;ZH-Tenor-1,DE-Tenor-1;EN-Alto-1;ES-Bass-1;ES-Soprano-1;FR-Tenor-1;IT-Soprano-1;JA-Tenor-1;KO-Soprano-1;RU-Alto-1;ZH-Alto-1,speaker_mode_centroid
GTSinger_same_text_control,wavlm_l12,12,53,symmetric_global_corrected,0.71,0.75,0.7826086956521738,3.0107278418111616e-13,-4.371724277871953e-28,-2.414270211842586e-13,1.0,DE-Soprano-1;EN-Alto-2;EN-Tenor-1;FR-Soprano-1;IT-Bass-1;IT-Bass-2;JA-Soprano-1;KO-Soprano-2;KO-Tenor-1;ZH-Tenor-1,DE-Tenor-1;EN-Alto-1;ES-Bass-1;ES-Soprano-1;FR-Tenor-1;IT-Soprano-1;JA-Tenor-1;KO-Soprano-1;RU-Alto-1;ZH-Alto-1,speaker_mode_centroid
GTSinger_same_text_control,wavlm_l12,12,59,raw,1.0,1.0,1.0,0.3832617456586274,0.6966000921385698,0.0,12.0,EN-Alto-1;EN-Tenor-1;ES-Bass-1;ES-Soprano-1;IT-Bass-1;IT-Bass-2;IT-Soprano-1;JA-Soprano-1;KO-Tenor-1;ZH-Tenor-1,DE-Soprano-1;DE-Tenor-1;EN-Alto-2;FR-Soprano-1;FR-Tenor-1;JA-Tenor-1;KO-Soprano-1;KO-Soprano-2;RU-Alto-1;ZH-Alto-1,speaker_mode_centroid
GTSinger_same_text_control,wavlm_l12,12,59,symmetric_global_corrected,0.28,0.45,0.15384615384615383,3.1781882112288757e-13,-1.3073345705255422e-27,3.2629673268539067e-13,1.0,EN-Alto-1;EN-Tenor-1;ES-Bass-1;ES-Soprano-1;IT-Bass-1;IT-Bass-2;IT-Soprano-1;JA-Soprano-1;KO-Tenor-1;ZH-Tenor-1,DE-Soprano-1;DE-Tenor-1;EN-Alto-2;FR-Soprano-1;FR-Tenor-1;JA-Tenor-1;KO-Soprano-1;KO-Soprano-2;RU-Alto-1;ZH-Alto-1,speaker_mode_centroid
GTSinger_same_text_control,wavlm_l12,12,61,raw,1.0,1.0,1.0,0.3703056359372322,0.4078696448272974,0.0,12.0,EN-Alto-1;EN-Alto-2;FR-Soprano-1;IT-Bass-1;IT-Bass-2;IT-Soprano-1;JA-Soprano-1;RU-Alto-1;ZH-Alto-1;ZH-Tenor-1,DE-Soprano-1;DE-Tenor-1;EN-Tenor-1;ES-Bass-1;ES-Soprano-1;FR-Tenor-1;JA-Tenor-1;KO-Soprano-1;KO-Soprano-2;KO-Tenor-1,speaker_mode_centroid
GTSinger_same_text_control,wavlm_l12,12,61,symmetric_global_corrected,0.56,0.5,0.4444444444444445,2.970196617785116e-13,-7.334175132794496e-28,9.325999365942189e-14,1.0,EN-Alto-1;EN-Alto-2;FR-Soprano-1;IT-Bass-1;IT-Bass-2;IT-Soprano-1;JA-Soprano-1;RU-Alto-1;ZH-Alto-1;ZH-Tenor-1,DE-Soprano-1;DE-Tenor-1;EN-Tenor-1;ES-Bass-1;ES-Soprano-1;FR-Tenor-1;JA-Tenor-1;KO-Soprano-1;KO-Soprano-2;KO-Tenor-1,speaker_mode_centroid
GTSinger_same_text_control,wavlm_l12,12,67,raw,1.0,1.0,1.0,0.38158825585564204,0.8669527981689009,0.0,12.0,EN-Alto-1;EN-Alto-2;ES-Bass-1;ES-Soprano-1;FR-Soprano-1;IT-Bass-2;JA-Soprano-1;JA-Tenor-1;ZH-Alto-1;ZH-Tenor-1,DE-Soprano-1;DE-Tenor-1;EN-Tenor-1;FR-Tenor-1;IT-Bass-1;IT-Soprano-1;KO-Soprano-1;KO-Soprano-2;KO-Tenor-1;RU-Alto-1,speaker_mode_centroid
GTSinger_same_text_control,wavlm_l12,12,67,symmetric_global_corrected,0.36,0.55,0.6896551724137931,2.8164157199536553e-13,2.414165114017997e-28,-3.039060127031016e-13,1.0,EN-Alto-1;EN-Alto-2;ES-Bass-1;ES-Soprano-1;FR-Soprano-1;IT-Bass-2;JA-Soprano-1;JA-Tenor-1;ZH-Alto-1;ZH-Tenor-1,DE-Soprano-1;DE-Tenor-1;EN-Tenor-1;FR-Tenor-1;IT-Bass-1;IT-Soprano-1;KO-Soprano-1;KO-Soprano-2;KO-Tenor-1;RU-Alto-1,speaker_mode_centroid
GTSinger_same_text_control,wavlm_l12,12,71,raw,1.0,1.0,1.0,0.3867713477873174,0.5743422971131402,0.0,12.0,DE-Tenor-1;EN-Alto-1;ES-Bass-1;FR-Soprano-1;FR-Tenor-1;IT-Bass-1;IT-Bass-2;JA-Soprano-1;KO-Soprano-2;ZH-Tenor-1,DE-Soprano-1;EN-Alto-2;EN-Tenor-1;ES-Soprano-1;IT-Soprano-1;JA-Tenor-1;KO-Soprano-1;KO-Tenor-1;RU-Alto-1;ZH-Alto-1,speaker_mode_centroid
GTSinger_same_text_control,wavlm_l12,12,71,symmetric_global_corrected,0.78,0.65,0.7200000000000001,2.9918408063146795e-13,-1.9281770953722183e-28,-3.1371181907244415e-13,1.0,DE-Tenor-1;EN-Alto-1;ES-Bass-1;FR-Soprano-1;FR-Tenor-1;IT-Bass-1;IT-Bass-2;JA-Soprano-1;KO-Soprano-2;ZH-Tenor-1,DE-Soprano-1;EN-Alto-2;EN-Tenor-1;ES-Soprano-1;IT-Soprano-1;JA-Tenor-1;KO-Soprano-1;KO-Tenor-1;RU-Alto-1;ZH-Alto-1,speaker_mode_centroid
GTSinger_same_text_control,wavlm_l12,12,73,raw,1.0,1.0,1.0,0.3588023703376331,0.584503937971114,0.0,12.0,DE-Soprano-1;EN-Alto-1;EN-Tenor-1;ES-Bass-1;FR-Soprano-1;KO-Soprano-1;KO-Soprano-2;KO-Tenor-1;RU-Alto-1;ZH-Alto-1,DE-Tenor-1;EN-Alto-2;ES-Soprano-1;FR-Tenor-1;IT-Bass-1;IT-Bass-2;IT-Soprano-1;JA-Soprano-1;JA-Tenor-1;ZH-Tenor-1,speaker_mode_centroid
GTSinger_same_text_control,wavlm_l12,12,73,symmetric_global_corrected,0.33,0.35,0.380952380952381,3.6104940435121e-13,-1.3671739633552361e-27,-2.9569554629052944e-13,1.0,DE-Soprano-1;EN-Alto-1;EN-Tenor-1;ES-Bass-1;FR-Soprano-1;KO-Soprano-1;KO-Soprano-2;KO-Tenor-1;RU-Alto-1;ZH-Alto-1,DE-Tenor-1;EN-Alto-2;ES-Soprano-1;FR-Tenor-1;IT-Bass-1;IT-Bass-2;IT-Soprano-1;JA-Soprano-1;JA-Tenor-1;ZH-Tenor-1,speaker_mode_centroid
GTSinger_same_text_control,wavlm_l12,12,79,raw,1.0,1.0,1.0,0.34644837706691217,0.6061062814284356,0.0,12.0,DE-Soprano-1;DE-Tenor-1;EN-Tenor-1;FR-Soprano-1;FR-Tenor-1;IT-Soprano-1;JA-Tenor-1;KO-Soprano-1;KO-Soprano-2;ZH-Tenor-1,EN-Alto-1;EN-Alto-2;ES-Bass-1;ES-Soprano-1;IT-Bass-1;IT-Bass-2;JA-Soprano-1;KO-Tenor-1;RU-Alto-1;ZH-Alto-1,speaker_mode_centroid
GTSinger_same_text_control,wavlm_l12,12,79,symmetric_global_corrected,0.44,0.5,0.28571428571428575,3.0500223629555373e-13,-4.93185123755154e-28,1.9684084645004667e-13,1.0,DE-Soprano-1;DE-Tenor-1;EN-Tenor-1;FR-Soprano-1;FR-Tenor-1;IT-Soprano-1;JA-Tenor-1;KO-Soprano-1;KO-Soprano-2;ZH-Tenor-1,EN-Alto-1;EN-Alto-2;ES-Bass-1;ES-Soprano-1;IT-Bass-1;IT-Bass-2;JA-Soprano-1;KO-Tenor-1;RU-Alto-1;ZH-Alto-1,speaker_mode_centroid
GTSinger_same_text_control,wavlm_l12,12,83,raw,1.0,1.0,1.0,0.36853682043006586,0.785412406367145,0.0,12.0,DE-Tenor-1;EN-Alto-1;EN-Tenor-1;ES-Soprano-1;FR-Soprano-1;FR-Tenor-1;IT-Bass-1;IT-Bass-2;JA-Tenor-1;KO-Soprano-1,DE-Soprano-1;EN-Alto-2;ES-Bass-1;IT-Soprano-1;JA-Soprano-1;KO-Soprano-2;KO-Tenor-1;RU-Alto-1;ZH-Alto-1;ZH-Tenor-1,speaker_mode_centroid
GTSinger_same_text_control,wavlm_l12,12,83,symmetric_global_corrected,0.53,0.5,0.6428571428571429,3.036341852072793e-13,-3.4069440083721967e-28,-1.5587115756919796e-13,1.0,DE-Tenor-1;EN-Alto-1;EN-Tenor-1;ES-Soprano-1;FR-Soprano-1;FR-Tenor-1;IT-Bass-1;IT-Bass-2;JA-Tenor-1;KO-Soprano-1,DE-Soprano-1;EN-Alto-2;ES-Bass-1;IT-Soprano-1;JA-Soprano-1;KO-Soprano-2;KO-Tenor-1;RU-Alto-1;ZH-Alto-1;ZH-Tenor-1,speaker_mode_centroid
GTSinger_same_text_control,wavlm_l12,12,89,raw,1.0,1.0,1.0,0.3558947640981791,0.5279396088649593,0.0,12.0,EN-Alto-2;EN-Tenor-1;FR-Soprano-1;IT-Bass-1;JA-Soprano-1;JA-Tenor-1;KO-Soprano-1;KO-Tenor-1;ZH-Alto-1;ZH-Tenor-1,DE-Soprano-1;DE-Tenor-1;EN-Alto-1;ES-Bass-1;ES-Soprano-1;FR-Tenor-1;IT-Bass-2;IT-Soprano-1;KO-Soprano-2;RU-Alto-1,speaker_mode_centroid
GTSinger_same_text_control,wavlm_l12,12,89,symmetric_global_corrected,0.46,0.4,0.4000000000000001,2.983214893504788e-13,1.4561543694067633e-27,-6.836935752748474e-14,1.0,EN-Alto-2;EN-Tenor-1;FR-Soprano-1;IT-Bass-1;JA-Soprano-1;JA-Tenor-1;KO-Soprano-1;KO-Tenor-1;ZH-Alto-1;ZH-Tenor-1,DE-Soprano-1;DE-Tenor-1;EN-Alto-1;ES-Bass-1;ES-Soprano-1;FR-Tenor-1;IT-Bass-2;IT-Soprano-1;KO-Soprano-2;RU-Alto-1,speaker_mode_centroid
GTSinger_same_text_control,wavlm_l12,12,97,raw,1.0,1.0,1.0,0.3737969356419477,0.5418923804333659,0.0,12.0,EN-Alto-1;EN-Alto-2;ES-Bass-1;FR-Soprano-1;IT-Bass-2;IT-Soprano-1;JA-Soprano-1;KO-Soprano-1;KO-Soprano-2;KO-Tenor-1,DE-Soprano-1;DE-Tenor-1;EN-Tenor-1;ES-Soprano-1;FR-Tenor-1;IT-Bass-1;JA-Tenor-1;RU-Alto-1;ZH-Alto-1;ZH-Tenor-1,speaker_mode_centroid
GTSinger_same_text_control,wavlm_l12,12,97,symmetric_global_corrected,0.4,0.4,0.5,3.1625078943143976e-13,-4.391519422183856e-29,-2.8327606348082995e-13,1.0,EN-Alto-1;EN-Alto-2;ES-Bass-1;FR-Soprano-1;IT-Bass-2;IT-Soprano-1;JA-Soprano-1;KO-Soprano-1;KO-Soprano-2;KO-Tenor-1,DE-Soprano-1;DE-Tenor-1;EN-Tenor-1;ES-Soprano-1;FR-Tenor-1;IT-Bass-1;JA-Tenor-1;RU-Alto-1;ZH-Alto-1;ZH-Tenor-1,speaker_mode_centroid
GTSinger_same_text_control,wavlm_l12,12,101,raw,1.0,1.0,1.0,0.3734266080519,0.7009261435589159,0.0,12.0,DE-Soprano-1;DE-Tenor-1;EN-Alto-1;EN-Alto-2;FR-Soprano-1;IT-Bass-1;IT-Soprano-1;JA-Soprano-1;JA-Tenor-1;RU-Alto-1,EN-Tenor-1;ES-Bass-1;ES-Soprano-1;FR-Tenor-1;IT-Bass-2;KO-Soprano-1;KO-Soprano-2;KO-Tenor-1;ZH-Alto-1;ZH-Tenor-1,speaker_mode_centroid
GTSinger_same_text_control,wavlm_l12,12,101,symmetric_global_corrected,0.48,0.5,0.37499999999999994,3.0054096739340537e-13,4.835575492227339e-28,1.5172711205604524e-13,1.0,DE-Soprano-1;DE-Tenor-1;EN-Alto-1;EN-Alto-2;FR-Soprano-1;IT-Bass-1;IT-Soprano-1;JA-Soprano-1;JA-Tenor-1;RU-Alto-1,EN-Tenor-1;ES-Bass-1;ES-Soprano-1;FR-Tenor-1;IT-Bass-2;KO-Soprano-1;KO-Soprano-2;KO-Tenor-1;ZH-Alto-1;ZH-Tenor-1,speaker_mode_centroid
GTSinger_same_text_control,wavlm_l12,12,103,raw,1.0,1.0,1.0,0.3701439252975188,0.6582596134326597,0.0,12.0,DE-Soprano-1;EN-Alto-2;EN-Tenor-1;FR-Tenor-1;IT-Bass-1;IT-Bass-2;JA-Soprano-1;JA-Tenor-1;ZH-Alto-1;ZH-Tenor-1,DE-Tenor-1;EN-Alto-1;ES-Bass-1;ES-Soprano-1;FR-Soprano-1;IT-Soprano-1;KO-Soprano-1;KO-Soprano-2;KO-Tenor-1;RU-Alto-1,speaker_mode_centroid
GTSinger_same_text_control,wavlm_l12,12,103,symmetric_global_corrected,0.46,0.5,0.37499999999999994,2.669608861736221e-13,5.03585202029038e-28,6.664935320395873e-14,1.0,DE-Soprano-1;EN-Alto-2;EN-Tenor-1;FR-Tenor-1;IT-Bass-1;IT-Bass-2;JA-Soprano-1;JA-Tenor-1;ZH-Alto-1;ZH-Tenor-1,DE-Tenor-1;EN-Alto-1;ES-Bass-1;ES-Soprano-1;FR-Soprano-1;IT-Soprano-1;KO-Soprano-1;KO-Soprano-2;KO-Tenor-1;RU-Alto-1,speaker_mode_centroid
GTSinger_same_text_control,wavlm_l12,12,107,raw,1.0,1.0,1.0,0.3594127664915733,0.475802665106724,0.0,12.0,EN-Alto-1;EN-Tenor-1;ES-Soprano-1;FR-Soprano-1;IT-Bass-1;IT-Bass-2;IT-Soprano-1;KO-Soprano-2;RU-Alto-1;ZH-Tenor-1,DE-Soprano-1;DE-Tenor-1;EN-Alto-2;ES-Bass-1;FR-Tenor-1;JA-Soprano-1;JA-Tenor-1;KO-Soprano-1;KO-Tenor-1;ZH-Alto-1,speaker_mode_centroid
GTSinger_same_text_control,wavlm_l12,12,107,symmetric_global_corrected,0.45,0.55,0.64,3.296415928086821e-13,-6.58239214622723e-28,-2.619315698275536e-13,1.0,EN-Alto-1;EN-Tenor-1;ES-Soprano-1;FR-Soprano-1;IT-Bass-1;IT-Bass-2;IT-Soprano-1;KO-Soprano-2;RU-Alto-1;ZH-Tenor-1,DE-Soprano-1;DE-Tenor-1;EN-Alto-2;ES-Bass-1;FR-Tenor-1;JA-Soprano-1;JA-Tenor-1;KO-Soprano-1;KO-Tenor-1;ZH-Alto-1,speaker_mode_centroid
GTSinger_same_text_control,wavlm_l12,12,109,raw,1.0,1.0,1.0,0.3547669959640742,0.31916809862108697,0.0,12.0,DE-Soprano-1;DE-Tenor-1;EN-Alto-2;EN-Tenor-1;IT-Bass-1;IT-Bass-2;IT-Soprano-1;JA-Soprano-1;KO-Soprano-1;ZH-Tenor-1,EN-Alto-1;ES-Bass-1;ES-Soprano-1;FR-Soprano-1;FR-Tenor-1;JA-Tenor-1;KO-Soprano-2;KO-Tenor-1;RU-Alto-1;ZH-Alto-1,speaker_mode_centroid
GTSinger_same_text_control,wavlm_l12,12,109,symmetric_global_corrected,0.59,0.65,0.6956521739130435,2.965508668996034e-13,-2.3550370990730554e-27,0.0,1.0,DE-Soprano-1;DE-Tenor-1;EN-Alto-2;EN-Tenor-1;IT-Bass-1;IT-Bass-2;IT-Soprano-1;JA-Soprano-1;KO-Soprano-1;ZH-Tenor-1,EN-Alto-1;ES-Bass-1;ES-Soprano-1;FR-Soprano-1;FR-Tenor-1;JA-Tenor-1;KO-Soprano-2;KO-Tenor-1;RU-Alto-1;ZH-Alto-1,speaker_mode_centroid
GTSinger_same_text_control,wavlm_l12,12,113,raw,1.0,1.0,1.0,0.3497694869823829,0.36013476766980285,0.0,12.0,DE-Soprano-1;DE-Tenor-1;EN-Alto-2;ES-Soprano-1;FR-Soprano-1;IT-Bass-2;JA-Soprano-1;KO-Soprano-2;RU-Alto-1;ZH-Tenor-1,EN-Alto-1;EN-Tenor-1;ES-Bass-1;FR-Tenor-1;IT-Bass-1;IT-Soprano-1;JA-Tenor-1;KO-Soprano-1;KO-Tenor-1;ZH-Alto-1,speaker_mode_centroid
GTSinger_same_text_control,wavlm_l12,12,113,symmetric_global_corrected,0.5,0.5,0.6428571428571429,3.176391367915816e-13,2.7062814290755336e-28,-4.742339511762463e-13,1.0,DE-Soprano-1;DE-Tenor-1;EN-Alto-2;ES-Soprano-1;FR-Soprano-1;IT-Bass-2;JA-Soprano-1;KO-Soprano-2;RU-Alto-1;ZH-Tenor-1,EN-Alto-1;EN-Tenor-1;ES-Bass-1;FR-Tenor-1;IT-Bass-1;IT-Soprano-1;JA-Tenor-1;KO-Soprano-1;KO-Tenor-1;ZH-Alto-1,speaker_mode_centroid
GTSinger_same_text_control,wavlm_l12,12,127,raw,1.0,1.0,1.0,0.36499439897316827,0.505847561909686,0.0,12.0,DE-Tenor-1;EN-Alto-2;EN-Tenor-1;ES-Bass-1;ES-Soprano-1;FR-Soprano-1;FR-Tenor-1;KO-Soprano-2;ZH-Alto-1;ZH-Tenor-1,DE-Soprano-1;EN-Alto-1;IT-Bass-1;IT-Bass-2;IT-Soprano-1;JA-Soprano-1;JA-Tenor-1;KO-Soprano-1;KO-Tenor-1;RU-Alto-1,speaker_mode_centroid
GTSinger_same_text_control,wavlm_l12,12,127,symmetric_global_corrected,0.43,0.4,0.33333333333333326,3.2348454387915226e-13,-8.0084799851917135e-28,-1.294205696715897e-13,1.0,DE-Tenor-1;EN-Alto-2;EN-Tenor-1;ES-Bass-1;ES-Soprano-1;FR-Soprano-1;FR-Tenor-1;KO-Soprano-2;ZH-Alto-1;ZH-Tenor-1,DE-Soprano-1;EN-Alto-1;IT-Bass-1;IT-Bass-2;IT-Soprano-1;JA-Soprano-1;JA-Tenor-1;KO-Soprano-1;KO-Tenor-1;RU-Alto-1,speaker_mode_centroid
GTSinger_same_text_control,wavlm_l12,12,131,raw,1.0,1.0,1.0,0.3570427081933485,0.377417611755741,0.0,11.0,DE-Soprano-1;EN-Alto-1;EN-Alto-2;EN-Tenor-1;FR-Soprano-1;IT-Bass-1;IT-Soprano-1;KO-Soprano-2;RU-Alto-1;ZH-Tenor-1,DE-Tenor-1;ES-Bass-1;ES-Soprano-1;FR-Tenor-1;IT-Bass-2;JA-Soprano-1;JA-Tenor-1;KO-Soprano-1;KO-Tenor-1;ZH-Alto-1,speaker_mode_centroid
GTSinger_same_text_control,wavlm_l12,12,131,symmetric_global_corrected,0.65,0.6499999999999999,0.631578947368421,3.319876066032362e-13,-2.9062565081762614e-27,-2.862697529024707e-14,1.0,DE-Soprano-1;EN-Alto-1;EN-Alto-2;EN-Tenor-1;FR-Soprano-1;IT-Bass-1;IT-Soprano-1;KO-Soprano-2;RU-Alto-1;ZH-Tenor-1,DE-Tenor-1;ES-Bass-1;ES-Soprano-1;FR-Tenor-1;IT-Bass-2;JA-Soprano-1;JA-Tenor-1;KO-Soprano-1;KO-Tenor-1;ZH-Alto-1,speaker_mode_centroid
GTSinger_same_text_control,wavlm_l12,12,137,raw,1.0,1.0,1.0,0.3638401763193506,0.43089048375201355,0.0,12.0,DE-Tenor-1;EN-Alto-2;EN-Tenor-1;FR-Soprano-1;IT-Bass-1;IT-Bass-2;JA-Soprano-1;KO-Soprano-2;RU-Alto-1;ZH-Tenor-1,DE-Soprano-1;EN-Alto-1;ES-Bass-1;ES-Soprano-1;FR-Tenor-1;IT-Soprano-1;JA-Tenor-1;KO-Soprano-1;KO-Tenor-1;ZH-Alto-1,speaker_mode_centroid
GTSinger_same_text_control,wavlm_l12,12,137,symmetric_global_corrected,0.54,0.5,0.6666666666666666,3.0103953107764793e-13,-5.900961382752281e-28,-4.4856251929365295e-13,1.0,DE-Tenor-1;EN-Alto-2;EN-Tenor-1;FR-Soprano-1;IT-Bass-1;IT-Bass-2;JA-Soprano-1;KO-Soprano-2;RU-Alto-1;ZH-Tenor-1,DE-Soprano-1;EN-Alto-1;ES-Bass-1;ES-Soprano-1;FR-Tenor-1;IT-Soprano-1;JA-Tenor-1;KO-Soprano-1;KO-Tenor-1;ZH-Alto-1,speaker_mode_centroid
GTSinger_same_text_control,wavlm_l12,12,139,raw,1.0,1.0,1.0,0.3747244259191442,0.3891779364777972,0.0,12.0,DE-Soprano-1;DE-Tenor-1;EN-Alto-2;ES-Bass-1;FR-Tenor-1;IT-Bass-1;IT-Soprano-1;KO-Soprano-1;KO-Soprano-2;RU-Alto-1,EN-Alto-1;EN-Tenor-1;ES-Soprano-1;FR-Soprano-1;IT-Bass-2;JA-Soprano-1;JA-Tenor-1;KO-Tenor-1;ZH-Alto-1;ZH-Tenor-1,speaker_mode_centroid
GTSinger_same_text_control,wavlm_l12,12,139,symmetric_global_corrected,0.49,0.4,0.4000000000000001,3.200284283403816e-13,1.0437994765380374e-27,1.4183653636716893e-13,1.0,DE-Soprano-1;DE-Tenor-1;EN-Alto-2;ES-Bass-1;FR-Tenor-1;IT-Bass-1;IT-Soprano-1;KO-Soprano-1;KO-Soprano-2;RU-Alto-1,EN-Alto-1;EN-Tenor-1;ES-Soprano-1;FR-Soprano-1;IT-Bass-2;JA-Soprano-1;JA-Tenor-1;KO-Tenor-1;ZH-Alto-1;ZH-Tenor-1,speaker_mode_centroid
GTSinger_same_text_control,wavlm_l12,12,149,raw,1.0,1.0,1.0,0.36887139547076364,0.6723504576323414,0.0,12.0,DE-Soprano-1;DE-Tenor-1;EN-Tenor-1;ES-Bass-1;FR-Soprano-1;IT-Bass-2;KO-Soprano-1;KO-Soprano-2;KO-Tenor-1;ZH-Tenor-1,EN-Alto-1;EN-Alto-2;ES-Soprano-1;FR-Tenor-1;IT-Bass-1;IT-Soprano-1;JA-Soprano-1;JA-Tenor-1;RU-Alto-1;ZH-Alto-1,speaker_mode_centroid
GTSinger_same_text_control,wavlm_l12,12,149,symmetric_global_corrected,0.59,0.6499999999999999,0.6666666666666666,3.2112264629647406e-13,-2.0759318256538587e-27,1.362992054840542e-13,1.0,DE-Soprano-1;DE-Tenor-1;EN-Tenor-1;ES-Bass-1;FR-Soprano-1;IT-Bass-2;KO-Soprano-1;KO-Soprano-2;KO-Tenor-1;ZH-Tenor-1,EN-Alto-1;EN-Alto-2;ES-Soprano-1;FR-Tenor-1;IT-Bass-1;IT-Soprano-1;JA-Soprano-1;JA-Tenor-1;RU-Alto-1;ZH-Alto-1,speaker_mode_centroid
GTSinger_same_text_control,wavlm_l12,12,151,raw,1.0,1.0,1.0,0.36372090967416343,0.5721092511105375,0.0,12.0,DE-Tenor-1;EN-Alto-1;EN-Alto-2;ES-Soprano-1;FR-Tenor-1;IT-Soprano-1;KO-Soprano-1;KO-Tenor-1;RU-Alto-1;ZH-Alto-1,DE-Soprano-1;EN-Tenor-1;ES-Bass-1;FR-Soprano-1;IT-Bass-1;IT-Bass-2;JA-Soprano-1;JA-Tenor-1;KO-Soprano-2;ZH-Tenor-1,speaker_mode_centroid
GTSinger_same_text_control,wavlm_l12,12,151,symmetric_global_corrected,0.26,0.44999999999999996,0.26666666666666666,3.323681425916899e-13,-3.537026913071997e-27,1.9734817737985398e-13,1.0,DE-Tenor-1;EN-Alto-1;EN-Alto-2;ES-Soprano-1;FR-Tenor-1;IT-Soprano-1;KO-Soprano-1;KO-Tenor-1;RU-Alto-1;ZH-Alto-1,DE-Soprano-1;EN-Tenor-1;ES-Bass-1;FR-Soprano-1;IT-Bass-1;IT-Bass-2;JA-Soprano-1;JA-Tenor-1;KO-Soprano-2;ZH-Tenor-1,speaker_mode_centroid
GTSinger_same_text_control,wavlm_l12,12,157,raw,1.0,1.0,1.0,0.3629737302439441,0.6384818023075128,0.0,12.0,DE-Soprano-1;DE-Tenor-1;EN-Alto-1;EN-Alto-2;EN-Tenor-1;ES-Bass-1;JA-Soprano-1;KO-Tenor-1;ZH-Alto-1;ZH-Tenor-1,ES-Soprano-1;FR-Soprano-1;FR-Tenor-1;IT-Bass-1;IT-Bass-2;IT-Soprano-1;JA-Tenor-1;KO-Soprano-1;KO-Soprano-2;RU-Alto-1,speaker_mode_centroid
GTSinger_same_text_control,wavlm_l12,12,157,symmetric_global_corrected,0.49,0.5,0.5833333333333334,3.369321148863093e-13,-3.394575247217498e-27,-3.110187318530586e-13,1.0,DE-Soprano-1;DE-Tenor-1;EN-Alto-1;EN-Alto-2;EN-Tenor-1;ES-Bass-1;JA-Soprano-1;KO-Tenor-1;ZH-Alto-1;ZH-Tenor-1,ES-Soprano-1;FR-Soprano-1;FR-Tenor-1;IT-Bass-1;IT-Bass-2;IT-Soprano-1;JA-Tenor-1;KO-Soprano-1;KO-Soprano-2;RU-Alto-1,speaker_mode_centroid
GTSinger_same_text_control,wavlm_l12,12,163,raw,1.0,1.0,1.0,0.40175859021425175,0.8789511441335511,0.0,13.0,EN-Alto-1;ES-Bass-1;ES-Soprano-1;FR-Tenor-1;IT-Bass-1;IT-Bass-2;JA-Soprano-1;JA-Tenor-1;KO-Soprano-1;ZH-Alto-1,DE-Soprano-1;DE-Tenor-1;EN-Alto-2;EN-Tenor-1;FR-Soprano-1;IT-Soprano-1;KO-Soprano-2;KO-Tenor-1;RU-Alto-1;ZH-Tenor-1,speaker_mode_centroid
GTSinger_same_text_control,wavlm_l12,12,163,symmetric_global_corrected,0.34,0.35,0.13333333333333333,2.8641784258011395e-13,1.1535399194587141e-27,2.017691957570193e-13,1.0,EN-Alto-1;ES-Bass-1;ES-Soprano-1;FR-Tenor-1;IT-Bass-1;IT-Bass-2;JA-Soprano-1;JA-Tenor-1;KO-Soprano-1;ZH-Alto-1,DE-Soprano-1;DE-Tenor-1;EN-Alto-2;EN-Tenor-1;FR-Soprano-1;IT-Soprano-1;KO-Soprano-2;KO-Tenor-1;RU-Alto-1;ZH-Tenor-1,speaker_mode_centroid
GTSinger_same_text_control,wavlm_l12,12,167,raw,1.0,1.0,1.0,0.352851116354199,0.5008557103953502,0.0,12.0,DE-Tenor-1;EN-Alto-2;EN-Tenor-1;ES-Soprano-1;IT-Bass-2;IT-Soprano-1;KO-Soprano-2;RU-Alto-1;ZH-Alto-1;ZH-Tenor-1,DE-Soprano-1;EN-Alto-1;ES-Bass-1;FR-Soprano-1;FR-Tenor-1;IT-Bass-1;JA-Soprano-1;JA-Tenor-1;KO-Soprano-1;KO-Tenor-1,speaker_mode_centroid
GTSinger_same_text_control,wavlm_l12,12,167,symmetric_global_corrected,0.34,0.44999999999999996,0.56,3.2881574249257245e-13,-8.363228101764114e-28,-2.2062414644264283e-13,1.0,DE-Tenor-1;EN-Alto-2;EN-Tenor-1;ES-Soprano-1;IT-Bass-2;IT-Soprano-1;KO-Soprano-2;RU-Alto-1;ZH-Alto-1;ZH-Tenor-1,DE-Soprano-1;EN-Alto-1;ES-Bass-1;FR-Soprano-1;FR-Tenor-1;IT-Bass-1;JA-Soprano-1;JA-Tenor-1;KO-Soprano-1;KO-Tenor-1,speaker_mode_centroid
GTSinger_same_text_control,wavlm_l12,12,173,raw,1.0,1.0,1.0,0.37578222892892355,0.6932944741513885,0.0,12.0,DE-Soprano-1;DE-Tenor-1;EN-Alto-1;EN-Alto-2;ES-Soprano-1;FR-Soprano-1;FR-Tenor-1;IT-Bass-1;IT-Bass-2;JA-Tenor-1,EN-Tenor-1;ES-Bass-1;IT-Soprano-1;JA-Soprano-1;KO-Soprano-1;KO-Soprano-2;KO-Tenor-1;RU-Alto-1;ZH-Alto-1;ZH-Tenor-1,speaker_mode_centroid
GTSinger_same_text_control,wavlm_l12,12,173,symmetric_global_corrected,0.35,0.35,0.3157894736842105,2.9531200707319797e-13,-1.3295116485689464e-27,-5.6821573375885007e-14,1.0,DE-Soprano-1;DE-Tenor-1;EN-Alto-1;EN-Alto-2;ES-Soprano-1;FR-Soprano-1;FR-Tenor-1;IT-Bass-1;IT-Bass-2;JA-Tenor-1,EN-Tenor-1;ES-Bass-1;IT-Soprano-1;JA-Soprano-1;KO-Soprano-1;KO-Soprano-2;KO-Tenor-1;RU-Alto-1;ZH-Alto-1;ZH-Tenor-1,speaker_mode_centroid
GTSinger_same_text_control,wavlm_l12,12,179,raw,1.0,1.0,1.0,0.36955645414646443,0.6940887111644483,0.0,12.0,DE-Soprano-1;EN-Alto-1;EN-Alto-2;EN-Tenor-1;IT-Bass-1;JA-Soprano-1;JA-Tenor-1;KO-Soprano-1;KO-Tenor-1;ZH-Tenor-1,DE-Tenor-1;ES-Bass-1;ES-Soprano-1;FR-Soprano-1;FR-Tenor-1;IT-Bass-2;IT-Soprano-1;KO-Soprano-2;RU-Alto-1;ZH-Alto-1,speaker_mode_centroid
GTSinger_same_text_control,wavlm_l12,12,179,symmetric_global_corrected,0.65,0.55,0.5714285714285713,3.024385030520246e-13,-1.2010964895884853e-27,-1.0321877090005969e-13,1.0,DE-Soprano-1;EN-Alto-1;EN-Alto-2;EN-Tenor-1;IT-Bass-1;JA-Soprano-1;JA-Tenor-1;KO-Soprano-1;KO-Tenor-1;ZH-Tenor-1,DE-Tenor-1;ES-Bass-1;ES-Soprano-1;FR-Soprano-1;FR-Tenor-1;IT-Bass-2;IT-Soprano-1;KO-Soprano-2;RU-Alto-1;ZH-Alto-1,speaker_mode_centroid
GTSinger_same_text_control,wavlm_l12,12,181,raw,1.0,1.0,1.0,0.37918857654587573,0.8253179745075244,0.0,12.0,DE-Soprano-1;EN-Alto-1;ES-Bass-1;FR-Soprano-1;IT-Bass-2;IT-Soprano-1;JA-Soprano-1;JA-Tenor-1;KO-Soprano-1;ZH-Alto-1,DE-Tenor-1;EN-Alto-2;EN-Tenor-1;ES-Soprano-1;FR-Tenor-1;IT-Bass-1;KO-Soprano-2;KO-Tenor-1;RU-Alto-1;ZH-Tenor-1,speaker_mode_centroid
GTSinger_same_text_control,wavlm_l12,12,181,symmetric_global_corrected,0.51,0.55,0.6666666666666667,3.0103477146691487e-13,3.687951502334458e-28,-2.2657725722391426e-13,1.0,DE-Soprano-1;EN-Alto-1;ES-Bass-1;FR-Soprano-1;IT-Bass-2;IT-Soprano-1;JA-Soprano-1;JA-Tenor-1;KO-Soprano-1;ZH-Alto-1,DE-Tenor-1;EN-Alto-2;EN-Tenor-1;ES-Soprano-1;FR-Tenor-1;IT-Bass-1;KO-Soprano-2;KO-Tenor-1;RU-Alto-1;ZH-Tenor-1,speaker_mode_centroid
GTSinger_same_text_control,wavlm_l12,12,191,raw,1.0,1.0,1.0,0.3727066170907993,0.5069855030077228,0.0,12.0,DE-Tenor-1;EN-Tenor-1;ES-Bass-1;ES-Soprano-1;FR-Soprano-1;FR-Tenor-1;IT-Bass-1;JA-Soprano-1;ZH-Alto-1;ZH-Tenor-1,DE-Soprano-1;EN-Alto-1;EN-Alto-2;IT-Bass-2;IT-Soprano-1;JA-Tenor-1;KO-Soprano-1;KO-Soprano-2;KO-Tenor-1;RU-Alto-1,speaker_mode_centroid
GTSinger_same_text_control,wavlm_l12,12,191,symmetric_global_corrected,0.41,0.45,0.5925925925925927,3.224500287291628e-13,-1.824412719932211e-27,-3.746327183482059e-14,1.0,DE-Tenor-1;EN-Tenor-1;ES-Bass-1;ES-Soprano-1;FR-Soprano-1;FR-Tenor-1;IT-Bass-1;JA-Soprano-1;ZH-Alto-1;ZH-Tenor-1,DE-Soprano-1;EN-Alto-1;EN-Alto-2;IT-Bass-2;IT-Soprano-1;JA-Tenor-1;KO-Soprano-1;KO-Soprano-2;KO-Tenor-1;RU-Alto-1,speaker_mode_centroid
GTSinger_same_text_control,wavlm_l12,12,193,raw,1.0,1.0,1.0,0.35989992480265653,0.7864449130509974,0.0,12.0,EN-Alto-1;EN-Tenor-1;ES-Bass-1;ES-Soprano-1;FR-Soprano-1;IT-Soprano-1;JA-Tenor-1;KO-Soprano-2;RU-Alto-1;ZH-Tenor-1,DE-Soprano-1;DE-Tenor-1;EN-Alto-2;FR-Tenor-1;IT-Bass-1;IT-Bass-2;JA-Soprano-1;KO-Soprano-1;KO-Tenor-1;ZH-Alto-1,speaker_mode_centroid
GTSinger_same_text_control,wavlm_l12,12,193,symmetric_global_corrected,0.31,0.35,0.13333333333333333,3.333533802081501e-13,1.9279650013402775e-27,5.051489233346698e-14,1.0,EN-Alto-1;EN-Tenor-1;ES-Bass-1;ES-Soprano-1;FR-Soprano-1;IT-Soprano-1;JA-Tenor-1;KO-Soprano-2;RU-Alto-1;ZH-Tenor-1,DE-Soprano-1;DE-Tenor-1;EN-Alto-2;FR-Tenor-1;IT-Bass-1;IT-Bass-2;JA-Soprano-1;KO-Soprano-1;KO-Tenor-1;ZH-Alto-1,speaker_mode_centroid
GTSinger_same_text_control,wavlm_l12,12,197,raw,1.0,1.0,1.0,0.3727734079547332,0.7111927845554412,0.0,12.0,DE-Soprano-1;DE-Tenor-1;EN-Alto-1;ES-Bass-1;ES-Soprano-1;FR-Soprano-1;IT-Bass-2;KO-Tenor-1;RU-Alto-1;ZH-Tenor-1,EN-Alto-2;EN-Tenor-1;FR-Tenor-1;IT-Bass-1;IT-Soprano-1;JA-Soprano-1;JA-Tenor-1;KO-Soprano-1;KO-Soprano-2;ZH-Alto-1,speaker_mode_centroid
GTSinger_same_text_control,wavlm_l12,12,197,symmetric_global_corrected,0.34,0.35,0.4347826086956522,3.3165634664089005e-13,-3.9780751359194343e-28,-6.400705875627317e-14,1.0,DE-Soprano-1;DE-Tenor-1;EN-Alto-1;ES-Bass-1;ES-Soprano-1;FR-Soprano-1;IT-Bass-2;KO-Tenor-1;RU-Alto-1;ZH-Tenor-1,EN-Alto-2;EN-Tenor-1;FR-Tenor-1;IT-Bass-1;IT-Soprano-1;JA-Soprano-1;JA-Tenor-1;KO-Soprano-1;KO-Soprano-2;ZH-Alto-1,speaker_mode_centroid
GTSinger_same_text_control,wavlm_l12,12,199,raw,1.0,1.0,1.0,0.3812456359450363,0.5044928573158991,0.0,12.0,DE-Soprano-1;EN-Alto-2;EN-Tenor-1;ES-Bass-1;ES-Soprano-1;FR-Tenor-1;IT-Bass-1;KO-Soprano-1;RU-Alto-1;ZH-Tenor-1,DE-Tenor-1;EN-Alto-1;FR-Soprano-1;IT-Bass-2;IT-Soprano-1;JA-Soprano-1;JA-Tenor-1;KO-Soprano-2;KO-Tenor-1;ZH-Alto-1,speaker_mode_centroid
GTSinger_same_text_control,wavlm_l12,12,199,symmetric_global_corrected,0.54,0.55,0.6666666666666667,3.2043905989129455e-13,7.597178425388827e-28,-3.413497670861034e-13,1.0,DE-Soprano-1;EN-Alto-2;EN-Tenor-1;ES-Bass-1;ES-Soprano-1;FR-Tenor-1;IT-Bass-1;KO-Soprano-1;RU-Alto-1;ZH-Tenor-1,DE-Tenor-1;EN-Alto-1;FR-Soprano-1;IT-Bass-2;IT-Soprano-1;JA-Soprano-1;JA-Tenor-1;KO-Soprano-2;KO-Tenor-1;ZH-Alto-1,speaker_mode_centroid
GTSinger_same_text_control,wavlm_l12,12,211,raw,1.0,1.0,1.0,0.3768474440906344,0.8077899446976197,0.0,12.0,DE-Soprano-1;EN-Alto-1;EN-Alto-2;ES-Bass-1;FR-Soprano-1;JA-Tenor-1;KO-Soprano-2;KO-Tenor-1;RU-Alto-1;ZH-Alto-1,DE-Tenor-1;EN-Tenor-1;ES-Soprano-1;FR-Tenor-1;IT-Bass-1;IT-Bass-2;IT-Soprano-1;JA-Soprano-1;KO-Soprano-1;ZH-Tenor-1,speaker_mode_centroid
GTSinger_same_text_control,wavlm_l12,12,211,symmetric_global_corrected,0.6,0.5,0.0,3.21231861139004e-13,-3.3980790710929175e-28,1.9691386205933313e-13,1.0,DE-Soprano-1;EN-Alto-1;EN-Alto-2;ES-Bass-1;FR-Soprano-1;JA-Tenor-1;KO-Soprano-2;KO-Tenor-1;RU-Alto-1;ZH-Alto-1,DE-Tenor-1;EN-Tenor-1;ES-Soprano-1;FR-Tenor-1;IT-Bass-1;IT-Bass-2;IT-Soprano-1;JA-Soprano-1;KO-Soprano-1;ZH-Tenor-1,speaker_mode_centroid
GTSinger_same_text_control,wavlm_l12,12,223,raw,1.0,1.0,1.0,0.36220318567520665,0.7430185856855263,0.0,12.0,DE-Soprano-1;EN-Alto-2;EN-Tenor-1;ES-Soprano-1;IT-Bass-2;IT-Soprano-1;JA-Tenor-1;KO-Soprano-2;KO-Tenor-1;ZH-Alto-1,DE-Tenor-1;EN-Alto-1;ES-Bass-1;FR-Soprano-1;FR-Tenor-1;IT-Bass-1;JA-Soprano-1;KO-Soprano-1;RU-Alto-1;ZH-Tenor-1,speaker_mode_centroid
GTSinger_same_text_control,wavlm_l12,12,223,symmetric_global_corrected,0.37,0.4,0.45454545454545453,2.9578496623439797e-13,-1.2615785792337054e-27,-1.0036860210105158e-13,1.0,DE-Soprano-1;EN-Alto-2;EN-Tenor-1;ES-Soprano-1;IT-Bass-2;IT-Soprano-1;JA-Tenor-1;KO-Soprano-2;KO-Tenor-1;ZH-Alto-1,DE-Tenor-1;EN-Alto-1;ES-Bass-1;FR-Soprano-1;FR-Tenor-1;IT-Bass-1;JA-Soprano-1;KO-Soprano-1;RU-Alto-1;ZH-Tenor-1,speaker_mode_centroid
GTSinger_same_text_control,wavlm_l12,12,227,raw,1.0,1.0,1.0,0.38338810646386895,0.8010395571523533,0.0,12.0,DE-Soprano-1;EN-Tenor-1;ES-Bass-1;FR-Soprano-1;FR-Tenor-1;IT-Bass-1;JA-Tenor-1;KO-Soprano-1;KO-Soprano-2;KO-Tenor-1,DE-Tenor-1;EN-Alto-1;EN-Alto-2;ES-Soprano-1;IT-Bass-2;IT-Soprano-1;JA-Soprano-1;RU-Alto-1;ZH-Alto-1;ZH-Tenor-1,speaker_mode_centroid
GTSinger_same_text_control,wavlm_l12,12,227,symmetric_global_corrected,0.49,0.55,0.5263157894736842,3.097382007385694e-13,-3.63522542056196e-29,-6.405564432189516e-14,1.0,DE-Soprano-1;EN-Tenor-1;ES-Bass-1;FR-Soprano-1;FR-Tenor-1;IT-Bass-1;JA-Tenor-1;KO-Soprano-1;KO-Soprano-2;KO-Tenor-1,DE-Tenor-1;EN-Alto-1;EN-Alto-2;ES-Soprano-1;IT-Bass-2;IT-Soprano-1;JA-Soprano-1;RU-Alto-1;ZH-Alto-1;ZH-Tenor-1,speaker_mode_centroid
GTSinger_same_text_control,wavlm_l12,12,229,raw,1.0,1.0,1.0,0.3734246832105122,0.570104432073354,0.0,12.0,DE-Tenor-1;ES-Bass-1;ES-Soprano-1;FR-Soprano-1;IT-Bass-1;IT-Bass-2;IT-Soprano-1;KO-Tenor-1;RU-Alto-1;ZH-Alto-1,DE-Soprano-1;EN-Alto-1;EN-Alto-2;EN-Tenor-1;FR-Tenor-1;JA-Soprano-1;JA-Tenor-1;KO-Soprano-1;KO-Soprano-2;ZH-Tenor-1,speaker_mode_centroid
GTSinger_same_text_control,wavlm_l12,12,229,symmetric_global_corrected,0.64,0.5,0.5454545454545454,3.247492015611611e-13,1.661211855153629e-27,-1.195739089406592e-13,1.0,DE-Tenor-1;ES-Bass-1;ES-Soprano-1;FR-Soprano-1;IT-Bass-1;IT-Bass-2;IT-Soprano-1;KO-Tenor-1;RU-Alto-1;ZH-Alto-1,DE-Soprano-1;EN-Alto-1;EN-Alto-2;EN-Tenor-1;FR-Tenor-1;JA-Soprano-1;JA-Tenor-1;KO-Soprano-1;KO-Soprano-2;ZH-Tenor-1,speaker_mode_centroid
GTSinger_same_text_control,wavlm_l12,12,233,raw,1.0,1.0,1.0,0.35961389965009016,0.5240601128944865,0.0,12.0,DE-Soprano-1;DE-Tenor-1;EN-Alto-1;EN-Tenor-1;FR-Soprano-1;FR-Tenor-1;IT-Bass-1;IT-Bass-2;KO-Soprano-2;ZH-Tenor-1,EN-Alto-2;ES-Bass-1;ES-Soprano-1;IT-Soprano-1;JA-Soprano-1;JA-Tenor-1;KO-Soprano-1;KO-Tenor-1;RU-Alto-1;ZH-Alto-1,speaker_mode_centroid
GTSinger_same_text_control,wavlm_l12,12,233,symmetric_global_corrected,0.53,0.45,0.15384615384615383,3.1954982712579575e-13,1.2186968211148953e-27,1.5136273750879938e-13,1.0,DE-Soprano-1;DE-Tenor-1;EN-Alto-1;EN-Tenor-1;FR-Soprano-1;FR-Tenor-1;IT-Bass-1;IT-Bass-2;KO-Soprano-2;ZH-Tenor-1,EN-Alto-2;ES-Bass-1;ES-Soprano-1;IT-Soprano-1;JA-Soprano-1;JA-Tenor-1;KO-Soprano-1;KO-Tenor-1;RU-Alto-1;ZH-Alto-1,speaker_mode_centroid
GTSinger_same_text_control,wavlm_l12,12,239,raw,1.0,1.0,1.0,0.3409610320406951,0.2865230892513821,0.0,12.0,DE-Tenor-1;EN-Tenor-1;FR-Soprano-1;FR-Tenor-1;IT-Bass-1;IT-Bass-2;IT-Soprano-1;KO-Soprano-1;KO-Soprano-2;ZH-Tenor-1,DE-Soprano-1;EN-Alto-1;EN-Alto-2;ES-Bass-1;ES-Soprano-1;JA-Soprano-1;JA-Tenor-1;KO-Tenor-1;RU-Alto-1;ZH-Alto-1,speaker_mode_centroid
GTSinger_same_text_control,wavlm_l12,12,239,symmetric_global_corrected,0.24,0.5,0.6666666666666666,3.2034696620510247e-13,-2.3919679017311934e-28,-8.426678641560317e-14,1.0,DE-Tenor-1;EN-Tenor-1;FR-Soprano-1;FR-Tenor-1;IT-Bass-1;IT-Bass-2;IT-Soprano-1;KO-Soprano-1;KO-Soprano-2;ZH-Tenor-1,DE-Soprano-1;EN-Alto-1;EN-Alto-2;ES-Bass-1;ES-Soprano-1;JA-Soprano-1;JA-Tenor-1;KO-Tenor-1;RU-Alto-1;ZH-Alto-1,speaker_mode_centroid
GTSinger_same_text_control,wavlm_l12,12,241,raw,1.0,1.0,1.0,0.3657980098992574,0.658920621935287,0.0,12.0,DE-Soprano-1;EN-Alto-1;FR-Tenor-1;IT-Bass-1;IT-Soprano-1;JA-Soprano-1;JA-Tenor-1;KO-Soprano-1;KO-Soprano-2;KO-Tenor-1,DE-Tenor-1;EN-Alto-2;EN-Tenor-1;ES-Bass-1;ES-Soprano-1;FR-Soprano-1;IT-Bass-2;RU-Alto-1;ZH-Alto-1;ZH-Tenor-1,speaker_mode_centroid
GTSinger_same_text_control,wavlm_l12,12,241,symmetric_global_corrected,0.43,0.35,0.23529411764705882,3.013703216675174e-13,5.983625538825157e-28,0.0,1.0,DE-Soprano-1;EN-Alto-1;FR-Tenor-1;IT-Bass-1;IT-Soprano-1;JA-Soprano-1;JA-Tenor-1;KO-Soprano-1;KO-Soprano-2;KO-Tenor-1,DE-Tenor-1;EN-Alto-2;EN-Tenor-1;ES-Bass-1;ES-Soprano-1;FR-Soprano-1;IT-Bass-2;RU-Alto-1;ZH-Alto-1;ZH-Tenor-1,speaker_mode_centroid
GTSinger_same_text_control,wavlm_l12,12,251,raw,1.0,1.0,1.0,0.35197748468008794,0.6667995120576475,0.0,12.0,DE-Soprano-1;EN-Tenor-1;FR-Tenor-1;IT-Bass-1;IT-Soprano-1;JA-Tenor-1;KO-Soprano-2;KO-Tenor-1;ZH-Alto-1;ZH-Tenor-1,DE-Tenor-1;EN-Alto-1;EN-Alto-2;ES-Bass-1;ES-Soprano-1;FR-Soprano-1;IT-Bass-2;JA-Soprano-1;KO-Soprano-1;RU-Alto-1,speaker_mode_centroid
GTSinger_same_text_control,wavlm_l12,12,251,symmetric_global_corrected,0.42,0.35,0.380952380952381,3.165719148963312e-13,-2.4347242453985066e-28,1.1880719757354532e-13,1.0,DE-Soprano-1;EN-Tenor-1;FR-Tenor-1;IT-Bass-1;IT-Soprano-1;JA-Tenor-1;KO-Soprano-2;KO-Tenor-1;ZH-Alto-1;ZH-Tenor-1,DE-Tenor-1;EN-Alto-1;EN-Alto-2;ES-Bass-1;ES-Soprano-1;FR-Soprano-1;IT-Bass-2;JA-Soprano-1;KO-Soprano-1;RU-Alto-1,speaker_mode_centroid
GTSinger_same_text_control,wavlm_l12,12,257,raw,1.0,1.0,1.0,0.3822280068946984,0.6771648776895054,0.0,12.0,DE-Soprano-1;EN-Alto-2;ES-Bass-1;FR-Soprano-1;FR-Tenor-1;JA-Tenor-1;KO-Soprano-2;KO-Tenor-1;RU-Alto-1;ZH-Tenor-1,DE-Tenor-1;EN-Alto-1;EN-Tenor-1;ES-Soprano-1;IT-Bass-1;IT-Bass-2;IT-Soprano-1;JA-Soprano-1;KO-Soprano-1;ZH-Alto-1,speaker_mode_centroid
GTSinger_same_text_control,wavlm_l12,12,257,symmetric_global_corrected,0.49,0.55,0.64,2.991460918851024e-13,1.1506319674653326e-28,-2.1790716228995944e-13,1.0,DE-Soprano-1;EN-Alto-2;ES-Bass-1;FR-Soprano-1;FR-Tenor-1;JA-Tenor-1;KO-Soprano-2;KO-Tenor-1;RU-Alto-1;ZH-Tenor-1,DE-Tenor-1;EN-Alto-1;EN-Tenor-1;ES-Soprano-1;IT-Bass-1;IT-Bass-2;IT-Soprano-1;JA-Soprano-1;KO-Soprano-1;ZH-Alto-1,speaker_mode_centroid
GTSinger_same_text_control,mert_l3,3,13,raw,1.0,0.9,0.9090909090909091,0.3690246713209147,0.9590783234411531,0.0,13.0,DE-Soprano-1;DE-Tenor-1;EN-Alto-2;EN-Tenor-1;ES-Bass-1;ES-Soprano-1;IT-Bass-2;JA-Tenor-1;KO-Soprano-2;RU-Alto-1,EN-Alto-1;FR-Soprano-1;FR-Tenor-1;IT-Bass-1;IT-Soprano-1;JA-Soprano-1;KO-Soprano-1;KO-Tenor-1;ZH-Alto-1;ZH-Tenor-1,speaker_mode_centroid
GTSinger_same_text_control,mert_l3,3,13,symmetric_global_corrected,0.65,0.65,0.4615384615384615,2.287708497307812e-13,4.930006148516578e-28,2.4330722657903116e-13,1.0,DE-Soprano-1;DE-Tenor-1;EN-Alto-2;EN-Tenor-1;ES-Bass-1;ES-Soprano-1;IT-Bass-2;JA-Tenor-1;KO-Soprano-2;RU-Alto-1,EN-Alto-1;FR-Soprano-1;FR-Tenor-1;IT-Bass-1;IT-Soprano-1;JA-Soprano-1;KO-Soprano-1;KO-Tenor-1;ZH-Alto-1;ZH-Tenor-1,speaker_mode_centroid
GTSinger_same_text_control,mert_l3,3,17,raw,1.0,1.0,1.0,0.4201906847519907,0.40564582634450513,0.0,12.0,EN-Alto-2;EN-Tenor-1;ES-Bass-1;ES-Soprano-1;FR-Tenor-1;IT-Bass-1;JA-Soprano-1;KO-Soprano-1;KO-Tenor-1;RU-Alto-1,DE-Soprano-1;DE-Tenor-1;EN-Alto-1;FR-Soprano-1;IT-Bass-2;IT-Soprano-1;JA-Tenor-1;KO-Soprano-2;ZH-Alto-1;ZH-Tenor-1,speaker_mode_centroid
GTSinger_same_text_control,mert_l3,3,17,symmetric_global_corrected,0.39,0.35,0.48,2.1732762618012272e-13,2.5863976104188937e-28,-1.7627053027965486e-13,1.0,EN-Alto-2;EN-Tenor-1;ES-Bass-1;ES-Soprano-1;FR-Tenor-1;IT-Bass-1;JA-Soprano-1;KO-Soprano-1;KO-Tenor-1;RU-Alto-1,DE-Soprano-1;DE-Tenor-1;EN-Alto-1;FR-Soprano-1;IT-Bass-2;IT-Soprano-1;JA-Tenor-1;KO-Soprano-2;ZH-Alto-1;ZH-Tenor-1,speaker_mode_centroid
GTSinger_same_text_control,mert_l3,3,19,raw,1.0,1.0,1.0,0.4186481734929357,0.18060790804445206,0.0,12.0,DE-Tenor-1;EN-Alto-1;EN-Tenor-1;ES-Bass-1;FR-Tenor-1;IT-Bass-1;JA-Soprano-1;KO-Soprano-1;KO-Tenor-1;ZH-Alto-1,DE-Soprano-1;EN-Alto-2;ES-Soprano-1;FR-Soprano-1;IT-Bass-2;IT-Soprano-1;JA-Tenor-1;KO-Soprano-2;RU-Alto-1;ZH-Tenor-1,speaker_mode_centroid
GTSinger_same_text_control,mert_l3,3,19,symmetric_global_corrected,0.66,0.5,0.6666666666666666,2.1928689502029998e-13,-1.4509252454174686e-28,-6.165545353644039e-13,1.0,DE-Tenor-1;EN-Alto-1;EN-Tenor-1;ES-Bass-1;FR-Tenor-1;IT-Bass-1;JA-Soprano-1;KO-Soprano-1;KO-Tenor-1;ZH-Alto-1,DE-Soprano-1;EN-Alto-2;ES-Soprano-1;FR-Soprano-1;IT-Bass-2;IT-Soprano-1;JA-Tenor-1;KO-Soprano-2;RU-Alto-1;ZH-Tenor-1,speaker_mode_centroid
GTSinger_same_text_control,mert_l3,3,23,raw,1.0,0.9,0.9090909090909091,0.35885579142829593,0.5151643037266878,0.0,12.0,DE-Tenor-1;EN-Alto-2;ES-Bass-1;FR-Soprano-1;IT-Soprano-1;JA-Soprano-1;JA-Tenor-1;KO-Soprano-1;ZH-Alto-1;ZH-Tenor-1,DE-Soprano-1;EN-Alto-1;EN-Tenor-1;ES-Soprano-1;FR-Tenor-1;IT-Bass-1;IT-Bass-2;KO-Soprano-2;KO-Tenor-1;RU-Alto-1,speaker_mode_centroid
GTSinger_same_text_control,mert_l3,3,23,symmetric_global_corrected,0.57,0.55,0.30769230769230765,2.320431122885796e-13,8.669308540402297e-28,1.4946642342704601e-13,1.0,DE-Tenor-1;EN-Alto-2;ES-Bass-1;FR-Soprano-1;IT-Soprano-1;JA-Soprano-1;JA-Tenor-1;KO-Soprano-1;ZH-Alto-1;ZH-Tenor-1,DE-Soprano-1;EN-Alto-1;EN-Tenor-1;ES-Soprano-1;FR-Tenor-1;IT-Bass-1;IT-Bass-2;KO-Soprano-2;KO-Tenor-1;RU-Alto-1,speaker_mode_centroid
GTSinger_same_text_control,mert_l3,3,29,raw,1.0,1.0,1.0,0.39811710461246586,0.4276516507068368,0.0,12.0,DE-Soprano-1;DE-Tenor-1;EN-Alto-2;EN-Tenor-1;ES-Bass-1;FR-Soprano-1;FR-Tenor-1;IT-Soprano-1;KO-Soprano-1;KO-Tenor-1,EN-Alto-1;ES-Soprano-1;IT-Bass-1;IT-Bass-2;JA-Soprano-1;JA-Tenor-1;KO-Soprano-2;RU-Alto-1;ZH-Alto-1;ZH-Tenor-1,speaker_mode_centroid
GTSinger_same_text_control,mert_l3,3,29,symmetric_global_corrected,0.59,0.6000000000000001,0.6666666666666666,2.404702702488305e-13,-1.3888232941632336e-27,-2.721371870156878e-14,1.0,DE-Soprano-1;DE-Tenor-1;EN-Alto-2;EN-Tenor-1;ES-Bass-1;FR-Soprano-1;FR-Tenor-1;IT-Soprano-1;KO-Soprano-1;KO-Tenor-1,EN-Alto-1;ES-Soprano-1;IT-Bass-1;IT-Bass-2;JA-Soprano-1;JA-Tenor-1;KO-Soprano-2;RU-Alto-1;ZH-Alto-1;ZH-Tenor-1,speaker_mode_centroid
GTSinger_same_text_control,mert_l3,3,31,raw,1.0,1.0,1.0,0.3609152379414584,0.2992230170448809,0.0,12.0,DE-Soprano-1;EN-Alto-1;EN-Tenor-1;ES-Soprano-1;FR-Soprano-1;IT-Soprano-1;KO-Soprano-2;KO-Tenor-1;RU-Alto-1;ZH-Tenor-1,DE-Tenor-1;EN-Alto-2;ES-Bass-1;FR-Tenor-1;IT-Bass-1;IT-Bass-2;JA-Soprano-1;JA-Tenor-1;KO-Soprano-1;ZH-Alto-1,speaker_mode_centroid
GTSinger_same_text_control,mert_l3,3,31,symmetric_global_corrected,0.69,0.75,0.7058823529411764,2.604123480176629e-13,-2.663797496914095e-28,1.2312101163305816e-13,1.0,DE-Soprano-1;EN-Alto-1;EN-Tenor-1;ES-Soprano-1;FR-Soprano-1;IT-Soprano-1;KO-Soprano-2;KO-Tenor-1;RU-Alto-1;ZH-Tenor-1,DE-Tenor-1;EN-Alto-2;ES-Bass-1;FR-Tenor-1;IT-Bass-1;IT-Bass-2;JA-Soprano-1;JA-Tenor-1;KO-Soprano-1;ZH-Alto-1,speaker_mode_centroid
GTSinger_same_text_control,mert_l3,3,37,raw,1.0,1.0,1.0,0.3658202413387408,0.08346223052568559,0.0,11.0,DE-Soprano-1;DE-Tenor-1;EN-Alto-2;FR-Soprano-1;FR-Tenor-1;IT-Bass-2;KO-Soprano-1;KO-Tenor-1;RU-Alto-1;ZH-Alto-1,EN-Alto-1;EN-Tenor-1;ES-Bass-1;ES-Soprano-1;IT-Bass-1;IT-Soprano-1;JA-Soprano-1;JA-Tenor-1;KO-Soprano-2;ZH-Tenor-1,speaker_mode_centroid
GTSinger_same_text_control,mert_l3,3,37,symmetric_global_corrected,0.7,0.6000000000000001,0.5,2.4827121477167293e-13,-4.3635541633134e-28,1.119949862021154e-13,1.0,DE-Soprano-1;DE-Tenor-1;EN-Alto-2;FR-Soprano-1;FR-Tenor-1;IT-Bass-2;KO-Soprano-1;KO-Tenor-1;RU-Alto-1;ZH-Alto-1,EN-Alto-1;EN-Tenor-1;ES-Bass-1;ES-Soprano-1;IT-Bass-1;IT-Soprano-1;JA-Soprano-1;JA-Tenor-1;KO-Soprano-2;ZH-Tenor-1,speaker_mode_centroid
GTSinger_same_text_control,mert_l3,3,41,raw,1.0,1.0,1.0,0.4116082054237849,-0.19656084560806708,0.0,11.0,DE-Soprano-1;DE-Tenor-1;EN-Alto-1;ES-Bass-1;FR-Tenor-1;IT-Bass-1;IT-Soprano-1;JA-Soprano-1;KO-Soprano-2;ZH-Tenor-1,EN-Alto-2;EN-Tenor-1;ES-Soprano-1;FR-Soprano-1;IT-Bass-2;JA-Tenor-1;KO-Soprano-1;KO-Tenor-1;RU-Alto-1;ZH-Alto-1,speaker_mode_centroid
GTSinger_same_text_control,mert_l3,3,41,symmetric_global_corrected,0.68,0.6,0.6363636363636365,2.2714852566550553e-13,-3.5932160300156987e-28,-9.17018509633936e-14,1.0,DE-Soprano-1;DE-Tenor-1;EN-Alto-1;ES-Bass-1;FR-Tenor-1;IT-Bass-1;IT-Soprano-1;JA-Soprano-1;KO-Soprano-2;ZH-Tenor-1,EN-Alto-2;EN-Tenor-1;ES-Soprano-1;FR-Soprano-1;IT-Bass-2;JA-Tenor-1;KO-Soprano-1;KO-Tenor-1;RU-Alto-1;ZH-Alto-1,speaker_mode_centroid
GTSinger_same_text_control,mert_l3,3,43,raw,1.0,1.0,1.0,0.39523384475586215,0.5337135155804097,0.0,12.0,EN-Alto-1;ES-Soprano-1;FR-Soprano-1;FR-Tenor-1;IT-Bass-2;JA-Soprano-1;JA-Tenor-1;RU-Alto-1;ZH-Alto-1;ZH-Tenor-1,DE-Soprano-1;DE-Tenor-1;EN-Alto-2;EN-Tenor-1;ES-Bass-1;IT-Bass-1;IT-Soprano-1;KO-Soprano-1;KO-Soprano-2;KO-Tenor-1,speaker_mode_centroid
GTSinger_same_text_control,mert_l3,3,43,symmetric_global_corrected,0.52,0.44999999999999996,0.26666666666666666,2.0957931565682715e-13,6.267072696645149e-28,1.8527032139501882e-13,1.0,EN-Alto-1;ES-Soprano-1;FR-Soprano-1;FR-Tenor-1;IT-Bass-2;JA-Soprano-1;JA-Tenor-1;RU-Alto-1;ZH-Alto-1;ZH-Tenor-1,DE-Soprano-1;DE-Tenor-1;EN-Alto-2;EN-Tenor-1;ES-Bass-1;IT-Bass-1;IT-Soprano-1;KO-Soprano-1;KO-Soprano-2;KO-Tenor-1,speaker_mode_centroid
GTSinger_same_text_control,mert_l3,3,47,raw,1.0,1.0,1.0,0.38804564507939615,0.05746937998170175,0.0,12.0,DE-Soprano-1;EN-Alto-1;EN-Alto-2;ES-Bass-1;ES-Soprano-1;FR-Tenor-1;JA-Soprano-1;RU-Alto-1;ZH-Alto-1;ZH-Tenor-1,DE-Tenor-1;EN-Tenor-1;FR-Soprano-1;IT-Bass-1;IT-Bass-2;IT-Soprano-1;JA-Tenor-1;KO-Soprano-1;KO-Soprano-2;KO-Tenor-1,speaker_mode_centroid
GTSinger_same_text_control,mert_l3,3,47,symmetric_global_corrected,0.81,0.65,0.7407407407407407,2.502898574298269e-13,3.0157363112359817e-27,-4.0301657221159857e-13,1.0,DE-Soprano-1;EN-Alto-1;EN-Alto-2;ES-Bass-1;ES-Soprano-1;FR-Tenor-1;JA-Soprano-1;RU-Alto-1;ZH-Alto-1;ZH-Tenor-1,DE-Tenor-1;EN-Tenor-1;FR-Soprano-1;IT-Bass-1;IT-Bass-2;IT-Soprano-1;JA-Tenor-1;KO-Soprano-1;KO-Soprano-2;KO-Tenor-1,speaker_mode_centroid
GTSinger_same_text_control,mert_l3,3,53,raw,1.0,1.0,1.0,0.37485562105119,0.0582077127436101,0.0,11.0,DE-Soprano-1;EN-Alto-2;EN-Tenor-1;FR-Soprano-1;IT-Bass-1;IT-Bass-2;JA-Soprano-1;KO-Soprano-2;KO-Tenor-1;ZH-Tenor-1,DE-Tenor-1;EN-Alto-1;ES-Bass-1;ES-Soprano-1;FR-Tenor-1;IT-Soprano-1;JA-Tenor-1;KO-Soprano-1;RU-Alto-1;ZH-Alto-1,speaker_mode_centroid
GTSinger_same_text_control,mert_l3,3,53,symmetric_global_corrected,0.39,0.45,0.5925925925925927,2.1975910996168646e-13,2.103575397611807e-28,-1.1292750263817705e-13,1.0,DE-Soprano-1;EN-Alto-2;EN-Tenor-1;FR-Soprano-1;IT-Bass-1;IT-Bass-2;JA-Soprano-1;KO-Soprano-2;KO-Tenor-1;ZH-Tenor-1,DE-Tenor-1;EN-Alto-1;ES-Bass-1;ES-Soprano-1;FR-Tenor-1;IT-Soprano-1;JA-Tenor-1;KO-Soprano-1;RU-Alto-1;ZH-Alto-1,speaker_mode_centroid
GTSinger_same_text_control,mert_l3,3,59,raw,1.0,1.0,1.0,0.41969636623476,0.12462806490628597,0.0,12.0,EN-Alto-1;EN-Tenor-1;ES-Bass-1;ES-Soprano-1;IT-Bass-1;IT-Bass-2;IT-Soprano-1;JA-Soprano-1;KO-Tenor-1;ZH-Tenor-1,DE-Soprano-1;DE-Tenor-1;EN-Alto-2;FR-Soprano-1;FR-Tenor-1;JA-Tenor-1;KO-Soprano-1;KO-Soprano-2;RU-Alto-1;ZH-Alto-1,speaker_mode_centroid
GTSinger_same_text_control,mert_l3,3,59,symmetric_global_corrected,0.78,0.6,0.6,2.2146360335949223e-13,1.0329100065818686e-28,5.6514117551493385e-14,1.0,EN-Alto-1;EN-Tenor-1;ES-Bass-1;ES-Soprano-1;IT-Bass-1;IT-Bass-2;IT-Soprano-1;JA-Soprano-1;KO-Tenor-1;ZH-Tenor-1,DE-Soprano-1;DE-Tenor-1;EN-Alto-2;FR-Soprano-1;FR-Tenor-1;JA-Tenor-1;KO-Soprano-1;KO-Soprano-2;RU-Alto-1;ZH-Alto-1,speaker_mode_centroid
GTSinger_same_text_control,mert_l3,3,61,raw,1.0,1.0,1.0,0.3750462932145565,-0.3726571630556969,0.0,11.0,EN-Alto-1;EN-Alto-2;FR-Soprano-1;IT-Bass-1;IT-Bass-2;IT-Soprano-1;JA-Soprano-1;RU-Alto-1;ZH-Alto-1;ZH-Tenor-1,DE-Soprano-1;DE-Tenor-1;EN-Tenor-1;ES-Bass-1;ES-Soprano-1;FR-Tenor-1;JA-Tenor-1;KO-Soprano-1;KO-Soprano-2;KO-Tenor-1,speaker_mode_centroid
GTSinger_same_text_control,mert_l3,3,61,symmetric_global_corrected,0.29,0.30000000000000004,0.22222222222222224,2.4520610664097107e-13,-1.9534001813336323e-28,1.163748405288515e-13,1.0,EN-Alto-1;EN-Alto-2;FR-Soprano-1;IT-Bass-1;IT-Bass-2;IT-Soprano-1;JA-Soprano-1;RU-Alto-1;ZH-Alto-1;ZH-Tenor-1,DE-Soprano-1;DE-Tenor-1;EN-Tenor-1;ES-Bass-1;ES-Soprano-1;FR-Tenor-1;JA-Tenor-1;KO-Soprano-1;KO-Soprano-2;KO-Tenor-1,speaker_mode_centroid
GTSinger_same_text_control,mert_l3,3,67,raw,1.0,0.9,0.9090909090909091,0.375671055955538,0.6287139773354502,0.0,12.0,EN-Alto-1;EN-Alto-2;ES-Bass-1;ES-Soprano-1;FR-Soprano-1;IT-Bass-2;JA-Soprano-1;JA-Tenor-1;ZH-Alto-1;ZH-Tenor-1,DE-Soprano-1;DE-Tenor-1;EN-Tenor-1;FR-Tenor-1;IT-Bass-1;IT-Soprano-1;KO-Soprano-1;KO-Soprano-2;KO-Tenor-1;RU-Alto-1,speaker_mode_centroid
GTSinger_same_text_control,mert_l3,3,67,symmetric_global_corrected,0.23,0.39999999999999997,0.14285714285714288,2.287149261166231e-13,-1.4169561685223247e-28,2.2052385720282276e-13,1.0,EN-Alto-1;EN-Alto-2;ES-Bass-1;ES-Soprano-1;FR-Soprano-1;IT-Bass-2;JA-Soprano-1;JA-Tenor-1;ZH-Alto-1;ZH-Tenor-1,DE-Soprano-1;DE-Tenor-1;EN-Tenor-1;FR-Tenor-1;IT-Bass-1;IT-Soprano-1;KO-Soprano-1;KO-Soprano-2;KO-Tenor-1;RU-Alto-1,speaker_mode_centroid
GTSinger_same_text_control,mert_l3,3,71,raw,1.0,1.0,1.0,0.4138474539174858,-0.16044544932288585,0.0,11.0,DE-Tenor-1;EN-Alto-1;ES-Bass-1;FR-Soprano-1;FR-Tenor-1;IT-Bass-1;IT-Bass-2;JA-Soprano-1;KO-Soprano-2;ZH-Tenor-1,DE-Soprano-1;EN-Alto-2;EN-Tenor-1;ES-Soprano-1;IT-Soprano-1;JA-Tenor-1;KO-Soprano-1;KO-Tenor-1;RU-Alto-1;ZH-Alto-1,speaker_mode_centroid
GTSinger_same_text_control,mert_l3,3,71,symmetric_global_corrected,0.47,0.55,0.30769230769230765,2.1825320879801112e-13,5.754570386913303e-28,1.8115426210811372e-13,1.0,DE-Tenor-1;EN-Alto-1;ES-Bass-1;FR-Soprano-1;FR-Tenor-1;IT-Bass-1;IT-Bass-2;JA-Soprano-1;KO-Soprano-2;ZH-Tenor-1,DE-Soprano-1;EN-Alto-2;EN-Tenor-1;ES-Soprano-1;IT-Soprano-1;JA-Tenor-1;KO-Soprano-1;KO-Tenor-1;RU-Alto-1;ZH-Alto-1,speaker_mode_centroid
GTSinger_same_text_control,mert_l3,3,73,raw,1.0,1.0,1.0,0.38009646465501473,0.5376641989953086,0.0,12.0,DE-Soprano-1;EN-Alto-1;EN-Tenor-1;ES-Bass-1;FR-Soprano-1;KO-Soprano-1;KO-Soprano-2;KO-Tenor-1;RU-Alto-1;ZH-Alto-1,DE-Tenor-1;EN-Alto-2;ES-Soprano-1;FR-Tenor-1;IT-Bass-1;IT-Bass-2;IT-Soprano-1;JA-Soprano-1;JA-Tenor-1;ZH-Tenor-1,speaker_mode_centroid
GTSinger_same_text_control,mert_l3,3,73,symmetric_global_corrected,0.61,0.5,0.37499999999999994,2.5434044551169453e-13,-1.1662438968452486e-27,3.4712067050033237e-13,1.0,DE-Soprano-1;EN-Alto-1;EN-Tenor-1;ES-Bass-1;FR-Soprano-1;KO-Soprano-1;KO-Soprano-2;KO-Tenor-1;RU-Alto-1;ZH-Alto-1,DE-Tenor-1;EN-Alto-2;ES-Soprano-1;FR-Tenor-1;IT-Bass-1;IT-Bass-2;IT-Soprano-1;JA-Soprano-1;JA-Tenor-1;ZH-Tenor-1,speaker_mode_centroid
GTSinger_same_text_control,mert_l3,3,79,raw,1.0,1.0,1.0,0.3829219473290278,0.46825367025139764,0.0,12.0,DE-Soprano-1;DE-Tenor-1;EN-Tenor-1;FR-Soprano-1;FR-Tenor-1;IT-Soprano-1;JA-Tenor-1;KO-Soprano-1;KO-Soprano-2;ZH-Tenor-1,EN-Alto-1;EN-Alto-2;ES-Bass-1;ES-Soprano-1;IT-Bass-1;IT-Bass-2;JA-Soprano-1;KO-Tenor-1;RU-Alto-1;ZH-Alto-1,speaker_mode_centroid
GTSinger_same_text_control,mert_l3,3,79,symmetric_global_corrected,0.8,0.6,0.7142857142857143,2.1737047146933198e-13,-8.55116011101471e-28,-3.8591978175391214e-13,1.0,DE-Soprano-1;DE-Tenor-1;EN-Tenor-1;FR-Soprano-1;FR-Tenor-1;IT-Soprano-1;JA-Tenor-1;KO-Soprano-1;KO-Soprano-2;ZH-Tenor-1,EN-Alto-1;EN-Alto-2;ES-Bass-1;ES-Soprano-1;IT-Bass-1;IT-Bass-2;JA-Soprano-1;KO-Tenor-1;RU-Alto-1;ZH-Alto-1,speaker_mode_centroid
GTSinger_same_text_control,mert_l3,3,83,raw,1.0,1.0,1.0,0.4124674640573035,0.48161197983067305,0.0,12.0,DE-Tenor-1;EN-Alto-1;EN-Tenor-1;ES-Soprano-1;FR-Soprano-1;FR-Tenor-1;IT-Bass-1;IT-Bass-2;JA-Tenor-1;KO-Soprano-1,DE-Soprano-1;EN-Alto-2;ES-Bass-1;IT-Soprano-1;JA-Soprano-1;KO-Soprano-2;KO-Tenor-1;RU-Alto-1;ZH-Alto-1;ZH-Tenor-1,speaker_mode_centroid
GTSinger_same_text_control,mert_l3,3,83,symmetric_global_corrected,0.18,0.5,0.0,2.0568392165845925e-13,1.3442765641908225e-27,3.7504795051762496e-13,1.0,DE-Tenor-1;EN-Alto-1;EN-Tenor-1;ES-Soprano-1;FR-Soprano-1;FR-Tenor-1;IT-Bass-1;IT-Bass-2;JA-Tenor-1;KO-Soprano-1,DE-Soprano-1;EN-Alto-2;ES-Bass-1;IT-Soprano-1;JA-Soprano-1;KO-Soprano-2;KO-Tenor-1;RU-Alto-1;ZH-Alto-1;ZH-Tenor-1,speaker_mode_centroid
GTSinger_same_text_control,mert_l3,3,89,raw,1.0,1.0,1.0,0.37971175715253674,0.39152071948093703,0.0,12.0,EN-Alto-2;EN-Tenor-1;FR-Soprano-1;IT-Bass-1;JA-Soprano-1;JA-Tenor-1;KO-Soprano-1;KO-Tenor-1;ZH-Alto-1;ZH-Tenor-1,DE-Soprano-1;DE-Tenor-1;EN-Alto-1;ES-Bass-1;ES-Soprano-1;FR-Tenor-1;IT-Bass-2;IT-Soprano-1;KO-Soprano-2;RU-Alto-1,speaker_mode_centroid
GTSinger_same_text_control,mert_l3,3,89,symmetric_global_corrected,0.67,0.55,0.6896551724137931,2.2629330777676718e-13,-3.8423734469902272e-28,-6.262701093343818e-13,1.0,EN-Alto-2;EN-Tenor-1;FR-Soprano-1;IT-Bass-1;JA-Soprano-1;JA-Tenor-1;KO-Soprano-1;KO-Tenor-1;ZH-Alto-1;ZH-Tenor-1,DE-Soprano-1;DE-Tenor-1;EN-Alto-1;ES-Bass-1;ES-Soprano-1;FR-Tenor-1;IT-Bass-2;IT-Soprano-1;KO-Soprano-2;RU-Alto-1,speaker_mode_centroid
GTSinger_same_text_control,mert_l3,3,97,raw,1.0,1.0,1.0,0.376799642179432,0.11933359247164432,0.0,11.0,EN-Alto-1;EN-Alto-2;ES-Bass-1;FR-Soprano-1;IT-Bass-2;IT-Soprano-1;JA-Soprano-1;KO-Soprano-1;KO-Soprano-2;KO-Tenor-1,DE-Soprano-1;DE-Tenor-1;EN-Tenor-1;ES-Soprano-1;FR-Tenor-1;IT-Bass-1;JA-Tenor-1;RU-Alto-1;ZH-Alto-1;ZH-Tenor-1,speaker_mode_centroid
GTSinger_same_text_control,mert_l3,3,97,symmetric_global_corrected,0.51,0.5,0.16666666666666669,2.532826321801329e-13,4.851575733019312e-28,1.947978247028894e-13,1.0,EN-Alto-1;EN-Alto-2;ES-Bass-1;FR-Soprano-1;IT-Bass-2;IT-Soprano-1;JA-Soprano-1;KO-Soprano-1;KO-Soprano-2;KO-Tenor-1,DE-Soprano-1;DE-Tenor-1;EN-Tenor-1;ES-Soprano-1;FR-Tenor-1;IT-Bass-1;JA-Tenor-1;RU-Alto-1;ZH-Alto-1;ZH-Tenor-1,speaker_mode_centroid
GTSinger_same_text_control,mert_l3,3,101,raw,1.0,1.0,1.0,0.38116718868878813,0.12191540142249664,0.0,12.0,DE-Soprano-1;DE-Tenor-1;EN-Alto-1;EN-Alto-2;FR-Soprano-1;IT-Bass-1;IT-Soprano-1;JA-Soprano-1;JA-Tenor-1;RU-Alto-1,EN-Tenor-1;ES-Bass-1;ES-Soprano-1;FR-Tenor-1;IT-Bass-2;KO-Soprano-1;KO-Soprano-2;KO-Tenor-1;ZH-Alto-1;ZH-Tenor-1,speaker_mode_centroid
GTSinger_same_text_control,mert_l3,3,101,symmetric_global_corrected,0.59,0.45,0.15384615384615383,2.318079681719148e-13,2.686959380426651e-28,1.4978214735513767e-13,1.0,DE-Soprano-1;DE-Tenor-1;EN-Alto-1;EN-Alto-2;FR-Soprano-1;IT-Bass-1;IT-Soprano-1;JA-Soprano-1;JA-Tenor-1;RU-Alto-1,EN-Tenor-1;ES-Bass-1;ES-Soprano-1;FR-Tenor-1;IT-Bass-2;KO-Soprano-1;KO-Soprano-2;KO-Tenor-1;ZH-Alto-1;ZH-Tenor-1,speaker_mode_centroid
GTSinger_same_text_control,mert_l3,3,103,raw,1.0,1.0,1.0,0.3867275755258855,0.45823540965004783,0.0,12.0,DE-Soprano-1;EN-Alto-2;EN-Tenor-1;FR-Tenor-1;IT-Bass-1;IT-Bass-2;JA-Soprano-1;JA-Tenor-1;ZH-Alto-1;ZH-Tenor-1,DE-Tenor-1;EN-Alto-1;ES-Bass-1;ES-Soprano-1;FR-Soprano-1;IT-Soprano-1;KO-Soprano-1;KO-Soprano-2;KO-Tenor-1;RU-Alto-1,speaker_mode_centroid
GTSinger_same_text_control,mert_l3,3,103,symmetric_global_corrected,0.3,0.35,0.3157894736842105,2.1421946802982143e-13,6.218544143075298e-28,2.4844635600021734e-13,1.0,DE-Soprano-1;EN-Alto-2;EN-Tenor-1;FR-Tenor-1;IT-Bass-1;IT-Bass-2;JA-Soprano-1;JA-Tenor-1;ZH-Alto-1;ZH-Tenor-1,DE-Tenor-1;EN-Alto-1;ES-Bass-1;ES-Soprano-1;FR-Soprano-1;IT-Soprano-1;KO-Soprano-1;KO-Soprano-2;KO-Tenor-1;RU-Alto-1,speaker_mode_centroid
GTSinger_same_text_control,mert_l3,3,107,raw,1.0,1.0,1.0,0.3927297940749447,-0.009126787390346641,0.0,11.0,EN-Alto-1;EN-Tenor-1;ES-Soprano-1;FR-Soprano-1;IT-Bass-1;IT-Bass-2;IT-Soprano-1;KO-Soprano-2;RU-Alto-1;ZH-Tenor-1,DE-Soprano-1;DE-Tenor-1;EN-Alto-2;ES-Bass-1;FR-Tenor-1;JA-Soprano-1;JA-Tenor-1;KO-Soprano-1;KO-Tenor-1;ZH-Alto-1,speaker_mode_centroid
GTSinger_same_text_control,mert_l3,3,107,symmetric_global_corrected,0.61,0.55,0.30769230769230765,2.4262345666580533e-13,-5.940876497516818e-29,1.1541698753276656e-14,1.0,EN-Alto-1;EN-Tenor-1;ES-Soprano-1;FR-Soprano-1;IT-Bass-1;IT-Bass-2;IT-Soprano-1;KO-Soprano-2;RU-Alto-1;ZH-Tenor-1,DE-Soprano-1;DE-Tenor-1;EN-Alto-2;ES-Bass-1;FR-Tenor-1;JA-Soprano-1;JA-Tenor-1;KO-Soprano-1;KO-Tenor-1;ZH-Alto-1,speaker_mode_centroid
GTSinger_same_text_control,mert_l3,3,109,raw,1.0,1.0,1.0,0.37723422307938065,-0.13369086221019927,0.0,12.0,DE-Soprano-1;DE-Tenor-1;EN-Alto-2;EN-Tenor-1;IT-Bass-1;IT-Bass-2;IT-Soprano-1;JA-Soprano-1;KO-Soprano-1;ZH-Tenor-1,EN-Alto-1;ES-Bass-1;ES-Soprano-1;FR-Soprano-1;FR-Tenor-1;JA-Tenor-1;KO-Soprano-2;KO-Tenor-1;RU-Alto-1;ZH-Alto-1,speaker_mode_centroid
GTSinger_same_text_control,mert_l3,3,109,symmetric_global_corrected,0.48,0.55,0.64,2.345237028008249e-13,2.2792451389883523e-28,-3.889791370913077e-13,1.0,DE-Soprano-1;DE-Tenor-1;EN-Alto-2;EN-Tenor-1;IT-Bass-1;IT-Bass-2;IT-Soprano-1;JA-Soprano-1;KO-Soprano-1;ZH-Tenor-1,EN-Alto-1;ES-Bass-1;ES-Soprano-1;FR-Soprano-1;FR-Tenor-1;JA-Tenor-1;KO-Soprano-2;KO-Tenor-1;RU-Alto-1;ZH-Alto-1,speaker_mode_centroid
GTSinger_same_text_control,mert_l3,3,113,raw,1.0,0.95,0.9523809523809523,0.3346906556782573,0.02874090265594952,0.0,12.0,DE-Soprano-1;DE-Tenor-1;EN-Alto-2;ES-Soprano-1;FR-Soprano-1;IT-Bass-2;JA-Soprano-1;KO-Soprano-2;RU-Alto-1;ZH-Tenor-1,EN-Alto-1;EN-Tenor-1;ES-Bass-1;FR-Tenor-1;IT-Bass-1;IT-Soprano-1;JA-Tenor-1;KO-Soprano-1;KO-Tenor-1;ZH-Alto-1,speaker_mode_centroid
GTSinger_same_text_control,mert_l3,3,113,symmetric_global_corrected,0.46,0.45,0.4210526315789474,2.703214210300065e-13,-2.1195652846119295e-27,-9.096280050417705e-15,1.0,DE-Soprano-1;DE-Tenor-1;EN-Alto-2;ES-Soprano-1;FR-Soprano-1;IT-Bass-2;JA-Soprano-1;KO-Soprano-2;RU-Alto-1;ZH-Tenor-1,EN-Alto-1;EN-Tenor-1;ES-Bass-1;FR-Tenor-1;IT-Bass-1;IT-Soprano-1;JA-Tenor-1;KO-Soprano-1;KO-Tenor-1;ZH-Alto-1,speaker_mode_centroid
GTSinger_same_text_control,mert_l3,3,127,raw,1.0,1.0,1.0,0.38564745067796685,0.3910086620283869,0.0,12.0,DE-Tenor-1;EN-Alto-2;EN-Tenor-1;ES-Bass-1;ES-Soprano-1;FR-Soprano-1;FR-Tenor-1;KO-Soprano-2;ZH-Alto-1;ZH-Tenor-1,DE-Soprano-1;EN-Alto-1;IT-Bass-1;IT-Bass-2;IT-Soprano-1;JA-Soprano-1;JA-Tenor-1;KO-Soprano-1;KO-Tenor-1;RU-Alto-1,speaker_mode_centroid
GTSinger_same_text_control,mert_l3,3,127,symmetric_global_corrected,0.31,0.44999999999999996,0.3529411764705882,2.2617062109409176e-13,-5.562372153946395e-29,7.96559659507121e-14,1.0,DE-Tenor-1;EN-Alto-2;EN-Tenor-1;ES-Bass-1;ES-Soprano-1;FR-Soprano-1;FR-Tenor-1;KO-Soprano-2;ZH-Alto-1;ZH-Tenor-1,DE-Soprano-1;EN-Alto-1;IT-Bass-1;IT-Bass-2;IT-Soprano-1;JA-Soprano-1;JA-Tenor-1;KO-Soprano-1;KO-Tenor-1;RU-Alto-1,speaker_mode_centroid
GTSinger_same_text_control,mert_l3,3,131,raw,1.0,1.0,1.0,0.38003761592689234,-0.05403821633459932,0.0,12.0,DE-Soprano-1;EN-Alto-1;EN-Alto-2;EN-Tenor-1;FR-Soprano-1;IT-Bass-1;IT-Soprano-1;KO-Soprano-2;RU-Alto-1;ZH-Tenor-1,DE-Tenor-1;ES-Bass-1;ES-Soprano-1;FR-Tenor-1;IT-Bass-2;JA-Soprano-1;JA-Tenor-1;KO-Soprano-1;KO-Tenor-1;ZH-Alto-1,speaker_mode_centroid
GTSinger_same_text_control,mert_l3,3,131,symmetric_global_corrected,0.65,0.6,0.6363636363636365,2.563606180046102e-13,-1.5084495589607212e-28,-2.9892338803568794e-13,1.0,DE-Soprano-1;EN-Alto-1;EN-Alto-2;EN-Tenor-1;FR-Soprano-1;IT-Bass-1;IT-Soprano-1;KO-Soprano-2;RU-Alto-1;ZH-Tenor-1,DE-Tenor-1;ES-Bass-1;ES-Soprano-1;FR-Tenor-1;IT-Bass-2;JA-Soprano-1;JA-Tenor-1;KO-Soprano-1;KO-Tenor-1;ZH-Alto-1,speaker_mode_centroid
GTSinger_same_text_control,mert_l3,3,137,raw,1.0,1.0,1.0,0.38113498470172297,-0.008736222976159641,0.0,11.0,DE-Tenor-1;EN-Alto-2;EN-Tenor-1;FR-Soprano-1;IT-Bass-1;IT-Bass-2;JA-Soprano-1;KO-Soprano-2;RU-Alto-1;ZH-Tenor-1,DE-Soprano-1;EN-Alto-1;ES-Bass-1;ES-Soprano-1;FR-Tenor-1;IT-Soprano-1;JA-Tenor-1;KO-Soprano-1;KO-Tenor-1;ZH-Alto-1,speaker_mode_centroid
GTSinger_same_text_control,mert_l3,3,137,symmetric_global_corrected,0.74,0.7,0.7,2.2852673266087616e-13,-6.445211731295994e-28,2.8525008371161917e-14,1.0,DE-Tenor-1;EN-Alto-2;EN-Tenor-1;FR-Soprano-1;IT-Bass-1;IT-Bass-2;JA-Soprano-1;KO-Soprano-2;RU-Alto-1;ZH-Tenor-1,DE-Soprano-1;EN-Alto-1;ES-Bass-1;ES-Soprano-1;FR-Tenor-1;IT-Soprano-1;JA-Tenor-1;KO-Soprano-1;KO-Tenor-1;ZH-Alto-1,speaker_mode_centroid
GTSinger_same_text_control,mert_l3,3,139,raw,1.0,1.0,1.0,0.40252819766077985,0.004468184728115593,0.0,11.0,DE-Soprano-1;DE-Tenor-1;EN-Alto-2;ES-Bass-1;FR-Tenor-1;IT-Bass-1;IT-Soprano-1;KO-Soprano-1;KO-Soprano-2;RU-Alto-1,EN-Alto-1;EN-Tenor-1;ES-Soprano-1;FR-Soprano-1;IT-Bass-2;JA-Soprano-1;JA-Tenor-1;KO-Tenor-1;ZH-Alto-1;ZH-Tenor-1,speaker_mode_centroid
GTSinger_same_text_control,mert_l3,3,139,symmetric_global_corrected,0.34,0.45,0.15384615384615383,2.458959153503772e-13,-7.308216290060655e-28,1.5321952126352133e-13,1.0,DE-Soprano-1;DE-Tenor-1;EN-Alto-2;ES-Bass-1;FR-Tenor-1;IT-Bass-1;IT-Soprano-1;KO-Soprano-1;KO-Soprano-2;RU-Alto-1,EN-Alto-1;EN-Tenor-1;ES-Soprano-1;FR-Soprano-1;IT-Bass-2;JA-Soprano-1;JA-Tenor-1;KO-Tenor-1;ZH-Alto-1;ZH-Tenor-1,speaker_mode_centroid
GTSinger_same_text_control,mert_l3,3,149,raw,1.0,1.0,1.0,0.3780700741120999,0.3834023012241389,0.0,12.0,DE-Soprano-1;DE-Tenor-1;EN-Tenor-1;ES-Bass-1;FR-Soprano-1;IT-Bass-2;KO-Soprano-1;KO-Soprano-2;KO-Tenor-1;ZH-Tenor-1,EN-Alto-1;EN-Alto-2;ES-Soprano-1;FR-Tenor-1;IT-Bass-1;IT-Soprano-1;JA-Soprano-1;JA-Tenor-1;RU-Alto-1;ZH-Alto-1,speaker_mode_centroid
GTSinger_same_text_control,mert_l3,3,149,symmetric_global_corrected,0.42,0.55,0.6666666666666667,2.4667688887366466e-13,9.257355894564764e-28,-5.49095072929806e-13,1.0,DE-Soprano-1;DE-Tenor-1;EN-Tenor-1;ES-Bass-1;FR-Soprano-1;IT-Bass-2;KO-Soprano-1;KO-Soprano-2;KO-Tenor-1;ZH-Tenor-1,EN-Alto-1;EN-Alto-2;ES-Soprano-1;FR-Tenor-1;IT-Bass-1;IT-Soprano-1;JA-Soprano-1;JA-Tenor-1;RU-Alto-1;ZH-Alto-1,speaker_mode_centroid
GTSinger_same_text_control,mert_l3,3,151,raw,1.0,1.0,1.0,0.3702141833703263,0.11617316969264574,0.0,11.0,DE-Tenor-1;EN-Alto-1;EN-Alto-2;ES-Soprano-1;FR-Tenor-1;IT-Soprano-1;KO-Soprano-1;KO-Tenor-1;RU-Alto-1;ZH-Alto-1,DE-Soprano-1;EN-Tenor-1;ES-Bass-1;FR-Soprano-1;IT-Bass-1;IT-Bass-2;JA-Soprano-1;JA-Tenor-1;KO-Soprano-2;ZH-Tenor-1,speaker_mode_centroid
GTSinger_same_text_control,mert_l3,3,151,symmetric_global_corrected,0.62,0.5,0.28571428571428575,2.5091908385075776e-13,1.3562040204664014e-27,2.1003160142190205e-13,1.0,DE-Tenor-1;EN-Alto-1;EN-Alto-2;ES-Soprano-1;FR-Tenor-1;IT-Soprano-1;KO-Soprano-1;KO-Tenor-1;RU-Alto-1;ZH-Alto-1,DE-Soprano-1;EN-Tenor-1;ES-Bass-1;FR-Soprano-1;IT-Bass-1;IT-Bass-2;JA-Soprano-1;JA-Tenor-1;KO-Soprano-2;ZH-Tenor-1,speaker_mode_centroid
GTSinger_same_text_control,mert_l3,3,157,raw,1.0,1.0,1.0,0.369185878472701,0.3081051018300567,0.0,12.0,DE-Soprano-1;DE-Tenor-1;EN-Alto-1;EN-Alto-2;EN-Tenor-1;ES-Bass-1;JA-Soprano-1;KO-Tenor-1;ZH-Alto-1;ZH-Tenor-1,ES-Soprano-1;FR-Soprano-1;FR-Tenor-1;IT-Bass-1;IT-Bass-2;IT-Soprano-1;JA-Tenor-1;KO-Soprano-1;KO-Soprano-2;RU-Alto-1,speaker_mode_centroid
GTSinger_same_text_control,mert_l3,3,157,symmetric_global_corrected,0.65,0.65,0.5333333333333333,2.5590033947606677e-13,-1.1468967224466088e-28,1.4601843309827224e-13,1.0,DE-Soprano-1;DE-Tenor-1;EN-Alto-1;EN-Alto-2;EN-Tenor-1;ES-Bass-1;JA-Soprano-1;KO-Tenor-1;ZH-Alto-1;ZH-Tenor-1,ES-Soprano-1;FR-Soprano-1;FR-Tenor-1;IT-Bass-1;IT-Bass-2;IT-Soprano-1;JA-Tenor-1;KO-Soprano-1;KO-Soprano-2;RU-Alto-1,speaker_mode_centroid
GTSinger_same_text_control,mert_l3,3,163,raw,1.0,1.0,1.0,0.4390809043899746,0.48032822453180496,0.0,12.0,EN-Alto-1;ES-Bass-1;ES-Soprano-1;FR-Tenor-1;IT-Bass-1;IT-Bass-2;JA-Soprano-1;JA-Tenor-1;KO-Soprano-1;ZH-Alto-1,DE-Soprano-1;DE-Tenor-1;EN-Alto-2;EN-Tenor-1;FR-Soprano-1;IT-Soprano-1;KO-Soprano-2;KO-Tenor-1;RU-Alto-1;ZH-Tenor-1,speaker_mode_centroid
GTSinger_same_text_control,mert_l3,3,163,symmetric_global_corrected,0.46,0.5,0.0,2.0615627517033529e-13,-5.281651808615682e-28,5.130636609957396e-13,1.0,EN-Alto-1;ES-Bass-1;ES-Soprano-1;FR-Tenor-1;IT-Bass-1;IT-Bass-2;JA-Soprano-1;JA-Tenor-1;KO-Soprano-1;ZH-Alto-1,DE-Soprano-1;DE-Tenor-1;EN-Alto-2;EN-Tenor-1;FR-Soprano-1;IT-Soprano-1;KO-Soprano-2;KO-Tenor-1;RU-Alto-1;ZH-Tenor-1,speaker_mode_centroid
GTSinger_same_text_control,mert_l3,3,167,raw,1.0,0.9,0.9090909090909091,0.34902946518790495,0.425660867251847,0.0,12.0,DE-Tenor-1;EN-Alto-2;EN-Tenor-1;ES-Soprano-1;IT-Bass-2;IT-Soprano-1;KO-Soprano-2;RU-Alto-1;ZH-Alto-1;ZH-Tenor-1,DE-Soprano-1;EN-Alto-1;ES-Bass-1;FR-Soprano-1;FR-Tenor-1;IT-Bass-1;JA-Soprano-1;JA-Tenor-1;KO-Soprano-1;KO-Tenor-1,speaker_mode_centroid
GTSinger_same_text_control,mert_l3,3,167,symmetric_global_corrected,0.59,0.55,0.6896551724137931,2.6097706412734354e-13,4.29455559625731e-28,-3.238440231835054e-13,1.0,DE-Tenor-1;EN-Alto-2;EN-Tenor-1;ES-Soprano-1;IT-Bass-2;IT-Soprano-1;KO-Soprano-2;RU-Alto-1;ZH-Alto-1;ZH-Tenor-1,DE-Soprano-1;EN-Alto-1;ES-Bass-1;FR-Soprano-1;FR-Tenor-1;IT-Bass-1;JA-Soprano-1;JA-Tenor-1;KO-Soprano-1;KO-Tenor-1,speaker_mode_centroid
GTSinger_same_text_control,mert_l3,3,173,raw,1.0,1.0,1.0,0.4026554259949595,0.2997175179287771,0.0,12.0,DE-Soprano-1;DE-Tenor-1;EN-Alto-1;EN-Alto-2;ES-Soprano-1;FR-Soprano-1;FR-Tenor-1;IT-Bass-1;IT-Bass-2;JA-Tenor-1,EN-Tenor-1;ES-Bass-1;IT-Soprano-1;JA-Soprano-1;KO-Soprano-1;KO-Soprano-2;KO-Tenor-1;RU-Alto-1;ZH-Alto-1;ZH-Tenor-1,speaker_mode_centroid
GTSinger_same_text_control,mert_l3,3,173,symmetric_global_corrected,0.47,0.5,0.16666666666666669,2.168738839638579e-13,1.0866970540648554e-27,5.020476514697975e-13,1.0,DE-Soprano-1;DE-Tenor-1;EN-Alto-1;EN-Alto-2;ES-Soprano-1;FR-Soprano-1;FR-Tenor-1;IT-Bass-1;IT-Bass-2;JA-Tenor-1,EN-Tenor-1;ES-Bass-1;IT-Soprano-1;JA-Soprano-1;KO-Soprano-1;KO-Soprano-2;KO-Tenor-1;RU-Alto-1;ZH-Alto-1;ZH-Tenor-1,speaker_mode_centroid
GTSinger_same_text_control,mert_l3,3,179,raw,1.0,1.0,1.0,0.39245022326514084,0.27242030965363195,0.0,12.0,DE-Soprano-1;EN-Alto-1;EN-Alto-2;EN-Tenor-1;IT-Bass-1;JA-Soprano-1;JA-Tenor-1;KO-Soprano-1;KO-Tenor-1;ZH-Tenor-1,DE-Tenor-1;ES-Bass-1;ES-Soprano-1;FR-Soprano-1;FR-Tenor-1;IT-Bass-2;IT-Soprano-1;KO-Soprano-2;RU-Alto-1;ZH-Alto-1,speaker_mode_centroid
GTSinger_same_text_control,mert_l3,3,179,symmetric_global_corrected,0.47,0.45,0.4210526315789474,2.204684308208678e-13,3.6225458380874723e-28,-1.8452515515219454e-14,1.0,DE-Soprano-1;EN-Alto-1;EN-Alto-2;EN-Tenor-1;IT-Bass-1;JA-Soprano-1;JA-Tenor-1;KO-Soprano-1;KO-Tenor-1;ZH-Tenor-1,DE-Tenor-1;ES-Bass-1;ES-Soprano-1;FR-Soprano-1;FR-Tenor-1;IT-Bass-2;IT-Soprano-1;KO-Soprano-2;RU-Alto-1;ZH-Alto-1,speaker_mode_centroid
GTSinger_same_text_control,mert_l3,3,181,raw,1.0,0.9,0.9090909090909091,0.37263912111015557,0.5048409999477155,0.0,12.0,DE-Soprano-1;EN-Alto-1;ES-Bass-1;FR-Soprano-1;IT-Bass-2;IT-Soprano-1;JA-Soprano-1;JA-Tenor-1;KO-Soprano-1;ZH-Alto-1,DE-Tenor-1;EN-Alto-2;EN-Tenor-1;ES-Soprano-1;FR-Tenor-1;IT-Bass-1;KO-Soprano-2;KO-Tenor-1;RU-Alto-1;ZH-Tenor-1,speaker_mode_centroid
GTSinger_same_text_control,mert_l3,3,181,symmetric_global_corrected,0.56,0.5,0.5454545454545454,2.3230871299354724e-13,1.1630816023304406e-27,-4.776620018542078e-14,1.0,DE-Soprano-1;EN-Alto-1;ES-Bass-1;FR-Soprano-1;IT-Bass-2;IT-Soprano-1;JA-Soprano-1;JA-Tenor-1;KO-Soprano-1;ZH-Alto-1,DE-Tenor-1;EN-Alto-2;EN-Tenor-1;ES-Soprano-1;FR-Tenor-1;IT-Bass-1;KO-Soprano-2;KO-Tenor-1;RU-Alto-1;ZH-Tenor-1,speaker_mode_centroid
GTSinger_same_text_control,mert_l3,3,191,raw,1.0,1.0,1.0,0.4057883707600788,0.19314319428762278,0.0,11.0,DE-Tenor-1;EN-Tenor-1;ES-Bass-1;ES-Soprano-1;FR-Soprano-1;FR-Tenor-1;IT-Bass-1;JA-Soprano-1;ZH-Alto-1;ZH-Tenor-1,DE-Soprano-1;EN-Alto-1;EN-Alto-2;IT-Bass-2;IT-Soprano-1;JA-Tenor-1;KO-Soprano-1;KO-Soprano-2;KO-Tenor-1;RU-Alto-1,speaker_mode_centroid
GTSinger_same_text_control,mert_l3,3,191,symmetric_global_corrected,0.74,0.6,0.7142857142857143,2.2217803051510876e-13,-1.4011514607772138e-28,-3.778832530173023e-13,1.0,DE-Tenor-1;EN-Tenor-1;ES-Bass-1;ES-Soprano-1;FR-Soprano-1;FR-Tenor-1;IT-Bass-1;JA-Soprano-1;ZH-Alto-1;ZH-Tenor-1,DE-Soprano-1;EN-Alto-1;EN-Alto-2;IT-Bass-2;IT-Soprano-1;JA-Tenor-1;KO-Soprano-1;KO-Soprano-2;KO-Tenor-1;RU-Alto-1,speaker_mode_centroid
GTSinger_same_text_control,mert_l3,3,193,raw,1.0,0.9,0.9090909090909091,0.37425815665834267,1.0324675844936226,0.0,12.0,EN-Alto-1;EN-Tenor-1;ES-Bass-1;ES-Soprano-1;FR-Soprano-1;IT-Soprano-1;JA-Tenor-1;KO-Soprano-2;RU-Alto-1;ZH-Tenor-1,DE-Soprano-1;DE-Tenor-1;EN-Alto-2;FR-Tenor-1;IT-Bass-1;IT-Bass-2;JA-Soprano-1;KO-Soprano-1;KO-Tenor-1;ZH-Alto-1,speaker_mode_centroid
GTSinger_same_text_control,mert_l3,3,193,symmetric_global_corrected,0.57,0.55,0.6896551724137931,2.386253492705311e-13,-1.415460321604935e-27,-5.3713864083968485e-14,1.0,EN-Alto-1;EN-Tenor-1;ES-Bass-1;ES-Soprano-1;FR-Soprano-1;IT-Soprano-1;JA-Tenor-1;KO-Soprano-2;RU-Alto-1;ZH-Tenor-1,DE-Soprano-1;DE-Tenor-1;EN-Alto-2;FR-Tenor-1;IT-Bass-1;IT-Bass-2;JA-Soprano-1;KO-Soprano-1;KO-Tenor-1;ZH-Alto-1,speaker_mode_centroid
GTSinger_same_text_control,mert_l3,3,197,raw,1.0,0.95,0.9523809523809523,0.37269073818147075,0.12927139639291893,0.0,12.0,DE-Soprano-1;DE-Tenor-1;EN-Alto-1;ES-Bass-1;ES-Soprano-1;FR-Soprano-1;IT-Bass-2;KO-Tenor-1;RU-Alto-1;ZH-Tenor-1,EN-Alto-2;EN-Tenor-1;FR-Tenor-1;IT-Bass-1;IT-Soprano-1;JA-Soprano-1;JA-Tenor-1;KO-Soprano-1;KO-Soprano-2;ZH-Alto-1,speaker_mode_centroid
GTSinger_same_text_control,mert_l3,3,197,symmetric_global_corrected,0.67,0.7,0.6666666666666665,2.640136574117828e-13,3.539973686170675e-28,8.408128422358263e-14,1.0,DE-Soprano-1;DE-Tenor-1;EN-Alto-1;ES-Bass-1;ES-Soprano-1;FR-Soprano-1;IT-Bass-2;KO-Tenor-1;RU-Alto-1;ZH-Tenor-1,EN-Alto-2;EN-Tenor-1;FR-Tenor-1;IT-Bass-1;IT-Soprano-1;JA-Soprano-1;JA-Tenor-1;KO-Soprano-1;KO-Soprano-2;ZH-Alto-1,speaker_mode_centroid
GTSinger_same_text_control,mert_l3,3,199,raw,1.0,1.0,1.0,0.4185007471027389,0.21683326965483232,0.0,12.0,DE-Soprano-1;EN-Alto-2;EN-Tenor-1;ES-Bass-1;ES-Soprano-1;FR-Tenor-1;IT-Bass-1;KO-Soprano-1;RU-Alto-1;ZH-Tenor-1,DE-Tenor-1;EN-Alto-1;FR-Soprano-1;IT-Bass-2;IT-Soprano-1;JA-Soprano-1;JA-Tenor-1;KO-Soprano-2;KO-Tenor-1;ZH-Alto-1,speaker_mode_centroid
GTSinger_same_text_control,mert_l3,3,199,symmetric_global_corrected,0.46,0.4,0.25,2.177795432287851e-13,-8.6735217167857e-28,5.181653107677299e-14,1.0,DE-Soprano-1;EN-Alto-2;EN-Tenor-1;ES-Bass-1;ES-Soprano-1;FR-Tenor-1;IT-Bass-1;KO-Soprano-1;RU-Alto-1;ZH-Tenor-1,DE-Tenor-1;EN-Alto-1;FR-Soprano-1;IT-Bass-2;IT-Soprano-1;JA-Soprano-1;JA-Tenor-1;KO-Soprano-2;KO-Tenor-1;ZH-Alto-1,speaker_mode_centroid
GTSinger_same_text_control,mert_l3,3,211,raw,1.0,1.0,1.0,0.37877758610507234,0.7812080445228967,0.0,12.0,DE-Soprano-1;EN-Alto-1;EN-Alto-2;ES-Bass-1;FR-Soprano-1;JA-Tenor-1;KO-Soprano-2;KO-Tenor-1;RU-Alto-1;ZH-Alto-1,DE-Tenor-1;EN-Tenor-1;ES-Soprano-1;FR-Tenor-1;IT-Bass-1;IT-Bass-2;IT-Soprano-1;JA-Soprano-1;KO-Soprano-1;ZH-Tenor-1,speaker_mode_centroid
GTSinger_same_text_control,mert_l3,3,211,symmetric_global_corrected,0.51,0.65,0.588235294117647,2.3835785230545695e-13,-3.904792424218438e-28,1.8727597505431673e-13,1.0,DE-Soprano-1;EN-Alto-1;EN-Alto-2;ES-Bass-1;FR-Soprano-1;JA-Tenor-1;KO-Soprano-2;KO-Tenor-1;RU-Alto-1;ZH-Alto-1,DE-Tenor-1;EN-Tenor-1;ES-Soprano-1;FR-Tenor-1;IT-Bass-1;IT-Bass-2;IT-Soprano-1;JA-Soprano-1;KO-Soprano-1;ZH-Tenor-1,speaker_mode_centroid
GTSinger_same_text_control,mert_l3,3,223,raw,1.0,1.0,1.0,0.3701021975494776,0.7075433051049198,0.0,12.0,DE-Soprano-1;EN-Alto-2;EN-Tenor-1;ES-Soprano-1;IT-Bass-2;IT-Soprano-1;JA-Tenor-1;KO-Soprano-2;KO-Tenor-1;ZH-Alto-1,DE-Tenor-1;EN-Alto-1;ES-Bass-1;FR-Soprano-1;FR-Tenor-1;IT-Bass-1;JA-Soprano-1;KO-Soprano-1;RU-Alto-1;ZH-Tenor-1,speaker_mode_centroid
GTSinger_same_text_control,mert_l3,3,223,symmetric_global_corrected,0.76,0.7,0.625,2.1809973277992209e-13,2.9633907775723516e-28,1.1025074148012856e-13,1.0,DE-Soprano-1;EN-Alto-2;EN-Tenor-1;ES-Soprano-1;IT-Bass-2;IT-Soprano-1;JA-Tenor-1;KO-Soprano-2;KO-Tenor-1;ZH-Alto-1,DE-Tenor-1;EN-Alto-1;ES-Bass-1;FR-Soprano-1;FR-Tenor-1;IT-Bass-1;JA-Soprano-1;KO-Soprano-1;RU-Alto-1;ZH-Tenor-1,speaker_mode_centroid
GTSinger_same_text_control,mert_l3,3,227,raw,1.0,1.0,1.0,0.4261624120876942,0.7110163771129239,0.0,12.0,DE-Soprano-1;EN-Tenor-1;ES-Bass-1;FR-Soprano-1;FR-Tenor-1;IT-Bass-1;JA-Tenor-1;KO-Soprano-1;KO-Soprano-2;KO-Tenor-1,DE-Tenor-1;EN-Alto-1;EN-Alto-2;ES-Soprano-1;IT-Bass-2;IT-Soprano-1;JA-Soprano-1;RU-Alto-1;ZH-Alto-1;ZH-Tenor-1,speaker_mode_centroid
GTSinger_same_text_control,mert_l3,3,227,symmetric_global_corrected,0.76,0.6000000000000001,0.5,2.084461771165727e-13,6.679683551772482e-29,1.0656465230220165e-13,1.0,DE-Soprano-1;EN-Tenor-1;ES-Bass-1;FR-Soprano-1;FR-Tenor-1;IT-Bass-1;JA-Tenor-1;KO-Soprano-1;KO-Soprano-2;KO-Tenor-1,DE-Tenor-1;EN-Alto-1;EN-Alto-2;ES-Soprano-1;IT-Bass-2;IT-Soprano-1;JA-Soprano-1;RU-Alto-1;ZH-Alto-1;ZH-Tenor-1,speaker_mode_centroid
GTSinger_same_text_control,mert_l3,3,229,raw,1.0,1.0,1.0,0.39619907935876547,-0.004114615134065316,0.0,11.0,DE-Tenor-1;ES-Bass-1;ES-Soprano-1;FR-Soprano-1;IT-Bass-1;IT-Bass-2;IT-Soprano-1;KO-Tenor-1;RU-Alto-1;ZH-Alto-1,DE-Soprano-1;EN-Alto-1;EN-Alto-2;EN-Tenor-1;FR-Tenor-1;JA-Soprano-1;JA-Tenor-1;KO-Soprano-1;KO-Soprano-2;ZH-Tenor-1,speaker_mode_centroid
GTSinger_same_text_control,mert_l3,3,229,symmetric_global_corrected,0.49,0.55,0.4,2.3042854251854797e-13,-1.4799820011602584e-27,1.703317735435374e-13,1.0,DE-Tenor-1;ES-Bass-1;ES-Soprano-1;FR-Soprano-1;IT-Bass-1;IT-Bass-2;IT-Soprano-1;KO-Tenor-1;RU-Alto-1;ZH-Alto-1,DE-Soprano-1;EN-Alto-1;EN-Alto-2;EN-Tenor-1;FR-Tenor-1;JA-Soprano-1;JA-Tenor-1;KO-Soprano-1;KO-Soprano-2;ZH-Tenor-1,speaker_mode_centroid
GTSinger_same_text_control,mert_l3,3,233,raw,1.0,1.0,1.0,0.3959344735310996,0.0014793083020605002,0.0,12.0,DE-Soprano-1;DE-Tenor-1;EN-Alto-1;EN-Tenor-1;FR-Soprano-1;FR-Tenor-1;IT-Bass-1;IT-Bass-2;KO-Soprano-2;ZH-Tenor-1,EN-Alto-2;ES-Bass-1;ES-Soprano-1;IT-Soprano-1;JA-Soprano-1;JA-Tenor-1;KO-Soprano-1;KO-Tenor-1;RU-Alto-1;ZH-Alto-1,speaker_mode_centroid
GTSinger_same_text_control,mert_l3,3,233,symmetric_global_corrected,0.47,0.5,0.6428571428571429,2.2653289861712257e-13,-7.7852694479920435e-28,-2.3932827822250136e-13,1.0,DE-Soprano-1;DE-Tenor-1;EN-Alto-1;EN-Tenor-1;FR-Soprano-1;FR-Tenor-1;IT-Bass-1;IT-Bass-2;KO-Soprano-2;ZH-Tenor-1,EN-Alto-2;ES-Bass-1;ES-Soprano-1;IT-Soprano-1;JA-Soprano-1;JA-Tenor-1;KO-Soprano-1;KO-Tenor-1;RU-Alto-1;ZH-Alto-1,speaker_mode_centroid
GTSinger_same_text_control,mert_l3,3,239,raw,1.0,1.0,1.0,0.396238227855948,0.08134373875156753,0.0,12.0,DE-Tenor-1;EN-Tenor-1;FR-Soprano-1;FR-Tenor-1;IT-Bass-1;IT-Bass-2;IT-Soprano-1;KO-Soprano-1;KO-Soprano-2;ZH-Tenor-1,DE-Soprano-1;EN-Alto-1;EN-Alto-2;ES-Bass-1;ES-Soprano-1;JA-Soprano-1;JA-Tenor-1;KO-Tenor-1;RU-Alto-1;ZH-Alto-1,speaker_mode_centroid
GTSinger_same_text_control,mert_l3,3,239,symmetric_global_corrected,0.35,0.39999999999999997,0.5384615384615384,2.172759949810577e-13,-1.0574309476306249e-27,-1.0314232303741661e-13,1.0,DE-Tenor-1;EN-Tenor-1;FR-Soprano-1;FR-Tenor-1;IT-Bass-1;IT-Bass-2;IT-Soprano-1;KO-Soprano-1;KO-Soprano-2;ZH-Tenor-1,DE-Soprano-1;EN-Alto-1;EN-Alto-2;ES-Bass-1;ES-Soprano-1;JA-Soprano-1;JA-Tenor-1;KO-Tenor-1;RU-Alto-1;ZH-Alto-1,speaker_mode_centroid
GTSinger_same_text_control,mert_l3,3,241,raw,1.0,1.0,1.0,0.39783937233528593,0.4616728075453133,0.0,12.0,DE-Soprano-1;EN-Alto-1;FR-Tenor-1;IT-Bass-1;IT-Soprano-1;JA-Soprano-1;JA-Tenor-1;KO-Soprano-1;KO-Soprano-2;KO-Tenor-1,DE-Tenor-1;EN-Alto-2;EN-Tenor-1;ES-Bass-1;ES-Soprano-1;FR-Soprano-1;IT-Bass-2;RU-Alto-1;ZH-Alto-1;ZH-Tenor-1,speaker_mode_centroid
GTSinger_same_text_control,mert_l3,3,241,symmetric_global_corrected,0.54,0.44999999999999996,0.26666666666666666,2.1849880927658434e-13,-7.238285167412949e-28,2.90190806146358e-13,1.0,DE-Soprano-1;EN-Alto-1;FR-Tenor-1;IT-Bass-1;IT-Soprano-1;JA-Soprano-1;JA-Tenor-1;KO-Soprano-1;KO-Soprano-2;KO-Tenor-1,DE-Tenor-1;EN-Alto-2;EN-Tenor-1;ES-Bass-1;ES-Soprano-1;FR-Soprano-1;IT-Bass-2;RU-Alto-1;ZH-Alto-1;ZH-Tenor-1,speaker_mode_centroid
GTSinger_same_text_control,mert_l3,3,251,raw,1.0,1.0,1.0,0.39427349813516105,0.6264695956892321,0.0,12.0,DE-Soprano-1;EN-Tenor-1;FR-Tenor-1;IT-Bass-1;IT-Soprano-1;JA-Tenor-1;KO-Soprano-2;KO-Tenor-1;ZH-Alto-1;ZH-Tenor-1,DE-Tenor-1;EN-Alto-1;EN-Alto-2;ES-Bass-1;ES-Soprano-1;FR-Soprano-1;IT-Bass-2;JA-Soprano-1;KO-Soprano-1;RU-Alto-1,speaker_mode_centroid
GTSinger_same_text_control,mert_l3,3,251,symmetric_global_corrected,0.26,0.45,0.5925925925925927,2.1422606860595136e-13,-3.497792263436716e-29,-7.144755822902547e-14,1.0,DE-Soprano-1;EN-Tenor-1;FR-Tenor-1;IT-Bass-1;IT-Soprano-1;JA-Tenor-1;KO-Soprano-2;KO-Tenor-1;ZH-Alto-1;ZH-Tenor-1,DE-Tenor-1;EN-Alto-1;EN-Alto-2;ES-Bass-1;ES-Soprano-1;FR-Soprano-1;IT-Bass-2;JA-Soprano-1;KO-Soprano-1;RU-Alto-1,speaker_mode_centroid
GTSinger_same_text_control,mert_l3,3,257,raw,1.0,1.0,1.0,0.40353124684434805,0.6550637391919978,0.0,12.0,DE-Soprano-1;EN-Alto-2;ES-Bass-1;FR-Soprano-1;FR-Tenor-1;JA-Tenor-1;KO-Soprano-2;KO-Tenor-1;RU-Alto-1;ZH-Tenor-1,DE-Tenor-1;EN-Alto-1;EN-Tenor-1;ES-Soprano-1;IT-Bass-1;IT-Bass-2;IT-Soprano-1;JA-Soprano-1;KO-Soprano-1;ZH-Alto-1,speaker_mode_centroid
GTSinger_same_text_control,mert_l3,3,257,symmetric_global_corrected,0.4,0.44999999999999996,0.56,2.2396366955537656e-13,-2.4427738403768936e-28,-1.6105300513578458e-13,1.0,DE-Soprano-1;EN-Alto-2;ES-Bass-1;FR-Soprano-1;FR-Tenor-1;JA-Tenor-1;KO-Soprano-2;KO-Tenor-1;RU-Alto-1;ZH-Tenor-1,DE-Tenor-1;EN-Alto-1;EN-Tenor-1;ES-Soprano-1;IT-Bass-1;IT-Bass-2;IT-Soprano-1;JA-Soprano-1;KO-Soprano-1;ZH-Alto-1,speaker_mode_centroid
GTSinger_same_text_control,hubert_l6,6,13,raw,1.0,1.0,1.0,0.3586723818900756,0.9568261742244564,0.0,12.0,DE-Soprano-1;DE-Tenor-1;EN-Alto-2;EN-Tenor-1;ES-Bass-1;ES-Soprano-1;IT-Bass-2;JA-Tenor-1;KO-Soprano-2;RU-Alto-1,EN-Alto-1;FR-Soprano-1;FR-Tenor-1;IT-Bass-1;IT-Soprano-1;JA-Soprano-1;KO-Soprano-1;KO-Tenor-1;ZH-Alto-1;ZH-Tenor-1,speaker_mode_centroid
GTSinger_same_text_control,hubert_l6,6,13,symmetric_global_corrected,0.46,0.4,0.0,2.5273789803749243e-13,2.2986353475016616e-28,5.574074720532055e-13,1.0,DE-Soprano-1;DE-Tenor-1;EN-Alto-2;EN-Tenor-1;ES-Bass-1;ES-Soprano-1;IT-Bass-2;JA-Tenor-1;KO-Soprano-2;RU-Alto-1,EN-Alto-1;FR-Soprano-1;FR-Tenor-1;IT-Bass-1;IT-Soprano-1;JA-Soprano-1;KO-Soprano-1;KO-Tenor-1;ZH-Alto-1;ZH-Tenor-1,speaker_mode_centroid
GTSinger_same_text_control,hubert_l6,6,17,raw,1.0,1.0,1.0,0.37192713311341374,0.7067603226005631,0.0,12.0,EN-Alto-2;EN-Tenor-1;ES-Bass-1;ES-Soprano-1;FR-Tenor-1;IT-Bass-1;JA-Soprano-1;KO-Soprano-1;KO-Tenor-1;RU-Alto-1,DE-Soprano-1;DE-Tenor-1;EN-Alto-1;FR-Soprano-1;IT-Bass-2;IT-Soprano-1;JA-Tenor-1;KO-Soprano-2;ZH-Alto-1;ZH-Tenor-1,speaker_mode_centroid
GTSinger_same_text_control,hubert_l6,6,17,symmetric_global_corrected,0.56,0.5,0.5,2.7404884012950626e-13,-1.3082636832164545e-27,5.3914900310752804e-14,1.0,EN-Alto-2;EN-Tenor-1;ES-Bass-1;ES-Soprano-1;FR-Tenor-1;IT-Bass-1;JA-Soprano-1;KO-Soprano-1;KO-Tenor-1;RU-Alto-1,DE-Soprano-1;DE-Tenor-1;EN-Alto-1;FR-Soprano-1;IT-Bass-2;IT-Soprano-1;JA-Tenor-1;KO-Soprano-2;ZH-Alto-1;ZH-Tenor-1,speaker_mode_centroid
GTSinger_same_text_control,hubert_l6,6,19,raw,1.0,1.0,1.0,0.36551765913950257,0.6081844516278485,0.0,12.0,DE-Tenor-1;EN-Alto-1;EN-Tenor-1;ES-Bass-1;FR-Tenor-1;IT-Bass-1;JA-Soprano-1;KO-Soprano-1;KO-Tenor-1;ZH-Alto-1,DE-Soprano-1;EN-Alto-2;ES-Soprano-1;FR-Soprano-1;IT-Bass-2;IT-Soprano-1;JA-Tenor-1;KO-Soprano-2;RU-Alto-1;ZH-Tenor-1,speaker_mode_centroid
GTSinger_same_text_control,hubert_l6,6,19,symmetric_global_corrected,0.41,0.5,0.5833333333333334,2.7713199777137393e-13,-5.2024562963831535e-28,-3.120877286165612e-13,1.0,DE-Tenor-1;EN-Alto-1;EN-Tenor-1;ES-Bass-1;FR-Tenor-1;IT-Bass-1;JA-Soprano-1;KO-Soprano-1;KO-Tenor-1;ZH-Alto-1,DE-Soprano-1;EN-Alto-2;ES-Soprano-1;FR-Soprano-1;IT-Bass-2;IT-Soprano-1;JA-Tenor-1;KO-Soprano-2;RU-Alto-1;ZH-Tenor-1,speaker_mode_centroid
GTSinger_same_text_control,hubert_l6,6,23,raw,1.0,1.0,1.0,0.33795040601138693,0.8513049463859771,0.0,12.0,DE-Tenor-1;EN-Alto-2;ES-Bass-1;FR-Soprano-1;IT-Soprano-1;JA-Soprano-1;JA-Tenor-1;KO-Soprano-1;ZH-Alto-1;ZH-Tenor-1,DE-Soprano-1;EN-Alto-1;EN-Tenor-1;ES-Soprano-1;FR-Tenor-1;IT-Bass-1;IT-Bass-2;KO-Soprano-2;KO-Tenor-1;RU-Alto-1,speaker_mode_centroid
GTSinger_same_text_control,hubert_l6,6,23,symmetric_global_corrected,0.53,0.4,0.5714285714285714,2.52737724420394e-13,2.539680387943205e-28,-3.3329352507346666e-13,1.0,DE-Tenor-1;EN-Alto-2;ES-Bass-1;FR-Soprano-1;IT-Soprano-1;JA-Soprano-1;JA-Tenor-1;KO-Soprano-1;ZH-Alto-1;ZH-Tenor-1,DE-Soprano-1;EN-Alto-1;EN-Tenor-1;ES-Soprano-1;FR-Tenor-1;IT-Bass-1;IT-Bass-2;KO-Soprano-2;KO-Tenor-1;RU-Alto-1,speaker_mode_centroid
GTSinger_same_text_control,hubert_l6,6,29,raw,1.0,1.0,1.0,0.35450807687318037,0.6535879947209231,0.0,12.0,DE-Soprano-1;DE-Tenor-1;EN-Alto-2;EN-Tenor-1;ES-Bass-1;FR-Soprano-1;FR-Tenor-1;IT-Soprano-1;KO-Soprano-1;KO-Tenor-1,EN-Alto-1;ES-Soprano-1;IT-Bass-1;IT-Bass-2;JA-Soprano-1;JA-Tenor-1;KO-Soprano-2;RU-Alto-1;ZH-Alto-1;ZH-Tenor-1,speaker_mode_centroid
GTSinger_same_text_control,hubert_l6,6,29,symmetric_global_corrected,0.67,0.55,0.6666666666666667,2.9064200752473037e-13,1.3912891436716755e-29,-2.4917366082226737e-13,1.0,DE-Soprano-1;DE-Tenor-1;EN-Alto-2;EN-Tenor-1;ES-Bass-1;FR-Soprano-1;FR-Tenor-1;IT-Soprano-1;KO-Soprano-1;KO-Tenor-1,EN-Alto-1;ES-Soprano-1;IT-Bass-1;IT-Bass-2;JA-Soprano-1;JA-Tenor-1;KO-Soprano-2;RU-Alto-1;ZH-Alto-1;ZH-Tenor-1,speaker_mode_centroid
GTSinger_same_text_control,hubert_l6,6,31,raw,1.0,1.0,1.0,0.321665456636407,0.5006592973459056,0.0,12.0,DE-Soprano-1;EN-Alto-1;EN-Tenor-1;ES-Soprano-1;FR-Soprano-1;IT-Soprano-1;KO-Soprano-2;KO-Tenor-1;RU-Alto-1;ZH-Tenor-1,DE-Tenor-1;EN-Alto-2;ES-Bass-1;FR-Tenor-1;IT-Bass-1;IT-Bass-2;JA-Soprano-1;JA-Tenor-1;KO-Soprano-1;ZH-Alto-1,speaker_mode_centroid
GTSinger_same_text_control,hubert_l6,6,31,symmetric_global_corrected,0.5,0.5,0.16666666666666669,3.2523473251941414e-13,5.415395392533373e-28,3.1633279536207876e-13,1.0,DE-Soprano-1;EN-Alto-1;EN-Tenor-1;ES-Soprano-1;FR-Soprano-1;IT-Soprano-1;KO-Soprano-2;KO-Tenor-1;RU-Alto-1;ZH-Tenor-1,DE-Tenor-1;EN-Alto-2;ES-Bass-1;FR-Tenor-1;IT-Bass-1;IT-Bass-2;JA-Soprano-1;JA-Tenor-1;KO-Soprano-1;ZH-Alto-1,speaker_mode_centroid
GTSinger_same_text_control,hubert_l6,6,37,raw,1.0,1.0,1.0,0.35258783710051533,0.49465310185886063,0.0,12.0,DE-Soprano-1;DE-Tenor-1;EN-Alto-2;FR-Soprano-1;FR-Tenor-1;IT-Bass-2;KO-Soprano-1;KO-Tenor-1;RU-Alto-1;ZH-Alto-1,EN-Alto-1;EN-Tenor-1;ES-Bass-1;ES-Soprano-1;IT-Bass-1;IT-Soprano-1;JA-Soprano-1;JA-Tenor-1;KO-Soprano-2;ZH-Tenor-1,speaker_mode_centroid
GTSinger_same_text_control,hubert_l6,6,37,symmetric_global_corrected,0.56,0.5,0.16666666666666669,2.66208764989289e-13,1.3559401199157689e-28,3.227799152029199e-13,1.0,DE-Soprano-1;DE-Tenor-1;EN-Alto-2;FR-Soprano-1;FR-Tenor-1;IT-Bass-2;KO-Soprano-1;KO-Tenor-1;RU-Alto-1;ZH-Alto-1,EN-Alto-1;EN-Tenor-1;ES-Bass-1;ES-Soprano-1;IT-Bass-1;IT-Soprano-1;JA-Soprano-1;JA-Tenor-1;KO-Soprano-2;ZH-Tenor-1,speaker_mode_centroid
GTSinger_same_text_control,hubert_l6,6,41,raw,1.0,1.0,1.0,0.3630562171640004,0.42493919165479266,0.0,12.0,DE-Soprano-1;DE-Tenor-1;EN-Alto-1;ES-Bass-1;FR-Tenor-1;IT-Bass-1;IT-Soprano-1;JA-Soprano-1;KO-Soprano-2;ZH-Tenor-1,EN-Alto-2;EN-Tenor-1;ES-Soprano-1;FR-Soprano-1;IT-Bass-2;JA-Tenor-1;KO-Soprano-1;KO-Tenor-1;RU-Alto-1;ZH-Alto-1,speaker_mode_centroid
GTSinger_same_text_control,hubert_l6,6,41,symmetric_global_corrected,0.38,0.55,0.608695652173913,2.7395831434498325e-13,2.8207638899344245e-28,-3.7670423087295144e-14,1.0,DE-Soprano-1;DE-Tenor-1;EN-Alto-1;ES-Bass-1;FR-Tenor-1;IT-Bass-1;IT-Soprano-1;JA-Soprano-1;KO-Soprano-2;ZH-Tenor-1,EN-Alto-2;EN-Tenor-1;ES-Soprano-1;FR-Soprano-1;IT-Bass-2;JA-Tenor-1;KO-Soprano-1;KO-Tenor-1;RU-Alto-1;ZH-Alto-1,speaker_mode_centroid
GTSinger_same_text_control,hubert_l6,6,43,raw,1.0,1.0,1.0,0.3710021333897841,0.778622685961741,0.0,13.0,EN-Alto-1;ES-Soprano-1;FR-Soprano-1;FR-Tenor-1;IT-Bass-2;JA-Soprano-1;JA-Tenor-1;RU-Alto-1;ZH-Alto-1;ZH-Tenor-1,DE-Soprano-1;DE-Tenor-1;EN-Alto-2;EN-Tenor-1;ES-Bass-1;IT-Bass-1;IT-Soprano-1;KO-Soprano-1;KO-Soprano-2;KO-Tenor-1,speaker_mode_centroid
GTSinger_same_text_control,hubert_l6,6,43,symmetric_global_corrected,0.48,0.55,0.64,2.3220102148228716e-13,2.2094390753978788e-27,2.4997106572856108e-14,1.0,EN-Alto-1;ES-Soprano-1;FR-Soprano-1;FR-Tenor-1;IT-Bass-2;JA-Soprano-1;JA-Tenor-1;RU-Alto-1;ZH-Alto-1;ZH-Tenor-1,DE-Soprano-1;DE-Tenor-1;EN-Alto-2;EN-Tenor-1;ES-Bass-1;IT-Bass-1;IT-Soprano-1;KO-Soprano-1;KO-Soprano-2;KO-Tenor-1,speaker_mode_centroid
GTSinger_same_text_control,hubert_l6,6,47,raw,1.0,1.0,1.0,0.3565972987609222,0.48123911473235265,0.0,12.0,DE-Soprano-1;EN-Alto-1;EN-Alto-2;ES-Bass-1;ES-Soprano-1;FR-Tenor-1;JA-Soprano-1;RU-Alto-1;ZH-Alto-1;ZH-Tenor-1,DE-Tenor-1;EN-Tenor-1;FR-Soprano-1;IT-Bass-1;IT-Bass-2;IT-Soprano-1;JA-Tenor-1;KO-Soprano-1;KO-Soprano-2;KO-Tenor-1,speaker_mode_centroid
GTSinger_same_text_control,hubert_l6,6,47,symmetric_global_corrected,0.78,0.6000000000000001,0.5,2.7401012638741017e-13,1.372129307676065e-27,2.1082978191360027e-13,1.0,DE-Soprano-1;EN-Alto-1;EN-Alto-2;ES-Bass-1;ES-Soprano-1;FR-Tenor-1;JA-Soprano-1;RU-Alto-1;ZH-Alto-1;ZH-Tenor-1,DE-Tenor-1;EN-Tenor-1;FR-Soprano-1;IT-Bass-1;IT-Bass-2;IT-Soprano-1;JA-Tenor-1;KO-Soprano-1;KO-Soprano-2;KO-Tenor-1,speaker_mode_centroid
GTSinger_same_text_control,hubert_l6,6,53,raw,1.0,1.0,1.0,0.3385757842204858,0.3269981605101793,0.0,12.0,DE-Soprano-1;EN-Alto-2;EN-Tenor-1;FR-Soprano-1;IT-Bass-1;IT-Bass-2;JA-Soprano-1;KO-Soprano-2;KO-Tenor-1;ZH-Tenor-1,DE-Tenor-1;EN-Alto-1;ES-Bass-1;ES-Soprano-1;FR-Tenor-1;IT-Soprano-1;JA-Tenor-1;KO-Soprano-1;RU-Alto-1;ZH-Alto-1,speaker_mode_centroid
GTSinger_same_text_control,hubert_l6,6,53,symmetric_global_corrected,0.61,0.55,0.5263157894736842,2.6851601647664163e-13,-1.2160310848670609e-27,2.363361897404794e-13,1.0,DE-Soprano-1;EN-Alto-2;EN-Tenor-1;FR-Soprano-1;IT-Bass-1;IT-Bass-2;JA-Soprano-1;KO-Soprano-2;KO-Tenor-1;ZH-Tenor-1,DE-Tenor-1;EN-Alto-1;ES-Bass-1;ES-Soprano-1;FR-Tenor-1;IT-Soprano-1;JA-Tenor-1;KO-Soprano-1;RU-Alto-1;ZH-Alto-1,speaker_mode_centroid
GTSinger_same_text_control,hubert_l6,6,59,raw,1.0,1.0,1.0,0.363177543010819,0.5866096174678218,0.0,12.0,EN-Alto-1;EN-Tenor-1;ES-Bass-1;ES-Soprano-1;IT-Bass-1;IT-Bass-2;IT-Soprano-1;JA-Soprano-1;KO-Tenor-1;ZH-Tenor-1,DE-Soprano-1;DE-Tenor-1;EN-Alto-2;FR-Soprano-1;FR-Tenor-1;JA-Tenor-1;KO-Soprano-1;KO-Soprano-2;RU-Alto-1;ZH-Alto-1,speaker_mode_centroid
GTSinger_same_text_control,hubert_l6,6,59,symmetric_global_corrected,0.54,0.55,0.64,2.806474899154742e-13,1.7490172552581307e-27,-1.5155040343896563e-13,1.0,EN-Alto-1;EN-Tenor-1;ES-Bass-1;ES-Soprano-1;IT-Bass-1;IT-Bass-2;IT-Soprano-1;JA-Soprano-1;KO-Tenor-1;ZH-Tenor-1,DE-Soprano-1;DE-Tenor-1;EN-Alto-2;FR-Soprano-1;FR-Tenor-1;JA-Tenor-1;KO-Soprano-1;KO-Soprano-2;RU-Alto-1;ZH-Alto-1,speaker_mode_centroid
GTSinger_same_text_control,hubert_l6,6,61,raw,1.0,1.0,1.0,0.3452449515863698,0.4292291270532621,0.0,12.0,EN-Alto-1;EN-Alto-2;FR-Soprano-1;IT-Bass-1;IT-Bass-2;IT-Soprano-1;JA-Soprano-1;RU-Alto-1;ZH-Alto-1;ZH-Tenor-1,DE-Soprano-1;DE-Tenor-1;EN-Tenor-1;ES-Bass-1;ES-Soprano-1;FR-Tenor-1;JA-Tenor-1;KO-Soprano-1;KO-Soprano-2;KO-Tenor-1,speaker_mode_centroid
GTSinger_same_text_control,hubert_l6,6,61,symmetric_global_corrected,0.45,0.35,0.0,2.816900440818708e-13,1.1442707194124652e-28,2.4407158765941387e-13,1.0,EN-Alto-1;EN-Alto-2;FR-Soprano-1;IT-Bass-1;IT-Bass-2;IT-Soprano-1;JA-Soprano-1;RU-Alto-1;ZH-Alto-1;ZH-Tenor-1,DE-Soprano-1;DE-Tenor-1;EN-Tenor-1;ES-Bass-1;ES-Soprano-1;FR-Tenor-1;JA-Tenor-1;KO-Soprano-1;KO-Soprano-2;KO-Tenor-1,speaker_mode_centroid
GTSinger_same_text_control,hubert_l6,6,67,raw,1.0,1.0,1.0,0.35925813716707317,0.7696127135832278,0.0,12.0,EN-Alto-1;EN-Alto-2;ES-Bass-1;ES-Soprano-1;FR-Soprano-1;IT-Bass-2;JA-Soprano-1;JA-Tenor-1;ZH-Alto-1;ZH-Tenor-1,DE-Soprano-1;DE-Tenor-1;EN-Tenor-1;FR-Tenor-1;IT-Bass-1;IT-Soprano-1;KO-Soprano-1;KO-Soprano-2;KO-Tenor-1;RU-Alto-1,speaker_mode_centroid
GTSinger_same_text_control,hubert_l6,6,67,symmetric_global_corrected,0.62,0.5,0.6428571428571429,2.298748823384207e-13,1.3094114730650243e-28,-2.833796283906189e-13,1.0,EN-Alto-1;EN-Alto-2;ES-Bass-1;ES-Soprano-1;FR-Soprano-1;IT-Bass-2;JA-Soprano-1;JA-Tenor-1;ZH-Alto-1;ZH-Tenor-1,DE-Soprano-1;DE-Tenor-1;EN-Tenor-1;FR-Tenor-1;IT-Bass-1;IT-Soprano-1;KO-Soprano-1;KO-Soprano-2;KO-Tenor-1;RU-Alto-1,speaker_mode_centroid
GTSinger_same_text_control,hubert_l6,6,71,raw,1.0,1.0,1.0,0.379445212336874,0.5288804545419319,0.0,12.0,DE-Tenor-1;EN-Alto-1;ES-Bass-1;FR-Soprano-1;FR-Tenor-1;IT-Bass-1;IT-Bass-2;JA-Soprano-1;KO-Soprano-2;ZH-Tenor-1,DE-Soprano-1;EN-Alto-2;EN-Tenor-1;ES-Soprano-1;IT-Soprano-1;JA-Tenor-1;KO-Soprano-1;KO-Tenor-1;RU-Alto-1;ZH-Alto-1,speaker_mode_centroid
GTSinger_same_text_control,hubert_l6,6,71,symmetric_global_corrected,0.64,0.55,0.5263157894736842,2.450508403641186e-13,1.6773445042311388e-27,1.5222188555774399e-13,1.0,DE-Tenor-1;EN-Alto-1;ES-Bass-1;FR-Soprano-1;FR-Tenor-1;IT-Bass-1;IT-Bass-2;JA-Soprano-1;KO-Soprano-2;ZH-Tenor-1,DE-Soprano-1;EN-Alto-2;EN-Tenor-1;ES-Soprano-1;IT-Soprano-1;JA-Tenor-1;KO-Soprano-1;KO-Tenor-1;RU-Alto-1;ZH-Alto-1,speaker_mode_centroid
GTSinger_same_text_control,hubert_l6,6,73,raw,1.0,1.0,1.0,0.3326904137907106,0.7269028217036817,0.0,12.0,DE-Soprano-1;EN-Alto-1;EN-Tenor-1;ES-Bass-1;FR-Soprano-1;KO-Soprano-1;KO-Soprano-2;KO-Tenor-1;RU-Alto-1;ZH-Alto-1,DE-Tenor-1;EN-Alto-2;ES-Soprano-1;FR-Tenor-1;IT-Bass-1;IT-Bass-2;IT-Soprano-1;JA-Soprano-1;JA-Tenor-1;ZH-Tenor-1,speaker_mode_centroid
GTSinger_same_text_control,hubert_l6,6,73,symmetric_global_corrected,0.49,0.5,0.5454545454545454,3.112299333065751e-13,4.843974686372661e-28,2.362163214474249e-14,1.0,DE-Soprano-1;EN-Alto-1;EN-Tenor-1;ES-Bass-1;FR-Soprano-1;KO-Soprano-1;KO-Soprano-2;KO-Tenor-1;RU-Alto-1;ZH-Alto-1,DE-Tenor-1;EN-Alto-2;ES-Soprano-1;FR-Tenor-1;IT-Bass-1;IT-Bass-2;IT-Soprano-1;JA-Soprano-1;JA-Tenor-1;ZH-Tenor-1,speaker_mode_centroid
GTSinger_same_text_control,hubert_l6,6,79,raw,1.0,1.0,1.0,0.3412223546827924,0.7110413087309522,0.0,12.0,DE-Soprano-1;DE-Tenor-1;EN-Tenor-1;FR-Soprano-1;FR-Tenor-1;IT-Soprano-1;JA-Tenor-1;KO-Soprano-1;KO-Soprano-2;ZH-Tenor-1,EN-Alto-1;EN-Alto-2;ES-Bass-1;ES-Soprano-1;IT-Bass-1;IT-Bass-2;JA-Soprano-1;KO-Tenor-1;RU-Alto-1;ZH-Alto-1,speaker_mode_centroid
GTSinger_same_text_control,hubert_l6,6,79,symmetric_global_corrected,0.58,0.55,0.30769230769230765,2.4960132735583076e-13,-2.4228741120504644e-28,3.7451979452974014e-13,1.0,DE-Soprano-1;DE-Tenor-1;EN-Tenor-1;FR-Soprano-1;FR-Tenor-1;IT-Soprano-1;JA-Tenor-1;KO-Soprano-1;KO-Soprano-2;ZH-Tenor-1,EN-Alto-1;EN-Alto-2;ES-Bass-1;ES-Soprano-1;IT-Bass-1;IT-Bass-2;JA-Soprano-1;KO-Tenor-1;RU-Alto-1;ZH-Alto-1,speaker_mode_centroid
GTSinger_same_text_control,hubert_l6,6,83,raw,1.0,1.0,1.0,0.3638547435516164,0.7045281629179754,0.0,12.0,DE-Tenor-1;EN-Alto-1;EN-Tenor-1;ES-Soprano-1;FR-Soprano-1;FR-Tenor-1;IT-Bass-1;IT-Bass-2;JA-Tenor-1;KO-Soprano-1,DE-Soprano-1;EN-Alto-2;ES-Bass-1;IT-Soprano-1;JA-Soprano-1;KO-Soprano-2;KO-Tenor-1;RU-Alto-1;ZH-Alto-1;ZH-Tenor-1,speaker_mode_centroid
GTSinger_same_text_control,hubert_l6,6,83,symmetric_global_corrected,0.34,0.55,0.18181818181818182,2.1841695333145727e-13,2.6749744748645415e-28,2.172577013467497e-13,1.0,DE-Tenor-1;EN-Alto-1;EN-Tenor-1;ES-Soprano-1;FR-Soprano-1;FR-Tenor-1;IT-Bass-1;IT-Bass-2;JA-Tenor-1;KO-Soprano-1,DE-Soprano-1;EN-Alto-2;ES-Bass-1;IT-Soprano-1;JA-Soprano-1;KO-Soprano-2;KO-Tenor-1;RU-Alto-1;ZH-Alto-1;ZH-Tenor-1,speaker_mode_centroid
GTSinger_same_text_control,hubert_l6,6,89,raw,1.0,1.0,1.0,0.330945912584336,0.7080661688765162,0.0,12.0,EN-Alto-2;EN-Tenor-1;FR-Soprano-1;IT-Bass-1;JA-Soprano-1;JA-Tenor-1;KO-Soprano-1;KO-Tenor-1;ZH-Alto-1;ZH-Tenor-1,DE-Soprano-1;DE-Tenor-1;EN-Alto-1;ES-Bass-1;ES-Soprano-1;FR-Tenor-1;IT-Bass-2;IT-Soprano-1;KO-Soprano-2;RU-Alto-1,speaker_mode_centroid
GTSinger_same_text_control,hubert_l6,6,89,symmetric_global_corrected,0.6,0.6,0.6363636363636365,2.546741105749383e-13,1.531168415993346e-27,-4.049217612933091e-14,1.0,EN-Alto-2;EN-Tenor-1;FR-Soprano-1;IT-Bass-1;JA-Soprano-1;JA-Tenor-1;KO-Soprano-1;KO-Tenor-1;ZH-Alto-1;ZH-Tenor-1,DE-Soprano-1;DE-Tenor-1;EN-Alto-1;ES-Bass-1;ES-Soprano-1;FR-Tenor-1;IT-Bass-2;IT-Soprano-1;KO-Soprano-2;RU-Alto-1,speaker_mode_centroid
GTSinger_same_text_control,hubert_l6,6,97,raw,1.0,1.0,1.0,0.3507361780098203,0.49034975823341287,0.0,12.0,EN-Alto-1;EN-Alto-2;ES-Bass-1;FR-Soprano-1;IT-Bass-2;IT-Soprano-1;JA-Soprano-1;KO-Soprano-1;KO-Soprano-2;KO-Tenor-1,DE-Soprano-1;DE-Tenor-1;EN-Tenor-1;ES-Soprano-1;FR-Tenor-1;IT-Bass-1;JA-Tenor-1;RU-Alto-1;ZH-Alto-1;ZH-Tenor-1,speaker_mode_centroid
GTSinger_same_text_control,hubert_l6,6,97,symmetric_global_corrected,0.36,0.55,0.18181818181818182,2.758904296036168e-13,-1.1922390839083928e-28,8.984102180702274e-14,1.0,EN-Alto-1;EN-Alto-2;ES-Bass-1;FR-Soprano-1;IT-Bass-2;IT-Soprano-1;JA-Soprano-1;KO-Soprano-1;KO-Soprano-2;KO-Tenor-1,DE-Soprano-1;DE-Tenor-1;EN-Tenor-1;ES-Soprano-1;FR-Tenor-1;IT-Bass-1;JA-Tenor-1;RU-Alto-1;ZH-Alto-1;ZH-Tenor-1,speaker_mode_centroid
GTSinger_same_text_control,hubert_l6,6,101,raw,1.0,1.0,1.0,0.345191942791945,0.7269727642624447,0.0,12.0,DE-Soprano-1;DE-Tenor-1;EN-Alto-1;EN-Alto-2;FR-Soprano-1;IT-Bass-1;IT-Soprano-1;JA-Soprano-1;JA-Tenor-1;RU-Alto-1,EN-Tenor-1;ES-Bass-1;ES-Soprano-1;FR-Tenor-1;IT-Bass-2;KO-Soprano-1;KO-Soprano-2;KO-Tenor-1;ZH-Alto-1;ZH-Tenor-1,speaker_mode_centroid
GTSinger_same_text_control,hubert_l6,6,101,symmetric_global_corrected,0.46,0.44999999999999996,0.3529411764705882,2.573925227111927e-13,1.952268962306682e-29,4.373008878490372e-14,1.0,DE-Soprano-1;DE-Tenor-1;EN-Alto-1;EN-Alto-2;FR-Soprano-1;IT-Bass-1;IT-Soprano-1;JA-Soprano-1;JA-Tenor-1;RU-Alto-1,EN-Tenor-1;ES-Bass-1;ES-Soprano-1;FR-Tenor-1;IT-Bass-2;KO-Soprano-1;KO-Soprano-2;KO-Tenor-1;ZH-Alto-1;ZH-Tenor-1,speaker_mode_centroid
GTSinger_same_text_control,hubert_l6,6,103,raw,1.0,1.0,1.0,0.3496399791780903,0.6656371377183258,0.0,12.0,DE-Soprano-1;EN-Alto-2;EN-Tenor-1;FR-Tenor-1;IT-Bass-1;IT-Bass-2;JA-Soprano-1;JA-Tenor-1;ZH-Alto-1;ZH-Tenor-1,DE-Tenor-1;EN-Alto-1;ES-Bass-1;ES-Soprano-1;FR-Soprano-1;IT-Soprano-1;KO-Soprano-1;KO-Soprano-2;KO-Tenor-1;RU-Alto-1,speaker_mode_centroid
GTSinger_same_text_control,hubert_l6,6,103,symmetric_global_corrected,0.38,0.5,0.6666666666666666,2.447513655476292e-13,-5.817324787410823e-28,-3.019284862211964e-13,1.0,DE-Soprano-1;EN-Alto-2;EN-Tenor-1;FR-Tenor-1;IT-Bass-1;IT-Bass-2;JA-Soprano-1;JA-Tenor-1;ZH-Alto-1;ZH-Tenor-1,DE-Tenor-1;EN-Alto-1;ES-Bass-1;ES-Soprano-1;FR-Soprano-1;IT-Soprano-1;KO-Soprano-1;KO-Soprano-2;KO-Tenor-1;RU-Alto-1,speaker_mode_centroid
GTSinger_same_text_control,hubert_l6,6,107,raw,1.0,1.0,1.0,0.3485069742924258,0.47610417876601285,0.0,12.0,EN-Alto-1;EN-Tenor-1;ES-Soprano-1;FR-Soprano-1;IT-Bass-1;IT-Bass-2;IT-Soprano-1;KO-Soprano-2;RU-Alto-1;ZH-Tenor-1,DE-Soprano-1;DE-Tenor-1;EN-Alto-2;ES-Bass-1;FR-Tenor-1;JA-Soprano-1;JA-Tenor-1;KO-Soprano-1;KO-Tenor-1;ZH-Alto-1,speaker_mode_centroid
GTSinger_same_text_control,hubert_l6,6,107,symmetric_global_corrected,0.51,0.5,0.6666666666666666,2.698228356806952e-13,-1.0228725301539642e-27,-2.969047904257484e-13,1.0,EN-Alto-1;EN-Tenor-1;ES-Soprano-1;FR-Soprano-1;IT-Bass-1;IT-Bass-2;IT-Soprano-1;KO-Soprano-2;RU-Alto-1;ZH-Tenor-1,DE-Soprano-1;DE-Tenor-1;EN-Alto-2;ES-Bass-1;FR-Tenor-1;JA-Soprano-1;JA-Tenor-1;KO-Soprano-1;KO-Tenor-1;ZH-Alto-1,speaker_mode_centroid
GTSinger_same_text_control,hubert_l6,6,109,raw,1.0,1.0,1.0,0.33466963305380715,0.2016760380975064,0.0,12.0,DE-Soprano-1;DE-Tenor-1;EN-Alto-2;EN-Tenor-1;IT-Bass-1;IT-Bass-2;IT-Soprano-1;JA-Soprano-1;KO-Soprano-1;ZH-Tenor-1,EN-Alto-1;ES-Bass-1;ES-Soprano-1;FR-Soprano-1;FR-Tenor-1;JA-Tenor-1;KO-Soprano-2;KO-Tenor-1;RU-Alto-1;ZH-Alto-1,speaker_mode_centroid
GTSinger_same_text_control,hubert_l6,6,109,symmetric_global_corrected,0.44,0.6,0.7142857142857143,2.748455454910464e-13,-3.5818232410825567e-28,-9.657869786281661e-14,1.0,DE-Soprano-1;DE-Tenor-1;EN-Alto-2;EN-Tenor-1;IT-Bass-1;IT-Bass-2;IT-Soprano-1;JA-Soprano-1;KO-Soprano-1;ZH-Tenor-1,EN-Alto-1;ES-Bass-1;ES-Soprano-1;FR-Soprano-1;FR-Tenor-1;JA-Tenor-1;KO-Soprano-2;KO-Tenor-1;RU-Alto-1;ZH-Alto-1,speaker_mode_centroid
GTSinger_same_text_control,hubert_l6,6,113,raw,1.0,1.0,1.0,0.3387159388047526,0.33996194935321944,0.0,12.0,DE-Soprano-1;DE-Tenor-1;EN-Alto-2;ES-Soprano-1;FR-Soprano-1;IT-Bass-2;JA-Soprano-1;KO-Soprano-2;RU-Alto-1;ZH-Tenor-1,EN-Alto-1;EN-Tenor-1;ES-Bass-1;FR-Tenor-1;IT-Bass-1;IT-Soprano-1;JA-Tenor-1;KO-Soprano-1;KO-Tenor-1;ZH-Alto-1,speaker_mode_centroid
GTSinger_same_text_control,hubert_l6,6,113,symmetric_global_corrected,0.3,0.44999999999999996,0.3529411764705882,2.759770278169814e-13,8.413299295126752e-29,1.3182685184486202e-13,1.0,DE-Soprano-1;DE-Tenor-1;EN-Alto-2;ES-Soprano-1;FR-Soprano-1;IT-Bass-2;JA-Soprano-1;KO-Soprano-2;RU-Alto-1;ZH-Tenor-1,EN-Alto-1;EN-Tenor-1;ES-Bass-1;FR-Tenor-1;IT-Bass-1;IT-Soprano-1;JA-Tenor-1;KO-Soprano-1;KO-Tenor-1;ZH-Alto-1,speaker_mode_centroid
GTSinger_same_text_control,hubert_l6,6,127,raw,1.0,1.0,1.0,0.3585042268367476,0.5922361299301886,0.0,12.0,DE-Tenor-1;EN-Alto-2;EN-Tenor-1;ES-Bass-1;ES-Soprano-1;FR-Soprano-1;FR-Tenor-1;KO-Soprano-2;ZH-Alto-1;ZH-Tenor-1,DE-Soprano-1;EN-Alto-1;IT-Bass-1;IT-Bass-2;IT-Soprano-1;JA-Soprano-1;JA-Tenor-1;KO-Soprano-1;KO-Tenor-1;RU-Alto-1,speaker_mode_centroid
GTSinger_same_text_control,hubert_l6,6,127,symmetric_global_corrected,0.77,0.5,0.6666666666666666,2.7584979564519797e-13,4.554414384287147e-28,-5.663531577513871e-13,1.0,DE-Tenor-1;EN-Alto-2;EN-Tenor-1;ES-Bass-1;ES-Soprano-1;FR-Soprano-1;FR-Tenor-1;KO-Soprano-2;ZH-Alto-1;ZH-Tenor-1,DE-Soprano-1;EN-Alto-1;IT-Bass-1;IT-Bass-2;IT-Soprano-1;JA-Soprano-1;JA-Tenor-1;KO-Soprano-1;KO-Tenor-1;RU-Alto-1,speaker_mode_centroid
GTSinger_same_text_control,hubert_l6,6,131,raw,1.0,1.0,1.0,0.3237348836236903,0.47713868998198844,0.0,12.0,DE-Soprano-1;EN-Alto-1;EN-Alto-2;EN-Tenor-1;FR-Soprano-1;IT-Bass-1;IT-Soprano-1;KO-Soprano-2;RU-Alto-1;ZH-Tenor-1,DE-Tenor-1;ES-Bass-1;ES-Soprano-1;FR-Tenor-1;IT-Bass-2;JA-Soprano-1;JA-Tenor-1;KO-Soprano-1;KO-Tenor-1;ZH-Alto-1,speaker_mode_centroid
GTSinger_same_text_control,hubert_l6,6,131,symmetric_global_corrected,0.5,0.45,0.6206896551724138,3.1265392598694277e-13,-2.505258517695892e-27,-2.648800229201229e-13,1.0,DE-Soprano-1;EN-Alto-1;EN-Alto-2;EN-Tenor-1;FR-Soprano-1;IT-Bass-1;IT-Soprano-1;KO-Soprano-2;RU-Alto-1;ZH-Tenor-1,DE-Tenor-1;ES-Bass-1;ES-Soprano-1;FR-Tenor-1;IT-Bass-2;JA-Soprano-1;JA-Tenor-1;KO-Soprano-1;KO-Tenor-1;ZH-Alto-1,speaker_mode_centroid
GTSinger_same_text_control,hubert_l6,6,137,raw,1.0,1.0,1.0,0.3500126273944393,0.3463034969644113,0.0,12.0,DE-Tenor-1;EN-Alto-2;EN-Tenor-1;FR-Soprano-1;IT-Bass-1;IT-Bass-2;JA-Soprano-1;KO-Soprano-2;RU-Alto-1;ZH-Tenor-1,DE-Soprano-1;EN-Alto-1;ES-Bass-1;ES-Soprano-1;FR-Tenor-1;IT-Soprano-1;JA-Tenor-1;KO-Soprano-1;KO-Tenor-1;ZH-Alto-1,speaker_mode_centroid
GTSinger_same_text_control,hubert_l6,6,137,symmetric_global_corrected,0.25,0.25,0.11764705882352941,2.6262398012346025e-13,-4.59660600090811e-28,7.964357365354779e-14,1.0,DE-Tenor-1;EN-Alto-2;EN-Tenor-1;FR-Soprano-1;IT-Bass-1;IT-Bass-2;JA-Soprano-1;KO-Soprano-2;RU-Alto-1;ZH-Tenor-1,DE-Soprano-1;EN-Alto-1;ES-Bass-1;ES-Soprano-1;FR-Tenor-1;IT-Soprano-1;JA-Tenor-1;KO-Soprano-1;KO-Tenor-1;ZH-Alto-1,speaker_mode_centroid
GTSinger_same_text_control,hubert_l6,6,139,raw,1.0,1.0,1.0,0.358161327734834,0.440950920181859,0.0,12.0,DE-Soprano-1;DE-Tenor-1;EN-Alto-2;ES-Bass-1;FR-Tenor-1;IT-Bass-1;IT-Soprano-1;KO-Soprano-1;KO-Soprano-2;RU-Alto-1,EN-Alto-1;EN-Tenor-1;ES-Soprano-1;FR-Soprano-1;IT-Bass-2;JA-Soprano-1;JA-Tenor-1;KO-Tenor-1;ZH-Alto-1;ZH-Tenor-1,speaker_mode_centroid
GTSinger_same_text_control,hubert_l6,6,139,symmetric_global_corrected,0.59,0.5,0.4444444444444445,2.8922784143999953e-13,-1.7453678655256074e-27,1.8030109248416012e-13,1.0,DE-Soprano-1;DE-Tenor-1;EN-Alto-2;ES-Bass-1;FR-Tenor-1;IT-Bass-1;IT-Soprano-1;KO-Soprano-1;KO-Soprano-2;RU-Alto-1,EN-Alto-1;EN-Tenor-1;ES-Soprano-1;FR-Soprano-1;IT-Bass-2;JA-Soprano-1;JA-Tenor-1;KO-Tenor-1;ZH-Alto-1;ZH-Tenor-1,speaker_mode_centroid
GTSinger_same_text_control,hubert_l6,6,149,raw,1.0,1.0,1.0,0.3538547279791069,0.6502115122534666,0.0,12.0,DE-Soprano-1;DE-Tenor-1;EN-Tenor-1;ES-Bass-1;FR-Soprano-1;IT-Bass-2;KO-Soprano-1;KO-Soprano-2;KO-Tenor-1;ZH-Tenor-1,EN-Alto-1;EN-Alto-2;ES-Soprano-1;FR-Tenor-1;IT-Bass-1;IT-Soprano-1;JA-Soprano-1;JA-Tenor-1;RU-Alto-1;ZH-Alto-1,speaker_mode_centroid
GTSinger_same_text_control,hubert_l6,6,149,symmetric_global_corrected,0.71,0.6,0.5555555555555556,2.8157143394028943e-13,-4.833017408880625e-28,1.1504192120891332e-13,1.0,DE-Soprano-1;DE-Tenor-1;EN-Tenor-1;ES-Bass-1;FR-Soprano-1;IT-Bass-2;KO-Soprano-1;KO-Soprano-2;KO-Tenor-1;ZH-Tenor-1,EN-Alto-1;EN-Alto-2;ES-Soprano-1;FR-Tenor-1;IT-Bass-1;IT-Soprano-1;JA-Soprano-1;JA-Tenor-1;RU-Alto-1;ZH-Alto-1,speaker_mode_centroid
GTSinger_same_text_control,hubert_l6,6,151,raw,1.0,1.0,1.0,0.3440154060992319,0.46778514860942644,0.0,12.0,DE-Tenor-1;EN-Alto-1;EN-Alto-2;ES-Soprano-1;FR-Tenor-1;IT-Soprano-1;KO-Soprano-1;KO-Tenor-1;RU-Alto-1;ZH-Alto-1,DE-Soprano-1;EN-Tenor-1;ES-Bass-1;FR-Soprano-1;IT-Bass-1;IT-Bass-2;JA-Soprano-1;JA-Tenor-1;KO-Soprano-2;ZH-Tenor-1,speaker_mode_centroid
GTSinger_same_text_control,hubert_l6,6,151,symmetric_global_corrected,0.58,0.5,0.37499999999999994,2.840443052718215e-13,-2.6656206784959496e-28,2.3292812410994054e-14,1.0,DE-Tenor-1;EN-Alto-1;EN-Alto-2;ES-Soprano-1;FR-Tenor-1;IT-Soprano-1;KO-Soprano-1;KO-Tenor-1;RU-Alto-1;ZH-Alto-1,DE-Soprano-1;EN-Tenor-1;ES-Bass-1;FR-Soprano-1;IT-Bass-1;IT-Bass-2;JA-Soprano-1;JA-Tenor-1;KO-Soprano-2;ZH-Tenor-1,speaker_mode_centroid
GTSinger_same_text_control,hubert_l6,6,157,raw,1.0,1.0,1.0,0.3236787939003837,0.47541485069824463,0.0,12.0,DE-Soprano-1;DE-Tenor-1;EN-Alto-1;EN-Alto-2;EN-Tenor-1;ES-Bass-1;JA-Soprano-1;KO-Tenor-1;ZH-Alto-1;ZH-Tenor-1,ES-Soprano-1;FR-Soprano-1;FR-Tenor-1;IT-Bass-1;IT-Bass-2;IT-Soprano-1;JA-Tenor-1;KO-Soprano-1;KO-Soprano-2;RU-Alto-1,speaker_mode_centroid
GTSinger_same_text_control,hubert_l6,6,157,symmetric_global_corrected,0.57,0.55,0.608695652173913,3.2780187120770435e-13,7.801523194579169e-28,-3.271115209453478e-13,1.0,DE-Soprano-1;DE-Tenor-1;EN-Alto-1;EN-Alto-2;EN-Tenor-1;ES-Bass-1;JA-Soprano-1;KO-Tenor-1;ZH-Alto-1;ZH-Tenor-1,ES-Soprano-1;FR-Soprano-1;FR-Tenor-1;IT-Bass-1;IT-Bass-2;IT-Soprano-1;JA-Tenor-1;KO-Soprano-1;KO-Soprano-2;RU-Alto-1,speaker_mode_centroid
GTSinger_same_text_control,hubert_l6,6,163,raw,1.0,1.0,1.0,0.3953720924122949,0.9494251403241646,0.0,13.0,EN-Alto-1;ES-Bass-1;ES-Soprano-1;FR-Tenor-1;IT-Bass-1;IT-Bass-2;JA-Soprano-1;JA-Tenor-1;KO-Soprano-1;ZH-Alto-1,DE-Soprano-1;DE-Tenor-1;EN-Alto-2;EN-Tenor-1;FR-Soprano-1;IT-Soprano-1;KO-Soprano-2;KO-Tenor-1;RU-Alto-1;ZH-Tenor-1,speaker_mode_centroid
GTSinger_same_text_control,hubert_l6,6,163,symmetric_global_corrected,0.47,0.6,0.33333333333333337,2.27348913336593e-13,-1.2753368943293805e-28,5.712471877450221e-13,1.0,EN-Alto-1;ES-Bass-1;ES-Soprano-1;FR-Tenor-1;IT-Bass-1;IT-Bass-2;JA-Soprano-1;JA-Tenor-1;KO-Soprano-1;ZH-Alto-1,DE-Soprano-1;DE-Tenor-1;EN-Alto-2;EN-Tenor-1;FR-Soprano-1;IT-Soprano-1;KO-Soprano-2;KO-Tenor-1;RU-Alto-1;ZH-Tenor-1,speaker_mode_centroid
GTSinger_same_text_control,hubert_l6,6,167,raw,1.0,1.0,1.0,0.3364541296812233,0.47691678264824355,0.0,12.0,DE-Tenor-1;EN-Alto-2;EN-Tenor-1;ES-Soprano-1;IT-Bass-2;IT-Soprano-1;KO-Soprano-2;RU-Alto-1;ZH-Alto-1;ZH-Tenor-1,DE-Soprano-1;EN-Alto-1;ES-Bass-1;FR-Soprano-1;FR-Tenor-1;IT-Bass-1;JA-Soprano-1;JA-Tenor-1;KO-Soprano-1;KO-Tenor-1,speaker_mode_centroid
GTSinger_same_text_control,hubert_l6,6,167,symmetric_global_corrected,0.22,0.44999999999999996,0.56,2.7392793532982845e-13,-3.09086743058999e-29,-1.988573730645433e-13,1.0,DE-Tenor-1;EN-Alto-2;EN-Tenor-1;ES-Soprano-1;IT-Bass-2;IT-Soprano-1;KO-Soprano-2;RU-Alto-1;ZH-Alto-1;ZH-Tenor-1,DE-Soprano-1;EN-Alto-1;ES-Bass-1;FR-Soprano-1;FR-Tenor-1;IT-Bass-1;JA-Soprano-1;JA-Tenor-1;KO-Soprano-1;KO-Tenor-1,speaker_mode_centroid
GTSinger_same_text_control,hubert_l6,6,173,raw,1.0,1.0,1.0,0.36419944447487484,0.6880507753687193,0.0,12.0,DE-Soprano-1;DE-Tenor-1;EN-Alto-1;EN-Alto-2;ES-Soprano-1;FR-Soprano-1;FR-Tenor-1;IT-Bass-1;IT-Bass-2;JA-Tenor-1,EN-Tenor-1;ES-Bass-1;IT-Soprano-1;JA-Soprano-1;KO-Soprano-1;KO-Soprano-2;KO-Tenor-1;RU-Alto-1;ZH-Alto-1;ZH-Tenor-1,speaker_mode_centroid
GTSinger_same_text_control,hubert_l6,6,173,symmetric_global_corrected,0.65,0.6000000000000001,0.5,2.2201485350844712e-13,-1.5408248204933278e-28,2.4088687788607386e-13,1.0,DE-Soprano-1;DE-Tenor-1;EN-Alto-1;EN-Alto-2;ES-Soprano-1;FR-Soprano-1;FR-Tenor-1;IT-Bass-1;IT-Bass-2;JA-Tenor-1,EN-Tenor-1;ES-Bass-1;IT-Soprano-1;JA-Soprano-1;KO-Soprano-1;KO-Soprano-2;KO-Tenor-1;RU-Alto-1;ZH-Alto-1;ZH-Tenor-1,speaker_mode_centroid
GTSinger_same_text_control,hubert_l6,6,179,raw,1.0,1.0,1.0,0.3357468158573049,0.7053912530809494,0.0,12.0,DE-Soprano-1;EN-Alto-1;EN-Alto-2;EN-Tenor-1;IT-Bass-1;JA-Soprano-1;JA-Tenor-1;KO-Soprano-1;KO-Tenor-1;ZH-Tenor-1,DE-Tenor-1;ES-Bass-1;ES-Soprano-1;FR-Soprano-1;FR-Tenor-1;IT-Bass-2;IT-Soprano-1;KO-Soprano-2;RU-Alto-1;ZH-Alto-1,speaker_mode_centroid
GTSinger_same_text_control,hubert_l6,6,179,symmetric_global_corrected,0.43,0.5,0.4444444444444445,2.667378676926526e-13,2.0478358480500034e-29,-1.0457225547720517e-13,1.0,DE-Soprano-1;EN-Alto-1;EN-Alto-2;EN-Tenor-1;IT-Bass-1;JA-Soprano-1;JA-Tenor-1;KO-Soprano-1;KO-Tenor-1;ZH-Tenor-1,DE-Tenor-1;ES-Bass-1;ES-Soprano-1;FR-Soprano-1;FR-Tenor-1;IT-Bass-2;IT-Soprano-1;KO-Soprano-2;RU-Alto-1;ZH-Alto-1,speaker_mode_centroid
GTSinger_same_text_control,hubert_l6,6,181,raw,1.0,1.0,1.0,0.3567810077219318,0.8202465377430574,0.0,12.0,DE-Soprano-1;EN-Alto-1;ES-Bass-1;FR-Soprano-1;IT-Bass-2;IT-Soprano-1;JA-Soprano-1;JA-Tenor-1;KO-Soprano-1;ZH-Alto-1,DE-Tenor-1;EN-Alto-2;EN-Tenor-1;ES-Soprano-1;FR-Tenor-1;IT-Bass-1;KO-Soprano-2;KO-Tenor-1;RU-Alto-1;ZH-Tenor-1,speaker_mode_centroid
GTSinger_same_text_control,hubert_l6,6,181,symmetric_global_corrected,0.46,0.45,0.15384615384615383,2.5385544512014904e-13,1.3644838204968712e-28,3.655183407653149e-13,1.0,DE-Soprano-1;EN-Alto-1;ES-Bass-1;FR-Soprano-1;IT-Bass-2;IT-Soprano-1;JA-Soprano-1;JA-Tenor-1;KO-Soprano-1;ZH-Alto-1,DE-Tenor-1;EN-Alto-2;EN-Tenor-1;ES-Soprano-1;FR-Tenor-1;IT-Bass-1;KO-Soprano-2;KO-Tenor-1;RU-Alto-1;ZH-Tenor-1,speaker_mode_centroid
GTSinger_same_text_control,hubert_l6,6,191,raw,1.0,1.0,1.0,0.3685566014309442,0.5479259703698494,0.0,12.0,DE-Tenor-1;EN-Tenor-1;ES-Bass-1;ES-Soprano-1;FR-Soprano-1;FR-Tenor-1;IT-Bass-1;JA-Soprano-1;ZH-Alto-1;ZH-Tenor-1,DE-Soprano-1;EN-Alto-1;EN-Alto-2;IT-Bass-2;IT-Soprano-1;JA-Tenor-1;KO-Soprano-1;KO-Soprano-2;KO-Tenor-1;RU-Alto-1,speaker_mode_centroid
GTSinger_same_text_control,hubert_l6,6,191,symmetric_global_corrected,0.64,0.55,0.30769230769230765,2.6297084977973683e-13,-5.018026972913154e-28,1.3116182855579668e-13,1.0,DE-Tenor-1;EN-Tenor-1;ES-Bass-1;ES-Soprano-1;FR-Soprano-1;FR-Tenor-1;IT-Bass-1;JA-Soprano-1;ZH-Alto-1;ZH-Tenor-1,DE-Soprano-1;EN-Alto-1;EN-Alto-2;IT-Bass-2;IT-Soprano-1;JA-Tenor-1;KO-Soprano-1;KO-Soprano-2;KO-Tenor-1;RU-Alto-1,speaker_mode_centroid
GTSinger_same_text_control,hubert_l6,6,193,raw,1.0,1.0,1.0,0.34164913877500996,0.9869296817749941,0.0,13.0,EN-Alto-1;EN-Tenor-1;ES-Bass-1;ES-Soprano-1;FR-Soprano-1;IT-Soprano-1;JA-Tenor-1;KO-Soprano-2;RU-Alto-1;ZH-Tenor-1,DE-Soprano-1;DE-Tenor-1;EN-Alto-2;FR-Tenor-1;IT-Bass-1;IT-Bass-2;JA-Soprano-1;KO-Soprano-1;KO-Tenor-1;ZH-Alto-1,speaker_mode_centroid
GTSinger_same_text_control,hubert_l6,6,193,symmetric_global_corrected,0.57,0.55,0.4,2.5749388210288103e-13,1.2673217236184221e-27,1.714996832277586e-13,1.0,EN-Alto-1;EN-Tenor-1;ES-Bass-1;ES-Soprano-1;FR-Soprano-1;IT-Soprano-1;JA-Tenor-1;KO-Soprano-2;RU-Alto-1;ZH-Tenor-1,DE-Soprano-1;DE-Tenor-1;EN-Alto-2;FR-Tenor-1;IT-Bass-1;IT-Bass-2;JA-Soprano-1;KO-Soprano-1;KO-Tenor-1;ZH-Alto-1,speaker_mode_centroid
GTSinger_same_text_control,hubert_l6,6,197,raw,1.0,1.0,1.0,0.35421985499907344,0.5627083253176366,0.0,12.0,DE-Soprano-1;DE-Tenor-1;EN-Alto-1;ES-Bass-1;ES-Soprano-1;FR-Soprano-1;IT-Bass-2;KO-Tenor-1;RU-Alto-1;ZH-Tenor-1,EN-Alto-2;EN-Tenor-1;FR-Tenor-1;IT-Bass-1;IT-Soprano-1;JA-Soprano-1;JA-Tenor-1;KO-Soprano-1;KO-Soprano-2;ZH-Alto-1,speaker_mode_centroid
GTSinger_same_text_control,hubert_l6,6,197,symmetric_global_corrected,0.56,0.5,0.5,2.8600545034976993e-13,1.0471601046726882e-27,2.611987407115135e-13,1.0,DE-Soprano-1;DE-Tenor-1;EN-Alto-1;ES-Bass-1;ES-Soprano-1;FR-Soprano-1;IT-Bass-2;KO-Tenor-1;RU-Alto-1;ZH-Tenor-1,EN-Alto-2;EN-Tenor-1;FR-Tenor-1;IT-Bass-1;IT-Soprano-1;JA-Soprano-1;JA-Tenor-1;KO-Soprano-1;KO-Soprano-2;ZH-Alto-1,speaker_mode_centroid
GTSinger_same_text_control,hubert_l6,6,199,raw,1.0,1.0,1.0,0.36359791195976787,0.6012522757637229,0.0,12.0,DE-Soprano-1;EN-Alto-2;EN-Tenor-1;ES-Bass-1;ES-Soprano-1;FR-Tenor-1;IT-Bass-1;KO-Soprano-1;RU-Alto-1;ZH-Tenor-1,DE-Tenor-1;EN-Alto-1;FR-Soprano-1;IT-Bass-2;IT-Soprano-1;JA-Soprano-1;JA-Tenor-1;KO-Soprano-2;KO-Tenor-1;ZH-Alto-1,speaker_mode_centroid
GTSinger_same_text_control,hubert_l6,6,199,symmetric_global_corrected,0.43,0.6000000000000001,0.5,2.744555208598863e-13,-1.0339504105828236e-28,1.3207301233723549e-13,1.0,DE-Soprano-1;EN-Alto-2;EN-Tenor-1;ES-Bass-1;ES-Soprano-1;FR-Tenor-1;IT-Bass-1;KO-Soprano-1;RU-Alto-1;ZH-Tenor-1,DE-Tenor-1;EN-Alto-1;FR-Soprano-1;IT-Bass-2;IT-Soprano-1;JA-Soprano-1;JA-Tenor-1;KO-Soprano-2;KO-Tenor-1;ZH-Alto-1,speaker_mode_centroid
GTSinger_same_text_control,hubert_l6,6,211,raw,1.0,1.0,1.0,0.3490400560559992,0.9593422768140945,0.0,13.0,DE-Soprano-1;EN-Alto-1;EN-Alto-2;ES-Bass-1;FR-Soprano-1;JA-Tenor-1;KO-Soprano-2;KO-Tenor-1;RU-Alto-1;ZH-Alto-1,DE-Tenor-1;EN-Tenor-1;ES-Soprano-1;FR-Tenor-1;IT-Bass-1;IT-Bass-2;IT-Soprano-1;JA-Soprano-1;KO-Soprano-1;ZH-Tenor-1,speaker_mode_centroid
GTSinger_same_text_control,hubert_l6,6,211,symmetric_global_corrected,0.54,0.6,0.6,2.6010256773321407e-13,-7.165690832726956e-28,0.0,1.0,DE-Soprano-1;EN-Alto-1;EN-Alto-2;ES-Bass-1;FR-Soprano-1;JA-Tenor-1;KO-Soprano-2;KO-Tenor-1;RU-Alto-1;ZH-Alto-1,DE-Tenor-1;EN-Tenor-1;ES-Soprano-1;FR-Tenor-1;IT-Bass-1;IT-Bass-2;IT-Soprano-1;JA-Soprano-1;KO-Soprano-1;ZH-Tenor-1,speaker_mode_centroid
GTSinger_same_text_control,hubert_l6,6,223,raw,1.0,1.0,1.0,0.34572703904734853,0.6716961584702928,0.0,12.0,DE-Soprano-1;EN-Alto-2;EN-Tenor-1;ES-Soprano-1;IT-Bass-2;IT-Soprano-1;JA-Tenor-1;KO-Soprano-2;KO-Tenor-1;ZH-Alto-1,DE-Tenor-1;EN-Alto-1;ES-Bass-1;FR-Soprano-1;FR-Tenor-1;IT-Bass-1;JA-Soprano-1;KO-Soprano-1;RU-Alto-1;ZH-Tenor-1,speaker_mode_centroid
GTSinger_same_text_control,hubert_l6,6,223,symmetric_global_corrected,0.37,0.4,0.33333333333333326,2.557434753568847e-13,7.115758869052951e-29,1.0694004931243174e-13,1.0,DE-Soprano-1;EN-Alto-2;EN-Tenor-1;ES-Soprano-1;IT-Bass-2;IT-Soprano-1;JA-Tenor-1;KO-Soprano-2;KO-Tenor-1;ZH-Alto-1,DE-Tenor-1;EN-Alto-1;ES-Bass-1;FR-Soprano-1;FR-Tenor-1;IT-Bass-1;JA-Soprano-1;KO-Soprano-1;RU-Alto-1;ZH-Tenor-1,speaker_mode_centroid
GTSinger_same_text_control,hubert_l6,6,227,raw,1.0,1.0,1.0,0.3776296514217982,1.0691855230951992,0.0,13.0,DE-Soprano-1;EN-Tenor-1;ES-Bass-1;FR-Soprano-1;FR-Tenor-1;IT-Bass-1;JA-Tenor-1;KO-Soprano-1;KO-Soprano-2;KO-Tenor-1,DE-Tenor-1;EN-Alto-1;EN-Alto-2;ES-Soprano-1;IT-Bass-2;IT-Soprano-1;JA-Soprano-1;RU-Alto-1;ZH-Alto-1;ZH-Tenor-1,speaker_mode_centroid
GTSinger_same_text_control,hubert_l6,6,227,symmetric_global_corrected,0.91,0.75,0.6666666666666666,2.4038895826910355e-13,-9.529932604992875e-28,3.046708879567538e-13,1.0,DE-Soprano-1;EN-Tenor-1;ES-Bass-1;FR-Soprano-1;FR-Tenor-1;IT-Bass-1;JA-Tenor-1;KO-Soprano-1;KO-Soprano-2;KO-Tenor-1,DE-Tenor-1;EN-Alto-1;EN-Alto-2;ES-Soprano-1;IT-Bass-2;IT-Soprano-1;JA-Soprano-1;RU-Alto-1;ZH-Alto-1;ZH-Tenor-1,speaker_mode_centroid
GTSinger_same_text_control,hubert_l6,6,229,raw,1.0,1.0,1.0,0.36652552676842204,0.6398309118288674,0.0,12.0,DE-Tenor-1;ES-Bass-1;ES-Soprano-1;FR-Soprano-1;IT-Bass-1;IT-Bass-2;IT-Soprano-1;KO-Tenor-1;RU-Alto-1;ZH-Alto-1,DE-Soprano-1;EN-Alto-1;EN-Alto-2;EN-Tenor-1;FR-Tenor-1;JA-Soprano-1;JA-Tenor-1;KO-Soprano-1;KO-Soprano-2;ZH-Tenor-1,speaker_mode_centroid
GTSinger_same_text_control,hubert_l6,6,229,symmetric_global_corrected,0.41,0.5,0.6666666666666666,2.8428513193812547e-13,8.837730874802352e-28,-5.295039762206669e-13,1.0,DE-Tenor-1;ES-Bass-1;ES-Soprano-1;FR-Soprano-1;IT-Bass-1;IT-Bass-2;IT-Soprano-1;KO-Tenor-1;RU-Alto-1;ZH-Alto-1,DE-Soprano-1;EN-Alto-1;EN-Alto-2;EN-Tenor-1;FR-Tenor-1;JA-Soprano-1;JA-Tenor-1;KO-Soprano-1;KO-Soprano-2;ZH-Tenor-1,speaker_mode_centroid
GTSinger_same_text_control,hubert_l6,6,233,raw,1.0,1.0,1.0,0.34984678349878523,0.4277558326551102,0.0,12.0,DE-Soprano-1;DE-Tenor-1;EN-Alto-1;EN-Tenor-1;FR-Soprano-1;FR-Tenor-1;IT-Bass-1;IT-Bass-2;KO-Soprano-2;ZH-Tenor-1,EN-Alto-2;ES-Bass-1;ES-Soprano-1;IT-Soprano-1;JA-Soprano-1;JA-Tenor-1;KO-Soprano-1;KO-Tenor-1;RU-Alto-1;ZH-Alto-1,speaker_mode_centroid
GTSinger_same_text_control,hubert_l6,6,233,symmetric_global_corrected,0.56,0.35,0.5185185185185185,2.554414781002272e-13,-8.46494686515817e-28,-5.753087383351293e-14,1.0,DE-Soprano-1;DE-Tenor-1;EN-Alto-1;EN-Tenor-1;FR-Soprano-1;FR-Tenor-1;IT-Bass-1;IT-Bass-2;KO-Soprano-2;ZH-Tenor-1,EN-Alto-2;ES-Bass-1;ES-Soprano-1;IT-Soprano-1;JA-Soprano-1;JA-Tenor-1;KO-Soprano-1;KO-Tenor-1;RU-Alto-1;ZH-Alto-1,speaker_mode_centroid
GTSinger_same_text_control,hubert_l6,6,239,raw,1.0,1.0,1.0,0.34132239293500516,0.28256443275861015,0.0,12.0,DE-Tenor-1;EN-Tenor-1;FR-Soprano-1;FR-Tenor-1;IT-Bass-1;IT-Bass-2;IT-Soprano-1;KO-Soprano-1;KO-Soprano-2;ZH-Tenor-1,DE-Soprano-1;EN-Alto-1;EN-Alto-2;ES-Bass-1;ES-Soprano-1;JA-Soprano-1;JA-Tenor-1;KO-Tenor-1;RU-Alto-1;ZH-Alto-1,speaker_mode_centroid
GTSinger_same_text_control,hubert_l6,6,239,symmetric_global_corrected,0.53,0.55,0.5714285714285713,2.6230594479504663e-13,9.762266429197054e-29,-8.919573127981738e-14,1.0,DE-Tenor-1;EN-Tenor-1;FR-Soprano-1;FR-Tenor-1;IT-Bass-1;IT-Bass-2;IT-Soprano-1;KO-Soprano-1;KO-Soprano-2;ZH-Tenor-1,DE-Soprano-1;EN-Alto-1;EN-Alto-2;ES-Bass-1;ES-Soprano-1;JA-Soprano-1;JA-Tenor-1;KO-Tenor-1;RU-Alto-1;ZH-Alto-1,speaker_mode_centroid
GTSinger_same_text_control,hubert_l6,6,241,raw,1.0,1.0,1.0,0.3514795581775081,0.7214691653425727,0.0,12.0,DE-Soprano-1;EN-Alto-1;FR-Tenor-1;IT-Bass-1;IT-Soprano-1;JA-Soprano-1;JA-Tenor-1;KO-Soprano-1;KO-Soprano-2;KO-Tenor-1,DE-Tenor-1;EN-Alto-2;EN-Tenor-1;ES-Bass-1;ES-Soprano-1;FR-Soprano-1;IT-Bass-2;RU-Alto-1;ZH-Alto-1;ZH-Tenor-1,speaker_mode_centroid
GTSinger_same_text_control,hubert_l6,6,241,symmetric_global_corrected,0.3,0.4,0.33333333333333326,2.322287010916643e-13,1.9336122803238707e-27,5.262514443840335e-14,1.0,DE-Soprano-1;EN-Alto-1;FR-Tenor-1;IT-Bass-1;IT-Soprano-1;JA-Soprano-1;JA-Tenor-1;KO-Soprano-1;KO-Soprano-2;KO-Tenor-1,DE-Tenor-1;EN-Alto-2;EN-Tenor-1;ES-Bass-1;ES-Soprano-1;FR-Soprano-1;IT-Bass-2;RU-Alto-1;ZH-Alto-1;ZH-Tenor-1,speaker_mode_centroid
GTSinger_same_text_control,hubert_l6,6,251,raw,1.0,1.0,1.0,0.3403897238692718,0.780354765307544,0.0,12.0,DE-Soprano-1;EN-Tenor-1;FR-Tenor-1;IT-Bass-1;IT-Soprano-1;JA-Tenor-1;KO-Soprano-2;KO-Tenor-1;ZH-Alto-1;ZH-Tenor-1,DE-Tenor-1;EN-Alto-1;EN-Alto-2;ES-Bass-1;ES-Soprano-1;FR-Soprano-1;IT-Bass-2;JA-Soprano-1;KO-Soprano-1;RU-Alto-1,speaker_mode_centroid
GTSinger_same_text_control,hubert_l6,6,251,symmetric_global_corrected,0.49,0.5,0.5,2.5242640269945804e-13,-1.1108370409608222e-27,9.008594152523898e-14,1.0,DE-Soprano-1;EN-Tenor-1;FR-Tenor-1;IT-Bass-1;IT-Soprano-1;JA-Tenor-1;KO-Soprano-2;KO-Tenor-1;ZH-Alto-1;ZH-Tenor-1,DE-Tenor-1;EN-Alto-1;EN-Alto-2;ES-Bass-1;ES-Soprano-1;FR-Soprano-1;IT-Bass-2;JA-Soprano-1;KO-Soprano-1;RU-Alto-1,speaker_mode_centroid
GTSinger_same_text_control,hubert_l6,6,257,raw,1.0,1.0,1.0,0.3762281522367538,0.8935464252095263,0.0,13.0,DE-Soprano-1;EN-Alto-2;ES-Bass-1;FR-Soprano-1;FR-Tenor-1;JA-Tenor-1;KO-Soprano-2;KO-Tenor-1;RU-Alto-1;ZH-Tenor-1,DE-Tenor-1;EN-Alto-1;EN-Tenor-1;ES-Soprano-1;IT-Bass-1;IT-Bass-2;IT-Soprano-1;JA-Soprano-1;KO-Soprano-1;ZH-Alto-1,speaker_mode_centroid
GTSinger_same_text_control,hubert_l6,6,257,symmetric_global_corrected,0.48,0.5,0.37499999999999994,2.4112043199598184e-13,-8.249465731065093e-29,1.4821838461439773e-13,1.0,DE-Soprano-1;EN-Alto-2;ES-Bass-1;FR-Soprano-1;FR-Tenor-1;JA-Tenor-1;KO-Soprano-2;KO-Tenor-1;RU-Alto-1;ZH-Tenor-1,DE-Tenor-1;EN-Alto-1;EN-Tenor-1;ES-Soprano-1;IT-Bass-1;IT-Bass-2;IT-Soprano-1;JA-Soprano-1;KO-Soprano-1;ZH-Alto-1,speaker_mode_centroid
GTSinger_same_text_control,ecapa,embedding,13,raw,1.0,0.9,0.9090909090909091,1.0915644703052125,0.12113220605527913,0.0,9.0,DE-Soprano-1;DE-Tenor-1;EN-Alto-2;EN-Tenor-1;ES-Bass-1;ES-Soprano-1;IT-Bass-2;JA-Tenor-1;KO-Soprano-2;RU-Alto-1,EN-Alto-1;FR-Soprano-1;FR-Tenor-1;IT-Bass-1;IT-Soprano-1;JA-Soprano-1;KO-Soprano-1;KO-Tenor-1;ZH-Alto-1;ZH-Tenor-1,speaker_mode_centroid
GTSinger_same_text_control,ecapa,embedding,13,symmetric_global_corrected,0.66,0.6,0.6,2.899406215717777e-14,-1.7878431747871013e-30,5.145740393351228e-15,1.0,DE-Soprano-1;DE-Tenor-1;EN-Alto-2;EN-Tenor-1;ES-Bass-1;ES-Soprano-1;IT-Bass-2;JA-Tenor-1;KO-Soprano-2;RU-Alto-1,EN-Alto-1;FR-Soprano-1;FR-Tenor-1;IT-Bass-1;IT-Soprano-1;JA-Soprano-1;KO-Soprano-1;KO-Tenor-1;ZH-Alto-1;ZH-Tenor-1,speaker_mode_centroid
GTSinger_same_text_control,ecapa,embedding,17,raw,1.0,1.0,1.0,1.0991268223651867,0.08334874219217994,0.0,9.0,EN-Alto-2;EN-Tenor-1;ES-Bass-1;ES-Soprano-1;FR-Tenor-1;IT-Bass-1;JA-Soprano-1;KO-Soprano-1;KO-Tenor-1;RU-Alto-1,DE-Soprano-1;DE-Tenor-1;EN-Alto-1;FR-Soprano-1;IT-Bass-2;IT-Soprano-1;JA-Tenor-1;KO-Soprano-2;ZH-Alto-1;ZH-Tenor-1,speaker_mode_centroid
GTSinger_same_text_control,ecapa,embedding,17,symmetric_global_corrected,0.48,0.44999999999999996,0.56,1.3756668229930277e-14,1.1495201762566875e-30,-2.009266350620425e-14,1.0,EN-Alto-2;EN-Tenor-1;ES-Bass-1;ES-Soprano-1;FR-Tenor-1;IT-Bass-1;JA-Soprano-1;KO-Soprano-1;KO-Tenor-1;RU-Alto-1,DE-Soprano-1;DE-Tenor-1;EN-Alto-1;FR-Soprano-1;IT-Bass-2;IT-Soprano-1;JA-Tenor-1;KO-Soprano-2;ZH-Alto-1;ZH-Tenor-1,speaker_mode_centroid
GTSinger_same_text_control,ecapa,embedding,19,raw,1.0,1.0,1.0,1.0815808912416003,0.06038193380556335,0.0,8.0,DE-Tenor-1;EN-Alto-1;EN-Tenor-1;ES-Bass-1;FR-Tenor-1;IT-Bass-1;JA-Soprano-1;KO-Soprano-1;KO-Tenor-1;ZH-Alto-1,DE-Soprano-1;EN-Alto-2;ES-Soprano-1;FR-Soprano-1;IT-Bass-2;IT-Soprano-1;JA-Tenor-1;KO-Soprano-2;RU-Alto-1;ZH-Tenor-1,speaker_mode_centroid
GTSinger_same_text_control,ecapa,embedding,19,symmetric_global_corrected,0.38,0.6,0.7142857142857143,1.3984347067418195e-14,1.1401914530885621e-30,-3.8579255824821615e-14,1.0,DE-Tenor-1;EN-Alto-1;EN-Tenor-1;ES-Bass-1;FR-Tenor-1;IT-Bass-1;JA-Soprano-1;KO-Soprano-1;KO-Tenor-1;ZH-Alto-1,DE-Soprano-1;EN-Alto-2;ES-Soprano-1;FR-Soprano-1;IT-Bass-2;IT-Soprano-1;JA-Tenor-1;KO-Soprano-2;RU-Alto-1;ZH-Tenor-1,speaker_mode_centroid
GTSinger_same_text_control,ecapa,embedding,23,raw,1.0,1.0,1.0,1.0707855651038651,0.07710903254700839,0.0,9.0,DE-Tenor-1;EN-Alto-2;ES-Bass-1;FR-Soprano-1;IT-Soprano-1;JA-Soprano-1;JA-Tenor-1;KO-Soprano-1;ZH-Alto-1;ZH-Tenor-1,DE-Soprano-1;EN-Alto-1;EN-Tenor-1;ES-Soprano-1;FR-Tenor-1;IT-Bass-1;IT-Bass-2;KO-Soprano-2;KO-Tenor-1;RU-Alto-1,speaker_mode_centroid
GTSinger_same_text_control,ecapa,embedding,23,symmetric_global_corrected,0.31,0.35,0.23529411764705882,2.091680969190725e-14,6.926486674367243e-32,2.1364655125314538e-14,1.0,DE-Tenor-1;EN-Alto-2;ES-Bass-1;FR-Soprano-1;IT-Soprano-1;JA-Soprano-1;JA-Tenor-1;KO-Soprano-1;ZH-Alto-1;ZH-Tenor-1,DE-Soprano-1;EN-Alto-1;EN-Tenor-1;ES-Soprano-1;FR-Tenor-1;IT-Bass-1;IT-Bass-2;KO-Soprano-2;KO-Tenor-1;RU-Alto-1,speaker_mode_centroid
GTSinger_same_text_control,ecapa,embedding,29,raw,1.0,1.0,1.0,1.0871711839709053,0.046848368304781104,0.0,8.0,DE-Soprano-1;DE-Tenor-1;EN-Alto-2;EN-Tenor-1;ES-Bass-1;FR-Soprano-1;FR-Tenor-1;IT-Soprano-1;KO-Soprano-1;KO-Tenor-1,EN-Alto-1;ES-Soprano-1;IT-Bass-1;IT-Bass-2;JA-Soprano-1;JA-Tenor-1;KO-Soprano-2;RU-Alto-1;ZH-Alto-1;ZH-Tenor-1,speaker_mode_centroid
GTSinger_same_text_control,ecapa,embedding,29,symmetric_global_corrected,0.59,0.5,0.5833333333333334,1.9455604280847135e-14,2.835045915335787e-30,-2.3917637615380282e-14,1.0,DE-Soprano-1;DE-Tenor-1;EN-Alto-2;EN-Tenor-1;ES-Bass-1;FR-Soprano-1;FR-Tenor-1;IT-Soprano-1;KO-Soprano-1;KO-Tenor-1,EN-Alto-1;ES-Soprano-1;IT-Bass-1;IT-Bass-2;JA-Soprano-1;JA-Tenor-1;KO-Soprano-2;RU-Alto-1;ZH-Alto-1;ZH-Tenor-1,speaker_mode_centroid
GTSinger_same_text_control,ecapa,embedding,31,raw,1.0,1.0,1.0,1.0620276604884102,0.029672082830379445,0.0,9.0,DE-Soprano-1;EN-Alto-1;EN-Tenor-1;ES-Soprano-1;FR-Soprano-1;IT-Soprano-1;KO-Soprano-2;KO-Tenor-1;RU-Alto-1;ZH-Tenor-1,DE-Tenor-1;EN-Alto-2;ES-Bass-1;FR-Tenor-1;IT-Bass-1;IT-Bass-2;JA-Soprano-1;JA-Tenor-1;KO-Soprano-1;ZH-Alto-1,speaker_mode_centroid
GTSinger_same_text_control,ecapa,embedding,31,symmetric_global_corrected,0.57,0.5,0.6666666666666666,2.3025441538782498e-14,-5.349944496016084e-31,-6.581800189166904e-14,1.0,DE-Soprano-1;EN-Alto-1;EN-Tenor-1;ES-Soprano-1;FR-Soprano-1;IT-Soprano-1;KO-Soprano-2;KO-Tenor-1;RU-Alto-1;ZH-Tenor-1,DE-Tenor-1;EN-Alto-2;ES-Bass-1;FR-Tenor-1;IT-Bass-1;IT-Bass-2;JA-Soprano-1;JA-Tenor-1;KO-Soprano-1;ZH-Alto-1,speaker_mode_centroid
GTSinger_same_text_control,ecapa,embedding,37,raw,1.0,1.0,1.0,1.1206096073766687,0.034060583452008526,0.0,8.0,DE-Soprano-1;DE-Tenor-1;EN-Alto-2;FR-Soprano-1;FR-Tenor-1;IT-Bass-2;KO-Soprano-1;KO-Tenor-1;RU-Alto-1;ZH-Alto-1,EN-Alto-1;EN-Tenor-1;ES-Bass-1;ES-Soprano-1;IT-Bass-1;IT-Soprano-1;JA-Soprano-1;JA-Tenor-1;KO-Soprano-2;ZH-Tenor-1,speaker_mode_centroid
GTSinger_same_text_control,ecapa,embedding,37,symmetric_global_corrected,0.58,0.5,0.6666666666666666,1.8515179470748687e-14,-5.308700706257031e-30,-5.800505756039477e-14,1.0,DE-Soprano-1;DE-Tenor-1;EN-Alto-2;FR-Soprano-1;FR-Tenor-1;IT-Bass-2;KO-Soprano-1;KO-Tenor-1;RU-Alto-1;ZH-Alto-1,EN-Alto-1;EN-Tenor-1;ES-Bass-1;ES-Soprano-1;IT-Bass-1;IT-Soprano-1;JA-Soprano-1;JA-Tenor-1;KO-Soprano-2;ZH-Tenor-1,speaker_mode_centroid
GTSinger_same_text_control,ecapa,embedding,41,raw,1.0,1.0,1.0,1.1085675186882238,-0.005079838144704102,0.0,8.0,DE-Soprano-1;DE-Tenor-1;EN-Alto-1;ES-Bass-1;FR-Tenor-1;IT-Bass-1;IT-Soprano-1;JA-Soprano-1;KO-Soprano-2;ZH-Tenor-1,EN-Alto-2;EN-Tenor-1;ES-Soprano-1;FR-Soprano-1;IT-Bass-2;JA-Tenor-1;KO-Soprano-1;KO-Tenor-1;RU-Alto-1;ZH-Alto-1,speaker_mode_centroid
GTSinger_same_text_control,ecapa,embedding,41,symmetric_global_corrected,0.3,0.3,0.41666666666666663,2.0644159795779383e-14,-2.784220624103407e-30,-2.4412840416031515e-14,1.0,DE-Soprano-1;DE-Tenor-1;EN-Alto-1;ES-Bass-1;FR-Tenor-1;IT-Bass-1;IT-Soprano-1;JA-Soprano-1;KO-Soprano-2;ZH-Tenor-1,EN-Alto-2;EN-Tenor-1;ES-Soprano-1;FR-Soprano-1;IT-Bass-2;JA-Tenor-1;KO-Soprano-1;KO-Tenor-1;RU-Alto-1;ZH-Alto-1,speaker_mode_centroid
GTSinger_same_text_control,ecapa,embedding,43,raw,1.0,1.0,1.0,1.0900559746813536,0.08091997768398329,0.0,9.0,EN-Alto-1;ES-Soprano-1;FR-Soprano-1;FR-Tenor-1;IT-Bass-2;JA-Soprano-1;JA-Tenor-1;RU-Alto-1;ZH-Alto-1;ZH-Tenor-1,DE-Soprano-1;DE-Tenor-1;EN-Alto-2;EN-Tenor-1;ES-Bass-1;IT-Bass-1;IT-Soprano-1;KO-Soprano-1;KO-Soprano-2;KO-Tenor-1,speaker_mode_centroid
GTSinger_same_text_control,ecapa,embedding,43,symmetric_global_corrected,0.43,0.55,0.18181818181818182,2.160276518280867e-14,2.3004516980507462e-30,5.711710013392039e-14,1.0,EN-Alto-1;ES-Soprano-1;FR-Soprano-1;FR-Tenor-1;IT-Bass-2;JA-Soprano-1;JA-Tenor-1;RU-Alto-1;ZH-Alto-1;ZH-Tenor-1,DE-Soprano-1;DE-Tenor-1;EN-Alto-2;EN-Tenor-1;ES-Bass-1;IT-Bass-1;IT-Soprano-1;KO-Soprano-1;KO-Soprano-2;KO-Tenor-1,speaker_mode_centroid
GTSinger_same_text_control,ecapa,embedding,47,raw,1.0,1.0,1.0,1.0994689571464162,-0.08506291995748136,0.0,9.0,DE-Soprano-1;EN-Alto-1;EN-Alto-2;ES-Bass-1;ES-Soprano-1;FR-Tenor-1;JA-Soprano-1;RU-Alto-1;ZH-Alto-1;ZH-Tenor-1,DE-Tenor-1;EN-Tenor-1;FR-Soprano-1;IT-Bass-1;IT-Bass-2;IT-Soprano-1;JA-Tenor-1;KO-Soprano-1;KO-Soprano-2;KO-Tenor-1,speaker_mode_centroid
GTSinger_same_text_control,ecapa,embedding,47,symmetric_global_corrected,0.55,0.45,0.6206896551724138,1.3667930191168131e-14,1.325762025467563e-31,-2.7424489286721276e-14,1.0,DE-Soprano-1;EN-Alto-1;EN-Alto-2;ES-Bass-1;ES-Soprano-1;FR-Tenor-1;JA-Soprano-1;RU-Alto-1;ZH-Alto-1;ZH-Tenor-1,DE-Tenor-1;EN-Tenor-1;FR-Soprano-1;IT-Bass-1;IT-Bass-2;IT-Soprano-1;JA-Tenor-1;KO-Soprano-1;KO-Soprano-2;KO-Tenor-1,speaker_mode_centroid
GTSinger_same_text_control,ecapa,embedding,53,raw,1.0,1.0,1.0,1.0679522631992857,0.019711478445019356,0.0,8.0,DE-Soprano-1;EN-Alto-2;EN-Tenor-1;FR-Soprano-1;IT-Bass-1;IT-Bass-2;JA-Soprano-1;KO-Soprano-2;KO-Tenor-1;ZH-Tenor-1,DE-Tenor-1;EN-Alto-1;ES-Bass-1;ES-Soprano-1;FR-Tenor-1;IT-Soprano-1;JA-Tenor-1;KO-Soprano-1;RU-Alto-1;ZH-Alto-1,speaker_mode_centroid
GTSinger_same_text_control,ecapa,embedding,53,symmetric_global_corrected,0.52,0.5,0.6666666666666666,1.9735898897642385e-14,-3.1130442731583616e-30,-7.938442633663898e-14,1.0,DE-Soprano-1;EN-Alto-2;EN-Tenor-1;FR-Soprano-1;IT-Bass-1;IT-Bass-2;JA-Soprano-1;KO-Soprano-2;KO-Tenor-1;ZH-Tenor-1,DE-Tenor-1;EN-Alto-1;ES-Bass-1;ES-Soprano-1;FR-Tenor-1;IT-Soprano-1;JA-Tenor-1;KO-Soprano-1;RU-Alto-1;ZH-Alto-1,speaker_mode_centroid
GTSinger_same_text_control,ecapa,embedding,59,raw,1.0,1.0,1.0,1.0858656896649577,0.05576409977229189,0.0,9.0,EN-Alto-1;EN-Tenor-1;ES-Bass-1;ES-Soprano-1;IT-Bass-1;IT-Bass-2;IT-Soprano-1;JA-Soprano-1;KO-Tenor-1;ZH-Tenor-1,DE-Soprano-1;DE-Tenor-1;EN-Alto-2;FR-Soprano-1;FR-Tenor-1;JA-Tenor-1;KO-Soprano-1;KO-Soprano-2;RU-Alto-1;ZH-Alto-1,speaker_mode_centroid
GTSinger_same_text_control,ecapa,embedding,59,symmetric_global_corrected,0.69,0.55,0.30769230769230765,2.4379655364794666e-14,-1.1168371451004361e-30,2.7217113025135054e-14,1.0,EN-Alto-1;EN-Tenor-1;ES-Bass-1;ES-Soprano-1;IT-Bass-1;IT-Bass-2;IT-Soprano-1;JA-Soprano-1;KO-Tenor-1;ZH-Tenor-1,DE-Soprano-1;DE-Tenor-1;EN-Alto-2;FR-Soprano-1;FR-Tenor-1;JA-Tenor-1;KO-Soprano-1;KO-Soprano-2;RU-Alto-1;ZH-Alto-1,speaker_mode_centroid
GTSinger_same_text_control,ecapa,embedding,61,raw,1.0,0.95,0.9523809523809523,1.06636061682097,-0.002757221456836792,0.0,8.0,EN-Alto-1;EN-Alto-2;FR-Soprano-1;IT-Bass-1;IT-Bass-2;IT-Soprano-1;JA-Soprano-1;RU-Alto-1;ZH-Alto-1;ZH-Tenor-1,DE-Soprano-1;DE-Tenor-1;EN-Tenor-1;ES-Bass-1;ES-Soprano-1;FR-Tenor-1;JA-Tenor-1;KO-Soprano-1;KO-Soprano-2;KO-Tenor-1,speaker_mode_centroid
GTSinger_same_text_control,ecapa,embedding,61,symmetric_global_corrected,0.53,0.55,0.5263157894736842,2.2079605105935198e-14,2.744869060514715e-30,-1.0281038189802667e-14,1.0,EN-Alto-1;EN-Alto-2;FR-Soprano-1;IT-Bass-1;IT-Bass-2;IT-Soprano-1;JA-Soprano-1;RU-Alto-1;ZH-Alto-1;ZH-Tenor-1,DE-Soprano-1;DE-Tenor-1;EN-Tenor-1;ES-Bass-1;ES-Soprano-1;FR-Tenor-1;JA-Tenor-1;KO-Soprano-1;KO-Soprano-2;KO-Tenor-1,speaker_mode_centroid
GTSinger_same_text_control,ecapa,embedding,67,raw,1.0,0.9,0.9090909090909091,1.0574050164335316,0.07663463831075298,0.0,9.0,EN-Alto-1;EN-Alto-2;ES-Bass-1;ES-Soprano-1;FR-Soprano-1;IT-Bass-2;JA-Soprano-1;JA-Tenor-1;ZH-Alto-1;ZH-Tenor-1,DE-Soprano-1;DE-Tenor-1;EN-Tenor-1;FR-Tenor-1;IT-Bass-1;IT-Soprano-1;KO-Soprano-1;KO-Soprano-2;KO-Tenor-1;RU-Alto-1,speaker_mode_centroid
GTSinger_same_text_control,ecapa,embedding,67,symmetric_global_corrected,0.58,0.6000000000000001,0.5,1.955994807379005e-14,1.1284769842018266e-30,1.4686192028123058e-14,1.0,EN-Alto-1;EN-Alto-2;ES-Bass-1;ES-Soprano-1;FR-Soprano-1;IT-Bass-2;JA-Soprano-1;JA-Tenor-1;ZH-Alto-1;ZH-Tenor-1,DE-Soprano-1;DE-Tenor-1;EN-Tenor-1;FR-Tenor-1;IT-Bass-1;IT-Soprano-1;KO-Soprano-1;KO-Soprano-2;KO-Tenor-1;RU-Alto-1,speaker_mode_centroid
GTSinger_same_text_control,ecapa,embedding,71,raw,1.0,1.0,1.0,1.0840151704507428,0.01623862568792263,0.0,8.0,DE-Tenor-1;EN-Alto-1;ES-Bass-1;FR-Soprano-1;FR-Tenor-1;IT-Bass-1;IT-Bass-2;JA-Soprano-1;KO-Soprano-2;ZH-Tenor-1,DE-Soprano-1;EN-Alto-2;EN-Tenor-1;ES-Soprano-1;IT-Soprano-1;JA-Tenor-1;KO-Soprano-1;KO-Tenor-1;RU-Alto-1;ZH-Alto-1,speaker_mode_centroid
GTSinger_same_text_control,ecapa,embedding,71,symmetric_global_corrected,0.2,0.5,0.6666666666666666,2.654871316353395e-14,-5.8630122332008375e-31,-8.730101702591301e-14,1.0,DE-Tenor-1;EN-Alto-1;ES-Bass-1;FR-Soprano-1;FR-Tenor-1;IT-Bass-1;IT-Bass-2;JA-Soprano-1;KO-Soprano-2;ZH-Tenor-1,DE-Soprano-1;EN-Alto-2;EN-Tenor-1;ES-Soprano-1;IT-Soprano-1;JA-Tenor-1;KO-Soprano-1;KO-Tenor-1;RU-Alto-1;ZH-Alto-1,speaker_mode_centroid
GTSinger_same_text_control,ecapa,embedding,73,raw,1.0,1.0,1.0,1.0746739550521862,0.07232022401088731,0.0,9.0,DE-Soprano-1;EN-Alto-1;EN-Tenor-1;ES-Bass-1;FR-Soprano-1;KO-Soprano-1;KO-Soprano-2;KO-Tenor-1;RU-Alto-1;ZH-Alto-1,DE-Tenor-1;EN-Alto-2;ES-Soprano-1;FR-Tenor-1;IT-Bass-1;IT-Bass-2;IT-Soprano-1;JA-Soprano-1;JA-Tenor-1;ZH-Tenor-1,speaker_mode_centroid
GTSinger_same_text_control,ecapa,embedding,73,symmetric_global_corrected,0.82,0.7,0.7692307692307693,2.4928016911137708e-14,6.943170042510421e-31,-3.735717858110753e-14,1.0,DE-Soprano-1;EN-Alto-1;EN-Tenor-1;ES-Bass-1;FR-Soprano-1;KO-Soprano-1;KO-Soprano-2;KO-Tenor-1;RU-Alto-1;ZH-Alto-1,DE-Tenor-1;EN-Alto-2;ES-Soprano-1;FR-Tenor-1;IT-Bass-1;IT-Bass-2;IT-Soprano-1;JA-Soprano-1;JA-Tenor-1;ZH-Tenor-1,speaker_mode_centroid
GTSinger_same_text_control,ecapa,embedding,79,raw,1.0,1.0,1.0,1.0373783348142056,0.021835321424795145,0.0,9.0,DE-Soprano-1;DE-Tenor-1;EN-Tenor-1;FR-Soprano-1;FR-Tenor-1;IT-Soprano-1;JA-Tenor-1;KO-Soprano-1;KO-Soprano-2;ZH-Tenor-1,EN-Alto-1;EN-Alto-2;ES-Bass-1;ES-Soprano-1;IT-Bass-1;IT-Bass-2;JA-Soprano-1;KO-Tenor-1;RU-Alto-1;ZH-Alto-1,speaker_mode_centroid
GTSinger_same_text_control,ecapa,embedding,79,symmetric_global_corrected,0.37,0.5,0.6666666666666666,1.9402512254254338e-14,1.8339379005935796e-30,-4.590200200172532e-14,1.0,DE-Soprano-1;DE-Tenor-1;EN-Tenor-1;FR-Soprano-1;FR-Tenor-1;IT-Soprano-1;JA-Tenor-1;KO-Soprano-1;KO-Soprano-2;ZH-Tenor-1,EN-Alto-1;EN-Alto-2;ES-Bass-1;ES-Soprano-1;IT-Bass-1;IT-Bass-2;JA-Soprano-1;KO-Tenor-1;RU-Alto-1;ZH-Alto-1,speaker_mode_centroid
GTSinger_same_text_control,ecapa,embedding,83,raw,1.0,1.0,1.0,1.046713889558095,0.045097899213825406,0.0,9.0,DE-Tenor-1;EN-Alto-1;EN-Tenor-1;ES-Soprano-1;FR-Soprano-1;FR-Tenor-1;IT-Bass-1;IT-Bass-2;JA-Tenor-1;KO-Soprano-1,DE-Soprano-1;EN-Alto-2;ES-Bass-1;IT-Soprano-1;JA-Soprano-1;KO-Soprano-2;KO-Tenor-1;RU-Alto-1;ZH-Alto-1;ZH-Tenor-1,speaker_mode_centroid
GTSinger_same_text_control,ecapa,embedding,83,symmetric_global_corrected,0.48,0.45,0.6206896551724138,2.1680258369064807e-14,-1.455569703719266e-31,-5.635737736848761e-14,1.0,DE-Tenor-1;EN-Alto-1;EN-Tenor-1;ES-Soprano-1;FR-Soprano-1;FR-Tenor-1;IT-Bass-1;IT-Bass-2;JA-Tenor-1;KO-Soprano-1,DE-Soprano-1;EN-Alto-2;ES-Bass-1;IT-Soprano-1;JA-Soprano-1;KO-Soprano-2;KO-Tenor-1;RU-Alto-1;ZH-Alto-1;ZH-Tenor-1,speaker_mode_centroid
GTSinger_same_text_control,ecapa,embedding,89,raw,1.0,1.0,1.0,1.0381401293050125,0.03967967014830265,0.0,9.0,EN-Alto-2;EN-Tenor-1;FR-Soprano-1;IT-Bass-1;JA-Soprano-1;JA-Tenor-1;KO-Soprano-1;KO-Tenor-1;ZH-Alto-1;ZH-Tenor-1,DE-Soprano-1;DE-Tenor-1;EN-Alto-1;ES-Bass-1;ES-Soprano-1;FR-Tenor-1;IT-Bass-2;IT-Soprano-1;KO-Soprano-2;RU-Alto-1,speaker_mode_centroid
GTSinger_same_text_control,ecapa,embedding,89,symmetric_global_corrected,0.65,0.6,0.7142857142857143,2.0432670933422443e-14,2.0333486870354354e-31,-3.6902485738959887e-14,1.0,EN-Alto-2;EN-Tenor-1;FR-Soprano-1;IT-Bass-1;JA-Soprano-1;JA-Tenor-1;KO-Soprano-1;KO-Tenor-1;ZH-Alto-1;ZH-Tenor-1,DE-Soprano-1;DE-Tenor-1;EN-Alto-1;ES-Bass-1;ES-Soprano-1;FR-Tenor-1;IT-Bass-2;IT-Soprano-1;KO-Soprano-2;RU-Alto-1,speaker_mode_centroid
GTSinger_same_text_control,ecapa,embedding,97,raw,1.0,0.85,0.8695652173913044,1.045343179205972,-0.00829296501462665,0.0,9.0,EN-Alto-1;EN-Alto-2;ES-Bass-1;FR-Soprano-1;IT-Bass-2;IT-Soprano-1;JA-Soprano-1;KO-Soprano-1;KO-Soprano-2;KO-Tenor-1,DE-Soprano-1;DE-Tenor-1;EN-Tenor-1;ES-Soprano-1;FR-Tenor-1;IT-Bass-1;JA-Tenor-1;RU-Alto-1;ZH-Alto-1;ZH-Tenor-1,speaker_mode_centroid
GTSinger_same_text_control,ecapa,embedding,97,symmetric_global_corrected,0.44,0.5,0.6666666666666666,2.051604116034444e-14,2.743595539338991e-31,-7.852097908474869e-14,1.0,EN-Alto-1;EN-Alto-2;ES-Bass-1;FR-Soprano-1;IT-Bass-2;IT-Soprano-1;JA-Soprano-1;KO-Soprano-1;KO-Soprano-2;KO-Tenor-1,DE-Soprano-1;DE-Tenor-1;EN-Tenor-1;ES-Soprano-1;FR-Tenor-1;IT-Bass-1;JA-Tenor-1;RU-Alto-1;ZH-Alto-1;ZH-Tenor-1,speaker_mode_centroid
GTSinger_same_text_control,ecapa,embedding,101,raw,1.0,0.95,0.9523809523809523,1.1009519067164764,0.043158514198825604,0.0,9.0,DE-Soprano-1;DE-Tenor-1;EN-Alto-1;EN-Alto-2;FR-Soprano-1;IT-Bass-1;IT-Soprano-1;JA-Soprano-1;JA-Tenor-1;RU-Alto-1,EN-Tenor-1;ES-Bass-1;ES-Soprano-1;FR-Tenor-1;IT-Bass-2;KO-Soprano-1;KO-Soprano-2;KO-Tenor-1;ZH-Alto-1;ZH-Tenor-1,speaker_mode_centroid
GTSinger_same_text_control,ecapa,embedding,101,symmetric_global_corrected,0.56,0.5,0.6428571428571429,2.4024222683575264e-14,-1.081335033988088e-30,-5.0924132280082754e-14,1.0,DE-Soprano-1;DE-Tenor-1;EN-Alto-1;EN-Alto-2;FR-Soprano-1;IT-Bass-1;IT-Soprano-1;JA-Soprano-1;JA-Tenor-1;RU-Alto-1,EN-Tenor-1;ES-Bass-1;ES-Soprano-1;FR-Tenor-1;IT-Bass-2;KO-Soprano-1;KO-Soprano-2;KO-Tenor-1;ZH-Alto-1;ZH-Tenor-1,speaker_mode_centroid
GTSinger_same_text_control,ecapa,embedding,103,raw,1.0,1.0,1.0,1.058013157819758,0.03692435386954475,0.0,9.0,DE-Soprano-1;EN-Alto-2;EN-Tenor-1;FR-Tenor-1;IT-Bass-1;IT-Bass-2;JA-Soprano-1;JA-Tenor-1;ZH-Alto-1;ZH-Tenor-1,DE-Tenor-1;EN-Alto-1;ES-Bass-1;ES-Soprano-1;FR-Soprano-1;IT-Soprano-1;KO-Soprano-1;KO-Soprano-2;KO-Tenor-1;RU-Alto-1,speaker_mode_centroid
GTSinger_same_text_control,ecapa,embedding,103,symmetric_global_corrected,0.54,0.55,0.30769230769230765,2.242916391880842e-14,-5.3495352359029e-31,1.800577123354425e-14,1.0,DE-Soprano-1;EN-Alto-2;EN-Tenor-1;FR-Tenor-1;IT-Bass-1;IT-Bass-2;JA-Soprano-1;JA-Tenor-1;ZH-Alto-1;ZH-Tenor-1,DE-Tenor-1;EN-Alto-1;ES-Bass-1;ES-Soprano-1;FR-Soprano-1;IT-Soprano-1;KO-Soprano-1;KO-Soprano-2;KO-Tenor-1;RU-Alto-1,speaker_mode_centroid
GTSinger_same_text_control,ecapa,embedding,107,raw,1.0,1.0,1.0,1.0608116239136418,0.07905540715626036,0.0,9.0,EN-Alto-1;EN-Tenor-1;ES-Soprano-1;FR-Soprano-1;IT-Bass-1;IT-Bass-2;IT-Soprano-1;KO-Soprano-2;RU-Alto-1;ZH-Tenor-1,DE-Soprano-1;DE-Tenor-1;EN-Alto-2;ES-Bass-1;FR-Tenor-1;JA-Soprano-1;JA-Tenor-1;KO-Soprano-1;KO-Tenor-1;ZH-Alto-1,speaker_mode_centroid
GTSinger_same_text_control,ecapa,embedding,107,symmetric_global_corrected,0.51,0.45,0.15384615384615383,1.9502322987676983e-14,-3.0050284922274048e-30,2.5547258335695347e-14,1.0,EN-Alto-1;EN-Tenor-1;ES-Soprano-1;FR-Soprano-1;IT-Bass-1;IT-Bass-2;IT-Soprano-1;KO-Soprano-2;RU-Alto-1;ZH-Tenor-1,DE-Soprano-1;DE-Tenor-1;EN-Alto-2;ES-Bass-1;FR-Tenor-1;JA-Soprano-1;JA-Tenor-1;KO-Soprano-1;KO-Tenor-1;ZH-Alto-1,speaker_mode_centroid
GTSinger_same_text_control,ecapa,embedding,109,raw,1.0,0.95,0.9523809523809523,1.0652376146129052,0.03813880901817232,0.0,8.0,DE-Soprano-1;DE-Tenor-1;EN-Alto-2;EN-Tenor-1;IT-Bass-1;IT-Bass-2;IT-Soprano-1;JA-Soprano-1;KO-Soprano-1;ZH-Tenor-1,EN-Alto-1;ES-Bass-1;ES-Soprano-1;FR-Soprano-1;FR-Tenor-1;JA-Tenor-1;KO-Soprano-2;KO-Tenor-1;RU-Alto-1;ZH-Alto-1,speaker_mode_centroid
GTSinger_same_text_control,ecapa,embedding,109,symmetric_global_corrected,0.59,0.5,0.0,2.4936941459345104e-14,-3.1612791886155404e-30,7.967431634458932e-14,1.0,DE-Soprano-1;DE-Tenor-1;EN-Alto-2;EN-Tenor-1;IT-Bass-1;IT-Bass-2;IT-Soprano-1;JA-Soprano-1;KO-Soprano-1;ZH-Tenor-1,EN-Alto-1;ES-Bass-1;ES-Soprano-1;FR-Soprano-1;FR-Tenor-1;JA-Tenor-1;KO-Soprano-2;KO-Tenor-1;RU-Alto-1;ZH-Alto-1,speaker_mode_centroid
GTSinger_same_text_control,ecapa,embedding,113,raw,1.0,0.9,0.9090909090909091,1.0567244186047822,-0.03865688618970403,0.0,8.0,DE-Soprano-1;DE-Tenor-1;EN-Alto-2;ES-Soprano-1;FR-Soprano-1;IT-Bass-2;JA-Soprano-1;KO-Soprano-2;RU-Alto-1;ZH-Tenor-1,EN-Alto-1;EN-Tenor-1;ES-Bass-1;FR-Tenor-1;IT-Bass-1;IT-Soprano-1;JA-Tenor-1;KO-Soprano-1;KO-Tenor-1;ZH-Alto-1,speaker_mode_centroid
GTSinger_same_text_control,ecapa,embedding,113,symmetric_global_corrected,0.29,0.45,0.6206896551724138,2.9080489604122266e-14,6.0666793248194426e-33,-1.8757713417883018e-14,1.0,DE-Soprano-1;DE-Tenor-1;EN-Alto-2;ES-Soprano-1;FR-Soprano-1;IT-Bass-2;JA-Soprano-1;KO-Soprano-2;RU-Alto-1;ZH-Tenor-1,EN-Alto-1;EN-Tenor-1;ES-Bass-1;FR-Tenor-1;IT-Bass-1;IT-Soprano-1;JA-Tenor-1;KO-Soprano-1;KO-Tenor-1;ZH-Alto-1,speaker_mode_centroid
GTSinger_same_text_control,ecapa,embedding,127,raw,1.0,1.0,1.0,1.0806940433905228,0.0929646263929902,0.0,9.0,DE-Tenor-1;EN-Alto-2;EN-Tenor-1;ES-Bass-1;ES-Soprano-1;FR-Soprano-1;FR-Tenor-1;KO-Soprano-2;ZH-Alto-1;ZH-Tenor-1,DE-Soprano-1;EN-Alto-1;IT-Bass-1;IT-Bass-2;IT-Soprano-1;JA-Soprano-1;JA-Tenor-1;KO-Soprano-1;KO-Tenor-1;RU-Alto-1,speaker_mode_centroid
GTSinger_same_text_control,ecapa,embedding,127,symmetric_global_corrected,0.53,0.55,0.64,2.376753389702404e-14,-2.5535200964494446e-30,-2.07697808606264e-14,1.0,DE-Tenor-1;EN-Alto-2;EN-Tenor-1;ES-Bass-1;ES-Soprano-1;FR-Soprano-1;FR-Tenor-1;KO-Soprano-2;ZH-Alto-1;ZH-Tenor-1,DE-Soprano-1;EN-Alto-1;IT-Bass-1;IT-Bass-2;IT-Soprano-1;JA-Soprano-1;JA-Tenor-1;KO-Soprano-1;KO-Tenor-1;RU-Alto-1,speaker_mode_centroid
GTSinger_same_text_control,ecapa,embedding,131,raw,1.0,0.95,0.9523809523809523,1.0737735415926248,0.059240999205821473,0.0,9.0,DE-Soprano-1;EN-Alto-1;EN-Alto-2;EN-Tenor-1;FR-Soprano-1;IT-Bass-1;IT-Soprano-1;KO-Soprano-2;RU-Alto-1;ZH-Tenor-1,DE-Tenor-1;ES-Bass-1;ES-Soprano-1;FR-Tenor-1;IT-Bass-2;JA-Soprano-1;JA-Tenor-1;KO-Soprano-1;KO-Tenor-1;ZH-Alto-1,speaker_mode_centroid
GTSinger_same_text_control,ecapa,embedding,131,symmetric_global_corrected,0.43,0.5,0.5,2.891415109017158e-14,-2.298993407970981e-30,-1.5751272697501788e-14,1.0,DE-Soprano-1;EN-Alto-1;EN-Alto-2;EN-Tenor-1;FR-Soprano-1;IT-Bass-1;IT-Soprano-1;KO-Soprano-2;RU-Alto-1;ZH-Tenor-1,DE-Tenor-1;ES-Bass-1;ES-Soprano-1;FR-Tenor-1;IT-Bass-2;JA-Soprano-1;JA-Tenor-1;KO-Soprano-1;KO-Tenor-1;ZH-Alto-1,speaker_mode_centroid
GTSinger_same_text_control,ecapa,embedding,137,raw,1.0,0.95,0.9523809523809523,1.087971033695468,0.04847632900630003,0.0,9.0,DE-Tenor-1;EN-Alto-2;EN-Tenor-1;FR-Soprano-1;IT-Bass-1;IT-Bass-2;JA-Soprano-1;KO-Soprano-2;RU-Alto-1;ZH-Tenor-1,DE-Soprano-1;EN-Alto-1;ES-Bass-1;ES-Soprano-1;FR-Tenor-1;IT-Soprano-1;JA-Tenor-1;KO-Soprano-1;KO-Tenor-1;ZH-Alto-1,speaker_mode_centroid
GTSinger_same_text_control,ecapa,embedding,137,symmetric_global_corrected,0.64,0.5,0.6666666666666666,1.8264209098175733e-14,-3.5957112061709834e-32,-7.32438523207896e-14,1.0,DE-Tenor-1;EN-Alto-2;EN-Tenor-1;FR-Soprano-1;IT-Bass-1;IT-Bass-2;JA-Soprano-1;KO-Soprano-2;RU-Alto-1;ZH-Tenor-1,DE-Soprano-1;EN-Alto-1;ES-Bass-1;ES-Soprano-1;FR-Tenor-1;IT-Soprano-1;JA-Tenor-1;KO-Soprano-1;KO-Tenor-1;ZH-Alto-1,speaker_mode_centroid
GTSinger_same_text_control,ecapa,embedding,139,raw,1.0,1.0,1.0,1.1245406791443089,0.06424488471862051,0.0,9.0,DE-Soprano-1;DE-Tenor-1;EN-Alto-2;ES-Bass-1;FR-Tenor-1;IT-Bass-1;IT-Soprano-1;KO-Soprano-1;KO-Soprano-2;RU-Alto-1,EN-Alto-1;EN-Tenor-1;ES-Soprano-1;FR-Soprano-1;IT-Bass-2;JA-Soprano-1;JA-Tenor-1;KO-Tenor-1;ZH-Alto-1;ZH-Tenor-1,speaker_mode_centroid
GTSinger_same_text_control,ecapa,embedding,139,symmetric_global_corrected,0.17,0.4,0.5714285714285714,1.5796766878382366e-14,1.4382844824683863e-31,-2.2460229172122378e-14,1.0,DE-Soprano-1;DE-Tenor-1;EN-Alto-2;ES-Bass-1;FR-Tenor-1;IT-Bass-1;IT-Soprano-1;KO-Soprano-1;KO-Soprano-2;RU-Alto-1,EN-Alto-1;EN-Tenor-1;ES-Soprano-1;FR-Soprano-1;IT-Bass-2;JA-Soprano-1;JA-Tenor-1;KO-Tenor-1;ZH-Alto-1;ZH-Tenor-1,speaker_mode_centroid
GTSinger_same_text_control,ecapa,embedding,149,raw,1.0,1.0,1.0,1.0720780932661067,0.048785599676171895,0.0,8.0,DE-Soprano-1;DE-Tenor-1;EN-Tenor-1;ES-Bass-1;FR-Soprano-1;IT-Bass-2;KO-Soprano-1;KO-Soprano-2;KO-Tenor-1;ZH-Tenor-1,EN-Alto-1;EN-Alto-2;ES-Soprano-1;FR-Tenor-1;IT-Bass-1;IT-Soprano-1;JA-Soprano-1;JA-Tenor-1;RU-Alto-1;ZH-Alto-1,speaker_mode_centroid
GTSinger_same_text_control,ecapa,embedding,149,symmetric_global_corrected,0.47,0.4,0.4000000000000001,2.4547399082579435e-14,2.0318813691590536e-30,-1.9727906069713336e-14,1.0,DE-Soprano-1;DE-Tenor-1;EN-Tenor-1;ES-Bass-1;FR-Soprano-1;IT-Bass-2;KO-Soprano-1;KO-Soprano-2;KO-Tenor-1;ZH-Tenor-1,EN-Alto-1;EN-Alto-2;ES-Soprano-1;FR-Tenor-1;IT-Bass-1;IT-Soprano-1;JA-Soprano-1;JA-Tenor-1;RU-Alto-1;ZH-Alto-1,speaker_mode_centroid
GTSinger_same_text_control,ecapa,embedding,151,raw,1.0,1.0,1.0,1.0926423577993774,0.02922667765418978,0.0,9.0,DE-Tenor-1;EN-Alto-1;EN-Alto-2;ES-Soprano-1;FR-Tenor-1;IT-Soprano-1;KO-Soprano-1;KO-Tenor-1;RU-Alto-1;ZH-Alto-1,DE-Soprano-1;EN-Tenor-1;ES-Bass-1;FR-Soprano-1;IT-Bass-1;IT-Bass-2;JA-Soprano-1;JA-Tenor-1;KO-Soprano-2;ZH-Tenor-1,speaker_mode_centroid
GTSinger_same_text_control,ecapa,embedding,151,symmetric_global_corrected,0.33,0.45,0.5925925925925927,2.7497245784824553e-14,3.0596960136988355e-30,-4.7258598824593646e-14,1.0,DE-Tenor-1;EN-Alto-1;EN-Alto-2;ES-Soprano-1;FR-Tenor-1;IT-Soprano-1;KO-Soprano-1;KO-Tenor-1;RU-Alto-1;ZH-Alto-1,DE-Soprano-1;EN-Tenor-1;ES-Bass-1;FR-Soprano-1;IT-Bass-1;IT-Bass-2;JA-Soprano-1;JA-Tenor-1;KO-Soprano-2;ZH-Tenor-1,speaker_mode_centroid
GTSinger_same_text_control,ecapa,embedding,157,raw,1.0,1.0,1.0,1.0898248287252623,0.024840249524594668,0.0,9.0,DE-Soprano-1;DE-Tenor-1;EN-Alto-1;EN-Alto-2;EN-Tenor-1;ES-Bass-1;JA-Soprano-1;KO-Tenor-1;ZH-Alto-1;ZH-Tenor-1,ES-Soprano-1;FR-Soprano-1;FR-Tenor-1;IT-Bass-1;IT-Bass-2;IT-Soprano-1;JA-Tenor-1;KO-Soprano-1;KO-Soprano-2;RU-Alto-1,speaker_mode_centroid
GTSinger_same_text_control,ecapa,embedding,157,symmetric_global_corrected,0.46,0.5,0.6666666666666666,1.4667536615430966e-14,-1.4740297422362144e-30,-5.708125744647502e-14,1.0,DE-Soprano-1;DE-Tenor-1;EN-Alto-1;EN-Alto-2;EN-Tenor-1;ES-Bass-1;JA-Soprano-1;KO-Tenor-1;ZH-Alto-1;ZH-Tenor-1,ES-Soprano-1;FR-Soprano-1;FR-Tenor-1;IT-Bass-1;IT-Bass-2;IT-Soprano-1;JA-Tenor-1;KO-Soprano-1;KO-Soprano-2;RU-Alto-1,speaker_mode_centroid
GTSinger_same_text_control,ecapa,embedding,163,raw,1.0,1.0,1.0,1.0636036278826746,0.06983861324490528,0.0,9.0,EN-Alto-1;ES-Bass-1;ES-Soprano-1;FR-Tenor-1;IT-Bass-1;IT-Bass-2;JA-Soprano-1;JA-Tenor-1;KO-Soprano-1;ZH-Alto-1,DE-Soprano-1;DE-Tenor-1;EN-Alto-2;EN-Tenor-1;FR-Soprano-1;IT-Soprano-1;KO-Soprano-2;KO-Tenor-1;RU-Alto-1;ZH-Tenor-1,speaker_mode_centroid
GTSinger_same_text_control,ecapa,embedding,163,symmetric_global_corrected,0.66,0.5,0.6666666666666666,1.8536711879767028e-14,2.9838288183645615e-30,-8.741824586224701e-14,1.0,EN-Alto-1;ES-Bass-1;ES-Soprano-1;FR-Tenor-1;IT-Bass-1;IT-Bass-2;JA-Soprano-1;JA-Tenor-1;KO-Soprano-1;ZH-Alto-1,DE-Soprano-1;DE-Tenor-1;EN-Alto-2;EN-Tenor-1;FR-Soprano-1;IT-Soprano-1;KO-Soprano-2;KO-Tenor-1;RU-Alto-1;ZH-Tenor-1,speaker_mode_centroid
GTSinger_same_text_control,ecapa,embedding,167,raw,1.0,0.9,0.9090909090909091,1.0774102291475107,0.07553961343009681,0.0,9.0,DE-Tenor-1;EN-Alto-2;EN-Tenor-1;ES-Soprano-1;IT-Bass-2;IT-Soprano-1;KO-Soprano-2;RU-Alto-1;ZH-Alto-1;ZH-Tenor-1,DE-Soprano-1;EN-Alto-1;ES-Bass-1;FR-Soprano-1;FR-Tenor-1;IT-Bass-1;JA-Soprano-1;JA-Tenor-1;KO-Soprano-1;KO-Tenor-1,speaker_mode_centroid
GTSinger_same_text_control,ecapa,embedding,167,symmetric_global_corrected,0.51,0.6,0.7142857142857143,2.0755436832325358e-14,-1.0330206739207035e-30,-5.728706157175795e-14,1.0,DE-Tenor-1;EN-Alto-2;EN-Tenor-1;ES-Soprano-1;IT-Bass-2;IT-Soprano-1;KO-Soprano-2;RU-Alto-1;ZH-Alto-1;ZH-Tenor-1,DE-Soprano-1;EN-Alto-1;ES-Bass-1;FR-Soprano-1;FR-Tenor-1;IT-Bass-1;JA-Soprano-1;JA-Tenor-1;KO-Soprano-1;KO-Tenor-1,speaker_mode_centroid
GTSinger_same_text_control,ecapa,embedding,173,raw,1.0,1.0,1.0,1.0896920052315882,0.036486978578870184,0.0,9.0,DE-Soprano-1;DE-Tenor-1;EN-Alto-1;EN-Alto-2;ES-Soprano-1;FR-Soprano-1;FR-Tenor-1;IT-Bass-1;IT-Bass-2;JA-Tenor-1,EN-Tenor-1;ES-Bass-1;IT-Soprano-1;JA-Soprano-1;KO-Soprano-1;KO-Soprano-2;KO-Tenor-1;RU-Alto-1;ZH-Alto-1;ZH-Tenor-1,speaker_mode_centroid
GTSinger_same_text_control,ecapa,embedding,173,symmetric_global_corrected,0.49,0.5,0.6666666666666666,3.162662283894974e-14,-1.8292602982411483e-30,-6.794821450704601e-14,1.0,DE-Soprano-1;DE-Tenor-1;EN-Alto-1;EN-Alto-2;ES-Soprano-1;FR-Soprano-1;FR-Tenor-1;IT-Bass-1;IT-Bass-2;JA-Tenor-1,EN-Tenor-1;ES-Bass-1;IT-Soprano-1;JA-Soprano-1;KO-Soprano-1;KO-Soprano-2;KO-Tenor-1;RU-Alto-1;ZH-Alto-1;ZH-Tenor-1,speaker_mode_centroid
GTSinger_same_text_control,ecapa,embedding,179,raw,1.0,1.0,1.0,1.0414377854919932,0.0379757220550692,0.0,9.0,DE-Soprano-1;EN-Alto-1;EN-Alto-2;EN-Tenor-1;IT-Bass-1;JA-Soprano-1;JA-Tenor-1;KO-Soprano-1;KO-Tenor-1;ZH-Tenor-1,DE-Tenor-1;ES-Bass-1;ES-Soprano-1;FR-Soprano-1;FR-Tenor-1;IT-Bass-2;IT-Soprano-1;KO-Soprano-2;RU-Alto-1;ZH-Alto-1,speaker_mode_centroid
GTSinger_same_text_control,ecapa,embedding,179,symmetric_global_corrected,0.58,0.6,0.6,2.1636178867871727e-14,-8.115868785647761e-32,1.618487773241949e-14,1.0,DE-Soprano-1;EN-Alto-1;EN-Alto-2;EN-Tenor-1;IT-Bass-1;JA-Soprano-1;JA-Tenor-1;KO-Soprano-1;KO-Tenor-1;ZH-Tenor-1,DE-Tenor-1;ES-Bass-1;ES-Soprano-1;FR-Soprano-1;FR-Tenor-1;IT-Bass-2;IT-Soprano-1;KO-Soprano-2;RU-Alto-1;ZH-Alto-1,speaker_mode_centroid
GTSinger_same_text_control,ecapa,embedding,181,raw,1.0,0.85,0.8695652173913044,1.0409809542384738,0.08464706237357415,0.0,9.0,DE-Soprano-1;EN-Alto-1;ES-Bass-1;FR-Soprano-1;IT-Bass-2;IT-Soprano-1;JA-Soprano-1;JA-Tenor-1;KO-Soprano-1;ZH-Alto-1,DE-Tenor-1;EN-Alto-2;EN-Tenor-1;ES-Soprano-1;FR-Tenor-1;IT-Bass-1;KO-Soprano-2;KO-Tenor-1;RU-Alto-1;ZH-Tenor-1,speaker_mode_centroid
GTSinger_same_text_control,ecapa,embedding,181,symmetric_global_corrected,0.36,0.5,0.6666666666666666,1.5657416904105296e-14,7.325506256923285e-31,-4.281037625149983e-14,1.0,DE-Soprano-1;EN-Alto-1;ES-Bass-1;FR-Soprano-1;IT-Bass-2;IT-Soprano-1;JA-Soprano-1;JA-Tenor-1;KO-Soprano-1;ZH-Alto-1,DE-Tenor-1;EN-Alto-2;EN-Tenor-1;ES-Soprano-1;FR-Tenor-1;IT-Bass-1;KO-Soprano-2;KO-Tenor-1;RU-Alto-1;ZH-Tenor-1,speaker_mode_centroid
GTSinger_same_text_control,ecapa,embedding,191,raw,1.0,1.0,1.0,1.067850855013991,0.08384628826434402,0.0,8.0,DE-Tenor-1;EN-Tenor-1;ES-Bass-1;ES-Soprano-1;FR-Soprano-1;FR-Tenor-1;IT-Bass-1;JA-Soprano-1;ZH-Alto-1;ZH-Tenor-1,DE-Soprano-1;EN-Alto-1;EN-Alto-2;IT-Bass-2;IT-Soprano-1;JA-Tenor-1;KO-Soprano-1;KO-Soprano-2;KO-Tenor-1;RU-Alto-1,speaker_mode_centroid
GTSinger_same_text_control,ecapa,embedding,191,symmetric_global_corrected,0.5,0.45,0.6206896551724138,2.0018765434012058e-14,-4.081989257829302e-30,-5.385426928067367e-14,1.0,DE-Tenor-1;EN-Tenor-1;ES-Bass-1;ES-Soprano-1;FR-Soprano-1;FR-Tenor-1;IT-Bass-1;JA-Soprano-1;ZH-Alto-1;ZH-Tenor-1,DE-Soprano-1;EN-Alto-1;EN-Alto-2;IT-Bass-2;IT-Soprano-1;JA-Tenor-1;KO-Soprano-1;KO-Soprano-2;KO-Tenor-1;RU-Alto-1,speaker_mode_centroid
GTSinger_same_text_control,ecapa,embedding,193,raw,1.0,0.95,0.9523809523809523,1.0522148359111334,0.17363160138601585,0.0,9.0,EN-Alto-1;EN-Tenor-1;ES-Bass-1;ES-Soprano-1;FR-Soprano-1;IT-Soprano-1;JA-Tenor-1;KO-Soprano-2;RU-Alto-1;ZH-Tenor-1,DE-Soprano-1;DE-Tenor-1;EN-Alto-2;FR-Tenor-1;IT-Bass-1;IT-Bass-2;JA-Soprano-1;KO-Soprano-1;KO-Tenor-1;ZH-Alto-1,speaker_mode_centroid
GTSinger_same_text_control,ecapa,embedding,193,symmetric_global_corrected,0.5,0.5,0.6666666666666666,2.2402237237488083e-14,1.4819453143076465e-30,-6.598279386308848e-14,1.0,EN-Alto-1;EN-Tenor-1;ES-Bass-1;ES-Soprano-1;FR-Soprano-1;IT-Soprano-1;JA-Tenor-1;KO-Soprano-2;RU-Alto-1;ZH-Tenor-1,DE-Soprano-1;DE-Tenor-1;EN-Alto-2;FR-Tenor-1;IT-Bass-1;IT-Bass-2;JA-Soprano-1;KO-Soprano-1;KO-Tenor-1;ZH-Alto-1,speaker_mode_centroid
GTSinger_same_text_control,ecapa,embedding,197,raw,1.0,1.0,1.0,1.1338105556119575,0.011545272410507172,0.0,8.0,DE-Soprano-1;DE-Tenor-1;EN-Alto-1;ES-Bass-1;ES-Soprano-1;FR-Soprano-1;IT-Bass-2;KO-Tenor-1;RU-Alto-1;ZH-Tenor-1,EN-Alto-2;EN-Tenor-1;FR-Tenor-1;IT-Bass-1;IT-Soprano-1;JA-Soprano-1;JA-Tenor-1;KO-Soprano-1;KO-Soprano-2;ZH-Alto-1,speaker_mode_centroid
GTSinger_same_text_control,ecapa,embedding,197,symmetric_global_corrected,0.52,0.6,0.33333333333333337,1.956620931448627e-14,1.0328497476381393e-30,1.644863393762175e-14,1.0,DE-Soprano-1;DE-Tenor-1;EN-Alto-1;ES-Bass-1;ES-Soprano-1;FR-Soprano-1;IT-Bass-2;KO-Tenor-1;RU-Alto-1;ZH-Tenor-1,EN-Alto-2;EN-Tenor-1;FR-Tenor-1;IT-Bass-1;IT-Soprano-1;JA-Soprano-1;JA-Tenor-1;KO-Soprano-1;KO-Soprano-2;ZH-Alto-1,speaker_mode_centroid
GTSinger_same_text_control,ecapa,embedding,199,raw,1.0,1.0,1.0,1.1126529176407114,0.11957092077991388,0.0,9.0,DE-Soprano-1;EN-Alto-2;EN-Tenor-1;ES-Bass-1;ES-Soprano-1;FR-Tenor-1;IT-Bass-1;KO-Soprano-1;RU-Alto-1;ZH-Tenor-1,DE-Tenor-1;EN-Alto-1;FR-Soprano-1;IT-Bass-2;IT-Soprano-1;JA-Soprano-1;JA-Tenor-1;KO-Soprano-2;KO-Tenor-1;ZH-Alto-1,speaker_mode_centroid
GTSinger_same_text_control,ecapa,embedding,199,symmetric_global_corrected,0.4,0.55,0.5714285714285713,1.695041547197308e-14,1.0152660072458834e-30,-3.235700641519427e-14,1.0,DE-Soprano-1;EN-Alto-2;EN-Tenor-1;ES-Bass-1;ES-Soprano-1;FR-Tenor-1;IT-Bass-1;KO-Soprano-1;RU-Alto-1;ZH-Tenor-1,DE-Tenor-1;EN-Alto-1;FR-Soprano-1;IT-Bass-2;IT-Soprano-1;JA-Soprano-1;JA-Tenor-1;KO-Soprano-2;KO-Tenor-1;ZH-Alto-1,speaker_mode_centroid
GTSinger_same_text_control,ecapa,embedding,211,raw,1.0,0.9,0.9090909090909091,1.0949338335017256,0.06768041262574327,0.0,9.0,DE-Soprano-1;EN-Alto-1;EN-Alto-2;ES-Bass-1;FR-Soprano-1;JA-Tenor-1;KO-Soprano-2;KO-Tenor-1;RU-Alto-1;ZH-Alto-1,DE-Tenor-1;EN-Tenor-1;ES-Soprano-1;FR-Tenor-1;IT-Bass-1;IT-Bass-2;IT-Soprano-1;JA-Soprano-1;KO-Soprano-1;ZH-Tenor-1,speaker_mode_centroid
GTSinger_same_text_control,ecapa,embedding,211,symmetric_global_corrected,0.73,0.5,0.6666666666666666,1.7970361110244532e-14,1.1179927030670683e-30,-7.444551302437894e-14,1.0,DE-Soprano-1;EN-Alto-1;EN-Alto-2;ES-Bass-1;FR-Soprano-1;JA-Tenor-1;KO-Soprano-2;KO-Tenor-1;RU-Alto-1;ZH-Alto-1,DE-Tenor-1;EN-Tenor-1;ES-Soprano-1;FR-Tenor-1;IT-Bass-1;IT-Bass-2;IT-Soprano-1;JA-Soprano-1;KO-Soprano-1;ZH-Tenor-1,speaker_mode_centroid
GTSinger_same_text_control,ecapa,embedding,223,raw,1.0,1.0,1.0,1.0502157467038413,0.03742678827684926,0.0,9.0,DE-Soprano-1;EN-Alto-2;EN-Tenor-1;ES-Soprano-1;IT-Bass-2;IT-Soprano-1;JA-Tenor-1;KO-Soprano-2;KO-Tenor-1;ZH-Alto-1,DE-Tenor-1;EN-Alto-1;ES-Bass-1;FR-Soprano-1;FR-Tenor-1;IT-Bass-1;JA-Soprano-1;KO-Soprano-1;RU-Alto-1;ZH-Tenor-1,speaker_mode_centroid
GTSinger_same_text_control,ecapa,embedding,223,symmetric_global_corrected,0.49,0.55,0.4,3.658684979845801e-14,-1.4994616471518479e-30,4.9965007604657956e-14,1.0,DE-Soprano-1;EN-Alto-2;EN-Tenor-1;ES-Soprano-1;IT-Bass-2;IT-Soprano-1;JA-Tenor-1;KO-Soprano-2;KO-Tenor-1;ZH-Alto-1,DE-Tenor-1;EN-Alto-1;ES-Bass-1;FR-Soprano-1;FR-Tenor-1;IT-Bass-1;JA-Soprano-1;KO-Soprano-1;RU-Alto-1;ZH-Tenor-1,speaker_mode_centroid
GTSinger_same_text_control,ecapa,embedding,227,raw,1.0,1.0,1.0,1.031210260441028,0.12021257778638028,0.0,9.0,DE-Soprano-1;EN-Tenor-1;ES-Bass-1;FR-Soprano-1;FR-Tenor-1;IT-Bass-1;JA-Tenor-1;KO-Soprano-1;KO-Soprano-2;KO-Tenor-1,DE-Tenor-1;EN-Alto-1;EN-Alto-2;ES-Soprano-1;IT-Bass-2;IT-Soprano-1;JA-Soprano-1;RU-Alto-1;ZH-Alto-1;ZH-Tenor-1,speaker_mode_centroid
GTSinger_same_text_control,ecapa,embedding,227,symmetric_global_corrected,0.7,0.5,0.6666666666666666,2.6897995491156915e-14,1.3035319790844736e-30,-7.949686433887556e-14,1.0,DE-Soprano-1;EN-Tenor-1;ES-Bass-1;FR-Soprano-1;FR-Tenor-1;IT-Bass-1;JA-Tenor-1;KO-Soprano-1;KO-Soprano-2;KO-Tenor-1,DE-Tenor-1;EN-Alto-1;EN-Alto-2;ES-Soprano-1;IT-Bass-2;IT-Soprano-1;JA-Soprano-1;RU-Alto-1;ZH-Alto-1;ZH-Tenor-1,speaker_mode_centroid
GTSinger_same_text_control,ecapa,embedding,229,raw,1.0,1.0,1.0,1.1032807697620675,0.048341610010463075,0.0,8.0,DE-Tenor-1;ES-Bass-1;ES-Soprano-1;FR-Soprano-1;IT-Bass-1;IT-Bass-2;IT-Soprano-1;KO-Tenor-1;RU-Alto-1;ZH-Alto-1,DE-Soprano-1;EN-Alto-1;EN-Alto-2;EN-Tenor-1;FR-Tenor-1;JA-Soprano-1;JA-Tenor-1;KO-Soprano-1;KO-Soprano-2;ZH-Tenor-1,speaker_mode_centroid
GTSinger_same_text_control,ecapa,embedding,229,symmetric_global_corrected,0.88,0.65,0.7200000000000001,1.8958556602870968e-14,-1.8992750739569162e-30,9.074664599048819e-15,1.0,DE-Tenor-1;ES-Bass-1;ES-Soprano-1;FR-Soprano-1;IT-Bass-1;IT-Bass-2;IT-Soprano-1;KO-Tenor-1;RU-Alto-1;ZH-Alto-1,DE-Soprano-1;EN-Alto-1;EN-Alto-2;EN-Tenor-1;FR-Tenor-1;JA-Soprano-1;JA-Tenor-1;KO-Soprano-1;KO-Soprano-2;ZH-Tenor-1,speaker_mode_centroid
GTSinger_same_text_control,ecapa,embedding,233,raw,1.0,1.0,1.0,1.0796461280721372,0.03917954945694767,0.0,9.0,DE-Soprano-1;DE-Tenor-1;EN-Alto-1;EN-Tenor-1;FR-Soprano-1;FR-Tenor-1;IT-Bass-1;IT-Bass-2;KO-Soprano-2;ZH-Tenor-1,EN-Alto-2;ES-Bass-1;ES-Soprano-1;IT-Soprano-1;JA-Soprano-1;JA-Tenor-1;KO-Soprano-1;KO-Tenor-1;RU-Alto-1;ZH-Alto-1,speaker_mode_centroid
GTSinger_same_text_control,ecapa,embedding,233,symmetric_global_corrected,0.4,0.4,0.5714285714285714,2.485674899589361e-14,4.460394468669738e-30,-3.556099370817019e-14,1.0,DE-Soprano-1;DE-Tenor-1;EN-Alto-1;EN-Tenor-1;FR-Soprano-1;FR-Tenor-1;IT-Bass-1;IT-Bass-2;KO-Soprano-2;ZH-Tenor-1,EN-Alto-2;ES-Bass-1;ES-Soprano-1;IT-Soprano-1;JA-Soprano-1;JA-Tenor-1;KO-Soprano-1;KO-Tenor-1;RU-Alto-1;ZH-Alto-1,speaker_mode_centroid
GTSinger_same_text_control,ecapa,embedding,239,raw,1.0,1.0,1.0,1.0414091885317107,-0.00870779888058311,0.0,9.0,DE-Tenor-1;EN-Tenor-1;FR-Soprano-1;FR-Tenor-1;IT-Bass-1;IT-Bass-2;IT-Soprano-1;KO-Soprano-1;KO-Soprano-2;ZH-Tenor-1,DE-Soprano-1;EN-Alto-1;EN-Alto-2;ES-Bass-1;ES-Soprano-1;JA-Soprano-1;JA-Tenor-1;KO-Tenor-1;RU-Alto-1;ZH-Alto-1,speaker_mode_centroid
GTSinger_same_text_control,ecapa,embedding,239,symmetric_global_corrected,0.65,0.65,0.7407407407407407,1.4850776291681557e-14,-1.0236979692836538e-30,-3.1896255904996895e-14,1.0,DE-Tenor-1;EN-Tenor-1;FR-Soprano-1;FR-Tenor-1;IT-Bass-1;IT-Bass-2;IT-Soprano-1;KO-Soprano-1;KO-Soprano-2;ZH-Tenor-1,DE-Soprano-1;EN-Alto-1;EN-Alto-2;ES-Bass-1;ES-Soprano-1;JA-Soprano-1;JA-Tenor-1;KO-Tenor-1;RU-Alto-1;ZH-Alto-1,speaker_mode_centroid
GTSinger_same_text_control,ecapa,embedding,241,raw,1.0,1.0,1.0,1.0612506197416334,0.05602393786926827,0.0,9.0,DE-Soprano-1;EN-Alto-1;FR-Tenor-1;IT-Bass-1;IT-Soprano-1;JA-Soprano-1;JA-Tenor-1;KO-Soprano-1;KO-Soprano-2;KO-Tenor-1,DE-Tenor-1;EN-Alto-2;EN-Tenor-1;ES-Bass-1;ES-Soprano-1;FR-Soprano-1;IT-Bass-2;RU-Alto-1;ZH-Alto-1;ZH-Tenor-1,speaker_mode_centroid
GTSinger_same_text_control,ecapa,embedding,241,symmetric_global_corrected,0.44,0.5,0.6428571428571429,1.8926402663328216e-14,3.6309364648538115e-30,-4.290085805958265e-14,1.0,DE-Soprano-1;EN-Alto-1;FR-Tenor-1;IT-Bass-1;IT-Soprano-1;JA-Soprano-1;JA-Tenor-1;KO-Soprano-1;KO-Soprano-2;KO-Tenor-1,DE-Tenor-1;EN-Alto-2;EN-Tenor-1;ES-Bass-1;ES-Soprano-1;FR-Soprano-1;IT-Bass-2;RU-Alto-1;ZH-Alto-1;ZH-Tenor-1,speaker_mode_centroid
GTSinger_same_text_control,ecapa,embedding,251,raw,1.0,1.0,1.0,1.040739945097768,0.07678375800836831,0.0,9.0,DE-Soprano-1;EN-Tenor-1;FR-Tenor-1;IT-Bass-1;IT-Soprano-1;JA-Tenor-1;KO-Soprano-2;KO-Tenor-1;ZH-Alto-1;ZH-Tenor-1,DE-Tenor-1;EN-Alto-1;EN-Alto-2;ES-Bass-1;ES-Soprano-1;FR-Soprano-1;IT-Bass-2;JA-Soprano-1;KO-Soprano-1;RU-Alto-1,speaker_mode_centroid
GTSinger_same_text_control,ecapa,embedding,251,symmetric_global_corrected,0.36,0.55,0.4,2.230771834086607e-14,-1.9323408836896146e-30,3.52267053278815e-14,1.0,DE-Soprano-1;EN-Tenor-1;FR-Tenor-1;IT-Bass-1;IT-Soprano-1;JA-Tenor-1;KO-Soprano-2;KO-Tenor-1;ZH-Alto-1;ZH-Tenor-1,DE-Tenor-1;EN-Alto-1;EN-Alto-2;ES-Bass-1;ES-Soprano-1;FR-Soprano-1;IT-Bass-2;JA-Soprano-1;KO-Soprano-1;RU-Alto-1,speaker_mode_centroid
GTSinger_same_text_control,ecapa,embedding,257,raw,1.0,1.0,1.0,1.131907626518612,0.12694384249053592,0.0,9.0,DE-Soprano-1;EN-Alto-2;ES-Bass-1;FR-Soprano-1;FR-Tenor-1;JA-Tenor-1;KO-Soprano-2;KO-Tenor-1;RU-Alto-1;ZH-Tenor-1,DE-Tenor-1;EN-Alto-1;EN-Tenor-1;ES-Soprano-1;IT-Bass-1;IT-Bass-2;IT-Soprano-1;JA-Soprano-1;KO-Soprano-1;ZH-Alto-1,speaker_mode_centroid
GTSinger_same_text_control,ecapa,embedding,257,symmetric_global_corrected,0.5,0.55,0.6896551724137931,2.0386953266873003e-14,-1.7981974556506137e-30,-3.5936273168475084e-14,1.0,DE-Soprano-1;EN-Alto-2;ES-Bass-1;FR-Soprano-1;FR-Tenor-1;JA-Tenor-1;KO-Soprano-2;KO-Tenor-1;RU-Alto-1;ZH-Tenor-1,DE-Tenor-1;EN-Alto-1;EN-Tenor-1;ES-Soprano-1;IT-Bass-1;IT-Bass-2;IT-Soprano-1;JA-Soprano-1;KO-Soprano-1;ZH-Alto-1,speaker_mode_centroid
