dataset,model,layer,split_seed,speaker_id,same_text_control_pairs,raw_rank,corrected_rank,rank_improvement,raw_same_minus_impostor_margin,corrected_same_minus_impostor_margin,nearest_impostor_before,nearest_impostor_after
GTSinger_same_text_control,wavlm_l12,12,13,EN-Alto-1,97,1,1,0,0.024904640550439283,0.007563183249019834,ZH-Tenor-1,ZH-Alto-1
GTSinger_same_text_control,wavlm_l12,12,13,FR-Soprano-1,106,2,1,1,0.010150950704560513,0.007319779874681687,EN-Alto-1,IT-Soprano-1
GTSinger_same_text_control,wavlm_l12,12,13,FR-Tenor-1,100,10,4,6,-0.017394834116501334,0.0012852170408305108,EN-Alto-1,KO-Tenor-1
GTSinger_same_text_control,wavlm_l12,12,13,IT-Bass-1,95,6,2,4,0.0006909400735305438,0.00676471331644013,EN-Alto-1,KO-Tenor-1
GTSinger_same_text_control,wavlm_l12,12,13,IT-Soprano-1,81,2,1,1,0.010517457851763834,0.0073036000402114665,EN-Alto-1,FR-Soprano-1
GTSinger_same_text_control,wavlm_l12,12,13,JA-Soprano-1,103,2,1,1,0.0112512804841578,0.008131659632268029,EN-Alto-1,FR-Soprano-1
GTSinger_same_text_control,wavlm_l12,12,13,KO-Soprano-1,93,2,4,-2,0.008606939882664255,0.002855164516775921,EN-Alto-1,JA-Soprano-1
GTSinger_same_text_control,wavlm_l12,12,13,KO-Tenor-1,99,5,1,4,0.0018514878796163092,0.008269020999153165,EN-Alto-1,JA-Soprano-1
GTSinger_same_text_control,wavlm_l12,12,13,ZH-Alto-1,95,4,1,3,0.004721366313857223,0.009571656170625165,EN-Alto-1,ZH-Tenor-1
GTSinger_same_text_control,wavlm_l12,12,13,ZH-Tenor-1,94,2,1,1,0.012743681509351346,0.00754555730251516,EN-Alto-1,ZH-Alto-1
GTSinger_same_text_control,wavlm_l12,12,17,DE-Soprano-1,98,2,1,1,0.022016217774756708,0.009712277300333638,EN-Alto-1,EN-Alto-1
GTSinger_same_text_control,wavlm_l12,12,17,DE-Tenor-1,99,6,1,5,0.0031396501021851986,0.0073972315120220955,DE-Soprano-1,DE-Soprano-1
GTSinger_same_text_control,wavlm_l12,12,17,EN-Alto-1,97,1,1,0,0.025048417387321553,0.00854904604415041,DE-Soprano-1,DE-Soprano-1
GTSinger_same_text_control,wavlm_l12,12,17,FR-Soprano-1,106,4,1,3,0.010818700422767003,0.007830318793653035,EN-Alto-1,IT-Soprano-1
GTSinger_same_text_control,wavlm_l12,12,17,IT-Bass-2,97,9,4,5,-0.008517422253337514,0.0014976866033673542,DE-Soprano-1,DE-Tenor-1
GTSinger_same_text_control,wavlm_l12,12,17,IT-Soprano-1,81,4,1,3,0.010858497603120854,0.007249598335553831,EN-Alto-1,FR-Soprano-1
GTSinger_same_text_control,wavlm_l12,12,17,JA-Tenor-1,104,10,9,1,-0.035354220636240385,-0.004694101219749447,KO-Soprano-2,KO-Soprano-2
GTSinger_same_text_control,wavlm_l12,12,17,KO-Soprano-2,102,1,1,0,0.018440873320636375,0.008524301776566379,EN-Alto-1,ZH-Alto-1
GTSinger_same_text_control,wavlm_l12,12,17,ZH-Alto-1,95,5,1,4,0.00450579154272801,0.009022493113686414,KO-Soprano-2,ZH-Tenor-1
GTSinger_same_text_control,wavlm_l12,12,17,ZH-Tenor-1,94,4,1,3,0.012777730480511562,0.00750113006584463,EN-Alto-1,KO-Soprano-2
GTSinger_same_text_control,wavlm_l12,12,19,DE-Soprano-1,98,2,1,1,0.01767905060979258,0.008974365585266764,RU-Alto-1,FR-Soprano-1
GTSinger_same_text_control,wavlm_l12,12,19,EN-Alto-2,99,1,1,0,0.025239348939138262,0.012585189383933049,RU-Alto-1,DE-Soprano-1
GTSinger_same_text_control,wavlm_l12,12,19,ES-Soprano-1,101,2,1,1,0.015475644381783726,0.006009721830264159,RU-Alto-1,KO-Soprano-2
GTSinger_same_text_control,wavlm_l12,12,19,FR-Soprano-1,106,6,1,5,0.006811588598624074,0.008521112326344449,RU-Alto-1,IT-Soprano-1
GTSinger_same_text_control,wavlm_l12,12,19,IT-Bass-2,97,9,2,7,-0.012271209388593829,0.003070952389216175,RU-Alto-1,IT-Soprano-1
GTSinger_same_text_control,wavlm_l12,12,19,IT-Soprano-1,81,6,1,5,0.006790950277263952,0.007946235287731085,RU-Alto-1,FR-Soprano-1
GTSinger_same_text_control,wavlm_l12,12,19,JA-Tenor-1,104,10,8,2,-0.039357978406191374,-0.002745789661427356,RU-Alto-1,KO-Soprano-2
GTSinger_same_text_control,wavlm_l12,12,19,KO-Soprano-2,102,2,1,1,0.013746196096447894,0.0068713403576813326,RU-Alto-1,ES-Soprano-1
GTSinger_same_text_control,wavlm_l12,12,19,RU-Alto-1,97,1,1,0,0.020509243638868746,0.004658427798711839,ES-Soprano-1,KO-Soprano-2
GTSinger_same_text_control,wavlm_l12,12,19,ZH-Tenor-1,94,6,1,5,0.009106490772412545,0.007353884528814469,RU-Alto-1,KO-Soprano-2
GTSinger_same_text_control,wavlm_l12,12,23,DE-Soprano-1,98,3,1,2,0.02047155822222968,0.009683913198471505,RU-Alto-1,EN-Alto-1
GTSinger_same_text_control,wavlm_l12,12,23,EN-Alto-1,97,1,1,0,0.023454066345475866,0.008779942781571792,RU-Alto-1,EN-Tenor-1
GTSinger_same_text_control,wavlm_l12,12,23,EN-Tenor-1,94,7,1,6,-0.006117970710753706,0.009094489839683972,EN-Alto-1,EN-Alto-1
GTSinger_same_text_control,wavlm_l12,12,23,ES-Soprano-1,101,2,1,1,0.018584183566434986,0.00688283204751039,RU-Alto-1,KO-Soprano-2
GTSinger_same_text_control,wavlm_l12,12,23,FR-Tenor-1,100,10,4,6,-0.018448191823378646,0.0020919020510639097,RU-Alto-1,KO-Tenor-1
GTSinger_same_text_control,wavlm_l12,12,23,IT-Bass-1,95,6,2,4,-0.001006227577233676,0.005997473946807164,RU-Alto-1,KO-Tenor-1
GTSinger_same_text_control,wavlm_l12,12,23,IT-Bass-2,97,8,4,4,-0.011427732138446167,0.0011489944558590315,RU-Alto-1,KO-Tenor-1
GTSinger_same_text_control,wavlm_l12,12,23,KO-Soprano-2,102,2,1,1,0.01635068078751256,0.0071455146238491585,RU-Alto-1,ES-Soprano-1
GTSinger_same_text_control,wavlm_l12,12,23,KO-Tenor-1,99,6,1,5,0.000828924372203943,0.009244526997215008,RU-Alto-1,IT-Bass-1
GTSinger_same_text_control,wavlm_l12,12,23,RU-Alto-1,97,1,1,0,0.02295868433955317,0.004871144096577074,ES-Soprano-1,EN-Tenor-1
GTSinger_same_text_control,wavlm_l12,12,29,EN-Alto-1,97,1,1,0,0.02427387661635705,0.009230094209553563,RU-Alto-1,ES-Soprano-1
GTSinger_same_text_control,wavlm_l12,12,29,ES-Soprano-1,101,2,1,1,0.01894884343205039,0.007084457869436678,RU-Alto-1,JA-Soprano-1
GTSinger_same_text_control,wavlm_l12,12,29,IT-Bass-1,95,7,1,6,-0.00023694675357188721,0.006621344485765457,RU-Alto-1,IT-Bass-2
GTSinger_same_text_control,wavlm_l12,12,29,IT-Bass-2,97,9,3,6,-0.009846917684044998,0.0024368420166737126,RU-Alto-1,IT-Bass-1
GTSinger_same_text_control,wavlm_l12,12,29,JA-Soprano-1,103,5,1,4,0.012382389205055855,0.010670824603523199,RU-Alto-1,KO-Soprano-2
GTSinger_same_text_control,wavlm_l12,12,29,JA-Tenor-1,104,10,8,2,-0.03689581476848636,-0.002677214479556933,RU-Alto-1,JA-Soprano-1
GTSinger_same_text_control,wavlm_l12,12,29,KO-Soprano-2,102,2,1,1,0.01620997429876392,0.006967319785501358,RU-Alto-1,JA-Soprano-1
GTSinger_same_text_control,wavlm_l12,12,29,RU-Alto-1,97,1,1,0,0.023152656880184197,0.0047573506837294,ES-Soprano-1,KO-Soprano-2
GTSinger_same_text_control,wavlm_l12,12,29,ZH-Alto-1,95,7,1,6,0.00281890653798611,0.008772872802747855,RU-Alto-1,ZH-Tenor-1
GTSinger_same_text_control,wavlm_l12,12,29,ZH-Tenor-1,94,5,1,4,0.011284698701773732,0.00715212911862273,RU-Alto-1,ZH-Alto-1
GTSinger_same_text_control,wavlm_l12,12,31,DE-Tenor-1,99,5,1,4,0.007847123325028682,0.009682720127252908,ES-Bass-1,ES-Bass-1
GTSinger_same_text_control,wavlm_l12,12,31,EN-Alto-2,99,2,1,1,0.03536177458584078,0.018409401228319466,ES-Bass-1,ES-Bass-1
GTSinger_same_text_control,wavlm_l12,12,31,ES-Bass-1,99,1,1,0,0.035704674728299635,0.01139293557107346,EN-Alto-2,EN-Alto-2
GTSinger_same_text_control,wavlm_l12,12,31,FR-Tenor-1,100,9,5,4,-0.013633244452769366,8.35631491192812e-05,ES-Bass-1,DE-Tenor-1
GTSinger_same_text_control,wavlm_l12,12,31,IT-Bass-1,95,5,2,3,0.003893970661653534,0.004935190076630347,ES-Bass-1,DE-Tenor-1
GTSinger_same_text_control,wavlm_l12,12,31,IT-Bass-2,97,8,7,1,-0.005846558588037398,-0.0002374388253311155,ES-Bass-1,JA-Soprano-1
GTSinger_same_text_control,wavlm_l12,12,31,JA-Soprano-1,103,3,1,2,0.016964251785437034,0.012222710165884165,ES-Bass-1,ES-Bass-1
GTSinger_same_text_control,wavlm_l12,12,31,JA-Tenor-1,104,10,8,2,-0.030593726234002583,-0.004612393219136202,ES-Bass-1,JA-Soprano-1
GTSinger_same_text_control,wavlm_l12,12,31,KO-Soprano-1,93,3,1,2,0.014905697609955526,0.009149591251013778,ES-Bass-1,JA-Soprano-1
GTSinger_same_text_control,wavlm_l12,12,31,ZH-Alto-1,95,4,1,3,0.010852373717075037,0.013126781960532408,ES-Bass-1,JA-Soprano-1
GTSinger_same_text_control,wavlm_l12,12,37,EN-Alto-1,97,1,1,0,0.02175902555018361,0.008116134014231391,ES-Bass-1,EN-Tenor-1
GTSinger_same_text_control,wavlm_l12,12,37,EN-Tenor-1,94,8,1,7,-0.007604976162881916,0.006827258785177093,EN-Alto-1,EN-Alto-1
GTSinger_same_text_control,wavlm_l12,12,37,ES-Bass-1,99,1,1,0,0.027443942208707384,0.006267647956743061,EN-Alto-1,JA-Soprano-1
GTSinger_same_text_control,wavlm_l12,12,37,ES-Soprano-1,101,2,1,1,0.016968837741177523,0.0061012138137449545,ES-Bass-1,JA-Soprano-1
GTSinger_same_text_control,wavlm_l12,12,37,IT-Bass-1,95,8,1,7,-0.0010874033029855124,0.007647750427180577,ES-Bass-1,JA-Soprano-1
GTSinger_same_text_control,wavlm_l12,12,37,IT-Soprano-1,81,5,1,4,0.008029836959906111,0.007528658440248526,ES-Bass-1,JA-Soprano-1
GTSinger_same_text_control,wavlm_l12,12,37,JA-Soprano-1,103,5,1,4,0.00964883703917796,0.00954942723268104,ES-Bass-1,ES-Bass-1
GTSinger_same_text_control,wavlm_l12,12,37,JA-Tenor-1,104,10,10,0,-0.03892624812940404,-0.004719067208004968,ES-Bass-1,JA-Soprano-1
GTSinger_same_text_control,wavlm_l12,12,37,KO-Soprano-2,102,2,1,1,0.014844044223145003,0.006515537628626,ES-Bass-1,JA-Soprano-1
GTSinger_same_text_control,wavlm_l12,12,37,ZH-Tenor-1,94,5,1,4,0.010084178892155182,0.006894928390608124,ES-Bass-1,KO-Soprano-2
GTSinger_same_text_control,wavlm_l12,12,41,EN-Alto-2,99,1,1,0,0.031384499540135447,0.014442246693415983,RU-Alto-1,RU-Alto-1
GTSinger_same_text_control,wavlm_l12,12,41,EN-Tenor-1,94,8,1,7,-0.003528045057385465,0.006750051497995235,RU-Alto-1,ZH-Alto-1
GTSinger_same_text_control,wavlm_l12,12,41,ES-Soprano-1,101,2,1,1,0.02131499358366251,0.007463541570983279,RU-Alto-1,EN-Alto-2
GTSinger_same_text_control,wavlm_l12,12,41,FR-Soprano-1,106,4,1,3,0.011753095794715729,0.008125242317434944,RU-Alto-1,KO-Tenor-1
GTSinger_same_text_control,wavlm_l12,12,41,IT-Bass-2,97,8,2,6,-0.006890405543694245,0.004266295553777777,RU-Alto-1,KO-Tenor-1
GTSinger_same_text_control,wavlm_l12,12,41,JA-Tenor-1,104,10,9,1,-0.03444796253640503,-0.005131774704421055,RU-Alto-1,KO-Tenor-1
GTSinger_same_text_control,wavlm_l12,12,41,KO-Soprano-1,93,4,3,1,0.010251383045926765,0.0038943976773809785,RU-Alto-1,FR-Soprano-1
GTSinger_same_text_control,wavlm_l12,12,41,KO-Tenor-1,99,5,1,4,0.0039005408247962947,0.00898857491751659,RU-Alto-1,FR-Soprano-1
GTSinger_same_text_control,wavlm_l12,12,41,RU-Alto-1,97,1,1,0,0.025602911087111546,0.006020147228865014,ES-Soprano-1,ES-Soprano-1
GTSinger_same_text_control,wavlm_l12,12,41,ZH-Alto-1,95,4,1,3,0.005629601255244032,0.009010321305916169,RU-Alto-1,EN-Tenor-1
GTSinger_same_text_control,wavlm_l12,12,43,DE-Soprano-1,98,2,1,1,0.015697759987741478,0.007286554512214272,ES-Bass-1,EN-Alto-2
GTSinger_same_text_control,wavlm_l12,12,43,DE-Tenor-1,99,7,1,6,-0.00320778881959749,0.006263688003022128,ES-Bass-1,DE-Soprano-1
GTSinger_same_text_control,wavlm_l12,12,43,EN-Alto-2,99,2,1,1,0.023041729253247545,0.011290963735807957,ES-Bass-1,DE-Soprano-1
GTSinger_same_text_control,wavlm_l12,12,43,EN-Tenor-1,94,9,1,8,-0.009870088085625506,0.006506400041585425,ES-Bass-1,DE-Soprano-1
GTSinger_same_text_control,wavlm_l12,12,43,ES-Bass-1,99,1,1,0,0.02428758736978076,0.004116509443700345,EN-Alto-2,DE-Soprano-1
GTSinger_same_text_control,wavlm_l12,12,43,IT-Bass-1,95,7,1,6,-0.003466776257713189,0.0072399550247201905,ES-Bass-1,KO-Tenor-1
GTSinger_same_text_control,wavlm_l12,12,43,IT-Soprano-1,81,5,1,4,0.005502213545645063,0.006069382501623255,ES-Bass-1,KO-Tenor-1
GTSinger_same_text_control,wavlm_l12,12,43,KO-Soprano-1,93,5,2,3,0.004028173367219945,0.0027568110105068433,ES-Bass-1,KO-Tenor-1
GTSinger_same_text_control,wavlm_l12,12,43,KO-Soprano-2,102,2,1,1,0.013038111435291766,0.006100650312177547,ES-Bass-1,KO-Tenor-1
GTSinger_same_text_control,wavlm_l12,12,43,KO-Tenor-1,99,6,1,5,-0.0026812700319859273,0.007905581300235553,ES-Bass-1,IT-Bass-1
GTSinger_same_text_control,wavlm_l12,12,47,DE-Tenor-1,99,4,1,3,0.008945713274858158,0.009263066517612883,KO-Soprano-2,KO-Soprano-2
GTSinger_same_text_control,wavlm_l12,12,47,EN-Tenor-1,94,7,1,6,0.0018965722968933285,0.008408306507846075,KO-Soprano-2,KO-Soprano-2
GTSinger_same_text_control,wavlm_l12,12,47,FR-Soprano-1,106,2,1,1,0.015574654664043952,0.008653994721323,KO-Soprano-2,IT-Soprano-1
GTSinger_same_text_control,wavlm_l12,12,47,IT-Bass-1,95,5,3,2,0.004411657135271363,0.004838977858984572,KO-Soprano-2,KO-Tenor-1
GTSinger_same_text_control,wavlm_l12,12,47,IT-Bass-2,97,8,6,2,-0.004722063663438747,0.0007428310798359705,KO-Soprano-2,KO-Tenor-1
GTSinger_same_text_control,wavlm_l12,12,47,IT-Soprano-1,81,2,1,1,0.015844728576633327,0.007818257009430174,KO-Soprano-2,FR-Soprano-1
GTSinger_same_text_control,wavlm_l12,12,47,JA-Tenor-1,104,10,9,1,-0.0304178108344364,-0.00673371714118387,KO-Soprano-2,KO-Soprano-2
GTSinger_same_text_control,wavlm_l12,12,47,KO-Soprano-1,93,2,3,-1,0.014663687292191585,0.005132723068577372,KO-Soprano-2,KO-Soprano-2
GTSinger_same_text_control,wavlm_l12,12,47,KO-Soprano-2,102,1,1,0,0.02391091840348425,0.010210003482024388,IT-Soprano-1,KO-Tenor-1
GTSinger_same_text_control,wavlm_l12,12,47,KO-Tenor-1,99,4,1,3,0.006256928415327767,0.007434657672328537,KO-Soprano-2,FR-Soprano-1
GTSinger_same_text_control,wavlm_l12,12,53,DE-Tenor-1,99,7,1,6,0.001415822917166576,0.008345940953715436,ES-Bass-1,RU-Alto-1
GTSinger_same_text_control,wavlm_l12,12,53,EN-Alto-1,97,1,1,0,0.023690415535257747,0.00911730516843412,ES-Bass-1,ES-Soprano-1
GTSinger_same_text_control,wavlm_l12,12,53,ES-Bass-1,99,1,1,0,0.028726723844380464,0.006543135355351892,RU-Alto-1,ES-Soprano-1
GTSinger_same_text_control,wavlm_l12,12,53,ES-Soprano-1,101,3,1,2,0.019466884525273787,0.00870900128354224,ES-Bass-1,EN-Alto-1
GTSinger_same_text_control,wavlm_l12,12,53,FR-Tenor-1,100,9,4,5,-0.017849963443643424,0.002253420015280838,ES-Bass-1,DE-Tenor-1
GTSinger_same_text_control,wavlm_l12,12,53,IT-Soprano-1,81,5,1,4,0.009574436463618996,0.007985643356107408,ES-Bass-1,ES-Soprano-1
GTSinger_same_text_control,wavlm_l12,12,53,JA-Tenor-1,104,10,9,1,-0.03688282281993471,-0.0032792832438961472,ES-Bass-1,ZH-Alto-1
GTSinger_same_text_control,wavlm_l12,12,53,KO-Soprano-1,93,5,1,4,0.008587467365933743,0.00523488064009181,ES-Bass-1,ZH-Alto-1
GTSinger_same_text_control,wavlm_l12,12,53,RU-Alto-1,97,1,1,0,0.02341247031262994,0.006623298433187097,ES-Bass-1,ZH-Alto-1
GTSinger_same_text_control,wavlm_l12,12,53,ZH-Alto-1,95,5,1,4,0.0041426711229016755,0.0114331838723849,RU-Alto-1,ES-Soprano-1
GTSinger_same_text_control,wavlm_l12,12,59,DE-Soprano-1,98,2,1,1,0.021148216199784353,0.009409907384717031,RU-Alto-1,RU-Alto-1
GTSinger_same_text_control,wavlm_l12,12,59,DE-Tenor-1,99,6,1,5,0.0027313075933718123,0.00863010184685109,RU-Alto-1,DE-Soprano-1
GTSinger_same_text_control,wavlm_l12,12,59,EN-Alto-2,99,1,1,0,0.02947928603778882,0.014026468602125086,RU-Alto-1,DE-Soprano-1
GTSinger_same_text_control,wavlm_l12,12,59,FR-Soprano-1,106,5,1,4,0.010779538854303827,0.008582084164948545,RU-Alto-1,DE-Soprano-1
GTSinger_same_text_control,wavlm_l12,12,59,FR-Tenor-1,100,9,3,6,-0.01610401511423387,0.002435217068149198,RU-Alto-1,DE-Tenor-1
GTSinger_same_text_control,wavlm_l12,12,59,JA-Tenor-1,104,10,9,1,-0.035574618376776,-0.0046626264211133694,RU-Alto-1,KO-Soprano-2
GTSinger_same_text_control,wavlm_l12,12,59,KO-Soprano-1,93,5,3,2,0.008981141811098436,0.0039099874499831655,RU-Alto-1,FR-Soprano-1
GTSinger_same_text_control,wavlm_l12,12,59,KO-Soprano-2,102,2,1,1,0.01820810924534144,0.008472579858366358,RU-Alto-1,ZH-Alto-1
GTSinger_same_text_control,wavlm_l12,12,59,RU-Alto-1,97,1,1,0,0.024566634144987387,0.007009264177942676,DE-Soprano-1,KO-Soprano-2
GTSinger_same_text_control,wavlm_l12,12,59,ZH-Alto-1,95,5,1,4,0.004773368731562866,0.010108403887308048,RU-Alto-1,KO-Soprano-2
GTSinger_same_text_control,wavlm_l12,12,61,DE-Soprano-1,98,2,1,1,0.02306697350614606,0.011067181146643845,ES-Bass-1,ES-Soprano-1
GTSinger_same_text_control,wavlm_l12,12,61,DE-Tenor-1,99,6,1,5,0.003967105099652923,0.008278907709148742,ES-Bass-1,DE-Soprano-1
GTSinger_same_text_control,wavlm_l12,12,61,EN-Tenor-1,94,8,1,7,-0.003123185595776068,0.0067744576074190155,ES-Bass-1,DE-Soprano-1
GTSinger_same_text_control,wavlm_l12,12,61,ES-Bass-1,99,1,1,0,0.03169387650601829,0.009552819119887035,ES-Soprano-1,DE-Soprano-1
GTSinger_same_text_control,wavlm_l12,12,61,ES-Soprano-1,101,2,1,1,0.0219614910814796,0.008926465295719277,ES-Bass-1,KO-Soprano-2
GTSinger_same_text_control,wavlm_l12,12,61,FR-Tenor-1,100,9,4,5,-0.01573383241319959,0.0003003621326154171,ES-Bass-1,DE-Tenor-1
GTSinger_same_text_control,wavlm_l12,12,61,JA-Tenor-1,104,10,9,1,-0.03489516363715284,-0.006965740981824231,ES-Bass-1,KO-Soprano-2
GTSinger_same_text_control,wavlm_l12,12,61,KO-Soprano-1,93,5,3,2,0.010723393704687001,0.0043570550484280934,ES-Bass-1,KO-Tenor-1
GTSinger_same_text_control,wavlm_l12,12,61,KO-Soprano-2,102,2,1,1,0.019612099610791356,0.009019094334679512,ES-Bass-1,ES-Soprano-1
GTSinger_same_text_control,wavlm_l12,12,61,KO-Tenor-1,99,5,1,4,0.0041179672052954475,0.009784767489085744,ES-Bass-1,DE-Tenor-1
GTSinger_same_text_control,wavlm_l12,12,67,DE-Soprano-1,98,2,1,1,0.021059747685700625,0.008945498079567682,RU-Alto-1,RU-Alto-1
GTSinger_same_text_control,wavlm_l12,12,67,DE-Tenor-1,99,6,1,5,0.0015058455696980166,0.007335016848000975,RU-Alto-1,DE-Soprano-1
GTSinger_same_text_control,wavlm_l12,12,67,EN-Tenor-1,94,8,1,7,-0.004706985564778554,0.0078059995722672415,RU-Alto-1,DE-Soprano-1
GTSinger_same_text_control,wavlm_l12,12,67,FR-Tenor-1,100,10,6,4,-0.018041962846325532,-0.000718871970432633,RU-Alto-1,DE-Tenor-1
GTSinger_same_text_control,wavlm_l12,12,67,IT-Bass-1,95,6,2,4,-2.2593580971230764e-05,0.0064801725623470086,RU-Alto-1,KO-Tenor-1
GTSinger_same_text_control,wavlm_l12,12,67,IT-Soprano-1,81,4,1,3,0.010155490225321473,0.006989607785395147,RU-Alto-1,KO-Tenor-1
GTSinger_same_text_control,wavlm_l12,12,67,KO-Soprano-1,93,4,3,1,0.008601083401472032,0.0030488986207587443,RU-Alto-1,KO-Tenor-1
GTSinger_same_text_control,wavlm_l12,12,67,KO-Soprano-2,102,2,1,1,0.017604735702393848,0.007265868734172565,RU-Alto-1,KO-Tenor-1
GTSinger_same_text_control,wavlm_l12,12,67,KO-Tenor-1,99,5,1,4,0.0013262390954141834,0.008158702782236849,RU-Alto-1,IT-Bass-1
GTSinger_same_text_control,wavlm_l12,12,67,RU-Alto-1,97,1,1,0,0.02360667044321252,0.005417850766330057,DE-Soprano-1,KO-Soprano-2
GTSinger_same_text_control,wavlm_l12,12,71,DE-Soprano-1,98,2,1,1,0.019164772563650456,0.008556843617028131,RU-Alto-1,EN-Alto-2
GTSinger_same_text_control,wavlm_l12,12,71,EN-Alto-2,99,1,1,0,0.02732230252311929,0.013209750186538471,RU-Alto-1,DE-Soprano-1
GTSinger_same_text_control,wavlm_l12,12,71,EN-Tenor-1,94,9,1,8,-0.007402459090845914,0.00539473019219594,RU-Alto-1,DE-Soprano-1
GTSinger_same_text_control,wavlm_l12,12,71,ES-Soprano-1,101,2,1,1,0.017820599704692075,0.0060645449224162595,RU-Alto-1,EN-Alto-2
GTSinger_same_text_control,wavlm_l12,12,71,IT-Soprano-1,81,5,1,4,0.009032897058729561,0.007747831983922704,RU-Alto-1,KO-Tenor-1
GTSinger_same_text_control,wavlm_l12,12,71,JA-Tenor-1,104,10,10,0,-0.03793862217970778,-0.005880872560530048,RU-Alto-1,KO-Tenor-1
GTSinger_same_text_control,wavlm_l12,12,71,KO-Soprano-1,93,5,2,3,0.006792065491258548,0.0021742767330480417,RU-Alto-1,KO-Tenor-1
GTSinger_same_text_control,wavlm_l12,12,71,KO-Tenor-1,99,6,1,5,0.0013840797025204132,0.0094444424100244,RU-Alto-1,IT-Soprano-1
GTSinger_same_text_control,wavlm_l12,12,71,RU-Alto-1,97,1,1,0,0.02194302521468805,0.004737074178895351,ES-Soprano-1,ES-Soprano-1
GTSinger_same_text_control,wavlm_l12,12,71,ZH-Alto-1,95,5,1,4,0.001948138408533917,0.00778403382846149,RU-Alto-1,EN-Tenor-1
GTSinger_same_text_control,wavlm_l12,12,73,DE-Tenor-1,99,6,1,5,0.007942793343766796,0.009671666795687539,EN-Alto-2,ES-Soprano-1
GTSinger_same_text_control,wavlm_l12,12,73,EN-Alto-2,99,1,1,0,0.035736571496124636,0.01912019841145096,ES-Soprano-1,JA-Soprano-1
GTSinger_same_text_control,wavlm_l12,12,73,ES-Soprano-1,101,1,1,0,0.025793396751529585,0.011718802720481092,EN-Alto-2,EN-Alto-2
GTSinger_same_text_control,wavlm_l12,12,73,FR-Tenor-1,100,9,5,4,-0.014103720280480125,-0.0006040210730409168,ES-Soprano-1,DE-Tenor-1
GTSinger_same_text_control,wavlm_l12,12,73,IT-Bass-1,95,7,2,5,0.0033928233227558113,0.004330753046112745,EN-Alto-2,DE-Tenor-1
GTSinger_same_text_control,wavlm_l12,12,73,IT-Bass-2,97,8,7,1,-0.006286279146275553,-0.0008719150698029976,ES-Soprano-1,JA-Soprano-1
GTSinger_same_text_control,wavlm_l12,12,73,IT-Soprano-1,81,3,1,2,0.01555597879532733,0.009950447282816133,ES-Soprano-1,JA-Soprano-1
GTSinger_same_text_control,wavlm_l12,12,73,JA-Soprano-1,103,3,1,2,0.01775546194764599,0.013227446275433707,EN-Alto-2,EN-Alto-2
GTSinger_same_text_control,wavlm_l12,12,73,JA-Tenor-1,104,10,8,2,-0.030934638789935742,-0.005170550529995155,ES-Soprano-1,JA-Soprano-1
GTSinger_same_text_control,wavlm_l12,12,73,ZH-Tenor-1,94,3,1,2,0.018128810470833923,0.010867527342949379,ES-Soprano-1,ES-Soprano-1
GTSinger_same_text_control,wavlm_l12,12,79,EN-Alto-1,97,1,1,0,0.018258243717189093,0.008069513010065421,EN-Alto-2,EN-Alto-2
GTSinger_same_text_control,wavlm_l12,12,79,EN-Alto-2,99,2,1,1,0.020774903166106196,0.010658989459497281,ES-Bass-1,EN-Alto-1
GTSinger_same_text_control,wavlm_l12,12,79,ES-Bass-1,99,1,2,-1,0.022830588826429854,0.0033550929920307393,RU-Alto-1,JA-Soprano-1
GTSinger_same_text_control,wavlm_l12,12,79,ES-Soprano-1,101,3,1,2,0.012626116158107492,0.005474003089529167,ES-Bass-1,JA-Soprano-1
GTSinger_same_text_control,wavlm_l12,12,79,IT-Bass-1,95,7,2,5,-0.005504986324162742,0.006977408622994785,ES-Bass-1,KO-Tenor-1
GTSinger_same_text_control,wavlm_l12,12,79,IT-Bass-2,97,10,3,7,-0.015184541221208714,0.00277822872580602,ES-Bass-1,KO-Tenor-1
GTSinger_same_text_control,wavlm_l12,12,79,JA-Soprano-1,103,6,1,5,0.004270161527841543,0.007920692420923636,ES-Bass-1,EN-Alto-2
GTSinger_same_text_control,wavlm_l12,12,79,KO-Tenor-1,99,7,1,6,-0.004220794023257479,0.009281902236943695,ES-Bass-1,JA-Soprano-1
GTSinger_same_text_control,wavlm_l12,12,79,RU-Alto-1,97,1,3,-2,0.018130049907987944,0.003680564470851855,ES-Bass-1,ZH-Alto-1
GTSinger_same_text_control,wavlm_l12,12,79,ZH-Alto-1,95,7,1,6,-0.00014806345881690497,0.011938211671961851,RU-Alto-1,KO-Tenor-1
GTSinger_same_text_control,wavlm_l12,12,83,DE-Soprano-1,98,3,1,2,0.010820822476040548,0.0064553142864838264,ES-Bass-1,JA-Soprano-1
GTSinger_same_text_control,wavlm_l12,12,83,EN-Alto-2,99,2,1,1,0.017543677422759862,0.009104847337921829,ES-Bass-1,DE-Soprano-1
GTSinger_same_text_control,wavlm_l12,12,83,ES-Bass-1,99,1,3,-2,0.019281238221021457,0.0021298797959596882,RU-Alto-1,IT-Soprano-1
GTSinger_same_text_control,wavlm_l12,12,83,IT-Soprano-1,81,6,1,5,0.0008960050086600502,0.007579070060965032,ES-Bass-1,KO-Tenor-1
GTSinger_same_text_control,wavlm_l12,12,83,JA-Soprano-1,103,6,1,5,0.0008458229654185745,0.006406916372089455,ES-Bass-1,IT-Soprano-1
GTSinger_same_text_control,wavlm_l12,12,83,KO-Soprano-2,102,3,1,2,0.00721991481427553,0.004466003643973648,RU-Alto-1,JA-Soprano-1
GTSinger_same_text_control,wavlm_l12,12,83,KO-Tenor-1,99,8,1,7,-0.006648129893539245,0.009217539517783369,ES-Bass-1,JA-Soprano-1
GTSinger_same_text_control,wavlm_l12,12,83,RU-Alto-1,97,1,3,-2,0.014476661300253935,0.0022527194271704243,ES-Bass-1,KO-Tenor-1
GTSinger_same_text_control,wavlm_l12,12,83,ZH-Alto-1,95,8,1,7,-0.0045370429996026695,0.008798156688077596,RU-Alto-1,ZH-Tenor-1
GTSinger_same_text_control,wavlm_l12,12,83,ZH-Tenor-1,94,6,1,5,0.003022691599811056,0.005548071959147749,RU-Alto-1,ZH-Alto-1
GTSinger_same_text_control,wavlm_l12,12,89,DE-Soprano-1,98,4,1,3,0.015015465926421112,0.009031388848990685,ES-Bass-1,EN-Alto-1
GTSinger_same_text_control,wavlm_l12,12,89,DE-Tenor-1,99,8,1,7,-0.004605173560831344,0.007130040707151064,ES-Bass-1,DE-Soprano-1
GTSinger_same_text_control,wavlm_l12,12,89,EN-Alto-1,97,1,1,0,0.019059677800779662,0.008878567896482559,ES-Bass-1,DE-Soprano-1
GTSinger_same_text_control,wavlm_l12,12,89,ES-Bass-1,99,1,1,0,0.023043405036368148,0.004056621514727743,RU-Alto-1,DE-Soprano-1
GTSinger_same_text_control,wavlm_l12,12,89,ES-Soprano-1,101,3,1,2,0.013726922260309582,0.00716287275330707,ES-Bass-1,KO-Soprano-2
GTSinger_same_text_control,wavlm_l12,12,89,FR-Tenor-1,100,10,3,7,-0.02254315570582277,0.004177021712076456,ES-Bass-1,DE-Tenor-1
GTSinger_same_text_control,wavlm_l12,12,89,IT-Bass-2,97,9,4,5,-0.015802259706768962,0.001412941488185715,ES-Bass-1,FR-Tenor-1
GTSinger_same_text_control,wavlm_l12,12,89,IT-Soprano-1,81,7,1,6,0.004237938700136112,0.007265125353219659,ES-Bass-1,DE-Tenor-1
GTSinger_same_text_control,wavlm_l12,12,89,KO-Soprano-2,102,3,1,2,0.012087198286973133,0.008082510445373892,RU-Alto-1,ES-Soprano-1
GTSinger_same_text_control,wavlm_l12,12,89,RU-Alto-1,97,1,1,0,0.01857048711773235,0.005044993660331842,ES-Bass-1,KO-Soprano-2
GTSinger_same_text_control,wavlm_l12,12,97,DE-Soprano-1,98,2,1,1,0.025802503566887514,0.011537653514206547,RU-Alto-1,ES-Soprano-1
GTSinger_same_text_control,wavlm_l12,12,97,DE-Tenor-1,99,5,1,4,0.006022020764484326,0.008301841761915951,RU-Alto-1,DE-Soprano-1
GTSinger_same_text_control,wavlm_l12,12,97,EN-Tenor-1,94,7,1,6,-0.0015130915301708736,0.007215977623842629,RU-Alto-1,DE-Soprano-1
GTSinger_same_text_control,wavlm_l12,12,97,ES-Soprano-1,101,2,1,1,0.024555298053473562,0.00994191555735291,RU-Alto-1,DE-Soprano-1
GTSinger_same_text_control,wavlm_l12,12,97,FR-Tenor-1,100,9,5,4,-0.014269683690394497,-0.0005967810181131128,RU-Alto-1,DE-Tenor-1
GTSinger_same_text_control,wavlm_l12,12,97,IT-Bass-1,95,6,1,5,0.0035969162332549764,0.006211532753004012,RU-Alto-1,DE-Tenor-1
GTSinger_same_text_control,wavlm_l12,12,97,JA-Tenor-1,104,10,9,1,-0.032470466211759974,-0.006022655770912433,RU-Alto-1,ES-Soprano-1
GTSinger_same_text_control,wavlm_l12,12,97,RU-Alto-1,97,1,1,0,0.027601293497967472,0.0074172791005509,ES-Soprano-1,ES-Soprano-1
GTSinger_same_text_control,wavlm_l12,12,97,ZH-Alto-1,95,5,1,4,0.006697642798338399,0.008845533415925422,RU-Alto-1,ZH-Tenor-1
GTSinger_same_text_control,wavlm_l12,12,97,ZH-Tenor-1,94,4,1,3,0.015399837798675153,0.00804950794720416,RU-Alto-1,ZH-Alto-1
GTSinger_same_text_control,wavlm_l12,12,101,EN-Tenor-1,94,8,1,7,-0.0044745448613841,0.007775665913468677,ES-Bass-1,ZH-Alto-1
GTSinger_same_text_control,wavlm_l12,12,101,ES-Bass-1,99,1,1,0,0.030693744850536997,0.0069519724102717895,ES-Soprano-1,ES-Soprano-1
GTSinger_same_text_control,wavlm_l12,12,101,ES-Soprano-1,101,2,1,1,0.020355047227408107,0.0074289819679843605,ES-Bass-1,KO-Soprano-2
GTSinger_same_text_control,wavlm_l12,12,101,FR-Tenor-1,100,10,4,6,-0.01706741989622973,0.0022711311644861842,ES-Bass-1,KO-Tenor-1
GTSinger_same_text_control,wavlm_l12,12,101,IT-Bass-2,97,8,2,6,-0.009625771143191741,0.002574703064694095,ES-Bass-1,KO-Tenor-1
GTSinger_same_text_control,wavlm_l12,12,101,KO-Soprano-1,93,4,2,2,0.009464153975798029,0.004748897675591612,ES-Bass-1,KO-Tenor-1
GTSinger_same_text_control,wavlm_l12,12,101,KO-Soprano-2,102,2,1,1,0.01747361401073877,0.007185356287676137,ES-Bass-1,ES-Soprano-1
GTSinger_same_text_control,wavlm_l12,12,101,KO-Tenor-1,99,4,1,3,0.0028306239792904586,0.009934699573953765,ES-Bass-1,ZH-Alto-1
GTSinger_same_text_control,wavlm_l12,12,101,ZH-Alto-1,95,5,1,4,0.0038710844224560947,0.008829998358466207,ES-Soprano-1,EN-Tenor-1
GTSinger_same_text_control,wavlm_l12,12,101,ZH-Tenor-1,94,4,1,3,0.012165475167529083,0.00744691663575292,ES-Bass-1,ZH-Alto-1
GTSinger_same_text_control,wavlm_l12,12,103,DE-Tenor-1,99,8,1,7,-0.007536128432411693,0.0072164755801072955,ES-Bass-1,KO-Tenor-1
GTSinger_same_text_control,wavlm_l12,12,103,EN-Alto-1,97,1,1,0,0.015039710369867398,0.0055686076898393555,ES-Bass-1,DE-Tenor-1
GTSinger_same_text_control,wavlm_l12,12,103,ES-Bass-1,99,1,2,-1,0.0188755225988666,0.001436353378582611,RU-Alto-1,FR-Soprano-1
GTSinger_same_text_control,wavlm_l12,12,103,ES-Soprano-1,101,3,1,2,0.00949001637178315,0.0037795517064126427,ES-Bass-1,FR-Soprano-1
GTSinger_same_text_control,wavlm_l12,12,103,FR-Soprano-1,106,6,1,5,0.0006440097521501764,0.007277046897189998,ES-Bass-1,IT-Soprano-1
GTSinger_same_text_control,wavlm_l12,12,103,IT-Soprano-1,81,6,1,5,0.0004500577174085807,0.006114776807303102,ES-Bass-1,KO-Tenor-1
GTSinger_same_text_control,wavlm_l12,12,103,KO-Soprano-1,93,6,3,3,-0.000606817958456074,0.002554562029658869,ES-Bass-1,KO-Tenor-1
GTSinger_same_text_control,wavlm_l12,12,103,KO-Soprano-2,102,3,1,2,0.008193880104589324,0.005288912655735389,RU-Alto-1,KO-Tenor-1
GTSinger_same_text_control,wavlm_l12,12,103,KO-Tenor-1,99,8,1,7,-0.006222059916926592,0.00992363794230211,ES-Bass-1,DE-Tenor-1
GTSinger_same_text_control,wavlm_l12,12,103,RU-Alto-1,97,1,2,-1,0.014889551028993253,0.00297067605954493,ES-Bass-1,KO-Tenor-1
GTSinger_same_text_control,wavlm_l12,12,107,DE-Soprano-1,98,2,1,1,0.02297451539123796,0.01084574608038047,ES-Bass-1,EN-Alto-2
GTSinger_same_text_control,wavlm_l12,12,107,DE-Tenor-1,99,6,1,5,0.0038566209591617273,0.007835395224260466,ES-Bass-1,DE-Soprano-1
GTSinger_same_text_control,wavlm_l12,12,107,EN-Alto-2,99,2,1,1,0.030508675453251755,0.01496726943223703,ES-Bass-1,ES-Bass-1
GTSinger_same_text_control,wavlm_l12,12,107,ES-Bass-1,99,1,1,0,0.031309730658116264,0.00890687255515632,EN-Alto-2,JA-Soprano-1
GTSinger_same_text_control,wavlm_l12,12,107,FR-Tenor-1,100,9,4,5,-0.01573090519728393,0.0011940817397561032,ES-Bass-1,DE-Tenor-1
GTSinger_same_text_control,wavlm_l12,12,107,JA-Soprano-1,103,4,1,3,0.012641792484421543,0.009561438439279812,ES-Bass-1,ES-Bass-1
GTSinger_same_text_control,wavlm_l12,12,107,JA-Tenor-1,104,10,9,1,-0.03462599544908984,-0.00690051092364008,ES-Bass-1,JA-Soprano-1
GTSinger_same_text_control,wavlm_l12,12,107,KO-Soprano-1,93,4,2,2,0.010474255370043761,0.005249355557120361,ES-Bass-1,JA-Soprano-1
GTSinger_same_text_control,wavlm_l12,12,107,KO-Tenor-1,99,5,1,4,0.0034795418431079472,0.00855334818591924,ES-Bass-1,JA-Soprano-1
GTSinger_same_text_control,wavlm_l12,12,107,ZH-Alto-1,95,5,1,4,0.006720865031912715,0.010214558461770884,DE-Soprano-1,JA-Soprano-1
GTSinger_same_text_control,wavlm_l12,12,109,EN-Alto-1,97,1,1,0,0.022932660823628992,0.008084043147965403,ES-Bass-1,ZH-Alto-1
GTSinger_same_text_control,wavlm_l12,12,109,ES-Bass-1,99,1,2,-1,0.02778724564137114,0.005020806415378054,RU-Alto-1,FR-Soprano-1
GTSinger_same_text_control,wavlm_l12,12,109,ES-Soprano-1,101,3,1,2,0.017759000286721505,0.006649245316110219,ES-Bass-1,KO-Soprano-2
GTSinger_same_text_control,wavlm_l12,12,109,FR-Soprano-1,106,6,1,5,0.008635738668569481,0.008299244152639607,ES-Bass-1,KO-Tenor-1
GTSinger_same_text_control,wavlm_l12,12,109,FR-Tenor-1,100,9,2,7,-0.018113617177646035,0.0038813759184512797,ES-Bass-1,KO-Tenor-1
GTSinger_same_text_control,wavlm_l12,12,109,JA-Tenor-1,104,10,9,1,-0.03814329871734068,-0.002939526452376273,ES-Bass-1,KO-Tenor-1
GTSinger_same_text_control,wavlm_l12,12,109,KO-Soprano-2,102,3,1,2,0.015795252001364446,0.0071313789503382186,RU-Alto-1,ES-Soprano-1
GTSinger_same_text_control,wavlm_l12,12,109,KO-Tenor-1,99,7,1,6,0.0010249249758713663,0.009945469476246416,ES-Bass-1,FR-Soprano-1
GTSinger_same_text_control,wavlm_l12,12,109,RU-Alto-1,97,1,1,0,0.022816983830239224,0.0054433023094604405,ES-Bass-1,ZH-Alto-1
GTSinger_same_text_control,wavlm_l12,12,109,ZH-Alto-1,95,6,1,5,0.0032835920374115757,0.010772799230710506,RU-Alto-1,KO-Soprano-2
GTSinger_same_text_control,wavlm_l12,12,113,EN-Alto-1,97,1,1,0,0.02928166138127386,0.01090842872954767,ES-Bass-1,EN-Tenor-1
GTSinger_same_text_control,wavlm_l12,12,113,EN-Tenor-1,94,7,1,6,0.00029338546958990186,0.009421897564053983,EN-Alto-1,EN-Alto-1
GTSinger_same_text_control,wavlm_l12,12,113,ES-Bass-1,99,1,1,0,0.03502900073028825,0.009008482887442826,EN-Alto-1,EN-Alto-1
GTSinger_same_text_control,wavlm_l12,12,113,FR-Tenor-1,100,9,6,3,-0.013986716265992238,-0.000803846718083312,ES-Bass-1,KO-Tenor-1
GTSinger_same_text_control,wavlm_l12,12,113,IT-Bass-1,95,4,2,2,0.004282734287053835,0.0069278787662462316,ES-Bass-1,KO-Tenor-1
GTSinger_same_text_control,wavlm_l12,12,113,IT-Soprano-1,81,3,1,2,0.015113801247673031,0.00866688640254265,ES-Bass-1,KO-Tenor-1
GTSinger_same_text_control,wavlm_l12,12,113,JA-Tenor-1,104,10,9,1,-0.03184249349658508,-0.005205492976492421,ES-Bass-1,KO-Tenor-1
GTSinger_same_text_control,wavlm_l12,12,113,KO-Soprano-1,93,3,2,1,0.013659055822429211,0.0053097452034629455,ES-Bass-1,KO-Tenor-1
GTSinger_same_text_control,wavlm_l12,12,113,KO-Tenor-1,99,4,1,3,0.006259817060586204,0.009533644366965133,ES-Bass-1,IT-Bass-1
GTSinger_same_text_control,wavlm_l12,12,113,ZH-Alto-1,95,3,1,2,0.009168731425345689,0.011818285549289431,EN-Alto-1,EN-Tenor-1
GTSinger_same_text_control,wavlm_l12,12,127,DE-Soprano-1,98,3,1,2,0.022301593024202537,0.010457103039068993,RU-Alto-1,EN-Alto-1
GTSinger_same_text_control,wavlm_l12,12,127,EN-Alto-1,97,1,1,0,0.025747921602589874,0.010149565396402882,RU-Alto-1,DE-Soprano-1
GTSinger_same_text_control,wavlm_l12,12,127,IT-Bass-1,95,6,2,4,0.00026923634604192337,0.0057201509945778994,RU-Alto-1,KO-Tenor-1
GTSinger_same_text_control,wavlm_l12,12,127,IT-Bass-2,97,9,5,4,-0.009325390735007488,0.0012169271450227503,RU-Alto-1,KO-Tenor-1
GTSinger_same_text_control,wavlm_l12,12,127,IT-Soprano-1,81,4,1,3,0.010678914017790198,0.007906402344982855,RU-Alto-1,JA-Soprano-1
GTSinger_same_text_control,wavlm_l12,12,127,JA-Soprano-1,103,4,1,3,0.011896537273922037,0.009659091171871026,RU-Alto-1,IT-Soprano-1
GTSinger_same_text_control,wavlm_l12,12,127,JA-Tenor-1,104,10,8,2,-0.035404743570087605,-0.0035817471470633855,RU-Alto-1,JA-Soprano-1
GTSinger_same_text_control,wavlm_l12,12,127,KO-Soprano-1,93,4,2,2,0.00936107734520275,0.0055162504819987745,RU-Alto-1,JA-Soprano-1
GTSinger_same_text_control,wavlm_l12,12,127,KO-Tenor-1,99,6,1,5,0.001419542196381518,0.007679462740288745,RU-Alto-1,JA-Soprano-1
GTSinger_same_text_control,wavlm_l12,12,127,RU-Alto-1,97,1,1,0,0.024554262169222518,0.005730148238073829,EN-Alto-1,JA-Soprano-1
GTSinger_same_text_control,wavlm_l12,12,131,DE-Tenor-1,99,5,1,4,0.0075543430006006496,0.00886244680724646,ES-Bass-1,ES-Bass-1
GTSinger_same_text_control,wavlm_l12,12,131,ES-Bass-1,99,1,1,0,0.03541144590149714,0.010963453367315301,ES-Soprano-1,JA-Soprano-1
GTSinger_same_text_control,wavlm_l12,12,131,ES-Soprano-1,101,2,1,1,0.025731382648425782,0.011049342434265252,ES-Bass-1,JA-Soprano-1
GTSinger_same_text_control,wavlm_l12,12,131,FR-Tenor-1,100,9,6,3,-0.013890942254367822,-0.00025126303325462285,ES-Bass-1,DE-Tenor-1
GTSinger_same_text_control,wavlm_l12,12,131,IT-Bass-2,97,8,6,2,-0.006002022380095284,0.00036755680863120865,ES-Bass-1,KO-Tenor-1
GTSinger_same_text_control,wavlm_l12,12,131,JA-Soprano-1,103,3,1,2,0.017021160767793808,0.011803071624511441,ES-Bass-1,ES-Bass-1
GTSinger_same_text_control,wavlm_l12,12,131,JA-Tenor-1,104,10,8,2,-0.03164769902007636,-0.006480055697739018,ES-Bass-1,JA-Soprano-1
GTSinger_same_text_control,wavlm_l12,12,131,KO-Soprano-1,93,3,2,1,0.014267112830628759,0.007361797883357224,ES-Bass-1,JA-Soprano-1
GTSinger_same_text_control,wavlm_l12,12,131,KO-Tenor-1,99,4,1,3,0.006051796811151533,0.008661932536835448,ES-Bass-1,JA-Soprano-1
GTSinger_same_text_control,wavlm_l12,12,131,ZH-Alto-1,95,4,1,3,0.00963831583273389,0.011070353578054637,ES-Soprano-1,ES-Soprano-1
GTSinger_same_text_control,wavlm_l12,12,137,DE-Soprano-1,98,3,1,2,0.0209491776138101,0.00992784629911958,ES-Bass-1,EN-Alto-1
GTSinger_same_text_control,wavlm_l12,12,137,EN-Alto-1,97,1,1,0,0.02398334275754599,0.008903522256197949,ES-Bass-1,DE-Soprano-1
GTSinger_same_text_control,wavlm_l12,12,137,ES-Bass-1,99,1,1,0,0.029257568847796178,0.0068225277643086946,EN-Alto-1,DE-Soprano-1
GTSinger_same_text_control,wavlm_l12,12,137,ES-Soprano-1,101,2,1,1,0.019811851153790583,0.008168158845801021,ES-Bass-1,DE-Soprano-1
GTSinger_same_text_control,wavlm_l12,12,137,FR-Tenor-1,100,9,4,5,-0.017251720120819103,0.0020046022521367224,ES-Bass-1,KO-Tenor-1
GTSinger_same_text_control,wavlm_l12,12,137,IT-Soprano-1,81,5,1,4,0.010225119506281133,0.008076594000119841,ES-Bass-1,KO-Tenor-1
GTSinger_same_text_control,wavlm_l12,12,137,JA-Tenor-1,104,10,9,1,-0.03659964599190557,-0.004325007214811438,ES-Bass-1,KO-Tenor-1
GTSinger_same_text_control,wavlm_l12,12,137,KO-Soprano-1,93,5,2,3,0.008775615319397967,0.004267643265192911,ES-Bass-1,KO-Tenor-1
GTSinger_same_text_control,wavlm_l12,12,137,KO-Tenor-1,99,6,1,5,0.0024621411003027394,0.010117717075750488,ES-Bass-1,IT-Soprano-1
GTSinger_same_text_control,wavlm_l12,12,137,ZH-Alto-1,95,5,1,4,0.0045899479066675575,0.01085524939460103,ES-Soprano-1,ES-Soprano-1
GTSinger_same_text_control,wavlm_l12,12,139,EN-Alto-1,97,1,1,0,0.026812685986163487,0.008772345784419544,ES-Soprano-1,EN-Tenor-1
GTSinger_same_text_control,wavlm_l12,12,139,EN-Tenor-1,94,8,1,7,-0.002758231836570535,0.005717534808303393,EN-Alto-1,EN-Alto-1
GTSinger_same_text_control,wavlm_l12,12,139,ES-Soprano-1,101,1,1,0,0.022477508066020224,0.007633412042501009,EN-Alto-1,JA-Soprano-1
GTSinger_same_text_control,wavlm_l12,12,139,FR-Soprano-1,106,3,1,2,0.012881291096990433,0.008234323858709813,EN-Alto-1,JA-Soprano-1
GTSinger_same_text_control,wavlm_l12,12,139,IT-Bass-2,97,8,2,6,-0.005985097424684782,0.0027422720356398145,ES-Soprano-1,KO-Tenor-1
GTSinger_same_text_control,wavlm_l12,12,139,JA-Soprano-1,103,3,1,2,0.016188515802500136,0.010740838182942913,EN-Alto-1,FR-Soprano-1
GTSinger_same_text_control,wavlm_l12,12,139,JA-Tenor-1,104,10,9,1,-0.033692221524300625,-0.006322004030381856,ES-Soprano-1,JA-Soprano-1
GTSinger_same_text_control,wavlm_l12,12,139,KO-Tenor-1,99,5,1,4,0.004857809519567269,0.00852123029785512,EN-Alto-1,JA-Soprano-1
GTSinger_same_text_control,wavlm_l12,12,139,ZH-Alto-1,95,5,1,4,0.005946750870078343,0.007526046683319243,ES-Soprano-1,ZH-Tenor-1
GTSinger_same_text_control,wavlm_l12,12,139,ZH-Tenor-1,94,3,1,2,0.014915996648860008,0.00709293661932342,ES-Soprano-1,ZH-Alto-1
GTSinger_same_text_control,wavlm_l12,12,149,EN-Alto-1,97,1,1,0,0.024458967289838318,0.009327625054397881,EN-Alto-2,EN-Alto-2
GTSinger_same_text_control,wavlm_l12,12,149,EN-Alto-2,99,1,1,0,0.028833561372678895,0.013824398586608333,EN-Alto-1,EN-Alto-1
GTSinger_same_text_control,wavlm_l12,12,149,ES-Soprano-1,101,2,1,1,0.01989366397382486,0.007596834704685307,RU-Alto-1,JA-Soprano-1
GTSinger_same_text_control,wavlm_l12,12,149,FR-Tenor-1,100,9,3,6,-0.016827234193629637,0.0025993542991270546,RU-Alto-1,IT-Soprano-1
GTSinger_same_text_control,wavlm_l12,12,149,IT-Bass-1,95,7,1,6,0.0009271165563891071,0.0071701091802841566,RU-Alto-1,JA-Soprano-1
GTSinger_same_text_control,wavlm_l12,12,149,IT-Soprano-1,81,5,1,4,0.010677644284075916,0.00848863923563603,RU-Alto-1,JA-Soprano-1
GTSinger_same_text_control,wavlm_l12,12,149,JA-Soprano-1,103,5,1,4,0.011475613120310424,0.009516071165170392,RU-Alto-1,EN-Alto-2
GTSinger_same_text_control,wavlm_l12,12,149,JA-Tenor-1,104,10,9,1,-0.035929988454011186,-0.0037653108448152395,RU-Alto-1,JA-Soprano-1
GTSinger_same_text_control,wavlm_l12,12,149,RU-Alto-1,97,1,1,0,0.02439592332613094,0.006049708232213846,ES-Soprano-1,ES-Soprano-1
GTSinger_same_text_control,wavlm_l12,12,149,ZH-Alto-1,95,6,1,5,0.004917701646958705,0.010560925235130636,RU-Alto-1,ES-Soprano-1
GTSinger_same_text_control,wavlm_l12,12,151,DE-Soprano-1,98,2,1,1,0.02327418484489263,0.011418032909403464,ES-Bass-1,FR-Soprano-1
GTSinger_same_text_control,wavlm_l12,12,151,EN-Tenor-1,94,7,1,6,-0.003375071739130764,0.008206552872095263,ES-Bass-1,DE-Soprano-1
GTSinger_same_text_control,wavlm_l12,12,151,ES-Bass-1,99,1,1,0,0.03139402431612914,0.008151916479877008,DE-Soprano-1,FR-Soprano-1
GTSinger_same_text_control,wavlm_l12,12,151,FR-Soprano-1,106,4,1,3,0.011657866404483186,0.009647163714300189,ES-Bass-1,JA-Soprano-1
GTSinger_same_text_control,wavlm_l12,12,151,IT-Bass-1,95,7,1,6,0.0009558286179174313,0.005258334195988534,ES-Bass-1,IT-Bass-2
GTSinger_same_text_control,wavlm_l12,12,151,IT-Bass-2,97,8,6,2,-0.008919520635540579,0.0001840284104208667,ES-Bass-1,IT-Bass-1
GTSinger_same_text_control,wavlm_l12,12,151,JA-Soprano-1,103,4,1,3,0.013379960287301929,0.010396287010574823,ES-Bass-1,FR-Soprano-1
GTSinger_same_text_control,wavlm_l12,12,151,JA-Tenor-1,104,10,9,1,-0.0351455545653262,-0.0049393670855132354,ES-Bass-1,KO-Soprano-2
GTSinger_same_text_control,wavlm_l12,12,151,KO-Soprano-2,102,2,1,1,0.018773478664127485,0.00896033618723524,ES-Bass-1,JA-Soprano-1
GTSinger_same_text_control,wavlm_l12,12,151,ZH-Tenor-1,94,4,1,3,0.014035112717170839,0.008649774942818711,ES-Bass-1,KO-Soprano-2
GTSinger_same_text_control,wavlm_l12,12,157,ES-Soprano-1,101,2,1,1,0.023764509304726733,0.010145389248916503,RU-Alto-1,KO-Soprano-2
GTSinger_same_text_control,wavlm_l12,12,157,FR-Soprano-1,106,4,1,3,0.013375361156577559,0.01005991514518434,RU-Alto-1,IT-Soprano-1
GTSinger_same_text_control,wavlm_l12,12,157,FR-Tenor-1,100,9,5,4,-0.015092573927583564,0.0002618397894305069,RU-Alto-1,IT-Soprano-1
GTSinger_same_text_control,wavlm_l12,12,157,IT-Bass-1,95,6,1,5,0.0031824197688569145,0.006658387047299041,RU-Alto-1,IT-Bass-2
GTSinger_same_text_control,wavlm_l12,12,157,IT-Bass-2,97,8,4,4,-0.0077281088054661495,0.0014907681816314078,RU-Alto-1,IT-Bass-1
GTSinger_same_text_control,wavlm_l12,12,157,IT-Soprano-1,81,4,1,3,0.01341755839815284,0.009047511061364477,RU-Alto-1,FR-Soprano-1
GTSinger_same_text_control,wavlm_l12,12,157,JA-Tenor-1,104,10,7,3,-0.03282511106713715,-0.002880884744522194,RU-Alto-1,KO-Soprano-2
GTSinger_same_text_control,wavlm_l12,12,157,KO-Soprano-1,93,4,3,1,0.01245824113761429,0.0060503030107591504,RU-Alto-1,FR-Soprano-1
GTSinger_same_text_control,wavlm_l12,12,157,KO-Soprano-2,102,2,1,1,0.02102498963419197,0.009708016970884525,RU-Alto-1,ES-Soprano-1
GTSinger_same_text_control,wavlm_l12,12,157,RU-Alto-1,97,1,1,0,0.027522250638396084,0.008056405445136972,ES-Soprano-1,ES-Soprano-1
GTSinger_same_text_control,wavlm_l12,12,163,DE-Soprano-1,98,2,1,1,0.0140209829155441,0.005888951922100372,RU-Alto-1,FR-Soprano-1
GTSinger_same_text_control,wavlm_l12,12,163,DE-Tenor-1,99,7,1,6,-0.004126040799405262,0.00606613809710832,RU-Alto-1,DE-Soprano-1
GTSinger_same_text_control,wavlm_l12,12,163,EN-Alto-2,99,1,1,0,0.02203886737548777,0.009838559281049708,RU-Alto-1,DE-Soprano-1
GTSinger_same_text_control,wavlm_l12,12,163,EN-Tenor-1,94,10,1,9,-0.011816284652463982,0.0049786293246338875,RU-Alto-1,DE-Soprano-1
GTSinger_same_text_control,wavlm_l12,12,163,FR-Soprano-1,106,5,1,4,0.00414186325558652,0.006201277741622491,RU-Alto-1,IT-Soprano-1
GTSinger_same_text_control,wavlm_l12,12,163,IT-Soprano-1,81,5,1,4,0.0042235045351427525,0.006122635564368317,RU-Alto-1,FR-Soprano-1
GTSinger_same_text_control,wavlm_l12,12,163,KO-Soprano-2,102,2,1,1,0.011384493001325713,0.004956260070734242,RU-Alto-1,KO-Tenor-1
GTSinger_same_text_control,wavlm_l12,12,163,KO-Tenor-1,99,7,1,6,-0.0032847014961242538,0.008104505056169775,RU-Alto-1,DE-Tenor-1
GTSinger_same_text_control,wavlm_l12,12,163,RU-Alto-1,97,1,1,0,0.01785122618570234,0.0028840490499523197,DE-Soprano-1,KO-Tenor-1
GTSinger_same_text_control,wavlm_l12,12,163,ZH-Tenor-1,94,5,1,4,0.006419122288495505,0.005274707404402501,RU-Alto-1,KO-Soprano-2
GTSinger_same_text_control,wavlm_l12,12,167,DE-Soprano-1,98,3,1,2,0.022646011516327946,0.010327479298877007,ES-Bass-1,EN-Alto-1
GTSinger_same_text_control,wavlm_l12,12,167,EN-Alto-1,97,1,1,0,0.02599424323582411,0.009949934100704882,ES-Bass-1,DE-Soprano-1
GTSinger_same_text_control,wavlm_l12,12,167,ES-Bass-1,99,1,1,0,0.03038999446406343,0.007105270810059072,EN-Alto-1,FR-Soprano-1
GTSinger_same_text_control,wavlm_l12,12,167,FR-Soprano-1,106,4,1,3,0.011343151989992473,0.009302694845937598,ES-Bass-1,JA-Soprano-1
GTSinger_same_text_control,wavlm_l12,12,167,FR-Tenor-1,100,9,5,4,-0.016392372191123217,0.0013817865858738454,ES-Bass-1,KO-Tenor-1
GTSinger_same_text_control,wavlm_l12,12,167,IT-Bass-1,95,6,2,4,0.0018637447486714587,0.007258457297669496,ES-Bass-1,KO-Tenor-1
GTSinger_same_text_control,wavlm_l12,12,167,JA-Soprano-1,103,4,1,3,0.011324231793617412,0.008867032697548294,ES-Bass-1,FR-Soprano-1
GTSinger_same_text_control,wavlm_l12,12,167,JA-Tenor-1,104,10,9,1,-0.03473399807209432,-0.004085106955375228,ES-Bass-1,JA-Soprano-1
GTSinger_same_text_control,wavlm_l12,12,167,KO-Soprano-1,93,4,3,1,0.009980391782792974,0.005072830599942124,ES-Bass-1,JA-Soprano-1
GTSinger_same_text_control,wavlm_l12,12,167,KO-Tenor-1,99,6,1,5,0.002589252139425069,0.00858686246860152,ES-Bass-1,JA-Soprano-1
GTSinger_same_text_control,wavlm_l12,12,173,EN-Tenor-1,94,10,1,9,-0.010947893062978609,0.006247738946099646,RU-Alto-1,ZH-Alto-1
GTSinger_same_text_control,wavlm_l12,12,173,ES-Bass-1,99,1,1,0,0.02373541009643143,0.0034666069432945923,RU-Alto-1,JA-Soprano-1
GTSinger_same_text_control,wavlm_l12,12,173,IT-Soprano-1,81,4,1,3,0.004622215445218236,0.007071998976913241,ES-Bass-1,KO-Tenor-1
GTSinger_same_text_control,wavlm_l12,12,173,JA-Soprano-1,103,4,1,3,0.005532878377379813,0.00732776652317102,ES-Bass-1,ES-Bass-1
GTSinger_same_text_control,wavlm_l12,12,173,KO-Soprano-1,93,4,3,1,0.0024589229618593444,0.002113879251565587,ES-Bass-1,KO-Tenor-1
GTSinger_same_text_control,wavlm_l12,12,173,KO-Soprano-2,102,3,1,2,0.010943260658201504,0.004463634087686685,RU-Alto-1,JA-Soprano-1
GTSinger_same_text_control,wavlm_l12,12,173,KO-Tenor-1,99,6,1,5,-0.003074346354906221,0.00886327976196244,ES-Bass-1,JA-Soprano-1
GTSinger_same_text_control,wavlm_l12,12,173,RU-Alto-1,97,1,1,0,0.017875273071833675,0.00267253451743632,ES-Bass-1,KO-Tenor-1
GTSinger_same_text_control,wavlm_l12,12,173,ZH-Alto-1,95,6,1,5,-0.002008215522068424,0.007338734774427147,RU-Alto-1,EN-Tenor-1
GTSinger_same_text_control,wavlm_l12,12,173,ZH-Tenor-1,94,4,1,3,0.006360080605771645,0.005603078245484117,RU-Alto-1,ZH-Alto-1
GTSinger_same_text_control,wavlm_l12,12,179,DE-Tenor-1,99,6,1,5,-0.0008807444026733835,0.00736410374338492,ES-Bass-1,RU-Alto-1
GTSinger_same_text_control,wavlm_l12,12,179,ES-Bass-1,99,1,2,-1,0.02656693437801516,0.004426156722015073,RU-Alto-1,FR-Soprano-1
GTSinger_same_text_control,wavlm_l12,12,179,ES-Soprano-1,101,3,1,2,0.017054184917555615,0.007472967644562067,ES-Bass-1,KO-Soprano-2
GTSinger_same_text_control,wavlm_l12,12,179,FR-Soprano-1,106,5,1,4,0.007697425576015604,0.00881691365046755,ES-Bass-1,IT-Soprano-1
GTSinger_same_text_control,wavlm_l12,12,179,FR-Tenor-1,100,10,4,6,-0.02033505274242009,0.0021018841484869988,ES-Bass-1,DE-Tenor-1
GTSinger_same_text_control,wavlm_l12,12,179,IT-Bass-2,97,9,4,5,-0.013052273965807326,0.0007044796523041352,ES-Bass-1,DE-Tenor-1
GTSinger_same_text_control,wavlm_l12,12,179,IT-Soprano-1,81,5,1,4,0.006973761301842796,0.006858203650183747,ES-Bass-1,FR-Soprano-1
GTSinger_same_text_control,wavlm_l12,12,179,KO-Soprano-2,102,3,1,2,0.014872770949965086,0.0077482062576040844,RU-Alto-1,ES-Soprano-1
GTSinger_same_text_control,wavlm_l12,12,179,RU-Alto-1,97,1,1,0,0.021505748315192474,0.005304097431436561,ES-Bass-1,ZH-Alto-1
GTSinger_same_text_control,wavlm_l12,12,179,ZH-Alto-1,95,5,1,4,0.002976127264580408,0.01192317543030219,RU-Alto-1,KO-Soprano-2
GTSinger_same_text_control,wavlm_l12,12,181,DE-Tenor-1,99,6,1,5,0.0005079280982015488,0.007502618525908611,RU-Alto-1,RU-Alto-1
GTSinger_same_text_control,wavlm_l12,12,181,EN-Alto-2,99,1,1,0,0.02784894720415143,0.013167381236943165,RU-Alto-1,RU-Alto-1
GTSinger_same_text_control,wavlm_l12,12,181,EN-Tenor-1,94,8,1,7,-0.006901506445354921,0.006619405577640736,RU-Alto-1,EN-Alto-2
GTSinger_same_text_control,wavlm_l12,12,181,ES-Soprano-1,101,2,1,1,0.01819141638441646,0.005934286424297386,RU-Alto-1,KO-Soprano-2
GTSinger_same_text_control,wavlm_l12,12,181,FR-Tenor-1,100,10,5,5,-0.018486772371112514,0.0018296809605161668,RU-Alto-1,DE-Tenor-1
GTSinger_same_text_control,wavlm_l12,12,181,IT-Bass-1,95,7,2,5,-0.0010680898017411122,0.006892111622147978,RU-Alto-1,KO-Tenor-1
GTSinger_same_text_control,wavlm_l12,12,181,KO-Soprano-2,102,2,1,1,0.01573539466870444,0.006159915302824115,RU-Alto-1,KO-Tenor-1
GTSinger_same_text_control,wavlm_l12,12,181,KO-Tenor-1,99,5,1,4,0.0009319398804528145,0.009341034514050994,RU-Alto-1,IT-Bass-1
GTSinger_same_text_control,wavlm_l12,12,181,RU-Alto-1,97,1,1,0,0.022394679215000046,0.004777297788338464,ES-Soprano-1,KO-Tenor-1
GTSinger_same_text_control,wavlm_l12,12,181,ZH-Tenor-1,94,5,1,4,0.010528511531921692,0.006577975529799995,RU-Alto-1,KO-Soprano-2
GTSinger_same_text_control,wavlm_l12,12,191,DE-Soprano-1,98,3,1,2,0.01834429407007887,0.009028953856583866,RU-Alto-1,EN-Alto-1
GTSinger_same_text_control,wavlm_l12,12,191,EN-Alto-1,97,1,1,0,0.021586276870599552,0.008134388149076188,EN-Alto-2,EN-Alto-2
GTSinger_same_text_control,wavlm_l12,12,191,EN-Alto-2,99,1,1,0,0.025388197108262678,0.012376706248084623,EN-Alto-1,EN-Alto-1
GTSinger_same_text_control,wavlm_l12,12,191,IT-Bass-2,97,9,2,7,-0.011339330374170009,0.0039608601735117155,RU-Alto-1,KO-Tenor-1
GTSinger_same_text_control,wavlm_l12,12,191,IT-Soprano-1,81,6,1,5,0.007784767870939402,0.0077915105936549045,RU-Alto-1,KO-Tenor-1
GTSinger_same_text_control,wavlm_l12,12,191,JA-Tenor-1,104,10,9,1,-0.038398105313059094,-0.0026932756998010454,RU-Alto-1,KO-Tenor-1
GTSinger_same_text_control,wavlm_l12,12,191,KO-Soprano-1,93,6,2,4,0.0061310759960023775,0.004167923188196143,RU-Alto-1,KO-Tenor-1
GTSinger_same_text_control,wavlm_l12,12,191,KO-Soprano-2,102,2,1,1,0.014913585984001498,0.007385911141874479,RU-Alto-1,KO-Tenor-1
GTSinger_same_text_control,wavlm_l12,12,191,KO-Tenor-1,99,7,1,6,-0.0002678554708148706,0.009235653292594015,RU-Alto-1,IT-Soprano-1
GTSinger_same_text_control,wavlm_l12,12,191,RU-Alto-1,97,1,1,0,0.02140930751261738,0.004912557932247097,EN-Alto-1,KO-Soprano-2
GTSinger_same_text_control,wavlm_l12,12,193,DE-Soprano-1,98,1,1,0,0.02447121458106294,0.011379079216720211,EN-Alto-2,EN-Alto-2
GTSinger_same_text_control,wavlm_l12,12,193,DE-Tenor-1,99,5,1,4,0.00446579002625247,0.007890797579631514,DE-Soprano-1,DE-Soprano-1
GTSinger_same_text_control,wavlm_l12,12,193,EN-Alto-2,99,1,1,0,0.031933894026930476,0.015249152677816236,DE-Soprano-1,DE-Soprano-1
GTSinger_same_text_control,wavlm_l12,12,193,FR-Tenor-1,100,10,6,4,-0.015897133557193577,-5.72001307838077e-05,DE-Soprano-1,DE-Tenor-1
GTSinger_same_text_control,wavlm_l12,12,193,IT-Bass-1,95,5,3,2,0.0013352005998616967,0.00436615348004965,EN-Alto-2,KO-Tenor-1
GTSinger_same_text_control,wavlm_l12,12,193,IT-Bass-2,97,9,7,2,-0.008271044997681942,-0.0005104121895875835,DE-Soprano-1,KO-Tenor-1
GTSinger_same_text_control,wavlm_l12,12,193,JA-Soprano-1,103,3,1,2,0.014048960579398972,0.010113786259299595,EN-Alto-2,EN-Alto-2
GTSinger_same_text_control,wavlm_l12,12,193,KO-Soprano-1,93,3,2,1,0.01157934503065361,0.0062590341588454335,EN-Alto-2,JA-Soprano-1
GTSinger_same_text_control,wavlm_l12,12,193,KO-Tenor-1,99,4,1,3,0.0032410108618846634,0.007627195179032209,DE-Soprano-1,JA-Soprano-1
GTSinger_same_text_control,wavlm_l12,12,193,ZH-Alto-1,95,4,1,3,0.007596687806189273,0.010933274760055012,DE-Soprano-1,JA-Soprano-1
GTSinger_same_text_control,wavlm_l12,12,197,EN-Alto-2,99,1,1,0,0.034986954232343215,0.01758227002271351,KO-Soprano-2,JA-Soprano-1
GTSinger_same_text_control,wavlm_l12,12,197,EN-Tenor-1,94,7,1,6,0.0001027760687171142,0.007641647751552072,EN-Alto-2,EN-Alto-2
GTSinger_same_text_control,wavlm_l12,12,197,FR-Tenor-1,100,9,6,3,-0.013135356497839923,0.00020920307706295826,EN-Alto-2,IT-Soprano-1
GTSinger_same_text_control,wavlm_l12,12,197,IT-Bass-1,95,5,1,4,0.0049395782619311435,0.007800538986271421,EN-Alto-2,JA-Soprano-1
GTSinger_same_text_control,wavlm_l12,12,197,IT-Soprano-1,81,3,1,2,0.015546046106990508,0.009669334084429715,EN-Alto-2,JA-Soprano-1
GTSinger_same_text_control,wavlm_l12,12,197,JA-Soprano-1,103,3,1,2,0.016590382523490987,0.011310837075926394,EN-Alto-2,EN-Alto-2
GTSinger_same_text_control,wavlm_l12,12,197,JA-Tenor-1,104,10,9,1,-0.031939603332522215,-0.00709124128001859,KO-Soprano-2,JA-Soprano-1
GTSinger_same_text_control,wavlm_l12,12,197,KO-Soprano-1,93,3,3,0,0.013212060601602182,0.004413943461895942,EN-Alto-2,JA-Soprano-1
GTSinger_same_text_control,wavlm_l12,12,197,KO-Soprano-2,102,1,1,0,0.022190466012358745,0.008980887583730834,EN-Alto-2,JA-Soprano-1
GTSinger_same_text_control,wavlm_l12,12,197,ZH-Alto-1,95,4,1,3,0.008318150461114726,0.009536851304969951,KO-Soprano-2,EN-Tenor-1
GTSinger_same_text_control,wavlm_l12,12,199,DE-Tenor-1,99,5,1,4,0.005395709349623523,0.007723273255553664,EN-Alto-1,KO-Soprano-2
GTSinger_same_text_control,wavlm_l12,12,199,EN-Alto-1,97,1,1,0,0.027462837434306664,0.009517049593441462,KO-Soprano-2,JA-Soprano-1
GTSinger_same_text_control,wavlm_l12,12,199,FR-Soprano-1,106,3,1,2,0.012168965147467015,0.0075590683220130295,EN-Alto-1,IT-Soprano-1
GTSinger_same_text_control,wavlm_l12,12,199,IT-Bass-2,97,9,6,3,-0.007159553771799221,0.0008259376483431558,KO-Soprano-2,KO-Tenor-1
GTSinger_same_text_control,wavlm_l12,12,199,IT-Soprano-1,81,3,1,2,0.012279726063209928,0.006881329949707693,EN-Alto-1,FR-Soprano-1
GTSinger_same_text_control,wavlm_l12,12,199,JA-Soprano-1,103,3,1,2,0.01474150386394768,0.009773555763393338,EN-Alto-1,FR-Soprano-1
GTSinger_same_text_control,wavlm_l12,12,199,JA-Tenor-1,104,10,9,1,-0.033993461111939016,-0.006564962667917729,KO-Soprano-2,KO-Soprano-2
GTSinger_same_text_control,wavlm_l12,12,199,KO-Soprano-2,102,1,1,0,0.01997888931552505,0.008171634410026107,EN-Alto-1,JA-Soprano-1
GTSinger_same_text_control,wavlm_l12,12,199,KO-Tenor-1,99,6,1,5,0.0033919189143909456,0.006787641477509876,EN-Alto-1,JA-Soprano-1
GTSinger_same_text_control,wavlm_l12,12,199,ZH-Alto-1,95,4,1,3,0.006894576588458157,0.00930765814483947,KO-Soprano-2,KO-Soprano-2
GTSinger_same_text_control,wavlm_l12,12,211,DE-Tenor-1,99,6,1,5,0.005875477301431453,0.008544439609731502,ES-Soprano-1,JA-Soprano-1
GTSinger_same_text_control,wavlm_l12,12,211,EN-Tenor-1,94,7,1,6,-0.0009235807497750548,0.008379482584390141,ES-Soprano-1,ES-Soprano-1
GTSinger_same_text_control,wavlm_l12,12,211,ES-Soprano-1,101,1,1,0,0.02404722535901893,0.009743163635300367,JA-Soprano-1,JA-Soprano-1
GTSinger_same_text_control,wavlm_l12,12,211,FR-Tenor-1,100,10,7,3,-0.015654603800534073,-0.0011013833141161333,ES-Soprano-1,DE-Tenor-1
GTSinger_same_text_control,wavlm_l12,12,211,IT-Bass-1,95,6,2,4,0.0021291963604036512,0.004758928031217247,ES-Soprano-1,DE-Tenor-1
GTSinger_same_text_control,wavlm_l12,12,211,IT-Bass-2,97,8,6,2,-0.007653237284342862,-0.00013469534507781766,ES-Soprano-1,JA-Soprano-1
GTSinger_same_text_control,wavlm_l12,12,211,IT-Soprano-1,81,2,1,1,0.013709027966052334,0.008367687946286062,ES-Soprano-1,JA-Soprano-1
GTSinger_same_text_control,wavlm_l12,12,211,JA-Soprano-1,103,2,1,1,0.016169237283986004,0.012186157959018895,ES-Soprano-1,IT-Soprano-1
GTSinger_same_text_control,wavlm_l12,12,211,KO-Soprano-1,93,2,2,0,0.012652772430882475,0.006356291679533332,ES-Soprano-1,JA-Soprano-1
GTSinger_same_text_control,wavlm_l12,12,211,ZH-Tenor-1,94,2,1,1,0.01583628263161918,0.00909990265979721,ES-Soprano-1,ES-Soprano-1
GTSinger_same_text_control,wavlm_l12,12,223,DE-Tenor-1,99,7,1,6,-0.0021269605731982777,0.007683620971579486,ES-Bass-1,RU-Alto-1
GTSinger_same_text_control,wavlm_l12,12,223,EN-Alto-1,97,1,1,0,0.02080233520496888,0.007878195882985106,ES-Bass-1,JA-Soprano-1
GTSinger_same_text_control,wavlm_l12,12,223,ES-Bass-1,99,1,3,-2,0.024839020794526045,0.003639188473559485,RU-Alto-1,FR-Soprano-1
GTSinger_same_text_control,wavlm_l12,12,223,FR-Soprano-1,106,4,1,3,0.006932419271288515,0.009197108784984143,ES-Bass-1,JA-Soprano-1
GTSinger_same_text_control,wavlm_l12,12,223,FR-Tenor-1,100,10,3,7,-0.02072032617124986,0.004097412942176359,ES-Bass-1,DE-Tenor-1
GTSinger_same_text_control,wavlm_l12,12,223,IT-Bass-1,95,8,1,7,-0.0026939599236111,0.007741409322149728,ES-Bass-1,DE-Tenor-1
GTSinger_same_text_control,wavlm_l12,12,223,JA-Soprano-1,103,4,1,3,0.006473147150538594,0.008227302623118549,ES-Bass-1,FR-Soprano-1
GTSinger_same_text_control,wavlm_l12,12,223,KO-Soprano-1,93,4,2,2,0.005193547355902939,0.005388604123794605,ES-Bass-1,JA-Soprano-1
GTSinger_same_text_control,wavlm_l12,12,223,RU-Alto-1,97,1,1,0,0.020890607242162074,0.0053868882015650765,ES-Bass-1,JA-Soprano-1
GTSinger_same_text_control,wavlm_l12,12,223,ZH-Tenor-1,94,4,1,3,0.009531575878300225,0.008757996748809393,RU-Alto-1,JA-Soprano-1
GTSinger_same_text_control,wavlm_l12,12,227,DE-Tenor-1,99,8,1,7,-0.003928898705420236,0.006863723665011645,RU-Alto-1,RU-Alto-1
GTSinger_same_text_control,wavlm_l12,12,227,EN-Alto-1,97,1,1,0,0.017978645783450764,0.0067994085256284365,EN-Alto-2,EN-Alto-2
GTSinger_same_text_control,wavlm_l12,12,227,EN-Alto-2,99,1,1,0,0.021854963039503295,0.01102903918087872,EN-Alto-1,EN-Alto-1
GTSinger_same_text_control,wavlm_l12,12,227,ES-Soprano-1,101,2,1,1,0.013121560277746136,0.0051640190248966045,RU-Alto-1,JA-Soprano-1
GTSinger_same_text_control,wavlm_l12,12,227,IT-Bass-2,97,10,3,7,-0.014058111444239074,0.0032451625888507696,RU-Alto-1,DE-Tenor-1
GTSinger_same_text_control,wavlm_l12,12,227,IT-Soprano-1,81,5,1,4,0.00439650338828057,0.007174002452370876,RU-Alto-1,JA-Soprano-1
GTSinger_same_text_control,wavlm_l12,12,227,JA-Soprano-1,103,5,1,4,0.006168253612633068,0.008855938478946723,RU-Alto-1,EN-Alto-2
GTSinger_same_text_control,wavlm_l12,12,227,RU-Alto-1,97,1,1,0,0.017918190515913368,0.0033052710350488512,ES-Soprano-1,ZH-Alto-1
GTSinger_same_text_control,wavlm_l12,12,227,ZH-Alto-1,95,7,1,6,-0.001360342837809947,0.008962391415532345,RU-Alto-1,ZH-Tenor-1
GTSinger_same_text_control,wavlm_l12,12,227,ZH-Tenor-1,94,5,1,4,0.006622188531190898,0.006183073771152903,RU-Alto-1,ZH-Alto-1
GTSinger_same_text_control,wavlm_l12,12,229,DE-Soprano-1,98,2,1,1,0.021263026159837883,0.010225475177313426,EN-Alto-1,EN-Alto-1
GTSinger_same_text_control,wavlm_l12,12,229,EN-Alto-1,97,1,1,0,0.023154008216404454,0.008311233682080754,EN-Alto-2,EN-Alto-2
GTSinger_same_text_control,wavlm_l12,12,229,EN-Alto-2,99,1,1,0,0.028563544129632135,0.014360830354242848,EN-Alto-1,EN-Alto-1
GTSinger_same_text_control,wavlm_l12,12,229,EN-Tenor-1,94,8,2,6,-0.005642174581107384,0.005552825218698487,EN-Alto-1,EN-Alto-1
GTSinger_same_text_control,wavlm_l12,12,229,FR-Tenor-1,100,9,1,8,-0.01556961886989261,0.004136698590520127,EN-Alto-1,JA-Soprano-1
GTSinger_same_text_control,wavlm_l12,12,229,JA-Soprano-1,103,5,1,4,0.012124717931728424,0.010497013810084055,EN-Alto-2,EN-Alto-2
GTSinger_same_text_control,wavlm_l12,12,229,JA-Tenor-1,104,10,9,1,-0.03582837792078308,-0.005626970845370893,KO-Soprano-2,JA-Soprano-1
GTSinger_same_text_control,wavlm_l12,12,229,KO-Soprano-1,93,5,3,2,0.008836721712279116,0.003789820988876369,EN-Alto-1,JA-Soprano-1
GTSinger_same_text_control,wavlm_l12,12,229,KO-Soprano-2,102,1,1,0,0.017863285338748036,0.007972848235506591,EN-Alto-2,JA-Soprano-1
GTSinger_same_text_control,wavlm_l12,12,229,ZH-Tenor-1,94,5,1,4,0.012244687020026568,0.00727215363400191,EN-Alto-1,KO-Soprano-2
GTSinger_same_text_control,wavlm_l12,12,233,EN-Alto-2,99,2,1,1,0.02406455328603818,0.011980138387006067,ES-Bass-1,JA-Soprano-1
GTSinger_same_text_control,wavlm_l12,12,233,ES-Bass-1,99,1,1,0,0.025071953734343566,0.005280879148547024,RU-Alto-1,JA-Soprano-1
GTSinger_same_text_control,wavlm_l12,12,233,ES-Soprano-1,101,3,1,2,0.015141132296916271,0.005479384978594903,ES-Bass-1,JA-Soprano-1
GTSinger_same_text_control,wavlm_l12,12,233,IT-Soprano-1,81,5,1,4,0.006291037512381692,0.00774691499381841,ES-Bass-1,KO-Tenor-1
GTSinger_same_text_control,wavlm_l12,12,233,JA-Soprano-1,103,5,1,4,0.006333801449416865,0.007454461713534921,ES-Bass-1,ES-Bass-1
GTSinger_same_text_control,wavlm_l12,12,233,JA-Tenor-1,104,10,10,0,-0.04046679373951967,-0.004471135950227523,ES-Bass-1,KO-Tenor-1
GTSinger_same_text_control,wavlm_l12,12,233,KO-Soprano-1,93,5,3,2,0.0044790907912704014,0.003364678474325533,ES-Bass-1,JA-Soprano-1
GTSinger_same_text_control,wavlm_l12,12,233,KO-Tenor-1,99,7,1,6,-0.00145705036516941,0.008966581323755496,ES-Bass-1,JA-Soprano-1
GTSinger_same_text_control,wavlm_l12,12,233,RU-Alto-1,97,1,1,0,0.019974364920453347,0.00436482056710108,ES-Bass-1,KO-Tenor-1
GTSinger_same_text_control,wavlm_l12,12,233,ZH-Alto-1,95,6,1,5,0.0010058802251265986,0.009232326473065822,RU-Alto-1,ES-Soprano-1
GTSinger_same_text_control,wavlm_l12,12,239,DE-Soprano-1,98,4,1,3,0.013938022630501479,0.007460471996595386,ES-Bass-1,EN-Alto-1
GTSinger_same_text_control,wavlm_l12,12,239,EN-Alto-1,97,1,1,0,0.017138651710430164,0.006706791418988556,EN-Alto-2,EN-Alto-2
GTSinger_same_text_control,wavlm_l12,12,239,EN-Alto-2,99,2,1,1,0.020406036747886547,0.010179149525497033,ES-Bass-1,EN-Alto-1
GTSinger_same_text_control,wavlm_l12,12,239,ES-Bass-1,99,1,1,0,0.022639068731000633,0.004170759982029093,RU-Alto-1,JA-Soprano-1
GTSinger_same_text_control,wavlm_l12,12,239,ES-Soprano-1,101,3,1,2,0.012278952013041078,0.004694975460473483,ES-Bass-1,JA-Soprano-1
GTSinger_same_text_control,wavlm_l12,12,239,JA-Soprano-1,103,7,1,6,0.004327238097657893,0.007398415694518157,ES-Bass-1,ES-Bass-1
GTSinger_same_text_control,wavlm_l12,12,239,JA-Tenor-1,104,10,9,1,-0.04235463122865568,-0.0027540969499618706,ES-Bass-1,KO-Tenor-1
GTSinger_same_text_control,wavlm_l12,12,239,KO-Tenor-1,99,8,1,7,-0.003159492150620835,0.009608297211044392,ES-Bass-1,JA-Soprano-1
GTSinger_same_text_control,wavlm_l12,12,239,RU-Alto-1,97,1,1,0,0.01796568749124472,0.0037429964206765476,ES-Bass-1,KO-Tenor-1
GTSinger_same_text_control,wavlm_l12,12,239,ZH-Alto-1,95,8,1,7,-0.0010574132774137102,0.009507770997566278,RU-Alto-1,ES-Soprano-1
GTSinger_same_text_control,wavlm_l12,12,241,DE-Tenor-1,99,6,1,5,-0.0028804597641296503,0.007028292944440295,ES-Bass-1,RU-Alto-1
GTSinger_same_text_control,wavlm_l12,12,241,EN-Alto-2,99,2,1,1,0.023446018802236623,0.011504735755594964,ES-Bass-1,FR-Soprano-1
GTSinger_same_text_control,wavlm_l12,12,241,EN-Tenor-1,94,9,1,8,-0.010368054691504813,0.007425918841774681,RU-Alto-1,ZH-Alto-1
GTSinger_same_text_control,wavlm_l12,12,241,ES-Bass-1,99,1,2,-1,0.02474559950749744,0.003986340695946389,RU-Alto-1,FR-Soprano-1
GTSinger_same_text_control,wavlm_l12,12,241,ES-Soprano-1,101,3,1,2,0.014335931191671092,0.005984218255661977,ES-Bass-1,FR-Soprano-1
GTSinger_same_text_control,wavlm_l12,12,241,FR-Soprano-1,106,5,1,4,0.006178591879778983,0.00871528614339434,ES-Bass-1,EN-Tenor-1
GTSinger_same_text_control,wavlm_l12,12,241,IT-Bass-2,97,9,2,7,-0.013165501581524519,0.0031117913164748767,ES-Bass-1,DE-Tenor-1
GTSinger_same_text_control,wavlm_l12,12,241,RU-Alto-1,97,1,1,0,0.01936693031160741,0.004325043896544534,ES-Bass-1,ZH-Alto-1
GTSinger_same_text_control,wavlm_l12,12,241,ZH-Alto-1,95,6,1,5,4.393165087157591e-05,0.00966718215154061,RU-Alto-1,EN-Tenor-1
GTSinger_same_text_control,wavlm_l12,12,241,ZH-Tenor-1,94,5,1,4,0.007953561757464644,0.0069983166043782186,RU-Alto-1,ZH-Alto-1
GTSinger_same_text_control,wavlm_l12,12,251,DE-Tenor-1,99,8,1,7,-0.006470535853583481,0.00731797342022289,ES-Bass-1,RU-Alto-1
GTSinger_same_text_control,wavlm_l12,12,251,EN-Alto-1,97,1,1,0,0.01560119624633649,0.006657047031971786,EN-Alto-2,EN-Alto-2
GTSinger_same_text_control,wavlm_l12,12,251,EN-Alto-2,99,2,1,1,0.017739151679607712,0.009423044641912126,ES-Bass-1,EN-Alto-1
GTSinger_same_text_control,wavlm_l12,12,251,ES-Bass-1,99,1,3,-2,0.01978556226871009,0.002722098196213274,RU-Alto-1,FR-Soprano-1
GTSinger_same_text_control,wavlm_l12,12,251,ES-Soprano-1,101,3,1,2,0.010346093630892672,0.004744858189256185,ES-Bass-1,JA-Soprano-1
GTSinger_same_text_control,wavlm_l12,12,251,FR-Soprano-1,106,6,1,5,0.002482736353345838,0.009231058285826377,ES-Bass-1,JA-Soprano-1
GTSinger_same_text_control,wavlm_l12,12,251,IT-Bass-2,97,10,2,8,-0.016379378104965592,0.00429668430704111,ES-Bass-1,DE-Tenor-1
GTSinger_same_text_control,wavlm_l12,12,251,JA-Soprano-1,103,6,1,5,0.001441883154678969,0.0070760401973157805,ES-Bass-1,FR-Soprano-1
GTSinger_same_text_control,wavlm_l12,12,251,KO-Soprano-1,93,6,1,5,0.0008504217222683463,0.005529001018423685,ES-Bass-1,JA-Soprano-1
GTSinger_same_text_control,wavlm_l12,12,251,RU-Alto-1,97,1,1,0,0.016369741257539983,0.004011837419865105,ES-Bass-1,JA-Soprano-1
GTSinger_same_text_control,wavlm_l12,12,257,DE-Tenor-1,99,6,1,5,0.002165591460327243,0.007179872247240149,EN-Alto-1,JA-Soprano-1
GTSinger_same_text_control,wavlm_l12,12,257,EN-Alto-1,97,1,1,0,0.023976277045731464,0.008110874159587222,ES-Soprano-1,EN-Tenor-1
GTSinger_same_text_control,wavlm_l12,12,257,EN-Tenor-1,94,8,1,7,-0.005419953898770591,0.006763452827014849,EN-Alto-1,EN-Alto-1
GTSinger_same_text_control,wavlm_l12,12,257,ES-Soprano-1,101,1,1,0,0.019809181600788373,0.006906161204352057,EN-Alto-1,JA-Soprano-1
GTSinger_same_text_control,wavlm_l12,12,257,IT-Bass-1,95,6,1,5,-0.00034454096533165224,0.005211036147644177,EN-Alto-1,DE-Tenor-1
GTSinger_same_text_control,wavlm_l12,12,257,IT-Bass-2,97,9,5,4,-0.009517870849739762,0.0012953104349404665,ES-Soprano-1,IT-Bass-1
GTSinger_same_text_control,wavlm_l12,12,257,IT-Soprano-1,81,3,1,2,0.009935590049533594,0.006299929002439364,EN-Alto-1,JA-Soprano-1
GTSinger_same_text_control,wavlm_l12,12,257,JA-Soprano-1,103,3,1,2,0.012445001409877365,0.010027651512850677,EN-Alto-1,IT-Soprano-1
GTSinger_same_text_control,wavlm_l12,12,257,KO-Soprano-1,93,3,2,1,0.008866092073976595,0.004446433594345711,EN-Alto-1,JA-Soprano-1
GTSinger_same_text_control,wavlm_l12,12,257,ZH-Alto-1,95,4,1,3,0.003924740114183423,0.008789100081209589,ES-Soprano-1,EN-Tenor-1
GTSinger_same_text_control,mert_l3,3,13,EN-Alto-1,97,1,1,0,0.020753402734808524,0.014632254337310524,JA-Soprano-1,ZH-Alto-1
GTSinger_same_text_control,mert_l3,3,13,FR-Soprano-1,106,1,1,0,0.019733572581619452,0.01100628440318907,JA-Soprano-1,JA-Soprano-1
GTSinger_same_text_control,mert_l3,3,13,FR-Tenor-1,100,8,2,6,-0.005578158313475301,0.015820464999425687,KO-Tenor-1,KO-Tenor-1
GTSinger_same_text_control,mert_l3,3,13,IT-Bass-1,95,1,3,-2,0.015622310904837122,0.012129581207304674,ZH-Tenor-1,KO-Tenor-1
GTSinger_same_text_control,mert_l3,3,13,IT-Soprano-1,81,3,3,0,0.01162980840223149,0.005557224477624856,EN-Alto-1,EN-Alto-1
GTSinger_same_text_control,mert_l3,3,13,JA-Soprano-1,103,2,1,1,0.019532044612614263,0.014008130757494741,FR-Soprano-1,FR-Soprano-1
GTSinger_same_text_control,mert_l3,3,13,KO-Soprano-1,93,4,3,1,0.0052178641121052305,0.004643984003778079,JA-Soprano-1,JA-Soprano-1
GTSinger_same_text_control,mert_l3,3,13,KO-Tenor-1,99,5,1,4,0.0027563977455505873,0.0124279280400581,IT-Soprano-1,IT-Soprano-1
GTSinger_same_text_control,mert_l3,3,13,ZH-Alto-1,95,4,1,3,0.009072623846427263,0.013859355845062815,JA-Soprano-1,JA-Soprano-1
GTSinger_same_text_control,mert_l3,3,13,ZH-Tenor-1,94,1,1,0,0.018644991406087885,0.01405744412515686,EN-Alto-1,ZH-Alto-1
GTSinger_same_text_control,mert_l3,3,17,DE-Soprano-1,98,1,2,-1,0.02011383060774674,0.012481723683964718,EN-Alto-1,EN-Alto-1
GTSinger_same_text_control,mert_l3,3,17,DE-Tenor-1,99,4,1,3,0.008292414447027885,0.009474902982835487,EN-Alto-1,EN-Alto-1
GTSinger_same_text_control,mert_l3,3,17,EN-Alto-1,97,1,1,0,0.021545645623138543,0.016088470021762835,KO-Soprano-2,ZH-Alto-1
GTSinger_same_text_control,mert_l3,3,17,FR-Soprano-1,106,1,1,0,0.020997165077857205,0.012815982155159888,KO-Soprano-2,KO-Soprano-2
GTSinger_same_text_control,mert_l3,3,17,IT-Bass-2,97,2,1,1,0.009617844915320028,0.005141427936274701,EN-Alto-1,ZH-Tenor-1
GTSinger_same_text_control,mert_l3,3,17,IT-Soprano-1,81,4,3,1,0.013189162520906517,0.007169778554730222,KO-Soprano-2,EN-Alto-1
GTSinger_same_text_control,mert_l3,3,17,JA-Tenor-1,104,10,9,1,-0.044776429071014645,-0.007423258898978102,ZH-Tenor-1,ZH-Tenor-1
GTSinger_same_text_control,mert_l3,3,17,KO-Soprano-2,102,1,1,0,0.01925026375992378,0.012685980092440374,EN-Alto-1,EN-Alto-1
GTSinger_same_text_control,mert_l3,3,17,ZH-Alto-1,95,4,1,3,0.010317678802044594,0.015373956762227747,KO-Soprano-2,KO-Soprano-2
GTSinger_same_text_control,mert_l3,3,17,ZH-Tenor-1,94,1,1,0,0.019578459418818528,0.015491852413775709,KO-Soprano-2,KO-Soprano-2
GTSinger_same_text_control,mert_l3,3,19,DE-Soprano-1,98,2,1,1,0.015270107205144434,0.01027015777918705,EN-Alto-2,EN-Alto-2
GTSinger_same_text_control,mert_l3,3,19,EN-Alto-2,99,1,1,0,0.022976645892069603,0.01570065109740737,RU-Alto-1,DE-Soprano-1
GTSinger_same_text_control,mert_l3,3,19,ES-Soprano-1,101,1,1,0,0.016352547782530147,0.010115915502351358,EN-Alto-2,KO-Soprano-2
GTSinger_same_text_control,mert_l3,3,19,FR-Soprano-1,106,2,2,0,0.015596609517096849,0.00911990526919959,ES-Soprano-1,ES-Soprano-1
GTSinger_same_text_control,mert_l3,3,19,IT-Bass-2,97,2,1,1,0.006820192725622509,0.008837453599558676,ES-Soprano-1,ZH-Tenor-1
GTSinger_same_text_control,mert_l3,3,19,IT-Soprano-1,81,6,6,0,0.008359326368014508,0.0037508099062051325,ES-Soprano-1,ES-Soprano-1
GTSinger_same_text_control,mert_l3,3,19,JA-Tenor-1,104,10,10,0,-0.04804094140670989,-0.006739316317635136,ZH-Tenor-1,ZH-Tenor-1
GTSinger_same_text_control,mert_l3,3,19,KO-Soprano-2,102,2,2,0,0.013981309376143725,0.008729752345217556,ES-Soprano-1,ES-Soprano-1
GTSinger_same_text_control,mert_l3,3,19,RU-Alto-1,97,2,2,0,0.015469794766334033,0.008510677057131266,ES-Soprano-1,ES-Soprano-1
GTSinger_same_text_control,mert_l3,3,19,ZH-Tenor-1,94,1,1,0,0.015692815182485553,0.01569201437355816,ES-Soprano-1,ES-Soprano-1
GTSinger_same_text_control,mert_l3,3,23,DE-Soprano-1,98,1,2,-1,0.02005686191123479,0.01258316636242962,EN-Alto-1,EN-Alto-1
GTSinger_same_text_control,mert_l3,3,23,EN-Alto-1,97,1,1,0,0.022817510920606354,0.01649392133746186,ES-Soprano-1,ES-Soprano-1
GTSinger_same_text_control,mert_l3,3,23,EN-Tenor-1,94,9,5,4,-0.022934462671691636,0.003924634568295615,ES-Soprano-1,ES-Soprano-1
GTSinger_same_text_control,mert_l3,3,23,ES-Soprano-1,101,1,1,0,0.021480929928202608,0.011840570297121378,KO-Soprano-2,KO-Soprano-2
GTSinger_same_text_control,mert_l3,3,23,FR-Tenor-1,100,9,2,7,-0.006502308007241719,0.01101710266053324,KO-Tenor-1,KO-Tenor-1
GTSinger_same_text_control,mert_l3,3,23,IT-Bass-1,95,1,3,-2,0.014573064084876797,0.008947525781481946,IT-Bass-2,KO-Tenor-1
GTSinger_same_text_control,mert_l3,3,23,IT-Bass-2,97,4,2,2,0.007474403750107328,0.002614753527709457,IT-Bass-1,IT-Bass-1
GTSinger_same_text_control,mert_l3,3,23,KO-Soprano-2,102,2,1,1,0.018827566270541385,0.01141751651166778,ES-Soprano-1,ES-Soprano-1
GTSinger_same_text_control,mert_l3,3,23,KO-Tenor-1,99,6,1,5,0.002975687879890221,0.010204748925456197,RU-Alto-1,RU-Alto-1
GTSinger_same_text_control,mert_l3,3,23,RU-Alto-1,97,2,1,1,0.020819144795816924,0.011488975519135858,ES-Soprano-1,EN-Alto-1
GTSinger_same_text_control,mert_l3,3,29,EN-Alto-1,97,1,1,0,0.020959368636201625,0.016787158275575753,ES-Soprano-1,ES-Soprano-1
GTSinger_same_text_control,mert_l3,3,29,ES-Soprano-1,101,1,1,0,0.01890748515969798,0.009723579413348893,KO-Soprano-2,JA-Soprano-1
GTSinger_same_text_control,mert_l3,3,29,IT-Bass-1,95,1,1,0,0.01613847150187786,0.012881400314126545,IT-Bass-2,JA-Tenor-1
GTSinger_same_text_control,mert_l3,3,29,IT-Bass-2,97,4,2,2,0.00770158559010925,0.005131239194740345,IT-Bass-1,IT-Bass-1
GTSinger_same_text_control,mert_l3,3,29,JA-Soprano-1,103,1,1,0,0.0235859444662313,0.019840836228726788,RU-Alto-1,EN-Alto-1
GTSinger_same_text_control,mert_l3,3,29,JA-Tenor-1,104,10,9,1,-0.047493484287714605,-0.007932597572876787,ZH-Tenor-1,ZH-Tenor-1
GTSinger_same_text_control,mert_l3,3,29,KO-Soprano-2,102,2,2,0,0.016093789353782362,0.009168333967345843,ES-Soprano-1,JA-Soprano-1
GTSinger_same_text_control,mert_l3,3,29,RU-Alto-1,97,2,2,0,0.017264968076798115,0.00951839257267173,ES-Soprano-1,EN-Alto-1
GTSinger_same_text_control,mert_l3,3,29,ZH-Alto-1,95,7,1,6,0.006535388960250077,0.011056609765866088,ES-Soprano-1,JA-Soprano-1
GTSinger_same_text_control,mert_l3,3,29,ZH-Tenor-1,94,1,1,0,0.016680041538183144,0.011362605320559549,ES-Soprano-1,EN-Alto-1
GTSinger_same_text_control,mert_l3,3,31,DE-Tenor-1,99,3,2,1,0.011157605550795813,0.008598191041979453,ES-Bass-1,ES-Bass-1
GTSinger_same_text_control,mert_l3,3,31,EN-Alto-2,99,2,1,1,0.034334159885663795,0.02612786741810902,ES-Bass-1,JA-Soprano-1
GTSinger_same_text_control,mert_l3,3,31,ES-Bass-1,99,1,1,0,0.041622996273585455,0.02042492132014495,EN-Alto-2,EN-Alto-2
GTSinger_same_text_control,mert_l3,3,31,FR-Tenor-1,100,7,1,6,-0.0030319282198936204,0.012116635995117253,ES-Bass-1,DE-Tenor-1
GTSinger_same_text_control,mert_l3,3,31,IT-Bass-1,95,2,1,1,0.017096451760057252,0.009142223737645727,ES-Bass-1,FR-Tenor-1
GTSinger_same_text_control,mert_l3,3,31,IT-Bass-2,97,3,3,0,0.012270778125961224,0.004278056733711955,ES-Bass-1,IT-Bass-1
GTSinger_same_text_control,mert_l3,3,31,JA-Soprano-1,103,3,1,2,0.026561220004381214,0.021791905894796848,ES-Bass-1,EN-Alto-2
GTSinger_same_text_control,mert_l3,3,31,JA-Tenor-1,104,10,7,3,-0.041193469751430345,-0.00592660104514553,ES-Bass-1,ES-Bass-1
GTSinger_same_text_control,mert_l3,3,31,KO-Soprano-1,93,4,3,1,0.009444930890551095,0.010431001201717915,ES-Bass-1,JA-Soprano-1
GTSinger_same_text_control,mert_l3,3,31,ZH-Alto-1,95,4,1,3,0.015548470732972941,0.01897970450574238,ES-Bass-1,JA-Soprano-1
GTSinger_same_text_control,mert_l3,3,37,EN-Alto-1,97,1,1,0,0.02143415264127102,0.01714245946265236,ES-Soprano-1,ES-Soprano-1
GTSinger_same_text_control,mert_l3,3,37,EN-Tenor-1,94,9,7,2,-0.02556499705005033,-0.002150434475897467,ES-Bass-1,ZH-Tenor-1
GTSinger_same_text_control,mert_l3,3,37,ES-Bass-1,99,1,1,0,0.036375717848121325,0.01714407101868909,ES-Soprano-1,EN-Alto-1
GTSinger_same_text_control,mert_l3,3,37,ES-Soprano-1,101,2,1,1,0.019368061057523533,0.009812160842544215,ES-Bass-1,JA-Soprano-1
GTSinger_same_text_control,mert_l3,3,37,IT-Bass-1,95,2,1,1,0.01628532484341305,0.013708389562711809,ES-Bass-1,EN-Tenor-1
GTSinger_same_text_control,mert_l3,3,37,IT-Soprano-1,81,6,5,1,0.01168433555797277,0.006912454341761354,ES-Bass-1,EN-Alto-1
GTSinger_same_text_control,mert_l3,3,37,JA-Soprano-1,103,2,1,1,0.022149177197712366,0.018008837311680126,ES-Bass-1,EN-Alto-1
GTSinger_same_text_control,mert_l3,3,37,JA-Tenor-1,104,10,10,0,-0.047259392145461154,-0.012136679149247875,ES-Bass-1,ZH-Tenor-1
GTSinger_same_text_control,mert_l3,3,37,KO-Soprano-2,102,3,3,0,0.016705978563062995,0.008930620197604822,ES-Bass-1,JA-Soprano-1
GTSinger_same_text_control,mert_l3,3,37,ZH-Tenor-1,94,2,1,1,0.017707504410681696,0.013167226981508073,ES-Bass-1,EN-Alto-1
GTSinger_same_text_control,mert_l3,3,41,EN-Alto-2,99,1,1,0,0.03271321731446375,0.0206969355974711,RU-Alto-1,ES-Soprano-1
GTSinger_same_text_control,mert_l3,3,41,EN-Tenor-1,94,9,6,3,-0.019452784660009326,0.00046941401443778563,ES-Soprano-1,ES-Soprano-1
GTSinger_same_text_control,mert_l3,3,41,ES-Soprano-1,101,1,1,0,0.025096771254729977,0.013414194566697457,EN-Alto-2,EN-Alto-2
GTSinger_same_text_control,mert_l3,3,41,FR-Soprano-1,106,2,2,0,0.02369125797807725,0.011643754931077055,ES-Soprano-1,ES-Soprano-1
GTSinger_same_text_control,mert_l3,3,41,IT-Bass-2,97,2,1,1,0.014457815799170826,0.011817238051139545,ES-Soprano-1,ES-Soprano-1
GTSinger_same_text_control,mert_l3,3,41,JA-Tenor-1,104,10,10,0,-0.0414930614499448,-0.010573003153493854,ES-Soprano-1,ES-Soprano-1
GTSinger_same_text_control,mert_l3,3,41,KO-Soprano-1,93,5,2,3,0.010917442593477156,0.006464623391053359,EN-Alto-2,EN-Alto-2
GTSinger_same_text_control,mert_l3,3,41,KO-Tenor-1,99,5,1,4,0.007827716459461342,0.011907552842941649,RU-Alto-1,RU-Alto-1
GTSinger_same_text_control,mert_l3,3,41,RU-Alto-1,97,2,2,0,0.022637554249555936,0.010046308389774383,ES-Soprano-1,ES-Soprano-1
GTSinger_same_text_control,mert_l3,3,41,ZH-Alto-1,95,4,1,3,0.013198262374423675,0.014368308080276893,ES-Soprano-1,ES-Soprano-1
GTSinger_same_text_control,mert_l3,3,43,DE-Soprano-1,98,3,1,2,0.015445281140979206,0.010120141155698925,ES-Bass-1,EN-Alto-2
GTSinger_same_text_control,mert_l3,3,43,DE-Tenor-1,99,5,1,4,0.0033670601311069914,0.006863218324919873,ES-Bass-1,ES-Bass-1
GTSinger_same_text_control,mert_l3,3,43,EN-Alto-2,99,2,1,1,0.024102835773238573,0.017288366952727396,ES-Bass-1,DE-Soprano-1
GTSinger_same_text_control,mert_l3,3,43,EN-Tenor-1,94,10,3,7,-0.024505606274090708,0.0039172512600750276,ES-Bass-1,KO-Soprano-2
GTSinger_same_text_control,mert_l3,3,43,ES-Bass-1,99,1,1,0,0.03197568409905793,0.01346534769892771,EN-Alto-2,EN-Alto-2
GTSinger_same_text_control,mert_l3,3,43,IT-Bass-1,95,2,1,1,0.014164265683296318,0.014033697284019708,ES-Bass-1,KO-Tenor-1
GTSinger_same_text_control,mert_l3,3,43,IT-Soprano-1,81,5,4,1,0.009489488178449412,0.004509269230043023,ES-Bass-1,KO-Soprano-2
GTSinger_same_text_control,mert_l3,3,43,KO-Soprano-1,93,5,3,2,0.0037926686704041757,0.004994011194279335,ES-Bass-1,EN-Alto-2
GTSinger_same_text_control,mert_l3,3,43,KO-Soprano-2,102,2,1,1,0.01559466612523519,0.010458984188533527,ES-Bass-1,EN-Alto-2
GTSinger_same_text_control,mert_l3,3,43,KO-Tenor-1,99,6,1,5,-0.0003189105159557837,0.00940985401027472,ES-Bass-1,IT-Soprano-1
GTSinger_same_text_control,mert_l3,3,47,DE-Tenor-1,99,2,1,1,0.01320876804530191,0.008824215435510818,KO-Soprano-2,KO-Tenor-1
GTSinger_same_text_control,mert_l3,3,47,EN-Tenor-1,94,9,3,6,-0.016372149965551475,0.00357692257432618,KO-Soprano-2,KO-Soprano-2
GTSinger_same_text_control,mert_l3,3,47,FR-Soprano-1,106,1,1,0,0.030187064576143063,0.019956535749943827,KO-Soprano-2,KO-Soprano-2
GTSinger_same_text_control,mert_l3,3,47,IT-Bass-1,95,1,2,-1,0.018817704135997704,0.01044264654304361,IT-Bass-2,KO-Tenor-1
GTSinger_same_text_control,mert_l3,3,47,IT-Bass-2,97,2,2,0,0.013806114192234653,0.006046299789353671,IT-Bass-1,IT-Bass-1
GTSinger_same_text_control,mert_l3,3,47,IT-Soprano-1,81,2,2,0,0.02037517662140942,0.011426073060195607,KO-Soprano-2,KO-Soprano-2
GTSinger_same_text_control,mert_l3,3,47,JA-Tenor-1,104,10,10,0,-0.03846229543490698,-0.007261544960309951,KO-Soprano-2,KO-Soprano-2
GTSinger_same_text_control,mert_l3,3,47,KO-Soprano-1,93,3,1,2,0.013879756889972339,0.009765297389832672,FR-Soprano-1,FR-Soprano-1
GTSinger_same_text_control,mert_l3,3,47,KO-Soprano-2,102,1,1,0,0.026349266802840776,0.01693322498709582,FR-Soprano-1,FR-Soprano-1
GTSinger_same_text_control,mert_l3,3,47,KO-Tenor-1,99,4,1,3,0.00929534564963852,0.012003167322625963,IT-Soprano-1,IT-Soprano-1
GTSinger_same_text_control,mert_l3,3,53,DE-Tenor-1,99,5,1,4,0.008511221115173773,0.009825695146920888,ES-Bass-1,EN-Alto-1
GTSinger_same_text_control,mert_l3,3,53,EN-Alto-1,97,1,1,0,0.021726168108800126,0.014967402593413448,ES-Soprano-1,ZH-Alto-1
GTSinger_same_text_control,mert_l3,3,53,ES-Bass-1,99,1,1,0,0.03787230577052536,0.016543721216328633,RU-Alto-1,RU-Alto-1
GTSinger_same_text_control,mert_l3,3,53,ES-Soprano-1,101,2,1,1,0.02249346602110025,0.012796635189700756,ES-Bass-1,EN-Alto-1
GTSinger_same_text_control,mert_l3,3,53,FR-Tenor-1,100,7,1,6,-0.003740505664889038,0.014063641184720366,ES-Bass-1,DE-Tenor-1
GTSinger_same_text_control,mert_l3,3,53,IT-Soprano-1,81,5,4,1,0.013089205546950144,0.0050647598270084915,ES-Bass-1,EN-Alto-1
GTSinger_same_text_control,mert_l3,3,53,JA-Tenor-1,104,10,10,0,-0.04409634118522254,-0.007045509564392982,ES-Bass-1,ES-Bass-1
GTSinger_same_text_control,mert_l3,3,53,KO-Soprano-1,93,5,2,3,0.007831817113087891,0.004599103254865122,ES-Bass-1,EN-Alto-1
GTSinger_same_text_control,mert_l3,3,53,RU-Alto-1,97,2,4,-2,0.019996735732655258,0.009048546046439898,ES-Soprano-1,ES-Soprano-1
GTSinger_same_text_control,mert_l3,3,53,ZH-Alto-1,95,5,1,4,0.011367222044156522,0.015917153579716126,ES-Bass-1,ES-Soprano-1
GTSinger_same_text_control,mert_l3,3,59,DE-Soprano-1,98,2,1,1,0.01998739799520477,0.009648367781956324,EN-Alto-2,EN-Alto-2
GTSinger_same_text_control,mert_l3,3,59,DE-Tenor-1,99,5,1,4,0.010658082424928605,0.012852960452427453,RU-Alto-1,RU-Alto-1
GTSinger_same_text_control,mert_l3,3,59,EN-Alto-2,99,1,1,0,0.02860711205014077,0.016538201056439883,RU-Alto-1,DE-Soprano-1
GTSinger_same_text_control,mert_l3,3,59,FR-Soprano-1,106,1,1,0,0.021063547280058548,0.009520392734448935,EN-Alto-2,KO-Soprano-2
GTSinger_same_text_control,mert_l3,3,59,FR-Tenor-1,100,7,1,6,-0.0006507464958470655,0.017497472699725125,DE-Tenor-1,DE-Tenor-1
GTSinger_same_text_control,mert_l3,3,59,JA-Tenor-1,104,10,9,1,-0.04154812328524915,-0.004723356764787523,RU-Alto-1,ZH-Alto-1
GTSinger_same_text_control,mert_l3,3,59,KO-Soprano-1,93,6,3,3,0.0074089905271975676,0.002839552823253322,EN-Alto-2,EN-Alto-2
GTSinger_same_text_control,mert_l3,3,59,KO-Soprano-2,102,1,1,0,0.02034254104592992,0.011095197252465328,EN-Alto-2,EN-Alto-2
GTSinger_same_text_control,mert_l3,3,59,RU-Alto-1,97,1,1,0,0.020479828086106933,0.008847559472570987,EN-Alto-2,ZH-Alto-1
GTSinger_same_text_control,mert_l3,3,59,ZH-Alto-1,95,4,1,3,0.012517444196973093,0.015323835799643026,KO-Soprano-2,KO-Soprano-2
GTSinger_same_text_control,mert_l3,3,61,DE-Soprano-1,98,2,1,1,0.024642940175267247,0.01525843291576301,ES-Bass-1,ES-Soprano-1
GTSinger_same_text_control,mert_l3,3,61,DE-Tenor-1,99,5,2,3,0.011770564974668996,0.008471858412498756,ES-Bass-1,ES-Bass-1
GTSinger_same_text_control,mert_l3,3,61,EN-Tenor-1,94,8,5,3,-0.01723931948357804,0.0007795182014709301,ES-Bass-1,ES-Soprano-1
GTSinger_same_text_control,mert_l3,3,61,ES-Bass-1,99,1,1,0,0.042930874520714646,0.021613294497067614,ES-Soprano-1,DE-Soprano-1
GTSinger_same_text_control,mert_l3,3,61,ES-Soprano-1,101,2,1,1,0.027605411684298975,0.016147416205613996,ES-Bass-1,KO-Soprano-2
GTSinger_same_text_control,mert_l3,3,61,FR-Tenor-1,100,7,2,5,-0.0025770396029728415,0.009289993620440251,ES-Bass-1,KO-Tenor-1
GTSinger_same_text_control,mert_l3,3,61,JA-Tenor-1,104,10,10,0,-0.04018338239224717,-0.011484819373799193,ES-Bass-1,ES-Bass-1
GTSinger_same_text_control,mert_l3,3,61,KO-Soprano-1,93,5,2,3,0.011644286750615906,0.007089535778296963,ES-Bass-1,DE-Soprano-1
GTSinger_same_text_control,mert_l3,3,61,KO-Soprano-2,102,3,2,1,0.02462435399389873,0.014729574392389866,ES-Bass-1,ES-Soprano-1
GTSinger_same_text_control,mert_l3,3,61,KO-Tenor-1,99,5,1,4,0.00755332177445156,0.010314113588186569,ES-Bass-1,ES-Bass-1
GTSinger_same_text_control,mert_l3,3,67,DE-Soprano-1,98,1,1,0,0.02116259240999885,0.011215906378246765,RU-Alto-1,RU-Alto-1
GTSinger_same_text_control,mert_l3,3,67,DE-Tenor-1,99,4,1,3,0.007621577840662308,0.006171635596050495,RU-Alto-1,KO-Tenor-1
GTSinger_same_text_control,mert_l3,3,67,EN-Tenor-1,94,9,3,6,-0.019643551513902957,0.005700276279052119,RU-Alto-1,RU-Alto-1
GTSinger_same_text_control,mert_l3,3,67,FR-Tenor-1,100,8,2,6,-0.0054142743516497616,0.01090613569779919,KO-Tenor-1,KO-Tenor-1
GTSinger_same_text_control,mert_l3,3,67,IT-Bass-1,95,1,1,0,0.016431190651550076,0.012828795340002919,KO-Tenor-1,KO-Tenor-1
GTSinger_same_text_control,mert_l3,3,67,IT-Soprano-1,81,4,4,0,0.014491646227979271,0.005536680794336224,RU-Alto-1,KO-Soprano-2
GTSinger_same_text_control,mert_l3,3,67,KO-Soprano-1,93,4,2,2,0.008750236522550914,0.005310035618280473,DE-Soprano-1,DE-Soprano-1
GTSinger_same_text_control,mert_l3,3,67,KO-Soprano-2,102,1,1,0,0.021344248948779843,0.012740037688722228,RU-Alto-1,RU-Alto-1
GTSinger_same_text_control,mert_l3,3,67,KO-Tenor-1,99,5,1,4,0.0038803808444820564,0.009526595915606784,RU-Alto-1,IT-Soprano-1
GTSinger_same_text_control,mert_l3,3,67,RU-Alto-1,97,1,1,0,0.022960876440642597,0.012414170727635732,KO-Soprano-2,KO-Soprano-2
GTSinger_same_text_control,mert_l3,3,71,DE-Soprano-1,98,2,1,1,0.021692959481962815,0.011608747693255372,EN-Alto-2,EN-Alto-2
GTSinger_same_text_control,mert_l3,3,71,EN-Alto-2,99,1,1,0,0.02957842526271015,0.017892783381935118,RU-Alto-1,DE-Soprano-1
GTSinger_same_text_control,mert_l3,3,71,EN-Tenor-1,94,9,5,4,-0.019618827334903166,0.0016006709786957618,ES-Soprano-1,ES-Soprano-1
GTSinger_same_text_control,mert_l3,3,71,ES-Soprano-1,101,1,1,0,0.02346460835288766,0.012746348011490993,EN-Alto-2,EN-Alto-2
GTSinger_same_text_control,mert_l3,3,71,IT-Soprano-1,81,5,5,0,0.013943604618926853,0.0030939820353201863,ES-Soprano-1,ES-Soprano-1
GTSinger_same_text_control,mert_l3,3,71,JA-Tenor-1,104,10,10,0,-0.042148257012419754,-0.009735606912076755,ES-Soprano-1,ES-Soprano-1
GTSinger_same_text_control,mert_l3,3,71,KO-Soprano-1,93,5,4,1,0.009777963028940073,0.0046200675216403475,EN-Alto-2,EN-Alto-2
GTSinger_same_text_control,mert_l3,3,71,KO-Tenor-1,99,6,1,5,0.005339524724830014,0.011373623268647215,RU-Alto-1,IT-Soprano-1
GTSinger_same_text_control,mert_l3,3,71,RU-Alto-1,97,2,2,0,0.020246887898590082,0.00780512802066291,ES-Soprano-1,ES-Soprano-1
GTSinger_same_text_control,mert_l3,3,71,ZH-Alto-1,95,4,1,3,0.011595674817667101,0.013417534094756656,ES-Soprano-1,ES-Soprano-1
GTSinger_same_text_control,mert_l3,3,73,DE-Tenor-1,99,3,1,2,0.010120462020303811,0.007793427722726731,ES-Soprano-1,ES-Soprano-1
GTSinger_same_text_control,mert_l3,3,73,EN-Alto-2,99,1,1,0,0.03413615947511983,0.026271530702739354,ES-Soprano-1,JA-Soprano-1
GTSinger_same_text_control,mert_l3,3,73,ES-Soprano-1,101,1,1,0,0.025240054487779995,0.017048107654738187,EN-Alto-2,JA-Soprano-1
GTSinger_same_text_control,mert_l3,3,73,FR-Tenor-1,100,9,1,8,-0.003728135715680092,0.012087219548334582,IT-Bass-1,DE-Tenor-1
GTSinger_same_text_control,mert_l3,3,73,IT-Bass-1,95,1,1,0,0.016901579813759948,0.008575090001706975,IT-Bass-2,FR-Tenor-1
GTSinger_same_text_control,mert_l3,3,73,IT-Bass-2,97,3,6,-3,0.01020084383086961,0.0018033992901210771,IT-Bass-1,IT-Bass-1
GTSinger_same_text_control,mert_l3,3,73,IT-Soprano-1,81,4,2,2,0.01711694399759911,0.014420524796734835,ES-Soprano-1,ES-Soprano-1
GTSinger_same_text_control,mert_l3,3,73,JA-Soprano-1,103,2,1,1,0.027580081534297918,0.023383197492950925,EN-Alto-2,EN-Alto-2
GTSinger_same_text_control,mert_l3,3,73,JA-Tenor-1,104,10,7,3,-0.04221198464890752,-0.006559512322636851,ZH-Tenor-1,ZH-Tenor-1
GTSinger_same_text_control,mert_l3,3,73,ZH-Tenor-1,94,1,1,0,0.023477533264360195,0.01653317827293299,ES-Soprano-1,ES-Soprano-1
GTSinger_same_text_control,mert_l3,3,79,EN-Alto-1,97,1,1,0,0.015684192021712895,0.016507952353430055,ES-Soprano-1,ES-Soprano-1
GTSinger_same_text_control,mert_l3,3,79,EN-Alto-2,99,2,1,1,0.019702345874868632,0.016595669386210377,ES-Bass-1,JA-Soprano-1
GTSinger_same_text_control,mert_l3,3,79,ES-Bass-1,99,1,1,0,0.027203966808729385,0.010013126746928447,EN-Alto-2,EN-Alto-2
GTSinger_same_text_control,mert_l3,3,79,ES-Soprano-1,101,2,1,1,0.012043221846777419,0.008217419194956332,ES-Bass-1,JA-Soprano-1
GTSinger_same_text_control,mert_l3,3,79,IT-Bass-1,95,2,2,0,0.010923393515776758,0.011582228082561041,ES-Bass-1,KO-Tenor-1
GTSinger_same_text_control,mert_l3,3,79,IT-Bass-2,97,5,3,2,0.0019275564631020536,0.0028216328013500602,ES-Bass-1,IT-Bass-1
GTSinger_same_text_control,mert_l3,3,79,JA-Soprano-1,103,3,1,2,0.013504033689026307,0.015273649459044192,ES-Bass-1,EN-Alto-2
GTSinger_same_text_control,mert_l3,3,79,KO-Tenor-1,99,7,1,6,-0.002949720367998898,0.01270075890653688,ES-Bass-1,EN-Alto-1
GTSinger_same_text_control,mert_l3,3,79,RU-Alto-1,97,2,3,-1,0.012057143655699765,0.008933036403169003,ES-Soprano-1,JA-Soprano-1
GTSinger_same_text_control,mert_l3,3,79,ZH-Alto-1,95,7,1,6,0.0017510424572924066,0.01135367652068886,ES-Bass-1,JA-Soprano-1
GTSinger_same_text_control,mert_l3,3,83,DE-Soprano-1,98,3,1,2,0.008442073138639872,0.00762879893903512,ES-Bass-1,EN-Alto-2
GTSinger_same_text_control,mert_l3,3,83,EN-Alto-2,99,2,1,1,0.01572206290438971,0.012036874283379628,ES-Bass-1,DE-Soprano-1
GTSinger_same_text_control,mert_l3,3,83,ES-Bass-1,99,1,1,0,0.02461445525003103,0.010694550273085413,EN-Alto-2,EN-Alto-2
GTSinger_same_text_control,mert_l3,3,83,IT-Soprano-1,81,7,6,1,0.002333760174468069,0.0017093769969871442,ES-Bass-1,EN-Alto-2
GTSinger_same_text_control,mert_l3,3,83,JA-Soprano-1,103,3,1,2,0.009944807601261596,0.011076102606307092,ES-Bass-1,EN-Alto-2
GTSinger_same_text_control,mert_l3,3,83,KO-Soprano-2,102,2,2,0,0.007251080841271462,0.004802945870327813,ES-Bass-1,JA-Soprano-1
GTSinger_same_text_control,mert_l3,3,83,KO-Tenor-1,99,8,1,7,-0.005253124908372153,0.010885843278202079,ES-Bass-1,IT-Soprano-1
GTSinger_same_text_control,mert_l3,3,83,RU-Alto-1,97,1,2,-1,0.009177860190203613,0.005370721933040445,ES-Bass-1,JA-Soprano-1
GTSinger_same_text_control,mert_l3,3,83,ZH-Alto-1,95,7,1,6,-0.0006668891177215031,0.007878266566281322,ES-Bass-1,JA-Soprano-1
GTSinger_same_text_control,mert_l3,3,83,ZH-Tenor-1,94,2,1,1,0.009261626224032593,0.010924919876800776,ES-Bass-1,ES-Bass-1
GTSinger_same_text_control,mert_l3,3,89,DE-Soprano-1,98,2,2,0,0.011362335086364972,0.009060504217320853,ES-Bass-1,EN-Alto-1
GTSinger_same_text_control,mert_l3,3,89,DE-Tenor-1,99,7,1,6,-0.0008268614835403865,0.0044758005889197205,ES-Bass-1,EN-Alto-1
GTSinger_same_text_control,mert_l3,3,89,EN-Alto-1,97,1,1,0,0.015939388334229698,0.015412944016747199,ES-Soprano-1,ES-Soprano-1
GTSinger_same_text_control,mert_l3,3,89,ES-Bass-1,99,1,1,0,0.02848524655839424,0.011012761111341862,RU-Alto-1,RU-Alto-1
GTSinger_same_text_control,mert_l3,3,89,ES-Soprano-1,101,2,1,1,0.014488611230003001,0.011494162594751,ES-Bass-1,KO-Soprano-2
GTSinger_same_text_control,mert_l3,3,89,FR-Tenor-1,100,10,1,9,-0.010103473654086592,0.014377158417285929,ES-Bass-1,DE-Tenor-1
GTSinger_same_text_control,mert_l3,3,89,IT-Bass-2,97,4,1,3,0.0030684752785968827,0.00441070656554754,ES-Bass-1,EN-Alto-1
GTSinger_same_text_control,mert_l3,3,89,IT-Soprano-1,81,7,5,2,0.005669594555563928,0.004859232732445595,ES-Bass-1,ES-Soprano-1
GTSinger_same_text_control,mert_l3,3,89,KO-Soprano-2,102,3,2,1,0.012231951243056649,0.010873944296619698,ES-Bass-1,ES-Soprano-1
GTSinger_same_text_control,mert_l3,3,89,RU-Alto-1,97,2,2,0,0.014494997052781788,0.010690132489501902,ES-Soprano-1,ES-Soprano-1
GTSinger_same_text_control,mert_l3,3,97,DE-Soprano-1,98,1,1,0,0.02784863893676115,0.017063995164652068,RU-Alto-1,RU-Alto-1
GTSinger_same_text_control,mert_l3,3,97,DE-Tenor-1,99,4,1,3,0.013968362899401399,0.008990600827167072,RU-Alto-1,RU-Alto-1
GTSinger_same_text_control,mert_l3,3,97,EN-Tenor-1,94,8,5,3,-0.018292501398185945,-1.3719667804279467e-05,ZH-Tenor-1,ZH-Tenor-1
GTSinger_same_text_control,mert_l3,3,97,ES-Soprano-1,101,1,1,0,0.0290695193826519,0.016432206878988387,RU-Alto-1,RU-Alto-1
GTSinger_same_text_control,mert_l3,3,97,FR-Tenor-1,100,7,1,6,-0.000939343181621477,0.00967334408378373,IT-Bass-1,DE-Tenor-1
GTSinger_same_text_control,mert_l3,3,97,IT-Bass-1,95,1,1,0,0.019815453906829372,0.00980159895810262,ZH-Tenor-1,EN-Tenor-1
GTSinger_same_text_control,mert_l3,3,97,JA-Tenor-1,104,10,10,0,-0.0397470870056198,-0.010187668093547764,ZH-Tenor-1,ZH-Tenor-1
GTSinger_same_text_control,mert_l3,3,97,RU-Alto-1,97,2,1,1,0.02634264888666127,0.01469892921613658,ES-Soprano-1,ES-Soprano-1
GTSinger_same_text_control,mert_l3,3,97,ZH-Alto-1,95,4,1,3,0.016639972477555665,0.01722391228084552,ES-Soprano-1,ES-Soprano-1
GTSinger_same_text_control,mert_l3,3,97,ZH-Tenor-1,94,1,1,0,0.02605107118540051,0.017857980045146493,ES-Soprano-1,ES-Soprano-1
GTSinger_same_text_control,mert_l3,3,101,EN-Tenor-1,94,9,7,2,-0.024173849252775992,-0.000684053700974796,ES-Bass-1,ZH-Tenor-1
GTSinger_same_text_control,mert_l3,3,101,ES-Bass-1,99,1,1,0,0.03828896405357074,0.016758364824104865,ES-Soprano-1,KO-Soprano-2
GTSinger_same_text_control,mert_l3,3,101,ES-Soprano-1,101,2,1,1,0.022300153091404762,0.012481327819990118,ES-Bass-1,KO-Soprano-2
GTSinger_same_text_control,mert_l3,3,101,FR-Tenor-1,100,7,2,5,-0.005675445264667678,0.010370298114626753,ES-Bass-1,KO-Tenor-1
GTSinger_same_text_control,mert_l3,3,101,IT-Bass-2,97,3,1,2,0.00964150680300968,0.006338065193573272,ES-Bass-1,ZH-Tenor-1
GTSinger_same_text_control,mert_l3,3,101,KO-Soprano-1,93,4,1,3,0.008656557624939887,0.008689756160825679,ES-Bass-1,ES-Soprano-1
GTSinger_same_text_control,mert_l3,3,101,KO-Soprano-2,102,3,1,2,0.019477348082184043,0.011709023628474702,ES-Bass-1,ES-Soprano-1
GTSinger_same_text_control,mert_l3,3,101,KO-Tenor-1,99,4,1,3,0.004675811504161076,0.011287802332870078,ES-Bass-1,ES-Bass-1
GTSinger_same_text_control,mert_l3,3,101,ZH-Alto-1,95,5,1,4,0.010642302610753718,0.014684269882585088,ES-Bass-1,ES-Soprano-1
GTSinger_same_text_control,mert_l3,3,101,ZH-Tenor-1,94,2,1,1,0.01918927950970395,0.013272106925606764,ES-Bass-1,ES-Soprano-1
GTSinger_same_text_control,mert_l3,3,103,DE-Tenor-1,99,6,1,5,-0.0018849748124579735,0.008268835118910967,ES-Bass-1,EN-Alto-1
GTSinger_same_text_control,mert_l3,3,103,EN-Alto-1,97,1,1,0,0.012946353777411268,0.013512749673029623,ES-Soprano-1,ES-Soprano-1
GTSinger_same_text_control,mert_l3,3,103,ES-Bass-1,99,1,1,0,0.024922105968702257,0.009193397355697686,RU-Alto-1,EN-Alto-1
GTSinger_same_text_control,mert_l3,3,103,ES-Soprano-1,101,2,1,1,0.01129537466275743,0.008082337459590971,ES-Bass-1,KO-Soprano-2
GTSinger_same_text_control,mert_l3,3,103,FR-Soprano-1,106,2,1,1,0.011579045769117613,0.009323928386067215,ES-Soprano-1,ES-Soprano-1
GTSinger_same_text_control,mert_l3,3,103,IT-Soprano-1,81,6,5,1,0.0025685037426297352,0.000879731418601537,ES-Bass-1,EN-Alto-1
GTSinger_same_text_control,mert_l3,3,103,KO-Soprano-1,93,7,2,5,-0.0013415355008336016,0.0030167364455787604,ES-Bass-1,EN-Alto-1
GTSinger_same_text_control,mert_l3,3,103,KO-Soprano-2,102,3,2,1,0.008852469420312703,0.006748260178694565,ES-Bass-1,ES-Soprano-1
GTSinger_same_text_control,mert_l3,3,103,KO-Tenor-1,99,8,1,7,-0.005372597167395354,0.009706245378599099,ES-Bass-1,EN-Alto-1
GTSinger_same_text_control,mert_l3,3,103,RU-Alto-1,97,2,3,-1,0.01090981406595326,0.0067989113968836,ES-Soprano-1,EN-Alto-1
GTSinger_same_text_control,mert_l3,3,107,DE-Soprano-1,98,3,1,2,0.021912678080917125,0.01378160962045527,ES-Bass-1,EN-Alto-2
GTSinger_same_text_control,mert_l3,3,107,DE-Tenor-1,99,4,2,2,0.010685109956815264,0.009207664540836324,ES-Bass-1,ES-Bass-1
GTSinger_same_text_control,mert_l3,3,107,EN-Alto-2,99,2,1,1,0.030579335216377346,0.020061633623744357,ES-Bass-1,DE-Soprano-1
GTSinger_same_text_control,mert_l3,3,107,ES-Bass-1,99,1,1,0,0.03963588938717466,0.01926907479779827,EN-Alto-2,EN-Alto-2
GTSinger_same_text_control,mert_l3,3,107,FR-Tenor-1,100,7,2,5,-0.003043299372190944,0.011318119692482531,ES-Bass-1,KO-Tenor-1
GTSinger_same_text_control,mert_l3,3,107,JA-Soprano-1,103,3,1,2,0.022844484976379587,0.0159028669803416,ES-Bass-1,EN-Alto-2
GTSinger_same_text_control,mert_l3,3,107,JA-Tenor-1,104,10,10,0,-0.04180186772612038,-0.01009744189693873,ES-Bass-1,ES-Bass-1
GTSinger_same_text_control,mert_l3,3,107,KO-Soprano-1,93,5,4,1,0.008164589607258188,0.0052911252214197235,ES-Bass-1,JA-Soprano-1
GTSinger_same_text_control,mert_l3,3,107,KO-Tenor-1,99,5,1,4,0.006201628757702693,0.011359888254750095,ES-Bass-1,ES-Bass-1
GTSinger_same_text_control,mert_l3,3,107,ZH-Alto-1,95,4,1,3,0.014223240782695101,0.015005649293711398,ES-Bass-1,JA-Soprano-1
GTSinger_same_text_control,mert_l3,3,109,EN-Alto-1,97,1,1,0,0.02022231730293267,0.01395277367905956,ES-Soprano-1,ZH-Alto-1
GTSinger_same_text_control,mert_l3,3,109,ES-Bass-1,99,1,1,0,0.036445581387654635,0.015010833236485888,RU-Alto-1,RU-Alto-1
GTSinger_same_text_control,mert_l3,3,109,ES-Soprano-1,101,2,1,1,0.020286005165525145,0.009859532731719023,ES-Bass-1,KO-Soprano-2
GTSinger_same_text_control,mert_l3,3,109,FR-Soprano-1,106,2,2,0,0.019085141905477276,0.008563417461782241,ES-Soprano-1,ES-Soprano-1
GTSinger_same_text_control,mert_l3,3,109,FR-Tenor-1,100,8,2,6,-0.004223286812078841,0.014499473032004828,ES-Bass-1,KO-Tenor-1
GTSinger_same_text_control,mert_l3,3,109,JA-Tenor-1,104,10,10,0,-0.045982864872111895,-0.008546851653386756,ES-Bass-1,ES-Bass-1
GTSinger_same_text_control,mert_l3,3,109,KO-Soprano-2,102,3,2,1,0.017224066302901075,0.008600901005794581,ES-Bass-1,ES-Soprano-1
GTSinger_same_text_control,mert_l3,3,109,KO-Tenor-1,99,7,1,6,0.003162554606851775,0.010516310967703335,ES-Bass-1,EN-Alto-1
GTSinger_same_text_control,mert_l3,3,109,RU-Alto-1,97,2,3,-1,0.0185640133905568,0.0082160083818964,ES-Soprano-1,EN-Alto-1
GTSinger_same_text_control,mert_l3,3,109,ZH-Alto-1,95,6,1,5,0.009176536340728458,0.013668957160155926,ES-Bass-1,ES-Soprano-1
GTSinger_same_text_control,mert_l3,3,113,EN-Alto-1,97,1,1,0,0.02967198006383287,0.0196374754818871,ES-Bass-1,ZH-Alto-1
GTSinger_same_text_control,mert_l3,3,113,EN-Tenor-1,94,8,5,3,-0.016377626602421924,0.0017904174309412157,ES-Bass-1,ZH-Alto-1
GTSinger_same_text_control,mert_l3,3,113,ES-Bass-1,99,1,1,0,0.04572553338862151,0.020134883839333373,EN-Alto-1,EN-Alto-1
GTSinger_same_text_control,mert_l3,3,113,FR-Tenor-1,100,6,2,4,-0.0018640526229939391,0.009776359801929924,ES-Bass-1,KO-Tenor-1
GTSinger_same_text_control,mert_l3,3,113,IT-Bass-1,95,2,2,0,0.01924679484496883,0.009802929260535831,ES-Bass-1,KO-Tenor-1
GTSinger_same_text_control,mert_l3,3,113,IT-Soprano-1,81,3,2,1,0.02034691982448933,0.00943797988901951,ES-Bass-1,EN-Alto-1
GTSinger_same_text_control,mert_l3,3,113,JA-Tenor-1,104,10,10,0,-0.03905315477335958,-0.009595032720429386,ES-Bass-1,ZH-Alto-1
GTSinger_same_text_control,mert_l3,3,113,KO-Soprano-1,93,3,2,1,0.014292676887355027,0.008713747635247682,ES-Bass-1,EN-Alto-1
GTSinger_same_text_control,mert_l3,3,113,KO-Tenor-1,99,4,1,3,0.009054072983232908,0.010360091946355454,ES-Bass-1,IT-Soprano-1
GTSinger_same_text_control,mert_l3,3,113,ZH-Alto-1,95,3,1,2,0.018041401568255955,0.01906090456618248,ES-Bass-1,EN-Alto-1
GTSinger_same_text_control,mert_l3,3,127,DE-Soprano-1,98,1,2,-1,0.02074393015249476,0.01326760675387395,EN-Alto-1,EN-Alto-1
GTSinger_same_text_control,mert_l3,3,127,EN-Alto-1,97,1,1,0,0.02410826886731887,0.0186886910869416,RU-Alto-1,DE-Soprano-1
GTSinger_same_text_control,mert_l3,3,127,IT-Bass-1,95,1,2,-1,0.01649279288108918,0.012720603183157708,IT-Bass-2,KO-Tenor-1
GTSinger_same_text_control,mert_l3,3,127,IT-Bass-2,97,3,2,1,0.010047422799964068,0.0059915443937583746,IT-Bass-1,IT-Bass-1
GTSinger_same_text_control,mert_l3,3,127,IT-Soprano-1,81,5,5,0,0.013504994204920129,0.005562319337828137,RU-Alto-1,EN-Alto-1
GTSinger_same_text_control,mert_l3,3,127,JA-Soprano-1,103,1,1,0,0.02148434958623624,0.016010188481921706,DE-Soprano-1,DE-Soprano-1
GTSinger_same_text_control,mert_l3,3,127,JA-Tenor-1,104,10,9,1,-0.043429145348906295,-0.004687343941341293,RU-Alto-1,EN-Alto-1
GTSinger_same_text_control,mert_l3,3,127,KO-Soprano-1,93,5,4,1,0.007308788572015779,0.005469620411681531,JA-Soprano-1,JA-Soprano-1
GTSinger_same_text_control,mert_l3,3,127,KO-Tenor-1,99,6,1,5,0.003378179402027559,0.011158786849431945,RU-Alto-1,EN-Alto-1
GTSinger_same_text_control,mert_l3,3,127,RU-Alto-1,97,1,3,-2,0.020911963240643705,0.010851092120368389,EN-Alto-1,EN-Alto-1
GTSinger_same_text_control,mert_l3,3,131,DE-Tenor-1,99,3,2,1,0.011402450178378487,0.007421805854530228,ES-Bass-1,ES-Bass-1
GTSinger_same_text_control,mert_l3,3,131,ES-Bass-1,99,1,1,0,0.042432700353114194,0.0207543572487785,ES-Soprano-1,JA-Soprano-1
GTSinger_same_text_control,mert_l3,3,131,ES-Soprano-1,101,2,1,1,0.026754470124456753,0.016819912504984824,ES-Bass-1,JA-Soprano-1
GTSinger_same_text_control,mert_l3,3,131,FR-Tenor-1,100,7,2,5,-0.0034422237240686604,0.009277245072616291,ES-Bass-1,KO-Tenor-1
GTSinger_same_text_control,mert_l3,3,131,IT-Bass-2,97,3,1,2,0.013492059332537387,0.006549935484964964,ES-Bass-1,ES-Soprano-1
GTSinger_same_text_control,mert_l3,3,131,JA-Soprano-1,103,2,1,1,0.027740279444040228,0.02209296209144207,ES-Bass-1,KO-Soprano-1
GTSinger_same_text_control,mert_l3,3,131,JA-Tenor-1,104,10,10,0,-0.04150332712844784,-0.0099312906591692,ES-Bass-1,ES-Bass-1
GTSinger_same_text_control,mert_l3,3,131,KO-Soprano-1,93,4,2,2,0.010798026480949519,0.009622700450702015,ES-Bass-1,JA-Soprano-1
GTSinger_same_text_control,mert_l3,3,131,KO-Tenor-1,99,4,1,3,0.007933562975870445,0.012633354644367212,ES-Bass-1,ES-Bass-1
GTSinger_same_text_control,mert_l3,3,131,ZH-Alto-1,95,4,1,3,0.015747980002890127,0.017919923752148348,ES-Bass-1,ES-Soprano-1
GTSinger_same_text_control,mert_l3,3,137,DE-Soprano-1,98,2,2,0,0.02035916393571624,0.01093249855953704,ES-Bass-1,EN-Alto-1
GTSinger_same_text_control,mert_l3,3,137,EN-Alto-1,97,1,1,0,0.022360785519837778,0.0152279129897952,ES-Soprano-1,ES-Soprano-1
GTSinger_same_text_control,mert_l3,3,137,ES-Bass-1,99,1,1,0,0.03818391679622413,0.016934687611792065,ES-Soprano-1,EN-Alto-1
GTSinger_same_text_control,mert_l3,3,137,ES-Soprano-1,101,2,1,1,0.023013286621835438,0.012597327861796237,ES-Bass-1,EN-Alto-1
GTSinger_same_text_control,mert_l3,3,137,FR-Tenor-1,100,7,2,5,-0.003714749173318488,0.014178917007191205,ES-Bass-1,KO-Tenor-1
GTSinger_same_text_control,mert_l3,3,137,IT-Soprano-1,81,5,4,1,0.01332486873892269,0.004208989805851604,ES-Bass-1,EN-Alto-1
GTSinger_same_text_control,mert_l3,3,137,JA-Tenor-1,104,10,10,0,-0.04346094837161585,-0.008212551916206068,ES-Bass-1,ES-Bass-1
GTSinger_same_text_control,mert_l3,3,137,KO-Soprano-1,93,5,4,1,0.008402701088919162,0.004131134114507051,ES-Bass-1,EN-Alto-1
GTSinger_same_text_control,mert_l3,3,137,KO-Tenor-1,99,6,1,5,0.0038616835991310827,0.009887825389095717,ES-Bass-1,EN-Alto-1
GTSinger_same_text_control,mert_l3,3,137,ZH-Alto-1,95,4,1,3,0.01206340431591646,0.01514338059179754,ES-Bass-1,ES-Soprano-1
GTSinger_same_text_control,mert_l3,3,139,EN-Alto-1,97,1,1,0,0.025408517896143956,0.018083189464574767,ES-Soprano-1,ES-Soprano-1
GTSinger_same_text_control,mert_l3,3,139,EN-Tenor-1,94,9,7,2,-0.02134381426085208,-0.0028796545026329445,ZH-Tenor-1,ZH-Tenor-1
GTSinger_same_text_control,mert_l3,3,139,ES-Soprano-1,101,1,1,0,0.025033741157284406,0.013444767962279114,JA-Soprano-1,JA-Soprano-1
GTSinger_same_text_control,mert_l3,3,139,FR-Soprano-1,106,2,1,1,0.02373598372106056,0.013060527486224216,ES-Soprano-1,ES-Soprano-1
GTSinger_same_text_control,mert_l3,3,139,IT-Bass-2,97,3,1,2,0.0126312356485484,0.006004092691308971,ES-Soprano-1,EN-Alto-1
GTSinger_same_text_control,mert_l3,3,139,JA-Soprano-1,103,2,1,1,0.028493210263180857,0.021065608510528633,FR-Soprano-1,FR-Soprano-1
GTSinger_same_text_control,mert_l3,3,139,JA-Tenor-1,104,10,10,0,-0.043044359998415715,-0.013906904517213992,ZH-Tenor-1,ZH-Tenor-1
GTSinger_same_text_control,mert_l3,3,139,KO-Tenor-1,99,5,1,4,0.008482914247526896,0.012903402156442034,EN-Alto-1,EN-Alto-1
GTSinger_same_text_control,mert_l3,3,139,ZH-Alto-1,95,5,1,4,0.012420000912939488,0.013160390097269548,ES-Soprano-1,ES-Soprano-1
GTSinger_same_text_control,mert_l3,3,139,ZH-Tenor-1,94,1,1,0,0.022212297332315778,0.01414310361531923,ES-Soprano-1,ES-Soprano-1
GTSinger_same_text_control,mert_l3,3,149,EN-Alto-1,97,1,1,0,0.021333313361754924,0.01393164448304507,ES-Soprano-1,ES-Soprano-1
GTSinger_same_text_control,mert_l3,3,149,EN-Alto-2,99,1,1,0,0.028112720179482964,0.016113361343150556,RU-Alto-1,EN-Alto-1
GTSinger_same_text_control,mert_l3,3,149,ES-Soprano-1,101,1,1,0,0.02101639352189766,0.009472269911609987,EN-Alto-2,JA-Soprano-1
GTSinger_same_text_control,mert_l3,3,149,FR-Tenor-1,100,8,1,7,-0.002326283076466762,0.018627969222730245,IT-Bass-1,IT-Bass-1
GTSinger_same_text_control,mert_l3,3,149,IT-Bass-1,95,1,1,0,0.018855435949869825,0.01600416493297674,RU-Alto-1,FR-Tenor-1
GTSinger_same_text_control,mert_l3,3,149,IT-Soprano-1,81,6,6,0,0.012051767660183121,0.004189925128514682,ES-Soprano-1,EN-Alto-1
GTSinger_same_text_control,mert_l3,3,149,JA-Soprano-1,103,2,1,1,0.021837905841892935,0.014507873687915507,EN-Alto-2,EN-Alto-2
GTSinger_same_text_control,mert_l3,3,149,JA-Tenor-1,104,10,10,0,-0.044024591801857915,-0.005951416467675941,ES-Soprano-1,EN-Alto-1
GTSinger_same_text_control,mert_l3,3,149,RU-Alto-1,97,2,4,-2,0.018784979177020933,0.006964202812332898,ES-Soprano-1,EN-Alto-1
GTSinger_same_text_control,mert_l3,3,149,ZH-Alto-1,95,6,1,5,0.009837877755161317,0.012122860757742382,ES-Soprano-1,ES-Soprano-1
GTSinger_same_text_control,mert_l3,3,151,DE-Soprano-1,98,2,1,1,0.022075364127945307,0.018013016452447128,ES-Bass-1,JA-Soprano-1
GTSinger_same_text_control,mert_l3,3,151,EN-Tenor-1,94,9,5,4,-0.023393090919142545,0.00036624090354164807,ES-Bass-1,ZH-Tenor-1
GTSinger_same_text_control,mert_l3,3,151,ES-Bass-1,99,1,1,0,0.03822129410941255,0.018601929644878612,DE-Soprano-1,DE-Soprano-1
GTSinger_same_text_control,mert_l3,3,151,FR-Soprano-1,106,1,1,0,0.022080961504673202,0.015485306892462414,ES-Bass-1,JA-Soprano-1
GTSinger_same_text_control,mert_l3,3,151,IT-Bass-1,95,2,1,1,0.016004665112933858,0.010158835033235336,ES-Bass-1,EN-Tenor-1
GTSinger_same_text_control,mert_l3,3,151,IT-Bass-2,97,3,2,1,0.008370891715673512,0.003036283166975462,ES-Bass-1,IT-Bass-1
GTSinger_same_text_control,mert_l3,3,151,JA-Soprano-1,103,3,1,2,0.023747874798470292,0.020281098843012324,ES-Bass-1,DE-Soprano-1
GTSinger_same_text_control,mert_l3,3,151,JA-Tenor-1,104,10,10,0,-0.04495935482468494,-0.010403080360523731,ES-Bass-1,ZH-Tenor-1
GTSinger_same_text_control,mert_l3,3,151,KO-Soprano-2,102,2,2,0,0.019529545854047647,0.013813209572841378,ES-Bass-1,JA-Soprano-1
GTSinger_same_text_control,mert_l3,3,151,ZH-Tenor-1,94,2,1,1,0.01985694059237153,0.014493821628708825,ES-Bass-1,KO-Soprano-2
GTSinger_same_text_control,mert_l3,3,157,ES-Soprano-1,101,1,1,0,0.023555344407712786,0.012935229277709404,KO-Soprano-2,KO-Soprano-2
GTSinger_same_text_control,mert_l3,3,157,FR-Soprano-1,106,2,2,0,0.02395335803854115,0.013552432503697087,ES-Soprano-1,ES-Soprano-1
GTSinger_same_text_control,mert_l3,3,157,FR-Tenor-1,100,8,1,7,-0.0023393100858467575,0.017117633766559504,IT-Bass-1,IT-Bass-1
GTSinger_same_text_control,mert_l3,3,157,IT-Bass-1,95,1,1,0,0.01825710298532013,0.015370829139035425,IT-Bass-2,FR-Tenor-1
GTSinger_same_text_control,mert_l3,3,157,IT-Bass-2,97,3,2,1,0.010636370086788971,0.007801190600472352,IT-Bass-1,IT-Bass-1
GTSinger_same_text_control,mert_l3,3,157,IT-Soprano-1,81,4,4,0,0.015035762932424146,0.0067691790077542,ES-Soprano-1,ES-Soprano-1
GTSinger_same_text_control,mert_l3,3,157,JA-Tenor-1,104,10,8,2,-0.04203116258550599,-0.002665778772906413,ES-Soprano-1,ES-Soprano-1
GTSinger_same_text_control,mert_l3,3,157,KO-Soprano-1,93,5,1,4,0.009073317931909797,0.005856610983783095,ES-Soprano-1,ES-Soprano-1
GTSinger_same_text_control,mert_l3,3,157,KO-Soprano-2,102,2,2,0,0.020545921715772852,0.011314033928596756,ES-Soprano-1,ES-Soprano-1
GTSinger_same_text_control,mert_l3,3,157,RU-Alto-1,97,2,2,0,0.02274438554178093,0.011783468025749588,ES-Soprano-1,ES-Soprano-1
GTSinger_same_text_control,mert_l3,3,163,DE-Soprano-1,98,2,1,1,0.014041890729236672,0.0077714188943904805,EN-Alto-2,EN-Alto-2
GTSinger_same_text_control,mert_l3,3,163,DE-Tenor-1,99,5,1,4,0.0036351149812148265,0.008173190463476088,RU-Alto-1,KO-Tenor-1
GTSinger_same_text_control,mert_l3,3,163,EN-Alto-2,99,1,1,0,0.022709280488064754,0.014892640358946219,RU-Alto-1,DE-Soprano-1
GTSinger_same_text_control,mert_l3,3,163,EN-Tenor-1,94,10,4,6,-0.025895108895312102,0.001487217096030391,ZH-Tenor-1,ZH-Tenor-1
GTSinger_same_text_control,mert_l3,3,163,FR-Soprano-1,106,1,1,0,0.016178869629365655,0.00899206760596527,EN-Alto-2,KO-Soprano-2
GTSinger_same_text_control,mert_l3,3,163,IT-Soprano-1,81,5,5,0,0.007995650921362119,0.0025542800715534497,EN-Alto-2,KO-Soprano-2
GTSinger_same_text_control,mert_l3,3,163,KO-Soprano-2,102,1,1,0,0.01464382240815576,0.00917227652243957,EN-Alto-2,EN-Alto-2
GTSinger_same_text_control,mert_l3,3,163,KO-Tenor-1,99,7,1,6,-0.0003824115049089194,0.009025775946660763,RU-Alto-1,IT-Soprano-1
GTSinger_same_text_control,mert_l3,3,163,RU-Alto-1,97,1,1,0,0.01595741039958376,0.008858616694717436,EN-Alto-2,KO-Soprano-2
GTSinger_same_text_control,mert_l3,3,163,ZH-Tenor-1,94,1,1,0,0.01604496466318661,0.01567453718020828,RU-Alto-1,KO-Soprano-2
GTSinger_same_text_control,mert_l3,3,167,DE-Soprano-1,98,2,2,0,0.020358088120507434,0.01237708599480103,ES-Bass-1,EN-Alto-1
GTSinger_same_text_control,mert_l3,3,167,EN-Alto-1,97,1,1,0,0.023977478905766292,0.01728192054559019,ES-Bass-1,DE-Soprano-1
GTSinger_same_text_control,mert_l3,3,167,ES-Bass-1,99,1,1,0,0.03760373950149709,0.015065439768436217,DE-Soprano-1,DE-Soprano-1
GTSinger_same_text_control,mert_l3,3,167,FR-Soprano-1,106,1,1,0,0.023000996103318405,0.013807503434469237,ES-Bass-1,JA-Soprano-1
GTSinger_same_text_control,mert_l3,3,167,FR-Tenor-1,100,8,2,6,-0.004151773225011368,0.013642392624535371,ES-Bass-1,KO-Tenor-1
GTSinger_same_text_control,mert_l3,3,167,IT-Bass-1,95,2,2,0,0.016762415050809998,0.010711006552100222,ES-Bass-1,KO-Tenor-1
GTSinger_same_text_control,mert_l3,3,167,JA-Soprano-1,103,3,1,2,0.020187433580496683,0.013541031630657563,ES-Bass-1,DE-Soprano-1
GTSinger_same_text_control,mert_l3,3,167,JA-Tenor-1,104,10,10,0,-0.04278078864555168,-0.006006940791710491,ES-Bass-1,ES-Bass-1
GTSinger_same_text_control,mert_l3,3,167,KO-Soprano-1,93,6,4,2,0.00662483363944244,0.00483585293781752,ES-Bass-1,JA-Soprano-1
GTSinger_same_text_control,mert_l3,3,167,KO-Tenor-1,99,6,1,5,0.004552697611197809,0.011505568795035948,ES-Bass-1,EN-Alto-1
GTSinger_same_text_control,mert_l3,3,173,EN-Tenor-1,94,10,8,2,-0.02801732234467902,-0.001352603754319226,ES-Bass-1,ZH-Tenor-1
GTSinger_same_text_control,mert_l3,3,173,ES-Bass-1,99,1,1,0,0.03159443038293763,0.013803282243918136,RU-Alto-1,JA-Soprano-1
GTSinger_same_text_control,mert_l3,3,173,IT-Soprano-1,81,5,4,1,0.008609442687744884,0.0034112890680184638,ES-Bass-1,JA-Soprano-1
GTSinger_same_text_control,mert_l3,3,173,JA-Soprano-1,103,2,1,1,0.017107197224836668,0.014313776533265044,ES-Bass-1,KO-Soprano-1
GTSinger_same_text_control,mert_l3,3,173,KO-Soprano-1,93,5,2,3,0.0038924059434544134,0.0049523947831328075,ES-Bass-1,JA-Soprano-1
GTSinger_same_text_control,mert_l3,3,173,KO-Soprano-2,102,2,2,0,0.013234461255125063,0.0063164986086524655,ES-Bass-1,JA-Soprano-1
GTSinger_same_text_control,mert_l3,3,173,KO-Tenor-1,99,6,1,5,-0.00045764265340253463,0.010040224106357853,ES-Bass-1,IT-Soprano-1
GTSinger_same_text_control,mert_l3,3,173,RU-Alto-1,97,1,2,-1,0.014542462251321386,0.006723614664382205,ES-Bass-1,JA-Soprano-1
GTSinger_same_text_control,mert_l3,3,173,ZH-Alto-1,95,6,1,5,0.004332597396135784,0.00970981436178786,ES-Bass-1,JA-Soprano-1
GTSinger_same_text_control,mert_l3,3,173,ZH-Tenor-1,94,2,1,1,0.014475403558571243,0.013122366149360132,ES-Bass-1,ES-Bass-1
GTSinger_same_text_control,mert_l3,3,179,DE-Tenor-1,99,5,1,4,0.0019328439843268042,0.006236520901207854,ES-Bass-1,ES-Bass-1
GTSinger_same_text_control,mert_l3,3,179,ES-Bass-1,99,1,1,0,0.030862240401245522,0.01244836969973695,RU-Alto-1,RU-Alto-1
GTSinger_same_text_control,mert_l3,3,179,ES-Soprano-1,101,2,1,1,0.01586879819628928,0.011107354743786324,ES-Bass-1,KO-Soprano-2
GTSinger_same_text_control,mert_l3,3,179,FR-Soprano-1,106,2,2,0,0.016761430064550775,0.01250661356802485,ES-Soprano-1,ES-Soprano-1
GTSinger_same_text_control,mert_l3,3,179,FR-Tenor-1,100,9,1,8,-0.008116597418584837,0.01473138434826049,ES-Bass-1,DE-Tenor-1
GTSinger_same_text_control,mert_l3,3,179,IT-Bass-2,97,3,1,2,0.004597084329140078,0.0054648167594505415,ES-Bass-1,ES-Soprano-1
GTSinger_same_text_control,mert_l3,3,179,IT-Soprano-1,81,5,4,1,0.007770128184429903,0.006777105201551614,ES-Bass-1,ES-Soprano-1
GTSinger_same_text_control,mert_l3,3,179,KO-Soprano-2,102,3,2,1,0.01325531965275406,0.01014284687279876,ES-Bass-1,ES-Soprano-1
GTSinger_same_text_control,mert_l3,3,179,RU-Alto-1,97,2,2,0,0.01590411546287196,0.011075746392927188,ES-Soprano-1,ZH-Alto-1
GTSinger_same_text_control,mert_l3,3,179,ZH-Alto-1,95,5,1,4,0.006342917642461421,0.01652459808136031,ES-Bass-1,ES-Soprano-1
GTSinger_same_text_control,mert_l3,3,181,DE-Tenor-1,99,5,2,3,0.006347844699300387,0.004353602065831574,RU-Alto-1,RU-Alto-1
GTSinger_same_text_control,mert_l3,3,181,EN-Alto-2,99,1,1,0,0.030132662794961407,0.02135632244374508,RU-Alto-1,RU-Alto-1
GTSinger_same_text_control,mert_l3,3,181,EN-Tenor-1,94,9,5,4,-0.02405797675734922,0.0009999986233997227,ZH-Tenor-1,ZH-Tenor-1
GTSinger_same_text_control,mert_l3,3,181,ES-Soprano-1,101,1,1,0,0.02170993977110136,0.01211713155077554,EN-Alto-2,KO-Soprano-2
GTSinger_same_text_control,mert_l3,3,181,FR-Tenor-1,100,9,2,7,-0.006404109502759048,0.009677341936869754,KO-Tenor-1,KO-Tenor-1
GTSinger_same_text_control,mert_l3,3,181,IT-Bass-1,95,1,3,-2,0.014658900130967711,0.008627359766756326,ZH-Tenor-1,KO-Tenor-1
GTSinger_same_text_control,mert_l3,3,181,KO-Soprano-2,102,2,1,1,0.019053139432054444,0.011885047832967066,ES-Soprano-1,ES-Soprano-1
GTSinger_same_text_control,mert_l3,3,181,KO-Tenor-1,99,5,1,4,0.0040448008169293725,0.011274826818443384,RU-Alto-1,RU-Alto-1
GTSinger_same_text_control,mert_l3,3,181,RU-Alto-1,97,2,1,1,0.02090777268146249,0.01320286061417919,ES-Soprano-1,ES-Soprano-1
GTSinger_same_text_control,mert_l3,3,181,ZH-Tenor-1,94,1,1,0,0.01963313955923307,0.014201865594446028,ES-Soprano-1,ES-Soprano-1
GTSinger_same_text_control,mert_l3,3,191,DE-Soprano-1,98,2,2,0,0.017650382408030185,0.010241591596433008,EN-Alto-2,EN-Alto-1
GTSinger_same_text_control,mert_l3,3,191,EN-Alto-1,97,1,1,0,0.020810212514372317,0.016181154448765,EN-Alto-2,KO-Soprano-2
GTSinger_same_text_control,mert_l3,3,191,EN-Alto-2,99,1,1,0,0.025488271266912776,0.01601115673449882,RU-Alto-1,EN-Alto-1
GTSinger_same_text_control,mert_l3,3,191,IT-Bass-2,97,2,1,1,0.010198884764619942,0.010914995973062669,EN-Alto-1,EN-Alto-1
GTSinger_same_text_control,mert_l3,3,191,IT-Soprano-1,81,6,6,0,0.010716692027381125,0.0025684043370103327,EN-Alto-2,EN-Alto-1
GTSinger_same_text_control,mert_l3,3,191,JA-Tenor-1,104,10,9,1,-0.044871034261747544,-0.005198798970479479,RU-Alto-1,EN-Alto-1
GTSinger_same_text_control,mert_l3,3,191,KO-Soprano-1,93,6,4,2,0.005973744613659182,0.00347092713781183,EN-Alto-2,EN-Alto-1
GTSinger_same_text_control,mert_l3,3,191,KO-Soprano-2,102,1,1,0,0.017228438034422977,0.010648128242968902,EN-Alto-2,EN-Alto-2
GTSinger_same_text_control,mert_l3,3,191,KO-Tenor-1,99,7,1,6,0.0015525601921447807,0.01032343069616215,RU-Alto-1,EN-Alto-1
GTSinger_same_text_control,mert_l3,3,191,RU-Alto-1,97,1,2,-1,0.018200555016619435,0.008391615713492784,EN-Alto-2,EN-Alto-1
GTSinger_same_text_control,mert_l3,3,193,DE-Soprano-1,98,2,1,1,0.02099889615940631,0.015570474858811467,EN-Alto-2,EN-Alto-2
GTSinger_same_text_control,mert_l3,3,193,DE-Tenor-1,99,3,2,1,0.007201049244818236,0.0057618687359528575,DE-Soprano-1,KO-Tenor-1
GTSinger_same_text_control,mert_l3,3,193,EN-Alto-2,99,1,1,0,0.03011711029530806,0.021785227197930968,DE-Soprano-1,DE-Soprano-1
GTSinger_same_text_control,mert_l3,3,193,FR-Tenor-1,100,8,2,6,-0.005737241127076409,0.01186181871432479,KO-Tenor-1,KO-Tenor-1
GTSinger_same_text_control,mert_l3,3,193,IT-Bass-1,95,1,2,-1,0.015138924344409443,0.009511851765338086,IT-Bass-2,KO-Tenor-1
GTSinger_same_text_control,mert_l3,3,193,IT-Bass-2,97,2,3,-1,0.009459844683432639,0.0032843463403647855,IT-Bass-1,IT-Bass-1
GTSinger_same_text_control,mert_l3,3,193,JA-Soprano-1,103,2,1,1,0.022117367174031677,0.018418601435497672,EN-Alto-2,EN-Alto-2
GTSinger_same_text_control,mert_l3,3,193,KO-Soprano-1,93,4,4,0,0.00621883069849527,0.007527100447146773,EN-Alto-2,JA-Soprano-1
GTSinger_same_text_control,mert_l3,3,193,KO-Tenor-1,99,4,1,3,0.004841586033138445,0.014030470805296735,DE-Soprano-1,DE-Soprano-1
GTSinger_same_text_control,mert_l3,3,193,ZH-Alto-1,95,3,1,2,0.012992374534639417,0.017557843592595268,EN-Alto-2,JA-Soprano-1
GTSinger_same_text_control,mert_l3,3,197,EN-Alto-2,99,1,1,0,0.0352898936087932,0.020978157966245248,JA-Soprano-1,JA-Soprano-1
GTSinger_same_text_control,mert_l3,3,197,EN-Tenor-1,94,8,5,3,-0.016477112869895283,0.002074373036038857,KO-Soprano-2,ZH-Alto-1
GTSinger_same_text_control,mert_l3,3,197,FR-Tenor-1,100,6,1,5,0.0014112347834436267,0.01747176936800865,IT-Bass-1,IT-Bass-1
GTSinger_same_text_control,mert_l3,3,197,IT-Bass-1,95,1,1,0,0.021674683197152156,0.016806757439232545,JA-Soprano-1,FR-Tenor-1
GTSinger_same_text_control,mert_l3,3,197,IT-Soprano-1,81,4,4,0,0.018724427329714355,0.006807937985533141,EN-Alto-2,EN-Alto-2
GTSinger_same_text_control,mert_l3,3,197,JA-Soprano-1,103,2,1,1,0.02791149218642275,0.017197431559841103,EN-Alto-2,EN-Alto-2
GTSinger_same_text_control,mert_l3,3,197,JA-Tenor-1,104,10,10,0,-0.03863827094276839,-0.0090844942691366,KO-Soprano-2,ZH-Alto-1
GTSinger_same_text_control,mert_l3,3,197,KO-Soprano-1,93,4,3,1,0.012315702562343711,0.0056602505178005025,EN-Alto-2,JA-Soprano-1
GTSinger_same_text_control,mert_l3,3,197,KO-Soprano-2,102,1,2,-1,0.024124406532007425,0.010671825301682092,EN-Alto-2,JA-Soprano-1
GTSinger_same_text_control,mert_l3,3,197,ZH-Alto-1,95,4,1,3,0.015841071439127274,0.014273694972753992,KO-Soprano-2,JA-Soprano-1
GTSinger_same_text_control,mert_l3,3,199,DE-Tenor-1,99,3,1,2,0.009677914533756105,0.008985155050771576,EN-Alto-1,EN-Alto-1
GTSinger_same_text_control,mert_l3,3,199,EN-Alto-1,97,1,1,0,0.023409263913204414,0.016982543053596255,KO-Soprano-2,KO-Soprano-2
GTSinger_same_text_control,mert_l3,3,199,FR-Soprano-1,106,1,1,0,0.022849025644687715,0.014245036018148416,KO-Soprano-2,JA-Soprano-1
GTSinger_same_text_control,mert_l3,3,199,IT-Bass-2,97,2,1,1,0.010919278422944045,0.005181306320793833,EN-Alto-1,EN-Alto-1
GTSinger_same_text_control,mert_l3,3,199,IT-Soprano-1,81,4,4,0,0.01402410101147955,0.007164726825767742,KO-Soprano-2,EN-Alto-1
GTSinger_same_text_control,mert_l3,3,199,JA-Soprano-1,103,2,1,1,0.02448377320246875,0.018480965441847852,FR-Soprano-1,FR-Soprano-1
GTSinger_same_text_control,mert_l3,3,199,JA-Tenor-1,104,10,10,0,-0.043325135934509595,-0.008630974088974064,KO-Soprano-2,EN-Alto-1
GTSinger_same_text_control,mert_l3,3,199,KO-Soprano-2,102,1,2,-1,0.019971826443812457,0.01159953829379956,JA-Soprano-1,JA-Soprano-1
GTSinger_same_text_control,mert_l3,3,199,KO-Tenor-1,99,6,1,5,0.005297847678554679,0.011241845509426973,IT-Soprano-1,IT-Soprano-1
GTSinger_same_text_control,mert_l3,3,199,ZH-Alto-1,95,4,1,3,0.012015749293043387,0.015095511898552738,KO-Soprano-2,KO-Soprano-2
GTSinger_same_text_control,mert_l3,3,211,DE-Tenor-1,99,2,1,1,0.008520424906054203,0.0061226133882119615,ES-Soprano-1,ES-Soprano-1
GTSinger_same_text_control,mert_l3,3,211,EN-Tenor-1,94,9,4,5,-0.021577151065198197,0.00392250729318977,ZH-Tenor-1,ZH-Tenor-1
GTSinger_same_text_control,mert_l3,3,211,ES-Soprano-1,101,1,1,0,0.024526659771700432,0.015542462140509139,JA-Soprano-1,JA-Soprano-1
GTSinger_same_text_control,mert_l3,3,211,FR-Tenor-1,100,8,1,7,-0.004880057315121089,0.011466796441264249,IT-Bass-1,EN-Tenor-1
GTSinger_same_text_control,mert_l3,3,211,IT-Bass-1,95,1,2,-1,0.015472131194408156,0.008855315551016596,IT-Bass-2,EN-Tenor-1
GTSinger_same_text_control,mert_l3,3,211,IT-Bass-2,97,3,2,1,0.009345436911550431,0.0027068131919765204,IT-Bass-1,IT-Bass-1
GTSinger_same_text_control,mert_l3,3,211,IT-Soprano-1,81,3,3,0,0.016612087022534805,0.012147409631001582,ES-Soprano-1,ES-Soprano-1
GTSinger_same_text_control,mert_l3,3,211,JA-Soprano-1,103,1,1,0,0.026340025257768573,0.021929567385640225,ES-Soprano-1,KO-Soprano-1
GTSinger_same_text_control,mert_l3,3,211,KO-Soprano-1,93,3,2,1,0.009001016268030293,0.008982965085137962,JA-Soprano-1,JA-Soprano-1
GTSinger_same_text_control,mert_l3,3,211,ZH-Tenor-1,94,1,1,0,0.022514069604424702,0.016507535008280283,ES-Soprano-1,ES-Soprano-1
GTSinger_same_text_control,mert_l3,3,223,DE-Tenor-1,99,4,1,3,0.0012851160113613869,0.005249969568569268,ES-Bass-1,EN-Alto-1
GTSinger_same_text_control,mert_l3,3,223,EN-Alto-1,97,1,1,0,0.017871102821166107,0.01620174086543147,ES-Bass-1,JA-Soprano-1
GTSinger_same_text_control,mert_l3,3,223,ES-Bass-1,99,1,1,0,0.030261209128961797,0.011105411953579503,RU-Alto-1,RU-Alto-1
GTSinger_same_text_control,mert_l3,3,223,FR-Soprano-1,106,1,1,0,0.016434319563553346,0.012799146362945435,ES-Bass-1,JA-Soprano-1
GTSinger_same_text_control,mert_l3,3,223,FR-Tenor-1,100,9,1,8,-0.008541099586959922,0.015467028050816123,ES-Bass-1,DE-Tenor-1
GTSinger_same_text_control,mert_l3,3,223,IT-Bass-1,95,2,2,0,0.012503548266819098,0.011143853060734399,ES-Bass-1,FR-Tenor-1
GTSinger_same_text_control,mert_l3,3,223,JA-Soprano-1,103,3,1,2,0.014829985369039678,0.014693000633671849,ES-Bass-1,FR-Soprano-1
GTSinger_same_text_control,mert_l3,3,223,KO-Soprano-1,93,6,2,4,0.0006545673045345035,0.005989093965470316,ES-Bass-1,JA-Soprano-1
GTSinger_same_text_control,mert_l3,3,223,RU-Alto-1,97,1,2,-1,0.015836183779294077,0.011564911891966179,ES-Bass-1,JA-Soprano-1
GTSinger_same_text_control,mert_l3,3,223,ZH-Tenor-1,94,2,1,1,0.014693617405782122,0.013505793232333141,ES-Bass-1,EN-Alto-1
GTSinger_same_text_control,mert_l3,3,227,DE-Tenor-1,99,5,1,4,0.001285068503508069,0.008780369892504525,RU-Alto-1,EN-Alto-1
GTSinger_same_text_control,mert_l3,3,227,EN-Alto-1,97,1,1,0,0.014494424648610948,0.013759024344731086,ES-Soprano-1,ES-Soprano-1
GTSinger_same_text_control,mert_l3,3,227,EN-Alto-2,99,1,1,0,0.02010277966043139,0.015311006215627532,RU-Alto-1,JA-Soprano-1
GTSinger_same_text_control,mert_l3,3,227,ES-Soprano-1,101,1,1,0,0.012889535500061555,0.00866622750142354,EN-Alto-2,JA-Soprano-1
GTSinger_same_text_control,mert_l3,3,227,IT-Bass-2,97,3,1,2,0.0036993586817539725,0.00496570317043854,ES-Soprano-1,EN-Alto-1
GTSinger_same_text_control,mert_l3,3,227,IT-Soprano-1,81,6,5,1,0.00539362914517616,0.005094567285904517,ES-Soprano-1,EN-Alto-1
GTSinger_same_text_control,mert_l3,3,227,JA-Soprano-1,103,2,1,1,0.015448694196897539,0.01583377724937307,EN-Alto-2,EN-Alto-2
GTSinger_same_text_control,mert_l3,3,227,RU-Alto-1,97,2,4,-2,0.011671011441192092,0.007062591278936159,ES-Soprano-1,JA-Soprano-1
GTSinger_same_text_control,mert_l3,3,227,ZH-Alto-1,95,7,1,6,0.0019936607231004766,0.010443708555723297,ES-Soprano-1,ES-Soprano-1
GTSinger_same_text_control,mert_l3,3,227,ZH-Tenor-1,94,1,1,0,0.011581408241999713,0.011061121058811407,ES-Soprano-1,ES-Soprano-1
GTSinger_same_text_control,mert_l3,3,229,DE-Soprano-1,98,2,2,0,0.022364984032835156,0.011558908020617764,EN-Alto-2,EN-Alto-1
GTSinger_same_text_control,mert_l3,3,229,EN-Alto-1,97,1,1,0,0.023441672647017575,0.014242437514253026,EN-Alto-2,DE-Soprano-1
GTSinger_same_text_control,mert_l3,3,229,EN-Alto-2,99,1,1,0,0.0308717743075686,0.018083518472142512,DE-Soprano-1,EN-Alto-1
GTSinger_same_text_control,mert_l3,3,229,EN-Tenor-1,94,8,6,2,-0.01911049206909221,-1.0042898518691779e-05,ZH-Tenor-1,ZH-Tenor-1
GTSinger_same_text_control,mert_l3,3,229,FR-Tenor-1,100,7,1,6,9.558343030302563e-05,0.017247557433353933,ZH-Tenor-1,EN-Tenor-1
GTSinger_same_text_control,mert_l3,3,229,JA-Soprano-1,103,2,1,1,0.024059659867331717,0.014913312305277815,EN-Alto-2,EN-Alto-2
GTSinger_same_text_control,mert_l3,3,229,JA-Tenor-1,104,10,10,0,-0.04143724605316468,-0.011367735024357395,ZH-Tenor-1,ZH-Tenor-1
GTSinger_same_text_control,mert_l3,3,229,KO-Soprano-1,93,6,5,1,0.008921903280512455,0.0032548004458952118,EN-Alto-2,JA-Soprano-1
GTSinger_same_text_control,mert_l3,3,229,KO-Soprano-2,102,1,2,-1,0.022066264028348326,0.010651231361443414,EN-Alto-2,JA-Soprano-1
GTSinger_same_text_control,mert_l3,3,229,ZH-Tenor-1,94,1,1,0,0.02361720329188599,0.017512253720129545,KO-Soprano-2,EN-Alto-1
GTSinger_same_text_control,mert_l3,3,233,EN-Alto-2,99,2,1,1,0.023139800811631583,0.015576910578919856,ES-Bass-1,JA-Soprano-1
GTSinger_same_text_control,mert_l3,3,233,ES-Bass-1,99,1,1,0,0.032566709255466675,0.015708172938876386,EN-Alto-2,EN-Alto-2
GTSinger_same_text_control,mert_l3,3,233,ES-Soprano-1,101,2,1,1,0.017266643170218088,0.008956226266730871,ES-Bass-1,JA-Soprano-1
GTSinger_same_text_control,mert_l3,3,233,IT-Soprano-1,81,6,5,1,0.008885114348890721,0.002975472771861165,ES-Bass-1,ES-Soprano-1
GTSinger_same_text_control,mert_l3,3,233,JA-Soprano-1,103,3,1,2,0.016591922963181793,0.012864269648713789,ES-Bass-1,EN-Alto-2
GTSinger_same_text_control,mert_l3,3,233,JA-Tenor-1,104,10,10,0,-0.04763643630788095,-0.009800522811533097,ES-Bass-1,ES-Bass-1
GTSinger_same_text_control,mert_l3,3,233,KO-Soprano-1,93,6,3,3,0.004252203414619626,0.004261201914543822,ES-Bass-1,JA-Soprano-1
GTSinger_same_text_control,mert_l3,3,233,KO-Tenor-1,99,7,1,6,0.0007161700544079386,0.011248718857649664,ES-Bass-1,IT-Soprano-1
GTSinger_same_text_control,mert_l3,3,233,RU-Alto-1,97,2,3,-1,0.015279218198256173,0.006343153899719067,ES-Soprano-1,JA-Soprano-1
GTSinger_same_text_control,mert_l3,3,233,ZH-Alto-1,95,6,1,5,0.006108144715305297,0.010259400786820194,ES-Bass-1,ES-Soprano-1
GTSinger_same_text_control,mert_l3,3,239,DE-Soprano-1,98,3,2,1,0.013575852223539298,0.009160195328103415,ES-Bass-1,EN-Alto-1
GTSinger_same_text_control,mert_l3,3,239,EN-Alto-1,97,1,1,0,0.016073489856929135,0.012659478316252915,ES-Soprano-1,DE-Soprano-1
GTSinger_same_text_control,mert_l3,3,239,EN-Alto-2,99,2,1,1,0.021149430028224225,0.013441818587628496,ES-Bass-1,DE-Soprano-1
GTSinger_same_text_control,mert_l3,3,239,ES-Bass-1,99,1,1,0,0.03108895280252244,0.013888159637042707,EN-Alto-2,EN-Alto-2
GTSinger_same_text_control,mert_l3,3,239,ES-Soprano-1,101,2,1,1,0.015540007322122462,0.007720296388266323,ES-Bass-1,JA-Soprano-1
GTSinger_same_text_control,mert_l3,3,239,JA-Soprano-1,103,3,1,2,0.015178684952815602,0.01168817092067731,ES-Bass-1,EN-Alto-2
GTSinger_same_text_control,mert_l3,3,239,JA-Tenor-1,104,10,10,0,-0.04910379992455416,-0.010511892818699797,ES-Bass-1,ES-Bass-1
GTSinger_same_text_control,mert_l3,3,239,KO-Tenor-1,99,8,1,7,-0.00023348960091773563,0.010638014721761735,ES-Bass-1,EN-Alto-1
GTSinger_same_text_control,mert_l3,3,239,RU-Alto-1,97,2,4,-2,0.013407846854267547,0.005113120285199946,ES-Soprano-1,EN-Alto-1
GTSinger_same_text_control,mert_l3,3,239,ZH-Alto-1,95,7,1,6,0.004346740971557739,0.008420915316214028,ES-Bass-1,ES-Soprano-1
GTSinger_same_text_control,mert_l3,3,241,DE-Tenor-1,99,5,1,4,0.003225620585021849,0.007109136519430681,ES-Bass-1,ES-Bass-1
GTSinger_same_text_control,mert_l3,3,241,EN-Alto-2,99,2,1,1,0.023809726804923326,0.019030168877349207,ES-Bass-1,RU-Alto-1
GTSinger_same_text_control,mert_l3,3,241,EN-Tenor-1,94,10,6,4,-0.028972414671030178,0.00023932271012072626,ES-Bass-1,ZH-Tenor-1
GTSinger_same_text_control,mert_l3,3,241,ES-Bass-1,99,1,1,0,0.03158735300475024,0.01363782208027342,EN-Alto-2,EN-Alto-2
GTSinger_same_text_control,mert_l3,3,241,ES-Soprano-1,101,2,1,1,0.01601883694043993,0.011290701039043172,ES-Bass-1,EN-Alto-2
GTSinger_same_text_control,mert_l3,3,241,FR-Soprano-1,106,2,2,0,0.0156743989153022,0.011103353728388998,ES-Soprano-1,ES-Soprano-1
GTSinger_same_text_control,mert_l3,3,241,IT-Bass-2,97,3,1,2,0.005032397623079499,0.004054938542394804,ES-Bass-1,ZH-Tenor-1
GTSinger_same_text_control,mert_l3,3,241,RU-Alto-1,97,2,1,1,0.015390386304702797,0.011212686747629763,ES-Soprano-1,ES-Soprano-1
GTSinger_same_text_control,mert_l3,3,241,ZH-Alto-1,95,6,1,5,0.004948943197268574,0.013057548338790137,ES-Bass-1,ES-Soprano-1
GTSinger_same_text_control,mert_l3,3,241,ZH-Tenor-1,94,2,1,1,0.01332606782010548,0.011688157974307667,ES-Bass-1,ES-Soprano-1
GTSinger_same_text_control,mert_l3,3,251,DE-Tenor-1,99,6,1,5,-0.0019025527665454955,0.00804816366897454,ES-Bass-1,EN-Alto-1
GTSinger_same_text_control,mert_l3,3,251,EN-Alto-1,97,1,1,0,0.012827286407744332,0.014280826353459064,ES-Soprano-1,ES-Soprano-1
GTSinger_same_text_control,mert_l3,3,251,EN-Alto-2,99,2,1,1,0.015187359057340477,0.012822486909433772,ES-Bass-1,JA-Soprano-1
GTSinger_same_text_control,mert_l3,3,251,ES-Bass-1,99,1,1,0,0.02387174761638089,0.008665656335770433,EN-Alto-2,EN-Alto-2
GTSinger_same_text_control,mert_l3,3,251,ES-Soprano-1,101,2,1,1,0.01045942950082257,0.008420329101143653,ES-Bass-1,JA-Soprano-1
GTSinger_same_text_control,mert_l3,3,251,FR-Soprano-1,106,2,1,1,0.010416923186192029,0.009992714412739967,ES-Soprano-1,JA-Soprano-1
GTSinger_same_text_control,mert_l3,3,251,IT-Bass-2,97,4,1,3,0.0019899977860216023,0.006190079221640721,ES-Bass-1,EN-Alto-1
GTSinger_same_text_control,mert_l3,3,251,JA-Soprano-1,103,4,1,3,0.008588321375505692,0.011233792137952392,ES-Bass-1,EN-Alto-2
GTSinger_same_text_control,mert_l3,3,251,KO-Soprano-1,93,8,4,4,-0.003702554036194128,0.0030593034854881074,ES-Bass-1,JA-Soprano-1
GTSinger_same_text_control,mert_l3,3,251,RU-Alto-1,97,2,4,-2,0.010103856017751434,0.00733333547699877,ES-Soprano-1,JA-Soprano-1
GTSinger_same_text_control,mert_l3,3,257,DE-Tenor-1,99,3,1,2,0.0070675747932619215,0.008633403663853012,EN-Alto-1,EN-Alto-1
GTSinger_same_text_control,mert_l3,3,257,EN-Alto-1,97,1,1,0,0.022019831210238316,0.016470399469434627,ES-Soprano-1,ES-Soprano-1
GTSinger_same_text_control,mert_l3,3,257,EN-Tenor-1,94,10,4,6,-0.02367631616430499,0.0036430103248823453,ES-Soprano-1,ZH-Alto-1
GTSinger_same_text_control,mert_l3,3,257,ES-Soprano-1,101,1,1,0,0.020547878510495332,0.011360940577955558,JA-Soprano-1,JA-Soprano-1
GTSinger_same_text_control,mert_l3,3,257,IT-Bass-1,95,1,1,0,0.016081019726356116,0.013140245397877504,IT-Bass-2,EN-Tenor-1
GTSinger_same_text_control,mert_l3,3,257,IT-Bass-2,97,4,2,2,0.008338181211076767,0.005013501818264987,IT-Bass-1,IT-Bass-1
GTSinger_same_text_control,mert_l3,3,257,IT-Soprano-1,81,4,4,0,0.012617038125563251,0.006739374682077193,ES-Soprano-1,EN-Alto-1
GTSinger_same_text_control,mert_l3,3,257,JA-Soprano-1,103,1,1,0,0.022628139316280937,0.018072781178023356,EN-Alto-1,KO-Soprano-1
GTSinger_same_text_control,mert_l3,3,257,KO-Soprano-1,93,4,3,1,0.0063473737771004846,0.00595979427162141,JA-Soprano-1,JA-Soprano-1
GTSinger_same_text_control,mert_l3,3,257,ZH-Alto-1,95,4,1,3,0.00950457089717871,0.014056314257339997,ES-Soprano-1,ES-Soprano-1
GTSinger_same_text_control,hubert_l6,6,13,EN-Alto-1,97,1,1,0,0.023064961458187705,0.007543334263903523,ZH-Tenor-1,ZH-Alto-1
GTSinger_same_text_control,hubert_l6,6,13,FR-Soprano-1,106,2,1,1,0.008560561283330825,0.007599214960484324,EN-Alto-1,JA-Soprano-1
GTSinger_same_text_control,hubert_l6,6,13,FR-Tenor-1,100,10,2,8,-0.01306625171681286,0.0049795487095241064,EN-Alto-1,KO-Tenor-1
GTSinger_same_text_control,hubert_l6,6,13,IT-Bass-1,95,4,1,3,0.0034289434153842446,0.008054101315470796,EN-Alto-1,KO-Tenor-1
GTSinger_same_text_control,hubert_l6,6,13,IT-Soprano-1,81,2,1,1,0.010075860385740487,0.006221380235419183,EN-Alto-1,JA-Soprano-1
GTSinger_same_text_control,hubert_l6,6,13,JA-Soprano-1,103,2,1,1,0.011346862202446184,0.00875835015332116,EN-Alto-1,IT-Soprano-1
GTSinger_same_text_control,hubert_l6,6,13,KO-Soprano-1,93,2,2,0,0.010914136263617591,0.0037585497850353144,EN-Alto-1,JA-Soprano-1
GTSinger_same_text_control,hubert_l6,6,13,KO-Tenor-1,99,6,1,5,0.0030866267246228984,0.0092130833297569,EN-Alto-1,IT-Bass-1
GTSinger_same_text_control,hubert_l6,6,13,ZH-Alto-1,95,6,1,5,0.003114758717788435,0.008315856257986143,EN-Alto-1,ZH-Tenor-1
GTSinger_same_text_control,hubert_l6,6,13,ZH-Tenor-1,94,2,1,1,0.015110575018185468,0.008415469002153175,EN-Alto-1,ZH-Alto-1
GTSinger_same_text_control,hubert_l6,6,17,DE-Soprano-1,98,2,1,1,0.021065085070530065,0.010847205348364919,EN-Alto-1,EN-Alto-1
GTSinger_same_text_control,hubert_l6,6,17,DE-Tenor-1,99,6,1,5,0.0040718228562395264,0.007086977360050262,DE-Soprano-1,DE-Soprano-1
GTSinger_same_text_control,hubert_l6,6,17,EN-Alto-1,97,1,1,0,0.024578758343146045,0.009526970243633581,DE-Soprano-1,DE-Soprano-1
GTSinger_same_text_control,hubert_l6,6,17,FR-Soprano-1,106,4,1,3,0.010572828319092564,0.009032159467710743,EN-Alto-1,IT-Soprano-1
GTSinger_same_text_control,hubert_l6,6,17,IT-Bass-2,97,9,4,5,-0.007812306778471001,0.0005577796102458343,DE-Soprano-1,DE-Tenor-1
GTSinger_same_text_control,hubert_l6,6,17,IT-Soprano-1,81,4,1,3,0.012150124434144316,0.007995809568753343,EN-Alto-1,DE-Soprano-1
GTSinger_same_text_control,hubert_l6,6,17,JA-Tenor-1,104,10,10,0,-0.0349438846075959,-0.00509429581856502,EN-Alto-1,DE-Soprano-1
GTSinger_same_text_control,hubert_l6,6,17,KO-Soprano-2,102,1,1,0,0.017071141223367503,0.008121973222267709,EN-Alto-1,DE-Soprano-1
GTSinger_same_text_control,hubert_l6,6,17,ZH-Alto-1,95,6,1,5,0.004248537141806619,0.008304303190414197,EN-Alto-1,ZH-Tenor-1
GTSinger_same_text_control,hubert_l6,6,17,ZH-Tenor-1,94,2,1,1,0.016311491738677075,0.008777665171303073,EN-Alto-1,DE-Soprano-1
GTSinger_same_text_control,hubert_l6,6,19,DE-Soprano-1,98,2,1,1,0.016549842300806583,0.009294886339554664,RU-Alto-1,RU-Alto-1
GTSinger_same_text_control,hubert_l6,6,19,EN-Alto-2,99,1,1,0,0.02172587080349342,0.009736173232903877,RU-Alto-1,DE-Soprano-1
GTSinger_same_text_control,hubert_l6,6,19,ES-Soprano-1,101,3,1,2,0.01431266056879088,0.004751883361596487,RU-Alto-1,KO-Soprano-2
GTSinger_same_text_control,hubert_l6,6,19,FR-Soprano-1,106,6,1,5,0.006044553118691676,0.008206845271871321,EN-Alto-2,IT-Soprano-1
GTSinger_same_text_control,hubert_l6,6,19,IT-Bass-2,97,9,2,7,-0.010438601345925225,0.0033875251631323433,DE-Soprano-1,IT-Soprano-1
GTSinger_same_text_control,hubert_l6,6,19,IT-Soprano-1,81,6,1,5,0.007810038470204117,0.00760222803886601,RU-Alto-1,DE-Soprano-1
GTSinger_same_text_control,hubert_l6,6,19,JA-Tenor-1,104,10,10,0,-0.0381621040218455,-0.0024769338431653853,RU-Alto-1,IT-Soprano-1
GTSinger_same_text_control,hubert_l6,6,19,KO-Soprano-2,102,4,1,3,0.011862455494025093,0.0051982604802521815,RU-Alto-1,ES-Soprano-1
GTSinger_same_text_control,hubert_l6,6,19,RU-Alto-1,97,1,1,0,0.020947066476788345,0.00701104502271277,EN-Alto-2,DE-Soprano-1
GTSinger_same_text_control,hubert_l6,6,19,ZH-Tenor-1,94,3,1,2,0.012445569895101039,0.008340251701596912,RU-Alto-1,DE-Soprano-1
GTSinger_same_text_control,hubert_l6,6,23,DE-Soprano-1,98,3,1,2,0.019105171073119043,0.009658791279270496,RU-Alto-1,EN-Alto-1
GTSinger_same_text_control,hubert_l6,6,23,EN-Alto-1,97,1,1,0,0.022792690115819303,0.008831162932166237,RU-Alto-1,DE-Soprano-1
GTSinger_same_text_control,hubert_l6,6,23,EN-Tenor-1,94,7,1,6,-0.005862296691423574,0.009198193462932935,EN-Alto-1,EN-Alto-1
GTSinger_same_text_control,hubert_l6,6,23,ES-Soprano-1,101,2,1,1,0.017665389639162754,0.0064985478270985775,RU-Alto-1,KO-Soprano-2
GTSinger_same_text_control,hubert_l6,6,23,FR-Tenor-1,100,10,3,7,-0.014072505560495774,0.004528193865842245,RU-Alto-1,EN-Tenor-1
GTSinger_same_text_control,hubert_l6,6,23,IT-Bass-1,95,5,1,4,0.002078711125436561,0.006901372315710641,RU-Alto-1,EN-Tenor-1
GTSinger_same_text_control,hubert_l6,6,23,IT-Bass-2,97,9,6,3,-0.010758556170264999,-0.0001520271169885845,DE-Soprano-1,IT-Bass-1
GTSinger_same_text_control,hubert_l6,6,23,KO-Soprano-2,102,3,1,2,0.014772273834434801,0.006409466900283656,RU-Alto-1,ES-Soprano-1
GTSinger_same_text_control,hubert_l6,6,23,KO-Tenor-1,99,6,1,5,0.0025591570159149146,0.009355180548934694,RU-Alto-1,IT-Bass-1
GTSinger_same_text_control,hubert_l6,6,23,RU-Alto-1,97,1,1,0,0.02339133681302752,0.007443649180624123,EN-Alto-1,DE-Soprano-1
GTSinger_same_text_control,hubert_l6,6,29,EN-Alto-1,97,1,1,0,0.023353957206182274,0.009612801322605113,RU-Alto-1,JA-Soprano-1
GTSinger_same_text_control,hubert_l6,6,29,ES-Soprano-1,101,2,2,0,0.017381546497069134,0.005808422278961611,RU-Alto-1,JA-Soprano-1
GTSinger_same_text_control,hubert_l6,6,29,IT-Bass-1,95,5,1,4,0.0036911615001028464,0.00949962823261874,RU-Alto-1,IT-Bass-2
GTSinger_same_text_control,hubert_l6,6,29,IT-Bass-2,97,9,3,6,-0.008852280873215657,0.0024712384060200376,RU-Alto-1,IT-Bass-1
GTSinger_same_text_control,hubert_l6,6,29,JA-Soprano-1,103,3,1,2,0.01333925411693171,0.011571901273072505,RU-Alto-1,KO-Soprano-2
GTSinger_same_text_control,hubert_l6,6,29,JA-Tenor-1,104,10,9,1,-0.03636230238423843,-0.0027372202307910376,RU-Alto-1,JA-Soprano-1
GTSinger_same_text_control,hubert_l6,6,29,KO-Soprano-2,102,3,2,1,0.014458068521835177,0.0059054608919354434,RU-Alto-1,JA-Soprano-1
GTSinger_same_text_control,hubert_l6,6,29,RU-Alto-1,97,1,1,0,0.02315040359252496,0.0071183235478172735,EN-Alto-1,ZH-Alto-1
GTSinger_same_text_control,hubert_l6,6,29,ZH-Alto-1,95,7,1,6,0.001684266517235411,0.006677344545022779,RU-Alto-1,ZH-Tenor-1
GTSinger_same_text_control,hubert_l6,6,29,ZH-Tenor-1,94,3,1,2,0.014286717823056239,0.007851795620858026,RU-Alto-1,EN-Alto-1
GTSinger_same_text_control,hubert_l6,6,31,DE-Tenor-1,99,5,1,4,0.00626027804403384,0.0069793869716943124,ES-Bass-1,JA-Soprano-1
GTSinger_same_text_control,hubert_l6,6,31,EN-Alto-2,99,2,1,1,0.029269325480575037,0.013592248289526099,ES-Bass-1,JA-Soprano-1
GTSinger_same_text_control,hubert_l6,6,31,ES-Bass-1,99,1,1,0,0.032616891188938846,0.007692735823508823,EN-Alto-2,EN-Alto-2
GTSinger_same_text_control,hubert_l6,6,31,FR-Tenor-1,100,9,3,6,-0.010237517779532523,0.003213576025780318,ES-Bass-1,DE-Tenor-1
GTSinger_same_text_control,hubert_l6,6,31,IT-Bass-1,95,3,1,2,0.005604743236145793,0.005894513625058884,ES-Bass-1,DE-Tenor-1
GTSinger_same_text_control,hubert_l6,6,31,IT-Bass-2,97,8,7,1,-0.007003733321174099,-0.00203012577118844,ES-Bass-1,IT-Bass-1
GTSinger_same_text_control,hubert_l6,6,31,JA-Soprano-1,103,3,1,2,0.01642294860033844,0.012391424614428437,ES-Bass-1,EN-Alto-2
GTSinger_same_text_control,hubert_l6,6,31,JA-Tenor-1,104,10,9,1,-0.0323293034276011,-0.005283861794218581,ES-Bass-1,JA-Soprano-1
GTSinger_same_text_control,hubert_l6,6,31,KO-Soprano-1,93,3,1,2,0.017554137959636118,0.010459882289181821,ES-Bass-1,JA-Soprano-1
GTSinger_same_text_control,hubert_l6,6,31,ZH-Alto-1,95,5,1,4,0.010072620482690087,0.013265889854076396,ES-Bass-1,JA-Soprano-1
GTSinger_same_text_control,hubert_l6,6,37,EN-Alto-1,97,1,1,0,0.02099061144029446,0.008162243863748975,ES-Bass-1,EN-Tenor-1
GTSinger_same_text_control,hubert_l6,6,37,EN-Tenor-1,94,8,1,7,-0.0075828238325168495,0.007223857375266318,ES-Bass-1,ZH-Tenor-1
GTSinger_same_text_control,hubert_l6,6,37,ES-Bass-1,99,1,1,0,0.026202694943836202,0.005283144479196866,EN-Alto-1,IT-Soprano-1
GTSinger_same_text_control,hubert_l6,6,37,ES-Soprano-1,101,2,2,0,0.01581465466192944,0.00546575855724829,ES-Bass-1,JA-Soprano-1
GTSinger_same_text_control,hubert_l6,6,37,IT-Bass-1,95,6,1,5,0.0021372051807247994,0.009203798312804046,ES-Bass-1,EN-Tenor-1
GTSinger_same_text_control,hubert_l6,6,37,IT-Soprano-1,81,5,1,4,0.008920401865669114,0.007622085511477028,ES-Bass-1,JA-Soprano-1
GTSinger_same_text_control,hubert_l6,6,37,JA-Soprano-1,103,3,1,2,0.011256745634971144,0.010985898646319159,ES-Bass-1,IT-Soprano-1
GTSinger_same_text_control,hubert_l6,6,37,JA-Tenor-1,104,10,10,0,-0.038836755458557914,-0.004577833831727274,ES-Bass-1,EN-Tenor-1
GTSinger_same_text_control,hubert_l6,6,37,KO-Soprano-2,102,3,2,1,0.013193370936898652,0.00581676281338428,ES-Bass-1,JA-Soprano-1
GTSinger_same_text_control,hubert_l6,6,37,ZH-Tenor-1,94,3,1,2,0.01251822231070887,0.007475133819387136,ES-Bass-1,EN-Alto-1
GTSinger_same_text_control,hubert_l6,6,41,EN-Alto-2,99,1,1,0,0.02740911612119501,0.011429637931488212,RU-Alto-1,RU-Alto-1
GTSinger_same_text_control,hubert_l6,6,41,EN-Tenor-1,94,8,1,7,-0.0028715721986959375,0.007739482360952232,RU-Alto-1,KO-Tenor-1
GTSinger_same_text_control,hubert_l6,6,41,ES-Soprano-1,101,3,1,2,0.020081206081598135,0.006744562226606243,RU-Alto-1,EN-Alto-2
GTSinger_same_text_control,hubert_l6,6,41,FR-Soprano-1,106,4,1,3,0.010736094759937864,0.008175619435123238,EN-Alto-2,EN-Alto-2
GTSinger_same_text_control,hubert_l6,6,41,IT-Bass-2,97,9,3,6,-0.006599040649377219,0.0020486297751221016,RU-Alto-1,KO-Tenor-1
GTSinger_same_text_control,hubert_l6,6,41,JA-Tenor-1,104,10,10,0,-0.0340829506728586,-0.005219629279762272,RU-Alto-1,EN-Tenor-1
GTSinger_same_text_control,hubert_l6,6,41,KO-Soprano-1,93,4,1,3,0.013594635401362964,0.005994556168631204,RU-Alto-1,FR-Soprano-1
GTSinger_same_text_control,hubert_l6,6,41,KO-Tenor-1,99,5,1,4,0.006146693540021508,0.010460470839420144,RU-Alto-1,IT-Bass-2
GTSinger_same_text_control,hubert_l6,6,41,RU-Alto-1,97,1,1,0,0.0258513013248316,0.00807374031165431,EN-Alto-2,ZH-Alto-1
GTSinger_same_text_control,hubert_l6,6,41,ZH-Alto-1,95,5,1,4,0.005046781244483878,0.007782725191208595,RU-Alto-1,RU-Alto-1
GTSinger_same_text_control,hubert_l6,6,43,DE-Soprano-1,98,2,1,1,0.014047862687387669,0.007601304949308663,ES-Bass-1,EN-Alto-2
GTSinger_same_text_control,hubert_l6,6,43,DE-Tenor-1,99,7,1,6,-0.0033114060620165198,0.004265518977956573,ES-Bass-1,DE-Soprano-1
GTSinger_same_text_control,hubert_l6,6,43,EN-Alto-2,99,2,1,1,0.01914817724132367,0.008628824197610685,ES-Bass-1,DE-Soprano-1
GTSinger_same_text_control,hubert_l6,6,43,EN-Tenor-1,94,9,1,8,-0.009879646579286971,0.007229256572167331,ES-Bass-1,DE-Soprano-1
GTSinger_same_text_control,hubert_l6,6,43,ES-Bass-1,99,1,2,-1,0.022574789644326798,0.0024097742186992566,EN-Alto-2,EN-Alto-2
GTSinger_same_text_control,hubert_l6,6,43,IT-Bass-1,95,5,1,4,-0.000857687532749174,0.007944648801372911,ES-Bass-1,KO-Tenor-1
GTSinger_same_text_control,hubert_l6,6,43,IT-Soprano-1,81,5,1,4,0.005855017489372227,0.0052957162824367465,ES-Bass-1,DE-Soprano-1
GTSinger_same_text_control,hubert_l6,6,43,KO-Soprano-1,93,4,1,3,0.007668601828564325,0.005010731080304032,ES-Bass-1,DE-Soprano-1
GTSinger_same_text_control,hubert_l6,6,43,KO-Soprano-2,102,3,1,2,0.011084937089485103,0.00593464823780554,ES-Bass-1,EN-Alto-2
GTSinger_same_text_control,hubert_l6,6,43,KO-Tenor-1,99,7,1,6,-0.001207233276495523,0.008483294831519439,ES-Bass-1,IT-Bass-1
GTSinger_same_text_control,hubert_l6,6,47,DE-Tenor-1,99,4,1,3,0.008764238053827755,0.007852343131915074,KO-Soprano-2,KO-Soprano-2
GTSinger_same_text_control,hubert_l6,6,47,EN-Tenor-1,94,7,1,6,0.001473470482103667,0.008942692370464744,KO-Soprano-2,KO-Tenor-1
GTSinger_same_text_control,hubert_l6,6,47,FR-Soprano-1,106,2,1,1,0.0157241210328406,0.011150182249780483,KO-Soprano-2,IT-Soprano-1
GTSinger_same_text_control,hubert_l6,6,47,IT-Bass-1,95,2,1,1,0.007693044125678616,0.006233722687032595,IT-Soprano-1,KO-Tenor-1
GTSinger_same_text_control,hubert_l6,6,47,IT-Bass-2,97,9,8,1,-0.005491029573233219,-0.0017972237371093325,KO-Soprano-2,IT-Bass-1
GTSinger_same_text_control,hubert_l6,6,47,IT-Soprano-1,81,2,1,1,0.016893635746799918,0.008134830963012707,KO-Soprano-2,KO-Soprano-2
GTSinger_same_text_control,hubert_l6,6,47,JA-Tenor-1,104,10,10,0,-0.03066972896157405,-0.006162845813439732,KO-Soprano-2,EN-Tenor-1
GTSinger_same_text_control,hubert_l6,6,47,KO-Soprano-1,93,1,1,0,0.018529612261876327,0.008306530081275576,KO-Soprano-2,FR-Soprano-1
GTSinger_same_text_control,hubert_l6,6,47,KO-Soprano-2,102,1,1,0,0.022377359105400507,0.010429478693295469,KO-Soprano-1,IT-Soprano-1
GTSinger_same_text_control,hubert_l6,6,47,KO-Tenor-1,99,4,1,3,0.007721275848903253,0.008032353171661843,IT-Soprano-1,IT-Bass-1
GTSinger_same_text_control,hubert_l6,6,53,DE-Tenor-1,99,7,1,6,0.0015643874090568444,0.006411281369015032,ES-Bass-1,RU-Alto-1
GTSinger_same_text_control,hubert_l6,6,53,EN-Alto-1,97,1,1,0,0.022630995541838894,0.009141518013451977,ES-Bass-1,ZH-Alto-1
GTSinger_same_text_control,hubert_l6,6,53,ES-Bass-1,99,1,1,0,0.027445037028054675,0.005416024797192387,RU-Alto-1,IT-Soprano-1
GTSinger_same_text_control,hubert_l6,6,53,ES-Soprano-1,101,3,1,2,0.01802503753296547,0.008228961657559042,ES-Bass-1,RU-Alto-1
GTSinger_same_text_control,hubert_l6,6,53,FR-Tenor-1,100,9,1,8,-0.01312500251235893,0.005590094389735234,ES-Bass-1,DE-Tenor-1
GTSinger_same_text_control,hubert_l6,6,53,IT-Soprano-1,81,5,1,4,0.01019518983232559,0.00783641308647065,ES-Bass-1,ZH-Alto-1
GTSinger_same_text_control,hubert_l6,6,53,JA-Tenor-1,104,10,9,1,-0.03702552192850095,-0.0029204677178272798,ES-Bass-1,ZH-Alto-1
GTSinger_same_text_control,hubert_l6,6,53,KO-Soprano-1,93,5,1,4,0.01181554482584779,0.006701382191122596,ES-Bass-1,ZH-Alto-1
GTSinger_same_text_control,hubert_l6,6,53,RU-Alto-1,97,1,1,0,0.023298758645516116,0.008770152827042743,ES-Bass-1,ZH-Alto-1
GTSinger_same_text_control,hubert_l6,6,53,ZH-Alto-1,95,7,1,6,0.0029837391787136402,0.010556738024197876,RU-Alto-1,ES-Soprano-1
GTSinger_same_text_control,hubert_l6,6,59,DE-Soprano-1,98,2,1,1,0.02036543216850717,0.01018504605555981,RU-Alto-1,RU-Alto-1
GTSinger_same_text_control,hubert_l6,6,59,DE-Tenor-1,99,6,1,5,0.003873970257551984,0.008061868301693975,RU-Alto-1,DE-Soprano-1
GTSinger_same_text_control,hubert_l6,6,59,EN-Alto-2,99,1,1,0,0.025499314641965087,0.010977233011123744,RU-Alto-1,DE-Soprano-1
GTSinger_same_text_control,hubert_l6,6,59,FR-Soprano-1,106,5,1,4,0.00991215539171253,0.008351022491746574,EN-Alto-2,DE-Soprano-1
GTSinger_same_text_control,hubert_l6,6,59,FR-Tenor-1,100,9,2,7,-0.010681096247963318,0.006245194941188026,RU-Alto-1,DE-Tenor-1
GTSinger_same_text_control,hubert_l6,6,59,JA-Tenor-1,104,10,10,0,-0.03469764709262446,-0.003894412362569044,RU-Alto-1,ZH-Alto-1
GTSinger_same_text_control,hubert_l6,6,59,KO-Soprano-1,93,4,1,3,0.012292444105621025,0.005266304922706189,RU-Alto-1,DE-Soprano-1
GTSinger_same_text_control,hubert_l6,6,59,KO-Soprano-2,102,3,1,2,0.016394703838899738,0.006992541060061974,RU-Alto-1,RU-Alto-1
GTSinger_same_text_control,hubert_l6,6,59,RU-Alto-1,97,1,1,0,0.02500800777653056,0.009168012661154412,EN-Alto-2,ZH-Alto-1
GTSinger_same_text_control,hubert_l6,6,59,ZH-Alto-1,95,6,1,5,0.004488635592852064,0.009272356480056532,RU-Alto-1,RU-Alto-1
GTSinger_same_text_control,hubert_l6,6,61,DE-Soprano-1,98,2,1,1,0.022260610770476252,0.011614517869313556,ES-Bass-1,ES-Bass-1
GTSinger_same_text_control,hubert_l6,6,61,DE-Tenor-1,99,6,1,5,0.004324065539785149,0.006609695509054658,ES-Bass-1,DE-Soprano-1
GTSinger_same_text_control,hubert_l6,6,61,EN-Tenor-1,94,8,1,7,-0.0029576622195558455,0.007740670603828992,ES-Bass-1,DE-Soprano-1
GTSinger_same_text_control,hubert_l6,6,61,ES-Bass-1,99,1,1,0,0.030307053264319705,0.007317898882132745,DE-Soprano-1,DE-Soprano-1
GTSinger_same_text_control,hubert_l6,6,61,ES-Soprano-1,101,2,1,1,0.021174911433807675,0.008899468987750403,ES-Bass-1,KO-Soprano-2
GTSinger_same_text_control,hubert_l6,6,61,FR-Tenor-1,100,9,4,5,-0.011513298721364973,0.003426063949217961,ES-Bass-1,KO-Tenor-1
GTSinger_same_text_control,hubert_l6,6,61,JA-Tenor-1,104,10,10,0,-0.034729019932727034,-0.005838511319918194,ES-Bass-1,EN-Tenor-1
GTSinger_same_text_control,hubert_l6,6,61,KO-Soprano-1,93,4,1,3,0.014758798334680412,0.007323602082760616,ES-Bass-1,DE-Soprano-1
GTSinger_same_text_control,hubert_l6,6,61,KO-Soprano-2,102,3,1,2,0.018273330681097044,0.008650525785790286,ES-Bass-1,ES-Soprano-1
GTSinger_same_text_control,hubert_l6,6,61,KO-Tenor-1,99,6,1,5,0.005524029221092519,0.009860651554995492,ES-Bass-1,DE-Soprano-1
GTSinger_same_text_control,hubert_l6,6,67,DE-Soprano-1,98,2,1,1,0.01939049958071215,0.00940399815725479,RU-Alto-1,RU-Alto-1
GTSinger_same_text_control,hubert_l6,6,67,DE-Tenor-1,99,6,1,5,0.0008815328825307889,0.004356896078915873,RU-Alto-1,DE-Soprano-1
GTSinger_same_text_control,hubert_l6,6,67,EN-Tenor-1,94,8,1,7,-0.005055045219041765,0.008496626394185247,RU-Alto-1,DE-Soprano-1
GTSinger_same_text_control,hubert_l6,6,67,FR-Tenor-1,100,10,5,5,-0.014107060576091901,0.0023201290758078086,RU-Alto-1,EN-Tenor-1
GTSinger_same_text_control,hubert_l6,6,67,IT-Bass-1,95,4,1,3,0.002537946864399121,0.0067722311781095446,RU-Alto-1,KO-Tenor-1
GTSinger_same_text_control,hubert_l6,6,67,IT-Soprano-1,81,4,1,3,0.01034353436531732,0.005916704375968029,RU-Alto-1,DE-Soprano-1
GTSinger_same_text_control,hubert_l6,6,67,KO-Soprano-1,93,3,1,2,0.012229425341483191,0.005500490939071567,RU-Alto-1,DE-Soprano-1
GTSinger_same_text_control,hubert_l6,6,67,KO-Soprano-2,102,2,1,1,0.01572308805757816,0.007017847535252919,RU-Alto-1,RU-Alto-1
GTSinger_same_text_control,hubert_l6,6,67,KO-Tenor-1,99,6,1,5,0.0023223462517467652,0.007865570822387036,RU-Alto-1,IT-Bass-1
GTSinger_same_text_control,hubert_l6,6,67,RU-Alto-1,97,1,1,0,0.024030363332379734,0.008444010510029298,DE-Soprano-1,DE-Soprano-1
GTSinger_same_text_control,hubert_l6,6,71,DE-Soprano-1,98,2,1,1,0.017797292060568348,0.008316757597525481,RU-Alto-1,RU-Alto-1
GTSinger_same_text_control,hubert_l6,6,71,EN-Alto-2,99,1,1,0,0.02374853945940192,0.010371002357323578,RU-Alto-1,DE-Soprano-1
GTSinger_same_text_control,hubert_l6,6,71,EN-Tenor-1,94,9,1,8,-0.006602962449642202,0.006501937718354278,RU-Alto-1,DE-Soprano-1
GTSinger_same_text_control,hubert_l6,6,71,ES-Soprano-1,101,3,1,2,0.016469059674502184,0.005087019307402518,RU-Alto-1,EN-Alto-2
GTSinger_same_text_control,hubert_l6,6,71,IT-Soprano-1,81,5,1,4,0.009165559805603074,0.006324856894846964,RU-Alto-1,DE-Soprano-1
GTSinger_same_text_control,hubert_l6,6,71,JA-Tenor-1,104,10,10,0,-0.037619763648251925,-0.005898089141856744,RU-Alto-1,EN-Tenor-1
GTSinger_same_text_control,hubert_l6,6,71,KO-Soprano-1,93,5,1,4,0.009980417532755026,0.003895907858966652,RU-Alto-1,DE-Soprano-1
GTSinger_same_text_control,hubert_l6,6,71,KO-Tenor-1,99,7,1,6,0.0033515855803444294,0.010410902068601069,RU-Alto-1,IT-Soprano-1
GTSinger_same_text_control,hubert_l6,6,71,RU-Alto-1,97,1,1,0,0.02177058038421864,0.006364476687833243,EN-Alto-2,ZH-Alto-1
GTSinger_same_text_control,hubert_l6,6,71,ZH-Alto-1,95,7,1,6,0.0008343682004128272,0.006084187607490077,RU-Alto-1,RU-Alto-1
GTSinger_same_text_control,hubert_l6,6,73,DE-Tenor-1,99,6,1,5,0.00625939585767199,0.006992460412094448,EN-Alto-2,JA-Soprano-1
GTSinger_same_text_control,hubert_l6,6,73,EN-Alto-2,99,1,1,0,0.029758653236068744,0.013971263161619563,ES-Soprano-1,JA-Soprano-1
GTSinger_same_text_control,hubert_l6,6,73,ES-Soprano-1,101,2,1,1,0.023609194052403026,0.010751897530572707,EN-Alto-2,JA-Soprano-1
GTSinger_same_text_control,hubert_l6,6,73,FR-Tenor-1,100,9,4,5,-0.010424106590715243,0.002957754179416794,EN-Alto-2,DE-Tenor-1
GTSinger_same_text_control,hubert_l6,6,73,IT-Bass-1,95,5,1,4,0.0054901752123824865,0.005765169191590536,EN-Alto-2,DE-Tenor-1
GTSinger_same_text_control,hubert_l6,6,73,IT-Bass-2,97,8,6,2,-0.0069073795601062304,-0.0019556318191438216,EN-Alto-2,IT-Bass-1
GTSinger_same_text_control,hubert_l6,6,73,IT-Soprano-1,81,3,1,2,0.015871776103761115,0.009810125012687632,EN-Alto-2,JA-Soprano-1
GTSinger_same_text_control,hubert_l6,6,73,JA-Soprano-1,103,2,1,1,0.01696942442178484,0.012743723023722175,EN-Alto-2,EN-Alto-2
GTSinger_same_text_control,hubert_l6,6,73,JA-Tenor-1,104,10,9,1,-0.032248409236759645,-0.005585524801402952,EN-Alto-2,JA-Soprano-1
GTSinger_same_text_control,hubert_l6,6,73,ZH-Tenor-1,94,2,1,1,0.02022515579525963,0.010990469871852482,EN-Alto-2,ES-Soprano-1
GTSinger_same_text_control,hubert_l6,6,79,EN-Alto-1,97,1,1,0,0.0171951531538721,0.007102299385191135,ES-Bass-1,EN-Alto-2
GTSinger_same_text_control,hubert_l6,6,79,EN-Alto-2,99,2,1,1,0.01721833941588169,0.007540297559873843,ES-Bass-1,JA-Soprano-1
GTSinger_same_text_control,hubert_l6,6,79,ES-Bass-1,99,1,4,-3,0.02170037826822957,0.002216631508513256,EN-Alto-2,JA-Soprano-1
GTSinger_same_text_control,hubert_l6,6,79,ES-Soprano-1,101,4,2,2,0.011407273208474344,0.004597481193656883,ES-Bass-1,JA-Soprano-1
GTSinger_same_text_control,hubert_l6,6,79,IT-Bass-1,95,6,1,5,-0.0020297813864867953,0.00912362729198235,ES-Bass-1,KO-Tenor-1
GTSinger_same_text_control,hubert_l6,6,79,IT-Bass-2,97,10,4,6,-0.01397151305159583,0.002811480480966577,ES-Bass-1,IT-Bass-1
GTSinger_same_text_control,hubert_l6,6,79,JA-Soprano-1,103,5,1,4,0.006030163834068736,0.009606332694603203,ES-Bass-1,EN-Alto-2
GTSinger_same_text_control,hubert_l6,6,79,KO-Tenor-1,99,7,1,6,-0.0019308522655701044,0.010561783600370966,ES-Bass-1,IT-Bass-1
GTSinger_same_text_control,hubert_l6,6,79,RU-Alto-1,97,1,1,0,0.017635281019199756,0.005264124548163607,ES-Bass-1,ZH-Alto-1
GTSinger_same_text_control,hubert_l6,6,79,ZH-Alto-1,95,7,1,6,-0.0030419734828229794,0.007982841252947459,RU-Alto-1,ES-Soprano-1
GTSinger_same_text_control,hubert_l6,6,83,DE-Soprano-1,98,3,1,2,0.008618042244136537,0.005508389207415032,ES-Bass-1,JA-Soprano-1
GTSinger_same_text_control,hubert_l6,6,83,EN-Alto-2,99,2,1,1,0.014207636464873219,0.006579359558488984,ES-Bass-1,JA-Soprano-1
GTSinger_same_text_control,hubert_l6,6,83,ES-Bass-1,99,1,4,-3,0.018475514981274088,0.0017082031918456142,EN-Alto-2,IT-Soprano-1
GTSinger_same_text_control,hubert_l6,6,83,IT-Soprano-1,81,6,1,5,0.001190603983280747,0.006316071018469427,ES-Bass-1,KO-Tenor-1
GTSinger_same_text_control,hubert_l6,6,83,JA-Soprano-1,103,5,1,4,0.002782348944531332,0.007957827582128707,ES-Bass-1,IT-Soprano-1
GTSinger_same_text_control,hubert_l6,6,83,KO-Soprano-2,102,4,2,2,0.005096317024166019,0.002980527630014218,ES-Bass-1,JA-Soprano-1
GTSinger_same_text_control,hubert_l6,6,83,KO-Tenor-1,99,9,1,8,-0.0037464168275833654,0.011329741704690144,ES-Bass-1,IT-Soprano-1
GTSinger_same_text_control,hubert_l6,6,83,RU-Alto-1,97,1,1,0,0.013977531735429816,0.0038552621964532685,ES-Bass-1,ZH-Alto-1
GTSinger_same_text_control,hubert_l6,6,83,ZH-Alto-1,95,9,1,8,-0.007409087762905275,0.0049201390760564845,RU-Alto-1,ZH-Tenor-1
GTSinger_same_text_control,hubert_l6,6,83,ZH-Tenor-1,94,4,1,3,0.005458811510805628,0.005624712597798287,ES-Bass-1,DE-Soprano-1
GTSinger_same_text_control,hubert_l6,6,89,DE-Soprano-1,98,4,1,3,0.01352981182707702,0.009079888701654548,ES-Bass-1,EN-Alto-1
GTSinger_same_text_control,hubert_l6,6,89,DE-Tenor-1,99,8,1,7,-0.004324436832146672,0.004700868236725886,ES-Bass-1,DE-Soprano-1
GTSinger_same_text_control,hubert_l6,6,89,EN-Alto-1,97,1,1,0,0.018219571905323084,0.008356886325523227,ES-Bass-1,DE-Soprano-1
GTSinger_same_text_control,hubert_l6,6,89,ES-Bass-1,99,1,3,-2,0.022341016482438136,0.002972807747053663,RU-Alto-1,DE-Soprano-1
GTSinger_same_text_control,hubert_l6,6,89,ES-Soprano-1,101,3,1,2,0.012917527584619948,0.0068331821771520085,ES-Bass-1,KO-Soprano-2
GTSinger_same_text_control,hubert_l6,6,89,FR-Tenor-1,100,10,1,9,-0.017260939761925553,0.007208681641005188,ES-Bass-1,DE-Tenor-1
GTSinger_same_text_control,hubert_l6,6,89,IT-Bass-2,97,9,5,4,-0.013861034210055467,0.002191292666038902,ES-Bass-1,FR-Tenor-1
GTSinger_same_text_control,hubert_l6,6,89,IT-Soprano-1,81,7,1,6,0.005509236745790069,0.00742369077439653,ES-Bass-1,DE-Soprano-1
GTSinger_same_text_control,hubert_l6,6,89,KO-Soprano-2,102,4,1,3,0.010335878356702799,0.007154541354786437,ES-Bass-1,ES-Soprano-1
GTSinger_same_text_control,hubert_l6,6,89,RU-Alto-1,97,1,1,0,0.019015388059141825,0.007675213387058455,ES-Bass-1,DE-Soprano-1
GTSinger_same_text_control,hubert_l6,6,97,DE-Soprano-1,98,2,1,1,0.02450362651933191,0.012055364702955096,RU-Alto-1,RU-Alto-1
GTSinger_same_text_control,hubert_l6,6,97,DE-Tenor-1,99,5,1,4,0.00570717803939591,0.006425691424371216,RU-Alto-1,DE-Soprano-1
GTSinger_same_text_control,hubert_l6,6,97,EN-Tenor-1,94,7,1,6,-0.0017373249653815925,0.00727575785225254,RU-Alto-1,ZH-Tenor-1
GTSinger_same_text_control,hubert_l6,6,97,ES-Soprano-1,101,2,1,1,0.023393646349691877,0.010140383175353596,RU-Alto-1,RU-Alto-1
GTSinger_same_text_control,hubert_l6,6,97,FR-Tenor-1,100,9,4,5,-0.010415461087904143,0.0018304905527222193,RU-Alto-1,EN-Tenor-1
GTSinger_same_text_control,hubert_l6,6,97,IT-Bass-1,95,5,1,4,0.005843106740182291,0.00638743025923405,RU-Alto-1,DE-Tenor-1
GTSinger_same_text_control,hubert_l6,6,97,JA-Tenor-1,104,10,10,0,-0.033112173973447234,-0.007217434673606915,RU-Alto-1,EN-Tenor-1
GTSinger_same_text_control,hubert_l6,6,97,RU-Alto-1,97,1,1,0,0.028145786958146624,0.010405962448592598,ES-Soprano-1,ZH-Alto-1
GTSinger_same_text_control,hubert_l6,6,97,ZH-Alto-1,95,5,1,4,0.007249860142255704,0.009392984699760798,RU-Alto-1,ZH-Tenor-1
GTSinger_same_text_control,hubert_l6,6,97,ZH-Tenor-1,94,2,1,1,0.018602797289477335,0.009688945008427985,RU-Alto-1,DE-Soprano-1
GTSinger_same_text_control,hubert_l6,6,101,EN-Tenor-1,94,8,1,7,-0.0053947530911062636,0.008052456455225232,ES-Bass-1,ZH-Tenor-1
GTSinger_same_text_control,hubert_l6,6,101,ES-Bass-1,99,1,1,0,0.028293556268688902,0.004785419738273178,ES-Soprano-1,KO-Tenor-1
GTSinger_same_text_control,hubert_l6,6,101,ES-Soprano-1,101,2,1,1,0.01826681564559296,0.006587089453078954,ES-Bass-1,KO-Soprano-2
GTSinger_same_text_control,hubert_l6,6,101,FR-Tenor-1,100,10,3,7,-0.01302862398706739,0.005433640428768705,ES-Bass-1,EN-Tenor-1
GTSinger_same_text_control,hubert_l6,6,101,IT-Bass-2,97,9,4,5,-0.009430663895586555,0.0012163187395796138,ES-Bass-1,FR-Tenor-1
GTSinger_same_text_control,hubert_l6,6,101,KO-Soprano-1,93,3,1,2,0.012571529176880536,0.006964957612278888,ES-Bass-1,ZH-Alto-1
GTSinger_same_text_control,hubert_l6,6,101,KO-Soprano-2,102,3,1,2,0.015376000581375893,0.006741749349178594,ES-Bass-1,ES-Soprano-1
GTSinger_same_text_control,hubert_l6,6,101,KO-Tenor-1,99,6,1,5,0.003753433925346883,0.010068415168126732,ES-Bass-1,EN-Tenor-1
GTSinger_same_text_control,hubert_l6,6,101,ZH-Alto-1,95,6,1,5,0.0030675085712235095,0.008390227597610433,ES-Bass-1,ZH-Tenor-1
GTSinger_same_text_control,hubert_l6,6,101,ZH-Tenor-1,94,2,1,1,0.014663735847007309,0.007812691239687863,ES-Bass-1,ZH-Alto-1
GTSinger_same_text_control,hubert_l6,6,103,DE-Tenor-1,99,8,1,7,-0.006017714835645727,0.00627323249750833,ES-Bass-1,KO-Tenor-1
GTSinger_same_text_control,hubert_l6,6,103,EN-Alto-1,97,1,1,0,0.0149309488717011,0.006317466554408346,ES-Bass-1,KO-Tenor-1
GTSinger_same_text_control,hubert_l6,6,103,ES-Bass-1,99,1,3,-2,0.019133650465781638,0.0020244364620428668,RU-Alto-1,KO-Tenor-1
GTSinger_same_text_control,hubert_l6,6,103,ES-Soprano-1,101,3,1,2,0.00897531990929834,0.0035846555742692354,ES-Bass-1,KO-Soprano-2
GTSinger_same_text_control,hubert_l6,6,103,FR-Soprano-1,106,6,1,5,0.0005289539381427844,0.008581569478065654,ES-Bass-1,IT-Soprano-1
GTSinger_same_text_control,hubert_l6,6,103,IT-Soprano-1,81,6,1,5,0.001744978326480684,0.005637339596626489,ES-Bass-1,KO-Tenor-1
GTSinger_same_text_control,hubert_l6,6,103,KO-Soprano-1,93,5,2,3,0.003472866353387838,0.004187228028485479,ES-Bass-1,FR-Soprano-1
GTSinger_same_text_control,hubert_l6,6,103,KO-Soprano-2,102,4,1,3,0.0067467640563950715,0.0043706751269593225,ES-Bass-1,ES-Soprano-1
GTSinger_same_text_control,hubert_l6,6,103,KO-Tenor-1,99,8,1,7,-0.0026384589564385497,0.01261780724786421,ES-Bass-1,IT-Soprano-1
GTSinger_same_text_control,hubert_l6,6,103,RU-Alto-1,97,1,1,0,0.015329001084923854,0.005715946239590375,ES-Bass-1,KO-Tenor-1
GTSinger_same_text_control,hubert_l6,6,107,DE-Soprano-1,98,2,1,1,0.021162232330131148,0.010602311299560796,ES-Bass-1,EN-Alto-2
GTSinger_same_text_control,hubert_l6,6,107,DE-Tenor-1,99,6,1,5,0.0036387149053468404,0.006254461348910834,ES-Bass-1,DE-Soprano-1
GTSinger_same_text_control,hubert_l6,6,107,EN-Alto-2,99,2,1,1,0.025788461747554114,0.011221724227817753,ES-Bass-1,JA-Soprano-1
GTSinger_same_text_control,hubert_l6,6,107,ES-Bass-1,99,1,1,0,0.029314724850999174,0.00631055515199852,EN-Alto-2,EN-Alto-2
GTSinger_same_text_control,hubert_l6,6,107,FR-Tenor-1,100,9,2,7,-0.011995774939019155,0.0038529847261840056,ES-Bass-1,KO-Tenor-1
GTSinger_same_text_control,hubert_l6,6,107,JA-Soprano-1,103,4,1,3,0.01307793188534212,0.010143510043736814,ES-Bass-1,EN-Alto-2
GTSinger_same_text_control,hubert_l6,6,107,JA-Tenor-1,104,10,10,0,-0.03538669144715134,-0.006691773966119086,ES-Bass-1,KO-Tenor-1
GTSinger_same_text_control,hubert_l6,6,107,KO-Soprano-1,93,4,2,2,0.013489142216260963,0.007028656451771864,ES-Bass-1,JA-Soprano-1
GTSinger_same_text_control,hubert_l6,6,107,KO-Tenor-1,99,6,1,5,0.004404639403450483,0.0087280178979251,ES-Bass-1,JA-Soprano-1
GTSinger_same_text_control,hubert_l6,6,107,ZH-Alto-1,95,6,1,5,0.006088949002846067,0.010103724346137377,ES-Bass-1,DE-Soprano-1
GTSinger_same_text_control,hubert_l6,6,109,EN-Alto-1,97,1,1,0,0.022795724120081795,0.008852856288745548,ES-Bass-1,ZH-Alto-1
GTSinger_same_text_control,hubert_l6,6,109,ES-Bass-1,99,1,1,0,0.027725377913924154,0.005557038998141972,RU-Alto-1,KO-Tenor-1
GTSinger_same_text_control,hubert_l6,6,109,ES-Soprano-1,101,3,1,2,0.01717127489545478,0.006042313486564033,ES-Bass-1,KO-Soprano-2
GTSinger_same_text_control,hubert_l6,6,109,FR-Soprano-1,106,6,1,5,0.008496574237735754,0.008580848126287788,ES-Bass-1,ZH-Alto-1
GTSinger_same_text_control,hubert_l6,6,109,FR-Tenor-1,100,9,2,7,-0.012248683240486224,0.007357791062148067,ES-Bass-1,KO-Tenor-1
GTSinger_same_text_control,hubert_l6,6,109,JA-Tenor-1,104,10,8,2,-0.036810326563239903,-0.0023925707580898514,ES-Bass-1,KO-Tenor-1
GTSinger_same_text_control,hubert_l6,6,109,KO-Soprano-2,102,4,1,3,0.01457583687978703,0.006116360135622001,ES-Bass-1,ES-Soprano-1
GTSinger_same_text_control,hubert_l6,6,109,KO-Tenor-1,99,6,1,5,0.00429244179152688,0.01226855036355412,ES-Bass-1,FR-Tenor-1
GTSinger_same_text_control,hubert_l6,6,109,RU-Alto-1,97,1,1,0,0.023504504140372084,0.008089165477596527,ES-Bass-1,ZH-Alto-1
GTSinger_same_text_control,hubert_l6,6,109,ZH-Alto-1,95,6,1,5,0.002571438218823552,0.008984754832340736,RU-Alto-1,RU-Alto-1
GTSinger_same_text_control,hubert_l6,6,113,EN-Alto-1,97,1,1,0,0.027699755642200397,0.011070874415568976,ES-Bass-1,ZH-Alto-1
GTSinger_same_text_control,hubert_l6,6,113,EN-Tenor-1,94,7,1,6,-0.00146250222709976,0.008346084910825557,ES-Bass-1,EN-Alto-1
GTSinger_same_text_control,hubert_l6,6,113,ES-Bass-1,99,1,1,0,0.03226864326739054,0.006626969942175598,EN-Alto-1,IT-Soprano-1
GTSinger_same_text_control,hubert_l6,6,113,FR-Tenor-1,100,9,5,4,-0.010935636051571662,0.0016735341404960913,ES-Bass-1,EN-Tenor-1
GTSinger_same_text_control,hubert_l6,6,113,IT-Bass-1,95,4,1,3,0.005893839957776592,0.006272295764040425,ES-Bass-1,KO-Tenor-1
GTSinger_same_text_control,hubert_l6,6,113,IT-Soprano-1,81,3,1,2,0.01514828213097641,0.00835947616123267,ES-Bass-1,ZH-Alto-1
GTSinger_same_text_control,hubert_l6,6,113,JA-Tenor-1,104,10,10,0,-0.033575982279053895,-0.006432386474148233,ES-Bass-1,EN-Tenor-1
GTSinger_same_text_control,hubert_l6,6,113,KO-Soprano-1,93,3,1,2,0.01650055380590254,0.007508200083399363,ES-Bass-1,ZH-Alto-1
GTSinger_same_text_control,hubert_l6,6,113,KO-Tenor-1,99,5,1,4,0.0063484388181104245,0.00859806046891709,ES-Bass-1,IT-Bass-1
GTSinger_same_text_control,hubert_l6,6,113,ZH-Alto-1,95,5,1,4,0.008597746915404825,0.012179033378544979,ES-Bass-1,EN-Alto-1
GTSinger_same_text_control,hubert_l6,6,127,DE-Soprano-1,98,3,1,2,0.020070221229435248,0.010069443041773929,RU-Alto-1,EN-Alto-1
GTSinger_same_text_control,hubert_l6,6,127,EN-Alto-1,97,1,1,0,0.024246064259487943,0.009941406343098813,RU-Alto-1,DE-Soprano-1
GTSinger_same_text_control,hubert_l6,6,127,IT-Bass-1,95,5,1,4,0.0034020021577276793,0.007174635744485958,RU-Alto-1,KO-Tenor-1
GTSinger_same_text_control,hubert_l6,6,127,IT-Bass-2,97,9,6,3,-0.009723977371618453,-0.0007831781626500556,DE-Soprano-1,IT-Bass-1
GTSinger_same_text_control,hubert_l6,6,127,IT-Soprano-1,81,4,1,3,0.011056430329459799,0.007211715414784714,RU-Alto-1,JA-Soprano-1
GTSinger_same_text_control,hubert_l6,6,127,JA-Soprano-1,103,4,1,3,0.012194472775114207,0.010185437176867373,RU-Alto-1,DE-Soprano-1
GTSinger_same_text_control,hubert_l6,6,127,JA-Tenor-1,104,10,9,1,-0.03611075839566391,-0.004416009434451418,RU-Alto-1,KO-Tenor-1
GTSinger_same_text_control,hubert_l6,6,127,KO-Soprano-1,93,4,2,2,0.012244319342701648,0.0064232346902015625,RU-Alto-1,JA-Soprano-1
GTSinger_same_text_control,hubert_l6,6,127,KO-Tenor-1,99,7,1,6,0.002693161271542621,0.007997772852771812,RU-Alto-1,IT-Bass-1
GTSinger_same_text_control,hubert_l6,6,127,RU-Alto-1,97,1,1,0,0.0243553969912379,0.00779023702378312,EN-Alto-1,DE-Soprano-1
GTSinger_same_text_control,hubert_l6,6,131,DE-Tenor-1,99,5,1,4,0.006670907711007645,0.0065826464576711485,ES-Bass-1,JA-Soprano-1
GTSinger_same_text_control,hubert_l6,6,131,ES-Bass-1,99,1,1,0,0.033056120158029945,0.007821976890707516,ES-Soprano-1,JA-Soprano-1
GTSinger_same_text_control,hubert_l6,6,131,ES-Soprano-1,101,2,1,1,0.023905727118927578,0.010592564912115132,ES-Bass-1,JA-Soprano-1
GTSinger_same_text_control,hubert_l6,6,131,FR-Tenor-1,100,9,3,6,-0.009767301065166656,0.0033111796872569155,ES-Bass-1,KO-Tenor-1
GTSinger_same_text_control,hubert_l6,6,131,IT-Bass-2,97,8,7,1,-0.006419439259123805,-0.001064336975524438,ES-Bass-1,KO-Tenor-1
GTSinger_same_text_control,hubert_l6,6,131,JA-Soprano-1,103,2,1,1,0.017055287644723416,0.0125242505709523,ES-Bass-1,KO-Soprano-1
GTSinger_same_text_control,hubert_l6,6,131,JA-Tenor-1,104,10,10,0,-0.03221919371304738,-0.005587036141026069,ES-Bass-1,JA-Soprano-1
GTSinger_same_text_control,hubert_l6,6,131,KO-Soprano-1,93,3,2,1,0.01751309452887584,0.009588684056066832,ES-Bass-1,JA-Soprano-1
GTSinger_same_text_control,hubert_l6,6,131,KO-Tenor-1,99,5,1,4,0.006806934136791787,0.008679559050736252,ES-Bass-1,JA-Soprano-1
GTSinger_same_text_control,hubert_l6,6,131,ZH-Alto-1,95,5,1,4,0.00958810505002039,0.011798577289224177,ES-Bass-1,ES-Soprano-1
GTSinger_same_text_control,hubert_l6,6,137,DE-Soprano-1,98,3,1,2,0.01896712624860797,0.009538683861075037,ES-Bass-1,EN-Alto-1
GTSinger_same_text_control,hubert_l6,6,137,EN-Alto-1,97,1,1,0,0.022808348194381822,0.008633269937302734,ES-Bass-1,DE-Soprano-1
GTSinger_same_text_control,hubert_l6,6,137,ES-Bass-1,99,1,1,0,0.027723620391192805,0.005524110192519527,EN-Alto-1,DE-Soprano-1
GTSinger_same_text_control,hubert_l6,6,137,ES-Soprano-1,101,2,1,1,0.01821168301577436,0.007373956563927475,ES-Bass-1,DE-Soprano-1
GTSinger_same_text_control,hubert_l6,6,137,FR-Tenor-1,100,9,2,7,-0.012894692059721713,0.005178179551233231,ES-Bass-1,KO-Tenor-1
GTSinger_same_text_control,hubert_l6,6,137,IT-Soprano-1,81,5,1,4,0.010339990115641795,0.0072517598962184016,ES-Bass-1,DE-Soprano-1
GTSinger_same_text_control,hubert_l6,6,137,JA-Tenor-1,104,10,10,0,-0.03693385905441293,-0.004285564606397285,ES-Bass-1,KO-Tenor-1
GTSinger_same_text_control,hubert_l6,6,137,KO-Soprano-1,93,5,1,4,0.011582842779586433,0.005491913640699231,ES-Bass-1,DE-Soprano-1
GTSinger_same_text_control,hubert_l6,6,137,KO-Tenor-1,99,7,1,6,0.003746030039602166,0.010336315241142202,ES-Bass-1,IT-Soprano-1
GTSinger_same_text_control,hubert_l6,6,137,ZH-Alto-1,95,7,1,6,0.0032544073085716274,0.009588206225058404,ES-Bass-1,ES-Soprano-1
GTSinger_same_text_control,hubert_l6,6,139,EN-Alto-1,97,1,1,0,0.026571752610563104,0.009931910461228988,ES-Soprano-1,EN-Tenor-1
GTSinger_same_text_control,hubert_l6,6,139,EN-Tenor-1,94,8,1,7,-0.0022687749869674256,0.006706315482212233,EN-Alto-1,EN-Alto-1
GTSinger_same_text_control,hubert_l6,6,139,ES-Soprano-1,101,1,1,0,0.02160167593810114,0.0076237665493988915,EN-Alto-1,JA-Soprano-1
GTSinger_same_text_control,hubert_l6,6,139,FR-Soprano-1,106,3,1,2,0.012287327541576798,0.008775421448915077,EN-Alto-1,JA-Soprano-1
GTSinger_same_text_control,hubert_l6,6,139,IT-Bass-2,97,9,4,5,-0.005924714518053764,0.0009738014630623626,EN-Alto-1,KO-Tenor-1
GTSinger_same_text_control,hubert_l6,6,139,JA-Soprano-1,103,2,1,1,0.01725590637555685,0.012057733394363335,EN-Alto-1,FR-Soprano-1
GTSinger_same_text_control,hubert_l6,6,139,JA-Tenor-1,104,10,10,0,-0.03352862617548058,-0.006664949634452633,EN-Alto-1,EN-Tenor-1
GTSinger_same_text_control,hubert_l6,6,139,KO-Tenor-1,99,5,1,4,0.007317469793810649,0.010594922505949622,EN-Alto-1,JA-Soprano-1
GTSinger_same_text_control,hubert_l6,6,139,ZH-Alto-1,95,5,1,4,0.005933261624248898,0.006922167463839557,EN-Alto-1,ES-Soprano-1
GTSinger_same_text_control,hubert_l6,6,139,ZH-Tenor-1,94,2,1,1,0.018493132722934735,0.008432807275489118,EN-Alto-1,EN-Alto-1
GTSinger_same_text_control,hubert_l6,6,149,EN-Alto-1,97,1,1,0,0.02336646575703405,0.008805633083284192,EN-Alto-2,EN-Alto-2
GTSinger_same_text_control,hubert_l6,6,149,EN-Alto-2,99,1,1,0,0.024489011952735673,0.010254033616344471,RU-Alto-1,JA-Soprano-1
GTSinger_same_text_control,hubert_l6,6,149,ES-Soprano-1,101,3,2,1,0.018043069768603037,0.006083359673226041,RU-Alto-1,JA-Soprano-1
GTSinger_same_text_control,hubert_l6,6,149,FR-Tenor-1,100,9,1,8,-0.012259046685184627,0.006125410190089053,RU-Alto-1,IT-Bass-1
GTSinger_same_text_control,hubert_l6,6,149,IT-Bass-1,95,6,1,5,0.004193807676495576,0.009178192831293841,RU-Alto-1,FR-Tenor-1
GTSinger_same_text_control,hubert_l6,6,149,IT-Soprano-1,81,5,1,4,0.010897878881618195,0.007654113067077306,RU-Alto-1,JA-Soprano-1
GTSinger_same_text_control,hubert_l6,6,149,JA-Soprano-1,103,4,1,3,0.012246052886486392,0.00970891922940964,EN-Alto-2,EN-Alto-2
GTSinger_same_text_control,hubert_l6,6,149,JA-Tenor-1,104,10,10,0,-0.03612725881170942,-0.00413928646177153,RU-Alto-1,IT-Soprano-1
GTSinger_same_text_control,hubert_l6,6,149,RU-Alto-1,97,1,1,0,0.024049133558715297,0.0077795097938997415,EN-Alto-1,ZH-Alto-1
GTSinger_same_text_control,hubert_l6,6,149,ZH-Alto-1,95,7,1,6,0.003308825632922341,0.008390336611063698,RU-Alto-1,RU-Alto-1
GTSinger_same_text_control,hubert_l6,6,151,DE-Soprano-1,98,2,1,1,0.021828814845266664,0.011680908417932567,ES-Bass-1,JA-Soprano-1
GTSinger_same_text_control,hubert_l6,6,151,EN-Tenor-1,94,7,1,6,-0.003570644902107789,0.007960300944636178,ES-Bass-1,ZH-Tenor-1
GTSinger_same_text_control,hubert_l6,6,151,ES-Bass-1,99,1,1,0,0.029863646291997337,0.006705874153720259,DE-Soprano-1,DE-Soprano-1
GTSinger_same_text_control,hubert_l6,6,151,FR-Soprano-1,106,4,1,3,0.011205866560501043,0.010305734164727132,ES-Bass-1,JA-Soprano-1
GTSinger_same_text_control,hubert_l6,6,151,IT-Bass-1,95,4,1,3,0.004236237908546769,0.0070866395761539636,ES-Bass-1,EN-Tenor-1
GTSinger_same_text_control,hubert_l6,6,151,IT-Bass-2,97,9,6,3,-0.008745090709141756,-0.0009330213892640993,ES-Bass-1,IT-Bass-1
GTSinger_same_text_control,hubert_l6,6,151,JA-Soprano-1,103,3,1,2,0.014259131347080456,0.011228996615289533,ES-Bass-1,DE-Soprano-1
GTSinger_same_text_control,hubert_l6,6,151,JA-Tenor-1,104,10,10,0,-0.0352976822282044,-0.005934069991066271,ES-Bass-1,EN-Tenor-1
GTSinger_same_text_control,hubert_l6,6,151,KO-Soprano-2,102,2,1,1,0.01725839531061868,0.008717150898439163,ES-Bass-1,JA-Soprano-1
GTSinger_same_text_control,hubert_l6,6,151,ZH-Tenor-1,94,2,1,1,0.016808781776709747,0.008995259730035676,ES-Bass-1,DE-Soprano-1
GTSinger_same_text_control,hubert_l6,6,157,ES-Soprano-1,101,2,1,1,0.021535534188631633,0.008265006771671302,RU-Alto-1,KO-Soprano-2
GTSinger_same_text_control,hubert_l6,6,157,FR-Soprano-1,106,4,1,3,0.012823480280561239,0.010774570632377967,RU-Alto-1,IT-Soprano-1
GTSinger_same_text_control,hubert_l6,6,157,FR-Tenor-1,100,9,2,7,-0.009621021658956952,0.005397812036818772,RU-Alto-1,IT-Bass-1
GTSinger_same_text_control,hubert_l6,6,157,IT-Bass-1,95,4,1,3,0.007029184689869794,0.008900720581528132,RU-Alto-1,IT-Bass-2
GTSinger_same_text_control,hubert_l6,6,157,IT-Bass-2,97,8,4,4,-0.007221828716547529,0.0005945906513425969,RU-Alto-1,IT-Bass-1
GTSinger_same_text_control,hubert_l6,6,157,IT-Soprano-1,81,4,1,3,0.013997872456324001,0.008394655399080353,RU-Alto-1,FR-Soprano-1
GTSinger_same_text_control,hubert_l6,6,157,JA-Tenor-1,104,10,8,2,-0.03230140018110983,-0.0019563915087595918,RU-Alto-1,IT-Soprano-1
GTSinger_same_text_control,hubert_l6,6,157,KO-Soprano-1,93,3,1,2,0.015498779292608234,0.007303658617262454,RU-Alto-1,FR-Soprano-1
GTSinger_same_text_control,hubert_l6,6,157,KO-Soprano-2,102,3,1,2,0.0185835199899812,0.007804968043235605,RU-Alto-1,ES-Soprano-1
GTSinger_same_text_control,hubert_l6,6,157,RU-Alto-1,97,1,1,0,0.027967494832602524,0.010511141384322631,ES-Soprano-1,ES-Soprano-1
GTSinger_same_text_control,hubert_l6,6,163,DE-Soprano-1,98,2,1,1,0.013288128103516206,0.006474212657863743,RU-Alto-1,RU-Alto-1
GTSinger_same_text_control,hubert_l6,6,163,DE-Tenor-1,99,7,1,6,-0.0027819308201409987,0.005266917400067794,RU-Alto-1,DE-Soprano-1
GTSinger_same_text_control,hubert_l6,6,163,EN-Alto-2,99,1,1,0,0.019195806632422818,0.007716030919137085,RU-Alto-1,DE-Soprano-1
GTSinger_same_text_control,hubert_l6,6,163,EN-Tenor-1,94,10,1,9,-0.010510103101143309,0.0063483509243644765,RU-Alto-1,ZH-Tenor-1
GTSinger_same_text_control,hubert_l6,6,163,FR-Soprano-1,106,5,1,4,0.003821919719288691,0.006680432934412006,EN-Alto-2,IT-Soprano-1
GTSinger_same_text_control,hubert_l6,6,163,IT-Soprano-1,81,5,1,4,0.005199051659577902,0.005225101265031951,RU-Alto-1,KO-Tenor-1
GTSinger_same_text_control,hubert_l6,6,163,KO-Soprano-2,102,3,1,2,0.010213843642617682,0.004530497715639403,RU-Alto-1,RU-Alto-1
GTSinger_same_text_control,hubert_l6,6,163,KO-Tenor-1,99,7,1,6,-0.00021920675042552684,0.009806830085774099,RU-Alto-1,IT-Soprano-1
GTSinger_same_text_control,hubert_l6,6,163,RU-Alto-1,97,1,1,0,0.018576807642469162,0.0056766276196072996,EN-Alto-2,DE-Soprano-1
GTSinger_same_text_control,hubert_l6,6,163,ZH-Tenor-1,94,3,1,2,0.009954706807378644,0.0068928803101477865,RU-Alto-1,DE-Soprano-1
GTSinger_same_text_control,hubert_l6,6,167,DE-Soprano-1,98,3,1,2,0.020852996494739595,0.010254458583247139,ES-Bass-1,EN-Alto-1
GTSinger_same_text_control,hubert_l6,6,167,EN-Alto-1,97,1,1,0,0.02484948345814275,0.009748440942631387,ES-Bass-1,DE-Soprano-1
GTSinger_same_text_control,hubert_l6,6,167,ES-Bass-1,99,1,1,0,0.028849895267096026,0.005507248440641432,EN-Alto-1,JA-Soprano-1
GTSinger_same_text_control,hubert_l6,6,167,FR-Soprano-1,106,4,1,3,0.010490182493783529,0.009634564712017846,ES-Bass-1,JA-Soprano-1
GTSinger_same_text_control,hubert_l6,6,167,FR-Tenor-1,100,9,3,6,-0.012083404923531549,0.004574991303963216,ES-Bass-1,KO-Tenor-1
GTSinger_same_text_control,hubert_l6,6,167,IT-Bass-1,95,4,1,3,0.004569776771023881,0.008043227871646241,ES-Bass-1,KO-Tenor-1
GTSinger_same_text_control,hubert_l6,6,167,JA-Soprano-1,103,4,1,3,0.012184509254360432,0.009466921001217488,ES-Bass-1,DE-Soprano-1
GTSinger_same_text_control,hubert_l6,6,167,JA-Tenor-1,104,10,10,0,-0.03536457252843239,-0.004524722899851064,ES-Bass-1,KO-Tenor-1
GTSinger_same_text_control,hubert_l6,6,167,KO-Soprano-1,93,4,2,2,0.012904547761784846,0.006350972899702212,ES-Bass-1,JA-Soprano-1
GTSinger_same_text_control,hubert_l6,6,167,KO-Tenor-1,99,6,1,5,0.004060100435242409,0.00931147765746998,ES-Bass-1,IT-Bass-1
GTSinger_same_text_control,hubert_l6,6,173,EN-Tenor-1,94,10,1,9,-0.011086033811868012,0.006739134392574675,ES-Bass-1,ZH-Tenor-1
GTSinger_same_text_control,hubert_l6,6,173,ES-Bass-1,99,1,3,-2,0.0222567270565166,0.002384047179290749,RU-Alto-1,IT-Soprano-1
GTSinger_same_text_control,hubert_l6,6,173,IT-Soprano-1,81,4,1,3,0.004715618340703109,0.0059605836588978445,ES-Bass-1,JA-Soprano-1
GTSinger_same_text_control,hubert_l6,6,173,JA-Soprano-1,103,3,1,2,0.0070331514010809615,0.00893289461004343,ES-Bass-1,IT-Soprano-1
GTSinger_same_text_control,hubert_l6,6,173,KO-Soprano-1,93,3,2,1,0.005751537485777503,0.003738137957716936,ES-Bass-1,JA-Soprano-1
GTSinger_same_text_control,hubert_l6,6,173,KO-Soprano-2,102,3,2,1,0.008954471603459635,0.0036138389734166054,ES-Bass-1,JA-Soprano-1
GTSinger_same_text_control,hubert_l6,6,173,KO-Tenor-1,99,8,1,7,-0.0009608129734722803,0.010330207628887367,ES-Bass-1,IT-Soprano-1
GTSinger_same_text_control,hubert_l6,6,173,RU-Alto-1,97,1,1,0,0.017352375715420476,0.004428921106003791,ES-Bass-1,ZH-Alto-1
GTSinger_same_text_control,hubert_l6,6,173,ZH-Alto-1,95,8,1,7,-0.003937580293685516,0.005108808762806949,RU-Alto-1,ZH-Tenor-1
GTSinger_same_text_control,hubert_l6,6,173,ZH-Tenor-1,94,3,1,2,0.008965396234310141,0.006245250651364609,ES-Bass-1,EN-Tenor-1
GTSinger_same_text_control,hubert_l6,6,179,DE-Tenor-1,99,6,1,5,-0.00040937661604179,0.00543625006672388,ES-Bass-1,RU-Alto-1
GTSinger_same_text_control,hubert_l6,6,179,ES-Bass-1,99,1,2,-1,0.02576890175455615,0.0037642925109373504,RU-Alto-1,IT-Soprano-1
GTSinger_same_text_control,hubert_l6,6,179,ES-Soprano-1,101,3,1,2,0.01579149299832827,0.006610860943313979,ES-Bass-1,KO-Soprano-2
GTSinger_same_text_control,hubert_l6,6,179,FR-Soprano-1,106,5,1,4,0.007783702339022591,0.01049113457681805,ES-Bass-1,IT-Soprano-1
GTSinger_same_text_control,hubert_l6,6,179,FR-Tenor-1,100,10,1,9,-0.014344432807468999,0.006167229333719271,ES-Bass-1,DE-Tenor-1
GTSinger_same_text_control,hubert_l6,6,179,IT-Bass-2,97,9,4,5,-0.011085257348676936,0.0016044401105587136,ES-Bass-1,FR-Tenor-1
GTSinger_same_text_control,hubert_l6,6,179,IT-Soprano-1,81,5,1,4,0.008398433041835185,0.0073910416890556885,ES-Bass-1,FR-Soprano-1
GTSinger_same_text_control,hubert_l6,6,179,KO-Soprano-2,102,4,1,3,0.0131561320457938,0.006762898607080237,ES-Bass-1,ES-Soprano-1
GTSinger_same_text_control,hubert_l6,6,179,RU-Alto-1,97,1,1,0,0.022263488509439933,0.008290547379905644,ES-Bass-1,ZH-Alto-1
GTSinger_same_text_control,hubert_l6,6,179,ZH-Alto-1,95,6,1,5,0.0017710394827407105,0.010325890542522198,RU-Alto-1,ES-Soprano-1
GTSinger_same_text_control,hubert_l6,6,181,DE-Tenor-1,99,6,1,5,-8.889695270386522e-05,0.004752030863471757,RU-Alto-1,RU-Alto-1
GTSinger_same_text_control,hubert_l6,6,181,EN-Alto-2,99,1,1,0,0.02354862944885905,0.009920811082333891,RU-Alto-1,RU-Alto-1
GTSinger_same_text_control,hubert_l6,6,181,EN-Tenor-1,94,8,1,7,-0.006717979898167359,0.007558325287544854,RU-Alto-1,ZH-Tenor-1
GTSinger_same_text_control,hubert_l6,6,181,ES-Soprano-1,101,3,1,2,0.01708905501196256,0.005899909400451042,RU-Alto-1,KO-Soprano-2
GTSinger_same_text_control,hubert_l6,6,181,FR-Tenor-1,100,10,4,6,-0.014531822809144335,0.00439680793367081,RU-Alto-1,EN-Tenor-1
GTSinger_same_text_control,hubert_l6,6,181,IT-Bass-1,95,5,1,4,0.0013775312536525863,0.007431104103199804,RU-Alto-1,KO-Tenor-1
GTSinger_same_text_control,hubert_l6,6,181,KO-Soprano-2,102,4,1,3,0.01428120638622854,0.006004889525502377,RU-Alto-1,ES-Soprano-1
GTSinger_same_text_control,hubert_l6,6,181,KO-Tenor-1,99,6,1,5,0.0024440732151016498,0.009650554316624094,RU-Alto-1,IT-Bass-1
GTSinger_same_text_control,hubert_l6,6,181,RU-Alto-1,97,1,1,0,0.02287053651245552,0.007610141482557342,EN-Alto-2,ES-Soprano-1
GTSinger_same_text_control,hubert_l6,6,181,ZH-Tenor-1,94,3,1,2,0.013523367532334851,0.00800024044693326,RU-Alto-1,EN-Tenor-1
GTSinger_same_text_control,hubert_l6,6,191,DE-Soprano-1,98,3,1,2,0.01678104175314077,0.0089667473145435,RU-Alto-1,EN-Alto-1
GTSinger_same_text_control,hubert_l6,6,191,EN-Alto-1,97,1,1,0,0.020933331939970268,0.008325457231405653,EN-Alto-2,DE-Soprano-1
GTSinger_same_text_control,hubert_l6,6,191,EN-Alto-2,99,1,1,0,0.021790046508306626,0.00946389520347013,RU-Alto-1,DE-Soprano-1
GTSinger_same_text_control,hubert_l6,6,191,IT-Bass-2,97,9,2,7,-0.010709593728382982,0.0024513848170519825,DE-Soprano-1,KO-Tenor-1
GTSinger_same_text_control,hubert_l6,6,191,IT-Soprano-1,81,6,1,5,0.008171008874862773,0.006608805802845175,RU-Alto-1,DE-Soprano-1
GTSinger_same_text_control,hubert_l6,6,191,JA-Tenor-1,104,10,9,1,-0.03826813286836328,-0.002814325068401846,RU-Alto-1,KO-Tenor-1
GTSinger_same_text_control,hubert_l6,6,191,KO-Soprano-1,93,5,1,4,0.009217990367736628,0.005064628917974989,RU-Alto-1,DE-Soprano-1
GTSinger_same_text_control,hubert_l6,6,191,KO-Soprano-2,102,3,1,2,0.012712567111903494,0.005953897412143694,RU-Alto-1,EN-Alto-2
GTSinger_same_text_control,hubert_l6,6,191,KO-Tenor-1,99,8,1,7,0.001769775098075077,0.010192226627658618,RU-Alto-1,IT-Bass-2
GTSinger_same_text_control,hubert_l6,6,191,RU-Alto-1,97,1,1,0,0.021236985254371787,0.006658886345426884,EN-Alto-1,DE-Soprano-1
GTSinger_same_text_control,hubert_l6,6,193,DE-Soprano-1,98,1,1,0,0.021960694697209515,0.010916376101010816,EN-Alto-2,EN-Alto-2
GTSinger_same_text_control,hubert_l6,6,193,DE-Tenor-1,99,5,2,3,0.0027494766126140435,0.004482951515619948,DE-Soprano-1,DE-Soprano-1
GTSinger_same_text_control,hubert_l6,6,193,EN-Alto-2,99,1,1,0,0.0261041315827355,0.010778483658799853,DE-Soprano-1,JA-Soprano-1
GTSinger_same_text_control,hubert_l6,6,193,FR-Tenor-1,100,10,3,7,-0.01245549240711974,0.002880730017294608,EN-Alto-2,KO-Tenor-1
GTSinger_same_text_control,hubert_l6,6,193,IT-Bass-1,95,3,1,2,0.003361406351393037,0.005524855231697101,EN-Alto-2,KO-Tenor-1
GTSinger_same_text_control,hubert_l6,6,193,IT-Bass-2,97,9,8,1,-0.009393066367241798,-0.0023493977686371847,DE-Soprano-1,IT-Bass-1
GTSinger_same_text_control,hubert_l6,6,193,JA-Soprano-1,103,3,1,2,0.013256600155469589,0.010145907122418363,EN-Alto-2,EN-Alto-2
GTSinger_same_text_control,hubert_l6,6,193,KO-Soprano-1,93,3,2,1,0.014184194544913487,0.007379068251124221,EN-Alto-2,JA-Soprano-1
GTSinger_same_text_control,hubert_l6,6,193,KO-Tenor-1,99,5,1,4,0.00355058210832937,0.007142055181417417,EN-Alto-2,IT-Bass-1
GTSinger_same_text_control,hubert_l6,6,193,ZH-Alto-1,95,5,1,4,0.006650685280807478,0.01070801212308281,EN-Alto-2,DE-Soprano-1
GTSinger_same_text_control,hubert_l6,6,197,EN-Alto-2,99,1,1,0,0.029375954153837536,0.012945449273108811,KO-Soprano-2,JA-Soprano-1
GTSinger_same_text_control,hubert_l6,6,197,EN-Tenor-1,94,7,1,6,-0.00037631267675442004,0.008141542978482907,EN-Alto-2,EN-Alto-2
GTSinger_same_text_control,hubert_l6,6,197,FR-Tenor-1,100,9,3,6,-0.009318376978720733,0.004030078468035159,EN-Alto-2,EN-Tenor-1
GTSinger_same_text_control,hubert_l6,6,197,IT-Bass-1,95,3,1,2,0.007461937662358142,0.008569471496802539,EN-Alto-2,EN-Tenor-1
GTSinger_same_text_control,hubert_l6,6,197,IT-Soprano-1,81,3,1,2,0.015034732461573164,0.008052701685903219,EN-Alto-2,JA-Soprano-1
GTSinger_same_text_control,hubert_l6,6,197,JA-Soprano-1,103,2,1,1,0.016208597807396585,0.010564260938560777,EN-Alto-2,EN-Alto-2
GTSinger_same_text_control,hubert_l6,6,197,JA-Tenor-1,104,10,10,0,-0.03248572948406869,-0.00674149864445639,EN-Alto-2,EN-Tenor-1
GTSinger_same_text_control,hubert_l6,6,197,KO-Soprano-1,93,2,2,0,0.015748541069098176,0.0056972321362114275,EN-Alto-2,JA-Soprano-1
GTSinger_same_text_control,hubert_l6,6,197,KO-Soprano-2,102,2,2,0,0.019476179281868955,0.007112136675704095,EN-Alto-2,JA-Soprano-1
GTSinger_same_text_control,hubert_l6,6,197,ZH-Alto-1,95,6,1,5,0.007935384770357379,0.009255415129520661,EN-Alto-2,KO-Soprano-2
GTSinger_same_text_control,hubert_l6,6,199,DE-Tenor-1,99,5,1,4,0.006297600700012396,0.0073778045462873365,EN-Alto-1,JA-Soprano-1
GTSinger_same_text_control,hubert_l6,6,199,EN-Alto-1,97,1,1,0,0.027349979957426607,0.010499190713898265,KO-Soprano-2,JA-Soprano-1
GTSinger_same_text_control,hubert_l6,6,199,FR-Soprano-1,106,3,1,2,0.012275216624011764,0.008984304205571059,EN-Alto-1,JA-Soprano-1
GTSinger_same_text_control,hubert_l6,6,199,IT-Bass-2,97,9,5,4,-0.006730821162055811,-0.00016524247676463766,EN-Alto-1,KO-Tenor-1
GTSinger_same_text_control,hubert_l6,6,199,IT-Soprano-1,81,3,1,2,0.013756280656946451,0.007445623853679528,EN-Alto-1,JA-Soprano-1
GTSinger_same_text_control,hubert_l6,6,199,JA-Soprano-1,103,2,1,1,0.015938540398477752,0.011342894692648375,EN-Alto-1,IT-Soprano-1
GTSinger_same_text_control,hubert_l6,6,199,JA-Tenor-1,104,10,10,0,-0.03320108962865187,-0.005904150356311422,EN-Alto-1,KO-Tenor-1
GTSinger_same_text_control,hubert_l6,6,199,KO-Soprano-2,102,1,2,-1,0.018636033851362255,0.007674942956841124,EN-Alto-1,JA-Soprano-1
GTSinger_same_text_control,hubert_l6,6,199,KO-Tenor-1,99,5,1,4,0.006313649557068146,0.009049480348744754,EN-Alto-1,JA-Soprano-1
GTSinger_same_text_control,hubert_l6,6,199,ZH-Alto-1,95,5,1,4,0.0070582521339159765,0.009057343493962033,EN-Alto-1,KO-Soprano-2
GTSinger_same_text_control,hubert_l6,6,211,DE-Tenor-1,99,6,1,5,0.0036806472902867204,0.0047876774988077075,ES-Soprano-1,JA-Soprano-1
GTSinger_same_text_control,hubert_l6,6,211,EN-Tenor-1,94,7,1,6,-0.002502427326538492,0.008237204920370167,ZH-Tenor-1,ZH-Tenor-1
GTSinger_same_text_control,hubert_l6,6,211,ES-Soprano-1,101,1,2,-1,0.021540236969840754,0.008940028893170582,JA-Soprano-1,JA-Soprano-1
GTSinger_same_text_control,hubert_l6,6,211,FR-Tenor-1,100,10,2,8,-0.012177913760531012,0.0025535875452854517,IT-Soprano-1,EN-Tenor-1
GTSinger_same_text_control,hubert_l6,6,211,IT-Bass-1,95,4,1,3,0.0039005395088490546,0.00535964136533984,ZH-Tenor-1,EN-Tenor-1
GTSinger_same_text_control,hubert_l6,6,211,IT-Bass-2,97,9,7,2,-0.008639027297161816,-0.00182294553812401,ES-Soprano-1,IT-Bass-1
GTSinger_same_text_control,hubert_l6,6,211,IT-Soprano-1,81,2,1,1,0.013600959093728049,0.008007484565200396,ES-Soprano-1,JA-Soprano-1
GTSinger_same_text_control,hubert_l6,6,211,JA-Soprano-1,103,1,1,0,0.015289366003377713,0.012100041750552237,ES-Soprano-1,KO-Soprano-1
GTSinger_same_text_control,hubert_l6,6,211,KO-Soprano-1,93,2,2,0,0.015495408896540774,0.008152369748223975,ES-Soprano-1,JA-Soprano-1
GTSinger_same_text_control,hubert_l6,6,211,ZH-Tenor-1,94,1,1,0,0.01779420181135305,0.009687474249227557,ES-Soprano-1,EN-Tenor-1
GTSinger_same_text_control,hubert_l6,6,223,DE-Tenor-1,99,7,1,6,-0.0026601023446493066,0.005398159099794575,ES-Bass-1,IT-Bass-1
GTSinger_same_text_control,hubert_l6,6,223,EN-Alto-1,97,1,1,0,0.01924024824671766,0.007602499736114043,ES-Bass-1,JA-Soprano-1
GTSinger_same_text_control,hubert_l6,6,223,ES-Bass-1,99,1,2,-1,0.023360527101829343,0.002417131385009652,RU-Alto-1,JA-Soprano-1
GTSinger_same_text_control,hubert_l6,6,223,FR-Soprano-1,106,4,1,3,0.006044729830040896,0.01025282342827949,ES-Bass-1,JA-Soprano-1
GTSinger_same_text_control,hubert_l6,6,223,FR-Tenor-1,100,10,1,9,-0.01614229955464641,0.00706993636025155,ES-Bass-1,IT-Bass-1
GTSinger_same_text_control,hubert_l6,6,223,IT-Bass-1,95,5,1,4,-0.00015321803687207147,0.008805264215212993,ES-Bass-1,DE-Tenor-1
GTSinger_same_text_control,hubert_l6,6,223,JA-Soprano-1,103,4,1,3,0.007760208216446518,0.009798203039222853,ES-Bass-1,FR-Soprano-1
GTSinger_same_text_control,hubert_l6,6,223,KO-Soprano-1,93,4,2,2,0.008296293208113203,0.006486018000371074,ES-Bass-1,JA-Soprano-1
GTSinger_same_text_control,hubert_l6,6,223,RU-Alto-1,97,1,1,0,0.020541627811814123,0.007686855318920438,ES-Bass-1,JA-Soprano-1
GTSinger_same_text_control,hubert_l6,6,223,ZH-Tenor-1,94,4,1,3,0.011453431135126979,0.00894858095790918,ES-Bass-1,EN-Alto-1
GTSinger_same_text_control,hubert_l6,6,227,DE-Tenor-1,99,8,1,7,-0.003953919707337938,0.0051911811883876835,RU-Alto-1,JA-Soprano-1
GTSinger_same_text_control,hubert_l6,6,227,EN-Alto-1,97,1,1,0,0.017024706728064,0.006364325679056204,EN-Alto-2,EN-Alto-2
GTSinger_same_text_control,hubert_l6,6,227,EN-Alto-2,99,1,1,0,0.018287809857093218,0.008171798704336153,RU-Alto-1,JA-Soprano-1
GTSinger_same_text_control,hubert_l6,6,227,ES-Soprano-1,101,3,2,1,0.011710130496433435,0.00441086634713217,RU-Alto-1,JA-Soprano-1
GTSinger_same_text_control,hubert_l6,6,227,IT-Bass-2,97,10,4,6,-0.012745349029614217,0.0037421519610139065,RU-Alto-1,JA-Soprano-1
GTSinger_same_text_control,hubert_l6,6,227,IT-Soprano-1,81,5,1,4,0.005063464515297378,0.007155656463111448,RU-Alto-1,JA-Soprano-1
GTSinger_same_text_control,hubert_l6,6,227,JA-Soprano-1,103,4,1,3,0.007537298204868259,0.010570755632731577,EN-Alto-2,EN-Alto-2
GTSinger_same_text_control,hubert_l6,6,227,RU-Alto-1,97,1,1,0,0.01744732167090912,0.005168920687615763,EN-Alto-1,ZH-Alto-1
GTSinger_same_text_control,hubert_l6,6,227,ZH-Alto-1,95,8,1,7,-0.0036499767998443566,0.0061026165345994254,RU-Alto-1,ZH-Tenor-1
GTSinger_same_text_control,hubert_l6,6,227,ZH-Tenor-1,94,4,1,3,0.00888965996242308,0.006338758398502509,RU-Alto-1,ZH-Alto-1
GTSinger_same_text_control,hubert_l6,6,229,DE-Soprano-1,98,2,1,1,0.019580439260323157,0.00978095589886585,EN-Alto-1,EN-Alto-1
GTSinger_same_text_control,hubert_l6,6,229,EN-Alto-1,97,1,1,0,0.022534470647414873,0.00803858997506779,EN-Alto-2,DE-Soprano-1
GTSinger_same_text_control,hubert_l6,6,229,EN-Alto-2,99,1,1,0,0.024472148267623228,0.010484302063209494,EN-Alto-1,JA-Soprano-1
GTSinger_same_text_control,hubert_l6,6,229,EN-Tenor-1,94,8,1,7,-0.005379490798601005,0.006801525446105572,EN-Alto-1,ZH-Tenor-1
GTSinger_same_text_control,hubert_l6,6,229,FR-Tenor-1,100,9,2,7,-0.011677475118617497,0.006918815426761427,EN-Alto-1,EN-Tenor-1
GTSinger_same_text_control,hubert_l6,6,229,JA-Soprano-1,103,4,1,3,0.01266748706918519,0.010187780083916631,EN-Alto-2,EN-Alto-2
GTSinger_same_text_control,hubert_l6,6,229,JA-Tenor-1,104,10,10,0,-0.03623700639836125,-0.005629328986394233,EN-Alto-1,EN-Tenor-1
GTSinger_same_text_control,hubert_l6,6,229,KO-Soprano-1,93,4,2,2,0.01155659938625897,0.0048895651150440145,EN-Alto-2,JA-Soprano-1
GTSinger_same_text_control,hubert_l6,6,229,KO-Soprano-2,102,2,2,0,0.01564504838799219,0.006404292909593101,EN-Alto-2,JA-Soprano-1
GTSinger_same_text_control,hubert_l6,6,229,ZH-Tenor-1,94,3,1,2,0.015225297639413382,0.008629496012767413,EN-Alto-1,DE-Soprano-1
GTSinger_same_text_control,hubert_l6,6,233,EN-Alto-2,99,2,1,1,0.02017407761301626,0.008968210163286194,ES-Bass-1,JA-Soprano-1
GTSinger_same_text_control,hubert_l6,6,233,ES-Bass-1,99,1,1,0,0.024014109929756278,0.004269644061440592,EN-Alto-2,IT-Soprano-1
GTSinger_same_text_control,hubert_l6,6,233,ES-Soprano-1,101,4,2,2,0.013378897520567756,0.0040348991975418524,ES-Bass-1,JA-Soprano-1
GTSinger_same_text_control,hubert_l6,6,233,IT-Soprano-1,81,5,1,4,0.006524367947325249,0.0066112168549200545,ES-Bass-1,JA-Soprano-1
GTSinger_same_text_control,hubert_l6,6,233,JA-Soprano-1,103,4,1,3,0.00791312513744713,0.008816382283774016,ES-Bass-1,EN-Alto-2
GTSinger_same_text_control,hubert_l6,6,233,JA-Tenor-1,104,10,10,0,-0.039938641755806414,-0.0035446967109439287,ES-Bass-1,KO-Tenor-1
GTSinger_same_text_control,hubert_l6,6,233,KO-Soprano-1,93,5,2,3,0.007496633350318138,0.004536520214193818,ES-Bass-1,JA-Soprano-1
GTSinger_same_text_control,hubert_l6,6,233,KO-Tenor-1,99,8,1,7,0.0007849863955333714,0.010808277977422454,ES-Bass-1,IT-Soprano-1
GTSinger_same_text_control,hubert_l6,6,233,RU-Alto-1,97,1,1,0,0.01953461707910209,0.0057263402431494415,ES-Bass-1,ZH-Alto-1
GTSinger_same_text_control,hubert_l6,6,233,ZH-Alto-1,95,8,1,7,-0.001244603758779883,0.006583026328320196,RU-Alto-1,RU-Alto-1
GTSinger_same_text_control,hubert_l6,6,239,DE-Soprano-1,98,4,1,3,0.012766774147693227,0.007155098797248405,ES-Bass-1,EN-Alto-1
GTSinger_same_text_control,hubert_l6,6,239,EN-Alto-1,97,1,1,0,0.016824076114967057,0.006319659630560803,ES-Bass-1,DE-Soprano-1
GTSinger_same_text_control,hubert_l6,6,239,EN-Alto-2,99,2,1,1,0.018075815752658264,0.00807987304094615,ES-Bass-1,JA-Soprano-1
GTSinger_same_text_control,hubert_l6,6,239,ES-Bass-1,99,1,1,0,0.022577043676427433,0.004321496215735188,EN-Alto-2,JA-Soprano-1
GTSinger_same_text_control,hubert_l6,6,239,ES-Soprano-1,101,4,2,2,0.011812577125214219,0.004240324720607647,ES-Bass-1,JA-Soprano-1
GTSinger_same_text_control,hubert_l6,6,239,JA-Soprano-1,103,6,1,5,0.006848474755768108,0.009160455197603667,ES-Bass-1,EN-Alto-2
GTSinger_same_text_control,hubert_l6,6,239,JA-Tenor-1,104,10,9,1,-0.04169926392944123,-0.00317224339717026,ES-Bass-1,KO-Tenor-1
GTSinger_same_text_control,hubert_l6,6,239,KO-Tenor-1,99,8,1,7,-8.941277342566778e-05,0.011943881984227467,ES-Bass-1,JA-Soprano-1
GTSinger_same_text_control,hubert_l6,6,239,RU-Alto-1,97,1,1,0,0.017873829584512557,0.0054225519244092135,ES-Bass-1,ZH-Alto-1
GTSinger_same_text_control,hubert_l6,6,239,ZH-Alto-1,95,8,1,7,-0.0032048797861529144,0.0060857568023354736,RU-Alto-1,ES-Soprano-1
GTSinger_same_text_control,hubert_l6,6,241,DE-Tenor-1,99,6,1,5,-0.0021703671653861,0.005874398572728312,ES-Bass-1,RU-Alto-1
GTSinger_same_text_control,hubert_l6,6,241,EN-Alto-2,99,2,1,1,0.020112525555570193,0.009004513649873092,ES-Bass-1,FR-Soprano-1
GTSinger_same_text_control,hubert_l6,6,241,EN-Tenor-1,94,9,1,8,-0.009875524693019222,0.0076208385769629405,ES-Bass-1,ZH-Tenor-1
GTSinger_same_text_control,hubert_l6,6,241,ES-Bass-1,99,1,2,-1,0.02391099674090469,0.0033758146686015955,EN-Alto-2,EN-Alto-2
GTSinger_same_text_control,hubert_l6,6,241,ES-Soprano-1,101,4,1,3,0.013674444567061461,0.006206430778658789,ES-Bass-1,EN-Alto-2
GTSinger_same_text_control,hubert_l6,6,241,FR-Soprano-1,106,5,1,4,0.0055596195540142945,0.009629648421573322,ES-Bass-1,ZH-Alto-1
GTSinger_same_text_control,hubert_l6,6,241,IT-Bass-2,97,10,3,7,-0.01167988951917609,0.002899588107482365,ES-Bass-1,EN-Tenor-1
GTSinger_same_text_control,hubert_l6,6,241,RU-Alto-1,97,1,1,0,0.019625350101026062,0.006898982578854018,ES-Bass-1,ZH-Alto-1
GTSinger_same_text_control,hubert_l6,6,241,ZH-Alto-1,95,6,1,5,-0.0014805520551659512,0.0075300298980552904,RU-Alto-1,ES-Soprano-1
GTSinger_same_text_control,hubert_l6,6,241,ZH-Tenor-1,94,4,1,3,0.010568634875086191,0.007131899821489762,ES-Bass-1,EN-Tenor-1
GTSinger_same_text_control,hubert_l6,6,251,DE-Tenor-1,99,8,1,7,-0.005575331125566629,0.006344607599631069,ES-Bass-1,JA-Soprano-1
GTSinger_same_text_control,hubert_l6,6,251,EN-Alto-1,97,1,1,0,0.015290395552008507,0.0064618195314924964,ES-Bass-1,JA-Soprano-1
GTSinger_same_text_control,hubert_l6,6,251,EN-Alto-2,99,2,1,1,0.014874126406440702,0.006764255727097268,ES-Bass-1,JA-Soprano-1
GTSinger_same_text_control,hubert_l6,6,251,ES-Bass-1,99,1,2,-1,0.019589177222782084,0.002145120521650501,EN-Alto-2,JA-Soprano-1
GTSinger_same_text_control,hubert_l6,6,251,ES-Soprano-1,101,4,2,2,0.009563747306174819,0.0042607599925129636,ES-Bass-1,JA-Soprano-1
GTSinger_same_text_control,hubert_l6,6,251,FR-Soprano-1,106,6,1,5,0.0014773540991765977,0.009488388473319453,ES-Bass-1,JA-Soprano-1
GTSinger_same_text_control,hubert_l6,6,251,IT-Bass-2,97,10,2,8,-0.014683411672710922,0.004880532244765146,ES-Bass-1,JA-Soprano-1
GTSinger_same_text_control,hubert_l6,6,251,JA-Soprano-1,103,5,1,4,0.003922105342618276,0.009556001040842976,ES-Bass-1,FR-Soprano-1
GTSinger_same_text_control,hubert_l6,6,251,KO-Soprano-1,93,6,2,4,0.004221755167669761,0.006035914541508647,ES-Bass-1,JA-Soprano-1
GTSinger_same_text_control,hubert_l6,6,251,RU-Alto-1,97,1,1,0,0.016258698212756384,0.005754621878442001,ES-Bass-1,JA-Soprano-1
GTSinger_same_text_control,hubert_l6,6,257,DE-Tenor-1,99,6,1,5,0.001290721564716435,0.004696582531376281,EN-Alto-1,JA-Soprano-1
GTSinger_same_text_control,hubert_l6,6,257,EN-Alto-1,97,1,1,0,0.02299433662588113,0.008296373141042812,ES-Soprano-1,EN-Tenor-1
GTSinger_same_text_control,hubert_l6,6,257,EN-Tenor-1,94,8,1,7,-0.005567969727579891,0.007415347906028824,EN-Alto-1,EN-Alto-1
GTSinger_same_text_control,hubert_l6,6,257,ES-Soprano-1,101,1,2,-1,0.018030329250603216,0.006327331856974205,EN-Alto-1,JA-Soprano-1
GTSinger_same_text_control,hubert_l6,6,257,IT-Bass-1,95,4,1,3,0.0027080232071259314,0.0069957068591087745,EN-Alto-1,EN-Tenor-1
GTSinger_same_text_control,hubert_l6,6,257,IT-Bass-2,97,10,6,4,-0.00988344326729762,0.00011328001831167889,EN-Alto-1,IT-Bass-1
GTSinger_same_text_control,hubert_l6,6,257,IT-Soprano-1,81,3,1,2,0.010377663944734827,0.006418832558657939,EN-Alto-1,JA-Soprano-1
GTSinger_same_text_control,hubert_l6,6,257,JA-Soprano-1,103,2,1,1,0.01287886501360369,0.01134628372068236,EN-Alto-1,IT-Soprano-1
GTSinger_same_text_control,hubert_l6,6,257,KO-Soprano-1,93,3,2,1,0.011910792859770702,0.005745839641408179,EN-Alto-1,JA-Soprano-1
GTSinger_same_text_control,hubert_l6,6,257,ZH-Alto-1,95,6,1,5,0.0028551108994249175,0.008068679777147758,EN-Alto-1,ES-Soprano-1
GTSinger_same_text_control,ecapa,embedding,13,EN-Alto-1,97,1,1,0,0.5453311525333618,0.4237136072159232,JA-Soprano-1,JA-Soprano-1
GTSinger_same_text_control,ecapa,embedding,13,FR-Soprano-1,106,1,1,0,0.4515804776785224,0.4079264359577569,JA-Soprano-1,JA-Soprano-1
GTSinger_same_text_control,ecapa,embedding,13,FR-Tenor-1,100,1,1,0,0.23910246199147772,0.26935456777563743,KO-Tenor-1,KO-Tenor-1
GTSinger_same_text_control,ecapa,embedding,13,IT-Bass-1,95,1,1,0,0.32137389944337225,0.33965255773580305,FR-Tenor-1,FR-Tenor-1
GTSinger_same_text_control,ecapa,embedding,13,IT-Soprano-1,81,1,1,0,0.2900717697626908,0.2882487416996852,JA-Soprano-1,FR-Soprano-1
GTSinger_same_text_control,ecapa,embedding,13,JA-Soprano-1,103,1,1,0,0.42014546472556047,0.359244173478671,EN-Alto-1,ZH-Alto-1
GTSinger_same_text_control,ecapa,embedding,13,KO-Soprano-1,93,3,1,2,0.19549011842019387,0.21981138206284834,EN-Alto-1,EN-Alto-1
GTSinger_same_text_control,ecapa,embedding,13,KO-Tenor-1,99,1,1,0,0.41588262023858175,0.3967341868154973,IT-Soprano-1,IT-Soprano-1
GTSinger_same_text_control,ecapa,embedding,13,ZH-Alto-1,95,1,1,0,0.4506785713293856,0.3738118368454397,JA-Soprano-1,JA-Soprano-1
GTSinger_same_text_control,ecapa,embedding,13,ZH-Tenor-1,94,1,1,0,0.45904269457737407,0.38616349420895624,ZH-Alto-1,IT-Bass-1
GTSinger_same_text_control,ecapa,embedding,17,DE-Soprano-1,98,1,1,0,0.4183469771061924,0.3415458380288882,FR-Soprano-1,FR-Soprano-1
GTSinger_same_text_control,ecapa,embedding,17,DE-Tenor-1,99,1,1,0,0.5275361207613732,0.46905644470521124,IT-Bass-2,IT-Bass-2
GTSinger_same_text_control,ecapa,embedding,17,EN-Alto-1,97,1,1,0,0.5602859807873097,0.4554096302607043,DE-Soprano-1,DE-Soprano-1
GTSinger_same_text_control,ecapa,embedding,17,FR-Soprano-1,106,1,1,0,0.4510486802569323,0.41882209070783305,EN-Alto-1,EN-Alto-1
GTSinger_same_text_control,ecapa,embedding,17,IT-Bass-2,97,1,1,0,0.3196961704910142,0.30985656835392106,DE-Tenor-1,DE-Tenor-1
GTSinger_same_text_control,ecapa,embedding,17,IT-Soprano-1,81,1,1,0,0.27334599988621466,0.29948387727303816,FR-Soprano-1,FR-Soprano-1
GTSinger_same_text_control,ecapa,embedding,17,JA-Tenor-1,104,1,1,0,0.1747308274737817,0.3189741572200162,ZH-Alto-1,IT-Soprano-1
GTSinger_same_text_control,ecapa,embedding,17,KO-Soprano-2,102,1,1,0,0.4564340166553231,0.45370228444190935,ZH-Alto-1,ZH-Alto-1
GTSinger_same_text_control,ecapa,embedding,17,ZH-Alto-1,95,1,1,0,0.4467852640399484,0.39402660504069714,KO-Soprano-2,KO-Soprano-2
GTSinger_same_text_control,ecapa,embedding,17,ZH-Tenor-1,94,1,1,0,0.4455425912799995,0.3955005934753767,ZH-Alto-1,JA-Tenor-1
GTSinger_same_text_control,ecapa,embedding,19,DE-Soprano-1,98,1,1,0,0.41451550492858197,0.34001739297262806,FR-Soprano-1,FR-Soprano-1
GTSinger_same_text_control,ecapa,embedding,19,EN-Alto-2,99,1,1,0,0.46190384626259473,0.3810790228922424,FR-Soprano-1,FR-Soprano-1
GTSinger_same_text_control,ecapa,embedding,19,ES-Soprano-1,101,1,1,0,0.3984894552955479,0.3553859449856866,KO-Soprano-2,KO-Soprano-2
GTSinger_same_text_control,ecapa,embedding,19,FR-Soprano-1,106,1,1,0,0.4088520890255667,0.37865604643373885,EN-Alto-2,EN-Alto-2
GTSinger_same_text_control,ecapa,embedding,19,IT-Bass-2,97,1,1,0,0.337918840041744,0.3577409005270836,RU-Alto-1,JA-Tenor-1
GTSinger_same_text_control,ecapa,embedding,19,IT-Soprano-1,81,1,1,0,0.22346111152260406,0.24479581555986812,EN-Alto-2,FR-Soprano-1
GTSinger_same_text_control,ecapa,embedding,19,JA-Tenor-1,104,1,1,0,0.16743057744516357,0.31834892874678655,RU-Alto-1,IT-Soprano-1
GTSinger_same_text_control,ecapa,embedding,19,KO-Soprano-2,102,2,1,1,0.40733236518019167,0.3757796370502822,ES-Soprano-1,ES-Soprano-1
GTSinger_same_text_control,ecapa,embedding,19,RU-Alto-1,97,1,1,0,0.5061286901662009,0.4019124437219936,EN-Alto-2,EN-Alto-2
GTSinger_same_text_control,ecapa,embedding,19,ZH-Tenor-1,94,1,1,0,0.4476407236640747,0.4099081165984105,RU-Alto-1,JA-Tenor-1
GTSinger_same_text_control,ecapa,embedding,23,DE-Soprano-1,98,1,1,0,0.46058385698607873,0.40990241930268645,EN-Alto-1,EN-Alto-1
GTSinger_same_text_control,ecapa,embedding,23,EN-Alto-1,97,1,1,0,0.612012308167067,0.5280738179928908,DE-Soprano-1,DE-Soprano-1
GTSinger_same_text_control,ecapa,embedding,23,EN-Tenor-1,94,1,1,0,0.22630704228147325,0.3402142234472724,KO-Tenor-1,KO-Tenor-1
GTSinger_same_text_control,ecapa,embedding,23,ES-Soprano-1,101,1,1,0,0.4600636044020677,0.41553126534268486,KO-Soprano-2,KO-Soprano-2
GTSinger_same_text_control,ecapa,embedding,23,FR-Tenor-1,100,1,1,0,0.23784056176497204,0.24525152649761894,KO-Tenor-1,KO-Tenor-1
GTSinger_same_text_control,ecapa,embedding,23,IT-Bass-1,95,1,1,0,0.27339083506895623,0.26512087155859954,IT-Bass-2,EN-Tenor-1
GTSinger_same_text_control,ecapa,embedding,23,IT-Bass-2,97,1,1,0,0.3088649512397733,0.2570056035021116,IT-Bass-1,IT-Bass-1
GTSinger_same_text_control,ecapa,embedding,23,KO-Soprano-2,102,2,1,1,0.4670832208201613,0.44398426269087155,ES-Soprano-1,ES-Soprano-1
GTSinger_same_text_control,ecapa,embedding,23,KO-Tenor-1,99,1,1,0,0.42246174607512277,0.40127910487880986,RU-Alto-1,EN-Tenor-1
GTSinger_same_text_control,ecapa,embedding,23,RU-Alto-1,97,1,1,0,0.5410032167758523,0.44696776961902285,EN-Alto-1,EN-Alto-1
GTSinger_same_text_control,ecapa,embedding,29,EN-Alto-1,97,1,1,0,0.5674297982874656,0.4917195935512041,JA-Soprano-1,JA-Soprano-1
GTSinger_same_text_control,ecapa,embedding,29,ES-Soprano-1,101,1,1,0,0.37084763184501535,0.30240479654533386,KO-Soprano-2,KO-Soprano-2
GTSinger_same_text_control,ecapa,embedding,29,IT-Bass-1,95,1,1,0,0.29525769232086035,0.32590937575739876,IT-Bass-2,IT-Bass-2
GTSinger_same_text_control,ecapa,embedding,29,IT-Bass-2,97,1,1,0,0.30896621370642957,0.2990599580256584,IT-Bass-1,IT-Bass-1
GTSinger_same_text_control,ecapa,embedding,29,JA-Soprano-1,103,1,1,0,0.4235874612155247,0.3868611026851274,EN-Alto-1,ZH-Alto-1
GTSinger_same_text_control,ecapa,embedding,29,JA-Tenor-1,104,1,1,0,0.1759402369592596,0.32464684423607076,ZH-Alto-1,ZH-Alto-1
GTSinger_same_text_control,ecapa,embedding,29,KO-Soprano-2,102,2,1,1,0.37671995508912937,0.3305119280276021,ES-Soprano-1,ES-Soprano-1
GTSinger_same_text_control,ecapa,embedding,29,RU-Alto-1,97,1,1,0,0.4870293831821577,0.39977969904009647,EN-Alto-1,JA-Soprano-1
GTSinger_same_text_control,ecapa,embedding,29,ZH-Alto-1,95,1,1,0,0.3772033640515503,0.33043315888717156,ES-Soprano-1,KO-Soprano-2
GTSinger_same_text_control,ecapa,embedding,29,ZH-Tenor-1,94,1,1,0,0.4217431703170472,0.36847366175267043,ZH-Alto-1,JA-Tenor-1
GTSinger_same_text_control,ecapa,embedding,31,DE-Tenor-1,99,1,1,0,0.4739039855866536,0.3658301696644017,IT-Bass-2,IT-Bass-1
GTSinger_same_text_control,ecapa,embedding,31,EN-Alto-2,99,1,1,0,0.5062470547844992,0.4174241453999747,JA-Soprano-1,JA-Soprano-1
GTSinger_same_text_control,ecapa,embedding,31,ES-Bass-1,99,1,1,0,0.43633241508780335,0.3523065546884816,JA-Soprano-1,JA-Tenor-1
GTSinger_same_text_control,ecapa,embedding,31,FR-Tenor-1,100,1,1,0,0.2696524046431745,0.2662338900437167,IT-Bass-1,IT-Bass-1
GTSinger_same_text_control,ecapa,embedding,31,IT-Bass-1,95,1,1,0,0.2820918518875287,0.2683013693631622,IT-Bass-2,FR-Tenor-1
GTSinger_same_text_control,ecapa,embedding,31,IT-Bass-2,97,1,1,0,0.2967618768076762,0.2244056633528526,DE-Tenor-1,IT-Bass-1
GTSinger_same_text_control,ecapa,embedding,31,JA-Soprano-1,103,1,1,0,0.46261483914270374,0.42093610368997914,EN-Alto-2,ZH-Alto-1
GTSinger_same_text_control,ecapa,embedding,31,JA-Tenor-1,104,1,1,0,0.20439728964105763,0.3281089656886208,ZH-Alto-1,ZH-Alto-1
GTSinger_same_text_control,ecapa,embedding,31,KO-Soprano-1,93,3,1,2,0.21462496779438445,0.2785708333836574,EN-Alto-2,JA-Soprano-1
GTSinger_same_text_control,ecapa,embedding,31,ZH-Alto-1,95,1,1,0,0.48053009046094025,0.4385014799940561,JA-Soprano-1,JA-Soprano-1
GTSinger_same_text_control,ecapa,embedding,37,EN-Alto-1,97,1,1,0,0.6006697517027618,0.5097007951116882,JA-Soprano-1,JA-Soprano-1
GTSinger_same_text_control,ecapa,embedding,37,EN-Tenor-1,94,1,1,0,0.22683803241172845,0.2976629430419619,JA-Tenor-1,JA-Tenor-1
GTSinger_same_text_control,ecapa,embedding,37,ES-Bass-1,99,1,1,0,0.4309282674053344,0.32857183046561417,ZH-Tenor-1,IT-Bass-1
GTSinger_same_text_control,ecapa,embedding,37,ES-Soprano-1,101,1,1,0,0.4414098557084517,0.37678983380582115,KO-Soprano-2,KO-Soprano-2
GTSinger_same_text_control,ecapa,embedding,37,IT-Bass-1,95,1,1,0,0.31803559658907316,0.33796117692859,EN-Tenor-1,EN-Tenor-1
GTSinger_same_text_control,ecapa,embedding,37,IT-Soprano-1,81,1,1,0,0.2819684785080585,0.32143226834852556,JA-Soprano-1,JA-Soprano-1
GTSinger_same_text_control,ecapa,embedding,37,JA-Soprano-1,103,1,1,0,0.4853627147876649,0.44902476744705866,EN-Alto-1,EN-Alto-1
GTSinger_same_text_control,ecapa,embedding,37,JA-Tenor-1,104,1,1,0,0.15911996511809018,0.25029220479675923,EN-Tenor-1,EN-Tenor-1
GTSinger_same_text_control,ecapa,embedding,37,KO-Soprano-2,102,2,1,1,0.4409665125189598,0.3949654800388756,ES-Soprano-1,ES-Soprano-1
GTSinger_same_text_control,ecapa,embedding,37,ZH-Tenor-1,94,1,1,0,0.42658679028340146,0.3460430146841028,ES-Bass-1,ES-Bass-1
GTSinger_same_text_control,ecapa,embedding,41,EN-Alto-2,99,1,1,0,0.4626061978016146,0.38266008130275714,FR-Soprano-1,FR-Soprano-1
GTSinger_same_text_control,ecapa,embedding,41,EN-Tenor-1,94,1,1,0,0.20638114127643853,0.2858539498211083,JA-Tenor-1,JA-Tenor-1
GTSinger_same_text_control,ecapa,embedding,41,ES-Soprano-1,101,1,1,0,0.4184230705844578,0.36458392813562557,ZH-Alto-1,ZH-Alto-1
GTSinger_same_text_control,ecapa,embedding,41,FR-Soprano-1,106,1,1,0,0.4507472230565747,0.4073441766855337,EN-Alto-2,EN-Alto-2
GTSinger_same_text_control,ecapa,embedding,41,IT-Bass-2,97,1,1,0,0.34066185404638977,0.3441014738062584,RU-Alto-1,KO-Tenor-1
GTSinger_same_text_control,ecapa,embedding,41,JA-Tenor-1,104,1,1,0,0.1325739463670966,0.21933722918285897,EN-Tenor-1,EN-Tenor-1
GTSinger_same_text_control,ecapa,embedding,41,KO-Soprano-1,93,2,1,1,0.1970565981079449,0.22394743756577667,EN-Alto-2,EN-Alto-2
GTSinger_same_text_control,ecapa,embedding,41,KO-Tenor-1,99,1,1,0,0.42958213708825665,0.4251492189865648,RU-Alto-1,EN-Tenor-1
GTSinger_same_text_control,ecapa,embedding,41,RU-Alto-1,97,1,1,0,0.5108541673990995,0.4067190779603112,EN-Alto-2,EN-Alto-2
GTSinger_same_text_control,ecapa,embedding,41,ZH-Alto-1,95,1,1,0,0.4303793148942284,0.36819316953964765,ES-Soprano-1,ES-Soprano-1
GTSinger_same_text_control,ecapa,embedding,43,DE-Soprano-1,98,1,1,0,0.48044845368945077,0.39081223402150195,EN-Alto-2,EN-Tenor-1
GTSinger_same_text_control,ecapa,embedding,43,DE-Tenor-1,99,1,1,0,0.5387104242070995,0.468181324950321,IT-Bass-1,IT-Bass-1
GTSinger_same_text_control,ecapa,embedding,43,EN-Alto-2,99,1,1,0,0.5215906950048499,0.4223732415409336,DE-Soprano-1,KO-Soprano-1
GTSinger_same_text_control,ecapa,embedding,43,EN-Tenor-1,94,1,1,0,0.23098765706213772,0.3323824130420549,KO-Tenor-1,KO-Tenor-1
GTSinger_same_text_control,ecapa,embedding,43,ES-Bass-1,99,1,1,0,0.44660752501644324,0.3478173580848078,KO-Tenor-1,IT-Bass-1
GTSinger_same_text_control,ecapa,embedding,43,IT-Bass-1,95,1,1,0,0.31335069465233745,0.3332325921609029,DE-Tenor-1,EN-Tenor-1
GTSinger_same_text_control,ecapa,embedding,43,IT-Soprano-1,81,1,1,0,0.28880114373978916,0.28285627197709173,EN-Alto-2,KO-Soprano-2
GTSinger_same_text_control,ecapa,embedding,43,KO-Soprano-1,93,2,1,1,0.2530340412249924,0.2770470881563934,EN-Alto-2,EN-Alto-2
GTSinger_same_text_control,ecapa,embedding,43,KO-Soprano-2,102,1,1,0,0.5288678253127479,0.5229467063990381,EN-Alto-2,EN-Alto-2
GTSinger_same_text_control,ecapa,embedding,43,KO-Tenor-1,99,1,1,0,0.3972660765768287,0.3734500822213045,IT-Soprano-1,EN-Tenor-1
GTSinger_same_text_control,ecapa,embedding,47,DE-Tenor-1,99,1,1,0,0.4985953371245707,0.3933987336992797,IT-Bass-2,IT-Bass-2
GTSinger_same_text_control,ecapa,embedding,47,EN-Tenor-1,94,1,1,0,0.21689040561764458,0.25465342723746154,JA-Tenor-1,JA-Tenor-1
GTSinger_same_text_control,ecapa,embedding,47,FR-Soprano-1,106,1,1,0,0.5507116592909025,0.5029728883762979,KO-Soprano-2,KO-Soprano-2
GTSinger_same_text_control,ecapa,embedding,47,IT-Bass-1,95,1,1,0,0.3034932662580718,0.26048190800339727,IT-Bass-2,EN-Tenor-1
GTSinger_same_text_control,ecapa,embedding,47,IT-Bass-2,97,1,1,0,0.309351648561875,0.23692097535016915,DE-Tenor-1,IT-Bass-1
GTSinger_same_text_control,ecapa,embedding,47,IT-Soprano-1,81,1,1,0,0.31514630195794446,0.334330611042541,FR-Soprano-1,FR-Soprano-1
GTSinger_same_text_control,ecapa,embedding,47,JA-Tenor-1,104,1,1,0,0.16728204238841737,0.2166594642103767,EN-Tenor-1,EN-Tenor-1
GTSinger_same_text_control,ecapa,embedding,47,KO-Soprano-1,93,1,1,0,0.2944637960045231,0.333499507403364,FR-Soprano-1,FR-Soprano-1
GTSinger_same_text_control,ecapa,embedding,47,KO-Soprano-2,102,1,1,0,0.5166942421063836,0.4883738823999693,FR-Soprano-1,FR-Soprano-1
GTSinger_same_text_control,ecapa,embedding,47,KO-Tenor-1,99,1,1,0,0.40156619559629814,0.3469725301568602,IT-Soprano-1,IT-Soprano-1
GTSinger_same_text_control,ecapa,embedding,53,DE-Tenor-1,99,1,1,0,0.546297627824147,0.4739915023524716,FR-Tenor-1,FR-Tenor-1
GTSinger_same_text_control,ecapa,embedding,53,EN-Alto-1,97,1,1,0,0.5878346093571942,0.4899643638058898,RU-Alto-1,KO-Soprano-1
GTSinger_same_text_control,ecapa,embedding,53,ES-Bass-1,99,1,1,0,0.4654588640845877,0.4064744230330856,EN-Alto-1,JA-Tenor-1
GTSinger_same_text_control,ecapa,embedding,53,ES-Soprano-1,101,1,1,0,0.45709252321004035,0.41691893424772586,ZH-Alto-1,ZH-Alto-1
GTSinger_same_text_control,ecapa,embedding,53,FR-Tenor-1,100,1,1,0,0.27509024371831214,0.30596047435971696,IT-Soprano-1,JA-Tenor-1
GTSinger_same_text_control,ecapa,embedding,53,IT-Soprano-1,81,1,1,0,0.308782708952421,0.31199303055277533,ES-Soprano-1,JA-Tenor-1
GTSinger_same_text_control,ecapa,embedding,53,JA-Tenor-1,104,1,1,0,0.15591946562501235,0.2800867908130287,ZH-Alto-1,IT-Soprano-1
GTSinger_same_text_control,ecapa,embedding,53,KO-Soprano-1,93,2,1,1,0.22813629988064768,0.25535073945217346,EN-Alto-1,EN-Alto-1
GTSinger_same_text_control,ecapa,embedding,53,RU-Alto-1,97,1,1,0,0.5147278629037679,0.37721061223831276,EN-Alto-1,EN-Alto-1
GTSinger_same_text_control,ecapa,embedding,53,ZH-Alto-1,95,1,1,0,0.4434365181549549,0.3838122163257132,ES-Soprano-1,ES-Soprano-1
GTSinger_same_text_control,ecapa,embedding,59,DE-Soprano-1,98,1,1,0,0.4305285834039242,0.35525238164560957,FR-Soprano-1,FR-Soprano-1
GTSinger_same_text_control,ecapa,embedding,59,DE-Tenor-1,99,1,1,0,0.5488370250078796,0.5124987345807128,FR-Tenor-1,FR-Tenor-1
GTSinger_same_text_control,ecapa,embedding,59,EN-Alto-2,99,1,1,0,0.43627372861879965,0.33894064195910467,FR-Soprano-1,FR-Soprano-1
GTSinger_same_text_control,ecapa,embedding,59,FR-Soprano-1,106,1,1,0,0.4189587505877653,0.38083102052182055,EN-Alto-2,EN-Alto-2
GTSinger_same_text_control,ecapa,embedding,59,FR-Tenor-1,100,1,1,0,0.2894354830411872,0.35192238818012866,RU-Alto-1,JA-Tenor-1
GTSinger_same_text_control,ecapa,embedding,59,JA-Tenor-1,104,1,1,0,0.164758657046648,0.31186866974972843,ZH-Alto-1,ZH-Alto-1
GTSinger_same_text_control,ecapa,embedding,59,KO-Soprano-1,93,2,1,1,0.17518185821076077,0.17954294309001656,EN-Alto-2,EN-Alto-2
GTSinger_same_text_control,ecapa,embedding,59,KO-Soprano-2,102,1,1,0,0.4256099283169986,0.39702854749757255,ZH-Alto-1,ZH-Alto-1
GTSinger_same_text_control,ecapa,embedding,59,RU-Alto-1,97,1,1,0,0.4850038981181777,0.38697570703741807,EN-Alto-2,EN-Alto-2
GTSinger_same_text_control,ecapa,embedding,59,ZH-Alto-1,95,1,1,0,0.42336829676052606,0.36397048117116493,KO-Soprano-2,KO-Soprano-2
GTSinger_same_text_control,ecapa,embedding,61,DE-Soprano-1,98,1,1,0,0.4900706537885795,0.4166685998149482,ES-Soprano-1,EN-Tenor-1
GTSinger_same_text_control,ecapa,embedding,61,DE-Tenor-1,99,1,1,0,0.5398489061157026,0.47318766654949723,FR-Tenor-1,FR-Tenor-1
GTSinger_same_text_control,ecapa,embedding,61,EN-Tenor-1,94,1,1,0,0.21004450879287728,0.25385932491936636,JA-Tenor-1,JA-Tenor-1
GTSinger_same_text_control,ecapa,embedding,61,ES-Bass-1,99,1,1,0,0.4626474898871752,0.36404913233613767,KO-Tenor-1,KO-Tenor-1
GTSinger_same_text_control,ecapa,embedding,61,ES-Soprano-1,101,1,1,0,0.48416592626227195,0.4281915158638963,KO-Soprano-2,KO-Soprano-2
GTSinger_same_text_control,ecapa,embedding,61,FR-Tenor-1,100,1,1,0,0.262581653228325,0.2714778452540204,KO-Tenor-1,KO-Tenor-1
GTSinger_same_text_control,ecapa,embedding,61,JA-Tenor-1,104,1,1,0,0.14466433490383002,0.2069672063274588,EN-Tenor-1,EN-Tenor-1
GTSinger_same_text_control,ecapa,embedding,61,KO-Soprano-1,93,1,1,0,0.27755633912734046,0.31163356477568394,DE-Soprano-1,DE-Soprano-1
GTSinger_same_text_control,ecapa,embedding,61,KO-Soprano-2,102,2,1,1,0.48419647247297415,0.4385142380577822,ES-Soprano-1,ES-Soprano-1
GTSinger_same_text_control,ecapa,embedding,61,KO-Tenor-1,99,1,1,0,0.41927335144116396,0.39632106438353787,ES-Bass-1,JA-Tenor-1
GTSinger_same_text_control,ecapa,embedding,67,DE-Soprano-1,98,1,1,0,0.4941526348572637,0.40189170268379376,RU-Alto-1,EN-Tenor-1
GTSinger_same_text_control,ecapa,embedding,67,DE-Tenor-1,99,1,1,0,0.5043398284478178,0.4021555975618165,IT-Bass-1,IT-Bass-1
GTSinger_same_text_control,ecapa,embedding,67,EN-Tenor-1,94,1,1,0,0.21665293882825257,0.30518240368431937,KO-Tenor-1,KO-Tenor-1
GTSinger_same_text_control,ecapa,embedding,67,FR-Tenor-1,100,1,1,0,0.23018836800931997,0.22653850105832873,KO-Tenor-1,KO-Tenor-1
GTSinger_same_text_control,ecapa,embedding,67,IT-Bass-1,95,1,1,0,0.2836167551246218,0.2789967813008533,FR-Tenor-1,FR-Tenor-1
GTSinger_same_text_control,ecapa,embedding,67,IT-Soprano-1,81,1,1,0,0.3173488010267198,0.31391517960385007,DE-Soprano-1,KO-Soprano-2
GTSinger_same_text_control,ecapa,embedding,67,KO-Soprano-1,93,1,1,0,0.27254530612018113,0.29485577431703486,DE-Soprano-1,RU-Alto-1
GTSinger_same_text_control,ecapa,embedding,67,KO-Soprano-2,102,1,1,0,0.5324717727088244,0.521581987388464,RU-Alto-1,EN-Tenor-1
GTSinger_same_text_control,ecapa,embedding,67,KO-Tenor-1,99,1,1,0,0.38837572483628546,0.3465443054274123,IT-Soprano-1,EN-Tenor-1
GTSinger_same_text_control,ecapa,embedding,67,RU-Alto-1,97,1,1,0,0.5616232557903399,0.4303127079212231,DE-Soprano-1,KO-Soprano-1
GTSinger_same_text_control,ecapa,embedding,71,DE-Soprano-1,98,1,1,0,0.4555596562108282,0.3773093964484094,EN-Alto-2,EN-Tenor-1
GTSinger_same_text_control,ecapa,embedding,71,EN-Alto-2,99,1,1,0,0.4658796013554728,0.3729058045397753,DE-Soprano-1,KO-Soprano-1
GTSinger_same_text_control,ecapa,embedding,71,EN-Tenor-1,94,1,1,0,0.18893603472771356,0.2869309524349064,JA-Tenor-1,JA-Tenor-1
GTSinger_same_text_control,ecapa,embedding,71,ES-Soprano-1,101,1,1,0,0.44969709606695973,0.42477852426223245,ZH-Alto-1,ZH-Alto-1
GTSinger_same_text_control,ecapa,embedding,71,IT-Soprano-1,81,1,1,0,0.23596387668562846,0.22634689289776067,EN-Alto-2,EN-Alto-2
GTSinger_same_text_control,ecapa,embedding,71,JA-Tenor-1,104,1,1,0,0.09935142299503821,0.20173647448756254,EN-Tenor-1,EN-Tenor-1
GTSinger_same_text_control,ecapa,embedding,71,KO-Soprano-1,93,2,1,1,0.2121176835462359,0.21364033517481695,EN-Alto-2,EN-Alto-2
GTSinger_same_text_control,ecapa,embedding,71,KO-Tenor-1,99,1,1,0,0.40822606370806,0.42285168816649643,IT-Soprano-1,EN-Tenor-1
GTSinger_same_text_control,ecapa,embedding,71,RU-Alto-1,97,1,1,0,0.4969255829022302,0.37639661075345804,EN-Alto-2,EN-Alto-2
GTSinger_same_text_control,ecapa,embedding,71,ZH-Alto-1,95,1,1,0,0.43934021568937487,0.3841202489099606,ES-Soprano-1,ES-Soprano-1
GTSinger_same_text_control,ecapa,embedding,73,DE-Tenor-1,99,1,1,0,0.4722749827447501,0.3544498365736122,IT-Bass-2,IT-Bass-2
GTSinger_same_text_control,ecapa,embedding,73,EN-Alto-2,99,1,1,0,0.5401290931723937,0.45431719740187115,JA-Soprano-1,JA-Soprano-1
GTSinger_same_text_control,ecapa,embedding,73,ES-Soprano-1,101,1,1,0,0.470742264085488,0.43871303646195176,JA-Soprano-1,JA-Soprano-1
GTSinger_same_text_control,ecapa,embedding,73,FR-Tenor-1,100,1,1,0,0.2498811928777612,0.23424229701964133,IT-Bass-1,IT-Soprano-1
GTSinger_same_text_control,ecapa,embedding,73,IT-Bass-1,95,1,1,0,0.2785321055450867,0.25112814245399484,IT-Bass-2,FR-Tenor-1
GTSinger_same_text_control,ecapa,embedding,73,IT-Bass-2,97,1,1,0,0.2996254505848494,0.2213862162296587,DE-Tenor-1,IT-Bass-1
GTSinger_same_text_control,ecapa,embedding,73,IT-Soprano-1,81,1,1,0,0.31296528731309436,0.3624639433467076,EN-Alto-2,EN-Alto-2
GTSinger_same_text_control,ecapa,embedding,73,JA-Soprano-1,103,1,1,0,0.5038001490890938,0.46716291701878326,EN-Alto-2,EN-Alto-2
GTSinger_same_text_control,ecapa,embedding,73,JA-Tenor-1,104,1,1,0,0.20173342251370552,0.32815536159466674,IT-Soprano-1,IT-Soprano-1
GTSinger_same_text_control,ecapa,embedding,73,ZH-Tenor-1,94,1,1,0,0.4616920477597476,0.38966318201235084,JA-Soprano-1,JA-Tenor-1
GTSinger_same_text_control,ecapa,embedding,79,EN-Alto-1,97,1,1,0,0.5209117178545948,0.43147957632366735,EN-Alto-2,EN-Alto-2
GTSinger_same_text_control,ecapa,embedding,79,EN-Alto-2,99,1,1,0,0.44385711073591416,0.3571924466311065,JA-Soprano-1,JA-Soprano-1
GTSinger_same_text_control,ecapa,embedding,79,ES-Bass-1,99,1,1,0,0.40731169078412277,0.34866388263539283,KO-Tenor-1,KO-Tenor-1
GTSinger_same_text_control,ecapa,embedding,79,ES-Soprano-1,101,1,1,0,0.4091722436404706,0.3794907710573777,ZH-Alto-1,ZH-Alto-1
GTSinger_same_text_control,ecapa,embedding,79,IT-Bass-1,95,1,1,0,0.2845742319860758,0.32650358973831417,IT-Bass-2,IT-Bass-2
GTSinger_same_text_control,ecapa,embedding,79,IT-Bass-2,97,1,1,0,0.2923731395595437,0.2792019295772817,IT-Bass-1,IT-Bass-1
GTSinger_same_text_control,ecapa,embedding,79,JA-Soprano-1,103,1,1,0,0.39030651872837563,0.3644570168294743,EN-Alto-2,ZH-Alto-1
GTSinger_same_text_control,ecapa,embedding,79,KO-Tenor-1,99,1,1,0,0.42062108551093363,0.4349942108566013,ES-Bass-1,IT-Bass-1
GTSinger_same_text_control,ecapa,embedding,79,RU-Alto-1,97,1,1,0,0.44554414318741015,0.34417243297220956,EN-Alto-2,JA-Soprano-1
GTSinger_same_text_control,ecapa,embedding,79,ZH-Alto-1,95,1,1,0,0.41460154069431987,0.38292246318441314,ES-Soprano-1,ES-Soprano-1
GTSinger_same_text_control,ecapa,embedding,83,DE-Soprano-1,98,1,1,0,0.40953947996069534,0.3448904415279479,JA-Soprano-1,JA-Soprano-1
GTSinger_same_text_control,ecapa,embedding,83,EN-Alto-2,99,1,1,0,0.4345744054570745,0.3321274096171793,JA-Soprano-1,JA-Soprano-1
GTSinger_same_text_control,ecapa,embedding,83,ES-Bass-1,99,1,1,0,0.40707944402574847,0.3675765191352361,ZH-Tenor-1,KO-Tenor-1
GTSinger_same_text_control,ecapa,embedding,83,IT-Soprano-1,81,1,1,0,0.22922760432495848,0.25919759103399703,EN-Alto-2,KO-Soprano-2
GTSinger_same_text_control,ecapa,embedding,83,JA-Soprano-1,103,1,1,0,0.3851105505142239,0.35446826835631806,EN-Alto-2,ZH-Alto-1
GTSinger_same_text_control,ecapa,embedding,83,KO-Soprano-2,102,1,1,0,0.4364229440478815,0.4526276882460085,ZH-Alto-1,ZH-Alto-1
GTSinger_same_text_control,ecapa,embedding,83,KO-Tenor-1,99,1,1,0,0.4162077082977766,0.45443227280385357,IT-Soprano-1,IT-Soprano-1
GTSinger_same_text_control,ecapa,embedding,83,RU-Alto-1,97,1,1,0,0.45379093138488147,0.33333698321786204,EN-Alto-2,JA-Soprano-1
GTSinger_same_text_control,ecapa,embedding,83,ZH-Alto-1,95,1,1,0,0.4128850215898013,0.3736616189058801,KO-Soprano-2,KO-Soprano-2
GTSinger_same_text_control,ecapa,embedding,83,ZH-Tenor-1,94,1,1,0,0.4082886304653386,0.372641497664791,ES-Bass-1,ES-Bass-1
GTSinger_same_text_control,ecapa,embedding,89,DE-Soprano-1,98,1,1,0,0.44954659219580984,0.3887304222847329,EN-Alto-1,EN-Alto-1
GTSinger_same_text_control,ecapa,embedding,89,DE-Tenor-1,99,1,1,0,0.5052382030667523,0.42945031679276413,IT-Bass-2,IT-Bass-2
GTSinger_same_text_control,ecapa,embedding,89,EN-Alto-1,97,1,1,0,0.5868171852066246,0.48420176091618533,DE-Soprano-1,DE-Soprano-1
GTSinger_same_text_control,ecapa,embedding,89,ES-Bass-1,99,1,1,0,0.4543129090067548,0.39559562612961185,EN-Alto-1,FR-Tenor-1
GTSinger_same_text_control,ecapa,embedding,89,ES-Soprano-1,101,1,1,0,0.44693074755678364,0.42554190195266783,KO-Soprano-2,KO-Soprano-2
GTSinger_same_text_control,ecapa,embedding,89,FR-Tenor-1,100,1,1,0,0.2636824746696548,0.2946552662338461,IT-Soprano-1,IT-Soprano-1
GTSinger_same_text_control,ecapa,embedding,89,IT-Bass-2,97,1,1,0,0.3018603078390356,0.2791611432672601,DE-Tenor-1,DE-Tenor-1
GTSinger_same_text_control,ecapa,embedding,89,IT-Soprano-1,81,1,1,0,0.3018018582924167,0.3464226161760682,DE-Soprano-1,KO-Soprano-2
GTSinger_same_text_control,ecapa,embedding,89,KO-Soprano-2,102,2,1,1,0.459739449531853,0.4601717848213006,ES-Soprano-1,ES-Soprano-1
GTSinger_same_text_control,ecapa,embedding,89,RU-Alto-1,97,1,1,0,0.5250043744255083,0.4143125691638836,EN-Alto-1,EN-Alto-1
GTSinger_same_text_control,ecapa,embedding,97,DE-Soprano-1,98,1,1,0,0.47064004574747537,0.40029157553501,RU-Alto-1,ZH-Tenor-1
GTSinger_same_text_control,ecapa,embedding,97,DE-Tenor-1,99,1,1,0,0.48455273571640733,0.39317784139485173,IT-Bass-1,IT-Bass-1
GTSinger_same_text_control,ecapa,embedding,97,EN-Tenor-1,94,1,1,0,0.19791507593374733,0.26421935701147525,JA-Tenor-1,JA-Tenor-1
GTSinger_same_text_control,ecapa,embedding,97,ES-Soprano-1,101,1,1,0,0.4706383287070352,0.4357392204189491,ZH-Alto-1,ZH-Alto-1
GTSinger_same_text_control,ecapa,embedding,97,FR-Tenor-1,100,1,1,0,0.24862552487300477,0.2532141556869828,IT-Bass-1,IT-Bass-1
GTSinger_same_text_control,ecapa,embedding,97,IT-Bass-1,95,1,1,0,0.2794080785910086,0.26576451593824657,FR-Tenor-1,FR-Tenor-1
GTSinger_same_text_control,ecapa,embedding,97,JA-Tenor-1,104,1,1,0,0.15152942049257956,0.2348995429028469,EN-Tenor-1,EN-Tenor-1
GTSinger_same_text_control,ecapa,embedding,97,RU-Alto-1,97,1,1,0,0.5592865899198914,0.4580587850700169,ZH-Alto-1,ZH-Alto-1
GTSinger_same_text_control,ecapa,embedding,97,ZH-Alto-1,95,1,1,0,0.4640464177068163,0.4046102871237972,ES-Soprano-1,ES-Soprano-1
GTSinger_same_text_control,ecapa,embedding,97,ZH-Tenor-1,94,1,1,0,0.4324698492318324,0.35429568694294133,ZH-Alto-1,JA-Tenor-1
GTSinger_same_text_control,ecapa,embedding,101,EN-Tenor-1,94,1,1,0,0.23595153047349915,0.30960785618841563,KO-Tenor-1,KO-Tenor-1
GTSinger_same_text_control,ecapa,embedding,101,ES-Bass-1,99,1,1,0,0.44375169484610805,0.3379874500546412,ZH-Tenor-1,ZH-Tenor-1
GTSinger_same_text_control,ecapa,embedding,101,ES-Soprano-1,101,1,1,0,0.4439984669245578,0.3686115282502716,KO-Soprano-2,KO-Soprano-2
GTSinger_same_text_control,ecapa,embedding,101,FR-Tenor-1,100,1,1,0,0.2501311440548947,0.26673658132104194,KO-Tenor-1,KO-Tenor-1
GTSinger_same_text_control,ecapa,embedding,101,IT-Bass-2,97,1,1,0,0.34685867084179395,0.31018010099585014,ZH-Alto-1,KO-Tenor-1
GTSinger_same_text_control,ecapa,embedding,101,KO-Soprano-1,93,1,1,0,0.27154608175435274,0.3265674911484855,ZH-Alto-1,ZH-Alto-1
GTSinger_same_text_control,ecapa,embedding,101,KO-Soprano-2,102,2,1,1,0.44511371354886,0.38746495767312517,ES-Soprano-1,ES-Soprano-1
GTSinger_same_text_control,ecapa,embedding,101,KO-Tenor-1,99,1,1,0,0.4426602216454719,0.41181749065346707,ES-Bass-1,EN-Tenor-1
GTSinger_same_text_control,ecapa,embedding,101,ZH-Alto-1,95,1,1,0,0.43938650745214664,0.3739992053254855,ES-Soprano-1,KO-Soprano-2
GTSinger_same_text_control,ecapa,embedding,101,ZH-Tenor-1,94,1,1,0,0.4389076936538382,0.35913269421152383,ES-Bass-1,ES-Bass-1
GTSinger_same_text_control,ecapa,embedding,103,DE-Tenor-1,99,1,1,0,0.5750380407423754,0.5257236028687322,KO-Tenor-1,KO-Tenor-1
GTSinger_same_text_control,ecapa,embedding,103,EN-Alto-1,97,1,1,0,0.5556995227443338,0.45781303986521477,FR-Soprano-1,FR-Soprano-1
GTSinger_same_text_control,ecapa,embedding,103,ES-Bass-1,99,1,1,0,0.44929363775869546,0.3888893033393534,KO-Tenor-1,KO-Tenor-1
GTSinger_same_text_control,ecapa,embedding,103,ES-Soprano-1,101,1,1,0,0.4255866852845813,0.36383297751252375,KO-Soprano-2,KO-Soprano-2
GTSinger_same_text_control,ecapa,embedding,103,FR-Soprano-1,106,1,1,0,0.44298170884539056,0.4144123257322676,EN-Alto-1,EN-Alto-1
GTSinger_same_text_control,ecapa,embedding,103,IT-Soprano-1,81,1,1,0,0.27072900574227454,0.27583030497261835,FR-Soprano-1,FR-Soprano-1
GTSinger_same_text_control,ecapa,embedding,103,KO-Soprano-1,93,2,1,1,0.2075217415930559,0.2353171797261327,EN-Alto-1,EN-Alto-1
GTSinger_same_text_control,ecapa,embedding,103,KO-Soprano-2,102,2,1,1,0.4402086852373621,0.40150333529154286,ES-Soprano-1,ES-Soprano-1
GTSinger_same_text_control,ecapa,embedding,103,KO-Tenor-1,99,1,1,0,0.4254032064171076,0.42735831891380194,IT-Soprano-1,IT-Soprano-1
GTSinger_same_text_control,ecapa,embedding,103,RU-Alto-1,97,1,1,0,0.5080754009572884,0.3747710030276665,EN-Alto-1,EN-Alto-1
GTSinger_same_text_control,ecapa,embedding,107,DE-Soprano-1,98,1,1,0,0.45401830149790645,0.38330147089122185,JA-Soprano-1,JA-Soprano-1
GTSinger_same_text_control,ecapa,embedding,107,DE-Tenor-1,99,1,1,0,0.5369066760890326,0.4678847521426018,FR-Tenor-1,FR-Tenor-1
GTSinger_same_text_control,ecapa,embedding,107,EN-Alto-2,99,1,1,0,0.4631634868320002,0.3494187953110515,JA-Soprano-1,JA-Soprano-1
GTSinger_same_text_control,ecapa,embedding,107,ES-Bass-1,99,1,1,0,0.43321235675117575,0.3720964775754735,KO-Tenor-1,KO-Tenor-1
GTSinger_same_text_control,ecapa,embedding,107,FR-Tenor-1,100,1,1,0,0.26287637498449556,0.29272736873824967,KO-Tenor-1,KO-Tenor-1
GTSinger_same_text_control,ecapa,embedding,107,JA-Soprano-1,103,1,1,0,0.4210527914832003,0.3703280883066164,EN-Alto-2,ZH-Alto-1
GTSinger_same_text_control,ecapa,embedding,107,JA-Tenor-1,104,1,1,0,0.15721219856013524,0.2826022843181101,KO-Tenor-1,KO-Tenor-1
GTSinger_same_text_control,ecapa,embedding,107,KO-Soprano-1,93,3,1,2,0.18912774222221734,0.21520202877301653,EN-Alto-2,JA-Soprano-1
GTSinger_same_text_control,ecapa,embedding,107,KO-Tenor-1,99,1,1,0,0.40714943663492476,0.41003221499375914,ES-Bass-1,JA-Tenor-1
GTSinger_same_text_control,ecapa,embedding,107,ZH-Alto-1,95,1,1,0,0.473013056211964,0.42782546353463813,JA-Soprano-1,JA-Soprano-1
GTSinger_same_text_control,ecapa,embedding,109,EN-Alto-1,97,1,1,0,0.5687694055587981,0.48875333135283455,FR-Soprano-1,FR-Soprano-1
GTSinger_same_text_control,ecapa,embedding,109,ES-Bass-1,99,1,1,0,0.4334549467799541,0.37047216435507585,KO-Tenor-1,KO-Tenor-1
GTSinger_same_text_control,ecapa,embedding,109,ES-Soprano-1,101,1,1,0,0.39265868845436247,0.3330480240553551,KO-Soprano-2,KO-Soprano-2
GTSinger_same_text_control,ecapa,embedding,109,FR-Soprano-1,106,1,1,0,0.43532475904624474,0.4021546833694849,EN-Alto-1,EN-Alto-1
GTSinger_same_text_control,ecapa,embedding,109,FR-Tenor-1,100,1,1,0,0.2628325336242836,0.31945270080705523,KO-Tenor-1,KO-Tenor-1
GTSinger_same_text_control,ecapa,embedding,109,JA-Tenor-1,104,1,1,0,0.1530876677005258,0.2781508732060083,KO-Tenor-1,KO-Tenor-1
GTSinger_same_text_control,ecapa,embedding,109,KO-Soprano-2,102,2,1,1,0.4032807744966995,0.35719250940261343,ES-Soprano-1,ES-Soprano-1
GTSinger_same_text_control,ecapa,embedding,109,KO-Tenor-1,99,1,1,0,0.4329018517732781,0.43344938212946293,ES-Bass-1,JA-Tenor-1
GTSinger_same_text_control,ecapa,embedding,109,RU-Alto-1,97,1,1,0,0.5205127133832845,0.41564636469819793,EN-Alto-1,EN-Alto-1
GTSinger_same_text_control,ecapa,embedding,109,ZH-Alto-1,95,1,1,0,0.3983954271210601,0.3457215296153011,ES-Soprano-1,ES-Soprano-1
GTSinger_same_text_control,ecapa,embedding,113,EN-Alto-1,97,1,1,0,0.6340758573463113,0.5338912166899223,ZH-Alto-1,KO-Soprano-1
GTSinger_same_text_control,ecapa,embedding,113,EN-Tenor-1,94,1,1,0,0.20977805290057885,0.2361860859015254,JA-Tenor-1,JA-Tenor-1
GTSinger_same_text_control,ecapa,embedding,113,ES-Bass-1,99,1,1,0,0.45452286491010624,0.34036408657893125,KO-Tenor-1,KO-Tenor-1
GTSinger_same_text_control,ecapa,embedding,113,FR-Tenor-1,100,1,1,0,0.24247795813818357,0.2312359920984547,KO-Tenor-1,KO-Tenor-1
GTSinger_same_text_control,ecapa,embedding,113,IT-Bass-1,95,1,1,0,0.3018180926512295,0.2740748622103934,FR-Tenor-1,FR-Tenor-1
GTSinger_same_text_control,ecapa,embedding,113,IT-Soprano-1,81,1,1,0,0.3360691740519904,0.34314791613071,ZH-Alto-1,KO-Soprano-1
GTSinger_same_text_control,ecapa,embedding,113,JA-Tenor-1,104,1,1,0,0.14301221535095301,0.19090192036600334,EN-Tenor-1,EN-Tenor-1
GTSinger_same_text_control,ecapa,embedding,113,KO-Soprano-1,93,2,1,1,0.27437213571026664,0.31285023248728583,EN-Alto-1,EN-Alto-1
GTSinger_same_text_control,ecapa,embedding,113,KO-Tenor-1,99,1,1,0,0.37929878533480643,0.3234389750824067,IT-Soprano-1,IT-Soprano-1
GTSinger_same_text_control,ecapa,embedding,113,ZH-Alto-1,95,1,1,0,0.5072081953418381,0.44080495992679497,EN-Alto-1,KO-Soprano-1
GTSinger_same_text_control,ecapa,embedding,127,DE-Soprano-1,98,1,1,0,0.4464198184710836,0.3718708105125656,EN-Alto-1,EN-Alto-1
GTSinger_same_text_control,ecapa,embedding,127,EN-Alto-1,97,1,1,0,0.5521024894862882,0.46247538775253105,JA-Soprano-1,JA-Soprano-1
GTSinger_same_text_control,ecapa,embedding,127,IT-Bass-1,95,1,1,0,0.2973846087919929,0.3073228809207249,IT-Bass-2,IT-Bass-2
GTSinger_same_text_control,ecapa,embedding,127,IT-Bass-2,97,1,1,0,0.30582842389085396,0.2758033261322582,IT-Bass-1,IT-Bass-1
GTSinger_same_text_control,ecapa,embedding,127,IT-Soprano-1,81,1,1,0,0.2774443377547038,0.2633792332145477,JA-Soprano-1,JA-Soprano-1
GTSinger_same_text_control,ecapa,embedding,127,JA-Soprano-1,103,1,1,0,0.43518434114777116,0.4001384537854694,EN-Alto-1,EN-Alto-1
GTSinger_same_text_control,ecapa,embedding,127,JA-Tenor-1,104,1,1,0,0.15824317425344203,0.2730577850173058,KO-Tenor-1,KO-Tenor-1
GTSinger_same_text_control,ecapa,embedding,127,KO-Soprano-1,93,3,2,1,0.19256048928405295,0.21846274726465964,EN-Alto-1,EN-Alto-1
GTSinger_same_text_control,ecapa,embedding,127,KO-Tenor-1,99,1,1,0,0.38773525819547555,0.37563333909251023,IT-Soprano-1,JA-Tenor-1
GTSinger_same_text_control,ecapa,embedding,127,RU-Alto-1,97,1,1,0,0.4873521820101804,0.36491326705714655,EN-Alto-1,JA-Soprano-1
GTSinger_same_text_control,ecapa,embedding,131,DE-Tenor-1,99,1,1,0,0.49575070112478403,0.3940527119261455,IT-Bass-2,IT-Bass-2
GTSinger_same_text_control,ecapa,embedding,131,ES-Bass-1,99,1,1,0,0.44667666560389835,0.358371174753573,KO-Tenor-1,KO-Tenor-1
GTSinger_same_text_control,ecapa,embedding,131,ES-Soprano-1,101,1,1,0,0.45934179781076634,0.40402790722387333,ZH-Alto-1,ZH-Alto-1
GTSinger_same_text_control,ecapa,embedding,131,FR-Tenor-1,100,1,1,0,0.2548040434478534,0.24293969547319916,KO-Tenor-1,KO-Tenor-1
GTSinger_same_text_control,ecapa,embedding,131,IT-Bass-2,97,1,1,0,0.3166815348398342,0.2576966079545114,DE-Tenor-1,DE-Tenor-1
GTSinger_same_text_control,ecapa,embedding,131,JA-Soprano-1,103,1,1,0,0.4755757881992397,0.4278246781371718,ZH-Alto-1,ZH-Alto-1
GTSinger_same_text_control,ecapa,embedding,131,JA-Tenor-1,104,1,1,0,0.1746364839444876,0.2736676628234681,KO-Tenor-1,KO-Tenor-1
GTSinger_same_text_control,ecapa,embedding,131,KO-Soprano-1,93,2,1,1,0.2401671194960307,0.29708428418684,JA-Soprano-1,JA-Soprano-1
GTSinger_same_text_control,ecapa,embedding,131,KO-Tenor-1,99,1,1,0,0.4181445413652943,0.3948011941109042,ES-Bass-1,JA-Tenor-1
GTSinger_same_text_control,ecapa,embedding,131,ZH-Alto-1,95,1,1,0,0.4557211535023661,0.4070287326242815,ES-Soprano-1,ES-Soprano-1
GTSinger_same_text_control,ecapa,embedding,137,DE-Soprano-1,98,1,1,0,0.45822325924713925,0.3658754976799617,EN-Alto-1,EN-Alto-1
GTSinger_same_text_control,ecapa,embedding,137,EN-Alto-1,97,1,1,0,0.5669071423983763,0.4646440760117373,DE-Soprano-1,DE-Soprano-1
GTSinger_same_text_control,ecapa,embedding,137,ES-Bass-1,99,1,1,0,0.45728534410389593,0.4011590076151512,KO-Tenor-1,KO-Tenor-1
GTSinger_same_text_control,ecapa,embedding,137,ES-Soprano-1,101,1,1,0,0.4849378351347713,0.4546782427493123,ZH-Alto-1,ZH-Alto-1
GTSinger_same_text_control,ecapa,embedding,137,FR-Tenor-1,100,1,1,0,0.2594876681280077,0.29789182559379224,KO-Tenor-1,KO-Tenor-1
GTSinger_same_text_control,ecapa,embedding,137,IT-Soprano-1,81,1,1,0,0.29004318606197077,0.2913451453742298,DE-Soprano-1,JA-Tenor-1
GTSinger_same_text_control,ecapa,embedding,137,JA-Tenor-1,104,1,1,0,0.14006350686141258,0.2491792447907047,KO-Tenor-1,KO-Tenor-1
GTSinger_same_text_control,ecapa,embedding,137,KO-Soprano-1,93,2,2,0,0.23004716740666983,0.2410927349561,EN-Alto-1,EN-Alto-1
GTSinger_same_text_control,ecapa,embedding,137,KO-Tenor-1,99,1,1,0,0.41093156295158495,0.4067406751283344,IT-Soprano-1,JA-Tenor-1
GTSinger_same_text_control,ecapa,embedding,137,ZH-Alto-1,95,1,1,0,0.4555961516556959,0.39892459940904085,ES-Soprano-1,ES-Soprano-1
GTSinger_same_text_control,ecapa,embedding,139,EN-Alto-1,97,1,1,0,0.5595710732372055,0.4874157936763082,JA-Soprano-1,JA-Soprano-1
GTSinger_same_text_control,ecapa,embedding,139,EN-Tenor-1,94,1,1,0,0.21418617385383756,0.29511007016821245,JA-Tenor-1,JA-Tenor-1
GTSinger_same_text_control,ecapa,embedding,139,ES-Soprano-1,101,1,1,0,0.4198232194881923,0.3765182542168507,ZH-Alto-1,ZH-Alto-1
GTSinger_same_text_control,ecapa,embedding,139,FR-Soprano-1,106,1,1,0,0.4431353123085946,0.4087746191909163,JA-Soprano-1,JA-Soprano-1
GTSinger_same_text_control,ecapa,embedding,139,IT-Bass-2,97,1,1,0,0.3442488784930255,0.33485752287344545,JA-Soprano-1,KO-Tenor-1
GTSinger_same_text_control,ecapa,embedding,139,JA-Soprano-1,103,1,1,0,0.43008873286455224,0.3802444861314047,EN-Alto-1,ZH-Alto-1
GTSinger_same_text_control,ecapa,embedding,139,JA-Tenor-1,104,1,1,0,0.14503231133871974,0.23813104918012595,EN-Tenor-1,EN-Tenor-1
GTSinger_same_text_control,ecapa,embedding,139,KO-Tenor-1,99,1,1,0,0.4410082633835237,0.4366796927198332,EN-Tenor-1,EN-Tenor-1
GTSinger_same_text_control,ecapa,embedding,139,ZH-Alto-1,95,1,1,0,0.42282013630921106,0.3795948312462477,ES-Soprano-1,ES-Soprano-1
GTSinger_same_text_control,ecapa,embedding,139,ZH-Tenor-1,94,1,1,0,0.450014684169997,0.386446667591954,ZH-Alto-1,JA-Tenor-1
GTSinger_same_text_control,ecapa,embedding,149,EN-Alto-1,97,1,1,0,0.5391061249183788,0.4251264321609372,EN-Alto-2,EN-Alto-2
GTSinger_same_text_control,ecapa,embedding,149,EN-Alto-2,99,1,1,0,0.45169195968493214,0.34454438733099857,JA-Soprano-1,JA-Soprano-1
GTSinger_same_text_control,ecapa,embedding,149,ES-Soprano-1,101,1,1,0,0.4039443589932339,0.3528320923921452,ZH-Alto-1,ZH-Alto-1
GTSinger_same_text_control,ecapa,embedding,149,FR-Tenor-1,100,1,1,0,0.26562468344286505,0.31379306187006295,IT-Bass-1,IT-Bass-1
GTSinger_same_text_control,ecapa,embedding,149,IT-Bass-1,95,1,1,0,0.3014971192574542,0.33881537388068705,FR-Tenor-1,FR-Tenor-1
GTSinger_same_text_control,ecapa,embedding,149,IT-Soprano-1,81,1,1,0,0.25826497796175496,0.28302179916407005,EN-Alto-2,JA-Tenor-1
GTSinger_same_text_control,ecapa,embedding,149,JA-Soprano-1,103,1,1,0,0.4140901079385084,0.36880797716977737,EN-Alto-2,ZH-Alto-1
GTSinger_same_text_control,ecapa,embedding,149,JA-Tenor-1,104,1,1,0,0.16145107283946858,0.3083482689325655,ZH-Alto-1,IT-Soprano-1
GTSinger_same_text_control,ecapa,embedding,149,RU-Alto-1,97,1,1,0,0.44445239306757767,0.31766410860210337,EN-Alto-2,JA-Soprano-1
GTSinger_same_text_control,ecapa,embedding,149,ZH-Alto-1,95,1,1,0,0.4131957861894474,0.35891899749723233,ES-Soprano-1,ES-Soprano-1
GTSinger_same_text_control,ecapa,embedding,151,DE-Soprano-1,98,1,1,0,0.42934314954861424,0.3784824495036039,FR-Soprano-1,FR-Soprano-1
GTSinger_same_text_control,ecapa,embedding,151,EN-Tenor-1,94,1,1,0,0.24787403061945756,0.32742880349210257,JA-Tenor-1,JA-Tenor-1
GTSinger_same_text_control,ecapa,embedding,151,ES-Bass-1,99,1,1,0,0.41274600365094527,0.30065368432627415,ZH-Tenor-1,ZH-Tenor-1
GTSinger_same_text_control,ecapa,embedding,151,FR-Soprano-1,106,1,1,0,0.4705182500436274,0.44116121779999706,JA-Soprano-1,JA-Soprano-1
GTSinger_same_text_control,ecapa,embedding,151,IT-Bass-1,95,1,1,0,0.3077058385960365,0.31581918036486767,IT-Bass-2,EN-Tenor-1
GTSinger_same_text_control,ecapa,embedding,151,IT-Bass-2,97,1,1,0,0.32950477155693514,0.3009301122394221,IT-Bass-1,IT-Bass-1
GTSinger_same_text_control,ecapa,embedding,151,JA-Soprano-1,103,1,1,0,0.4672689290461397,0.4384738845284412,FR-Soprano-1,FR-Soprano-1
GTSinger_same_text_control,ecapa,embedding,151,JA-Tenor-1,104,1,1,0,0.18776618811905416,0.28336883295616516,EN-Tenor-1,EN-Tenor-1
GTSinger_same_text_control,ecapa,embedding,151,KO-Soprano-2,102,1,1,0,0.4702991911384484,0.45551312256646936,JA-Soprano-1,JA-Soprano-1
GTSinger_same_text_control,ecapa,embedding,151,ZH-Tenor-1,94,1,1,0,0.4134715891042594,0.35095566392772987,ES-Bass-1,ES-Bass-1
GTSinger_same_text_control,ecapa,embedding,157,ES-Soprano-1,101,1,1,0,0.43406907106814174,0.3523402735244233,KO-Soprano-2,KO-Soprano-2
GTSinger_same_text_control,ecapa,embedding,157,FR-Soprano-1,106,1,1,0,0.4889350207926967,0.4373059270491641,ES-Soprano-1,ES-Soprano-1
GTSinger_same_text_control,ecapa,embedding,157,FR-Tenor-1,100,1,1,0,0.2622446109262359,0.26931349832039325,IT-Bass-1,IT-Bass-1
GTSinger_same_text_control,ecapa,embedding,157,IT-Bass-1,95,1,1,0,0.30574927176924893,0.2945033649719351,IT-Bass-2,FR-Tenor-1
GTSinger_same_text_control,ecapa,embedding,157,IT-Bass-2,97,1,1,0,0.3252184505206864,0.2741292042026749,IT-Bass-1,IT-Bass-1
GTSinger_same_text_control,ecapa,embedding,157,IT-Soprano-1,81,1,1,0,0.28588412798695617,0.3022175405857784,FR-Soprano-1,FR-Soprano-1
GTSinger_same_text_control,ecapa,embedding,157,JA-Tenor-1,104,1,1,0,0.1927083548516007,0.28909027761733186,RU-Alto-1,IT-Soprano-1
GTSinger_same_text_control,ecapa,embedding,157,KO-Soprano-1,93,1,1,0,0.2631857380718393,0.28700949126509206,FR-Soprano-1,FR-Soprano-1
GTSinger_same_text_control,ecapa,embedding,157,KO-Soprano-2,102,2,1,1,0.4348937889898493,0.36861582885973876,ES-Soprano-1,ES-Soprano-1
GTSinger_same_text_control,ecapa,embedding,157,RU-Alto-1,97,1,1,0,0.562975615099418,0.45104384070726,FR-Soprano-1,KO-Soprano-1
GTSinger_same_text_control,ecapa,embedding,163,DE-Soprano-1,98,1,1,0,0.4181551011142096,0.33459874095034503,FR-Soprano-1,FR-Soprano-1
GTSinger_same_text_control,ecapa,embedding,163,DE-Tenor-1,99,1,1,0,0.5531839099824334,0.5011079019949009,KO-Tenor-1,EN-Tenor-1
GTSinger_same_text_control,ecapa,embedding,163,EN-Alto-2,99,1,1,0,0.47388435121738637,0.36893253321053304,FR-Soprano-1,FR-Soprano-1
GTSinger_same_text_control,ecapa,embedding,163,EN-Tenor-1,94,1,1,0,0.2160006831156271,0.3430307576663529,KO-Tenor-1,KO-Tenor-1
GTSinger_same_text_control,ecapa,embedding,163,FR-Soprano-1,106,1,1,0,0.4389534502535886,0.409364836843257,EN-Alto-2,EN-Alto-2
GTSinger_same_text_control,ecapa,embedding,163,IT-Soprano-1,81,1,1,0,0.25341931963327574,0.2664044212246348,EN-Alto-2,FR-Soprano-1
GTSinger_same_text_control,ecapa,embedding,163,KO-Soprano-2,102,1,1,0,0.47788816159476083,0.48170021956003073,FR-Soprano-1,FR-Soprano-1
GTSinger_same_text_control,ecapa,embedding,163,KO-Tenor-1,99,1,1,0,0.41584000241625585,0.4040537530442435,IT-Soprano-1,EN-Tenor-1
GTSinger_same_text_control,ecapa,embedding,163,RU-Alto-1,97,1,1,0,0.5079188939270526,0.38159561668821385,EN-Alto-2,EN-Alto-2
GTSinger_same_text_control,ecapa,embedding,163,ZH-Tenor-1,94,1,1,0,0.4552635323827431,0.39896915484904627,RU-Alto-1,EN-Tenor-1
GTSinger_same_text_control,ecapa,embedding,167,DE-Soprano-1,98,1,1,0,0.4231642651671953,0.34181585776684775,FR-Soprano-1,FR-Soprano-1
GTSinger_same_text_control,ecapa,embedding,167,EN-Alto-1,97,1,1,0,0.5355606274662994,0.45384110754180024,JA-Soprano-1,JA-Soprano-1
GTSinger_same_text_control,ecapa,embedding,167,ES-Bass-1,99,1,1,0,0.42492985986731396,0.33877792605991125,KO-Tenor-1,KO-Tenor-1
GTSinger_same_text_control,ecapa,embedding,167,FR-Soprano-1,106,1,1,0,0.45539675257597395,0.4175585663641276,JA-Soprano-1,JA-Soprano-1
GTSinger_same_text_control,ecapa,embedding,167,FR-Tenor-1,100,1,1,0,0.25569133153861323,0.2744520475544651,KO-Tenor-1,KO-Tenor-1
GTSinger_same_text_control,ecapa,embedding,167,IT-Bass-1,95,1,1,0,0.3212606770820302,0.3283590206320035,FR-Tenor-1,FR-Tenor-1
GTSinger_same_text_control,ecapa,embedding,167,JA-Soprano-1,103,1,1,0,0.42419932232981666,0.37443754336601953,EN-Alto-1,FR-Soprano-1
GTSinger_same_text_control,ecapa,embedding,167,JA-Tenor-1,104,1,1,0,0.1800580968680529,0.27950359611242803,KO-Tenor-1,KO-Tenor-1
GTSinger_same_text_control,ecapa,embedding,167,KO-Soprano-1,93,3,2,1,0.18890107407669401,0.21720573000768967,EN-Alto-1,EN-Alto-1
GTSinger_same_text_control,ecapa,embedding,167,KO-Tenor-1,99,1,1,0,0.4021844833129746,0.39175426708865485,ES-Bass-1,JA-Tenor-1
GTSinger_same_text_control,ecapa,embedding,173,EN-Tenor-1,94,1,1,0,0.22443331649948092,0.3292081639552606,KO-Tenor-1,KO-Tenor-1
GTSinger_same_text_control,ecapa,embedding,173,ES-Bass-1,99,1,1,0,0.43410817664075235,0.35409648286295714,ZH-Tenor-1,ZH-Tenor-1
GTSinger_same_text_control,ecapa,embedding,173,IT-Soprano-1,81,1,1,0,0.26806955958693335,0.26995064177330896,JA-Soprano-1,JA-Soprano-1
GTSinger_same_text_control,ecapa,embedding,173,JA-Soprano-1,103,1,1,0,0.43523692294278504,0.3918935987495756,ZH-Alto-1,ZH-Alto-1
GTSinger_same_text_control,ecapa,embedding,173,KO-Soprano-1,93,2,1,1,0.23003021204460236,0.2588669595459423,JA-Soprano-1,JA-Soprano-1
GTSinger_same_text_control,ecapa,embedding,173,KO-Soprano-2,102,1,1,0,0.4586815497883499,0.4316428371590737,ZH-Alto-1,ZH-Alto-1
GTSinger_same_text_control,ecapa,embedding,173,KO-Tenor-1,99,1,1,0,0.407235252355236,0.40883962799998347,IT-Soprano-1,EN-Tenor-1
GTSinger_same_text_control,ecapa,embedding,173,RU-Alto-1,97,1,1,0,0.5104130944842138,0.373371477750125,JA-Soprano-1,JA-Soprano-1
GTSinger_same_text_control,ecapa,embedding,173,ZH-Alto-1,95,1,1,0,0.4202209579407995,0.3558242223902012,KO-Soprano-2,KO-Soprano-2
GTSinger_same_text_control,ecapa,embedding,173,ZH-Tenor-1,94,1,1,0,0.4323095679207857,0.3660943046125658,ES-Bass-1,ES-Bass-1
GTSinger_same_text_control,ecapa,embedding,179,DE-Tenor-1,99,1,1,0,0.5079359166465629,0.4180831100632229,IT-Bass-2,IT-Bass-2
GTSinger_same_text_control,ecapa,embedding,179,ES-Bass-1,99,1,1,0,0.4523713844265417,0.3825041761787819,FR-Soprano-1,FR-Soprano-1
GTSinger_same_text_control,ecapa,embedding,179,ES-Soprano-1,101,1,1,0,0.3957470702893267,0.34863023665389714,KO-Soprano-2,KO-Soprano-2
GTSinger_same_text_control,ecapa,embedding,179,FR-Soprano-1,106,1,1,0,0.47378512914735516,0.4424153892083247,ES-Soprano-1,ES-Soprano-1
GTSinger_same_text_control,ecapa,embedding,179,FR-Tenor-1,100,1,1,0,0.2606343702035844,0.2895093998555002,IT-Soprano-1,IT-Soprano-1
GTSinger_same_text_control,ecapa,embedding,179,IT-Bass-2,97,1,1,0,0.30846347260681206,0.27222607508751484,DE-Tenor-1,DE-Tenor-1
GTSinger_same_text_control,ecapa,embedding,179,IT-Soprano-1,81,1,1,0,0.2934422841772907,0.347667479269074,FR-Soprano-1,FR-Soprano-1
GTSinger_same_text_control,ecapa,embedding,179,KO-Soprano-2,102,2,1,1,0.3992741606989289,0.36921857847579337,ES-Soprano-1,ES-Soprano-1
GTSinger_same_text_control,ecapa,embedding,179,RU-Alto-1,97,1,1,0,0.5426638917126141,0.41821563726892746,ZH-Alto-1,ZH-Alto-1
GTSinger_same_text_control,ecapa,embedding,179,ZH-Alto-1,95,1,1,0,0.4194459067695462,0.36582708202685926,ES-Soprano-1,KO-Soprano-2
GTSinger_same_text_control,ecapa,embedding,181,DE-Tenor-1,99,1,1,0,0.4887506983365201,0.38936409110673603,IT-Bass-1,IT-Bass-1
GTSinger_same_text_control,ecapa,embedding,181,EN-Alto-2,99,1,1,0,0.5320697090114332,0.44349830560590103,RU-Alto-1,RU-Alto-1
GTSinger_same_text_control,ecapa,embedding,181,EN-Tenor-1,94,1,1,0,0.21094804573775888,0.31066373824899907,KO-Tenor-1,KO-Tenor-1
GTSinger_same_text_control,ecapa,embedding,181,ES-Soprano-1,101,1,1,0,0.445819352599107,0.38790282212525407,KO-Soprano-2,KO-Soprano-2
GTSinger_same_text_control,ecapa,embedding,181,FR-Tenor-1,100,1,1,0,0.23397236879388444,0.24675683219480943,KO-Tenor-1,KO-Tenor-1
GTSinger_same_text_control,ecapa,embedding,181,IT-Bass-1,95,1,1,0,0.27022827587886844,0.26154955804710994,FR-Tenor-1,FR-Tenor-1
GTSinger_same_text_control,ecapa,embedding,181,KO-Soprano-2,102,2,1,1,0.44755199764461934,0.41579379374153946,ES-Soprano-1,ES-Soprano-1
GTSinger_same_text_control,ecapa,embedding,181,KO-Tenor-1,99,1,1,0,0.42615729706226413,0.38378485632471937,RU-Alto-1,EN-Tenor-1
GTSinger_same_text_control,ecapa,embedding,181,RU-Alto-1,97,1,1,0,0.547459548291184,0.4425402891562916,EN-Alto-2,EN-Alto-2
GTSinger_same_text_control,ecapa,embedding,181,ZH-Tenor-1,94,1,1,0,0.44827557456530154,0.3704869183925514,RU-Alto-1,IT-Bass-1
GTSinger_same_text_control,ecapa,embedding,191,DE-Soprano-1,98,1,1,0,0.44203342749038466,0.36868951149824897,EN-Alto-1,EN-Alto-1
GTSinger_same_text_control,ecapa,embedding,191,EN-Alto-1,97,1,1,0,0.5304384035457432,0.4337152239054001,EN-Alto-2,EN-Alto-2
GTSinger_same_text_control,ecapa,embedding,191,EN-Alto-2,99,1,1,0,0.46795022926509594,0.3768786515040775,EN-Alto-1,EN-Alto-1
GTSinger_same_text_control,ecapa,embedding,191,IT-Bass-2,97,1,1,0,0.328208844947377,0.34570568177329564,RU-Alto-1,KO-Tenor-1
GTSinger_same_text_control,ecapa,embedding,191,IT-Soprano-1,81,1,1,0,0.2490652924094664,0.23807392327987076,EN-Alto-2,EN-Alto-2
GTSinger_same_text_control,ecapa,embedding,191,JA-Tenor-1,104,1,1,0,0.14395968412261012,0.28136725031448984,KO-Tenor-1,KO-Tenor-1
GTSinger_same_text_control,ecapa,embedding,191,KO-Soprano-1,93,3,2,1,0.180604507250006,0.19576920243432339,EN-Alto-1,EN-Alto-1
GTSinger_same_text_control,ecapa,embedding,191,KO-Soprano-2,102,1,1,0,0.501772721526986,0.49803749940220615,EN-Alto-2,JA-Tenor-1
GTSinger_same_text_control,ecapa,embedding,191,KO-Tenor-1,99,1,1,0,0.41577743662049255,0.4284824827066006,IT-Soprano-1,JA-Tenor-1
GTSinger_same_text_control,ecapa,embedding,191,RU-Alto-1,97,1,1,0,0.48049514658715964,0.3567074921241928,EN-Alto-2,EN-Alto-2
GTSinger_same_text_control,ecapa,embedding,193,DE-Soprano-1,98,1,1,0,0.4689765541221961,0.41547989146621706,JA-Soprano-1,JA-Soprano-1
GTSinger_same_text_control,ecapa,embedding,193,DE-Tenor-1,99,1,1,0,0.46545169592438396,0.3650859516061493,IT-Bass-2,IT-Bass-1
GTSinger_same_text_control,ecapa,embedding,193,EN-Alto-2,99,1,1,0,0.4884730488023382,0.3860060828731559,JA-Soprano-1,JA-Soprano-1
GTSinger_same_text_control,ecapa,embedding,193,FR-Tenor-1,100,1,1,0,0.24362946485759657,0.2533965547948525,KO-Tenor-1,KO-Tenor-1
GTSinger_same_text_control,ecapa,embedding,193,IT-Bass-1,95,1,1,0,0.28429680675574065,0.297228410715822,IT-Bass-2,FR-Tenor-1
GTSinger_same_text_control,ecapa,embedding,193,IT-Bass-2,97,1,1,0,0.2830778812627325,0.23479410779277565,DE-Tenor-1,IT-Bass-1
GTSinger_same_text_control,ecapa,embedding,193,JA-Soprano-1,103,1,1,0,0.424807699499234,0.3868869616721387,EN-Alto-2,ZH-Alto-1
GTSinger_same_text_control,ecapa,embedding,193,KO-Soprano-1,93,3,1,2,0.18418347846227467,0.2372946427481722,EN-Alto-2,JA-Soprano-1
GTSinger_same_text_control,ecapa,embedding,193,KO-Tenor-1,99,1,1,0,0.41553207077980936,0.41526842925119606,IT-Bass-1,IT-Bass-1
GTSinger_same_text_control,ecapa,embedding,193,ZH-Alto-1,95,1,1,0,0.48138950949123605,0.43971404943300474,JA-Soprano-1,JA-Soprano-1
GTSinger_same_text_control,ecapa,embedding,197,EN-Alto-2,99,1,1,0,0.4944466093638259,0.3817218481605786,JA-Soprano-1,JA-Soprano-1
GTSinger_same_text_control,ecapa,embedding,197,EN-Tenor-1,94,1,1,0,0.22319030376711432,0.2881814326826175,JA-Tenor-1,JA-Tenor-1
GTSinger_same_text_control,ecapa,embedding,197,FR-Tenor-1,100,1,1,0,0.2738416008722548,0.2987979967090794,IT-Bass-1,IT-Bass-1
GTSinger_same_text_control,ecapa,embedding,197,IT-Bass-1,95,1,1,0,0.31671037786937917,0.32972569195365675,FR-Tenor-1,FR-Tenor-1
GTSinger_same_text_control,ecapa,embedding,197,IT-Soprano-1,81,1,1,0,0.2672705470086749,0.2595050535128499,EN-Alto-2,EN-Alto-2
GTSinger_same_text_control,ecapa,embedding,197,JA-Soprano-1,103,1,1,0,0.45896752703546073,0.39636654389988735,EN-Alto-2,ZH-Alto-1
GTSinger_same_text_control,ecapa,embedding,197,JA-Tenor-1,104,1,1,0,0.15620226808415488,0.22389153329780848,EN-Tenor-1,EN-Tenor-1
GTSinger_same_text_control,ecapa,embedding,197,KO-Soprano-1,93,3,1,2,0.23380297659941643,0.23581200832262172,EN-Alto-2,JA-Soprano-1
GTSinger_same_text_control,ecapa,embedding,197,KO-Soprano-2,102,1,1,0,0.44311659954948435,0.38135429546084165,ZH-Alto-1,ZH-Alto-1
GTSinger_same_text_control,ecapa,embedding,197,ZH-Alto-1,95,1,1,0,0.4385137585260326,0.36269892629216766,KO-Soprano-2,KO-Soprano-2
GTSinger_same_text_control,ecapa,embedding,199,DE-Tenor-1,99,1,1,0,0.5199916567057905,0.4414479585294202,IT-Bass-2,IT-Bass-2
GTSinger_same_text_control,ecapa,embedding,199,EN-Alto-1,97,1,1,0,0.5728981271716698,0.47284819746606804,JA-Soprano-1,JA-Soprano-1
GTSinger_same_text_control,ecapa,embedding,199,FR-Soprano-1,106,1,1,0,0.46282002393634425,0.43136452815472565,JA-Soprano-1,JA-Soprano-1
GTSinger_same_text_control,ecapa,embedding,199,IT-Bass-2,97,1,1,0,0.31017054313815196,0.2780795701511499,DE-Tenor-1,DE-Tenor-1
GTSinger_same_text_control,ecapa,embedding,199,IT-Soprano-1,81,1,1,0,0.2731478589407478,0.31067364968819766,JA-Soprano-1,FR-Soprano-1
GTSinger_same_text_control,ecapa,embedding,199,JA-Soprano-1,103,1,1,0,0.4385419121555476,0.3942255314406598,EN-Alto-1,ZH-Alto-1
GTSinger_same_text_control,ecapa,embedding,199,JA-Tenor-1,104,1,1,0,0.16585280964815402,0.29157060970121407,KO-Tenor-1,KO-Tenor-1
GTSinger_same_text_control,ecapa,embedding,199,KO-Soprano-2,102,1,1,0,0.43410253908418595,0.41376058208972766,ZH-Alto-1,ZH-Alto-1
GTSinger_same_text_control,ecapa,embedding,199,KO-Tenor-1,99,1,1,0,0.4228050166088263,0.41363414112180635,IT-Soprano-1,JA-Tenor-1
GTSinger_same_text_control,ecapa,embedding,199,ZH-Alto-1,95,1,1,0,0.4351259595502275,0.3808370409596347,KO-Soprano-2,KO-Soprano-2
GTSinger_same_text_control,ecapa,embedding,211,DE-Tenor-1,99,1,1,0,0.47565788851887114,0.35401711902196986,IT-Bass-2,IT-Bass-2
GTSinger_same_text_control,ecapa,embedding,211,EN-Tenor-1,94,1,1,0,0.2481898896464662,0.3447598151320481,DE-Tenor-1,IT-Soprano-1
GTSinger_same_text_control,ecapa,embedding,211,ES-Soprano-1,101,1,1,0,0.49277994885775217,0.43582810515919324,JA-Soprano-1,JA-Soprano-1
GTSinger_same_text_control,ecapa,embedding,211,FR-Tenor-1,100,1,1,0,0.24658506515453776,0.22436418478911446,IT-Bass-1,EN-Tenor-1
GTSinger_same_text_control,ecapa,embedding,211,IT-Bass-1,95,1,1,0,0.28093696575174726,0.24859141573822802,IT-Bass-2,EN-Tenor-1
GTSinger_same_text_control,ecapa,embedding,211,IT-Bass-2,97,1,1,0,0.3019296607819986,0.2266532773305857,DE-Tenor-1,IT-Bass-1
GTSinger_same_text_control,ecapa,embedding,211,IT-Soprano-1,81,1,1,0,0.33245093056556707,0.3482944287263635,JA-Soprano-1,JA-Soprano-1
GTSinger_same_text_control,ecapa,embedding,211,JA-Soprano-1,103,1,1,0,0.5186788773556837,0.4748727041467767,KO-Soprano-1,KO-Soprano-1
GTSinger_same_text_control,ecapa,embedding,211,KO-Soprano-1,93,2,1,1,0.2689874866436744,0.3172483002027831,JA-Soprano-1,JA-Soprano-1
GTSinger_same_text_control,ecapa,embedding,211,ZH-Tenor-1,94,1,1,0,0.47608759709845727,0.39807119001878344,JA-Soprano-1,EN-Tenor-1
GTSinger_same_text_control,ecapa,embedding,223,DE-Tenor-1,99,1,1,0,0.5126417149175302,0.4196177141617121,IT-Bass-1,IT-Bass-1
GTSinger_same_text_control,ecapa,embedding,223,EN-Alto-1,97,1,1,0,0.537825435408874,0.44795510934426586,JA-Soprano-1,JA-Soprano-1
GTSinger_same_text_control,ecapa,embedding,223,ES-Bass-1,99,1,1,0,0.4140120993603026,0.3341304198818239,ZH-Tenor-1,ZH-Tenor-1
GTSinger_same_text_control,ecapa,embedding,223,FR-Soprano-1,106,1,1,0,0.44967123263259523,0.4153364987915829,JA-Soprano-1,JA-Soprano-1
GTSinger_same_text_control,ecapa,embedding,223,FR-Tenor-1,100,1,1,0,0.2612137486465016,0.2975568974468028,IT-Bass-1,IT-Bass-1
GTSinger_same_text_control,ecapa,embedding,223,IT-Bass-1,95,1,1,0,0.2934806171968546,0.3144362260962438,FR-Tenor-1,FR-Tenor-1
GTSinger_same_text_control,ecapa,embedding,223,JA-Soprano-1,103,1,1,0,0.42337115034386064,0.38480085368776473,EN-Alto-1,FR-Soprano-1
GTSinger_same_text_control,ecapa,embedding,223,KO-Soprano-1,93,3,1,2,0.17620883888444705,0.23556464249744857,EN-Alto-1,EN-Alto-1
GTSinger_same_text_control,ecapa,embedding,223,RU-Alto-1,97,1,1,0,0.4834345584831439,0.37582025203216946,EN-Alto-1,JA-Soprano-1
GTSinger_same_text_control,ecapa,embedding,223,ZH-Tenor-1,94,1,1,0,0.409050653034301,0.34598111728807085,ES-Bass-1,ES-Bass-1
GTSinger_same_text_control,ecapa,embedding,227,DE-Tenor-1,99,1,1,0,0.5141204394066687,0.47027599087945715,IT-Bass-2,IT-Bass-2
GTSinger_same_text_control,ecapa,embedding,227,EN-Alto-1,97,1,1,0,0.5120008732437404,0.401840940841114,EN-Alto-2,JA-Soprano-1
GTSinger_same_text_control,ecapa,embedding,227,EN-Alto-2,99,1,1,0,0.4425694983313416,0.3422762490813256,JA-Soprano-1,JA-Soprano-1
GTSinger_same_text_control,ecapa,embedding,227,ES-Soprano-1,101,1,1,0,0.3894227277559499,0.3727084506125026,ZH-Alto-1,ZH-Alto-1
GTSinger_same_text_control,ecapa,embedding,227,IT-Bass-2,97,1,1,0,0.29454327980944406,0.31349822426480484,DE-Tenor-1,DE-Tenor-1
GTSinger_same_text_control,ecapa,embedding,227,IT-Soprano-1,81,1,1,0,0.25714394764787357,0.29441138598806704,EN-Alto-2,JA-Soprano-1
GTSinger_same_text_control,ecapa,embedding,227,JA-Soprano-1,103,1,1,0,0.40168135024424856,0.37456478095450124,EN-Alto-2,ZH-Alto-1
GTSinger_same_text_control,ecapa,embedding,227,RU-Alto-1,97,1,1,0,0.42556975669144576,0.3073858997240796,EN-Alto-2,JA-Soprano-1
GTSinger_same_text_control,ecapa,embedding,227,ZH-Alto-1,95,1,1,0,0.4102473532011111,0.375651054797181,ES-Soprano-1,ES-Soprano-1
GTSinger_same_text_control,ecapa,embedding,227,ZH-Tenor-1,94,1,1,0,0.43750100531311464,0.40586861699488996,ZH-Alto-1,ZH-Alto-1
GTSinger_same_text_control,ecapa,embedding,229,DE-Soprano-1,98,1,1,0,0.41848870838026997,0.34144983678166285,EN-Alto-1,EN-Alto-1
GTSinger_same_text_control,ecapa,embedding,229,EN-Alto-1,97,1,1,0,0.5089851527515119,0.41542782156564273,EN-Alto-2,EN-Alto-2
GTSinger_same_text_control,ecapa,embedding,229,EN-Alto-2,99,1,1,0,0.43810969945531975,0.3324882344128118,JA-Soprano-1,JA-Soprano-1
GTSinger_same_text_control,ecapa,embedding,229,EN-Tenor-1,94,1,1,0,0.2321612897838592,0.3294081477919809,JA-Tenor-1,JA-Tenor-1
GTSinger_same_text_control,ecapa,embedding,229,FR-Tenor-1,100,1,1,0,0.29321305919275137,0.3539194573992758,ZH-Tenor-1,EN-Tenor-1
GTSinger_same_text_control,ecapa,embedding,229,JA-Soprano-1,103,1,1,0,0.41369678399674015,0.3595530871400109,EN-Alto-2,EN-Alto-2
GTSinger_same_text_control,ecapa,embedding,229,JA-Tenor-1,104,1,2,-1,0.1522591974235824,0.2511166649911487,EN-Tenor-1,EN-Tenor-1
GTSinger_same_text_control,ecapa,embedding,229,KO-Soprano-1,93,4,2,2,0.16412959047108266,0.17482895026432593,EN-Alto-1,EN-Alto-1
GTSinger_same_text_control,ecapa,embedding,229,KO-Soprano-2,102,1,1,0,0.46457117088918143,0.4284220269332744,JA-Soprano-1,JA-Soprano-1
GTSinger_same_text_control,ecapa,embedding,229,ZH-Tenor-1,94,1,1,0,0.44794877485701035,0.4090619722625737,DE-Soprano-1,JA-Tenor-1
GTSinger_same_text_control,ecapa,embedding,233,EN-Alto-2,99,1,1,0,0.44350548911752047,0.3456804197341215,JA-Soprano-1,JA-Soprano-1
GTSinger_same_text_control,ecapa,embedding,233,ES-Bass-1,99,1,1,0,0.44042286110648793,0.39152490136808693,KO-Tenor-1,KO-Tenor-1
GTSinger_same_text_control,ecapa,embedding,233,ES-Soprano-1,101,1,1,0,0.4182699257612341,0.36922908032662116,ZH-Alto-1,ZH-Alto-1
GTSinger_same_text_control,ecapa,embedding,233,IT-Soprano-1,81,1,1,0,0.23742789423956034,0.23691337159308218,EN-Alto-2,JA-Soprano-1
GTSinger_same_text_control,ecapa,embedding,233,JA-Soprano-1,103,1,1,0,0.41009633279853447,0.3688266052653631,EN-Alto-2,ZH-Alto-1
GTSinger_same_text_control,ecapa,embedding,233,JA-Tenor-1,104,1,1,0,0.12944865810620226,0.26528698289544694,KO-Tenor-1,KO-Tenor-1
GTSinger_same_text_control,ecapa,embedding,233,KO-Soprano-1,93,3,1,2,0.1924103594108485,0.2133950966295977,EN-Alto-2,JA-Soprano-1
GTSinger_same_text_control,ecapa,embedding,233,KO-Tenor-1,99,1,1,0,0.40598568785694455,0.4257117955834734,IT-Soprano-1,JA-Tenor-1
GTSinger_same_text_control,ecapa,embedding,233,RU-Alto-1,97,1,1,0,0.4705041367438747,0.3431456374500792,EN-Alto-2,JA-Soprano-1
GTSinger_same_text_control,ecapa,embedding,233,ZH-Alto-1,95,1,1,0,0.4108157966278918,0.3562973809340333,ES-Soprano-1,ES-Soprano-1
GTSinger_same_text_control,ecapa,embedding,239,DE-Soprano-1,98,1,1,0,0.39550272901220584,0.3504272563952118,EN-Alto-1,EN-Alto-1
GTSinger_same_text_control,ecapa,embedding,239,EN-Alto-1,97,1,1,0,0.4675986456211882,0.38132155828552805,EN-Alto-2,JA-Soprano-1
GTSinger_same_text_control,ecapa,embedding,239,EN-Alto-2,99,1,1,0,0.39882752271828875,0.30204422187664687,JA-Soprano-1,JA-Soprano-1
GTSinger_same_text_control,ecapa,embedding,239,ES-Bass-1,99,1,1,0,0.41451480102435895,0.37881840468023525,KO-Tenor-1,KO-Tenor-1
GTSinger_same_text_control,ecapa,embedding,239,ES-Soprano-1,101,1,1,0,0.4022906267328712,0.3808050216656965,ZH-Alto-1,ZH-Alto-1
GTSinger_same_text_control,ecapa,embedding,239,JA-Soprano-1,103,1,1,0,0.36224389272513846,0.3276821389406801,EN-Alto-2,ZH-Alto-1
GTSinger_same_text_control,ecapa,embedding,239,JA-Tenor-1,104,1,1,0,0.1306382721460489,0.3046758717947817,KO-Tenor-1,KO-Tenor-1
GTSinger_same_text_control,ecapa,embedding,239,KO-Tenor-1,99,1,1,0,0.4216021574310639,0.46337501039742596,ES-Bass-1,JA-Tenor-1
GTSinger_same_text_control,ecapa,embedding,239,RU-Alto-1,97,1,1,0,0.43389698912916547,0.3387265850790864,EN-Alto-2,JA-Soprano-1
GTSinger_same_text_control,ecapa,embedding,239,ZH-Alto-1,95,1,1,0,0.40100869219654334,0.3706111438330908,ES-Soprano-1,ES-Soprano-1
GTSinger_same_text_control,ecapa,embedding,241,DE-Tenor-1,99,1,1,0,0.5112562704432673,0.45595043830763243,IT-Bass-2,IT-Bass-2
GTSinger_same_text_control,ecapa,embedding,241,EN-Alto-2,99,1,1,0,0.4693580975681375,0.385107507037826,FR-Soprano-1,FR-Soprano-1
GTSinger_same_text_control,ecapa,embedding,241,EN-Tenor-1,94,1,1,0,0.23930486076201474,0.3785341275610774,RU-Alto-1,DE-Tenor-1
GTSinger_same_text_control,ecapa,embedding,241,ES-Bass-1,99,1,1,0,0.417303272555698,0.3303119897371928,ZH-Tenor-1,ZH-Tenor-1
GTSinger_same_text_control,ecapa,embedding,241,ES-Soprano-1,101,1,1,0,0.41041631518753297,0.38801643144392833,ZH-Alto-1,ZH-Alto-1
GTSinger_same_text_control,ecapa,embedding,241,FR-Soprano-1,106,1,1,0,0.44724288944199486,0.42119928885184765,EN-Alto-2,EN-Alto-2
GTSinger_same_text_control,ecapa,embedding,241,IT-Bass-2,97,1,1,0,0.31332463906852376,0.3034842423691112,DE-Tenor-1,DE-Tenor-1
GTSinger_same_text_control,ecapa,embedding,241,RU-Alto-1,97,1,1,0,0.5108141115574627,0.41177895417256377,EN-Alto-2,EN-Alto-2
GTSinger_same_text_control,ecapa,embedding,241,ZH-Alto-1,95,1,1,0,0.43653515585058456,0.3948277303716497,ES-Soprano-1,ES-Soprano-1
GTSinger_same_text_control,ecapa,embedding,241,ZH-Tenor-1,94,1,1,0,0.4084040618680588,0.35169182794468756,ES-Bass-1,ES-Bass-1
GTSinger_same_text_control,ecapa,embedding,251,DE-Tenor-1,99,1,1,0,0.5347311614782717,0.48889572281865457,IT-Bass-2,IT-Bass-2
GTSinger_same_text_control,ecapa,embedding,251,EN-Alto-1,97,1,1,0,0.47965714604856735,0.3991811564828215,EN-Alto-2,EN-Alto-2
GTSinger_same_text_control,ecapa,embedding,251,EN-Alto-2,99,1,1,0,0.4004146998111837,0.3141593919217381,JA-Soprano-1,JA-Soprano-1
GTSinger_same_text_control,ecapa,embedding,251,ES-Bass-1,99,1,1,0,0.4302205055874795,0.3808440213836156,JA-Soprano-1,FR-Soprano-1
GTSinger_same_text_control,ecapa,embedding,251,ES-Soprano-1,101,1,1,0,0.3938032492768333,0.3393721404239143,JA-Soprano-1,JA-Soprano-1
GTSinger_same_text_control,ecapa,embedding,251,FR-Soprano-1,106,1,1,0,0.39509842479169155,0.37840901289135237,EN-Alto-2,JA-Soprano-1
GTSinger_same_text_control,ecapa,embedding,251,IT-Bass-2,97,1,1,0,0.3002028038578084,0.3075928874861927,DE-Tenor-1,DE-Tenor-1
GTSinger_same_text_control,ecapa,embedding,251,JA-Soprano-1,103,1,1,0,0.3808847265743779,0.3501361096143479,EN-Alto-2,FR-Soprano-1
GTSinger_same_text_control,ecapa,embedding,251,KO-Soprano-1,93,4,2,2,0.11875425393434119,0.16723273389142557,EN-Alto-1,EN-Alto-1
GTSinger_same_text_control,ecapa,embedding,251,RU-Alto-1,97,1,1,0,0.43761176663289336,0.34037476351333656,EN-Alto-2,JA-Soprano-1
GTSinger_same_text_control,ecapa,embedding,257,DE-Tenor-1,99,1,1,0,0.4961130522509728,0.41316301360195573,IT-Bass-2,IT-Bass-2
GTSinger_same_text_control,ecapa,embedding,257,EN-Alto-1,97,1,1,0,0.5880920759118645,0.48728416213050596,JA-Soprano-1,JA-Soprano-1
GTSinger_same_text_control,ecapa,embedding,257,EN-Tenor-1,94,1,1,0,0.24166927668134047,0.3685379640604566,ZH-Alto-1,IT-Bass-1
GTSinger_same_text_control,ecapa,embedding,257,ES-Soprano-1,101,1,1,0,0.44065457971871885,0.37753137995748365,ZH-Alto-1,ZH-Alto-1
GTSinger_same_text_control,ecapa,embedding,257,IT-Bass-1,95,1,1,0,0.3044904155212651,0.31053208798096854,IT-Bass-2,EN-Tenor-1
GTSinger_same_text_control,ecapa,embedding,257,IT-Bass-2,97,1,1,0,0.28762767046341475,0.2500846750566579,DE-Tenor-1,IT-Bass-1
GTSinger_same_text_control,ecapa,embedding,257,IT-Soprano-1,81,1,1,0,0.2928902401317782,0.29310521127114136,JA-Soprano-1,JA-Soprano-1
GTSinger_same_text_control,ecapa,embedding,257,JA-Soprano-1,103,1,1,0,0.46018675790558206,0.4139983414009403,EN-Alto-1,ZH-Alto-1
GTSinger_same_text_control,ecapa,embedding,257,KO-Soprano-1,93,3,1,2,0.21054625755531814,0.24109606408291245,EN-Alto-1,EN-Alto-1
GTSinger_same_text_control,ecapa,embedding,257,ZH-Alto-1,95,1,1,0,0.43822395705487704,0.37579775433641904,ES-Soprano-1,ES-Soprano-1
